response-time,DNS+dialup,DNS,Request-write,Response-delay,Response-read,status-code,offset
0.0378,0.0044,0.0000,0.0003,0.0327,0.0003,200,0.0014
0.0525,0.0041,0.0000,0.0010,0.0473,0.0001,200,0.0027
0.0565,0.0057,0.0000,0.0001,0.0506,0.0000,200,0.0005
0.0670,0.0043,0.0000,0.0020,0.0605,0.0002,200,0.0034
0.0704,0.0037,0.0000,0.0014,0.0652,0.0000,200,0.0039
0.0823,0.0035,0.0000,0.0003,0.0784,0.0000,200,0.0023
0.0777,0.0011,0.0000,0.0001,0.0763,0.0002,200,0.0087
0.0910,0.0086,0.0000,0.0003,0.0820,0.0001,200,0.0100
0.0639,0.0000,0.0000,0.0002,0.0635,0.0001,200,0.0392
0.0527,0.0000,0.0000,0.0000,0.0518,0.0008,200,0.0569
0.0513,0.0000,0.0000,0.0003,0.0510,0.0000,200,0.0704
0.0429,0.0000,0.0000,0.0000,0.0428,0.0000,200,0.0846
0.0550,0.0000,0.0000,0.0000,0.0548,0.0001,200,0.0743
0.0423,0.0000,0.0000,0.0000,0.0422,0.0000,200,0.1010
0.0583,0.0000,0.0000,0.0027,0.0553,0.0003,200,0.0864
0.0492,0.0000,0.0000,0.0010,0.0481,0.0000,200,0.1032
0.0411,0.0000,0.0000,0.0000,0.0410,0.0000,200,0.1217
0.0605,0.0000,0.0000,0.0000,0.0600,0.0005,200,0.1097
0.0426,0.0000,0.0000,0.0000,0.0425,0.0001,200,0.1432
0.0585,0.0000,0.0000,0.0001,0.0584,0.0000,200,0.1275
0.0574,0.0000,0.0000,0.0002,0.0571,0.0000,200,0.1293
0.0497,0.0000,0.0000,0.0000,0.0496,0.0000,200,0.1523
0.0583,0.0000,0.0000,0.0000,0.0582,0.0000,200,0.1447
0.0476,0.0000,0.0000,0.0000,0.0474,0.0002,200,0.1629
0.0422,0.0000,0.0000,0.0000,0.0418,0.0004,200,0.1702
0.0332,0.0000,0.0000,0.0000,0.0323,0.0003,200,0.1866
0.0411,0.0000,0.0000,0.0000,0.0411,0.0000,200,0.1858
0.0590,0.0000,0.0000,0.0000,0.0587,0.0002,200,0.1860
0.0502,0.0000,0.0000,0.0000,0.0502,0.0000,200,0.2020
0.0510,0.0000,0.0000,0.0000,0.0507,0.0003,200,0.2030
0.0512,0.0000,0.0000,0.0000,0.0510,0.0001,200,0.2104
0.0533,0.0000,0.0000,0.0000,0.0533,0.0000,200,0.2124
0.0510,0.0000,0.0000,0.0000,0.0509,0.0000,200,0.2198
0.0446,0.0000,0.0000,0.0000,0.0445,0.0000,200,0.2270
0.0365,0.0000,0.0000,0.0004,0.0360,0.0002,200,0.2451
0.0398,0.0000,0.0000,0.0000,0.0397,0.0000,200,0.2522
0.0543,0.0000,0.0000,0.0000,0.0543,0.0000,200,0.2540
0.0488,0.0000,0.0000,0.0000,0.0461,0.0027,200,0.2616
0.0467,0.0000,0.0000,0.0000,0.0466,0.0000,200,0.2657
0.0558,0.0000,0.0000,0.0000,0.0557,0.0000,200,0.2708
0.0599,0.0000,0.0000,0.0000,0.0598,0.0000,200,0.2716
0.0618,0.0000,0.0000,0.0000,0.0612,0.0001,200,0.2816
0.0416,0.0000,0.0000,0.0000,0.0415,0.0000,200,0.3084
0.0582,0.0000,0.0000,0.0000,0.0582,0.0000,200,0.2920
0.0502,0.0000,0.0000,0.0000,0.0502,0.0000,200,0.3125
0.0363,0.0000,0.0000,0.0000,0.0362,0.0000,200,0.3266
0.0376,0.0000,0.0000,0.0000,0.0375,0.0000,200,0.3314
0.0406,0.0000,0.0000,0.0000,0.0405,0.0000,200,0.3502
0.0423,0.0000,0.0000,0.0000,0.0422,0.0000,200,0.3500
0.0505,0.0000,0.0000,0.0000,0.0504,0.0000,200,0.3433
0.0507,0.0000,0.0000,0.0000,0.0505,0.0000,200,0.3629
0.0529,0.0000,0.0000,0.0000,0.0528,0.0000,200,0.3627
0.0469,0.0000,0.0000,0.0000,0.0468,0.0001,200,0.3690
0.0264,0.0000,0.0000,0.0000,0.0255,0.0008,200,0.3908
0.0371,0.0000,0.0000,0.0000,0.0369,0.0000,200,0.3939
0.0388,0.0000,0.0000,0.0000,0.0388,0.0000,200,0.3923
0.0292,0.0000,0.0000,0.0003,0.0288,0.0000,200,0.4156
0.0425,0.0000,0.0000,0.0000,0.0425,0.0001,200,0.4136
0.0546,0.0000,0.0000,0.0000,0.0524,0.0023,200,0.4171
0.0660,0.0000,0.0000,0.0000,0.0660,0.0000,200,0.4162
0.0637,0.0000,0.0000,0.0000,0.0636,0.0001,200,0.4310
0.0648,0.0000,0.0000,0.0000,0.0647,0.0001,200,0.4448
0.0809,0.0000,0.0000,0.0000,0.0808,0.0000,200,0.4311
0.0524,0.0000,0.0000,0.0000,0.0518,0.0005,200,0.4718
0.0724,0.0000,0.0000,0.0000,0.0721,0.0001,200,0.4562
0.0430,0.0000,0.0000,0.0000,0.0429,0.0000,200,0.4946
0.0599,0.0000,0.0000,0.0001,0.0598,0.0000,200,0.4823
0.0304,0.0000,0.0000,0.0000,0.0304,0.0000,200,0.5120
0.0396,0.0000,0.0000,0.0000,0.0389,0.0008,200,0.5096
0.0395,0.0000,0.0000,0.0000,0.0394,0.0001,200,0.5242
0.0381,0.0000,0.0000,0.0000,0.0381,0.0000,200,0.5376
0.0484,0.0000,0.0000,0.0000,0.0472,0.0012,200,0.5285
0.0509,0.0000,0.0000,0.0000,0.0508,0.0000,200,0.5422
0.0521,0.0000,0.0000,0.0000,0.0520,0.0000,200,0.5425
0.0464,0.0000,0.0000,0.0000,0.0463,0.0000,200,0.5492
0.0389,0.0000,0.0000,0.0000,0.0388,0.0001,200,0.5637
0.0401,0.0000,0.0000,0.0000,0.0400,0.0000,200,0.5758
0.0391,0.0000,0.0000,0.0000,0.0390,0.0000,200,0.5769
0.0324,0.0000,0.0000,0.0000,0.0316,0.0007,200,0.5931
0.0329,0.0000,0.0000,0.0000,0.0328,0.0000,200,0.5946
0.0405,0.0000,0.0000,0.0000,0.0403,0.0000,200,0.5956
0.0524,0.0000,0.0000,0.0000,0.0501,0.0000,200,0.6026
0.0429,0.0000,0.0000,0.0000,0.0428,0.0000,200,0.6160
0.0504,0.0000,0.0000,0.0000,0.0503,0.0000,200,0.6159
0.0525,0.0000,0.0000,0.0000,0.0524,0.0000,200,0.6275
0.0548,0.0000,0.0000,0.0000,0.0547,0.0000,200,0.6254
0.0550,0.0000,0.0000,0.0000,0.0549,0.0000,200,0.6361
0.0416,0.0000,0.0000,0.0002,0.0414,0.0000,200,0.6549
0.0394,0.0000,0.0000,0.0002,0.0391,0.0001,200,0.6589
0.0389,0.0000,0.0000,0.0000,0.0386,0.0002,200,0.6663
0.0319,0.0000,0.0000,0.0000,0.0318,0.0001,200,0.6802
0.0511,0.0000,0.0000,0.0000,0.0501,0.0010,200,0.6800
0.0457,0.0000,0.0000,0.0000,0.0456,0.0000,200,0.6911
0.0428,0.0000,0.0000,0.0000,0.0427,0.0000,200,0.6966
0.0428,0.0000,0.0000,0.0000,0.0427,0.0000,200,0.6983
0.0438,0.0000,0.0000,0.0000,0.0438,0.0000,200,0.7052
0.0528,0.0000,0.0000,0.0000,0.0527,0.0000,200,0.7121
0.0439,0.0000,0.0000,0.0000,0.0439,0.0000,200,0.7311
0.0467,0.0000,0.0000,0.0000,0.0466,0.0000,200,0.7368
0.0466,0.0000,0.0000,0.0000,0.0464,0.0002,200,0.7410
0.0485,0.0000,0.0000,0.0000,0.0484,0.0000,200,0.7393
0.0450,0.0000,0.0000,0.0000,0.0449,0.0000,200,0.7490
0.0338,0.0000,0.0000,0.0000,0.0337,0.0001,200,0.7649
0.0296,0.0000,0.0000,0.0000,0.0295,0.0000,200,0.7835
0.0482,0.0000,0.0000,0.0006,0.0476,0.0000,200,0.7751
0.0375,0.0000,0.0000,0.0000,0.0352,0.0023,200,0.7878
0.0453,0.0000,0.0000,0.0000,0.0445,0.0009,200,0.7877
0.0380,0.0000,0.0000,0.0000,0.0379,0.0001,200,0.7987
0.0451,0.0000,0.0000,0.0000,0.0450,0.0000,200,0.7940
0.0382,0.0000,0.0000,0.0000,0.0381,0.0001,200,0.8131
0.0335,0.0000,0.0000,0.0000,0.0334,0.0000,200,0.8233
0.0371,0.0000,0.0000,0.0000,0.0370,0.0001,200,0.8253
0.0327,0.0000,0.0000,0.0012,0.0315,0.0000,200,0.8366
0.0369,0.0000,0.0000,0.0000,0.0368,0.0000,200,0.8330
0.0398,0.0000,0.0000,0.0000,0.0397,0.0000,200,0.8391
0.0319,0.0000,0.0000,0.0000,0.0318,0.0000,200,0.8513
0.0406,0.0000,0.0000,0.0000,0.0406,0.0000,200,0.8568
0.0381,0.0000,0.0000,0.0000,0.0381,0.0000,200,0.8624
0.0446,0.0000,0.0000,0.0000,0.0445,0.0001,200,0.8699
0.0551,0.0000,0.0000,0.0000,0.0551,0.0000,200,0.8694
0.0546,0.0000,0.0000,0.0000,0.0545,0.0000,200,0.8789
0.0529,0.0000,0.0000,0.0000,0.0529,0.0000,200,0.8832
0.0457,0.0000,0.0000,0.0020,0.0437,0.0000,200,0.8974
0.0470,0.0000,0.0000,0.0000,0.0470,0.0000,200,0.9005
0.0449,0.0000,0.0000,0.0025,0.0424,0.0000,200,0.9145
0.0406,0.0000,0.0000,0.0000,0.0405,0.0000,200,0.9245
0.0483,0.0000,0.0000,0.0000,0.0482,0.0000,200,0.9335
0.0480,0.0000,0.0000,0.0000,0.0480,0.0000,200,0.9361
0.0456,0.0000,0.0000,0.0000,0.0455,0.0000,200,0.9475
0.0506,0.0000,0.0000,0.0000,0.0505,0.0000,200,0.9432
0.0472,0.0000,0.0000,0.0000,0.0457,0.0013,200,0.9594
0.0465,0.0000,0.0000,0.0000,0.0464,0.0000,200,0.9651
0.0355,0.0000,0.0000,0.0000,0.0355,0.0000,200,0.9842
0.0385,0.0000,0.0000,0.0000,0.0369,0.0016,200,0.9818
0.0377,0.0000,0.0000,0.0000,0.0376,0.0000,200,0.9931
0.0401,0.0000,0.0000,0.0000,0.0401,0.0000,200,0.9938
0.0337,0.0000,0.0000,0.0000,0.0336,0.0000,200,1.0067
0.0464,0.0000,0.0000,0.0000,0.0463,0.0000,200,1.0116
0.0414,0.0000,0.0000,0.0000,0.0413,0.0001,200,1.0203
0.0507,0.0000,0.0000,0.0000,0.0507,0.0000,200,1.0197
0.0434,0.0000,0.0000,0.0000,0.0433,0.0001,200,1.0308
0.0473,0.0000,0.0000,0.0000,0.0472,0.0000,200,1.0339
0.0654,0.0000,0.0000,0.0000,0.0651,0.0000,200,1.0404
1.1024,0.0021,0.0000,0.0002,1.1000,0.0000,200,0.0036
1.1032,0.0013,0.0000,0.0017,1.1002,0.0000,200,0.0056
1.1032,0.0081,0.0000,0.0001,1.0949,0.0001,200,0.0179
0.0723,0.0000,0.0000,0.0000,0.0722,0.0000,200,1.0617
0.0668,0.0000,0.0000,0.0000,0.0664,0.0004,200,1.0704
0.0662,0.0000,0.0000,0.0017,0.0644,0.0000,200,1.0743
0.0435,0.0000,0.0000,0.0000,0.0435,0.0000,200,1.1058
0.0738,0.0000,0.0000,0.0000,0.0737,0.0000,200,1.0812
0.0623,0.0000,0.0000,0.0000,0.0622,0.0001,200,1.1061
1.1137,0.0000,0.0000,0.0000,1.1136,0.0000,200,0.0552
0.0512,0.0000,0.0000,0.0000,0.0511,0.0001,200,1.1211
0.0423,0.0000,0.0000,0.0000,0.0423,0.0000,200,1.1340
0.0489,0.0000,0.0000,0.0000,0.0488,0.0000,200,1.1373
0.0470,0.0000,0.0000,0.0000,0.0470,0.0000,200,1.1493
0.0573,0.0000,0.0000,0.0000,0.0569,0.0003,200,1.1405
0.0394,0.0000,0.0000,0.0000,0.0393,0.0000,200,1.1684
0.0462,0.0000,0.0000,0.0000,0.0461,0.0000,200,1.1763
0.0536,0.0000,0.0000,0.0000,0.0536,0.0000,200,1.1689
0.0511,0.0000,0.0000,0.0000,0.0510,0.0000,200,1.1723
0.0450,0.0000,0.0000,0.0000,0.0449,0.0001,200,1.1861
0.0414,0.0000,0.0000,0.0000,0.0413,0.0000,200,1.1964
0.0524,0.0000,0.0000,0.0000,0.0523,0.0000,200,1.1977
0.0428,0.0000,0.0000,0.0000,0.0427,0.0000,200,1.2077
0.0331,0.0000,0.0000,0.0000,0.0331,0.0000,200,1.2234
0.0421,0.0000,0.0000,0.0000,0.0421,0.0000,200,1.2225
0.0454,0.0000,0.0000,0.0010,0.0443,0.0002,200,1.2226
0.0538,0.0000,0.0000,0.0000,0.0537,0.0000,200,1.2312
0.0510,0.0000,0.0000,0.0000,0.0509,0.0001,200,1.2378
0.0476,0.0000,0.0000,0.0000,0.0475,0.0001,200,1.2505
0.0559,0.0000,0.0000,0.0008,0.0551,0.0000,200,1.2501
0.0554,0.0000,0.0000,0.0001,0.0551,0.0001,200,1.2565
1.3008,0.0022,0.0000,0.0004,1.2978,0.0003,200,0.0164
1.3079,0.0048,0.0000,0.0005,1.2996,0.0000,200,0.0108
0.0400,0.0000,0.0000,0.0000,0.0400,0.0000,200,1.2850
0.0432,0.0000,0.0000,0.0000,0.0431,0.0000,200,1.2888
0.0437,0.0000,0.0000,0.0000,0.0436,0.0001,200,1.2981
0.0382,0.0000,0.0000,0.0000,0.0382,0.0000,200,1.3060
0.0545,0.0000,0.0000,0.0000,0.0545,0.0000,200,1.3119
0.0494,0.0000,0.0000,0.0000,0.0491,0.0003,200,1.3171
0.0523,0.0000,0.0000,0.0000,0.0521,0.0001,200,1.3250
0.0471,0.0000,0.0000,0.0000,0.0470,0.0000,200,1.3320
0.0610,0.0000,0.0000,0.0000,0.0609,0.0001,200,1.3187
0.0474,0.0000,0.0000,0.0000,0.0473,0.0000,200,1.3418
0.0560,0.0000,0.0000,0.0001,0.0552,0.0008,200,1.3443
0.0484,0.0000,0.0000,0.0002,0.0480,0.0000,200,1.3666
0.0503,0.0000,0.0000,0.0000,0.0499,0.0000,200,1.3664
1.1064,0.0000,0.0000,0.0000,1.1042,0.0000,200,0.3104
0.0497,0.0000,0.0000,0.0000,0.0492,0.0004,200,1.3773
0.0490,0.0000,0.0000,0.0000,0.0489,0.0000,200,1.3797
0.0491,0.0000,0.0000,0.0000,0.0490,0.0001,200,1.3892
0.0500,0.0000,0.0000,0.0000,0.0485,0.0015,200,1.4003
0.0394,0.0000,0.0000,0.0000,0.0393,0.0000,200,1.4150
0.0462,0.0000,0.0000,0.0000,0.0461,0.0000,200,1.4168
0.0397,0.0000,0.0000,0.0000,0.0396,0.0001,200,1.4288
0.0530,0.0000,0.0000,0.0000,0.0526,0.0004,200,1.4167
0.0557,0.0000,0.0000,0.0000,0.0555,0.0000,200,1.4270
0.0456,0.0000,0.0000,0.0000,0.0451,0.0005,200,1.4383
0.0460,0.0000,0.0000,0.0000,0.0458,0.0000,200,1.4504
0.0423,0.0000,0.0000,0.0000,0.0418,0.0005,200,1.4544
0.0456,0.0000,0.0000,0.0000,0.0455,0.0001,200,1.4630
0.0477,0.0000,0.0000,0.0000,0.0476,0.0000,200,1.4697
0.0509,0.0000,0.0000,0.0000,0.0506,0.0000,200,1.4685
0.0445,0.0000,0.0000,0.0000,0.0444,0.0000,200,1.4826
0.0561,0.0000,0.0000,0.0001,0.0560,0.0000,200,1.4839
0.0435,0.0000,0.0000,0.0000,0.0433,0.0002,200,1.4966
0.0394,0.0000,0.0000,0.0000,0.0393,0.0000,200,1.5086
0.0383,0.0000,0.0000,0.0000,0.0382,0.0000,200,1.5174
0.0618,0.0000,0.0000,0.0000,0.0615,0.0000,200,1.4963
0.0441,0.0000,0.0000,0.0000,0.0441,0.0000,200,1.5194
0.0529,0.0000,0.0000,0.0000,0.0529,0.0000,200,1.5271
0.0429,0.0000,0.0000,0.0000,0.0428,0.0000,200,1.5402
0.0490,0.0000,0.0000,0.0000,0.0489,0.0000,200,1.5557
0.0571,0.0000,0.0000,0.0001,0.0570,0.0000,200,1.5480
0.0681,0.0000,0.0000,0.0000,0.0679,0.0002,200,1.5400
0.0665,0.0000,0.0000,0.0000,0.0664,0.0000,200,1.5635
0.0720,0.0000,0.0000,0.0000,0.0720,0.0000,200,1.5581
0.0560,0.0000,0.0000,0.0000,0.0558,0.0000,200,1.5830
0.0640,0.0000,0.0000,0.0000,0.0606,0.0000,200,1.5800
0.0462,0.0000,0.0000,0.0000,0.0457,0.0000,200,1.6051
0.0516,0.0000,0.0000,0.0000,0.0515,0.0000,200,1.6047
0.0331,0.0000,0.0000,0.0000,0.0330,0.0000,200,1.6301
0.0555,0.0000,0.0000,0.0000,0.0553,0.0002,200,1.6082
0.0451,0.0000,0.0000,0.0000,0.0450,0.0000,200,1.6300
0.0456,0.0000,0.0000,0.0000,0.0456,0.0000,200,1.6390
0.0412,0.0000,0.0000,0.0003,0.0402,0.0007,200,1.6440
0.0418,0.0000,0.0000,0.0000,0.0418,0.0000,200,1.6513
0.0550,0.0000,0.0000,0.0000,0.0549,0.0000,200,1.6632
0.0558,0.0000,0.0000,0.0000,0.0547,0.0008,200,1.6637
0.0450,0.0000,0.0000,0.0000,0.0449,0.0000,200,1.6751
0.0641,0.0000,0.0000,0.0000,0.0640,0.0000,200,1.6563
0.0392,0.0000,0.0000,0.0000,0.0389,0.0003,200,1.6846
0.0480,0.0000,0.0000,0.0000,0.0474,0.0005,200,1.6852
0.0237,0.0000,0.0000,0.0000,0.0232,0.0005,200,1.7194
0.0561,0.0000,0.0000,0.0000,0.0560,0.0000,200,1.6931
0.0428,0.0000,0.0000,0.0000,0.0427,0.0000,200,1.7182
0.0428,0.0000,0.0000,0.0000,0.0427,0.0001,200,1.7204
0.0493,0.0000,0.0000,0.0000,0.0492,0.0000,200,1.7201
0.0475,0.0000,0.0000,0.0000,0.0470,0.0005,200,1.7238
0.0614,0.0000,0.0000,0.0000,0.0613,0.0001,200,1.7332
0.0479,0.0000,0.0000,0.0000,0.0478,0.0000,200,1.7492
0.0555,0.0000,0.0000,0.0000,0.0555,0.0000,200,1.7432
0.0437,0.0000,0.0000,0.0001,0.0435,0.0001,200,1.7610
0.0428,0.0000,0.0000,0.0000,0.0427,0.0000,200,1.7632
0.0429,0.0000,0.0000,0.0000,0.0428,0.0000,200,1.7694
0.0560,0.0000,0.0000,0.0000,0.0545,0.0015,200,1.7713
0.0367,0.0000,0.0000,0.0000,0.0366,0.0001,200,1.7946
0.0402,0.0000,0.0000,0.0000,0.0401,0.0001,200,1.7971
0.0429,0.0000,0.0000,0.0000,0.0429,0.0000,200,1.8047
0.0500,0.0000,0.0000,0.0000,0.0485,0.0014,200,1.7987
0.0543,0.0000,0.0000,0.0000,0.0540,0.0002,200,1.8060
0.0499,0.0000,0.0000,0.0000,0.0493,0.0006,200,1.8122
0.0405,0.0000,0.0000,0.0000,0.0405,0.0000,200,1.8373
0.0491,0.0000,0.0000,0.0000,0.0490,0.0000,200,1.8313
0.0535,0.0000,0.0000,0.0000,0.0534,0.0000,200,1.8273
0.0372,0.0000,0.0000,0.0000,0.0371,0.0000,200,1.8487
0.0393,0.0000,0.0000,0.0000,0.0390,0.0002,200,1.8476
0.0320,0.0000,0.0000,0.0000,0.0318,0.0002,200,1.8602
0.0447,0.0000,0.0000,0.0000,0.0446,0.0000,200,1.8621
1.9064,0.0055,0.0000,0.0001,1.9006,0.0000,200,0.0007
1.9165,0.0130,0.0000,0.0002,1.9033,0.0000,200,0.0055
1.9236,0.0022,0.0000,0.0012,1.9202,0.0000,200,0.0054
1.9275,0.0048,0.0000,0.0000,1.9162,0.0000,200,0.0115
1.9362,0.0090,0.0000,0.0004,1.9268,0.0000,200,0.0096
0.0606,0.0000,0.0000,0.0001,0.0604,0.0000,200,1.8922
0.0524,0.0000,0.0000,0.0000,0.0523,0.0001,200,1.9071
0.0613,0.0000,0.0000,0.0000,0.0612,0.0000,200,1.9068
0.0464,0.0000,0.0000,0.0000,0.0464,0.0000,200,1.9220
0.0540,0.0000,0.0000,0.0000,0.0540,0.0000,200,1.9290
0.0455,0.0000,0.0000,0.0000,0.0454,0.0000,200,1.9390
0.0469,0.0000,0.0000,0.0000,0.0467,0.0002,200,1.9458
0.0419,0.0000,0.0000,0.0000,0.0415,0.0004,200,1.9528
0.0507,0.0000,0.0000,0.0000,0.0506,0.0001,200,1.9594
0.0443,0.0000,0.0000,0.0000,0.0440,0.0001,200,1.9684
0.0393,0.0000,0.0000,0.0000,0.0392,0.0000,200,1.9845
0.0468,0.0000,0.0000,0.0001,0.0467,0.0000,200,1.9830
0.0634,0.0000,0.0000,0.0000,0.0634,0.0000,200,1.9681
0.0398,0.0000,0.0000,0.0000,0.0398,0.0000,200,1.9927
0.0495,0.0000,0.0000,0.0000,0.0495,0.0000,200,1.9947
0.0358,0.0000,0.0000,0.0000,0.0358,0.0000,200,2.0102
0.0520,0.0000,0.0000,0.0000,0.0516,0.0001,200,2.0127
0.0368,0.0000,0.0000,0.0000,0.0367,0.0001,200,2.0299
0.0474,0.0000,0.0000,0.0000,0.0473,0.0000,200,2.0238
0.0536,0.0000,0.0000,0.0000,0.0536,0.0000,200,2.0316
0.0534,0.0000,0.0000,0.0000,0.0533,0.0001,200,2.0325
0.0494,0.0000,0.0000,0.0000,0.0493,0.0000,200,2.0442
0.0560,0.0000,0.0000,0.0000,0.0552,0.0007,200,2.0460
0.0384,0.0000,0.0000,0.0000,0.0384,0.0000,200,2.0647
0.0482,0.0000,0.0000,0.0001,0.0475,0.0007,200,2.0667
0.0495,0.0000,0.0000,0.0000,0.0495,0.0000,200,2.0712
1.0692,0.0000,0.0000,0.0000,1.0692,0.0000,200,1.0580
0.0472,0.0000,0.0000,0.0000,0.0471,0.0000,200,2.0859
0.0488,0.0000,0.0000,0.0000,0.0475,0.0011,200,2.0852
0.0604,0.0000,0.0000,0.0000,0.0603,0.0000,200,2.0936
0.0513,0.0000,0.0000,0.0001,0.0512,0.0000,200,2.1031
0.0426,0.0000,0.0000,0.0000,0.0425,0.0001,200,2.1149
0.0441,0.0000,0.0000,0.0000,0.0440,0.0000,200,2.1207
0.0346,0.0000,0.0000,0.0000,0.0345,0.0000,200,2.1340
0.0414,0.0000,0.0000,0.0000,0.0414,0.0000,200,2.1272
0.0449,0.0000,0.0000,0.0000,0.0448,0.0000,200,2.1331
1.0723,0.0000,0.0000,0.0000,1.0721,0.0001,200,1.1088
0.0408,0.0000,0.0000,0.0000,0.0406,0.0001,200,2.1540
0.0479,0.0000,0.0000,0.0000,0.0478,0.0001,200,2.1544
0.0510,0.0000,0.0000,0.0000,0.0509,0.0000,200,2.1575
0.0537,0.0000,0.0000,0.0000,0.0534,0.0000,200,2.1648
0.0553,0.0000,0.0000,0.0000,0.0552,0.0000,200,2.1687
0.0546,0.0000,0.0000,0.0000,0.0542,0.0004,200,2.1780
0.0545,0.0000,0.0000,0.0000,0.0545,0.0000,200,2.1811
0.0482,0.0000,0.0000,0.0000,0.0480,0.0001,200,2.1948
0.0537,0.0000,0.0000,0.0000,0.0537,0.0000,200,2.2023
0.0557,0.0000,0.0000,0.0000,0.0557,0.0000,200,2.2085
1.1097,0.0000,0.0000,0.0000,1.1096,0.0000,200,1.1550
0.0573,0.0000,0.0000,0.0000,0.0572,0.0000,200,2.2185
0.0528,0.0000,0.0000,0.0000,0.0525,0.0000,200,2.2239
0.0489,0.0000,0.0000,0.0000,0.0484,0.0000,200,2.2430
0.0475,0.0000,0.0000,0.0000,0.0475,0.0000,200,2.2560
0.0689,0.0000,0.0000,0.0000,0.0684,0.0002,200,2.2357
0.0596,0.0000,0.0000,0.0001,0.0594,0.0000,200,2.2647
0.0602,0.0000,0.0000,0.0000,0.0601,0.0000,200,2.2643
1.0614,0.0000,0.0000,0.0000,1.0613,0.0000,200,1.2680
0.0543,0.0000,0.0000,0.0000,0.0543,0.0000,200,2.2758
0.0612,0.0000,0.0000,0.0000,0.0597,0.0014,200,2.2768
0.0521,0.0000,0.0000,0.0000,0.0520,0.0000,200,2.2919
0.0494,0.0000,0.0000,0.0000,0.0474,0.0019,200,2.3035
0.0517,0.0000,0.0000,0.0000,0.0516,0.0000,200,2.3045
0.0455,0.0000,0.0000,0.0000,0.0438,0.0017,200,2.3244
0.0457,0.0000,0.0000,0.0000,0.0456,0.0000,200,2.3294
0.0579,0.0000,0.0000,0.0000,0.0578,0.0000,200,2.3301
0.0556,0.0000,0.0000,0.0000,0.0555,0.0000,200,2.3380
0.0512,0.0000,0.0000,0.0000,0.0512,0.0000,200,2.3440
0.0710,0.0000,0.0000,0.0000,0.0710,0.0000,200,2.3243
0.0491,0.0000,0.0000,0.0000,0.0490,0.0000,200,2.3529
0.0566,0.0000,0.0000,0.0000,0.0565,0.0001,200,2.3562
0.0449,0.0000,0.0000,0.0000,0.0448,0.0000,200,2.3699
0.0420,0.0000,0.0000,0.0000,0.0419,0.0000,200,2.3751
0.0361,0.0000,0.0000,0.0000,0.0360,0.0000,200,2.3880
0.0354,0.0000,0.0000,0.0000,0.0353,0.0001,200,2.3935
0.0397,0.0000,0.0000,0.0000,0.0396,0.0001,200,2.3953
0.0485,0.0000,0.0000,0.0000,0.0484,0.0001,200,2.3952
0.0446,0.0000,0.0000,0.0000,0.0445,0.0000,200,2.4128
0.0590,0.0000,0.0000,0.0000,0.0589,0.0000,200,2.4020
0.0529,0.0000,0.0000,0.0000,0.0528,0.0000,200,2.4148
0.0544,0.0000,0.0000,0.0000,0.0542,0.0001,200,2.4241
0.0506,0.0000,0.0000,0.0000,0.0505,0.0000,200,2.4290
0.0506,0.0000,0.0000,0.0000,0.0505,0.0001,200,2.4437
0.0597,0.0000,0.0000,0.0000,0.0596,0.0000,200,2.4350
0.0437,0.0000,0.0000,0.0000,0.0436,0.0000,200,2.4610
0.0486,0.0000,0.0000,0.0000,0.0483,0.0003,200,2.4574
0.0389,0.0000,0.0000,0.0000,0.0388,0.0000,200,2.4677
0.0363,0.0000,0.0000,0.0000,0.0362,0.0000,200,2.4784
1.2621,0.0000,0.0000,0.0000,1.2620,0.0001,200,1.2646
0.0475,0.0000,0.0000,0.0000,0.0474,0.0000,200,2.4795
0.0487,0.0000,0.0000,0.0000,0.0487,0.0000,200,2.4943
0.0566,0.0000,0.0000,0.0000,0.0565,0.0000,200,2.4947
0.0448,0.0000,0.0000,0.0000,0.0448,0.0000,200,2.5147
0.0550,0.0000,0.0000,0.0000,0.0550,0.0000,200,2.5047
0.0589,0.0000,0.0000,0.0000,0.0588,0.0001,200,2.5066
0.0449,0.0000,0.0000,0.0000,0.0449,0.0000,200,2.5270
0.0588,0.0000,0.0000,0.0000,0.0587,0.0000,200,2.5267
0.0448,0.0000,0.0000,0.0000,0.0441,0.0007,200,2.5513
0.0543,0.0000,0.0000,0.0000,0.0542,0.0000,200,2.5431
0.0469,0.0000,0.0000,0.0000,0.0468,0.0001,200,2.5597
0.0663,0.0000,0.0000,0.0000,0.0662,0.0000,200,2.5595
0.0619,0.0000,0.0000,0.0000,0.0617,0.0001,200,2.5719
0.0718,0.0000,0.0000,0.0000,0.0715,0.0003,200,2.5655
0.0503,0.0000,0.0000,0.0000,0.0502,0.0000,200,2.5961
0.0657,0.0000,0.0000,0.0000,0.0656,0.0001,200,2.5973
0.0776,0.0000,0.0000,0.0000,0.0776,0.0000,200,2.5855
0.0582,0.0000,0.0000,0.0000,0.0581,0.0000,200,2.6066
0.0403,0.0000,0.0000,0.0000,0.0402,0.0001,200,2.6338
0.0490,0.0000,0.0000,0.0000,0.0489,0.0000,200,2.6373
0.0502,0.0000,0.0000,0.0000,0.0475,0.0000,200,2.6464
0.0346,0.0000,0.0000,0.0000,0.0346,0.0000,200,2.6630
0.0726,0.0000,0.0000,0.0000,0.0725,0.0000,200,2.6258
0.0418,0.0000,0.0000,0.0000,0.0418,0.0000,200,2.6631
0.0539,0.0000,0.0000,0.0000,0.0537,0.0002,200,2.6648
0.0493,0.0000,0.0000,0.0000,0.0492,0.0000,200,2.6741
0.0402,0.0000,0.0000,0.0000,0.0401,0.0000,200,2.6863
0.0395,0.0000,0.0000,0.0000,0.0392,0.0002,200,2.6966
0.0500,0.0000,0.0000,0.0000,0.0499,0.0000,200,2.6976
0.0497,0.0000,0.0000,0.0000,0.0497,0.0000,200,2.6984
0.0520,0.0000,0.0000,0.0000,0.0519,0.0001,200,2.7049
2.7459,0.0070,0.0000,0.0001,2.7387,0.0001,200,0.0113
2.7675,0.0133,0.0000,0.0002,2.7539,0.0000,200,0.0052
0.0528,0.0000,0.0000,0.0000,0.0524,0.0004,200,2.7234
0.0421,0.0000,0.0000,0.0000,0.0420,0.0000,200,2.7476
0.0419,0.0000,0.0000,0.0000,0.0419,0.0000,200,2.7481
0.0578,0.0000,0.0000,0.0000,0.0577,0.0001,200,2.7361
0.0469,0.0000,0.0000,0.0000,0.0468,0.0000,200,2.7570
0.0524,0.0000,0.0000,0.0000,0.0524,0.0000,200,2.7572
0.0424,0.0000,0.0000,0.0000,0.0424,0.0000,200,2.7726
0.0451,0.0000,0.0000,0.0000,0.0450,0.0000,200,2.7769
0.0327,0.0000,0.0000,0.0000,0.0325,0.0001,200,2.7897
0.0391,0.0000,0.0000,0.0000,0.0390,0.0000,200,2.7901
0.0471,0.0000,0.0000,0.0000,0.0471,0.0000,200,2.7939
0.0405,0.0000,0.0000,0.0000,0.0405,0.0000,200,2.8096
0.0467,0.0000,0.0000,0.0001,0.0466,0.0001,200,2.8039
0.0489,0.0000,0.0000,0.0000,0.0489,0.0000,200,2.8151
0.0484,0.0000,0.0000,0.0000,0.0484,0.0000,200,2.8224
0.0489,0.0000,0.0000,0.0000,0.0483,0.0006,200,2.8220
0.0502,0.0000,0.0000,0.0000,0.0502,0.0000,200,2.8292
0.0479,0.0000,0.0000,0.0000,0.0467,0.0012,200,2.8410
0.0636,0.0000,0.0000,0.0000,0.0635,0.0000,200,2.8502
0.0508,0.0000,0.0000,0.0000,0.0506,0.0001,200,2.8640
0.0730,0.0000,0.0000,0.0000,0.0730,0.0000,200,2.8506
0.0539,0.0000,0.0000,0.0000,0.0538,0.0000,200,2.8708
0.0546,0.0000,0.0000,0.0000,0.0545,0.0000,200,2.8710
0.0558,0.0000,0.0000,0.0000,0.0558,0.0000,200,2.8794
0.0611,0.0000,0.0000,0.0000,0.0610,0.0000,200,2.8890
1.0694,0.0000,0.0000,0.0000,1.0694,0.0000,200,1.8808
1.0755,0.0000,0.0000,0.0000,1.0753,0.0000,200,1.8779
1.0791,0.0000,0.0000,0.0000,1.0790,0.0000,200,1.8869
1.0801,0.0000,0.0000,0.0000,1.0801,0.0000,200,1.8859
1.1011,0.0000,0.0000,0.0000,1.1010,0.0000,200,1.8804
0.0732,0.0000,0.0000,0.0000,0.0731,0.0000,200,2.9148
0.0540,0.0000,0.0000,0.0000,0.0539,0.0001,200,2.9501
0.0710,0.0000,0.0000,0.0000,0.0709,0.0000,200,2.9353
0.0563,0.0000,0.0000,0.0000,0.0562,0.0001,200,2.9502
0.0433,0.0000,0.0000,0.0000,0.0433,0.0000,200,2.9660
0.0510,0.0000,0.0000,0.0000,0.0509,0.0000,200,2.9660
0.0401,0.0000,0.0000,0.0000,0.0401,0.0000,200,2.9815
0.0305,0.0000,0.0000,0.0008,0.0295,0.0002,200,3.0041
0.0497,0.0000,0.0000,0.0000,0.0497,0.0000,200,2.9880
0.0432,0.0000,0.0000,0.0000,0.0431,0.0001,200,3.0062
0.0438,0.0000,0.0000,0.0000,0.0438,0.0000,200,3.0065
0.0554,0.0000,0.0000,0.0000,0.0554,0.0000,200,3.0093
0.0499,0.0000,0.0000,0.0000,0.0498,0.0000,200,3.0170
0.0599,0.0000,0.0000,0.0000,0.0598,0.0000,200,3.0216
0.0515,0.0000,0.0000,0.0000,0.0513,0.0001,200,3.0346
0.0583,0.0000,0.0000,0.0005,0.0578,0.0000,200,3.0377
0.0527,0.0000,0.0000,0.0000,0.0524,0.0001,200,3.0494
0.0374,0.0000,0.0000,0.0000,0.0374,0.0000,200,3.0648
0.0453,0.0000,0.0000,0.0000,0.0452,0.0000,200,3.0668
0.0414,0.0000,0.0000,0.0001,0.0412,0.0000,200,3.0815
0.0375,0.0000,0.0000,0.0000,0.0375,0.0000,200,3.0861
0.0329,0.0000,0.0000,0.0000,0.0328,0.0000,200,3.1022
0.0337,0.0000,0.0000,0.0000,0.0336,0.0000,200,3.1021
0.0406,0.0000,0.0000,0.0000,0.0405,0.0000,200,3.1121
0.0568,0.0000,0.0000,0.0000,0.0568,0.0000,200,3.0960
0.0359,0.0000,0.0000,0.0000,0.0358,0.0001,200,3.1229
0.0533,0.0000,0.0000,0.0000,0.0529,0.0004,200,3.1236
0.0472,0.0000,0.0000,0.0000,0.0469,0.0002,200,3.1358
0.0388,0.0000,0.0000,0.0000,0.0387,0.0000,200,3.1527
0.0574,0.0000,0.0000,0.0000,0.0573,0.0000,200,3.1529
0.0516,0.0000,0.0000,0.0000,0.0516,0.0000,200,3.1589
0.0765,0.0000,0.0000,0.0000,0.0764,0.0000,200,3.1351
0.0405,0.0000,0.0000,0.0000,0.0404,0.0000,200,3.1830
1.1234,0.0000,0.0000,0.0010,1.1224,0.0000,200,2.1020
0.0542,0.0000,0.0000,0.0000,0.0542,0.0000,200,3.1769
0.0516,0.0000,0.0000,0.0000,0.0515,0.0000,200,3.1915
0.0427,0.0000,0.0000,0.0000,0.0424,0.0003,200,3.2105
0.0419,0.0000,0.0000,0.0000,0.0419,0.0000,200,3.2115
0.0385,0.0000,0.0000,0.0000,0.0383,0.0001,200,3.2254
0.0538,0.0000,0.0000,0.0000,0.0538,0.0000,200,3.2102
0.0455,0.0000,0.0000,0.0000,0.0454,0.0001,200,3.2234
1.1041,0.0000,0.0000,0.0000,1.1040,0.0000,200,2.1686
0.0348,0.0000,0.0000,0.0000,0.0346,0.0002,200,3.2535
0.0565,0.0000,0.0000,0.0000,0.0565,0.0000,200,3.2431
0.0529,0.0000,0.0000,0.0000,0.0528,0.0001,200,3.2532
0.0430,0.0000,0.0000,0.0000,0.0430,0.0000,200,3.2641
0.0450,0.0000,0.0000,0.0000,0.0447,0.0003,200,3.2639
0.0487,0.0000,0.0000,0.0000,0.0485,0.0002,200,3.2726
0.0450,0.0000,0.0000,0.0000,0.0449,0.0000,200,3.2883
0.0672,0.0000,0.0000,0.0000,0.0671,0.0000,200,3.2689
1.1126,0.0000,0.0000,0.0000,1.1125,0.0000,200,2.2326
0.0458,0.0000,0.0000,0.0000,0.0458,0.0000,200,3.2997
0.0509,0.0000,0.0000,0.0000,0.0508,0.0000,200,3.3071
0.0529,0.0000,0.0000,0.0000,0.0505,0.0024,200,3.3060
0.0572,0.0000,0.0000,0.0009,0.0563,0.0000,200,3.3089
0.0571,0.0000,0.0000,0.0000,0.0569,0.0001,200,3.3213
0.0457,0.0000,0.0000,0.0000,0.0456,0.0000,200,3.3333
0.0486,0.0000,0.0000,0.0000,0.0486,0.0000,200,3.3455
0.0583,0.0000,0.0000,0.0000,0.0582,0.0001,200,3.3361
0.0568,0.0000,0.0000,0.0000,0.0567,0.0001,200,3.3589
0.0580,0.0000,0.0000,0.0005,0.0572,0.0001,200,3.3579
0.0549,0.0000,0.0000,0.0000,0.0549,0.0000,200,3.3661
0.0421,0.0000,0.0000,0.0000,0.0420,0.0000,200,3.3789
0.0373,0.0000,0.0000,0.0000,0.0372,0.0001,200,3.3941
0.0550,0.0000,0.0000,0.0000,0.0549,0.0000,200,3.3784
0.0513,0.0000,0.0000,0.0000,0.0512,0.0001,200,3.3945
0.0308,0.0000,0.0000,0.0000,0.0307,0.0000,200,3.4157
0.0416,0.0000,0.0000,0.0000,0.0415,0.0001,200,3.4159
0.0379,0.0000,0.0000,0.0000,0.0378,0.0000,200,3.4211
0.0450,0.0000,0.0000,0.0000,0.0449,0.0000,200,3.4210
1.0649,0.0000,0.0000,0.0000,1.0648,0.0001,200,2.4170
0.0455,0.0000,0.0000,0.0000,0.0455,0.0000,200,3.4458
0.0478,0.0000,0.0000,0.0000,0.0478,0.0000,200,3.4465
0.0661,0.0000,0.0000,0.0000,0.0660,0.0000,200,3.4314
0.0464,0.0000,0.0000,0.0000,0.0463,0.0000,200,3.4575
0.0497,0.0000,0.0000,0.0002,0.0494,0.0000,200,3.4590
0.0414,0.0000,0.0000,0.0000,0.0413,0.0001,200,3.4820
0.0475,0.0000,0.0000,0.0000,0.0474,0.0000,200,3.4913
0.0503,0.0000,0.0000,0.0000,0.0502,0.0001,200,3.4943
0.0810,0.0000,0.0000,0.0000,0.0809,0.0000,200,3.4660
0.0550,0.0000,0.0000,0.0000,0.0550,0.0000,200,3.4975
0.0546,0.0000,0.0000,0.0000,0.0544,0.0001,200,3.5039
0.0548,0.0000,0.0000,0.0000,0.0548,0.0000,200,3.5087
0.0458,0.0000,0.0000,0.0000,0.0456,0.0001,200,3.5234
0.0317,0.0000,0.0000,0.0000,0.0317,0.0000,200,3.5388
0.0363,0.0000,0.0000,0.0000,0.0362,0.0001,200,3.5446
1.0875,0.0000,0.0000,0.0000,1.0874,0.0000,200,2.5060
0.0481,0.0000,0.0000,0.0000,0.0477,0.0004,200,3.5470
0.0546,0.0000,0.0000,0.0000,0.0545,0.0000,200,3.5526
0.0503,0.0000,0.0000,0.0004,0.0498,0.0000,200,3.5585
0.0469,0.0000,0.0000,0.0000,0.0468,0.0000,200,3.5635
0.0547,0.0000,0.0000,0.0000,0.0545,0.0002,200,3.5809
0.0689,0.0000,0.0000,0.0000,0.0689,0.0000,200,3.5692
0.0686,0.0000,0.0000,0.0000,0.0685,0.0001,200,3.5705
0.0488,0.0000,0.0000,0.0000,0.0488,0.0000,200,3.5935
0.0457,0.0000,0.0000,0.0000,0.0457,0.0000,200,3.6071
0.0595,0.0000,0.0000,0.0000,0.0590,0.0004,200,3.5951
0.0586,0.0000,0.0000,0.0000,0.0581,0.0004,200,3.6088
0.0626,0.0000,0.0000,0.0000,0.0622,0.0001,200,3.6104
2.3078,0.0000,0.0000,0.0000,2.3077,0.0000,200,1.3791
0.0538,0.0000,0.0000,0.0000,0.0537,0.0000,200,3.6355
0.0519,0.0000,0.0000,0.0000,0.0517,0.0001,200,3.6381
0.0648,0.0000,0.0000,0.0000,0.0648,0.0000,200,3.6392
0.0558,0.0000,0.0000,0.0000,0.0553,0.0004,200,3.6529
0.0417,0.0000,0.0000,0.0000,0.0416,0.0000,200,3.6673
0.0496,0.0000,0.0000,0.0000,0.0496,0.0000,200,3.6730
0.0368,0.0000,0.0000,0.0000,0.0367,0.0000,200,3.6869
0.0487,0.0000,0.0000,0.0000,0.0487,0.0000,200,3.6893
0.0517,0.0000,0.0000,0.0000,0.0517,0.0000,200,3.6900
0.0462,0.0000,0.0000,0.0000,0.0460,0.0002,200,3.7040
0.0565,0.0000,0.0000,0.0000,0.0555,0.0010,200,3.7090
0.0533,0.0000,0.0000,0.0000,0.0532,0.0000,200,3.7237
0.0546,0.0000,0.0000,0.0000,0.0545,0.0000,200,3.7226
0.0687,0.0000,0.0000,0.0000,0.0686,0.0000,200,3.7086
0.0490,0.0000,0.0000,0.0000,0.0489,0.0001,200,3.7380
0.0513,0.0000,0.0000,0.0000,0.0513,0.0000,200,3.7417
0.0598,0.0000,0.0000,0.0000,0.0597,0.0000,200,3.7502
1.0836,0.0000,0.0000,0.0000,1.0835,0.0000,200,2.7265
0.0554,0.0000,0.0000,0.0000,0.0554,0.0000,200,3.7656
0.0443,0.0000,0.0000,0.0000,0.0442,0.0000,200,3.7773
0.0604,0.0000,0.0000,0.0000,0.0604,0.0000,200,3.7770
0.0512,0.0000,0.0000,0.0000,0.0511,0.0000,200,3.7872
0.0499,0.0000,0.0000,0.0000,0.0499,0.0000,200,3.7931
0.0418,0.0000,0.0000,0.0000,0.0417,0.0000,200,3.8101
0.0349,0.0000,0.0000,0.0000,0.0348,0.0001,200,3.8384
0.0526,0.0000,0.0000,0.0000,0.0522,0.0004,200,3.8210
0.0713,0.0000,0.0000,0.0000,0.0712,0.0000,200,3.8100
0.0477,0.0000,0.0000,0.0000,0.0477,0.0000,200,3.8430
0.0539,0.0000,0.0000,0.0001,0.0537,0.0000,200,3.8374
0.0236,0.0000,0.0000,0.0000,0.0235,0.0001,200,3.8733
0.0392,0.0000,0.0000,0.0000,0.0389,0.0002,200,3.8736
0.0617,0.0000,0.0000,0.0000,0.0617,0.0000,200,3.8519
0.0468,0.0000,0.0000,0.0000,0.0468,0.0000,200,3.8813
0.0411,0.0000,0.0000,0.0000,0.0410,0.0000,200,3.8907
0.0510,0.0000,0.0000,0.0000,0.0509,0.0000,200,3.8913
0.0561,0.0000,0.0000,0.0000,0.0560,0.0001,200,3.8969
0.0451,0.0000,0.0000,0.0000,0.0451,0.0000,200,3.9136
0.0474,0.0000,0.0000,0.0000,0.0471,0.0002,200,3.9128
0.0427,0.0000,0.0000,0.0000,0.0427,0.0000,200,3.9281
1.0459,0.0000,0.0000,0.0000,1.0458,0.0000,200,2.9256
0.0503,0.0000,0.0000,0.0000,0.0501,0.0002,200,3.9318
1.0680,0.0000,0.0000,0.0000,1.0679,0.0000,200,2.9236
1.0683,0.0000,0.0000,0.0000,1.0682,0.0000,200,2.9247
1.2867,0.0000,0.0000,0.0000,1.2866,0.0000,200,2.7187
0.0528,0.0000,0.0000,0.0000,0.0528,0.0000,200,3.9530
0.0571,0.0000,0.0000,0.0000,0.0569,0.0001,200,3.9588
0.0483,0.0000,0.0000,0.0000,0.0482,0.0001,200,3.9709
0.0681,0.0000,0.0000,0.0004,0.0666,0.0007,200,3.9602
0.0505,0.0000,0.0000,0.0000,0.0503,0.0000,200,3.9821
0.0471,0.0000,0.0000,0.0000,0.0470,0.0000,200,3.9916
0.0480,0.0000,0.0000,0.0000,0.0469,0.0011,200,3.9930
1.0939,0.0000,0.0000,0.0000,1.0938,0.0000,200,2.9534
0.0564,0.0000,0.0000,0.0000,0.0563,0.0000,200,4.0053
0.0539,0.0000,0.0000,0.0000,0.0538,0.0000,200,4.0158
0.0642,0.0000,0.0000,0.0001,0.0633,0.0008,200,4.0059
0.0485,0.0000,0.0000,0.0000,0.0484,0.0000,200,4.0283
0.0532,0.0000,0.0000,0.0000,0.0531,0.0000,200,4.0386
0.0603,0.0000,0.0000,0.0000,0.0602,0.0001,200,4.0326
0.0577,0.0000,0.0000,0.0000,0.0577,0.0000,200,4.0473
1.0698,0.0000,0.0000,0.0001,1.0696,0.0000,200,3.0503
0.0586,0.0000,0.0000,0.0000,0.0586,0.0000,200,4.0617
0.0676,0.0000,0.0000,0.0000,0.0672,0.0004,200,4.0697
0.0656,0.0000,0.0000,0.0000,0.0655,0.0001,200,4.0768
0.0536,0.0000,0.0000,0.0000,0.0536,0.0000,200,4.0918
0.0574,0.0000,0.0000,0.0000,0.0573,0.0001,200,4.0929
0.0543,0.0000,0.0000,0.0000,0.0542,0.0001,200,4.1050
0.0445,0.0000,0.0000,0.0000,0.0444,0.0000,200,4.1201
0.0572,0.0000,0.0000,0.0000,0.0571,0.0001,200,4.1204
0.0430,0.0000,0.0000,0.0000,0.0429,0.0000,200,4.1373
0.0440,0.0000,0.0000,0.0000,0.0439,0.0000,200,4.1454
0.0495,0.0000,0.0000,0.0000,0.0494,0.0000,200,4.1423
0.0455,0.0000,0.0000,0.0000,0.0454,0.0001,200,4.1503
0.0434,0.0000,0.0000,0.0000,0.0433,0.0001,200,4.1593
0.0464,0.0000,0.0000,0.0001,0.0463,0.0000,200,4.1646
0.0484,0.0000,0.0000,0.0000,0.0483,0.0000,200,4.1803
0.0435,0.0000,0.0000,0.0000,0.0435,0.0000,200,4.1894
0.0556,0.0000,0.0000,0.0000,0.0555,0.0000,200,4.1775
0.0479,0.0000,0.0000,0.0000,0.0479,0.0000,200,4.1958
0.0523,0.0000,0.0000,0.0000,0.0523,0.0000,200,4.1918
0.0495,0.0000,0.0000,0.0000,0.0494,0.0000,200,4.2027
0.0530,0.0000,0.0000,0.0000,0.0530,0.0000,200,4.2110
0.0414,0.0000,0.0000,0.0000,0.0413,0.0000,200,4.2287
0.0434,0.0000,0.0000,0.0000,0.0433,0.0000,200,4.2331
0.0503,0.0000,0.0000,0.0000,0.0503,0.0000,200,4.2330
0.0471,0.0000,0.0000,0.0000,0.0470,0.0000,200,4.2437
0.0541,0.0000,0.0000,0.0000,0.0540,0.0001,200,4.2442
0.0579,0.0000,0.0000,0.0000,0.0579,0.0000,200,4.2522
1.0839,0.0000,0.0000,0.0000,1.0838,0.0000,200,3.2311
0.0527,0.0000,0.0000,0.0000,0.0526,0.0000,200,4.2640
0.0502,0.0000,0.0000,0.0000,0.0502,0.0000,200,4.2765
0.0572,0.0000,0.0000,0.0000,0.0572,0.0000,200,4.2701
0.0571,0.0000,0.0000,0.0000,0.0571,0.0000,200,4.2833
0.0497,0.0000,0.0000,0.0000,0.0497,0.0000,200,4.2908
0.0486,0.0000,0.0000,0.0000,0.0485,0.0000,200,4.3150
0.0541,0.0000,0.0000,0.0000,0.0532,0.0009,200,4.3101
0.0385,0.0000,0.0000,0.0000,0.0384,0.0000,200,4.3267
0.0703,0.0000,0.0000,0.0003,0.0699,0.0000,200,4.2983
0.0486,0.0000,0.0000,0.0000,0.0485,0.0001,200,4.3405
0.0620,0.0000,0.0000,0.0000,0.0619,0.0000,200,4.3273
0.0597,0.0000,0.0000,0.0000,0.0596,0.0000,200,4.3404
0.0379,0.0000,0.0000,0.0000,0.0379,0.0000,200,4.3636
0.0389,0.0000,0.0000,0.0000,0.0389,0.0000,200,4.3643
0.0426,0.0000,0.0000,0.0000,0.0426,0.0000,200,4.3652
0.0451,0.0000,0.0000,0.0003,0.0448,0.0000,200,4.3686
0.0370,0.0000,0.0000,0.0000,0.0369,0.0000,200,4.3891
1.0811,0.0000,0.0000,0.0000,1.0810,0.0000,200,3.3452
0.0435,0.0000,0.0000,0.0000,0.0435,0.0000,200,4.3893
0.0461,0.0000,0.0000,0.0000,0.0460,0.0000,200,4.4001
0.0426,0.0000,0.0000,0.0000,0.0426,0.0000,200,4.4078
0.0515,0.0000,0.0000,0.0000,0.0515,0.0000,200,4.4015
0.0518,0.0000,0.0000,0.0000,0.0518,0.0000,200,4.4137
0.0396,0.0000,0.0000,0.0000,0.0392,0.0004,200,4.4262
0.0456,0.0000,0.0000,0.0000,0.0456,0.0000,200,4.4262
0.0367,0.0000,0.0000,0.0000,0.0365,0.0001,200,4.4462
0.0518,0.0000,0.0000,0.0000,0.0517,0.0000,200,4.4328
1.0662,0.0000,0.0000,0.0000,1.0661,0.0000,200,3.4334
0.0383,0.0000,0.0000,0.0000,0.0379,0.0004,200,4.4655
0.0511,0.0000,0.0000,0.0000,0.0511,0.0000,200,4.4530
0.0438,0.0000,0.0000,0.0000,0.0437,0.0000,200,4.4658
0.0538,0.0000,0.0000,0.0000,0.0536,0.0001,200,4.4718
0.0540,0.0000,0.0000,0.0000,0.0538,0.0002,200,4.4846
0.0583,0.0000,0.0000,0.0000,0.0582,0.0001,200,4.4829
0.0449,0.0000,0.0000,0.0000,0.0448,0.0000,200,4.4996
0.0531,0.0000,0.0000,0.0000,0.0530,0.0000,200,4.5041
0.0527,0.0000,0.0000,0.0000,0.0524,0.0002,200,4.5096
0.0588,0.0000,0.0000,0.0000,0.0587,0.0000,200,4.5038
0.0439,0.0000,0.0000,0.0000,0.0438,0.0000,200,4.5256
0.0408,0.0000,0.0000,0.0000,0.0406,0.0000,200,4.5412
0.0398,0.0000,0.0000,0.0000,0.0397,0.0001,200,4.5445
0.0580,0.0000,0.0000,0.0000,0.0579,0.0000,200,4.5386
0.0438,0.0000,0.0000,0.0000,0.0437,0.0000,200,4.5573
0.0427,0.0000,0.0000,0.0000,0.0426,0.0001,200,4.5622
0.0549,0.0000,0.0000,0.0000,0.0548,0.0000,200,4.5625
0.0541,0.0000,0.0000,0.0000,0.0541,0.0000,200,4.5695
0.0572,0.0000,0.0000,0.0000,0.0571,0.0001,200,4.5820
0.0394,0.0000,0.0000,0.0000,0.0394,0.0000,200,4.6011
0.0482,0.0000,0.0000,0.0000,0.0481,0.0000,200,4.5966
0.0608,0.0000,0.0000,0.0000,0.0603,0.0004,200,4.5843
0.0486,0.0000,0.0000,0.0000,0.0485,0.0000,200,4.6050
0.0441,0.0000,0.0000,0.0000,0.0441,0.0000,200,4.6237
0.0577,0.0000,0.0000,0.0000,0.0576,0.0000,200,4.6174
0.0442,0.0000,0.0000,0.0001,0.0439,0.0001,200,4.6405
0.0495,0.0000,0.0000,0.0002,0.0492,0.0000,200,4.6392
0.0462,0.0000,0.0000,0.0000,0.0461,0.0001,200,4.6448
0.0588,0.0000,0.0000,0.0000,0.0586,0.0001,200,4.6450
0.0646,0.0000,0.0000,0.0000,0.0645,0.0000,200,4.6535
0.0516,0.0000,0.0000,0.0000,0.0490,0.0025,200,4.6678
0.0447,0.0000,0.0000,0.0000,0.0446,0.0001,200,4.6751
0.0363,0.0000,0.0000,0.0000,0.0362,0.0000,200,4.6886
0.0442,0.0000,0.0000,0.0000,0.0441,0.0000,200,4.6910
0.0513,0.0000,0.0000,0.0002,0.0503,0.0008,200,4.6846
1.1095,0.0000,0.0000,0.0000,1.1095,0.0000,200,3.6423
1.1046,0.0000,0.0000,0.0000,1.1045,0.0000,200,3.6546
0.0635,0.0000,0.0000,0.0000,0.0635,0.0000,200,4.7038
0.0567,0.0000,0.0000,0.0000,0.0566,0.0000,200,4.7181
0.0559,0.0000,0.0000,0.0000,0.0558,0.0000,200,4.7194
0.0624,0.0000,0.0000,0.0000,0.0622,0.0003,200,4.7198
0.0443,0.0000,0.0000,0.0000,0.0443,0.0000,200,4.7518
0.0652,0.0000,0.0000,0.0009,0.0643,0.0000,200,4.7352
0.0497,0.0000,0.0000,0.0001,0.0495,0.0000,200,4.7592
0.0448,0.0000,0.0000,0.0000,0.0445,0.0002,200,4.7674
0.0539,0.0000,0.0000,0.0005,0.0531,0.0001,200,4.7748
0.0403,0.0000,0.0000,0.0000,0.0402,0.0001,200,4.7961
0.0621,0.0000,0.0000,0.0000,0.0621,0.0000,200,4.7752
0.0554,0.0000,0.0000,0.0000,0.0554,0.0000,200,4.7822
0.0414,0.0000,0.0000,0.0000,0.0414,0.0000,200,4.8004
0.0488,0.0000,0.0000,0.0000,0.0487,0.0001,200,4.8122
0.0342,0.0000,0.0000,0.0000,0.0340,0.0001,200,4.8287
0.0580,0.0000,0.0000,0.0000,0.0569,0.0000,200,4.8089
1.0551,0.0000,0.0000,0.0000,1.0550,0.0001,200,3.8216
1.1096,0.0000,0.0000,0.0000,1.1095,0.0001,200,3.7772
0.0519,0.0000,0.0000,0.0000,0.0518,0.0000,200,4.8374
0.0591,0.0000,0.0000,0.0000,0.0584,0.0006,200,4.8364
0.0659,0.0000,0.0000,0.0001,0.0657,0.0001,200,4.8419
0.0714,0.0000,0.0000,0.0000,0.0712,0.0002,200,4.8377
0.0534,0.0000,0.0000,0.0000,0.0534,0.0000,200,4.8609
0.0455,0.0000,0.0000,0.0000,0.0454,0.0000,200,4.8766
0.0422,0.0000,0.0000,0.0000,0.0420,0.0001,200,4.8868
0.0452,0.0000,0.0000,0.0000,0.0451,0.0000,200,4.8893
0.0470,0.0000,0.0000,0.0000,0.0463,0.0007,200,4.8955
0.0408,0.0000,0.0000,0.0000,0.0407,0.0000,200,4.9078
0.0458,0.0000,0.0000,0.0000,0.0454,0.0004,200,4.9091
0.0456,0.0000,0.0000,0.0000,0.0455,0.0000,200,4.9143
0.0430,0.0000,0.0000,0.0000,0.0429,0.0000,200,4.9221
0.0443,0.0000,0.0000,0.0000,0.0430,0.0013,200,4.9290
0.0490,0.0000,0.0000,0.0000,0.0490,0.0000,200,4.9344
0.0392,0.0000,0.0000,0.0000,0.0392,0.0000,200,4.9486
0.0456,0.0000,0.0000,0.0000,0.0455,0.0000,200,4.9425
0.0511,0.0000,0.0000,0.0000,0.0511,0.0000,200,4.9599
0.0563,0.0000,0.0000,0.0000,0.0563,0.0000,200,4.9549
1.0814,0.0000,0.0000,0.0000,1.0813,0.0000,200,3.9423
0.0554,0.0000,0.0000,0.0000,0.0553,0.0000,200,4.9733
0.0536,0.0000,0.0000,0.0000,0.0535,0.0000,200,4.9835
0.0740,0.0000,0.0000,0.0009,0.0731,0.0000,200,4.9651
0.0560,0.0000,0.0000,0.0000,0.0558,0.0002,200,4.9878
0.0465,0.0000,0.0000,0.0000,0.0464,0.0001,200,5.0112
0.0523,0.0000,0.0000,0.0000,0.0519,0.0004,200,5.0111
1.0527,0.0000,0.0000,0.0000,1.0526,0.0001,200,4.0191
1.1104,0.0000,0.0000,0.0000,1.1103,0.0001,200,3.9715
0.0697,0.0000,0.0000,0.0000,0.0696,0.0000,200,5.0236
0.0512,0.0000,0.0000,0.0000,0.0511,0.0001,200,5.0718
0.0977,0.0000,0.0000,0.0000,0.0976,0.0000,200,5.0287
0.0646,0.0000,0.0000,0.0000,0.0646,0.0000,200,5.0634
0.0885,0.0000,0.0000,0.0000,0.0884,0.0001,200,5.0439
0.0812,0.0000,0.0000,0.0000,0.0811,0.0001,200,5.0577
0.0659,0.0000,0.0000,0.0000,0.0658,0.0001,200,5.0818
0.0445,0.0000,0.0000,0.0000,0.0444,0.0000,200,5.1231
1.0976,0.0000,0.0000,0.0000,1.0976,0.0000,200,4.0701
0.0424,0.0000,0.0000,0.0000,0.0420,0.0000,200,5.1264
0.0418,0.0000,0.0000,0.0000,0.0417,0.0000,200,5.1280
0.0787,0.0000,0.0000,0.0000,0.0786,0.0000,200,5.0933
0.0444,0.0000,0.0000,0.0000,0.0443,0.0000,200,5.1389
0.0513,0.0000,0.0000,0.0000,0.0504,0.0008,200,5.1324
0.0508,0.0000,0.0000,0.0000,0.0502,0.0006,200,5.1477
0.0383,0.0000,0.0000,0.0000,0.0382,0.0000,200,5.1677
0.0446,0.0000,0.0000,0.0000,0.0445,0.0000,200,5.1676
0.0473,0.0000,0.0000,0.0000,0.0472,0.0000,200,5.1698
0.0542,0.0000,0.0000,0.0000,0.0541,0.0000,200,5.1688
0.0448,0.0000,0.0000,0.0000,0.0446,0.0001,200,5.1833
0.0493,0.0000,0.0000,0.0000,0.0493,0.0000,200,5.1836
0.0483,0.0000,0.0000,0.0000,0.0482,0.0001,200,5.1985
0.0409,0.0000,0.0000,0.0000,0.0408,0.0000,200,5.2121
0.0470,0.0000,0.0000,0.0000,0.0470,0.0000,200,5.2060
0.0415,0.0000,0.0000,0.0000,0.0414,0.0000,200,5.2171
0.0422,0.0000,0.0000,0.0000,0.0421,0.0001,200,5.2230
0.0440,0.0000,0.0000,0.0000,0.0439,0.0000,200,5.2281
0.0449,0.0000,0.0000,0.0000,0.0447,0.0001,200,5.2468
0.0589,0.0000,0.0000,0.0000,0.0588,0.0000,200,5.2330
0.0593,0.0000,0.0000,0.0000,0.0593,0.0000,200,5.2530
0.0540,0.0000,0.0000,0.0000,0.0540,0.0000,200,5.2585
0.0693,0.0000,0.0000,0.0000,0.0692,0.0000,200,5.2530
0.0649,0.0000,0.0000,0.0000,0.0649,0.0001,200,5.2652
0.0650,0.0000,0.0000,0.0000,0.0649,0.0000,200,5.2721
0.0596,0.0000,0.0000,0.0000,0.0596,0.0000,200,5.2917
0.0597,0.0000,0.0000,0.0000,0.0597,0.0000,200,5.2919
1.3205,0.0000,0.0000,0.0000,1.3205,0.0000,200,4.0410
0.0550,0.0000,0.0000,0.0000,0.0548,0.0002,200,5.3123
0.0606,0.0000,0.0000,0.0000,0.0603,0.0002,200,5.3125
0.0682,0.0000,0.0000,0.0000,0.0681,0.0000,200,5.3223
0.0563,0.0000,0.0000,0.0000,0.0563,0.0000,200,5.3370
0.0636,0.0000,0.0000,0.0000,0.0631,0.0005,200,5.3301
1.0813,0.0000,0.0000,0.0000,1.0802,0.0010,200,4.3167
0.0574,0.0000,0.0000,0.0000,0.0573,0.0000,200,5.3513
0.0555,0.0000,0.0000,0.0000,0.0554,0.0000,200,5.3615
0.0487,0.0000,0.0000,0.0000,0.0487,0.0000,200,5.3731
0.0562,0.0000,0.0000,0.0000,0.0561,0.0001,200,5.3674
0.0408,0.0000,0.0000,0.0000,0.0407,0.0000,200,5.3905
0.0536,0.0000,0.0000,0.0000,0.0536,0.0000,200,5.3937
0.0637,0.0000,0.0000,0.0000,0.0636,0.0000,200,5.3933
1.0621,0.0000,0.0000,0.0000,1.0616,0.0004,200,4.4032
0.0693,0.0000,0.0000,0.0000,0.0692,0.0000,200,5.4087
0.0791,0.0000,0.0000,0.0000,0.0791,0.0000,200,5.4170
0.0825,0.0000,0.0000,0.0000,0.0825,0.0000,200,5.4218
0.0732,0.0000,0.0000,0.0000,0.0730,0.0001,200,5.4313
0.0677,0.0000,0.0000,0.0000,0.0676,0.0000,200,5.4474
0.0778,0.0000,0.0000,0.0000,0.0777,0.0001,200,5.4653
0.0953,0.0000,0.0000,0.0000,0.0952,0.0000,200,5.4570
1.1057,0.0000,0.0000,0.0000,1.1056,0.0000,200,4.4505
0.0856,0.0000,0.0000,0.0000,0.0855,0.0000,200,5.4780
0.0643,0.0000,0.0000,0.0000,0.0640,0.0002,200,5.5150
0.0752,0.0000,0.0000,0.0000,0.0752,0.0000,200,5.5044
0.0845,0.0000,0.0000,0.0000,0.0844,0.0001,200,5.4961
0.0462,0.0000,0.0000,0.0000,0.0461,0.0000,200,5.5431
0.0462,0.0000,0.0000,0.0000,0.0461,0.0000,200,5.5523
0.0555,0.0000,0.0000,0.0000,0.0554,0.0000,200,5.5562
0.0485,0.0000,0.0000,0.0000,0.0479,0.0006,200,5.5635
0.0442,0.0000,0.0000,0.0000,0.0440,0.0002,200,5.5796
0.0474,0.0000,0.0000,0.0000,0.0473,0.0000,200,5.5793
0.0595,0.0000,0.0000,0.0000,0.0595,0.0000,200,5.5806
0.0547,0.0000,0.0000,0.0000,0.0546,0.0000,200,5.5893
0.0617,0.0000,0.0000,0.0000,0.0616,0.0001,200,5.5985
0.0451,0.0000,0.0000,0.0000,0.0451,0.0000,200,5.6238
0.0540,0.0000,0.0000,0.0000,0.0539,0.0000,200,5.6267
0.0854,0.0000,0.0000,0.0000,0.0854,0.0000,200,5.6121
0.0958,0.0000,0.0000,0.0000,0.0958,0.0000,200,5.6117
0.0678,0.0000,0.0000,0.0000,0.0673,0.0005,200,5.6402
0.0635,0.0000,0.0000,0.0000,0.0634,0.0001,200,5.6602
0.0644,0.0000,0.0000,0.0000,0.0643,0.0000,200,5.6690
0.0955,0.0000,0.0000,0.0000,0.0953,0.0002,200,5.6440
0.0609,0.0000,0.0000,0.0000,0.0608,0.0000,200,5.6807
0.0474,0.0000,0.0000,0.0000,0.0473,0.0001,200,5.6975
0.0426,0.0000,0.0000,0.0000,0.0425,0.0000,200,5.7079
0.0515,0.0000,0.0000,0.0000,0.0514,0.0001,200,5.7075
1.0392,0.0000,0.0000,0.0000,1.0391,0.0000,200,4.7249
0.0405,0.0000,0.0000,0.0001,0.0403,0.0000,200,5.7237
0.0498,0.0000,0.0000,0.0028,0.0440,0.0001,200,5.7334
0.0441,0.0000,0.0000,0.0001,0.0431,0.0009,200,5.7395
0.0523,0.0000,0.0000,0.0000,0.0522,0.0000,200,5.7450
0.0645,0.0000,0.0000,0.0002,0.0640,0.0001,200,5.7416
0.0570,0.0000,0.0000,0.0000,0.0567,0.0000,200,5.7505
0.0503,0.0000,0.0000,0.0000,0.0503,0.0000,200,5.7591
0.0500,0.0000,0.0000,0.0000,0.0500,0.0000,200,5.7641
0.0388,0.0000,0.0000,0.0000,0.0385,0.0002,200,5.7836
0.0404,0.0000,0.0000,0.0001,0.0402,0.0000,200,5.7832
1.0964,0.0000,0.0000,0.0000,1.0962,0.0001,200,4.7359
0.0355,0.0000,0.0000,0.0000,0.0355,0.0000,200,5.8075
0.0518,0.0000,0.0000,0.0000,0.0517,0.0001,200,5.8094
0.0663,0.0000,0.0000,0.0000,0.0662,0.0000,200,5.7973
0.0513,0.0000,0.0000,0.0000,0.0513,0.0000,200,5.8141
0.0623,0.0000,0.0000,0.0000,0.0622,0.0000,200,5.8060
0.0500,0.0000,0.0000,0.0000,0.0499,0.0000,200,5.8236
0.0520,0.0000,0.0000,0.0000,0.0520,0.0001,200,5.8224
0.0580,0.0000,0.0000,0.0000,0.0580,0.0000,200,5.8323
0.0483,0.0000,0.0000,0.0000,0.0481,0.0001,200,5.8430
0.0405,0.0000,0.0000,0.0000,0.0404,0.0000,200,5.8635
0.0467,0.0000,0.0000,0.0000,0.0465,0.0001,200,5.8611
0.0483,0.0000,0.0000,0.0000,0.0482,0.0001,200,5.8684
0.0323,0.0000,0.0000,0.0000,0.0323,0.0001,200,5.8904
0.0486,0.0000,0.0000,0.0000,0.0484,0.0002,200,5.8744
0.0387,0.0000,0.0000,0.0000,0.0381,0.0006,200,5.8913
0.0651,0.0000,0.0000,0.0000,0.0650,0.0000,200,5.8654
0.0333,0.0000,0.0000,0.0000,0.0323,0.0009,200,5.9040
0.0443,0.0000,0.0000,0.0000,0.0439,0.0003,200,5.9078
0.0466,0.0000,0.0000,0.0000,0.0465,0.0001,200,5.9167
1.1014,0.0000,0.0000,0.0000,1.1012,0.0002,200,4.8669
1.1068,0.0000,0.0000,0.0000,1.1067,0.0001,200,4.8629
0.0482,0.0000,0.0000,0.0000,0.0481,0.0000,200,5.9227
0.0403,0.0000,0.0000,0.0000,0.0402,0.0000,200,5.9373
0.0500,0.0000,0.0000,0.0000,0.0500,0.0000,200,5.9306
0.0352,0.0000,0.0000,0.0000,0.0352,0.0000,200,5.9633
0.0570,0.0000,0.0000,0.0000,0.0570,0.0000,200,5.9521
0.0433,0.0000,0.0000,0.0000,0.0432,0.0000,200,5.9684
0.0578,0.0000,0.0000,0.0000,0.0571,0.0007,200,5.9697
0.0612,0.0000,0.0000,0.0000,0.0611,0.0001,200,5.9806
0.0831,0.0000,0.0000,0.0001,0.0830,0.0000,200,5.9709
0.0795,0.0000,0.0000,0.0000,0.0795,0.0000,200,5.9776
0.0560,0.0000,0.0000,0.0000,0.0559,0.0000,200,6.0116
0.0622,0.0000,0.0000,0.0000,0.0616,0.0006,200,6.0091
0.0751,0.0000,0.0000,0.0000,0.0750,0.0000,200,5.9985
0.0554,0.0000,0.0000,0.0000,0.0554,0.0000,200,6.0275
0.0488,0.0000,0.0000,0.0000,0.0488,0.0000,200,6.0418
1.0691,0.0000,0.0000,0.0000,1.0690,0.0000,200,5.0370
1.0825,0.0000,0.0000,0.0000,1.0823,0.0002,200,5.0391
0.0686,0.0000,0.0000,0.0000,0.0686,0.0000,200,6.0540
0.0676,0.0000,0.0000,0.0000,0.0675,0.0000,200,6.0571
0.0656,0.0000,0.0000,0.0000,0.0655,0.0001,200,6.0714
0.0591,0.0000,0.0000,0.0000,0.0591,0.0000,200,6.0830
0.0527,0.0000,0.0000,0.0000,0.0526,0.0001,200,6.0906
0.0475,0.0000,0.0000,0.0000,0.0474,0.0001,200,6.1061
0.0333,0.0000,0.0000,0.0000,0.0330,0.0002,200,6.1216
0.0396,0.0000,0.0000,0.0000,0.0396,0.0000,200,6.1226
0.0433,0.0000,0.0000,0.0002,0.0431,0.0001,200,6.1247
0.0367,0.0000,0.0000,0.0000,0.0366,0.0000,200,6.1370
0.0469,0.0000,0.0000,0.0000,0.0461,0.0007,200,6.1537
0.0591,0.0000,0.0000,0.0000,0.0590,0.0000,200,6.1421
0.0511,0.0000,0.0000,0.0000,0.0510,0.0000,200,6.1549
0.0454,0.0000,0.0000,0.0000,0.0453,0.0000,200,6.1680
0.0515,0.0000,0.0000,0.0000,0.0515,0.0000,200,6.1622
0.0712,0.0000,0.0000,0.0000,0.0712,0.0000,200,6.1433
0.0309,0.0000,0.0000,0.0000,0.0309,0.0000,200,6.2012
0.0640,0.0000,0.0000,0.0000,0.0639,0.0000,200,6.1737
0.0435,0.0000,0.0000,0.0000,0.0435,0.0000,200,6.2005
0.0450,0.0000,0.0000,0.0000,0.0449,0.0000,200,6.2060
0.0408,0.0000,0.0000,0.0000,0.0407,0.0001,200,6.2134
0.0441,0.0000,0.0000,0.0000,0.0441,0.0000,200,6.2137
0.0504,0.0000,0.0000,0.0000,0.0504,0.0001,200,6.2145
0.0408,0.0000,0.0000,0.0000,0.0408,0.0000,200,6.2321
0.0370,0.0000,0.0000,0.0000,0.0370,0.0000,200,6.2377
0.0545,0.0000,0.0000,0.0000,0.0544,0.0000,200,6.2510
0.0662,0.0000,0.0000,0.0000,0.0661,0.0001,200,6.2542
0.0764,0.0000,0.0000,0.0000,0.0764,0.0000,200,6.2441
0.0751,0.0000,0.0000,0.0000,0.0750,0.0000,200,6.2579
1.3466,0.0000,0.0000,0.0000,1.3466,0.0000,200,4.9881
0.0712,0.0000,0.0000,0.0000,0.0712,0.0000,200,6.2747
0.0812,0.0000,0.0000,0.0000,0.0811,0.0000,200,6.2649
0.0518,0.0000,0.0000,0.0000,0.0517,0.0001,200,6.3054
0.0456,0.0000,0.0000,0.0000,0.0455,0.0000,200,6.3204
0.0476,0.0000,0.0000,0.0000,0.0476,0.0000,200,6.3205
0.0490,0.0000,0.0000,0.0000,0.0477,0.0013,200,6.3330
0.0520,0.0000,0.0000,0.0001,0.0519,0.0000,200,6.3347
0.0510,0.0000,0.0000,0.0000,0.0510,0.0000,200,6.3461
0.0610,0.0000,0.0000,0.0000,0.0609,0.0000,200,6.3460
0.0507,0.0000,0.0000,0.0000,0.0507,0.0000,200,6.3573
1.0698,0.0000,0.0000,0.0000,1.0697,0.0000,200,5.3516
0.0548,0.0000,0.0000,0.0000,0.0548,0.0000,200,6.3681
0.0463,0.0000,0.0000,0.0000,0.0463,0.0000,200,6.3820
0.0439,0.0000,0.0000,0.0000,0.0439,0.0000,200,6.3868
0.0424,0.0000,0.0000,0.0000,0.0423,0.0000,200,6.3971
0.0358,0.0000,0.0000,0.0000,0.0357,0.0000,200,6.4069
0.0514,0.0000,0.0000,0.0000,0.0513,0.0000,200,6.4080
0.0386,0.0000,0.0000,0.0000,0.0386,0.0000,200,6.4214
0.0422,0.0000,0.0000,0.0000,0.0421,0.0001,200,6.4229
0.0415,0.0000,0.0000,0.0000,0.0415,0.0000,200,6.4283
0.0454,0.0000,0.0000,0.0000,0.0454,0.0000,200,6.4307
0.0557,0.0000,0.0000,0.0000,0.0556,0.0001,200,6.4395
0.0579,0.0000,0.0000,0.0000,0.0577,0.0002,200,6.4427
0.0423,0.0000,0.0000,0.0000,0.0422,0.0000,200,6.4600
0.0433,0.0000,0.0000,0.0000,0.0432,0.0000,200,6.4594
0.0486,0.0000,0.0000,0.0000,0.0485,0.0000,200,6.4651
0.0461,0.0000,0.0000,0.0000,0.0461,0.0001,200,6.4698
0.0448,0.0000,0.0000,0.0000,0.0448,0.0000,200,6.4761
0.0380,0.0000,0.0000,0.0000,0.0378,0.0002,200,6.5007
0.0445,0.0000,0.0000,0.0000,0.0444,0.0000,200,6.4952
0.0414,0.0000,0.0000,0.0000,0.0399,0.0015,200,6.5027
0.0507,0.0000,0.0000,0.0000,0.0506,0.0001,200,6.5023
0.0521,0.0000,0.0000,0.0000,0.0521,0.0000,200,6.5137
0.0534,0.0000,0.0000,0.0000,0.0534,0.0000,200,6.5160
0.0571,0.0000,0.0000,0.0000,0.0571,0.0000,200,6.5209
0.0469,0.0000,0.0000,0.0000,0.0468,0.0000,200,6.5397
0.0475,0.0000,0.0000,0.0000,0.0473,0.0002,200,6.5441
0.0551,0.0000,0.0000,0.0000,0.0550,0.0000,200,6.5387
0.0447,0.0000,0.0000,0.0000,0.0446,0.0001,200,6.5529
1.0999,0.0000,0.0000,0.0006,1.0992,0.0001,200,5.5044
0.0487,0.0000,0.0000,0.0000,0.0484,0.0000,200,6.5658
0.0511,0.0000,0.0000,0.0000,0.0510,0.0000,200,6.5694
0.0514,0.0000,0.0000,0.0000,0.0513,0.0000,200,6.5781
0.0478,0.0000,0.0000,0.0000,0.0477,0.0000,200,6.5866
0.0484,0.0000,0.0000,0.0000,0.0484,0.0000,200,6.5916
0.0468,0.0000,0.0000,0.0000,0.0467,0.0001,200,6.5938
0.0438,0.0000,0.0000,0.0000,0.0437,0.0000,200,6.6042
0.0393,0.0000,0.0000,0.0000,0.0392,0.0001,200,6.6145
0.0455,0.0000,0.0000,0.0000,0.0454,0.0000,200,6.6205
0.0481,0.0000,0.0000,0.0000,0.0480,0.0000,200,6.6295
0.0550,0.0000,0.0000,0.0001,0.0549,0.0000,200,6.6401
0.0623,0.0000,0.0000,0.0000,0.0622,0.0000,200,6.6344
0.0590,0.0000,0.0000,0.0000,0.0588,0.0001,200,6.6406
0.0528,0.0000,0.0000,0.0000,0.0527,0.0000,200,6.6480
0.0577,0.0000,0.0000,0.0000,0.0574,0.0003,200,6.6538
0.0464,0.0000,0.0000,0.0000,0.0463,0.0000,200,6.6660
0.0526,0.0000,0.0000,0.0000,0.0525,0.0001,200,6.6776
0.0494,0.0000,0.0000,0.0000,0.0493,0.0000,200,6.6951
0.0479,0.0000,0.0000,0.0000,0.0479,0.0000,200,6.6966
0.0498,0.0000,0.0000,0.0000,0.0498,0.0000,200,6.6996
0.0509,0.0000,0.0000,0.0000,0.0508,0.0001,200,6.7008
0.0522,0.0000,0.0000,0.0006,0.0515,0.0000,200,6.7115
0.0588,0.0000,0.0000,0.0000,0.0588,0.0000,200,6.7124
0.0461,0.0000,0.0000,0.0000,0.0460,0.0000,200,6.7302
0.0383,0.0000,0.0000,0.0000,0.0383,0.0000,200,6.7444
0.0389,0.0000,0.0000,0.0000,0.0389,0.0000,200,6.7446
0.0510,0.0000,0.0000,0.0000,0.0509,0.0001,200,6.7517
0.0431,0.0000,0.0000,0.0001,0.0429,0.0002,200,6.7637
0.0591,0.0000,0.0000,0.0000,0.0591,0.0000,200,6.7494
0.0448,0.0000,0.0000,0.0000,0.0445,0.0003,200,6.7712
0.0412,0.0000,0.0000,0.0000,0.0411,0.0000,200,6.7763
0.0472,0.0000,0.0000,0.0000,0.0470,0.0001,200,6.7835
0.0543,0.0000,0.0000,0.0000,0.0540,0.0002,200,6.7828
0.0353,0.0000,0.0000,0.0000,0.0348,0.0002,200,6.8027
0.0432,0.0000,0.0000,0.0000,0.0431,0.0000,200,6.8085
0.0471,0.0000,0.0000,0.0007,0.0461,0.0003,200,6.8160
0.0568,0.0000,0.0000,0.0000,0.0567,0.0001,200,6.8068
1.1022,0.0000,0.0000,0.0000,1.1021,0.0000,200,5.7642
0.0681,0.0000,0.0000,0.0000,0.0680,0.0001,200,6.8174
0.0513,0.0000,0.0000,0.0000,0.0512,0.0000,200,6.8380
0.0663,0.0000,0.0000,0.0000,0.0663,0.0000,200,6.8309
0.0544,0.0000,0.0000,0.0000,0.0543,0.0001,200,6.8517
0.0475,0.0000,0.0000,0.0000,0.0474,0.0000,200,6.8636
0.0565,0.0000,0.0000,0.0000,0.0564,0.0001,200,6.8631
0.0534,0.0000,0.0000,0.0000,0.0534,0.0000,200,6.8664
1.0522,0.0000,0.0000,0.0000,1.0522,0.0001,200,5.8735
0.0470,0.0000,0.0000,0.0000,0.0470,0.0000,200,6.8855
0.0534,0.0000,0.0000,0.0000,0.0532,0.0002,200,6.8893
0.0561,0.0000,0.0000,0.0000,0.0560,0.0000,200,6.8972
0.0519,0.0000,0.0000,0.0000,0.0519,0.0001,200,6.9111
0.0581,0.0000,0.0000,0.0000,0.0580,0.0000,200,6.9062
0.0457,0.0000,0.0000,0.0000,0.0457,0.0000,200,6.9195
0.0474,0.0000,0.0000,0.0000,0.0472,0.0001,200,6.9258
0.0475,0.0000,0.0000,0.0000,0.0474,0.0001,200,6.9325
0.0488,0.0000,0.0000,0.0000,0.0487,0.0000,200,6.9428
0.0452,0.0000,0.0000,0.0000,0.0452,0.0000,200,6.9533
0.0362,0.0000,0.0000,0.0000,0.0352,0.0010,200,6.9631
0.0530,0.0000,0.0000,0.0000,0.0529,0.0001,200,6.9653
0.0541,0.0000,0.0000,0.0000,0.0541,0.0000,200,6.9642
0.0541,0.0000,0.0000,0.0000,0.0541,0.0000,200,6.9731
0.0497,0.0000,0.0000,0.0000,0.0496,0.0001,200,6.9800
0.0445,0.0000,0.0000,0.0000,0.0444,0.0001,200,6.9985
0.0547,0.0000,0.0000,0.0000,0.0546,0.0000,200,6.9915
4.1494,0.0000,0.0000,0.0000,4.1493,0.0001,200,2.9138
0.0656,0.0000,0.0000,0.0000,0.0656,0.0000,200,6.9993
0.0486,0.0000,0.0000,0.0000,0.0485,0.0000,200,7.0184
0.0487,0.0000,0.0000,0.0000,0.0486,0.0000,200,7.0273
0.0445,0.0000,0.0000,0.0000,0.0444,0.0002,200,7.0430
0.0589,0.0000,0.0000,0.0000,0.0588,0.0000,200,7.0298
0.0391,0.0000,0.0000,0.0000,0.0389,0.0000,200,7.0631
0.0580,0.0000,0.0000,0.0000,0.0580,0.0000,200,7.0462
0.0449,0.0000,0.0000,0.0000,0.0448,0.0000,200,7.0649
0.0555,0.0000,0.0000,0.0000,0.0553,0.0001,200,7.0670
0.0593,0.0000,0.0000,0.0000,0.0592,0.0000,200,7.0760
0.0391,0.0000,0.0000,0.0000,0.0390,0.0000,200,7.1023
0.0446,0.0000,0.0000,0.0000,0.0444,0.0002,200,7.1042
0.0499,0.0000,0.0000,0.0000,0.0497,0.0001,200,7.1097
0.0735,0.0000,0.0000,0.0000,0.0734,0.0000,200,7.0876
0.0404,0.0000,0.0000,0.0001,0.0403,0.0000,200,7.1224
0.0811,0.0000,0.0000,0.0000,0.0810,0.0000,200,7.0886
1.1087,0.0000,0.0000,0.0000,1.1086,0.0000,200,6.0676
1.1033,0.0000,0.0000,0.0000,1.1032,0.0000,200,6.0736
0.0534,0.0000,0.0000,0.0000,0.0533,0.0001,200,7.1353
0.0498,0.0000,0.0000,0.0000,0.0493,0.0003,200,7.1413
0.0454,0.0000,0.0000,0.0000,0.0453,0.0001,200,7.1596
0.0578,0.0000,0.0000,0.0000,0.0574,0.0004,200,7.1488
0.0571,0.0000,0.0000,0.0000,0.0570,0.0001,200,7.1697
0.0574,0.0000,0.0000,0.0000,0.0567,0.0006,200,7.1763
0.0713,0.0000,0.0000,0.0000,0.0712,0.0000,200,7.1628
0.0606,0.0000,0.0000,0.0000,0.0600,0.0000,200,7.1769
2.0706,0.0000,0.0000,0.0000,2.0705,0.0000,200,5.1720
0.0576,0.0000,0.0000,0.0000,0.0576,0.0000,200,7.1887
0.0507,0.0000,0.0000,0.0000,0.0506,0.0000,200,7.2050
0.0496,0.0000,0.0000,0.0000,0.0495,0.0000,200,7.2066
0.0465,0.0000,0.0000,0.0000,0.0453,0.0002,200,7.2269
0.0401,0.0000,0.0000,0.0000,0.0400,0.0000,200,7.2337
0.0443,0.0000,0.0000,0.0000,0.0442,0.0001,200,7.2341
0.0545,0.0000,0.0000,0.0000,0.0544,0.0000,200,7.2375
0.0504,0.0000,0.0000,0.0000,0.0503,0.0000,200,7.2426
0.0512,0.0000,0.0000,0.0000,0.0508,0.0004,200,7.2562
0.0479,0.0000,0.0000,0.0000,0.0478,0.0001,200,7.2784
0.0713,0.0000,0.0000,0.0000,0.0713,0.0000,200,7.2557
0.0534,0.0000,0.0000,0.0000,0.0530,0.0004,200,7.2738
0.0549,0.0000,0.0000,0.0000,0.0548,0.0000,200,7.2734
0.0481,0.0000,0.0000,0.0000,0.0477,0.0003,200,7.2920
0.0486,0.0000,0.0000,0.0000,0.0485,0.0001,200,7.2930
0.0343,0.0000,0.0000,0.0000,0.0342,0.0001,200,7.3263
0.0545,0.0000,0.0000,0.0000,0.0544,0.0001,200,7.3074
1.0891,0.0000,0.0000,0.0000,1.0891,0.0000,200,6.2729
0.0414,0.0000,0.0000,0.0000,0.0413,0.0000,200,7.3271
0.0565,0.0000,0.0000,0.0000,0.0553,0.0012,200,7.3270
0.0638,0.0000,0.0000,0.0000,0.0637,0.0001,200,7.3401
0.0629,0.0000,0.0000,0.0001,0.0628,0.0000,200,7.3416
0.0809,0.0000,0.0000,0.0000,0.0808,0.0000,200,7.3283
0.0511,0.0000,0.0000,0.0000,0.0511,0.0000,200,7.3619
0.0635,0.0000,0.0000,0.0000,0.0634,0.0001,200,7.3606
0.0817,0.0000,0.0000,0.0000,0.0817,0.0000,200,7.3621
1.0795,0.0000,0.0000,0.0000,1.0794,0.0000,200,6.3660
0.0469,0.0000,0.0000,0.0000,0.0468,0.0000,200,7.4039
0.0675,0.0000,0.0000,0.0000,0.0675,0.0000,200,7.3835
0.0468,0.0000,0.0000,0.0000,0.0462,0.0006,200,7.4045
0.0509,0.0000,0.0000,0.0000,0.0508,0.0000,200,7.4091
0.0376,0.0000,0.0000,0.0000,0.0376,0.0000,200,7.4241
0.0281,0.0000,0.0000,0.0000,0.0275,0.0005,200,7.4438
0.0375,0.0000,0.0000,0.0000,0.0374,0.0001,200,7.4456
0.0367,0.0000,0.0000,0.0000,0.0349,0.0018,200,7.4513
0.0515,0.0000,0.0000,0.0000,0.0511,0.0003,200,7.4508
0.0513,0.0000,0.0000,0.0000,0.0513,0.0000,200,7.4510
2.1136,0.0000,0.0000,0.0000,2.1135,0.0001,200,5.3979
0.0517,0.0000,0.0000,0.0000,0.0517,0.0000,200,7.4617
0.0481,0.0000,0.0000,0.0000,0.0465,0.0015,200,7.4719
0.0399,0.0000,0.0000,0.0000,0.0396,0.0003,200,7.4831
0.0494,0.0000,0.0000,0.0000,0.0493,0.0001,200,7.4879
0.0428,0.0000,0.0000,0.0000,0.0428,0.0000,200,7.5022
0.0439,0.0000,0.0000,0.0000,0.0438,0.0000,200,7.5023
0.0392,0.0000,0.0000,0.0000,0.0392,0.0000,200,7.5115
0.0565,0.0000,0.0000,0.0001,0.0524,0.0040,200,7.5135
0.0502,0.0000,0.0000,0.0000,0.0501,0.0000,200,7.5200
0.0460,0.0000,0.0000,0.0000,0.0450,0.0001,200,7.5450
0.0539,0.0000,0.0000,0.0000,0.0539,0.0000,200,7.5374
0.0493,0.0000,0.0000,0.0000,0.0492,0.0000,200,7.5462
0.0331,0.0000,0.0000,0.0000,0.0330,0.0000,200,7.5700
0.0358,0.0000,0.0000,0.0000,0.0358,0.0000,200,7.5702
0.0554,0.0000,0.0000,0.0000,0.0552,0.0001,200,7.5508
0.0181,0.0000,0.0000,0.0000,0.0180,0.0001,200,7.5913
0.0300,0.0000,0.0000,0.0000,0.0299,0.0000,200,7.5910
0.0358,0.0000,0.0000,0.0000,0.0357,0.0001,200,7.5955
0.0382,0.0000,0.0000,0.0000,0.0381,0.0000,200,7.6031
0.0388,0.0000,0.0000,0.0000,0.0387,0.0001,200,7.6061
0.0469,0.0000,0.0000,0.0000,0.0468,0.0001,200,7.6060
0.0442,0.0000,0.0000,0.0000,0.0441,0.0000,200,7.6093
0.0387,0.0000,0.0000,0.0000,0.0387,0.0000,200,7.6210
0.0340,0.0000,0.0000,0.0000,0.0339,0.0000,200,7.6313
0.0351,0.0000,0.0000,0.0000,0.0349,0.0000,200,7.6449
0.0389,0.0000,0.0000,0.0000,0.0388,0.0000,200,7.6413
1.0978,0.0000,0.0000,0.0000,1.0973,0.0005,200,6.5976
0.0572,0.0000,0.0000,0.0000,0.0571,0.0000,200,7.6529
0.0578,0.0000,0.0000,0.0000,0.0575,0.0003,200,7.6535
0.0523,0.0000,0.0000,0.0000,0.0522,0.0000,200,7.6597
0.0610,0.0000,0.0000,0.0000,0.0609,0.0000,200,7.6653
0.0448,0.0000,0.0000,0.0000,0.0447,0.0001,200,7.6954
0.0603,0.0000,0.0000,0.0000,0.0603,0.0000,200,7.6800
0.0664,0.0000,0.0000,0.0000,0.0656,0.0008,200,7.6801
0.0502,0.0000,0.0000,0.0000,0.0501,0.0001,200,7.7101
0.0582,0.0000,0.0000,0.0000,0.0581,0.0001,200,7.7120
0.0637,0.0000,0.0000,0.0000,0.0636,0.0000,200,7.7113
0.0581,0.0000,0.0000,0.0000,0.0581,0.0001,200,7.7263
0.0558,0.0000,0.0000,0.0000,0.0558,0.0000,200,7.7403
0.0608,0.0000,0.0000,0.0000,0.0607,0.0000,200,7.7402
0.0645,0.0000,0.0000,0.0000,0.0639,0.0005,200,7.7466
0.0619,0.0000,0.0000,0.0000,0.0617,0.0001,200,7.7603
0.0611,0.0000,0.0000,0.0000,0.0610,0.0000,200,7.7701
0.0581,0.0000,0.0000,0.0000,0.0574,0.0006,200,7.7750
0.0519,0.0000,0.0000,0.0000,0.0518,0.0001,200,7.7962
0.0677,0.0000,0.0000,0.0000,0.0676,0.0000,200,7.7844
0.0450,0.0000,0.0000,0.0000,0.0449,0.0000,200,7.8110
0.0560,0.0000,0.0000,0.0000,0.0559,0.0000,200,7.8010
0.0399,0.0000,0.0000,0.0007,0.0391,0.0000,200,7.8222
0.0362,0.0000,0.0000,0.0000,0.0361,0.0000,200,7.8312
0.0414,0.0000,0.0000,0.0000,0.0413,0.0000,200,7.8331
1.0633,0.0000,0.0000,0.0000,1.0632,0.0000,200,6.8370
0.0561,0.0000,0.0000,0.0000,0.0560,0.0000,200,7.8521
0.0650,0.0000,0.0000,0.0000,0.0649,0.0000,200,7.8480
0.0581,0.0000,0.0000,0.0000,0.0578,0.0004,200,7.8570
0.0599,0.0000,0.0000,0.0000,0.0599,0.0000,200,7.8621
0.0565,0.0000,0.0000,0.0000,0.0564,0.0001,200,7.8674
0.0301,0.0000,0.0000,0.0000,0.0301,0.0000,200,7.9003
0.0240,0.0000,0.0000,0.0000,0.0239,0.0000,200,7.9130
0.0628,0.0000,0.0000,0.0000,0.0627,0.0000,200,7.8745
0.0341,0.0000,0.0000,0.0000,0.0340,0.0000,200,7.9082
0.0347,0.0000,0.0000,0.0000,0.0346,0.0000,200,7.9151
0.0415,0.0000,0.0000,0.0000,0.0414,0.0000,200,7.9220
0.0471,0.0000,0.0000,0.0000,0.0471,0.0000,200,7.9239
0.0427,0.0000,0.0000,0.0000,0.0426,0.0001,200,7.9304
0.0447,0.0000,0.0000,0.0000,0.0447,0.0000,200,7.9372
0.0509,0.0000,0.0000,0.0000,0.0508,0.0001,200,7.9423
0.0626,0.0000,0.0000,0.0000,0.0625,0.0001,200,7.9370
0.0424,0.0000,0.0000,0.0000,0.0423,0.0000,200,7.9635
1.0946,0.0000,0.0000,0.0000,1.0929,0.0016,200,6.9198
0.0712,0.0000,0.0000,0.0000,0.0712,0.0000,200,7.9498
0.0626,0.0000,0.0000,0.0000,0.0624,0.0001,200,7.9731
0.0718,0.0000,0.0000,0.0000,0.0717,0.0000,200,7.9711
0.0509,0.0000,0.0000,0.0000,0.0508,0.0000,200,7.9996
0.0590,0.0000,0.0000,0.0000,0.0590,0.0000,200,7.9932
0.0467,0.0000,0.0000,0.0000,0.0467,0.0000,200,8.0059
0.0493,0.0000,0.0000,0.0000,0.0488,0.0004,200,8.0144
0.0459,0.0000,0.0000,0.0000,0.0458,0.0001,200,8.0210
1.0774,0.0000,0.0000,0.0000,1.0773,0.0001,200,7.0183
0.0495,0.0000,0.0000,0.0000,0.0491,0.0003,200,8.0505
0.0529,0.0000,0.0000,0.0000,0.0527,0.0000,200,8.0526
0.0627,0.0000,0.0000,0.0000,0.0626,0.0000,200,8.0428
0.0727,0.0000,0.0000,0.0006,0.0720,0.0001,200,8.0357
0.0639,0.0000,0.0000,0.0000,0.0637,0.0000,200,8.0523
0.0561,0.0000,0.0000,0.0000,0.0560,0.0000,200,8.0669
0.0403,0.0000,0.0000,0.0012,0.0388,0.0003,200,8.0957
0.0429,0.0000,0.0000,0.0000,0.0429,0.0000,200,8.1000
0.0502,0.0000,0.0000,0.0000,0.0502,0.0000,200,8.1054
0.0500,0.0000,0.0000,0.0000,0.0499,0.0000,200,8.1084
0.0540,0.0000,0.0000,0.0000,0.0539,0.0000,200,8.1055
0.0599,0.0000,0.0000,0.0000,0.0598,0.0001,200,8.1162
0.0600,0.0000,0.0000,0.0000,0.0599,0.0000,200,8.1230
0.0473,0.0000,0.0000,0.0000,0.0472,0.0000,200,8.1360
0.0453,0.0000,0.0000,0.0000,0.0452,0.0000,200,8.1429
0.0484,0.0000,0.0000,0.0000,0.0484,0.0000,200,8.1557
0.0458,0.0000,0.0000,0.0000,0.0458,0.0000,200,8.1584
0.0513,0.0000,0.0000,0.0000,0.0513,0.0000,200,8.1595
2.2944,0.0000,0.0000,0.0000,2.2944,0.0000,200,5.9230
2.2994,0.0000,0.0000,0.0000,2.2993,0.0000,200,5.9300
0.0601,0.0000,0.0000,0.0000,0.0598,0.0000,200,8.1760
0.0401,0.0000,0.0000,0.0000,0.0400,0.0000,200,8.2041
0.0563,0.0000,0.0000,0.0000,0.0562,0.0000,200,8.1882
0.0443,0.0000,0.0000,0.0000,0.0440,0.0003,200,8.2042
0.0467,0.0000,0.0000,0.0000,0.0466,0.0000,200,8.2174
0.0536,0.0000,0.0000,0.0000,0.0535,0.0000,200,8.2109
1.1103,0.0000,0.0000,0.0000,1.1100,0.0003,200,7.1610
0.0468,0.0000,0.0000,0.0000,0.0467,0.0001,200,8.2294
0.0374,0.0000,0.0000,0.0000,0.0373,0.0001,200,8.2445
0.0538,0.0000,0.0000,0.0000,0.0538,0.0000,200,8.2362
0.0525,0.0000,0.0000,0.0000,0.0525,0.0000,200,8.2485
0.0367,0.0000,0.0000,0.0000,0.0366,0.0000,200,8.2645
0.0423,0.0000,0.0000,0.0000,0.0423,0.0000,200,8.2714
0.0453,0.0000,0.0000,0.0000,0.0452,0.0000,200,8.2762
0.0576,0.0000,0.0000,0.0000,0.0575,0.0001,200,8.2641
2.9064,0.0000,0.0000,0.0000,2.9063,0.0001,200,5.4236
0.0599,0.0000,0.0000,0.0000,0.0599,0.0000,200,8.2819
0.0413,0.0000,0.0000,0.0000,0.0413,0.0000,200,8.3011
0.0551,0.0000,0.0000,0.0000,0.0550,0.0001,200,8.3010
0.0514,0.0000,0.0000,0.0000,0.0513,0.0001,200,8.3217
0.0518,0.0000,0.0000,0.0001,0.0517,0.0000,200,8.3215
0.0596,0.0000,0.0000,0.0000,0.0596,0.0000,200,8.3137
0.0491,0.0000,0.0000,0.0000,0.0490,0.0001,200,8.3301
0.0485,0.0000,0.0000,0.0000,0.0485,0.0000,200,8.3424
0.0587,0.0000,0.0000,0.0000,0.0574,0.0000,200,8.3419
0.0509,0.0000,0.0000,0.0000,0.0508,0.0000,200,8.3561
0.0394,0.0000,0.0000,0.0000,0.0393,0.0000,200,8.3732
0.0419,0.0000,0.0000,0.0000,0.0418,0.0000,200,8.3734
0.0587,0.0000,0.0000,0.0000,0.0586,0.0000,200,8.3731
0.0579,0.0000,0.0000,0.0000,0.0578,0.0000,200,8.3792
0.0465,0.0000,0.0000,0.0000,0.0455,0.0010,200,8.3910
0.0431,0.0000,0.0000,0.0000,0.0431,0.0000,200,8.4006
0.0478,0.0000,0.0000,0.0000,0.0476,0.0002,200,8.4070
0.0443,0.0000,0.0000,0.0000,0.0443,0.0000,200,8.4126
1.0654,0.0000,0.0000,0.0000,1.0653,0.0001,200,7.4130
0.0424,0.0000,0.0000,0.0000,0.0423,0.0001,200,8.4370
0.0514,0.0000,0.0000,0.0017,0.0495,0.0000,200,8.4318
0.0476,0.0000,0.0000,0.0002,0.0474,0.0000,200,8.4376
0.0613,0.0000,0.0000,0.0000,0.0612,0.0000,200,8.4437
0.0551,0.0000,0.0000,0.0000,0.0551,0.0000,200,8.4548
0.0581,0.0000,0.0000,0.0001,0.0580,0.0000,200,8.4570
1.0551,0.0000,0.0000,0.0000,1.0550,0.0000,200,7.4600
0.0459,0.0000,0.0000,0.0000,0.0458,0.0000,200,8.4784
0.0570,0.0000,0.0000,0.0000,0.0570,0.0000,200,8.4832
0.0654,0.0000,0.0000,0.0000,0.0653,0.0000,200,8.4794
0.0464,0.0000,0.0000,0.0000,0.0464,0.0000,200,8.5050
0.0762,0.0000,0.0000,0.0000,0.0761,0.0000,200,8.4852
0.0603,0.0000,0.0000,0.0000,0.0602,0.0000,200,8.5100
0.0594,0.0000,0.0000,0.0000,0.0592,0.0002,200,8.5151
0.0587,0.0000,0.0000,0.0000,0.0587,0.0000,200,8.5243
0.0496,0.0000,0.0000,0.0000,0.0496,0.0000,200,8.5402
1.0740,0.0000,0.0000,0.0000,1.0739,0.0000,200,7.5230
0.0523,0.0000,0.0000,0.0000,0.0523,0.0000,200,8.5448
0.0579,0.0000,0.0000,0.0000,0.0579,0.0001,200,8.5514
0.0572,0.0000,0.0000,0.0000,0.0572,0.0000,200,8.5614
0.0502,0.0000,0.0000,0.0000,0.0501,0.0000,200,8.5830
0.0590,0.0000,0.0000,0.0000,0.0589,0.0000,200,8.5745
0.0637,0.0000,0.0000,0.0000,0.0636,0.0000,200,8.5703
0.0562,0.0000,0.0000,0.0000,0.0561,0.0000,200,8.5899
0.0540,0.0000,0.0000,0.0000,0.0540,0.0000,200,8.5970
0.0468,0.0000,0.0000,0.0000,0.0466,0.0001,200,8.6094
0.0392,0.0000,0.0000,0.0000,0.0392,0.0000,200,8.6186
1.3024,0.0000,0.0000,0.0000,1.3024,0.0000,200,7.3685
0.0429,0.0000,0.0000,0.0000,0.0428,0.0000,200,8.6332
0.0448,0.0000,0.0000,0.0000,0.0447,0.0000,200,8.6339
0.0433,0.0000,0.0000,0.0000,0.0432,0.0000,200,8.6460
0.0473,0.0000,0.0000,0.0000,0.0473,0.0000,200,8.6510
0.0675,0.0000,0.0000,0.0000,0.0674,0.0000,200,8.6335
0.0482,0.0000,0.0000,0.0000,0.0481,0.0000,200,8.6561
0.0527,0.0000,0.0000,0.0000,0.0525,0.0001,200,8.6578
0.0447,0.0000,0.0000,0.0000,0.0447,0.0000,200,8.6710
0.0467,0.0000,0.0000,0.0000,0.0465,0.0002,200,8.6761
0.0502,0.0000,0.0000,0.0000,0.0501,0.0001,200,8.6787
0.0388,0.0000,0.0000,0.0000,0.0387,0.0000,200,8.7010
0.0513,0.0000,0.0000,0.0000,0.0512,0.0000,200,8.6893
0.0555,0.0000,0.0000,0.0000,0.0554,0.0000,200,8.7043
0.0504,0.0000,0.0000,0.0000,0.0492,0.0012,200,8.7105
0.0563,0.0000,0.0000,0.0000,0.0562,0.0000,200,8.7157
0.0595,0.0000,0.0000,0.0000,0.0594,0.0000,200,8.7228
0.0494,0.0000,0.0000,0.0000,0.0493,0.0000,200,8.7398
0.0605,0.0000,0.0000,0.0000,0.0604,0.0000,200,8.7289
0.0619,0.0000,0.0000,0.0000,0.0619,0.0000,200,8.7406
0.0441,0.0000,0.0000,0.0000,0.0440,0.0001,200,8.7609
0.0531,0.0000,0.0000,0.0000,0.0530,0.0001,200,8.7598
0.0463,0.0000,0.0000,0.0000,0.0461,0.0002,200,8.7823
0.0402,0.0000,0.0000,0.0000,0.0401,0.0000,200,8.7894
0.0626,0.0000,0.0000,0.0002,0.0621,0.0000,200,8.7720
0.0424,0.0000,0.0000,0.0000,0.0421,0.0003,200,8.8025
0.0564,0.0000,0.0000,0.0000,0.0563,0.0000,200,8.7891
0.0471,0.0000,0.0000,0.0000,0.0470,0.0000,200,8.8050
0.0447,0.0000,0.0000,0.0000,0.0446,0.0000,200,8.8129
0.0420,0.0000,0.0000,0.0000,0.0419,0.0000,200,8.8285
0.0412,0.0000,0.0000,0.0000,0.0412,0.0000,200,8.8296
0.0490,0.0000,0.0000,0.0000,0.0490,0.0000,200,8.8455
0.0608,0.0000,0.0000,0.0000,0.0608,0.0000,200,8.8346
0.0587,0.0000,0.0000,0.0000,0.0587,0.0000,200,8.8450
0.0555,0.0000,0.0000,0.0000,0.0555,0.0000,200,8.8521
0.0634,0.0000,0.0000,0.0000,0.0633,0.0000,200,8.8576
0.0512,0.0000,0.0000,0.0000,0.0512,0.0000,200,8.8708
1.0685,0.0000,0.0000,0.0000,1.0684,0.0000,200,7.8560
0.0442,0.0000,0.0000,0.0000,0.0441,0.0000,200,8.8954
0.0495,0.0000,0.0000,0.0000,0.0479,0.0015,200,8.8946
0.2484,0.0000,0.0000,0.0000,0.2484,0.0000,200,8.6984
0.0515,0.0000,0.0000,0.0000,0.0514,0.0000,200,8.9037
0.0687,0.0000,0.0000,0.0000,0.0685,0.0001,200,8.9076
0.0548,0.0000,0.0000,0.0000,0.0548,0.0000,200,8.9220
0.0573,0.0000,0.0000,0.0000,0.0572,0.0000,200,8.9210
0.0507,0.0000,0.0000,0.0000,0.0506,0.0000,200,8.9396
0.0466,0.0000,0.0000,0.0000,0.0465,0.0000,200,8.9440
0.0527,0.0000,0.0000,0.0000,0.0524,0.0003,200,8.9468
0.0484,0.0000,0.0000,0.0000,0.0484,0.0000,200,8.9551
0.0411,0.0000,0.0000,0.0000,0.0410,0.0000,200,8.9763
0.0480,0.0000,0.0000,0.0000,0.0479,0.0000,200,8.9768
0.0467,0.0000,0.0000,0.0000,0.0466,0.0000,200,8.9783
0.0486,0.0000,0.0000,0.0000,0.0486,0.0000,200,8.9906
0.0537,0.0000,0.0000,0.0000,0.0536,0.0000,200,8.9903
0.0506,0.0000,0.0000,0.0000,0.0504,0.0001,200,8.9995
0.0534,0.0000,0.0000,0.0000,0.0534,0.0000,200,9.0036
0.0470,0.0000,0.0000,0.0000,0.0465,0.0005,200,9.0174
0.0429,0.0000,0.0000,0.0000,0.0428,0.0000,200,9.0249
0.0487,0.0000,0.0000,0.0000,0.0486,0.0001,200,9.0248
0.0354,0.0000,0.0000,0.0001,0.0352,0.0001,200,9.0392
0.0372,0.0000,0.0000,0.0000,0.0372,0.0000,200,9.0440
0.0388,0.0000,0.0000,0.0001,0.0384,0.0003,200,9.0500
0.0437,0.0000,0.0000,0.0000,0.0436,0.0000,200,9.0570
0.0417,0.0000,0.0000,0.0000,0.0417,0.0000,200,9.0644
0.0449,0.0000,0.0000,0.0000,0.0446,0.0002,200,9.0679
0.0451,0.0000,0.0000,0.0000,0.0451,0.0001,200,9.0735
0.0461,0.0000,0.0000,0.0000,0.0460,0.0000,200,9.0746
0.0441,0.0000,0.0000,0.0000,0.0440,0.0000,200,9.0889
0.0518,0.0000,0.0000,0.0000,0.0517,0.0000,200,9.0812
0.0404,0.0000,0.0000,0.0000,0.0403,0.0000,200,9.1006
0.0418,0.0000,0.0000,0.0000,0.0418,0.0000,200,9.1062
0.0541,0.0000,0.0000,0.0000,0.0541,0.0000,200,9.1127
0.0498,0.0000,0.0000,0.0000,0.0498,0.0000,200,9.1186
1.1078,0.0000,0.0000,0.0000,1.1077,0.0000,200,8.0637
0.0614,0.0000,0.0000,0.0000,0.0613,0.0000,200,9.1206
0.0538,0.0000,0.0000,0.0000,0.0537,0.0000,200,9.1330
0.0513,0.0000,0.0000,0.0000,0.0499,0.0014,200,9.1410
0.0345,0.0000,0.0000,0.0000,0.0334,0.0011,200,9.1684
0.0463,0.0000,0.0000,0.0000,0.0461,0.0001,200,9.1669
0.0426,0.0000,0.0000,0.0000,0.0425,0.0001,200,9.1715
0.0673,0.0000,0.0000,0.0000,0.0672,0.0000,200,9.1480
0.0390,0.0000,0.0000,0.0000,0.0388,0.0002,200,9.1820
1.0458,0.0000,0.0000,0.0000,1.0457,0.0000,200,8.1833
0.0405,0.0000,0.0000,0.0000,0.0404,0.0000,200,9.2030
0.0699,0.0000,0.0000,0.0000,0.0699,0.0000,200,9.1868
0.0437,0.0000,0.0000,0.0000,0.0436,0.0000,200,9.2132
0.0453,0.0000,0.0000,0.0000,0.0452,0.0000,200,9.2153
0.0473,0.0000,0.0000,0.0000,0.0470,0.0003,200,9.2141
0.0630,0.0000,0.0000,0.0000,0.0627,0.0001,200,9.2210
0.0461,0.0000,0.0000,0.0000,0.0460,0.0000,200,9.2435
2.0987,0.0000,0.0000,0.0000,2.0986,0.0000,200,7.1911
0.0621,0.0000,0.0000,0.0000,0.0621,0.0000,200,9.2291
1.1145,0.0000,0.0000,0.0000,1.1143,0.0002,200,8.1830
0.0483,0.0000,0.0000,0.0000,0.0482,0.0000,200,9.2567
0.0515,0.0000,0.0000,0.0000,0.0515,0.0000,200,9.2605
0.0391,0.0000,0.0000,0.0000,0.0390,0.0000,200,9.2840
0.0367,0.0000,0.0000,0.0000,0.0365,0.0001,200,9.2895
0.0522,0.0000,0.0000,0.0000,0.0521,0.0000,200,9.2898
0.0509,0.0000,0.0000,0.0000,0.0509,0.0000,200,9.2912
0.0535,0.0000,0.0000,0.0000,0.0494,0.0040,200,9.2974
0.0591,0.0000,0.0000,0.0000,0.0590,0.0000,200,9.3050
1.0742,0.0000,0.0000,0.0000,1.0742,0.0000,200,8.2900
0.0597,0.0000,0.0000,0.0000,0.0596,0.0000,200,9.3231
0.0568,0.0000,0.0000,0.0000,0.0559,0.0009,200,9.3263
0.0470,0.0000,0.0000,0.0000,0.0469,0.0000,200,9.3421
0.0461,0.0000,0.0000,0.0000,0.0460,0.0000,200,9.3509
0.0550,0.0000,0.0000,0.0000,0.0550,0.0000,200,9.3420
0.0389,0.0000,0.0000,0.0000,0.0389,0.0000,200,9.3642
0.0324,0.0000,0.0000,0.0000,0.0324,0.0000,200,9.3831
0.0517,0.0000,0.0000,0.0000,0.0517,0.0000,200,9.3641
0.0383,0.0000,0.0000,0.0000,0.0382,0.0000,200,9.3828
0.0557,0.0000,0.0000,0.0000,0.0556,0.0000,200,9.3891
0.0498,0.0000,0.0000,0.0000,0.0497,0.0000,200,9.3970
0.0599,0.0000,0.0000,0.0000,0.0599,0.0000,200,9.3970
0.0558,0.0000,0.0000,0.0000,0.0557,0.0000,200,9.4031
0.0460,0.0000,0.0000,0.0000,0.0459,0.0000,200,9.4155
0.0539,0.0000,0.0000,0.0000,0.0538,0.0000,200,9.4158
0.0498,0.0000,0.0000,0.0000,0.0498,0.0000,200,9.4211
1.0561,0.0000,0.0000,0.0001,1.0555,0.0001,200,8.4152
0.0402,0.0000,0.0000,0.0000,0.0402,0.0000,200,9.4448
0.0394,0.0000,0.0000,0.0000,0.0381,0.0013,200,9.4468
0.0356,0.0000,0.0000,0.0000,0.0356,0.0000,200,9.4570
0.0405,0.0000,0.0000,0.0000,0.0403,0.0001,200,9.4589
0.0425,0.0000,0.0000,0.0000,0.0424,0.0000,200,9.4696
0.0509,0.0000,0.0000,0.0000,0.0508,0.0000,200,9.4615
0.0503,0.0000,0.0000,0.0000,0.0503,0.0000,200,9.4713
0.0471,0.0000,0.0000,0.0000,0.0470,0.0001,200,9.4850
0.0485,0.0000,0.0000,0.0000,0.0484,0.0000,200,9.4862
0.0556,0.0000,0.0000,0.0000,0.0555,0.0001,200,9.4926
0.0542,0.0000,0.0000,0.0000,0.0541,0.0000,200,9.4993
0.0551,0.0000,0.0000,0.0000,0.0550,0.0001,200,9.5124
0.0571,0.0000,0.0000,0.0000,0.0567,0.0003,200,9.5121
0.0596,0.0000,0.0000,0.0000,0.0596,0.0000,200,9.5217
2.3390,0.0000,0.0000,0.0000,2.3389,0.0000,200,7.2463
0.0533,0.0000,0.0000,0.0000,0.0533,0.0000,200,9.5321
0.0563,0.0000,0.0000,0.0000,0.0552,0.0010,200,9.5347
0.0538,0.0000,0.0000,0.0000,0.0537,0.0001,200,9.5482
0.0493,0.0000,0.0000,0.0000,0.0493,0.0000,200,9.5535
1.1038,0.0000,0.0000,0.0006,1.1032,0.0000,200,8.5150
0.0544,0.0000,0.0000,0.0000,0.0543,0.0000,200,9.5692
0.0384,0.0000,0.0000,0.0000,0.0383,0.0000,200,9.5853
0.0478,0.0000,0.0000,0.0000,0.0442,0.0000,200,9.5813
0.0512,0.0000,0.0000,0.0000,0.0511,0.0000,200,9.5910
0.0452,0.0000,0.0000,0.0000,0.0451,0.0000,200,9.6020
0.0500,0.0000,0.0000,0.0000,0.0499,0.0000,200,9.6029
0.0420,0.0000,0.0000,0.0000,0.0416,0.0000,200,9.6189
0.0438,0.0000,0.0000,0.0000,0.0438,0.0000,200,9.6236
0.0476,0.0000,0.0000,0.0000,0.0475,0.0001,200,9.6237
0.0367,0.0000,0.0000,0.0000,0.0366,0.0000,200,9.6422
0.0504,0.0000,0.0000,0.0000,0.0496,0.0008,200,9.6292
0.0372,0.0000,0.0000,0.0000,0.0371,0.0000,200,9.6529
0.0375,0.0000,0.0000,0.0000,0.0374,0.0000,200,9.6608
0.0533,0.0000,0.0000,0.0000,0.0532,0.0001,200,9.6473
0.0434,0.0000,0.0000,0.0000,0.0433,0.0000,200,9.6674
0.0416,0.0000,0.0000,0.0000,0.0415,0.0000,200,9.6712
0.0392,0.0000,0.0000,0.0000,0.0391,0.0001,200,9.6788
0.0484,0.0000,0.0000,0.0000,0.0483,0.0001,200,9.6796
0.0475,0.0000,0.0000,0.0000,0.0474,0.0000,200,9.6900
0.0441,0.0000,0.0000,0.0000,0.0441,0.0000,200,9.7006
0.0561,0.0000,0.0000,0.0000,0.0561,0.0000,200,9.6983
0.0467,0.0000,0.0000,0.0000,0.0466,0.0000,200,9.7128
0.0452,0.0000,0.0000,0.0000,0.0451,0.0000,200,9.7181
0.0530,0.0000,0.0000,0.0000,0.0530,0.0000,200,9.7108
0.0417,0.0000,0.0000,0.0000,0.0414,0.0002,200,9.7280
0.0435,0.0000,0.0000,0.0000,0.0434,0.0001,200,9.7375
0.0376,0.0000,0.0000,0.0000,0.0375,0.0000,200,9.7447
0.0410,0.0000,0.0000,0.0000,0.0409,0.0001,200,9.7545
0.0395,0.0000,0.0000,0.0000,0.0394,0.0000,200,9.7595
0.0512,0.0000,0.0000,0.0000,0.0511,0.0001,200,9.7633
0.0515,0.0000,0.0000,0.0000,0.0514,0.0000,200,9.7638
0.0424,0.0000,0.0000,0.0000,0.0423,0.0000,200,9.7810
0.0540,0.0000,0.0000,0.0000,0.0540,0.0000,200,9.7697
0.0422,0.0000,0.0000,0.0000,0.0413,0.0008,200,9.7955
0.0636,0.0000,0.0000,0.0000,0.0636,0.0000,200,9.7823
0.0515,0.0000,0.0000,0.0000,0.0514,0.0000,200,9.7990
0.0399,0.0000,0.0000,0.0000,0.0399,0.0000,200,9.8152
0.0493,0.0000,0.0000,0.0024,0.0468,0.0000,200,9.8145
0.0523,0.0000,0.0000,0.0000,0.0520,0.0003,200,9.8237
0.0537,0.0000,0.0000,0.0000,0.0530,0.0001,200,9.8234
0.0430,0.0000,0.0000,0.0000,0.0430,0.0000,200,9.8460
0.0389,0.0000,0.0000,0.0000,0.0382,0.0006,200,9.8504
0.0522,0.0000,0.0000,0.0000,0.0521,0.0000,200,9.8377
0.0428,0.0000,0.0000,0.0000,0.0424,0.0001,200,9.8552
0.0402,0.0000,0.0000,0.0000,0.0401,0.0000,200,9.8638
0.0406,0.0000,0.0000,0.0000,0.0405,0.0001,200,9.8760
0.0550,0.0000,0.0000,0.0000,0.0549,0.0001,200,9.8771
0.0501,0.0000,0.0000,0.0000,0.0500,0.0000,200,9.8890
1.0687,0.0000,0.0000,0.0000,1.0687,0.0000,200,8.8705
0.0567,0.0000,0.0000,0.0000,0.0566,0.0000,200,9.8893
0.0482,0.0000,0.0000,0.0000,0.0482,0.0000,200,9.8979
0.0571,0.0000,0.0000,0.0000,0.0569,0.0001,200,9.9040
0.0505,0.0000,0.0000,0.0000,0.0502,0.0002,200,9.9166
0.0353,0.0000,0.0000,0.0000,0.0352,0.0000,200,9.9321
0.0579,0.0000,0.0000,0.0000,0.0578,0.0000,200,9.9391
0.0598,0.0000,0.0000,0.0000,0.0597,0.0002,200,9.9393
0.0600,0.0000,0.0000,0.0000,0.0598,0.0001,200,9.9460
0.0602,0.0000,0.0000,0.0000,0.0596,0.0006,200,9.9462
0.0570,0.0000,0.0000,0.0000,0.0569,0.0000,200,9.9610
1.0986,0.0000,0.0000,0.0000,1.0985,0.0001,200,8.9244
0.0388,0.0000,0.0000,0.0000,0.0387,0.0000,200,9.9970
0.0427,0.0000,0.0000,0.0000,0.0425,0.0002,200,9.9991
0.0859,0.0000,0.0000,0.0000,0.0859,0.0000,200,9.9674
0.0540,0.0000,0.0000,0.0000,0.0540,0.0000,200,10.0063
2.0786,0.0000,0.0000,0.0000,2.0781,0.0005,200,7.9820
0.0568,0.0000,0.0000,0.0000,0.0567,0.0000,200,10.0060
0.0475,0.0000,0.0000,0.0000,0.0468,0.0000,200,10.0180
0.0454,0.0000,0.0000,0.0000,0.0453,0.0000,200,10.0231
0.0480,0.0000,0.0000,0.0000,0.0480,0.0000,200,10.0358
0.0430,0.0000,0.0000,0.0000,0.0419,0.0010,200,10.0418
0.0397,0.0000,0.0000,0.0000,0.0385,0.0012,200,10.0534
0.0465,0.0000,0.0000,0.0000,0.0464,0.0000,200,10.0606
0.0497,0.0000,0.0000,0.0005,0.0491,0.0000,200,10.0604
0.0539,0.0000,0.0000,0.0000,0.0538,0.0000,200,10.0628
0.0573,0.0000,0.0000,0.0000,0.0572,0.0001,200,10.0847
0.0830,0.0000,0.0000,0.0000,0.0829,0.0000,200,10.0655
0.0741,0.0000,0.0000,0.0000,0.0740,0.0000,200,10.0839
0.0650,0.0000,0.0000,0.0000,0.0650,0.0000,200,10.0930
0.0650,0.0000,0.0000,0.0000,0.0646,0.0003,200,10.1071
0.0679,0.0000,0.0000,0.0000,0.0678,0.0000,200,10.1100
0.0774,0.0000,0.0000,0.0000,0.0773,0.0001,200,10.1167
0.0529,0.0000,0.0000,0.0000,0.0528,0.0000,200,10.1421
0.0545,0.0000,0.0000,0.0000,0.0544,0.0000,200,10.1485
1.0701,0.0000,0.0000,0.0000,1.0701,0.0000,200,9.1330
0.0599,0.0000,0.0000,0.0000,0.0599,0.0000,200,10.1581
0.0602,0.0000,0.0000,0.0000,0.0587,0.0015,200,10.1580
0.0524,0.0000,0.0000,0.0000,0.0523,0.0000,200,10.1720
0.0549,0.0000,0.0000,0.0000,0.0549,0.0000,200,10.1779
0.0542,0.0000,0.0000,0.0000,0.0535,0.0006,200,10.1941
0.0563,0.0000,0.0000,0.0000,0.0563,0.0000,200,10.1950
1.0787,0.0000,0.0000,0.0000,1.0783,0.0000,200,9.1923
0.0680,0.0000,0.0000,0.0000,0.0680,0.0000,200,10.2031
0.0573,0.0000,0.0000,0.0001,0.0572,0.0000,200,10.2244
0.0637,0.0000,0.0000,0.0000,0.0637,0.0000,200,10.2180
0.0521,0.0000,0.0000,0.0000,0.0521,0.0000,200,10.2328
0.0473,0.0000,0.0000,0.0000,0.0472,0.0000,200,10.2483
0.0455,0.0000,0.0000,0.0000,0.0452,0.0003,200,10.2513
1.0464,0.0000,0.0000,0.0000,1.0463,0.0000,200,9.2568
2.0639,0.0000,0.0000,0.0000,2.0638,0.0000,200,8.2442
0.0377,0.0000,0.0000,0.0000,0.0376,0.0001,200,10.2817
1.0632,0.0000,0.0000,0.0000,1.0632,0.0000,200,9.2614
0.0422,0.0000,0.0000,0.0000,0.0421,0.0000,200,10.2956
0.0575,0.0000,0.0000,0.0000,0.0572,0.0001,200,10.2817
0.0467,0.0000,0.0000,0.0000,0.0466,0.0000,200,10.2968
0.0518,0.0000,0.0000,0.0000,0.0517,0.0001,200,10.3032
0.0417,0.0000,0.0000,0.0000,0.0416,0.0000,200,10.3194
0.0545,0.0000,0.0000,0.0000,0.0544,0.0000,200,10.3080
1.0683,0.0000,0.0000,0.0000,1.0682,0.0001,200,9.3121
0.0578,0.0000,0.0000,0.0000,0.0578,0.0000,200,10.3246
0.0452,0.0000,0.0000,0.0000,0.0448,0.0000,200,10.3378
0.0488,0.0000,0.0000,0.0000,0.0486,0.0002,200,10.3435
0.0397,0.0000,0.0000,0.0000,0.0396,0.0000,200,10.3550
0.0405,0.0000,0.0000,0.0000,0.0404,0.0000,200,10.3611
0.0525,0.0000,0.0000,0.0000,0.0524,0.0001,200,10.3625
0.0353,0.0000,0.0000,0.0000,0.0352,0.0000,200,10.3804
0.0477,0.0000,0.0000,0.0000,0.0476,0.0001,200,10.3923
0.0573,0.0000,0.0000,0.0000,0.0572,0.0000,200,10.3830
0.0590,0.0000,0.0000,0.0000,0.0590,0.0000,200,10.3824
0.0555,0.0000,0.0000,0.0000,0.0552,0.0001,200,10.3947
0.0594,0.0000,0.0000,0.0000,0.0594,0.0000,200,10.4016
0.0454,0.0000,0.0000,0.0000,0.0454,0.0000,200,10.4157
0.0521,0.0000,0.0000,0.0000,0.0517,0.0001,200,10.4150
0.0380,0.0000,0.0000,0.0000,0.0379,0.0000,200,10.4403
0.0446,0.0000,0.0000,0.0000,0.0445,0.0000,200,10.4401
0.0455,0.0000,0.0000,0.0002,0.0453,0.0000,200,10.4414
0.0344,0.0000,0.0000,0.0000,0.0344,0.0000,200,10.4610
0.0453,0.0000,0.0000,0.0000,0.0452,0.0001,200,10.4503
0.0468,0.0000,0.0000,0.0000,0.0467,0.0001,200,10.4611
0.0488,0.0000,0.0000,0.0000,0.0487,0.0001,200,10.4671
0.0417,0.0000,0.0000,0.0000,0.0417,0.0000,200,10.4783
0.0455,0.0000,0.0000,0.0000,0.0454,0.0000,200,10.4846
0.0434,0.0000,0.0000,0.0000,0.0434,0.0000,200,10.4870
0.0436,0.0000,0.0000,0.0000,0.0435,0.0000,200,10.4954
0.0522,0.0000,0.0000,0.0000,0.0521,0.0000,200,10.4955
0.0431,0.0000,0.0000,0.0000,0.0430,0.0000,200,10.5079
0.0471,0.0000,0.0000,0.0000,0.0471,0.0000,200,10.5159
1.1038,0.0000,0.0000,0.0000,1.1032,0.0001,200,9.4709
0.0593,0.0000,0.0000,0.0000,0.0593,0.0000,200,10.5200
0.0506,0.0000,0.0000,0.0000,0.0506,0.0000,200,10.5301
0.0413,0.0000,0.0000,0.0000,0.0412,0.0000,200,10.5477
0.0592,0.0000,0.0000,0.0000,0.0592,0.0000,200,10.5304
0.0523,0.0000,0.0000,0.0000,0.0523,0.0000,200,10.5510
0.0490,0.0000,0.0000,0.0000,0.0489,0.0000,200,10.5630
0.0374,0.0000,0.0000,0.0000,0.0374,0.0000,200,10.5747
0.0413,0.0000,0.0000,0.0000,0.0413,0.0000,200,10.5896
0.0519,0.0000,0.0000,0.0000,0.0519,0.0000,200,10.5793
0.0584,0.0000,0.0000,0.0000,0.0583,0.0000,200,10.5807
0.0503,0.0000,0.0000,0.0000,0.0502,0.0000,200,10.5889
0.0372,0.0000,0.0000,0.0000,0.0372,0.0000,200,10.6121
0.0519,0.0000,0.0000,0.0000,0.0518,0.0001,200,10.6033
0.0497,0.0000,0.0000,0.0000,0.0496,0.0000,200,10.6120
0.0327,0.0000,0.0000,0.0000,0.0327,0.0000,200,10.6313
0.0358,0.0000,0.0000,0.0000,0.0357,0.0001,200,10.6392
0.0443,0.0000,0.0000,0.0000,0.0442,0.0000,200,10.6310
0.0451,0.0000,0.0000,0.0000,0.0450,0.0000,200,10.6391
0.0420,0.0000,0.0000,0.0000,0.0420,0.0000,200,10.6494
0.0520,0.0000,0.0000,0.0000,0.0518,0.0002,200,10.6552
2.1217,0.0000,0.0000,0.0000,2.1216,0.0000,200,8.5971
0.0724,0.0000,0.0000,0.0001,0.0723,0.0000,200,10.6617
0.0560,0.0000,0.0000,0.0000,0.0560,0.0000,200,10.6842
0.0655,0.0000,0.0000,0.0000,0.0654,0.0000,200,10.6753
0.0662,0.0000,0.0000,0.0000,0.0662,0.0000,200,10.6751
0.0668,0.0000,0.0000,0.0000,0.0668,0.0000,200,10.6914
0.0513,0.0000,0.0000,0.0000,0.0508,0.0005,200,10.7072
0.0418,0.0000,0.0000,0.0000,0.0418,0.0000,200,10.7188
0.0355,0.0000,0.0000,0.0000,0.0354,0.0000,200,10.7402
0.0421,0.0000,0.0000,0.0000,0.0420,0.0000,200,10.7341
0.0557,0.0000,0.0000,0.0000,0.0556,0.0000,200,10.7408
0.0407,0.0000,0.0000,0.0000,0.0406,0.0000,200,10.7606
0.0628,0.0000,0.0000,0.0000,0.0627,0.0000,200,10.7413
0.0458,0.0000,0.0000,0.0000,0.0458,0.0000,200,10.7582
0.0569,0.0000,0.0000,0.0000,0.0568,0.0001,200,10.7585
0.0465,0.0000,0.0000,0.0000,0.0464,0.0001,200,10.7756
0.0478,0.0000,0.0000,0.0000,0.0474,0.0003,200,10.7762
0.0381,0.0000,0.0000,0.0000,0.0380,0.0000,200,10.7965
0.0418,0.0000,0.0000,0.0000,0.0418,0.0000,200,10.8041
0.0462,0.0000,0.0000,0.0000,0.0461,0.0000,200,10.8013
0.0548,0.0000,0.0000,0.0000,0.0546,0.0002,200,10.8041
0.0443,0.0000,0.0000,0.0000,0.0442,0.0000,200,10.8221
0.0510,0.0000,0.0000,0.0000,0.0509,0.0000,200,10.8154
0.0608,0.0000,0.0000,0.0000,0.0607,0.0000,200,10.8240
0.0531,0.0000,0.0000,0.0000,0.0530,0.0000,200,10.8345
0.0421,0.0000,0.0000,0.0000,0.0421,0.0000,200,10.8475
0.0465,0.0000,0.0000,0.0000,0.0464,0.0000,200,10.8459
0.0434,0.0000,0.0000,0.0000,0.0430,0.0003,200,10.8588
0.0470,0.0000,0.0000,0.0000,0.0470,0.0000,200,10.8664
0.0315,0.0000,0.0000,0.0008,0.0306,0.0000,200,10.8848
0.0500,0.0000,0.0000,0.0000,0.0500,0.0000,200,10.8664
0.0319,0.0000,0.0000,0.0000,0.0318,0.0000,200,10.8896
0.0478,0.0000,0.0000,0.0000,0.0478,0.0000,200,10.8876
0.0487,0.0000,0.0000,0.0000,0.0486,0.0000,200,10.8924
0.0392,0.0000,0.0000,0.0000,0.0391,0.0000,200,10.9022
0.0486,0.0000,0.0000,0.0000,0.0485,0.0001,200,10.9134
0.0522,0.0000,0.0000,0.0000,0.0521,0.0000,200,10.9164
0.0532,0.0000,0.0000,0.0000,0.0532,0.0000,200,10.9215
0.0394,0.0000,0.0000,0.0000,0.0393,0.0000,200,10.9355
1.0853,0.0000,0.0000,0.0000,1.0845,0.0007,200,9.8899
0.0455,0.0000,0.0000,0.0000,0.0451,0.0004,200,10.9411
0.0332,0.0000,0.0000,0.0000,0.0332,0.0000,200,10.9620
0.0595,0.0000,0.0000,0.0000,0.0594,0.0000,200,10.9414
0.0437,0.0000,0.0000,0.0000,0.0436,0.0000,200,10.9686
1.0457,0.0000,0.0000,0.0000,1.0456,0.0000,200,9.9671
0.0428,0.0000,0.0000,0.0000,0.0428,0.0000,200,10.9748
0.0453,0.0000,0.0000,0.0000,0.0448,0.0005,200,10.9747
0.0574,0.0000,0.0000,0.0000,0.0573,0.0000,200,10.9751
0.0527,0.0000,0.0000,0.0000,0.0524,0.0002,200,10.9866
0.0565,0.0000,0.0000,0.0000,0.0564,0.0000,200,10.9953
0.0527,0.0000,0.0000,0.0001,0.0526,0.0000,200,11.0009
0.0417,0.0000,0.0000,0.0000,0.0416,0.0000,200,11.0123
0.0533,0.0000,0.0000,0.0000,0.0532,0.0001,200,11.0128
0.0578,0.0000,0.0000,0.0000,0.0578,0.0000,200,11.0177
0.0451,0.0000,0.0000,0.0000,0.0451,0.0000,200,11.0326
0.0438,0.0000,0.0000,0.0000,0.0434,0.0004,200,11.0393
0.0486,0.0000,0.0000,0.0000,0.0482,0.0003,200,11.0517
0.0488,0.0000,0.0000,0.0000,0.0476,0.0012,200,11.0536
0.0680,0.0000,0.0000,0.0000,0.0675,0.0005,200,11.0540
0.0584,0.0000,0.0000,0.0000,0.0583,0.0000,200,11.0660
0.0758,0.0000,0.0000,0.0000,0.0758,0.0000,200,11.0755
0.0814,0.0000,0.0000,0.0000,0.0813,0.0000,200,11.0777
0.0967,0.0000,0.0000,0.0000,0.0966,0.0000,200,11.0832
0.0797,0.0000,0.0000,0.0000,0.0796,0.0000,200,11.1024
1.1193,0.0000,0.0000,0.0000,1.1190,0.0003,200,10.0685
0.0949,0.0000,0.0000,0.0000,0.0948,0.0000,200,11.1003
0.0901,0.0000,0.0000,0.0000,0.0900,0.0000,200,11.1220
0.0882,0.0000,0.0000,0.0000,0.0881,0.0000,200,11.1244
0.0678,0.0000,0.0000,0.0000,0.0670,0.0003,200,11.1513
0.0740,0.0000,0.0000,0.0000,0.0736,0.0003,200,11.1590
0.0608,0.0000,0.0000,0.0000,0.0607,0.0000,200,11.1799
0.0623,0.0000,0.0000,0.0000,0.0623,0.0000,200,11.1820
0.0597,0.0000,0.0000,0.0000,0.0595,0.0002,200,11.1952
0.0683,0.0000,0.0000,0.0000,0.0683,0.0000,200,11.1879
0.0489,0.0000,0.0000,0.0000,0.0486,0.0003,200,11.2121
0.0629,0.0000,0.0000,0.0000,0.0627,0.0001,200,11.2126
0.0670,0.0000,0.0000,0.0000,0.0670,0.0000,200,11.2192
1.0717,0.0000,0.0000,0.0000,1.0716,0.0000,200,10.2182
0.0556,0.0000,0.0000,0.0000,0.0556,0.0000,200,11.2406
0.0576,0.0000,0.0000,0.0000,0.0575,0.0000,200,11.2444
0.0530,0.0000,0.0000,0.0000,0.0530,0.0000,200,11.2562
0.0493,0.0000,0.0000,0.0000,0.0493,0.0000,200,11.2610
0.0442,0.0000,0.0000,0.0000,0.0441,0.0000,200,11.2862
0.0562,0.0000,0.0000,0.0000,0.0561,0.0000,200,11.2755
0.0456,0.0000,0.0000,0.0000,0.0455,0.0000,200,11.2898
1.0657,0.0000,0.0000,0.0000,1.0656,0.0001,200,10.2711
1.0674,0.0000,0.0000,0.0000,1.0661,0.0013,200,10.2850
0.0622,0.0000,0.0000,0.0000,0.0621,0.0001,200,11.3020
0.0417,0.0000,0.0000,0.0000,0.0416,0.0000,200,11.3304
0.0645,0.0000,0.0000,0.0000,0.0644,0.0000,200,11.3092
0.0626,0.0000,0.0000,0.0000,0.0625,0.0000,200,11.3316
0.0650,0.0000,0.0000,0.0000,0.0645,0.0005,200,11.3354
0.0656,0.0000,0.0000,0.0000,0.0656,0.0000,200,11.3368
0.0654,0.0000,0.0000,0.0000,0.0653,0.0000,200,11.3524
0.0544,0.0000,0.0000,0.0000,0.0544,0.0000,200,11.3721
1.0880,0.0000,0.0000,0.0000,1.0879,0.0000,200,10.3392
0.0641,0.0000,0.0000,0.0000,0.0640,0.0000,200,11.3642
0.0499,0.0000,0.0000,0.0000,0.0498,0.0000,200,11.3942
0.0494,0.0000,0.0000,0.0000,0.0485,0.0000,200,11.4024
0.0644,0.0000,0.0000,0.0000,0.0643,0.0000,200,11.4004
0.0542,0.0000,0.0000,0.0000,0.0541,0.0001,200,11.4178
0.0580,0.0000,0.0000,0.0000,0.0579,0.0000,200,11.4271
0.0588,0.0000,0.0000,0.0001,0.0587,0.0000,200,11.4266
0.0739,0.0000,0.0000,0.0000,0.0739,0.0001,200,11.4283
1.2994,0.0000,0.0000,0.0000,1.2993,0.0000,200,10.2030
0.0728,0.0000,0.0000,0.0000,0.0728,0.0000,200,11.4441
0.0644,0.0000,0.0000,0.0000,0.0644,0.0000,200,11.4648
0.0576,0.0000,0.0000,0.0000,0.0575,0.0000,200,11.4720
0.0570,0.0000,0.0000,0.0005,0.0565,0.0000,200,11.4851
0.0571,0.0000,0.0000,0.0000,0.0564,0.0007,200,11.4853
0.0493,0.0000,0.0000,0.0000,0.0492,0.0001,200,11.5022
1.2839,0.0000,0.0000,0.0000,1.2838,0.0001,200,10.2710
0.0416,0.0000,0.0000,0.0000,0.0416,0.0000,200,11.5292
0.0544,0.0000,0.0000,0.0000,0.0541,0.0003,200,11.5170
0.0694,0.0000,0.0000,0.0000,0.0693,0.0000,200,11.5023
0.0528,0.0000,0.0000,0.0000,0.0527,0.0001,200,11.5296
0.0518,0.0000,0.0000,0.0000,0.0517,0.0000,200,11.5425
0.0649,0.0000,0.0000,0.0000,0.0648,0.0000,200,11.5421
0.0613,0.0000,0.0000,0.0000,0.0611,0.0001,200,11.5515
0.0622,0.0000,0.0000,0.0000,0.0619,0.0002,200,11.5549
0.0514,0.0000,0.0000,0.0000,0.0513,0.0000,200,11.5714
0.0605,0.0000,0.0000,0.0000,0.0604,0.0001,200,11.5708
0.0414,0.0000,0.0000,0.0000,0.0414,0.0000,200,11.5942
0.0550,0.0000,0.0000,0.0000,0.0549,0.0000,200,11.5824
0.0360,0.0000,0.0000,0.0000,0.0359,0.0001,200,11.6070
2.0884,0.0000,0.0000,0.0000,2.0884,0.0000,200,9.5674
2.0716,0.0000,0.0000,0.0000,2.0716,0.0000,200,9.5854
0.0481,0.0000,0.0000,0.0000,0.0478,0.0002,200,11.6228
0.0618,0.0000,0.0000,0.0000,0.0617,0.0000,200,11.6314
0.0807,0.0000,0.0000,0.0000,0.0807,0.0000,200,11.6128
0.0586,0.0000,0.0000,0.0000,0.0586,0.0000,200,11.6357
0.0483,0.0000,0.0000,0.0000,0.0482,0.0001,200,11.6559
0.0738,0.0000,0.0000,0.0000,0.0737,0.0001,200,11.6373
0.0599,0.0000,0.0000,0.0000,0.0599,0.0000,200,11.6570
0.0598,0.0000,0.0000,0.0000,0.0598,0.0001,200,11.6708
1.0813,0.0000,0.0000,0.0000,1.0812,0.0001,200,10.6640
0.0639,0.0000,0.0000,0.0000,0.0638,0.0000,200,11.6935
0.0634,0.0000,0.0000,0.0000,0.0628,0.0006,200,11.6943
0.0648,0.0000,0.0000,0.0010,0.0638,0.0000,200,11.6932
0.0647,0.0000,0.0000,0.0000,0.0646,0.0000,200,11.7043
0.0417,0.0000,0.0000,0.0000,0.0412,0.0005,200,11.7453
0.0772,0.0000,0.0000,0.0000,0.0769,0.0003,200,11.7111
0.0582,0.0000,0.0000,0.0000,0.0579,0.0000,200,11.7307
0.0347,0.0000,0.0000,0.0000,0.0345,0.0001,200,11.7573
0.0467,0.0000,0.0000,0.0000,0.0465,0.0002,200,11.7580
0.0501,0.0000,0.0000,0.0006,0.0494,0.0000,200,11.7578
0.0505,0.0000,0.0000,0.0000,0.0504,0.0000,200,11.7690
0.0371,0.0000,0.0000,0.0000,0.0369,0.0002,200,11.7870
0.0432,0.0000,0.0000,0.0000,0.0431,0.0001,200,11.7889
0.0443,0.0000,0.0000,0.0000,0.0443,0.0000,200,11.7883
0.0583,0.0000,0.0000,0.0000,0.0582,0.0001,200,11.7920
0.0444,0.0000,0.0000,0.0000,0.0428,0.0000,200,11.8079
0.0531,0.0000,0.0000,0.0028,0.0479,0.0001,200,11.8047
0.0462,0.0000,0.0000,0.0000,0.0456,0.0004,200,11.8241
0.0595,0.0000,0.0000,0.0000,0.0594,0.0001,200,11.8195
0.0501,0.0000,0.0000,0.0000,0.0500,0.0001,200,11.8321
0.0572,0.0000,0.0000,0.0000,0.0571,0.0000,200,11.8326
0.0511,0.0000,0.0000,0.0000,0.0509,0.0002,200,11.8503
0.0618,0.0000,0.0000,0.0000,0.0617,0.0001,200,11.8523
0.0666,0.0000,0.0000,0.0000,0.0665,0.0000,200,11.8578
0.0542,0.0000,0.0000,0.0000,0.0541,0.0000,200,11.8703
0.0510,0.0000,0.0000,0.0000,0.0508,0.0002,200,11.8822
0.0548,0.0000,0.0000,0.0000,0.0548,0.0000,200,11.8790
0.0564,0.0000,0.0000,0.0000,0.0563,0.0000,200,11.8898
0.0607,0.0000,0.0000,0.0000,0.0603,0.0003,200,11.9014
0.0575,0.0000,0.0000,0.0000,0.0575,0.0000,200,11.9141
0.0563,0.0000,0.0000,0.0000,0.0562,0.0000,200,11.9244
0.0593,0.0000,0.0000,0.0000,0.0592,0.0000,200,11.9244
1.0786,0.0000,0.0000,0.0000,1.0782,0.0004,200,10.9163
0.0651,0.0000,0.0000,0.0000,0.0650,0.0000,200,11.9331
0.0672,0.0000,0.0000,0.0000,0.0672,0.0000,200,11.9338
0.0446,0.0000,0.0000,0.0000,0.0445,0.0001,200,11.9620
0.0422,0.0000,0.0000,0.0000,0.0421,0.0000,200,11.9717
0.0434,0.0000,0.0000,0.0000,0.0433,0.0001,200,11.9807
0.0406,0.0000,0.0000,0.0000,0.0405,0.0000,200,11.9837
0.0477,0.0000,0.0000,0.0000,0.0476,0.0001,200,11.9982
0.0513,0.0000,0.0000,0.0000,0.0513,0.0000,200,11.9950
0.0490,0.0000,0.0000,0.0000,0.0489,0.0000,200,12.0010
0.0531,0.0000,0.0000,0.0000,0.0531,0.0000,200,12.0138
0.0604,0.0000,0.0000,0.0000,0.0604,0.0000,200,12.0066
0.0511,0.0000,0.0000,0.0000,0.0510,0.0000,200,12.0242
0.0537,0.0000,0.0000,0.0000,0.0536,0.0000,200,12.0241
0.0439,0.0000,0.0000,0.0000,0.0438,0.0000,200,12.0459
0.0507,0.0000,0.0000,0.0000,0.0507,0.0000,200,12.0463
0.0489,0.0000,0.0000,0.0000,0.0488,0.0000,200,12.0670
0.0489,0.0000,0.0000,0.0000,0.0489,0.0000,200,12.0671
1.0969,0.0000,0.0000,0.0000,1.0969,0.0000,200,11.0200
0.0684,0.0000,0.0000,0.0000,0.0683,0.0001,200,12.0500
0.0604,0.0000,0.0000,0.0000,0.0603,0.0000,200,12.0753
0.0522,0.0000,0.0000,0.0000,0.0519,0.0000,200,12.0898
0.0499,0.0000,0.0000,0.0000,0.0499,0.0000,200,12.0970
0.0411,0.0000,0.0000,0.0000,0.0411,0.0000,200,12.1160
0.0491,0.0000,0.0000,0.0000,0.0490,0.0001,200,12.1170
0.0572,0.0000,0.0000,0.0000,0.0571,0.0000,200,12.1159
0.0568,0.0000,0.0000,0.0000,0.0567,0.0000,200,12.1184
0.0478,0.0000,0.0000,0.0003,0.0473,0.0001,200,12.1357
0.0521,0.0000,0.0000,0.0000,0.0520,0.0001,200,12.1420
0.0545,0.0000,0.0000,0.0000,0.0545,0.0000,200,12.1470
0.0507,0.0000,0.0000,0.0000,0.0507,0.0000,200,12.1571
0.0483,0.0000,0.0000,0.0000,0.0482,0.0000,200,12.1661
0.0542,0.0000,0.0000,0.0000,0.0540,0.0002,200,12.1730
0.0526,0.0000,0.0000,0.0000,0.0525,0.0000,200,12.1751
0.0478,0.0000,0.0000,0.0000,0.0477,0.0001,200,12.1835
0.0449,0.0000,0.0000,0.0000,0.0448,0.0000,200,12.1941
0.0546,0.0000,0.0000,0.0000,0.0545,0.0000,200,12.2015
0.0617,0.0000,0.0000,0.0000,0.0616,0.0001,200,12.2079
0.0520,0.0000,0.0000,0.0000,0.0519,0.0000,200,12.2278
0.0680,0.0000,0.0000,0.0000,0.0680,0.0000,200,12.2144
0.0552,0.0000,0.0000,0.0000,0.0552,0.0000,200,12.2273
0.0625,0.0000,0.0000,0.0000,0.0620,0.0004,200,12.2313
0.0556,0.0000,0.0000,0.0000,0.0555,0.0000,200,12.2390
1.0714,0.0000,0.0000,0.0000,1.0711,0.0002,200,11.2330
0.0360,0.0000,0.0000,0.0000,0.0359,0.0000,200,12.2696
0.0345,0.0000,0.0000,0.0000,0.0344,0.0000,200,12.2798
0.0484,0.0000,0.0000,0.0000,0.0483,0.0000,200,12.2825
0.0488,0.0000,0.0000,0.0000,0.0487,0.0000,200,12.2824
0.0379,0.0000,0.0000,0.0001,0.0377,0.0000,200,12.2938
0.0413,0.0000,0.0000,0.0000,0.0412,0.0001,200,12.2946
0.0434,0.0000,0.0000,0.0000,0.0433,0.0001,200,12.3044
1.0545,0.0000,0.0000,0.0000,1.0544,0.0000,200,11.3103
0.0508,0.0000,0.0000,0.0000,0.0504,0.0004,200,12.3143
0.0609,0.0000,0.0000,0.0000,0.0608,0.0000,200,12.3056
0.0523,0.0000,0.0000,0.0000,0.0523,0.0000,200,12.3312
1.0964,0.0000,0.0000,0.0000,1.0962,0.0001,200,11.2963
0.0613,0.0000,0.0000,0.0007,0.0606,0.0000,200,12.3317
0.0533,0.0000,0.0000,0.0000,0.0532,0.0001,200,12.3478
0.0437,0.0000,0.0000,0.0000,0.0436,0.0001,200,12.3651
0.0519,0.0000,0.0000,0.0000,0.0518,0.0000,200,12.3648
0.0520,0.0000,0.0000,0.0000,0.0519,0.0000,200,12.3664
1.0609,0.0000,0.0000,0.0000,1.0609,0.0000,200,11.3737
0.0515,0.0000,0.0000,0.0000,0.0514,0.0000,200,12.3835
0.0525,0.0000,0.0000,0.0000,0.0524,0.0000,200,12.3930
0.0589,0.0000,0.0000,0.0000,0.0588,0.0000,200,12.3927
0.0517,0.0000,0.0000,0.0000,0.0517,0.0000,200,12.4010
0.0524,0.0000,0.0000,0.0000,0.0523,0.0000,200,12.4167
0.0609,0.0000,0.0000,0.0000,0.0601,0.0008,200,12.4087
0.0413,0.0000,0.0000,0.0000,0.0413,0.0000,200,12.4350
0.0416,0.0000,0.0000,0.0000,0.0415,0.0001,200,12.4455
0.0530,0.0000,0.0000,0.0000,0.0529,0.0000,200,12.4346
0.0485,0.0000,0.0000,0.0000,0.0475,0.0008,200,12.4516
0.0520,0.0000,0.0000,0.0000,0.0519,0.0000,200,12.4528
0.0366,0.0000,0.0000,0.0000,0.0365,0.0000,200,12.4691
0.0468,0.0000,0.0000,0.0004,0.0464,0.0000,200,12.4696
0.0441,0.0000,0.0000,0.0000,0.0441,0.0001,200,12.4763
0.0423,0.0000,0.0000,0.0000,0.0423,0.0000,200,12.4871
0.0486,0.0000,0.0000,0.0000,0.0485,0.0000,200,12.4876
0.0470,0.0000,0.0000,0.0001,0.0469,0.0000,200,12.5001
0.0414,0.0000,0.0000,0.0000,0.0413,0.0000,200,12.5057
1.1073,0.0000,0.0000,0.0000,1.1071,0.0002,200,11.4518
0.0598,0.0000,0.0000,0.0000,0.0598,0.0000,200,12.5047
0.0446,0.0000,0.0000,0.0000,0.0445,0.0000,200,12.5294
0.0599,0.0000,0.0000,0.0000,0.0592,0.0007,200,12.5205
0.0428,0.0000,0.0000,0.0000,0.0428,0.0000,200,12.5471
0.0595,0.0000,0.0000,0.0000,0.0594,0.0001,200,12.5362
0.0501,0.0000,0.0000,0.0000,0.0499,0.0002,200,12.5471
0.0332,0.0000,0.0000,0.0000,0.0331,0.0000,200,12.5740
0.0504,0.0000,0.0000,0.0000,0.0503,0.0000,200,12.5591
0.0566,0.0000,0.0000,0.0000,0.0566,0.0001,200,12.5646
1.0517,0.0000,0.0000,0.0000,1.0513,0.0003,200,11.5717
0.0446,0.0000,0.0000,0.0000,0.0446,0.0000,200,12.5804
0.0476,0.0000,0.0000,0.0000,0.0472,0.0002,200,12.5899
0.0518,0.0000,0.0000,0.0000,0.0505,0.0013,200,12.5972
0.0493,0.0000,0.0000,0.0000,0.0492,0.0000,200,12.6072
0.0616,0.0000,0.0000,0.0000,0.0612,0.0000,200,12.5957
0.0474,0.0000,0.0000,0.0000,0.0473,0.0000,200,12.6212
0.0622,0.0000,0.0000,0.0000,0.0621,0.0000,200,12.6095
0.0567,0.0000,0.0000,0.0000,0.0566,0.0000,200,12.6250
0.0517,0.0000,0.0000,0.0000,0.0515,0.0003,200,12.6375
1.0801,0.0000,0.0000,0.0000,1.0800,0.0000,200,11.6171
0.0571,0.0000,0.0000,0.0000,0.0571,0.0000,200,12.6565
0.0650,0.0000,0.0000,0.0000,0.0650,0.0000,200,12.6490
0.0612,0.0000,0.0000,0.0000,0.0608,0.0001,200,12.6686
0.0554,0.0000,0.0000,0.0000,0.0553,0.0000,200,12.6817
0.0798,0.0000,0.0000,0.0000,0.0797,0.0000,200,12.6573
0.0663,0.0000,0.0000,0.0000,0.0662,0.0001,200,12.6893
0.0619,0.0000,0.0000,0.0000,0.0619,0.0000,200,12.6972
1.1213,0.0000,0.0000,0.0000,1.1208,0.0004,200,11.6430
0.0405,0.0000,0.0000,0.0000,0.0404,0.0000,200,12.7298
0.0611,0.0000,0.0000,0.0000,0.0611,0.0000,200,12.7140
0.0406,0.0000,0.0000,0.0000,0.0404,0.0001,200,12.7371
0.0321,0.0000,0.0000,0.0000,0.0318,0.0002,200,12.7591
0.0645,0.0000,0.0000,0.0000,0.0644,0.0000,200,12.7371
0.0462,0.0000,0.0000,0.0000,0.0461,0.0000,200,12.7556
0.0416,0.0000,0.0000,0.0000,0.0415,0.0001,200,12.7643
0.0442,0.0000,0.0000,0.0000,0.0441,0.0001,200,12.7703
1.0978,0.0000,0.0000,0.0000,1.0977,0.0000,200,11.7170
0.0477,0.0000,0.0000,0.0000,0.0474,0.0001,200,12.7777
0.0350,0.0000,0.0000,0.0000,0.0349,0.0001,200,12.8018
0.0342,0.0000,0.0000,0.0000,0.0342,0.0000,200,12.8148
0.0617,0.0000,0.0000,0.0000,0.0615,0.0002,200,12.7911
0.0578,0.0000,0.0000,0.0000,0.0578,0.0000,200,12.8015
2.3218,0.0000,0.0000,0.0000,2.3217,0.0000,200,10.5390
0.0519,0.0000,0.0000,0.0000,0.0518,0.0000,200,12.8145
0.0486,0.0000,0.0000,0.0000,0.0470,0.0000,200,12.8254
0.0564,0.0000,0.0000,0.0000,0.0563,0.0001,200,12.8368
0.0444,0.0000,0.0000,0.0000,0.0443,0.0000,200,12.8529
0.0526,0.0000,0.0000,0.0000,0.0525,0.0001,200,12.8490
0.0527,0.0000,0.0000,0.0000,0.0527,0.0000,200,12.8594
0.0568,0.0000,0.0000,0.0000,0.0568,0.0000,200,12.8608
0.0626,0.0000,0.0000,0.0000,0.0625,0.0000,200,12.8664
0.0375,0.0000,0.0000,0.0005,0.0367,0.0000,200,12.8932
0.0594,0.0000,0.0000,0.0000,0.0593,0.0000,200,12.8740
0.0390,0.0000,0.0000,0.0000,0.0387,0.0000,200,12.8973
0.0485,0.0000,0.0000,0.0000,0.0485,0.0001,200,12.9016
0.0475,0.0000,0.0000,0.0000,0.0474,0.0001,200,12.9121
0.0422,0.0000,0.0000,0.0000,0.0422,0.0000,200,12.9290
0.0418,0.0000,0.0000,0.0000,0.0417,0.0001,200,12.9307
0.0568,0.0000,0.0000,0.0000,0.0567,0.0000,200,12.9176
0.0476,0.0000,0.0000,0.0001,0.0475,0.0000,200,12.9362
0.0508,0.0000,0.0000,0.0000,0.0507,0.0000,200,12.9334
0.0438,0.0000,0.0000,0.0000,0.0437,0.0000,200,12.9501
1.0556,0.0000,0.0000,0.0000,1.0556,0.0000,200,11.9462
0.0526,0.0000,0.0000,0.0000,0.0525,0.0000,200,12.9596
0.0455,0.0000,0.0000,0.0000,0.0454,0.0001,200,12.9744
0.0487,0.0000,0.0000,0.0000,0.0485,0.0001,200,12.9724
0.0502,0.0000,0.0000,0.0000,0.0502,0.0000,200,12.9712
0.0438,0.0000,0.0000,0.0000,0.0437,0.0001,200,12.9842
0.0382,0.0000,0.0000,0.0000,0.0381,0.0000,200,13.0018
0.0487,0.0000,0.0000,0.0000,0.0484,0.0000,200,12.9939
0.0465,0.0000,0.0000,0.0000,0.0464,0.0001,200,13.0122
0.0446,0.0000,0.0000,0.0000,0.0446,0.0000,200,13.0214
0.0458,0.0000,0.0000,0.0000,0.0457,0.0001,200,13.0211
0.0474,0.0000,0.0000,0.0001,0.0472,0.0000,200,13.0199
0.0443,0.0000,0.0000,0.0000,0.0442,0.0001,200,13.0279
0.0366,0.0000,0.0000,0.0000,0.0366,0.0000,200,13.0400
0.0401,0.0000,0.0000,0.0000,0.0401,0.0000,200,13.0426
0.0363,0.0000,0.0000,0.0000,0.0361,0.0002,200,13.0587
0.0291,0.0000,0.0000,0.0000,0.0291,0.0000,200,13.0661
0.0371,0.0000,0.0000,0.0000,0.0370,0.0001,200,13.0670
0.0434,0.0000,0.0000,0.0000,0.0433,0.0000,200,13.0722
0.0550,0.0000,0.0000,0.0000,0.0550,0.0000,200,13.0673
0.0472,0.0000,0.0000,0.0000,0.0467,0.0004,200,13.0766
0.0544,0.0000,0.0000,0.0000,0.0543,0.0000,200,13.0827
0.0490,0.0000,0.0000,0.0000,0.0490,0.0000,200,13.0952
1.0668,0.0000,0.0000,0.0000,1.0667,0.0000,200,12.0778
0.0602,0.0000,0.0000,0.0000,0.0601,0.0000,200,13.0950
0.0462,0.0000,0.0000,0.0000,0.0461,0.0000,200,13.1156
0.0578,0.0000,0.0000,0.0000,0.0572,0.0006,200,13.1041
0.0484,0.0000,0.0000,0.0000,0.0482,0.0002,200,13.1223
0.0500,0.0000,0.0000,0.0000,0.0498,0.0002,200,13.1371
0.0551,0.0000,0.0000,0.0000,0.0550,0.0000,200,13.1446
0.0570,0.0000,0.0000,0.0000,0.0569,0.0000,200,13.1442
0.0466,0.0000,0.0000,0.0000,0.0465,0.0000,200,13.1552
0.0483,0.0000,0.0000,0.0000,0.0479,0.0001,200,13.1618
0.0519,0.0000,0.0000,0.0000,0.0517,0.0002,200,13.1619
0.0623,0.0000,0.0000,0.0000,0.0621,0.0001,200,13.1707
0.0470,0.0000,0.0000,0.0000,0.0467,0.0002,200,13.1871
0.0386,0.0000,0.0000,0.0000,0.0385,0.0000,200,13.1996
0.0469,0.0000,0.0000,0.0000,0.0461,0.0008,200,13.2018
0.0532,0.0000,0.0000,0.0000,0.0531,0.0001,200,13.2012
0.0532,0.0000,0.0000,0.0000,0.0531,0.0000,200,13.2100
0.0535,0.0000,0.0000,0.0000,0.0534,0.0001,200,13.2138
0.0428,0.0000,0.0000,0.0000,0.0427,0.0000,200,13.2330
0.0425,0.0000,0.0000,0.0000,0.0424,0.0000,200,13.2487
0.0543,0.0000,0.0000,0.0000,0.0543,0.0000,200,13.2382
0.0585,0.0000,0.0000,0.0000,0.0584,0.0000,200,13.2341
0.0438,0.0000,0.0000,0.0000,0.0437,0.0000,200,13.2544
0.0401,0.0000,0.0000,0.0000,0.0401,0.0000,200,13.2632
0.0409,0.0000,0.0000,0.0000,0.0409,0.0000,200,13.2674
0.0397,0.0000,0.0000,0.0000,0.0397,0.0000,200,13.2758
1.0732,0.0000,0.0000,0.0000,1.0732,0.0000,200,12.2561
0.0496,0.0000,0.0000,0.0000,0.0495,0.0000,200,13.2926
0.0564,0.0000,0.0000,0.0000,0.0563,0.0000,200,13.2912
0.0497,0.0000,0.0000,0.0000,0.0497,0.0000,200,13.3034
0.0551,0.0000,0.0000,0.0000,0.0551,0.0000,200,13.2982
0.0507,0.0000,0.0000,0.0000,0.0506,0.0000,200,13.3083
0.0505,0.0000,0.0000,0.0000,0.0491,0.0014,200,13.3155
0.0414,0.0000,0.0000,0.0000,0.0414,0.0000,200,13.3293
1.0547,0.0000,0.0000,0.0000,1.0546,0.0000,200,12.3310
0.0442,0.0000,0.0000,0.0000,0.0441,0.0000,200,13.3422
0.0498,0.0000,0.0000,0.0000,0.0497,0.0001,200,13.3476
0.0480,0.0000,0.0000,0.0000,0.0480,0.0000,200,13.3531
0.0451,0.0000,0.0000,0.0000,0.0450,0.0000,200,13.3660
0.0522,0.0000,0.0000,0.0000,0.0521,0.0000,200,13.3590
0.0532,0.0000,0.0000,0.0000,0.0531,0.0000,200,13.3707
0.0472,0.0000,0.0000,0.0000,0.0471,0.0000,200,13.3863
0.0482,0.0000,0.0000,0.0000,0.0481,0.0000,200,13.3856
0.0430,0.0000,0.0000,0.0000,0.0430,0.0000,200,13.3974
0.0503,0.0000,0.0000,0.0000,0.0502,0.0000,200,13.4011
0.0491,0.0000,0.0000,0.0000,0.0490,0.0001,200,13.4112
0.0552,0.0000,0.0000,0.0000,0.0552,0.0000,200,13.4111
0.0477,0.0000,0.0000,0.0000,0.0476,0.0000,200,13.4239
0.0525,0.0000,0.0000,0.0000,0.0523,0.0000,200,13.4339
0.0567,0.0000,0.0000,0.0000,0.0566,0.0000,200,13.4336
0.0507,0.0000,0.0000,0.0000,0.0506,0.0000,200,13.4404
0.0506,0.0000,0.0000,0.0000,0.0506,0.0000,200,13.4514
0.0481,0.0000,0.0000,0.0000,0.0476,0.0001,200,13.4603
0.0415,0.0000,0.0000,0.0000,0.0414,0.0001,200,13.4864
0.0637,0.0000,0.0000,0.0000,0.0636,0.0000,200,13.4664
0.0411,0.0000,0.0000,0.0000,0.0410,0.0000,200,13.4902
0.0442,0.0000,0.0000,0.0000,0.0438,0.0004,200,13.4911
1.1208,0.0000,0.0000,0.0000,1.1207,0.0000,200,12.4184
0.0479,0.0000,0.0000,0.0000,0.0478,0.0000,200,13.5020
0.0490,0.0000,0.0000,0.0000,0.0489,0.0000,200,13.5084
0.0380,0.0000,0.0000,0.0000,0.0366,0.0014,200,13.5279
0.0406,0.0000,0.0000,0.0000,0.0406,0.0000,200,13.5313
0.0421,0.0000,0.0000,0.0002,0.0418,0.0000,200,13.5301
1.0667,0.0000,0.0000,0.0000,1.0667,0.0000,200,12.5164
0.0550,0.0000,0.0000,0.0000,0.0549,0.0000,200,13.5353
0.0599,0.0000,0.0000,0.0001,0.0594,0.0001,200,13.5391
0.0581,0.0000,0.0000,0.0000,0.0571,0.0010,200,13.5499
0.0549,0.0000,0.0000,0.0000,0.0548,0.0000,200,13.5574
0.0477,0.0000,0.0000,0.0000,0.0476,0.0000,200,13.5659
0.0477,0.0000,0.0000,0.0000,0.0477,0.0000,200,13.5721
0.0570,0.0000,0.0000,0.0000,0.0570,0.0000,200,13.5720
0.0501,0.0000,0.0000,0.0000,0.0500,0.0000,200,13.5832
0.0501,0.0000,0.0000,0.0000,0.0496,0.0005,200,13.5903
0.0564,0.0000,0.0000,0.0000,0.0563,0.0000,200,13.5991
0.0489,0.0000,0.0000,0.0000,0.0488,0.0001,200,13.6199
0.0613,0.0000,0.0000,0.0000,0.0612,0.0000,200,13.6080
0.0576,0.0000,0.0000,0.0000,0.0571,0.0005,200,13.6136
0.0487,0.0000,0.0000,0.0000,0.0486,0.0000,200,13.6290
0.0485,0.0000,0.0000,0.0000,0.0476,0.0000,200,13.6332
0.0491,0.0000,0.0000,0.0000,0.0490,0.0001,200,13.6404
0.0403,0.0000,0.0000,0.0000,0.0403,0.0000,200,13.6687
0.0471,0.0000,0.0000,0.0000,0.0470,0.0000,200,13.6692
0.0614,0.0000,0.0000,0.0000,0.0614,0.0000,200,13.6555
1.0973,0.0000,0.0000,0.0000,1.0952,0.0003,200,12.6234
0.0511,0.0000,0.0000,0.0000,0.0508,0.0003,200,13.6817
0.0437,0.0000,0.0000,0.0000,0.0431,0.0000,200,13.6895
0.0617,0.0000,0.0000,0.0000,0.0616,0.0000,200,13.6777
0.0373,0.0000,0.0000,0.0000,0.0368,0.0004,200,13.7091
0.0351,0.0000,0.0000,0.0000,0.0350,0.0000,200,13.7163
0.0451,0.0000,0.0000,0.0000,0.0450,0.0000,200,13.7169
0.0427,0.0000,0.0000,0.0000,0.0426,0.0000,200,13.7207
1.0612,0.0000,0.0000,0.0000,1.0611,0.0000,200,12.7136
1.1036,0.0000,0.0000,0.0000,1.1036,0.0000,200,12.6717
0.0687,0.0000,0.0000,0.0000,0.0686,0.0001,200,13.7328
2.5473,0.0000,0.0000,0.0000,2.5457,0.0016,200,11.2549
0.0510,0.0000,0.0000,0.0000,0.0505,0.0005,200,13.7513
0.0565,0.0000,0.0000,0.0000,0.0564,0.0000,200,13.7463
0.0462,0.0000,0.0000,0.0000,0.0461,0.0000,200,13.7620
0.0569,0.0000,0.0000,0.0000,0.0568,0.0001,200,13.7634
0.0509,0.0000,0.0000,0.0000,0.0509,0.0000,200,13.7748
1.0510,0.0000,0.0000,0.0000,1.0506,0.0004,200,12.7752
0.0334,0.0000,0.0000,0.0000,0.0333,0.0000,200,13.8024
0.0457,0.0000,0.0000,0.0000,0.0447,0.0009,200,13.8015
0.0490,0.0000,0.0000,0.0000,0.0484,0.0000,200,13.8022
0.0668,0.0000,0.0000,0.0000,0.0667,0.0000,200,13.8028
0.0510,0.0000,0.0000,0.0000,0.0509,0.0000,200,13.8203
0.0686,0.0000,0.0000,0.0000,0.0684,0.0001,200,13.8082
0.0447,0.0000,0.0000,0.0000,0.0446,0.0001,200,13.8357
0.0553,0.0000,0.0000,0.0000,0.0541,0.0011,200,13.8257
0.0470,0.0000,0.0000,0.0000,0.0469,0.0000,200,13.8513
0.0512,0.0000,0.0000,0.0000,0.0512,0.0000,200,13.8471
1.1086,0.0000,0.0000,0.0000,1.1085,0.0001,200,12.8059
0.0490,0.0000,0.0000,0.0000,0.0489,0.0000,200,13.8696
0.0550,0.0000,0.0000,0.0000,0.0548,0.0002,200,13.8713
0.0531,0.0000,0.0000,0.0000,0.0530,0.0000,200,13.8804
0.0421,0.0000,0.0000,0.0000,0.0420,0.0000,200,13.8982
0.0701,0.0000,0.0000,0.0000,0.0700,0.0001,200,13.8767
0.0593,0.0000,0.0000,0.0000,0.0592,0.0001,200,13.8984
0.0403,0.0000,0.0000,0.0000,0.0402,0.0001,200,13.9185
0.0435,0.0000,0.0000,0.0000,0.0432,0.0000,200,13.9145
0.0398,0.0000,0.0000,0.0000,0.0398,0.0000,200,13.9263
0.0374,0.0000,0.0000,0.0000,0.0373,0.0000,200,13.9336
0.0371,0.0000,0.0000,0.0000,0.0370,0.0001,200,13.9468
0.0519,0.0000,0.0000,0.0000,0.0512,0.0007,200,13.9403
0.0359,0.0000,0.0000,0.0000,0.0356,0.0003,200,13.9577
0.0466,0.0000,0.0000,0.0000,0.0463,0.0002,200,13.9589
0.0514,0.0000,0.0000,0.0000,0.0513,0.0000,200,13.9591
0.0518,0.0000,0.0000,0.0000,0.0518,0.0000,200,13.9661
0.0472,0.0000,0.0000,0.0000,0.0470,0.0000,200,13.9710
0.0420,0.0000,0.0000,0.0000,0.0411,0.0009,200,13.9839
0.0466,0.0000,0.0000,0.0000,0.0463,0.0002,200,13.9936
0.0545,0.0000,0.0000,0.0000,0.0544,0.0000,200,13.9922
0.0466,0.0000,0.0000,0.0001,0.0464,0.0001,200,14.0055
0.0476,0.0000,0.0000,0.0000,0.0476,0.0000,200,14.0105
0.0473,0.0000,0.0000,0.0000,0.0471,0.0002,200,14.0179
0.0536,0.0000,0.0000,0.0000,0.0536,0.0000,200,14.0182
0.0552,0.0000,0.0000,0.0000,0.0551,0.0001,200,14.0260
0.0439,0.0000,0.0000,0.0000,0.0438,0.0000,200,14.0402
0.0549,0.0000,0.0000,0.0000,0.0527,0.0008,200,14.0467
1.1179,0.0000,0.0000,0.0000,1.1178,0.0000,200,12.9839
0.0532,0.0000,0.0000,0.0000,0.0526,0.0005,200,14.0581
0.0657,0.0000,0.0000,0.0000,0.0656,0.0000,200,14.0521
0.0618,0.0000,0.0000,0.0000,0.0617,0.0000,200,14.0653
0.0617,0.0000,0.0000,0.0000,0.0616,0.0001,200,14.0718
0.0593,0.0000,0.0000,0.0000,0.0591,0.0001,200,14.0811
0.0430,0.0000,0.0000,0.0000,0.0426,0.0003,200,14.1113
0.0595,0.0000,0.0000,0.0000,0.0594,0.0000,200,14.1017
0.0427,0.0000,0.0000,0.0000,0.0426,0.0000,200,14.1270
0.0684,0.0000,0.0000,0.0000,0.0683,0.0000,200,14.1016
0.0535,0.0000,0.0000,0.0000,0.0530,0.0005,200,14.1177
0.0463,0.0000,0.0000,0.0000,0.0462,0.0000,200,14.1404
0.0538,0.0000,0.0000,0.0000,0.0537,0.0000,200,14.1336
0.0375,0.0000,0.0000,0.0000,0.0374,0.0000,200,14.1543
1.8677,0.0000,0.0000,0.0000,1.8677,0.0000,200,12.3359
0.0540,0.0000,0.0000,0.0017,0.0522,0.0000,200,14.1612
0.0523,0.0000,0.0000,0.0000,0.0510,0.0012,200,14.1697
0.0580,0.0000,0.0000,0.0000,0.0579,0.0000,200,14.1700
0.0748,0.0000,0.0000,0.0000,0.0747,0.0001,200,14.1712
0.0596,0.0000,0.0000,0.0000,0.0595,0.0001,200,14.1867
0.0603,0.0000,0.0000,0.0000,0.0601,0.0002,200,14.1918
0.0495,0.0000,0.0000,0.0000,0.0494,0.0000,200,14.2036
0.0482,0.0000,0.0000,0.0000,0.0481,0.0000,200,14.2152
0.0474,0.0000,0.0000,0.0000,0.0473,0.0000,200,14.2220
0.0532,0.0000,0.0000,0.0000,0.0529,0.0002,200,14.2280
0.0357,0.0000,0.0000,0.0000,0.0356,0.0000,200,14.2463
0.0431,0.0000,0.0000,0.0000,0.0430,0.0000,200,14.2520
0.0522,0.0000,0.0000,0.0000,0.0521,0.0000,200,14.2531
0.0595,0.0000,0.0000,0.0000,0.0593,0.0002,200,14.2460
0.0522,0.0000,0.0000,0.0000,0.0517,0.0005,200,14.2693
0.0590,0.0000,0.0000,0.0000,0.0589,0.0000,200,14.2634
0.0477,0.0000,0.0000,0.0000,0.0476,0.0001,200,14.2812
0.0499,0.0000,0.0000,0.0000,0.0498,0.0000,200,14.2820
0.0369,0.0000,0.0000,0.0000,0.0369,0.0000,200,14.2951
0.0517,0.0000,0.0000,0.0000,0.0516,0.0001,200,14.3056
1.0695,0.0000,0.0000,0.0000,1.0695,0.0001,200,13.2926
0.0410,0.0000,0.0000,0.0000,0.0409,0.0000,200,14.3216
0.0574,0.0000,0.0000,0.0000,0.0571,0.0002,200,14.3053
0.0435,0.0000,0.0000,0.0000,0.0434,0.0000,200,14.3289
0.0626,0.0000,0.0000,0.0000,0.0606,0.0020,200,14.3224
0.0552,0.0000,0.0000,0.0000,0.0551,0.0000,200,14.3319
0.0318,0.0000,0.0000,0.0000,0.0318,0.0000,200,14.3626
0.0491,0.0000,0.0000,0.0000,0.0490,0.0000,200,14.3573
0.0523,0.0000,0.0000,0.0000,0.0523,0.0000,200,14.3625
0.0529,0.0000,0.0000,0.0000,0.0528,0.0000,200,14.3621
1.0641,0.0000,0.0000,0.0000,1.0641,0.0000,200,13.3533
0.0537,0.0000,0.0000,0.0000,0.0535,0.0000,200,14.3724
0.0500,0.0000,0.0000,0.0000,0.0500,0.0000,200,14.3850
0.0499,0.0000,0.0000,0.0000,0.0498,0.0000,200,14.3871
0.0463,0.0000,0.0000,0.0001,0.0461,0.0001,200,14.3945
0.0502,0.0000,0.0000,0.0000,0.0501,0.0000,200,14.4063
0.0476,0.0000,0.0000,0.0000,0.0475,0.0000,200,14.4149
0.0491,0.0000,0.0000,0.0000,0.0490,0.0000,200,14.4150
0.0472,0.0000,0.0000,0.0000,0.0465,0.0006,200,14.4260
0.0453,0.0000,0.0000,0.0000,0.0451,0.0001,200,14.4350
0.0597,0.0000,0.0000,0.0000,0.0596,0.0000,200,14.4369
0.0575,0.0000,0.0000,0.0000,0.0574,0.0000,200,14.4565
0.0735,0.0000,0.0000,0.0000,0.0734,0.0000,200,14.4408
0.0637,0.0000,0.0000,0.0000,0.0636,0.0001,200,14.4641
0.0656,0.0000,0.0000,0.0000,0.0655,0.0000,200,14.4625
0.0581,0.0000,0.0000,0.0000,0.0580,0.0001,200,14.4732
0.0635,0.0000,0.0000,0.0000,0.0635,0.0000,200,14.4803
1.0735,0.0000,0.0000,0.0000,1.0734,0.0000,200,13.4716
0.0445,0.0000,0.0000,0.0000,0.0444,0.0000,200,14.5140
0.0507,0.0000,0.0000,0.0000,0.0506,0.0000,200,14.5143
0.0719,0.0000,0.0000,0.0000,0.0719,0.0000,200,14.4967
0.0429,0.0000,0.0000,0.0000,0.0425,0.0004,200,14.5281
0.0462,0.0000,0.0000,0.0000,0.0461,0.0000,200,14.5438
0.0622,0.0000,0.0000,0.0000,0.0621,0.0000,200,14.5278
0.0451,0.0000,0.0000,0.0000,0.0450,0.0000,200,14.5450
0.0508,0.0000,0.0000,0.0000,0.0506,0.0001,200,14.5585
0.0466,0.0000,0.0000,0.0000,0.0466,0.0000,200,14.5710
0.0494,0.0000,0.0000,0.0000,0.0493,0.0000,200,14.5686
0.0537,0.0000,0.0000,0.0000,0.0537,0.0000,200,14.5650
0.0514,0.0000,0.0000,0.0000,0.0513,0.0000,200,14.5900
0.0544,0.0000,0.0000,0.0000,0.0543,0.0001,200,14.5900
0.0362,0.0000,0.0000,0.0000,0.0361,0.0001,200,14.6092
0.0652,0.0000,0.0000,0.0000,0.0652,0.0000,200,14.5901
0.0447,0.0000,0.0000,0.0000,0.0446,0.0000,200,14.6180
0.0463,0.0000,0.0000,0.0000,0.0463,0.0000,200,14.6176
0.0544,0.0000,0.0000,0.0000,0.0544,0.0000,200,14.6187
0.0327,0.0000,0.0000,0.0000,0.0326,0.0000,200,14.6413
0.0474,0.0000,0.0000,0.0000,0.0474,0.0000,200,14.6444
0.0496,0.0000,0.0000,0.0000,0.0495,0.0000,200,14.6455
0.0466,0.0000,0.0000,0.0000,0.0463,0.0002,200,14.6553
0.0433,0.0000,0.0000,0.0000,0.0432,0.0000,200,14.6627
0.0473,0.0000,0.0000,0.0000,0.0472,0.0001,200,14.6640
0.0385,0.0000,0.0000,0.0000,0.0383,0.0002,200,14.6740
0.0445,0.0000,0.0000,0.0000,0.0444,0.0000,200,14.6731
1.0528,0.0000,0.0000,0.0000,1.0527,0.0001,200,13.6713
0.0440,0.0000,0.0000,0.0000,0.0440,0.0000,200,14.6918
0.0461,0.0000,0.0000,0.0000,0.0461,0.0000,200,14.6950
0.0477,0.0000,0.0000,0.0000,0.0476,0.0000,200,14.7019
0.0543,0.0000,0.0000,0.0000,0.0542,0.0000,200,14.7060
0.0446,0.0000,0.0000,0.0000,0.0446,0.0000,200,14.7176
0.0728,0.0000,0.0000,0.0000,0.0728,0.0000,200,14.7113
0.0600,0.0000,0.0000,0.0000,0.0599,0.0000,200,14.7241
0.0501,0.0000,0.0000,0.0000,0.0500,0.0000,200,14.7412
0.0567,0.0000,0.0000,0.0000,0.0566,0.0000,200,14.7359
0.0490,0.0000,0.0000,0.0000,0.0490,0.0000,200,14.7496
1.0604,0.0000,0.0000,0.0000,1.0603,0.0000,200,13.7394
0.0535,0.0000,0.0000,0.0000,0.0533,0.0000,200,14.7602
0.0630,0.0000,0.0000,0.0000,0.0629,0.0000,200,14.7623
0.0435,0.0000,0.0000,0.0000,0.0434,0.0000,200,14.7841
0.0493,0.0000,0.0000,0.0000,0.0492,0.0000,200,14.7841
0.0479,0.0000,0.0000,0.0000,0.0478,0.0000,200,14.7912
0.0458,0.0000,0.0000,0.0000,0.0458,0.0000,200,14.7986
0.0501,0.0000,0.0000,0.0000,0.0500,0.0001,200,14.7998
0.0615,0.0000,0.0000,0.0000,0.0615,0.0000,200,14.7925
0.0601,0.0000,0.0000,0.0000,0.0600,0.0001,200,14.8137
1.1038,0.0000,0.0000,0.0000,1.1037,0.0000,200,13.7753
0.0561,0.0000,0.0000,0.0000,0.0561,0.0000,200,14.8252
0.0500,0.0000,0.0000,0.0000,0.0499,0.0000,200,14.8391
0.0587,0.0000,0.0000,0.0001,0.0586,0.0001,200,14.8334
0.0259,0.0000,0.0000,0.0000,0.0258,0.0000,200,14.8738
0.0634,0.0000,0.0000,0.0000,0.0613,0.0020,200,14.8444
0.0601,0.0000,0.0000,0.0000,0.0598,0.0003,200,14.8541
0.0519,0.0000,0.0000,0.0000,0.0518,0.0000,200,14.8791
0.0541,0.0000,0.0000,0.0000,0.0539,0.0002,200,14.8814
1.1141,0.0000,0.0000,0.0000,1.1140,0.0000,200,13.8262
0.0598,0.0000,0.0000,0.0001,0.0597,0.0000,200,14.8891
0.0559,0.0000,0.0000,0.0000,0.0559,0.0000,200,14.8997
0.0637,0.0000,0.0000,0.0000,0.0637,0.0000,200,14.8921
0.0589,0.0000,0.0000,0.0000,0.0588,0.0000,200,14.9141
0.0663,0.0000,0.0000,0.0000,0.0662,0.0000,200,14.9078
0.0480,0.0000,0.0000,0.0000,0.0479,0.0000,200,14.9310
0.0555,0.0000,0.0000,0.0000,0.0555,0.0000,200,14.9354
0.0477,0.0000,0.0000,0.0000,0.0477,0.0000,200,14.9489
1.1157,0.0000,0.0000,0.0000,1.1156,0.0000,200,13.8810
0.0493,0.0000,0.0000,0.0000,0.0492,0.0000,200,14.9557
0.0375,0.0000,0.0000,0.0000,0.0374,0.0000,200,14.9730
0.0513,0.0000,0.0000,0.0000,0.0512,0.0001,200,14.9741
0.0413,0.0000,0.0000,0.0000,0.0412,0.0001,200,14.9910
0.0544,0.0000,0.0000,0.0000,0.0543,0.0001,200,14.9790
0.0458,0.0000,0.0000,0.0000,0.0458,0.0000,200,14.9966
0.0365,0.0000,0.0000,0.0000,0.0364,0.0001,200,15.0255
0.0679,0.0000,0.0000,0.0000,0.0678,0.0000,200,15.0050
0.0418,0.0000,0.0000,0.0000,0.0415,0.0003,200,15.0323
0.0332,0.0000,0.0000,0.0000,0.0331,0.0001,200,15.0425
0.0696,0.0000,0.0000,0.0000,0.0696,0.0000,200,15.0105
0.0480,0.0000,0.0000,0.0000,0.0479,0.0000,200,15.0334
0.0185,0.0000,0.0000,0.0000,0.0184,0.0000,200,15.0729
0.0301,0.0000,0.0000,0.0000,0.0301,0.0000,200,15.0620
0.0329,0.0000,0.0000,0.0000,0.0329,0.0000,200,15.0741
0.0317,0.0000,0.0000,0.0000,0.0296,0.0020,200,15.0757
0.0312,0.0000,0.0000,0.0000,0.0311,0.0000,200,15.0802
0.0354,0.0000,0.0000,0.0000,0.0352,0.0001,200,15.0814
0.0307,0.0000,0.0000,0.0000,0.0306,0.0000,200,15.0921
0.0518,0.0000,0.0000,0.0000,0.0517,0.0000,200,15.0913
0.0361,0.0000,0.0000,0.0000,0.0361,0.0000,200,15.1071
0.0359,0.0000,0.0000,0.0000,0.0359,0.0000,200,15.1073
0.0378,0.0000,0.0000,0.0000,0.0377,0.0000,200,15.1113
0.0393,0.0000,0.0000,0.0000,0.0392,0.0000,200,15.1167
0.0451,0.0000,0.0000,0.0000,0.0450,0.0001,200,15.1228
1.0891,0.0000,0.0000,0.0004,1.0886,0.0001,200,14.0841
0.0449,0.0000,0.0000,0.0000,0.0449,0.0000,200,15.1433
0.0521,0.0000,0.0000,0.0000,0.0520,0.0000,200,15.1432
0.0526,0.0000,0.0000,0.0000,0.0525,0.0000,200,15.1431
0.0467,0.0000,0.0000,0.0000,0.0466,0.0000,200,15.1491
0.0542,0.0000,0.0000,0.0000,0.0542,0.0000,200,15.1560
1.4831,0.0000,0.0000,0.0000,1.4831,0.0000,200,13.7332
0.0485,0.0000,0.0000,0.0000,0.0484,0.0000,200,15.1679
0.0596,0.0000,0.0000,0.0000,0.0564,0.0032,200,15.1732
0.0482,0.0000,0.0000,0.0000,0.0481,0.0000,200,15.1882
0.0493,0.0000,0.0000,0.0000,0.0492,0.0000,200,15.1953
0.0565,0.0000,0.0000,0.0000,0.0562,0.0002,200,15.1957
0.0422,0.0000,0.0000,0.0000,0.0421,0.0000,200,15.2102
0.0526,0.0000,0.0000,0.0000,0.0526,0.0000,200,15.2163
0.0542,0.0000,0.0000,0.0000,0.0541,0.0000,200,15.2164
0.0432,0.0000,0.0000,0.0000,0.0404,0.0028,200,15.2328
0.0709,0.0000,0.0000,0.0000,0.0707,0.0001,200,15.2446
0.0669,0.0000,0.0000,0.0000,0.0668,0.0000,200,15.2521
0.0736,0.0000,0.0000,0.0000,0.0735,0.0000,200,15.2524
0.0906,0.0000,0.0000,0.0000,0.0906,0.0000,200,15.2364
0.0665,0.0000,0.0000,0.0000,0.0653,0.0012,200,15.2689
0.0764,0.0000,0.0000,0.0000,0.0751,0.0013,200,15.2706
0.0782,0.0000,0.0000,0.0000,0.0759,0.0000,200,15.2760
0.0494,0.0000,0.0000,0.0000,0.0491,0.0002,200,15.3154
0.0588,0.0000,0.0000,0.0000,0.0586,0.0001,200,15.3260
0.0696,0.0000,0.0000,0.0000,0.0695,0.0002,200,15.3191
0.0575,0.0000,0.0000,0.0000,0.0575,0.0000,200,15.3355
0.0513,0.0000,0.0000,0.0000,0.0512,0.0000,200,15.3542
0.0586,0.0000,0.0000,0.0000,0.0586,0.0000,200,15.3470
0.0503,0.0000,0.0000,0.0000,0.0502,0.0000,200,15.3648
0.0885,0.0000,0.0000,0.0000,0.0884,0.0000,200,15.3271
0.0381,0.0000,0.0000,0.0000,0.0381,0.0000,200,15.3848
1.0910,0.0000,0.0000,0.0000,1.0910,0.0000,200,14.3321
0.0433,0.0000,0.0000,0.0000,0.0431,0.0001,200,15.3930
0.0334,0.0000,0.0000,0.0000,0.0333,0.0000,200,15.4055
0.0525,0.0000,0.0000,0.0000,0.0522,0.0003,200,15.3887
0.0409,0.0000,0.0000,0.0000,0.0408,0.0000,200,15.4155
0.0541,0.0000,0.0000,0.0000,0.0540,0.0002,200,15.4056
0.0459,0.0000,0.0000,0.0000,0.0458,0.0000,200,15.4151
0.0443,0.0000,0.0000,0.0000,0.0442,0.0000,200,15.4230
0.0593,0.0000,0.0000,0.0000,0.0592,0.0001,200,15.4231
0.0499,0.0000,0.0000,0.0000,0.0497,0.0002,200,15.4389
0.0537,0.0000,0.0000,0.0000,0.0526,0.0010,200,15.4363
0.0448,0.0000,0.0000,0.0000,0.0447,0.0001,200,15.4597
1.0937,0.0000,0.0000,0.0000,1.0937,0.0000,200,14.4174
0.0703,0.0000,0.0000,0.0000,0.0698,0.0004,200,15.4412
0.0456,0.0000,0.0000,0.0000,0.0455,0.0001,200,15.4673
0.0432,0.0000,0.0000,0.0000,0.0432,0.0000,200,15.4824
0.0424,0.0000,0.0000,0.0002,0.0421,0.0001,200,15.4900
0.0475,0.0000,0.0000,0.0001,0.0473,0.0000,200,15.4887
0.0338,0.0000,0.0000,0.0000,0.0338,0.0000,200,15.5112
0.0406,0.0000,0.0000,0.0000,0.0405,0.0000,200,15.5045
0.0465,0.0000,0.0000,0.0000,0.0465,0.0000,200,15.5115
0.0589,0.0000,0.0000,0.0000,0.0588,0.0000,200,15.5128
0.0464,0.0000,0.0000,0.0000,0.0426,0.0005,200,15.5257
0.0446,0.0000,0.0000,0.0000,0.0445,0.0001,200,15.5324
0.0477,0.0000,0.0000,0.0000,0.0477,0.0000,200,15.5362
0.0389,0.0000,0.0000,0.0000,0.0388,0.0000,200,15.5451
0.0578,0.0000,0.0000,0.0000,0.0577,0.0000,200,15.5450
0.0321,0.0000,0.0000,0.0000,0.0319,0.0001,200,15.5717
0.0477,0.0000,0.0000,0.0000,0.0475,0.0002,200,15.5580
0.0516,0.0000,0.0000,0.0000,0.0513,0.0002,200,15.5720
0.0508,0.0000,0.0000,0.0000,0.0495,0.0012,200,15.5770
0.0340,0.0000,0.0000,0.0000,0.0336,0.0000,200,15.6028
1.1078,0.0000,0.0000,0.0000,1.1077,0.0000,200,14.5313
0.0555,0.0000,0.0000,0.0000,0.0555,0.0000,200,15.5840
0.0447,0.0000,0.0000,0.0000,0.0447,0.0000,200,15.6038
0.0579,0.0000,0.0000,0.0000,0.0578,0.0000,200,15.6057
0.0458,0.0000,0.0000,0.0000,0.0458,0.0000,200,15.6277
0.0502,0.0000,0.0000,0.0000,0.0502,0.0000,200,15.6236
0.0379,0.0000,0.0000,0.0000,0.0378,0.0000,200,15.6368
0.0410,0.0000,0.0000,0.0000,0.0410,0.0000,200,15.6395
0.0436,0.0000,0.0000,0.0000,0.0435,0.0000,200,15.6391
2.0826,0.0000,0.0000,0.0000,2.0825,0.0000,200,13.6123
0.0321,0.0000,0.0000,0.0000,0.0320,0.0000,200,15.6636
0.0343,0.0000,0.0000,0.0000,0.0341,0.0001,200,15.6746
0.0355,0.0000,0.0000,0.0000,0.0354,0.0001,200,15.6736
0.0471,0.0000,0.0000,0.0003,0.0454,0.0000,200,15.6739
0.0410,0.0000,0.0000,0.0000,0.0409,0.0000,200,15.6806
0.0526,0.0000,0.0000,0.0000,0.0524,0.0001,200,15.6827
0.0423,0.0000,0.0000,0.0000,0.0422,0.0001,200,15.6949
0.0515,0.0000,0.0000,0.0003,0.0512,0.0000,200,15.7089
0.0648,0.0000,0.0000,0.0000,0.0648,0.0000,200,15.6956
0.0630,0.0000,0.0000,0.0000,0.0625,0.0005,200,15.7091
0.0515,0.0000,0.0000,0.0001,0.0514,0.0000,200,15.7209
0.0513,0.0000,0.0000,0.0000,0.0513,0.0000,200,15.7215
0.0497,0.0000,0.0000,0.0000,0.0490,0.0007,200,15.7353
0.0357,0.0000,0.0000,0.0003,0.0342,0.0000,200,15.7605
0.0598,0.0000,0.0000,0.0000,0.0595,0.0000,200,15.7372
0.0449,0.0000,0.0000,0.0000,0.0449,0.0000,200,15.7605
0.0455,0.0000,0.0000,0.0000,0.0454,0.0000,200,15.7724
0.0523,0.0000,0.0000,0.0000,0.0521,0.0002,200,15.7728
0.0543,0.0000,0.0000,0.0000,0.0543,0.0000,200,15.7721
0.0391,0.0000,0.0000,0.0000,0.0390,0.0000,200,15.7961
0.0521,0.0000,0.0000,0.0000,0.0520,0.0000,200,15.7850
0.0511,0.0000,0.0000,0.0000,0.0505,0.0005,200,15.7970
0.0331,0.0000,0.0000,0.0000,0.0300,0.0030,200,15.8179
0.0491,0.0000,0.0000,0.0000,0.0489,0.0001,200,15.8054
0.0505,0.0000,0.0000,0.0002,0.0503,0.0000,200,15.8251
0.0499,0.0000,0.0000,0.0000,0.0498,0.0000,200,15.8264
0.0415,0.0000,0.0000,0.0000,0.0411,0.0000,200,15.8352
0.0512,0.0000,0.0000,0.0000,0.0512,0.0000,200,15.8371
1.0664,0.0000,0.0000,0.0027,1.0630,0.0000,200,14.8276
0.0483,0.0000,0.0000,0.0001,0.0480,0.0001,200,15.8481
0.0485,0.0000,0.0000,0.0000,0.0484,0.0001,200,15.8545
0.0431,0.0000,0.0000,0.0000,0.0427,0.0004,200,15.8757
0.0436,0.0000,0.0000,0.0000,0.0435,0.0001,200,15.8763
0.0503,0.0000,0.0000,0.0000,0.0503,0.0000,200,15.8767
0.0507,0.0000,0.0000,0.0000,0.0506,0.0000,200,15.8883
0.0654,0.0000,0.0000,0.0002,0.0652,0.0000,200,15.8940
0.0635,0.0000,0.0000,0.0000,0.0634,0.0000,200,15.8963
0.0701,0.0000,0.0000,0.0000,0.0700,0.0001,200,15.9030
0.0599,0.0000,0.0000,0.0000,0.0598,0.0001,200,15.9188
0.0721,0.0000,0.0000,0.0000,0.0720,0.0001,200,15.9199
0.0653,0.0000,0.0000,0.0000,0.0652,0.0000,200,15.9270
0.0534,0.0000,0.0000,0.0000,0.0534,0.0000,200,15.9390
0.0490,0.0000,0.0000,0.0000,0.0490,0.0000,200,15.9594
0.0554,0.0000,0.0000,0.0000,0.0553,0.0000,200,15.9598
1.0643,0.0000,0.0000,0.0000,1.0642,0.0001,200,14.9559
0.0519,0.0000,0.0000,0.0000,0.0502,0.0017,200,15.9731
0.0525,0.0000,0.0000,0.0000,0.0523,0.0002,200,15.9786
0.0563,0.0000,0.0000,0.0000,0.0561,0.0001,200,15.9922
0.0584,0.0000,0.0000,0.0000,0.0584,0.0000,200,15.9925
0.0417,0.0000,0.0000,0.0000,0.0416,0.0001,200,16.0152
0.0604,0.0000,0.0000,0.0000,0.0603,0.0000,200,16.0084
0.0773,0.0000,0.0000,0.0000,0.0772,0.0000,200,15.9920
0.0493,0.0000,0.0000,0.0000,0.0492,0.0000,200,16.0202
0.0500,0.0000,0.0000,0.0000,0.0499,0.0001,200,16.0312
0.0459,0.0000,0.0000,0.0000,0.0458,0.0000,200,16.0509
0.0489,0.0000,0.0000,0.0000,0.0485,0.0001,200,16.0486
0.0494,0.0000,0.0000,0.0000,0.0493,0.0000,200,16.0568
0.0455,0.0000,0.0000,0.0000,0.0454,0.0000,200,16.0689
0.0581,0.0000,0.0000,0.0000,0.0581,0.0000,200,16.0693
0.0596,0.0000,0.0000,0.0000,0.0574,0.0022,200,16.0695
0.0494,0.0000,0.0000,0.0000,0.0493,0.0000,200,16.0812
0.0457,0.0000,0.0000,0.0000,0.0456,0.0000,200,16.0975
0.0516,0.0000,0.0000,0.0000,0.0515,0.0000,200,16.0968
0.0460,0.0000,0.0000,0.0002,0.0458,0.0000,200,16.1062
0.0498,0.0000,0.0000,0.0000,0.0497,0.0001,200,16.1144
0.0430,0.0000,0.0000,0.0000,0.0429,0.0000,200,16.1274
0.0536,0.0000,0.0000,0.0000,0.0536,0.0000,200,16.1291
0.0524,0.0000,0.0000,0.0000,0.0524,0.0000,200,16.1305
0.0482,0.0000,0.0000,0.0000,0.0480,0.0000,200,16.1431
0.0432,0.0000,0.0000,0.0000,0.0431,0.0000,200,16.1484
0.0520,0.0000,0.0000,0.0000,0.0519,0.0001,200,16.1523
1.2904,0.0000,0.0000,0.0000,1.2903,0.0001,200,14.9403
0.0636,0.0000,0.0000,0.0000,0.0636,0.0000,200,16.1704
0.0699,0.0000,0.0000,0.0000,0.0699,0.0000,200,16.1642
0.0623,0.0000,0.0000,0.0000,0.0622,0.0001,200,16.1830
0.0709,0.0000,0.0000,0.0000,0.0708,0.0000,200,16.1827
0.0674,0.0000,0.0000,0.0000,0.0673,0.0000,200,16.2043
2.0901,0.0000,0.0000,0.0000,2.0891,0.0009,200,14.1873
0.0440,0.0000,0.0000,0.0000,0.0439,0.0000,200,16.2342
0.0520,0.0000,0.0000,0.0000,0.0520,0.0000,200,16.2341
1.0905,0.0000,0.0000,0.0008,1.0896,0.0000,200,15.1958
0.0956,0.0000,0.0000,0.0000,0.0948,0.0008,200,16.1914
0.0658,0.0000,0.0000,0.0000,0.0657,0.0001,200,16.2307
0.0418,0.0000,0.0000,0.0002,0.0416,0.0000,200,16.2716
0.0611,0.0000,0.0000,0.0000,0.0610,0.0000,200,16.2536
0.0443,0.0000,0.0000,0.0000,0.0441,0.0002,200,16.2774
0.0548,0.0000,0.0000,0.0000,0.0546,0.0001,200,16.2781
0.0472,0.0000,0.0000,0.0000,0.0472,0.0000,200,16.2863
0.0475,0.0000,0.0000,0.0000,0.0475,0.0000,200,16.2861
0.0503,0.0000,0.0000,0.0001,0.0502,0.0000,200,16.2965
0.0384,0.0000,0.0000,0.0000,0.0384,0.0000,200,16.3147
0.0427,0.0000,0.0000,0.0000,0.0427,0.0001,200,16.3134
0.0392,0.0000,0.0000,0.0000,0.0391,0.0000,200,16.3217
0.0402,0.0000,0.0000,0.0000,0.0401,0.0000,200,16.3335
0.0494,0.0000,0.0000,0.0000,0.0493,0.0000,200,16.3336
0.0492,0.0000,0.0000,0.0000,0.0491,0.0000,200,16.3468
0.0683,0.0000,0.0000,0.0000,0.0683,0.0000,200,16.3329
0.0494,0.0000,0.0000,0.0000,0.0493,0.0000,200,16.3531
0.0622,0.0000,0.0000,0.0000,0.0621,0.0001,200,16.3562
0.0594,0.0000,0.0000,0.0000,0.0594,0.0000,200,16.3608
0.0520,0.0000,0.0000,0.0000,0.0519,0.0000,200,16.3736
0.0551,0.0000,0.0000,0.0000,0.0551,0.0000,200,16.3830
0.0431,0.0000,0.0000,0.0000,0.0430,0.0001,200,16.3960
0.0434,0.0000,0.0000,0.0000,0.0433,0.0000,200,16.4012
0.0429,0.0000,0.0000,0.0000,0.0428,0.0000,200,16.4025
0.0320,0.0000,0.0000,0.0000,0.0319,0.0000,200,16.4203
0.0487,0.0000,0.0000,0.0000,0.0482,0.0005,200,16.4184
0.0464,0.0000,0.0000,0.0000,0.0463,0.0001,200,16.4256
3.3523,0.0000,0.0000,0.0000,3.3520,0.0002,200,13.1238
0.0449,0.0000,0.0000,0.0000,0.0448,0.0000,200,16.4381
0.0575,0.0000,0.0000,0.0000,0.0573,0.0000,200,16.4391
0.0530,0.0000,0.0000,0.0000,0.0529,0.0000,200,16.4454
0.0551,0.0000,0.0000,0.0000,0.0551,0.0001,200,16.4523
0.0497,0.0000,0.0000,0.0000,0.0496,0.0001,200,16.4672
0.0453,0.0000,0.0000,0.0000,0.0452,0.0000,200,16.4720
0.0493,0.0000,0.0000,0.0000,0.0492,0.0000,200,16.4761
0.0491,0.0000,0.0000,0.0000,0.0488,0.0000,200,16.4830
0.0458,0.0000,0.0000,0.0001,0.0456,0.0001,200,16.4984
0.0575,0.0000,0.0000,0.0000,0.0574,0.0000,200,16.4967
0.0509,0.0000,0.0000,0.0000,0.0509,0.0000,200,16.5074
0.0465,0.0000,0.0000,0.0000,0.0464,0.0000,200,16.5321
0.0554,0.0000,0.0000,0.0000,0.0554,0.0000,200,16.5254
0.0651,0.0000,0.0000,0.0002,0.0636,0.0013,200,16.5169
0.0725,0.0000,0.0000,0.0000,0.0722,0.0001,200,16.5173
0.0525,0.0000,0.0000,0.0000,0.0524,0.0000,200,16.5442
0.0449,0.0000,0.0000,0.0000,0.0448,0.0000,200,16.5583
0.0503,0.0000,0.0000,0.0000,0.0503,0.0000,200,16.5541
0.0335,0.0000,0.0000,0.0004,0.0331,0.0000,200,16.5785
0.0414,0.0000,0.0000,0.0000,0.0413,0.0001,200,16.5820
0.0454,0.0000,0.0000,0.0000,0.0451,0.0003,200,16.5898
0.0568,0.0000,0.0000,0.0000,0.0568,0.0000,200,16.5808
0.0425,0.0000,0.0000,0.0000,0.0425,0.0000,200,16.5967
0.0458,0.0000,0.0000,0.0000,0.0457,0.0000,200,16.6032
0.0545,0.0000,0.0000,0.0000,0.0542,0.0002,200,16.6045
0.0522,0.0000,0.0000,0.0000,0.0521,0.0000,200,16.6120
0.0375,0.0000,0.0000,0.0000,0.0374,0.0001,200,16.6352
0.0443,0.0000,0.0000,0.0000,0.0442,0.0001,200,16.6377
0.0600,0.0000,0.0000,0.0000,0.0594,0.0006,200,16.6234
0.0572,0.0000,0.0000,0.0000,0.0571,0.0000,200,16.6392
0.0485,0.0000,0.0000,0.0000,0.0484,0.0000,200,16.6490
0.0524,0.0000,0.0000,0.0000,0.0520,0.0004,200,16.6642
0.0611,0.0000,0.0000,0.0000,0.0610,0.0000,200,16.6589
1.0737,0.0000,0.0000,0.0000,1.0732,0.0000,200,15.6485
0.0562,0.0000,0.0000,0.0000,0.0562,0.0000,200,16.6726
0.0522,0.0000,0.0000,0.0000,0.0520,0.0002,200,16.6833
0.0447,0.0000,0.0000,0.0000,0.0436,0.0011,200,16.6964
0.0445,0.0000,0.0000,0.0000,0.0444,0.0000,200,16.7166
0.0639,0.0000,0.0000,0.0000,0.0639,0.0000,200,16.6975
0.0489,0.0000,0.0000,0.0000,0.0485,0.0003,200,16.7222
0.0521,0.0000,0.0000,0.0000,0.0520,0.0000,200,16.7200
0.0482,0.0000,0.0000,0.0000,0.0481,0.0000,200,16.7356
0.0526,0.0000,0.0000,0.0000,0.0525,0.0000,200,16.7411
0.0354,0.0000,0.0000,0.0000,0.0354,0.0000,200,16.7611
0.0787,0.0000,0.0000,0.0000,0.0785,0.0000,200,16.7289
0.0398,0.0000,0.0000,0.0000,0.0398,0.0000,200,16.7720
0.0641,0.0000,0.0000,0.0000,0.0640,0.0000,200,16.7614
0.0599,0.0000,0.0000,0.0000,0.0580,0.0019,200,16.7711
0.0544,0.0000,0.0000,0.0000,0.0543,0.0001,200,16.7838
0.0563,0.0000,0.0000,0.0000,0.0562,0.0000,200,16.7937
0.0577,0.0000,0.0000,0.0000,0.0576,0.0000,200,16.7966
2.1528,0.0000,0.0000,0.0000,2.1527,0.0000,200,14.7125
0.0662,0.0000,0.0000,0.0000,0.0661,0.0001,200,16.8076
0.0497,0.0000,0.0000,0.0000,0.0497,0.0000,200,16.8310
0.0725,0.0000,0.0000,0.0000,0.0714,0.0005,200,16.8119
0.0776,0.0000,0.0000,0.0000,0.0775,0.0001,200,16.8254
0.0656,0.0000,0.0000,0.0000,0.0656,0.0000,200,16.8382
0.0602,0.0000,0.0000,0.0000,0.0602,0.0000,200,16.8500
0.0599,0.0000,0.0000,0.0000,0.0598,0.0001,200,16.8542
1.0801,0.0000,0.0000,0.0000,1.0800,0.0001,200,15.8510
0.0757,0.0000,0.0000,0.0000,0.0739,0.0017,200,16.8653
0.0680,0.0000,0.0000,0.0000,0.0679,0.0000,200,16.8844
0.0789,0.0000,0.0000,0.0000,0.0788,0.0000,200,16.8738
0.0586,0.0000,0.0000,0.0001,0.0523,0.0000,200,16.9030
0.0793,0.0000,0.0000,0.0000,0.0792,0.0001,200,16.9102
0.0759,0.0000,0.0000,0.0000,0.0759,0.0000,200,16.9142
0.0995,0.0000,0.0000,0.0000,0.0969,0.0025,200,16.9038
0.0739,0.0000,0.0000,0.0000,0.0738,0.0000,200,16.9409
0.0692,0.0000,0.0000,0.0000,0.0691,0.0000,200,16.9527
0.0924,0.0000,0.0000,0.0000,0.0923,0.0001,200,16.9523
0.0579,0.0000,0.0000,0.0000,0.0568,0.0011,200,16.9896
0.0872,0.0000,0.0000,0.0000,0.0871,0.0000,200,16.9616
0.0765,0.0000,0.0000,0.0000,0.0763,0.0001,200,16.9901
0.0521,0.0000,0.0000,0.0000,0.0510,0.0000,200,17.0148
0.0646,0.0000,0.0000,0.0000,0.0645,0.0000,200,17.0033
0.0562,0.0000,0.0000,0.0000,0.0561,0.0000,200,17.0219
0.0533,0.0000,0.0000,0.0000,0.0532,0.0001,200,17.0475
0.0617,0.0000,0.0000,0.0000,0.0616,0.0001,200,17.0447
0.0615,0.0000,0.0000,0.0000,0.0614,0.0000,200,17.0488
1.0872,0.0000,0.0000,0.0000,1.0872,0.0000,200,16.0250
0.0576,0.0000,0.0000,0.0006,0.0569,0.0000,200,17.0669
0.0569,0.0000,0.0000,0.0000,0.0567,0.0000,200,17.0679
0.0552,0.0000,0.0000,0.0000,0.0552,0.0000,200,17.0780
0.0419,0.0000,0.0000,0.0000,0.0418,0.0001,200,17.1008
0.0477,0.0000,0.0000,0.0000,0.0475,0.0002,200,17.1065
0.0481,0.0000,0.0000,0.0000,0.0480,0.0000,200,17.1122
0.0506,0.0000,0.0000,0.0000,0.0505,0.0001,200,17.1102
0.0504,0.0000,0.0000,0.0000,0.0497,0.0006,200,17.1244
0.0632,0.0000,0.0000,0.0000,0.0631,0.0000,200,17.1248
0.0548,0.0000,0.0000,0.0000,0.0548,0.0000,200,17.1333
0.0504,0.0000,0.0000,0.0000,0.0503,0.0000,200,17.1427
0.0470,0.0000,0.0000,0.0000,0.0469,0.0000,200,17.1542
0.0411,0.0000,0.0000,0.0000,0.0411,0.0000,200,17.1603
0.0454,0.0000,0.0000,0.0000,0.0453,0.0000,200,17.1608
0.0370,0.0000,0.0000,0.0000,0.0369,0.0001,200,17.1749
0.0390,0.0000,0.0000,0.0000,0.0390,0.0000,200,17.1880
0.0439,0.0000,0.0000,0.0000,0.0438,0.0000,200,17.1881
0.0442,0.0000,0.0000,0.0000,0.0441,0.0000,200,17.1931
0.0439,0.0000,0.0000,0.0000,0.0438,0.0000,200,17.2012
0.0440,0.0000,0.0000,0.0000,0.0440,0.0000,200,17.2014
0.0468,0.0000,0.0000,0.0000,0.0467,0.0000,200,17.2062
0.0464,0.0000,0.0000,0.0000,0.0463,0.0000,200,17.2119
0.0514,0.0000,0.0000,0.0000,0.0503,0.0011,200,17.2270
0.0539,0.0000,0.0000,0.0000,0.0538,0.0000,200,17.2320
0.0490,0.0000,0.0000,0.0000,0.0490,0.0000,200,17.2373
0.0534,0.0000,0.0000,0.0000,0.0533,0.0000,200,17.2454
0.0625,0.0000,0.0000,0.0000,0.0624,0.0000,200,17.2451
0.0548,0.0000,0.0000,0.0000,0.0546,0.0002,200,17.2530
0.0423,0.0000,0.0000,0.0013,0.0407,0.0000,200,17.2784
0.0647,0.0000,0.0000,0.0000,0.0646,0.0000,200,17.2583
0.0418,0.0000,0.0000,0.0000,0.0417,0.0000,200,17.2863
0.0504,0.0000,0.0000,0.0000,0.0502,0.0000,200,17.2859
0.0476,0.0000,0.0000,0.0000,0.0476,0.0000,200,17.2988
0.0387,0.0000,0.0000,0.0000,0.0387,0.0000,200,17.3078
0.0435,0.0000,0.0000,0.0000,0.0433,0.0002,200,17.3229
1.1251,0.0000,0.0000,0.0000,1.1250,0.0000,200,16.2453
1.0847,0.0000,0.0000,0.0000,1.0847,0.0000,200,16.2870
0.0523,0.0000,0.0000,0.0000,0.0522,0.0000,200,17.3207
0.0574,0.0000,0.0000,0.0000,0.0573,0.0000,200,17.3281
0.0552,0.0000,0.0000,0.0000,0.0551,0.0000,200,17.3362
0.0543,0.0000,0.0000,0.0000,0.0542,0.0001,200,17.3464
0.0430,0.0000,0.0000,0.0000,0.0429,0.0000,200,17.3664
0.0496,0.0000,0.0000,0.0000,0.0495,0.0000,200,17.3717
0.0556,0.0000,0.0000,0.0000,0.0553,0.0002,200,17.3704
0.0565,0.0000,0.0000,0.0000,0.0565,0.0000,200,17.3730
0.0485,0.0000,0.0000,0.0000,0.0483,0.0002,200,17.3855
0.0474,0.0000,0.0000,0.0000,0.0473,0.0000,200,17.3915
0.0484,0.0000,0.0000,0.0000,0.0484,0.0000,200,17.4007
0.0358,0.0000,0.0000,0.0000,0.0357,0.0001,200,17.4213
0.0493,0.0000,0.0000,0.0000,0.0492,0.0000,200,17.4094
0.0419,0.0000,0.0000,0.0000,0.0418,0.0001,200,17.4259
0.0395,0.0000,0.0000,0.0000,0.0394,0.0000,200,17.4295
0.0372,0.0000,0.0000,0.0000,0.0372,0.0000,200,17.4340
0.0408,0.0000,0.0000,0.0000,0.0407,0.0000,200,17.4388
0.0399,0.0000,0.0000,0.0000,0.0392,0.0006,200,17.4571
0.0384,0.0000,0.0000,0.0000,0.0384,0.0000,200,17.4587
0.0504,0.0000,0.0000,0.0000,0.0503,0.0000,200,17.4491
0.0442,0.0000,0.0000,0.0000,0.0441,0.0000,200,17.4679
0.0598,0.0000,0.0000,0.0000,0.0598,0.0000,200,17.4713
0.0670,0.0000,0.0000,0.0000,0.0540,0.0130,200,17.4690
0.0466,0.0000,0.0000,0.0000,0.0464,0.0001,200,17.4970
0.0774,0.0000,0.0000,0.0000,0.0773,0.0000,200,17.4796
0.0658,0.0000,0.0000,0.0000,0.0658,0.0000,200,17.4971
2.1124,0.0000,0.0000,0.0000,2.1124,0.0001,200,15.4564
2.1284,0.0000,0.0000,0.0000,2.1284,0.0001,200,15.4610
1.1519,0.0000,0.0000,0.0000,1.1519,0.0000,200,16.4446
0.0729,0.0000,0.0000,0.0000,0.0729,0.0001,200,17.5311
0.0771,0.0000,0.0000,0.0000,0.0770,0.0000,200,17.5360
0.0835,0.0000,0.0000,0.0000,0.0825,0.0010,200,17.5436
0.0381,0.0000,0.0000,0.0000,0.0380,0.0000,200,17.5895
0.0651,0.0000,0.0000,0.0000,0.0631,0.0020,200,17.5630
0.0780,0.0000,0.0000,0.0000,0.0779,0.0000,200,17.5570
0.0511,0.0000,0.0000,0.0000,0.0510,0.0001,200,17.5966
0.0510,0.0000,0.0000,0.0000,0.0509,0.0000,200,17.6040
0.0470,0.0000,0.0000,0.0000,0.0469,0.0000,200,17.6130
0.0450,0.0000,0.0000,0.0000,0.0449,0.0001,200,17.6276
0.0532,0.0000,0.0000,0.0000,0.0531,0.0000,200,17.6271
0.0537,0.0000,0.0000,0.0000,0.0537,0.0000,200,17.6281
0.0489,0.0000,0.0000,0.0000,0.0475,0.0000,200,17.6350
0.0439,0.0000,0.0000,0.0000,0.0439,0.0000,200,17.6476
0.0536,0.0000,0.0000,0.0000,0.0530,0.0006,200,17.6550
0.0402,0.0000,0.0000,0.0000,0.0395,0.0004,200,17.6726
0.0569,0.0000,0.0000,0.0000,0.0569,0.0000,200,17.6600
0.0410,0.0000,0.0000,0.0000,0.0409,0.0000,200,17.6803
0.0406,0.0000,0.0000,0.0000,0.0405,0.0000,200,17.6818
0.0567,0.0000,0.0000,0.0003,0.0564,0.0000,200,17.6839
0.0495,0.0000,0.0000,0.0000,0.0494,0.0000,200,17.6916
1.0624,0.0000,0.0000,0.0000,1.0624,0.0000,200,16.6820
0.0570,0.0000,0.0000,0.0000,0.0568,0.0002,200,17.7086
0.0523,0.0000,0.0000,0.0000,0.0522,0.0000,200,17.7169
0.0565,0.0000,0.0000,0.0000,0.0563,0.0000,200,17.7128
0.0560,0.0000,0.0000,0.0000,0.0558,0.0001,200,17.7212
0.0621,0.0000,0.0000,0.0000,0.0620,0.0000,200,17.7224
0.0445,0.0000,0.0000,0.0000,0.0444,0.0000,200,17.7411
0.0534,0.0000,0.0000,0.0000,0.0533,0.0000,200,17.7406
0.0353,0.0000,0.0000,0.0000,0.0342,0.0011,200,17.7656
0.0388,0.0000,0.0000,0.0000,0.0387,0.0001,200,17.7692
0.0363,0.0000,0.0000,0.0000,0.0362,0.0001,200,17.7772
0.0456,0.0000,0.0000,0.0000,0.0454,0.0002,200,17.7693
0.0401,0.0000,0.0000,0.0000,0.0400,0.0000,200,17.7845
0.0394,0.0000,0.0000,0.0000,0.0394,0.0000,200,17.7856
0.0428,0.0000,0.0000,0.0000,0.0427,0.0000,200,17.7940
0.0423,0.0000,0.0000,0.0000,0.0422,0.0001,200,17.8009
0.0365,0.0000,0.0000,0.0000,0.0364,0.0000,200,17.8135
0.0422,0.0000,0.0000,0.0000,0.0421,0.0000,200,17.8080
0.0455,0.0000,0.0000,0.0000,0.0455,0.0000,200,17.8149
0.0415,0.0000,0.0000,0.0000,0.0412,0.0002,200,17.8250
0.0499,0.0000,0.0000,0.0000,0.0499,0.0000,200,17.8246
0.0386,0.0000,0.0000,0.0000,0.0384,0.0002,200,17.8367
0.0371,0.0000,0.0000,0.0000,0.0370,0.0001,200,17.8501
0.0375,0.0000,0.0000,0.0000,0.0375,0.0000,200,17.8500
0.0279,0.0000,0.0000,0.0000,0.0276,0.0000,200,17.8665
0.0403,0.0000,0.0000,0.0000,0.0403,0.0001,200,17.8745
0.0288,0.0000,0.0000,0.0000,0.0285,0.0002,200,17.8872
0.0410,0.0000,0.0000,0.0000,0.0409,0.0000,200,17.8754
1.0441,0.0000,0.0000,0.0000,1.0441,0.0000,200,16.8807
0.0440,0.0000,0.0000,0.0000,0.0439,0.0000,200,17.8875
0.0374,0.0000,0.0000,0.0000,0.0368,0.0006,200,17.8944
0.0233,0.0000,0.0000,0.0000,0.0233,0.0000,200,17.9160
0.0354,0.0000,0.0000,0.0000,0.0353,0.0000,200,17.9163
0.0317,0.0000,0.0000,0.0000,0.0314,0.0000,200,17.9249
0.0424,0.0000,0.0000,0.0000,0.0421,0.0002,200,17.9149
0.0376,0.0000,0.0000,0.0000,0.0376,0.0000,200,17.9317
0.0439,0.0000,0.0000,0.0000,0.0439,0.0000,200,17.9315
0.0369,0.0000,0.0000,0.0000,0.0368,0.0000,200,17.9393
1.0519,0.0000,0.0000,0.0000,1.0515,0.0004,200,16.9311
3.1472,0.0000,0.0000,0.0000,3.1471,0.0000,200,14.8499
0.0486,0.0000,0.0000,0.0000,0.0486,0.0000,200,17.9572
0.0584,0.0000,0.0000,0.0000,0.0584,0.0000,200,17.9566
0.0469,0.0000,0.0000,0.0001,0.0468,0.0000,200,17.9762
0.0539,0.0000,0.0000,0.0000,0.0538,0.0000,200,17.9694
0.0535,0.0000,0.0000,0.0000,0.0534,0.0001,200,17.9754
0.0630,0.0000,0.0000,0.0001,0.0626,0.0000,200,17.9830
0.0418,0.0000,0.0000,0.0000,0.0418,0.0000,200,18.0150
0.0647,0.0000,0.0000,0.0000,0.0644,0.0002,200,17.9971
0.0578,0.0000,0.0000,0.0000,0.0572,0.0006,200,18.0059
0.0421,0.0000,0.0000,0.0000,0.0421,0.0000,200,18.0233
0.0482,0.0000,0.0000,0.0000,0.0481,0.0001,200,18.0289
0.0264,0.0000,0.0000,0.0000,0.0263,0.0000,200,18.0568
0.0376,0.0000,0.0000,0.0000,0.0375,0.0000,200,18.0460
0.0288,0.0000,0.0000,0.0000,0.0288,0.0000,200,18.0618
0.0339,0.0000,0.0000,0.0000,0.0338,0.0000,200,18.0637
0.0368,0.0000,0.0000,0.0000,0.0368,0.0001,200,18.0771
0.0496,0.0000,0.0000,0.0000,0.0496,0.0000,200,18.0654
1.0614,0.0000,0.0000,0.0005,1.0609,0.0000,200,17.0666
0.0447,0.0000,0.0000,0.0000,0.0447,0.0000,200,18.0836
0.0456,0.0000,0.0000,0.0000,0.0440,0.0005,200,18.0832
0.0478,0.0000,0.0000,0.0000,0.0477,0.0001,200,18.0906
0.0450,0.0000,0.0000,0.0000,0.0450,0.0000,200,18.0976
0.0353,0.0000,0.0000,0.0000,0.0351,0.0003,200,18.1140
0.0428,0.0000,0.0000,0.0000,0.0419,0.0009,200,18.1150
0.0410,0.0000,0.0000,0.0000,0.0409,0.0000,200,18.1280
0.0483,0.0000,0.0000,0.0000,0.0482,0.0001,200,18.1283
0.0481,0.0000,0.0000,0.0000,0.0481,0.0000,200,18.1287
0.0469,0.0000,0.0000,0.0000,0.0466,0.0002,200,18.1426
0.0513,0.0000,0.0000,0.0000,0.0510,0.0000,200,18.1385
0.0439,0.0000,0.0000,0.0000,0.0438,0.0001,200,18.1493
0.0452,0.0000,0.0000,0.0000,0.0452,0.0000,200,18.1690
0.0612,0.0000,0.0000,0.0000,0.0611,0.0000,200,18.1578
0.0426,0.0000,0.0000,0.0000,0.0417,0.0009,200,18.1766
0.0483,0.0000,0.0000,0.0001,0.0481,0.0001,200,18.1769
0.0358,0.0000,0.0000,0.0000,0.0357,0.0000,200,18.1897
0.0432,0.0000,0.0000,0.0000,0.0426,0.0001,200,18.1895
0.0581,0.0000,0.0000,0.0000,0.0581,0.0000,200,18.1932
0.0381,0.0000,0.0000,0.0000,0.0381,0.0000,200,18.2142
0.0336,0.0000,0.0000,0.0000,0.0336,0.0000,200,18.2190
0.0478,0.0000,0.0000,0.0008,0.0470,0.0001,200,18.2192
0.0515,0.0000,0.0000,0.0000,0.0514,0.0000,200,18.2255
0.0481,0.0000,0.0000,0.0001,0.0480,0.0000,200,18.2327
0.0568,0.0000,0.0000,0.0020,0.0540,0.0000,200,18.2252
0.0435,0.0000,0.0000,0.0002,0.0433,0.0000,200,18.2514
0.0504,0.0000,0.0000,0.0000,0.0503,0.0000,200,18.2526
0.0508,0.0000,0.0000,0.0000,0.0508,0.0000,200,18.2523
2.1227,0.0000,0.0000,0.0000,2.1227,0.0000,200,16.1916
0.0476,0.0000,0.0000,0.0000,0.0474,0.0000,200,18.2670
0.0504,0.0000,0.0000,0.0000,0.0503,0.0000,200,18.2770
0.0558,0.0000,0.0000,0.0000,0.0558,0.0000,200,18.2807
0.0465,0.0000,0.0000,0.0002,0.0462,0.0000,200,18.2949
0.0455,0.0000,0.0000,0.0000,0.0454,0.0000,200,18.3030
0.0468,0.0000,0.0000,0.0000,0.0468,0.0000,200,18.3032
0.0462,0.0000,0.0000,0.0000,0.0460,0.0001,200,18.3143
0.0520,0.0000,0.0000,0.0000,0.0517,0.0003,200,18.3146
0.0399,0.0000,0.0000,0.0000,0.0398,0.0000,200,18.3274
0.0494,0.0000,0.0000,0.0000,0.0493,0.0000,200,18.3366
0.0484,0.0000,0.0000,0.0000,0.0480,0.0004,200,18.3414
0.0538,0.0000,0.0000,0.0000,0.0537,0.0000,200,18.3485
0.0432,0.0000,0.0000,0.0000,0.0431,0.0000,200,18.3605
0.0583,0.0000,0.0000,0.0000,0.0582,0.0001,200,18.3500
0.0425,0.0000,0.0000,0.0000,0.0425,0.0000,200,18.3666
0.0401,0.0000,0.0000,0.0011,0.0389,0.0000,200,18.3859
0.0592,0.0000,0.0000,0.0000,0.0592,0.0000,200,18.3672
1.1025,0.0000,0.0000,0.0000,1.1025,0.0000,200,17.3465
0.0472,0.0000,0.0000,0.0000,0.0471,0.0001,200,18.4037
0.0649,0.0000,0.0000,0.0000,0.0649,0.0000,200,18.3898
0.0470,0.0000,0.0000,0.0000,0.0470,0.0000,200,18.4083
0.0551,0.0000,0.0000,0.0000,0.0551,0.0000,200,18.4023
0.0481,0.0000,0.0000,0.0000,0.0480,0.0001,200,18.4261
0.0507,0.0000,0.0000,0.0000,0.0507,0.0000,200,18.4264
0.0333,0.0000,0.0000,0.0000,0.0333,0.0000,200,18.4491
0.0413,0.0000,0.0000,0.0000,0.0412,0.0000,200,18.4553
0.0524,0.0000,0.0000,0.0000,0.0522,0.0001,200,18.4547
0.0616,0.0000,0.0000,0.0000,0.0615,0.0000,200,18.4509
0.0599,0.0000,0.0000,0.0000,0.0599,0.0000,200,18.4574
0.0490,0.0000,0.0000,0.0000,0.0487,0.0003,200,18.4741
0.0494,0.0000,0.0000,0.0000,0.0493,0.0001,200,18.4772
0.0416,0.0000,0.0000,0.0000,0.0415,0.0001,200,18.4966
0.0565,0.0000,0.0000,0.0002,0.0562,0.0001,200,18.4824
0.0409,0.0000,0.0000,0.0001,0.0408,0.0000,200,18.5071
0.0436,0.0000,0.0000,0.0000,0.0436,0.0000,200,18.5125
0.0486,0.0000,0.0000,0.0000,0.0486,0.0000,200,18.5173
0.0437,0.0000,0.0000,0.0000,0.0436,0.0001,200,18.5266
1.0740,0.0000,0.0000,0.0000,1.0739,0.0001,200,17.5120
0.0499,0.0000,0.0000,0.0000,0.0499,0.0000,200,18.5382
0.0569,0.0000,0.0000,0.0000,0.0569,0.0000,200,18.5389
0.0481,0.0000,0.0000,0.0000,0.0480,0.0000,200,18.5480
0.0510,0.0000,0.0000,0.0000,0.0509,0.0000,200,18.5561
0.0501,0.0000,0.0000,0.0000,0.0499,0.0001,200,18.5660
0.0517,0.0000,0.0000,0.0000,0.0517,0.0000,200,18.5702
0.0392,0.0000,0.0000,0.0000,0.0389,0.0001,200,18.5860
1.0674,0.0000,0.0000,0.0005,1.0668,0.0000,200,17.5689
0.0553,0.0000,0.0000,0.0000,0.0552,0.0001,200,18.5881
0.0557,0.0000,0.0000,0.0000,0.0556,0.0000,200,18.5961
0.0564,0.0000,0.0000,0.0000,0.0553,0.0010,200,18.5958
0.0553,0.0000,0.0000,0.0000,0.0541,0.0012,200,18.6071
0.0571,0.0000,0.0000,0.0000,0.0570,0.0001,200,18.6160
0.0513,0.0000,0.0000,0.0000,0.0513,0.0000,200,18.6252
0.0483,0.0000,0.0000,0.0000,0.0482,0.0000,200,18.6362
0.0504,0.0000,0.0000,0.0000,0.0503,0.0000,200,18.6435
0.0475,0.0000,0.0000,0.0000,0.0475,0.0000,200,18.6517
0.0575,0.0000,0.0000,0.0000,0.0575,0.0000,200,18.6522
0.0477,0.0000,0.0000,0.0000,0.0476,0.0000,200,18.6624
0.0376,0.0000,0.0000,0.0000,0.0375,0.0001,200,18.6731
0.0501,0.0000,0.0000,0.0000,0.0501,0.0000,200,18.6765
0.0445,0.0000,0.0000,0.0000,0.0444,0.0001,200,18.6847
0.0417,0.0000,0.0000,0.0001,0.0416,0.0000,200,18.6938
0.0508,0.0000,0.0000,0.0000,0.0507,0.0000,200,18.6993
0.0400,0.0000,0.0000,0.0000,0.0400,0.0000,200,18.7101
0.0523,0.0000,0.0000,0.0000,0.0522,0.0000,200,18.7107
0.0534,0.0000,0.0000,0.0000,0.0533,0.0000,200,18.7097
0.0464,0.0000,0.0000,0.0001,0.0463,0.0000,200,18.7267
0.0501,0.0000,0.0000,0.0000,0.0500,0.0000,200,18.7356
0.0566,0.0000,0.0000,0.0000,0.0566,0.0000,200,18.7292
0.0371,0.0000,0.0000,0.0000,0.0370,0.0000,200,18.7501
0.0456,0.0000,0.0000,0.0000,0.0455,0.0000,200,18.7501
0.0419,0.0000,0.0000,0.0000,0.0419,0.0000,200,18.7631
0.0445,0.0000,0.0000,0.0000,0.0444,0.0000,200,18.7731
0.0562,0.0000,0.0000,0.0000,0.0561,0.0001,200,18.7630
1.0861,0.0000,0.0000,0.0000,1.0860,0.0000,200,17.7445
0.0470,0.0000,0.0000,0.0000,0.0468,0.0001,200,18.7857
0.0580,0.0000,0.0000,0.0000,0.0579,0.0000,200,18.7858
0.0392,0.0000,0.0000,0.0000,0.0392,0.0000,200,18.8176
0.0521,0.0000,0.0000,0.0000,0.0520,0.0000,200,18.8050
0.0615,0.0000,0.0000,0.0000,0.0614,0.0000,200,18.7957
0.0494,0.0000,0.0000,0.0000,0.0493,0.0000,200,18.8192
0.0406,0.0000,0.0000,0.0000,0.0406,0.0000,200,18.8306
0.0562,0.0000,0.0000,0.0000,0.0561,0.0001,200,18.8326
0.0492,0.0000,0.0000,0.0000,0.0491,0.0001,200,18.8438
0.0381,0.0000,0.0000,0.0000,0.0381,0.0000,200,18.8568
0.0471,0.0000,0.0000,0.0000,0.0469,0.0000,200,18.8571
0.0471,0.0000,0.0000,0.0000,0.0470,0.0000,200,18.8571
0.0414,0.0000,0.0000,0.0000,0.0414,0.0000,200,18.8686
0.0366,0.0000,0.0000,0.0000,0.0365,0.0001,200,18.8949
0.0748,0.0000,0.0000,0.0000,0.0712,0.0001,200,18.8712
0.0590,0.0000,0.0000,0.0000,0.0590,0.0000,200,18.8930
0.0580,0.0000,0.0000,0.0000,0.0579,0.0000,200,18.9042
0.0626,0.0000,0.0000,0.0000,0.0625,0.0000,200,18.9042
0.0639,0.0000,0.0000,0.0000,0.0639,0.0000,200,18.9101
0.0576,0.0000,0.0000,0.0000,0.0575,0.0000,200,18.9315
0.0494,0.0000,0.0000,0.0000,0.0493,0.0000,200,18.9460
0.0313,0.0000,0.0000,0.0000,0.0312,0.0000,200,18.9668
0.0390,0.0000,0.0000,0.0000,0.0388,0.0000,200,18.9622
0.0495,0.0000,0.0000,0.0000,0.0494,0.0000,200,18.9520
0.0325,0.0000,0.0000,0.0000,0.0324,0.0000,200,18.9891
0.0478,0.0000,0.0000,0.0000,0.0478,0.0000,200,18.9740
0.0367,0.0000,0.0000,0.0000,0.0366,0.0000,200,18.9953
0.0385,0.0000,0.0000,0.0000,0.0385,0.0000,200,18.9981
0.0545,0.0000,0.0000,0.0000,0.0544,0.0000,200,19.0015
0.0598,0.0000,0.0000,0.0000,0.0583,0.0014,200,19.0012
0.0425,0.0000,0.0000,0.0000,0.0420,0.0006,200,19.0218
0.0477,0.0000,0.0000,0.0000,0.0476,0.0000,200,19.0320
0.0657,0.0000,0.0000,0.0000,0.0655,0.0002,200,19.0216
0.0687,0.0000,0.0000,0.0000,0.0686,0.0000,200,19.0366
0.0499,0.0000,0.0000,0.0000,0.0497,0.0002,200,19.0560
0.0374,0.0000,0.0000,0.0000,0.0373,0.0001,200,19.0873
0.0537,0.0000,0.0000,0.0000,0.0537,0.0000,200,19.0797
0.0742,0.0000,0.0000,0.0000,0.0734,0.0008,200,19.0610
0.0714,0.0000,0.0000,0.0000,0.0714,0.0000,200,19.0644
0.0164,0.0000,0.0000,0.0001,0.0162,0.0000,200,19.1247
0.0353,0.0000,0.0000,0.0000,0.0352,0.0000,200,19.1059
0.0116,0.0000,0.0000,0.0000,0.0115,0.0000,200,19.1352
0.0305,0.0000,0.0000,0.0002,0.0300,0.0003,200,19.1335
0.0349,0.0000,0.0000,0.0000,0.0348,0.0000,200,19.1358
0.0300,0.0000,0.0000,0.0000,0.0299,0.0000,200,19.1412
0.0417,0.0000,0.0000,0.0000,0.0416,0.0000,200,19.1411
0.0435,0.0000,0.0000,0.0005,0.0428,0.0002,200,19.1468
0.0267,0.0000,0.0000,0.0000,0.0266,0.0000,200,19.1640
0.0289,0.0000,0.0000,0.0000,0.0288,0.0000,200,19.1711
0.0317,0.0000,0.0000,0.0000,0.0316,0.0000,200,19.1707
0.0292,0.0000,0.0000,0.0000,0.0291,0.0001,200,19.1827
0.0231,0.0000,0.0000,0.0000,0.0230,0.0000,200,19.1903
0.0351,0.0000,0.0000,0.0000,0.0351,0.0001,200,19.1907
0.0324,0.0000,0.0000,0.0000,0.0323,0.0000,200,19.2000
0.0321,0.0000,0.0000,0.0000,0.0320,0.0000,200,19.2024
0.0237,0.0000,0.0000,0.0000,0.0235,0.0002,200,19.2258
0.0381,0.0000,0.0000,0.0000,0.0380,0.0000,200,19.2119
0.0342,0.0000,0.0000,0.0000,0.0341,0.0001,200,19.2324
0.0339,0.0000,0.0000,0.0000,0.0338,0.0001,200,19.2345
0.0191,0.0000,0.0000,0.0000,0.0190,0.0000,200,19.2496
0.0274,0.0000,0.0000,0.0000,0.0274,0.0000,200,19.2501
0.0236,0.0000,0.0000,0.0000,0.0235,0.0000,200,19.2666
0.0299,0.0000,0.0000,0.0000,0.0298,0.0000,200,19.2684
0.0274,0.0000,0.0000,0.0000,0.0266,0.0007,200,19.2775
0.0364,0.0000,0.0000,0.0000,0.0363,0.0000,200,19.2687
0.0220,0.0000,0.0000,0.0000,0.0219,0.0001,200,19.2901
1.0361,0.0000,0.0000,0.0000,1.0360,0.0000,200,18.2820
0.0279,0.0000,0.0000,0.0000,0.0278,0.0000,200,19.2982
0.0304,0.0000,0.0000,0.0000,0.0304,0.0000,200,19.3050
0.0414,0.0000,0.0000,0.0000,0.0409,0.0000,200,19.3049
0.0344,0.0000,0.0000,0.0000,0.0343,0.0000,200,19.3122
0.0331,0.0000,0.0000,0.0000,0.0330,0.0000,200,19.3181
0.0345,0.0000,0.0000,0.0002,0.0343,0.0000,200,19.3261
0.0347,0.0000,0.0000,0.0000,0.0339,0.0008,200,19.3465
0.0416,0.0000,0.0000,0.0000,0.0416,0.0000,200,19.3462
0.0524,0.0000,0.0000,0.0000,0.0521,0.0003,200,19.3355
0.0425,0.0000,0.0000,0.0000,0.0424,0.0000,200,19.3512
0.0458,0.0000,0.0000,0.0000,0.0457,0.0000,200,19.3607
0.0256,0.0000,0.0000,0.0000,0.0256,0.0000,200,19.3812
0.0312,0.0000,0.0000,0.0000,0.0309,0.0003,200,19.3879
0.0374,0.0000,0.0000,0.0000,0.0367,0.0003,200,19.3878
0.0361,0.0000,0.0000,0.0000,0.0359,0.0001,200,19.3937
0.0350,0.0000,0.0000,0.0000,0.0349,0.0001,200,19.4064
0.0306,0.0000,0.0000,0.0000,0.0304,0.0001,200,19.4191
1.0513,0.0000,0.0000,0.0000,1.0513,0.0000,200,18.4092
0.0568,0.0000,0.0000,0.0000,0.0567,0.0000,200,19.4069
0.0492,0.0000,0.0000,0.0000,0.0491,0.0000,200,19.4253
0.0620,0.0000,0.0000,0.0000,0.0613,0.0006,200,19.4298
0.0527,0.0000,0.0000,0.0000,0.0525,0.0000,200,19.4414
0.0684,0.0000,0.0000,0.0000,0.0678,0.0005,200,19.4497
0.0577,0.0000,0.0000,0.0000,0.0577,0.0000,200,19.4605
0.0478,0.0000,0.0000,0.0000,0.0477,0.0000,200,19.4745
0.0611,0.0000,0.0000,0.0000,0.0610,0.0000,200,19.4637
0.0547,0.0000,0.0000,0.0002,0.0544,0.0001,200,19.4941
0.0585,0.0000,0.0000,0.0000,0.0584,0.0000,200,19.4918
0.0366,0.0000,0.0000,0.0000,0.0365,0.0001,200,19.5182
0.0450,0.0000,0.0000,0.0000,0.0442,0.0008,200,19.5181
0.0478,0.0000,0.0000,0.0000,0.0478,0.0000,200,19.5223
0.0554,0.0000,0.0000,0.0000,0.0554,0.0000,200,19.5248
1.0619,0.0000,0.0000,0.0000,1.0615,0.0000,200,18.5232
0.0407,0.0000,0.0000,0.0001,0.0405,0.0000,200,19.5503
0.0461,0.0000,0.0000,0.0000,0.0460,0.0000,200,19.5488
0.0466,0.0000,0.0000,0.0000,0.0466,0.0001,200,19.5549
0.0392,0.0000,0.0000,0.0000,0.0388,0.0004,200,19.5631
0.0350,0.0000,0.0000,0.0000,0.0350,0.0000,200,19.5802
0.0352,0.0000,0.0000,0.0000,0.0351,0.0001,200,19.5851
0.0521,0.0000,0.0000,0.0000,0.0515,0.0006,200,19.5701
0.0418,0.0000,0.0000,0.0000,0.0417,0.0001,200,19.5910
0.0470,0.0000,0.0000,0.0000,0.0469,0.0000,200,19.5950
0.0487,0.0000,0.0000,0.0000,0.0486,0.0001,200,19.6023
0.0549,0.0000,0.0000,0.0000,0.0548,0.0000,200,19.6015
0.0433,0.0000,0.0000,0.0000,0.0432,0.0000,200,19.6152
0.0480,0.0000,0.0000,0.0000,0.0480,0.0001,200,19.6203
0.0528,0.0000,0.0000,0.0000,0.0528,0.0000,200,19.6222
0.0507,0.0000,0.0000,0.0000,0.0505,0.0002,200,19.6327
0.0391,0.0000,0.0000,0.0000,0.0388,0.0002,200,19.6510
0.0502,0.0000,0.0000,0.0000,0.0496,0.0006,200,19.6419
0.0443,0.0000,0.0000,0.0000,0.0442,0.0000,200,19.6564
0.0536,0.0000,0.0000,0.0000,0.0535,0.0001,200,19.6585
0.0419,0.0000,0.0000,0.0000,0.0416,0.0003,200,19.6751
0.0498,0.0000,0.0000,0.0000,0.0498,0.0000,200,19.6683
1.1080,0.0000,0.0000,0.0000,1.1077,0.0002,200,18.6220
0.0533,0.0000,0.0000,0.0000,0.0532,0.0000,200,19.6835
0.0447,0.0000,0.0000,0.0000,0.0447,0.0000,200,19.6921
0.0532,0.0000,0.0000,0.0000,0.0531,0.0000,200,19.6902
0.0500,0.0000,0.0000,0.0000,0.0499,0.0000,200,19.7006
0.0451,0.0000,0.0000,0.0000,0.0450,0.0000,200,19.7120
0.0447,0.0000,0.0000,0.0013,0.0430,0.0003,200,19.7176
0.0451,0.0000,0.0000,0.0002,0.0448,0.0000,200,19.7300
0.0469,0.0000,0.0000,0.0000,0.0468,0.0000,200,19.7369
0.0471,0.0000,0.0000,0.0000,0.0470,0.0000,200,19.7367
0.0546,0.0000,0.0000,0.0000,0.0544,0.0000,200,19.7434
0.0367,0.0000,0.0000,0.0000,0.0362,0.0004,200,19.7750
0.0497,0.0000,0.0000,0.0000,0.0497,0.0000,200,19.7623
0.0634,0.0000,0.0000,0.0000,0.0633,0.0001,200,19.7506
0.0326,0.0000,0.0000,0.0000,0.0323,0.0001,200,19.7838
0.0405,0.0000,0.0000,0.0000,0.0404,0.0000,200,19.7837
0.0370,0.0000,0.0000,0.0000,0.0369,0.0000,200,19.7980
1.0578,0.0000,0.0000,0.0000,1.0576,0.0001,200,18.7872
0.0343,0.0000,0.0000,0.0000,0.0342,0.0000,200,19.8120
0.0472,0.0000,0.0000,0.0000,0.0471,0.0002,200,19.8117
0.0528,0.0000,0.0000,0.0000,0.0527,0.0000,200,19.8140
0.0499,0.0000,0.0000,0.0000,0.0498,0.0000,200,19.8242
0.0577,0.0000,0.0000,0.0000,0.0563,0.0013,200,19.8165
0.0536,0.0000,0.0000,0.0000,0.0535,0.0000,200,19.8350
0.0527,0.0000,0.0000,0.0000,0.0526,0.0000,200,19.8450
0.0518,0.0000,0.0000,0.0000,0.0518,0.0000,200,19.8463
0.0475,0.0000,0.0000,0.0000,0.0471,0.0003,200,19.8668
0.0569,0.0000,0.0000,0.0000,0.0568,0.0001,200,19.8590
0.0548,0.0000,0.0000,0.0000,0.0547,0.0000,200,19.8741
0.0417,0.0000,0.0000,0.0000,0.0416,0.0000,200,19.8886
0.0577,0.0000,0.0000,0.0008,0.0566,0.0002,200,19.8741
0.0424,0.0000,0.0000,0.0000,0.0422,0.0002,200,19.8977
0.0429,0.0000,0.0000,0.0004,0.0422,0.0003,200,19.8981
0.0335,0.0000,0.0000,0.0000,0.0334,0.0001,200,19.9143
0.0391,0.0000,0.0000,0.0000,0.0390,0.0000,200,19.9159
0.0512,0.0000,0.0000,0.0000,0.0479,0.0024,200,19.9289
0.0508,0.0000,0.0000,0.0000,0.0482,0.0026,200,19.9302
0.0488,0.0000,0.0000,0.0000,0.0486,0.0001,200,19.9401
0.0482,0.0000,0.0000,0.0000,0.0481,0.0000,200,19.9410
0.0613,0.0000,0.0000,0.0000,0.0612,0.0001,200,19.9318
0.0535,0.0000,0.0000,0.0001,0.0533,0.0000,200,19.9478
0.0216,0.0000,0.0000,0.0000,0.0215,0.0000,200,19.9801
0.0274,0.0000,0.0000,0.0000,0.0273,0.0000,200,19.9811
0.0214,0.0000,0.0000,0.0000,0.0211,0.0002,200,19.9889
0.0386,0.0000,0.0000,0.0000,0.0385,0.0001,200,19.9931
0.0327,0.0000,0.0000,0.0000,0.0326,0.0000,200,20.0013
0.0493,0.0000,0.0000,0.0000,0.0492,0.0000,200,19.9892
0.0371,0.0000,0.0000,0.0000,0.0366,0.0005,200,20.0017
0.0406,0.0000,0.0000,0.0000,0.0404,0.0001,200,20.0084
0.0472,0.0000,0.0000,0.0000,0.0471,0.0000,200,20.0104
0.0299,0.0000,0.0000,0.0000,0.0298,0.0000,200,20.0340
0.0352,0.0000,0.0000,0.0000,0.0351,0.0001,200,20.0385
0.0353,0.0000,0.0000,0.0000,0.0353,0.0000,200,20.0388
0.0524,0.0000,0.0000,0.0000,0.0524,0.0000,200,20.0317
0.0320,0.0000,0.0000,0.0000,0.0320,0.0000,200,20.0576
0.0319,0.0000,0.0000,0.0000,0.0319,0.0000,200,20.0639
0.0538,0.0000,0.0000,0.0000,0.0537,0.0000,200,20.0490
0.0311,0.0000,0.0000,0.0000,0.0307,0.0003,200,20.0737
0.0365,0.0000,0.0000,0.0000,0.0364,0.0001,200,20.0741
0.0399,0.0000,0.0000,0.0000,0.0385,0.0014,200,20.0841
0.0410,0.0000,0.0000,0.0000,0.0409,0.0000,200,20.0896
0.0397,0.0000,0.0000,0.0000,0.0395,0.0001,200,20.0958
0.0341,0.0000,0.0000,0.0000,0.0340,0.0000,200,20.1028
0.0452,0.0000,0.0000,0.0000,0.0451,0.0001,200,20.1106
0.0328,0.0000,0.0000,0.0002,0.0326,0.0000,200,20.1240
0.0334,0.0000,0.0000,0.0000,0.0333,0.0000,200,20.1305
0.0649,0.0000,0.0000,0.0000,0.0647,0.0000,200,20.1047
0.0344,0.0000,0.0000,0.0000,0.0342,0.0001,200,20.1355
0.0252,0.0000,0.0000,0.0000,0.0251,0.0001,200,20.1558
0.0338,0.0000,0.0000,0.0000,0.0338,0.0000,200,20.1568
0.0331,0.0000,0.0000,0.0010,0.0321,0.0000,200,20.1639
0.0285,0.0000,0.0000,0.0000,0.0284,0.0000,200,20.1700
0.0406,0.0000,0.0000,0.0000,0.0406,0.0000,200,20.1696
0.0315,0.0000,0.0000,0.0000,0.0314,0.0000,200,20.1907
0.0265,0.0000,0.0000,0.0000,0.0263,0.0001,200,20.1971
0.0528,0.0000,0.0000,0.0000,0.0522,0.0005,200,20.1810
0.0368,0.0000,0.0000,0.0000,0.0367,0.0000,200,20.1984
0.0301,0.0000,0.0000,0.0000,0.0300,0.0000,200,20.2102
0.0208,0.0000,0.0000,0.0000,0.0208,0.0000,200,20.2221
0.0200,0.0000,0.0000,0.0000,0.0200,0.0000,200,20.2338
0.0315,0.0000,0.0000,0.0000,0.0314,0.0000,200,20.2235
0.0251,0.0000,0.0000,0.0000,0.0250,0.0000,200,20.2352
0.0259,0.0000,0.0000,0.0001,0.0258,0.0000,200,20.2403
0.0295,0.0000,0.0000,0.0000,0.0295,0.0000,200,20.2430
0.0299,0.0000,0.0000,0.0000,0.0298,0.0001,200,20.2538
0.0421,0.0000,0.0000,0.0000,0.0420,0.0000,200,20.2550
0.0318,0.0000,0.0000,0.0000,0.0317,0.0000,200,20.2662
0.0378,0.0000,0.0000,0.0000,0.0377,0.0000,200,20.2602
0.0357,0.0000,0.0000,0.0000,0.0357,0.0000,200,20.2725
0.0249,0.0000,0.0000,0.0000,0.0248,0.0000,200,20.2837
0.0257,0.0000,0.0000,0.0000,0.0254,0.0000,200,20.2971
0.0368,0.0000,0.0000,0.0000,0.0364,0.0004,200,20.2980
0.0372,0.0000,0.0000,0.0000,0.0372,0.0000,200,20.2981
0.0377,0.0000,0.0000,0.0000,0.0376,0.0000,200,20.3085
0.0380,0.0000,0.0000,0.0000,0.0379,0.0000,200,20.3082
0.0272,0.0000,0.0000,0.0000,0.0261,0.0011,200,20.3228
0.0300,0.0000,0.0000,0.0000,0.0299,0.0001,200,20.3348
0.0186,0.0000,0.0000,0.0000,0.0186,0.0000,200,20.3462
0.0356,0.0000,0.0000,0.0000,0.0353,0.0002,200,20.3462
0.0325,0.0000,0.0000,0.0000,0.0324,0.0000,200,20.3501
0.0213,0.0000,0.0000,0.0000,0.0213,0.0000,200,20.3649
0.0514,0.0000,0.0000,0.0000,0.0512,0.0002,200,20.3353
0.0199,0.0000,0.0000,0.0000,0.0198,0.0000,200,20.3818
0.0225,0.0000,0.0000,0.0000,0.0224,0.0000,200,20.3825
0.0159,0.0000,0.0000,0.0000,0.0158,0.0000,200,20.4017
0.0310,0.0000,0.0000,0.0000,0.0310,0.0000,200,20.3867
0.0315,0.0000,0.0000,0.0000,0.0315,0.0000,200,20.3862
0.0171,0.0000,0.0000,0.0000,0.0171,0.0000,200,20.4177
0.0204,0.0000,0.0000,0.0000,0.0204,0.0000,200,20.4178
0.0175,0.0000,0.0000,0.0000,0.0174,0.0000,200,20.4348
0.0352,0.0000,0.0000,0.0000,0.0352,0.0000,200,20.4176
0.0161,0.0000,0.0000,0.0000,0.0160,0.0000,200,20.4382
0.0095,0.0000,0.0000,0.0000,0.0094,0.0000,200,20.4522
0.0154,0.0000,0.0000,0.0000,0.0153,0.0001,200,20.4528
0.0218,0.0000,0.0000,0.0000,0.0218,0.0000,200,20.4543
0.0288,0.0000,0.0000,0.0000,0.0286,0.0001,200,20.4617
0.0397,0.0000,0.0000,0.0000,0.0396,0.0001,200,20.4682
0.0388,0.0000,0.0000,0.0000,0.0381,0.0007,200,20.4761
0.0320,0.0000,0.0000,0.0000,0.0319,0.0000,200,20.4905
0.0235,0.0000,0.0000,0.0000,0.0234,0.0000,200,20.5079
0.0171,0.0000,0.0000,0.0000,0.0171,0.0000,200,20.5149
0.0125,0.0000,0.0000,0.0000,0.0125,0.0000,200,20.5225
0.0196,0.0000,0.0000,0.0000,0.0192,0.0004,200,20.5321
0.0172,0.0000,0.0000,0.0000,0.0171,0.0000,200,20.5350
0.0225,0.0000,0.0000,0.0000,0.0224,0.0000,200,20.5522
0.0435,0.0000,0.0000,0.0000,0.0435,0.0000,200,20.5314
0.0383,0.0000,0.0000,0.0000,0.0383,0.0000,200,20.5517
0.0191,0.0000,0.0000,0.0000,0.0190,0.0001,200,20.5750
0.0288,0.0000,0.0000,0.0000,0.0287,0.0000,200,20.5747
0.0220,0.0000,0.0000,0.0005,0.0214,0.0000,200,20.5900
0.0252,0.0000,0.0000,0.0000,0.0252,0.0000,200,20.5941
0.0224,0.0000,0.0000,0.0000,0.0223,0.0001,200,20.6034
0.0240,0.0000,0.0000,0.0000,0.0239,0.0000,200,20.6193
0.0315,0.0000,0.0000,0.0000,0.0314,0.0000,200,20.6120
0.0179,0.0000,0.0000,0.0000,0.0179,0.0000,200,20.6259
0.0163,0.0000,0.0000,0.0000,0.0162,0.0000,200,20.6438
0.0169,0.0000,0.0000,0.0000,0.0168,0.0000,200,20.6433
0.0287,0.0000,0.0000,0.0000,0.0287,0.0001,200,20.6434
0.0193,0.0000,0.0000,0.0000,0.0192,0.0000,200,20.6602
0.0196,0.0000,0.0000,0.0000,0.0195,0.0000,200,20.6601
0.0133,0.0000,0.0000,0.0000,0.0133,0.0001,200,20.6721
0.0114,0.0000,0.0000,0.0000,0.0114,0.0000,200,20.6796
0.0184,0.0000,0.0000,0.0000,0.0183,0.0000,200,20.6795
0.0198,0.0000,0.0000,0.0000,0.0198,0.0000,200,20.6855
0.0316,0.0000,0.0000,0.0000,0.0316,0.0000,200,20.6911
0.0265,0.0000,0.0000,0.0000,0.0263,0.0001,200,20.6978
0.0206,0.0000,0.0000,0.0000,0.0206,0.0000,200,20.7053
0.0143,0.0000,0.0000,0.0000,0.0142,0.0000,200,20.7243
0.0227,0.0000,0.0000,0.0000,0.0226,0.0000,200,20.7227
0.0135,0.0000,0.0000,0.0000,0.0135,0.0000,200,20.7386
0.0274,0.0000,0.0000,0.0000,0.0272,0.0002,200,20.7259
0.0170,0.0000,0.0000,0.0000,0.0169,0.0001,200,20.7454
0.0212,0.0000,0.0000,0.0000,0.0212,0.0000,200,20.7522
0.0273,0.0000,0.0000,0.0000,0.0272,0.0000,200,20.7533
0.0324,0.0000,0.0000,0.0000,0.0324,0.0000,200,20.7624
1.0788,0.0000,0.0000,0.0018,1.0770,0.0000,200,19.7182
0.0300,0.0000,0.0000,0.0000,0.0300,0.0000,200,20.7734
0.0170,0.0000,0.0000,0.0000,0.0167,0.0003,200,20.7970
0.0346,0.0000,0.0000,0.0000,0.0345,0.0000,200,20.7806
0.0220,0.0000,0.0000,0.0000,0.0218,0.0001,200,20.7948
0.0242,0.0000,0.0000,0.0000,0.0241,0.0000,200,20.8034
0.0212,0.0000,0.0000,0.0000,0.0211,0.0000,200,20.8140
0.0202,0.0000,0.0000,0.0000,0.0202,0.0000,200,20.8152
0.0187,0.0000,0.0000,0.0001,0.0185,0.0001,200,20.8354
0.0382,0.0000,0.0000,0.0000,0.0381,0.0001,200,20.8168
0.0303,0.0000,0.0000,0.0000,0.0281,0.0022,200,20.8276
0.0307,0.0000,0.0000,0.0000,0.0307,0.0000,200,20.8352
0.0145,0.0000,0.0000,0.0000,0.0144,0.0000,200,20.8541
0.0223,0.0000,0.0000,0.0000,0.0222,0.0001,200,20.8551
0.0308,0.0000,0.0000,0.0000,0.0308,0.0000,200,20.8579
0.0278,0.0000,0.0000,0.0000,0.0265,0.0013,200,20.8660
0.0309,0.0000,0.0000,0.0000,0.0308,0.0000,200,20.8686
0.0287,0.0000,0.0000,0.0000,0.0287,0.0000,200,20.8773
0.0248,0.0000,0.0000,0.0000,0.0248,0.0000,200,20.8938
0.0320,0.0000,0.0000,0.0000,0.0316,0.0000,200,20.8888
0.0152,0.0000,0.0000,0.0000,0.0151,0.0000,200,20.9060
0.0215,0.0000,0.0000,0.0000,0.0211,0.0001,200,20.9207
0.0249,0.0000,0.0000,0.0000,0.0248,0.0000,200,20.9186
0.0350,0.0000,0.0000,0.0000,0.0348,0.0002,200,20.9212
0.0129,0.0000,0.0000,0.0000,0.0128,0.0000,200,20.9435
0.0168,0.0000,0.0000,0.0000,0.0168,0.0000,200,20.9422
0.0192,0.0000,0.0000,0.0000,0.0190,0.0002,200,20.9562
0.0174,0.0000,0.0000,0.0000,0.0173,0.0000,200,20.9590
0.0254,0.0000,0.0000,0.0000,0.0254,0.0000,200,20.9564
0.0151,0.0000,0.0000,0.0000,0.0150,0.0000,200,20.9754
0.0202,0.0000,0.0000,0.0005,0.0188,0.0000,200,20.9764
0.0160,0.0000,0.0000,0.0000,0.0159,0.0000,200,20.9818
0.0181,0.0000,0.0000,0.0000,0.0165,0.0001,200,20.9905
0.0129,0.0000,0.0000,0.0000,0.0128,0.0000,200,20.9966
0.0180,0.0000,0.0000,0.0000,0.0180,0.0000,200,20.9978
0.0207,0.0000,0.0000,0.0000,0.0206,0.0000,200,21.0158
0.0281,0.0000,0.0000,0.0000,0.0281,0.0000,200,21.0086
0.0273,0.0000,0.0000,0.0000,0.0273,0.0000,200,21.0095
0.0082,0.0000,0.0000,0.0000,0.0081,0.0000,200,21.0365
0.0126,0.0000,0.0000,0.0000,0.0125,0.0001,200,21.0447
0.0208,0.0000,0.0000,0.0021,0.0186,0.0000,200,21.0369
0.0149,0.0000,0.0000,0.0000,0.0148,0.0000,200,21.0572
0.0149,0.0000,0.0000,0.0000,0.0148,0.0000,200,21.0576
0.0182,0.0000,0.0000,0.0000,0.0181,0.0000,200,21.0722
0.0187,0.0000,0.0000,0.0000,0.0186,0.0000,200,21.0726
0.0159,0.0000,0.0000,0.0000,0.0159,0.0000,200,21.0913
0.0171,0.0000,0.0000,0.0000,0.0171,0.0000,200,21.0904
0.0142,0.0000,0.0000,0.0000,0.0142,0.0000,200,21.1072
0.0148,0.0000,0.0000,0.0000,0.0147,0.0000,200,21.1075
0.0141,0.0000,0.0000,0.0000,0.0140,0.0000,200,21.1223
0.0170,0.0000,0.0000,0.0000,0.0170,0.0000,200,21.1214
0.0161,0.0000,0.0000,0.0000,0.0160,0.0000,200,21.1364
0.0223,0.0000,0.0000,0.0000,0.0220,0.0003,200,21.1385
0.0085,0.0000,0.0000,0.0000,0.0085,0.0000,200,21.1524
0.0155,0.0000,0.0000,0.0001,0.0154,0.0000,200,21.1608
0.0192,0.0000,0.0000,0.0000,0.0192,0.0000,200,21.1610
0.0205,0.0000,0.0000,0.0000,0.0204,0.0000,200,21.1763
0.0169,0.0000,0.0000,0.0000,0.0169,0.0000,200,21.1802
0.0145,0.0000,0.0000,0.0000,0.0145,0.0000,200,21.1971
0.0155,0.0000,0.0000,0.0000,0.0155,0.0000,200,21.1968
0.0142,0.0000,0.0000,0.0000,0.0142,0.0000,200,21.2116
0.0221,0.0000,0.0000,0.0000,0.0220,0.0000,200,21.2123
0.0086,0.0000,0.0000,0.0000,0.0086,0.0000,200,21.2259
0.0152,0.0000,0.0000,0.0000,0.0151,0.0001,200,21.2345
0.0240,0.0000,0.0000,0.0000,0.0239,0.0001,200,21.2344
0.0104,0.0000,0.0000,0.0000,0.0103,0.0000,200,21.2497
0.0172,0.0000,0.0000,0.0000,0.0172,0.0000,200,21.2601
0.0202,0.0000,0.0000,0.0000,0.0199,0.0002,200,21.2583
0.0181,0.0000,0.0000,0.0000,0.0181,0.0000,200,21.2773
0.0185,0.0000,0.0000,0.0000,0.0184,0.0001,200,21.2785
0.0125,0.0000,0.0000,0.0000,0.0123,0.0002,200,21.2955
0.0220,0.0000,0.0000,0.0000,0.0219,0.0000,200,21.2970
0.0136,0.0000,0.0000,0.0000,0.0135,0.0000,200,21.3080
0.0173,0.0000,0.0000,0.0000,0.0172,0.0000,200,21.3190
0.0153,0.0000,0.0000,0.0000,0.0152,0.0000,200,21.3216
0.0170,0.0000,0.0000,0.0000,0.0170,0.0000,200,21.3362
0.0270,0.0000,0.0000,0.0000,0.0268,0.0000,200,21.3368
0.0121,0.0000,0.0000,0.0000,0.0118,0.0003,200,21.3533
0.0079,0.0000,0.0000,0.0000,0.0077,0.0000,200,21.3654
0.0077,0.0000,0.0000,0.0000,0.0076,0.0001,200,21.3733
0.0073,0.0000,0.0000,0.0000,0.0072,0.0001,200,21.3810
