response-time,DNS+dialup,DNS,Request-write,Response-delay,Response-read,status-code,offset
0.0082,0.0003,0.0000,0.0001,0.0077,0.0001,200,0.0003
0.0083,0.0004,0.0000,0.0001,0.0076,0.0001,200,0.0002
0.0082,0.0003,0.0000,0.0001,0.0076,0.0001,200,0.0004
0.0082,0.0002,0.0000,0.0001,0.0077,0.0002,200,0.0003
0.0067,0.0000,0.0000,0.0000,0.0067,0.0001,200,0.0086
0.0068,0.0000,0.0000,0.0000,0.0067,0.0001,200,0.0085
0.0079,0.0000,0.0000,0.0000,0.0078,0.0001,200,0.0085
0.0092,0.0000,0.0000,0.0000,0.0091,0.0001,200,0.0085
0.0071,0.0000,0.0000,0.0000,0.0069,0.0001,200,0.0153
0.0073,0.0000,0.0000,0.0000,0.0072,0.0001,200,0.0153
0.0079,0.0000,0.0000,0.0000,0.0077,0.0001,200,0.0164
0.0074,0.0000,0.0000,0.0000,0.0073,0.0001,200,0.0177
0.0078,0.0000,0.0000,0.0000,0.0077,0.0001,200,0.0224
0.0077,0.0000,0.0000,0.0000,0.0075,0.0001,200,0.0226
0.0075,0.0000,0.0000,0.0000,0.0074,0.0001,200,0.0243
0.0077,0.0000,0.0000,0.0000,0.0076,0.0001,200,0.0251
0.0077,0.0000,0.0000,0.0000,0.0075,0.0001,200,0.0302
0.0081,0.0000,0.0000,0.0000,0.0080,0.0001,200,0.0302
0.0075,0.0000,0.0000,0.0001,0.0073,0.0001,200,0.0318
0.0070,0.0000,0.0000,0.0000,0.0069,0.0001,200,0.0329
0.0078,0.0000,0.0000,0.0000,0.0077,0.0001,200,0.0379
0.0074,0.0000,0.0000,0.0000,0.0073,0.0001,200,0.0399
0.0090,0.0000,0.0000,0.0000,0.0088,0.0001,200,0.0383
0.0080,0.0000,0.0000,0.0000,0.0079,0.0001,200,0.0393
0.0077,0.0000,0.0000,0.0000,0.0075,0.0001,200,0.0457
0.0073,0.0000,0.0000,0.0000,0.0071,0.0002,200,0.0473
0.0078,0.0000,0.0000,0.0000,0.0077,0.0001,200,0.0473
0.0087,0.0000,0.0000,0.0000,0.0086,0.0000,200,0.0473
0.0072,0.0000,0.0000,0.0000,0.0071,0.0001,200,0.0535
0.0069,0.0000,0.0000,0.0000,0.0068,0.0001,200,0.0546
0.0068,0.0000,0.0000,0.0000,0.0067,0.0000,200,0.0551
0.0074,0.0000,0.0000,0.0000,0.0073,0.0001,200,0.0560
0.0071,0.0000,0.0000,0.0000,0.0070,0.0001,200,0.0606
0.0075,0.0000,0.0000,0.0000,0.0073,0.0001,200,0.0615
0.0076,0.0000,0.0000,0.0000,0.0075,0.0001,200,0.0619
0.0069,0.0000,0.0000,0.0001,0.0067,0.0001,200,0.0634
0.0071,0.0000,0.0000,0.0000,0.0069,0.0001,200,0.0678
0.0070,0.0000,0.0000,0.0000,0.0069,0.0001,200,0.0689
0.0067,0.0000,0.0000,0.0000,0.0067,0.0000,200,0.0695
0.0066,0.0000,0.0000,0.0000,0.0065,0.0001,200,0.0703
0.0068,0.0000,0.0000,0.0000,0.0066,0.0001,200,0.0748
0.0069,0.0000,0.0000,0.0000,0.0068,0.0001,200,0.0760
0.0068,0.0000,0.0000,0.0000,0.0067,0.0000,200,0.0762
0.0065,0.0000,0.0000,0.0000,0.0064,0.0000,200,0.0769
0.0071,0.0000,0.0000,0.0000,0.0070,0.0001,200,0.0816
0.0069,0.0000,0.0000,0.0000,0.0068,0.0000,200,0.0829
0.0068,0.0000,0.0000,0.0000,0.0066,0.0001,200,0.0830
0.0064,0.0000,0.0000,0.0000,0.0064,0.0000,200,0.0834
0.0069,0.0000,0.0000,0.0001,0.0067,0.0001,200,0.0886
0.0067,0.0000,0.0000,0.0000,0.0066,0.0001,200,0.0898
0.0068,0.0000,0.0000,0.0000,0.0066,0.0001,200,0.0898
0.0070,0.0000,0.0000,0.0000,0.0069,0.0000,200,0.0898
0.0068,0.0000,0.0000,0.0000,0.0067,0.0001,200,0.0955
0.0069,0.0000,0.0000,0.0000,0.0068,0.0000,200,0.0965
0.0068,0.0000,0.0000,0.0000,0.0067,0.0001,200,0.0966
0.0072,0.0000,0.0000,0.0000,0.0072,0.0000,200,0.0968
0.0069,0.0000,0.0000,0.0000,0.0068,0.0001,200,0.1024
0.0068,0.0000,0.0000,0.0000,0.0067,0.0000,200,0.1034
0.0068,0.0000,0.0000,0.0000,0.0067,0.0000,200,0.1034
0.0065,0.0000,0.0000,0.0000,0.0065,0.0000,200,0.1040
0.0066,0.0000,0.0000,0.0000,0.0065,0.0001,200,0.1093
0.0066,0.0000,0.0000,0.0000,0.0064,0.0000,200,0.1102
0.0067,0.0000,0.0000,0.0000,0.0064,0.0002,200,0.1102
0.0065,0.0000,0.0000,0.0000,0.0065,0.0000,200,0.1105
0.0067,0.0000,0.0000,0.0000,0.0066,0.0001,200,0.1159
0.0066,0.0000,0.0000,0.0000,0.0066,0.0000,200,0.1169
0.0068,0.0000,0.0000,0.0000,0.0067,0.0000,200,0.1168
0.0070,0.0000,0.0000,0.0000,0.0069,0.0001,200,0.1171
0.0067,0.0000,0.0000,0.0000,0.0067,0.0001,200,0.1227
0.0065,0.0000,0.0000,0.0000,0.0064,0.0000,200,0.1235
0.0067,0.0000,0.0000,0.0000,0.0066,0.0000,200,0.1235
0.0064,0.0000,0.0000,0.0000,0.0063,0.0000,200,0.1240
0.0068,0.0000,0.0000,0.0000,0.0066,0.0001,200,0.1301
0.0068,0.0000,0.0000,0.0000,0.0067,0.0000,200,0.1302
0.0066,0.0000,0.0000,0.0000,0.0066,0.0000,200,0.1304
0.0079,0.0000,0.0000,0.0000,0.0078,0.0000,200,0.1294
0.0068,0.0000,0.0000,0.0000,0.0067,0.0001,200,0.1368
0.0067,0.0000,0.0000,0.0000,0.0067,0.0000,200,0.1369
0.0069,0.0000,0.0000,0.0000,0.0069,0.0000,200,0.1370
0.0074,0.0000,0.0000,0.0000,0.0073,0.0000,200,0.1373
0.0067,0.0000,0.0000,0.0000,0.0066,0.0001,200,0.1436
0.0067,0.0000,0.0000,0.0000,0.0067,0.0000,200,0.1437
0.0069,0.0000,0.0000,0.0000,0.0068,0.0000,200,0.1439
0.0065,0.0000,0.0000,0.0000,0.0064,0.0000,200,0.1447
0.0067,0.0000,0.0000,0.0000,0.0066,0.0001,200,0.1504
0.0066,0.0000,0.0000,0.0000,0.0065,0.0001,200,0.1508
0.0071,0.0000,0.0000,0.0000,0.0070,0.0000,200,0.1504
0.0065,0.0000,0.0000,0.0000,0.0064,0.0000,200,0.1511
0.0070,0.0000,0.0000,0.0000,0.0069,0.0001,200,0.1571
0.0067,0.0000,0.0000,0.0000,0.0066,0.0000,200,0.1575
0.0068,0.0000,0.0000,0.0000,0.0067,0.0000,200,0.1574
0.0071,0.0000,0.0000,0.0000,0.0069,0.0002,200,0.1576
0.0068,0.0000,0.0000,0.0000,0.0067,0.0001,200,0.1642
0.0069,0.0000,0.0000,0.0000,0.0068,0.0000,200,0.1641
0.0071,0.0000,0.0000,0.0000,0.0070,0.0000,200,0.1642
0.0069,0.0000,0.0000,0.0000,0.0068,0.0000,200,0.1647
0.0067,0.0000,0.0000,0.0000,0.0066,0.0001,200,0.1710
0.0068,0.0000,0.0000,0.0000,0.0066,0.0000,200,0.1710
0.0070,0.0000,0.0000,0.0000,0.0070,0.0000,200,0.1712
0.0071,0.0000,0.0000,0.0000,0.0071,0.0000,200,0.1716
0.0067,0.0000,0.0000,0.0000,0.0066,0.0001,200,0.1777
0.0066,0.0000,0.0000,0.0000,0.0065,0.0000,200,0.1778
0.0068,0.0000,0.0000,0.0000,0.0067,0.0000,200,0.1782
0.0065,0.0000,0.0000,0.0000,0.0064,0.0000,200,0.1787
0.0067,0.0000,0.0000,0.0000,0.0066,0.0001,200,0.1844
0.0068,0.0000,0.0000,0.0000,0.0068,0.0000,200,0.1844
0.0067,0.0000,0.0000,0.0000,0.0066,0.0000,200,0.1850
0.0066,0.0000,0.0000,0.0000,0.0065,0.0000,200,0.1852
0.0068,0.0000,0.0000,0.0000,0.0066,0.0002,200,0.1912
0.0070,0.0000,0.0000,0.0000,0.0069,0.0000,200,0.1910
0.0065,0.0000,0.0000,0.0000,0.0064,0.0000,200,0.1918
0.0066,0.0000,0.0000,0.0000,0.0065,0.0000,200,0.1917
0.0068,0.0000,0.0000,0.0000,0.0067,0.0001,200,0.1980
0.0068,0.0000,0.0000,0.0000,0.0067,0.0000,200,0.1980
0.0068,0.0000,0.0000,0.0000,0.0067,0.0000,200,0.1983
0.0071,0.0000,0.0000,0.0000,0.0071,0.0000,200,0.1983
0.0069,0.0000,0.0000,0.0000,0.0067,0.0002,200,0.2048
0.0070,0.0000,0.0000,0.0000,0.0069,0.0000,200,0.2048
0.0065,0.0000,0.0000,0.0000,0.0065,0.0000,200,0.2055
0.0069,0.0000,0.0000,0.0000,0.0067,0.0002,200,0.2052
0.0067,0.0000,0.0000,0.0000,0.0066,0.0001,200,0.2118
0.0067,0.0000,0.0000,0.0002,0.0065,0.0000,200,0.2118
0.0070,0.0000,0.0000,0.0000,0.0069,0.0000,200,0.2120
0.0069,0.0000,0.0000,0.0000,0.0068,0.0000,200,0.2121
0.0068,0.0000,0.0000,0.0000,0.0067,0.0000,200,0.2185
0.0068,0.0000,0.0000,0.0000,0.0067,0.0000,200,0.2185
0.0066,0.0000,0.0000,0.0000,0.0065,0.0000,200,0.2190
0.0066,0.0000,0.0000,0.0000,0.0066,0.0001,200,0.2190
0.0066,0.0000,0.0000,0.0000,0.0065,0.0001,200,0.2253
0.0066,0.0000,0.0000,0.0000,0.0066,0.0000,200,0.2253
0.0070,0.0000,0.0000,0.0000,0.0069,0.0000,200,0.2255
0.0074,0.0000,0.0000,0.0000,0.0073,0.0000,200,0.2256
0.0071,0.0000,0.0000,0.0000,0.0070,0.0001,200,0.2319
0.0065,0.0000,0.0000,0.0000,0.0064,0.0000,200,0.2325
0.0072,0.0000,0.0000,0.0000,0.0071,0.0000,200,0.2319
0.0063,0.0000,0.0000,0.0000,0.0062,0.0000,200,0.2330
0.0067,0.0000,0.0000,0.0000,0.0066,0.0001,200,0.2390
0.0067,0.0000,0.0000,0.0000,0.0066,0.0000,200,0.2391
0.0068,0.0000,0.0000,0.0000,0.0067,0.0000,200,0.2390
0.0073,0.0000,0.0000,0.0000,0.0072,0.0001,200,0.2393
0.0067,0.0000,0.0000,0.0000,0.0066,0.0001,200,0.2458
0.0068,0.0000,0.0000,0.0000,0.0068,0.0000,200,0.2457
0.0075,0.0000,0.0000,0.0000,0.0074,0.0000,200,0.2458
0.0083,0.0000,0.0000,0.0000,0.0082,0.0001,200,0.2467
0.0075,0.0000,0.0000,0.0000,0.0072,0.0002,200,0.2525
0.0075,0.0000,0.0000,0.0000,0.0074,0.0001,200,0.2525
0.0083,0.0000,0.0000,0.0000,0.0080,0.0002,200,0.2533
0.0094,0.0000,0.0000,0.0000,0.0093,0.0001,200,0.2550
0.0067,0.0000,0.0000,0.0000,0.0065,0.0001,200,0.2600
0.0067,0.0000,0.0000,0.0000,0.0066,0.0001,200,0.2600
0.0071,0.0000,0.0000,0.0000,0.0070,0.0000,200,0.2615
0.0087,0.0000,0.0000,0.0000,0.0085,0.0002,200,0.2644
0.0074,0.0000,0.0000,0.0001,0.0072,0.0001,200,0.2667
0.0076,0.0000,0.0000,0.0000,0.0075,0.0000,200,0.2666
0.0066,0.0000,0.0000,0.0000,0.0064,0.0001,200,0.2686
0.0081,0.0000,0.0000,0.0005,0.0075,0.0001,200,0.2731
0.0074,0.0000,0.0000,0.0000,0.0074,0.0000,200,0.2741
0.0077,0.0000,0.0000,0.0000,0.0076,0.0000,200,0.2742
0.0075,0.0000,0.0000,0.0000,0.0074,0.0001,200,0.2752
0.0074,0.0000,0.0000,0.0000,0.0073,0.0001,200,0.2815
0.0079,0.0000,0.0000,0.0000,0.0078,0.0001,200,0.2812
0.0075,0.0000,0.0000,0.0000,0.0074,0.0000,200,0.2819
0.0081,0.0000,0.0000,0.0000,0.0077,0.0004,200,0.2827
0.0074,0.0000,0.0000,0.0000,0.0073,0.0001,200,0.2891
0.0077,0.0000,0.0000,0.0000,0.0074,0.0000,200,0.2889
0.0074,0.0000,0.0000,0.0000,0.0074,0.0000,200,0.2893
0.0077,0.0000,0.0000,0.0000,0.0076,0.0001,200,0.2908
0.0084,0.0000,0.0000,0.0000,0.0083,0.0000,200,0.2965
0.0081,0.0000,0.0000,0.0000,0.0081,0.0001,200,0.2967
0.0093,0.0000,0.0000,0.0000,0.0092,0.0001,200,0.2966
0.0077,0.0000,0.0000,0.0000,0.0076,0.0000,200,0.2985
0.0074,0.0000,0.0000,0.0000,0.0072,0.0001,200,0.3049
0.0076,0.0000,0.0000,0.0000,0.0075,0.0001,200,0.3049
0.0072,0.0000,0.0000,0.0000,0.0071,0.0001,200,0.3059
0.0077,0.0000,0.0000,0.0000,0.0075,0.0002,200,0.3062
0.0074,0.0000,0.0000,0.0000,0.0072,0.0001,200,0.3123
0.0067,0.0000,0.0000,0.0000,0.0067,0.0000,200,0.3131
0.0067,0.0000,0.0000,0.0000,0.0067,0.0000,200,0.3139
0.0082,0.0000,0.0000,0.0000,0.0081,0.0000,200,0.3125
0.0069,0.0000,0.0000,0.0000,0.0068,0.0001,200,0.3199
0.0075,0.0000,0.0000,0.0000,0.0074,0.0000,200,0.3196
0.0065,0.0000,0.0000,0.0000,0.0065,0.0000,200,0.3207
0.0070,0.0000,0.0000,0.0000,0.0069,0.0001,200,0.3207
0.0071,0.0000,0.0000,0.0000,0.0070,0.0001,200,0.3267
0.0068,0.0000,0.0000,0.0000,0.0066,0.0000,200,0.3271
0.0068,0.0000,0.0000,0.0001,0.0067,0.0000,200,0.3272
0.0066,0.0000,0.0000,0.0000,0.0065,0.0000,200,0.3277
0.0068,0.0000,0.0000,0.0000,0.0067,0.0000,200,0.3339
0.0069,0.0000,0.0000,0.0000,0.0068,0.0000,200,0.3338
0.0067,0.0000,0.0000,0.0000,0.0066,0.0001,200,0.3340
0.0071,0.0000,0.0000,0.0000,0.0070,0.0001,200,0.3343
0.0067,0.0000,0.0000,0.0000,0.0066,0.0001,200,0.3407
0.0068,0.0000,0.0000,0.0000,0.0067,0.0000,200,0.3407
0.0075,0.0000,0.0000,0.0000,0.0074,0.0000,200,0.3407
0.0068,0.0000,0.0000,0.0000,0.0067,0.0000,200,0.3414
0.0068,0.0000,0.0000,0.0000,0.0067,0.0001,200,0.3474
0.0070,0.0000,0.0000,0.0000,0.0070,0.0000,200,0.3475
0.0066,0.0000,0.0000,0.0000,0.0065,0.0001,200,0.3482
0.0070,0.0000,0.0000,0.0000,0.0069,0.0000,200,0.3482
0.0066,0.0000,0.0000,0.0000,0.0065,0.0001,200,0.3545
0.0070,0.0000,0.0000,0.0000,0.0069,0.0000,200,0.3543
0.0068,0.0000,0.0000,0.0000,0.0067,0.0000,200,0.3547
0.0069,0.0000,0.0000,0.0000,0.0068,0.0000,200,0.3551
0.0077,0.0000,0.0000,0.0000,0.0076,0.0001,200,0.3611
0.0073,0.0000,0.0000,0.0000,0.0072,0.0000,200,0.3615
0.0068,0.0000,0.0000,0.0000,0.0067,0.0001,200,0.3620
0.0076,0.0000,0.0000,0.0000,0.0075,0.0001,200,0.3613
0.0068,0.0000,0.0000,0.0001,0.0067,0.0001,200,0.3688
0.0069,0.0000,0.0000,0.0000,0.0068,0.0001,200,0.3688
0.0072,0.0000,0.0000,0.0000,0.0071,0.0000,200,0.3688
0.0072,0.0000,0.0000,0.0000,0.0071,0.0000,200,0.3689
0.0068,0.0000,0.0000,0.0000,0.0067,0.0001,200,0.3757
0.0066,0.0000,0.0000,0.0000,0.0066,0.0000,200,0.3760
0.0070,0.0000,0.0000,0.0000,0.0069,0.0000,200,0.3756
0.0070,0.0000,0.0000,0.0000,0.0069,0.0000,200,0.3760
0.0067,0.0000,0.0000,0.0000,0.0066,0.0001,200,0.3826
0.0069,0.0000,0.0000,0.0000,0.0068,0.0000,200,0.3825
0.0068,0.0000,0.0000,0.0000,0.0068,0.0000,200,0.3826
0.0076,0.0000,0.0000,0.0000,0.0075,0.0001,200,0.3830
0.0066,0.0000,0.0000,0.0000,0.0065,0.0001,200,0.3895
0.0068,0.0000,0.0000,0.0000,0.0067,0.0000,200,0.3894
0.0071,0.0000,0.0000,0.0000,0.0070,0.0000,200,0.3894
0.0066,0.0000,0.0000,0.0000,0.0065,0.0000,200,0.3906
0.0068,0.0000,0.0000,0.0000,0.0067,0.0001,200,0.3962
0.0065,0.0000,0.0000,0.0000,0.0064,0.0001,200,0.3965
0.0070,0.0000,0.0000,0.0000,0.0069,0.0000,200,0.3961
0.0065,0.0000,0.0000,0.0000,0.0064,0.0000,200,0.3972
0.0072,0.0000,0.0000,0.0000,0.0071,0.0001,200,0.4030
0.0075,0.0000,0.0000,0.0000,0.0074,0.0001,200,0.4031
0.0073,0.0000,0.0000,0.0000,0.0073,0.0000,200,0.4037
0.0082,0.0000,0.0000,0.0000,0.0077,0.0004,200,0.4030
0.0072,0.0000,0.0000,0.0000,0.0071,0.0001,200,0.4102
0.0069,0.0000,0.0000,0.0000,0.0068,0.0000,200,0.4105
0.0069,0.0000,0.0000,0.0000,0.0068,0.0000,200,0.4110
0.0088,0.0000,0.0000,0.0000,0.0087,0.0000,200,0.4111
0.0067,0.0000,0.0000,0.0000,0.0066,0.0001,200,0.4175
0.0068,0.0000,0.0000,0.0000,0.0067,0.0000,200,0.4174
0.0067,0.0000,0.0000,0.0000,0.0066,0.0000,200,0.4179
0.0065,0.0000,0.0000,0.0000,0.0064,0.0000,200,0.4199
0.0070,0.0000,0.0000,0.0000,0.0069,0.0000,200,0.4242
0.0066,0.0000,0.0000,0.0000,0.0065,0.0000,200,0.4246
0.0071,0.0000,0.0000,0.0000,0.0071,0.0000,200,0.4242
0.0068,0.0000,0.0000,0.0000,0.0067,0.0001,200,0.4264
0.0068,0.0000,0.0000,0.0000,0.0066,0.0001,200,0.4312
0.0068,0.0000,0.0000,0.0000,0.0067,0.0000,200,0.4312
0.0070,0.0000,0.0000,0.0000,0.0069,0.0000,200,0.4313
0.0065,0.0000,0.0000,0.0000,0.0064,0.0000,200,0.4332
0.0067,0.0000,0.0000,0.0000,0.0066,0.0000,200,0.4379
0.0064,0.0000,0.0000,0.0000,0.0064,0.0000,200,0.4383
0.0068,0.0000,0.0000,0.0000,0.0068,0.0000,200,0.4380
0.0066,0.0000,0.0000,0.0000,0.0064,0.0001,200,0.4397
0.0067,0.0000,0.0000,0.0000,0.0066,0.0001,200,0.4447
0.0070,0.0000,0.0000,0.0000,0.0070,0.0000,200,0.4446
0.0079,0.0000,0.0000,0.0000,0.0079,0.0001,200,0.4448
0.0067,0.0000,0.0000,0.0000,0.0066,0.0000,200,0.4462
0.0071,0.0000,0.0000,0.0000,0.0070,0.0001,200,0.4514
0.0070,0.0000,0.0000,0.0000,0.0069,0.0001,200,0.4517
0.0064,0.0000,0.0000,0.0000,0.0063,0.0000,200,0.4529
0.0069,0.0000,0.0000,0.0000,0.0068,0.0000,200,0.4527
0.0071,0.0000,0.0000,0.0000,0.0070,0.0001,200,0.4584
0.0069,0.0000,0.0000,0.0000,0.0068,0.0000,200,0.4587
0.0065,0.0000,0.0000,0.0000,0.0064,0.0000,200,0.4593
0.0064,0.0000,0.0000,0.0000,0.0064,0.0000,200,0.4596
0.0068,0.0000,0.0000,0.0000,0.0067,0.0001,200,0.4655
0.0066,0.0000,0.0000,0.0000,0.0065,0.0000,200,0.4658
0.0070,0.0000,0.0000,0.0000,0.0070,0.0000,200,0.4661
0.0076,0.0000,0.0000,0.0000,0.0074,0.0002,200,0.4656
0.0067,0.0000,0.0000,0.0000,0.0066,0.0001,200,0.4724
0.0069,0.0000,0.0000,0.0000,0.0068,0.0000,200,0.4723
0.0065,0.0000,0.0000,0.0000,0.0064,0.0000,200,0.4731
0.0070,0.0000,0.0000,0.0000,0.0069,0.0000,200,0.4732
0.0065,0.0000,0.0000,0.0000,0.0065,0.0001,200,0.4793
0.0068,0.0000,0.0000,0.0000,0.0068,0.0000,200,0.4791
0.0065,0.0000,0.0000,0.0000,0.0064,0.0000,200,0.4796
0.0064,0.0000,0.0000,0.0000,0.0063,0.0000,200,0.4802
0.0070,0.0000,0.0000,0.0000,0.0069,0.0001,200,0.4858
0.0072,0.0000,0.0000,0.0000,0.0071,0.0000,200,0.4859
0.0072,0.0000,0.0000,0.0000,0.0071,0.0000,200,0.4861
0.0068,0.0000,0.0000,0.0000,0.0067,0.0000,200,0.4866
0.0068,0.0000,0.0000,0.0000,0.0067,0.0001,200,0.4931
0.0075,0.0000,0.0000,0.0000,0.0074,0.0000,200,0.4928
0.0073,0.0000,0.0000,0.0000,0.0073,0.0000,200,0.4934
0.0083,0.0000,0.0000,0.0001,0.0074,0.0000,200,0.4933
0.0070,0.0000,0.0000,0.0000,0.0069,0.0001,200,0.5000
0.0067,0.0000,0.0000,0.0000,0.0067,0.0000,200,0.5003
0.0066,0.0000,0.0000,0.0000,0.0066,0.0000,200,0.5007
0.0068,0.0000,0.0000,0.0000,0.0067,0.0001,200,0.5016
0.0070,0.0000,0.0000,0.0000,0.0069,0.0000,200,0.5070
0.0070,0.0000,0.0000,0.0000,0.0069,0.0001,200,0.5070
0.0072,0.0000,0.0000,0.0000,0.0071,0.0000,200,0.5073
0.0070,0.0000,0.0000,0.0000,0.0070,0.0000,200,0.5083
0.0067,0.0000,0.0000,0.0000,0.0066,0.0000,200,0.5141
0.0067,0.0000,0.0000,0.0000,0.0066,0.0000,200,0.5141
0.0065,0.0000,0.0000,0.0000,0.0065,0.0000,200,0.5145
0.0064,0.0000,0.0000,0.0000,0.0063,0.0000,200,0.5154
0.0070,0.0000,0.0000,0.0000,0.0069,0.0001,200,0.5207
0.0068,0.0000,0.0000,0.0000,0.0067,0.0000,200,0.5210
0.0071,0.0000,0.0000,0.0000,0.0071,0.0000,200,0.5207
0.0065,0.0000,0.0000,0.0000,0.0064,0.0001,200,0.5218
0.0068,0.0000,0.0000,0.0000,0.0067,0.0001,200,0.5278
0.0068,0.0000,0.0000,0.0000,0.0067,0.0000,200,0.5279
0.0079,0.0000,0.0000,0.0000,0.0078,0.0001,200,0.5278
0.0075,0.0000,0.0000,0.0000,0.0075,0.0000,200,0.5283
0.0070,0.0000,0.0000,0.0000,0.0069,0.0001,200,0.5347
0.0072,0.0000,0.0000,0.0000,0.0071,0.0000,200,0.5346
0.0065,0.0000,0.0000,0.0000,0.0064,0.0000,200,0.5357
0.0064,0.0000,0.0000,0.0000,0.0063,0.0000,200,0.5358
0.0068,0.0000,0.0000,0.0000,0.0067,0.0001,200,0.5418
0.0070,0.0000,0.0000,0.0000,0.0069,0.0000,200,0.5416
0.0064,0.0000,0.0000,0.0000,0.0064,0.0000,200,0.5422
0.0065,0.0000,0.0000,0.0000,0.0064,0.0000,200,0.5422
0.0074,0.0000,0.0000,0.0000,0.0073,0.0001,200,0.5486
0.0074,0.0000,0.0000,0.0000,0.0074,0.0000,200,0.5487
0.0075,0.0000,0.0000,0.0000,0.0075,0.0000,200,0.5486
0.0076,0.0000,0.0000,0.0000,0.0075,0.0000,200,0.5486
0.0071,0.0000,0.0000,0.0000,0.0069,0.0001,200,0.5561
0.0070,0.0000,0.0000,0.0000,0.0070,0.0000,200,0.5561
0.0075,0.0000,0.0000,0.0000,0.0075,0.0000,200,0.5562
0.0077,0.0000,0.0000,0.0000,0.0076,0.0000,200,0.5562
0.0067,0.0000,0.0000,0.0000,0.0066,0.0001,200,0.5631
0.0067,0.0000,0.0000,0.0000,0.0066,0.0000,200,0.5632
0.0064,0.0000,0.0000,0.0000,0.0063,0.0000,200,0.5638
0.0066,0.0000,0.0000,0.0000,0.0065,0.0000,200,0.5637
0.0069,0.0000,0.0000,0.0000,0.0068,0.0001,200,0.5698
0.0065,0.0000,0.0000,0.0000,0.0064,0.0001,200,0.5702
0.0065,0.0000,0.0000,0.0000,0.0064,0.0000,200,0.5703
0.0069,0.0000,0.0000,0.0000,0.0068,0.0000,200,0.5699
0.0069,0.0000,0.0000,0.0000,0.0068,0.0001,200,0.5768
0.0070,0.0000,0.0000,0.0000,0.0069,0.0001,200,0.5767
0.0070,0.0000,0.0000,0.0000,0.0069,0.0001,200,0.5767
0.0070,0.0000,0.0000,0.0000,0.0070,0.0000,200,0.5768
0.0067,0.0000,0.0000,0.0000,0.0067,0.0000,200,0.5838
0.0069,0.0000,0.0000,0.0000,0.0067,0.0002,200,0.5837
0.0070,0.0000,0.0000,0.0000,0.0069,0.0000,200,0.5837
0.0072,0.0000,0.0000,0.0000,0.0071,0.0000,200,0.5838
0.0067,0.0000,0.0000,0.0000,0.0066,0.0001,200,0.5906
0.0068,0.0000,0.0000,0.0000,0.0067,0.0000,200,0.5906
0.0070,0.0000,0.0000,0.0000,0.0069,0.0000,200,0.5907
0.0069,0.0000,0.0000,0.0000,0.0069,0.0000,200,0.5910
0.0067,0.0000,0.0000,0.0000,0.0066,0.0001,200,0.5974
0.0068,0.0000,0.0000,0.0000,0.0066,0.0001,200,0.5973
0.0064,0.0000,0.0000,0.0000,0.0064,0.0000,200,0.5977
0.0069,0.0000,0.0000,0.0000,0.0067,0.0002,200,0.5979
0.0069,0.0000,0.0000,0.0000,0.0067,0.0002,200,0.6041
0.0070,0.0000,0.0000,0.0001,0.0068,0.0001,200,0.6040
0.0070,0.0000,0.0000,0.0000,0.0069,0.0000,200,0.6042
0.0069,0.0000,0.0000,0.0000,0.0068,0.0001,200,0.6047
0.0069,0.0000,0.0000,0.0000,0.0067,0.0001,200,0.6110
0.0069,0.0000,0.0000,0.0000,0.0068,0.0000,200,0.6110
0.0070,0.0000,0.0000,0.0000,0.0069,0.0000,200,0.6112
0.0068,0.0000,0.0000,0.0000,0.0067,0.0001,200,0.6117
0.0069,0.0000,0.0000,0.0000,0.0068,0.0001,200,0.6179
0.0069,0.0000,0.0000,0.0000,0.0068,0.0001,200,0.6179
0.0068,0.0000,0.0000,0.0000,0.0067,0.0000,200,0.6182
0.0072,0.0000,0.0000,0.0000,0.0071,0.0000,200,0.6185
0.0067,0.0000,0.0000,0.0000,0.0066,0.0001,200,0.6248
0.0069,0.0000,0.0000,0.0000,0.0069,0.0000,200,0.6249
0.0072,0.0000,0.0000,0.0000,0.0071,0.0000,200,0.6248
0.0070,0.0000,0.0000,0.0000,0.0069,0.0000,200,0.6257
0.0068,0.0000,0.0000,0.0000,0.0067,0.0001,200,0.6315
0.0066,0.0000,0.0000,0.0000,0.0065,0.0000,200,0.6318
0.0070,0.0000,0.0000,0.0000,0.0070,0.0000,200,0.6320
0.0069,0.0000,0.0000,0.0000,0.0068,0.0001,200,0.6326
0.0067,0.0000,0.0000,0.0000,0.0066,0.0000,200,0.6384
0.0066,0.0000,0.0000,0.0000,0.0065,0.0001,200,0.6384
0.0068,0.0000,0.0000,0.0000,0.0068,0.0000,200,0.6390
0.0064,0.0000,0.0000,0.0000,0.0063,0.0000,200,0.6395
0.0067,0.0000,0.0000,0.0000,0.0066,0.0000,200,0.6450
0.0067,0.0000,0.0000,0.0000,0.0066,0.0001,200,0.6451
0.0063,0.0000,0.0000,0.0000,0.0062,0.0000,200,0.6459
0.0063,0.0000,0.0000,0.0000,0.0063,0.0000,200,0.6459
0.0069,0.0000,0.0000,0.0000,0.0068,0.0001,200,0.6517
0.0065,0.0000,0.0000,0.0000,0.0065,0.0000,200,0.6522
0.0070,0.0000,0.0000,0.0000,0.0069,0.0000,200,0.6518
0.0082,0.0000,0.0000,0.0000,0.0081,0.0001,200,0.6522
0.0066,0.0000,0.0000,0.0000,0.0065,0.0001,200,0.6587
0.0068,0.0000,0.0000,0.0000,0.0067,0.0000,200,0.6587
0.0069,0.0000,0.0000,0.0000,0.0068,0.0000,200,0.6587
0.0066,0.0000,0.0000,0.0000,0.0065,0.0000,200,0.6604
0.0067,0.0000,0.0000,0.0000,0.0066,0.0001,200,0.6653
0.0066,0.0000,0.0000,0.0000,0.0066,0.0000,200,0.6655
0.0077,0.0000,0.0000,0.0000,0.0076,0.0001,200,0.6656
0.0064,0.0000,0.0000,0.0000,0.0063,0.0000,200,0.6670
0.0066,0.0000,0.0000,0.0000,0.0065,0.0001,200,0.6721
0.0069,0.0000,0.0000,0.0000,0.0068,0.0000,200,0.6721
0.0064,0.0000,0.0000,0.0000,0.0063,0.0000,200,0.6734
0.0065,0.0000,0.0000,0.0000,0.0064,0.0000,200,0.6733
0.0067,0.0000,0.0000,0.0000,0.0066,0.0001,200,0.6786
0.0065,0.0000,0.0000,0.0000,0.0065,0.0000,200,0.6790
0.0066,0.0000,0.0000,0.0000,0.0065,0.0001,200,0.6798
0.0071,0.0000,0.0000,0.0000,0.0071,0.0000,200,0.6798
0.0065,0.0000,0.0000,0.0000,0.0064,0.0001,200,0.6855
0.0067,0.0000,0.0000,0.0000,0.0066,0.0001,200,0.6853
0.0065,0.0000,0.0000,0.0000,0.0064,0.0000,200,0.6864
0.0064,0.0000,0.0000,0.0000,0.0064,0.0000,200,0.6869
0.0068,0.0000,0.0000,0.0000,0.0067,0.0000,200,0.6920
0.0068,0.0000,0.0000,0.0000,0.0067,0.0001,200,0.6920
0.0065,0.0000,0.0000,0.0000,0.0064,0.0000,200,0.6928
0.0065,0.0000,0.0000,0.0000,0.0064,0.0000,200,0.6934
0.0067,0.0000,0.0000,0.0000,0.0066,0.0001,200,0.6988
0.0067,0.0000,0.0000,0.0000,0.0066,0.0000,200,0.6988
0.0066,0.0000,0.0000,0.0000,0.0064,0.0000,200,0.6993
0.0064,0.0000,0.0000,0.0000,0.0063,0.0000,200,0.6998
0.0069,0.0000,0.0000,0.0000,0.0068,0.0001,200,0.7055
0.0064,0.0000,0.0000,0.0000,0.0064,0.0001,200,0.7060
0.0070,0.0000,0.0000,0.0000,0.0070,0.0000,200,0.7055
0.0065,0.0000,0.0000,0.0000,0.0064,0.0000,200,0.7062
0.0069,0.0000,0.0000,0.0000,0.0068,0.0001,200,0.7124
0.0069,0.0000,0.0000,0.0000,0.0068,0.0000,200,0.7125
0.0075,0.0000,0.0000,0.0000,0.0074,0.0000,200,0.7124
0.0076,0.0000,0.0000,0.0000,0.0076,0.0000,200,0.7127
0.0069,0.0000,0.0000,0.0000,0.0068,0.0001,200,0.7193
0.0063,0.0000,0.0000,0.0000,0.0063,0.0000,200,0.7199
0.0069,0.0000,0.0000,0.0000,0.0068,0.0000,200,0.7194
0.0065,0.0000,0.0000,0.0000,0.0064,0.0000,200,0.7204
0.0068,0.0000,0.0000,0.0000,0.0067,0.0001,200,0.7261
0.0068,0.0000,0.0000,0.0000,0.0067,0.0000,200,0.7263
0.0073,0.0000,0.0000,0.0000,0.0072,0.0000,200,0.7262
0.0069,0.0000,0.0000,0.0000,0.0069,0.0000,200,0.7268
0.0065,0.0000,0.0000,0.0000,0.0064,0.0001,200,0.7335
0.0070,0.0000,0.0000,0.0000,0.0069,0.0001,200,0.7330
0.0065,0.0000,0.0000,0.0000,0.0065,0.0000,200,0.7337
0.0073,0.0000,0.0000,0.0000,0.0073,0.0000,200,0.7329
0.0069,0.0000,0.0000,0.0000,0.0067,0.0001,200,0.7400
0.0069,0.0000,0.0000,0.0000,0.0068,0.0000,200,0.7400
0.0071,0.0000,0.0000,0.0000,0.0070,0.0000,200,0.7403
0.0074,0.0000,0.0000,0.0000,0.0074,0.0000,200,0.7403
0.0070,0.0000,0.0000,0.0000,0.0069,0.0001,200,0.7469
0.0065,0.0000,0.0000,0.0000,0.0064,0.0000,200,0.7474
0.0065,0.0000,0.0000,0.0000,0.0064,0.0000,200,0.7477
0.0081,0.0000,0.0000,0.0000,0.0080,0.0000,200,0.7469
0.0067,0.0000,0.0000,0.0000,0.0066,0.0001,200,0.7538
0.0067,0.0000,0.0000,0.0000,0.0066,0.0001,200,0.7539
0.0068,0.0000,0.0000,0.0000,0.0067,0.0000,200,0.7542
0.0067,0.0000,0.0000,0.0000,0.0066,0.0000,200,0.7550
0.0066,0.0000,0.0000,0.0000,0.0065,0.0001,200,0.7610
0.0070,0.0000,0.0000,0.0000,0.0069,0.0001,200,0.7606
0.0070,0.0000,0.0000,0.0000,0.0069,0.0001,200,0.7606
0.0066,0.0000,0.0000,0.0000,0.0063,0.0003,200,0.7617
0.0071,0.0000,0.0000,0.0000,0.0070,0.0001,200,0.7676
0.0077,0.0000,0.0000,0.0000,0.0076,0.0001,200,0.7676
0.0077,0.0000,0.0000,0.0000,0.0076,0.0001,200,0.7676
0.0071,0.0000,0.0000,0.0000,0.0071,0.0000,200,0.7682
0.0072,0.0000,0.0000,0.0000,0.0071,0.0001,200,0.7747
0.0069,0.0000,0.0000,0.0000,0.0068,0.0001,200,0.7753
0.0073,0.0000,0.0000,0.0000,0.0072,0.0000,200,0.7753
0.0089,0.0000,0.0000,0.0000,0.0088,0.0001,200,0.7754
0.0069,0.0000,0.0000,0.0000,0.0068,0.0001,200,0.7822
0.0079,0.0000,0.0000,0.0000,0.0078,0.0000,200,0.7819
0.0071,0.0000,0.0000,0.0001,0.0069,0.0001,200,0.7843
0.0094,0.0000,0.0000,0.0000,0.0093,0.0000,200,0.7826
0.0074,0.0000,0.0000,0.0000,0.0072,0.0001,200,0.7891
0.0070,0.0000,0.0000,0.0000,0.0069,0.0001,200,0.7898
0.0073,0.0000,0.0000,0.0000,0.0072,0.0001,200,0.7914
0.0069,0.0000,0.0000,0.0000,0.0069,0.0000,200,0.7919
0.0071,0.0000,0.0000,0.0000,0.0070,0.0001,200,0.7965
0.0068,0.0000,0.0000,0.0000,0.0067,0.0000,200,0.7968
0.0070,0.0000,0.0000,0.0000,0.0069,0.0001,200,0.7989
0.0075,0.0000,0.0000,0.0000,0.0073,0.0001,200,0.7988
0.0071,0.0000,0.0000,0.0000,0.0070,0.0001,200,0.8036
0.0090,0.0000,0.0000,0.0000,0.0089,0.0001,200,0.8036
0.0073,0.0000,0.0000,0.0000,0.0072,0.0000,200,0.8059
0.0100,0.0000,0.0000,0.0000,0.0099,0.0001,200,0.8062
0.0081,0.0000,0.0000,0.0000,0.0080,0.0001,200,0.8107
0.0074,0.0000,0.0000,0.0000,0.0073,0.0001,200,0.8127
0.0092,0.0000,0.0000,0.0000,0.0090,0.0001,200,0.8132
0.0074,0.0000,0.0000,0.0000,0.0073,0.0001,200,0.8162
0.0069,0.0000,0.0000,0.0000,0.0068,0.0001,200,0.8188
0.0067,0.0000,0.0000,0.0000,0.0066,0.0000,200,0.8201
0.0068,0.0000,0.0000,0.0000,0.0067,0.0001,200,0.8224
0.0086,0.0000,0.0000,0.0000,0.0085,0.0001,200,0.8236
0.0068,0.0000,0.0000,0.0000,0.0067,0.0001,200,0.8268
0.0079,0.0000,0.0000,0.0000,0.0079,0.0000,200,0.8257
0.0072,0.0000,0.0000,0.0000,0.0071,0.0001,200,0.8292
0.0074,0.0000,0.0000,0.0000,0.0073,0.0001,200,0.8322
0.0067,0.0000,0.0000,0.0000,0.0066,0.0001,200,0.8337
0.0072,0.0000,0.0000,0.0000,0.0071,0.0001,200,0.8336
0.0068,0.0000,0.0000,0.0000,0.0067,0.0001,200,0.8364
0.0081,0.0000,0.0000,0.0000,0.0080,0.0001,200,0.8396
0.0069,0.0000,0.0000,0.0000,0.0068,0.0001,200,0.8408
0.0088,0.0000,0.0000,0.0000,0.0086,0.0001,200,0.8404
0.0070,0.0000,0.0000,0.0000,0.0069,0.0001,200,0.8432
0.0077,0.0000,0.0000,0.0000,0.0076,0.0001,200,0.8477
0.0080,0.0000,0.0000,0.0000,0.0079,0.0000,200,0.8477
0.0067,0.0000,0.0000,0.0000,0.0066,0.0000,200,0.8491
0.0066,0.0000,0.0000,0.0000,0.0065,0.0001,200,0.8502
0.0068,0.0000,0.0000,0.0000,0.0067,0.0000,200,0.8554
0.0065,0.0000,0.0000,0.0000,0.0065,0.0000,200,0.8557
0.0070,0.0000,0.0000,0.0000,0.0070,0.0001,200,0.8558
0.0066,0.0000,0.0000,0.0000,0.0065,0.0000,200,0.8568
0.0067,0.0000,0.0000,0.0000,0.0066,0.0001,200,0.8623
0.0067,0.0000,0.0000,0.0000,0.0067,0.0000,200,0.8623
0.0065,0.0000,0.0000,0.0000,0.0064,0.0000,200,0.8629
0.0066,0.0000,0.0000,0.0000,0.0065,0.0000,200,0.8634
0.0069,0.0000,0.0000,0.0000,0.0068,0.0001,200,0.8690
0.0071,0.0000,0.0000,0.0000,0.0070,0.0001,200,0.8690
0.0071,0.0000,0.0000,0.0000,0.0071,0.0000,200,0.8694
0.0067,0.0000,0.0000,0.0000,0.0067,0.0000,200,0.8700
0.0070,0.0000,0.0000,0.0000,0.0069,0.0001,200,0.8759
0.0068,0.0000,0.0000,0.0000,0.0067,0.0000,200,0.8761
0.0065,0.0000,0.0000,0.0000,0.0064,0.0000,200,0.8765
0.0067,0.0000,0.0000,0.0000,0.0066,0.0000,200,0.8767
0.0071,0.0000,0.0000,0.0000,0.0070,0.0001,200,0.8829
0.0072,0.0000,0.0000,0.0000,0.0069,0.0002,200,0.8829
0.0068,0.0000,0.0000,0.0000,0.0068,0.0000,200,0.8834
0.0071,0.0000,0.0000,0.0000,0.0071,0.0000,200,0.8831
0.0071,0.0000,0.0000,0.0000,0.0070,0.0001,200,0.8902
0.0073,0.0000,0.0000,0.0000,0.0069,0.0002,200,0.8900
0.0072,0.0000,0.0000,0.0000,0.0070,0.0000,200,0.8901
0.0072,0.0000,0.0000,0.0000,0.0070,0.0000,200,0.8902
0.0066,0.0000,0.0000,0.0000,0.0065,0.0001,200,0.8974
0.0068,0.0000,0.0000,0.0000,0.0067,0.0001,200,0.8973
0.0069,0.0000,0.0000,0.0000,0.0068,0.0000,200,0.8973
0.0084,0.0000,0.0000,0.0000,0.0081,0.0001,200,0.8973
0.0071,0.0000,0.0000,0.0000,0.0070,0.0001,200,0.9041
0.0072,0.0000,0.0000,0.0000,0.0072,0.0000,200,0.9040
0.0071,0.0000,0.0000,0.0000,0.0071,0.0000,200,0.9043
0.0065,0.0000,0.0000,0.0000,0.0064,0.0001,200,0.9057
0.0067,0.0000,0.0000,0.0000,0.0066,0.0001,200,0.9112
0.0070,0.0000,0.0000,0.0000,0.0068,0.0001,200,0.9112
0.0075,0.0000,0.0000,0.0000,0.0075,0.0000,200,0.9114
0.0067,0.0000,0.0000,0.0000,0.0067,0.0000,200,0.9123
0.0067,0.0000,0.0000,0.0000,0.0067,0.0000,200,0.9183
0.0071,0.0000,0.0000,0.0000,0.0070,0.0000,200,0.9179
0.0065,0.0000,0.0000,0.0000,0.0064,0.0000,200,0.9190
0.0078,0.0000,0.0000,0.0000,0.0077,0.0001,200,0.9189
0.0067,0.0000,0.0000,0.0000,0.0066,0.0001,200,0.9250
0.0067,0.0000,0.0000,0.0000,0.0067,0.0000,200,0.9250
0.0074,0.0000,0.0000,0.0000,0.0073,0.0000,200,0.9255
0.0063,0.0000,0.0000,0.0000,0.0062,0.0000,200,0.9267
0.0065,0.0000,0.0000,0.0000,0.0064,0.0001,200,0.9317
0.0065,0.0000,0.0000,0.0000,0.0064,0.0000,200,0.9317
0.0066,0.0000,0.0000,0.0000,0.0065,0.0001,200,0.9329
0.0065,0.0000,0.0000,0.0000,0.0065,0.0000,200,0.9330
0.0067,0.0000,0.0000,0.0000,0.0066,0.0001,200,0.9382
0.0068,0.0000,0.0000,0.0000,0.0067,0.0000,200,0.9382
0.0066,0.0000,0.0000,0.0000,0.0065,0.0001,200,0.9395
0.0066,0.0000,0.0000,0.0000,0.0065,0.0001,200,0.9395
0.0067,0.0000,0.0000,0.0000,0.0066,0.0001,200,0.9450
0.0072,0.0000,0.0000,0.0000,0.0071,0.0001,200,0.9449
0.0066,0.0000,0.0000,0.0000,0.0065,0.0001,200,0.9461
0.0068,0.0000,0.0000,0.0000,0.0067,0.0000,200,0.9461
0.0069,0.0000,0.0000,0.0000,0.0068,0.0000,200,0.9517
0.0067,0.0000,0.0000,0.0000,0.0066,0.0000,200,0.9521
0.0066,0.0000,0.0000,0.0001,0.0065,0.0000,200,0.9527
0.0067,0.0000,0.0000,0.0000,0.0066,0.0000,200,0.9529
0.0067,0.0000,0.0000,0.0000,0.0066,0.0001,200,0.9588
0.0069,0.0000,0.0000,0.0000,0.0069,0.0000,200,0.9585
0.0066,0.0000,0.0000,0.0000,0.0065,0.0000,200,0.9593
0.0066,0.0000,0.0000,0.0000,0.0065,0.0000,200,0.9596
0.0069,0.0000,0.0000,0.0000,0.0068,0.0001,200,0.9655
0.0063,0.0000,0.0000,0.0000,0.0063,0.0000,200,0.9662
0.0071,0.0000,0.0000,0.0000,0.0070,0.0000,200,0.9655
0.0067,0.0000,0.0000,0.0000,0.0067,0.0000,200,0.9659
0.0065,0.0000,0.0000,0.0000,0.0065,0.0001,200,0.9725
0.0067,0.0000,0.0000,0.0000,0.0066,0.0001,200,0.9724
0.0070,0.0000,0.0000,0.0000,0.0070,0.0000,200,0.9725
0.0070,0.0000,0.0000,0.0000,0.0070,0.0000,200,0.9726
0.0071,0.0000,0.0000,0.0000,0.0069,0.0002,200,0.9791
0.0072,0.0000,0.0000,0.0000,0.0071,0.0000,200,0.9791
0.0067,0.0000,0.0000,0.0000,0.0066,0.0000,200,0.9796
0.0067,0.0000,0.0000,0.0000,0.0066,0.0001,200,0.9796
0.0067,0.0000,0.0000,0.0000,0.0066,0.0000,200,0.9863
0.0067,0.0000,0.0000,0.0000,0.0066,0.0001,200,0.9862
0.0073,0.0000,0.0000,0.0000,0.0073,0.0000,200,0.9863
0.0073,0.0000,0.0000,0.0000,0.0073,0.0000,200,0.9863
0.0067,0.0000,0.0000,0.0000,0.0066,0.0001,200,0.9929
0.0065,0.0000,0.0000,0.0000,0.0064,0.0001,200,0.9936
0.0065,0.0000,0.0000,0.0000,0.0064,0.0001,200,0.9936
0.0073,0.0000,0.0000,0.0000,0.0072,0.0001,200,0.9929
0.0069,0.0000,0.0000,0.0000,0.0067,0.0001,200,0.9997
0.0066,0.0000,0.0000,0.0000,0.0065,0.0000,200,1.0001
0.0066,0.0000,0.0000,0.0000,0.0065,0.0000,200,1.0001
0.0072,0.0000,0.0000,0.0000,0.0071,0.0001,200,1.0002
0.0068,0.0000,0.0000,0.0000,0.0067,0.0001,200,1.0066
0.0068,0.0000,0.0000,0.0000,0.0068,0.0000,200,1.0067
0.0069,0.0000,0.0000,0.0000,0.0068,0.0000,200,1.0067
0.0072,0.0000,0.0000,0.0000,0.0071,0.0001,200,1.0074
0.0070,0.0000,0.0000,0.0000,0.0068,0.0001,200,1.0133
0.0069,0.0000,0.0000,0.0000,0.0068,0.0000,200,1.0135
0.0071,0.0000,0.0000,0.0000,0.0071,0.0000,200,1.0136
0.0066,0.0000,0.0000,0.0000,0.0065,0.0000,200,1.0146
0.0067,0.0000,0.0000,0.0000,0.0066,0.0001,200,1.0203
0.0066,0.0000,0.0000,0.0000,0.0065,0.0000,200,1.0207
0.0070,0.0000,0.0000,0.0000,0.0069,0.0000,200,1.0203
0.0069,0.0000,0.0000,0.0000,0.0068,0.0001,200,1.0212
0.0075,0.0000,0.0000,0.0000,0.0074,0.0001,200,1.0273
0.0068,0.0000,0.0000,0.0000,0.0067,0.0000,200,1.0281
0.0079,0.0000,0.0000,0.0000,0.0078,0.0001,200,1.0272
0.0094,0.0000,0.0000,0.0000,0.0093,0.0001,200,1.0271
0.0072,0.0000,0.0000,0.0000,0.0072,0.0000,200,1.0348
0.0074,0.0000,0.0000,0.0000,0.0068,0.0006,200,1.0349
0.0075,0.0000,0.0000,0.0000,0.0074,0.0000,200,1.0365
0.0080,0.0000,0.0000,0.0000,0.0079,0.0001,200,1.0424
0.0074,0.0000,0.0000,0.0000,0.0072,0.0001,200,1.0440
0.0127,0.0000,0.0000,0.0000,0.0125,0.0001,200,1.0420
0.0197,0.0000,0.0000,0.0000,0.0196,0.0000,200,1.0352
0.0086,0.0000,0.0000,0.0000,0.0085,0.0001,200,1.0504
0.0088,0.0000,0.0000,0.0000,0.0087,0.0000,200,1.0514
0.0076,0.0000,0.0000,0.0000,0.0075,0.0001,200,1.0547
0.0073,0.0000,0.0000,0.0000,0.0072,0.0001,200,1.0591
0.0075,0.0000,0.0000,0.0000,0.0074,0.0001,200,1.0602
0.0070,0.0000,0.0000,0.0000,0.0068,0.0001,200,1.0664
0.0071,0.0000,0.0000,0.0000,0.0070,0.0000,200,1.0676
0.0210,0.0000,0.0000,0.0000,0.0210,0.0000,200,1.0549
0.0140,0.0000,0.0000,0.0000,0.0139,0.0001,200,1.0623
0.0066,0.0000,0.0000,0.0000,0.0065,0.0001,200,1.0734
0.0065,0.0000,0.0000,0.0000,0.0064,0.0000,200,1.0748
0.0066,0.0000,0.0000,0.0000,0.0065,0.0001,200,1.0799
0.0119,0.0000,0.0000,0.0000,0.0118,0.0001,200,1.0759
0.0120,0.0000,0.0000,0.0000,0.0119,0.0001,200,1.0763
0.0071,0.0000,0.0000,0.0000,0.0068,0.0000,200,1.0812
0.0066,0.0000,0.0000,0.0000,0.0064,0.0001,200,1.0865
0.0066,0.0000,0.0000,0.0000,0.0065,0.0001,200,1.0878
0.0064,0.0000,0.0000,0.0000,0.0063,0.0000,200,1.0883
0.0063,0.0000,0.0000,0.0000,0.0063,0.0000,200,1.0931
0.0116,0.0000,0.0000,0.0000,0.0116,0.0000,200,1.0883
0.0064,0.0000,0.0000,0.0000,0.0064,0.0000,200,1.0944
0.0066,0.0000,0.0000,0.0000,0.0065,0.0000,200,1.0994
0.0113,0.0000,0.0000,0.0000,0.0112,0.0001,200,1.0947
0.0065,0.0000,0.0000,0.0000,0.0064,0.0000,200,1.1008
0.0114,0.0000,0.0000,0.0000,0.0113,0.0001,200,1.1000
0.0064,0.0000,0.0000,0.0000,0.0063,0.0000,200,1.1060
0.0063,0.0000,0.0000,0.0000,0.0062,0.0000,200,1.1073
0.0110,0.0000,0.0000,0.0000,0.0109,0.0001,200,1.1060
0.0063,0.0000,0.0000,0.0000,0.0062,0.0000,200,1.1123
0.0063,0.0000,0.0000,0.0000,0.0062,0.0000,200,1.1136
0.0112,0.0000,0.0000,0.0000,0.0111,0.0001,200,1.1113
0.0066,0.0000,0.0000,0.0000,0.0065,0.0000,200,1.1186
0.0062,0.0000,0.0000,0.0000,0.0062,0.0001,200,1.1199
0.0108,0.0000,0.0000,0.0000,0.0107,0.0000,200,1.1169
0.0064,0.0000,0.0000,0.0000,0.0063,0.0000,200,1.1252
0.0062,0.0000,0.0000,0.0000,0.0061,0.0001,200,1.1261
0.0114,0.0000,0.0000,0.0000,0.0113,0.0001,200,1.1225
0.0067,0.0000,0.0000,0.0000,0.0066,0.0001,200,1.1316
0.0064,0.0000,0.0000,0.0000,0.0064,0.0000,200,1.1323
0.0121,0.0000,0.0000,0.0000,0.0121,0.0001,200,1.1277
0.0066,0.0000,0.0000,0.0000,0.0065,0.0001,200,1.1383
0.0112,0.0000,0.0000,0.0000,0.0111,0.0000,200,1.1339
0.0068,0.0000,0.0000,0.0000,0.0067,0.0000,200,1.1387
0.0110,0.0000,0.0000,0.0000,0.0109,0.0001,200,1.1399
0.0065,0.0000,0.0000,0.0000,0.0065,0.0000,200,1.1451
0.0067,0.0000,0.0000,0.0000,0.0067,0.0000,200,1.1455
0.0112,0.0000,0.0000,0.0000,0.0111,0.0001,200,1.1449
0.0066,0.0000,0.0000,0.0000,0.0065,0.0001,200,1.1516
0.0068,0.0000,0.0000,0.0000,0.0067,0.0001,200,1.1522
0.0109,0.0000,0.0000,0.0000,0.0108,0.0001,200,1.1508
0.0065,0.0000,0.0000,0.0000,0.0064,0.0001,200,1.1582
0.0063,0.0000,0.0000,0.0000,0.0062,0.0000,200,1.1590
0.0111,0.0000,0.0000,0.0000,0.0110,0.0001,200,1.1562
0.0065,0.0000,0.0000,0.0000,0.0064,0.0001,200,1.1647
0.0062,0.0000,0.0000,0.0000,0.0062,0.0000,200,1.1653
0.0066,0.0000,0.0000,0.0000,0.0064,0.0001,200,1.1713
0.0164,0.0000,0.0000,0.0000,0.0163,0.0000,200,1.1618
0.0111,0.0000,0.0000,0.0000,0.0110,0.0000,200,1.1672
0.0069,0.0000,0.0000,0.0000,0.0068,0.0001,200,1.1715
0.0069,0.0000,0.0000,0.0000,0.0067,0.0001,200,1.1778
0.0065,0.0000,0.0000,0.0000,0.0065,0.0000,200,1.1783
0.0067,0.0000,0.0000,0.0000,0.0066,0.0000,200,1.1782
0.0080,0.0000,0.0000,0.0000,0.0079,0.0001,200,1.1784
0.0065,0.0000,0.0000,0.0000,0.0065,0.0000,200,1.1848
0.0067,0.0000,0.0000,0.0000,0.0066,0.0001,200,1.1847
0.0075,0.0000,0.0000,0.0000,0.0075,0.0001,200,1.1849
0.0064,0.0000,0.0000,0.0000,0.0063,0.0000,200,1.1863
0.0067,0.0000,0.0000,0.0000,0.0065,0.0001,200,1.1914
0.0071,0.0000,0.0000,0.0000,0.0070,0.0000,200,1.1914
0.0062,0.0000,0.0000,0.0000,0.0061,0.0000,200,1.1927
0.0065,0.0000,0.0000,0.0000,0.0065,0.0000,200,1.1924
0.0068,0.0000,0.0000,0.0000,0.0067,0.0001,200,1.1989
0.0072,0.0000,0.0000,0.0000,0.0072,0.0000,200,1.1985
0.0067,0.0000,0.0000,0.0000,0.0067,0.0000,200,1.1990
0.0077,0.0000,0.0000,0.0000,0.0076,0.0000,200,1.1981
0.0067,0.0000,0.0000,0.0000,0.0066,0.0001,200,1.2057
0.0067,0.0000,0.0000,0.0000,0.0066,0.0000,200,1.2057
0.0072,0.0000,0.0000,0.0000,0.0071,0.0000,200,1.2057
0.0073,0.0000,0.0000,0.0000,0.0072,0.0000,200,1.2057
0.0068,0.0000,0.0000,0.0000,0.0067,0.0001,200,1.2124
0.0068,0.0000,0.0000,0.0000,0.0067,0.0000,200,1.2124
0.0065,0.0000,0.0000,0.0000,0.0064,0.0000,200,1.2130
0.0071,0.0000,0.0000,0.0000,0.0070,0.0000,200,1.2129
0.0068,0.0000,0.0000,0.0000,0.0067,0.0001,200,1.2195
0.0072,0.0000,0.0000,0.0000,0.0071,0.0000,200,1.2192
0.0073,0.0000,0.0000,0.0000,0.0072,0.0000,200,1.2192
0.0068,0.0000,0.0000,0.0000,0.0067,0.0000,200,1.2200
0.0067,0.0000,0.0000,0.0000,0.0066,0.0001,200,1.2265
0.0071,0.0000,0.0000,0.0000,0.0070,0.0000,200,1.2263
0.0071,0.0000,0.0000,0.0000,0.0070,0.0001,200,1.2264
0.0071,0.0000,0.0000,0.0000,0.0070,0.0000,200,1.2268
0.0069,0.0000,0.0000,0.0000,0.0068,0.0001,200,1.2332
0.0069,0.0000,0.0000,0.0000,0.0068,0.0000,200,1.2334
0.0067,0.0000,0.0000,0.0000,0.0067,0.0000,200,1.2335
0.0068,0.0000,0.0000,0.0000,0.0068,0.0000,200,1.2338
0.0067,0.0000,0.0000,0.0000,0.0066,0.0001,200,1.2402
0.0067,0.0000,0.0000,0.0000,0.0067,0.0000,200,1.2403
0.0070,0.0000,0.0000,0.0000,0.0069,0.0000,200,1.2401
0.0071,0.0000,0.0000,0.0000,0.0071,0.0000,200,1.2407
0.0071,0.0000,0.0000,0.0000,0.0068,0.0002,200,1.2469
0.0070,0.0000,0.0000,0.0000,0.0070,0.0000,200,1.2471
0.0071,0.0000,0.0000,0.0000,0.0070,0.0001,200,1.2478
0.0079,0.0000,0.0000,0.0000,0.0078,0.0000,200,1.2470
0.0067,0.0000,0.0000,0.0000,0.0066,0.0001,200,1.2540
0.0066,0.0000,0.0000,0.0000,0.0065,0.0000,200,1.2542
0.0066,0.0000,0.0000,0.0000,0.0065,0.0000,200,1.2549
0.0066,0.0000,0.0000,0.0000,0.0065,0.0000,200,1.2549
0.0067,0.0000,0.0000,0.0000,0.0066,0.0001,200,1.2607
0.0068,0.0000,0.0000,0.0000,0.0068,0.0000,200,1.2608
0.0064,0.0000,0.0000,0.0000,0.0063,0.0000,200,1.2615
0.0070,0.0000,0.0000,0.0000,0.0069,0.0000,200,1.2614
0.0070,0.0000,0.0000,0.0000,0.0069,0.0001,200,1.2676
0.0072,0.0000,0.0000,0.0000,0.0071,0.0000,200,1.2674
0.0071,0.0000,0.0000,0.0000,0.0070,0.0000,200,1.2679
0.0074,0.0000,0.0000,0.0000,0.0073,0.0000,200,1.2684
0.0069,0.0000,0.0000,0.0000,0.0068,0.0001,200,1.2746
0.0065,0.0000,0.0000,0.0000,0.0065,0.0000,200,1.2750
0.0069,0.0000,0.0000,0.0000,0.0068,0.0001,200,1.2746
0.0063,0.0000,0.0000,0.0000,0.0063,0.0000,200,1.2758
0.0069,0.0000,0.0000,0.0000,0.0068,0.0001,200,1.2815
0.0070,0.0000,0.0000,0.0000,0.0069,0.0000,200,1.2815
0.0067,0.0000,0.0000,0.0000,0.0067,0.0000,200,1.2822
0.0074,0.0000,0.0000,0.0000,0.0073,0.0000,200,1.2815
0.0068,0.0000,0.0000,0.0000,0.0067,0.0001,200,1.2886
0.0070,0.0000,0.0000,0.0000,0.0069,0.0000,200,1.2884
0.0066,0.0000,0.0000,0.0000,0.0066,0.0000,200,1.2889
0.0092,0.0000,0.0000,0.0000,0.0092,0.0001,200,1.2889
0.0068,0.0000,0.0000,0.0000,0.0067,0.0001,200,1.2954
0.0067,0.0000,0.0000,0.0000,0.0067,0.0001,200,1.2954
0.0070,0.0000,0.0000,0.0000,0.0069,0.0000,200,1.2955
0.0066,0.0000,0.0000,0.0000,0.0065,0.0000,200,1.2982
0.0063,0.0000,0.0000,0.0000,0.0063,0.0001,200,1.3025
0.0068,0.0000,0.0000,0.0000,0.0067,0.0000,200,1.3022
0.0071,0.0000,0.0000,0.0000,0.0071,0.0000,200,1.3022
0.0064,0.0000,0.0000,0.0000,0.0063,0.0001,200,1.3047
0.0069,0.0000,0.0000,0.0000,0.0068,0.0001,200,1.3090
0.0066,0.0000,0.0000,0.0000,0.0065,0.0000,200,1.3093
0.0071,0.0000,0.0000,0.0000,0.0070,0.0000,200,1.3088
0.0065,0.0000,0.0000,0.0000,0.0064,0.0001,200,1.3111
0.0068,0.0000,0.0000,0.0000,0.0067,0.0001,200,1.3159
0.0071,0.0000,0.0000,0.0000,0.0071,0.0000,200,1.3159
0.0076,0.0000,0.0000,0.0000,0.0075,0.0000,200,1.3159
0.0067,0.0000,0.0000,0.0000,0.0066,0.0000,200,1.3176
0.0069,0.0000,0.0000,0.0000,0.0068,0.0001,200,1.3227
0.0067,0.0000,0.0000,0.0000,0.0066,0.0000,200,1.3235
0.0073,0.0000,0.0000,0.0000,0.0069,0.0004,200,1.3230
0.0075,0.0000,0.0000,0.0000,0.0074,0.0001,200,1.3244
0.0076,0.0000,0.0000,0.0000,0.0075,0.0001,200,1.3296
0.0070,0.0000,0.0000,0.0000,0.0069,0.0000,200,1.3302
0.0083,0.0000,0.0000,0.0000,0.0082,0.0001,200,1.3304
0.0068,0.0000,0.0000,0.0000,0.0067,0.0000,200,1.3319
0.0073,0.0000,0.0000,0.0000,0.0071,0.0001,200,1.3372
0.0067,0.0000,0.0000,0.0000,0.0066,0.0000,200,1.3386
0.0067,0.0000,0.0000,0.0000,0.0066,0.0001,200,1.3386
0.0092,0.0000,0.0000,0.0000,0.0091,0.0001,200,1.3372
0.0082,0.0000,0.0000,0.0000,0.0079,0.0003,200,1.3444
0.0074,0.0000,0.0000,0.0000,0.0072,0.0001,200,1.3453
0.0074,0.0000,0.0000,0.0000,0.0072,0.0001,200,1.3453
0.0066,0.0000,0.0000,0.0000,0.0065,0.0000,200,1.3463
0.0076,0.0000,0.0000,0.0000,0.0075,0.0001,200,1.3527
0.0076,0.0000,0.0000,0.0000,0.0075,0.0001,200,1.3527
0.0080,0.0000,0.0000,0.0000,0.0079,0.0001,200,1.3529
0.0088,0.0000,0.0000,0.0000,0.0086,0.0001,200,1.3527
0.0073,0.0000,0.0000,0.0000,0.0072,0.0001,200,1.3603
0.0074,0.0000,0.0000,0.0000,0.0074,0.0000,200,1.3603
0.0075,0.0000,0.0000,0.0000,0.0073,0.0002,200,1.3610
0.0077,0.0000,0.0000,0.0000,0.0076,0.0000,200,1.3614
0.0073,0.0000,0.0000,0.0000,0.0071,0.0001,200,1.3684
0.0067,0.0000,0.0000,0.0000,0.0067,0.0000,200,1.3691
0.0083,0.0000,0.0000,0.0000,0.0082,0.0001,200,1.3677
0.0091,0.0000,0.0000,0.0000,0.0090,0.0000,200,1.3676
0.0080,0.0000,0.0000,0.0000,0.0079,0.0001,200,1.3759
0.0088,0.0000,0.0000,0.0000,0.0088,0.0001,200,1.3760
0.0090,0.0000,0.0000,0.0000,0.0089,0.0000,200,1.3766
0.0152,0.0000,0.0000,0.0000,0.0151,0.0001,200,1.3757
0.0073,0.0000,0.0000,0.0000,0.0072,0.0000,200,1.3838
0.0075,0.0000,0.0000,0.0000,0.0074,0.0001,200,1.3849
0.0086,0.0000,0.0000,0.0000,0.0085,0.0001,200,1.3856
0.0071,0.0000,0.0000,0.0000,0.0070,0.0001,200,1.3911
0.0073,0.0000,0.0000,0.0000,0.0072,0.0000,200,1.3910
0.0078,0.0000,0.0000,0.0000,0.0077,0.0000,200,1.3923
0.0069,0.0000,0.0000,0.0000,0.0068,0.0000,200,1.3943
0.0067,0.0000,0.0000,0.0000,0.0065,0.0001,200,1.3982
0.0069,0.0000,0.0000,0.0000,0.0068,0.0001,200,1.3982
0.0063,0.0000,0.0000,0.0000,0.0063,0.0000,200,1.4001
0.0063,0.0000,0.0000,0.0000,0.0063,0.0000,200,1.4011
0.0066,0.0000,0.0000,0.0000,0.0064,0.0001,200,1.4049
0.0067,0.0000,0.0000,0.0000,0.0066,0.0000,200,1.4050
0.0063,0.0000,0.0000,0.0000,0.0062,0.0000,200,1.4065
0.0062,0.0000,0.0000,0.0000,0.0061,0.0000,200,1.4075
0.0063,0.0000,0.0000,0.0000,0.0062,0.0001,200,1.4114
0.0062,0.0000,0.0000,0.0000,0.0061,0.0000,200,1.4117
0.0062,0.0000,0.0000,0.0000,0.0062,0.0000,200,1.4128
0.0061,0.0000,0.0000,0.0000,0.0061,0.0000,200,1.4136
0.0064,0.0000,0.0000,0.0000,0.0063,0.0001,200,1.4178
0.0063,0.0000,0.0000,0.0000,0.0062,0.0000,200,1.4179
0.0063,0.0000,0.0000,0.0000,0.0062,0.0000,200,1.4190
0.0065,0.0000,0.0000,0.0000,0.0064,0.0000,200,1.4197
0.0065,0.0000,0.0000,0.0000,0.0064,0.0000,200,1.4242
0.0065,0.0000,0.0000,0.0000,0.0065,0.0000,200,1.4242
0.0065,0.0000,0.0000,0.0000,0.0064,0.0000,200,1.4253
0.0062,0.0000,0.0000,0.0000,0.0062,0.0000,200,1.4262
0.0068,0.0000,0.0000,0.0000,0.0067,0.0001,200,1.4307
0.0069,0.0000,0.0000,0.0000,0.0068,0.0000,200,1.4307
0.0065,0.0000,0.0000,0.0000,0.0064,0.0000,200,1.4318
0.0067,0.0000,0.0000,0.0000,0.0065,0.0001,200,1.4325
0.0079,0.0000,0.0000,0.0000,0.0078,0.0001,200,1.4375
0.0075,0.0000,0.0000,0.0000,0.0074,0.0000,200,1.4383
0.0084,0.0000,0.0000,0.0000,0.0083,0.0000,200,1.4375
0.0075,0.0000,0.0000,0.0000,0.0074,0.0001,200,1.4391
0.0075,0.0000,0.0000,0.0000,0.0074,0.0001,200,1.4459
0.0080,0.0000,0.0000,0.0000,0.0079,0.0000,200,1.4454
0.0071,0.0000,0.0000,0.0000,0.0070,0.0000,200,1.4466
0.0081,0.0000,0.0000,0.0000,0.0080,0.0000,200,1.4458
0.0072,0.0000,0.0000,0.0000,0.0071,0.0001,200,1.4533
0.0075,0.0000,0.0000,0.0000,0.0075,0.0000,200,1.4534
0.0075,0.0000,0.0000,0.0000,0.0074,0.0001,200,1.4538
0.0081,0.0000,0.0000,0.0000,0.0081,0.0000,200,1.4537
0.0069,0.0000,0.0000,0.0000,0.0068,0.0001,200,1.4606
0.0069,0.0000,0.0000,0.0000,0.0069,0.0000,200,1.4609
0.0069,0.0000,0.0000,0.0000,0.0068,0.0000,200,1.4613
0.0076,0.0000,0.0000,0.0000,0.0074,0.0001,200,1.4619
0.0066,0.0000,0.0000,0.0000,0.0066,0.0001,200,1.4679
0.0073,0.0000,0.0000,0.0000,0.0072,0.0000,200,1.4675
0.0067,0.0000,0.0000,0.0000,0.0067,0.0000,200,1.4682
0.0107,0.0000,0.0000,0.0000,0.0106,0.0001,200,1.4694
0.0067,0.0000,0.0000,0.0000,0.0067,0.0001,200,1.4749
0.0072,0.0000,0.0000,0.0000,0.0071,0.0000,200,1.4745
0.0076,0.0000,0.0000,0.0000,0.0075,0.0000,200,1.4748
0.0076,0.0000,0.0000,0.0000,0.0075,0.0001,200,1.4802
0.0071,0.0000,0.0000,0.0000,0.0070,0.0000,200,1.4816
0.0072,0.0000,0.0000,0.0000,0.0070,0.0002,200,1.4817
0.0066,0.0000,0.0000,0.0000,0.0065,0.0000,200,1.4825
0.0071,0.0000,0.0000,0.0000,0.0070,0.0001,200,1.4878
0.0068,0.0000,0.0000,0.0000,0.0067,0.0001,200,1.4888
0.0072,0.0000,0.0000,0.0000,0.0071,0.0000,200,1.4887
0.0076,0.0000,0.0000,0.0000,0.0074,0.0001,200,1.4891
0.0072,0.0000,0.0000,0.0000,0.0070,0.0001,200,1.4950
0.0067,0.0000,0.0000,0.0000,0.0066,0.0001,200,1.4957
0.0066,0.0000,0.0000,0.0000,0.0065,0.0000,200,1.4959
0.0067,0.0000,0.0000,0.0000,0.0066,0.0001,200,1.4966
0.0068,0.0000,0.0000,0.0000,0.0067,0.0001,200,1.5022
0.0070,0.0000,0.0000,0.0000,0.0069,0.0001,200,1.5025
0.0064,0.0000,0.0000,0.0000,0.0063,0.0000,200,1.5034
0.0077,0.0000,0.0000,0.0000,0.0076,0.0000,200,1.5024
0.0067,0.0000,0.0000,0.0000,0.0066,0.0001,200,1.5090
0.0065,0.0000,0.0000,0.0000,0.0064,0.0000,200,1.5100
0.0068,0.0000,0.0000,0.0000,0.0067,0.0000,200,1.5097
0.0071,0.0000,0.0000,0.0000,0.0067,0.0004,200,1.5095
0.0066,0.0000,0.0000,0.0000,0.0065,0.0001,200,1.5157
0.0064,0.0000,0.0000,0.0000,0.0064,0.0000,200,1.5166
0.0068,0.0000,0.0000,0.0000,0.0067,0.0000,200,1.5165
0.0071,0.0000,0.0000,0.0000,0.0070,0.0001,200,1.5165
0.0068,0.0000,0.0000,0.0000,0.0067,0.0001,200,1.5224
0.0064,0.0000,0.0000,0.0000,0.0063,0.0001,200,1.5233
0.0067,0.0000,0.0000,0.0000,0.0067,0.0000,200,1.5230
0.0065,0.0000,0.0000,0.0000,0.0064,0.0000,200,1.5236
0.0070,0.0000,0.0000,0.0000,0.0069,0.0001,200,1.5292
0.0066,0.0000,0.0000,0.0000,0.0066,0.0000,200,1.5297
0.0070,0.0000,0.0000,0.0000,0.0069,0.0000,200,1.5297
0.0065,0.0000,0.0000,0.0000,0.0064,0.0000,200,1.5302
0.0066,0.0000,0.0000,0.0000,0.0064,0.0001,200,1.5367
0.0071,0.0000,0.0000,0.0000,0.0070,0.0000,200,1.5362
0.0071,0.0000,0.0000,0.0000,0.0071,0.0000,200,1.5363
0.0069,0.0000,0.0000,0.0000,0.0068,0.0000,200,1.5367
0.0069,0.0000,0.0000,0.0000,0.0067,0.0001,200,1.5433
0.0068,0.0000,0.0000,0.0000,0.0067,0.0001,200,1.5433
0.0070,0.0000,0.0000,0.0000,0.0070,0.0000,200,1.5435
0.0070,0.0000,0.0000,0.0000,0.0069,0.0001,200,1.5436
0.0067,0.0000,0.0000,0.0000,0.0066,0.0001,200,1.5502
0.0064,0.0000,0.0000,0.0000,0.0063,0.0000,200,1.5505
0.0069,0.0000,0.0000,0.0000,0.0068,0.0000,200,1.5502
0.0072,0.0000,0.0000,0.0000,0.0072,0.0000,200,1.5505
0.0068,0.0000,0.0000,0.0000,0.0067,0.0001,200,1.5568
0.0070,0.0000,0.0000,0.0000,0.0069,0.0000,200,1.5569
0.0072,0.0000,0.0000,0.0000,0.0071,0.0000,200,1.5570
0.0067,0.0000,0.0000,0.0000,0.0066,0.0000,200,1.5578
0.0067,0.0000,0.0000,0.0000,0.0066,0.0001,200,1.5639
0.0066,0.0000,0.0000,0.0000,0.0066,0.0000,200,1.5642
0.0064,0.0000,0.0000,0.0000,0.0063,0.0000,200,1.5644
0.0073,0.0000,0.0000,0.0000,0.0072,0.0001,200,1.5636
0.0069,0.0000,0.0000,0.0000,0.0068,0.0001,200,1.5706
0.0066,0.0000,0.0000,0.0000,0.0065,0.0000,200,1.5709
0.0067,0.0000,0.0000,0.0000,0.0066,0.0000,200,1.5708
0.0070,0.0000,0.0000,0.0000,0.0070,0.0000,200,1.5709
0.0068,0.0000,0.0000,0.0000,0.0067,0.0001,200,1.5775
0.0069,0.0000,0.0000,0.0000,0.0069,0.0000,200,1.5775
0.0068,0.0000,0.0000,0.0000,0.0067,0.0000,200,1.5779
0.0074,0.0000,0.0000,0.0000,0.0071,0.0002,200,1.5775
0.0071,0.0000,0.0000,0.0000,0.0070,0.0000,200,1.5845
0.0072,0.0000,0.0000,0.0000,0.0071,0.0001,200,1.5843
0.0070,0.0000,0.0000,0.0000,0.0069,0.0001,200,1.5848
0.0070,0.0000,0.0000,0.0000,0.0069,0.0000,200,1.5848
0.0068,0.0000,0.0000,0.0000,0.0067,0.0000,200,1.5915
0.0068,0.0000,0.0000,0.0000,0.0067,0.0001,200,1.5915
0.0070,0.0000,0.0000,0.0000,0.0070,0.0000,200,1.5918
0.0070,0.0000,0.0000,0.0000,0.0069,0.0000,200,1.5919
0.0064,0.0000,0.0000,0.0000,0.0064,0.0000,200,1.5988
0.0070,0.0000,0.0000,0.0000,0.0069,0.0000,200,1.5984
0.0070,0.0000,0.0000,0.0000,0.0067,0.0002,200,1.5984
0.0066,0.0000,0.0000,0.0000,0.0066,0.0000,200,1.5988
0.0069,0.0000,0.0000,0.0000,0.0067,0.0001,200,1.6054
0.0071,0.0000,0.0000,0.0000,0.0070,0.0001,200,1.6053
0.0074,0.0000,0.0000,0.0000,0.0073,0.0001,200,1.6054
0.0075,0.0000,0.0000,0.0000,0.0074,0.0000,200,1.6053
0.0070,0.0000,0.0000,0.0000,0.0069,0.0001,200,1.6123
0.0078,0.0000,0.0000,0.0000,0.0077,0.0001,200,1.6128
0.0082,0.0000,0.0000,0.0000,0.0082,0.0001,200,1.6123
0.0078,0.0000,0.0000,0.0000,0.0077,0.0001,200,1.6128
0.0070,0.0000,0.0000,0.0000,0.0069,0.0001,200,1.6193
0.0067,0.0000,0.0000,0.0000,0.0066,0.0001,200,1.6206
0.0069,0.0000,0.0000,0.0000,0.0068,0.0000,200,1.6206
0.0071,0.0000,0.0000,0.0000,0.0070,0.0000,200,1.6206
0.0068,0.0000,0.0000,0.0000,0.0066,0.0001,200,1.6264
0.0069,0.0000,0.0000,0.0000,0.0068,0.0000,200,1.6274
0.0072,0.0000,0.0000,0.0000,0.0071,0.0000,200,1.6273
0.0073,0.0000,0.0000,0.0000,0.0072,0.0000,200,1.6277
0.0066,0.0000,0.0000,0.0000,0.0065,0.0001,200,1.6331
0.0069,0.0000,0.0000,0.0000,0.0068,0.0000,200,1.6343
0.0067,0.0000,0.0000,0.0000,0.0067,0.0001,200,1.6345
0.0065,0.0000,0.0000,0.0000,0.0064,0.0000,200,1.6350
0.0067,0.0000,0.0000,0.0000,0.0066,0.0001,200,1.6398
0.0065,0.0000,0.0000,0.0000,0.0064,0.0000,200,1.6412
0.0066,0.0000,0.0000,0.0000,0.0065,0.0001,200,1.6412
0.0070,0.0000,0.0000,0.0000,0.0069,0.0000,200,1.6415
0.0066,0.0000,0.0000,0.0000,0.0065,0.0001,200,1.6465
0.0066,0.0000,0.0000,0.0000,0.0065,0.0001,200,1.6477
0.0070,0.0000,0.0000,0.0000,0.0069,0.0000,200,1.6478
0.0065,0.0000,0.0000,0.0000,0.0064,0.0000,200,1.6484
0.0069,0.0000,0.0000,0.0000,0.0068,0.0001,200,1.6531
0.0067,0.0000,0.0000,0.0000,0.0066,0.0001,200,1.6548
0.0073,0.0000,0.0000,0.0000,0.0072,0.0001,200,1.6544
0.0069,0.0000,0.0000,0.0000,0.0069,0.0000,200,1.6549
0.0067,0.0000,0.0000,0.0000,0.0066,0.0001,200,1.6600
0.0067,0.0000,0.0000,0.0000,0.0066,0.0000,200,1.6615
0.0065,0.0000,0.0000,0.0000,0.0064,0.0000,200,1.6617
0.0068,0.0000,0.0000,0.0000,0.0068,0.0000,200,1.6618
0.0067,0.0000,0.0000,0.0000,0.0066,0.0000,200,1.6667
0.0066,0.0000,0.0000,0.0000,0.0065,0.0000,200,1.6682
0.0066,0.0000,0.0000,0.0000,0.0065,0.0000,200,1.6682
0.0065,0.0000,0.0000,0.0000,0.0064,0.0000,200,1.6687
0.0065,0.0000,0.0000,0.0000,0.0064,0.0001,200,1.6734
0.0065,0.0000,0.0000,0.0000,0.0065,0.0000,200,1.6747
0.0066,0.0000,0.0000,0.0000,0.0065,0.0000,200,1.6748
0.0064,0.0000,0.0000,0.0000,0.0063,0.0000,200,1.6752
0.0067,0.0000,0.0000,0.0000,0.0066,0.0001,200,1.6799
0.0070,0.0000,0.0000,0.0000,0.0069,0.0001,200,1.6814
0.0071,0.0000,0.0000,0.0000,0.0070,0.0000,200,1.6813
0.0075,0.0000,0.0000,0.0000,0.0074,0.0000,200,1.6816
0.0080,0.0000,0.0000,0.0000,0.0079,0.0001,200,1.6867
0.0067,0.0000,0.0000,0.0000,0.0067,0.0000,200,1.6884
0.0068,0.0000,0.0000,0.0000,0.0067,0.0000,200,1.6884
0.0066,0.0000,0.0000,0.0000,0.0065,0.0000,200,1.6890
0.0068,0.0000,0.0000,0.0000,0.0066,0.0001,200,1.6947
0.0064,0.0000,0.0000,0.0000,0.0063,0.0000,200,1.6951
0.0067,0.0000,0.0000,0.0000,0.0066,0.0001,200,1.6952
0.0064,0.0000,0.0000,0.0000,0.0064,0.0000,200,1.6956
0.0070,0.0000,0.0000,0.0000,0.0069,0.0001,200,1.7015
0.0071,0.0000,0.0000,0.0000,0.0070,0.0000,200,1.7015
0.0067,0.0000,0.0000,0.0000,0.0066,0.0000,200,1.7019
0.0078,0.0000,0.0000,0.0000,0.0077,0.0001,200,1.7020
0.0071,0.0000,0.0000,0.0000,0.0066,0.0001,200,1.7086
0.0071,0.0000,0.0000,0.0001,0.0068,0.0001,200,1.7085
0.0072,0.0000,0.0000,0.0000,0.0069,0.0000,200,1.7085
0.0116,0.0000,0.0000,0.0000,0.0115,0.0001,200,1.7098
0.0066,0.0000,0.0000,0.0000,0.0065,0.0000,200,1.7156
0.0070,0.0000,0.0000,0.0000,0.0069,0.0001,200,1.7158
0.0115,0.0000,0.0000,0.0000,0.0114,0.0001,200,1.7156
0.0064,0.0000,0.0000,0.0000,0.0063,0.0000,200,1.7222
0.0062,0.0000,0.0000,0.0000,0.0061,0.0000,200,1.7228
0.0111,0.0000,0.0000,0.0000,0.0111,0.0001,200,1.7215
0.0067,0.0000,0.0000,0.0000,0.0066,0.0001,200,1.7287
0.0064,0.0000,0.0000,0.0000,0.0064,0.0000,200,1.7290
0.0109,0.0000,0.0000,0.0000,0.0108,0.0001,200,1.7271
0.0064,0.0000,0.0000,0.0000,0.0063,0.0000,200,1.7354
0.0065,0.0000,0.0000,0.0000,0.0064,0.0000,200,1.7354
0.0116,0.0000,0.0000,0.0000,0.0115,0.0001,200,1.7326
0.0064,0.0000,0.0000,0.0000,0.0063,0.0001,200,1.7418
0.0064,0.0000,0.0000,0.0000,0.0063,0.0001,200,1.7418
0.0111,0.0000,0.0000,0.0000,0.0110,0.0000,200,1.7381
0.0066,0.0000,0.0000,0.0000,0.0064,0.0001,200,1.7482
0.0066,0.0000,0.0000,0.0000,0.0065,0.0001,200,1.7482
0.0107,0.0000,0.0000,0.0000,0.0106,0.0000,200,1.7442
0.0112,0.0000,0.0000,0.0000,0.0112,0.0001,200,1.7492
0.0066,0.0000,0.0000,0.0000,0.0065,0.0001,200,1.7548
0.0066,0.0000,0.0000,0.0000,0.0066,0.0000,200,1.7548
0.0071,0.0000,0.0000,0.0000,0.0070,0.0000,200,1.7549
0.0066,0.0000,0.0000,0.0000,0.0065,0.0000,200,1.7604
0.0065,0.0000,0.0000,0.0000,0.0065,0.0001,200,1.7614
0.0066,0.0000,0.0000,0.0000,0.0065,0.0000,200,1.7614
0.0065,0.0000,0.0000,0.0000,0.0064,0.0001,200,1.7620
0.0067,0.0000,0.0000,0.0000,0.0066,0.0001,200,1.7670
0.0066,0.0000,0.0000,0.0000,0.0065,0.0000,200,1.7680
0.0067,0.0000,0.0000,0.0000,0.0067,0.0001,200,1.7680
0.0068,0.0000,0.0000,0.0000,0.0067,0.0000,200,1.7685
0.0068,0.0000,0.0000,0.0000,0.0067,0.0001,200,1.7737
0.0065,0.0000,0.0000,0.0000,0.0064,0.0000,200,1.7745
0.0072,0.0000,0.0000,0.0000,0.0072,0.0000,200,1.7747
0.0067,0.0000,0.0000,0.0000,0.0066,0.0000,200,1.7753
0.0069,0.0000,0.0000,0.0000,0.0068,0.0001,200,1.7806
0.0066,0.0000,0.0000,0.0000,0.0066,0.0000,200,1.7810
0.0067,0.0000,0.0000,0.0000,0.0066,0.0001,200,1.7820
0.0070,0.0000,0.0000,0.0000,0.0069,0.0000,200,1.7820
0.0067,0.0000,0.0000,0.0000,0.0067,0.0001,200,1.7875
0.0067,0.0000,0.0000,0.0000,0.0067,0.0000,200,1.7876
0.0066,0.0000,0.0000,0.0000,0.0065,0.0000,200,1.7887
0.0066,0.0000,0.0000,0.0000,0.0065,0.0000,200,1.7890
0.0065,0.0000,0.0000,0.0000,0.0064,0.0001,200,1.7943
0.0070,0.0000,0.0000,0.0000,0.0069,0.0001,200,1.7943
0.0064,0.0000,0.0000,0.0000,0.0063,0.0000,200,1.7953
0.0063,0.0000,0.0000,0.0000,0.0063,0.0000,200,1.7955
0.0067,0.0000,0.0000,0.0000,0.0066,0.0001,200,1.8009
0.0067,0.0000,0.0000,0.0000,0.0066,0.0001,200,1.8013
0.0065,0.0000,0.0000,0.0000,0.0064,0.0000,200,1.8016
0.0065,0.0000,0.0000,0.0000,0.0065,0.0000,200,1.8018
0.0064,0.0000,0.0000,0.0000,0.0063,0.0000,200,1.8081
0.0070,0.0000,0.0000,0.0000,0.0068,0.0002,200,1.8076
0.0067,0.0000,0.0000,0.0000,0.0066,0.0000,200,1.8080
0.0073,0.0000,0.0000,0.0000,0.0072,0.0000,200,1.8084
0.0068,0.0000,0.0000,0.0000,0.0067,0.0001,200,1.8145
0.0069,0.0000,0.0000,0.0000,0.0068,0.0000,200,1.8145
0.0071,0.0000,0.0000,0.0000,0.0070,0.0001,200,1.8147
0.0064,0.0000,0.0000,0.0000,0.0063,0.0000,200,1.8156
0.0068,0.0000,0.0000,0.0000,0.0066,0.0001,200,1.8213
0.0071,0.0000,0.0000,0.0000,0.0070,0.0001,200,1.8214
0.0067,0.0000,0.0000,0.0000,0.0066,0.0000,200,1.8218
0.0067,0.0000,0.0000,0.0000,0.0067,0.0000,200,1.8220
0.0070,0.0000,0.0000,0.0000,0.0068,0.0001,200,1.8281
0.0067,0.0000,0.0000,0.0000,0.0066,0.0000,200,1.8285
0.0068,0.0000,0.0000,0.0000,0.0067,0.0000,200,1.8286
0.0072,0.0000,0.0000,0.0000,0.0071,0.0000,200,1.8287
0.0070,0.0000,0.0000,0.0000,0.0069,0.0001,200,1.8352
0.0076,0.0000,0.0000,0.0000,0.0075,0.0001,200,1.8351
0.0073,0.0000,0.0000,0.0000,0.0072,0.0001,200,1.8354
0.0082,0.0000,0.0000,0.0000,0.0081,0.0001,200,1.8359
0.0073,0.0000,0.0000,0.0000,0.0071,0.0001,200,1.8422
0.0071,0.0000,0.0000,0.0000,0.0070,0.0000,200,1.8426
0.0070,0.0000,0.0000,0.0000,0.0070,0.0000,200,1.8427
0.0066,0.0000,0.0000,0.0000,0.0065,0.0001,200,1.8441
0.0070,0.0000,0.0000,0.0000,0.0069,0.0001,200,1.8496
0.0068,0.0000,0.0000,0.0000,0.0067,0.0001,200,1.8498
0.0075,0.0000,0.0000,0.0000,0.0074,0.0000,200,1.8497
0.0066,0.0000,0.0000,0.0000,0.0065,0.0000,200,1.8506
0.0069,0.0000,0.0000,0.0000,0.0068,0.0001,200,1.8566
0.0073,0.0000,0.0000,0.0000,0.0072,0.0000,200,1.8566
0.0071,0.0000,0.0000,0.0000,0.0070,0.0001,200,1.8573
0.0074,0.0000,0.0000,0.0000,0.0073,0.0000,200,1.8573
0.0069,0.0000,0.0000,0.0000,0.0068,0.0001,200,1.8635
0.0067,0.0000,0.0000,0.0000,0.0066,0.0000,200,1.8639
0.0063,0.0000,0.0000,0.0000,0.0063,0.0000,200,1.8646
0.0070,0.0000,0.0000,0.0000,0.0069,0.0000,200,1.8644
0.0068,0.0000,0.0000,0.0000,0.0068,0.0000,200,1.8706
0.0065,0.0000,0.0000,0.0000,0.0064,0.0000,200,1.8710
0.0072,0.0000,0.0000,0.0000,0.0069,0.0002,200,1.8703
0.0065,0.0000,0.0000,0.0000,0.0064,0.0001,200,1.8714
0.0069,0.0000,0.0000,0.0000,0.0068,0.0001,200,1.8775
0.0070,0.0000,0.0000,0.0000,0.0069,0.0000,200,1.8774
0.0070,0.0000,0.0000,0.0000,0.0069,0.0000,200,1.8774
0.0069,0.0000,0.0000,0.0000,0.0069,0.0000,200,1.8779
0.0070,0.0000,0.0000,0.0000,0.0069,0.0001,200,1.8844
0.0071,0.0000,0.0000,0.0000,0.0069,0.0002,200,1.8844
0.0071,0.0000,0.0000,0.0000,0.0070,0.0000,200,1.8844
0.0069,0.0000,0.0000,0.0000,0.0068,0.0000,200,1.8848
0.0069,0.0000,0.0000,0.0000,0.0068,0.0001,200,1.8914
0.0070,0.0000,0.0000,0.0000,0.0070,0.0000,200,1.8914
0.0071,0.0000,0.0000,0.0000,0.0070,0.0000,200,1.8915
0.0072,0.0000,0.0000,0.0000,0.0072,0.0000,200,1.8917
0.0066,0.0000,0.0000,0.0000,0.0065,0.0000,200,1.8986
0.0067,0.0000,0.0000,0.0000,0.0066,0.0001,200,1.8984
0.0070,0.0000,0.0000,0.0000,0.0069,0.0000,200,1.8985
0.0068,0.0000,0.0000,0.0000,0.0067,0.0000,200,1.8989
0.0071,0.0000,0.0000,0.0000,0.0070,0.0001,200,1.9051
0.0071,0.0000,0.0000,0.0000,0.0070,0.0000,200,1.9051
0.0066,0.0000,0.0000,0.0000,0.0066,0.0000,200,1.9057
0.0073,0.0000,0.0000,0.0000,0.0072,0.0000,200,1.9055
0.0071,0.0000,0.0000,0.0000,0.0070,0.0001,200,1.9122
0.0070,0.0000,0.0000,0.0000,0.0070,0.0000,200,1.9123
0.0071,0.0000,0.0000,0.0000,0.0071,0.0000,200,1.9122
0.0076,0.0000,0.0000,0.0000,0.0075,0.0001,200,1.9128
0.0070,0.0000,0.0000,0.0000,0.0069,0.0000,200,1.9194
0.0070,0.0000,0.0000,0.0000,0.0069,0.0001,200,1.9194
0.0074,0.0000,0.0000,0.0000,0.0073,0.0000,200,1.9194
0.0067,0.0000,0.0000,0.0000,0.0066,0.0001,200,1.9204
0.0069,0.0000,0.0000,0.0000,0.0067,0.0001,200,1.9264
0.0065,0.0000,0.0000,0.0000,0.0064,0.0001,200,1.9268
0.0069,0.0000,0.0000,0.0000,0.0069,0.0000,200,1.9264
0.0065,0.0000,0.0000,0.0000,0.0064,0.0000,200,1.9271
0.0068,0.0000,0.0000,0.0000,0.0067,0.0001,200,1.9332
0.0067,0.0000,0.0000,0.0000,0.0066,0.0001,200,1.9333
0.0068,0.0000,0.0000,0.0000,0.0068,0.0000,200,1.9333
0.0075,0.0000,0.0000,0.0000,0.0074,0.0001,200,1.9336
0.0070,0.0000,0.0000,0.0000,0.0069,0.0001,200,1.9400
0.0072,0.0000,0.0000,0.0000,0.0071,0.0000,200,1.9400
0.0071,0.0000,0.0000,0.0000,0.0070,0.0001,200,1.9401
0.0078,0.0000,0.0000,0.0000,0.0077,0.0001,200,1.9411
0.0067,0.0000,0.0000,0.0000,0.0066,0.0001,200,1.9470
0.0066,0.0000,0.0000,0.0000,0.0065,0.0000,200,1.9472
0.0069,0.0000,0.0000,0.0000,0.0069,0.0000,200,1.9473
0.0066,0.0000,0.0000,0.0000,0.0065,0.0000,200,1.9488
0.0068,0.0000,0.0000,0.0000,0.0067,0.0001,200,1.9537
0.0067,0.0000,0.0000,0.0000,0.0067,0.0000,200,1.9538
0.0068,0.0000,0.0000,0.0000,0.0067,0.0000,200,1.9542
0.0066,0.0000,0.0000,0.0000,0.0065,0.0001,200,1.9555
0.0067,0.0000,0.0000,0.0000,0.0066,0.0001,200,1.9605
0.0063,0.0000,0.0000,0.0000,0.0063,0.0000,200,1.9610
0.0069,0.0000,0.0000,0.0000,0.0068,0.0000,200,1.9606
0.0065,0.0000,0.0000,0.0000,0.0064,0.0001,200,1.9621
0.0067,0.0000,0.0000,0.0000,0.0066,0.0001,200,1.9673
0.0067,0.0000,0.0000,0.0000,0.0066,0.0001,200,1.9672
0.0072,0.0000,0.0000,0.0000,0.0071,0.0000,200,1.9675
0.0064,0.0000,0.0000,0.0000,0.0063,0.0000,200,1.9686
0.0068,0.0000,0.0000,0.0000,0.0067,0.0001,200,1.9740
0.0069,0.0000,0.0000,0.0000,0.0068,0.0000,200,1.9740
0.0064,0.0000,0.0000,0.0000,0.0064,0.0000,200,1.9750
0.0068,0.0000,0.0000,0.0000,0.0067,0.0000,200,1.9746
0.0067,0.0000,0.0000,0.0000,0.0066,0.0000,200,1.9809
0.0068,0.0000,0.0000,0.0000,0.0066,0.0001,200,1.9808
0.0063,0.0000,0.0000,0.0000,0.0063,0.0000,200,1.9814
0.0078,0.0000,0.0000,0.0000,0.0077,0.0001,200,1.9814
0.0067,0.0000,0.0000,0.0000,0.0066,0.0001,200,1.9876
0.0068,0.0000,0.0000,0.0000,0.0067,0.0000,200,1.9876
0.0075,0.0000,0.0000,0.0000,0.0074,0.0000,200,1.9877
0.0065,0.0000,0.0000,0.0000,0.0064,0.0000,200,1.9893
0.0065,0.0000,0.0000,0.0000,0.0064,0.0001,200,1.9944
0.0066,0.0000,0.0000,0.0000,0.0066,0.0000,200,1.9943
0.0065,0.0000,0.0000,0.0000,0.0064,0.0000,200,1.9952
0.0063,0.0000,0.0000,0.0000,0.0063,0.0000,200,1.9958
0.0067,0.0000,0.0000,0.0000,0.0066,0.0001,200,2.0009
0.0068,0.0000,0.0000,0.0000,0.0067,0.0000,200,2.0009
0.0067,0.0000,0.0000,0.0000,0.0066,0.0000,200,2.0017
0.0066,0.0000,0.0000,0.0000,0.0064,0.0001,200,2.0021
0.0066,0.0000,0.0000,0.0000,0.0066,0.0001,200,2.0077
0.0068,0.0000,0.0000,0.0000,0.0067,0.0000,200,2.0076
0.0062,0.0000,0.0000,0.0000,0.0062,0.0000,200,2.0087
0.0075,0.0000,0.0000,0.0000,0.0074,0.0001,200,2.0084
0.0066,0.0000,0.0000,0.0000,0.0065,0.0000,200,2.0144
0.0065,0.0000,0.0000,0.0000,0.0065,0.0001,200,2.0144
0.0063,0.0000,0.0000,0.0000,0.0063,0.0000,200,2.0150
0.0071,0.0000,0.0000,0.0000,0.0070,0.0001,200,2.0159
0.0069,0.0000,0.0000,0.0000,0.0068,0.0000,200,2.0210
0.0069,0.0000,0.0000,0.0000,0.0068,0.0001,200,2.0210
0.0071,0.0000,0.0000,0.0000,0.0071,0.0000,200,2.0213
0.0064,0.0000,0.0000,0.0000,0.0063,0.0001,200,2.0230
0.0069,0.0000,0.0000,0.0000,0.0068,0.0001,200,2.0279
0.0069,0.0000,0.0000,0.0000,0.0067,0.0000,200,2.0279
0.0072,0.0000,0.0000,0.0000,0.0071,0.0000,200,2.0284
0.0063,0.0000,0.0000,0.0000,0.0063,0.0000,200,2.0293
0.0068,0.0000,0.0000,0.0000,0.0067,0.0001,200,2.0348
0.0070,0.0000,0.0000,0.0000,0.0069,0.0000,200,2.0348
0.0065,0.0000,0.0000,0.0000,0.0063,0.0002,200,2.0357
0.0076,0.0000,0.0000,0.0000,0.0075,0.0000,200,2.0356
0.0068,0.0000,0.0000,0.0000,0.0067,0.0000,200,2.0422
0.0072,0.0000,0.0000,0.0000,0.0071,0.0001,200,2.0417
0.0075,0.0000,0.0000,0.0000,0.0074,0.0001,200,2.0416
0.0072,0.0000,0.0000,0.0000,0.0071,0.0001,200,2.0433
0.0067,0.0000,0.0000,0.0000,0.0066,0.0001,200,2.0489
0.0067,0.0000,0.0000,0.0000,0.0067,0.0000,200,2.0489
0.0069,0.0000,0.0000,0.0000,0.0069,0.0000,200,2.0491
0.0065,0.0000,0.0000,0.0000,0.0064,0.0000,200,2.0504
0.0067,0.0000,0.0000,0.0000,0.0066,0.0001,200,2.0557
0.0067,0.0000,0.0000,0.0000,0.0067,0.0000,200,2.0557
0.0065,0.0000,0.0000,0.0000,0.0064,0.0000,200,2.0560
0.0064,0.0000,0.0000,0.0000,0.0064,0.0000,200,2.0569
0.0070,0.0000,0.0000,0.0000,0.0069,0.0001,200,2.0624
0.0069,0.0000,0.0000,0.0000,0.0069,0.0000,200,2.0625
0.0073,0.0000,0.0000,0.0000,0.0072,0.0000,200,2.0624
0.0069,0.0000,0.0000,0.0000,0.0068,0.0000,200,2.0634
0.0074,0.0000,0.0000,0.0000,0.0073,0.0001,200,2.0694
0.0072,0.0000,0.0000,0.0000,0.0072,0.0000,200,2.0697
0.0075,0.0000,0.0000,0.0000,0.0074,0.0001,200,2.0695
0.0075,0.0000,0.0000,0.0000,0.0074,0.0000,200,2.0703
0.0070,0.0000,0.0000,0.0000,0.0069,0.0001,200,2.0769
0.0071,0.0000,0.0000,0.0000,0.0070,0.0000,200,2.0769
0.0071,0.0000,0.0000,0.0000,0.0070,0.0000,200,2.0770
0.0072,0.0000,0.0000,0.0000,0.0071,0.0001,200,2.0777
0.0068,0.0000,0.0000,0.0000,0.0067,0.0001,200,2.0840
0.0069,0.0000,0.0000,0.0000,0.0068,0.0000,200,2.0840
0.0069,0.0000,0.0000,0.0000,0.0068,0.0000,200,2.0840
0.0067,0.0000,0.0000,0.0000,0.0066,0.0000,200,2.0850
0.0069,0.0000,0.0000,0.0000,0.0068,0.0001,200,2.0909
0.0070,0.0000,0.0000,0.0000,0.0069,0.0000,200,2.0908
0.0074,0.0000,0.0000,0.0000,0.0073,0.0000,200,2.0908
0.0065,0.0000,0.0000,0.0000,0.0065,0.0000,200,2.0917
0.0070,0.0000,0.0000,0.0000,0.0069,0.0001,200,2.0978
0.0073,0.0000,0.0000,0.0000,0.0073,0.0000,200,2.0978
0.0073,0.0000,0.0000,0.0000,0.0072,0.0001,200,2.0982
0.0078,0.0000,0.0000,0.0000,0.0078,0.0000,200,2.0982
0.0068,0.0000,0.0000,0.0000,0.0067,0.0001,200,2.1047
0.0066,0.0000,0.0000,0.0000,0.0066,0.0000,200,2.1051
0.0069,0.0000,0.0000,0.0000,0.0067,0.0002,200,2.1055
0.0066,0.0000,0.0000,0.0000,0.0065,0.0000,200,2.1061
0.0070,0.0000,0.0000,0.0000,0.0068,0.0001,200,2.1116
0.0067,0.0000,0.0000,0.0000,0.0067,0.0000,200,2.1118
0.0066,0.0000,0.0000,0.0000,0.0065,0.0000,200,2.1126
0.0073,0.0000,0.0000,0.0000,0.0072,0.0000,200,2.1124
0.0068,0.0000,0.0000,0.0000,0.0067,0.0001,200,2.1185
0.0068,0.0000,0.0000,0.0000,0.0067,0.0000,200,2.1185
0.0065,0.0000,0.0000,0.0000,0.0064,0.0000,200,2.1192
0.0065,0.0000,0.0000,0.0000,0.0064,0.0000,200,2.1197
0.0066,0.0000,0.0000,0.0000,0.0066,0.0001,200,2.1257
0.0071,0.0000,0.0000,0.0000,0.0069,0.0001,200,2.1253
0.0071,0.0000,0.0000,0.0000,0.0070,0.0000,200,2.1254
0.0064,0.0000,0.0000,0.0000,0.0063,0.0000,200,2.1261
0.0068,0.0000,0.0000,0.0000,0.0068,0.0000,200,2.1324
0.0069,0.0000,0.0000,0.0000,0.0066,0.0003,200,2.1325
0.0073,0.0000,0.0000,0.0000,0.0072,0.0000,200,2.1324
0.0073,0.0000,0.0000,0.0000,0.0072,0.0000,200,2.1325
0.0070,0.0000,0.0000,0.0000,0.0069,0.0001,200,2.1393
0.0072,0.0000,0.0000,0.0000,0.0071,0.0000,200,2.1392
0.0068,0.0000,0.0000,0.0000,0.0067,0.0000,200,2.1397
0.0072,0.0000,0.0000,0.0000,0.0072,0.0001,200,2.1398
0.0069,0.0000,0.0000,0.0000,0.0068,0.0000,200,2.1464
0.0068,0.0000,0.0000,0.0000,0.0067,0.0002,200,2.1464
0.0070,0.0000,0.0000,0.0000,0.0069,0.0000,200,2.1464
0.0067,0.0000,0.0000,0.0000,0.0066,0.0000,200,2.1470
0.0070,0.0000,0.0000,0.0000,0.0069,0.0001,200,2.1533
0.0071,0.0000,0.0000,0.0000,0.0070,0.0000,200,2.1532
0.0069,0.0000,0.0000,0.0000,0.0069,0.0000,200,2.1534
0.0076,0.0000,0.0000,0.0000,0.0075,0.0000,200,2.1537
0.0066,0.0000,0.0000,0.0000,0.0065,0.0001,200,2.1603
0.0068,0.0000,0.0000,0.0000,0.0067,0.0000,200,2.1602
0.0073,0.0000,0.0000,0.0000,0.0072,0.0000,200,2.1603
0.0065,0.0000,0.0000,0.0000,0.0064,0.0000,200,2.1613
0.0074,0.0000,0.0000,0.0000,0.0073,0.0001,200,2.1669
0.0067,0.0000,0.0000,0.0000,0.0066,0.0001,200,2.1676
0.0074,0.0000,0.0000,0.0000,0.0073,0.0000,200,2.1670
0.0070,0.0000,0.0000,0.0000,0.0069,0.0000,200,2.1677
0.0069,0.0000,0.0000,0.0000,0.0068,0.0001,200,2.1743
0.0069,0.0000,0.0000,0.0000,0.0068,0.0000,200,2.1744
0.0070,0.0000,0.0000,0.0000,0.0069,0.0001,200,2.1743
0.0072,0.0000,0.0000,0.0000,0.0072,0.0000,200,2.1747
0.0066,0.0000,0.0000,0.0000,0.0065,0.0001,200,2.1813
0.0068,0.0000,0.0000,0.0000,0.0067,0.0000,200,2.1812
0.0072,0.0000,0.0000,0.0000,0.0071,0.0000,200,2.1813
0.0072,0.0000,0.0000,0.0000,0.0072,0.0000,200,2.1819
0.0067,0.0000,0.0000,0.0000,0.0065,0.0001,200,2.1879
0.0063,0.0000,0.0000,0.0000,0.0063,0.0000,200,2.1885
0.0071,0.0000,0.0000,0.0000,0.0070,0.0000,200,2.1880
0.0064,0.0000,0.0000,0.0000,0.0063,0.0000,200,2.1892
0.0069,0.0000,0.0000,0.0000,0.0069,0.0001,200,2.1948
0.0072,0.0000,0.0000,0.0000,0.0072,0.0000,200,2.1946
0.0068,0.0000,0.0000,0.0000,0.0067,0.0000,200,2.1951
0.0075,0.0000,0.0000,0.0000,0.0074,0.0001,200,2.1956
0.0067,0.0000,0.0000,0.0000,0.0066,0.0001,200,2.2018
0.0071,0.0000,0.0000,0.0000,0.0069,0.0001,200,2.2017
0.0071,0.0000,0.0000,0.0000,0.0070,0.0000,200,2.2019
0.0068,0.0000,0.0000,0.0000,0.0066,0.0001,200,2.2031
0.0069,0.0000,0.0000,0.0000,0.0068,0.0001,200,2.2085
0.0067,0.0000,0.0000,0.0000,0.0067,0.0000,200,2.2088
0.0076,0.0000,0.0000,0.0000,0.0076,0.0001,200,2.2090
0.0069,0.0000,0.0000,0.0000,0.0068,0.0000,200,2.2098
0.0066,0.0000,0.0000,0.0000,0.0065,0.0001,200,2.2155
0.0070,0.0000,0.0000,0.0000,0.0069,0.0000,200,2.2155
0.0064,0.0000,0.0000,0.0000,0.0063,0.0000,200,2.2166
0.0065,0.0000,0.0000,0.0000,0.0065,0.0000,200,2.2167
0.0067,0.0000,0.0000,0.0000,0.0066,0.0001,200,2.2221
0.0067,0.0000,0.0000,0.0000,0.0067,0.0000,200,2.2225
0.0066,0.0000,0.0000,0.0000,0.0066,0.0000,200,2.2230
0.0068,0.0000,0.0000,0.0000,0.0067,0.0000,200,2.2233
0.0067,0.0000,0.0000,0.0000,0.0066,0.0001,200,2.2293
0.0072,0.0000,0.0000,0.0000,0.0071,0.0000,200,2.2288
0.0064,0.0000,0.0000,0.0000,0.0063,0.0000,200,2.2300
0.0068,0.0000,0.0000,0.0000,0.0067,0.0000,200,2.2296
0.0071,0.0000,0.0000,0.0000,0.0070,0.0001,200,2.2360
0.0069,0.0000,0.0000,0.0000,0.0068,0.0000,200,2.2364
0.0072,0.0000,0.0000,0.0000,0.0072,0.0000,200,2.2360
0.0072,0.0000,0.0000,0.0000,0.0071,0.0000,200,2.2364
0.0066,0.0000,0.0000,0.0000,0.0066,0.0000,200,2.2432
0.0066,0.0000,0.0000,0.0000,0.0066,0.0001,200,2.2432
0.0071,0.0000,0.0000,0.0000,0.0071,0.0000,200,2.2431
0.0068,0.0000,0.0000,0.0000,0.0067,0.0000,200,2.2436
0.0068,0.0000,0.0000,0.0000,0.0067,0.0001,200,2.2499
0.0068,0.0000,0.0000,0.0000,0.0067,0.0000,200,2.2499
0.0066,0.0000,0.0000,0.0000,0.0066,0.0000,200,2.2503
0.0076,0.0000,0.0000,0.0000,0.0075,0.0001,200,2.2504
0.0069,0.0000,0.0000,0.0000,0.0068,0.0001,200,2.2567
0.0069,0.0000,0.0000,0.0000,0.0069,0.0000,200,2.2567
0.0069,0.0000,0.0000,0.0000,0.0069,0.0000,200,2.2569
0.0064,0.0000,0.0000,0.0000,0.0063,0.0000,200,2.2579
0.0069,0.0000,0.0000,0.0000,0.0067,0.0001,200,2.2636
0.0069,0.0000,0.0000,0.0001,0.0068,0.0000,200,2.2636
0.0068,0.0000,0.0000,0.0000,0.0068,0.0000,200,2.2638
0.0069,0.0000,0.0000,0.0000,0.0068,0.0000,200,2.2643
0.0071,0.0000,0.0000,0.0000,0.0070,0.0001,200,2.2705
0.0071,0.0000,0.0000,0.0000,0.0070,0.0001,200,2.2706
0.0073,0.0000,0.0000,0.0000,0.0073,0.0000,200,2.2705
0.0067,0.0000,0.0000,0.0000,0.0067,0.0000,200,2.2712
0.0069,0.0000,0.0000,0.0000,0.0068,0.0001,200,2.2777
0.0068,0.0000,0.0000,0.0000,0.0067,0.0001,200,2.2778
0.0072,0.0000,0.0000,0.0000,0.0071,0.0000,200,2.2778
0.0074,0.0000,0.0000,0.0000,0.0073,0.0000,200,2.2779
0.0070,0.0000,0.0000,0.0000,0.0069,0.0001,200,2.2846
0.0065,0.0000,0.0000,0.0000,0.0064,0.0001,200,2.2850
0.0070,0.0000,0.0000,0.0000,0.0069,0.0000,200,2.2846
0.0071,0.0000,0.0000,0.0000,0.0070,0.0001,200,2.2853
0.0069,0.0000,0.0000,0.0000,0.0068,0.0001,200,2.2916
0.0069,0.0000,0.0000,0.0000,0.0069,0.0000,200,2.2915
0.0065,0.0000,0.0000,0.0000,0.0063,0.0000,200,2.2924
0.0078,0.0000,0.0000,0.0000,0.0078,0.0000,200,2.2915
0.0068,0.0000,0.0000,0.0000,0.0067,0.0001,200,2.2985
0.0070,0.0000,0.0000,0.0000,0.0069,0.0001,200,2.2985
0.0067,0.0000,0.0000,0.0000,0.0066,0.0001,200,2.2988
0.0069,0.0000,0.0000,0.0000,0.0068,0.0001,200,2.2994
0.0069,0.0000,0.0000,0.0000,0.0067,0.0002,200,2.3053
0.0068,0.0000,0.0000,0.0000,0.0067,0.0000,200,2.3055
0.0072,0.0000,0.0000,0.0000,0.0071,0.0000,200,2.3056
0.0069,0.0000,0.0000,0.0000,0.0069,0.0000,200,2.3063
0.0066,0.0000,0.0000,0.0000,0.0065,0.0001,200,2.3123
0.0069,0.0000,0.0000,0.0000,0.0068,0.0000,200,2.3121
0.0069,0.0000,0.0000,0.0000,0.0068,0.0000,200,2.3128
0.0069,0.0000,0.0000,0.0000,0.0067,0.0001,200,2.3133
0.0068,0.0000,0.0000,0.0000,0.0067,0.0001,200,2.3190
0.0070,0.0000,0.0000,0.0000,0.0069,0.0001,200,2.3189
0.0066,0.0000,0.0000,0.0000,0.0066,0.0000,200,2.3196
0.0064,0.0000,0.0000,0.0000,0.0064,0.0000,200,2.3201
0.0070,0.0000,0.0000,0.0000,0.0069,0.0001,200,2.3259
0.0071,0.0000,0.0000,0.0000,0.0070,0.0001,200,2.3259
0.0067,0.0000,0.0000,0.0000,0.0066,0.0000,200,2.3265
0.0070,0.0000,0.0000,0.0000,0.0069,0.0000,200,2.3263
0.0070,0.0000,0.0000,0.0000,0.0069,0.0001,200,2.3329
0.0071,0.0000,0.0000,0.0000,0.0070,0.0001,200,2.3328
0.0077,0.0000,0.0000,0.0001,0.0074,0.0001,200,2.3333
0.0078,0.0000,0.0000,0.0000,0.0075,0.0000,200,2.3333
0.0067,0.0000,0.0000,0.0000,0.0066,0.0001,200,2.3400
0.0069,0.0000,0.0000,0.0000,0.0068,0.0001,200,2.3400
0.0067,0.0000,0.0000,0.0000,0.0066,0.0000,200,2.3409
0.0066,0.0000,0.0000,0.0000,0.0065,0.0000,200,2.3410
0.0069,0.0000,0.0000,0.0000,0.0068,0.0001,200,2.3467
0.0068,0.0000,0.0000,0.0000,0.0067,0.0000,200,2.3469
0.0063,0.0000,0.0000,0.0000,0.0062,0.0000,200,2.3476
0.0064,0.0000,0.0000,0.0000,0.0064,0.0000,200,2.3476
0.0067,0.0000,0.0000,0.0000,0.0066,0.0001,200,2.3539
0.0071,0.0000,0.0000,0.0000,0.0070,0.0001,200,2.3536
0.0066,0.0000,0.0000,0.0000,0.0065,0.0001,200,2.3540
0.0071,0.0000,0.0000,0.0000,0.0070,0.0001,200,2.3536
0.0069,0.0000,0.0000,0.0000,0.0066,0.0002,200,2.3606
0.0069,0.0000,0.0000,0.0000,0.0068,0.0000,200,2.3607
0.0071,0.0000,0.0000,0.0000,0.0071,0.0000,200,2.3607
0.0076,0.0000,0.0000,0.0000,0.0075,0.0000,200,2.3606
0.0069,0.0000,0.0000,0.0000,0.0069,0.0001,200,2.3675
0.0071,0.0000,0.0000,0.0000,0.0069,0.0001,200,2.3675
0.0068,0.0000,0.0000,0.0000,0.0067,0.0000,200,2.3678
0.0074,0.0000,0.0000,0.0000,0.0073,0.0001,200,2.3683
0.0068,0.0000,0.0000,0.0000,0.0067,0.0001,200,2.3745
0.0067,0.0000,0.0000,0.0000,0.0067,0.0000,200,2.3746
0.0073,0.0000,0.0000,0.0000,0.0073,0.0000,200,2.3746
0.0067,0.0000,0.0000,0.0000,0.0066,0.0001,200,2.3757
0.0069,0.0000,0.0000,0.0000,0.0068,0.0001,200,2.3813
0.0072,0.0000,0.0000,0.0000,0.0070,0.0002,200,2.3813
0.0066,0.0000,0.0000,0.0000,0.0065,0.0000,200,2.3820
0.0065,0.0000,0.0000,0.0000,0.0065,0.0000,200,2.3824
0.0068,0.0000,0.0000,0.0000,0.0067,0.0001,200,2.3881
0.0065,0.0000,0.0000,0.0000,0.0065,0.0001,200,2.3886
0.0064,0.0000,0.0000,0.0000,0.0063,0.0000,200,2.3889
0.0071,0.0000,0.0000,0.0000,0.0071,0.0000,200,2.3885
0.0070,0.0000,0.0000,0.0000,0.0069,0.0001,200,2.3951
0.0072,0.0000,0.0000,0.0000,0.0071,0.0000,200,2.3950
0.0069,0.0000,0.0000,0.0000,0.0068,0.0000,200,2.3953
0.0067,0.0000,0.0000,0.0000,0.0066,0.0000,200,2.3956
0.0073,0.0000,0.0000,0.0000,0.0072,0.0001,200,2.4022
0.0074,0.0000,0.0000,0.0000,0.0074,0.0000,200,2.4021
0.0076,0.0000,0.0000,0.0000,0.0076,0.0000,200,2.4023
0.0079,0.0000,0.0000,0.0000,0.0078,0.0001,200,2.4022
0.0076,0.0000,0.0000,0.0000,0.0075,0.0001,200,2.4095
0.0076,0.0000,0.0000,0.0000,0.0076,0.0000,200,2.4100
0.0084,0.0000,0.0000,0.0000,0.0079,0.0004,200,2.4096
0.0106,0.0000,0.0000,0.0000,0.0105,0.0001,200,2.4101
0.0073,0.0000,0.0000,0.0000,0.0072,0.0000,200,2.4176
0.0079,0.0000,0.0000,0.0000,0.0076,0.0002,200,2.4171
0.0091,0.0000,0.0000,0.0000,0.0089,0.0001,200,2.4180
0.0070,0.0000,0.0000,0.0000,0.0069,0.0000,200,2.4207
0.0074,0.0000,0.0000,0.0000,0.0073,0.0001,200,2.4250
0.0076,0.0000,0.0000,0.0000,0.0075,0.0001,200,2.4249
0.0091,0.0000,0.0000,0.0000,0.0090,0.0001,200,2.4271
0.0085,0.0000,0.0000,0.0000,0.0084,0.0001,200,2.4277
0.0072,0.0000,0.0000,0.0000,0.0071,0.0001,200,2.4324
0.0077,0.0000,0.0000,0.0000,0.0076,0.0000,200,2.4325
0.0073,0.0000,0.0000,0.0000,0.0071,0.0001,200,2.4362
0.0083,0.0000,0.0000,0.0000,0.0082,0.0000,200,2.4362
0.0069,0.0000,0.0000,0.0000,0.0068,0.0001,200,2.4403
0.0075,0.0000,0.0000,0.0000,0.0074,0.0001,200,2.4397
0.0070,0.0000,0.0000,0.0000,0.0068,0.0002,200,2.4444
0.0099,0.0000,0.0000,0.0000,0.0097,0.0001,200,2.4434
0.0072,0.0000,0.0000,0.0000,0.0070,0.0001,200,2.4472
0.0073,0.0000,0.0000,0.0000,0.0072,0.0000,200,2.4472
0.0072,0.0000,0.0000,0.0000,0.0071,0.0001,200,2.4515
0.0071,0.0000,0.0000,0.0000,0.0068,0.0002,200,2.4543
0.0070,0.0000,0.0000,0.0000,0.0070,0.0000,200,2.4545
0.0097,0.0000,0.0000,0.0000,0.0096,0.0000,200,2.4533
0.0067,0.0000,0.0000,0.0000,0.0067,0.0000,200,2.4586
0.0065,0.0000,0.0000,0.0000,0.0064,0.0000,200,2.4615
0.0066,0.0000,0.0000,0.0000,0.0065,0.0000,200,2.4615
0.0065,0.0000,0.0000,0.0000,0.0064,0.0000,200,2.4630
0.0064,0.0000,0.0000,0.0000,0.0063,0.0000,200,2.4654
0.0066,0.0000,0.0000,0.0000,0.0065,0.0001,200,2.4680
0.0066,0.0000,0.0000,0.0000,0.0066,0.0000,200,2.4681
0.0064,0.0000,0.0000,0.0000,0.0063,0.0000,200,2.4695
0.0064,0.0000,0.0000,0.0000,0.0063,0.0001,200,2.4718
0.0065,0.0000,0.0000,0.0000,0.0064,0.0000,200,2.4747
0.0066,0.0000,0.0000,0.0000,0.0065,0.0000,200,2.4746
0.0065,0.0000,0.0000,0.0000,0.0064,0.0000,200,2.4759
0.0064,0.0000,0.0000,0.0000,0.0063,0.0000,200,2.4782
0.0065,0.0000,0.0000,0.0000,0.0064,0.0001,200,2.4811
0.0065,0.0000,0.0000,0.0000,0.0064,0.0000,200,2.4811
0.0064,0.0000,0.0000,0.0000,0.0063,0.0000,200,2.4823
0.0063,0.0000,0.0000,0.0000,0.0062,0.0001,200,2.4846
0.0065,0.0000,0.0000,0.0000,0.0064,0.0001,200,2.4876
0.0066,0.0000,0.0000,0.0000,0.0065,0.0000,200,2.4876
0.0069,0.0000,0.0000,0.0000,0.0068,0.0000,200,2.4887
0.0064,0.0000,0.0000,0.0000,0.0064,0.0000,200,2.4909
0.0065,0.0000,0.0000,0.0000,0.0064,0.0001,200,2.4942
0.0066,0.0000,0.0000,0.0000,0.0065,0.0000,200,2.4941
0.0064,0.0000,0.0000,0.0000,0.0063,0.0000,200,2.4956
0.0063,0.0000,0.0000,0.0000,0.0062,0.0000,200,2.4974
0.0069,0.0000,0.0000,0.0000,0.0068,0.0001,200,2.5006
0.0068,0.0000,0.0000,0.0000,0.0068,0.0000,200,2.5007
0.0064,0.0000,0.0000,0.0000,0.0064,0.0000,200,2.5019
0.0063,0.0000,0.0000,0.0000,0.0062,0.0001,200,2.5037
0.0067,0.0000,0.0000,0.0000,0.0066,0.0001,200,2.5075
0.0067,0.0000,0.0000,0.0000,0.0066,0.0001,200,2.5075
0.0066,0.0000,0.0000,0.0000,0.0065,0.0001,200,2.5084
0.0064,0.0000,0.0000,0.0000,0.0064,0.0000,200,2.5100
0.0067,0.0000,0.0000,0.0000,0.0066,0.0001,200,2.5142
0.0067,0.0000,0.0000,0.0000,0.0065,0.0001,200,2.5142
0.0065,0.0000,0.0000,0.0000,0.0064,0.0000,200,2.5150
0.0064,0.0000,0.0000,0.0000,0.0064,0.0000,200,2.5164
0.0064,0.0000,0.0000,0.0000,0.0063,0.0001,200,2.5215
0.0070,0.0000,0.0000,0.0000,0.0069,0.0000,200,2.5209
0.0070,0.0000,0.0000,0.0000,0.0065,0.0005,200,2.5209
0.0065,0.0000,0.0000,0.0000,0.0064,0.0001,200,2.5229
0.0068,0.0000,0.0000,0.0000,0.0067,0.0001,200,2.5279
0.0067,0.0000,0.0000,0.0000,0.0066,0.0000,200,2.5280
0.0073,0.0000,0.0000,0.0000,0.0072,0.0001,200,2.5278
0.0064,0.0000,0.0000,0.0000,0.0063,0.0000,200,2.5294
0.0066,0.0000,0.0000,0.0000,0.0064,0.0001,200,2.5347
0.0067,0.0000,0.0000,0.0000,0.0066,0.0000,200,2.5347
0.0063,0.0000,0.0000,0.0000,0.0063,0.0000,200,2.5352
0.0065,0.0000,0.0000,0.0000,0.0064,0.0000,200,2.5358
0.0067,0.0000,0.0000,0.0000,0.0065,0.0001,200,2.5413
0.0067,0.0000,0.0000,0.0000,0.0066,0.0000,200,2.5413
0.0069,0.0000,0.0000,0.0000,0.0069,0.0000,200,2.5415
0.0065,0.0000,0.0000,0.0000,0.0064,0.0000,200,2.5423
0.0068,0.0000,0.0000,0.0000,0.0067,0.0001,200,2.5479
0.0068,0.0000,0.0000,0.0000,0.0068,0.0000,200,2.5480
0.0065,0.0000,0.0000,0.0000,0.0065,0.0000,200,2.5484
0.0063,0.0000,0.0000,0.0000,0.0062,0.0001,200,2.5488
0.0068,0.0000,0.0000,0.0000,0.0067,0.0001,200,2.5548
0.0066,0.0000,0.0000,0.0000,0.0065,0.0001,200,2.5550
0.0067,0.0000,0.0000,0.0000,0.0066,0.0001,200,2.5549
0.0069,0.0000,0.0000,0.0000,0.0068,0.0000,200,2.5551
0.0070,0.0000,0.0000,0.0000,0.0068,0.0001,200,2.5615
0.0069,0.0000,0.0000,0.0000,0.0068,0.0001,200,2.5620
0.0074,0.0000,0.0000,0.0000,0.0073,0.0001,200,2.5616
0.0075,0.0000,0.0000,0.0000,0.0073,0.0001,200,2.5615
0.0068,0.0000,0.0000,0.0000,0.0066,0.0001,200,2.5685
0.0065,0.0000,0.0000,0.0000,0.0064,0.0000,200,2.5690
0.0070,0.0000,0.0000,0.0000,0.0068,0.0002,200,2.5690
0.0083,0.0000,0.0000,0.0000,0.0082,0.0001,200,2.5689
0.0068,0.0000,0.0000,0.0000,0.0067,0.0001,200,2.5753
0.0067,0.0000,0.0000,0.0000,0.0066,0.0001,200,2.5754
0.0065,0.0000,0.0000,0.0000,0.0064,0.0000,200,2.5760
0.0065,0.0000,0.0000,0.0000,0.0064,0.0001,200,2.5772
0.0064,0.0000,0.0000,0.0000,0.0063,0.0000,200,2.5825
0.0068,0.0000,0.0000,0.0000,0.0067,0.0000,200,2.5821
0.0069,0.0000,0.0000,0.0000,0.0066,0.0002,200,2.5821
0.0065,0.0000,0.0000,0.0000,0.0064,0.0001,200,2.5837
0.0075,0.0000,0.0000,0.0000,0.0074,0.0000,200,2.5889
0.0075,0.0000,0.0000,0.0000,0.0075,0.0001,200,2.5889
0.0076,0.0000,0.0000,0.0000,0.0075,0.0000,200,2.5888
0.0065,0.0000,0.0000,0.0000,0.0064,0.0000,200,2.5902
0.0069,0.0000,0.0000,0.0000,0.0067,0.0001,200,2.5964
0.0069,0.0000,0.0000,0.0000,0.0068,0.0000,200,2.5964
0.0069,0.0000,0.0000,0.0000,0.0068,0.0000,200,2.5964
0.0074,0.0000,0.0000,0.0000,0.0071,0.0003,200,2.5967
0.0072,0.0000,0.0000,0.0000,0.0071,0.0001,200,2.6033
0.0073,0.0000,0.0000,0.0000,0.0071,0.0000,200,2.6033
0.0074,0.0000,0.0000,0.0000,0.0071,0.0002,200,2.6033
0.0068,0.0000,0.0000,0.0000,0.0067,0.0000,200,2.6042
0.0070,0.0000,0.0000,0.0000,0.0069,0.0001,200,2.6106
0.0071,0.0000,0.0000,0.0000,0.0070,0.0000,200,2.6105
0.0070,0.0000,0.0000,0.0000,0.0069,0.0000,200,2.6107
0.0073,0.0000,0.0000,0.0000,0.0072,0.0000,200,2.6109
0.0067,0.0000,0.0000,0.0000,0.0066,0.0001,200,2.6177
0.0068,0.0000,0.0000,0.0000,0.0067,0.0001,200,2.6176
0.0079,0.0000,0.0000,0.0000,0.0078,0.0000,200,2.6176
0.0074,0.0000,0.0000,0.0000,0.0073,0.0000,200,2.6182
0.0067,0.0000,0.0000,0.0000,0.0066,0.0001,200,2.6243
0.0066,0.0000,0.0000,0.0000,0.0066,0.0000,200,2.6244
0.0064,0.0000,0.0000,0.0000,0.0063,0.0001,200,2.6256
0.0066,0.0000,0.0000,0.0000,0.0066,0.0000,200,2.6255
0.0068,0.0000,0.0000,0.0000,0.0067,0.0000,200,2.6311
0.0068,0.0000,0.0000,0.0000,0.0067,0.0001,200,2.6310
0.0066,0.0000,0.0000,0.0000,0.0065,0.0000,200,2.6320
0.0064,0.0000,0.0000,0.0000,0.0063,0.0000,200,2.6322
0.0068,0.0000,0.0000,0.0000,0.0067,0.0000,200,2.6378
0.0068,0.0000,0.0000,0.0000,0.0067,0.0000,200,2.6378
0.0064,0.0000,0.0000,0.0000,0.0064,0.0000,200,2.6386
0.0065,0.0000,0.0000,0.0000,0.0064,0.0000,200,2.6386
0.0070,0.0000,0.0000,0.0000,0.0068,0.0001,200,2.6446
0.0066,0.0000,0.0000,0.0000,0.0066,0.0000,200,2.6450
0.0071,0.0000,0.0000,0.0000,0.0069,0.0002,200,2.6446
0.0068,0.0000,0.0000,0.0000,0.0068,0.0000,200,2.6450
0.0067,0.0000,0.0000,0.0000,0.0066,0.0001,200,2.6516
0.0067,0.0000,0.0000,0.0000,0.0066,0.0000,200,2.6516
0.0069,0.0000,0.0000,0.0000,0.0068,0.0000,200,2.6518
0.0075,0.0000,0.0000,0.0000,0.0072,0.0003,200,2.6517
0.0071,0.0000,0.0000,0.0000,0.0070,0.0001,200,2.6583
0.0067,0.0000,0.0000,0.0000,0.0066,0.0001,200,2.6587
0.0071,0.0000,0.0000,0.0000,0.0070,0.0001,200,2.6583
0.0072,0.0000,0.0000,0.0000,0.0067,0.0004,200,2.6592
0.0070,0.0000,0.0000,0.0000,0.0069,0.0001,200,2.6654
0.0072,0.0000,0.0000,0.0000,0.0071,0.0000,200,2.6654
0.0072,0.0000,0.0000,0.0000,0.0072,0.0000,200,2.6654
0.0078,0.0000,0.0000,0.0000,0.0076,0.0001,200,2.6664
0.0069,0.0000,0.0000,0.0000,0.0068,0.0001,200,2.6724
0.0073,0.0000,0.0000,0.0000,0.0072,0.0000,200,2.6727
0.0075,0.0000,0.0000,0.0000,0.0074,0.0001,200,2.6726
0.0065,0.0000,0.0000,0.0000,0.0064,0.0000,200,2.6742
0.0067,0.0000,0.0000,0.0000,0.0066,0.0001,200,2.6794
0.0065,0.0000,0.0000,0.0000,0.0064,0.0000,200,2.6801
0.0066,0.0000,0.0000,0.0000,0.0066,0.0000,200,2.6800
0.0066,0.0000,0.0000,0.0000,0.0065,0.0000,200,2.6807
0.0069,0.0000,0.0000,0.0000,0.0068,0.0001,200,2.6861
0.0064,0.0000,0.0000,0.0000,0.0063,0.0000,200,2.6866
0.0065,0.0000,0.0000,0.0000,0.0064,0.0000,200,2.6866
0.0066,0.0000,0.0000,0.0000,0.0065,0.0001,200,2.6873
0.0068,0.0000,0.0000,0.0000,0.0067,0.0001,200,2.6930
0.0069,0.0000,0.0000,0.0000,0.0068,0.0000,200,2.6930
0.0069,0.0000,0.0000,0.0000,0.0069,0.0000,200,2.6931
0.0069,0.0000,0.0000,0.0000,0.0068,0.0001,200,2.6938
0.0069,0.0000,0.0000,0.0000,0.0068,0.0001,200,2.6998
0.0069,0.0000,0.0000,0.0000,0.0068,0.0000,200,2.6998
0.0071,0.0000,0.0000,0.0000,0.0070,0.0000,200,2.7001
0.0069,0.0000,0.0000,0.0000,0.0068,0.0001,200,2.7007
0.0068,0.0000,0.0000,0.0000,0.0067,0.0001,200,2.7067
0.0068,0.0000,0.0000,0.0000,0.0068,0.0000,200,2.7067
0.0068,0.0000,0.0000,0.0000,0.0067,0.0000,200,2.7072
0.0066,0.0000,0.0000,0.0000,0.0065,0.0001,200,2.7076
0.0067,0.0000,0.0000,0.0000,0.0066,0.0001,200,2.7135
0.0068,0.0000,0.0000,0.0000,0.0067,0.0001,200,2.7135
0.0064,0.0000,0.0000,0.0000,0.0064,0.0000,200,2.7140
0.0064,0.0000,0.0000,0.0000,0.0063,0.0000,200,2.7142
0.0068,0.0000,0.0000,0.0000,0.0067,0.0001,200,2.7203
0.0073,0.0000,0.0000,0.0000,0.0069,0.0004,200,2.7202
0.0070,0.0000,0.0000,0.0000,0.0069,0.0000,200,2.7206
0.0072,0.0000,0.0000,0.0000,0.0071,0.0000,200,2.7204
0.0070,0.0000,0.0000,0.0000,0.0068,0.0001,200,2.7271
0.0065,0.0000,0.0000,0.0000,0.0065,0.0000,200,2.7276
0.0070,0.0000,0.0000,0.0000,0.0069,0.0001,200,2.7275
0.0071,0.0000,0.0000,0.0000,0.0070,0.0000,200,2.7276
0.0063,0.0000,0.0000,0.0000,0.0063,0.0001,200,2.7345
0.0068,0.0000,0.0000,0.0000,0.0067,0.0001,200,2.7341
0.0071,0.0000,0.0000,0.0000,0.0070,0.0000,200,2.7341
0.0071,0.0000,0.0000,0.0000,0.0071,0.0000,200,2.7346
0.0068,0.0000,0.0000,0.0000,0.0067,0.0001,200,2.7409
0.0068,0.0000,0.0000,0.0000,0.0067,0.0000,200,2.7409
0.0069,0.0000,0.0000,0.0000,0.0068,0.0000,200,2.7411
0.0066,0.0000,0.0000,0.0000,0.0065,0.0000,200,2.7418
0.0069,0.0000,0.0000,0.0000,0.0068,0.0001,200,2.7477
0.0063,0.0000,0.0000,0.0000,0.0062,0.0000,200,2.7484
0.0067,0.0000,0.0000,0.0000,0.0067,0.0000,200,2.7480
0.0122,0.0000,0.0000,0.0000,0.0122,0.0001,200,2.7477
0.0066,0.0000,0.0000,0.0000,0.0065,0.0001,200,2.7545
0.0068,0.0000,0.0000,0.0000,0.0067,0.0000,200,2.7547
0.0107,0.0000,0.0000,0.0000,0.0107,0.0001,200,2.7547
0.0065,0.0000,0.0000,0.0000,0.0064,0.0001,200,2.7611
0.0064,0.0000,0.0000,0.0000,0.0064,0.0000,200,2.7615
0.0110,0.0000,0.0000,0.0000,0.0109,0.0001,200,2.7599
0.0065,0.0000,0.0000,0.0000,0.0064,0.0001,200,2.7676
0.0064,0.0000,0.0000,0.0000,0.0063,0.0001,200,2.7680
0.0111,0.0000,0.0000,0.0000,0.0110,0.0001,200,2.7654
0.0064,0.0000,0.0000,0.0000,0.0064,0.0000,200,2.7743
0.0067,0.0000,0.0000,0.0000,0.0066,0.0000,200,2.7740
0.0111,0.0000,0.0000,0.0000,0.0110,0.0001,200,2.7709
0.0066,0.0000,0.0000,0.0000,0.0066,0.0001,200,2.7807
0.0067,0.0000,0.0000,0.0000,0.0066,0.0000,200,2.7807
0.0112,0.0000,0.0000,0.0000,0.0111,0.0000,200,2.7765
0.0119,0.0000,0.0000,0.0000,0.0118,0.0001,200,2.7820
0.0069,0.0000,0.0000,0.0000,0.0068,0.0000,200,2.7874
0.0070,0.0000,0.0000,0.0000,0.0070,0.0000,200,2.7874
0.0069,0.0000,0.0000,0.0000,0.0068,0.0001,200,2.7878
0.0070,0.0000,0.0000,0.0000,0.0069,0.0001,200,2.7939
0.0067,0.0000,0.0000,0.0000,0.0066,0.0000,200,2.7943
0.0070,0.0000,0.0000,0.0000,0.0069,0.0001,200,2.7944
0.0073,0.0000,0.0000,0.0000,0.0072,0.0000,200,2.7946
0.0069,0.0000,0.0000,0.0000,0.0068,0.0001,200,2.8010
0.0070,0.0000,0.0000,0.0000,0.0070,0.0000,200,2.8009
0.0067,0.0000,0.0000,0.0000,0.0066,0.0000,200,2.8015
0.0063,0.0000,0.0000,0.0000,0.0063,0.0000,200,2.8019
0.0067,0.0000,0.0000,0.0000,0.0067,0.0001,200,2.8080
0.0068,0.0000,0.0000,0.0000,0.0067,0.0001,200,2.8079
0.0066,0.0000,0.0000,0.0000,0.0066,0.0000,200,2.8081
0.0077,0.0000,0.0000,0.0000,0.0076,0.0001,200,2.8083
0.0068,0.0000,0.0000,0.0000,0.0067,0.0001,200,2.8147
0.0068,0.0000,0.0000,0.0000,0.0068,0.0000,200,2.8147
0.0072,0.0000,0.0000,0.0000,0.0072,0.0000,200,2.8148
0.0067,0.0000,0.0000,0.0000,0.0066,0.0000,200,2.8159
0.0071,0.0000,0.0000,0.0000,0.0070,0.0001,200,2.8215
0.0066,0.0000,0.0000,0.0000,0.0066,0.0000,200,2.8220
0.0072,0.0000,0.0000,0.0000,0.0070,0.0002,200,2.8215
0.0065,0.0000,0.0000,0.0000,0.0064,0.0001,200,2.8226
0.0069,0.0000,0.0000,0.0000,0.0068,0.0001,200,2.8286
0.0068,0.0000,0.0000,0.0000,0.0067,0.0001,200,2.8287
0.0070,0.0000,0.0000,0.0000,0.0069,0.0000,200,2.8286
0.0071,0.0000,0.0000,0.0000,0.0071,0.0001,200,2.8291
0.0068,0.0000,0.0000,0.0000,0.0067,0.0001,200,2.8355
0.0068,0.0000,0.0000,0.0000,0.0067,0.0000,200,2.8355
0.0068,0.0000,0.0000,0.0000,0.0067,0.0000,200,2.8356
0.0072,0.0000,0.0000,0.0000,0.0071,0.0001,200,2.8363
0.0070,0.0000,0.0000,0.0000,0.0069,0.0001,200,2.8423
0.0071,0.0000,0.0000,0.0000,0.0070,0.0000,200,2.8424
0.0071,0.0000,0.0000,0.0000,0.0070,0.0000,200,2.8423
0.0065,0.0000,0.0000,0.0000,0.0064,0.0000,200,2.8435
0.0069,0.0000,0.0000,0.0000,0.0068,0.0001,200,2.8494
0.0069,0.0000,0.0000,0.0000,0.0069,0.0000,200,2.8494
0.0071,0.0000,0.0000,0.0000,0.0071,0.0000,200,2.8493
0.0068,0.0000,0.0000,0.0000,0.0067,0.0000,200,2.8499
0.0070,0.0000,0.0000,0.0000,0.0069,0.0000,200,2.8564
0.0069,0.0000,0.0000,0.0000,0.0067,0.0001,200,2.8565
0.0070,0.0000,0.0000,0.0000,0.0070,0.0000,200,2.8563
0.0074,0.0000,0.0000,0.0000,0.0073,0.0001,200,2.8568
0.0071,0.0000,0.0000,0.0000,0.0070,0.0001,200,2.8634
0.0071,0.0000,0.0000,0.0000,0.0071,0.0000,200,2.8633
0.0072,0.0000,0.0000,0.0000,0.0071,0.0000,200,2.8633
0.0067,0.0000,0.0000,0.0000,0.0066,0.0000,200,2.8641
0.0067,0.0000,0.0000,0.0000,0.0067,0.0000,200,2.8705
0.0068,0.0000,0.0000,0.0000,0.0067,0.0000,200,2.8705
0.0077,0.0000,0.0000,0.0000,0.0076,0.0000,200,2.8705
0.0074,0.0000,0.0000,0.0000,0.0074,0.0000,200,2.8708
0.0069,0.0000,0.0000,0.0000,0.0068,0.0001,200,2.8773
0.0069,0.0000,0.0000,0.0000,0.0068,0.0000,200,2.8773
0.0065,0.0000,0.0000,0.0000,0.0065,0.0000,200,2.8782
0.0066,0.0000,0.0000,0.0000,0.0065,0.0001,200,2.8782
0.0069,0.0000,0.0000,0.0000,0.0068,0.0001,200,2.8842
0.0065,0.0000,0.0000,0.0000,0.0064,0.0001,200,2.8848
0.0066,0.0000,0.0000,0.0000,0.0065,0.0000,200,2.8848
0.0099,0.0000,0.0000,0.0000,0.0098,0.0001,200,2.8842
0.0070,0.0000,0.0000,0.0000,0.0069,0.0001,200,2.8911
0.0072,0.0000,0.0000,0.0000,0.0071,0.0000,200,2.8914
0.0077,0.0000,0.0000,0.0000,0.0076,0.0000,200,2.8912
0.0066,0.0000,0.0000,0.0000,0.0065,0.0000,200,2.8941
0.0067,0.0000,0.0000,0.0000,0.0066,0.0001,200,2.8981
0.0063,0.0000,0.0000,0.0000,0.0063,0.0000,200,2.8985
0.0064,0.0000,0.0000,0.0000,0.0063,0.0000,200,2.8989
0.0065,0.0000,0.0000,0.0000,0.0064,0.0001,200,2.9006
0.0065,0.0000,0.0000,0.0000,0.0064,0.0000,200,2.9049
0.0067,0.0000,0.0000,0.0000,0.0067,0.0000,200,2.9047
0.0063,0.0000,0.0000,0.0000,0.0062,0.0000,200,2.9053
0.0068,0.0000,0.0000,0.0000,0.0067,0.0001,200,2.9072
0.0068,0.0000,0.0000,0.0000,0.0068,0.0001,200,2.9115
0.0070,0.0000,0.0000,0.0000,0.0069,0.0000,200,2.9113
0.0071,0.0000,0.0000,0.0000,0.0070,0.0000,200,2.9116
0.0065,0.0000,0.0000,0.0000,0.0063,0.0001,200,2.9140
0.0066,0.0000,0.0000,0.0000,0.0065,0.0001,200,2.9183
0.0066,0.0000,0.0000,0.0000,0.0066,0.0000,200,2.9184
0.0069,0.0000,0.0000,0.0000,0.0068,0.0000,200,2.9186
0.0063,0.0000,0.0000,0.0000,0.0062,0.0000,200,2.9205
0.0063,0.0000,0.0000,0.0000,0.0062,0.0000,200,2.9255
0.0069,0.0000,0.0000,0.0000,0.0067,0.0002,200,2.9250
0.0070,0.0000,0.0000,0.0000,0.0069,0.0000,200,2.9249
0.0064,0.0000,0.0000,0.0000,0.0063,0.0001,200,2.9267
0.0068,0.0000,0.0000,0.0000,0.0067,0.0001,200,2.9319
0.0069,0.0000,0.0000,0.0000,0.0068,0.0000,200,2.9318
0.0072,0.0000,0.0000,0.0000,0.0071,0.0001,200,2.9319
0.0065,0.0000,0.0000,0.0000,0.0065,0.0000,200,2.9332
0.0071,0.0000,0.0000,0.0000,0.0069,0.0001,200,2.9387
0.0067,0.0000,0.0000,0.0000,0.0066,0.0001,200,2.9391
0.0071,0.0000,0.0000,0.0000,0.0070,0.0001,200,2.9387
0.0063,0.0000,0.0000,0.0000,0.0062,0.0000,200,2.9397
0.0068,0.0000,0.0000,0.0000,0.0067,0.0001,200,2.9458
0.0068,0.0000,0.0000,0.0000,0.0067,0.0001,200,2.9458
0.0072,0.0000,0.0000,0.0000,0.0071,0.0001,200,2.9458
0.0071,0.0000,0.0000,0.0000,0.0070,0.0000,200,2.9460
0.0070,0.0000,0.0000,0.0000,0.0068,0.0001,200,2.9526
0.0067,0.0000,0.0000,0.0000,0.0066,0.0000,200,2.9530
0.0071,0.0000,0.0000,0.0000,0.0071,0.0000,200,2.9526
0.0074,0.0000,0.0000,0.0000,0.0073,0.0000,200,2.9531
0.0069,0.0000,0.0000,0.0000,0.0068,0.0001,200,2.9596
0.0068,0.0000,0.0000,0.0000,0.0067,0.0000,200,2.9597
0.0072,0.0000,0.0000,0.0000,0.0071,0.0000,200,2.9597
0.0071,0.0000,0.0000,0.0000,0.0070,0.0000,200,2.9605
0.0068,0.0000,0.0000,0.0000,0.0066,0.0001,200,2.9665
0.0069,0.0000,0.0000,0.0000,0.0069,0.0000,200,2.9665
0.0069,0.0000,0.0000,0.0000,0.0068,0.0000,200,2.9669
0.0067,0.0000,0.0000,0.0000,0.0066,0.0000,200,2.9676
0.0067,0.0000,0.0000,0.0000,0.0066,0.0001,200,2.9732
0.0066,0.0000,0.0000,0.0000,0.0065,0.0000,200,2.9734
0.0078,0.0000,0.0000,0.0000,0.0077,0.0001,200,2.9738
0.0079,0.0000,0.0000,0.0000,0.0066,0.0013,200,2.9742
0.0070,0.0000,0.0000,0.0000,0.0068,0.0001,200,2.9800
0.0070,0.0000,0.0000,0.0000,0.0069,0.0000,200,2.9800
0.0069,0.0000,0.0000,0.0000,0.0068,0.0001,200,2.9816
0.0065,0.0000,0.0000,0.0000,0.0063,0.0001,200,2.9821
0.0069,0.0000,0.0000,0.0000,0.0067,0.0001,200,2.9870
0.0073,0.0000,0.0000,0.0000,0.0072,0.0000,200,2.9870
0.0064,0.0000,0.0000,0.0000,0.0063,0.0001,200,2.9886
0.0066,0.0000,0.0000,0.0000,0.0065,0.0000,200,2.9885
0.0069,0.0000,0.0000,0.0000,0.0068,0.0001,200,2.9938
0.0066,0.0000,0.0000,0.0000,0.0065,0.0000,200,2.9942
0.0064,0.0000,0.0000,0.0000,0.0063,0.0000,200,2.9951
0.0069,0.0000,0.0000,0.0000,0.0068,0.0001,200,2.9951
0.0067,0.0000,0.0000,0.0000,0.0066,0.0001,200,3.0008
0.0068,0.0000,0.0000,0.0000,0.0067,0.0000,200,3.0007
0.0067,0.0000,0.0000,0.0000,0.0067,0.0000,200,3.0015
0.0062,0.0000,0.0000,0.0000,0.0062,0.0000,200,3.0020
0.0064,0.0000,0.0000,0.0000,0.0063,0.0000,200,3.0075
0.0064,0.0000,0.0000,0.0000,0.0063,0.0000,200,3.0075
0.0061,0.0000,0.0000,0.0000,0.0061,0.0000,200,3.0082
0.0069,0.0000,0.0000,0.0000,0.0069,0.0000,200,3.0082
0.0064,0.0000,0.0000,0.0000,0.0064,0.0001,200,3.0139
0.0065,0.0000,0.0000,0.0000,0.0064,0.0000,200,3.0139
0.0063,0.0000,0.0000,0.0000,0.0062,0.0000,200,3.0144
0.0063,0.0000,0.0000,0.0000,0.0062,0.0000,200,3.0151
0.0068,0.0000,0.0000,0.0000,0.0067,0.0001,200,3.0203
0.0071,0.0000,0.0000,0.0000,0.0070,0.0000,200,3.0203
0.0069,0.0000,0.0000,0.0000,0.0068,0.0000,200,3.0206
0.0064,0.0000,0.0000,0.0000,0.0064,0.0000,200,3.0214
0.0071,0.0000,0.0000,0.0000,0.0069,0.0001,200,3.0271
0.0069,0.0000,0.0000,0.0000,0.0068,0.0000,200,3.0275
0.0066,0.0000,0.0000,0.0000,0.0065,0.0000,200,3.0279
0.0073,0.0000,0.0000,0.0000,0.0072,0.0000,200,3.0275
0.0074,0.0000,0.0000,0.0000,0.0068,0.0006,200,3.0343
0.0078,0.0000,0.0000,0.0000,0.0074,0.0004,200,3.0342
0.0079,0.0000,0.0000,0.0000,0.0078,0.0000,200,3.0348
0.0106,0.0000,0.0000,0.0000,0.0105,0.0001,200,3.0344
0.0079,0.0000,0.0000,0.0000,0.0078,0.0001,200,3.0420
0.0072,0.0000,0.0000,0.0000,0.0071,0.0000,200,3.0427
0.0092,0.0000,0.0000,0.0000,0.0090,0.0001,200,3.0417
0.0105,0.0000,0.0000,0.0000,0.0104,0.0001,200,3.0450
0.0073,0.0000,0.0000,0.0000,0.0073,0.0000,200,3.0499
0.0074,0.0000,0.0000,0.0000,0.0072,0.0002,200,3.0499
0.0102,0.0000,0.0000,0.0000,0.0100,0.0001,200,3.0509
0.0074,0.0000,0.0000,0.0000,0.0073,0.0000,200,3.0556
0.0069,0.0000,0.0000,0.0000,0.0068,0.0001,200,3.0574
0.0074,0.0000,0.0000,0.0000,0.0073,0.0000,200,3.0572
0.0069,0.0000,0.0000,0.0000,0.0068,0.0001,200,3.0612
0.0069,0.0000,0.0000,0.0000,0.0068,0.0001,200,3.0630
0.0067,0.0000,0.0000,0.0000,0.0066,0.0001,200,3.0646
0.0072,0.0000,0.0000,0.0000,0.0071,0.0000,200,3.0642
0.0071,0.0000,0.0000,0.0000,0.0070,0.0001,200,3.0681
0.0070,0.0000,0.0000,0.0000,0.0068,0.0001,200,3.0698
0.0066,0.0000,0.0000,0.0000,0.0066,0.0001,200,3.0714
0.0071,0.0000,0.0000,0.0000,0.0070,0.0000,200,3.0713
0.0070,0.0000,0.0000,0.0000,0.0068,0.0001,200,3.0752
0.0071,0.0000,0.0000,0.0000,0.0070,0.0000,200,3.0768
0.0074,0.0000,0.0000,0.0000,0.0073,0.0001,200,3.0784
0.0085,0.0000,0.0000,0.0000,0.0084,0.0001,200,3.0781
0.0071,0.0000,0.0000,0.0000,0.0069,0.0001,200,3.0822
0.0066,0.0000,0.0000,0.0000,0.0065,0.0001,200,3.0839
0.0075,0.0000,0.0000,0.0000,0.0074,0.0001,200,3.0858
0.0067,0.0000,0.0000,0.0000,0.0066,0.0000,200,3.0866
0.0069,0.0000,0.0000,0.0000,0.0068,0.0001,200,3.0892
0.0067,0.0000,0.0000,0.0000,0.0066,0.0001,200,3.0905
0.0079,0.0000,0.0000,0.0000,0.0078,0.0000,200,3.0933
0.0079,0.0000,0.0000,0.0000,0.0078,0.0001,200,3.0933
0.0070,0.0000,0.0000,0.0000,0.0069,0.0001,200,3.0961
0.0066,0.0000,0.0000,0.0000,0.0065,0.0001,200,3.0972
0.0068,0.0000,0.0000,0.0000,0.0067,0.0001,200,3.1012
0.0069,0.0000,0.0000,0.0000,0.0069,0.0000,200,3.1012
0.0070,0.0000,0.0000,0.0000,0.0069,0.0001,200,3.1032
0.0068,0.0000,0.0000,0.0000,0.0067,0.0000,200,3.1038
0.0069,0.0000,0.0000,0.0000,0.0068,0.0001,200,3.1080
0.0069,0.0000,0.0000,0.0000,0.0068,0.0000,200,3.1081
0.0070,0.0000,0.0000,0.0000,0.0069,0.0001,200,3.1102
0.0066,0.0000,0.0000,0.0000,0.0066,0.0000,200,3.1106
0.0071,0.0000,0.0000,0.0000,0.0069,0.0001,200,3.1149
0.0072,0.0000,0.0000,0.0000,0.0072,0.0000,200,3.1150
0.0066,0.0000,0.0000,0.0000,0.0066,0.0001,200,3.1172
0.0069,0.0000,0.0000,0.0000,0.0068,0.0000,200,3.1172
0.0065,0.0000,0.0000,0.0000,0.0064,0.0001,200,3.1220
0.0063,0.0000,0.0000,0.0000,0.0063,0.0000,200,3.1222
0.0065,0.0000,0.0000,0.0000,0.0064,0.0001,200,3.1241
0.0076,0.0000,0.0000,0.0000,0.0075,0.0000,200,3.1239
0.0066,0.0000,0.0000,0.0000,0.0065,0.0001,200,3.1285
0.0066,0.0000,0.0000,0.0000,0.0065,0.0000,200,3.1285
0.0063,0.0000,0.0000,0.0000,0.0063,0.0000,200,3.1306
0.0071,0.0000,0.0000,0.0000,0.0064,0.0006,200,3.1314
0.0066,0.0000,0.0000,0.0000,0.0065,0.0001,200,3.1351
0.0067,0.0000,0.0000,0.0000,0.0066,0.0000,200,3.1351
0.0065,0.0000,0.0000,0.0000,0.0064,0.0001,200,3.1369
0.0067,0.0000,0.0000,0.0000,0.0066,0.0001,200,3.1385
0.0065,0.0000,0.0000,0.0000,0.0064,0.0000,200,3.1418
0.0067,0.0000,0.0000,0.0000,0.0066,0.0000,200,3.1417
0.0067,0.0000,0.0000,0.0000,0.0066,0.0000,200,3.1434
0.0063,0.0000,0.0000,0.0000,0.0062,0.0000,200,3.1452
0.0066,0.0000,0.0000,0.0000,0.0065,0.0001,200,3.1483
0.0065,0.0000,0.0000,0.0000,0.0065,0.0000,200,3.1484
0.0064,0.0000,0.0000,0.0000,0.0063,0.0001,200,3.1501
0.0064,0.0000,0.0000,0.0000,0.0063,0.0000,200,3.1514
0.0067,0.0000,0.0000,0.0000,0.0066,0.0001,200,3.1549
0.0068,0.0000,0.0000,0.0000,0.0067,0.0000,200,3.1549
0.0068,0.0000,0.0000,0.0000,0.0067,0.0001,200,3.1566
0.0063,0.0000,0.0000,0.0000,0.0063,0.0000,200,3.1578
0.0066,0.0000,0.0000,0.0000,0.0065,0.0001,200,3.1616
0.0067,0.0000,0.0000,0.0000,0.0066,0.0000,200,3.1616
0.0065,0.0000,0.0000,0.0000,0.0064,0.0001,200,3.1634
0.0063,0.0000,0.0000,0.0000,0.0062,0.0001,200,3.1642
0.0065,0.0000,0.0000,0.0000,0.0064,0.0000,200,3.1682
0.0067,0.0000,0.0000,0.0000,0.0066,0.0000,200,3.1683
0.0071,0.0000,0.0000,0.0000,0.0070,0.0001,200,3.1699
0.0067,0.0000,0.0000,0.0000,0.0067,0.0000,200,3.1704
0.0066,0.0000,0.0000,0.0000,0.0065,0.0001,200,3.1747
0.0067,0.0000,0.0000,0.0000,0.0066,0.0000,200,3.1749
0.0067,0.0000,0.0000,0.0000,0.0066,0.0001,200,3.1770
0.0065,0.0000,0.0000,0.0000,0.0065,0.0000,200,3.1772
0.0066,0.0000,0.0000,0.0000,0.0065,0.0001,200,3.1813
0.0064,0.0000,0.0000,0.0000,0.0063,0.0000,200,3.1816
0.0066,0.0000,0.0000,0.0000,0.0065,0.0001,200,3.1837
0.0066,0.0000,0.0000,0.0000,0.0066,0.0000,200,3.1837
0.0066,0.0000,0.0000,0.0000,0.0065,0.0000,200,3.1880
0.0067,0.0000,0.0000,0.0000,0.0065,0.0002,200,3.1879
0.0067,0.0000,0.0000,0.0000,0.0066,0.0001,200,3.1903
0.0068,0.0000,0.0000,0.0000,0.0067,0.0001,200,3.1903
0.0066,0.0000,0.0000,0.0000,0.0065,0.0001,200,3.1945
0.0065,0.0000,0.0000,0.0000,0.0065,0.0001,200,3.1946
0.0068,0.0000,0.0000,0.0000,0.0067,0.0001,200,3.1970
0.0066,0.0000,0.0000,0.0000,0.0065,0.0000,200,3.1972
0.0065,0.0000,0.0000,0.0000,0.0064,0.0001,200,3.2012
0.0066,0.0000,0.0000,0.0000,0.0065,0.0001,200,3.2011
0.0066,0.0000,0.0000,0.0000,0.0065,0.0001,200,3.2038
0.0067,0.0000,0.0000,0.0000,0.0066,0.0000,200,3.2037
0.0065,0.0000,0.0000,0.0000,0.0064,0.0001,200,3.2077
0.0066,0.0000,0.0000,0.0000,0.0065,0.0000,200,3.2077
0.0066,0.0000,0.0000,0.0000,0.0065,0.0001,200,3.2104
0.0066,0.0000,0.0000,0.0000,0.0065,0.0000,200,3.2104
0.0065,0.0000,0.0000,0.0000,0.0065,0.0000,200,3.2142
0.0066,0.0000,0.0000,0.0000,0.0065,0.0000,200,3.2142
0.0064,0.0000,0.0000,0.0000,0.0064,0.0000,200,3.2170
0.0065,0.0000,0.0000,0.0000,0.0064,0.0000,200,3.2170
0.0066,0.0000,0.0000,0.0000,0.0065,0.0001,200,3.2208
0.0067,0.0000,0.0000,0.0000,0.0066,0.0000,200,3.2208
0.0064,0.0000,0.0000,0.0000,0.0063,0.0001,200,3.2235
0.0068,0.0000,0.0000,0.0000,0.0067,0.0000,200,3.2234
0.0066,0.0000,0.0000,0.0000,0.0065,0.0001,200,3.2275
0.0066,0.0000,0.0000,0.0000,0.0065,0.0000,200,3.2274
0.0065,0.0000,0.0000,0.0000,0.0064,0.0001,200,3.2298
0.0067,0.0000,0.0000,0.0000,0.0066,0.0000,200,3.2302
0.0067,0.0000,0.0000,0.0000,0.0066,0.0001,200,3.2340
0.0067,0.0000,0.0000,0.0000,0.0067,0.0000,200,3.2340
0.0070,0.0000,0.0000,0.0000,0.0069,0.0001,200,3.2364
0.0065,0.0000,0.0000,0.0000,0.0064,0.0000,200,3.2369
0.0067,0.0000,0.0000,0.0000,0.0066,0.0001,200,3.2407
0.0067,0.0000,0.0000,0.0000,0.0067,0.0000,200,3.2408
0.0066,0.0000,0.0000,0.0000,0.0065,0.0001,200,3.2434
0.0066,0.0000,0.0000,0.0000,0.0065,0.0000,200,3.2434
0.0065,0.0000,0.0000,0.0000,0.0064,0.0001,200,3.2475
0.0067,0.0000,0.0000,0.0000,0.0066,0.0000,200,3.2475
0.0066,0.0000,0.0000,0.0000,0.0065,0.0000,200,3.2500
0.0066,0.0000,0.0000,0.0000,0.0065,0.0001,200,3.2500
0.0066,0.0000,0.0000,0.0000,0.0065,0.0001,200,3.2540
0.0064,0.0000,0.0000,0.0000,0.0063,0.0000,200,3.2542
0.0065,0.0000,0.0000,0.0000,0.0064,0.0000,200,3.2566
0.0065,0.0000,0.0000,0.0000,0.0064,0.0001,200,3.2566
0.0066,0.0000,0.0000,0.0000,0.0065,0.0000,200,3.2606
0.0077,0.0000,0.0000,0.0000,0.0076,0.0001,200,3.2606
0.0064,0.0000,0.0000,0.0000,0.0063,0.0001,200,3.2631
0.0064,0.0000,0.0000,0.0000,0.0064,0.0000,200,3.2631
0.0065,0.0000,0.0000,0.0000,0.0064,0.0000,200,3.2672
0.0065,0.0000,0.0000,0.0000,0.0065,0.0000,200,3.2683
0.0065,0.0000,0.0000,0.0000,0.0064,0.0000,200,3.2695
0.0066,0.0000,0.0000,0.0000,0.0065,0.0000,200,3.2695
0.0068,0.0000,0.0000,0.0000,0.0067,0.0001,200,3.2737
0.0072,0.0000,0.0000,0.0000,0.0070,0.0001,200,3.2748
0.0065,0.0000,0.0000,0.0000,0.0065,0.0000,200,3.2761
0.0065,0.0000,0.0000,0.0000,0.0065,0.0000,200,3.2761
0.0064,0.0000,0.0000,0.0000,0.0063,0.0001,200,3.2805
0.0067,0.0000,0.0000,0.0000,0.0067,0.0000,200,3.2826
0.0074,0.0000,0.0000,0.0000,0.0073,0.0000,200,3.2820
0.0067,0.0000,0.0000,0.0000,0.0066,0.0000,200,3.2827
0.0066,0.0000,0.0000,0.0000,0.0065,0.0001,200,3.2869
0.0065,0.0000,0.0000,0.0000,0.0064,0.0000,200,3.2893
0.0065,0.0000,0.0000,0.0000,0.0065,0.0000,200,3.2893
0.0073,0.0000,0.0000,0.0000,0.0072,0.0000,200,3.2893
0.0065,0.0000,0.0000,0.0000,0.0064,0.0001,200,3.2936
0.0066,0.0000,0.0000,0.0000,0.0065,0.0001,200,3.2959
0.0067,0.0000,0.0000,0.0000,0.0066,0.0000,200,3.2959
0.0068,0.0000,0.0000,0.0000,0.0067,0.0001,200,3.2966
0.0068,0.0000,0.0000,0.0000,0.0067,0.0001,200,3.3001
0.0065,0.0000,0.0000,0.0000,0.0064,0.0000,200,3.3025
0.0066,0.0000,0.0000,0.0000,0.0065,0.0001,200,3.3025
0.0063,0.0000,0.0000,0.0000,0.0063,0.0000,200,3.3034
0.0065,0.0000,0.0000,0.0000,0.0064,0.0001,200,3.3069
0.0066,0.0000,0.0000,0.0000,0.0065,0.0001,200,3.3091
0.0069,0.0000,0.0000,0.0000,0.0068,0.0000,200,3.3090
0.0063,0.0000,0.0000,0.0000,0.0062,0.0000,200,3.3097
0.0066,0.0000,0.0000,0.0000,0.0065,0.0001,200,3.3134
0.0064,0.0000,0.0000,0.0000,0.0063,0.0001,200,3.3160
0.0067,0.0000,0.0000,0.0000,0.0066,0.0000,200,3.3157
0.0066,0.0000,0.0000,0.0000,0.0065,0.0000,200,3.3159
0.0066,0.0000,0.0000,0.0000,0.0065,0.0001,200,3.3200
0.0066,0.0000,0.0000,0.0000,0.0066,0.0001,200,3.3224
0.0065,0.0000,0.0000,0.0000,0.0065,0.0000,200,3.3225
0.0071,0.0000,0.0000,0.0000,0.0070,0.0000,200,3.3224
0.0072,0.0000,0.0000,0.0000,0.0065,0.0007,200,3.3265
0.0069,0.0000,0.0000,0.0000,0.0068,0.0001,200,3.3290
0.0064,0.0000,0.0000,0.0000,0.0064,0.0000,200,3.3295
0.0069,0.0000,0.0000,0.0000,0.0068,0.0000,200,3.3290
0.0065,0.0000,0.0000,0.0000,0.0064,0.0001,200,3.3338
0.0065,0.0000,0.0000,0.0000,0.0065,0.0000,200,3.3359
0.0068,0.0000,0.0000,0.0000,0.0068,0.0000,200,3.3359
0.0071,0.0000,0.0000,0.0000,0.0070,0.0000,200,3.3359
0.0068,0.0000,0.0000,0.0000,0.0067,0.0001,200,3.3403
0.0064,0.0000,0.0000,0.0000,0.0063,0.0001,200,3.3427
0.0068,0.0000,0.0000,0.0000,0.0066,0.0001,200,3.3424
0.0066,0.0000,0.0000,0.0000,0.0065,0.0000,200,3.3430
0.0066,0.0000,0.0000,0.0000,0.0065,0.0001,200,3.3471
0.0067,0.0000,0.0000,0.0000,0.0066,0.0001,200,3.3491
0.0067,0.0000,0.0000,0.0000,0.0067,0.0000,200,3.3492
0.0074,0.0000,0.0000,0.0000,0.0073,0.0000,200,3.3495
0.0065,0.0000,0.0000,0.0000,0.0064,0.0000,200,3.3537
0.0065,0.0000,0.0000,0.0000,0.0065,0.0001,200,3.3558
0.0065,0.0000,0.0000,0.0000,0.0065,0.0000,200,3.3559
0.0066,0.0000,0.0000,0.0000,0.0065,0.0000,200,3.3569
0.0065,0.0000,0.0000,0.0000,0.0064,0.0001,200,3.3602
0.0064,0.0000,0.0000,0.0000,0.0063,0.0000,200,3.3624
0.0064,0.0000,0.0000,0.0000,0.0064,0.0000,200,3.3625
0.0064,0.0000,0.0000,0.0000,0.0063,0.0000,200,3.3635
0.0065,0.0000,0.0000,0.0000,0.0064,0.0000,200,3.3667
0.0064,0.0000,0.0000,0.0000,0.0063,0.0000,200,3.3689
0.0065,0.0000,0.0000,0.0000,0.0064,0.0000,200,3.3688
0.0066,0.0000,0.0000,0.0000,0.0065,0.0000,200,3.3699
0.0065,0.0000,0.0000,0.0000,0.0064,0.0001,200,3.3732
0.0067,0.0000,0.0000,0.0000,0.0066,0.0001,200,3.3753
0.0068,0.0000,0.0000,0.0000,0.0067,0.0000,200,3.3753
0.0065,0.0000,0.0000,0.0000,0.0064,0.0000,200,3.3765
0.0065,0.0000,0.0000,0.0000,0.0064,0.0000,200,3.3796
0.0064,0.0000,0.0000,0.0000,0.0063,0.0000,200,3.3821
0.0067,0.0000,0.0000,0.0000,0.0066,0.0000,200,3.3820
0.0074,0.0000,0.0000,0.0000,0.0073,0.0000,200,3.3830
0.0063,0.0000,0.0000,0.0000,0.0062,0.0000,200,3.3861
0.0066,0.0000,0.0000,0.0000,0.0065,0.0001,200,3.3884
0.0063,0.0000,0.0000,0.0000,0.0063,0.0000,200,3.3887
0.0064,0.0000,0.0000,0.0000,0.0064,0.0001,200,3.3904
0.0075,0.0000,0.0000,0.0000,0.0074,0.0001,200,3.3924
0.0065,0.0000,0.0000,0.0000,0.0064,0.0001,200,3.3950
0.0065,0.0000,0.0000,0.0000,0.0065,0.0000,200,3.3950
0.0071,0.0000,0.0000,0.0000,0.0071,0.0000,200,3.3968
0.0064,0.0000,0.0000,0.0000,0.0063,0.0001,200,3.3999
0.0063,0.0000,0.0000,0.0000,0.0062,0.0000,200,3.4015
0.0072,0.0000,0.0000,0.0000,0.0071,0.0000,200,3.4016
0.0067,0.0000,0.0000,0.0000,0.0066,0.0001,200,3.4040
0.0065,0.0000,0.0000,0.0000,0.0064,0.0001,200,3.4063
0.0066,0.0000,0.0000,0.0000,0.0065,0.0000,200,3.4078
0.0063,0.0000,0.0000,0.0000,0.0062,0.0000,200,3.4088
0.0064,0.0000,0.0000,0.0000,0.0063,0.0001,200,3.4107
0.0066,0.0000,0.0000,0.0000,0.0065,0.0001,200,3.4128
0.0065,0.0000,0.0000,0.0000,0.0064,0.0000,200,3.4144
0.0063,0.0000,0.0000,0.0000,0.0062,0.0000,200,3.4150
0.0064,0.0000,0.0000,0.0000,0.0063,0.0001,200,3.4171
0.0064,0.0000,0.0000,0.0000,0.0063,0.0000,200,3.4194
0.0065,0.0000,0.0000,0.0000,0.0065,0.0000,200,3.4209
0.0065,0.0000,0.0000,0.0000,0.0065,0.0000,200,3.4213
0.0063,0.0000,0.0000,0.0000,0.0063,0.0000,200,3.4235
0.0065,0.0000,0.0000,0.0000,0.0064,0.0000,200,3.4258
0.0065,0.0000,0.0000,0.0000,0.0064,0.0001,200,3.4278
0.0070,0.0000,0.0000,0.0000,0.0069,0.0000,200,3.4275
0.0065,0.0000,0.0000,0.0000,0.0064,0.0000,200,3.4298
0.0073,0.0000,0.0000,0.0000,0.0072,0.0000,200,3.4323
0.0065,0.0000,0.0000,0.0000,0.0064,0.0000,200,3.4344
0.0066,0.0000,0.0000,0.0000,0.0066,0.0000,200,3.4344
0.0064,0.0000,0.0000,0.0000,0.0063,0.0000,200,3.4363
0.0066,0.0000,0.0000,0.0000,0.0065,0.0000,200,3.4396
0.0064,0.0000,0.0000,0.0000,0.0063,0.0001,200,3.4409
0.0064,0.0000,0.0000,0.0000,0.0063,0.0000,200,3.4410
0.0065,0.0000,0.0000,0.0000,0.0064,0.0001,200,3.4427
0.0067,0.0000,0.0000,0.0000,0.0066,0.0001,200,3.4462
0.0063,0.0000,0.0000,0.0000,0.0062,0.0000,200,3.4473
0.0066,0.0000,0.0000,0.0000,0.0065,0.0000,200,3.4474
0.0064,0.0000,0.0000,0.0000,0.0063,0.0000,200,3.4491
0.0067,0.0000,0.0000,0.0000,0.0066,0.0001,200,3.4528
0.0065,0.0000,0.0000,0.0000,0.0065,0.0000,200,3.4540
0.0070,0.0000,0.0000,0.0000,0.0069,0.0000,200,3.4536
0.0065,0.0000,0.0000,0.0000,0.0064,0.0000,200,3.4555
0.0071,0.0000,0.0000,0.0000,0.0070,0.0001,200,3.4596
0.0071,0.0000,0.0000,0.0000,0.0070,0.0000,200,3.4606
0.0079,0.0000,0.0000,0.0000,0.0078,0.0001,200,3.4605
0.0071,0.0000,0.0000,0.0000,0.0071,0.0000,200,3.4620
0.0075,0.0000,0.0000,0.0000,0.0074,0.0001,200,3.4667
0.0071,0.0000,0.0000,0.0000,0.0068,0.0002,200,3.4684
0.0069,0.0000,0.0000,0.0000,0.0068,0.0000,200,3.4692
0.0086,0.0000,0.0000,0.0000,0.0078,0.0007,200,3.4677
0.0074,0.0000,0.0000,0.0000,0.0072,0.0001,200,3.4742
0.0072,0.0000,0.0000,0.0000,0.0071,0.0000,200,3.4755
0.0067,0.0000,0.0000,0.0000,0.0066,0.0000,200,3.4760
0.0071,0.0000,0.0000,0.0000,0.0070,0.0000,200,3.4763
0.0073,0.0000,0.0000,0.0000,0.0072,0.0001,200,3.4816
0.0075,0.0000,0.0000,0.0000,0.0072,0.0003,200,3.4826
0.0076,0.0000,0.0000,0.0000,0.0076,0.0000,200,3.4827
0.0073,0.0000,0.0000,0.0000,0.0072,0.0000,200,3.4834
0.0071,0.0000,0.0000,0.0000,0.0069,0.0001,200,3.4889
0.0072,0.0000,0.0000,0.0000,0.0070,0.0002,200,3.4903
0.0077,0.0000,0.0000,0.0000,0.0076,0.0000,200,3.4902
0.0075,0.0000,0.0000,0.0000,0.0074,0.0001,200,3.4906
0.0073,0.0000,0.0000,0.0000,0.0072,0.0001,200,3.4960
0.0071,0.0000,0.0000,0.0000,0.0070,0.0001,200,3.4979
0.0080,0.0000,0.0000,0.0000,0.0079,0.0000,200,3.4975
0.0074,0.0000,0.0000,0.0000,0.0074,0.0000,200,3.4981
0.0081,0.0000,0.0000,0.0000,0.0080,0.0001,200,3.5033
0.0068,0.0000,0.0000,0.0000,0.0067,0.0000,200,3.5050
0.0068,0.0000,0.0000,0.0000,0.0067,0.0000,200,3.5056
0.0070,0.0000,0.0000,0.0000,0.0069,0.0000,200,3.5055
0.0077,0.0000,0.0000,0.0000,0.0076,0.0000,200,3.5118
0.0071,0.0000,0.0000,0.0000,0.0070,0.0000,200,3.5124
0.0071,0.0000,0.0000,0.0000,0.0070,0.0000,200,3.5125
0.0082,0.0000,0.0000,0.0000,0.0077,0.0005,200,3.5114
0.0077,0.0000,0.0000,0.0000,0.0075,0.0001,200,3.5195
0.0077,0.0000,0.0000,0.0000,0.0076,0.0000,200,3.5196
0.0080,0.0000,0.0000,0.0000,0.0079,0.0001,200,3.5195
0.0084,0.0000,0.0000,0.0000,0.0083,0.0000,200,3.5196
0.0074,0.0000,0.0000,0.0000,0.0073,0.0001,200,3.5272
0.0073,0.0000,0.0000,0.0000,0.0072,0.0001,200,3.5273
0.0068,0.0000,0.0000,0.0000,0.0068,0.0000,200,3.5279
0.0077,0.0000,0.0000,0.0000,0.0076,0.0000,200,3.5275
0.0072,0.0000,0.0000,0.0000,0.0071,0.0000,200,3.5346
0.0072,0.0000,0.0000,0.0000,0.0071,0.0001,200,3.5346
0.0070,0.0000,0.0000,0.0000,0.0069,0.0001,200,3.5348
0.0069,0.0000,0.0000,0.0000,0.0068,0.0000,200,3.5352
0.0069,0.0000,0.0000,0.0000,0.0068,0.0000,200,3.5418
0.0069,0.0000,0.0000,0.0000,0.0068,0.0001,200,3.5418
0.0077,0.0000,0.0000,0.0000,0.0076,0.0000,200,3.5418
0.0076,0.0000,0.0000,0.0000,0.0075,0.0000,200,3.5421
0.0072,0.0000,0.0000,0.0000,0.0071,0.0001,200,3.5487
0.0064,0.0000,0.0000,0.0000,0.0063,0.0000,200,3.5497
0.0074,0.0000,0.0000,0.0000,0.0073,0.0000,200,3.5487
0.0070,0.0000,0.0000,0.0000,0.0069,0.0000,200,3.5495
0.0067,0.0000,0.0000,0.0000,0.0066,0.0001,200,3.5558
0.0067,0.0000,0.0000,0.0000,0.0067,0.0000,200,3.5560
0.0070,0.0000,0.0000,0.0000,0.0069,0.0001,200,3.5561
0.0066,0.0000,0.0000,0.0000,0.0066,0.0001,200,3.5565
0.0069,0.0000,0.0000,0.0000,0.0068,0.0001,200,3.5626
0.0067,0.0000,0.0000,0.0000,0.0066,0.0001,200,3.5628
0.0065,0.0000,0.0000,0.0000,0.0064,0.0000,200,3.5631
0.0072,0.0000,0.0000,0.0000,0.0071,0.0000,200,3.5631
0.0067,0.0000,0.0000,0.0000,0.0065,0.0001,200,3.5695
0.0067,0.0000,0.0000,0.0000,0.0067,0.0000,200,3.5696
0.0071,0.0000,0.0000,0.0000,0.0070,0.0000,200,3.5695
0.0066,0.0000,0.0000,0.0000,0.0066,0.0000,200,3.5703
0.0071,0.0000,0.0000,0.0000,0.0070,0.0001,200,3.5761
0.0073,0.0000,0.0000,0.0000,0.0072,0.0000,200,3.5763
0.0071,0.0000,0.0000,0.0000,0.0070,0.0000,200,3.5766
0.0068,0.0000,0.0000,0.0000,0.0068,0.0000,200,3.5769
0.0067,0.0000,0.0000,0.0000,0.0066,0.0001,200,3.5837
0.0069,0.0000,0.0000,0.0000,0.0068,0.0000,200,3.5836
0.0073,0.0000,0.0000,0.0000,0.0068,0.0004,200,3.5832
0.0087,0.0000,0.0000,0.0000,0.0086,0.0001,200,3.5837
0.0066,0.0000,0.0000,0.0000,0.0065,0.0000,200,3.5904
0.0065,0.0000,0.0000,0.0000,0.0064,0.0001,200,3.5904
0.0082,0.0000,0.0000,0.0000,0.0081,0.0000,200,3.5905
0.0063,0.0000,0.0000,0.0000,0.0062,0.0000,200,3.5924
0.0065,0.0000,0.0000,0.0000,0.0064,0.0001,200,3.5970
0.0065,0.0000,0.0000,0.0000,0.0064,0.0001,200,3.5970
0.0065,0.0000,0.0000,0.0000,0.0064,0.0000,200,3.5986
0.0070,0.0000,0.0000,0.0005,0.0064,0.0001,200,3.5987
0.0065,0.0000,0.0000,0.0000,0.0064,0.0001,200,3.6035
0.0081,0.0000,0.0000,0.0000,0.0080,0.0000,200,3.6035
0.0066,0.0000,0.0000,0.0000,0.0063,0.0002,200,3.6051
0.0067,0.0000,0.0000,0.0000,0.0066,0.0001,200,3.6057
0.0065,0.0000,0.0000,0.0000,0.0064,0.0001,200,3.6100
0.0067,0.0000,0.0000,0.0000,0.0066,0.0000,200,3.6116
0.0066,0.0000,0.0000,0.0000,0.0066,0.0000,200,3.6117
0.0064,0.0000,0.0000,0.0000,0.0063,0.0000,200,3.6123
0.0066,0.0000,0.0000,0.0000,0.0065,0.0001,200,3.6165
0.0071,0.0000,0.0000,0.0000,0.0070,0.0001,200,3.6183
0.0068,0.0000,0.0000,0.0000,0.0067,0.0000,200,3.6187
0.0071,0.0000,0.0000,0.0000,0.0071,0.0000,200,3.6183
0.0065,0.0000,0.0000,0.0000,0.0064,0.0001,200,3.6231
0.0066,0.0000,0.0000,0.0000,0.0065,0.0001,200,3.6255
0.0068,0.0000,0.0000,0.0000,0.0067,0.0000,200,3.6255
0.0069,0.0000,0.0000,0.0000,0.0069,0.0000,200,3.6254
0.0065,0.0000,0.0000,0.0000,0.0064,0.0001,200,3.6296
0.0066,0.0000,0.0000,0.0000,0.0065,0.0001,200,3.6322
0.0067,0.0000,0.0000,0.0000,0.0066,0.0001,200,3.6321
0.0077,0.0000,0.0000,0.0000,0.0076,0.0000,200,3.6324
0.0065,0.0000,0.0000,0.0000,0.0064,0.0000,200,3.6361
0.0065,0.0000,0.0000,0.0000,0.0064,0.0001,200,3.6388
0.0065,0.0000,0.0000,0.0000,0.0065,0.0000,200,3.6388
0.0065,0.0000,0.0000,0.0000,0.0064,0.0000,200,3.6400
0.0064,0.0000,0.0000,0.0000,0.0063,0.0000,200,3.6426
0.0065,0.0000,0.0000,0.0000,0.0065,0.0000,200,3.6453
0.0065,0.0000,0.0000,0.0000,0.0064,0.0000,200,3.6453
0.0065,0.0000,0.0000,0.0000,0.0065,0.0000,200,3.6465
0.0066,0.0000,0.0000,0.0000,0.0065,0.0001,200,3.6490
0.0065,0.0000,0.0000,0.0000,0.0064,0.0000,200,3.6518
0.0065,0.0000,0.0000,0.0000,0.0064,0.0001,200,3.6518
0.0070,0.0000,0.0000,0.0000,0.0069,0.0000,200,3.6531
0.0063,0.0000,0.0000,0.0000,0.0062,0.0001,200,3.6556
0.0065,0.0000,0.0000,0.0000,0.0064,0.0001,200,3.6583
0.0065,0.0000,0.0000,0.0000,0.0065,0.0000,200,3.6584
0.0067,0.0000,0.0000,0.0000,0.0066,0.0000,200,3.6601
0.0064,0.0000,0.0000,0.0000,0.0063,0.0000,200,3.6619
0.0067,0.0000,0.0000,0.0000,0.0066,0.0001,200,3.6648
0.0068,0.0000,0.0000,0.0000,0.0068,0.0000,200,3.6649
0.0064,0.0000,0.0000,0.0000,0.0063,0.0000,200,3.6668
0.0064,0.0000,0.0000,0.0000,0.0063,0.0000,200,3.6683
0.0066,0.0000,0.0000,0.0000,0.0064,0.0001,200,3.6715
0.0064,0.0000,0.0000,0.0000,0.0063,0.0001,200,3.6717
0.0063,0.0000,0.0000,0.0000,0.0062,0.0000,200,3.6732
0.0065,0.0000,0.0000,0.0000,0.0064,0.0000,200,3.6747
0.0065,0.0000,0.0000,0.0000,0.0064,0.0000,200,3.6782
0.0066,0.0000,0.0000,0.0000,0.0064,0.0001,200,3.6781
0.0062,0.0000,0.0000,0.0000,0.0061,0.0001,200,3.6795
0.0064,0.0000,0.0000,0.0000,0.0064,0.0001,200,3.6812
0.0067,0.0000,0.0000,0.0000,0.0066,0.0000,200,3.6847
0.0067,0.0000,0.0000,0.0000,0.0066,0.0000,200,3.6847
0.0064,0.0000,0.0000,0.0000,0.0063,0.0000,200,3.6857
0.0063,0.0000,0.0000,0.0000,0.0062,0.0000,200,3.6876
0.0064,0.0000,0.0000,0.0000,0.0064,0.0000,200,3.6914
0.0064,0.0000,0.0000,0.0000,0.0064,0.0000,200,3.6914
0.0063,0.0000,0.0000,0.0000,0.0062,0.0000,200,3.6921
0.0065,0.0000,0.0000,0.0000,0.0064,0.0001,200,3.6939
0.0067,0.0000,0.0000,0.0000,0.0066,0.0001,200,3.6978
0.0067,0.0000,0.0000,0.0000,0.0067,0.0000,200,3.6978
0.0063,0.0000,0.0000,0.0000,0.0063,0.0000,200,3.6983
0.0065,0.0000,0.0000,0.0000,0.0063,0.0001,200,3.7004
0.0067,0.0000,0.0000,0.0000,0.0065,0.0001,200,3.7045
0.0066,0.0000,0.0000,0.0000,0.0066,0.0000,200,3.7045
0.0069,0.0000,0.0000,0.0000,0.0068,0.0000,200,3.7047
0.0065,0.0000,0.0000,0.0000,0.0064,0.0001,200,3.7068
0.0068,0.0000,0.0000,0.0000,0.0067,0.0001,200,3.7112
0.0068,0.0000,0.0000,0.0000,0.0068,0.0001,200,3.7112
0.0066,0.0000,0.0000,0.0000,0.0066,0.0000,200,3.7115
0.0064,0.0000,0.0000,0.0000,0.0063,0.0001,200,3.7133
0.0069,0.0000,0.0000,0.0000,0.0067,0.0001,200,3.7180
0.0070,0.0000,0.0000,0.0000,0.0069,0.0000,200,3.7180
0.0074,0.0000,0.0000,0.0000,0.0073,0.0000,200,3.7182
0.0064,0.0000,0.0000,0.0000,0.0063,0.0000,200,3.7198
0.0065,0.0000,0.0000,0.0000,0.0064,0.0001,200,3.7250
0.0067,0.0000,0.0000,0.0000,0.0067,0.0000,200,3.7249
0.0066,0.0000,0.0000,0.0000,0.0066,0.0000,200,3.7256
0.0066,0.0000,0.0000,0.0000,0.0066,0.0000,200,3.7262
0.0068,0.0000,0.0000,0.0000,0.0067,0.0001,200,3.7316
0.0066,0.0000,0.0000,0.0000,0.0066,0.0000,200,3.7322
0.0076,0.0000,0.0000,0.0000,0.0075,0.0000,200,3.7316
0.0065,0.0000,0.0000,0.0000,0.0064,0.0000,200,3.7328
0.0071,0.0000,0.0000,0.0000,0.0070,0.0001,200,3.7384
0.0067,0.0000,0.0000,0.0000,0.0067,0.0000,200,3.7388
0.0066,0.0000,0.0000,0.0000,0.0065,0.0000,200,3.7393
0.0067,0.0000,0.0000,0.0000,0.0066,0.0001,200,3.7392
0.0068,0.0000,0.0000,0.0000,0.0067,0.0000,200,3.7456
0.0069,0.0000,0.0000,0.0000,0.0067,0.0002,200,3.7455
0.0066,0.0000,0.0000,0.0000,0.0065,0.0000,200,3.7459
0.0074,0.0000,0.0000,0.0000,0.0073,0.0000,200,3.7459
0.0067,0.0000,0.0000,0.0000,0.0066,0.0000,200,3.7524
0.0068,0.0000,0.0000,0.0000,0.0067,0.0000,200,3.7524
0.0072,0.0000,0.0000,0.0000,0.0071,0.0001,200,3.7525
0.0065,0.0000,0.0000,0.0000,0.0064,0.0000,200,3.7533
0.0073,0.0000,0.0000,0.0000,0.0072,0.0001,200,3.7591
0.0073,0.0000,0.0000,0.0000,0.0072,0.0001,200,3.7591
0.0067,0.0000,0.0000,0.0000,0.0066,0.0000,200,3.7598
0.0068,0.0000,0.0000,0.0000,0.0067,0.0000,200,3.7597
0.0069,0.0000,0.0000,0.0000,0.0067,0.0001,200,3.7664
0.0069,0.0000,0.0000,0.0000,0.0068,0.0000,200,3.7664
0.0070,0.0000,0.0000,0.0000,0.0069,0.0000,200,3.7665
0.0072,0.0000,0.0000,0.0000,0.0072,0.0000,200,3.7664
0.0070,0.0000,0.0000,0.0000,0.0069,0.0001,200,3.7733
0.0070,0.0000,0.0000,0.0000,0.0069,0.0000,200,3.7733
0.0069,0.0000,0.0000,0.0000,0.0069,0.0000,200,3.7735
0.0078,0.0000,0.0000,0.0000,0.0077,0.0001,200,3.7737
0.0069,0.0000,0.0000,0.0000,0.0068,0.0001,200,3.7803
0.0069,0.0000,0.0000,0.0000,0.0069,0.0000,200,3.7804
0.0074,0.0000,0.0000,0.0000,0.0073,0.0000,200,3.7803
0.0064,0.0000,0.0000,0.0000,0.0063,0.0000,200,3.7815
0.0070,0.0000,0.0000,0.0000,0.0069,0.0001,200,3.7872
0.0065,0.0000,0.0000,0.0000,0.0064,0.0000,200,3.7879
0.0070,0.0000,0.0000,0.0000,0.0070,0.0000,200,3.7873
0.0066,0.0000,0.0000,0.0000,0.0066,0.0000,200,3.7877
0.0067,0.0000,0.0000,0.0000,0.0066,0.0001,200,3.7943
0.0069,0.0000,0.0000,0.0000,0.0068,0.0001,200,3.7942
0.0073,0.0000,0.0000,0.0000,0.0072,0.0000,200,3.7944
0.0074,0.0000,0.0000,0.0000,0.0073,0.0000,200,3.7944
0.0069,0.0000,0.0000,0.0001,0.0067,0.0001,200,3.8010
0.0070,0.0000,0.0000,0.0000,0.0069,0.0000,200,3.8011
0.0069,0.0000,0.0000,0.0000,0.0069,0.0000,200,3.8018
0.0075,0.0000,0.0000,0.0000,0.0074,0.0000,200,3.8017
0.0068,0.0000,0.0000,0.0000,0.0067,0.0001,200,3.8079
0.0066,0.0000,0.0000,0.0000,0.0066,0.0001,200,3.8080
0.0066,0.0000,0.0000,0.0000,0.0065,0.0001,200,3.8087
0.0063,0.0000,0.0000,0.0000,0.0062,0.0000,200,3.8092
0.0069,0.0000,0.0000,0.0000,0.0068,0.0001,200,3.8147
0.0069,0.0000,0.0000,0.0000,0.0068,0.0000,200,3.8147
0.0063,0.0000,0.0000,0.0000,0.0063,0.0000,200,3.8155
0.0065,0.0000,0.0000,0.0000,0.0064,0.0000,200,3.8153
0.0072,0.0000,0.0000,0.0000,0.0071,0.0001,200,3.8215
0.0073,0.0000,0.0000,0.0000,0.0073,0.0000,200,3.8218
0.0074,0.0000,0.0000,0.0000,0.0072,0.0001,200,3.8218
0.0077,0.0000,0.0000,0.0000,0.0076,0.0000,200,3.8216
0.0070,0.0000,0.0000,0.0000,0.0069,0.0001,200,3.8288
0.0068,0.0000,0.0000,0.0000,0.0067,0.0000,200,3.8291
0.0068,0.0000,0.0000,0.0000,0.0068,0.0000,200,3.8291
0.0070,0.0000,0.0000,0.0000,0.0069,0.0000,200,3.8293
0.0067,0.0000,0.0000,0.0000,0.0066,0.0001,200,3.8359
0.0066,0.0000,0.0000,0.0000,0.0066,0.0000,200,3.8360
0.0078,0.0000,0.0000,0.0000,0.0077,0.0001,200,3.8362
0.0083,0.0000,0.0000,0.0000,0.0083,0.0000,200,3.8358
0.0066,0.0000,0.0000,0.0000,0.0065,0.0001,200,3.8426
0.0067,0.0000,0.0000,0.0000,0.0066,0.0000,200,3.8426
0.0065,0.0000,0.0000,0.0000,0.0064,0.0001,200,3.8442
0.0066,0.0000,0.0000,0.0000,0.0065,0.0000,200,3.8440
0.0067,0.0000,0.0000,0.0000,0.0065,0.0001,200,3.8492
0.0067,0.0000,0.0000,0.0000,0.0066,0.0000,200,3.8492
0.0064,0.0000,0.0000,0.0000,0.0063,0.0000,200,3.8507
0.0065,0.0000,0.0000,0.0000,0.0064,0.0000,200,3.8506
0.0068,0.0000,0.0000,0.0000,0.0067,0.0001,200,3.8560
0.0070,0.0000,0.0000,0.0000,0.0070,0.0000,200,3.8559
0.0064,0.0000,0.0000,0.0000,0.0063,0.0000,200,3.8570
0.0065,0.0000,0.0000,0.0000,0.0064,0.0000,200,3.8571
0.0070,0.0000,0.0000,0.0000,0.0069,0.0000,200,3.8629
0.0065,0.0000,0.0000,0.0000,0.0064,0.0001,200,3.8634
0.0073,0.0000,0.0000,0.0000,0.0072,0.0000,200,3.8628
0.0064,0.0000,0.0000,0.0000,0.0064,0.0000,200,3.8636
0.0068,0.0000,0.0000,0.0000,0.0066,0.0001,200,3.8699
0.0068,0.0000,0.0000,0.0000,0.0067,0.0000,200,3.8699
0.0070,0.0000,0.0000,0.0000,0.0069,0.0000,200,3.8700
0.0123,0.0000,0.0000,0.0000,0.0123,0.0001,200,3.8700
0.0065,0.0000,0.0000,0.0000,0.0064,0.0000,200,3.8767
0.0069,0.0000,0.0000,0.0000,0.0068,0.0001,200,3.8770
0.0110,0.0000,0.0000,0.0000,0.0109,0.0000,200,3.8767
0.0063,0.0000,0.0000,0.0000,0.0063,0.0000,200,3.8832
0.0063,0.0000,0.0000,0.0000,0.0062,0.0000,200,3.8840
0.0113,0.0000,0.0000,0.0000,0.0112,0.0001,200,3.8824
0.0067,0.0000,0.0000,0.0000,0.0066,0.0001,200,3.8895
0.0062,0.0000,0.0000,0.0000,0.0062,0.0000,200,3.8902
0.0115,0.0000,0.0000,0.0000,0.0114,0.0000,200,3.8877
0.0070,0.0000,0.0000,0.0000,0.0068,0.0001,200,3.8963
0.0070,0.0000,0.0000,0.0000,0.0070,0.0000,200,3.8965
0.0113,0.0000,0.0000,0.0000,0.0112,0.0001,200,3.8936
0.0068,0.0000,0.0000,0.0000,0.0067,0.0001,200,3.9032
0.0112,0.0000,0.0000,0.0000,0.0111,0.0000,200,3.8991
0.0073,0.0000,0.0000,0.0000,0.0073,0.0000,200,3.9035
0.0113,0.0000,0.0000,0.0000,0.0112,0.0001,200,3.9049
0.0068,0.0000,0.0000,0.0000,0.0066,0.0002,200,3.9103
0.0064,0.0000,0.0000,0.0000,0.0063,0.0000,200,3.9108
0.0120,0.0000,0.0000,0.0000,0.0119,0.0001,200,3.9100
0.0064,0.0000,0.0000,0.0000,0.0063,0.0000,200,3.9172
0.0066,0.0000,0.0000,0.0000,0.0066,0.0000,200,3.9171
0.0114,0.0000,0.0000,0.0000,0.0112,0.0001,200,3.9162
0.0063,0.0000,0.0000,0.0000,0.0062,0.0000,200,3.9236
0.0063,0.0000,0.0000,0.0000,0.0063,0.0000,200,3.9237
0.0111,0.0000,0.0000,0.0000,0.0110,0.0001,200,3.9220
0.0066,0.0000,0.0000,0.0000,0.0066,0.0001,200,3.9300
0.0069,0.0000,0.0000,0.0000,0.0068,0.0000,200,3.9299
0.0111,0.0000,0.0000,0.0000,0.0110,0.0001,200,3.9276
0.0064,0.0000,0.0000,0.0000,0.0063,0.0001,200,3.9367
0.0064,0.0000,0.0000,0.0000,0.0063,0.0001,200,3.9367
0.0111,0.0000,0.0000,0.0000,0.0111,0.0000,200,3.9331
0.0066,0.0000,0.0000,0.0000,0.0064,0.0001,200,3.9431
0.0066,0.0000,0.0000,0.0000,0.0065,0.0000,200,3.9431
0.0111,0.0000,0.0000,0.0000,0.0110,0.0000,200,3.9387
0.0112,0.0000,0.0000,0.0000,0.0112,0.0000,200,3.9443
0.0066,0.0000,0.0000,0.0000,0.0064,0.0001,200,3.9496
0.0067,0.0000,0.0000,0.0000,0.0066,0.0000,200,3.9497
0.0069,0.0000,0.0000,0.0000,0.0069,0.0000,200,3.9498
0.0066,0.0000,0.0000,0.0000,0.0065,0.0001,200,3.9555
0.0070,0.0000,0.0000,0.0000,0.0068,0.0001,200,3.9562
0.0068,0.0000,0.0000,0.0000,0.0068,0.0000,200,3.9563
0.0067,0.0000,0.0000,0.0000,0.0066,0.0000,200,3.9567
0.0068,0.0000,0.0000,0.0000,0.0067,0.0001,200,3.9621
0.0065,0.0000,0.0000,0.0000,0.0064,0.0001,200,3.9632
0.0067,0.0000,0.0000,0.0000,0.0065,0.0000,200,3.9631
0.0072,0.0000,0.0000,0.0000,0.0072,0.0000,200,3.9634
0.0068,0.0000,0.0000,0.0000,0.0067,0.0001,200,3.9689
0.0065,0.0000,0.0000,0.0000,0.0064,0.0001,200,3.9698
0.0066,0.0000,0.0000,0.0000,0.0065,0.0000,200,3.9697
0.0066,0.0000,0.0000,0.0000,0.0065,0.0000,200,3.9707
0.0067,0.0000,0.0000,0.0000,0.0066,0.0001,200,3.9757
0.0064,0.0000,0.0000,0.0000,0.0063,0.0000,200,3.9763
0.0066,0.0000,0.0000,0.0000,0.0066,0.0000,200,3.9763
0.0067,0.0000,0.0000,0.0000,0.0066,0.0000,200,3.9773
0.0069,0.0000,0.0000,0.0000,0.0068,0.0001,200,3.9824
0.0065,0.0000,0.0000,0.0000,0.0064,0.0000,200,3.9829
0.0071,0.0000,0.0000,0.0000,0.0070,0.0000,200,3.9827
0.0066,0.0000,0.0000,0.0000,0.0065,0.0000,200,3.9840
0.0068,0.0000,0.0000,0.0000,0.0067,0.0001,200,3.9894
0.0070,0.0000,0.0000,0.0000,0.0069,0.0000,200,3.9893
0.0064,0.0000,0.0000,0.0000,0.0064,0.0000,200,3.9905
0.0073,0.0000,0.0000,0.0000,0.0072,0.0000,200,3.9898
0.0068,0.0000,0.0000,0.0000,0.0067,0.0001,200,3.9963
0.0071,0.0000,0.0000,0.0000,0.0070,0.0000,200,3.9962
0.0064,0.0000,0.0000,0.0000,0.0064,0.0000,200,3.9970
0.0066,0.0000,0.0000,0.0000,0.0066,0.0000,200,3.9970
0.0070,0.0000,0.0000,0.0000,0.0069,0.0000,200,4.0032
0.0071,0.0000,0.0000,0.0000,0.0067,0.0004,200,4.0033
0.0073,0.0000,0.0000,0.0000,0.0072,0.0000,200,4.0036
0.0131,0.0000,0.0000,0.0000,0.0130,0.0001,200,4.0035
0.0067,0.0000,0.0000,0.0000,0.0066,0.0000,200,4.0104
0.0073,0.0000,0.0000,0.0000,0.0072,0.0000,200,4.0101
0.0106,0.0000,0.0000,0.0000,0.0105,0.0001,200,4.0109
0.0064,0.0000,0.0000,0.0000,0.0063,0.0001,200,4.0171
0.0064,0.0000,0.0000,0.0000,0.0063,0.0000,200,4.0174
0.0106,0.0000,0.0000,0.0000,0.0105,0.0001,200,4.0166
0.0065,0.0000,0.0000,0.0000,0.0064,0.0001,200,4.0234
0.0063,0.0000,0.0000,0.0000,0.0062,0.0001,200,4.0238
0.0116,0.0000,0.0000,0.0000,0.0115,0.0001,200,4.0215
0.0065,0.0000,0.0000,0.0000,0.0064,0.0000,200,4.0299
0.0078,0.0000,0.0000,0.0000,0.0077,0.0000,200,4.0301
0.0067,0.0000,0.0000,0.0000,0.0066,0.0001,200,4.0364
0.0166,0.0000,0.0000,0.0000,0.0164,0.0002,200,4.0272
0.0111,0.0000,0.0000,0.0000,0.0110,0.0001,200,4.0330
0.0063,0.0000,0.0000,0.0000,0.0062,0.0000,200,4.0379
0.0075,0.0000,0.0000,0.0000,0.0074,0.0001,200,4.0431
0.0071,0.0000,0.0000,0.0000,0.0071,0.0000,200,4.0442
0.0117,0.0000,0.0000,0.0000,0.0116,0.0001,200,4.0441
0.0120,0.0000,0.0000,0.0000,0.0119,0.0000,200,4.0439
0.0066,0.0000,0.0000,0.0000,0.0065,0.0000,200,4.0507
0.0062,0.0000,0.0000,0.0000,0.0061,0.0000,200,4.0513
0.0067,0.0000,0.0000,0.0000,0.0066,0.0001,200,4.0558
0.0065,0.0000,0.0000,0.0000,0.0064,0.0001,200,4.0573
0.0063,0.0000,0.0000,0.0000,0.0062,0.0000,200,4.0575
0.0122,0.0000,0.0000,0.0000,0.0121,0.0001,200,4.0559
0.0064,0.0000,0.0000,0.0000,0.0063,0.0000,200,4.0638
0.0064,0.0000,0.0000,0.0000,0.0063,0.0000,200,4.0638
0.0110,0.0000,0.0000,0.0000,0.0108,0.0001,200,4.0625
0.0065,0.0000,0.0000,0.0000,0.0065,0.0001,200,4.0701
0.0065,0.0000,0.0000,0.0000,0.0064,0.0001,200,4.0702
0.0109,0.0000,0.0000,0.0000,0.0108,0.0000,200,4.0681
0.0065,0.0000,0.0000,0.0000,0.0064,0.0000,200,4.0767
0.0065,0.0000,0.0000,0.0000,0.0064,0.0000,200,4.0767
0.0111,0.0000,0.0000,0.0000,0.0110,0.0001,200,4.0736
0.0065,0.0000,0.0000,0.0000,0.0064,0.0001,200,4.0832
0.0065,0.0000,0.0000,0.0000,0.0064,0.0000,200,4.0832
0.0110,0.0000,0.0000,0.0000,0.0109,0.0001,200,4.0790
0.0113,0.0000,0.0000,0.0000,0.0112,0.0001,200,4.0847
0.0067,0.0000,0.0000,0.0000,0.0066,0.0000,200,4.0897
0.0067,0.0000,0.0000,0.0000,0.0067,0.0000,200,4.0897
0.0073,0.0000,0.0000,0.0000,0.0072,0.0001,200,4.0900
0.0067,0.0000,0.0000,0.0000,0.0066,0.0001,200,4.0959
0.0065,0.0000,0.0000,0.0000,0.0065,0.0000,200,4.0964
0.0068,0.0000,0.0000,0.0000,0.0067,0.0001,200,4.0963
0.0066,0.0000,0.0000,0.0000,0.0065,0.0001,200,4.0973
0.0070,0.0000,0.0000,0.0000,0.0069,0.0001,200,4.1027
0.0069,0.0000,0.0000,0.0000,0.0068,0.0000,200,4.1029
0.0067,0.0000,0.0000,0.0000,0.0066,0.0000,200,4.1031
0.0065,0.0000,0.0000,0.0000,0.0064,0.0000,200,4.1039
0.0069,0.0000,0.0000,0.0000,0.0068,0.0001,200,4.1097
0.0071,0.0000,0.0000,0.0000,0.0071,0.0000,200,4.1098
0.0071,0.0000,0.0000,0.0000,0.0070,0.0001,200,4.1098
0.0071,0.0000,0.0000,0.0000,0.0069,0.0002,200,4.1104
0.0066,0.0000,0.0000,0.0000,0.0065,0.0001,200,4.1165
0.0067,0.0000,0.0000,0.0000,0.0066,0.0000,200,4.1170
0.0068,0.0000,0.0000,0.0001,0.0067,0.0000,200,4.1169
0.0072,0.0000,0.0000,0.0000,0.0071,0.0000,200,4.1175
0.0067,0.0000,0.0000,0.0000,0.0066,0.0001,200,4.1232
0.0063,0.0000,0.0000,0.0000,0.0062,0.0000,200,4.1236
0.0064,0.0000,0.0000,0.0000,0.0063,0.0000,200,4.1238
0.0066,0.0000,0.0000,0.0000,0.0065,0.0001,200,4.1247
0.0068,0.0000,0.0000,0.0000,0.0067,0.0001,200,4.1299
0.0068,0.0000,0.0000,0.0000,0.0068,0.0000,200,4.1298
0.0071,0.0000,0.0000,0.0000,0.0070,0.0000,200,4.1302
0.0064,0.0000,0.0000,0.0000,0.0063,0.0000,200,4.1314
0.0071,0.0000,0.0000,0.0000,0.0070,0.0001,200,4.1367
0.0066,0.0000,0.0000,0.0000,0.0064,0.0002,200,4.1373
0.0074,0.0000,0.0000,0.0000,0.0073,0.0000,200,4.1367
0.0064,0.0000,0.0000,0.0000,0.0064,0.0000,200,4.1378
0.0070,0.0000,0.0000,0.0000,0.0068,0.0001,200,4.1439
0.0071,0.0000,0.0000,0.0000,0.0070,0.0000,200,4.1438
0.0072,0.0000,0.0000,0.0000,0.0071,0.0000,200,4.1440
0.0075,0.0000,0.0000,0.0000,0.0072,0.0003,200,4.1442
0.0069,0.0000,0.0000,0.0000,0.0068,0.0001,200,4.1509
0.0067,0.0000,0.0000,0.0000,0.0067,0.0000,200,4.1512
0.0071,0.0000,0.0000,0.0000,0.0070,0.0000,200,4.1509
0.0081,0.0000,0.0000,0.0000,0.0080,0.0001,200,4.1517
0.0067,0.0000,0.0000,0.0000,0.0066,0.0001,200,4.1578
0.0066,0.0000,0.0000,0.0000,0.0065,0.0001,200,4.1579
0.0071,0.0000,0.0000,0.0000,0.0070,0.0000,200,4.1579
0.0066,0.0000,0.0000,0.0000,0.0065,0.0000,200,4.1598
0.0064,0.0000,0.0000,0.0000,0.0063,0.0000,200,4.1650
0.0069,0.0000,0.0000,0.0000,0.0068,0.0000,200,4.1645
0.0070,0.0000,0.0000,0.0000,0.0067,0.0002,200,4.1645
0.0065,0.0000,0.0000,0.0000,0.0064,0.0000,200,4.1664
0.0069,0.0000,0.0000,0.0000,0.0069,0.0001,200,4.1715
0.0073,0.0000,0.0000,0.0000,0.0072,0.0000,200,4.1714
0.0074,0.0000,0.0000,0.0000,0.0073,0.0001,200,4.1714
0.0067,0.0000,0.0000,0.0000,0.0067,0.0001,200,4.1729
0.0072,0.0000,0.0000,0.0000,0.0071,0.0001,200,4.1785
0.0069,0.0000,0.0000,0.0000,0.0069,0.0001,200,4.1787
0.0071,0.0000,0.0000,0.0001,0.0070,0.0000,200,4.1788
0.0074,0.0000,0.0000,0.0000,0.0073,0.0001,200,4.1797
0.0070,0.0000,0.0000,0.0000,0.0069,0.0001,200,4.1857
0.0071,0.0000,0.0000,0.0000,0.0071,0.0000,200,4.1857
0.0076,0.0000,0.0000,0.0000,0.0075,0.0001,200,4.1859
0.0066,0.0000,0.0000,0.0000,0.0065,0.0000,200,4.1871
0.0069,0.0000,0.0000,0.0000,0.0068,0.0001,200,4.1928
0.0070,0.0000,0.0000,0.0000,0.0069,0.0000,200,4.1927
0.0065,0.0000,0.0000,0.0000,0.0064,0.0000,200,4.1935
0.0064,0.0000,0.0000,0.0000,0.0063,0.0000,200,4.1936
0.0069,0.0000,0.0000,0.0000,0.0068,0.0001,200,4.1997
0.0069,0.0000,0.0000,0.0000,0.0068,0.0000,200,4.1997
0.0066,0.0000,0.0000,0.0000,0.0065,0.0000,200,4.2000
0.0071,0.0000,0.0000,0.0000,0.0070,0.0001,200,4.2000
0.0068,0.0000,0.0000,0.0000,0.0067,0.0001,200,4.2066
0.0070,0.0000,0.0000,0.0000,0.0070,0.0000,200,4.2066
0.0071,0.0000,0.0000,0.0000,0.0070,0.0000,200,4.2065
0.0071,0.0000,0.0000,0.0000,0.0070,0.0000,200,4.2071
0.0066,0.0000,0.0000,0.0000,0.0065,0.0000,200,4.2136
0.0068,0.0000,0.0000,0.0000,0.0067,0.0001,200,4.2134
0.0067,0.0000,0.0000,0.0000,0.0067,0.0000,200,4.2136
0.0075,0.0000,0.0000,0.0000,0.0074,0.0000,200,4.2142
0.0070,0.0000,0.0000,0.0000,0.0069,0.0001,200,4.2202
0.0070,0.0000,0.0000,0.0000,0.0069,0.0001,200,4.2202
0.0076,0.0000,0.0000,0.0000,0.0075,0.0001,200,4.2203
0.0067,0.0000,0.0000,0.0000,0.0066,0.0000,200,4.2217
0.0067,0.0000,0.0000,0.0000,0.0066,0.0001,200,4.2272
0.0068,0.0000,0.0000,0.0000,0.0067,0.0000,200,4.2272
0.0069,0.0000,0.0000,0.0000,0.0069,0.0001,200,4.2279
0.0067,0.0000,0.0000,0.0000,0.0066,0.0000,200,4.2283
0.0075,0.0000,0.0000,0.0000,0.0074,0.0001,200,4.2339
0.0075,0.0000,0.0000,0.0000,0.0074,0.0000,200,4.2340
0.0066,0.0000,0.0000,0.0000,0.0065,0.0000,200,4.2349
0.0065,0.0000,0.0000,0.0000,0.0064,0.0000,200,4.2350
0.0069,0.0000,0.0000,0.0000,0.0068,0.0001,200,4.2415
0.0072,0.0000,0.0000,0.0000,0.0071,0.0000,200,4.2414
0.0075,0.0000,0.0000,0.0000,0.0074,0.0001,200,4.2414
0.0079,0.0000,0.0000,0.0000,0.0077,0.0001,200,4.2414
0.0069,0.0000,0.0000,0.0000,0.0068,0.0001,200,4.2486
0.0071,0.0000,0.0000,0.0000,0.0069,0.0000,200,4.2484
0.0066,0.0000,0.0000,0.0000,0.0065,0.0000,200,4.2489
0.0065,0.0000,0.0000,0.0000,0.0065,0.0000,200,4.2493
0.0068,0.0000,0.0000,0.0000,0.0067,0.0001,200,4.2555
0.0069,0.0000,0.0000,0.0000,0.0068,0.0001,200,4.2555
0.0072,0.0000,0.0000,0.0000,0.0071,0.0000,200,4.2555
0.0120,0.0000,0.0000,0.0000,0.0116,0.0001,200,4.2559
0.0065,0.0000,0.0000,0.0000,0.0064,0.0000,200,4.2624
0.0062,0.0000,0.0000,0.0000,0.0061,0.0000,200,4.2627
0.0113,0.0000,0.0000,0.0000,0.0112,0.0000,200,4.2623
0.0063,0.0000,0.0000,0.0000,0.0062,0.0001,200,4.2689
0.0064,0.0000,0.0000,0.0000,0.0063,0.0001,200,4.2689
0.0065,0.0000,0.0000,0.0000,0.0064,0.0001,200,4.2753
0.0066,0.0000,0.0000,0.0000,0.0066,0.0000,200,4.2752
0.0164,0.0000,0.0000,0.0000,0.0163,0.0001,200,4.2679
0.0107,0.0000,0.0000,0.0000,0.0106,0.0000,200,4.2736
0.0066,0.0000,0.0000,0.0000,0.0065,0.0001,200,4.2818
0.0065,0.0000,0.0000,0.0000,0.0065,0.0001,200,4.2818
0.0065,0.0000,0.0000,0.0000,0.0064,0.0001,200,4.2843
0.0065,0.0000,0.0000,0.0000,0.0064,0.0001,200,4.2884
0.0067,0.0000,0.0000,0.0000,0.0066,0.0000,200,4.2884
0.0119,0.0000,0.0000,0.0000,0.0118,0.0001,200,4.2843
0.0063,0.0000,0.0000,0.0000,0.0062,0.0001,200,4.2951
0.0065,0.0000,0.0000,0.0000,0.0064,0.0000,200,4.2948
0.0111,0.0000,0.0000,0.0000,0.0111,0.0000,200,4.2908
0.0114,0.0000,0.0000,0.0000,0.0113,0.0001,200,4.2961
0.0065,0.0000,0.0000,0.0000,0.0064,0.0000,200,4.3014
0.0066,0.0000,0.0000,0.0000,0.0066,0.0000,200,4.3014
0.0071,0.0000,0.0000,0.0000,0.0070,0.0000,200,4.3020
0.0065,0.0000,0.0000,0.0000,0.0064,0.0001,200,4.3079
0.0068,0.0000,0.0000,0.0000,0.0067,0.0001,200,4.3076
0.0066,0.0000,0.0000,0.0000,0.0065,0.0000,200,4.3080
0.0075,0.0000,0.0000,0.0000,0.0066,0.0001,200,4.3091
0.0068,0.0000,0.0000,0.0000,0.0067,0.0001,200,4.3144
0.0069,0.0000,0.0000,0.0000,0.0069,0.0000,200,4.3143
0.0070,0.0000,0.0000,0.0000,0.0070,0.0000,200,4.3146
0.0076,0.0000,0.0000,0.0000,0.0075,0.0001,200,4.3165
0.0066,0.0000,0.0000,0.0000,0.0065,0.0001,200,4.3213
0.0068,0.0000,0.0000,0.0000,0.0068,0.0000,200,4.3212
0.0072,0.0000,0.0000,0.0000,0.0072,0.0001,200,4.3216
0.0064,0.0000,0.0000,0.0000,0.0063,0.0000,200,4.3242
0.0068,0.0000,0.0000,0.0000,0.0067,0.0001,200,4.3279
0.0068,0.0000,0.0000,0.0000,0.0068,0.0000,200,4.3280
0.0064,0.0000,0.0000,0.0000,0.0064,0.0000,200,4.3289
0.0063,0.0000,0.0000,0.0000,0.0062,0.0000,200,4.3306
0.0068,0.0000,0.0000,0.0000,0.0067,0.0001,200,4.3347
0.0068,0.0000,0.0000,0.0000,0.0065,0.0002,200,4.3348
0.0065,0.0000,0.0000,0.0000,0.0064,0.0000,200,4.3353
0.0065,0.0000,0.0000,0.0000,0.0063,0.0001,200,4.3368
0.0066,0.0000,0.0000,0.0000,0.0065,0.0001,200,4.3415
0.0066,0.0000,0.0000,0.0000,0.0065,0.0000,200,4.3416
0.0073,0.0000,0.0000,0.0000,0.0072,0.0000,200,4.3418
0.0069,0.0000,0.0000,0.0000,0.0068,0.0001,200,4.3433
0.0069,0.0000,0.0000,0.0000,0.0068,0.0000,200,4.3482
0.0068,0.0000,0.0000,0.0000,0.0067,0.0000,200,4.3482
0.0066,0.0000,0.0000,0.0000,0.0065,0.0000,200,4.3490
0.0064,0.0000,0.0000,0.0000,0.0063,0.0000,200,4.3503
0.0066,0.0000,0.0000,0.0001,0.0065,0.0001,200,4.3550
0.0066,0.0000,0.0000,0.0000,0.0066,0.0000,200,4.3550
0.0063,0.0000,0.0000,0.0000,0.0062,0.0000,200,4.3556
0.0067,0.0000,0.0000,0.0000,0.0066,0.0000,200,4.3566
0.0067,0.0000,0.0000,0.0000,0.0066,0.0001,200,4.3616
0.0067,0.0000,0.0000,0.0000,0.0066,0.0000,200,4.3617
0.0068,0.0000,0.0000,0.0000,0.0068,0.0000,200,4.3620
0.0064,0.0000,0.0000,0.0000,0.0063,0.0000,200,4.3633
0.0069,0.0000,0.0000,0.0000,0.0068,0.0000,200,4.3684
0.0070,0.0000,0.0000,0.0000,0.0068,0.0002,200,4.3684
0.0070,0.0000,0.0000,0.0000,0.0069,0.0000,200,4.3688
0.0065,0.0000,0.0000,0.0000,0.0065,0.0000,200,4.3697
0.0071,0.0000,0.0000,0.0000,0.0070,0.0001,200,4.3753
0.0071,0.0000,0.0000,0.0000,0.0071,0.0000,200,4.3754
0.0070,0.0000,0.0000,0.0000,0.0069,0.0001,200,4.3758
0.0071,0.0000,0.0000,0.0000,0.0070,0.0001,200,4.3763
0.0068,0.0000,0.0000,0.0000,0.0067,0.0001,200,4.3825
0.0066,0.0000,0.0000,0.0000,0.0065,0.0000,200,4.3828
0.0074,0.0000,0.0000,0.0000,0.0073,0.0000,200,4.3824
0.0065,0.0000,0.0000,0.0000,0.0065,0.0000,200,4.3834
0.0068,0.0000,0.0000,0.0000,0.0067,0.0001,200,4.3894
0.0068,0.0000,0.0000,0.0000,0.0067,0.0000,200,4.3894
0.0065,0.0000,0.0000,0.0000,0.0064,0.0000,200,4.3898
0.0072,0.0000,0.0000,0.0000,0.0072,0.0000,200,4.3899
0.0073,0.0000,0.0000,0.0000,0.0072,0.0000,200,4.3963
0.0076,0.0000,0.0000,0.0000,0.0076,0.0000,200,4.3962
0.0066,0.0000,0.0000,0.0000,0.0066,0.0000,200,4.3972
0.0077,0.0000,0.0000,0.0000,0.0076,0.0000,200,4.3962
0.0069,0.0000,0.0000,0.0000,0.0068,0.0001,200,4.4036
0.0067,0.0000,0.0000,0.0000,0.0066,0.0001,200,4.4038
0.0069,0.0000,0.0000,0.0000,0.0068,0.0000,200,4.4038
0.0072,0.0000,0.0000,0.0000,0.0071,0.0000,200,4.4038
0.0069,0.0000,0.0000,0.0000,0.0068,0.0001,200,4.4105
0.0068,0.0000,0.0000,0.0000,0.0068,0.0000,200,4.4107
0.0071,0.0000,0.0000,0.0000,0.0070,0.0001,200,4.4104
0.0070,0.0000,0.0000,0.0000,0.0069,0.0000,200,4.4110
0.0068,0.0000,0.0000,0.0000,0.0066,0.0001,200,4.4174
0.0070,0.0000,0.0000,0.0000,0.0070,0.0000,200,4.4175
0.0065,0.0000,0.0000,0.0000,0.0064,0.0000,200,4.4180
0.0070,0.0000,0.0000,0.0000,0.0070,0.0000,200,4.4175
0.0067,0.0000,0.0000,0.0000,0.0066,0.0001,200,4.4242
0.0066,0.0000,0.0000,0.0000,0.0065,0.0000,200,4.4246
0.0072,0.0000,0.0000,0.0000,0.0071,0.0001,200,4.4246
0.0072,0.0000,0.0000,0.0000,0.0071,0.0000,200,4.4246
0.0067,0.0000,0.0000,0.0000,0.0066,0.0001,200,4.4311
0.0069,0.0000,0.0000,0.0000,0.0068,0.0000,200,4.4310
0.0066,0.0000,0.0000,0.0000,0.0064,0.0002,200,4.4317
0.0068,0.0000,0.0000,0.0000,0.0067,0.0000,200,4.4318
0.0064,0.0000,0.0000,0.0000,0.0063,0.0000,200,4.4384
0.0070,0.0000,0.0000,0.0000,0.0068,0.0001,200,4.4378
0.0070,0.0000,0.0000,0.0000,0.0069,0.0002,200,4.4378
0.0065,0.0000,0.0000,0.0000,0.0064,0.0000,200,4.4385
0.0069,0.0000,0.0000,0.0000,0.0068,0.0001,200,4.4448
0.0070,0.0000,0.0000,0.0000,0.0069,0.0000,200,4.4448
0.0073,0.0000,0.0000,0.0000,0.0072,0.0000,200,4.4450
0.0126,0.0000,0.0000,0.0000,0.0125,0.0001,200,4.4449
0.0065,0.0000,0.0000,0.0000,0.0064,0.0001,200,4.4518
0.0063,0.0000,0.0000,0.0000,0.0062,0.0000,200,4.4523
0.0109,0.0000,0.0000,0.0000,0.0109,0.0001,200,4.4517
0.0065,0.0000,0.0000,0.0000,0.0064,0.0001,200,4.4583
0.0062,0.0000,0.0000,0.0000,0.0061,0.0000,200,4.4586
0.0108,0.0000,0.0000,0.0000,0.0107,0.0001,200,4.4574
0.0064,0.0000,0.0000,0.0000,0.0064,0.0000,200,4.4648
0.0065,0.0000,0.0000,0.0000,0.0064,0.0000,200,4.4648
0.0115,0.0000,0.0000,0.0000,0.0114,0.0001,200,4.4626
0.0065,0.0000,0.0000,0.0000,0.0064,0.0001,200,4.4712
0.0064,0.0000,0.0000,0.0000,0.0064,0.0001,200,4.4713
0.0113,0.0000,0.0000,0.0000,0.0113,0.0000,200,4.4683
0.0064,0.0000,0.0000,0.0000,0.0063,0.0001,200,4.4777
0.0065,0.0000,0.0000,0.0000,0.0064,0.0000,200,4.4777
0.0111,0.0000,0.0000,0.0000,0.0110,0.0000,200,4.4741
0.0067,0.0000,0.0000,0.0000,0.0066,0.0001,200,4.4841
0.0112,0.0000,0.0000,0.0000,0.0111,0.0000,200,4.4796
0.0066,0.0000,0.0000,0.0000,0.0065,0.0000,200,4.4842
0.0112,0.0000,0.0000,0.0000,0.0111,0.0001,200,4.4852
0.0066,0.0000,0.0000,0.0000,0.0065,0.0001,200,4.4908
0.0066,0.0000,0.0000,0.0000,0.0066,0.0000,200,4.4908
0.0072,0.0000,0.0000,0.0000,0.0071,0.0000,200,4.4908
0.0065,0.0000,0.0000,0.0000,0.0064,0.0000,200,4.4964
0.0066,0.0000,0.0000,0.0000,0.0065,0.0001,200,4.4975
0.0067,0.0000,0.0000,0.0000,0.0066,0.0001,200,4.4974
0.0065,0.0000,0.0000,0.0000,0.0064,0.0000,200,4.4980
0.0074,0.0000,0.0000,0.0000,0.0073,0.0001,200,4.5029
0.0068,0.0000,0.0000,0.0000,0.0066,0.0001,200,4.5040
0.0067,0.0000,0.0000,0.0000,0.0066,0.0000,200,4.5041
0.0065,0.0000,0.0000,0.0000,0.0064,0.0000,200,4.5045
0.0068,0.0000,0.0000,0.0000,0.0068,0.0000,200,4.5108
0.0068,0.0000,0.0000,0.0000,0.0067,0.0001,200,4.5108
0.0074,0.0000,0.0000,0.0000,0.0072,0.0001,200,4.5103
0.0070,0.0000,0.0000,0.0000,0.0069,0.0000,200,4.5110
0.0067,0.0000,0.0000,0.0000,0.0067,0.0000,200,4.5179
0.0070,0.0000,0.0000,0.0000,0.0068,0.0001,200,4.5176
0.0073,0.0000,0.0000,0.0000,0.0072,0.0000,200,4.5177
0.0075,0.0000,0.0000,0.0000,0.0073,0.0001,200,4.5176
0.0071,0.0000,0.0000,0.0000,0.0070,0.0001,200,4.5247
0.0077,0.0000,0.0000,0.0000,0.0077,0.0001,200,4.5250
0.0076,0.0000,0.0000,0.0000,0.0076,0.0000,200,4.5251
0.0091,0.0000,0.0000,0.0000,0.0089,0.0001,200,4.5247
0.0080,0.0000,0.0000,0.0000,0.0079,0.0001,200,4.5317
0.0070,0.0000,0.0000,0.0000,0.0069,0.0001,200,4.5328
0.0080,0.0000,0.0000,0.0000,0.0079,0.0001,200,4.5327
0.0094,0.0000,0.0000,0.0000,0.0093,0.0001,200,4.5337
0.0073,0.0000,0.0000,0.0000,0.0072,0.0001,200,4.5398
0.0076,0.0000,0.0000,0.0000,0.0075,0.0000,200,4.5398
0.0070,0.0000,0.0000,0.0000,0.0069,0.0001,200,4.5432
0.0095,0.0000,0.0000,0.0000,0.0093,0.0001,200,4.5407
0.0074,0.0000,0.0000,0.0000,0.0073,0.0001,200,4.5470
0.0082,0.0000,0.0000,0.0000,0.0079,0.0003,200,4.5474
0.0072,0.0000,0.0000,0.0000,0.0070,0.0001,200,4.5502
0.0073,0.0000,0.0000,0.0000,0.0073,0.0000,200,4.5502
0.0074,0.0000,0.0000,0.0000,0.0073,0.0001,200,4.5544
0.0074,0.0000,0.0000,0.0000,0.0073,0.0001,200,4.5556
0.0069,0.0000,0.0000,0.0000,0.0068,0.0001,200,4.5574
0.0100,0.0000,0.0000,0.0000,0.0098,0.0001,200,4.5575
0.0070,0.0000,0.0000,0.0000,0.0069,0.0001,200,4.5619
0.0069,0.0000,0.0000,0.0000,0.0067,0.0001,200,4.5643
0.0100,0.0000,0.0000,0.0000,0.0100,0.0001,200,4.5630
0.0069,0.0000,0.0000,0.0000,0.0068,0.0000,200,4.5675
0.0081,0.0000,0.0000,0.0000,0.0080,0.0001,200,4.5689
0.0073,0.0000,0.0000,0.0000,0.0072,0.0001,200,4.5711
0.0066,0.0000,0.0000,0.0000,0.0065,0.0001,200,4.5730
0.0072,0.0000,0.0000,0.0000,0.0071,0.0001,200,4.5743
0.0077,0.0000,0.0000,0.0000,0.0076,0.0001,200,4.5770
0.0082,0.0000,0.0000,0.0000,0.0081,0.0001,200,4.5785
0.0086,0.0000,0.0000,0.0000,0.0085,0.0000,200,4.5796
0.0068,0.0000,0.0000,0.0000,0.0068,0.0000,200,4.5815
0.0066,0.0000,0.0000,0.0000,0.0065,0.0001,200,4.5847
0.0065,0.0000,0.0000,0.0000,0.0064,0.0000,200,4.5867
0.0065,0.0000,0.0000,0.0000,0.0064,0.0000,200,4.5883
0.0064,0.0000,0.0000,0.0000,0.0063,0.0000,200,4.5884
0.0063,0.0000,0.0000,0.0000,0.0062,0.0000,200,4.5913
0.0064,0.0000,0.0000,0.0000,0.0063,0.0000,200,4.5932
0.0063,0.0000,0.0000,0.0000,0.0062,0.0001,200,4.5948
0.0064,0.0000,0.0000,0.0000,0.0063,0.0000,200,4.5947
0.0064,0.0000,0.0000,0.0000,0.0063,0.0001,200,4.5977
0.0065,0.0000,0.0000,0.0000,0.0064,0.0000,200,4.5996
0.0063,0.0000,0.0000,0.0000,0.0062,0.0001,200,4.6011
0.0063,0.0000,0.0000,0.0000,0.0063,0.0000,200,4.6011
0.0067,0.0000,0.0000,0.0000,0.0066,0.0001,200,4.6040
0.0073,0.0000,0.0000,0.0000,0.0072,0.0001,200,4.6061
0.0063,0.0000,0.0000,0.0000,0.0063,0.0000,200,4.6074
0.0064,0.0000,0.0000,0.0000,0.0064,0.0000,200,4.6074
0.0070,0.0000,0.0000,0.0000,0.0069,0.0001,200,4.6108
0.0072,0.0000,0.0000,0.0000,0.0071,0.0001,200,4.6134
0.0068,0.0000,0.0000,0.0000,0.0067,0.0000,200,4.6139
0.0076,0.0000,0.0000,0.0000,0.0075,0.0001,200,4.6138
0.0070,0.0000,0.0000,0.0000,0.0069,0.0001,200,4.6178
0.0076,0.0000,0.0000,0.0000,0.0075,0.0001,200,4.6206
0.0088,0.0000,0.0000,0.0000,0.0087,0.0001,200,4.6205
0.0069,0.0000,0.0000,0.0000,0.0067,0.0001,200,4.6248
0.0104,0.0000,0.0000,0.0000,0.0104,0.0000,200,4.6213
0.0069,0.0000,0.0000,0.0000,0.0067,0.0002,200,4.6293
0.0098,0.0000,0.0000,0.0000,0.0097,0.0001,200,4.6282
0.0066,0.0000,0.0000,0.0000,0.0066,0.0000,200,4.6318
0.0073,0.0000,0.0000,0.0000,0.0072,0.0000,200,4.6317
0.0070,0.0000,0.0000,0.0000,0.0069,0.0001,200,4.6363
0.0074,0.0000,0.0000,0.0000,0.0073,0.0001,200,4.6380
0.0071,0.0000,0.0000,0.0000,0.0071,0.0000,200,4.6384
0.0066,0.0000,0.0000,0.0000,0.0066,0.0000,200,4.6390
0.0086,0.0000,0.0000,0.0000,0.0084,0.0001,200,4.6433
0.0071,0.0000,0.0000,0.0000,0.0071,0.0000,200,4.6456
0.0073,0.0000,0.0000,0.0000,0.0070,0.0003,200,4.6455
0.0079,0.0000,0.0000,0.0000,0.0078,0.0000,200,4.6454
0.0073,0.0000,0.0000,0.0000,0.0072,0.0001,200,4.6518
0.0074,0.0000,0.0000,0.0000,0.0073,0.0000,200,4.6528
0.0069,0.0000,0.0000,0.0000,0.0068,0.0001,200,4.6533
0.0074,0.0000,0.0000,0.0000,0.0073,0.0000,200,4.6529
0.0071,0.0000,0.0000,0.0000,0.0070,0.0001,200,4.6592
0.0070,0.0000,0.0000,0.0000,0.0069,0.0001,200,4.6602
0.0072,0.0000,0.0000,0.0000,0.0072,0.0000,200,4.6602
0.0073,0.0000,0.0000,0.0000,0.0072,0.0000,200,4.6602
0.0074,0.0000,0.0000,0.0000,0.0073,0.0001,200,4.6663
0.0075,0.0000,0.0000,0.0000,0.0074,0.0001,200,4.6674
0.0079,0.0000,0.0000,0.0000,0.0078,0.0000,200,4.6672
0.0077,0.0000,0.0000,0.0000,0.0076,0.0000,200,4.6675
0.0068,0.0000,0.0000,0.0000,0.0066,0.0001,200,4.6737
0.0069,0.0000,0.0000,0.0000,0.0068,0.0001,200,4.6752
0.0073,0.0000,0.0000,0.0000,0.0072,0.0000,200,4.6749
0.0097,0.0000,0.0000,0.0000,0.0096,0.0001,200,4.6751
0.0070,0.0000,0.0000,0.0000,0.0067,0.0002,200,4.6804
0.0064,0.0000,0.0000,0.0000,0.0064,0.0001,200,4.6822
0.0073,0.0000,0.0000,0.0000,0.0072,0.0000,200,4.6821
0.0067,0.0000,0.0000,0.0000,0.0066,0.0001,200,4.6848
0.0066,0.0000,0.0000,0.0000,0.0065,0.0000,200,4.6874
0.0069,0.0000,0.0000,0.0000,0.0068,0.0001,200,4.6887
0.0064,0.0000,0.0000,0.0000,0.0064,0.0000,200,4.6894
0.0064,0.0000,0.0000,0.0000,0.0064,0.0000,200,4.6915
0.0064,0.0000,0.0000,0.0000,0.0063,0.0001,200,4.6940
0.0065,0.0000,0.0000,0.0000,0.0064,0.0000,200,4.6956
0.0063,0.0000,0.0000,0.0000,0.0062,0.0000,200,4.6958
0.0063,0.0000,0.0000,0.0000,0.0062,0.0001,200,4.6980
0.0062,0.0000,0.0000,0.0000,0.0062,0.0000,200,4.7004
0.0064,0.0000,0.0000,0.0000,0.0063,0.0000,200,4.7021
0.0064,0.0000,0.0000,0.0000,0.0064,0.0000,200,4.7021
0.0063,0.0000,0.0000,0.0000,0.0062,0.0000,200,4.7042
0.0064,0.0000,0.0000,0.0000,0.0063,0.0000,200,4.7066
0.0064,0.0000,0.0000,0.0000,0.0063,0.0000,200,4.7085
0.0064,0.0000,0.0000,0.0000,0.0064,0.0000,200,4.7085
0.0076,0.0000,0.0000,0.0000,0.0075,0.0001,200,4.7105
0.0069,0.0000,0.0000,0.0000,0.0068,0.0001,200,4.7131
0.0065,0.0000,0.0000,0.0000,0.0064,0.0001,200,4.7150
0.0069,0.0000,0.0000,0.0000,0.0068,0.0000,200,4.7149
0.0069,0.0000,0.0000,0.0000,0.0068,0.0001,200,4.7182
0.0067,0.0000,0.0000,0.0000,0.0066,0.0000,200,4.7200
0.0065,0.0000,0.0000,0.0000,0.0065,0.0001,200,4.7215
0.0067,0.0000,0.0000,0.0000,0.0066,0.0001,200,4.7218
0.0065,0.0000,0.0000,0.0000,0.0064,0.0001,200,4.7250
0.0068,0.0000,0.0000,0.0000,0.0067,0.0000,200,4.7267
0.0065,0.0000,0.0000,0.0000,0.0064,0.0000,200,4.7280
0.0064,0.0000,0.0000,0.0000,0.0063,0.0000,200,4.7285
0.0063,0.0000,0.0000,0.0000,0.0062,0.0000,200,4.7316
0.0063,0.0000,0.0000,0.0000,0.0062,0.0000,200,4.7335
0.0064,0.0000,0.0000,0.0000,0.0063,0.0000,200,4.7345
0.0066,0.0000,0.0000,0.0000,0.0065,0.0001,200,4.7349
0.0062,0.0000,0.0000,0.0000,0.0061,0.0001,200,4.7379
0.0063,0.0000,0.0000,0.0000,0.0062,0.0000,200,4.7398
0.0063,0.0000,0.0000,0.0000,0.0062,0.0000,200,4.7409
0.0063,0.0000,0.0000,0.0000,0.0062,0.0000,200,4.7415
0.0064,0.0000,0.0000,0.0000,0.0063,0.0001,200,4.7441
0.0064,0.0000,0.0000,0.0000,0.0063,0.0001,200,4.7461
0.0064,0.0000,0.0000,0.0000,0.0063,0.0000,200,4.7479
0.0084,0.0000,0.0000,0.0000,0.0083,0.0001,200,4.7472
0.0064,0.0000,0.0000,0.0000,0.0064,0.0000,200,4.7505
0.0065,0.0000,0.0000,0.0000,0.0064,0.0000,200,4.7525
0.0065,0.0000,0.0000,0.0000,0.0064,0.0000,200,4.7543
0.0064,0.0000,0.0000,0.0000,0.0063,0.0000,200,4.7556
0.0063,0.0000,0.0000,0.0000,0.0062,0.0000,200,4.7569
0.0064,0.0000,0.0000,0.0000,0.0063,0.0000,200,4.7590
0.0063,0.0000,0.0000,0.0000,0.0063,0.0000,200,4.7607
0.0064,0.0000,0.0000,0.0000,0.0063,0.0000,200,4.7619
0.0064,0.0000,0.0000,0.0000,0.0063,0.0000,200,4.7632
0.0066,0.0000,0.0000,0.0000,0.0065,0.0000,200,4.7654
0.0063,0.0000,0.0000,0.0000,0.0062,0.0000,200,4.7671
0.0064,0.0000,0.0000,0.0000,0.0063,0.0000,200,4.7683
0.0068,0.0000,0.0000,0.0000,0.0068,0.0000,200,4.7696
0.0063,0.0000,0.0000,0.0000,0.0062,0.0000,200,4.7720
0.0062,0.0000,0.0000,0.0000,0.0061,0.0000,200,4.7734
0.0073,0.0000,0.0000,0.0000,0.0072,0.0000,200,4.7747
0.0063,0.0000,0.0000,0.0000,0.0062,0.0000,200,4.7765
0.0063,0.0000,0.0000,0.0000,0.0062,0.0000,200,4.7783
0.0062,0.0000,0.0000,0.0000,0.0062,0.0000,200,4.7796
0.0064,0.0000,0.0000,0.0000,0.0063,0.0000,200,4.7819
0.0064,0.0000,0.0000,0.0000,0.0064,0.0000,200,4.7828
0.0065,0.0000,0.0000,0.0000,0.0064,0.0000,200,4.7846
0.0064,0.0000,0.0000,0.0000,0.0063,0.0000,200,4.7858
0.0065,0.0000,0.0000,0.0000,0.0064,0.0000,200,4.7884
0.0063,0.0000,0.0000,0.0000,0.0063,0.0000,200,4.7892
0.0063,0.0000,0.0000,0.0000,0.0063,0.0000,200,4.7911
0.0064,0.0000,0.0000,0.0000,0.0063,0.0000,200,4.7922
0.0065,0.0000,0.0000,0.0000,0.0064,0.0001,200,4.7949
0.0064,0.0000,0.0000,0.0000,0.0063,0.0000,200,4.7955
0.0063,0.0000,0.0000,0.0000,0.0062,0.0000,200,4.7974
0.0063,0.0000,0.0000,0.0000,0.0062,0.0000,200,4.7986
0.0065,0.0000,0.0000,0.0000,0.0064,0.0000,200,4.8013
0.0064,0.0000,0.0000,0.0000,0.0064,0.0001,200,4.8019
0.0063,0.0000,0.0000,0.0000,0.0062,0.0000,200,4.8037
0.0064,0.0000,0.0000,0.0000,0.0064,0.0000,200,4.8049
0.0064,0.0000,0.0000,0.0000,0.0063,0.0001,200,4.8079
0.0065,0.0000,0.0000,0.0000,0.0064,0.0000,200,4.8083
0.0064,0.0000,0.0000,0.0000,0.0063,0.0000,200,4.8100
0.0062,0.0000,0.0000,0.0000,0.0062,0.0000,200,4.8113
0.0065,0.0000,0.0000,0.0000,0.0064,0.0001,200,4.8143
0.0063,0.0000,0.0000,0.0000,0.0062,0.0000,200,4.8148
0.0063,0.0000,0.0000,0.0000,0.0062,0.0000,200,4.8164
0.0070,0.0000,0.0000,0.0000,0.0069,0.0000,200,4.8176
0.0067,0.0000,0.0000,0.0000,0.0066,0.0001,200,4.8208
0.0065,0.0000,0.0000,0.0000,0.0065,0.0000,200,4.8210
0.0064,0.0000,0.0000,0.0000,0.0063,0.0001,200,4.8227
0.0064,0.0000,0.0000,0.0000,0.0063,0.0000,200,4.8245
0.0065,0.0000,0.0000,0.0000,0.0064,0.0000,200,4.8275
0.0064,0.0000,0.0000,0.0000,0.0063,0.0001,200,4.8276
0.0067,0.0000,0.0000,0.0000,0.0066,0.0000,200,4.8291
0.0064,0.0000,0.0000,0.0000,0.0063,0.0001,200,4.8309
0.0073,0.0000,0.0000,0.0000,0.0072,0.0001,200,4.8340
0.0073,0.0000,0.0000,0.0000,0.0073,0.0000,200,4.8340
0.0065,0.0000,0.0000,0.0000,0.0065,0.0000,200,4.8358
0.0063,0.0000,0.0000,0.0000,0.0063,0.0000,200,4.8373
0.0067,0.0000,0.0000,0.0000,0.0066,0.0000,200,4.8412
0.0067,0.0000,0.0000,0.0000,0.0066,0.0001,200,4.8413
0.0065,0.0000,0.0000,0.0000,0.0064,0.0001,200,4.8423
0.0061,0.0000,0.0000,0.0000,0.0060,0.0000,200,4.8436
0.0065,0.0000,0.0000,0.0000,0.0064,0.0000,200,4.8480
0.0066,0.0000,0.0000,0.0000,0.0065,0.0001,200,4.8479
0.0067,0.0000,0.0000,0.0000,0.0066,0.0000,200,4.8489
0.0064,0.0000,0.0000,0.0000,0.0063,0.0001,200,4.8497
0.0067,0.0000,0.0000,0.0000,0.0066,0.0001,200,4.8545
0.0069,0.0000,0.0000,0.0000,0.0066,0.0002,200,4.8545
0.0067,0.0000,0.0000,0.0000,0.0066,0.0001,200,4.8555
0.0066,0.0000,0.0000,0.0000,0.0065,0.0001,200,4.8561
0.0071,0.0000,0.0000,0.0001,0.0069,0.0001,200,4.8613
0.0073,0.0000,0.0000,0.0000,0.0070,0.0001,200,4.8611
0.0066,0.0000,0.0000,0.0000,0.0064,0.0001,200,4.8623
0.0071,0.0000,0.0000,0.0000,0.0070,0.0001,200,4.8627
0.0069,0.0000,0.0000,0.0000,0.0068,0.0001,200,4.8684
0.0069,0.0000,0.0000,0.0000,0.0068,0.0001,200,4.8684
0.0067,0.0000,0.0000,0.0000,0.0066,0.0000,200,4.8688
0.0065,0.0000,0.0000,0.0000,0.0064,0.0000,200,4.8698
0.0067,0.0000,0.0000,0.0000,0.0066,0.0000,200,4.8753
0.0067,0.0000,0.0000,0.0000,0.0066,0.0000,200,4.8753
0.0065,0.0000,0.0000,0.0000,0.0064,0.0000,200,4.8763
0.0078,0.0000,0.0000,0.0000,0.0078,0.0000,200,4.8755
0.0068,0.0000,0.0000,0.0000,0.0067,0.0000,200,4.8820
0.0068,0.0000,0.0000,0.0000,0.0067,0.0000,200,4.8820
0.0067,0.0000,0.0000,0.0000,0.0066,0.0000,200,4.8828
0.0066,0.0000,0.0000,0.0000,0.0065,0.0000,200,4.8834
0.0067,0.0000,0.0000,0.0000,0.0066,0.0001,200,4.8887
0.0069,0.0000,0.0000,0.0000,0.0068,0.0000,200,4.8887
0.0064,0.0000,0.0000,0.0000,0.0064,0.0000,200,4.8895
0.0065,0.0000,0.0000,0.0000,0.0064,0.0001,200,4.8899
0.0068,0.0000,0.0000,0.0000,0.0068,0.0001,200,4.8956
0.0070,0.0000,0.0000,0.0000,0.0069,0.0001,200,4.8955
0.0066,0.0000,0.0000,0.0000,0.0065,0.0000,200,4.8959
0.0068,0.0000,0.0000,0.0000,0.0066,0.0002,200,4.8965
0.0069,0.0000,0.0000,0.0000,0.0068,0.0001,200,4.9025
0.0070,0.0000,0.0000,0.0000,0.0069,0.0000,200,4.9025
0.0072,0.0000,0.0000,0.0000,0.0071,0.0000,200,4.9025
0.0067,0.0000,0.0000,0.0000,0.0066,0.0000,200,4.9033
0.0068,0.0000,0.0000,0.0000,0.0067,0.0001,200,4.9094
0.0068,0.0000,0.0000,0.0000,0.0068,0.0000,200,4.9094
0.0069,0.0000,0.0000,0.0000,0.0068,0.0000,200,4.9097
0.0073,0.0000,0.0000,0.0000,0.0072,0.0000,200,4.9099
0.0068,0.0000,0.0000,0.0000,0.0067,0.0000,200,4.9162
0.0068,0.0000,0.0000,0.0000,0.0067,0.0000,200,4.9163
0.0070,0.0000,0.0000,0.0000,0.0069,0.0000,200,4.9165
0.0067,0.0000,0.0000,0.0000,0.0066,0.0000,200,4.9172
0.0068,0.0000,0.0000,0.0000,0.0067,0.0001,200,4.9231
0.0069,0.0000,0.0000,0.0000,0.0068,0.0001,200,4.9231
0.0065,0.0000,0.0000,0.0001,0.0064,0.0000,200,4.9235
0.0067,0.0000,0.0000,0.0000,0.0067,0.0000,200,4.9239
0.0067,0.0000,0.0000,0.0000,0.0066,0.0001,200,4.9300
0.0072,0.0000,0.0000,0.0000,0.0071,0.0000,200,4.9299
0.0072,0.0000,0.0000,0.0000,0.0071,0.0000,200,4.9300
0.0069,0.0000,0.0000,0.0000,0.0068,0.0000,200,4.9306
0.0067,0.0000,0.0000,0.0000,0.0064,0.0002,200,4.9371
0.0066,0.0000,0.0000,0.0000,0.0065,0.0000,200,4.9372
0.0066,0.0000,0.0000,0.0000,0.0065,0.0001,200,4.9375
0.0080,0.0000,0.0000,0.0000,0.0079,0.0000,200,4.9367
0.0068,0.0000,0.0000,0.0000,0.0067,0.0001,200,4.9438
0.0069,0.0000,0.0000,0.0000,0.0069,0.0000,200,4.9438
0.0069,0.0000,0.0000,0.0000,0.0068,0.0001,200,4.9441
0.0072,0.0000,0.0000,0.0000,0.0071,0.0000,200,4.9447
0.0067,0.0000,0.0000,0.0000,0.0066,0.0001,200,4.9506
0.0068,0.0000,0.0000,0.0000,0.0067,0.0000,200,4.9507
0.0066,0.0000,0.0000,0.0000,0.0065,0.0000,200,4.9510
0.0065,0.0000,0.0000,0.0000,0.0064,0.0001,200,4.9519
0.0067,0.0000,0.0000,0.0000,0.0067,0.0001,200,4.9574
0.0069,0.0000,0.0000,0.0000,0.0068,0.0001,200,4.9573
0.0071,0.0000,0.0000,0.0000,0.0070,0.0000,200,4.9576
0.0072,0.0000,0.0000,0.0000,0.0071,0.0001,200,4.9584
0.0067,0.0000,0.0000,0.0000,0.0066,0.0001,200,4.9642
0.0066,0.0000,0.0000,0.0000,0.0065,0.0000,200,4.9647
0.0074,0.0000,0.0000,0.0000,0.0073,0.0000,200,4.9642
0.0066,0.0000,0.0000,0.0001,0.0065,0.0000,200,4.9656
0.0069,0.0000,0.0000,0.0000,0.0068,0.0001,200,4.9709
0.0066,0.0000,0.0000,0.0000,0.0065,0.0000,200,4.9712
0.0065,0.0000,0.0000,0.0000,0.0065,0.0000,200,4.9716
0.0066,0.0000,0.0000,0.0000,0.0066,0.0000,200,4.9722
0.0067,0.0000,0.0000,0.0000,0.0066,0.0001,200,4.9778
0.0068,0.0000,0.0000,0.0000,0.0067,0.0000,200,4.9778
0.0068,0.0000,0.0000,0.0000,0.0068,0.0000,200,4.9781
0.0068,0.0000,0.0000,0.0000,0.0067,0.0001,200,4.9789
0.0071,0.0000,0.0000,0.0000,0.0070,0.0001,200,4.9849
0.0076,0.0000,0.0000,0.0000,0.0075,0.0000,200,4.9845
0.0076,0.0000,0.0000,0.0000,0.0076,0.0000,200,4.9846
0.0066,0.0000,0.0000,0.0000,0.0065,0.0000,200,4.9856
0.0068,0.0000,0.0000,0.0000,0.0067,0.0001,200,4.9921
0.0067,0.0000,0.0000,0.0000,0.0067,0.0000,200,4.9922
0.0071,0.0000,0.0000,0.0000,0.0071,0.0001,200,4.9922
0.0073,0.0000,0.0000,0.0000,0.0072,0.0000,200,4.9921
0.0070,0.0000,0.0000,0.0000,0.0068,0.0001,200,4.9989
0.0075,0.0000,0.0000,0.0000,0.0075,0.0000,200,4.9989
0.0071,0.0000,0.0000,0.0000,0.0071,0.0000,200,4.9994
0.0072,0.0000,0.0000,0.0000,0.0072,0.0000,200,4.9994
0.0071,0.0000,0.0000,0.0000,0.0069,0.0001,200,5.0058
0.0064,0.0000,0.0000,0.0000,0.0064,0.0000,200,5.0065
0.0067,0.0000,0.0000,0.0000,0.0066,0.0001,200,5.0065
0.0074,0.0000,0.0000,0.0000,0.0073,0.0000,200,5.0066
0.0069,0.0000,0.0000,0.0000,0.0068,0.0001,200,5.0129
0.0069,0.0000,0.0000,0.0000,0.0068,0.0000,200,5.0129
0.0074,0.0000,0.0000,0.0000,0.0073,0.0000,200,5.0132
0.0068,0.0000,0.0000,0.0000,0.0067,0.0000,200,5.0140
0.0068,0.0000,0.0000,0.0000,0.0066,0.0001,200,5.0198
0.0063,0.0000,0.0000,0.0000,0.0063,0.0000,200,5.0206
0.0072,0.0000,0.0000,0.0000,0.0072,0.0000,200,5.0198
0.0071,0.0000,0.0000,0.0000,0.0071,0.0000,200,5.0208
0.0071,0.0000,0.0000,0.0000,0.0070,0.0001,200,5.0269
0.0070,0.0000,0.0000,0.0000,0.0070,0.0000,200,5.0270
0.0075,0.0000,0.0000,0.0000,0.0075,0.0000,200,5.0265
0.0064,0.0000,0.0000,0.0000,0.0063,0.0001,200,5.0279
0.0077,0.0000,0.0000,0.0000,0.0076,0.0000,200,5.0340
0.0077,0.0000,0.0000,0.0000,0.0075,0.0002,200,5.0341
0.0083,0.0000,0.0000,0.0000,0.0081,0.0001,200,5.0340
0.0080,0.0000,0.0000,0.0000,0.0078,0.0001,200,5.0344
0.0073,0.0000,0.0000,0.0000,0.0071,0.0001,200,5.0417
0.0074,0.0000,0.0000,0.0000,0.0073,0.0000,200,5.0423
0.0081,0.0000,0.0000,0.0000,0.0076,0.0004,200,5.0418
0.0094,0.0000,0.0000,0.0000,0.0093,0.0001,200,5.0423
0.0069,0.0000,0.0000,0.0000,0.0068,0.0001,200,5.0497
0.0069,0.0000,0.0000,0.0000,0.0068,0.0001,200,5.0498
0.0112,0.0000,0.0000,0.0000,0.0110,0.0001,200,5.0490
0.0116,0.0000,0.0000,0.0000,0.0115,0.0001,200,5.0517
0.0069,0.0000,0.0000,0.0000,0.0068,0.0000,200,5.0567
0.0069,0.0000,0.0000,0.0000,0.0069,0.0000,200,5.0567
0.0074,0.0000,0.0000,0.0000,0.0073,0.0001,200,5.0602
0.0067,0.0000,0.0000,0.0000,0.0066,0.0001,200,5.0636
0.0071,0.0000,0.0000,0.0000,0.0070,0.0000,200,5.0634
0.0080,0.0000,0.0000,0.0000,0.0079,0.0001,200,5.0637
0.0067,0.0000,0.0000,0.0000,0.0066,0.0001,200,5.0676
0.0067,0.0000,0.0000,0.0000,0.0066,0.0000,200,5.0703
0.0068,0.0000,0.0000,0.0000,0.0068,0.0000,200,5.0704
0.0065,0.0000,0.0000,0.0000,0.0064,0.0000,200,5.0717
0.0064,0.0000,0.0000,0.0000,0.0063,0.0001,200,5.0743
0.0067,0.0000,0.0000,0.0000,0.0066,0.0001,200,5.0770
0.0065,0.0000,0.0000,0.0000,0.0064,0.0000,200,5.0773
0.0064,0.0000,0.0000,0.0000,0.0063,0.0000,200,5.0781
0.0068,0.0000,0.0000,0.0000,0.0067,0.0001,200,5.0807
0.0065,0.0000,0.0000,0.0000,0.0065,0.0000,200,5.0837
0.0066,0.0000,0.0000,0.0000,0.0066,0.0000,200,5.0837
0.0064,0.0000,0.0000,0.0000,0.0064,0.0000,200,5.0845
0.0065,0.0000,0.0000,0.0000,0.0064,0.0001,200,5.0875
0.0064,0.0000,0.0000,0.0000,0.0063,0.0001,200,5.0903
0.0066,0.0000,0.0000,0.0000,0.0065,0.0001,200,5.0902
0.0064,0.0000,0.0000,0.0000,0.0064,0.0000,200,5.0910
0.0064,0.0000,0.0000,0.0000,0.0063,0.0001,200,5.0940
0.0066,0.0000,0.0000,0.0000,0.0065,0.0000,200,5.0968
0.0067,0.0000,0.0000,0.0000,0.0066,0.0001,200,5.0968
0.0063,0.0000,0.0000,0.0000,0.0063,0.0000,200,5.0974
0.0064,0.0000,0.0000,0.0000,0.0063,0.0001,200,5.1004
0.0065,0.0000,0.0000,0.0000,0.0064,0.0001,200,5.1034
0.0066,0.0000,0.0000,0.0000,0.0065,0.0000,200,5.1034
0.0063,0.0000,0.0000,0.0000,0.0063,0.0000,200,5.1038
0.0067,0.0000,0.0000,0.0000,0.0066,0.0001,200,5.1068
0.0063,0.0000,0.0000,0.0000,0.0062,0.0001,200,5.1101
0.0066,0.0000,0.0000,0.0000,0.0065,0.0000,200,5.1099
0.0071,0.0000,0.0000,0.0000,0.0071,0.0000,200,5.1100
0.0066,0.0000,0.0000,0.0000,0.0065,0.0001,200,5.1135
0.0064,0.0000,0.0000,0.0000,0.0063,0.0000,200,5.1165
0.0065,0.0000,0.0000,0.0000,0.0064,0.0000,200,5.1164
0.0063,0.0000,0.0000,0.0000,0.0062,0.0000,200,5.1172
0.0065,0.0000,0.0000,0.0000,0.0064,0.0000,200,5.1201
0.0067,0.0000,0.0000,0.0000,0.0067,0.0001,200,5.1229
0.0067,0.0000,0.0000,0.0000,0.0067,0.0001,200,5.1229
0.0063,0.0000,0.0000,0.0000,0.0063,0.0000,200,5.1235
0.0064,0.0000,0.0000,0.0000,0.0063,0.0001,200,5.1266
0.0066,0.0000,0.0000,0.0000,0.0065,0.0001,200,5.1296
0.0065,0.0000,0.0000,0.0000,0.0064,0.0000,200,5.1298
0.0076,0.0000,0.0000,0.0000,0.0075,0.0000,200,5.1296
0.0066,0.0000,0.0000,0.0000,0.0065,0.0000,200,5.1330
0.0068,0.0000,0.0000,0.0000,0.0067,0.0001,200,5.1362
0.0071,0.0000,0.0000,0.0000,0.0070,0.0001,200,5.1363
0.0065,0.0000,0.0000,0.0000,0.0065,0.0000,200,5.1372
0.0063,0.0000,0.0000,0.0000,0.0062,0.0000,200,5.1396
0.0067,0.0000,0.0000,0.0000,0.0066,0.0000,200,5.1430
0.0063,0.0000,0.0000,0.0000,0.0063,0.0000,200,5.1434
0.0067,0.0000,0.0000,0.0000,0.0067,0.0000,200,5.1438
0.0064,0.0000,0.0000,0.0000,0.0063,0.0000,200,5.1459
0.0066,0.0000,0.0000,0.0000,0.0065,0.0001,200,5.1498
0.0067,0.0000,0.0000,0.0000,0.0066,0.0000,200,5.1497
0.0063,0.0000,0.0000,0.0000,0.0063,0.0000,200,5.1505
0.0066,0.0000,0.0000,0.0000,0.0065,0.0001,200,5.1523
0.0067,0.0000,0.0000,0.0000,0.0067,0.0001,200,5.1564
0.0069,0.0000,0.0000,0.0000,0.0068,0.0000,200,5.1564
0.0067,0.0000,0.0000,0.0000,0.0067,0.0000,200,5.1568
0.0064,0.0000,0.0000,0.0000,0.0063,0.0001,200,5.1589
0.0070,0.0000,0.0000,0.0000,0.0069,0.0001,200,5.1632
0.0070,0.0000,0.0000,0.0000,0.0069,0.0000,200,5.1633
0.0071,0.0000,0.0000,0.0000,0.0070,0.0000,200,5.1636
0.0067,0.0000,0.0000,0.0000,0.0066,0.0001,200,5.1653
0.0067,0.0000,0.0000,0.0000,0.0066,0.0001,200,5.1702
0.0066,0.0000,0.0000,0.0000,0.0065,0.0000,200,5.1703
0.0069,0.0000,0.0000,0.0000,0.0068,0.0000,200,5.1707
0.0079,0.0000,0.0000,0.0000,0.0078,0.0000,200,5.1720
0.0069,0.0000,0.0000,0.0000,0.0069,0.0000,200,5.1768
0.0069,0.0000,0.0000,0.0000,0.0068,0.0000,200,5.1769
0.0067,0.0000,0.0000,0.0000,0.0067,0.0000,200,5.1775
0.0063,0.0000,0.0000,0.0000,0.0062,0.0001,200,5.1798
0.0068,0.0000,0.0000,0.0000,0.0067,0.0000,200,5.1838
0.0068,0.0000,0.0000,0.0000,0.0068,0.0000,200,5.1838
0.0072,0.0000,0.0000,0.0000,0.0072,0.0000,200,5.1843
0.0065,0.0000,0.0000,0.0000,0.0064,0.0000,200,5.1862
0.0065,0.0000,0.0000,0.0000,0.0064,0.0000,200,5.1906
0.0065,0.0000,0.0000,0.0000,0.0064,0.0000,200,5.1906
0.0063,0.0000,0.0000,0.0000,0.0063,0.0000,200,5.1915
0.0064,0.0000,0.0000,0.0000,0.0063,0.0000,200,5.1927
0.0065,0.0000,0.0000,0.0000,0.0064,0.0001,200,5.1971
0.0066,0.0000,0.0000,0.0000,0.0065,0.0000,200,5.1971
0.0061,0.0000,0.0000,0.0000,0.0061,0.0000,200,5.1978
0.0065,0.0000,0.0000,0.0000,0.0064,0.0001,200,5.1991
0.0067,0.0000,0.0000,0.0000,0.0066,0.0001,200,5.2036
0.0065,0.0000,0.0000,0.0000,0.0065,0.0000,200,5.2039
0.0068,0.0000,0.0000,0.0000,0.0068,0.0000,200,5.2037
0.0068,0.0000,0.0000,0.0000,0.0067,0.0001,200,5.2055
0.0068,0.0000,0.0000,0.0000,0.0067,0.0001,200,5.2105
0.0070,0.0000,0.0000,0.0000,0.0069,0.0000,200,5.2103
0.0076,0.0000,0.0000,0.0000,0.0076,0.0000,200,5.2105
0.0064,0.0000,0.0000,0.0000,0.0063,0.0000,200,5.2124
0.0067,0.0000,0.0000,0.0000,0.0066,0.0001,200,5.2173
0.0072,0.0000,0.0000,0.0000,0.0071,0.0001,200,5.2173
0.0067,0.0000,0.0000,0.0000,0.0066,0.0001,200,5.2181
0.0068,0.0000,0.0000,0.0000,0.0067,0.0000,200,5.2188
0.0070,0.0000,0.0000,0.0000,0.0069,0.0001,200,5.2245
0.0075,0.0000,0.0000,0.0000,0.0074,0.0000,200,5.2240
0.0067,0.0000,0.0000,0.0000,0.0067,0.0000,200,5.2248
0.0063,0.0000,0.0000,0.0000,0.0062,0.0000,200,5.2255
0.0069,0.0000,0.0000,0.0000,0.0068,0.0001,200,5.2315
0.0069,0.0000,0.0000,0.0000,0.0068,0.0001,200,5.2315
0.0069,0.0000,0.0000,0.0000,0.0068,0.0001,200,5.2315
0.0068,0.0000,0.0000,0.0000,0.0067,0.0000,200,5.2318
0.0067,0.0000,0.0000,0.0000,0.0067,0.0001,200,5.2385
0.0068,0.0000,0.0000,0.0000,0.0067,0.0001,200,5.2385
0.0071,0.0000,0.0000,0.0000,0.0070,0.0000,200,5.2386
0.0073,0.0000,0.0000,0.0000,0.0071,0.0002,200,5.2384
0.0068,0.0000,0.0000,0.0000,0.0067,0.0001,200,5.2452
0.0063,0.0000,0.0000,0.0000,0.0063,0.0000,200,5.2458
0.0065,0.0000,0.0000,0.0000,0.0065,0.0000,200,5.2457
0.0070,0.0000,0.0000,0.0000,0.0070,0.0000,200,5.2452
0.0069,0.0000,0.0000,0.0000,0.0069,0.0001,200,5.2520
0.0069,0.0000,0.0000,0.0000,0.0065,0.0004,200,5.2521
0.0076,0.0000,0.0000,0.0000,0.0076,0.0000,200,5.2522
0.0076,0.0000,0.0000,0.0000,0.0076,0.0000,200,5.2522
0.0073,0.0000,0.0000,0.0000,0.0071,0.0001,200,5.2589
0.0072,0.0000,0.0000,0.0000,0.0072,0.0000,200,5.2590
0.0069,0.0000,0.0000,0.0000,0.0069,0.0000,200,5.2599
0.0075,0.0000,0.0000,0.0000,0.0074,0.0000,200,5.2598
0.0068,0.0000,0.0000,0.0000,0.0067,0.0001,200,5.2663
0.0065,0.0000,0.0000,0.0000,0.0063,0.0001,200,5.2668
0.0072,0.0000,0.0000,0.0000,0.0071,0.0000,200,5.2662
0.0066,0.0000,0.0000,0.0000,0.0063,0.0003,200,5.2673
0.0070,0.0000,0.0000,0.0000,0.0069,0.0001,200,5.2731
0.0068,0.0000,0.0000,0.0000,0.0067,0.0000,200,5.2734
0.0069,0.0000,0.0000,0.0000,0.0068,0.0000,200,5.2733
0.0075,0.0000,0.0000,0.0000,0.0072,0.0001,200,5.2739
0.0068,0.0000,0.0000,0.0000,0.0067,0.0001,200,5.2801
0.0069,0.0000,0.0000,0.0000,0.0068,0.0000,200,5.2800
0.0080,0.0000,0.0000,0.0000,0.0079,0.0000,200,5.2802
0.0068,0.0000,0.0000,0.0000,0.0067,0.0000,200,5.2814
0.0067,0.0000,0.0000,0.0000,0.0066,0.0001,200,5.2869
0.0067,0.0000,0.0000,0.0000,0.0067,0.0000,200,5.2869
0.0064,0.0000,0.0000,0.0000,0.0064,0.0000,200,5.2882
0.0065,0.0000,0.0000,0.0000,0.0064,0.0000,200,5.2882
0.0067,0.0000,0.0000,0.0000,0.0066,0.0001,200,5.2937
0.0067,0.0000,0.0000,0.0000,0.0067,0.0000,200,5.2937
0.0065,0.0000,0.0000,0.0000,0.0064,0.0001,200,5.2947
0.0066,0.0000,0.0000,0.0000,0.0066,0.0000,200,5.2946
0.0068,0.0000,0.0000,0.0000,0.0067,0.0001,200,5.3004
0.0066,0.0000,0.0000,0.0000,0.0065,0.0000,200,5.3012
0.0074,0.0000,0.0000,0.0000,0.0072,0.0002,200,5.3004
0.0066,0.0000,0.0000,0.0000,0.0066,0.0000,200,5.3013
0.0066,0.0000,0.0000,0.0000,0.0065,0.0001,200,5.3077
0.0066,0.0000,0.0000,0.0000,0.0065,0.0000,200,5.3078
0.0072,0.0000,0.0000,0.0000,0.0071,0.0000,200,5.3072
0.0070,0.0000,0.0000,0.0000,0.0069,0.0000,200,5.3079
0.0070,0.0000,0.0000,0.0000,0.0069,0.0001,200,5.3144
0.0071,0.0000,0.0000,0.0000,0.0070,0.0000,200,5.3144
0.0070,0.0000,0.0000,0.0000,0.0070,0.0000,200,5.3144
0.0066,0.0000,0.0000,0.0000,0.0065,0.0001,200,5.3149
0.0069,0.0000,0.0000,0.0000,0.0069,0.0001,200,5.3214
0.0069,0.0000,0.0000,0.0000,0.0068,0.0001,200,5.3214
0.0075,0.0000,0.0000,0.0000,0.0075,0.0000,200,5.3214
0.0075,0.0000,0.0000,0.0000,0.0075,0.0000,200,5.3215
0.0069,0.0000,0.0000,0.0000,0.0066,0.0002,200,5.3284
0.0069,0.0000,0.0000,0.0000,0.0069,0.0000,200,5.3284
0.0064,0.0000,0.0000,0.0000,0.0063,0.0000,200,5.3289
0.0064,0.0000,0.0000,0.0000,0.0064,0.0000,200,5.3290
0.0068,0.0000,0.0000,0.0000,0.0067,0.0001,200,5.3353
0.0069,0.0000,0.0000,0.0000,0.0068,0.0000,200,5.3354
0.0070,0.0000,0.0000,0.0000,0.0070,0.0001,200,5.3355
0.0073,0.0000,0.0000,0.0000,0.0073,0.0000,200,5.3353
0.0069,0.0000,0.0000,0.0000,0.0068,0.0001,200,5.3421
0.0068,0.0000,0.0000,0.0000,0.0067,0.0000,200,5.3422
0.0066,0.0000,0.0000,0.0000,0.0066,0.0000,200,5.3425
0.0071,0.0000,0.0000,0.0000,0.0070,0.0000,200,5.3426
0.0069,0.0000,0.0000,0.0000,0.0068,0.0001,200,5.3490
0.0070,0.0000,0.0000,0.0000,0.0069,0.0000,200,5.3490
0.0071,0.0000,0.0000,0.0000,0.0070,0.0001,200,5.3497
0.0088,0.0000,0.0000,0.0000,0.0087,0.0000,200,5.3491
0.0066,0.0000,0.0000,0.0000,0.0065,0.0001,200,5.3559
0.0067,0.0000,0.0000,0.0000,0.0066,0.0000,200,5.3559
0.0066,0.0000,0.0000,0.0000,0.0065,0.0001,200,5.3568
0.0065,0.0000,0.0000,0.0000,0.0064,0.0000,200,5.3579
0.0068,0.0000,0.0000,0.0000,0.0067,0.0001,200,5.3626
0.0070,0.0000,0.0000,0.0000,0.0070,0.0000,200,5.3625
0.0064,0.0000,0.0000,0.0000,0.0063,0.0000,200,5.3633
0.0070,0.0000,0.0000,0.0000,0.0069,0.0001,200,5.3644
0.0069,0.0000,0.0000,0.0000,0.0068,0.0001,200,5.3696
0.0071,0.0000,0.0000,0.0000,0.0070,0.0000,200,5.3694
0.0074,0.0000,0.0000,0.0000,0.0074,0.0000,200,5.3697
0.0066,0.0000,0.0000,0.0000,0.0066,0.0000,200,5.3714
0.0067,0.0000,0.0000,0.0000,0.0066,0.0001,200,5.3765
0.0068,0.0000,0.0000,0.0000,0.0067,0.0000,200,5.3765
0.0069,0.0000,0.0000,0.0000,0.0069,0.0001,200,5.3772
0.0065,0.0000,0.0000,0.0000,0.0064,0.0000,200,5.3781
0.0067,0.0000,0.0000,0.0000,0.0066,0.0001,200,5.3833
0.0068,0.0000,0.0000,0.0000,0.0067,0.0000,200,5.3833
0.0067,0.0000,0.0000,0.0000,0.0066,0.0001,200,5.3841
0.0070,0.0000,0.0000,0.0000,0.0069,0.0001,200,5.3846
0.0076,0.0000,0.0000,0.0000,0.0075,0.0001,200,5.3901
0.0069,0.0000,0.0000,0.0000,0.0069,0.0000,200,5.3908
0.0077,0.0000,0.0000,0.0000,0.0075,0.0002,200,5.3901
0.0067,0.0000,0.0000,0.0000,0.0066,0.0000,200,5.3915
0.0068,0.0000,0.0000,0.0000,0.0067,0.0001,200,5.3978
0.0069,0.0000,0.0000,0.0000,0.0069,0.0000,200,5.3978
0.0071,0.0000,0.0000,0.0000,0.0070,0.0000,200,5.3977
0.0074,0.0000,0.0000,0.0000,0.0073,0.0000,200,5.3982
0.0069,0.0000,0.0000,0.0000,0.0068,0.0000,200,5.4048
0.0071,0.0000,0.0000,0.0000,0.0070,0.0001,200,5.4046
0.0070,0.0000,0.0000,0.0000,0.0069,0.0000,200,5.4047
0.0069,0.0000,0.0000,0.0000,0.0067,0.0001,200,5.4056
0.0071,0.0000,0.0000,0.0000,0.0070,0.0001,200,5.4117
0.0071,0.0000,0.0000,0.0000,0.0071,0.0000,200,5.4117
0.0087,0.0000,0.0000,0.0000,0.0086,0.0000,200,5.4117
0.0120,0.0000,0.0000,0.0000,0.0119,0.0001,200,5.4124
0.0065,0.0000,0.0000,0.0000,0.0064,0.0000,200,5.4188
0.0063,0.0000,0.0000,0.0000,0.0062,0.0000,200,5.4204
0.0112,0.0000,0.0000,0.0000,0.0111,0.0001,200,5.4188
0.0062,0.0000,0.0000,0.0000,0.0062,0.0001,200,5.4253
0.0063,0.0000,0.0000,0.0000,0.0062,0.0000,200,5.4267
0.0118,0.0000,0.0000,0.0000,0.0117,0.0001,200,5.4244
0.0063,0.0000,0.0000,0.0000,0.0063,0.0000,200,5.4315
0.0064,0.0000,0.0000,0.0000,0.0063,0.0000,200,5.4330
0.0112,0.0000,0.0000,0.0000,0.0111,0.0001,200,5.4300
0.0063,0.0000,0.0000,0.0000,0.0063,0.0000,200,5.4378
0.0063,0.0000,0.0000,0.0000,0.0062,0.0000,200,5.4394
0.0104,0.0000,0.0000,0.0000,0.0103,0.0000,200,5.4362
0.0064,0.0000,0.0000,0.0000,0.0064,0.0000,200,5.4442
0.0064,0.0000,0.0000,0.0000,0.0063,0.0001,200,5.4457
0.0110,0.0000,0.0000,0.0000,0.0109,0.0000,200,5.4411
0.0065,0.0000,0.0000,0.0000,0.0064,0.0001,200,5.4506
0.0110,0.0000,0.0000,0.0000,0.0109,0.0000,200,5.4466
0.0064,0.0000,0.0000,0.0000,0.0063,0.0000,200,5.4521
0.0115,0.0000,0.0000,0.0000,0.0114,0.0001,200,5.4520
0.0065,0.0000,0.0000,0.0000,0.0065,0.0000,200,5.4571
0.0063,0.0000,0.0000,0.0000,0.0062,0.0001,200,5.4585
0.0116,0.0000,0.0000,0.0000,0.0115,0.0001,200,5.4576
0.0064,0.0000,0.0000,0.0000,0.0063,0.0001,200,5.4636
0.0063,0.0000,0.0000,0.0000,0.0062,0.0001,200,5.4648
0.0110,0.0000,0.0000,0.0000,0.0109,0.0001,200,5.4636
0.0064,0.0000,0.0000,0.0000,0.0063,0.0000,200,5.4700
0.0067,0.0000,0.0000,0.0000,0.0063,0.0001,200,5.4711
0.0108,0.0000,0.0000,0.0000,0.0107,0.0000,200,5.4691
0.0066,0.0000,0.0000,0.0000,0.0065,0.0001,200,5.4764
0.0063,0.0000,0.0000,0.0000,0.0062,0.0001,200,5.4778
0.0110,0.0000,0.0000,0.0000,0.0109,0.0001,200,5.4746
0.0064,0.0000,0.0000,0.0000,0.0063,0.0001,200,5.4830
0.0063,0.0000,0.0000,0.0000,0.0062,0.0000,200,5.4841
0.0111,0.0000,0.0000,0.0000,0.0110,0.0000,200,5.4799
0.0066,0.0000,0.0000,0.0000,0.0065,0.0000,200,5.4894
0.0067,0.0000,0.0000,0.0000,0.0066,0.0001,200,5.4904
0.0115,0.0000,0.0000,0.0000,0.0114,0.0000,200,5.4857
0.0118,0.0000,0.0000,0.0001,0.0116,0.0001,200,5.4910
0.0069,0.0000,0.0000,0.0000,0.0068,0.0000,200,5.4960
0.0065,0.0000,0.0000,0.0000,0.0064,0.0001,200,5.4972
0.0111,0.0000,0.0000,0.0000,0.0110,0.0001,200,5.4971
0.0064,0.0000,0.0000,0.0000,0.0063,0.0001,200,5.5029
0.0064,0.0000,0.0000,0.0000,0.0063,0.0000,200,5.5037
0.0113,0.0000,0.0000,0.0000,0.0111,0.0001,200,5.5029
0.0063,0.0000,0.0000,0.0000,0.0063,0.0000,200,5.5093
0.0062,0.0000,0.0000,0.0000,0.0062,0.0001,200,5.5100
0.0118,0.0000,0.0000,0.0000,0.0117,0.0001,200,5.5082
0.0063,0.0000,0.0000,0.0000,0.0062,0.0000,200,5.5163
0.0069,0.0000,0.0000,0.0000,0.0069,0.0000,200,5.5157
0.0116,0.0000,0.0000,0.0000,0.0115,0.0000,200,5.5141
0.0064,0.0000,0.0000,0.0000,0.0063,0.0001,200,5.5226
0.0065,0.0000,0.0000,0.0000,0.0064,0.0000,200,5.5226
0.0111,0.0000,0.0000,0.0000,0.0110,0.0001,200,5.5200
0.0064,0.0000,0.0000,0.0000,0.0064,0.0000,200,5.5291
0.0065,0.0000,0.0000,0.0000,0.0064,0.0000,200,5.5290
0.0110,0.0000,0.0000,0.0000,0.0109,0.0000,200,5.5257
0.0067,0.0000,0.0000,0.0000,0.0065,0.0001,200,5.5355
0.0070,0.0000,0.0000,0.0000,0.0069,0.0000,200,5.5356
0.0114,0.0000,0.0000,0.0000,0.0113,0.0001,200,5.5311
0.0119,0.0000,0.0000,0.0000,0.0117,0.0001,200,5.5368
0.0066,0.0000,0.0000,0.0000,0.0064,0.0001,200,5.5425
0.0069,0.0000,0.0000,0.0000,0.0068,0.0000,200,5.5426
0.0116,0.0000,0.0000,0.0000,0.0115,0.0000,200,5.5422
0.0064,0.0000,0.0000,0.0000,0.0063,0.0001,200,5.5491
0.0062,0.0000,0.0000,0.0000,0.0062,0.0000,200,5.5495
0.0107,0.0000,0.0000,0.0000,0.0106,0.0001,200,5.5486
0.0066,0.0000,0.0000,0.0000,0.0065,0.0000,200,5.5555
0.0064,0.0000,0.0000,0.0000,0.0063,0.0001,200,5.5557
0.0110,0.0000,0.0000,0.0000,0.0109,0.0001,200,5.5538
0.0065,0.0000,0.0000,0.0000,0.0064,0.0001,200,5.5621
0.0066,0.0000,0.0000,0.0000,0.0065,0.0000,200,5.5620
0.0112,0.0000,0.0000,0.0000,0.0111,0.0001,200,5.5593
0.0064,0.0000,0.0000,0.0000,0.0063,0.0001,200,5.5686
0.0064,0.0000,0.0000,0.0000,0.0063,0.0000,200,5.5686
0.0111,0.0000,0.0000,0.0000,0.0110,0.0000,200,5.5648
0.0067,0.0000,0.0000,0.0000,0.0066,0.0001,200,5.5750
0.0112,0.0000,0.0000,0.0000,0.0111,0.0000,200,5.5705
0.0068,0.0000,0.0000,0.0000,0.0067,0.0000,200,5.5750
0.0114,0.0000,0.0000,0.0000,0.0113,0.0001,200,5.5759
0.0065,0.0000,0.0000,0.0000,0.0065,0.0000,200,5.5817
0.0069,0.0000,0.0000,0.0000,0.0068,0.0000,200,5.5817
0.0114,0.0000,0.0000,0.0000,0.0113,0.0001,200,5.5818
0.0066,0.0000,0.0000,0.0000,0.0065,0.0001,200,5.5882
0.0066,0.0000,0.0000,0.0000,0.0065,0.0001,200,5.5886
0.0115,0.0000,0.0000,0.0000,0.0114,0.0001,200,5.5873
0.0070,0.0000,0.0000,0.0000,0.0068,0.0001,200,5.5948
0.0066,0.0000,0.0000,0.0000,0.0065,0.0000,200,5.5952
0.0119,0.0000,0.0000,0.0000,0.0118,0.0001,200,5.5932
0.0068,0.0000,0.0000,0.0000,0.0067,0.0001,200,5.6018
0.0069,0.0000,0.0000,0.0000,0.0069,0.0000,200,5.6018
0.0117,0.0000,0.0000,0.0000,0.0115,0.0001,200,5.5987
0.0069,0.0000,0.0000,0.0000,0.0068,0.0001,200,5.6086
0.0068,0.0000,0.0000,0.0000,0.0067,0.0001,200,5.6087
0.0108,0.0000,0.0000,0.0000,0.0107,0.0000,200,5.6050
0.0119,0.0000,0.0000,0.0001,0.0117,0.0001,200,5.6104
0.0070,0.0000,0.0000,0.0000,0.0069,0.0000,200,5.6155
0.0070,0.0000,0.0000,0.0000,0.0069,0.0000,200,5.6155
0.0081,0.0000,0.0000,0.0000,0.0080,0.0001,200,5.6158
0.0078,0.0000,0.0000,0.0000,0.0077,0.0001,200,5.6225
0.0091,0.0000,0.0000,0.0000,0.0083,0.0007,200,5.6223
0.0097,0.0000,0.0000,0.0000,0.0096,0.0000,200,5.6225
0.0104,0.0000,0.0000,0.0000,0.0103,0.0001,200,5.6239
0.0071,0.0000,0.0000,0.0000,0.0070,0.0001,200,5.6304
0.0073,0.0000,0.0000,0.0000,0.0068,0.0004,200,5.6315
0.0068,0.0000,0.0000,0.0000,0.0067,0.0000,200,5.6343
0.0090,0.0000,0.0000,0.0000,0.0090,0.0000,200,5.6321
0.0074,0.0000,0.0000,0.0000,0.0073,0.0001,200,5.6374
0.0066,0.0000,0.0000,0.0000,0.0065,0.0001,200,5.6412
0.0091,0.0000,0.0000,0.0000,0.0068,0.0000,200,5.6387
0.0076,0.0000,0.0000,0.0000,0.0076,0.0000,200,5.6412
0.0065,0.0000,0.0000,0.0000,0.0064,0.0001,200,5.6448
0.0065,0.0000,0.0000,0.0000,0.0064,0.0000,200,5.6479
0.0067,0.0000,0.0000,0.0000,0.0066,0.0000,200,5.6478
0.0065,0.0000,0.0000,0.0000,0.0064,0.0000,200,5.6488
0.0063,0.0000,0.0000,0.0000,0.0062,0.0000,200,5.6513
0.0064,0.0000,0.0000,0.0000,0.0064,0.0000,200,5.6543
0.0071,0.0000,0.0000,0.0000,0.0070,0.0001,200,5.6544
0.0063,0.0000,0.0000,0.0000,0.0062,0.0000,200,5.6553
0.0065,0.0000,0.0000,0.0000,0.0064,0.0001,200,5.6576
0.0068,0.0000,0.0000,0.0000,0.0067,0.0000,200,5.6608
0.0064,0.0000,0.0000,0.0000,0.0063,0.0000,200,5.6616
0.0065,0.0000,0.0000,0.0000,0.0064,0.0000,200,5.6616
0.0063,0.0000,0.0000,0.0000,0.0062,0.0000,200,5.6641
0.0066,0.0000,0.0000,0.0000,0.0065,0.0000,200,5.6680
0.0071,0.0000,0.0000,0.0000,0.0070,0.0000,200,5.6676
0.0067,0.0000,0.0000,0.0000,0.0067,0.0000,200,5.6680
0.0064,0.0000,0.0000,0.0000,0.0063,0.0001,200,5.6704
0.0066,0.0000,0.0000,0.0000,0.0065,0.0001,200,5.6747
0.0068,0.0000,0.0000,0.0000,0.0067,0.0000,200,5.6746
0.0068,0.0000,0.0000,0.0000,0.0068,0.0000,200,5.6748
0.0071,0.0000,0.0000,0.0000,0.0070,0.0001,200,5.6769
0.0067,0.0000,0.0000,0.0000,0.0066,0.0001,200,5.6813
0.0067,0.0000,0.0000,0.0000,0.0067,0.0000,200,5.6813
0.0069,0.0000,0.0000,0.0000,0.0069,0.0000,200,5.6816
0.0064,0.0000,0.0000,0.0000,0.0063,0.0000,200,5.6839
0.0066,0.0000,0.0000,0.0000,0.0065,0.0001,200,5.6881
0.0068,0.0000,0.0000,0.0000,0.0068,0.0000,200,5.6880
0.0065,0.0000,0.0000,0.0000,0.0065,0.0000,200,5.6885
0.0065,0.0000,0.0000,0.0000,0.0064,0.0001,200,5.6903
0.0068,0.0000,0.0000,0.0000,0.0067,0.0001,200,5.6948
0.0078,0.0000,0.0000,0.0000,0.0077,0.0001,200,5.6947
0.0074,0.0000,0.0000,0.0000,0.0072,0.0000,200,5.6951
0.0067,0.0000,0.0000,0.0000,0.0066,0.0000,200,5.6968
0.0069,0.0000,0.0000,0.0000,0.0067,0.0001,200,5.7016
0.0065,0.0000,0.0000,0.0000,0.0064,0.0000,200,5.7025
0.0073,0.0000,0.0000,0.0000,0.0072,0.0000,200,5.7025
0.0063,0.0000,0.0000,0.0000,0.0063,0.0000,200,5.7035
0.0068,0.0000,0.0000,0.0000,0.0067,0.0001,200,5.7085
0.0064,0.0000,0.0000,0.0000,0.0063,0.0000,200,5.7089
0.0066,0.0000,0.0000,0.0000,0.0065,0.0001,200,5.7098
0.0067,0.0000,0.0000,0.0000,0.0067,0.0000,200,5.7098
0.0067,0.0000,0.0000,0.0000,0.0065,0.0001,200,5.7153
0.0067,0.0000,0.0000,0.0000,0.0067,0.0000,200,5.7154
0.0064,0.0000,0.0000,0.0000,0.0063,0.0000,200,5.7165
0.0065,0.0000,0.0000,0.0000,0.0064,0.0001,200,5.7164
0.0068,0.0000,0.0000,0.0000,0.0067,0.0001,200,5.7220
0.0067,0.0000,0.0000,0.0000,0.0066,0.0000,200,5.7229
0.0068,0.0000,0.0000,0.0000,0.0067,0.0000,200,5.7229
0.0085,0.0000,0.0000,0.0000,0.0074,0.0001,200,5.7221
0.0070,0.0000,0.0000,0.0000,0.0069,0.0001,200,5.7288
0.0066,0.0000,0.0000,0.0000,0.0065,0.0000,200,5.7296
0.0068,0.0000,0.0000,0.0000,0.0067,0.0000,200,5.7297
0.0065,0.0000,0.0000,0.0000,0.0064,0.0000,200,5.7305
0.0069,0.0000,0.0000,0.0000,0.0069,0.0001,200,5.7358
0.0066,0.0000,0.0000,0.0000,0.0065,0.0001,200,5.7362
0.0063,0.0000,0.0000,0.0000,0.0062,0.0001,200,5.7370
0.0074,0.0000,0.0000,0.0000,0.0073,0.0000,200,5.7365
0.0069,0.0000,0.0000,0.0000,0.0068,0.0001,200,5.7427
0.0070,0.0000,0.0000,0.0000,0.0070,0.0000,200,5.7427
0.0067,0.0000,0.0000,0.0000,0.0066,0.0000,200,5.7433
0.0065,0.0000,0.0000,0.0000,0.0065,0.0000,200,5.7439
0.0066,0.0000,0.0000,0.0000,0.0065,0.0001,200,5.7498
0.0068,0.0000,0.0000,0.0000,0.0067,0.0000,200,5.7497
0.0067,0.0000,0.0000,0.0000,0.0066,0.0001,200,5.7504
0.0072,0.0000,0.0000,0.0000,0.0071,0.0000,200,5.7500
0.0068,0.0000,0.0000,0.0000,0.0067,0.0001,200,5.7564
0.0064,0.0000,0.0000,0.0000,0.0063,0.0000,200,5.7571
0.0072,0.0000,0.0000,0.0000,0.0072,0.0000,200,5.7564
0.0065,0.0000,0.0000,0.0000,0.0065,0.0000,200,5.7572
0.0069,0.0000,0.0000,0.0000,0.0068,0.0001,200,5.7632
0.0066,0.0000,0.0000,0.0000,0.0065,0.0001,200,5.7635
0.0066,0.0000,0.0000,0.0000,0.0065,0.0000,200,5.7637
0.0069,0.0000,0.0000,0.0000,0.0068,0.0000,200,5.7637
0.0070,0.0000,0.0000,0.0000,0.0069,0.0000,200,5.7701
0.0068,0.0000,0.0000,0.0000,0.0067,0.0001,200,5.7703
0.0070,0.0000,0.0000,0.0000,0.0068,0.0001,200,5.7701
0.0068,0.0000,0.0000,0.0000,0.0067,0.0000,200,5.7706
0.0068,0.0000,0.0000,0.0000,0.0066,0.0001,200,5.7771
0.0068,0.0000,0.0000,0.0000,0.0067,0.0000,200,5.7771
0.0070,0.0000,0.0000,0.0000,0.0068,0.0000,200,5.7771
0.0071,0.0000,0.0000,0.0000,0.0071,0.0000,200,5.7774
0.0073,0.0000,0.0000,0.0000,0.0070,0.0003,200,5.7839
0.0073,0.0000,0.0000,0.0000,0.0073,0.0000,200,5.7839
0.0069,0.0000,0.0000,0.0000,0.0068,0.0000,200,5.7845
0.0079,0.0000,0.0000,0.0000,0.0079,0.0000,200,5.7841
0.0072,0.0000,0.0000,0.0000,0.0071,0.0001,200,5.7914
0.0074,0.0000,0.0000,0.0000,0.0073,0.0000,200,5.7912
0.0079,0.0000,0.0000,0.0000,0.0078,0.0000,200,5.7912
0.0071,0.0000,0.0000,0.0000,0.0071,0.0000,200,5.7920
0.0069,0.0000,0.0000,0.0000,0.0067,0.0001,200,5.7985
0.0064,0.0000,0.0000,0.0000,0.0063,0.0000,200,5.7991
0.0070,0.0000,0.0000,0.0000,0.0069,0.0000,200,5.7986
0.0065,0.0000,0.0000,0.0000,0.0064,0.0000,200,5.7992
0.0071,0.0000,0.0000,0.0000,0.0070,0.0001,200,5.8055
0.0070,0.0000,0.0000,0.0000,0.0070,0.0000,200,5.8055
0.0070,0.0000,0.0000,0.0000,0.0069,0.0000,200,5.8057
0.0074,0.0000,0.0000,0.0000,0.0073,0.0000,200,5.8054
0.0071,0.0000,0.0000,0.0000,0.0069,0.0001,200,5.8126
0.0072,0.0000,0.0000,0.0000,0.0071,0.0000,200,5.8126
0.0074,0.0000,0.0000,0.0000,0.0073,0.0000,200,5.8128
0.0078,0.0000,0.0000,0.0000,0.0077,0.0000,200,5.8127
0.0082,0.0000,0.0000,0.0000,0.0081,0.0001,200,5.8202
0.0088,0.0000,0.0000,0.0000,0.0087,0.0000,200,5.8196
0.0081,0.0000,0.0000,0.0000,0.0080,0.0000,200,5.8205
0.0089,0.0000,0.0000,0.0000,0.0088,0.0000,200,5.8198
0.0075,0.0000,0.0000,0.0000,0.0074,0.0001,200,5.8284
0.0075,0.0000,0.0000,0.0000,0.0074,0.0001,200,5.8285
0.0074,0.0000,0.0000,0.0000,0.0073,0.0000,200,5.8286
0.0088,0.0000,0.0000,0.0000,0.0087,0.0001,200,5.8286
0.0076,0.0000,0.0000,0.0000,0.0075,0.0001,200,5.8359
0.0078,0.0000,0.0000,0.0000,0.0070,0.0007,200,5.8359
0.0078,0.0000,0.0000,0.0000,0.0078,0.0000,200,5.8360
0.0073,0.0000,0.0000,0.0000,0.0072,0.0000,200,5.8373
0.0078,0.0000,0.0000,0.0000,0.0077,0.0000,200,5.8436
0.0077,0.0000,0.0000,0.0000,0.0074,0.0002,200,5.8438
0.0083,0.0000,0.0000,0.0000,0.0082,0.0000,200,5.8437
0.0085,0.0000,0.0000,0.0000,0.0084,0.0001,200,5.8447
0.0081,0.0000,0.0000,0.0000,0.0080,0.0001,200,5.8515
0.0078,0.0000,0.0000,0.0000,0.0077,0.0001,200,5.8520
0.0087,0.0000,0.0000,0.0000,0.0086,0.0000,200,5.8514
0.0082,0.0000,0.0000,0.0000,0.0081,0.0001,200,5.8532
0.0078,0.0000,0.0000,0.0000,0.0077,0.0001,200,5.8597
0.0087,0.0000,0.0000,0.0000,0.0086,0.0000,200,5.8596
0.0069,0.0000,0.0000,0.0000,0.0068,0.0000,200,5.8614
0.0092,0.0000,0.0000,0.0000,0.0092,0.0000,200,5.8600
0.0068,0.0000,0.0000,0.0000,0.0067,0.0001,200,5.8682
0.0069,0.0000,0.0000,0.0000,0.0068,0.0000,200,5.8682
0.0096,0.0000,0.0000,0.0000,0.0095,0.0001,200,5.8692
0.0118,0.0000,0.0000,0.0000,0.0117,0.0000,200,5.8676
0.0074,0.0000,0.0000,0.0000,0.0072,0.0001,200,5.8751
0.0076,0.0000,0.0000,0.0000,0.0075,0.0000,200,5.8751
0.0070,0.0000,0.0000,0.0000,0.0068,0.0002,200,5.8794
0.0102,0.0000,0.0000,0.0000,0.0100,0.0001,200,5.8788
0.0096,0.0000,0.0000,0.0000,0.0095,0.0001,200,5.8824
0.0097,0.0000,0.0000,0.0000,0.0096,0.0000,200,5.8827
0.0080,0.0000,0.0000,0.0000,0.0079,0.0000,200,5.8890
0.0109,0.0000,0.0000,0.0000,0.0104,0.0004,200,5.8863
0.0072,0.0000,0.0000,0.0000,0.0070,0.0001,200,5.8920
0.0075,0.0000,0.0000,0.0000,0.0073,0.0001,200,5.8924
0.0080,0.0000,0.0000,0.0000,0.0079,0.0001,200,5.8972
0.0089,0.0000,0.0000,0.0000,0.0088,0.0001,200,5.8971
0.0068,0.0000,0.0000,0.0000,0.0067,0.0000,200,5.8993
0.0089,0.0000,0.0000,0.0000,0.0088,0.0001,200,5.8999
0.0073,0.0000,0.0000,0.0000,0.0072,0.0001,200,5.9052
0.0071,0.0000,0.0000,0.0000,0.0070,0.0001,200,5.9060
0.0091,0.0000,0.0000,0.0000,0.0088,0.0002,200,5.9060
0.0093,0.0000,0.0000,0.0000,0.0090,0.0001,200,5.9089
0.0070,0.0000,0.0000,0.0000,0.0069,0.0001,200,5.9125
0.0075,0.0000,0.0000,0.0000,0.0074,0.0001,200,5.9131
0.0080,0.0000,0.0000,0.0000,0.0078,0.0001,200,5.9151
0.0077,0.0000,0.0000,0.0002,0.0074,0.0001,200,5.9182
0.0073,0.0000,0.0000,0.0000,0.0072,0.0001,200,5.9195
0.0077,0.0000,0.0000,0.0000,0.0076,0.0001,200,5.9206
0.0072,0.0000,0.0000,0.0000,0.0071,0.0001,200,5.9232
0.0076,0.0000,0.0000,0.0000,0.0075,0.0001,200,5.9258
0.0076,0.0000,0.0000,0.0000,0.0075,0.0000,200,5.9268
0.0088,0.0000,0.0000,0.0000,0.0087,0.0001,200,5.9282
0.0095,0.0000,0.0000,0.0000,0.0094,0.0001,200,5.9304
0.0077,0.0000,0.0000,0.0000,0.0076,0.0001,200,5.9334
0.0074,0.0000,0.0000,0.0000,0.0073,0.0000,200,5.9344
0.0070,0.0000,0.0000,0.0000,0.0068,0.0000,200,5.9370
0.0070,0.0000,0.0000,0.0000,0.0069,0.0001,200,5.9399
0.0072,0.0000,0.0000,0.0000,0.0071,0.0001,200,5.9411
0.0069,0.0000,0.0000,0.0000,0.0068,0.0001,200,5.9440
0.0100,0.0000,0.0000,0.0000,0.0099,0.0000,200,5.9418
0.0084,0.0000,0.0000,0.0000,0.0082,0.0001,200,5.9469
0.0073,0.0000,0.0000,0.0000,0.0072,0.0000,200,5.9483
0.0075,0.0000,0.0000,0.0000,0.0074,0.0001,200,5.9509
0.0097,0.0000,0.0000,0.0000,0.0096,0.0001,200,5.9518
0.0068,0.0000,0.0000,0.0000,0.0068,0.0001,200,5.9556
0.0086,0.0000,0.0000,0.0000,0.0084,0.0001,200,5.9553
0.0076,0.0000,0.0000,0.0000,0.0075,0.0001,200,5.9585
0.0086,0.0000,0.0000,0.0000,0.0078,0.0008,200,5.9615
0.0073,0.0000,0.0000,0.0000,0.0071,0.0001,200,5.9639
0.0107,0.0000,0.0000,0.0000,0.0106,0.0001,200,5.9625
0.0080,0.0000,0.0000,0.0000,0.0079,0.0000,200,5.9660
0.0073,0.0000,0.0000,0.0000,0.0072,0.0001,200,5.9701
0.0067,0.0000,0.0000,0.0000,0.0066,0.0000,200,5.9711
0.0083,0.0000,0.0000,0.0000,0.0082,0.0001,200,5.9732
0.0088,0.0000,0.0000,0.0000,0.0087,0.0001,200,5.9740
0.0071,0.0000,0.0000,0.0000,0.0070,0.0001,200,5.9774
0.0070,0.0000,0.0000,0.0000,0.0070,0.0000,200,5.9779
0.0068,0.0000,0.0000,0.0000,0.0067,0.0001,200,5.9816
0.0073,0.0000,0.0000,0.0000,0.0072,0.0001,200,5.9828
0.0086,0.0000,0.0000,0.0000,0.0084,0.0001,200,5.9845
0.0093,0.0000,0.0000,0.0000,0.0092,0.0001,200,5.9849
0.0095,0.0000,0.0000,0.0000,0.0094,0.0001,200,5.9884
0.0095,0.0000,0.0000,0.0000,0.0093,0.0001,200,5.9901
0.0070,0.0000,0.0000,0.0000,0.0069,0.0000,200,5.9931
0.0087,0.0000,0.0000,0.0000,0.0086,0.0001,200,5.9942
0.0072,0.0000,0.0000,0.0000,0.0071,0.0001,200,6.0002
0.0095,0.0000,0.0000,0.0000,0.0094,0.0001,200,5.9979
0.0079,0.0000,0.0000,0.0000,0.0078,0.0000,200,5.9995
0.0083,0.0000,0.0000,0.0000,0.0082,0.0001,200,6.0029
0.0077,0.0000,0.0000,0.0000,0.0076,0.0001,200,6.0074
0.0081,0.0000,0.0000,0.0000,0.0081,0.0000,200,6.0074
0.0096,0.0000,0.0000,0.0000,0.0095,0.0001,200,6.0075
0.0089,0.0000,0.0000,0.0000,0.0087,0.0001,200,6.0112
0.0081,0.0000,0.0000,0.0000,0.0080,0.0001,200,6.0151
0.0078,0.0000,0.0000,0.0000,0.0077,0.0000,200,6.0155
0.0075,0.0000,0.0000,0.0000,0.0073,0.0001,200,6.0171
0.0069,0.0000,0.0000,0.0000,0.0068,0.0001,200,6.0201
0.0073,0.0000,0.0000,0.0000,0.0072,0.0001,200,6.0232
0.0073,0.0000,0.0000,0.0000,0.0073,0.0000,200,6.0233
0.0074,0.0000,0.0000,0.0000,0.0073,0.0001,200,6.0246
0.0086,0.0000,0.0000,0.0000,0.0085,0.0001,200,6.0271
0.0072,0.0000,0.0000,0.0000,0.0071,0.0001,200,6.0305
0.0070,0.0000,0.0000,0.0000,0.0069,0.0001,200,6.0320
0.0097,0.0000,0.0000,0.0000,0.0096,0.0001,200,6.0306
0.0083,0.0000,0.0000,0.0000,0.0081,0.0001,200,6.0357
0.0069,0.0000,0.0000,0.0000,0.0069,0.0000,200,6.0376
0.0074,0.0000,0.0000,0.0001,0.0073,0.0001,200,6.0390
0.0071,0.0000,0.0000,0.0000,0.0070,0.0000,200,6.0402
0.0071,0.0000,0.0000,0.0000,0.0069,0.0002,200,6.0446
0.0087,0.0000,0.0000,0.0000,0.0086,0.0000,200,6.0440
0.0078,0.0000,0.0000,0.0000,0.0077,0.0001,200,6.0464
0.0077,0.0000,0.0000,0.0000,0.0076,0.0001,200,6.0473
0.0074,0.0000,0.0000,0.0000,0.0073,0.0001,200,6.0517
0.0079,0.0000,0.0000,0.0000,0.0078,0.0001,200,6.0527
0.0075,0.0000,0.0000,0.0000,0.0074,0.0001,200,6.0551
0.0124,0.0000,0.0000,0.0000,0.0111,0.0012,200,6.0542
0.0076,0.0000,0.0000,0.0000,0.0075,0.0001,200,6.0606
0.0104,0.0000,0.0000,0.0000,0.0103,0.0001,200,6.0591
0.0073,0.0000,0.0000,0.0000,0.0072,0.0000,200,6.0625
0.0078,0.0000,0.0000,0.0000,0.0078,0.0001,200,6.0683
0.0095,0.0000,0.0000,0.0000,0.0094,0.0001,200,6.0666
0.0067,0.0000,0.0000,0.0000,0.0067,0.0000,200,6.0698
0.0077,0.0000,0.0000,0.0000,0.0076,0.0001,200,6.0695
0.0070,0.0000,0.0000,0.0000,0.0068,0.0001,200,6.0766
0.0075,0.0000,0.0000,0.0000,0.0075,0.0000,200,6.0761
0.0079,0.0000,0.0000,0.0000,0.0078,0.0000,200,6.0761
0.0070,0.0000,0.0000,0.0000,0.0069,0.0001,200,6.0772
0.0079,0.0000,0.0000,0.0000,0.0078,0.0001,200,6.0835
0.0081,0.0000,0.0000,0.0000,0.0080,0.0001,200,6.0837
0.0084,0.0000,0.0000,0.0000,0.0083,0.0000,200,6.0840
0.0088,0.0000,0.0000,0.0000,0.0086,0.0001,200,6.0843
0.0075,0.0000,0.0000,0.0000,0.0074,0.0001,200,6.0914
0.0108,0.0000,0.0000,0.0005,0.0102,0.0001,200,6.0917
0.0105,0.0000,0.0000,0.0000,0.0104,0.0001,200,6.0924
0.0104,0.0000,0.0000,0.0001,0.0076,0.0001,200,6.0930
0.0072,0.0000,0.0000,0.0000,0.0071,0.0001,200,6.0989
0.0072,0.0000,0.0000,0.0000,0.0071,0.0001,200,6.1029
0.0069,0.0000,0.0000,0.0000,0.0068,0.0000,200,6.1034
0.0069,0.0000,0.0000,0.0000,0.0067,0.0001,200,6.1062
0.0128,0.0000,0.0000,0.0000,0.0127,0.0001,200,6.1026
0.0072,0.0000,0.0000,0.0000,0.0071,0.0000,200,6.1101
0.0071,0.0000,0.0000,0.0000,0.0069,0.0002,200,6.1103
0.0073,0.0000,0.0000,0.0000,0.0071,0.0001,200,6.1130
0.0069,0.0000,0.0000,0.0000,0.0068,0.0001,200,6.1154
0.0075,0.0000,0.0000,0.0000,0.0074,0.0001,200,6.1173
0.0078,0.0000,0.0000,0.0000,0.0077,0.0000,200,6.1174
0.0072,0.0000,0.0000,0.0000,0.0070,0.0001,200,6.1203
0.0070,0.0000,0.0000,0.0000,0.0069,0.0001,200,6.1224
0.0085,0.0000,0.0000,0.0000,0.0084,0.0001,200,6.1252
0.0093,0.0000,0.0000,0.0000,0.0092,0.0000,200,6.1248
0.0077,0.0000,0.0000,0.0000,0.0075,0.0001,200,6.1274
0.0072,0.0000,0.0000,0.0000,0.0071,0.0001,200,6.1293
0.0075,0.0000,0.0000,0.0000,0.0074,0.0001,200,6.1336
0.0082,0.0000,0.0000,0.0000,0.0081,0.0001,200,6.1340
0.0085,0.0000,0.0000,0.0000,0.0084,0.0001,200,6.1351
0.0071,0.0000,0.0000,0.0000,0.0071,0.0000,200,6.1365
0.0074,0.0000,0.0000,0.0000,0.0073,0.0001,200,6.1412
0.0085,0.0000,0.0000,0.0000,0.0083,0.0001,200,6.1423
0.0075,0.0000,0.0000,0.0000,0.0074,0.0000,200,6.1437
0.0076,0.0000,0.0000,0.0000,0.0076,0.0000,200,6.1437
0.0087,0.0000,0.0000,0.0000,0.0086,0.0001,200,6.1485
0.0069,0.0000,0.0000,0.0000,0.0068,0.0001,200,6.1513
0.0077,0.0000,0.0000,0.0000,0.0075,0.0001,200,6.1508
0.0093,0.0000,0.0000,0.0000,0.0086,0.0006,200,6.1512
0.0075,0.0000,0.0000,0.0000,0.0074,0.0001,200,6.1573
0.0075,0.0000,0.0000,0.0000,0.0074,0.0000,200,6.1581
0.0087,0.0000,0.0000,0.0000,0.0086,0.0001,200,6.1585
0.0103,0.0000,0.0000,0.0000,0.0102,0.0001,200,6.1604
0.0071,0.0000,0.0000,0.0000,0.0070,0.0001,200,6.1648
0.0085,0.0000,0.0000,0.0000,0.0081,0.0003,200,6.1656
0.0106,0.0000,0.0000,0.0000,0.0105,0.0001,200,6.1672
0.0073,0.0000,0.0000,0.0000,0.0072,0.0000,200,6.1707
0.0069,0.0000,0.0000,0.0000,0.0068,0.0000,200,6.1718
0.0071,0.0000,0.0000,0.0000,0.0069,0.0001,200,6.1741
0.0072,0.0000,0.0000,0.0000,0.0070,0.0001,200,6.1780
0.0068,0.0000,0.0000,0.0000,0.0067,0.0000,200,6.1787
0.0081,0.0000,0.0000,0.0000,0.0079,0.0001,200,6.1777
0.0070,0.0000,0.0000,0.0000,0.0068,0.0002,200,6.1812
0.0071,0.0000,0.0000,0.0000,0.0070,0.0001,200,6.1855
0.0076,0.0000,0.0000,0.0000,0.0076,0.0000,200,6.1851
0.0099,0.0000,0.0000,0.0000,0.0095,0.0004,200,6.1858
0.0076,0.0000,0.0000,0.0000,0.0075,0.0000,200,6.1882
0.0070,0.0000,0.0000,0.0000,0.0069,0.0001,200,6.1926
0.0079,0.0000,0.0000,0.0000,0.0078,0.0001,200,6.1928
0.0077,0.0000,0.0000,0.0001,0.0075,0.0001,200,6.1957
0.0081,0.0000,0.0000,0.0000,0.0081,0.0000,200,6.1958
0.0072,0.0000,0.0000,0.0000,0.0071,0.0001,200,6.1996
0.0100,0.0000,0.0000,0.0000,0.0099,0.0001,200,6.2007
0.0075,0.0000,0.0000,0.0000,0.0074,0.0000,200,6.2034
0.0084,0.0000,0.0000,0.0000,0.0083,0.0000,200,6.2039
0.0069,0.0000,0.0000,0.0000,0.0068,0.0001,200,6.2068
0.0072,0.0000,0.0000,0.0000,0.0071,0.0001,200,6.2106
0.0071,0.0000,0.0000,0.0000,0.0070,0.0001,200,6.2123
0.0089,0.0000,0.0000,0.0000,0.0088,0.0000,200,6.2109
0.0086,0.0000,0.0000,0.0000,0.0085,0.0001,200,6.2138
0.0071,0.0000,0.0000,0.0000,0.0070,0.0001,200,6.2194
0.0088,0.0000,0.0000,0.0000,0.0087,0.0001,200,6.2178
0.0071,0.0000,0.0000,0.0000,0.0071,0.0000,200,6.2198
0.0090,0.0000,0.0000,0.0000,0.0089,0.0001,200,6.2224
0.0070,0.0000,0.0000,0.0000,0.0069,0.0001,200,6.2269
0.0075,0.0000,0.0000,0.0000,0.0074,0.0000,200,6.2265
0.0080,0.0000,0.0000,0.0000,0.0079,0.0001,200,6.2266
0.0084,0.0000,0.0000,0.0000,0.0083,0.0001,200,6.2315
0.0074,0.0000,0.0000,0.0000,0.0073,0.0001,200,6.2341
0.0078,0.0000,0.0000,0.0000,0.0077,0.0000,200,6.2339
0.0105,0.0000,0.0000,0.0000,0.0104,0.0001,200,6.2346
0.0071,0.0000,0.0000,0.0000,0.0070,0.0000,200,6.2415
0.0093,0.0000,0.0000,0.0001,0.0084,0.0008,200,6.2399
0.0075,0.0000,0.0000,0.0000,0.0073,0.0001,200,6.2417
0.0080,0.0000,0.0000,0.0000,0.0079,0.0001,200,6.2451
0.0071,0.0000,0.0000,0.0000,0.0070,0.0001,200,6.2486
0.0072,0.0000,0.0000,0.0000,0.0071,0.0000,200,6.2492
0.0075,0.0000,0.0000,0.0000,0.0074,0.0000,200,6.2492
0.0072,0.0000,0.0000,0.0000,0.0071,0.0001,200,6.2532
0.0076,0.0000,0.0000,0.0000,0.0074,0.0002,200,6.2557
0.0078,0.0000,0.0000,0.0000,0.0077,0.0001,200,6.2563
0.0078,0.0000,0.0000,0.0000,0.0077,0.0000,200,6.2567
0.0072,0.0000,0.0000,0.0000,0.0071,0.0001,200,6.2604
0.0084,0.0000,0.0000,0.0000,0.0082,0.0001,200,6.2633
0.0075,0.0000,0.0000,0.0000,0.0074,0.0000,200,6.2645
0.0084,0.0000,0.0000,0.0000,0.0083,0.0001,200,6.2641
0.0075,0.0000,0.0000,0.0000,0.0074,0.0001,200,6.2676
0.0075,0.0000,0.0000,0.0001,0.0072,0.0001,200,6.2725
0.0081,0.0000,0.0000,0.0000,0.0080,0.0000,200,6.2720
0.0085,0.0000,0.0000,0.0000,0.0084,0.0000,200,6.2717
0.0075,0.0000,0.0000,0.0000,0.0074,0.0001,200,6.2752
0.0074,0.0000,0.0000,0.0000,0.0074,0.0000,200,6.2801
0.0075,0.0000,0.0000,0.0000,0.0072,0.0003,200,6.2802
0.0081,0.0000,0.0000,0.0000,0.0080,0.0001,200,6.2800
0.0077,0.0000,0.0000,0.0000,0.0076,0.0001,200,6.2827
0.0071,0.0000,0.0000,0.0000,0.0070,0.0001,200,6.2877
0.0073,0.0000,0.0000,0.0000,0.0073,0.0000,200,6.2876
0.0070,0.0000,0.0000,0.0000,0.0069,0.0000,200,6.2881
0.0077,0.0000,0.0000,0.0000,0.0076,0.0001,200,6.2904
0.0077,0.0000,0.0000,0.0000,0.0076,0.0000,200,6.2949
0.0075,0.0000,0.0000,0.0000,0.0071,0.0004,200,6.2951
0.0095,0.0000,0.0000,0.0000,0.0094,0.0001,200,6.2949
0.0072,0.0000,0.0000,0.0000,0.0071,0.0001,200,6.2981
0.0074,0.0000,0.0000,0.0000,0.0073,0.0001,200,6.3025
0.0078,0.0000,0.0000,0.0000,0.0077,0.0001,200,6.3027
0.0069,0.0000,0.0000,0.0000,0.0068,0.0001,200,6.3053
0.0079,0.0000,0.0000,0.0000,0.0078,0.0000,200,6.3044
0.0087,0.0000,0.0000,0.0000,0.0082,0.0005,200,6.3105
0.0070,0.0000,0.0000,0.0000,0.0070,0.0000,200,6.3123
0.0072,0.0000,0.0000,0.0000,0.0071,0.0001,200,6.3122
0.0098,0.0000,0.0000,0.0000,0.0097,0.0000,200,6.3099
0.0076,0.0000,0.0000,0.0000,0.0074,0.0001,200,6.3193
0.0075,0.0000,0.0000,0.0000,0.0074,0.0000,200,6.3197
0.0078,0.0000,0.0000,0.0000,0.0077,0.0000,200,6.3194
0.0092,0.0000,0.0000,0.0000,0.0091,0.0001,200,6.3192
0.0083,0.0000,0.0000,0.0000,0.0082,0.0000,200,6.3272
0.0083,0.0000,0.0000,0.0000,0.0082,0.0000,200,6.3272
0.0086,0.0000,0.0000,0.0000,0.0083,0.0002,200,6.3270
0.0082,0.0000,0.0000,0.0000,0.0081,0.0001,200,6.3284
0.0074,0.0000,0.0000,0.0000,0.0073,0.0001,200,6.3355
0.0074,0.0000,0.0000,0.0000,0.0073,0.0000,200,6.3356
0.0077,0.0000,0.0000,0.0000,0.0077,0.0000,200,6.3355
0.0067,0.0000,0.0000,0.0000,0.0067,0.0000,200,6.3366
0.0076,0.0000,0.0000,0.0000,0.0075,0.0001,200,6.3429
0.0076,0.0000,0.0000,0.0000,0.0075,0.0000,200,6.3429
0.0081,0.0000,0.0000,0.0000,0.0080,0.0001,200,6.3432
0.0094,0.0000,0.0000,0.0000,0.0093,0.0001,200,6.3433
0.0074,0.0000,0.0000,0.0000,0.0073,0.0001,200,6.3505
0.0072,0.0000,0.0000,0.0000,0.0071,0.0001,200,6.3513
0.0080,0.0000,0.0000,0.0000,0.0078,0.0001,200,6.3505
0.0072,0.0000,0.0000,0.0000,0.0071,0.0001,200,6.3528
0.0069,0.0000,0.0000,0.0000,0.0068,0.0001,200,6.3579
0.0076,0.0000,0.0000,0.0000,0.0075,0.0001,200,6.3585
0.0077,0.0000,0.0000,0.0000,0.0076,0.0000,200,6.3585
0.0071,0.0000,0.0000,0.0000,0.0070,0.0001,200,6.3600
0.0074,0.0000,0.0000,0.0000,0.0073,0.0001,200,6.3649
0.0068,0.0000,0.0000,0.0000,0.0068,0.0000,200,6.3662
0.0077,0.0000,0.0000,0.0000,0.0076,0.0001,200,6.3661
0.0101,0.0000,0.0000,0.0000,0.0100,0.0001,200,6.3671
0.0072,0.0000,0.0000,0.0000,0.0071,0.0000,200,6.3731
0.0081,0.0000,0.0000,0.0000,0.0078,0.0002,200,6.3723
0.0105,0.0000,0.0000,0.0000,0.0104,0.0001,200,6.3738
0.0080,0.0000,0.0000,0.0000,0.0079,0.0000,200,6.3772
0.0067,0.0000,0.0000,0.0000,0.0066,0.0001,200,6.3802
0.0075,0.0000,0.0000,0.0000,0.0074,0.0000,200,6.3804
0.0072,0.0000,0.0000,0.0000,0.0071,0.0001,200,6.3843
0.0068,0.0000,0.0000,0.0000,0.0068,0.0000,200,6.3852
0.0107,0.0000,0.0000,0.0000,0.0105,0.0001,200,6.3870
0.0098,0.0000,0.0000,0.0000,0.0097,0.0000,200,6.3878
0.0067,0.0000,0.0000,0.0000,0.0066,0.0000,200,6.3915
0.0071,0.0000,0.0000,0.0000,0.0070,0.0001,200,6.3920
0.0078,0.0000,0.0000,0.0000,0.0077,0.0001,200,6.3977
0.0078,0.0000,0.0000,0.0000,0.0078,0.0000,200,6.3976
0.0070,0.0000,0.0000,0.0000,0.0069,0.0001,200,6.3991
0.0085,0.0000,0.0000,0.0000,0.0084,0.0000,200,6.3983
0.0083,0.0000,0.0000,0.0000,0.0082,0.0001,200,6.4055
0.0078,0.0000,0.0000,0.0000,0.0077,0.0000,200,6.4061
0.0086,0.0000,0.0000,0.0000,0.0085,0.0000,200,6.4054
0.0072,0.0000,0.0000,0.0000,0.0072,0.0000,200,6.4068
0.0076,0.0000,0.0000,0.0000,0.0075,0.0001,200,6.4140
0.0080,0.0000,0.0000,0.0000,0.0079,0.0000,200,6.4138
0.0087,0.0000,0.0000,0.0000,0.0086,0.0000,200,6.4140
0.0108,0.0000,0.0000,0.0000,0.0107,0.0001,200,6.4140
0.0071,0.0000,0.0000,0.0000,0.0070,0.0001,200,6.4218
0.0074,0.0000,0.0000,0.0000,0.0073,0.0000,200,6.4216
0.0069,0.0000,0.0000,0.0000,0.0068,0.0000,200,6.4227
0.0074,0.0000,0.0000,0.0000,0.0073,0.0001,200,6.4248
0.0071,0.0000,0.0000,0.0000,0.0070,0.0001,200,6.4290
0.0073,0.0000,0.0000,0.0000,0.0072,0.0000,200,6.4296
0.0081,0.0000,0.0000,0.0000,0.0080,0.0000,200,6.4289
0.0070,0.0000,0.0000,0.0000,0.0069,0.0001,200,6.4321
0.0069,0.0000,0.0000,0.0000,0.0068,0.0001,200,6.4370
0.0069,0.0000,0.0000,0.0000,0.0068,0.0001,200,6.4369
0.0085,0.0000,0.0000,0.0001,0.0083,0.0001,200,6.4361
0.0073,0.0000,0.0000,0.0000,0.0072,0.0001,200,6.4391
0.0069,0.0000,0.0000,0.0000,0.0067,0.0001,200,6.4438
0.0071,0.0000,0.0000,0.0000,0.0069,0.0001,200,6.4438
0.0066,0.0000,0.0000,0.0000,0.0065,0.0000,200,6.4446
0.0074,0.0000,0.0000,0.0000,0.0073,0.0001,200,6.4465
0.0072,0.0000,0.0000,0.0000,0.0071,0.0001,200,6.4509
0.0077,0.0000,0.0000,0.0000,0.0076,0.0000,200,6.4507
0.0072,0.0000,0.0000,0.0000,0.0071,0.0000,200,6.4512
0.0074,0.0000,0.0000,0.0000,0.0073,0.0001,200,6.4539
0.0070,0.0000,0.0000,0.0000,0.0070,0.0001,200,6.4584
0.0087,0.0000,0.0000,0.0000,0.0086,0.0000,200,6.4581
0.0093,0.0000,0.0000,0.0000,0.0092,0.0000,200,6.4584
0.0071,0.0000,0.0000,0.0000,0.0070,0.0001,200,6.4613
0.0069,0.0000,0.0000,0.0000,0.0068,0.0001,200,6.4655
0.0068,0.0000,0.0000,0.0000,0.0067,0.0000,200,6.4668
0.0066,0.0000,0.0000,0.0000,0.0066,0.0001,200,6.4677
0.0068,0.0000,0.0000,0.0000,0.0067,0.0001,200,6.4683
0.0076,0.0000,0.0000,0.0000,0.0075,0.0001,200,6.4723
0.0070,0.0000,0.0000,0.0000,0.0069,0.0000,200,6.4736
0.0072,0.0000,0.0000,0.0000,0.0071,0.0000,200,6.4743
0.0069,0.0000,0.0000,0.0000,0.0068,0.0000,200,6.4751
0.0069,0.0000,0.0000,0.0000,0.0068,0.0001,200,6.4800
0.0073,0.0000,0.0000,0.0000,0.0072,0.0001,200,6.4806
0.0064,0.0000,0.0000,0.0000,0.0064,0.0000,200,6.4819
0.0070,0.0000,0.0000,0.0000,0.0069,0.0000,200,6.4815
0.0077,0.0000,0.0000,0.0000,0.0075,0.0002,200,6.4869
0.0072,0.0000,0.0000,0.0000,0.0071,0.0000,200,6.4879
0.0075,0.0000,0.0000,0.0000,0.0074,0.0000,200,6.4885
0.0087,0.0000,0.0000,0.0000,0.0086,0.0001,200,6.4884
0.0067,0.0000,0.0000,0.0000,0.0066,0.0001,200,6.4951
0.0077,0.0000,0.0000,0.0003,0.0074,0.0000,200,6.4946
0.0074,0.0000,0.0000,0.0000,0.0073,0.0001,200,6.4959
0.0076,0.0000,0.0000,0.0000,0.0075,0.0001,200,6.4971
0.0068,0.0000,0.0000,0.0000,0.0067,0.0001,200,6.5023
0.0075,0.0000,0.0000,0.0000,0.0074,0.0000,200,6.5018
0.0073,0.0000,0.0000,0.0000,0.0072,0.0001,200,6.5034
0.0068,0.0000,0.0000,0.0000,0.0067,0.0001,200,6.5047
0.0073,0.0000,0.0000,0.0000,0.0072,0.0001,200,6.5093
0.0076,0.0000,0.0000,0.0000,0.0075,0.0000,200,6.5092
0.0074,0.0000,0.0000,0.0000,0.0073,0.0001,200,6.5107
0.0069,0.0000,0.0000,0.0000,0.0068,0.0000,200,6.5115
0.0072,0.0000,0.0000,0.0000,0.0071,0.0001,200,6.5166
0.0079,0.0000,0.0000,0.0000,0.0078,0.0000,200,6.5167
0.0098,0.0000,0.0000,0.0000,0.0097,0.0001,200,6.5184
0.0103,0.0000,0.0000,0.0000,0.0102,0.0000,200,6.5181
0.0082,0.0000,0.0000,0.0000,0.0081,0.0001,200,6.5238
0.0096,0.0000,0.0000,0.0000,0.0094,0.0001,200,6.5246
0.0087,0.0000,0.0000,0.0000,0.0086,0.0000,200,6.5282
0.0087,0.0000,0.0000,0.0000,0.0082,0.0005,200,6.5283
0.0076,0.0000,0.0000,0.0000,0.0075,0.0001,200,6.5320
0.0081,0.0000,0.0000,0.0000,0.0080,0.0001,200,6.5342
0.0072,0.0000,0.0000,0.0000,0.0071,0.0001,200,6.5397
0.0102,0.0000,0.0000,0.0000,0.0101,0.0000,200,6.5369
0.0105,0.0000,0.0000,0.0000,0.0105,0.0000,200,6.5370
0.0082,0.0000,0.0000,0.0000,0.0080,0.0001,200,6.5423
0.0072,0.0000,0.0000,0.0000,0.0071,0.0001,200,6.5471
0.0074,0.0000,0.0000,0.0000,0.0073,0.0000,200,6.5469
0.0069,0.0000,0.0000,0.0000,0.0069,0.0000,200,6.5475
0.0075,0.0000,0.0000,0.0000,0.0074,0.0001,200,6.5505
0.0072,0.0000,0.0000,0.0000,0.0071,0.0001,200,6.5543
0.0073,0.0000,0.0000,0.0000,0.0073,0.0000,200,6.5543
0.0099,0.0000,0.0000,0.0000,0.0097,0.0002,200,6.5545
0.0079,0.0000,0.0000,0.0000,0.0074,0.0004,200,6.5580
0.0077,0.0000,0.0000,0.0000,0.0067,0.0010,200,6.5616
0.0080,0.0000,0.0000,0.0000,0.0079,0.0000,200,6.5615
0.0069,0.0000,0.0000,0.0000,0.0068,0.0001,200,6.5644
0.0074,0.0000,0.0000,0.0000,0.0072,0.0001,200,6.5659
0.0073,0.0000,0.0000,0.0000,0.0072,0.0000,200,6.5695
0.0075,0.0000,0.0000,0.0000,0.0075,0.0000,200,6.5693
0.0072,0.0000,0.0000,0.0000,0.0071,0.0001,200,6.5713
0.0080,0.0000,0.0000,0.0000,0.0079,0.0001,200,6.5733
0.0076,0.0000,0.0000,0.0000,0.0075,0.0000,200,6.5768
0.0075,0.0000,0.0000,0.0000,0.0074,0.0001,200,6.5769
0.0074,0.0000,0.0000,0.0000,0.0073,0.0001,200,6.5785
0.0068,0.0000,0.0000,0.0000,0.0067,0.0001,200,6.5813
0.0069,0.0000,0.0000,0.0000,0.0068,0.0001,200,6.5844
0.0076,0.0000,0.0000,0.0000,0.0075,0.0000,200,6.5844
0.0069,0.0000,0.0000,0.0000,0.0068,0.0000,200,6.5859
0.0071,0.0000,0.0000,0.0000,0.0070,0.0001,200,6.5881
0.0075,0.0000,0.0000,0.0000,0.0074,0.0001,200,6.5913
0.0069,0.0000,0.0000,0.0000,0.0069,0.0000,200,6.5920
0.0068,0.0000,0.0000,0.0000,0.0068,0.0000,200,6.5928
0.0075,0.0000,0.0000,0.0000,0.0073,0.0002,200,6.5952
0.0071,0.0000,0.0000,0.0000,0.0070,0.0000,200,6.5988
0.0072,0.0000,0.0000,0.0000,0.0069,0.0003,200,6.5989
0.0096,0.0000,0.0000,0.0000,0.0095,0.0001,200,6.5997
0.0071,0.0000,0.0000,0.0000,0.0070,0.0001,200,6.6027
0.0069,0.0000,0.0000,0.0000,0.0068,0.0001,200,6.6060
0.0070,0.0000,0.0000,0.0000,0.0069,0.0000,200,6.6061
0.0070,0.0000,0.0000,0.0000,0.0069,0.0001,200,6.6093
0.0075,0.0000,0.0000,0.0000,0.0074,0.0000,200,6.6098
0.0067,0.0000,0.0000,0.0000,0.0066,0.0001,200,6.6130
0.0070,0.0000,0.0000,0.0000,0.0069,0.0000,200,6.6128
0.0075,0.0000,0.0000,0.0000,0.0074,0.0001,200,6.6163
0.0067,0.0000,0.0000,0.0000,0.0066,0.0001,200,6.6173
0.0077,0.0000,0.0000,0.0000,0.0077,0.0001,200,6.6198
0.0078,0.0000,0.0000,0.0000,0.0077,0.0000,200,6.6198
0.0073,0.0000,0.0000,0.0000,0.0072,0.0000,200,6.6238
0.0071,0.0000,0.0000,0.0000,0.0070,0.0001,200,6.6240
0.0070,0.0000,0.0000,0.0000,0.0069,0.0001,200,6.6276
0.0078,0.0000,0.0000,0.0000,0.0076,0.0001,200,6.6275
0.0070,0.0000,0.0000,0.0000,0.0069,0.0001,200,6.6310
0.0071,0.0000,0.0000,0.0000,0.0070,0.0000,200,6.6310
0.0076,0.0000,0.0000,0.0000,0.0075,0.0001,200,6.6345
0.0068,0.0000,0.0000,0.0000,0.0067,0.0001,200,6.6353
0.0068,0.0000,0.0000,0.0000,0.0067,0.0000,200,6.6380
0.0066,0.0000,0.0000,0.0000,0.0066,0.0000,200,6.6381
0.0069,0.0000,0.0000,0.0000,0.0068,0.0001,200,6.6421
0.0073,0.0000,0.0000,0.0000,0.0071,0.0000,200,6.6421
0.0072,0.0000,0.0000,0.0000,0.0071,0.0001,200,6.6448
0.0073,0.0000,0.0000,0.0000,0.0072,0.0001,200,6.6448
0.0075,0.0000,0.0000,0.0000,0.0074,0.0001,200,6.6490
0.0071,0.0000,0.0000,0.0000,0.0070,0.0001,200,6.6494
0.0072,0.0000,0.0000,0.0000,0.0070,0.0001,200,6.6520
0.0080,0.0000,0.0000,0.0000,0.0079,0.0001,200,6.6521
0.0074,0.0000,0.0000,0.0000,0.0073,0.0001,200,6.6565
0.0071,0.0000,0.0000,0.0000,0.0070,0.0000,200,6.6592
0.0099,0.0000,0.0000,0.0000,0.0095,0.0003,200,6.6565
0.0074,0.0000,0.0000,0.0000,0.0072,0.0001,200,6.6601
0.0072,0.0000,0.0000,0.0000,0.0071,0.0001,200,6.6639
0.0071,0.0000,0.0000,0.0000,0.0070,0.0001,200,6.6662
0.0078,0.0000,0.0000,0.0000,0.0077,0.0001,200,6.6664
0.0071,0.0000,0.0000,0.0000,0.0070,0.0000,200,6.6675
0.0075,0.0000,0.0000,0.0000,0.0073,0.0001,200,6.6711
0.0072,0.0000,0.0000,0.0000,0.0070,0.0001,200,6.6734
0.0071,0.0000,0.0000,0.0000,0.0071,0.0000,200,6.6742
0.0077,0.0000,0.0000,0.0000,0.0075,0.0002,200,6.6745
0.0083,0.0000,0.0000,0.0000,0.0082,0.0001,200,6.6786
0.0069,0.0000,0.0000,0.0000,0.0068,0.0001,200,6.6814
0.0081,0.0000,0.0000,0.0000,0.0071,0.0003,200,6.6805
0.0075,0.0000,0.0000,0.0000,0.0073,0.0001,200,6.6822
0.0087,0.0000,0.0000,0.0000,0.0085,0.0001,200,6.6869
0.0071,0.0000,0.0000,0.0000,0.0071,0.0000,200,6.6887
0.0079,0.0000,0.0000,0.0000,0.0078,0.0000,200,6.6882
0.0068,0.0000,0.0000,0.0000,0.0067,0.0000,200,6.6897
0.0075,0.0000,0.0000,0.0000,0.0074,0.0001,200,6.6958
0.0073,0.0000,0.0000,0.0000,0.0072,0.0000,200,6.6961
0.0072,0.0000,0.0000,0.0000,0.0072,0.0000,200,6.6965
0.0086,0.0000,0.0000,0.0000,0.0076,0.0009,200,6.6956
0.0072,0.0000,0.0000,0.0000,0.0071,0.0001,200,6.7033
0.0073,0.0000,0.0000,0.0000,0.0072,0.0001,200,6.7037
0.0081,0.0000,0.0000,0.0000,0.0080,0.0001,200,6.7034
0.0076,0.0000,0.0000,0.0000,0.0075,0.0000,200,6.7042
0.0071,0.0000,0.0000,0.0000,0.0070,0.0001,200,6.7105
0.0075,0.0000,0.0000,0.0000,0.0074,0.0001,200,6.7110
0.0072,0.0000,0.0000,0.0000,0.0071,0.0000,200,6.7115
0.0105,0.0000,0.0000,0.0000,0.0104,0.0001,200,6.7117
0.0074,0.0000,0.0000,0.0000,0.0073,0.0000,200,6.7176
0.0067,0.0000,0.0000,0.0000,0.0066,0.0001,200,6.7187
0.0070,0.0000,0.0000,0.0000,0.0069,0.0000,200,6.7185
0.0069,0.0000,0.0000,0.0000,0.0068,0.0001,200,6.7222
0.0076,0.0000,0.0000,0.0000,0.0075,0.0001,200,6.7250
0.0073,0.0000,0.0000,0.0000,0.0072,0.0000,200,6.7254
0.0076,0.0000,0.0000,0.0000,0.0075,0.0001,200,6.7255
0.0069,0.0000,0.0000,0.0000,0.0068,0.0001,200,6.7291
0.0069,0.0000,0.0000,0.0000,0.0069,0.0001,200,6.7327
0.0071,0.0000,0.0000,0.0000,0.0070,0.0000,200,6.7326
0.0067,0.0000,0.0000,0.0000,0.0066,0.0000,200,6.7331
0.0091,0.0000,0.0000,0.0003,0.0086,0.0001,200,6.7360
0.0075,0.0000,0.0000,0.0000,0.0074,0.0001,200,6.7396
0.0075,0.0000,0.0000,0.0000,0.0075,0.0000,200,6.7397
0.0079,0.0000,0.0000,0.0000,0.0078,0.0000,200,6.7398
0.0072,0.0000,0.0000,0.0000,0.0071,0.0001,200,6.7451
0.0068,0.0000,0.0000,0.0000,0.0066,0.0000,200,6.7471
0.0071,0.0000,0.0000,0.0000,0.0070,0.0000,200,6.7472
0.0077,0.0000,0.0000,0.0000,0.0076,0.0001,200,6.7477
0.0072,0.0000,0.0000,0.0000,0.0070,0.0001,200,6.7523
0.0068,0.0000,0.0000,0.0000,0.0067,0.0001,200,6.7538
0.0064,0.0000,0.0000,0.0000,0.0063,0.0000,200,6.7543
0.0070,0.0000,0.0000,0.0000,0.0069,0.0001,200,6.7554
0.0076,0.0000,0.0000,0.0000,0.0075,0.0001,200,6.7595
0.0066,0.0000,0.0000,0.0000,0.0066,0.0000,200,6.7606
0.0073,0.0000,0.0000,0.0000,0.0072,0.0000,200,6.7607
0.0075,0.0000,0.0000,0.0000,0.0074,0.0001,200,6.7624
0.0075,0.0000,0.0000,0.0000,0.0074,0.0000,200,6.7673
0.0069,0.0000,0.0000,0.0000,0.0069,0.0000,200,6.7680
0.0078,0.0000,0.0000,0.0000,0.0075,0.0002,200,6.7671
0.0068,0.0000,0.0000,0.0000,0.0067,0.0001,200,6.7699
0.0081,0.0000,0.0000,0.0000,0.0080,0.0000,200,6.7749
0.0081,0.0000,0.0000,0.0000,0.0080,0.0002,200,6.7749
0.0070,0.0000,0.0000,0.0000,0.0068,0.0001,200,6.7768
0.0095,0.0000,0.0000,0.0000,0.0094,0.0000,200,6.7748
0.0071,0.0000,0.0000,0.0000,0.0070,0.0001,200,6.7830
0.0072,0.0000,0.0000,0.0000,0.0071,0.0000,200,6.7830
0.0071,0.0000,0.0000,0.0000,0.0070,0.0001,200,6.7837
0.0069,0.0000,0.0000,0.0000,0.0067,0.0002,200,6.7843
0.0068,0.0000,0.0000,0.0000,0.0067,0.0001,200,6.7902
0.0070,0.0000,0.0000,0.0000,0.0068,0.0000,200,6.7901
0.0071,0.0000,0.0000,0.0000,0.0070,0.0001,200,6.7912
0.0075,0.0000,0.0000,0.0004,0.0070,0.0000,200,6.7908
0.0071,0.0000,0.0000,0.0000,0.0070,0.0001,200,6.7970
0.0072,0.0000,0.0000,0.0000,0.0071,0.0000,200,6.7970
0.0066,0.0000,0.0000,0.0000,0.0065,0.0000,200,6.7983
0.0070,0.0000,0.0000,0.0000,0.0069,0.0000,200,6.7983
0.0072,0.0000,0.0000,0.0000,0.0070,0.0001,200,6.8042
0.0073,0.0000,0.0000,0.0000,0.0070,0.0001,200,6.8042
0.0068,0.0000,0.0000,0.0000,0.0067,0.0000,200,6.8049
0.0073,0.0000,0.0000,0.0000,0.0072,0.0001,200,6.8053
0.0070,0.0000,0.0000,0.0000,0.0069,0.0001,200,6.8114
0.0073,0.0000,0.0000,0.0000,0.0072,0.0000,200,6.8114
0.0077,0.0000,0.0000,0.0000,0.0076,0.0001,200,6.8117
0.0068,0.0000,0.0000,0.0000,0.0067,0.0000,200,6.8125
0.0069,0.0000,0.0000,0.0000,0.0068,0.0001,200,6.8186
0.0072,0.0000,0.0000,0.0000,0.0071,0.0000,200,6.8184
0.0069,0.0000,0.0000,0.0001,0.0068,0.0000,200,6.8194
0.0074,0.0000,0.0000,0.0000,0.0073,0.0000,200,6.8194
0.0070,0.0000,0.0000,0.0000,0.0069,0.0001,200,6.8262
0.0076,0.0000,0.0000,0.0000,0.0074,0.0001,200,6.8256
0.0078,0.0000,0.0000,0.0000,0.0076,0.0000,200,6.8256
0.0077,0.0000,0.0000,0.0000,0.0075,0.0002,200,6.8267
0.0071,0.0000,0.0000,0.0000,0.0070,0.0001,200,6.8333
0.0074,0.0000,0.0000,0.0000,0.0073,0.0000,200,6.8332
0.0078,0.0000,0.0000,0.0000,0.0077,0.0000,200,6.8332
0.0070,0.0000,0.0000,0.0000,0.0068,0.0000,200,6.8345
0.0070,0.0000,0.0000,0.0000,0.0069,0.0001,200,6.8406
0.0073,0.0000,0.0000,0.0000,0.0072,0.0000,200,6.8404
0.0065,0.0000,0.0000,0.0000,0.0065,0.0000,200,6.8414
0.0071,0.0000,0.0000,0.0000,0.0070,0.0001,200,6.8410
0.0069,0.0000,0.0000,0.0000,0.0068,0.0001,200,6.8480
0.0075,0.0000,0.0000,0.0000,0.0074,0.0001,200,6.8476
0.0072,0.0000,0.0000,0.0000,0.0071,0.0000,200,6.8481
0.0084,0.0000,0.0000,0.0000,0.0084,0.0001,200,6.8477
0.0073,0.0000,0.0000,0.0000,0.0073,0.0000,200,6.8553
0.0078,0.0000,0.0000,0.0000,0.0075,0.0003,200,6.8549
0.0077,0.0000,0.0000,0.0000,0.0076,0.0000,200,6.8551
0.0075,0.0000,0.0000,0.0000,0.0072,0.0002,200,6.8562
0.0069,0.0000,0.0000,0.0000,0.0068,0.0001,200,6.8627
0.0071,0.0000,0.0000,0.0000,0.0070,0.0000,200,6.8626
0.0081,0.0000,0.0000,0.0000,0.0079,0.0001,200,6.8628
0.0078,0.0000,0.0000,0.0001,0.0076,0.0000,200,6.8636
0.0070,0.0000,0.0000,0.0000,0.0069,0.0001,200,6.8697
0.0071,0.0000,0.0000,0.0000,0.0070,0.0000,200,6.8696
0.0069,0.0000,0.0000,0.0000,0.0068,0.0001,200,6.8709
0.0066,0.0000,0.0000,0.0000,0.0065,0.0000,200,6.8714
0.0071,0.0000,0.0000,0.0000,0.0070,0.0001,200,6.8767
0.0072,0.0000,0.0000,0.0000,0.0072,0.0000,200,6.8767
0.0067,0.0000,0.0000,0.0000,0.0065,0.0001,200,6.8778
0.0077,0.0000,0.0000,0.0001,0.0075,0.0001,200,6.8780
0.0069,0.0000,0.0000,0.0000,0.0068,0.0001,200,6.8840
0.0066,0.0000,0.0000,0.0000,0.0066,0.0000,200,6.8845
0.0073,0.0000,0.0000,0.0000,0.0072,0.0000,200,6.8838
0.0071,0.0000,0.0000,0.0000,0.0070,0.0001,200,6.8857
0.0069,0.0000,0.0000,0.0000,0.0068,0.0001,200,6.8911
0.0071,0.0000,0.0000,0.0000,0.0070,0.0001,200,6.8909
0.0077,0.0000,0.0000,0.0000,0.0076,0.0001,200,6.8911
0.0069,0.0000,0.0000,0.0000,0.0068,0.0001,200,6.8928
0.0069,0.0000,0.0000,0.0002,0.0067,0.0001,200,6.8980
0.0076,0.0000,0.0000,0.0000,0.0075,0.0000,200,6.8980
0.0068,0.0000,0.0000,0.0000,0.0068,0.0000,200,6.8988
0.0072,0.0000,0.0000,0.0000,0.0071,0.0001,200,6.8997
0.0068,0.0000,0.0000,0.0000,0.0067,0.0000,200,6.9057
0.0069,0.0000,0.0000,0.0000,0.0068,0.0000,200,6.9056
0.0076,0.0000,0.0000,0.0000,0.0074,0.0002,200,6.9049
0.0077,0.0000,0.0000,0.0000,0.0076,0.0001,200,6.9069
0.0069,0.0000,0.0000,0.0000,0.0068,0.0001,200,6.9125
0.0069,0.0000,0.0000,0.0000,0.0068,0.0000,200,6.9125
0.0075,0.0000,0.0000,0.0000,0.0074,0.0001,200,6.9126
0.0085,0.0000,0.0000,0.0000,0.0084,0.0001,200,6.9147
0.0073,0.0000,0.0000,0.0000,0.0072,0.0000,200,6.9194
0.0076,0.0000,0.0000,0.0000,0.0071,0.0005,200,6.9194
0.0082,0.0000,0.0000,0.0000,0.0081,0.0001,200,6.9201
0.0067,0.0000,0.0000,0.0000,0.0066,0.0001,200,6.9232
0.0068,0.0000,0.0000,0.0000,0.0067,0.0001,200,6.9266
0.0065,0.0000,0.0000,0.0000,0.0065,0.0000,200,6.9270
0.0072,0.0000,0.0000,0.0000,0.0071,0.0001,200,6.9283
0.0068,0.0000,0.0000,0.0000,0.0067,0.0001,200,6.9299
0.0066,0.0000,0.0000,0.0000,0.0065,0.0001,200,6.9335
0.0069,0.0000,0.0000,0.0000,0.0068,0.0001,200,6.9334
0.0067,0.0000,0.0000,0.0000,0.0066,0.0000,200,6.9355
0.0074,0.0000,0.0000,0.0000,0.0073,0.0000,200,6.9366
0.0070,0.0000,0.0000,0.0000,0.0069,0.0000,200,6.9404
0.0073,0.0000,0.0000,0.0000,0.0070,0.0002,200,6.9401
0.0075,0.0000,0.0000,0.0000,0.0074,0.0001,200,6.9422
0.0066,0.0000,0.0000,0.0000,0.0065,0.0000,200,6.9440
0.0070,0.0000,0.0000,0.0000,0.0069,0.0001,200,6.9473
0.0071,0.0000,0.0000,0.0000,0.0070,0.0000,200,6.9474
0.0072,0.0000,0.0000,0.0000,0.0071,0.0001,200,6.9498
0.0066,0.0000,0.0000,0.0000,0.0065,0.0001,200,6.9506
0.0069,0.0000,0.0000,0.0000,0.0068,0.0001,200,6.9544
0.0069,0.0000,0.0000,0.0000,0.0069,0.0000,200,6.9545
0.0066,0.0000,0.0000,0.0000,0.0065,0.0001,200,6.9573
0.0072,0.0000,0.0000,0.0001,0.0071,0.0000,200,6.9570
0.0070,0.0000,0.0000,0.0000,0.0068,0.0001,200,6.9613
0.0070,0.0000,0.0000,0.0000,0.0069,0.0000,200,6.9614
0.0069,0.0000,0.0000,0.0000,0.0068,0.0001,200,6.9638
0.0067,0.0000,0.0000,0.0000,0.0066,0.0001,200,6.9642
0.0070,0.0000,0.0000,0.0000,0.0069,0.0001,200,6.9684
0.0073,0.0000,0.0000,0.0000,0.0072,0.0000,200,6.9683
0.0073,0.0000,0.0000,0.0000,0.0073,0.0001,200,6.9708
0.0074,0.0000,0.0000,0.0000,0.0074,0.0000,200,6.9707
0.0077,0.0000,0.0000,0.0000,0.0076,0.0001,200,6.9754
0.0076,0.0000,0.0000,0.0000,0.0075,0.0001,200,6.9756
0.0068,0.0000,0.0000,0.0000,0.0067,0.0001,200,6.9782
0.0069,0.0000,0.0000,0.0000,0.0068,0.0000,200,6.9782
0.0070,0.0000,0.0000,0.0000,0.0069,0.0001,200,6.9832
0.0070,0.0000,0.0000,0.0000,0.0069,0.0001,200,6.9832
0.0072,0.0000,0.0000,0.0000,0.0070,0.0001,200,6.9850
0.0081,0.0000,0.0000,0.0000,0.0079,0.0001,200,6.9851
0.0069,0.0000,0.0000,0.0000,0.0068,0.0000,200,6.9902
0.0070,0.0000,0.0000,0.0000,0.0067,0.0002,200,6.9902
0.0072,0.0000,0.0000,0.0000,0.0071,0.0001,200,6.9922
0.0068,0.0000,0.0000,0.0000,0.0067,0.0001,200,6.9931
0.0068,0.0000,0.0000,0.0000,0.0067,0.0001,200,6.9970
0.0073,0.0000,0.0000,0.0000,0.0072,0.0001,200,6.9972
0.0077,0.0000,0.0000,0.0000,0.0076,0.0001,200,6.9999
0.0082,0.0000,0.0000,0.0000,0.0081,0.0000,200,6.9994
0.0074,0.0000,0.0000,0.0000,0.0073,0.0001,200,7.0039
0.0067,0.0000,0.0000,0.0000,0.0066,0.0001,200,7.0045
0.0078,0.0000,0.0000,0.0000,0.0077,0.0001,200,7.0076
0.0086,0.0000,0.0000,0.0000,0.0085,0.0000,200,7.0076
0.0071,0.0000,0.0000,0.0000,0.0067,0.0003,200,7.0112
0.0074,0.0000,0.0000,0.0000,0.0074,0.0000,200,7.0112
0.0071,0.0000,0.0000,0.0000,0.0070,0.0001,200,7.0153
0.0068,0.0000,0.0000,0.0000,0.0066,0.0002,200,7.0162
0.0068,0.0000,0.0000,0.0000,0.0067,0.0001,200,7.0186
0.0080,0.0000,0.0000,0.0000,0.0077,0.0001,200,7.0183
0.0073,0.0000,0.0000,0.0000,0.0072,0.0001,200,7.0225
0.0074,0.0000,0.0000,0.0000,0.0073,0.0000,200,7.0230
0.0086,0.0000,0.0000,0.0000,0.0083,0.0002,200,7.0254
0.0092,0.0000,0.0000,0.0000,0.0092,0.0001,200,7.0263
0.0081,0.0000,0.0000,0.0000,0.0080,0.0001,200,7.0298
0.0073,0.0000,0.0000,0.0000,0.0072,0.0001,200,7.0355
0.0105,0.0000,0.0000,0.0000,0.0103,0.0000,200,7.0340
0.0074,0.0000,0.0000,0.0000,0.0073,0.0001,200,7.0379
0.0150,0.0000,0.0000,0.0000,0.0150,0.0000,200,7.0304
0.0085,0.0000,0.0000,0.0000,0.0084,0.0001,200,7.0428
0.0078,0.0000,0.0000,0.0000,0.0077,0.0001,200,7.0445
0.0071,0.0000,0.0000,0.0000,0.0070,0.0000,200,7.0454
0.0071,0.0000,0.0000,0.0000,0.0070,0.0000,200,7.0454
0.0072,0.0000,0.0000,0.0000,0.0071,0.0001,200,7.0513
0.0070,0.0000,0.0000,0.0000,0.0069,0.0001,200,7.0525
0.0078,0.0000,0.0000,0.0000,0.0077,0.0001,200,7.0525
0.0099,0.0000,0.0000,0.0000,0.0098,0.0001,200,7.0523
0.0082,0.0000,0.0000,0.0000,0.0081,0.0001,200,7.0586
0.0076,0.0000,0.0000,0.0000,0.0075,0.0000,200,7.0595
0.0070,0.0000,0.0000,0.0000,0.0069,0.0000,200,7.0603
0.0114,0.0000,0.0000,0.0000,0.0113,0.0001,200,7.0622
0.0069,0.0000,0.0000,0.0000,0.0068,0.0001,200,7.0673
0.0074,0.0000,0.0000,0.0000,0.0074,0.0000,200,7.0668
0.0103,0.0000,0.0000,0.0000,0.0102,0.0001,200,7.0671
0.0072,0.0000,0.0000,0.0000,0.0071,0.0001,200,7.0737
0.0070,0.0000,0.0000,0.0000,0.0070,0.0000,200,7.0741
0.0080,0.0000,0.0000,0.0000,0.0079,0.0001,200,7.0742
0.0074,0.0000,0.0000,0.0000,0.0073,0.0001,200,7.0774
0.0072,0.0000,0.0000,0.0000,0.0070,0.0001,200,7.0809
0.0070,0.0000,0.0000,0.0000,0.0069,0.0000,200,7.0811
0.0067,0.0000,0.0000,0.0000,0.0066,0.0000,200,7.0822
0.0068,0.0000,0.0000,0.0000,0.0067,0.0001,200,7.0848
0.0071,0.0000,0.0000,0.0000,0.0070,0.0000,200,7.0881
0.0070,0.0000,0.0000,0.0000,0.0070,0.0000,200,7.0881
0.0066,0.0000,0.0000,0.0000,0.0065,0.0001,200,7.0889
0.0070,0.0000,0.0000,0.0000,0.0069,0.0001,200,7.0916
0.0072,0.0000,0.0000,0.0000,0.0071,0.0001,200,7.0952
0.0068,0.0000,0.0000,0.0000,0.0067,0.0001,200,7.0955
0.0072,0.0000,0.0000,0.0000,0.0071,0.0001,200,7.0952
0.0067,0.0000,0.0000,0.0000,0.0066,0.0001,200,7.0986
0.0070,0.0000,0.0000,0.0000,0.0068,0.0001,200,7.1023
0.0072,0.0000,0.0000,0.0000,0.0072,0.0000,200,7.1023
0.0073,0.0000,0.0000,0.0000,0.0073,0.0000,200,7.1023
0.0070,0.0000,0.0000,0.0000,0.0069,0.0001,200,7.1053
0.0068,0.0000,0.0000,0.0000,0.0067,0.0001,200,7.1093
0.0067,0.0000,0.0000,0.0000,0.0066,0.0000,200,7.1096
0.0074,0.0000,0.0000,0.0000,0.0073,0.0001,200,7.1097
0.0069,0.0000,0.0000,0.0000,0.0068,0.0001,200,7.1123
0.0074,0.0000,0.0000,0.0000,0.0073,0.0001,200,7.1161
0.0073,0.0000,0.0000,0.0000,0.0073,0.0000,200,7.1162
0.0069,0.0000,0.0000,0.0000,0.0069,0.0000,200,7.1170
0.0071,0.0000,0.0000,0.0000,0.0069,0.0001,200,7.1191
0.0068,0.0000,0.0000,0.0000,0.0067,0.0000,200,7.1240
0.0072,0.0000,0.0000,0.0000,0.0071,0.0000,200,7.1236
0.0073,0.0000,0.0000,0.0000,0.0068,0.0004,200,7.1236
0.0069,0.0000,0.0000,0.0000,0.0068,0.0001,200,7.1262
0.0069,0.0000,0.0000,0.0000,0.0068,0.0001,200,7.1308
0.0081,0.0000,0.0000,0.0000,0.0080,0.0001,200,7.1308
0.0082,0.0000,0.0000,0.0000,0.0081,0.0000,200,7.1308
0.0069,0.0000,0.0000,0.0000,0.0068,0.0001,200,7.1331
0.0072,0.0000,0.0000,0.0000,0.0071,0.0001,200,7.1377
0.0067,0.0000,0.0000,0.0000,0.0066,0.0000,200,7.1389
0.0065,0.0000,0.0000,0.0000,0.0064,0.0001,200,7.1400
0.0082,0.0000,0.0000,0.0000,0.0082,0.0000,200,7.1389
0.0072,0.0000,0.0000,0.0000,0.0071,0.0001,200,7.1449
0.0069,0.0000,0.0000,0.0000,0.0068,0.0001,200,7.1465
0.0080,0.0000,0.0000,0.0000,0.0079,0.0000,200,7.1456
0.0094,0.0000,0.0000,0.0000,0.0093,0.0001,200,7.1472
0.0076,0.0000,0.0000,0.0000,0.0075,0.0001,200,7.1521
0.0072,0.0000,0.0000,0.0000,0.0071,0.0001,200,7.1535
0.0072,0.0000,0.0000,0.0000,0.0072,0.0000,200,7.1536
0.0069,0.0000,0.0000,0.0000,0.0067,0.0001,200,7.1565
0.0069,0.0000,0.0000,0.0000,0.0068,0.0001,200,7.1597
0.0070,0.0000,0.0000,0.0000,0.0069,0.0000,200,7.1607
0.0069,0.0000,0.0000,0.0000,0.0068,0.0000,200,7.1608
0.0067,0.0000,0.0000,0.0000,0.0066,0.0001,200,7.1634
0.0068,0.0000,0.0000,0.0000,0.0067,0.0001,200,7.1666
0.0067,0.0000,0.0000,0.0000,0.0066,0.0001,200,7.1677
0.0069,0.0000,0.0000,0.0000,0.0068,0.0000,200,7.1677
0.0068,0.0000,0.0000,0.0000,0.0067,0.0001,200,7.1702
0.0075,0.0000,0.0000,0.0000,0.0074,0.0001,200,7.1734
0.0068,0.0000,0.0000,0.0000,0.0067,0.0000,200,7.1746
0.0076,0.0000,0.0000,0.0000,0.0074,0.0001,200,7.1744
0.0077,0.0000,0.0000,0.0000,0.0076,0.0001,200,7.1770
0.0069,0.0000,0.0000,0.0000,0.0067,0.0001,200,7.1814
0.0074,0.0000,0.0000,0.0000,0.0074,0.0000,200,7.1809
0.0068,0.0000,0.0000,0.0000,0.0067,0.0000,200,7.1819
0.0069,0.0000,0.0000,0.0000,0.0068,0.0001,200,7.1846
0.0069,0.0000,0.0000,0.0000,0.0068,0.0000,200,7.1882
0.0068,0.0000,0.0000,0.0000,0.0067,0.0001,200,7.1883
0.0070,0.0000,0.0000,0.0000,0.0068,0.0001,200,7.1887
0.0069,0.0000,0.0000,0.0000,0.0068,0.0001,200,7.1915
0.0068,0.0000,0.0000,0.0000,0.0067,0.0000,200,7.1952
0.0073,0.0000,0.0000,0.0000,0.0072,0.0000,200,7.1952
0.0068,0.0000,0.0000,0.0000,0.0067,0.0000,200,7.1957
0.0070,0.0000,0.0000,0.0000,0.0069,0.0001,200,7.1984
0.0074,0.0000,0.0000,0.0000,0.0074,0.0000,200,7.2020
0.0070,0.0000,0.0000,0.0000,0.0067,0.0003,200,7.2025
0.0076,0.0000,0.0000,0.0000,0.0075,0.0000,200,7.2025
0.0068,0.0000,0.0000,0.0000,0.0067,0.0000,200,7.2054
0.0071,0.0000,0.0000,0.0000,0.0070,0.0001,200,7.2095
0.0087,0.0000,0.0000,0.0000,0.0086,0.0001,200,7.2094
0.0089,0.0000,0.0000,0.0002,0.0067,0.0001,200,7.2101
0.0069,0.0000,0.0000,0.0000,0.0069,0.0000,200,7.2122
0.0072,0.0000,0.0000,0.0000,0.0071,0.0001,200,7.2167
0.0071,0.0000,0.0000,0.0000,0.0070,0.0001,200,7.2181
0.0065,0.0000,0.0000,0.0000,0.0064,0.0000,200,7.2192
0.0068,0.0000,0.0000,0.0000,0.0067,0.0000,200,7.2190
0.0072,0.0000,0.0000,0.0000,0.0071,0.0001,200,7.2239
0.0073,0.0000,0.0000,0.0000,0.0072,0.0001,200,7.2252
0.0067,0.0000,0.0000,0.0000,0.0066,0.0001,200,7.2258
0.0069,0.0000,0.0000,0.0000,0.0069,0.0000,200,7.2257
0.0070,0.0000,0.0000,0.0000,0.0069,0.0001,200,7.2310
0.0069,0.0000,0.0000,0.0000,0.0068,0.0001,200,7.2325
0.0069,0.0000,0.0000,0.0000,0.0068,0.0000,200,7.2325
0.0078,0.0000,0.0000,0.0000,0.0078,0.0000,200,7.2326
0.0071,0.0000,0.0000,0.0000,0.0070,0.0001,200,7.2381
0.0068,0.0000,0.0000,0.0000,0.0067,0.0001,200,7.2394
0.0069,0.0000,0.0000,0.0000,0.0069,0.0000,200,7.2395
0.0076,0.0000,0.0000,0.0000,0.0075,0.0000,200,7.2405
0.0076,0.0000,0.0000,0.0000,0.0075,0.0001,200,7.2452
0.0065,0.0000,0.0000,0.0000,0.0064,0.0000,200,7.2464
0.0071,0.0000,0.0000,0.0000,0.0070,0.0000,200,7.2463
0.0077,0.0000,0.0000,0.0000,0.0076,0.0001,200,7.2480
0.0071,0.0000,0.0000,0.0000,0.0069,0.0001,200,7.2528
0.0077,0.0000,0.0000,0.0000,0.0074,0.0000,200,7.2528
0.0079,0.0000,0.0000,0.0000,0.0078,0.0000,200,7.2533
0.0070,0.0000,0.0000,0.0000,0.0069,0.0000,200,7.2558
0.0070,0.0000,0.0000,0.0000,0.0069,0.0001,200,7.2599
0.0068,0.0000,0.0000,0.0000,0.0067,0.0000,200,7.2605
0.0068,0.0000,0.0000,0.0000,0.0068,0.0001,200,7.2627
0.0085,0.0000,0.0000,0.0000,0.0084,0.0001,200,7.2612
0.0072,0.0000,0.0000,0.0000,0.0071,0.0000,200,7.2669
0.0070,0.0000,0.0000,0.0000,0.0067,0.0002,200,7.2672
0.0081,0.0000,0.0000,0.0000,0.0080,0.0000,200,7.2696
0.0081,0.0000,0.0000,0.0000,0.0078,0.0002,200,7.2697
0.0068,0.0000,0.0000,0.0000,0.0067,0.0001,200,7.2741
0.0067,0.0000,0.0000,0.0000,0.0067,0.0000,200,7.2742
0.0075,0.0000,0.0000,0.0000,0.0074,0.0001,200,7.2776
0.0074,0.0000,0.0000,0.0000,0.0074,0.0000,200,7.2778
0.0073,0.0000,0.0000,0.0000,0.0073,0.0000,200,7.2810
0.0075,0.0000,0.0000,0.0000,0.0071,0.0004,200,7.2810
0.0083,0.0000,0.0000,0.0000,0.0082,0.0001,200,7.2852
0.0088,0.0000,0.0000,0.0000,0.0087,0.0001,200,7.2852
0.0067,0.0000,0.0000,0.0000,0.0066,0.0000,200,7.2883
0.0076,0.0000,0.0000,0.0000,0.0075,0.0001,200,7.2884
0.0066,0.0000,0.0000,0.0000,0.0065,0.0001,200,7.2940
0.0072,0.0000,0.0000,0.0000,0.0071,0.0000,200,7.2935
0.0068,0.0000,0.0000,0.0000,0.0067,0.0001,200,7.2950
0.0068,0.0000,0.0000,0.0000,0.0067,0.0000,200,7.2960
0.0069,0.0000,0.0000,0.0000,0.0068,0.0001,200,7.3006
0.0071,0.0000,0.0000,0.0000,0.0070,0.0000,200,7.3006
0.0072,0.0000,0.0000,0.0000,0.0071,0.0001,200,7.3018
0.0073,0.0000,0.0000,0.0000,0.0071,0.0001,200,7.3029
0.0069,0.0000,0.0000,0.0000,0.0067,0.0001,200,7.3075
0.0067,0.0000,0.0000,0.0000,0.0066,0.0000,200,7.3077
0.0070,0.0000,0.0000,0.0000,0.0069,0.0001,200,7.3102
0.0081,0.0000,0.0000,0.0000,0.0080,0.0000,200,7.3090
0.0070,0.0000,0.0000,0.0000,0.0068,0.0001,200,7.3143
0.0069,0.0000,0.0000,0.0000,0.0068,0.0000,200,7.3144
0.0068,0.0000,0.0000,0.0000,0.0067,0.0001,200,7.3171
0.0086,0.0000,0.0000,0.0000,0.0085,0.0000,200,7.3172
0.0069,0.0000,0.0000,0.0000,0.0068,0.0001,200,7.3213
0.0070,0.0000,0.0000,0.0000,0.0069,0.0000,200,7.3213
0.0069,0.0000,0.0000,0.0000,0.0068,0.0001,200,7.3240
0.0068,0.0000,0.0000,0.0000,0.0067,0.0001,200,7.3258
0.0065,0.0000,0.0000,0.0000,0.0064,0.0001,200,7.3283
0.0071,0.0000,0.0000,0.0000,0.0070,0.0000,200,7.3282
0.0068,0.0000,0.0000,0.0000,0.0067,0.0000,200,7.3309
0.0068,0.0000,0.0000,0.0000,0.0066,0.0001,200,7.3326
0.0068,0.0000,0.0000,0.0000,0.0067,0.0001,200,7.3348
0.0065,0.0000,0.0000,0.0000,0.0064,0.0000,200,7.3352
0.0065,0.0000,0.0000,0.0000,0.0065,0.0001,200,7.3377
0.0066,0.0000,0.0000,0.0000,0.0065,0.0001,200,7.3393
0.0069,0.0000,0.0000,0.0000,0.0068,0.0001,200,7.3417
0.0079,0.0000,0.0000,0.0000,0.0077,0.0002,200,7.3416
0.0068,0.0000,0.0000,0.0000,0.0067,0.0001,200,7.3442
0.0068,0.0000,0.0000,0.0000,0.0067,0.0000,200,7.3460
0.0068,0.0000,0.0000,0.0000,0.0067,0.0001,200,7.3487
0.0064,0.0000,0.0000,0.0000,0.0064,0.0000,200,7.3495
0.0067,0.0000,0.0000,0.0000,0.0065,0.0001,200,7.3510
0.0073,0.0000,0.0000,0.0000,0.0072,0.0001,200,7.3528
0.0076,0.0000,0.0000,0.0000,0.0075,0.0001,200,7.3555
0.0072,0.0000,0.0000,0.0000,0.0071,0.0000,200,7.3560
0.0069,0.0000,0.0000,0.0000,0.0068,0.0000,200,7.3577
0.0069,0.0000,0.0000,0.0000,0.0067,0.0002,200,7.3601
0.0069,0.0000,0.0000,0.0000,0.0068,0.0001,200,7.3631
0.0070,0.0000,0.0000,0.0000,0.0069,0.0000,200,7.3631
0.0067,0.0000,0.0000,0.0000,0.0066,0.0001,200,7.3646
0.0071,0.0000,0.0000,0.0000,0.0070,0.0001,200,7.3670
0.0071,0.0000,0.0000,0.0000,0.0070,0.0001,200,7.3700
0.0070,0.0000,0.0000,0.0000,0.0069,0.0001,200,7.3701
0.0070,0.0000,0.0000,0.0000,0.0069,0.0001,200,7.3713
0.0067,0.0000,0.0000,0.0000,0.0067,0.0000,200,7.3742
0.0066,0.0000,0.0000,0.0000,0.0065,0.0000,200,7.3771
0.0072,0.0000,0.0000,0.0000,0.0071,0.0000,200,7.3771
0.0064,0.0000,0.0000,0.0000,0.0064,0.0000,200,7.3783
0.0064,0.0000,0.0000,0.0000,0.0063,0.0001,200,7.3809
0.0067,0.0000,0.0000,0.0000,0.0066,0.0001,200,7.3837
0.0066,0.0000,0.0000,0.0000,0.0065,0.0000,200,7.3843
0.0062,0.0000,0.0000,0.0000,0.0062,0.0000,200,7.3847
0.0073,0.0000,0.0000,0.0000,0.0073,0.0001,200,7.3873
0.0065,0.0000,0.0000,0.0000,0.0064,0.0001,200,7.3909
0.0070,0.0000,0.0000,0.0000,0.0069,0.0000,200,7.3905
0.0065,0.0000,0.0000,0.0000,0.0065,0.0000,200,7.3909
0.0065,0.0000,0.0000,0.0000,0.0064,0.0001,200,7.3947
0.0071,0.0000,0.0000,0.0000,0.0069,0.0001,200,7.3974
0.0072,0.0000,0.0000,0.0000,0.0071,0.0000,200,7.3974
0.0074,0.0000,0.0000,0.0000,0.0074,0.0000,200,7.3974
0.0065,0.0000,0.0000,0.0000,0.0064,0.0001,200,7.4012
0.0066,0.0000,0.0000,0.0000,0.0065,0.0000,200,7.4046
0.0072,0.0000,0.0000,0.0000,0.0071,0.0000,200,7.4045
0.0069,0.0000,0.0000,0.0000,0.0069,0.0000,200,7.4049
0.0064,0.0000,0.0000,0.0000,0.0063,0.0000,200,7.4077
0.0064,0.0000,0.0000,0.0000,0.0063,0.0000,200,7.4116
0.0068,0.0000,0.0000,0.0000,0.0067,0.0000,200,7.4112
0.0063,0.0000,0.0000,0.0000,0.0063,0.0000,200,7.4118
0.0064,0.0000,0.0000,0.0000,0.0063,0.0001,200,7.4141
0.0069,0.0000,0.0000,0.0000,0.0067,0.0001,200,7.4180
0.0069,0.0000,0.0000,0.0000,0.0068,0.0000,200,7.4180
0.0073,0.0000,0.0000,0.0000,0.0072,0.0001,200,7.4181
0.0066,0.0000,0.0000,0.0000,0.0065,0.0001,200,7.4204
0.0067,0.0000,0.0000,0.0000,0.0066,0.0001,200,7.4249
0.0068,0.0000,0.0000,0.0000,0.0067,0.0000,200,7.4249
0.0066,0.0000,0.0000,0.0000,0.0065,0.0000,200,7.4254
0.0067,0.0000,0.0000,0.0000,0.0065,0.0001,200,7.4270
0.0068,0.0000,0.0000,0.0000,0.0067,0.0001,200,7.4317
0.0065,0.0000,0.0000,0.0000,0.0065,0.0000,200,7.4320
0.0069,0.0000,0.0000,0.0000,0.0067,0.0002,200,7.4317
0.0067,0.0000,0.0000,0.0000,0.0066,0.0001,200,7.4337
0.0068,0.0000,0.0000,0.0000,0.0067,0.0001,200,7.4385
0.0068,0.0000,0.0000,0.0000,0.0067,0.0001,200,7.4384
0.0072,0.0000,0.0000,0.0000,0.0071,0.0000,200,7.4386
0.0069,0.0000,0.0000,0.0001,0.0065,0.0000,200,7.4404
0.0068,0.0000,0.0000,0.0000,0.0067,0.0001,200,7.4453
0.0068,0.0000,0.0000,0.0000,0.0067,0.0001,200,7.4453
0.0066,0.0000,0.0000,0.0000,0.0065,0.0000,200,7.4458
0.0063,0.0000,0.0000,0.0000,0.0062,0.0001,200,7.4473
0.0069,0.0000,0.0000,0.0000,0.0068,0.0001,200,7.4521
0.0069,0.0000,0.0000,0.0000,0.0068,0.0000,200,7.4521
0.0070,0.0000,0.0000,0.0000,0.0069,0.0001,200,7.4524
0.0065,0.0000,0.0000,0.0000,0.0064,0.0001,200,7.4536
0.0067,0.0000,0.0000,0.0000,0.0066,0.0001,200,7.4590
0.0068,0.0000,0.0000,0.0000,0.0068,0.0000,200,7.4590
0.0067,0.0000,0.0000,0.0000,0.0066,0.0001,200,7.4594
0.0065,0.0000,0.0000,0.0000,0.0064,0.0000,200,7.4601
0.0068,0.0000,0.0000,0.0000,0.0067,0.0001,200,7.4658
0.0066,0.0000,0.0000,0.0000,0.0065,0.0000,200,7.4661
0.0070,0.0000,0.0000,0.0000,0.0069,0.0000,200,7.4657
0.0063,0.0000,0.0000,0.0000,0.0062,0.0000,200,7.4666
0.0068,0.0000,0.0000,0.0000,0.0067,0.0001,200,7.4727
0.0068,0.0000,0.0000,0.0000,0.0067,0.0001,200,7.4726
0.0074,0.0000,0.0000,0.0000,0.0073,0.0000,200,7.4727
0.0072,0.0000,0.0000,0.0000,0.0070,0.0000,200,7.4729
0.0069,0.0000,0.0000,0.0000,0.0068,0.0001,200,7.4795
0.0069,0.0000,0.0000,0.0000,0.0068,0.0000,200,7.4795
0.0072,0.0000,0.0000,0.0000,0.0071,0.0000,200,7.4801
0.0072,0.0000,0.0000,0.0000,0.0071,0.0001,200,7.4801
0.0068,0.0000,0.0000,0.0000,0.0067,0.0001,200,7.4864
0.0066,0.0000,0.0000,0.0000,0.0065,0.0001,200,7.4873
0.0075,0.0000,0.0000,0.0000,0.0075,0.0000,200,7.4864
0.0066,0.0000,0.0000,0.0000,0.0066,0.0000,200,7.4873
0.0069,0.0000,0.0000,0.0000,0.0068,0.0001,200,7.4932
0.0064,0.0000,0.0000,0.0000,0.0063,0.0000,200,7.4939
0.0070,0.0000,0.0000,0.0000,0.0069,0.0000,200,7.4939
0.0074,0.0000,0.0000,0.0000,0.0073,0.0000,200,7.4939
0.0066,0.0000,0.0000,0.0000,0.0065,0.0001,200,7.5003
0.0070,0.0000,0.0000,0.0000,0.0069,0.0001,200,7.5001
0.0065,0.0000,0.0000,0.0000,0.0064,0.0001,200,7.5009
0.0071,0.0000,0.0000,0.0000,0.0070,0.0000,200,7.5013
0.0066,0.0000,0.0000,0.0000,0.0065,0.0001,200,7.5069
0.0064,0.0000,0.0000,0.0000,0.0063,0.0000,200,7.5071
0.0066,0.0000,0.0000,0.0000,0.0064,0.0001,200,7.5074
0.0063,0.0000,0.0000,0.0000,0.0063,0.0000,200,7.5084
0.0067,0.0000,0.0000,0.0000,0.0066,0.0001,200,7.5135
0.0064,0.0000,0.0000,0.0000,0.0064,0.0000,200,7.5139
0.0069,0.0000,0.0000,0.0000,0.0067,0.0002,200,7.5135
0.0069,0.0000,0.0000,0.0000,0.0068,0.0000,200,7.5148
0.0068,0.0000,0.0000,0.0000,0.0067,0.0001,200,7.5204
0.0070,0.0000,0.0000,0.0000,0.0070,0.0000,200,7.5203
0.0071,0.0000,0.0000,0.0000,0.0070,0.0000,200,7.5204
0.0067,0.0000,0.0000,0.0000,0.0066,0.0000,200,7.5216
0.0067,0.0000,0.0000,0.0000,0.0066,0.0001,200,7.5273
0.0069,0.0000,0.0000,0.0000,0.0068,0.0000,200,7.5272
0.0068,0.0000,0.0000,0.0000,0.0067,0.0000,200,7.5275
0.0066,0.0000,0.0000,0.0000,0.0065,0.0000,200,7.5283
0.0068,0.0000,0.0000,0.0000,0.0067,0.0001,200,7.5340
0.0068,0.0000,0.0000,0.0000,0.0067,0.0000,200,7.5340
0.0065,0.0000,0.0000,0.0000,0.0064,0.0000,200,7.5349
0.0078,0.0000,0.0000,0.0000,0.0078,0.0000,200,7.5343
0.0067,0.0000,0.0000,0.0000,0.0066,0.0001,200,7.5408
0.0067,0.0000,0.0000,0.0000,0.0066,0.0000,200,7.5408
0.0064,0.0000,0.0000,0.0000,0.0063,0.0000,200,7.5414
0.0065,0.0000,0.0000,0.0000,0.0064,0.0000,200,7.5422
0.0070,0.0000,0.0000,0.0000,0.0069,0.0000,200,7.5475
0.0069,0.0000,0.0000,0.0000,0.0069,0.0001,200,7.5475
0.0071,0.0000,0.0000,0.0000,0.0070,0.0000,200,7.5478
0.0066,0.0000,0.0000,0.0000,0.0065,0.0000,200,7.5486
0.0070,0.0000,0.0000,0.0000,0.0068,0.0001,200,7.5544
0.0066,0.0000,0.0000,0.0000,0.0065,0.0000,200,7.5548
0.0070,0.0000,0.0000,0.0000,0.0069,0.0000,200,7.5544
0.0063,0.0000,0.0000,0.0000,0.0063,0.0000,200,7.5552
0.0069,0.0000,0.0000,0.0000,0.0067,0.0001,200,7.5614
0.0068,0.0000,0.0000,0.0000,0.0067,0.0001,200,7.5614
0.0069,0.0000,0.0000,0.0000,0.0068,0.0000,200,7.5616
0.0079,0.0000,0.0000,0.0000,0.0075,0.0003,200,7.5614
0.0071,0.0000,0.0000,0.0000,0.0070,0.0001,200,7.5684
0.0073,0.0000,0.0000,0.0000,0.0072,0.0000,200,7.5683
0.0072,0.0000,0.0000,0.0000,0.0071,0.0000,200,7.5693
0.0085,0.0000,0.0000,0.0000,0.0084,0.0000,200,7.5682
0.0068,0.0000,0.0000,0.0000,0.0067,0.0001,200,7.5755
0.0068,0.0000,0.0000,0.0000,0.0068,0.0000,200,7.5755
0.0063,0.0000,0.0000,0.0000,0.0063,0.0000,200,7.5765
0.0073,0.0000,0.0000,0.0000,0.0072,0.0001,200,7.5767
0.0067,0.0000,0.0000,0.0000,0.0066,0.0001,200,7.5823
0.0067,0.0000,0.0000,0.0000,0.0066,0.0000,200,7.5824
0.0065,0.0000,0.0000,0.0000,0.0065,0.0000,200,7.5828
0.0065,0.0000,0.0000,0.0000,0.0064,0.0000,200,7.5840
0.0068,0.0000,0.0000,0.0000,0.0067,0.0001,200,7.5891
0.0068,0.0000,0.0000,0.0000,0.0067,0.0001,200,7.5890
0.0073,0.0000,0.0000,0.0000,0.0072,0.0000,200,7.5894
0.0067,0.0000,0.0000,0.0000,0.0066,0.0000,200,7.5905
0.0067,0.0000,0.0000,0.0000,0.0066,0.0001,200,7.5959
0.0067,0.0000,0.0000,0.0000,0.0066,0.0000,200,7.5959
0.0066,0.0000,0.0000,0.0000,0.0065,0.0000,200,7.5966
0.0064,0.0000,0.0000,0.0000,0.0063,0.0000,200,7.5972
0.0068,0.0000,0.0000,0.0000,0.0067,0.0001,200,7.6026
0.0068,0.0000,0.0000,0.0000,0.0067,0.0000,200,7.6025
0.0066,0.0000,0.0000,0.0000,0.0065,0.0001,200,7.6032
0.0062,0.0000,0.0000,0.0000,0.0061,0.0000,200,7.6036
0.0068,0.0000,0.0000,0.0000,0.0067,0.0001,200,7.6093
0.0069,0.0000,0.0000,0.0000,0.0068,0.0000,200,7.6093
0.0064,0.0000,0.0000,0.0000,0.0064,0.0000,200,7.6098
0.0072,0.0000,0.0000,0.0000,0.0071,0.0001,200,7.6098
0.0067,0.0000,0.0000,0.0000,0.0067,0.0001,200,7.6162
0.0068,0.0000,0.0000,0.0000,0.0067,0.0000,200,7.6162
0.0069,0.0000,0.0000,0.0000,0.0068,0.0000,200,7.6162
0.0066,0.0000,0.0000,0.0000,0.0064,0.0000,200,7.6170
0.0070,0.0000,0.0000,0.0000,0.0069,0.0001,200,7.6230
0.0071,0.0000,0.0000,0.0000,0.0071,0.0000,200,7.6230
0.0072,0.0000,0.0000,0.0000,0.0072,0.0000,200,7.6230
0.0070,0.0000,0.0000,0.0000,0.0069,0.0000,200,7.6236
0.0070,0.0000,0.0000,0.0000,0.0069,0.0000,200,7.6301
0.0069,0.0000,0.0000,0.0000,0.0067,0.0002,200,7.6301
0.0068,0.0000,0.0000,0.0000,0.0067,0.0000,200,7.6305
0.0126,0.0000,0.0000,0.0000,0.0125,0.0001,200,7.6302
0.0066,0.0000,0.0000,0.0000,0.0065,0.0000,200,7.6371
0.0071,0.0000,0.0000,0.0000,0.0070,0.0000,200,7.6373
0.0068,0.0000,0.0000,0.0000,0.0066,0.0001,200,7.6437
0.0066,0.0000,0.0000,0.0000,0.0066,0.0000,200,7.6444
0.0166,0.0000,0.0000,0.0000,0.0165,0.0001,200,7.6370
0.0112,0.0000,0.0000,0.0000,0.0111,0.0000,200,7.6428
0.0065,0.0000,0.0000,0.0000,0.0064,0.0001,200,7.6504
0.0068,0.0000,0.0000,0.0000,0.0067,0.0000,200,7.6510
0.0069,0.0000,0.0000,0.0000,0.0068,0.0001,200,7.6537
0.0072,0.0000,0.0000,0.0000,0.0071,0.0001,200,7.6570
0.0065,0.0000,0.0000,0.0000,0.0065,0.0000,200,7.6578
0.0120,0.0000,0.0000,0.0000,0.0119,0.0001,200,7.6540
0.0065,0.0000,0.0000,0.0000,0.0064,0.0001,200,7.6641
0.0065,0.0000,0.0000,0.0000,0.0064,0.0000,200,7.6644
0.0108,0.0000,0.0000,0.0000,0.0107,0.0000,200,7.6605
0.0067,0.0000,0.0000,0.0000,0.0066,0.0001,200,7.6706
0.0065,0.0000,0.0000,0.0000,0.0065,0.0000,200,7.6708
0.0168,0.0000,0.0000,0.0000,0.0167,0.0001,200,7.6659
0.0116,0.0000,0.0000,0.0000,0.0115,0.0000,200,7.6714
0.0064,0.0000,0.0000,0.0000,0.0063,0.0000,200,7.6774
0.0063,0.0000,0.0000,0.0000,0.0063,0.0000,200,7.6774
0.0067,0.0000,0.0000,0.0000,0.0066,0.0001,200,7.6827
0.0065,0.0000,0.0000,0.0000,0.0064,0.0000,200,7.6837
0.0066,0.0000,0.0000,0.0000,0.0065,0.0000,200,7.6837
0.0128,0.0000,0.0000,0.0000,0.0128,0.0001,200,7.6830
0.0063,0.0000,0.0000,0.0000,0.0062,0.0000,200,7.6903
0.0066,0.0000,0.0000,0.0000,0.0065,0.0000,200,7.6902
0.0121,0.0000,0.0000,0.0000,0.0119,0.0001,200,7.6895
0.0064,0.0000,0.0000,0.0000,0.0063,0.0000,200,7.6967
0.0064,0.0000,0.0000,0.0000,0.0064,0.0000,200,7.6968
0.0113,0.0000,0.0000,0.0000,0.0112,0.0001,200,7.6958
0.0063,0.0000,0.0000,0.0000,0.0063,0.0001,200,7.7032
0.0065,0.0000,0.0000,0.0000,0.0064,0.0000,200,7.7031
0.0109,0.0000,0.0000,0.0000,0.0108,0.0001,200,7.7015
0.0065,0.0000,0.0000,0.0000,0.0064,0.0000,200,7.7096
0.0065,0.0000,0.0000,0.0000,0.0064,0.0000,200,7.7095
0.0110,0.0000,0.0000,0.0000,0.0109,0.0001,200,7.7071
0.0070,0.0000,0.0000,0.0000,0.0070,0.0000,200,7.7160
0.0072,0.0000,0.0000,0.0000,0.0069,0.0003,200,7.7160
0.0135,0.0000,0.0000,0.0000,0.0134,0.0001,200,7.7124
0.0074,0.0000,0.0000,0.0000,0.0073,0.0001,200,7.7231
0.0076,0.0000,0.0000,0.0000,0.0075,0.0001,200,7.7232
0.0134,0.0000,0.0000,0.0000,0.0133,0.0000,200,7.7181
0.0107,0.0000,0.0000,0.0000,0.0106,0.0001,200,7.7260
0.0086,0.0000,0.0000,0.0000,0.0086,0.0001,200,7.7315
0.0092,0.0000,0.0000,0.0005,0.0087,0.0001,200,7.7309
0.0096,0.0000,0.0000,0.0000,0.0095,0.0001,200,7.7305
0.0074,0.0000,0.0000,0.0000,0.0073,0.0001,200,7.7367
0.0072,0.0000,0.0000,0.0000,0.0071,0.0001,200,7.7401
0.0072,0.0000,0.0000,0.0000,0.0071,0.0001,200,7.7401
0.0071,0.0000,0.0000,0.0000,0.0070,0.0001,200,7.7441
0.0111,0.0000,0.0000,0.0000,0.0110,0.0001,200,7.7401
0.0069,0.0000,0.0000,0.0000,0.0068,0.0001,200,7.7473
0.0070,0.0000,0.0000,0.0000,0.0069,0.0000,200,7.7473
0.0069,0.0000,0.0000,0.0000,0.0068,0.0001,200,7.7512
0.0070,0.0000,0.0000,0.0000,0.0070,0.0000,200,7.7512
0.0069,0.0000,0.0000,0.0000,0.0068,0.0001,200,7.7542
0.0069,0.0000,0.0000,0.0000,0.0068,0.0000,200,7.7543
0.0069,0.0000,0.0000,0.0000,0.0068,0.0001,200,7.7581
0.0078,0.0000,0.0000,0.0000,0.0077,0.0000,200,7.7582
0.0073,0.0000,0.0000,0.0000,0.0072,0.0001,200,7.7611
0.0081,0.0000,0.0000,0.0000,0.0080,0.0000,200,7.7611
0.0102,0.0000,0.0000,0.0000,0.0101,0.0001,200,7.7650
0.0094,0.0000,0.0000,0.0000,0.0093,0.0000,200,7.7660
0.0079,0.0000,0.0000,0.0000,0.0078,0.0000,200,7.7685
0.0072,0.0000,0.0000,0.0000,0.0072,0.0000,200,7.7693
0.0075,0.0000,0.0000,0.0000,0.0074,0.0001,200,7.7752
0.0075,0.0000,0.0000,0.0000,0.0075,0.0000,200,7.7754
0.0072,0.0000,0.0000,0.0000,0.0071,0.0000,200,7.7765
0.0073,0.0000,0.0000,0.0000,0.0073,0.0000,200,7.7763
0.0076,0.0000,0.0000,0.0000,0.0076,0.0001,200,7.7829
0.0074,0.0000,0.0000,0.0000,0.0073,0.0000,200,7.7836
0.0091,0.0000,0.0000,0.0000,0.0090,0.0001,200,7.7837
0.0102,0.0000,0.0000,0.0000,0.0102,0.0000,200,7.7827
0.0077,0.0000,0.0000,0.0000,0.0076,0.0001,200,7.7905
0.0078,0.0000,0.0000,0.0000,0.0077,0.0000,200,7.7910
0.0069,0.0000,0.0000,0.0000,0.0068,0.0001,200,7.7929
0.0076,0.0000,0.0000,0.0000,0.0076,0.0000,200,7.7928
0.0074,0.0000,0.0000,0.0000,0.0073,0.0001,200,7.7988
0.0065,0.0000,0.0000,0.0000,0.0065,0.0000,200,7.8005
0.0093,0.0000,0.0000,0.0000,0.0092,0.0000,200,7.7982
0.0099,0.0000,0.0000,0.0000,0.0098,0.0001,200,7.7998
0.0079,0.0000,0.0000,0.0000,0.0078,0.0001,200,7.8062
0.0068,0.0000,0.0000,0.0000,0.0068,0.0000,200,7.8075
0.0074,0.0000,0.0000,0.0000,0.0073,0.0000,200,7.8070
0.0077,0.0000,0.0000,0.0000,0.0075,0.0001,200,7.8097
0.0066,0.0000,0.0000,0.0000,0.0065,0.0001,200,7.8143
0.0069,0.0000,0.0000,0.0000,0.0068,0.0000,200,7.8142
0.0078,0.0000,0.0000,0.0000,0.0077,0.0001,200,7.8144
0.0068,0.0000,0.0000,0.0000,0.0068,0.0000,200,7.8174
0.0077,0.0000,0.0000,0.0000,0.0076,0.0001,200,7.8210
0.0099,0.0000,0.0000,0.0000,0.0099,0.0001,200,7.8209
0.0095,0.0000,0.0000,0.0000,0.0094,0.0000,200,7.8222
0.0078,0.0000,0.0000,0.0000,0.0073,0.0004,200,7.8242
0.0078,0.0000,0.0000,0.0000,0.0077,0.0001,200,7.8288
0.0080,0.0000,0.0000,0.0000,0.0079,0.0001,200,7.8309
0.0077,0.0000,0.0000,0.0000,0.0076,0.0000,200,7.8317
0.0075,0.0000,0.0000,0.0000,0.0074,0.0001,200,7.8320
0.0074,0.0000,0.0000,0.0000,0.0073,0.0001,200,7.8365
0.0074,0.0000,0.0000,0.0000,0.0072,0.0001,200,7.8389
0.0075,0.0000,0.0000,0.0000,0.0074,0.0001,200,7.8394
0.0095,0.0000,0.0000,0.0000,0.0094,0.0000,200,7.8395
0.0085,0.0000,0.0000,0.0000,0.0084,0.0001,200,7.8439
0.0068,0.0000,0.0000,0.0000,0.0067,0.0000,200,7.8463
0.0071,0.0000,0.0000,0.0000,0.0070,0.0000,200,7.8469
0.0076,0.0000,0.0000,0.0000,0.0075,0.0001,200,7.8490
0.0071,0.0000,0.0000,0.0000,0.0070,0.0001,200,7.8524
0.0073,0.0000,0.0000,0.0000,0.0072,0.0000,200,7.8531
0.0072,0.0000,0.0000,0.0000,0.0071,0.0001,200,7.8540
0.0077,0.0000,0.0000,0.0000,0.0076,0.0001,200,7.8565
0.0070,0.0000,0.0000,0.0000,0.0069,0.0001,200,7.8595
0.0072,0.0000,0.0000,0.0000,0.0071,0.0001,200,7.8603
0.0066,0.0000,0.0000,0.0000,0.0065,0.0000,200,7.8612
0.0068,0.0000,0.0000,0.0000,0.0067,0.0001,200,7.8642
0.0074,0.0000,0.0000,0.0000,0.0073,0.0001,200,7.8665
0.0065,0.0000,0.0000,0.0000,0.0064,0.0001,200,7.8675
0.0067,0.0000,0.0000,0.0000,0.0066,0.0000,200,7.8677
0.0071,0.0000,0.0000,0.0000,0.0070,0.0001,200,7.8710
0.0068,0.0000,0.0000,0.0000,0.0067,0.0000,200,7.8744
0.0074,0.0000,0.0000,0.0000,0.0073,0.0000,200,7.8740
0.0075,0.0000,0.0000,0.0000,0.0071,0.0004,200,7.8740
0.0073,0.0000,0.0000,0.0000,0.0072,0.0001,200,7.8782
0.0066,0.0000,0.0000,0.0000,0.0065,0.0001,200,7.8814
0.0074,0.0000,0.0000,0.0000,0.0074,0.0000,200,7.8814
0.0078,0.0000,0.0000,0.0000,0.0076,0.0002,200,7.8812
0.0070,0.0000,0.0000,0.0000,0.0069,0.0001,200,7.8854
0.0068,0.0000,0.0000,0.0000,0.0068,0.0000,200,7.8879
0.0074,0.0000,0.0000,0.0000,0.0071,0.0003,200,7.8889
0.0080,0.0000,0.0000,0.0000,0.0079,0.0000,200,7.8890
0.0067,0.0000,0.0000,0.0000,0.0066,0.0000,200,7.8924
0.0071,0.0000,0.0000,0.0000,0.0070,0.0001,200,7.8948
0.0067,0.0000,0.0000,0.0000,0.0066,0.0000,200,7.8963
0.0068,0.0000,0.0000,0.0000,0.0067,0.0000,200,7.8970
0.0071,0.0000,0.0000,0.0000,0.0070,0.0001,200,7.8992
0.0069,0.0000,0.0000,0.0000,0.0067,0.0001,200,7.9019
0.0066,0.0000,0.0000,0.0000,0.0065,0.0001,200,7.9037
0.0073,0.0000,0.0000,0.0000,0.0072,0.0001,200,7.9030
0.0067,0.0000,0.0000,0.0000,0.0066,0.0001,200,7.9063
0.0069,0.0000,0.0000,0.0000,0.0068,0.0001,200,7.9088
0.0069,0.0000,0.0000,0.0000,0.0068,0.0001,200,7.9103
0.0071,0.0000,0.0000,0.0000,0.0070,0.0000,200,7.9103
0.0070,0.0000,0.0000,0.0000,0.0069,0.0001,200,7.9130
0.0073,0.0000,0.0000,0.0000,0.0071,0.0001,200,7.9157
0.0072,0.0000,0.0000,0.0000,0.0071,0.0001,200,7.9172
0.0070,0.0000,0.0000,0.0000,0.0069,0.0000,200,7.9175
0.0068,0.0000,0.0000,0.0000,0.0067,0.0001,200,7.9200
0.0073,0.0000,0.0000,0.0000,0.0072,0.0001,200,7.9229
0.0069,0.0000,0.0000,0.0000,0.0068,0.0001,200,7.9244
0.0070,0.0000,0.0000,0.0000,0.0070,0.0000,200,7.9244
0.0085,0.0000,0.0000,0.0000,0.0081,0.0003,200,7.9268
0.0070,0.0000,0.0000,0.0000,0.0069,0.0001,200,7.9302
0.0069,0.0000,0.0000,0.0000,0.0068,0.0001,200,7.9313
0.0076,0.0000,0.0000,0.0000,0.0075,0.0000,200,7.9315
0.0068,0.0000,0.0000,0.0000,0.0067,0.0001,200,7.9353
0.0068,0.0000,0.0000,0.0000,0.0066,0.0001,200,7.9372
0.0066,0.0000,0.0000,0.0000,0.0065,0.0000,200,7.9383
0.0070,0.0000,0.0000,0.0000,0.0069,0.0001,200,7.9390
0.0071,0.0000,0.0000,0.0000,0.0070,0.0001,200,7.9421
0.0066,0.0000,0.0000,0.0000,0.0065,0.0001,200,7.9439
0.0076,0.0000,0.0000,0.0000,0.0075,0.0001,200,7.9449
0.0074,0.0000,0.0000,0.0000,0.0072,0.0000,200,7.9460
0.0069,0.0000,0.0000,0.0000,0.0067,0.0001,200,7.9492
0.0068,0.0000,0.0000,0.0000,0.0066,0.0001,200,7.9534
0.0103,0.0000,0.0000,0.0000,0.0102,0.0000,200,7.9505
0.0093,0.0000,0.0000,0.0000,0.0092,0.0001,200,7.9525
0.0067,0.0000,0.0000,0.0000,0.0066,0.0000,200,7.9561
0.0070,0.0000,0.0000,0.0000,0.0069,0.0001,200,7.9608
0.0067,0.0000,0.0000,0.0000,0.0066,0.0001,200,7.9618
0.0067,0.0000,0.0000,0.0000,0.0066,0.0000,200,7.9628
0.0109,0.0000,0.0000,0.0000,0.0106,0.0002,200,7.9602
0.0068,0.0000,0.0000,0.0000,0.0067,0.0001,200,7.9685
0.0081,0.0000,0.0000,0.0000,0.0080,0.0000,200,7.9678
0.0073,0.0000,0.0000,0.0000,0.0072,0.0001,200,7.9694
0.0069,0.0000,0.0000,0.0000,0.0068,0.0000,200,7.9710
0.0078,0.0000,0.0000,0.0000,0.0076,0.0001,200,7.9753
0.0073,0.0000,0.0000,0.0000,0.0072,0.0000,200,7.9759
0.0069,0.0000,0.0000,0.0000,0.0068,0.0001,200,7.9767
0.0071,0.0000,0.0000,0.0000,0.0070,0.0001,200,7.9779
0.0071,0.0000,0.0000,0.0000,0.0070,0.0001,200,7.9832
0.0069,0.0000,0.0000,0.0000,0.0068,0.0000,200,7.9836
0.0074,0.0000,0.0000,0.0000,0.0073,0.0000,200,7.9831
0.0067,0.0000,0.0000,0.0000,0.0066,0.0001,200,7.9850
0.0071,0.0000,0.0000,0.0000,0.0070,0.0001,200,7.9905
0.0073,0.0000,0.0000,0.0000,0.0072,0.0000,200,7.9905
0.0083,0.0000,0.0000,0.0000,0.0082,0.0001,200,7.9903
0.0070,0.0000,0.0000,0.0000,0.0069,0.0000,200,7.9917
0.0070,0.0000,0.0000,0.0000,0.0068,0.0001,200,7.9976
0.0074,0.0000,0.0000,0.0000,0.0072,0.0001,200,7.9978
0.0067,0.0000,0.0000,0.0000,0.0066,0.0000,200,7.9987
0.0068,0.0000,0.0000,0.0000,0.0067,0.0001,200,7.9987
0.0079,0.0000,0.0000,0.0000,0.0071,0.0008,200,8.0045
0.0072,0.0000,0.0000,0.0000,0.0071,0.0000,200,8.0053
0.0071,0.0000,0.0000,0.0000,0.0071,0.0000,200,8.0053
0.0078,0.0000,0.0000,0.0000,0.0074,0.0003,200,8.0055
0.0071,0.0000,0.0000,0.0000,0.0070,0.0001,200,8.0125
0.0071,0.0000,0.0000,0.0000,0.0070,0.0000,200,8.0124
0.0072,0.0000,0.0000,0.0000,0.0069,0.0002,200,8.0125
0.0079,0.0000,0.0000,0.0000,0.0078,0.0001,200,8.0133
0.0069,0.0000,0.0000,0.0000,0.0068,0.0001,200,8.0196
0.0069,0.0000,0.0000,0.0000,0.0068,0.0001,200,8.0196
0.0073,0.0000,0.0000,0.0000,0.0072,0.0000,200,8.0197
0.0070,0.0000,0.0000,0.0000,0.0069,0.0000,200,8.0211
0.0067,0.0000,0.0000,0.0000,0.0066,0.0001,200,8.0269
0.0066,0.0000,0.0000,0.0000,0.0065,0.0001,200,8.0282
0.0085,0.0000,0.0000,0.0000,0.0084,0.0000,200,8.0264
0.0087,0.0000,0.0000,0.0000,0.0086,0.0000,200,8.0265
0.0082,0.0000,0.0000,0.0000,0.0072,0.0009,200,8.0336
0.0070,0.0000,0.0000,0.0000,0.0070,0.0000,200,8.0349
0.0078,0.0000,0.0000,0.0000,0.0066,0.0012,200,8.0348
0.0087,0.0000,0.0000,0.0000,0.0086,0.0001,200,8.0352
0.0070,0.0000,0.0000,0.0000,0.0069,0.0001,200,8.0420
0.0077,0.0000,0.0000,0.0000,0.0076,0.0001,200,8.0418
0.0078,0.0000,0.0000,0.0000,0.0077,0.0001,200,8.0426
0.0071,0.0000,0.0000,0.0000,0.0070,0.0000,200,8.0438
0.0072,0.0000,0.0000,0.0000,0.0070,0.0001,200,8.0490
0.0067,0.0000,0.0000,0.0000,0.0066,0.0000,200,8.0495
0.0073,0.0000,0.0000,0.0000,0.0072,0.0001,200,8.0510
0.0081,0.0000,0.0000,0.0000,0.0081,0.0000,200,8.0504
0.0067,0.0000,0.0000,0.0000,0.0066,0.0000,200,8.0562
0.0068,0.0000,0.0000,0.0000,0.0067,0.0000,200,8.0562
0.0068,0.0000,0.0000,0.0000,0.0067,0.0001,200,8.0586
0.0075,0.0000,0.0000,0.0000,0.0074,0.0001,200,8.0582
0.0068,0.0000,0.0000,0.0000,0.0067,0.0001,200,8.0630
0.0069,0.0000,0.0000,0.0000,0.0068,0.0001,200,8.0629
0.0066,0.0000,0.0000,0.0000,0.0066,0.0001,200,8.0657
0.0071,0.0000,0.0000,0.0000,0.0070,0.0000,200,8.0654
0.0070,0.0000,0.0000,0.0000,0.0069,0.0001,200,8.0697
0.0071,0.0000,0.0000,0.0000,0.0071,0.0000,200,8.0698
0.0067,0.0000,0.0000,0.0000,0.0066,0.0001,200,8.0723
0.0067,0.0000,0.0000,0.0000,0.0067,0.0000,200,8.0725
0.0068,0.0000,0.0000,0.0000,0.0067,0.0001,200,8.0769
0.0070,0.0000,0.0000,0.0000,0.0069,0.0000,200,8.0768
0.0069,0.0000,0.0000,0.0000,0.0069,0.0001,200,8.0792
0.0081,0.0000,0.0000,0.0000,0.0080,0.0001,200,8.0791
0.0069,0.0000,0.0000,0.0000,0.0068,0.0000,200,8.0838
0.0071,0.0000,0.0000,0.0000,0.0070,0.0000,200,8.0837
0.0070,0.0000,0.0000,0.0000,0.0069,0.0001,200,8.0862
0.0067,0.0000,0.0000,0.0000,0.0066,0.0001,200,8.0872
0.0067,0.0000,0.0000,0.0000,0.0066,0.0001,200,8.0907
0.0067,0.0000,0.0000,0.0000,0.0066,0.0000,200,8.0908
0.0071,0.0000,0.0000,0.0000,0.0070,0.0001,200,8.0931
0.0072,0.0000,0.0000,0.0000,0.0071,0.0000,200,8.0939
0.0070,0.0000,0.0000,0.0000,0.0069,0.0001,200,8.0975
0.0071,0.0000,0.0000,0.0000,0.0070,0.0000,200,8.0974
0.0070,0.0000,0.0000,0.0000,0.0068,0.0001,200,8.1002
0.0068,0.0000,0.0000,0.0000,0.0068,0.0001,200,8.1011
0.0070,0.0000,0.0000,0.0000,0.0069,0.0001,200,8.1044
0.0071,0.0000,0.0000,0.0000,0.0070,0.0000,200,8.1045
0.0076,0.0000,0.0000,0.0000,0.0071,0.0004,200,8.1072
0.0068,0.0000,0.0000,0.0000,0.0067,0.0000,200,8.1080
0.0072,0.0000,0.0000,0.0000,0.0072,0.0000,200,8.1116
0.0077,0.0000,0.0000,0.0000,0.0072,0.0005,200,8.1114
0.0072,0.0000,0.0000,0.0000,0.0069,0.0001,200,8.1149
0.0074,0.0000,0.0000,0.0000,0.0072,0.0001,200,8.1148
0.0071,0.0000,0.0000,0.0000,0.0069,0.0001,200,8.1191
0.0081,0.0000,0.0000,0.0000,0.0080,0.0001,200,8.1188
0.0066,0.0000,0.0000,0.0000,0.0065,0.0001,200,8.1222
0.0067,0.0000,0.0000,0.0000,0.0066,0.0000,200,8.1222
0.0070,0.0000,0.0000,0.0001,0.0067,0.0001,200,8.1262
0.0066,0.0000,0.0000,0.0000,0.0065,0.0000,200,8.1269
0.0066,0.0000,0.0000,0.0000,0.0065,0.0001,200,8.1289
0.0067,0.0000,0.0000,0.0000,0.0066,0.0001,200,8.1288
0.0069,0.0000,0.0000,0.0000,0.0068,0.0001,200,8.1332
0.0066,0.0000,0.0000,0.0000,0.0065,0.0001,200,8.1354
0.0069,0.0000,0.0000,0.0000,0.0068,0.0000,200,8.1354
0.0097,0.0000,0.0000,0.0000,0.0096,0.0000,200,8.1335
0.0078,0.0000,0.0000,0.0000,0.0077,0.0001,200,8.1402
0.0067,0.0000,0.0000,0.0000,0.0066,0.0000,200,8.1423
0.0070,0.0000,0.0000,0.0000,0.0069,0.0001,200,8.1420
0.0073,0.0000,0.0000,0.0000,0.0072,0.0001,200,8.1432
0.0071,0.0000,0.0000,0.0000,0.0070,0.0001,200,8.1480
0.0064,0.0000,0.0000,0.0000,0.0063,0.0000,200,8.1491
0.0066,0.0000,0.0000,0.0000,0.0065,0.0000,200,8.1491
0.0069,0.0000,0.0000,0.0000,0.0068,0.0001,200,8.1505
0.0065,0.0000,0.0000,0.0000,0.0064,0.0000,200,8.1555
0.0069,0.0000,0.0000,0.0000,0.0068,0.0000,200,8.1551
0.0069,0.0000,0.0000,0.0000,0.0068,0.0000,200,8.1556
0.0065,0.0000,0.0000,0.0000,0.0065,0.0001,200,8.1574
0.0068,0.0000,0.0000,0.0000,0.0067,0.0001,200,8.1620
0.0068,0.0000,0.0000,0.0000,0.0067,0.0001,200,8.1620
0.0063,0.0000,0.0000,0.0000,0.0063,0.0000,200,8.1625
0.0064,0.0000,0.0000,0.0000,0.0063,0.0001,200,8.1639
0.0067,0.0000,0.0000,0.0000,0.0066,0.0001,200,8.1688
0.0068,0.0000,0.0000,0.0000,0.0067,0.0000,200,8.1688
0.0064,0.0000,0.0000,0.0000,0.0063,0.0000,200,8.1703
0.0080,0.0000,0.0000,0.0000,0.0078,0.0002,200,8.1689
0.0076,0.0000,0.0000,0.0000,0.0076,0.0001,200,8.1756
0.0078,0.0000,0.0000,0.0000,0.0077,0.0001,200,8.1754
0.0066,0.0000,0.0000,0.0000,0.0066,0.0000,200,8.1767
0.0073,0.0000,0.0000,0.0000,0.0072,0.0000,200,8.1768
0.0067,0.0000,0.0000,0.0000,0.0067,0.0000,200,8.1833
0.0068,0.0000,0.0000,0.0000,0.0067,0.0001,200,8.1832
0.0071,0.0000,0.0000,0.0000,0.0070,0.0000,200,8.1832
0.0076,0.0000,0.0000,0.0000,0.0075,0.0001,200,8.1841
0.0067,0.0000,0.0000,0.0000,0.0066,0.0001,200,8.1901
0.0068,0.0000,0.0000,0.0000,0.0067,0.0000,200,8.1901
0.0073,0.0000,0.0000,0.0000,0.0072,0.0000,200,8.1903
0.0064,0.0000,0.0000,0.0000,0.0063,0.0000,200,8.1918
0.0064,0.0000,0.0000,0.0000,0.0063,0.0000,200,8.1967
0.0063,0.0000,0.0000,0.0000,0.0063,0.0000,200,8.1968
0.0063,0.0000,0.0000,0.0000,0.0063,0.0000,200,8.1976
0.0061,0.0000,0.0000,0.0000,0.0061,0.0000,200,8.1982
0.0064,0.0000,0.0000,0.0000,0.0063,0.0001,200,8.2032
0.0064,0.0000,0.0000,0.0000,0.0063,0.0000,200,8.2039
0.0071,0.0000,0.0000,0.0000,0.0071,0.0000,200,8.2032
0.0063,0.0000,0.0000,0.0000,0.0062,0.0000,200,8.2043
0.0067,0.0000,0.0000,0.0000,0.0066,0.0000,200,8.2096
0.0063,0.0000,0.0000,0.0000,0.0063,0.0001,200,8.2103
0.0064,0.0000,0.0000,0.0000,0.0063,0.0000,200,8.2103
0.0070,0.0000,0.0000,0.0000,0.0070,0.0000,200,8.2106
0.0069,0.0000,0.0000,0.0000,0.0068,0.0001,200,8.2162
0.0069,0.0000,0.0000,0.0000,0.0068,0.0000,200,8.2166
0.0069,0.0000,0.0000,0.0000,0.0068,0.0000,200,8.2167
0.0071,0.0000,0.0000,0.0000,0.0070,0.0001,200,8.2176
0.0071,0.0000,0.0000,0.0000,0.0069,0.0001,200,8.2232
0.0075,0.0000,0.0000,0.0000,0.0074,0.0000,200,8.2236
0.0077,0.0000,0.0000,0.0000,0.0076,0.0000,200,8.2235
0.0071,0.0000,0.0000,0.0000,0.0070,0.0001,200,8.2247
0.0068,0.0000,0.0000,0.0000,0.0067,0.0001,200,8.2312
0.0069,0.0000,0.0000,0.0000,0.0068,0.0001,200,8.2310
0.0078,0.0000,0.0000,0.0000,0.0078,0.0000,200,8.2302
0.0074,0.0000,0.0000,0.0002,0.0071,0.0001,200,8.2318
0.0071,0.0000,0.0000,0.0000,0.0070,0.0001,200,8.2380
0.0073,0.0000,0.0000,0.0000,0.0071,0.0001,200,8.2381
0.0077,0.0000,0.0000,0.0000,0.0076,0.0000,200,8.2380
0.0074,0.0000,0.0000,0.0000,0.0073,0.0000,200,8.2392
0.0073,0.0000,0.0000,0.0000,0.0072,0.0001,200,8.2453
0.0077,0.0000,0.0000,0.0000,0.0077,0.0000,200,8.2451
0.0073,0.0000,0.0000,0.0000,0.0072,0.0000,200,8.2456
0.0084,0.0000,0.0000,0.0000,0.0083,0.0001,200,8.2466
0.0069,0.0000,0.0000,0.0000,0.0068,0.0001,200,8.2526
0.0072,0.0000,0.0000,0.0000,0.0071,0.0000,200,8.2528
0.0077,0.0000,0.0000,0.0000,0.0076,0.0000,200,8.2529
0.0069,0.0000,0.0000,0.0000,0.0068,0.0001,200,8.2550
0.0074,0.0000,0.0000,0.0000,0.0073,0.0001,200,8.2595
0.0070,0.0000,0.0000,0.0000,0.0070,0.0000,200,8.2601
0.0069,0.0000,0.0000,0.0000,0.0068,0.0000,200,8.2606
0.0073,0.0000,0.0000,0.0000,0.0072,0.0001,200,8.2620
0.0069,0.0000,0.0000,0.0000,0.0068,0.0000,200,8.2671
0.0072,0.0000,0.0000,0.0000,0.0069,0.0002,200,8.2670
0.0074,0.0000,0.0000,0.0005,0.0068,0.0001,200,8.2675
0.0067,0.0000,0.0000,0.0000,0.0066,0.0001,200,8.2693
0.0075,0.0000,0.0000,0.0000,0.0074,0.0001,200,8.2740
0.0076,0.0000,0.0000,0.0000,0.0075,0.0000,200,8.2741
0.0071,0.0000,0.0000,0.0000,0.0070,0.0000,200,8.2749
0.0065,0.0000,0.0000,0.0000,0.0064,0.0000,200,8.2760
0.0070,0.0000,0.0000,0.0000,0.0069,0.0001,200,8.2817
0.0073,0.0000,0.0000,0.0000,0.0071,0.0001,200,8.2815
0.0079,0.0000,0.0000,0.0000,0.0078,0.0001,200,8.2820
0.0075,0.0000,0.0000,0.0000,0.0074,0.0000,200,8.2824
0.0070,0.0000,0.0000,0.0000,0.0069,0.0001,200,8.2887
0.0070,0.0000,0.0000,0.0000,0.0069,0.0001,200,8.2888
0.0070,0.0000,0.0000,0.0000,0.0069,0.0001,200,8.2899
0.0071,0.0000,0.0000,0.0000,0.0070,0.0000,200,8.2899
0.0070,0.0000,0.0000,0.0000,0.0069,0.0001,200,8.2969
0.0082,0.0000,0.0000,0.0000,0.0081,0.0001,200,8.2958
0.0082,0.0000,0.0000,0.0000,0.0081,0.0000,200,8.2958
0.0075,0.0000,0.0000,0.0000,0.0074,0.0000,200,8.2970
0.0074,0.0000,0.0000,0.0000,0.0073,0.0001,200,8.3040
0.0075,0.0000,0.0000,0.0000,0.0073,0.0000,200,8.3039
0.0075,0.0000,0.0000,0.0000,0.0074,0.0000,200,8.3039
0.0073,0.0000,0.0000,0.0000,0.0072,0.0001,200,8.3045
0.0078,0.0000,0.0000,0.0000,0.0077,0.0001,200,8.3114
0.0079,0.0000,0.0000,0.0000,0.0078,0.0000,200,8.3114
0.0085,0.0000,0.0000,0.0000,0.0084,0.0001,200,8.3118
0.0091,0.0000,0.0000,0.0000,0.0090,0.0000,200,8.3114
0.0076,0.0000,0.0000,0.0000,0.0074,0.0001,200,8.3192
0.0091,0.0000,0.0000,0.0000,0.0090,0.0001,200,8.3193
0.0079,0.0000,0.0000,0.0000,0.0077,0.0000,200,8.3205
0.0082,0.0000,0.0000,0.0000,0.0081,0.0000,200,8.3203
0.0075,0.0000,0.0000,0.0000,0.0074,0.0001,200,8.3269
0.0072,0.0000,0.0000,0.0000,0.0071,0.0001,200,8.3283
0.0075,0.0000,0.0000,0.0000,0.0074,0.0001,200,8.3284
0.0076,0.0000,0.0000,0.0000,0.0075,0.0000,200,8.3285
0.0081,0.0000,0.0000,0.0000,0.0079,0.0001,200,8.3344
0.0071,0.0000,0.0000,0.0000,0.0071,0.0001,200,8.3359
0.0116,0.0000,0.0000,0.0000,0.0114,0.0001,200,8.3356
0.0116,0.0000,0.0000,0.0000,0.0115,0.0001,200,8.3361
0.0073,0.0000,0.0000,0.0000,0.0072,0.0001,200,8.3424
0.0100,0.0000,0.0000,0.0000,0.0099,0.0001,200,8.3430
0.0072,0.0000,0.0000,0.0000,0.0070,0.0000,200,8.3471
0.0076,0.0000,0.0000,0.0000,0.0075,0.0000,200,8.3476
0.0080,0.0000,0.0000,0.0000,0.0079,0.0001,200,8.3497
0.0065,0.0000,0.0000,0.0000,0.0064,0.0000,200,8.3531
0.0064,0.0000,0.0000,0.0000,0.0063,0.0000,200,8.3543
0.0063,0.0000,0.0000,0.0000,0.0062,0.0000,200,8.3553
0.0066,0.0000,0.0000,0.0000,0.0065,0.0001,200,8.3578
0.0063,0.0000,0.0000,0.0000,0.0062,0.0000,200,8.3595
0.0063,0.0000,0.0000,0.0000,0.0063,0.0000,200,8.3607
0.0067,0.0000,0.0000,0.0000,0.0067,0.0001,200,8.3616
0.0065,0.0000,0.0000,0.0000,0.0064,0.0001,200,8.3644
0.0064,0.0000,0.0000,0.0000,0.0063,0.0000,200,8.3658
0.0064,0.0000,0.0000,0.0000,0.0063,0.0000,200,8.3670
0.0063,0.0000,0.0000,0.0000,0.0062,0.0000,200,8.3683
0.0065,0.0000,0.0000,0.0000,0.0064,0.0001,200,8.3709
0.0063,0.0000,0.0000,0.0000,0.0063,0.0000,200,8.3722
0.0065,0.0000,0.0000,0.0000,0.0064,0.0001,200,8.3734
0.0067,0.0000,0.0000,0.0000,0.0066,0.0000,200,8.3746
0.0064,0.0000,0.0000,0.0000,0.0064,0.0000,200,8.3773
0.0062,0.0000,0.0000,0.0000,0.0062,0.0001,200,8.3785
0.0066,0.0000,0.0000,0.0000,0.0065,0.0000,200,8.3798
0.0064,0.0000,0.0000,0.0000,0.0063,0.0000,200,8.3813
0.0065,0.0000,0.0000,0.0000,0.0064,0.0001,200,8.3838
0.0063,0.0000,0.0000,0.0000,0.0062,0.0000,200,8.3848
0.0066,0.0000,0.0000,0.0000,0.0065,0.0000,200,8.3864
0.0063,0.0000,0.0000,0.0000,0.0062,0.0000,200,8.3877
0.0067,0.0000,0.0000,0.0000,0.0066,0.0001,200,8.3903
0.0063,0.0000,0.0000,0.0000,0.0062,0.0000,200,8.3911
0.0065,0.0000,0.0000,0.0000,0.0063,0.0001,200,8.3930
0.0065,0.0000,0.0000,0.0000,0.0064,0.0000,200,8.3940
0.0067,0.0000,0.0000,0.0000,0.0066,0.0001,200,8.3970
0.0063,0.0000,0.0000,0.0000,0.0062,0.0000,200,8.3974
0.0074,0.0000,0.0000,0.0000,0.0073,0.0001,200,8.3995
0.0064,0.0000,0.0000,0.0000,0.0064,0.0000,200,8.4005
0.0064,0.0000,0.0000,0.0000,0.0064,0.0001,200,8.4037
0.0065,0.0000,0.0000,0.0000,0.0064,0.0000,200,8.4036
0.0066,0.0000,0.0000,0.0000,0.0065,0.0001,200,8.4069
0.0066,0.0000,0.0000,0.0000,0.0065,0.0000,200,8.4069
0.0064,0.0000,0.0000,0.0000,0.0063,0.0001,200,8.4102
0.0065,0.0000,0.0000,0.0000,0.0064,0.0000,200,8.4101
0.0065,0.0000,0.0000,0.0000,0.0064,0.0001,200,8.4135
0.0066,0.0000,0.0000,0.0000,0.0065,0.0000,200,8.4135
0.0064,0.0000,0.0000,0.0000,0.0063,0.0001,200,8.4166
0.0065,0.0000,0.0000,0.0000,0.0064,0.0000,200,8.4166
0.0065,0.0000,0.0000,0.0000,0.0065,0.0001,200,8.4199
0.0064,0.0000,0.0000,0.0000,0.0063,0.0001,200,8.4201
0.0066,0.0000,0.0000,0.0000,0.0065,0.0001,200,8.4231
0.0066,0.0000,0.0000,0.0000,0.0066,0.0000,200,8.4230
0.0066,0.0000,0.0000,0.0000,0.0065,0.0001,200,8.4265
0.0066,0.0000,0.0000,0.0000,0.0066,0.0000,200,8.4265
0.0064,0.0000,0.0000,0.0000,0.0063,0.0000,200,8.4297
0.0064,0.0000,0.0000,0.0000,0.0063,0.0000,200,8.4296
0.0067,0.0000,0.0000,0.0000,0.0066,0.0001,200,8.4331
0.0068,0.0000,0.0000,0.0000,0.0068,0.0000,200,8.4331
0.0064,0.0000,0.0000,0.0000,0.0063,0.0001,200,8.4361
0.0066,0.0000,0.0000,0.0000,0.0065,0.0000,200,8.4360
0.0064,0.0000,0.0000,0.0000,0.0063,0.0001,200,8.4400
0.0065,0.0000,0.0000,0.0000,0.0065,0.0000,200,8.4398
0.0064,0.0000,0.0000,0.0000,0.0064,0.0000,200,8.4425
0.0063,0.0000,0.0000,0.0000,0.0063,0.0000,200,8.4426
0.0066,0.0000,0.0000,0.0000,0.0065,0.0001,200,8.4463
0.0066,0.0000,0.0000,0.0000,0.0066,0.0000,200,8.4463
0.0066,0.0000,0.0000,0.0000,0.0065,0.0001,200,8.4489
0.0066,0.0000,0.0000,0.0000,0.0065,0.0000,200,8.4489
0.0066,0.0000,0.0000,0.0000,0.0065,0.0001,200,8.4530
0.0068,0.0000,0.0000,0.0000,0.0067,0.0000,200,8.4529
0.0065,0.0000,0.0000,0.0000,0.0063,0.0001,200,8.4555
0.0066,0.0000,0.0000,0.0000,0.0065,0.0000,200,8.4555
0.0067,0.0000,0.0000,0.0000,0.0066,0.0001,200,8.4596
0.0066,0.0000,0.0000,0.0000,0.0065,0.0000,200,8.4597
0.0064,0.0000,0.0000,0.0000,0.0063,0.0001,200,8.4621
0.0066,0.0000,0.0000,0.0000,0.0064,0.0002,200,8.4620
0.0066,0.0000,0.0000,0.0000,0.0066,0.0001,200,8.4663
0.0067,0.0000,0.0000,0.0000,0.0066,0.0000,200,8.4663
0.0064,0.0000,0.0000,0.0000,0.0063,0.0001,200,8.4685
0.0063,0.0000,0.0000,0.0000,0.0063,0.0000,200,8.4686
0.0067,0.0000,0.0000,0.0000,0.0066,0.0001,200,8.4729
0.0067,0.0000,0.0000,0.0000,0.0066,0.0000,200,8.4730
0.0065,0.0000,0.0000,0.0000,0.0064,0.0001,200,8.4750
0.0067,0.0000,0.0000,0.0000,0.0066,0.0001,200,8.4749
0.0066,0.0000,0.0000,0.0000,0.0065,0.0001,200,8.4796
0.0069,0.0000,0.0000,0.0000,0.0068,0.0000,200,8.4796
0.0065,0.0000,0.0000,0.0000,0.0064,0.0001,200,8.4816
0.0068,0.0000,0.0000,0.0000,0.0067,0.0000,200,8.4815
0.0067,0.0000,0.0000,0.0000,0.0066,0.0000,200,8.4863
0.0064,0.0000,0.0000,0.0000,0.0063,0.0000,200,8.4865
0.0063,0.0000,0.0000,0.0000,0.0063,0.0001,200,8.4882
0.0073,0.0000,0.0000,0.0000,0.0072,0.0000,200,8.4881
0.0066,0.0000,0.0000,0.0000,0.0065,0.0001,200,8.4929
0.0066,0.0000,0.0000,0.0000,0.0066,0.0000,200,8.4929
0.0066,0.0000,0.0000,0.0000,0.0064,0.0001,200,8.4946
0.0067,0.0000,0.0000,0.0000,0.0066,0.0000,200,8.4953
0.0067,0.0000,0.0000,0.0000,0.0066,0.0001,200,8.4996
0.0067,0.0000,0.0000,0.0000,0.0066,0.0000,200,8.4995
0.0064,0.0000,0.0000,0.0000,0.0063,0.0000,200,8.5011
0.0063,0.0000,0.0000,0.0000,0.0062,0.0000,200,8.5020
0.0068,0.0000,0.0000,0.0000,0.0067,0.0001,200,8.5062
0.0068,0.0000,0.0000,0.0000,0.0068,0.0000,200,8.5062
0.0065,0.0000,0.0000,0.0000,0.0064,0.0000,200,8.5075
0.0073,0.0000,0.0000,0.0000,0.0072,0.0001,200,8.5084
0.0066,0.0000,0.0000,0.0000,0.0065,0.0001,200,8.5130
0.0067,0.0000,0.0000,0.0000,0.0066,0.0000,200,8.5131
0.0069,0.0000,0.0000,0.0000,0.0068,0.0001,200,8.5140
0.0065,0.0000,0.0000,0.0000,0.0064,0.0001,200,8.5156
0.0066,0.0000,0.0000,0.0000,0.0065,0.0001,200,8.5197
0.0068,0.0000,0.0000,0.0000,0.0067,0.0000,200,8.5196
0.0066,0.0000,0.0000,0.0000,0.0065,0.0001,200,8.5209
0.0065,0.0000,0.0000,0.0000,0.0064,0.0000,200,8.5221
0.0066,0.0000,0.0000,0.0000,0.0066,0.0000,200,8.5264
0.0067,0.0000,0.0000,0.0000,0.0066,0.0000,200,8.5263
0.0064,0.0000,0.0000,0.0000,0.0064,0.0000,200,8.5275
0.0064,0.0000,0.0000,0.0000,0.0063,0.0000,200,8.5286
0.0067,0.0000,0.0000,0.0000,0.0067,0.0001,200,8.5330
0.0067,0.0000,0.0000,0.0000,0.0066,0.0001,200,8.5330
0.0065,0.0000,0.0000,0.0000,0.0065,0.0000,200,8.5340
0.0065,0.0000,0.0000,0.0000,0.0064,0.0001,200,8.5350
0.0066,0.0000,0.0000,0.0000,0.0065,0.0001,200,8.5398
0.0064,0.0000,0.0000,0.0000,0.0064,0.0000,200,8.5405
0.0073,0.0000,0.0000,0.0000,0.0072,0.0000,200,8.5398
0.0065,0.0000,0.0000,0.0000,0.0064,0.0000,200,8.5415
0.0069,0.0000,0.0000,0.0000,0.0068,0.0001,200,8.5463
0.0065,0.0000,0.0000,0.0000,0.0064,0.0000,200,8.5469
0.0065,0.0000,0.0000,0.0000,0.0064,0.0000,200,8.5470
0.0065,0.0000,0.0000,0.0000,0.0064,0.0000,200,8.5479
0.0066,0.0000,0.0000,0.0000,0.0065,0.0001,200,8.5532
0.0066,0.0000,0.0000,0.0000,0.0065,0.0001,200,8.5534
0.0066,0.0000,0.0000,0.0000,0.0066,0.0000,200,8.5535
0.0068,0.0000,0.0000,0.0000,0.0067,0.0000,200,8.5545
0.0068,0.0000,0.0000,0.0000,0.0067,0.0000,200,8.5601
0.0071,0.0000,0.0000,0.0000,0.0070,0.0001,200,8.5598
0.0071,0.0000,0.0000,0.0000,0.0070,0.0001,200,8.5601
0.0066,0.0000,0.0000,0.0000,0.0064,0.0001,200,8.5612
0.0068,0.0000,0.0000,0.0000,0.0067,0.0001,200,8.5669
0.0068,0.0000,0.0000,0.0000,0.0067,0.0001,200,8.5669
0.0067,0.0000,0.0000,0.0000,0.0067,0.0000,200,8.5673
0.0070,0.0000,0.0000,0.0000,0.0069,0.0000,200,8.5678
0.0069,0.0000,0.0000,0.0000,0.0068,0.0001,200,8.5736
0.0069,0.0000,0.0000,0.0001,0.0067,0.0001,200,8.5737
0.0069,0.0000,0.0000,0.0000,0.0069,0.0000,200,8.5740
0.0067,0.0000,0.0000,0.0000,0.0066,0.0000,200,8.5748
0.0068,0.0000,0.0000,0.0000,0.0067,0.0001,200,8.5805
0.0066,0.0000,0.0000,0.0000,0.0065,0.0000,200,8.5809
0.0071,0.0000,0.0000,0.0000,0.0071,0.0000,200,8.5805
0.0065,0.0000,0.0000,0.0000,0.0064,0.0000,200,8.5815
0.0069,0.0000,0.0000,0.0000,0.0068,0.0001,200,8.5874
0.0067,0.0000,0.0000,0.0000,0.0066,0.0001,200,8.5876
0.0066,0.0000,0.0000,0.0000,0.0066,0.0000,200,8.5880
0.0071,0.0000,0.0000,0.0000,0.0071,0.0000,200,8.5875
0.0068,0.0000,0.0000,0.0000,0.0067,0.0001,200,8.5943
0.0069,0.0000,0.0000,0.0000,0.0068,0.0000,200,8.5943
0.0073,0.0000,0.0000,0.0000,0.0072,0.0001,200,8.5947
0.0074,0.0000,0.0000,0.0000,0.0073,0.0000,200,8.5947
0.0069,0.0000,0.0000,0.0000,0.0068,0.0001,200,8.6011
0.0069,0.0000,0.0000,0.0000,0.0068,0.0001,200,8.6012
0.0063,0.0000,0.0000,0.0000,0.0063,0.0000,200,8.6020
0.0066,0.0000,0.0000,0.0000,0.0065,0.0000,200,8.6020
0.0069,0.0000,0.0000,0.0000,0.0067,0.0001,200,8.6080
0.0069,0.0000,0.0000,0.0000,0.0068,0.0000,200,8.6080
0.0067,0.0000,0.0000,0.0000,0.0066,0.0000,200,8.6084
0.0068,0.0000,0.0000,0.0000,0.0067,0.0000,200,8.6086
0.0067,0.0000,0.0000,0.0000,0.0066,0.0001,200,8.6151
0.0069,0.0000,0.0000,0.0000,0.0068,0.0001,200,8.6149
0.0070,0.0000,0.0000,0.0000,0.0069,0.0000,200,8.6149
0.0071,0.0000,0.0000,0.0000,0.0070,0.0000,200,8.6154
0.0068,0.0000,0.0000,0.0000,0.0067,0.0001,200,8.6218
0.0069,0.0000,0.0000,0.0000,0.0069,0.0000,200,8.6219
0.0071,0.0000,0.0000,0.0000,0.0070,0.0001,200,8.6218
0.0070,0.0000,0.0000,0.0000,0.0069,0.0000,200,8.6225
0.0069,0.0000,0.0000,0.0000,0.0068,0.0001,200,8.6286
0.0067,0.0000,0.0000,0.0000,0.0067,0.0000,200,8.6288
0.0068,0.0000,0.0000,0.0000,0.0067,0.0000,200,8.6289
0.0070,0.0000,0.0000,0.0000,0.0068,0.0001,200,8.6295
0.0068,0.0000,0.0000,0.0000,0.0067,0.0001,200,8.6355
0.0070,0.0000,0.0000,0.0000,0.0070,0.0000,200,8.6357
0.0073,0.0000,0.0000,0.0000,0.0072,0.0001,200,8.6355
0.0066,0.0000,0.0000,0.0000,0.0065,0.0000,200,8.6364
0.0066,0.0000,0.0000,0.0000,0.0065,0.0001,200,8.6427
0.0070,0.0000,0.0000,0.0000,0.0068,0.0001,200,8.6424
0.0066,0.0000,0.0000,0.0000,0.0066,0.0000,200,8.6427
0.0072,0.0000,0.0000,0.0000,0.0071,0.0001,200,8.6430
0.0072,0.0000,0.0000,0.0000,0.0071,0.0001,200,8.6494
0.0073,0.0000,0.0000,0.0000,0.0072,0.0000,200,8.6493
0.0073,0.0000,0.0000,0.0000,0.0072,0.0000,200,8.6494
0.0068,0.0000,0.0000,0.0000,0.0067,0.0000,200,8.6502
0.0069,0.0000,0.0000,0.0000,0.0068,0.0001,200,8.6566
0.0070,0.0000,0.0000,0.0000,0.0069,0.0000,200,8.6566
0.0072,0.0000,0.0000,0.0000,0.0071,0.0000,200,8.6570
0.0076,0.0000,0.0000,0.0000,0.0076,0.0000,200,8.6566
0.0066,0.0000,0.0000,0.0000,0.0066,0.0000,200,8.6636
0.0067,0.0000,0.0000,0.0000,0.0067,0.0000,200,8.6634
0.0072,0.0000,0.0000,0.0000,0.0071,0.0000,200,8.6641
0.0070,0.0000,0.0000,0.0000,0.0070,0.0000,200,8.6643
0.0069,0.0000,0.0000,0.0000,0.0068,0.0001,200,8.6702
0.0069,0.0000,0.0000,0.0000,0.0068,0.0001,200,8.6702
0.0066,0.0000,0.0000,0.0000,0.0065,0.0000,200,8.6713
0.0066,0.0000,0.0000,0.0000,0.0065,0.0000,200,8.6713
0.0066,0.0000,0.0000,0.0000,0.0065,0.0001,200,8.6771
0.0066,0.0000,0.0000,0.0000,0.0066,0.0000,200,8.6771
0.0065,0.0000,0.0000,0.0000,0.0064,0.0000,200,8.6779
0.0066,0.0000,0.0000,0.0000,0.0065,0.0000,200,8.6779
0.0064,0.0000,0.0000,0.0000,0.0063,0.0001,200,8.6843
0.0070,0.0000,0.0000,0.0000,0.0069,0.0000,200,8.6837
0.0070,0.0000,0.0000,0.0000,0.0070,0.0000,200,8.6837
0.0076,0.0000,0.0000,0.0000,0.0075,0.0000,200,8.6844
0.0068,0.0000,0.0000,0.0000,0.0067,0.0001,200,8.6908
0.0069,0.0000,0.0000,0.0000,0.0068,0.0000,200,8.6907
0.0074,0.0000,0.0000,0.0000,0.0074,0.0000,200,8.6907
0.0065,0.0000,0.0000,0.0000,0.0064,0.0000,200,8.6921
0.0068,0.0000,0.0000,0.0000,0.0067,0.0001,200,8.6975
0.0069,0.0000,0.0000,0.0000,0.0068,0.0000,200,8.6975
0.0066,0.0000,0.0000,0.0000,0.0064,0.0002,200,8.6982
0.0063,0.0000,0.0000,0.0000,0.0062,0.0000,200,8.6986
0.0068,0.0000,0.0000,0.0000,0.0067,0.0001,200,8.7044
0.0070,0.0000,0.0000,0.0000,0.0069,0.0000,200,8.7043
0.0067,0.0000,0.0000,0.0001,0.0066,0.0000,200,8.7048
0.0073,0.0000,0.0000,0.0000,0.0069,0.0004,200,8.7049
0.0068,0.0000,0.0000,0.0000,0.0067,0.0001,200,8.7113
0.0068,0.0000,0.0000,0.0000,0.0067,0.0000,200,8.7113
0.0066,0.0000,0.0000,0.0000,0.0066,0.0000,200,8.7115
0.0070,0.0000,0.0000,0.0000,0.0069,0.0001,200,8.7122
0.0068,0.0000,0.0000,0.0000,0.0067,0.0001,200,8.7181
0.0067,0.0000,0.0000,0.0000,0.0067,0.0000,200,8.7182
0.0074,0.0000,0.0000,0.0000,0.0073,0.0001,200,8.7181
0.0065,0.0000,0.0000,0.0000,0.0065,0.0000,200,8.7192
0.0067,0.0000,0.0000,0.0000,0.0066,0.0001,200,8.7249
0.0069,0.0000,0.0000,0.0000,0.0068,0.0001,200,8.7249
0.0065,0.0000,0.0000,0.0000,0.0064,0.0001,200,8.7255
0.0062,0.0000,0.0000,0.0000,0.0062,0.0000,200,8.7258
0.0065,0.0000,0.0000,0.0000,0.0064,0.0001,200,8.7320
0.0067,0.0000,0.0000,0.0000,0.0066,0.0001,200,8.7318
0.0073,0.0000,0.0000,0.0000,0.0072,0.0000,200,8.7320
0.0076,0.0000,0.0000,0.0000,0.0075,0.0000,200,8.7317
0.0070,0.0000,0.0000,0.0000,0.0068,0.0001,200,8.7385
0.0070,0.0000,0.0000,0.0000,0.0070,0.0000,200,8.7385
0.0066,0.0000,0.0000,0.0000,0.0065,0.0000,200,8.7393
0.0071,0.0000,0.0000,0.0000,0.0068,0.0002,200,8.7392
0.0069,0.0000,0.0000,0.0000,0.0067,0.0001,200,8.7456
0.0071,0.0000,0.0000,0.0000,0.0070,0.0000,200,8.7455
0.0069,0.0000,0.0000,0.0000,0.0068,0.0001,200,8.7463
0.0075,0.0000,0.0000,0.0001,0.0073,0.0000,200,8.7459
0.0067,0.0000,0.0000,0.0000,0.0066,0.0001,200,8.7526
0.0070,0.0000,0.0000,0.0000,0.0069,0.0000,200,8.7525
0.0065,0.0000,0.0000,0.0000,0.0064,0.0000,200,8.7532
0.0065,0.0000,0.0000,0.0000,0.0064,0.0001,200,8.7533
0.0072,0.0000,0.0000,0.0000,0.0069,0.0003,200,8.7594
0.0074,0.0000,0.0000,0.0000,0.0073,0.0001,200,8.7593
0.0070,0.0000,0.0000,0.0000,0.0069,0.0000,200,8.7599
0.0073,0.0000,0.0000,0.0000,0.0071,0.0002,200,8.7597
0.0068,0.0000,0.0000,0.0000,0.0067,0.0001,200,8.7667
0.0068,0.0000,0.0000,0.0000,0.0067,0.0001,200,8.7667
0.0072,0.0000,0.0000,0.0000,0.0071,0.0001,200,8.7668
0.0074,0.0000,0.0000,0.0000,0.0073,0.0000,200,8.7670
0.0067,0.0000,0.0000,0.0000,0.0066,0.0001,200,8.7735
0.0067,0.0000,0.0000,0.0000,0.0066,0.0000,200,8.7735
0.0066,0.0000,0.0000,0.0000,0.0065,0.0000,200,8.7740
0.0071,0.0000,0.0000,0.0000,0.0070,0.0000,200,8.7743
0.0071,0.0000,0.0000,0.0000,0.0070,0.0001,200,8.7802
0.0071,0.0000,0.0000,0.0000,0.0069,0.0001,200,8.7802
0.0066,0.0000,0.0000,0.0000,0.0066,0.0000,200,8.7806
0.0065,0.0000,0.0000,0.0000,0.0064,0.0001,200,8.7814
0.0068,0.0000,0.0000,0.0000,0.0067,0.0001,200,8.7873
0.0069,0.0000,0.0000,0.0000,0.0068,0.0000,200,8.7873
0.0069,0.0000,0.0000,0.0000,0.0068,0.0000,200,8.7873
0.0069,0.0000,0.0000,0.0000,0.0068,0.0000,200,8.7879
0.0070,0.0000,0.0000,0.0000,0.0069,0.0001,200,8.7941
0.0072,0.0000,0.0000,0.0000,0.0071,0.0000,200,8.7940
0.0071,0.0000,0.0000,0.0000,0.0071,0.0000,200,8.7942
0.0065,0.0000,0.0000,0.0000,0.0065,0.0000,200,8.7948
0.0074,0.0000,0.0000,0.0000,0.0073,0.0001,200,8.8013
0.0077,0.0000,0.0000,0.0000,0.0075,0.0001,200,8.8011
0.0079,0.0000,0.0000,0.0000,0.0079,0.0000,200,8.8012
0.0087,0.0000,0.0000,0.0000,0.0086,0.0001,200,8.8013
0.0071,0.0000,0.0000,0.0000,0.0070,0.0001,200,8.8088
0.0073,0.0000,0.0000,0.0000,0.0072,0.0000,200,8.8088
0.0083,0.0000,0.0000,0.0000,0.0076,0.0007,200,8.8092
0.0115,0.0000,0.0000,0.0000,0.0114,0.0001,200,8.8100
0.0071,0.0000,0.0000,0.0000,0.0069,0.0001,200,8.8161
0.0087,0.0000,0.0000,0.0000,0.0086,0.0001,200,8.8159
0.0082,0.0000,0.0000,0.0000,0.0081,0.0001,200,8.8175
0.0073,0.0000,0.0000,0.0000,0.0071,0.0001,200,8.8232
0.0096,0.0000,0.0000,0.0000,0.0095,0.0001,200,8.8216
0.0069,0.0000,0.0000,0.0000,0.0068,0.0000,200,8.8246
0.0080,0.0000,0.0000,0.0002,0.0077,0.0001,200,8.8257
0.0071,0.0000,0.0000,0.0000,0.0070,0.0001,200,8.8311
0.0090,0.0000,0.0000,0.0000,0.0089,0.0001,200,8.8305
0.0089,0.0000,0.0000,0.0000,0.0088,0.0001,200,8.8315
0.0092,0.0000,0.0000,0.0000,0.0090,0.0001,200,8.8337
0.0070,0.0000,0.0000,0.0000,0.0069,0.0001,200,8.8383
0.0070,0.0000,0.0000,0.0000,0.0069,0.0000,200,8.8404
0.0082,0.0000,0.0000,0.0000,0.0074,0.0008,200,8.8395
0.0072,0.0000,0.0000,0.0000,0.0071,0.0001,200,8.8453
0.0097,0.0000,0.0000,0.0000,0.0096,0.0000,200,8.8429
0.0081,0.0000,0.0000,0.0000,0.0079,0.0001,200,8.8474
0.0079,0.0000,0.0000,0.0000,0.0078,0.0001,200,8.8477
0.0069,0.0000,0.0000,0.0000,0.0068,0.0001,200,8.8526
0.0071,0.0000,0.0000,0.0000,0.0070,0.0000,200,8.8525
0.0073,0.0000,0.0000,0.0000,0.0072,0.0001,200,8.8555
0.0072,0.0000,0.0000,0.0000,0.0071,0.0001,200,8.8555
0.0068,0.0000,0.0000,0.0000,0.0067,0.0001,200,8.8595
0.0068,0.0000,0.0000,0.0000,0.0068,0.0000,200,8.8595
0.0067,0.0000,0.0000,0.0000,0.0066,0.0001,200,8.8627
0.0071,0.0000,0.0000,0.0000,0.0070,0.0000,200,8.8627
0.0066,0.0000,0.0000,0.0000,0.0065,0.0001,200,8.8663
0.0066,0.0000,0.0000,0.0000,0.0066,0.0000,200,8.8663
0.0066,0.0000,0.0000,0.0000,0.0065,0.0001,200,8.8694
0.0063,0.0000,0.0000,0.0000,0.0063,0.0000,200,8.8698
0.0065,0.0000,0.0000,0.0000,0.0064,0.0000,200,8.8729
0.0065,0.0000,0.0000,0.0000,0.0064,0.0000,200,8.8730
0.0065,0.0000,0.0000,0.0000,0.0064,0.0001,200,8.8761
0.0067,0.0000,0.0000,0.0000,0.0066,0.0000,200,8.8760
0.0066,0.0000,0.0000,0.0000,0.0065,0.0001,200,8.8794
0.0067,0.0000,0.0000,0.0000,0.0066,0.0000,200,8.8795
0.0067,0.0000,0.0000,0.0000,0.0066,0.0001,200,8.8826
0.0066,0.0000,0.0000,0.0000,0.0065,0.0001,200,8.8827
0.0068,0.0000,0.0000,0.0000,0.0066,0.0001,200,8.8860
0.0068,0.0000,0.0000,0.0000,0.0067,0.0000,200,8.8861
0.0066,0.0000,0.0000,0.0000,0.0065,0.0001,200,8.8893
0.0065,0.0000,0.0000,0.0000,0.0065,0.0000,200,8.8894
0.0066,0.0000,0.0000,0.0000,0.0065,0.0001,200,8.8928
0.0066,0.0000,0.0000,0.0000,0.0065,0.0000,200,8.8929
0.0065,0.0000,0.0000,0.0000,0.0064,0.0001,200,8.8959
0.0066,0.0000,0.0000,0.0000,0.0065,0.0000,200,8.8958
0.0065,0.0000,0.0000,0.0000,0.0064,0.0000,200,8.8995
0.0074,0.0000,0.0000,0.0000,0.0073,0.0001,200,8.8994
0.0064,0.0000,0.0000,0.0000,0.0064,0.0000,200,8.9024
0.0065,0.0000,0.0000,0.0000,0.0064,0.0000,200,8.9024
0.0069,0.0000,0.0000,0.0000,0.0068,0.0001,200,8.9060
0.0064,0.0000,0.0000,0.0000,0.0063,0.0000,200,8.9068
0.0065,0.0000,0.0000,0.0000,0.0064,0.0001,200,8.9088
0.0065,0.0000,0.0000,0.0000,0.0065,0.0000,200,8.9089
0.0067,0.0000,0.0000,0.0000,0.0066,0.0001,200,8.9128
0.0065,0.0000,0.0000,0.0000,0.0064,0.0000,200,8.9132
0.0065,0.0000,0.0000,0.0000,0.0064,0.0000,200,8.9153
0.0065,0.0000,0.0000,0.0000,0.0065,0.0000,200,8.9154
0.0066,0.0000,0.0000,0.0000,0.0064,0.0001,200,8.9195
0.0065,0.0000,0.0000,0.0000,0.0063,0.0001,200,8.9197
0.0064,0.0000,0.0000,0.0000,0.0063,0.0000,200,8.9218
0.0063,0.0000,0.0000,0.0000,0.0063,0.0000,200,8.9219
0.0067,0.0000,0.0000,0.0000,0.0065,0.0001,200,8.9261
0.0066,0.0000,0.0000,0.0000,0.0066,0.0000,200,8.9262
0.0065,0.0000,0.0000,0.0000,0.0064,0.0001,200,8.9283
0.0066,0.0000,0.0000,0.0000,0.0065,0.0000,200,8.9282
0.0066,0.0000,0.0000,0.0000,0.0065,0.0001,200,8.9328
0.0066,0.0000,0.0000,0.0000,0.0065,0.0000,200,8.9328
0.0066,0.0000,0.0000,0.0000,0.0065,0.0000,200,8.9348
0.0066,0.0000,0.0000,0.0000,0.0064,0.0002,200,8.9348
0.0065,0.0000,0.0000,0.0000,0.0064,0.0001,200,8.9394
0.0065,0.0000,0.0000,0.0000,0.0064,0.0000,200,8.9393
0.0070,0.0000,0.0000,0.0000,0.0069,0.0000,200,8.9414
0.0070,0.0000,0.0000,0.0000,0.0069,0.0000,200,8.9414
0.0064,0.0000,0.0000,0.0000,0.0063,0.0000,200,8.9459
0.0065,0.0000,0.0000,0.0000,0.0064,0.0000,200,8.9458
0.0066,0.0000,0.0000,0.0000,0.0065,0.0001,200,8.9484
0.0067,0.0000,0.0000,0.0000,0.0066,0.0000,200,8.9484
0.0065,0.0000,0.0000,0.0000,0.0064,0.0001,200,8.9523
0.0075,0.0000,0.0000,0.0000,0.0074,0.0000,200,8.9523
0.0063,0.0000,0.0000,0.0000,0.0062,0.0000,200,8.9550
0.0065,0.0000,0.0000,0.0000,0.0064,0.0000,200,8.9550
0.0065,0.0000,0.0000,0.0000,0.0064,0.0001,200,8.9588
0.0066,0.0000,0.0000,0.0000,0.0065,0.0001,200,8.9598
0.0064,0.0000,0.0000,0.0000,0.0063,0.0000,200,8.9614
0.0066,0.0000,0.0000,0.0000,0.0065,0.0000,200,8.9613
0.0067,0.0000,0.0000,0.0000,0.0066,0.0001,200,8.9652
0.0064,0.0000,0.0000,0.0000,0.0063,0.0000,200,8.9663
0.0065,0.0000,0.0000,0.0000,0.0064,0.0000,200,8.9679
0.0067,0.0000,0.0000,0.0000,0.0066,0.0000,200,8.9679
0.0066,0.0000,0.0000,0.0000,0.0065,0.0001,200,8.9719
0.0062,0.0000,0.0000,0.0000,0.0062,0.0000,200,8.9727
0.0062,0.0000,0.0000,0.0000,0.0062,0.0000,200,8.9746
0.0064,0.0000,0.0000,0.0000,0.0064,0.0000,200,8.9744
0.0066,0.0000,0.0000,0.0000,0.0064,0.0001,200,8.9786
0.0063,0.0000,0.0000,0.0000,0.0063,0.0000,200,8.9790
0.0066,0.0000,0.0000,0.0000,0.0065,0.0001,200,8.9808
0.0066,0.0000,0.0000,0.0000,0.0066,0.0000,200,8.9808
0.0066,0.0000,0.0000,0.0000,0.0065,0.0001,200,8.9852
0.0066,0.0000,0.0000,0.0000,0.0066,0.0000,200,8.9853
0.0065,0.0000,0.0000,0.0000,0.0064,0.0000,200,8.9874
0.0065,0.0000,0.0000,0.0000,0.0064,0.0000,200,8.9874
0.0065,0.0000,0.0000,0.0000,0.0064,0.0000,200,8.9918
0.0064,0.0000,0.0000,0.0000,0.0063,0.0000,200,8.9919
0.0065,0.0000,0.0000,0.0000,0.0065,0.0000,200,8.9939
0.0065,0.0000,0.0000,0.0000,0.0064,0.0000,200,8.9939
0.0065,0.0000,0.0000,0.0000,0.0064,0.0001,200,8.9983
0.0066,0.0000,0.0000,0.0000,0.0066,0.0000,200,8.9983
0.0064,0.0000,0.0000,0.0000,0.0064,0.0000,200,9.0004
0.0064,0.0000,0.0000,0.0000,0.0064,0.0000,200,9.0004
0.0066,0.0000,0.0000,0.0000,0.0065,0.0001,200,9.0048
0.0069,0.0000,0.0000,0.0000,0.0068,0.0000,200,9.0049
0.0065,0.0000,0.0000,0.0000,0.0064,0.0000,200,9.0068
0.0066,0.0000,0.0000,0.0000,0.0065,0.0000,200,9.0068
0.0063,0.0000,0.0000,0.0000,0.0062,0.0000,200,9.0118
0.0066,0.0000,0.0000,0.0000,0.0065,0.0000,200,9.0115
0.0066,0.0000,0.0000,0.0000,0.0065,0.0001,200,9.0133
0.0066,0.0000,0.0000,0.0000,0.0065,0.0000,200,9.0134
0.0065,0.0000,0.0000,0.0000,0.0064,0.0001,200,9.0181
0.0065,0.0000,0.0000,0.0000,0.0064,0.0000,200,9.0181
0.0065,0.0000,0.0000,0.0000,0.0064,0.0000,200,9.0200
0.0066,0.0000,0.0000,0.0000,0.0065,0.0000,200,9.0199
0.0066,0.0000,0.0000,0.0000,0.0065,0.0000,200,9.0246
0.0067,0.0000,0.0000,0.0000,0.0066,0.0000,200,9.0246
0.0069,0.0000,0.0000,0.0000,0.0068,0.0001,200,9.0265
0.0069,0.0000,0.0000,0.0000,0.0068,0.0000,200,9.0265
0.0080,0.0000,0.0000,0.0000,0.0076,0.0004,200,9.0312
0.0082,0.0000,0.0000,0.0000,0.0080,0.0002,200,9.0311
0.0091,0.0000,0.0000,0.0000,0.0089,0.0002,200,9.0334
0.0091,0.0000,0.0000,0.0000,0.0089,0.0002,200,9.0334
0.0074,0.0000,0.0000,0.0001,0.0072,0.0001,200,9.0392
0.0081,0.0000,0.0000,0.0000,0.0080,0.0000,200,9.0393
0.0075,0.0000,0.0000,0.0000,0.0074,0.0001,200,9.0425
0.0079,0.0000,0.0000,0.0000,0.0078,0.0000,200,9.0425
0.0071,0.0000,0.0000,0.0000,0.0070,0.0001,200,9.0474
0.0102,0.0000,0.0000,0.0000,0.0080,0.0021,200,9.0466
0.0071,0.0000,0.0000,0.0000,0.0070,0.0001,200,9.0504
0.0075,0.0000,0.0000,0.0000,0.0075,0.0000,200,9.0500
0.0072,0.0000,0.0000,0.0000,0.0071,0.0001,200,9.0545
0.0075,0.0000,0.0000,0.0000,0.0073,0.0001,200,9.0568
0.0071,0.0000,0.0000,0.0000,0.0070,0.0000,200,9.0575
0.0078,0.0000,0.0000,0.0000,0.0077,0.0001,200,9.0575
0.0080,0.0000,0.0000,0.0000,0.0079,0.0001,200,9.0617
0.0068,0.0000,0.0000,0.0000,0.0067,0.0001,200,9.0642
0.0067,0.0000,0.0000,0.0000,0.0066,0.0001,200,9.0646
0.0077,0.0000,0.0000,0.0000,0.0077,0.0000,200,9.0653
0.0067,0.0000,0.0000,0.0000,0.0066,0.0000,200,9.0697
0.0067,0.0000,0.0000,0.0000,0.0066,0.0001,200,9.0710
0.0065,0.0000,0.0000,0.0000,0.0064,0.0000,200,9.0713
0.0063,0.0000,0.0000,0.0000,0.0062,0.0000,200,9.0730
0.0064,0.0000,0.0000,0.0000,0.0063,0.0001,200,9.0764
0.0063,0.0000,0.0000,0.0000,0.0062,0.0000,200,9.0777
0.0064,0.0000,0.0000,0.0000,0.0063,0.0000,200,9.0777
0.0063,0.0000,0.0000,0.0000,0.0062,0.0001,200,9.0793
0.0064,0.0000,0.0000,0.0000,0.0063,0.0001,200,9.0828
0.0065,0.0000,0.0000,0.0000,0.0064,0.0000,200,9.0841
0.0068,0.0000,0.0000,0.0000,0.0067,0.0000,200,9.0840
0.0063,0.0000,0.0000,0.0000,0.0062,0.0000,200,9.0856
0.0065,0.0000,0.0000,0.0000,0.0064,0.0001,200,9.0892
0.0065,0.0000,0.0000,0.0000,0.0064,0.0001,200,9.0906
0.0064,0.0000,0.0000,0.0000,0.0064,0.0000,200,9.0908
0.0063,0.0000,0.0000,0.0000,0.0062,0.0001,200,9.0919
0.0064,0.0000,0.0000,0.0000,0.0063,0.0000,200,9.0957
0.0065,0.0000,0.0000,0.0000,0.0064,0.0000,200,9.0972
0.0066,0.0000,0.0000,0.0000,0.0066,0.0000,200,9.0971
0.0063,0.0000,0.0000,0.0000,0.0061,0.0001,200,9.0982
0.0065,0.0000,0.0000,0.0000,0.0064,0.0001,200,9.1021
0.0065,0.0000,0.0000,0.0000,0.0064,0.0001,200,9.1037
0.0067,0.0000,0.0000,0.0000,0.0066,0.0000,200,9.1037
0.0064,0.0000,0.0000,0.0000,0.0063,0.0001,200,9.1044
0.0069,0.0000,0.0000,0.0000,0.0068,0.0001,200,9.1086
0.0065,0.0000,0.0000,0.0000,0.0064,0.0000,200,9.1102
0.0064,0.0000,0.0000,0.0000,0.0063,0.0000,200,9.1103
0.0065,0.0000,0.0000,0.0000,0.0064,0.0000,200,9.1108
0.0065,0.0000,0.0000,0.0000,0.0064,0.0000,200,9.1154
0.0065,0.0000,0.0000,0.0000,0.0065,0.0000,200,9.1167
0.0066,0.0000,0.0000,0.0000,0.0064,0.0002,200,9.1167
0.0063,0.0000,0.0000,0.0000,0.0062,0.0000,200,9.1173
0.0065,0.0000,0.0000,0.0000,0.0064,0.0001,200,9.1219
0.0065,0.0000,0.0000,0.0000,0.0064,0.0001,200,9.1233
0.0065,0.0000,0.0000,0.0000,0.0064,0.0000,200,9.1234
0.0063,0.0000,0.0000,0.0000,0.0062,0.0000,200,9.1236
0.0066,0.0000,0.0000,0.0000,0.0065,0.0001,200,9.1284
0.0065,0.0000,0.0000,0.0000,0.0064,0.0000,200,9.1299
0.0065,0.0000,0.0000,0.0000,0.0064,0.0000,200,9.1298
0.0071,0.0000,0.0000,0.0000,0.0069,0.0002,200,9.1299
0.0064,0.0000,0.0000,0.0000,0.0064,0.0000,200,9.1350
0.0064,0.0000,0.0000,0.0000,0.0063,0.0000,200,9.1363
0.0067,0.0000,0.0000,0.0000,0.0066,0.0000,200,9.1363
0.0062,0.0000,0.0000,0.0000,0.0062,0.0000,200,9.1370
0.0067,0.0000,0.0000,0.0000,0.0066,0.0001,200,9.1414
0.0064,0.0000,0.0000,0.0000,0.0064,0.0000,200,9.1427
0.0064,0.0000,0.0000,0.0000,0.0063,0.0000,200,9.1430
0.0064,0.0000,0.0000,0.0000,0.0063,0.0000,200,9.1432
0.0071,0.0000,0.0000,0.0000,0.0070,0.0001,200,9.1481
0.0065,0.0000,0.0000,0.0000,0.0064,0.0000,200,9.1492
0.0064,0.0000,0.0000,0.0000,0.0063,0.0001,200,9.1494
0.0064,0.0000,0.0000,0.0000,0.0063,0.0000,200,9.1496
0.0070,0.0000,0.0000,0.0000,0.0068,0.0001,200,9.1552
0.0067,0.0000,0.0000,0.0000,0.0066,0.0000,200,9.1556
0.0064,0.0000,0.0000,0.0000,0.0064,0.0000,200,9.1560
0.0067,0.0000,0.0000,0.0000,0.0067,0.0000,200,9.1558
0.0069,0.0000,0.0000,0.0000,0.0068,0.0001,200,9.1624
0.0070,0.0000,0.0000,0.0000,0.0070,0.0000,200,9.1623
0.0075,0.0000,0.0000,0.0002,0.0072,0.0000,200,9.1621
0.0072,0.0000,0.0000,0.0000,0.0071,0.0001,200,9.1626
0.0067,0.0000,0.0000,0.0000,0.0066,0.0001,200,9.1693
0.0067,0.0000,0.0000,0.0000,0.0066,0.0000,200,9.1693
0.0070,0.0000,0.0000,0.0000,0.0069,0.0000,200,9.1696
0.0070,0.0000,0.0000,0.0000,0.0069,0.0000,200,9.1697
0.0069,0.0000,0.0000,0.0000,0.0067,0.0001,200,9.1760
0.0069,0.0000,0.0000,0.0000,0.0068,0.0000,200,9.1760
0.0064,0.0000,0.0000,0.0000,0.0063,0.0000,200,9.1766
0.0065,0.0000,0.0000,0.0000,0.0065,0.0000,200,9.1767
0.0069,0.0000,0.0000,0.0000,0.0069,0.0000,200,9.1829
0.0068,0.0000,0.0000,0.0000,0.0067,0.0001,200,9.1830
0.0071,0.0000,0.0000,0.0000,0.0070,0.0000,200,9.1829
0.0070,0.0000,0.0000,0.0000,0.0069,0.0001,200,9.1832
0.0068,0.0000,0.0000,0.0000,0.0067,0.0001,200,9.1899
0.0070,0.0000,0.0000,0.0000,0.0069,0.0000,200,9.1898
0.0074,0.0000,0.0000,0.0000,0.0073,0.0000,200,9.1902
0.0079,0.0000,0.0000,0.0000,0.0078,0.0001,200,9.1898
0.0068,0.0000,0.0000,0.0000,0.0067,0.0001,200,9.1968
0.0069,0.0000,0.0000,0.0000,0.0068,0.0000,200,9.1967
0.0065,0.0000,0.0000,0.0000,0.0064,0.0000,200,9.1976
0.0068,0.0000,0.0000,0.0000,0.0068,0.0000,200,9.1977
0.0073,0.0000,0.0000,0.0000,0.0072,0.0001,200,9.2036
0.0064,0.0000,0.0000,0.0000,0.0063,0.0000,200,9.2045
0.0068,0.0000,0.0000,0.0000,0.0067,0.0000,200,9.2041
0.0073,0.0000,0.0000,0.0000,0.0072,0.0000,200,9.2036
0.0069,0.0000,0.0000,0.0000,0.0068,0.0001,200,9.2109
0.0070,0.0000,0.0000,0.0000,0.0069,0.0000,200,9.2109
0.0070,0.0000,0.0000,0.0000,0.0070,0.0000,200,9.2109
0.0071,0.0000,0.0000,0.0000,0.0070,0.0000,200,9.2109
0.0068,0.0000,0.0000,0.0000,0.0066,0.0001,200,9.2178
0.0068,0.0000,0.0000,0.0000,0.0067,0.0000,200,9.2178
0.0073,0.0000,0.0000,0.0000,0.0073,0.0000,200,9.2179
0.0074,0.0000,0.0000,0.0000,0.0073,0.0000,200,9.2180
0.0068,0.0000,0.0000,0.0000,0.0067,0.0001,200,9.2246
0.0069,0.0000,0.0000,0.0000,0.0068,0.0000,200,9.2246
0.0066,0.0000,0.0000,0.0000,0.0065,0.0000,200,9.2254
0.0067,0.0000,0.0000,0.0000,0.0066,0.0000,200,9.2252
0.0066,0.0000,0.0000,0.0000,0.0065,0.0001,200,9.2315
0.0064,0.0000,0.0000,0.0000,0.0064,0.0000,200,9.2319
0.0074,0.0000,0.0000,0.0000,0.0074,0.0000,200,9.2314
0.0072,0.0000,0.0000,0.0000,0.0071,0.0000,200,9.2320
0.0069,0.0000,0.0000,0.0000,0.0068,0.0001,200,9.2383
0.0071,0.0000,0.0000,0.0000,0.0070,0.0000,200,9.2381
0.0065,0.0000,0.0000,0.0000,0.0064,0.0000,200,9.2388
0.0064,0.0000,0.0000,0.0000,0.0063,0.0000,200,9.2392
0.0066,0.0000,0.0000,0.0000,0.0065,0.0001,200,9.2453
0.0067,0.0000,0.0000,0.0000,0.0067,0.0000,200,9.2452
0.0067,0.0000,0.0000,0.0000,0.0066,0.0000,200,9.2454
0.0071,0.0000,0.0000,0.0000,0.0070,0.0001,200,9.2456
0.0068,0.0000,0.0000,0.0000,0.0067,0.0001,200,9.2520
0.0069,0.0000,0.0000,0.0000,0.0068,0.0000,200,9.2519
0.0070,0.0000,0.0000,0.0000,0.0070,0.0000,200,9.2520
0.0066,0.0000,0.0000,0.0000,0.0065,0.0000,200,9.2527
0.0069,0.0000,0.0000,0.0000,0.0068,0.0001,200,9.2588
0.0070,0.0000,0.0000,0.0000,0.0069,0.0000,200,9.2588
0.0074,0.0000,0.0000,0.0000,0.0073,0.0000,200,9.2591
0.0071,0.0000,0.0000,0.0000,0.0070,0.0000,200,9.2593
0.0068,0.0000,0.0000,0.0000,0.0067,0.0001,200,9.2657
0.0068,0.0000,0.0000,0.0000,0.0067,0.0000,200,9.2658
0.0065,0.0000,0.0000,0.0000,0.0064,0.0000,200,9.2664
0.0070,0.0000,0.0000,0.0000,0.0069,0.0000,200,9.2664
0.0074,0.0000,0.0000,0.0000,0.0073,0.0000,200,9.2725
0.0073,0.0000,0.0000,0.0000,0.0072,0.0000,200,9.2726
0.0070,0.0000,0.0000,0.0000,0.0069,0.0001,200,9.2729
0.0066,0.0000,0.0000,0.0000,0.0063,0.0002,200,9.2740
0.0069,0.0000,0.0000,0.0000,0.0068,0.0001,200,9.2799
0.0070,0.0000,0.0000,0.0000,0.0069,0.0001,200,9.2799
0.0071,0.0000,0.0000,0.0000,0.0070,0.0000,200,9.2799
0.0065,0.0000,0.0000,0.0000,0.0064,0.0000,200,9.2807
0.0066,0.0000,0.0000,0.0000,0.0066,0.0001,200,9.2869
0.0068,0.0000,0.0000,0.0000,0.0067,0.0001,200,9.2868
0.0072,0.0000,0.0000,0.0000,0.0071,0.0000,200,9.2868
0.0085,0.0000,0.0000,0.0000,0.0085,0.0000,200,9.2871
0.0065,0.0000,0.0000,0.0000,0.0064,0.0001,200,9.2940
0.0070,0.0000,0.0000,0.0000,0.0069,0.0000,200,9.2936
0.0071,0.0000,0.0000,0.0000,0.0070,0.0000,200,9.2936
0.0077,0.0000,0.0000,0.0000,0.0076,0.0001,200,9.2957
0.0068,0.0000,0.0000,0.0000,0.0067,0.0001,200,9.3007
0.0071,0.0000,0.0000,0.0000,0.0069,0.0000,200,9.3005
0.0078,0.0000,0.0000,0.0000,0.0077,0.0000,200,9.3006
0.0065,0.0000,0.0000,0.0000,0.0064,0.0001,200,9.3034
0.0065,0.0000,0.0000,0.0000,0.0064,0.0001,200,9.3075
0.0064,0.0000,0.0000,0.0000,0.0064,0.0000,200,9.3076
0.0064,0.0000,0.0000,0.0000,0.0064,0.0000,200,9.3084
0.0064,0.0000,0.0000,0.0000,0.0063,0.0001,200,9.3099
0.0069,0.0000,0.0000,0.0000,0.0068,0.0001,200,9.3140
0.0064,0.0000,0.0000,0.0000,0.0063,0.0000,200,9.3148
0.0080,0.0000,0.0000,0.0000,0.0078,0.0000,200,9.3140
0.0066,0.0000,0.0000,0.0000,0.0065,0.0000,200,9.3164
0.0067,0.0000,0.0000,0.0000,0.0066,0.0001,200,9.3209
0.0067,0.0000,0.0000,0.0000,0.0064,0.0003,200,9.3212
0.0069,0.0000,0.0000,0.0000,0.0068,0.0001,200,9.3220
0.0067,0.0000,0.0000,0.0000,0.0066,0.0000,200,9.3230
0.0073,0.0000,0.0000,0.0000,0.0071,0.0001,200,9.3279
0.0076,0.0000,0.0000,0.0000,0.0072,0.0002,200,9.3276
0.0065,0.0000,0.0000,0.0000,0.0064,0.0000,200,9.3289
0.0063,0.0000,0.0000,0.0000,0.0063,0.0001,200,9.3297
0.0069,0.0000,0.0000,0.0000,0.0068,0.0001,200,9.3352
0.0068,0.0000,0.0000,0.0000,0.0067,0.0000,200,9.3354
0.0126,0.0000,0.0000,0.0000,0.0125,0.0001,200,9.3353
0.0119,0.0000,0.0000,0.0000,0.0118,0.0000,200,9.3360
0.0065,0.0000,0.0000,0.0000,0.0065,0.0000,200,9.3421
0.0067,0.0000,0.0000,0.0000,0.0066,0.0000,200,9.3422
0.0071,0.0000,0.0000,0.0001,0.0070,0.0001,200,9.3479
0.0063,0.0000,0.0000,0.0000,0.0062,0.0000,200,9.3488
0.0064,0.0000,0.0000,0.0000,0.0064,0.0000,200,9.3487
0.0127,0.0000,0.0000,0.0000,0.0126,0.0001,200,9.3479
0.0064,0.0000,0.0000,0.0000,0.0063,0.0000,200,9.3551
0.0071,0.0000,0.0000,0.0000,0.0069,0.0001,200,9.3551
0.0065,0.0000,0.0000,0.0000,0.0064,0.0001,200,9.3615
0.0063,0.0000,0.0000,0.0000,0.0062,0.0000,200,9.3621
0.0160,0.0000,0.0000,0.0000,0.0160,0.0000,200,9.3551
0.0106,0.0000,0.0000,0.0000,0.0105,0.0000,200,9.3606
0.0066,0.0000,0.0000,0.0000,0.0065,0.0001,200,9.3679
0.0064,0.0000,0.0000,0.0000,0.0063,0.0000,200,9.3684
0.0065,0.0000,0.0000,0.0000,0.0064,0.0001,200,9.3712
0.0065,0.0000,0.0000,0.0000,0.0064,0.0001,200,9.3745
0.0063,0.0000,0.0000,0.0000,0.0062,0.0000,200,9.3748
0.0121,0.0000,0.0000,0.0000,0.0120,0.0001,200,9.3711
0.0065,0.0000,0.0000,0.0000,0.0064,0.0001,200,9.3810
0.0065,0.0000,0.0000,0.0000,0.0065,0.0000,200,9.3810
0.0109,0.0000,0.0000,0.0000,0.0108,0.0000,200,9.3777
0.0111,0.0000,0.0000,0.0000,0.0110,0.0001,200,9.3832
0.0069,0.0000,0.0000,0.0000,0.0069,0.0000,200,9.3876
0.0070,0.0000,0.0000,0.0000,0.0070,0.0000,200,9.3875
0.0116,0.0000,0.0000,0.0000,0.0115,0.0001,200,9.3886
0.0066,0.0000,0.0000,0.0000,0.0065,0.0000,200,9.3943
0.0070,0.0000,0.0000,0.0000,0.0069,0.0000,200,9.3946
0.0116,0.0000,0.0000,0.0000,0.0115,0.0001,200,9.3945
0.0063,0.0000,0.0000,0.0000,0.0063,0.0000,200,9.4009
0.0064,0.0000,0.0000,0.0000,0.0063,0.0000,200,9.4015
0.0066,0.0000,0.0000,0.0000,0.0064,0.0001,200,9.4072
0.0069,0.0000,0.0000,0.0000,0.0067,0.0002,200,9.4079
0.0165,0.0000,0.0000,0.0000,0.0164,0.0001,200,9.4002
0.0109,0.0000,0.0000,0.0000,0.0108,0.0000,200,9.4061
0.0069,0.0000,0.0000,0.0000,0.0068,0.0001,200,9.4138
0.0064,0.0000,0.0000,0.0000,0.0063,0.0000,200,9.4148
0.0064,0.0000,0.0000,0.0000,0.0063,0.0001,200,9.4207
0.0063,0.0000,0.0000,0.0000,0.0062,0.0000,200,9.4212
0.0116,0.0000,0.0000,0.0000,0.0115,0.0001,200,9.4170
0.0119,0.0000,0.0000,0.0001,0.0118,0.0000,200,9.4168
0.0064,0.0000,0.0000,0.0000,0.0063,0.0000,200,9.4275
0.0068,0.0000,0.0000,0.0000,0.0067,0.0000,200,9.4272
0.0065,0.0000,0.0000,0.0000,0.0064,0.0001,200,9.4286
0.0067,0.0000,0.0000,0.0000,0.0066,0.0001,200,9.4339
0.0067,0.0000,0.0000,0.0000,0.0066,0.0000,200,9.4339
0.0121,0.0000,0.0000,0.0000,0.0120,0.0000,200,9.4287
0.0112,0.0000,0.0000,0.0000,0.0111,0.0001,200,9.4351
0.0065,0.0000,0.0000,0.0000,0.0064,0.0000,200,9.4407
0.0071,0.0000,0.0000,0.0000,0.0070,0.0000,200,9.4406
0.0073,0.0000,0.0000,0.0000,0.0072,0.0000,200,9.4407
0.0066,0.0000,0.0000,0.0000,0.0064,0.0001,200,9.4463
0.0070,0.0000,0.0000,0.0000,0.0069,0.0001,200,9.4472
0.0066,0.0000,0.0000,0.0000,0.0066,0.0000,200,9.4477
0.0066,0.0000,0.0000,0.0000,0.0065,0.0000,200,9.4480
0.0066,0.0000,0.0000,0.0000,0.0065,0.0001,200,9.4528
0.0066,0.0000,0.0000,0.0000,0.0065,0.0001,200,9.4542
0.0066,0.0000,0.0000,0.0000,0.0066,0.0000,200,9.4543
0.0069,0.0000,0.0000,0.0000,0.0068,0.0000,200,9.4546
0.0076,0.0000,0.0000,0.0000,0.0074,0.0002,200,9.4595
0.0068,0.0000,0.0000,0.0000,0.0068,0.0000,200,9.4607
0.0066,0.0000,0.0000,0.0000,0.0066,0.0000,200,9.4609
0.0071,0.0000,0.0000,0.0000,0.0070,0.0000,200,9.4615
0.0068,0.0000,0.0000,0.0000,0.0067,0.0001,200,9.4671
0.0065,0.0000,0.0000,0.0000,0.0064,0.0000,200,9.4676
0.0066,0.0000,0.0000,0.0000,0.0065,0.0001,200,9.4676
0.0064,0.0000,0.0000,0.0000,0.0063,0.0001,200,9.4686
0.0068,0.0000,0.0000,0.0000,0.0067,0.0001,200,9.4739
0.0067,0.0000,0.0000,0.0000,0.0067,0.0000,200,9.4740
0.0070,0.0000,0.0000,0.0000,0.0069,0.0000,200,9.4742
0.0067,0.0000,0.0000,0.0000,0.0066,0.0000,200,9.4749
0.0067,0.0000,0.0000,0.0000,0.0066,0.0001,200,9.4807
0.0063,0.0000,0.0000,0.0000,0.0063,0.0000,200,9.4812
0.0068,0.0000,0.0000,0.0000,0.0068,0.0000,200,9.4807
0.0063,0.0000,0.0000,0.0000,0.0062,0.0000,200,9.4816
0.0069,0.0000,0.0000,0.0000,0.0068,0.0001,200,9.4875
0.0072,0.0000,0.0000,0.0000,0.0071,0.0001,200,9.4875
0.0069,0.0000,0.0000,0.0000,0.0068,0.0000,200,9.4879
0.0073,0.0000,0.0000,0.0000,0.0073,0.0000,200,9.4875
0.0067,0.0000,0.0000,0.0000,0.0066,0.0001,200,9.4947
0.0071,0.0000,0.0000,0.0000,0.0069,0.0001,200,9.4948
0.0071,0.0000,0.0000,0.0000,0.0070,0.0000,200,9.4948
0.0075,0.0000,0.0000,0.0000,0.0069,0.0005,200,9.4944
0.0068,0.0000,0.0000,0.0000,0.0067,0.0000,200,9.5014
0.0070,0.0000,0.0000,0.0000,0.0068,0.0001,200,9.5019
0.0078,0.0000,0.0000,0.0000,0.0077,0.0001,200,9.5019
0.0082,0.0000,0.0000,0.0000,0.0081,0.0001,200,9.5019
0.0067,0.0000,0.0000,0.0000,0.0066,0.0001,200,9.5082
0.0070,0.0000,0.0000,0.0000,0.0069,0.0001,200,9.5089
0.0069,0.0000,0.0000,0.0000,0.0067,0.0001,200,9.5097
0.0066,0.0000,0.0000,0.0000,0.0065,0.0000,200,9.5101
0.0068,0.0000,0.0000,0.0000,0.0067,0.0001,200,9.5150
0.0067,0.0000,0.0000,0.0000,0.0066,0.0001,200,9.5159
0.0064,0.0000,0.0000,0.0000,0.0063,0.0000,200,9.5167
0.0066,0.0000,0.0000,0.0000,0.0065,0.0000,200,9.5166
0.0069,0.0000,0.0000,0.0000,0.0068,0.0001,200,9.5218
0.0067,0.0000,0.0000,0.0000,0.0067,0.0001,200,9.5226
0.0064,0.0000,0.0000,0.0000,0.0063,0.0000,200,9.5231
0.0068,0.0000,0.0000,0.0000,0.0067,0.0000,200,9.5230
0.0072,0.0000,0.0000,0.0000,0.0070,0.0001,200,9.5287
0.0066,0.0000,0.0000,0.0000,0.0065,0.0000,200,9.5294
0.0066,0.0000,0.0000,0.0000,0.0065,0.0001,200,9.5295
0.0064,0.0000,0.0000,0.0000,0.0063,0.0000,200,9.5298
0.0067,0.0000,0.0000,0.0000,0.0067,0.0001,200,9.5360
0.0069,0.0000,0.0000,0.0000,0.0068,0.0000,200,9.5358
0.0070,0.0000,0.0000,0.0000,0.0069,0.0000,200,9.5362
0.0071,0.0000,0.0000,0.0000,0.0071,0.0000,200,9.5361
0.0066,0.0000,0.0000,0.0000,0.0065,0.0001,200,9.5432
0.0072,0.0000,0.0000,0.0000,0.0070,0.0001,200,9.5427
0.0069,0.0000,0.0000,0.0000,0.0069,0.0000,200,9.5432
0.0075,0.0000,0.0000,0.0000,0.0074,0.0000,200,9.5427
0.0066,0.0000,0.0000,0.0000,0.0065,0.0001,200,9.5499
0.0068,0.0000,0.0000,0.0000,0.0067,0.0000,200,9.5498
0.0070,0.0000,0.0000,0.0000,0.0069,0.0001,200,9.5502
0.0074,0.0000,0.0000,0.0000,0.0074,0.0000,200,9.5501
0.0068,0.0000,0.0000,0.0000,0.0067,0.0001,200,9.5566
0.0071,0.0000,0.0000,0.0000,0.0070,0.0000,200,9.5566
0.0066,0.0000,0.0000,0.0000,0.0065,0.0001,200,9.5572
0.0064,0.0000,0.0000,0.0000,0.0063,0.0000,200,9.5576
0.0067,0.0000,0.0000,0.0000,0.0066,0.0001,200,9.5638
0.0071,0.0000,0.0000,0.0000,0.0070,0.0000,200,9.5634
0.0069,0.0000,0.0000,0.0000,0.0068,0.0000,200,9.5636
0.0074,0.0000,0.0000,0.0000,0.0073,0.0001,200,9.5639
0.0069,0.0000,0.0000,0.0000,0.0068,0.0001,200,9.5705
0.0070,0.0000,0.0000,0.0000,0.0069,0.0000,200,9.5705
0.0071,0.0000,0.0000,0.0000,0.0067,0.0004,200,9.5705
0.0067,0.0000,0.0000,0.0000,0.0066,0.0000,200,9.5713
0.0069,0.0000,0.0000,0.0000,0.0068,0.0001,200,9.5774
0.0068,0.0000,0.0000,0.0000,0.0067,0.0001,200,9.5775
0.0067,0.0000,0.0000,0.0000,0.0067,0.0000,200,9.5776
0.0071,0.0000,0.0000,0.0000,0.0070,0.0001,200,9.5780
0.0069,0.0000,0.0000,0.0000,0.0068,0.0001,200,9.5843
0.0070,0.0000,0.0000,0.0000,0.0069,0.0000,200,9.5843
0.0071,0.0000,0.0000,0.0000,0.0071,0.0000,200,9.5844
0.0068,0.0000,0.0000,0.0000,0.0067,0.0000,200,9.5851
0.0069,0.0000,0.0000,0.0000,0.0068,0.0001,200,9.5913
0.0071,0.0000,0.0000,0.0000,0.0070,0.0000,200,9.5912
0.0069,0.0000,0.0000,0.0000,0.0069,0.0000,200,9.5915
0.0070,0.0000,0.0000,0.0000,0.0070,0.0000,200,9.5919
0.0068,0.0000,0.0000,0.0000,0.0067,0.0001,200,9.5984
0.0070,0.0000,0.0000,0.0000,0.0070,0.0000,200,9.5983
0.0071,0.0000,0.0000,0.0000,0.0070,0.0000,200,9.5982
0.0071,0.0000,0.0000,0.0000,0.0070,0.0001,200,9.5989
0.0066,0.0000,0.0000,0.0000,0.0065,0.0001,200,9.6054
0.0068,0.0000,0.0000,0.0000,0.0068,0.0000,200,9.6052
0.0071,0.0000,0.0000,0.0000,0.0070,0.0000,200,9.6053
0.0067,0.0000,0.0000,0.0000,0.0066,0.0000,200,9.6060
0.0066,0.0000,0.0000,0.0000,0.0065,0.0001,200,9.6120
0.0068,0.0000,0.0000,0.0000,0.0068,0.0000,200,9.6119
0.0065,0.0000,0.0000,0.0000,0.0065,0.0000,200,9.6124
0.0064,0.0000,0.0000,0.0000,0.0063,0.0000,200,9.6127
0.0066,0.0000,0.0000,0.0000,0.0066,0.0001,200,9.6189
0.0069,0.0000,0.0000,0.0000,0.0068,0.0000,200,9.6187
0.0068,0.0000,0.0000,0.0000,0.0067,0.0001,200,9.6188
0.0069,0.0000,0.0000,0.0000,0.0068,0.0001,200,9.6191
0.0066,0.0000,0.0000,0.0000,0.0065,0.0001,200,9.6255
0.0070,0.0000,0.0000,0.0000,0.0069,0.0000,200,9.6256
0.0078,0.0000,0.0000,0.0000,0.0077,0.0000,200,9.6256
0.0077,0.0000,0.0000,0.0000,0.0073,0.0004,200,9.6259
0.0071,0.0000,0.0000,0.0000,0.0070,0.0001,200,9.6322
0.0068,0.0000,0.0000,0.0000,0.0068,0.0000,200,9.6326
0.0066,0.0000,0.0000,0.0000,0.0065,0.0001,200,9.6334
0.0064,0.0000,0.0000,0.0000,0.0064,0.0000,200,9.6336
0.0070,0.0000,0.0000,0.0000,0.0068,0.0001,200,9.6393
0.0069,0.0000,0.0000,0.0000,0.0068,0.0001,200,9.6394
0.0064,0.0000,0.0000,0.0000,0.0063,0.0000,200,9.6401
0.0066,0.0000,0.0000,0.0000,0.0065,0.0000,200,9.6400
0.0067,0.0000,0.0000,0.0000,0.0066,0.0001,200,9.6465
0.0070,0.0000,0.0000,0.0000,0.0069,0.0000,200,9.6463
0.0074,0.0000,0.0000,0.0000,0.0073,0.0000,200,9.6463
0.0073,0.0000,0.0000,0.0000,0.0072,0.0000,200,9.6465
0.0067,0.0000,0.0000,0.0000,0.0066,0.0001,200,9.6537
0.0071,0.0000,0.0000,0.0000,0.0070,0.0000,200,9.6533
0.0071,0.0000,0.0000,0.0000,0.0070,0.0000,200,9.6532
0.0070,0.0000,0.0000,0.0000,0.0069,0.0000,200,9.6537
0.0071,0.0000,0.0000,0.0000,0.0070,0.0001,200,9.6604
0.0071,0.0000,0.0000,0.0000,0.0070,0.0001,200,9.6604
0.0071,0.0000,0.0000,0.0000,0.0070,0.0001,200,9.6604
0.0071,0.0000,0.0000,0.0000,0.0071,0.0000,200,9.6607
0.0069,0.0000,0.0000,0.0000,0.0068,0.0001,200,9.6674
0.0069,0.0000,0.0000,0.0000,0.0068,0.0000,200,9.6675
0.0070,0.0000,0.0000,0.0000,0.0069,0.0000,200,9.6674
0.0076,0.0000,0.0000,0.0000,0.0075,0.0001,200,9.6679
0.0067,0.0000,0.0000,0.0000,0.0066,0.0001,200,9.6744
0.0068,0.0000,0.0000,0.0000,0.0067,0.0000,200,9.6744
0.0074,0.0000,0.0000,0.0000,0.0073,0.0000,200,9.6744
0.0064,0.0000,0.0000,0.0000,0.0064,0.0000,200,9.6755
0.0069,0.0000,0.0000,0.0000,0.0068,0.0001,200,9.6811
0.0069,0.0000,0.0000,0.0000,0.0069,0.0000,200,9.6812
0.0065,0.0000,0.0000,0.0000,0.0065,0.0000,200,9.6819
0.0066,0.0000,0.0000,0.0000,0.0066,0.0000,200,9.6818
0.0068,0.0000,0.0000,0.0000,0.0066,0.0001,200,9.6881
0.0068,0.0000,0.0000,0.0000,0.0067,0.0000,200,9.6881
0.0073,0.0000,0.0000,0.0000,0.0072,0.0001,200,9.6884
0.0075,0.0000,0.0000,0.0000,0.0074,0.0001,200,9.6884
0.0070,0.0000,0.0000,0.0000,0.0068,0.0001,200,9.6948
0.0075,0.0000,0.0000,0.0000,0.0075,0.0000,200,9.6949
0.0068,0.0000,0.0000,0.0000,0.0066,0.0001,200,9.6957
0.0067,0.0000,0.0000,0.0000,0.0067,0.0000,200,9.6959
0.0067,0.0000,0.0000,0.0000,0.0066,0.0001,200,9.7018
0.0065,0.0000,0.0000,0.0000,0.0065,0.0000,200,9.7025
0.0068,0.0000,0.0000,0.0000,0.0067,0.0000,200,9.7024
0.0071,0.0000,0.0000,0.0000,0.0070,0.0000,200,9.7027
0.0067,0.0000,0.0000,0.0000,0.0066,0.0001,200,9.7085
0.0063,0.0000,0.0000,0.0000,0.0063,0.0000,200,9.7092
0.0066,0.0000,0.0000,0.0000,0.0066,0.0000,200,9.7090
0.0064,0.0000,0.0000,0.0000,0.0064,0.0000,200,9.7097
0.0071,0.0000,0.0000,0.0000,0.0070,0.0001,200,9.7152
0.0067,0.0000,0.0000,0.0000,0.0066,0.0001,200,9.7157
0.0068,0.0000,0.0000,0.0000,0.0068,0.0000,200,9.7155
0.0065,0.0000,0.0000,0.0000,0.0064,0.0000,200,9.7161
0.0072,0.0000,0.0000,0.0000,0.0071,0.0001,200,9.7223
0.0072,0.0000,0.0000,0.0000,0.0071,0.0000,200,9.7223
0.0072,0.0000,0.0000,0.0000,0.0071,0.0001,200,9.7223
0.0070,0.0000,0.0000,0.0000,0.0069,0.0000,200,9.7226
0.0070,0.0000,0.0000,0.0000,0.0069,0.0001,200,9.7295
0.0072,0.0000,0.0000,0.0000,0.0071,0.0000,200,9.7295
0.0071,0.0000,0.0000,0.0000,0.0070,0.0000,200,9.7296
0.0073,0.0000,0.0000,0.0000,0.0071,0.0000,200,9.7295
0.0066,0.0000,0.0000,0.0000,0.0065,0.0001,200,9.7366
0.0068,0.0000,0.0000,0.0000,0.0067,0.0000,200,9.7365
0.0077,0.0000,0.0000,0.0000,0.0076,0.0001,200,9.7367
0.0076,0.0000,0.0000,0.0000,0.0075,0.0000,200,9.7368
0.0068,0.0000,0.0000,0.0000,0.0067,0.0001,200,9.7433
0.0068,0.0000,0.0000,0.0000,0.0067,0.0001,200,9.7433
0.0065,0.0000,0.0000,0.0000,0.0064,0.0000,200,9.7444
0.0066,0.0000,0.0000,0.0000,0.0065,0.0000,200,9.7444
0.0068,0.0000,0.0000,0.0000,0.0067,0.0001,200,9.7501
0.0069,0.0000,0.0000,0.0000,0.0068,0.0000,200,9.7501
0.0064,0.0000,0.0000,0.0000,0.0064,0.0000,200,9.7509
0.0066,0.0000,0.0000,0.0000,0.0065,0.0000,200,9.7510
0.0070,0.0000,0.0000,0.0000,0.0069,0.0000,200,9.7569
0.0069,0.0000,0.0000,0.0000,0.0067,0.0002,200,9.7569
0.0066,0.0000,0.0000,0.0000,0.0065,0.0001,200,9.7573
0.0072,0.0000,0.0000,0.0000,0.0071,0.0000,200,9.7575
0.0070,0.0000,0.0000,0.0000,0.0069,0.0001,200,9.7639
0.0070,0.0000,0.0000,0.0000,0.0069,0.0001,200,9.7639
0.0072,0.0000,0.0000,0.0000,0.0071,0.0000,200,9.7639
0.0117,0.0000,0.0000,0.0000,0.0116,0.0001,200,9.7647
0.0065,0.0000,0.0000,0.0000,0.0065,0.0000,200,9.7709
0.0068,0.0000,0.0000,0.0000,0.0068,0.0000,200,9.7711
0.0110,0.0000,0.0000,0.0000,0.0109,0.0001,200,9.7709
0.0064,0.0000,0.0000,0.0000,0.0063,0.0000,200,9.7774
0.0063,0.0000,0.0000,0.0000,0.0062,0.0001,200,9.7780
0.0110,0.0000,0.0000,0.0000,0.0109,0.0001,200,9.7764
0.0064,0.0000,0.0000,0.0000,0.0063,0.0001,200,9.7838
0.0062,0.0000,0.0000,0.0000,0.0061,0.0000,200,9.7843
0.0111,0.0000,0.0000,0.0000,0.0110,0.0000,200,9.7819
0.0066,0.0000,0.0000,0.0000,0.0065,0.0001,200,9.7902
0.0064,0.0000,0.0000,0.0000,0.0063,0.0000,200,9.7904
0.0110,0.0000,0.0000,0.0000,0.0109,0.0000,200,9.7874
0.0067,0.0000,0.0000,0.0000,0.0066,0.0001,200,9.7968
0.0068,0.0000,0.0000,0.0000,0.0068,0.0000,200,9.7968
0.0114,0.0000,0.0000,0.0000,0.0114,0.0000,200,9.7930
0.0066,0.0000,0.0000,0.0000,0.0065,0.0001,200,9.8036
0.0067,0.0000,0.0000,0.0000,0.0066,0.0000,200,9.8035
0.0108,0.0000,0.0000,0.0000,0.0107,0.0001,200,9.8044
0.0169,0.0000,0.0000,0.0000,0.0168,0.0000,200,9.7984
0.0065,0.0000,0.0000,0.0000,0.0064,0.0001,200,9.8102
0.0066,0.0000,0.0000,0.0000,0.0065,0.0000,200,9.8101
0.0069,0.0000,0.0000,0.0000,0.0068,0.0001,200,9.8153
0.0063,0.0000,0.0000,0.0000,0.0063,0.0001,200,9.8166
0.0063,0.0000,0.0000,0.0000,0.0062,0.0000,200,9.8167
0.0123,0.0000,0.0000,0.0000,0.0122,0.0000,200,9.8152
0.0062,0.0000,0.0000,0.0000,0.0061,0.0000,200,9.8230
0.0067,0.0000,0.0000,0.0000,0.0066,0.0000,200,9.8230
0.0110,0.0000,0.0000,0.0000,0.0109,0.0000,200,9.8222
0.0063,0.0000,0.0000,0.0000,0.0062,0.0000,200,9.8292
0.0061,0.0000,0.0000,0.0000,0.0060,0.0000,200,9.8297
0.0112,0.0000,0.0000,0.0000,0.0111,0.0001,200,9.8275
0.0064,0.0000,0.0000,0.0000,0.0063,0.0000,200,9.8354
0.0063,0.0000,0.0000,0.0000,0.0062,0.0000,200,9.8358
0.0110,0.0000,0.0000,0.0000,0.0109,0.0001,200,9.8332
0.0067,0.0000,0.0000,0.0000,0.0065,0.0001,200,9.8418
0.0066,0.0000,0.0000,0.0000,0.0065,0.0000,200,9.8421
0.0119,0.0000,0.0000,0.0000,0.0118,0.0001,200,9.8387
0.0067,0.0000,0.0000,0.0000,0.0066,0.0001,200,9.8487
0.0070,0.0000,0.0000,0.0000,0.0069,0.0000,200,9.8485
0.0114,0.0000,0.0000,0.0000,0.0113,0.0000,200,9.8442
0.0110,0.0000,0.0000,0.0000,0.0109,0.0001,200,9.8506
0.0063,0.0000,0.0000,0.0000,0.0063,0.0000,200,9.8555
0.0069,0.0000,0.0000,0.0000,0.0066,0.0003,200,9.8554
0.0081,0.0000,0.0000,0.0000,0.0080,0.0001,200,9.8556
0.0071,0.0000,0.0000,0.0000,0.0069,0.0001,200,9.8617
0.0069,0.0000,0.0000,0.0000,0.0069,0.0000,200,9.8618
0.0078,0.0000,0.0000,0.0000,0.0077,0.0001,200,9.8636
0.0100,0.0000,0.0000,0.0000,0.0099,0.0000,200,9.8623
0.0068,0.0000,0.0000,0.0000,0.0066,0.0001,200,9.8687
0.0074,0.0000,0.0000,0.0000,0.0073,0.0000,200,9.8687
0.0075,0.0000,0.0000,0.0000,0.0074,0.0001,200,9.8723
0.0084,0.0000,0.0000,0.0000,0.0083,0.0001,200,9.8715
0.0068,0.0000,0.0000,0.0000,0.0067,0.0001,200,9.8755
0.0072,0.0000,0.0000,0.0000,0.0069,0.0003,200,9.8761
0.0068,0.0000,0.0000,0.0000,0.0067,0.0001,200,9.8798
0.0071,0.0000,0.0000,0.0000,0.0070,0.0000,200,9.8798
0.0069,0.0000,0.0000,0.0000,0.0068,0.0001,200,9.8833
0.0082,0.0000,0.0000,0.0000,0.0081,0.0000,200,9.8823
0.0079,0.0000,0.0000,0.0000,0.0077,0.0001,200,9.8866
0.0075,0.0000,0.0000,0.0000,0.0074,0.0000,200,9.8870
0.0074,0.0000,0.0000,0.0000,0.0072,0.0001,200,9.8902
0.0071,0.0000,0.0000,0.0000,0.0071,0.0000,200,9.8905
0.0072,0.0000,0.0000,0.0000,0.0070,0.0001,200,9.8945
0.0074,0.0000,0.0000,0.0000,0.0073,0.0000,200,9.8945
0.0068,0.0000,0.0000,0.0000,0.0066,0.0001,200,9.8976
0.0069,0.0000,0.0000,0.0000,0.0068,0.0000,200,9.8976
0.0067,0.0000,0.0000,0.0000,0.0066,0.0001,200,9.9019
0.0070,0.0000,0.0000,0.0000,0.0069,0.0000,200,9.9016
0.0071,0.0000,0.0000,0.0000,0.0070,0.0001,200,9.9043
0.0070,0.0000,0.0000,0.0000,0.0069,0.0000,200,9.9044
0.0077,0.0000,0.0000,0.0000,0.0076,0.0001,200,9.9085
0.0077,0.0000,0.0000,0.0000,0.0076,0.0000,200,9.9086
0.0068,0.0000,0.0000,0.0000,0.0067,0.0001,200,9.9114
0.0069,0.0000,0.0000,0.0000,0.0068,0.0000,200,9.9114
0.0071,0.0000,0.0000,0.0000,0.0070,0.0001,200,9.9162
0.0073,0.0000,0.0000,0.0000,0.0072,0.0000,200,9.9162
0.0069,0.0000,0.0000,0.0000,0.0069,0.0001,200,9.9183
0.0072,0.0000,0.0000,0.0000,0.0071,0.0000,200,9.9182
0.0070,0.0000,0.0000,0.0000,0.0069,0.0001,200,9.9235
0.0073,0.0000,0.0000,0.0000,0.0072,0.0000,200,9.9233
0.0070,0.0000,0.0000,0.0000,0.0069,0.0001,200,9.9252
0.0069,0.0000,0.0000,0.0000,0.0069,0.0000,200,9.9254
0.0071,0.0000,0.0000,0.0000,0.0070,0.0001,200,9.9305
0.0072,0.0000,0.0000,0.0000,0.0067,0.0005,200,9.9306
0.0070,0.0000,0.0000,0.0000,0.0069,0.0001,200,9.9323
0.0073,0.0000,0.0000,0.0000,0.0072,0.0000,200,9.9322
0.0073,0.0000,0.0000,0.0000,0.0072,0.0001,200,9.9376
0.0072,0.0000,0.0000,0.0000,0.0071,0.0000,200,9.9378
0.0071,0.0000,0.0000,0.0000,0.0070,0.0001,200,9.9395
0.0080,0.0000,0.0000,0.0000,0.0079,0.0000,200,9.9393
0.0069,0.0000,0.0000,0.0000,0.0067,0.0001,200,9.9449
0.0068,0.0000,0.0000,0.0000,0.0068,0.0000,200,9.9450
0.0070,0.0000,0.0000,0.0000,0.0068,0.0001,200,9.9466
0.0067,0.0000,0.0000,0.0000,0.0066,0.0000,200,9.9473
0.0072,0.0000,0.0000,0.0000,0.0071,0.0001,200,9.9519
0.0073,0.0000,0.0000,0.0000,0.0072,0.0000,200,9.9518
0.0068,0.0000,0.0000,0.0000,0.0067,0.0001,200,9.9536
0.0066,0.0000,0.0000,0.0000,0.0065,0.0000,200,9.9540
0.0066,0.0000,0.0000,0.0000,0.0065,0.0001,200,9.9591
0.0067,0.0000,0.0000,0.0000,0.0066,0.0000,200,9.9590
0.0068,0.0000,0.0000,0.0000,0.0067,0.0001,200,9.9603
0.0065,0.0000,0.0000,0.0000,0.0065,0.0000,200,9.9607
0.0066,0.0000,0.0000,0.0000,0.0065,0.0001,200,9.9658
0.0068,0.0000,0.0000,0.0000,0.0067,0.0000,200,9.9657
0.0063,0.0000,0.0000,0.0000,0.0062,0.0001,200,9.9672
0.0071,0.0000,0.0000,0.0000,0.0070,0.0000,200,9.9672
0.0067,0.0000,0.0000,0.0000,0.0066,0.0000,200,9.9725
0.0068,0.0000,0.0000,0.0000,0.0067,0.0001,200,9.9724
0.0068,0.0000,0.0000,0.0000,0.0067,0.0001,200,9.9735
0.0065,0.0000,0.0000,0.0000,0.0064,0.0001,200,9.9742
0.0066,0.0000,0.0000,0.0000,0.0065,0.0001,200,9.9792
0.0067,0.0000,0.0000,0.0000,0.0066,0.0000,200,9.9792
0.0070,0.0000,0.0000,0.0000,0.0065,0.0001,200,9.9803
0.0067,0.0000,0.0000,0.0000,0.0065,0.0001,200,9.9807
0.0066,0.0000,0.0000,0.0000,0.0065,0.0000,200,9.9858
0.0066,0.0000,0.0000,0.0000,0.0065,0.0000,200,9.9858
0.0065,0.0000,0.0000,0.0000,0.0064,0.0001,200,9.9873
0.0065,0.0000,0.0000,0.0000,0.0064,0.0000,200,9.9874
0.0067,0.0000,0.0000,0.0000,0.0066,0.0001,200,9.9924
0.0067,0.0000,0.0000,0.0000,0.0067,0.0000,200,9.9924
0.0065,0.0000,0.0000,0.0000,0.0064,0.0000,200,9.9938
0.0070,0.0000,0.0000,0.0000,0.0069,0.0001,200,9.9939
0.0066,0.0000,0.0000,0.0000,0.0066,0.0001,200,9.9991
0.0066,0.0000,0.0000,0.0000,0.0065,0.0001,200,9.9991
0.0066,0.0000,0.0000,0.0000,0.0065,0.0000,200,10.0003
0.0063,0.0000,0.0000,0.0000,0.0062,0.0000,200,10.0009
0.0067,0.0000,0.0000,0.0000,0.0066,0.0001,200,10.0057
0.0069,0.0000,0.0000,0.0000,0.0068,0.0000,200,10.0057
0.0066,0.0000,0.0000,0.0000,0.0065,0.0001,200,10.0069
0.0064,0.0000,0.0000,0.0000,0.0063,0.0000,200,10.0071
0.0069,0.0000,0.0000,0.0000,0.0068,0.0001,200,10.0125
0.0068,0.0000,0.0000,0.0000,0.0068,0.0000,200,10.0126
0.0064,0.0000,0.0000,0.0000,0.0063,0.0000,200,10.0135
0.0068,0.0000,0.0000,0.0000,0.0067,0.0000,200,10.0135
0.0068,0.0000,0.0000,0.0000,0.0067,0.0001,200,10.0194
0.0069,0.0000,0.0000,0.0000,0.0068,0.0000,200,10.0194
0.0066,0.0000,0.0000,0.0000,0.0066,0.0000,200,10.0198
0.0068,0.0000,0.0000,0.0000,0.0065,0.0003,200,10.0203
0.0066,0.0000,0.0000,0.0000,0.0066,0.0001,200,10.0264
0.0068,0.0000,0.0000,0.0000,0.0067,0.0001,200,10.0262
0.0072,0.0000,0.0000,0.0000,0.0071,0.0000,200,10.0265
0.0068,0.0000,0.0000,0.0000,0.0068,0.0000,200,10.0271
0.0068,0.0000,0.0000,0.0000,0.0067,0.0001,200,10.0330
0.0065,0.0000,0.0000,0.0000,0.0065,0.0000,200,10.0336
0.0065,0.0000,0.0000,0.0000,0.0064,0.0000,200,10.0340
0.0076,0.0000,0.0000,0.0000,0.0075,0.0000,200,10.0330
0.0072,0.0000,0.0000,0.0000,0.0070,0.0001,200,10.0398
0.0070,0.0000,0.0000,0.0000,0.0069,0.0000,200,10.0402
0.0066,0.0000,0.0000,0.0000,0.0064,0.0002,200,10.0406
0.0068,0.0000,0.0000,0.0000,0.0068,0.0000,200,10.0405
0.0066,0.0000,0.0000,0.0000,0.0065,0.0001,200,10.0472
0.0068,0.0000,0.0000,0.0000,0.0067,0.0000,200,10.0470
0.0071,0.0000,0.0000,0.0000,0.0071,0.0000,200,10.0472
0.0070,0.0000,0.0000,0.0000,0.0069,0.0000,200,10.0473
0.0069,0.0000,0.0000,0.0000,0.0068,0.0001,200,10.0538
0.0064,0.0000,0.0000,0.0000,0.0063,0.0000,200,10.0543
0.0065,0.0000,0.0000,0.0000,0.0065,0.0000,200,10.0543
0.0075,0.0000,0.0000,0.0000,0.0074,0.0000,200,10.0538
0.0071,0.0000,0.0000,0.0000,0.0071,0.0000,200,10.0607
0.0071,0.0000,0.0000,0.0000,0.0070,0.0001,200,10.0607
0.0071,0.0000,0.0000,0.0000,0.0070,0.0000,200,10.0608
0.0068,0.0000,0.0000,0.0000,0.0067,0.0000,200,10.0613
0.0068,0.0000,0.0000,0.0000,0.0067,0.0001,200,10.0678
0.0067,0.0000,0.0000,0.0000,0.0066,0.0001,200,10.0679
0.0071,0.0000,0.0000,0.0000,0.0071,0.0000,200,10.0678
0.0076,0.0000,0.0000,0.0000,0.0075,0.0000,200,10.0680
0.0070,0.0000,0.0000,0.0000,0.0067,0.0002,200,10.0747
0.0070,0.0000,0.0000,0.0000,0.0069,0.0000,200,10.0747
0.0069,0.0000,0.0000,0.0000,0.0069,0.0001,200,10.0750
0.0066,0.0000,0.0000,0.0000,0.0065,0.0000,200,10.0756
0.0070,0.0000,0.0000,0.0000,0.0069,0.0001,200,10.0816
0.0070,0.0000,0.0000,0.0000,0.0069,0.0000,200,10.0817
0.0067,0.0000,0.0000,0.0000,0.0067,0.0000,200,10.0819
0.0079,0.0000,0.0000,0.0000,0.0078,0.0001,200,10.0822
0.0072,0.0000,0.0000,0.0000,0.0071,0.0001,200,10.0887
0.0081,0.0000,0.0000,0.0000,0.0080,0.0000,200,10.0886
0.0082,0.0000,0.0000,0.0000,0.0078,0.0003,200,10.0887
0.0071,0.0000,0.0000,0.0000,0.0070,0.0001,200,10.0902
0.0068,0.0000,0.0000,0.0000,0.0067,0.0001,200,10.0958
0.0068,0.0000,0.0000,0.0000,0.0067,0.0001,200,10.0967
0.0068,0.0000,0.0000,0.0000,0.0067,0.0000,200,10.0968
0.0072,0.0000,0.0000,0.0000,0.0071,0.0000,200,10.0972
0.0067,0.0000,0.0000,0.0000,0.0066,0.0001,200,10.1026
0.0064,0.0000,0.0000,0.0000,0.0064,0.0000,200,10.1036
0.0068,0.0000,0.0000,0.0000,0.0067,0.0000,200,10.1035
0.0063,0.0000,0.0000,0.0000,0.0062,0.0000,200,10.1044
0.0068,0.0000,0.0000,0.0000,0.0067,0.0001,200,10.1093
0.0065,0.0000,0.0000,0.0000,0.0064,0.0000,200,10.1103
0.0063,0.0000,0.0000,0.0000,0.0062,0.0000,200,10.1107
0.0080,0.0000,0.0000,0.0000,0.0079,0.0001,200,10.1100
0.0068,0.0000,0.0000,0.0000,0.0067,0.0000,200,10.1161
0.0065,0.0000,0.0000,0.0000,0.0064,0.0000,200,10.1169
0.0064,0.0000,0.0000,0.0000,0.0064,0.0000,200,10.1170
0.0065,0.0000,0.0000,0.0000,0.0065,0.0001,200,10.1181
0.0070,0.0000,0.0000,0.0000,0.0068,0.0002,200,10.1229
0.0067,0.0000,0.0000,0.0000,0.0066,0.0000,200,10.1234
0.0069,0.0000,0.0000,0.0000,0.0069,0.0000,200,10.1233
0.0065,0.0000,0.0000,0.0000,0.0064,0.0001,200,10.1246
0.0069,0.0000,0.0000,0.0000,0.0068,0.0001,200,10.1299
0.0066,0.0000,0.0000,0.0000,0.0066,0.0000,200,10.1303
0.0068,0.0000,0.0000,0.0000,0.0068,0.0000,200,10.1301
0.0064,0.0000,0.0000,0.0000,0.0063,0.0001,200,10.1311
0.0067,0.0000,0.0000,0.0000,0.0066,0.0001,200,10.1369
0.0068,0.0000,0.0000,0.0000,0.0068,0.0000,200,10.1369
0.0071,0.0000,0.0000,0.0000,0.0070,0.0000,200,10.1369
0.0084,0.0000,0.0000,0.0000,0.0084,0.0001,200,10.1376
0.0068,0.0000,0.0000,0.0000,0.0066,0.0001,200,10.1436
0.0067,0.0000,0.0000,0.0000,0.0066,0.0000,200,10.1437
0.0071,0.0000,0.0000,0.0000,0.0070,0.0000,200,10.1440
0.0073,0.0000,0.0000,0.0000,0.0072,0.0001,200,10.1460
0.0066,0.0000,0.0000,0.0000,0.0065,0.0000,200,10.1504
0.0066,0.0000,0.0000,0.0000,0.0065,0.0001,200,10.1503
0.0063,0.0000,0.0000,0.0000,0.0063,0.0000,200,10.1510
0.0066,0.0000,0.0000,0.0000,0.0065,0.0000,200,10.1533
0.0067,0.0000,0.0000,0.0000,0.0066,0.0001,200,10.1570
0.0067,0.0000,0.0000,0.0000,0.0066,0.0000,200,10.1570
0.0064,0.0000,0.0000,0.0000,0.0063,0.0000,200,10.1573
0.0065,0.0000,0.0000,0.0000,0.0064,0.0001,200,10.1599
0.0069,0.0000,0.0000,0.0000,0.0068,0.0001,200,10.1637
0.0070,0.0000,0.0000,0.0000,0.0070,0.0000,200,10.1636
0.0069,0.0000,0.0000,0.0000,0.0069,0.0000,200,10.1638
0.0065,0.0000,0.0000,0.0000,0.0064,0.0000,200,10.1664
0.0068,0.0000,0.0000,0.0000,0.0067,0.0001,200,10.1705
0.0066,0.0000,0.0000,0.0000,0.0065,0.0001,200,10.1707
0.0069,0.0000,0.0000,0.0000,0.0069,0.0000,200,10.1707
0.0063,0.0000,0.0000,0.0000,0.0063,0.0001,200,10.1729
0.0068,0.0000,0.0000,0.0000,0.0067,0.0001,200,10.1773
0.0070,0.0000,0.0000,0.0000,0.0069,0.0000,200,10.1773
0.0069,0.0000,0.0000,0.0000,0.0069,0.0000,200,10.1776
0.0066,0.0000,0.0000,0.0000,0.0066,0.0001,200,10.1793
0.0066,0.0000,0.0000,0.0000,0.0065,0.0001,200,10.1842
0.0068,0.0000,0.0000,0.0000,0.0066,0.0002,200,10.1841
0.0065,0.0000,0.0000,0.0000,0.0065,0.0000,200,10.1846
0.0066,0.0000,0.0000,0.0000,0.0065,0.0000,200,10.1859
0.0067,0.0000,0.0000,0.0000,0.0066,0.0001,200,10.1908
0.0073,0.0000,0.0000,0.0000,0.0073,0.0000,200,10.1909
0.0072,0.0000,0.0000,0.0000,0.0071,0.0000,200,10.1911
0.0082,0.0000,0.0000,0.0000,0.0065,0.0016,200,10.1925
0.0070,0.0000,0.0000,0.0000,0.0069,0.0001,200,10.1976
0.0065,0.0000,0.0000,0.0000,0.0064,0.0000,200,10.1982
0.0068,0.0000,0.0000,0.0000,0.0067,0.0000,200,10.1983
0.0064,0.0000,0.0000,0.0000,0.0063,0.0000,200,10.2007
0.0064,0.0000,0.0000,0.0000,0.0064,0.0000,200,10.2051
0.0069,0.0000,0.0000,0.0000,0.0068,0.0000,200,10.2046
0.0068,0.0000,0.0000,0.0000,0.0067,0.0000,200,10.2047
0.0063,0.0000,0.0000,0.0000,0.0062,0.0001,200,10.2071
0.0067,0.0000,0.0000,0.0000,0.0066,0.0001,200,10.2115
0.0068,0.0000,0.0000,0.0000,0.0068,0.0000,200,10.2115
0.0070,0.0000,0.0000,0.0000,0.0069,0.0000,200,10.2115
0.0064,0.0000,0.0000,0.0000,0.0063,0.0000,200,10.2134
0.0066,0.0000,0.0000,0.0000,0.0065,0.0001,200,10.2183
0.0068,0.0000,0.0000,0.0000,0.0067,0.0000,200,10.2182
0.0072,0.0000,0.0000,0.0000,0.0071,0.0000,200,10.2185
0.0064,0.0000,0.0000,0.0000,0.0064,0.0000,200,10.2198
0.0066,0.0000,0.0000,0.0000,0.0065,0.0001,200,10.2250
0.0067,0.0000,0.0000,0.0000,0.0066,0.0000,200,10.2249
0.0065,0.0000,0.0000,0.0000,0.0064,0.0001,200,10.2263
0.0071,0.0000,0.0000,0.0000,0.0070,0.0000,200,10.2257
0.0069,0.0000,0.0000,0.0000,0.0068,0.0001,200,10.2316
0.0070,0.0000,0.0000,0.0000,0.0069,0.0000,200,10.2316
0.0066,0.0000,0.0000,0.0000,0.0065,0.0001,200,10.2327
0.0065,0.0000,0.0000,0.0000,0.0064,0.0000,200,10.2329
0.0070,0.0000,0.0000,0.0000,0.0068,0.0001,200,10.2386
0.0069,0.0000,0.0000,0.0000,0.0068,0.0000,200,10.2386
0.0064,0.0000,0.0000,0.0000,0.0063,0.0000,200,10.2393
0.0066,0.0000,0.0000,0.0000,0.0065,0.0001,200,10.2393
0.0067,0.0000,0.0000,0.0000,0.0066,0.0001,200,10.2455
0.0066,0.0000,0.0000,0.0000,0.0065,0.0000,200,10.2457
0.0069,0.0000,0.0000,0.0000,0.0068,0.0000,200,10.2455
0.0069,0.0000,0.0000,0.0000,0.0068,0.0000,200,10.2459
0.0071,0.0000,0.0000,0.0000,0.0069,0.0001,200,10.2522
0.0069,0.0000,0.0000,0.0000,0.0069,0.0000,200,10.2524
0.0071,0.0000,0.0000,0.0000,0.0070,0.0000,200,10.2523
0.0068,0.0000,0.0000,0.0000,0.0067,0.0000,200,10.2528
0.0068,0.0000,0.0000,0.0000,0.0067,0.0001,200,10.2593
0.0069,0.0000,0.0000,0.0000,0.0069,0.0000,200,10.2594
0.0071,0.0000,0.0000,0.0000,0.0070,0.0000,200,10.2593
0.0120,0.0000,0.0000,0.0000,0.0119,0.0001,200,10.2596
0.0065,0.0000,0.0000,0.0000,0.0064,0.0000,200,10.2663
0.0071,0.0000,0.0000,0.0000,0.0070,0.0000,200,10.2664
0.0108,0.0000,0.0000,0.0000,0.0107,0.0001,200,10.2661
0.0065,0.0000,0.0000,0.0000,0.0064,0.0001,200,10.2727
0.0064,0.0000,0.0000,0.0000,0.0063,0.0000,200,10.2735
0.0108,0.0000,0.0000,0.0000,0.0107,0.0001,200,10.2716
0.0065,0.0000,0.0000,0.0000,0.0064,0.0001,200,10.2792
0.0062,0.0000,0.0000,0.0000,0.0062,0.0000,200,10.2799
0.0110,0.0000,0.0000,0.0000,0.0109,0.0000,200,10.2770
0.0067,0.0000,0.0000,0.0000,0.0066,0.0001,200,10.2857
0.0064,0.0000,0.0000,0.0000,0.0063,0.0000,200,10.2861
0.0166,0.0000,0.0000,0.0000,0.0165,0.0000,200,10.2824
0.0066,0.0000,0.0000,0.0000,0.0065,0.0001,200,10.2924
0.0111,0.0000,0.0000,0.0000,0.0110,0.0000,200,10.2880
0.0065,0.0000,0.0000,0.0000,0.0065,0.0000,200,10.2925
0.0074,0.0000,0.0000,0.0000,0.0073,0.0001,200,10.2990
0.0075,0.0000,0.0000,0.0000,0.0074,0.0001,200,10.2990
0.0075,0.0000,0.0000,0.0000,0.0074,0.0001,200,10.2990
0.0129,0.0000,0.0000,0.0000,0.0128,0.0001,200,10.2990
0.0065,0.0000,0.0000,0.0000,0.0064,0.0000,200,10.3065
0.0072,0.0000,0.0000,0.0000,0.0071,0.0001,200,10.3065
0.0110,0.0000,0.0000,0.0000,0.0109,0.0001,200,10.3065
0.0065,0.0000,0.0000,0.0000,0.0064,0.0001,200,10.3130
0.0063,0.0000,0.0000,0.0000,0.0062,0.0000,200,10.3137
0.0113,0.0000,0.0000,0.0000,0.0112,0.0001,200,10.3119
0.0064,0.0000,0.0000,0.0000,0.0063,0.0001,200,10.3200
0.0070,0.0000,0.0000,0.0000,0.0069,0.0000,200,10.3194
0.0112,0.0000,0.0000,0.0000,0.0111,0.0001,200,10.3175
0.0065,0.0000,0.0000,0.0000,0.0064,0.0001,200,10.3264
0.0066,0.0000,0.0000,0.0000,0.0065,0.0001,200,10.3264
0.0111,0.0000,0.0000,0.0000,0.0110,0.0001,200,10.3232
0.0066,0.0000,0.0000,0.0000,0.0065,0.0001,200,10.3329
0.0066,0.0000,0.0000,0.0000,0.0065,0.0000,200,10.3330
0.0164,0.0000,0.0000,0.0000,0.0163,0.0001,200,10.3287
0.0109,0.0000,0.0000,0.0000,0.0109,0.0000,200,10.3343
0.0064,0.0000,0.0000,0.0000,0.0064,0.0000,200,10.3396
0.0065,0.0000,0.0000,0.0000,0.0064,0.0001,200,10.3396
0.0065,0.0000,0.0000,0.0000,0.0064,0.0000,200,10.3461
0.0065,0.0000,0.0000,0.0000,0.0064,0.0000,200,10.3461
0.0120,0.0000,0.0000,0.0000,0.0119,0.0001,200,10.3452
0.0120,0.0000,0.0000,0.0000,0.0119,0.0001,200,10.3452
0.0064,0.0000,0.0000,0.0000,0.0063,0.0000,200,10.3526
0.0064,0.0000,0.0000,0.0000,0.0063,0.0000,200,10.3526
0.0066,0.0000,0.0000,0.0000,0.0065,0.0000,200,10.3572
0.0063,0.0000,0.0000,0.0000,0.0063,0.0001,200,10.3590
0.0064,0.0000,0.0000,0.0000,0.0063,0.0000,200,10.3590
0.0122,0.0000,0.0000,0.0000,0.0121,0.0001,200,10.3572
0.0063,0.0000,0.0000,0.0000,0.0062,0.0001,200,10.3654
0.0064,0.0000,0.0000,0.0000,0.0063,0.0000,200,10.3653
0.0111,0.0000,0.0000,0.0000,0.0110,0.0000,200,10.3638
0.0066,0.0000,0.0000,0.0000,0.0065,0.0001,200,10.3717
0.0066,0.0000,0.0000,0.0000,0.0065,0.0000,200,10.3717
0.0066,0.0000,0.0000,0.0000,0.0065,0.0001,200,10.3783
0.0067,0.0000,0.0000,0.0000,0.0065,0.0000,200,10.3783
0.0170,0.0000,0.0000,0.0000,0.0169,0.0001,200,10.3694
0.0115,0.0000,0.0000,0.0000,0.0114,0.0000,200,10.3749
0.0068,0.0000,0.0000,0.0000,0.0067,0.0001,200,10.3850
0.0067,0.0000,0.0000,0.0000,0.0066,0.0001,200,10.3864
0.0082,0.0000,0.0000,0.0000,0.0081,0.0000,200,10.3850
0.0068,0.0000,0.0000,0.0000,0.0067,0.0001,200,10.3918
0.0123,0.0000,0.0000,0.0000,0.0122,0.0000,200,10.3863
0.0065,0.0000,0.0000,0.0000,0.0064,0.0000,200,10.3930
0.0111,0.0000,0.0000,0.0000,0.0110,0.0001,200,10.3931
0.0066,0.0000,0.0000,0.0000,0.0065,0.0000,200,10.3986
0.0068,0.0000,0.0000,0.0000,0.0067,0.0000,200,10.3995
0.0118,0.0000,0.0000,0.0000,0.0116,0.0001,200,10.3986
0.0063,0.0000,0.0000,0.0000,0.0063,0.0000,200,10.4053
0.0063,0.0000,0.0000,0.0000,0.0062,0.0000,200,10.4063
0.0109,0.0000,0.0000,0.0000,0.0108,0.0000,200,10.4043
0.0066,0.0000,0.0000,0.0000,0.0064,0.0002,200,10.4116
0.0064,0.0000,0.0000,0.0000,0.0064,0.0001,200,10.4126
0.0076,0.0000,0.0000,0.0000,0.0074,0.0001,200,10.4182
0.0070,0.0000,0.0000,0.0000,0.0069,0.0000,200,10.4191
0.0161,0.0000,0.0000,0.0000,0.0160,0.0000,200,10.4104
0.0113,0.0000,0.0000,0.0000,0.0112,0.0000,200,10.4152
0.0067,0.0000,0.0000,0.0000,0.0066,0.0001,200,10.4258
0.0065,0.0000,0.0000,0.0000,0.0064,0.0000,200,10.4265
0.0077,0.0000,0.0000,0.0000,0.0076,0.0000,200,10.4261
0.0067,0.0000,0.0000,0.0000,0.0066,0.0000,200,10.4325
0.0064,0.0000,0.0000,0.0000,0.0063,0.0000,200,10.4337
0.0173,0.0000,0.0000,0.0000,0.0172,0.0001,200,10.4265
0.0111,0.0000,0.0000,0.0000,0.0111,0.0001,200,10.4329
0.0063,0.0000,0.0000,0.0000,0.0063,0.0000,200,10.4391
0.0063,0.0000,0.0000,0.0000,0.0062,0.0000,200,10.4401
0.0066,0.0000,0.0000,0.0000,0.0065,0.0000,200,10.4438
0.0064,0.0000,0.0000,0.0000,0.0063,0.0000,200,10.4455
0.0062,0.0000,0.0000,0.0000,0.0062,0.0000,200,10.4464
0.0129,0.0000,0.0000,0.0000,0.0128,0.0001,200,10.4441
0.0064,0.0000,0.0000,0.0000,0.0063,0.0000,200,10.4519
0.0064,0.0000,0.0000,0.0000,0.0063,0.0000,200,10.4527
0.0110,0.0000,0.0000,0.0000,0.0109,0.0001,200,10.4504
0.0064,0.0000,0.0000,0.0000,0.0063,0.0000,200,10.4583
0.0063,0.0000,0.0000,0.0000,0.0063,0.0000,200,10.4590
0.0100,0.0000,0.0000,0.0000,0.0099,0.0001,200,10.4569
0.0064,0.0000,0.0000,0.0000,0.0063,0.0001,200,10.4646
0.0064,0.0000,0.0000,0.0000,0.0063,0.0000,200,10.4654
0.0111,0.0000,0.0000,0.0000,0.0110,0.0001,200,10.4614
0.0071,0.0000,0.0000,0.0000,0.0070,0.0001,200,10.4711
0.0114,0.0000,0.0000,0.0000,0.0113,0.0001,200,10.4670
0.0071,0.0000,0.0000,0.0000,0.0071,0.0000,200,10.4717
0.0113,0.0000,0.0000,0.0000,0.0112,0.0001,200,10.4726
0.0065,0.0000,0.0000,0.0000,0.0064,0.0000,200,10.4784
0.0063,0.0000,0.0000,0.0000,0.0061,0.0001,200,10.4789
0.0112,0.0000,0.0000,0.0000,0.0111,0.0001,200,10.4782
0.0063,0.0000,0.0000,0.0000,0.0062,0.0000,200,10.4851
0.0065,0.0000,0.0000,0.0000,0.0065,0.0000,200,10.4849
0.0110,0.0000,0.0000,0.0000,0.0109,0.0001,200,10.4838
0.0064,0.0000,0.0000,0.0000,0.0063,0.0001,200,10.4914
0.0065,0.0000,0.0000,0.0000,0.0064,0.0000,200,10.4914
0.0066,0.0000,0.0000,0.0000,0.0065,0.0001,200,10.4978
0.0066,0.0000,0.0000,0.0000,0.0065,0.0000,200,10.4979
0.0161,0.0000,0.0000,0.0000,0.0161,0.0001,200,10.4894
0.0109,0.0000,0.0000,0.0000,0.0108,0.0000,200,10.4948
0.0066,0.0000,0.0000,0.0000,0.0065,0.0000,200,10.5044
0.0065,0.0000,0.0000,0.0000,0.0064,0.0001,200,10.5044
0.0066,0.0000,0.0000,0.0000,0.0065,0.0000,200,10.5056
0.0067,0.0000,0.0000,0.0000,0.0066,0.0001,200,10.5110
0.0119,0.0000,0.0000,0.0000,0.0119,0.0000,200,10.5058
0.0068,0.0000,0.0000,0.0000,0.0066,0.0002,200,10.5110
0.0113,0.0000,0.0000,0.0000,0.0112,0.0001,200,10.5122
0.0065,0.0000,0.0000,0.0000,0.0064,0.0000,200,10.5177
0.0069,0.0000,0.0000,0.0000,0.0069,0.0000,200,10.5178
0.0071,0.0000,0.0000,0.0000,0.0070,0.0000,200,10.5177
0.0067,0.0000,0.0000,0.0000,0.0066,0.0001,200,10.5235
0.0066,0.0000,0.0000,0.0000,0.0065,0.0001,200,10.5242
0.0066,0.0000,0.0000,0.0000,0.0065,0.0000,200,10.5247
0.0070,0.0000,0.0000,0.0002,0.0067,0.0000,200,10.5248
0.0067,0.0000,0.0000,0.0000,0.0066,0.0001,200,10.5302
0.0065,0.0000,0.0000,0.0000,0.0064,0.0000,200,10.5308
0.0065,0.0000,0.0000,0.0000,0.0065,0.0001,200,10.5314
0.0065,0.0000,0.0000,0.0000,0.0064,0.0000,200,10.5317
0.0065,0.0000,0.0000,0.0000,0.0065,0.0000,200,10.5373
0.0071,0.0000,0.0000,0.0000,0.0069,0.0002,200,10.5369
0.0066,0.0000,0.0000,0.0000,0.0065,0.0001,200,10.5382
0.0069,0.0000,0.0000,0.0000,0.0069,0.0000,200,10.5379
0.0068,0.0000,0.0000,0.0000,0.0067,0.0001,200,10.5440
0.0073,0.0000,0.0000,0.0000,0.0072,0.0000,200,10.5439
0.0066,0.0000,0.0000,0.0000,0.0065,0.0000,200,10.5448
0.0066,0.0000,0.0000,0.0000,0.0066,0.0000,200,10.5449
0.0068,0.0000,0.0000,0.0000,0.0066,0.0001,200,10.5511
0.0066,0.0000,0.0000,0.0000,0.0065,0.0000,200,10.5514
0.0072,0.0000,0.0000,0.0000,0.0072,0.0000,200,10.5507
0.0065,0.0000,0.0000,0.0000,0.0064,0.0001,200,10.5515
0.0068,0.0000,0.0000,0.0000,0.0067,0.0001,200,10.5580
0.0069,0.0000,0.0000,0.0000,0.0069,0.0000,200,10.5579
0.0072,0.0000,0.0000,0.0000,0.0072,0.0000,200,10.5580
0.0073,0.0000,0.0000,0.0000,0.0071,0.0002,200,10.5580
0.0066,0.0000,0.0000,0.0000,0.0065,0.0001,200,10.5649
0.0068,0.0000,0.0000,0.0000,0.0067,0.0000,200,10.5647
0.0072,0.0000,0.0000,0.0000,0.0071,0.0000,200,10.5652
0.0072,0.0000,0.0000,0.0000,0.0072,0.0000,200,10.5653
0.0068,0.0000,0.0000,0.0000,0.0067,0.0001,200,10.5715
0.0069,0.0000,0.0000,0.0000,0.0068,0.0000,200,10.5715
0.0063,0.0000,0.0000,0.0000,0.0063,0.0000,200,10.5724
0.0063,0.0000,0.0000,0.0000,0.0063,0.0000,200,10.5725
0.0071,0.0000,0.0000,0.0000,0.0070,0.0001,200,10.5783
0.0071,0.0000,0.0000,0.0000,0.0070,0.0000,200,10.5784
0.0069,0.0000,0.0000,0.0000,0.0068,0.0000,200,10.5787
0.0071,0.0000,0.0000,0.0000,0.0068,0.0000,200,10.5789
0.0069,0.0000,0.0000,0.0000,0.0068,0.0001,200,10.5853
0.0066,0.0000,0.0000,0.0000,0.0066,0.0000,200,10.5856
0.0069,0.0000,0.0000,0.0000,0.0068,0.0000,200,10.5855
0.0080,0.0000,0.0000,0.0000,0.0079,0.0001,200,10.5860
0.0069,0.0000,0.0000,0.0000,0.0068,0.0001,200,10.5922
0.0070,0.0000,0.0000,0.0000,0.0069,0.0000,200,10.5922
0.0075,0.0000,0.0000,0.0000,0.0073,0.0001,200,10.5924
0.0065,0.0000,0.0000,0.0000,0.0064,0.0001,200,10.5940
0.0072,0.0000,0.0000,0.0000,0.0071,0.0001,200,10.5992
0.0067,0.0000,0.0000,0.0000,0.0065,0.0002,200,10.5999
0.0074,0.0000,0.0000,0.0000,0.0072,0.0002,200,10.5992
0.0067,0.0000,0.0000,0.0000,0.0064,0.0002,200,10.6005
0.0071,0.0000,0.0000,0.0000,0.0070,0.0001,200,10.6066
0.0071,0.0000,0.0000,0.0000,0.0070,0.0000,200,10.6066
0.0077,0.0000,0.0000,0.0000,0.0072,0.0001,200,10.6064
0.0072,0.0000,0.0000,0.0000,0.0072,0.0000,200,10.6072
0.0064,0.0000,0.0000,0.0000,0.0063,0.0001,200,10.6141
0.0068,0.0000,0.0000,0.0000,0.0067,0.0001,200,10.6137
0.0076,0.0000,0.0000,0.0000,0.0075,0.0001,200,10.6137
0.0073,0.0000,0.0000,0.0000,0.0072,0.0000,200,10.6144
0.0068,0.0000,0.0000,0.0000,0.0067,0.0001,200,10.6205
0.0077,0.0000,0.0000,0.0000,0.0076,0.0000,200,10.6205
0.0070,0.0000,0.0000,0.0000,0.0068,0.0002,200,10.6213
0.0068,0.0000,0.0000,0.0000,0.0067,0.0000,200,10.6216
0.0069,0.0000,0.0000,0.0000,0.0068,0.0001,200,10.6282
0.0068,0.0000,0.0000,0.0000,0.0067,0.0001,200,10.6283
0.0081,0.0000,0.0000,0.0000,0.0080,0.0000,200,10.6273
0.0071,0.0000,0.0000,0.0000,0.0070,0.0000,200,10.6284
0.0069,0.0000,0.0000,0.0000,0.0068,0.0001,200,10.6351
0.0069,0.0000,0.0000,0.0000,0.0068,0.0000,200,10.6351
0.0074,0.0000,0.0000,0.0000,0.0074,0.0000,200,10.6355
0.0075,0.0000,0.0000,0.0000,0.0074,0.0000,200,10.6354
0.0068,0.0000,0.0000,0.0000,0.0066,0.0001,200,10.6420
0.0068,0.0000,0.0000,0.0000,0.0067,0.0000,200,10.6420
0.0065,0.0000,0.0000,0.0000,0.0064,0.0000,200,10.6429
0.0066,0.0000,0.0000,0.0000,0.0065,0.0000,200,10.6429
0.0071,0.0000,0.0000,0.0000,0.0070,0.0000,200,10.6488
0.0071,0.0000,0.0000,0.0000,0.0070,0.0000,200,10.6488
0.0064,0.0000,0.0000,0.0000,0.0063,0.0001,200,10.6495
0.0073,0.0000,0.0000,0.0000,0.0072,0.0001,200,10.6494
0.0067,0.0000,0.0000,0.0000,0.0066,0.0001,200,10.6559
0.0068,0.0000,0.0000,0.0000,0.0067,0.0000,200,10.6559
0.0072,0.0000,0.0000,0.0000,0.0071,0.0000,200,10.6559
0.0069,0.0000,0.0000,0.0000,0.0069,0.0000,200,10.6567
0.0070,0.0000,0.0000,0.0000,0.0069,0.0001,200,10.6627
0.0071,0.0000,0.0000,0.0000,0.0070,0.0001,200,10.6626
0.0068,0.0000,0.0000,0.0000,0.0066,0.0001,200,10.6630
0.0071,0.0000,0.0000,0.0000,0.0070,0.0001,200,10.6637
0.0069,0.0000,0.0000,0.0000,0.0068,0.0001,200,10.6697
0.0069,0.0000,0.0000,0.0000,0.0069,0.0000,200,10.6697
0.0071,0.0000,0.0000,0.0000,0.0070,0.0000,200,10.6698
0.0065,0.0000,0.0000,0.0000,0.0064,0.0000,200,10.6708
0.0068,0.0000,0.0000,0.0000,0.0067,0.0001,200,10.6765
0.0068,0.0000,0.0000,0.0000,0.0067,0.0001,200,10.6769
0.0066,0.0000,0.0000,0.0000,0.0065,0.0000,200,10.6772
0.0073,0.0000,0.0000,0.0000,0.0072,0.0000,200,10.6766
0.0071,0.0000,0.0000,0.0000,0.0070,0.0001,200,10.6833
0.0067,0.0000,0.0000,0.0000,0.0067,0.0000,200,10.6837
0.0071,0.0000,0.0000,0.0000,0.0071,0.0000,200,10.6838
0.0070,0.0000,0.0000,0.0000,0.0070,0.0000,200,10.6839
0.0065,0.0000,0.0000,0.0000,0.0064,0.0001,200,10.6909
0.0070,0.0000,0.0000,0.0000,0.0069,0.0001,200,10.6905
0.0066,0.0000,0.0000,0.0000,0.0065,0.0000,200,10.6909
0.0073,0.0000,0.0000,0.0000,0.0073,0.0000,200,10.6905
0.0067,0.0000,0.0000,0.0000,0.0066,0.0001,200,10.6975
0.0067,0.0000,0.0000,0.0000,0.0067,0.0001,200,10.6975
0.0072,0.0000,0.0000,0.0000,0.0071,0.0000,200,10.6975
0.0073,0.0000,0.0000,0.0000,0.0072,0.0001,200,10.6978
0.0070,0.0000,0.0000,0.0000,0.0069,0.0001,200,10.7042
0.0067,0.0000,0.0000,0.0000,0.0066,0.0000,200,10.7047
0.0072,0.0000,0.0000,0.0000,0.0071,0.0000,200,10.7042
0.0064,0.0000,0.0000,0.0000,0.0063,0.0000,200,10.7051
0.0068,0.0000,0.0000,0.0000,0.0067,0.0001,200,10.7112
0.0068,0.0000,0.0000,0.0000,0.0068,0.0000,200,10.7114
0.0071,0.0000,0.0000,0.0000,0.0070,0.0000,200,10.7113
0.0075,0.0000,0.0000,0.0000,0.0074,0.0000,200,10.7115
0.0069,0.0000,0.0000,0.0000,0.0068,0.0001,200,10.7182
0.0069,0.0000,0.0000,0.0000,0.0068,0.0000,200,10.7184
0.0078,0.0000,0.0000,0.0000,0.0077,0.0000,200,10.7180
0.0074,0.0000,0.0000,0.0000,0.0073,0.0000,200,10.7190
0.0068,0.0000,0.0000,0.0000,0.0067,0.0001,200,10.7253
0.0070,0.0000,0.0000,0.0000,0.0069,0.0000,200,10.7252
0.0066,0.0000,0.0000,0.0000,0.0065,0.0000,200,10.7258
0.0066,0.0000,0.0000,0.0000,0.0065,0.0000,200,10.7264
0.0067,0.0000,0.0000,0.0000,0.0066,0.0001,200,10.7322
0.0069,0.0000,0.0000,0.0000,0.0068,0.0000,200,10.7322
0.0077,0.0000,0.0000,0.0000,0.0076,0.0001,200,10.7324
0.0072,0.0000,0.0000,0.0000,0.0071,0.0001,200,10.7329
0.0067,0.0000,0.0000,0.0000,0.0066,0.0001,200,10.7390
0.0073,0.0000,0.0000,0.0000,0.0072,0.0000,200,10.7389
0.0063,0.0000,0.0000,0.0000,0.0062,0.0000,200,10.7401
0.0064,0.0000,0.0000,0.0000,0.0063,0.0000,200,10.7401
0.0071,0.0000,0.0000,0.0000,0.0070,0.0001,200,10.7457
0.0068,0.0000,0.0000,0.0000,0.0067,0.0000,200,10.7462
0.0068,0.0000,0.0000,0.0000,0.0067,0.0000,200,10.7464
0.0073,0.0000,0.0000,0.0000,0.0072,0.0000,200,10.7465
0.0073,0.0000,0.0000,0.0000,0.0071,0.0001,200,10.7528
0.0072,0.0000,0.0000,0.0000,0.0072,0.0000,200,10.7529
0.0065,0.0000,0.0000,0.0000,0.0065,0.0000,200,10.7537
0.0071,0.0000,0.0000,0.0000,0.0071,0.0000,200,10.7532
0.0067,0.0000,0.0000,0.0000,0.0066,0.0001,200,10.7601
0.0069,0.0000,0.0000,0.0000,0.0069,0.0001,200,10.7603
0.0071,0.0000,0.0000,0.0000,0.0071,0.0000,200,10.7602
0.0078,0.0000,0.0000,0.0000,0.0077,0.0000,200,10.7602
0.0066,0.0000,0.0000,0.0000,0.0065,0.0000,200,10.7674
0.0067,0.0000,0.0000,0.0000,0.0066,0.0000,200,10.7673
0.0072,0.0000,0.0000,0.0000,0.0071,0.0000,200,10.7668
0.0072,0.0000,0.0000,0.0000,0.0068,0.0003,200,10.7679
0.0068,0.0000,0.0000,0.0000,0.0067,0.0001,200,10.7740
0.0072,0.0000,0.0000,0.0000,0.0071,0.0000,200,10.7739
0.0074,0.0000,0.0000,0.0000,0.0073,0.0000,200,10.7740
0.0067,0.0000,0.0000,0.0000,0.0065,0.0000,200,10.7751
0.0070,0.0000,0.0000,0.0000,0.0069,0.0001,200,10.7808
0.0068,0.0000,0.0000,0.0000,0.0068,0.0000,200,10.7812
0.0067,0.0000,0.0000,0.0000,0.0065,0.0002,200,10.7813
0.0065,0.0000,0.0000,0.0000,0.0064,0.0000,200,10.7818
0.0069,0.0000,0.0000,0.0000,0.0067,0.0000,200,10.7880
0.0072,0.0000,0.0000,0.0000,0.0069,0.0002,200,10.7878
0.0069,0.0000,0.0000,0.0000,0.0068,0.0000,200,10.7883
0.0072,0.0000,0.0000,0.0001,0.0070,0.0000,200,10.7880
0.0068,0.0000,0.0000,0.0000,0.0067,0.0001,200,10.7949
0.0067,0.0000,0.0000,0.0000,0.0066,0.0000,200,10.7951
0.0072,0.0000,0.0000,0.0000,0.0071,0.0001,200,10.7950
0.0071,0.0000,0.0000,0.0000,0.0070,0.0001,200,10.7952
0.0071,0.0000,0.0000,0.0000,0.0070,0.0001,200,10.8018
0.0073,0.0000,0.0000,0.0000,0.0072,0.0000,200,10.8017
0.0068,0.0000,0.0000,0.0000,0.0068,0.0000,200,10.8022
0.0071,0.0000,0.0000,0.0000,0.0070,0.0000,200,10.8024
0.0067,0.0000,0.0000,0.0000,0.0066,0.0001,200,10.8090
0.0069,0.0000,0.0000,0.0000,0.0068,0.0001,200,10.8089
0.0073,0.0000,0.0000,0.0000,0.0072,0.0000,200,10.8090
0.0071,0.0000,0.0000,0.0000,0.0070,0.0000,200,10.8094
0.0068,0.0000,0.0000,0.0000,0.0067,0.0001,200,10.8158
0.0070,0.0000,0.0000,0.0000,0.0069,0.0000,200,10.8157
0.0064,0.0000,0.0000,0.0000,0.0064,0.0000,200,10.8163
0.0068,0.0000,0.0000,0.0000,0.0067,0.0000,200,10.8165
0.0066,0.0000,0.0000,0.0000,0.0066,0.0000,200,10.8228
0.0068,0.0000,0.0000,0.0000,0.0067,0.0001,200,10.8226
0.0067,0.0000,0.0000,0.0000,0.0066,0.0001,200,10.8227
0.0072,0.0000,0.0000,0.0000,0.0071,0.0001,200,10.8233
0.0068,0.0000,0.0000,0.0000,0.0067,0.0001,200,10.8294
0.0070,0.0000,0.0000,0.0000,0.0069,0.0000,200,10.8294
0.0073,0.0000,0.0000,0.0000,0.0071,0.0000,200,10.8294
0.0066,0.0000,0.0000,0.0000,0.0065,0.0000,200,10.8304
0.0068,0.0000,0.0000,0.0000,0.0067,0.0000,200,10.8364
0.0070,0.0000,0.0000,0.0000,0.0067,0.0002,200,10.8362
0.0067,0.0000,0.0000,0.0000,0.0067,0.0000,200,10.8367
0.0064,0.0000,0.0000,0.0000,0.0063,0.0000,200,10.8370
0.0068,0.0000,0.0000,0.0000,0.0067,0.0001,200,10.8432
0.0069,0.0000,0.0000,0.0000,0.0068,0.0000,200,10.8431
0.0071,0.0000,0.0000,0.0000,0.0070,0.0001,200,10.8434
0.0073,0.0000,0.0000,0.0000,0.0072,0.0001,200,10.8434
0.0068,0.0000,0.0000,0.0000,0.0067,0.0001,200,10.8500
0.0068,0.0000,0.0000,0.0000,0.0067,0.0001,200,10.8500
0.0064,0.0000,0.0000,0.0000,0.0064,0.0001,200,10.8507
0.0067,0.0000,0.0000,0.0000,0.0067,0.0000,200,10.8505
0.0070,0.0000,0.0000,0.0000,0.0069,0.0001,200,10.8568
0.0071,0.0000,0.0000,0.0000,0.0070,0.0000,200,10.8571
0.0075,0.0000,0.0000,0.0000,0.0075,0.0000,200,10.8568
0.0072,0.0000,0.0000,0.0000,0.0071,0.0001,200,10.8573
0.0068,0.0000,0.0000,0.0000,0.0067,0.0001,200,10.8639
0.0064,0.0000,0.0000,0.0000,0.0064,0.0000,200,10.8643
0.0065,0.0000,0.0000,0.0000,0.0065,0.0000,200,10.8644
0.0071,0.0000,0.0000,0.0000,0.0070,0.0000,200,10.8644
0.0069,0.0000,0.0000,0.0000,0.0068,0.0001,200,10.8706
0.0069,0.0000,0.0000,0.0000,0.0069,0.0000,200,10.8707
0.0068,0.0000,0.0000,0.0000,0.0067,0.0000,200,10.8709
0.0069,0.0000,0.0000,0.0000,0.0066,0.0003,200,10.8715
0.0068,0.0000,0.0000,0.0000,0.0067,0.0001,200,10.8776
0.0070,0.0000,0.0000,0.0000,0.0069,0.0000,200,10.8775
0.0069,0.0000,0.0000,0.0000,0.0069,0.0000,200,10.8777
0.0065,0.0000,0.0000,0.0000,0.0065,0.0000,200,10.8785
0.0068,0.0000,0.0000,0.0000,0.0067,0.0001,200,10.8846
0.0070,0.0000,0.0000,0.0000,0.0069,0.0000,200,10.8844
0.0068,0.0000,0.0000,0.0000,0.0068,0.0000,200,10.8847
0.0088,0.0000,0.0000,0.0000,0.0087,0.0001,200,10.8850
0.0067,0.0000,0.0000,0.0000,0.0066,0.0001,200,10.8914
0.0068,0.0000,0.0000,0.0000,0.0068,0.0000,200,10.8914
0.0078,0.0000,0.0000,0.0000,0.0078,0.0000,200,10.8915
0.0065,0.0000,0.0000,0.0000,0.0064,0.0000,200,10.8938
0.0064,0.0000,0.0000,0.0000,0.0063,0.0000,200,10.8983
0.0074,0.0000,0.0000,0.0000,0.0073,0.0000,200,10.8981
0.0069,0.0000,0.0000,0.0000,0.0068,0.0000,200,10.8994
0.0063,0.0000,0.0000,0.0000,0.0062,0.0000,200,10.9003
0.0066,0.0000,0.0000,0.0000,0.0065,0.0001,200,10.9046
0.0066,0.0000,0.0000,0.0000,0.0064,0.0002,200,10.9055
0.0063,0.0000,0.0000,0.0000,0.0062,0.0000,200,10.9062
0.0064,0.0000,0.0000,0.0000,0.0063,0.0000,200,10.9066
0.0066,0.0000,0.0000,0.0000,0.0065,0.0001,200,10.9112
0.0071,0.0000,0.0000,0.0000,0.0069,0.0001,200,10.9120
0.0067,0.0000,0.0000,0.0000,0.0066,0.0000,200,10.9125
0.0064,0.0000,0.0000,0.0000,0.0063,0.0000,200,10.9130
0.0067,0.0000,0.0000,0.0000,0.0066,0.0001,200,10.9179
0.0065,0.0000,0.0000,0.0000,0.0064,0.0000,200,10.9191
0.0064,0.0000,0.0000,0.0000,0.0063,0.0001,200,10.9192
0.0069,0.0000,0.0000,0.0000,0.0068,0.0001,200,10.9193
0.0066,0.0000,0.0000,0.0000,0.0065,0.0000,200,10.9245
0.0066,0.0000,0.0000,0.0000,0.0065,0.0001,200,10.9256
0.0066,0.0000,0.0000,0.0000,0.0066,0.0000,200,10.9256
0.0079,0.0000,0.0000,0.0000,0.0078,0.0001,200,10.9263
0.0066,0.0000,0.0000,0.0000,0.0065,0.0001,200,10.9311
0.0065,0.0000,0.0000,0.0000,0.0064,0.0001,200,10.9322
0.0066,0.0000,0.0000,0.0000,0.0066,0.0000,200,10.9323
0.0065,0.0000,0.0000,0.0000,0.0064,0.0001,200,10.9342
0.0070,0.0000,0.0000,0.0000,0.0069,0.0001,200,10.9377
0.0066,0.0000,0.0000,0.0000,0.0065,0.0000,200,10.9387
0.0064,0.0000,0.0000,0.0000,0.0064,0.0000,200,10.9389
0.0064,0.0000,0.0000,0.0000,0.0063,0.0001,200,10.9406
0.0067,0.0000,0.0000,0.0000,0.0066,0.0001,200,10.9447
0.0065,0.0000,0.0000,0.0000,0.0064,0.0000,200,10.9453
0.0065,0.0000,0.0000,0.0000,0.0064,0.0000,200,10.9453
0.0064,0.0000,0.0000,0.0000,0.0063,0.0000,200,10.9471
0.0069,0.0000,0.0000,0.0000,0.0068,0.0001,200,10.9515
0.0067,0.0000,0.0000,0.0000,0.0066,0.0000,200,10.9518
0.0068,0.0000,0.0000,0.0000,0.0067,0.0000,200,10.9518
0.0070,0.0000,0.0000,0.0000,0.0069,0.0001,200,10.9535
0.0078,0.0000,0.0000,0.0000,0.0069,0.0010,200,10.9585
0.0080,0.0000,0.0000,0.0000,0.0079,0.0000,200,10.9584
0.0065,0.0000,0.0000,0.0000,0.0064,0.0001,200,10.9605
0.0087,0.0000,0.0000,0.0000,0.0086,0.0000,200,10.9586
0.0074,0.0000,0.0000,0.0000,0.0072,0.0001,200,10.9663
0.0066,0.0000,0.0000,0.0000,0.0065,0.0000,200,10.9672
0.0069,0.0000,0.0000,0.0000,0.0068,0.0001,200,10.9670
0.0075,0.0000,0.0000,0.0000,0.0074,0.0001,200,10.9664
0.0073,0.0000,0.0000,0.0000,0.0071,0.0002,200,10.9738
0.0077,0.0000,0.0000,0.0000,0.0073,0.0003,200,10.9737
0.0078,0.0000,0.0000,0.0000,0.0077,0.0000,200,10.9739
0.0086,0.0000,0.0000,0.0000,0.0086,0.0001,200,10.9739
0.0089,0.0000,0.0000,0.0000,0.0088,0.0000,200,10.9817
0.0081,0.0000,0.0000,0.0000,0.0080,0.0001,200,10.9825
0.0095,0.0000,0.0000,0.0000,0.0094,0.0000,200,10.9812
0.0094,0.0000,0.0000,0.0000,0.0092,0.0002,200,10.9814
0.0074,0.0000,0.0000,0.0000,0.0072,0.0001,200,10.9906
0.0075,0.0000,0.0000,0.0000,0.0074,0.0000,200,10.9907
0.0091,0.0000,0.0000,0.0000,0.0091,0.0000,200,10.9908
0.0093,0.0000,0.0000,0.0000,0.0092,0.0000,200,10.9906
0.0072,0.0000,0.0000,0.0000,0.0071,0.0001,200,10.9982
0.0074,0.0000,0.0000,0.0000,0.0073,0.0000,200,10.9980
0.0084,0.0000,0.0000,0.0000,0.0082,0.0002,200,10.9999
0.0087,0.0000,0.0000,0.0000,0.0083,0.0004,200,10.9999
0.0088,0.0000,0.0000,0.0000,0.0087,0.0001,200,11.0054
0.0089,0.0000,0.0000,0.0000,0.0089,0.0000,200,11.0054
0.0079,0.0000,0.0000,0.0000,0.0077,0.0001,200,11.0086
0.0085,0.0000,0.0000,0.0000,0.0084,0.0000,200,11.0083
0.0065,0.0000,0.0000,0.0000,0.0065,0.0001,200,11.0143
0.0067,0.0000,0.0000,0.0000,0.0067,0.0000,200,11.0142
0.0066,0.0000,0.0000,0.0000,0.0065,0.0001,200,11.0165
0.0063,0.0000,0.0000,0.0000,0.0063,0.0000,200,11.0168
0.0067,0.0000,0.0000,0.0000,0.0065,0.0001,200,11.0209
0.0067,0.0000,0.0000,0.0000,0.0067,0.0000,200,11.0209
0.0066,0.0000,0.0000,0.0000,0.0065,0.0000,200,11.0231
0.0065,0.0000,0.0000,0.0000,0.0065,0.0000,200,11.0232
0.0069,0.0000,0.0000,0.0000,0.0068,0.0001,200,11.0276
0.0071,0.0000,0.0000,0.0000,0.0071,0.0000,200,11.0275
0.0067,0.0000,0.0000,0.0000,0.0067,0.0001,200,11.0297
0.0068,0.0000,0.0000,0.0000,0.0067,0.0000,200,11.0297
0.0070,0.0000,0.0000,0.0000,0.0069,0.0001,200,11.0346
0.0073,0.0000,0.0000,0.0000,0.0072,0.0000,200,11.0345
0.0069,0.0000,0.0000,0.0000,0.0069,0.0001,200,11.0364
0.0088,0.0000,0.0000,0.0000,0.0087,0.0001,200,11.0365
0.0073,0.0000,0.0000,0.0000,0.0073,0.0001,200,11.0418
0.0077,0.0000,0.0000,0.0000,0.0076,0.0000,200,11.0416
0.0073,0.0000,0.0000,0.0000,0.0072,0.0001,200,11.0434
0.0079,0.0000,0.0000,0.0000,0.0078,0.0001,200,11.0453
0.0072,0.0000,0.0000,0.0000,0.0071,0.0001,200,11.0493
0.0074,0.0000,0.0000,0.0000,0.0073,0.0001,200,11.0492
0.0068,0.0000,0.0000,0.0000,0.0066,0.0002,200,11.0507
0.0069,0.0000,0.0000,0.0000,0.0068,0.0001,200,11.0532
0.0070,0.0000,0.0000,0.0000,0.0069,0.0001,200,11.0566
0.0074,0.0000,0.0000,0.0000,0.0073,0.0001,200,11.0566
0.0077,0.0000,0.0000,0.0000,0.0076,0.0000,200,11.0575
0.0070,0.0000,0.0000,0.0000,0.0069,0.0001,200,11.0601
0.0067,0.0000,0.0000,0.0000,0.0065,0.0001,200,11.0639
0.0075,0.0000,0.0000,0.0000,0.0074,0.0000,200,11.0635
0.0066,0.0000,0.0000,0.0000,0.0065,0.0000,200,11.0652
0.0071,0.0000,0.0000,0.0000,0.0070,0.0001,200,11.0671
0.0068,0.0000,0.0000,0.0000,0.0067,0.0001,200,11.0706
0.0065,0.0000,0.0000,0.0000,0.0064,0.0000,200,11.0710
0.0064,0.0000,0.0000,0.0000,0.0063,0.0000,200,11.0718
0.0065,0.0000,0.0000,0.0000,0.0064,0.0001,200,11.0743
0.0065,0.0000,0.0000,0.0000,0.0064,0.0001,200,11.0774
0.0067,0.0000,0.0000,0.0000,0.0066,0.0000,200,11.0775
0.0065,0.0000,0.0000,0.0000,0.0064,0.0001,200,11.0782
0.0065,0.0000,0.0000,0.0000,0.0064,0.0001,200,11.0808
0.0065,0.0000,0.0000,0.0000,0.0064,0.0001,200,11.0842
0.0068,0.0000,0.0000,0.0000,0.0067,0.0000,200,11.0839
0.0063,0.0000,0.0000,0.0000,0.0062,0.0000,200,11.0847
0.0070,0.0000,0.0000,0.0000,0.0069,0.0001,200,11.0873
0.0064,0.0000,0.0000,0.0000,0.0063,0.0000,200,11.0910
0.0067,0.0000,0.0000,0.0000,0.0066,0.0000,200,11.0907
0.0068,0.0000,0.0000,0.0000,0.0067,0.0000,200,11.0907
0.0066,0.0000,0.0000,0.0000,0.0065,0.0001,200,11.0944
0.0066,0.0000,0.0000,0.0000,0.0065,0.0001,200,11.0974
0.0074,0.0000,0.0000,0.0000,0.0073,0.0000,200,11.0975
0.0075,0.0000,0.0000,0.0000,0.0074,0.0000,200,11.0974
0.0069,0.0000,0.0000,0.0000,0.0068,0.0001,200,11.1010
0.0067,0.0000,0.0000,0.0000,0.0065,0.0000,200,11.1040
0.0064,0.0000,0.0000,0.0000,0.0063,0.0000,200,11.1049
0.0066,0.0000,0.0000,0.0000,0.0065,0.0000,200,11.1049
0.0066,0.0000,0.0000,0.0000,0.0064,0.0001,200,11.1079
0.0065,0.0000,0.0000,0.0000,0.0064,0.0000,200,11.1107
0.0066,0.0000,0.0000,0.0000,0.0066,0.0000,200,11.1113
0.0071,0.0000,0.0000,0.0000,0.0071,0.0000,200,11.1114
0.0066,0.0000,0.0000,0.0000,0.0064,0.0001,200,11.1144
0.0064,0.0000,0.0000,0.0000,0.0063,0.0001,200,11.1172
0.0065,0.0000,0.0000,0.0000,0.0064,0.0000,200,11.1179
0.0065,0.0000,0.0000,0.0000,0.0064,0.0000,200,11.1186
0.0066,0.0000,0.0000,0.0000,0.0064,0.0001,200,11.1210
0.0064,0.0000,0.0000,0.0000,0.0063,0.0001,200,11.1236
0.0063,0.0000,0.0000,0.0000,0.0062,0.0000,200,11.1243
0.0065,0.0000,0.0000,0.0000,0.0064,0.0000,200,11.1251
0.0065,0.0000,0.0000,0.0000,0.0064,0.0001,200,11.1276
0.0065,0.0000,0.0000,0.0000,0.0064,0.0000,200,11.1306
0.0071,0.0000,0.0000,0.0000,0.0070,0.0001,200,11.1300
0.0064,0.0000,0.0000,0.0000,0.0064,0.0000,200,11.1315
0.0066,0.0000,0.0000,0.0000,0.0065,0.0001,200,11.1341
0.0066,0.0000,0.0000,0.0000,0.0065,0.0001,200,11.1371
0.0067,0.0000,0.0000,0.0000,0.0066,0.0000,200,11.1371
0.0065,0.0000,0.0000,0.0000,0.0065,0.0000,200,11.1380
0.0065,0.0000,0.0000,0.0000,0.0064,0.0001,200,11.1407
0.0066,0.0000,0.0000,0.0000,0.0065,0.0000,200,11.1437
0.0065,0.0000,0.0000,0.0000,0.0065,0.0000,200,11.1438
0.0064,0.0000,0.0000,0.0000,0.0064,0.0000,200,11.1445
0.0070,0.0000,0.0000,0.0000,0.0068,0.0001,200,11.1472
0.0065,0.0000,0.0000,0.0000,0.0065,0.0000,200,11.1504
0.0066,0.0000,0.0000,0.0000,0.0065,0.0000,200,11.1503
0.0064,0.0000,0.0000,0.0000,0.0063,0.0000,200,11.1510
0.0065,0.0000,0.0000,0.0000,0.0064,0.0000,200,11.1542
0.0066,0.0000,0.0000,0.0000,0.0065,0.0001,200,11.1569
0.0066,0.0000,0.0000,0.0000,0.0066,0.0000,200,11.1569
0.0063,0.0000,0.0000,0.0000,0.0062,0.0000,200,11.1573
0.0066,0.0000,0.0000,0.0000,0.0065,0.0001,200,11.1607
0.0064,0.0000,0.0000,0.0000,0.0063,0.0001,200,11.1636
0.0064,0.0000,0.0000,0.0000,0.0064,0.0000,200,11.1636
0.0070,0.0000,0.0000,0.0000,0.0069,0.0001,200,11.1635
0.0070,0.0000,0.0000,0.0000,0.0069,0.0001,200,11.1673
0.0066,0.0000,0.0000,0.0000,0.0065,0.0000,200,11.1700
0.0066,0.0000,0.0000,0.0000,0.0066,0.0000,200,11.1700
0.0062,0.0000,0.0000,0.0000,0.0062,0.0000,200,11.1705
0.0066,0.0000,0.0000,0.0000,0.0065,0.0001,200,11.1742
0.0065,0.0000,0.0000,0.0000,0.0064,0.0001,200,11.1766
0.0069,0.0000,0.0000,0.0000,0.0067,0.0002,200,11.1766
0.0072,0.0000,0.0000,0.0000,0.0071,0.0000,200,11.1768
0.0066,0.0000,0.0000,0.0000,0.0065,0.0001,200,11.1809
0.0064,0.0000,0.0000,0.0000,0.0063,0.0000,200,11.1832
0.0067,0.0000,0.0000,0.0000,0.0066,0.0001,200,11.1835
0.0064,0.0000,0.0000,0.0000,0.0064,0.0000,200,11.1839
0.0066,0.0000,0.0000,0.0000,0.0065,0.0001,200,11.1875
0.0074,0.0000,0.0000,0.0000,0.0073,0.0001,200,11.1896
0.0068,0.0000,0.0000,0.0000,0.0067,0.0001,200,11.1902
0.0070,0.0000,0.0000,0.0000,0.0068,0.0002,200,11.1904
0.0064,0.0000,0.0000,0.0000,0.0063,0.0001,200,11.1941
0.0071,0.0000,0.0000,0.0002,0.0066,0.0001,200,11.1970
0.0071,0.0000,0.0000,0.0001,0.0068,0.0001,200,11.1970
0.0075,0.0000,0.0000,0.0000,0.0072,0.0001,200,11.1974
0.0066,0.0000,0.0000,0.0000,0.0065,0.0001,200,11.2005
0.0067,0.0000,0.0000,0.0000,0.0066,0.0001,200,11.2042
0.0067,0.0000,0.0000,0.0000,0.0066,0.0000,200,11.2042
0.0065,0.0000,0.0000,0.0000,0.0064,0.0000,200,11.2049
0.0069,0.0000,0.0000,0.0000,0.0068,0.0000,200,11.2072
0.0066,0.0000,0.0000,0.0000,0.0065,0.0001,200,11.2108
0.0066,0.0000,0.0000,0.0000,0.0065,0.0000,200,11.2109
0.0064,0.0000,0.0000,0.0000,0.0063,0.0000,200,11.2114
0.0063,0.0000,0.0000,0.0000,0.0062,0.0001,200,11.2141
0.0066,0.0000,0.0000,0.0000,0.0065,0.0001,200,11.2175
0.0067,0.0000,0.0000,0.0000,0.0067,0.0000,200,11.2175
0.0065,0.0000,0.0000,0.0000,0.0065,0.0001,200,11.2178
0.0064,0.0000,0.0000,0.0000,0.0063,0.0001,200,11.2204
0.0069,0.0000,0.0000,0.0000,0.0068,0.0001,200,11.2242
0.0070,0.0000,0.0000,0.0000,0.0069,0.0001,200,11.2240
0.0073,0.0000,0.0000,0.0000,0.0072,0.0000,200,11.2244
0.0064,0.0000,0.0000,0.0000,0.0063,0.0001,200,11.2268
0.0067,0.0000,0.0000,0.0000,0.0066,0.0000,200,11.2311
0.0067,0.0000,0.0000,0.0000,0.0066,0.0000,200,11.2310
0.0064,0.0000,0.0000,0.0000,0.0063,0.0001,200,11.2317
0.0063,0.0000,0.0000,0.0000,0.0062,0.0000,200,11.2331
0.0067,0.0000,0.0000,0.0000,0.0066,0.0001,200,11.2378
0.0067,0.0000,0.0000,0.0000,0.0066,0.0000,200,11.2378
0.0072,0.0000,0.0000,0.0000,0.0071,0.0000,200,11.2381
0.0066,0.0000,0.0000,0.0000,0.0065,0.0000,200,11.2395
0.0067,0.0000,0.0000,0.0000,0.0066,0.0001,200,11.2445
0.0068,0.0000,0.0000,0.0000,0.0067,0.0000,200,11.2445
0.0066,0.0000,0.0000,0.0000,0.0065,0.0000,200,11.2453
0.0064,0.0000,0.0000,0.0000,0.0063,0.0000,200,11.2460
0.0068,0.0000,0.0000,0.0000,0.0067,0.0001,200,11.2513
0.0072,0.0000,0.0000,0.0000,0.0071,0.0000,200,11.2512
0.0065,0.0000,0.0000,0.0000,0.0065,0.0000,200,11.2519
0.0066,0.0000,0.0000,0.0000,0.0063,0.0003,200,11.2524
0.0072,0.0000,0.0000,0.0000,0.0071,0.0001,200,11.2581
0.0069,0.0000,0.0000,0.0000,0.0068,0.0001,200,11.2584
0.0072,0.0000,0.0000,0.0000,0.0070,0.0002,200,11.2590
0.0131,0.0000,0.0000,0.0000,0.0130,0.0001,200,11.2584
0.0073,0.0000,0.0000,0.0000,0.0072,0.0000,200,11.2653
0.0075,0.0000,0.0000,0.0000,0.0074,0.0000,200,11.2653
0.0112,0.0000,0.0000,0.0000,0.0111,0.0001,200,11.2662
0.0064,0.0000,0.0000,0.0000,0.0063,0.0001,200,11.2728
0.0066,0.0000,0.0000,0.0000,0.0066,0.0000,200,11.2726
0.0116,0.0000,0.0000,0.0000,0.0114,0.0001,200,11.2715
0.0064,0.0000,0.0000,0.0000,0.0063,0.0001,200,11.2791
0.0065,0.0000,0.0000,0.0000,0.0064,0.0000,200,11.2792
0.0112,0.0000,0.0000,0.0000,0.0111,0.0001,200,11.2774
0.0067,0.0000,0.0000,0.0000,0.0066,0.0001,200,11.2856
0.0066,0.0000,0.0000,0.0000,0.0065,0.0000,200,11.2857
0.0108,0.0000,0.0000,0.0000,0.0107,0.0000,200,11.2831
0.0065,0.0000,0.0000,0.0000,0.0065,0.0000,200,11.2923
0.0065,0.0000,0.0000,0.0000,0.0065,0.0001,200,11.2923
0.0109,0.0000,0.0000,0.0000,0.0109,0.0000,200,11.2886
0.0115,0.0000,0.0000,0.0000,0.0113,0.0001,200,11.2939
0.0066,0.0000,0.0000,0.0000,0.0065,0.0000,200,11.2988
0.0068,0.0000,0.0000,0.0000,0.0068,0.0000,200,11.2988
0.0111,0.0000,0.0000,0.0000,0.0110,0.0000,200,11.2995
0.0066,0.0000,0.0000,0.0000,0.0065,0.0000,200,11.3054
0.0069,0.0000,0.0000,0.0000,0.0068,0.0000,200,11.3057
0.0109,0.0000,0.0000,0.0000,0.0108,0.0001,200,11.3055
0.0063,0.0000,0.0000,0.0000,0.0063,0.0000,200,11.3119
0.0062,0.0000,0.0000,0.0000,0.0061,0.0000,200,11.3126
0.0113,0.0000,0.0000,0.0000,0.0112,0.0001,200,11.3107
0.0067,0.0000,0.0000,0.0000,0.0067,0.0001,200,11.3183
0.0063,0.0000,0.0000,0.0000,0.0062,0.0001,200,11.3188
0.0065,0.0000,0.0000,0.0000,0.0064,0.0001,200,11.3250
0.0067,0.0000,0.0000,0.0000,0.0066,0.0000,200,11.3251
0.0166,0.0000,0.0000,0.0000,0.0165,0.0000,200,11.3164
0.0110,0.0000,0.0000,0.0000,0.0109,0.0000,200,11.3220
0.0066,0.0000,0.0000,0.0000,0.0064,0.0001,200,11.3318
0.0069,0.0000,0.0000,0.0000,0.0068,0.0001,200,11.3315
0.0120,0.0000,0.0000,0.0000,0.0119,0.0001,200,11.3330
0.0120,0.0000,0.0000,0.0000,0.0120,0.0000,200,11.3330
0.0066,0.0000,0.0000,0.0000,0.0066,0.0000,200,11.3384
0.0067,0.0000,0.0000,0.0000,0.0066,0.0001,200,11.3384
0.0068,0.0000,0.0000,0.0000,0.0066,0.0001,200,11.3450
0.0069,0.0000,0.0000,0.0000,0.0068,0.0000,200,11.3450
0.0072,0.0000,0.0000,0.0000,0.0071,0.0000,200,11.3451
0.0073,0.0000,0.0000,0.0000,0.0072,0.0000,200,11.3450
0.0064,0.0000,0.0000,0.0000,0.0064,0.0001,200,11.3523
0.0070,0.0000,0.0000,0.0000,0.0069,0.0000,200,11.3518
0.0064,0.0000,0.0000,0.0000,0.0064,0.0000,200,11.3523
0.0069,0.0000,0.0000,0.0000,0.0069,0.0001,200,11.3519
0.0067,0.0000,0.0000,0.0000,0.0066,0.0001,200,11.3588
0.0069,0.0000,0.0000,0.0000,0.0068,0.0000,200,11.3587
0.0072,0.0000,0.0000,0.0000,0.0071,0.0001,200,11.3588
0.0072,0.0000,0.0000,0.0000,0.0071,0.0000,200,11.3589
0.0068,0.0000,0.0000,0.0000,0.0067,0.0001,200,11.3655
0.0068,0.0000,0.0000,0.0000,0.0067,0.0000,200,11.3656
0.0066,0.0000,0.0000,0.0000,0.0066,0.0000,200,11.3659
0.0072,0.0000,0.0000,0.0000,0.0071,0.0001,200,11.3660
0.0078,0.0000,0.0000,0.0000,0.0077,0.0001,200,11.3723
0.0077,0.0000,0.0000,0.0000,0.0077,0.0000,200,11.3724
0.0071,0.0000,0.0000,0.0000,0.0069,0.0000,200,11.3733
0.0078,0.0000,0.0000,0.0000,0.0077,0.0000,200,11.3726
0.0070,0.0000,0.0000,0.0000,0.0068,0.0001,200,11.3801
0.0071,0.0000,0.0000,0.0000,0.0070,0.0000,200,11.3801
0.0075,0.0000,0.0000,0.0000,0.0074,0.0000,200,11.3803
0.0075,0.0000,0.0000,0.0000,0.0074,0.0000,200,11.3804
0.0073,0.0000,0.0000,0.0000,0.0072,0.0001,200,11.3871
0.0066,0.0000,0.0000,0.0000,0.0065,0.0001,200,11.3878
0.0066,0.0000,0.0000,0.0000,0.0065,0.0001,200,11.3878
0.0072,0.0000,0.0000,0.0000,0.0071,0.0001,200,11.3872
0.0067,0.0000,0.0000,0.0000,0.0066,0.0001,200,11.3944
0.0067,0.0000,0.0000,0.0000,0.0066,0.0000,200,11.3944
0.0071,0.0000,0.0000,0.0000,0.0070,0.0001,200,11.3944
0.0071,0.0000,0.0000,0.0000,0.0071,0.0000,200,11.3944
0.0067,0.0000,0.0000,0.0000,0.0066,0.0001,200,11.4011
0.0069,0.0000,0.0000,0.0000,0.0068,0.0000,200,11.4010
0.0064,0.0000,0.0000,0.0000,0.0064,0.0000,200,11.4015
0.0065,0.0000,0.0000,0.0001,0.0064,0.0000,200,11.4015
0.0071,0.0000,0.0000,0.0000,0.0070,0.0001,200,11.4079
0.0071,0.0000,0.0000,0.0000,0.0070,0.0000,200,11.4079
0.0073,0.0000,0.0000,0.0000,0.0071,0.0001,200,11.4078
0.0073,0.0000,0.0000,0.0000,0.0072,0.0001,200,11.4080
0.0070,0.0000,0.0000,0.0000,0.0068,0.0001,200,11.4150
0.0075,0.0000,0.0000,0.0000,0.0074,0.0000,200,11.4150
0.0072,0.0000,0.0000,0.0000,0.0071,0.0000,200,11.4153
0.0079,0.0000,0.0000,0.0000,0.0078,0.0000,200,11.4150
0.0071,0.0000,0.0000,0.0000,0.0069,0.0001,200,11.4220
0.0069,0.0000,0.0000,0.0000,0.0068,0.0001,200,11.4225
0.0066,0.0000,0.0000,0.0000,0.0066,0.0000,200,11.4229
0.0075,0.0000,0.0000,0.0000,0.0074,0.0001,200,11.4225
0.0074,0.0000,0.0000,0.0000,0.0072,0.0001,200,11.4291
0.0070,0.0000,0.0000,0.0000,0.0069,0.0000,200,11.4294
0.0073,0.0000,0.0000,0.0000,0.0072,0.0000,200,11.4296
0.0069,0.0000,0.0000,0.0000,0.0068,0.0000,200,11.4300
0.0072,0.0000,0.0000,0.0000,0.0070,0.0001,200,11.4364
0.0068,0.0000,0.0000,0.0000,0.0067,0.0000,200,11.4368
0.0073,0.0000,0.0000,0.0000,0.0072,0.0000,200,11.4364
0.0068,0.0000,0.0000,0.0000,0.0068,0.0000,200,11.4369
0.0071,0.0000,0.0000,0.0000,0.0070,0.0001,200,11.4436
0.0077,0.0000,0.0000,0.0000,0.0076,0.0001,200,11.4437
0.0084,0.0000,0.0000,0.0000,0.0083,0.0000,200,11.4437
0.0093,0.0000,0.0000,0.0000,0.0092,0.0001,200,11.4436
0.0066,0.0000,0.0000,0.0000,0.0065,0.0001,200,11.4529
0.0074,0.0000,0.0000,0.0000,0.0073,0.0001,200,11.4521
0.0088,0.0000,0.0000,0.0000,0.0088,0.0000,200,11.4507
0.0091,0.0000,0.0000,0.0000,0.0090,0.0000,200,11.4514
0.0070,0.0000,0.0000,0.0000,0.0069,0.0001,200,11.4595
0.0074,0.0000,0.0000,0.0000,0.0073,0.0001,200,11.4595
0.0075,0.0000,0.0000,0.0000,0.0074,0.0000,200,11.4595
0.0076,0.0000,0.0000,0.0000,0.0075,0.0000,200,11.4605
0.0075,0.0000,0.0000,0.0000,0.0073,0.0001,200,11.4665
0.0066,0.0000,0.0000,0.0000,0.0065,0.0001,200,11.4680
0.0076,0.0000,0.0000,0.0000,0.0076,0.0000,200,11.4670
0.0130,0.0000,0.0000,0.0000,0.0129,0.0001,200,11.4669
0.0068,0.0000,0.0000,0.0000,0.0068,0.0001,200,11.4746
0.0069,0.0000,0.0000,0.0000,0.0068,0.0000,200,11.4746
0.0069,0.0000,0.0000,0.0000,0.0068,0.0001,200,11.4815
0.0069,0.0000,0.0000,0.0000,0.0068,0.0000,200,11.4815
0.0170,0.0000,0.0000,0.0000,0.0169,0.0001,200,11.4740
0.0111,0.0000,0.0000,0.0000,0.0110,0.0000,200,11.4800
0.0065,0.0000,0.0000,0.0000,0.0064,0.0001,200,11.4883
0.0065,0.0000,0.0000,0.0000,0.0064,0.0000,200,11.4884
0.0065,0.0000,0.0000,0.0000,0.0064,0.0001,200,11.4911
0.0064,0.0000,0.0000,0.0000,0.0063,0.0001,200,11.4949
0.0064,0.0000,0.0000,0.0000,0.0064,0.0000,200,11.4949
0.0122,0.0000,0.0000,0.0000,0.0119,0.0002,200,11.4910
0.0064,0.0000,0.0000,0.0000,0.0063,0.0001,200,11.5013
0.0065,0.0000,0.0000,0.0000,0.0064,0.0000,200,11.5013
0.0112,0.0000,0.0000,0.0000,0.0111,0.0001,200,11.4976
0.0069,0.0000,0.0000,0.0000,0.0068,0.0001,200,11.5078
0.0115,0.0000,0.0000,0.0000,0.0114,0.0000,200,11.5032
0.0069,0.0000,0.0000,0.0000,0.0069,0.0000,200,11.5077
0.0116,0.0000,0.0000,0.0000,0.0115,0.0001,200,11.5087
0.0069,0.0000,0.0000,0.0000,0.0068,0.0000,200,11.5147
0.0071,0.0000,0.0000,0.0000,0.0070,0.0000,200,11.5146
0.0072,0.0000,0.0000,0.0000,0.0071,0.0001,200,11.5147
0.0068,0.0000,0.0000,0.0000,0.0066,0.0001,200,11.5204
0.0067,0.0000,0.0000,0.0000,0.0067,0.0000,200,11.5217
0.0069,0.0000,0.0000,0.0000,0.0068,0.0001,200,11.5216
0.0069,0.0000,0.0000,0.0000,0.0068,0.0001,200,11.5219
0.0069,0.0000,0.0000,0.0000,0.0067,0.0001,200,11.5271
0.0065,0.0000,0.0000,0.0000,0.0064,0.0000,200,11.5285
0.0066,0.0000,0.0000,0.0000,0.0065,0.0000,200,11.5284
0.0070,0.0000,0.0000,0.0000,0.0069,0.0000,200,11.5288
0.0073,0.0000,0.0000,0.0000,0.0072,0.0001,200,11.5340
0.0067,0.0000,0.0000,0.0000,0.0067,0.0000,200,11.5351
0.0073,0.0000,0.0000,0.0000,0.0072,0.0000,200,11.5350
0.0066,0.0000,0.0000,0.0000,0.0065,0.0000,200,11.5357
0.0070,0.0000,0.0000,0.0000,0.0069,0.0001,200,11.5413
0.0067,0.0000,0.0000,0.0000,0.0066,0.0000,200,11.5418
0.0065,0.0000,0.0000,0.0000,0.0064,0.0001,200,11.5423
0.0066,0.0000,0.0000,0.0000,0.0065,0.0000,200,11.5423
0.0067,0.0000,0.0000,0.0000,0.0066,0.0001,200,11.5483
0.0066,0.0000,0.0000,0.0000,0.0065,0.0001,200,11.5485
0.0066,0.0000,0.0000,0.0000,0.0065,0.0000,200,11.5488
0.0065,0.0000,0.0000,0.0000,0.0065,0.0000,200,11.5489
0.0068,0.0000,0.0000,0.0000,0.0066,0.0001,200,11.5550
0.0066,0.0000,0.0000,0.0000,0.0065,0.0000,200,11.5553
0.0068,0.0000,0.0000,0.0000,0.0067,0.0000,200,11.5551
0.0072,0.0000,0.0000,0.0000,0.0071,0.0000,200,11.5555
0.0066,0.0000,0.0000,0.0000,0.0065,0.0001,200,11.5619
0.0074,0.0000,0.0000,0.0000,0.0073,0.0000,200,11.5619
0.0068,0.0000,0.0000,0.0000,0.0067,0.0000,200,11.5627
0.0079,0.0000,0.0000,0.0000,0.0071,0.0008,200,11.5618
0.0071,0.0000,0.0000,0.0000,0.0069,0.0001,200,11.5685
0.0068,0.0000,0.0000,0.0000,0.0067,0.0001,200,11.5693
0.0069,0.0000,0.0000,0.0000,0.0069,0.0000,200,11.5694
0.0074,0.0000,0.0000,0.0000,0.0073,0.0000,200,11.5697
0.0068,0.0000,0.0000,0.0000,0.0067,0.0000,200,11.5755
0.0069,0.0000,0.0000,0.0000,0.0068,0.0001,200,11.5763
0.0073,0.0000,0.0000,0.0000,0.0072,0.0000,200,11.5761
0.0064,0.0000,0.0000,0.0000,0.0064,0.0000,200,11.5771
0.0072,0.0000,0.0000,0.0000,0.0071,0.0001,200,11.5823
0.0068,0.0000,0.0000,0.0000,0.0068,0.0000,200,11.5834
0.0072,0.0000,0.0000,0.0000,0.0069,0.0002,200,11.5832
0.0071,0.0000,0.0000,0.0000,0.0070,0.0001,200,11.5836
0.0072,0.0000,0.0000,0.0000,0.0070,0.0001,200,11.5896
0.0064,0.0000,0.0000,0.0000,0.0064,0.0000,200,11.5904
0.0068,0.0000,0.0000,0.0000,0.0067,0.0000,200,11.5903
0.0086,0.0000,0.0000,0.0001,0.0085,0.0001,200,11.5907
0.0072,0.0000,0.0000,0.0000,0.0071,0.0000,200,11.5967
0.0071,0.0000,0.0000,0.0000,0.0070,0.0001,200,11.5968
0.0071,0.0000,0.0000,0.0000,0.0070,0.0000,200,11.5971
0.0067,0.0000,0.0000,0.0000,0.0066,0.0001,200,11.5993
0.0069,0.0000,0.0000,0.0000,0.0068,0.0001,200,11.6039
0.0069,0.0000,0.0000,0.0000,0.0069,0.0000,200,11.6039
0.0070,0.0000,0.0000,0.0000,0.0069,0.0000,200,11.6042
0.0066,0.0000,0.0000,0.0001,0.0065,0.0001,200,11.6060
0.0065,0.0000,0.0000,0.0000,0.0065,0.0000,200,11.6108
0.0066,0.0000,0.0000,0.0000,0.0065,0.0000,200,11.6108
0.0066,0.0000,0.0000,0.0000,0.0065,0.0000,200,11.6112
0.0064,0.0000,0.0000,0.0000,0.0063,0.0001,200,11.6126
0.0066,0.0000,0.0000,0.0000,0.0066,0.0001,200,11.6174
0.0066,0.0000,0.0000,0.0000,0.0066,0.0000,200,11.6174
0.0078,0.0000,0.0000,0.0000,0.0077,0.0001,200,11.6177
0.0066,0.0000,0.0000,0.0000,0.0066,0.0000,200,11.6190
0.0066,0.0000,0.0000,0.0000,0.0064,0.0001,200,11.6240
0.0066,0.0000,0.0000,0.0000,0.0065,0.0000,200,11.6240
0.0065,0.0000,0.0000,0.0001,0.0064,0.0001,200,11.6255
0.0065,0.0000,0.0000,0.0000,0.0064,0.0000,200,11.6256
0.0067,0.0000,0.0000,0.0000,0.0066,0.0001,200,11.6306
0.0067,0.0000,0.0000,0.0000,0.0067,0.0000,200,11.6306
0.0066,0.0000,0.0000,0.0000,0.0064,0.0001,200,11.6320
0.0065,0.0000,0.0000,0.0000,0.0064,0.0000,200,11.6321
0.0067,0.0000,0.0000,0.0000,0.0066,0.0001,200,11.6374
0.0068,0.0000,0.0000,0.0000,0.0067,0.0000,200,11.6373
0.0065,0.0000,0.0000,0.0000,0.0065,0.0000,200,11.6386
0.0066,0.0000,0.0000,0.0000,0.0064,0.0002,200,11.6386
0.0068,0.0000,0.0000,0.0000,0.0066,0.0001,200,11.6440
0.0067,0.0000,0.0000,0.0000,0.0066,0.0000,200,11.6441
0.0063,0.0000,0.0000,0.0000,0.0063,0.0000,200,11.6452
0.0066,0.0000,0.0000,0.0000,0.0065,0.0000,200,11.6452
0.0070,0.0000,0.0000,0.0000,0.0068,0.0002,200,11.6508
0.0063,0.0000,0.0000,0.0000,0.0062,0.0000,200,11.6515
0.0073,0.0000,0.0000,0.0000,0.0071,0.0001,200,11.6508
0.0069,0.0000,0.0000,0.0000,0.0068,0.0000,200,11.6517
0.0071,0.0000,0.0000,0.0000,0.0069,0.0001,200,11.6578
0.0072,0.0000,0.0000,0.0000,0.0071,0.0000,200,11.6579
0.0070,0.0000,0.0000,0.0000,0.0070,0.0000,200,11.6581
0.0067,0.0000,0.0000,0.0000,0.0066,0.0000,200,11.6586
0.0078,0.0000,0.0000,0.0000,0.0067,0.0010,200,11.6649
0.0074,0.0000,0.0000,0.0000,0.0073,0.0000,200,11.6653
0.0077,0.0000,0.0000,0.0000,0.0076,0.0000,200,11.6650
0.0077,0.0000,0.0000,0.0000,0.0076,0.0000,200,11.6652
0.0067,0.0000,0.0000,0.0000,0.0066,0.0001,200,11.6728
0.0068,0.0000,0.0000,0.0000,0.0067,0.0000,200,11.6727
0.0073,0.0000,0.0000,0.0000,0.0072,0.0000,200,11.6727
0.0073,0.0000,0.0000,0.0000,0.0072,0.0000,200,11.6727
0.0071,0.0000,0.0000,0.0000,0.0069,0.0001,200,11.6795
0.0072,0.0000,0.0000,0.0000,0.0071,0.0000,200,11.6795
0.0069,0.0000,0.0000,0.0000,0.0069,0.0000,200,11.6800
0.0121,0.0000,0.0000,0.0000,0.0120,0.0001,200,11.6800
0.0063,0.0000,0.0000,0.0000,0.0062,0.0001,200,11.6867
0.0066,0.0000,0.0000,0.0000,0.0065,0.0000,200,11.6865
0.0064,0.0000,0.0000,0.0000,0.0063,0.0001,200,11.6931
0.0070,0.0000,0.0000,0.0000,0.0069,0.0000,200,11.6930
0.0108,0.0000,0.0000,0.0000,0.0107,0.0000,200,11.6921
0.0162,0.0000,0.0000,0.0000,0.0158,0.0003,200,11.6870
0.0066,0.0000,0.0000,0.0000,0.0064,0.0001,200,11.6995
0.0062,0.0000,0.0000,0.0000,0.0061,0.0000,200,11.7000
0.0067,0.0000,0.0000,0.0000,0.0066,0.0001,200,11.7029
0.0063,0.0000,0.0000,0.0000,0.0062,0.0000,200,11.7061
0.0063,0.0000,0.0000,0.0000,0.0062,0.0000,200,11.7062
0.0119,0.0000,0.0000,0.0000,0.0118,0.0001,200,11.7031
0.0064,0.0000,0.0000,0.0000,0.0063,0.0001,200,11.7125
0.0064,0.0000,0.0000,0.0000,0.0064,0.0000,200,11.7124
0.0111,0.0000,0.0000,0.0000,0.0110,0.0001,200,11.7096
0.0066,0.0000,0.0000,0.0000,0.0065,0.0001,200,11.7189
0.0067,0.0000,0.0000,0.0000,0.0066,0.0000,200,11.7188
0.0111,0.0000,0.0000,0.0000,0.0110,0.0000,200,11.7151
0.0114,0.0000,0.0000,0.0000,0.0113,0.0001,200,11.7207
0.0066,0.0000,0.0000,0.0000,0.0064,0.0001,200,11.7255
0.0068,0.0000,0.0000,0.0000,0.0068,0.0000,200,11.7255
0.0116,0.0000,0.0000,0.0000,0.0115,0.0001,200,11.7262
0.0065,0.0000,0.0000,0.0000,0.0065,0.0000,200,11.7321
0.0070,0.0000,0.0000,0.0000,0.0069,0.0001,200,11.7323
0.0110,0.0000,0.0000,0.0000,0.0109,0.0000,200,11.7320
0.0063,0.0000,0.0000,0.0000,0.0063,0.0000,200,11.7387
0.0062,0.0000,0.0000,0.0000,0.0062,0.0000,200,11.7393
0.0109,0.0000,0.0000,0.0000,0.0108,0.0001,200,11.7378
0.0064,0.0000,0.0000,0.0000,0.0063,0.0001,200,11.7450
0.0062,0.0000,0.0000,0.0000,0.0061,0.0001,200,11.7455
0.0112,0.0000,0.0000,0.0000,0.0111,0.0001,200,11.7431
0.0065,0.0000,0.0000,0.0000,0.0064,0.0000,200,11.7514
0.0062,0.0000,0.0000,0.0000,0.0062,0.0000,200,11.7517
0.0111,0.0000,0.0000,0.0000,0.0110,0.0001,200,11.7487
0.0065,0.0000,0.0000,0.0000,0.0064,0.0001,200,11.7579
0.0065,0.0000,0.0000,0.0000,0.0064,0.0000,200,11.7580
0.0165,0.0000,0.0000,0.0000,0.0164,0.0001,200,11.7543
0.0110,0.0000,0.0000,0.0000,0.0109,0.0000,200,11.7598
0.0065,0.0000,0.0000,0.0000,0.0064,0.0000,200,11.7645
0.0066,0.0000,0.0000,0.0000,0.0065,0.0000,200,11.7644
0.0071,0.0000,0.0000,0.0000,0.0070,0.0001,200,11.7708
0.0073,0.0000,0.0000,0.0000,0.0072,0.0000,200,11.7708
0.0073,0.0000,0.0000,0.0000,0.0072,0.0000,200,11.7710
0.0126,0.0000,0.0000,0.0000,0.0125,0.0001,200,11.7709
0.0069,0.0000,0.0000,0.0000,0.0069,0.0000,200,11.7783
0.0081,0.0000,0.0000,0.0000,0.0080,0.0000,200,11.7779
0.0109,0.0000,0.0000,0.0000,0.0108,0.0000,200,11.7780
0.0065,0.0000,0.0000,0.0000,0.0064,0.0000,200,11.7852
0.0063,0.0000,0.0000,0.0000,0.0062,0.0001,200,11.7859
0.0111,0.0000,0.0000,0.0000,0.0110,0.0001,200,11.7835
0.0065,0.0000,0.0000,0.0000,0.0064,0.0001,200,11.7917
0.0062,0.0000,0.0000,0.0000,0.0062,0.0000,200,11.7923
0.0114,0.0000,0.0000,0.0000,0.0113,0.0000,200,11.7889
0.0063,0.0000,0.0000,0.0000,0.0063,0.0000,200,11.7985
0.0067,0.0000,0.0000,0.0000,0.0065,0.0002,200,11.7982
0.0114,0.0000,0.0000,0.0000,0.0113,0.0001,200,11.7946
0.0112,0.0000,0.0000,0.0000,0.0111,0.0001,200,11.8003
0.0066,0.0000,0.0000,0.0000,0.0065,0.0000,200,11.8049
0.0067,0.0000,0.0000,0.0000,0.0066,0.0000,200,11.8048
0.0112,0.0000,0.0000,0.0000,0.0110,0.0001,200,11.8060
0.0067,0.0000,0.0000,0.0000,0.0066,0.0000,200,11.8115
0.0069,0.0000,0.0000,0.0000,0.0068,0.0000,200,11.8115
0.0117,0.0000,0.0000,0.0000,0.0116,0.0000,200,11.8115
0.0065,0.0000,0.0000,0.0000,0.0064,0.0001,200,11.8182
0.0065,0.0000,0.0000,0.0000,0.0063,0.0001,200,11.8184
0.0110,0.0000,0.0000,0.0000,0.0109,0.0001,200,11.8171
0.0070,0.0000,0.0000,0.0000,0.0067,0.0001,200,11.8246
0.0069,0.0000,0.0000,0.0001,0.0068,0.0000,200,11.8249
0.0105,0.0000,0.0000,0.0000,0.0104,0.0001,200,11.8232
0.0065,0.0000,0.0000,0.0000,0.0064,0.0001,200,11.8317
0.0064,0.0000,0.0000,0.0000,0.0064,0.0000,200,11.8317
0.0111,0.0000,0.0000,0.0000,0.0110,0.0001,200,11.8281
0.0111,0.0000,0.0000,0.0000,0.0110,0.0000,200,11.8336
0.0066,0.0000,0.0000,0.0000,0.0065,0.0001,200,11.8381
0.0068,0.0000,0.0000,0.0000,0.0068,0.0000,200,11.8382
0.0115,0.0000,0.0000,0.0000,0.0114,0.0001,200,11.8393
0.0068,0.0000,0.0000,0.0000,0.0067,0.0000,200,11.8448
0.0068,0.0000,0.0000,0.0000,0.0068,0.0000,200,11.8450
0.0115,0.0000,0.0000,0.0000,0.0114,0.0001,200,11.8448
0.0063,0.0000,0.0000,0.0000,0.0063,0.0001,200,11.8515
0.0063,0.0000,0.0000,0.0000,0.0062,0.0000,200,11.8519
0.0110,0.0000,0.0000,0.0000,0.0109,0.0001,200,11.8508
0.0066,0.0000,0.0000,0.0000,0.0065,0.0001,200,11.8579
0.0063,0.0000,0.0000,0.0000,0.0062,0.0000,200,11.8582
0.0111,0.0000,0.0000,0.0000,0.0110,0.0001,200,11.8562
0.0064,0.0000,0.0000,0.0000,0.0063,0.0000,200,11.8644
0.0064,0.0000,0.0000,0.0000,0.0064,0.0000,200,11.8645
0.0110,0.0000,0.0000,0.0000,0.0109,0.0001,200,11.8618
0.0066,0.0000,0.0000,0.0000,0.0065,0.0001,200,11.8709
0.0066,0.0000,0.0000,0.0000,0.0065,0.0000,200,11.8709
0.0111,0.0000,0.0000,0.0000,0.0110,0.0000,200,11.8673
0.0113,0.0000,0.0000,0.0000,0.0112,0.0000,200,11.8728
0.0067,0.0000,0.0000,0.0000,0.0066,0.0000,200,11.8774
0.0067,0.0000,0.0000,0.0000,0.0066,0.0000,200,11.8774
0.0112,0.0000,0.0000,0.0000,0.0111,0.0001,200,11.8784
0.0064,0.0000,0.0000,0.0000,0.0063,0.0000,200,11.8841
0.0068,0.0000,0.0000,0.0000,0.0067,0.0000,200,11.8841
0.0111,0.0000,0.0000,0.0000,0.0110,0.0001,200,11.8841
0.0062,0.0000,0.0000,0.0000,0.0061,0.0000,200,11.8909
0.0066,0.0000,0.0000,0.0000,0.0065,0.0000,200,11.8905
0.0111,0.0000,0.0000,0.0000,0.0110,0.0001,200,11.8895
0.0065,0.0000,0.0000,0.0000,0.0064,0.0001,200,11.8971
0.0066,0.0000,0.0000,0.0000,0.0065,0.0000,200,11.8971
0.0111,0.0000,0.0000,0.0000,0.0110,0.0001,200,11.8952
0.0066,0.0000,0.0000,0.0000,0.0065,0.0001,200,11.9037
0.0067,0.0000,0.0000,0.0000,0.0066,0.0001,200,11.9037
0.0112,0.0000,0.0000,0.0000,0.0111,0.0001,200,11.9006
0.0064,0.0000,0.0000,0.0000,0.0063,0.0001,200,11.9104
0.0067,0.0000,0.0000,0.0000,0.0066,0.0000,200,11.9102
0.0110,0.0000,0.0000,0.0000,0.0109,0.0000,200,11.9063
0.0113,0.0000,0.0000,0.0000,0.0112,0.0001,200,11.9118
0.0068,0.0000,0.0000,0.0000,0.0067,0.0000,200,11.9169
0.0077,0.0000,0.0000,0.0000,0.0075,0.0001,200,11.9169
0.0100,0.0000,0.0000,0.0000,0.0099,0.0001,200,11.9173
0.0067,0.0000,0.0000,0.0000,0.0066,0.0001,200,11.9231
0.0073,0.0000,0.0000,0.0000,0.0072,0.0000,200,11.9236
0.0065,0.0000,0.0000,0.0000,0.0064,0.0000,200,11.9246
0.0065,0.0000,0.0000,0.0000,0.0064,0.0000,200,11.9273
0.0066,0.0000,0.0000,0.0000,0.0066,0.0001,200,11.9298
0.0066,0.0000,0.0000,0.0000,0.0065,0.0001,200,11.9310
0.0065,0.0000,0.0000,0.0000,0.0064,0.0000,200,11.9311
0.0065,0.0000,0.0000,0.0000,0.0064,0.0001,200,11.9338
0.0066,0.0000,0.0000,0.0000,0.0065,0.0000,200,11.9364
0.0067,0.0000,0.0000,0.0000,0.0066,0.0000,200,11.9376
0.0067,0.0000,0.0000,0.0000,0.0066,0.0000,200,11.9376
0.0066,0.0000,0.0000,0.0000,0.0065,0.0001,200,11.9403
0.0065,0.0000,0.0000,0.0000,0.0064,0.0000,200,11.9430
0.0064,0.0000,0.0000,0.0000,0.0063,0.0000,200,11.9443
0.0071,0.0000,0.0000,0.0000,0.0070,0.0000,200,11.9443
0.0064,0.0000,0.0000,0.0000,0.0063,0.0000,200,11.9469
0.0065,0.0000,0.0000,0.0000,0.0064,0.0001,200,11.9495
0.0064,0.0000,0.0000,0.0000,0.0063,0.0000,200,11.9506
0.0064,0.0000,0.0000,0.0000,0.0063,0.0000,200,11.9514
0.0063,0.0000,0.0000,0.0000,0.0063,0.0000,200,11.9533
0.0067,0.0000,0.0000,0.0001,0.0065,0.0001,200,11.9560
0.0065,0.0000,0.0000,0.0000,0.0065,0.0000,200,11.9570
0.0065,0.0000,0.0000,0.0000,0.0064,0.0000,200,11.9577
0.0064,0.0000,0.0000,0.0000,0.0064,0.0001,200,11.9597
0.0066,0.0000,0.0000,0.0000,0.0065,0.0001,200,11.9627
0.0065,0.0000,0.0000,0.0000,0.0064,0.0000,200,11.9636
0.0063,0.0000,0.0000,0.0000,0.0062,0.0001,200,11.9642
0.0064,0.0000,0.0000,0.0000,0.0063,0.0000,200,11.9661
0.0065,0.0000,0.0000,0.0000,0.0064,0.0000,200,11.9693
0.0064,0.0000,0.0000,0.0000,0.0062,0.0001,200,11.9700
0.0066,0.0000,0.0000,0.0000,0.0066,0.0000,200,11.9706
0.0064,0.0000,0.0000,0.0000,0.0063,0.0000,200,11.9725
0.0066,0.0000,0.0000,0.0000,0.0065,0.0001,200,11.9758
0.0064,0.0000,0.0000,0.0000,0.0063,0.0000,200,11.9764
0.0063,0.0000,0.0000,0.0000,0.0063,0.0000,200,11.9772
0.0063,0.0000,0.0000,0.0000,0.0062,0.0000,200,11.9789
0.0065,0.0000,0.0000,0.0000,0.0064,0.0000,200,11.9828
0.0069,0.0000,0.0000,0.0000,0.0067,0.0001,200,11.9824
0.0063,0.0000,0.0000,0.0000,0.0062,0.0001,200,11.9835
0.0065,0.0000,0.0000,0.0000,0.0064,0.0000,200,11.9852
0.0068,0.0000,0.0000,0.0000,0.0066,0.0001,200,11.9892
0.0069,0.0000,0.0000,0.0000,0.0068,0.0000,200,11.9892
0.0064,0.0000,0.0000,0.0000,0.0063,0.0000,200,11.9898
0.0064,0.0000,0.0000,0.0000,0.0063,0.0001,200,11.9916
0.0067,0.0000,0.0000,0.0000,0.0066,0.0001,200,11.9961
0.0068,0.0000,0.0000,0.0000,0.0067,0.0000,200,11.9960
0.0071,0.0000,0.0000,0.0000,0.0070,0.0000,200,11.9962
0.0064,0.0000,0.0000,0.0000,0.0064,0.0000,200,11.9980
0.0067,0.0000,0.0000,0.0000,0.0066,0.0001,200,12.0028
0.0065,0.0000,0.0000,0.0000,0.0064,0.0000,200,12.0033
0.0069,0.0000,0.0000,0.0000,0.0069,0.0000,200,12.0028
0.0065,0.0000,0.0000,0.0000,0.0064,0.0001,200,12.0044
0.0067,0.0000,0.0000,0.0000,0.0066,0.0000,200,12.0096
0.0065,0.0000,0.0000,0.0000,0.0065,0.0000,200,12.0097
0.0074,0.0000,0.0000,0.0000,0.0073,0.0001,200,12.0098
0.0066,0.0000,0.0000,0.0000,0.0065,0.0000,200,12.0109
0.0075,0.0000,0.0000,0.0000,0.0073,0.0002,200,12.0162
0.0076,0.0000,0.0000,0.0000,0.0071,0.0005,200,12.0162
0.0072,0.0000,0.0000,0.0000,0.0071,0.0001,200,12.0172
0.0070,0.0000,0.0000,0.0000,0.0069,0.0001,200,12.0175
0.0074,0.0000,0.0000,0.0000,0.0072,0.0001,200,12.0238
0.0074,0.0000,0.0000,0.0000,0.0074,0.0000,200,12.0238
0.0084,0.0000,0.0000,0.0000,0.0083,0.0001,200,12.0244
0.0098,0.0000,0.0000,0.0002,0.0094,0.0002,200,12.0245
0.0068,0.0000,0.0000,0.0000,0.0068,0.0001,200,12.0313
0.0070,0.0000,0.0000,0.0000,0.0068,0.0001,200,12.0311
0.0071,0.0000,0.0000,0.0000,0.0069,0.0002,200,12.0328
0.0069,0.0000,0.0000,0.0000,0.0068,0.0001,200,12.0343
0.0080,0.0000,0.0000,0.0000,0.0079,0.0001,200,12.0381
0.0080,0.0000,0.0000,0.0000,0.0079,0.0001,200,12.0381
0.0070,0.0000,0.0000,0.0000,0.0069,0.0000,200,12.0399
0.0093,0.0000,0.0000,0.0000,0.0068,0.0025,200,12.0412
0.0074,0.0000,0.0000,0.0000,0.0073,0.0001,200,12.0463
0.0069,0.0000,0.0000,0.0000,0.0069,0.0000,200,12.0469
0.0082,0.0000,0.0000,0.0000,0.0081,0.0000,200,12.0461
0.0100,0.0000,0.0000,0.0000,0.0099,0.0001,200,12.0506
0.0068,0.0000,0.0000,0.0000,0.0068,0.0001,200,12.0539
0.0071,0.0000,0.0000,0.0000,0.0070,0.0000,200,12.0537
0.0078,0.0000,0.0000,0.0000,0.0077,0.0001,200,12.0543
0.0075,0.0000,0.0000,0.0000,0.0074,0.0001,200,12.0607
0.0080,0.0000,0.0000,0.0000,0.0080,0.0000,200,12.0608
0.0086,0.0000,0.0000,0.0000,0.0085,0.0000,200,12.0606
0.0072,0.0000,0.0000,0.0000,0.0071,0.0000,200,12.0621
0.0070,0.0000,0.0000,0.0000,0.0069,0.0001,200,12.0682
0.0070,0.0000,0.0000,0.0000,0.0069,0.0000,200,12.0689
0.0068,0.0000,0.0000,0.0000,0.0068,0.0000,200,12.0692
0.0097,0.0000,0.0000,0.0000,0.0097,0.0001,200,12.0693
0.0070,0.0000,0.0000,0.0000,0.0069,0.0001,200,12.0752
0.0066,0.0000,0.0000,0.0000,0.0065,0.0000,200,12.0759
0.0066,0.0000,0.0000,0.0000,0.0065,0.0000,200,12.0760
0.0066,0.0000,0.0000,0.0000,0.0065,0.0001,200,12.0790
0.0067,0.0000,0.0000,0.0000,0.0066,0.0001,200,12.0822
0.0074,0.0000,0.0000,0.0000,0.0067,0.0007,200,12.0825
0.0075,0.0000,0.0000,0.0000,0.0074,0.0001,200,12.0826
0.0063,0.0000,0.0000,0.0000,0.0062,0.0000,200,12.0856
0.0069,0.0000,0.0000,0.0000,0.0068,0.0000,200,12.0889
0.0067,0.0000,0.0000,0.0000,0.0066,0.0000,200,12.0900
0.0067,0.0000,0.0000,0.0000,0.0066,0.0000,200,12.0901
0.0065,0.0000,0.0000,0.0000,0.0064,0.0001,200,12.0920
0.0067,0.0000,0.0000,0.0000,0.0066,0.0000,200,12.0958
0.0064,0.0000,0.0000,0.0000,0.0063,0.0000,200,12.0968
0.0068,0.0000,0.0000,0.0000,0.0067,0.0000,200,12.0967
0.0065,0.0000,0.0000,0.0000,0.0064,0.0001,200,12.0985
0.0073,0.0000,0.0000,0.0000,0.0072,0.0001,200,12.1025
0.0066,0.0000,0.0000,0.0000,0.0065,0.0001,200,12.1032
0.0070,0.0000,0.0000,0.0000,0.0069,0.0001,200,12.1034
0.0066,0.0000,0.0000,0.0000,0.0065,0.0000,200,12.1049
0.0072,0.0000,0.0000,0.0000,0.0071,0.0000,200,12.1098
0.0066,0.0000,0.0000,0.0000,0.0065,0.0000,200,12.1104
0.0072,0.0000,0.0000,0.0000,0.0071,0.0001,200,12.1098
0.0099,0.0000,0.0000,0.0000,0.0098,0.0001,200,12.1115
0.0066,0.0000,0.0000,0.0000,0.0065,0.0000,200,12.1170
0.0068,0.0000,0.0000,0.0000,0.0067,0.0001,200,12.1170
0.0069,0.0000,0.0000,0.0000,0.0069,0.0000,200,12.1170
0.0065,0.0000,0.0000,0.0000,0.0064,0.0001,200,12.1214
0.0065,0.0000,0.0000,0.0000,0.0064,0.0001,200,12.1238
0.0067,0.0000,0.0000,0.0000,0.0067,0.0000,200,12.1235
0.0070,0.0000,0.0000,0.0000,0.0070,0.0000,200,12.1239
0.0066,0.0000,0.0000,0.0000,0.0065,0.0001,200,12.1279
0.0067,0.0000,0.0000,0.0000,0.0066,0.0000,200,12.1303
0.0067,0.0000,0.0000,0.0000,0.0066,0.0000,200,12.1303
0.0066,0.0000,0.0000,0.0000,0.0065,0.0000,200,12.1309
0.0066,0.0000,0.0000,0.0000,0.0065,0.0001,200,12.1345
0.0063,0.0000,0.0000,0.0000,0.0062,0.0000,200,12.1375
0.0068,0.0000,0.0000,0.0000,0.0068,0.0000,200,12.1370
0.0069,0.0000,0.0000,0.0000,0.0068,0.0000,200,12.1370
0.0067,0.0000,0.0000,0.0000,0.0066,0.0001,200,12.1411
0.0066,0.0000,0.0000,0.0000,0.0065,0.0001,200,12.1438
0.0066,0.0000,0.0000,0.0000,0.0066,0.0000,200,12.1438
0.0079,0.0000,0.0000,0.0000,0.0078,0.0001,200,12.1438
0.0064,0.0000,0.0000,0.0000,0.0063,0.0001,200,12.1478
0.0066,0.0000,0.0000,0.0000,0.0065,0.0001,200,12.1504
0.0068,0.0000,0.0000,0.0000,0.0067,0.0000,200,12.1504
0.0068,0.0000,0.0000,0.0000,0.0067,0.0000,200,12.1517
0.0064,0.0000,0.0000,0.0000,0.0063,0.0001,200,12.1542
0.0065,0.0000,0.0000,0.0000,0.0064,0.0001,200,12.1571
0.0065,0.0000,0.0000,0.0000,0.0064,0.0000,200,12.1572
0.0069,0.0000,0.0000,0.0000,0.0068,0.0001,200,12.1585
0.0065,0.0000,0.0000,0.0000,0.0064,0.0000,200,12.1607
0.0064,0.0000,0.0000,0.0000,0.0063,0.0001,200,12.1637
0.0072,0.0000,0.0000,0.0000,0.0071,0.0000,200,12.1635
0.0065,0.0000,0.0000,0.0000,0.0064,0.0000,200,12.1654
0.0064,0.0000,0.0000,0.0000,0.0064,0.0000,200,12.1672
0.0064,0.0000,0.0000,0.0000,0.0063,0.0000,200,12.1707
0.0071,0.0000,0.0000,0.0000,0.0069,0.0001,200,12.1701
0.0066,0.0000,0.0000,0.0000,0.0065,0.0001,200,12.1719
0.0064,0.0000,0.0000,0.0000,0.0063,0.0000,200,12.1736
0.0068,0.0000,0.0000,0.0000,0.0066,0.0001,200,12.1771
0.0067,0.0000,0.0000,0.0000,0.0066,0.0000,200,12.1772
0.0064,0.0000,0.0000,0.0000,0.0063,0.0001,200,12.1785
0.0064,0.0000,0.0000,0.0000,0.0063,0.0000,200,12.1800
0.0066,0.0000,0.0000,0.0000,0.0065,0.0000,200,12.1839
0.0066,0.0000,0.0000,0.0000,0.0065,0.0000,200,12.1839
0.0064,0.0000,0.0000,0.0000,0.0063,0.0001,200,12.1849
0.0064,0.0000,0.0000,0.0000,0.0063,0.0001,200,12.1864
0.0066,0.0000,0.0000,0.0000,0.0065,0.0000,200,12.1904
0.0067,0.0000,0.0000,0.0000,0.0065,0.0002,200,12.1904
0.0065,0.0000,0.0000,0.0000,0.0064,0.0000,200,12.1913
0.0067,0.0000,0.0000,0.0000,0.0066,0.0000,200,12.1927
0.0065,0.0000,0.0000,0.0000,0.0064,0.0001,200,12.1971
0.0067,0.0000,0.0000,0.0000,0.0066,0.0000,200,12.1970
0.0065,0.0000,0.0000,0.0000,0.0064,0.0000,200,12.1978
0.0065,0.0000,0.0000,0.0000,0.0064,0.0001,200,12.1994
0.0067,0.0000,0.0000,0.0000,0.0066,0.0001,200,12.2037
0.0068,0.0000,0.0000,0.0000,0.0067,0.0000,200,12.2036
0.0065,0.0000,0.0000,0.0000,0.0065,0.0000,200,12.2043
0.0064,0.0000,0.0000,0.0000,0.0063,0.0000,200,12.2059
0.0071,0.0000,0.0000,0.0000,0.0070,0.0001,200,12.2104
0.0066,0.0000,0.0000,0.0000,0.0065,0.0001,200,12.2109
0.0072,0.0000,0.0000,0.0000,0.0071,0.0000,200,12.2104
0.0065,0.0000,0.0000,0.0000,0.0064,0.0000,200,12.2123
0.0068,0.0000,0.0000,0.0000,0.0067,0.0001,200,12.2175
0.0068,0.0000,0.0000,0.0000,0.0067,0.0001,200,12.2175
0.0075,0.0000,0.0000,0.0000,0.0074,0.0001,200,12.2176
0.0065,0.0000,0.0000,0.0000,0.0064,0.0000,200,12.2188
0.0068,0.0000,0.0000,0.0000,0.0067,0.0001,200,12.2243
0.0070,0.0000,0.0000,0.0000,0.0069,0.0000,200,12.2243
0.0072,0.0000,0.0000,0.0000,0.0072,0.0001,200,12.2252
0.0073,0.0000,0.0000,0.0000,0.0073,0.0001,200,12.2251
0.0070,0.0000,0.0000,0.0000,0.0069,0.0001,200,12.2311
0.0071,0.0000,0.0000,0.0000,0.0071,0.0001,200,12.2313
0.0065,0.0000,0.0000,0.0000,0.0064,0.0001,200,12.2325
0.0066,0.0000,0.0000,0.0000,0.0065,0.0001,200,12.2325
0.0070,0.0000,0.0000,0.0000,0.0069,0.0001,200,12.2381
0.0068,0.0000,0.0000,0.0000,0.0068,0.0000,200,12.2384
0.0063,0.0000,0.0000,0.0000,0.0062,0.0001,200,12.2391
0.0066,0.0000,0.0000,0.0000,0.0065,0.0000,200,12.2390
0.0069,0.0000,0.0000,0.0000,0.0068,0.0001,200,12.2451
0.0068,0.0000,0.0000,0.0000,0.0067,0.0001,200,12.2452
0.0070,0.0000,0.0000,0.0000,0.0069,0.0000,200,12.2456
0.0073,0.0000,0.0000,0.0000,0.0073,0.0000,200,12.2454
0.0071,0.0000,0.0000,0.0000,0.0070,0.0000,200,12.2521
0.0065,0.0000,0.0000,0.0000,0.0065,0.0000,200,12.2526
0.0064,0.0000,0.0000,0.0000,0.0063,0.0001,200,12.2527
0.0072,0.0000,0.0000,0.0000,0.0071,0.0000,200,12.2521
0.0068,0.0000,0.0000,0.0000,0.0067,0.0001,200,12.2591
0.0068,0.0000,0.0000,0.0000,0.0067,0.0000,200,12.2591
0.0070,0.0000,0.0000,0.0000,0.0069,0.0000,200,12.2592
0.0072,0.0000,0.0000,0.0000,0.0071,0.0000,200,12.2591
0.0070,0.0000,0.0000,0.0000,0.0069,0.0001,200,12.2660
0.0070,0.0000,0.0000,0.0000,0.0070,0.0000,200,12.2659
0.0073,0.0000,0.0000,0.0000,0.0072,0.0000,200,12.2662
0.0072,0.0000,0.0000,0.0000,0.0071,0.0000,200,12.2664
0.0071,0.0000,0.0000,0.0000,0.0070,0.0001,200,12.2729
0.0070,0.0000,0.0000,0.0000,0.0070,0.0000,200,12.2730
0.0066,0.0000,0.0000,0.0000,0.0066,0.0000,200,12.2736
0.0067,0.0000,0.0000,0.0000,0.0067,0.0000,200,12.2735
0.0069,0.0000,0.0000,0.0000,0.0068,0.0001,200,12.2800
0.0071,0.0000,0.0000,0.0000,0.0071,0.0000,200,12.2800
0.0070,0.0000,0.0000,0.0000,0.0069,0.0000,200,12.2802
0.0071,0.0000,0.0000,0.0000,0.0071,0.0000,200,12.2803
0.0067,0.0000,0.0000,0.0000,0.0066,0.0001,200,12.2872
0.0066,0.0000,0.0000,0.0000,0.0064,0.0001,200,12.2872
0.0071,0.0000,0.0000,0.0000,0.0070,0.0000,200,12.2869
0.0072,0.0000,0.0000,0.0000,0.0071,0.0000,200,12.2874
0.0068,0.0000,0.0000,0.0000,0.0067,0.0000,200,12.2938
0.0068,0.0000,0.0000,0.0000,0.0067,0.0000,200,12.2938
0.0073,0.0000,0.0000,0.0000,0.0073,0.0000,200,12.2940
0.0068,0.0000,0.0000,0.0000,0.0067,0.0000,200,12.2946
0.0071,0.0000,0.0000,0.0000,0.0070,0.0001,200,12.3006
0.0072,0.0000,0.0000,0.0000,0.0068,0.0003,200,12.3006
0.0065,0.0000,0.0000,0.0000,0.0064,0.0000,200,12.3014
0.0065,0.0000,0.0000,0.0000,0.0065,0.0000,200,12.3014
0.0068,0.0000,0.0000,0.0000,0.0067,0.0001,200,12.3078
0.0069,0.0000,0.0000,0.0000,0.0068,0.0001,200,12.3077
0.0071,0.0000,0.0000,0.0000,0.0070,0.0001,200,12.3079
0.0077,0.0000,0.0000,0.0000,0.0076,0.0000,200,12.3078
0.0068,0.0000,0.0000,0.0000,0.0066,0.0001,200,12.3146
0.0066,0.0000,0.0000,0.0000,0.0065,0.0000,200,12.3150
0.0070,0.0000,0.0000,0.0000,0.0070,0.0000,200,12.3147
0.0067,0.0000,0.0000,0.0000,0.0066,0.0001,200,12.3155
0.0068,0.0000,0.0000,0.0000,0.0067,0.0001,200,12.3217
0.0071,0.0000,0.0000,0.0000,0.0070,0.0000,200,12.3215
0.0073,0.0000,0.0000,0.0001,0.0071,0.0000,200,12.3213
0.0074,0.0000,0.0000,0.0000,0.0073,0.0001,200,12.3222
0.0068,0.0000,0.0000,0.0000,0.0067,0.0001,200,12.3286
0.0068,0.0000,0.0000,0.0000,0.0067,0.0000,200,12.3286
0.0071,0.0000,0.0000,0.0000,0.0071,0.0000,200,12.3286
0.0064,0.0000,0.0000,0.0000,0.0064,0.0001,200,12.3296
0.0085,0.0000,0.0000,0.0000,0.0083,0.0001,200,12.3354
0.0082,0.0000,0.0000,0.0000,0.0079,0.0002,200,12.3357
0.0086,0.0000,0.0000,0.0000,0.0085,0.0000,200,12.3354
0.0082,0.0000,0.0000,0.0000,0.0081,0.0000,200,12.3360
0.0069,0.0000,0.0000,0.0000,0.0068,0.0001,200,12.3440
0.0070,0.0000,0.0000,0.0000,0.0069,0.0000,200,12.3439
0.0071,0.0000,0.0000,0.0000,0.0070,0.0000,200,12.3442
0.0074,0.0000,0.0000,0.0001,0.0073,0.0000,200,12.3439
0.0065,0.0000,0.0000,0.0000,0.0064,0.0001,200,12.3512
0.0069,0.0000,0.0000,0.0000,0.0069,0.0000,200,12.3509
0.0070,0.0000,0.0000,0.0000,0.0070,0.0000,200,12.3509
0.0074,0.0000,0.0000,0.0000,0.0070,0.0003,200,12.3513
0.0070,0.0000,0.0000,0.0000,0.0069,0.0000,200,12.3578
0.0070,0.0000,0.0000,0.0000,0.0069,0.0000,200,12.3579
0.0070,0.0000,0.0000,0.0000,0.0070,0.0000,200,12.3579
0.0070,0.0000,0.0000,0.0000,0.0069,0.0000,200,12.3587
0.0068,0.0000,0.0000,0.0000,0.0067,0.0001,200,12.3648
0.0069,0.0000,0.0000,0.0000,0.0068,0.0000,200,12.3649
0.0072,0.0000,0.0000,0.0000,0.0072,0.0000,200,12.3647
0.0068,0.0000,0.0000,0.0000,0.0067,0.0000,200,12.3657
0.0070,0.0000,0.0000,0.0000,0.0070,0.0000,200,12.3720
0.0074,0.0000,0.0000,0.0000,0.0067,0.0007,200,12.3718
0.0078,0.0000,0.0000,0.0000,0.0077,0.0000,200,12.3716
0.0073,0.0000,0.0000,0.0000,0.0073,0.0000,200,12.3724
0.0071,0.0000,0.0000,0.0000,0.0070,0.0001,200,12.3790
0.0068,0.0000,0.0000,0.0000,0.0065,0.0003,200,12.3794
0.0065,0.0000,0.0000,0.0000,0.0064,0.0000,200,12.3798
0.0073,0.0000,0.0000,0.0000,0.0072,0.0000,200,12.3792
0.0074,0.0000,0.0000,0.0000,0.0067,0.0007,200,12.3862
0.0076,0.0000,0.0000,0.0000,0.0075,0.0000,200,12.3861
0.0075,0.0000,0.0000,0.0000,0.0074,0.0000,200,12.3862
0.0074,0.0000,0.0000,0.0000,0.0073,0.0001,200,12.3866
0.0069,0.0000,0.0000,0.0000,0.0068,0.0001,200,12.3937
0.0070,0.0000,0.0000,0.0000,0.0070,0.0000,200,12.3937
0.0074,0.0000,0.0000,0.0000,0.0072,0.0002,200,12.3937
0.0071,0.0000,0.0000,0.0000,0.0070,0.0001,200,12.3940
0.0068,0.0000,0.0000,0.0000,0.0067,0.0001,200,12.4006
0.0067,0.0000,0.0000,0.0000,0.0067,0.0000,200,12.4007
0.0065,0.0000,0.0000,0.0000,0.0065,0.0000,200,12.4011
0.0073,0.0000,0.0000,0.0000,0.0072,0.0000,200,12.4011
0.0068,0.0000,0.0000,0.0000,0.0067,0.0001,200,12.4074
0.0069,0.0000,0.0000,0.0000,0.0069,0.0000,200,12.4074
0.0066,0.0000,0.0000,0.0000,0.0065,0.0000,200,12.4084
0.0088,0.0000,0.0000,0.0000,0.0086,0.0001,200,12.4076
0.0068,0.0000,0.0000,0.0000,0.0067,0.0001,200,12.4142
0.0068,0.0000,0.0000,0.0000,0.0068,0.0000,200,12.4143
0.0072,0.0000,0.0000,0.0000,0.0071,0.0001,200,12.4150
0.0071,0.0000,0.0000,0.0000,0.0070,0.0001,200,12.4164
0.0071,0.0000,0.0000,0.0000,0.0069,0.0001,200,12.4210
0.0070,0.0000,0.0000,0.0000,0.0070,0.0001,200,12.4211
0.0070,0.0000,0.0000,0.0002,0.0068,0.0001,200,12.4221
0.0066,0.0000,0.0000,0.0000,0.0065,0.0001,200,12.4235
0.0065,0.0000,0.0000,0.0000,0.0064,0.0001,200,12.4282
0.0066,0.0000,0.0000,0.0000,0.0065,0.0000,200,12.4281
0.0064,0.0000,0.0000,0.0000,0.0063,0.0001,200,12.4301
0.0075,0.0000,0.0000,0.0000,0.0074,0.0000,200,12.4292
0.0066,0.0000,0.0000,0.0000,0.0065,0.0001,200,12.4347
0.0075,0.0000,0.0000,0.0000,0.0074,0.0000,200,12.4347
0.0065,0.0000,0.0000,0.0000,0.0065,0.0000,200,12.4365
0.0065,0.0000,0.0000,0.0000,0.0064,0.0000,200,12.4366
0.0067,0.0000,0.0000,0.0000,0.0067,0.0000,200,12.4413
0.0069,0.0000,0.0000,0.0000,0.0068,0.0000,200,12.4422
0.0065,0.0000,0.0000,0.0000,0.0064,0.0001,200,12.4431
0.0066,0.0000,0.0000,0.0000,0.0065,0.0000,200,12.4431
0.0067,0.0000,0.0000,0.0000,0.0066,0.0001,200,12.4481
0.0064,0.0000,0.0000,0.0000,0.0063,0.0000,200,12.4491
0.0066,0.0000,0.0000,0.0000,0.0064,0.0001,200,12.4496
0.0066,0.0000,0.0000,0.0000,0.0066,0.0000,200,12.4496
0.0065,0.0000,0.0000,0.0000,0.0064,0.0000,200,12.4548
0.0063,0.0000,0.0000,0.0000,0.0062,0.0001,200,12.4555
0.0063,0.0000,0.0000,0.0000,0.0062,0.0000,200,12.4562
0.0064,0.0000,0.0000,0.0000,0.0063,0.0000,200,12.4563
0.0069,0.0000,0.0000,0.0000,0.0068,0.0001,200,12.4613
0.0065,0.0000,0.0000,0.0000,0.0064,0.0000,200,12.4618
0.0065,0.0000,0.0000,0.0000,0.0065,0.0000,200,12.4625
0.0064,0.0000,0.0000,0.0000,0.0064,0.0000,200,12.4626
0.0069,0.0000,0.0000,0.0000,0.0068,0.0001,200,12.4682
0.0070,0.0000,0.0000,0.0000,0.0070,0.0000,200,12.4682
0.0064,0.0000,0.0000,0.0000,0.0063,0.0000,200,12.4691
0.0065,0.0000,0.0000,0.0000,0.0064,0.0000,200,12.4690
0.0069,0.0000,0.0000,0.0000,0.0068,0.0001,200,12.4751
0.0066,0.0000,0.0000,0.0000,0.0066,0.0000,200,12.4754
0.0069,0.0000,0.0000,0.0000,0.0068,0.0001,200,12.4752
0.0071,0.0000,0.0000,0.0000,0.0070,0.0000,200,12.4755
0.0068,0.0000,0.0000,0.0000,0.0068,0.0000,200,12.4826
0.0073,0.0000,0.0000,0.0000,0.0072,0.0001,200,12.4821
0.0074,0.0000,0.0000,0.0000,0.0072,0.0001,200,12.4820
0.0074,0.0000,0.0000,0.0000,0.0072,0.0001,200,12.4821
0.0067,0.0000,0.0000,0.0000,0.0066,0.0001,200,12.4894
0.0067,0.0000,0.0000,0.0000,0.0066,0.0001,200,12.4894
0.0074,0.0000,0.0000,0.0000,0.0074,0.0000,200,12.4895
0.0078,0.0000,0.0000,0.0000,0.0077,0.0000,200,12.4894
0.0068,0.0000,0.0000,0.0000,0.0067,0.0001,200,12.4961
0.0069,0.0000,0.0000,0.0000,0.0068,0.0000,200,12.4961
0.0065,0.0000,0.0000,0.0000,0.0064,0.0000,200,12.4969
0.0063,0.0000,0.0000,0.0000,0.0063,0.0000,200,12.4972
0.0069,0.0000,0.0000,0.0000,0.0068,0.0001,200,12.5030
0.0065,0.0000,0.0000,0.0000,0.0065,0.0000,200,12.5035
0.0073,0.0000,0.0000,0.0000,0.0072,0.0000,200,12.5030
0.0072,0.0000,0.0000,0.0000,0.0071,0.0000,200,12.5034
0.0070,0.0000,0.0000,0.0000,0.0069,0.0001,200,12.5099
0.0066,0.0000,0.0000,0.0000,0.0066,0.0000,200,12.5102
0.0070,0.0000,0.0000,0.0000,0.0069,0.0000,200,12.5100
0.0067,0.0000,0.0000,0.0000,0.0066,0.0001,200,12.5106
0.0069,0.0000,0.0000,0.0000,0.0068,0.0001,200,12.5169
0.0070,0.0000,0.0000,0.0000,0.0069,0.0000,200,12.5169
0.0069,0.0000,0.0000,0.0000,0.0069,0.0000,200,12.5170
0.0068,0.0000,0.0000,0.0000,0.0068,0.0000,200,12.5173
0.0066,0.0000,0.0000,0.0000,0.0065,0.0001,200,12.5239
0.0066,0.0000,0.0000,0.0000,0.0065,0.0001,200,12.5238
0.0068,0.0000,0.0000,0.0000,0.0067,0.0000,200,12.5241
0.0073,0.0000,0.0000,0.0000,0.0072,0.0001,200,12.5238
0.0068,0.0000,0.0000,0.0000,0.0067,0.0001,200,12.5305
0.0068,0.0000,0.0000,0.0000,0.0067,0.0000,200,12.5305
0.0065,0.0000,0.0000,0.0000,0.0064,0.0000,200,12.5309
0.0066,0.0000,0.0000,0.0000,0.0066,0.0000,200,12.5311
0.0068,0.0000,0.0000,0.0000,0.0067,0.0001,200,12.5373
0.0070,0.0000,0.0000,0.0000,0.0065,0.0005,200,12.5374
0.0071,0.0000,0.0000,0.0000,0.0071,0.0000,200,12.5373
0.0070,0.0000,0.0000,0.0000,0.0069,0.0000,200,12.5377
0.0069,0.0000,0.0000,0.0000,0.0067,0.0001,200,12.5441
0.0067,0.0000,0.0000,0.0000,0.0066,0.0000,200,12.5444
0.0069,0.0000,0.0000,0.0000,0.0068,0.0000,200,12.5444
0.0069,0.0000,0.0000,0.0000,0.0069,0.0000,200,12.5447
0.0068,0.0000,0.0000,0.0000,0.0067,0.0000,200,12.5509
0.0066,0.0000,0.0000,0.0000,0.0065,0.0001,200,12.5511
0.0066,0.0000,0.0000,0.0000,0.0065,0.0000,200,12.5513
0.0066,0.0000,0.0000,0.0000,0.0065,0.0000,200,12.5517
0.0069,0.0000,0.0000,0.0000,0.0067,0.0002,200,12.5577
0.0070,0.0000,0.0000,0.0000,0.0069,0.0000,200,12.5577
0.0068,0.0000,0.0000,0.0000,0.0067,0.0000,200,12.5579
0.0067,0.0000,0.0000,0.0000,0.0066,0.0000,200,12.5583
0.0068,0.0000,0.0000,0.0000,0.0067,0.0001,200,12.5647
0.0068,0.0000,0.0000,0.0000,0.0067,0.0001,200,12.5647
0.0070,0.0000,0.0000,0.0000,0.0069,0.0000,200,12.5646
0.0073,0.0000,0.0000,0.0000,0.0072,0.0000,200,12.5650
0.0069,0.0000,0.0000,0.0000,0.0068,0.0001,200,12.5715
0.0070,0.0000,0.0000,0.0000,0.0069,0.0000,200,12.5715
0.0069,0.0000,0.0000,0.0000,0.0069,0.0000,200,12.5716
0.0084,0.0000,0.0000,0.0000,0.0083,0.0000,200,12.5722
0.0067,0.0000,0.0000,0.0000,0.0066,0.0000,200,12.5784
0.0066,0.0000,0.0000,0.0000,0.0064,0.0001,200,12.5785
0.0080,0.0000,0.0000,0.0000,0.0079,0.0001,200,12.5785
0.0068,0.0000,0.0000,0.0000,0.0067,0.0000,200,12.5807
0.0067,0.0000,0.0000,0.0000,0.0066,0.0000,200,12.5851
0.0068,0.0000,0.0000,0.0000,0.0065,0.0002,200,12.5851
0.0065,0.0000,0.0000,0.0000,0.0065,0.0000,200,12.5865
0.0063,0.0000,0.0000,0.0000,0.0063,0.0000,200,12.5874
0.0066,0.0000,0.0000,0.0000,0.0065,0.0001,200,12.5919
0.0067,0.0000,0.0000,0.0000,0.0066,0.0000,200,12.5918
0.0064,0.0000,0.0000,0.0000,0.0063,0.0000,200,12.5931
0.0067,0.0000,0.0000,0.0000,0.0067,0.0000,200,12.5938
0.0066,0.0000,0.0000,0.0000,0.0065,0.0001,200,12.5985
0.0068,0.0000,0.0000,0.0000,0.0067,0.0000,200,12.5985
0.0065,0.0000,0.0000,0.0000,0.0064,0.0001,200,12.5995
0.0068,0.0000,0.0000,0.0000,0.0068,0.0000,200,12.6005
0.0065,0.0000,0.0000,0.0000,0.0064,0.0001,200,12.6053
0.0067,0.0000,0.0000,0.0000,0.0066,0.0000,200,12.6051
0.0065,0.0000,0.0000,0.0000,0.0065,0.0000,200,12.6060
0.0064,0.0000,0.0000,0.0000,0.0064,0.0000,200,12.6073
0.0067,0.0000,0.0000,0.0000,0.0066,0.0001,200,12.6118
0.0071,0.0000,0.0000,0.0000,0.0070,0.0000,200,12.6118
0.0065,0.0000,0.0000,0.0000,0.0064,0.0000,200,12.6125
0.0065,0.0000,0.0000,0.0000,0.0064,0.0001,200,12.6138
0.0069,0.0000,0.0000,0.0000,0.0068,0.0001,200,12.6184
0.0065,0.0000,0.0000,0.0000,0.0064,0.0000,200,12.6190
0.0071,0.0000,0.0000,0.0000,0.0070,0.0000,200,12.6189
0.0065,0.0000,0.0000,0.0000,0.0064,0.0000,200,12.6202
0.0068,0.0000,0.0000,0.0000,0.0067,0.0001,200,12.6255
0.0070,0.0000,0.0000,0.0000,0.0068,0.0000,200,12.6253
0.0064,0.0000,0.0000,0.0000,0.0064,0.0000,200,12.6260
0.0064,0.0000,0.0000,0.0000,0.0063,0.0001,200,12.6267
0.0070,0.0000,0.0000,0.0000,0.0069,0.0001,200,12.6322
0.0070,0.0000,0.0000,0.0000,0.0069,0.0000,200,12.6323
0.0073,0.0000,0.0000,0.0000,0.0072,0.0000,200,12.6324
0.0066,0.0000,0.0000,0.0000,0.0065,0.0000,200,12.6331
0.0068,0.0000,0.0000,0.0000,0.0067,0.0001,200,12.6393
0.0065,0.0000,0.0000,0.0000,0.0064,0.0000,200,12.6397
0.0069,0.0000,0.0000,0.0000,0.0068,0.0000,200,12.6393
0.0071,0.0000,0.0000,0.0000,0.0068,0.0003,200,12.6397
0.0067,0.0000,0.0000,0.0000,0.0065,0.0001,200,12.6461
0.0068,0.0000,0.0000,0.0000,0.0068,0.0000,200,12.6462
0.0068,0.0000,0.0000,0.0000,0.0067,0.0000,200,12.6462
0.0067,0.0000,0.0000,0.0000,0.0066,0.0000,200,12.6468
0.0071,0.0000,0.0000,0.0000,0.0068,0.0003,200,12.6528
0.0070,0.0000,0.0000,0.0000,0.0069,0.0000,200,12.6530
0.0071,0.0000,0.0000,0.0000,0.0071,0.0000,200,12.6530
0.0078,0.0000,0.0000,0.0000,0.0077,0.0000,200,12.6535
0.0068,0.0000,0.0000,0.0000,0.0067,0.0001,200,12.6600
0.0070,0.0000,0.0000,0.0000,0.0069,0.0001,200,12.6601
0.0065,0.0000,0.0000,0.0000,0.0064,0.0000,200,12.6613
0.0083,0.0000,0.0000,0.0000,0.0082,0.0000,200,12.6599
0.0068,0.0000,0.0000,0.0000,0.0067,0.0001,200,12.6668
0.0065,0.0000,0.0000,0.0000,0.0064,0.0000,200,12.6671
0.0064,0.0000,0.0000,0.0000,0.0063,0.0000,200,12.6679
0.0066,0.0000,0.0000,0.0000,0.0066,0.0000,200,12.6682
0.0067,0.0000,0.0000,0.0000,0.0066,0.0001,200,12.6736
0.0070,0.0000,0.0000,0.0000,0.0069,0.0000,200,12.6736
0.0067,0.0000,0.0000,0.0000,0.0066,0.0000,200,12.6742
0.0065,0.0000,0.0000,0.0000,0.0065,0.0001,200,12.6749
0.0069,0.0000,0.0000,0.0000,0.0068,0.0000,200,12.6803
0.0066,0.0000,0.0000,0.0000,0.0065,0.0000,200,12.6806
0.0064,0.0000,0.0000,0.0000,0.0063,0.0000,200,12.6809
0.0062,0.0000,0.0000,0.0000,0.0062,0.0000,200,12.6814
0.0068,0.0000,0.0000,0.0000,0.0066,0.0001,200,12.6872
0.0071,0.0000,0.0000,0.0000,0.0071,0.0000,200,12.6873
0.0068,0.0000,0.0000,0.0000,0.0067,0.0000,200,12.6877
0.0073,0.0000,0.0000,0.0000,0.0073,0.0000,200,12.6872
0.0068,0.0000,0.0000,0.0000,0.0067,0.0001,200,12.6940
0.0065,0.0000,0.0000,0.0000,0.0065,0.0000,200,12.6945
0.0067,0.0000,0.0000,0.0000,0.0067,0.0000,200,12.6944
0.0073,0.0000,0.0000,0.0000,0.0073,0.0000,200,12.6944
0.0066,0.0000,0.0000,0.0000,0.0065,0.0001,200,12.7010
0.0069,0.0000,0.0000,0.0000,0.0067,0.0001,200,12.7007
0.0066,0.0000,0.0000,0.0000,0.0066,0.0000,200,12.7011
0.0063,0.0000,0.0000,0.0000,0.0063,0.0000,200,12.7017
0.0070,0.0000,0.0000,0.0000,0.0069,0.0001,200,12.7076
0.0071,0.0000,0.0000,0.0000,0.0069,0.0001,200,12.7076
0.0067,0.0000,0.0000,0.0000,0.0067,0.0000,200,12.7081
0.0071,0.0000,0.0000,0.0000,0.0071,0.0000,200,12.7077
0.0070,0.0000,0.0000,0.0000,0.0069,0.0001,200,12.7147
0.0070,0.0000,0.0000,0.0000,0.0069,0.0000,200,12.7148
0.0070,0.0000,0.0000,0.0000,0.0069,0.0000,200,12.7149
0.0073,0.0000,0.0000,0.0000,0.0072,0.0000,200,12.7147
0.0069,0.0000,0.0000,0.0000,0.0068,0.0001,200,12.7218
0.0069,0.0000,0.0000,0.0000,0.0068,0.0001,200,12.7217
0.0073,0.0000,0.0000,0.0000,0.0073,0.0000,200,12.7219
0.0074,0.0000,0.0000,0.0000,0.0073,0.0000,200,12.7219
0.0069,0.0000,0.0000,0.0000,0.0068,0.0001,200,12.7286
0.0063,0.0000,0.0000,0.0000,0.0062,0.0001,200,12.7292
0.0064,0.0000,0.0000,0.0000,0.0063,0.0000,200,12.7292
0.0070,0.0000,0.0000,0.0000,0.0069,0.0000,200,12.7286
0.0068,0.0000,0.0000,0.0000,0.0067,0.0001,200,12.7356
0.0068,0.0000,0.0000,0.0000,0.0067,0.0000,200,12.7356
0.0071,0.0000,0.0000,0.0000,0.0071,0.0000,200,12.7355
0.0071,0.0000,0.0000,0.0000,0.0070,0.0000,200,12.7356
0.0067,0.0000,0.0000,0.0000,0.0066,0.0001,200,12.7424
0.0068,0.0000,0.0000,0.0000,0.0067,0.0000,200,12.7424
0.0082,0.0000,0.0000,0.0000,0.0081,0.0001,200,12.7426
0.0082,0.0000,0.0000,0.0000,0.0082,0.0000,200,12.7427
0.0066,0.0000,0.0000,0.0000,0.0065,0.0001,200,12.7491
0.0072,0.0000,0.0000,0.0000,0.0071,0.0001,200,12.7491
0.0065,0.0000,0.0000,0.0000,0.0064,0.0001,200,12.7508
0.0067,0.0000,0.0000,0.0000,0.0066,0.0000,200,12.7509
0.0069,0.0000,0.0000,0.0000,0.0068,0.0001,200,12.7563
0.0079,0.0000,0.0000,0.0000,0.0078,0.0001,200,12.7558
0.0065,0.0000,0.0000,0.0000,0.0065,0.0000,200,12.7574
0.0073,0.0000,0.0000,0.0000,0.0072,0.0001,200,12.7575
0.0069,0.0000,0.0000,0.0000,0.0068,0.0000,200,12.7637
0.0067,0.0000,0.0000,0.0000,0.0067,0.0000,200,12.7639
0.0075,0.0000,0.0000,0.0000,0.0073,0.0002,200,12.7632
0.0066,0.0000,0.0000,0.0000,0.0065,0.0001,200,12.7648
0.0067,0.0000,0.0000,0.0000,0.0066,0.0001,200,12.7706
0.0068,0.0000,0.0000,0.0000,0.0068,0.0000,200,12.7706
0.0072,0.0000,0.0000,0.0000,0.0072,0.0000,200,12.7707
0.0070,0.0000,0.0000,0.0000,0.0069,0.0000,200,12.7714
0.0070,0.0000,0.0000,0.0000,0.0069,0.0001,200,12.7774
0.0072,0.0000,0.0000,0.0000,0.0072,0.0000,200,12.7773
0.0070,0.0000,0.0000,0.0000,0.0069,0.0000,200,12.7784
0.0074,0.0000,0.0000,0.0000,0.0073,0.0000,200,12.7780
0.0069,0.0000,0.0000,0.0000,0.0068,0.0001,200,12.7844
0.0068,0.0000,0.0000,0.0000,0.0067,0.0000,200,12.7845
0.0066,0.0000,0.0000,0.0000,0.0066,0.0000,200,12.7854
0.0078,0.0000,0.0000,0.0000,0.0077,0.0000,200,12.7854
0.0069,0.0000,0.0000,0.0000,0.0068,0.0001,200,12.7913
0.0069,0.0000,0.0000,0.0000,0.0068,0.0001,200,12.7913
0.0071,0.0000,0.0000,0.0000,0.0070,0.0001,200,12.7920
0.0064,0.0000,0.0000,0.0000,0.0063,0.0000,200,12.7932
0.0066,0.0000,0.0000,0.0000,0.0064,0.0001,200,12.7982
0.0063,0.0000,0.0000,0.0000,0.0062,0.0000,200,12.7991
0.0064,0.0000,0.0000,0.0000,0.0063,0.0000,200,12.7995
0.0082,0.0000,0.0000,0.0000,0.0080,0.0000,200,12.7982
0.0067,0.0000,0.0000,0.0000,0.0066,0.0001,200,12.8047
0.0066,0.0000,0.0000,0.0000,0.0065,0.0000,200,12.8054
0.0065,0.0000,0.0000,0.0000,0.0064,0.0001,200,12.8059
0.0064,0.0000,0.0000,0.0000,0.0064,0.0000,200,12.8064
0.0068,0.0000,0.0000,0.0000,0.0066,0.0001,200,12.8114
0.0067,0.0000,0.0000,0.0000,0.0066,0.0000,200,12.8120
0.0065,0.0000,0.0000,0.0000,0.0064,0.0000,200,12.8124
0.0065,0.0000,0.0000,0.0000,0.0064,0.0000,200,12.8128
0.0067,0.0000,0.0000,0.0000,0.0066,0.0000,200,12.8189
0.0074,0.0000,0.0000,0.0000,0.0073,0.0000,200,12.8182
0.0069,0.0000,0.0000,0.0000,0.0068,0.0001,200,12.8187
0.0064,0.0000,0.0000,0.0000,0.0064,0.0000,200,12.8193
0.0069,0.0000,0.0000,0.0000,0.0068,0.0000,200,12.8256
0.0069,0.0000,0.0000,0.0000,0.0066,0.0002,200,12.8256
0.0072,0.0000,0.0000,0.0000,0.0071,0.0000,200,12.8256
0.0071,0.0000,0.0000,0.0000,0.0070,0.0000,200,12.8257
0.0068,0.0000,0.0000,0.0000,0.0066,0.0001,200,12.8325
0.0069,0.0000,0.0000,0.0000,0.0068,0.0000,200,12.8325
0.0069,0.0000,0.0000,0.0000,0.0068,0.0000,200,12.8328
0.0070,0.0000,0.0000,0.0000,0.0069,0.0000,200,12.8328
0.0068,0.0000,0.0000,0.0000,0.0067,0.0001,200,12.8394
0.0067,0.0000,0.0000,0.0000,0.0065,0.0002,200,12.8396
0.0073,0.0000,0.0000,0.0000,0.0072,0.0000,200,12.8392
0.0069,0.0000,0.0000,0.0000,0.0068,0.0000,200,12.8398
0.0067,0.0000,0.0000,0.0000,0.0067,0.0001,200,12.8466
0.0073,0.0000,0.0000,0.0000,0.0072,0.0000,200,12.8463
0.0075,0.0000,0.0000,0.0000,0.0074,0.0000,200,12.8462
0.0073,0.0000,0.0000,0.0000,0.0072,0.0000,200,12.8465
0.0066,0.0000,0.0000,0.0000,0.0065,0.0001,200,12.8537
0.0069,0.0000,0.0000,0.0000,0.0068,0.0000,200,12.8534
0.0068,0.0000,0.0000,0.0000,0.0067,0.0000,200,12.8537
0.0071,0.0000,0.0000,0.0000,0.0070,0.0001,200,12.8538
0.0070,0.0000,0.0000,0.0000,0.0069,0.0001,200,12.8603
0.0068,0.0000,0.0000,0.0000,0.0067,0.0000,200,12.8605
0.0071,0.0000,0.0000,0.0000,0.0070,0.0000,200,12.8603
0.0069,0.0000,0.0000,0.0000,0.0068,0.0001,200,12.8608
0.0068,0.0000,0.0000,0.0000,0.0066,0.0001,200,12.8673
0.0067,0.0000,0.0000,0.0000,0.0066,0.0000,200,12.8674
0.0069,0.0000,0.0000,0.0000,0.0067,0.0000,200,12.8673
0.0079,0.0000,0.0000,0.0000,0.0076,0.0003,200,12.8678
0.0070,0.0000,0.0000,0.0000,0.0068,0.0001,200,12.8740
0.0070,0.0000,0.0000,0.0000,0.0068,0.0000,200,12.8741
0.0074,0.0000,0.0000,0.0000,0.0073,0.0000,200,12.8742
0.0067,0.0000,0.0000,0.0000,0.0066,0.0001,200,12.8757
0.0068,0.0000,0.0000,0.0000,0.0067,0.0000,200,12.8810
0.0069,0.0000,0.0000,0.0000,0.0068,0.0000,200,12.8810
0.0066,0.0000,0.0000,0.0000,0.0065,0.0000,200,12.8816
0.0065,0.0000,0.0000,0.0000,0.0064,0.0000,200,12.8824
0.0069,0.0000,0.0000,0.0000,0.0068,0.0001,200,12.8878
0.0067,0.0000,0.0000,0.0000,0.0066,0.0000,200,12.8882
0.0063,0.0000,0.0000,0.0000,0.0062,0.0000,200,12.8889
0.0075,0.0000,0.0000,0.0000,0.0069,0.0005,200,12.8879
0.0072,0.0000,0.0000,0.0000,0.0071,0.0001,200,12.8947
0.0073,0.0000,0.0000,0.0000,0.0072,0.0000,200,12.8949
0.0071,0.0000,0.0000,0.0000,0.0070,0.0000,200,12.8951
0.0070,0.0000,0.0000,0.0000,0.0070,0.0000,200,12.8953
0.0070,0.0000,0.0000,0.0000,0.0069,0.0001,200,12.9019
0.0067,0.0000,0.0000,0.0000,0.0066,0.0001,200,12.9022
0.0067,0.0000,0.0000,0.0000,0.0066,0.0001,200,12.9022
0.0076,0.0000,0.0000,0.0000,0.0076,0.0001,200,12.9024
0.0068,0.0000,0.0000,0.0000,0.0068,0.0000,200,12.9089
0.0069,0.0000,0.0000,0.0000,0.0068,0.0000,200,12.9089
0.0075,0.0000,0.0000,0.0000,0.0074,0.0001,200,12.9089
0.0067,0.0000,0.0000,0.0000,0.0066,0.0000,200,12.9100
0.0069,0.0000,0.0000,0.0000,0.0068,0.0001,200,12.9157
0.0070,0.0000,0.0000,0.0000,0.0070,0.0000,200,12.9157
0.0065,0.0000,0.0000,0.0000,0.0064,0.0000,200,12.9167
0.0069,0.0000,0.0000,0.0000,0.0069,0.0000,200,12.9164
0.0069,0.0000,0.0000,0.0001,0.0067,0.0001,200,12.9227
0.0069,0.0000,0.0000,0.0000,0.0069,0.0000,200,12.9228
0.0065,0.0000,0.0000,0.0000,0.0065,0.0000,200,12.9232
0.0065,0.0000,0.0000,0.0000,0.0064,0.0000,200,12.9234
0.0068,0.0000,0.0000,0.0000,0.0067,0.0001,200,12.9297
0.0070,0.0000,0.0000,0.0000,0.0069,0.0000,200,12.9296
0.0072,0.0000,0.0000,0.0000,0.0072,0.0000,200,12.9297
0.0072,0.0000,0.0000,0.0000,0.0071,0.0000,200,12.9298
0.0070,0.0000,0.0000,0.0000,0.0069,0.0000,200,12.9366
0.0071,0.0000,0.0000,0.0000,0.0070,0.0000,200,12.9365
0.0067,0.0000,0.0000,0.0000,0.0066,0.0001,200,12.9369
0.0075,0.0000,0.0000,0.0000,0.0074,0.0001,200,12.9370
0.0067,0.0000,0.0000,0.0000,0.0066,0.0000,200,12.9436
0.0067,0.0000,0.0000,0.0000,0.0067,0.0001,200,12.9436
0.0074,0.0000,0.0000,0.0000,0.0073,0.0000,200,12.9436
0.0066,0.0000,0.0000,0.0000,0.0065,0.0000,200,12.9445
0.0065,0.0000,0.0000,0.0000,0.0064,0.0001,200,12.9504
0.0066,0.0000,0.0000,0.0000,0.0065,0.0000,200,12.9504
0.0063,0.0000,0.0000,0.0000,0.0062,0.0001,200,12.9510
0.0062,0.0000,0.0000,0.0000,0.0061,0.0000,200,12.9511
0.0065,0.0000,0.0000,0.0000,0.0064,0.0000,200,12.9568
0.0064,0.0000,0.0000,0.0000,0.0063,0.0001,200,12.9569
0.0063,0.0000,0.0000,0.0000,0.0062,0.0000,200,12.9573
0.0064,0.0000,0.0000,0.0000,0.0063,0.0000,200,12.9573
0.0069,0.0000,0.0000,0.0000,0.0068,0.0001,200,12.9633
0.0073,0.0000,0.0000,0.0000,0.0068,0.0004,200,12.9633
0.0070,0.0000,0.0000,0.0000,0.0068,0.0002,200,12.9636
0.0072,0.0000,0.0000,0.0000,0.0070,0.0002,200,12.9637
0.0072,0.0000,0.0000,0.0001,0.0070,0.0001,200,12.9706
0.0076,0.0000,0.0000,0.0000,0.0071,0.0002,200,12.9702
0.0070,0.0000,0.0000,0.0000,0.0070,0.0000,200,12.9709
0.0076,0.0000,0.0000,0.0002,0.0072,0.0002,200,12.9706
0.0070,0.0000,0.0000,0.0000,0.0069,0.0001,200,12.9778
0.0075,0.0000,0.0000,0.0000,0.0074,0.0000,200,12.9778
0.0079,0.0000,0.0000,0.0000,0.0078,0.0001,200,12.9779
0.0109,0.0000,0.0000,0.0000,0.0108,0.0001,200,12.9782
0.0067,0.0000,0.0000,0.0000,0.0066,0.0001,200,12.9858
0.0078,0.0000,0.0000,0.0000,0.0077,0.0000,200,12.9848
0.0072,0.0000,0.0000,0.0000,0.0071,0.0000,200,12.9854
0.0076,0.0000,0.0000,0.0000,0.0071,0.0005,200,12.9892
0.0069,0.0000,0.0000,0.0000,0.0068,0.0001,200,12.9925
0.0069,0.0000,0.0000,0.0000,0.0069,0.0000,200,12.9926
0.0092,0.0000,0.0000,0.0000,0.0091,0.0000,200,12.9926
0.0078,0.0000,0.0000,0.0000,0.0069,0.0008,200,12.9968
0.0070,0.0000,0.0000,0.0000,0.0068,0.0002,200,12.9995
0.0072,0.0000,0.0000,0.0000,0.0071,0.0000,200,12.9995
0.0070,0.0000,0.0000,0.0000,0.0069,0.0001,200,13.0018
0.0067,0.0000,0.0000,0.0000,0.0066,0.0000,200,13.0046
0.0066,0.0000,0.0000,0.0000,0.0065,0.0001,200,13.0067
0.0069,0.0000,0.0000,0.0000,0.0069,0.0000,200,13.0065
0.0068,0.0000,0.0000,0.0000,0.0067,0.0001,200,13.0087
0.0074,0.0000,0.0000,0.0000,0.0074,0.0001,200,13.0113
0.0066,0.0000,0.0000,0.0000,0.0065,0.0001,200,13.0134
0.0069,0.0000,0.0000,0.0000,0.0068,0.0000,200,13.0133
0.0074,0.0000,0.0000,0.0000,0.0073,0.0001,200,13.0155
0.0077,0.0000,0.0000,0.0000,0.0076,0.0001,200,13.0187
0.0065,0.0000,0.0000,0.0000,0.0064,0.0000,200,13.0202
0.0067,0.0000,0.0000,0.0000,0.0067,0.0000,200,13.0200
0.0069,0.0000,0.0000,0.0000,0.0068,0.0001,200,13.0229
0.0075,0.0000,0.0000,0.0000,0.0073,0.0001,200,13.0268
0.0077,0.0000,0.0000,0.0000,0.0076,0.0000,200,13.0266
0.0089,0.0000,0.0000,0.0000,0.0088,0.0001,200,13.0265
0.0073,0.0000,0.0000,0.0000,0.0072,0.0001,200,13.0298
0.0074,0.0000,0.0000,0.0000,0.0073,0.0001,200,13.0343
0.0076,0.0000,0.0000,0.0000,0.0076,0.0000,200,13.0343
0.0068,0.0000,0.0000,0.0000,0.0067,0.0001,200,13.0354
0.0095,0.0000,0.0000,0.0000,0.0093,0.0001,200,13.0371
0.0073,0.0000,0.0000,0.0000,0.0072,0.0000,200,13.0418
0.0071,0.0000,0.0000,0.0000,0.0071,0.0001,200,13.0419
0.0098,0.0000,0.0000,0.0000,0.0097,0.0001,200,13.0422
0.0070,0.0000,0.0000,0.0000,0.0068,0.0002,200,13.0466
0.0068,0.0000,0.0000,0.0000,0.0067,0.0000,200,13.0490
0.0069,0.0000,0.0000,0.0000,0.0069,0.0000,200,13.0490
0.0071,0.0000,0.0000,0.0000,0.0070,0.0001,200,13.0520
0.0073,0.0000,0.0000,0.0000,0.0072,0.0001,200,13.0535
0.0068,0.0000,0.0000,0.0000,0.0067,0.0001,200,13.0558
0.0069,0.0000,0.0000,0.0000,0.0069,0.0000,200,13.0559
0.0071,0.0000,0.0000,0.0000,0.0070,0.0001,200,13.0591
0.0071,0.0000,0.0000,0.0000,0.0071,0.0000,200,13.0608
0.0070,0.0000,0.0000,0.0000,0.0069,0.0001,200,13.0627
0.0070,0.0000,0.0000,0.0000,0.0070,0.0000,200,13.0628
0.0071,0.0000,0.0000,0.0000,0.0070,0.0001,200,13.0662
0.0066,0.0000,0.0000,0.0000,0.0065,0.0001,200,13.0680
0.0066,0.0000,0.0000,0.0000,0.0065,0.0000,200,13.0699
0.0069,0.0000,0.0000,0.0000,0.0068,0.0000,200,13.0697
0.0070,0.0000,0.0000,0.0000,0.0069,0.0001,200,13.0733
0.0066,0.0000,0.0000,0.0000,0.0065,0.0000,200,13.0746
0.0067,0.0000,0.0000,0.0000,0.0066,0.0001,200,13.0765
0.0068,0.0000,0.0000,0.0000,0.0067,0.0000,200,13.0765
0.0074,0.0000,0.0000,0.0000,0.0073,0.0001,200,13.0803
0.0069,0.0000,0.0000,0.0000,0.0068,0.0000,200,13.0812
0.0074,0.0000,0.0000,0.0000,0.0073,0.0001,200,13.0832
0.0075,0.0000,0.0000,0.0000,0.0074,0.0000,200,13.0833
0.0069,0.0000,0.0000,0.0000,0.0068,0.0001,200,13.0881
0.0077,0.0000,0.0000,0.0000,0.0076,0.0001,200,13.0877
0.0075,0.0000,0.0000,0.0000,0.0074,0.0001,200,13.0908
0.0078,0.0000,0.0000,0.0000,0.0077,0.0000,200,13.0906
0.0082,0.0000,0.0000,0.0000,0.0081,0.0001,200,13.0949
0.0080,0.0000,0.0000,0.0000,0.0079,0.0001,200,13.0955
0.0075,0.0000,0.0000,0.0000,0.0075,0.0001,200,13.0984
0.0077,0.0000,0.0000,0.0000,0.0076,0.0000,200,13.0983
0.0079,0.0000,0.0000,0.0000,0.0078,0.0000,200,13.1032
0.0075,0.0000,0.0000,0.0000,0.0074,0.0001,200,13.1035
0.0071,0.0000,0.0000,0.0000,0.0070,0.0001,200,13.1060
0.0072,0.0000,0.0000,0.0000,0.0072,0.0000,200,13.1059
0.0075,0.0000,0.0000,0.0000,0.0074,0.0000,200,13.1110
0.0075,0.0000,0.0000,0.0000,0.0074,0.0001,200,13.1110
0.0075,0.0000,0.0000,0.0000,0.0074,0.0001,200,13.1130
0.0080,0.0000,0.0000,0.0000,0.0080,0.0000,200,13.1132
0.0073,0.0000,0.0000,0.0000,0.0071,0.0001,200,13.1185
0.0074,0.0000,0.0000,0.0000,0.0073,0.0000,200,13.1185
0.0073,0.0000,0.0000,0.0001,0.0072,0.0001,200,13.1206
0.0068,0.0000,0.0000,0.0000,0.0068,0.0000,200,13.1212
0.0069,0.0000,0.0000,0.0000,0.0068,0.0001,200,13.1260
0.0071,0.0000,0.0000,0.0000,0.0070,0.0001,200,13.1258
0.0070,0.0000,0.0000,0.0000,0.0069,0.0001,200,13.1279
0.0070,0.0000,0.0000,0.0000,0.0069,0.0000,200,13.1280
0.0075,0.0000,0.0000,0.0000,0.0074,0.0001,200,13.1329
0.0080,0.0000,0.0000,0.0000,0.0079,0.0000,200,13.1329
0.0070,0.0000,0.0000,0.0000,0.0069,0.0000,200,13.1349
0.0077,0.0000,0.0000,0.0000,0.0076,0.0001,200,13.1350
0.0070,0.0000,0.0000,0.0000,0.0068,0.0000,200,13.1404
0.0065,0.0000,0.0000,0.0000,0.0064,0.0000,200,13.1409
0.0066,0.0000,0.0000,0.0000,0.0066,0.0000,200,13.1419
0.0063,0.0000,0.0000,0.0000,0.0062,0.0001,200,13.1427
0.0071,0.0000,0.0000,0.0000,0.0070,0.0001,200,13.1474
0.0071,0.0000,0.0000,0.0000,0.0070,0.0001,200,13.1474
0.0067,0.0000,0.0000,0.0000,0.0066,0.0000,200,13.1485
0.0064,0.0000,0.0000,0.0000,0.0064,0.0000,200,13.1490
0.0067,0.0000,0.0000,0.0000,0.0066,0.0001,200,13.1545
0.0068,0.0000,0.0000,0.0000,0.0068,0.0000,200,13.1545
0.0064,0.0000,0.0000,0.0000,0.0064,0.0000,200,13.1555
0.0067,0.0000,0.0000,0.0000,0.0067,0.0000,200,13.1552
0.0068,0.0000,0.0000,0.0000,0.0067,0.0001,200,13.1613
0.0070,0.0000,0.0000,0.0000,0.0069,0.0000,200,13.1612
0.0069,0.0000,0.0000,0.0000,0.0068,0.0000,200,13.1619
0.0070,0.0000,0.0000,0.0000,0.0069,0.0000,200,13.1619
0.0067,0.0000,0.0000,0.0000,0.0066,0.0001,200,13.1681
0.0071,0.0000,0.0000,0.0000,0.0071,0.0000,200,13.1681
0.0066,0.0000,0.0000,0.0000,0.0065,0.0000,200,13.1688
0.0070,0.0000,0.0000,0.0000,0.0069,0.0001,200,13.1689
0.0068,0.0000,0.0000,0.0000,0.0067,0.0001,200,13.1748
0.0064,0.0000,0.0000,0.0000,0.0063,0.0001,200,13.1754
0.0066,0.0000,0.0000,0.0000,0.0065,0.0000,200,13.1753
0.0081,0.0000,0.0000,0.0000,0.0080,0.0001,200,13.1759
0.0068,0.0000,0.0000,0.0000,0.0066,0.0002,200,13.1819
0.0070,0.0000,0.0000,0.0000,0.0069,0.0001,200,13.1817
0.0071,0.0000,0.0000,0.0000,0.0070,0.0000,200,13.1817
0.0065,0.0000,0.0000,0.0000,0.0064,0.0001,200,13.1840
0.0067,0.0000,0.0000,0.0000,0.0066,0.0001,200,13.1887
0.0068,0.0000,0.0000,0.0000,0.0067,0.0000,200,13.1887
0.0073,0.0000,0.0000,0.0000,0.0072,0.0001,200,13.1888
0.0064,0.0000,0.0000,0.0000,0.0063,0.0000,200,13.1905
0.0067,0.0000,0.0000,0.0000,0.0066,0.0000,200,13.1954
0.0068,0.0000,0.0000,0.0000,0.0065,0.0002,200,13.1955
0.0064,0.0000,0.0000,0.0000,0.0064,0.0000,200,13.1961
0.0066,0.0000,0.0000,0.0000,0.0065,0.0001,200,13.1969
0.0069,0.0000,0.0000,0.0000,0.0068,0.0000,200,13.2023
0.0066,0.0000,0.0000,0.0000,0.0065,0.0000,200,13.2025
0.0071,0.0000,0.0000,0.0000,0.0070,0.0000,200,13.2022
0.0064,0.0000,0.0000,0.0000,0.0063,0.0000,200,13.2035
0.0068,0.0000,0.0000,0.0000,0.0068,0.0001,200,13.2092
0.0068,0.0000,0.0000,0.0000,0.0068,0.0001,200,13.2092
0.0067,0.0000,0.0000,0.0000,0.0067,0.0001,200,13.2093
0.0067,0.0000,0.0000,0.0000,0.0067,0.0000,200,13.2099
0.0073,0.0000,0.0000,0.0000,0.0072,0.0000,200,13.2160
0.0073,0.0000,0.0000,0.0000,0.0072,0.0001,200,13.2160
0.0074,0.0000,0.0000,0.0000,0.0073,0.0000,200,13.2160
0.0070,0.0000,0.0000,0.0000,0.0069,0.0000,200,13.2166
0.0068,0.0000,0.0000,0.0000,0.0067,0.0001,200,13.2233
0.0069,0.0000,0.0000,0.0000,0.0068,0.0000,200,13.2233
0.0068,0.0000,0.0000,0.0000,0.0068,0.0000,200,13.2234
0.0071,0.0000,0.0000,0.0000,0.0070,0.0000,200,13.2236
0.0068,0.0000,0.0000,0.0000,0.0067,0.0001,200,13.2302
0.0067,0.0000,0.0000,0.0000,0.0067,0.0000,200,13.2303
0.0070,0.0000,0.0000,0.0000,0.0069,0.0000,200,13.2301
0.0066,0.0000,0.0000,0.0000,0.0065,0.0000,200,13.2307
0.0067,0.0000,0.0000,0.0000,0.0066,0.0001,200,13.2370
0.0066,0.0000,0.0000,0.0000,0.0066,0.0000,200,13.2371
0.0068,0.0000,0.0000,0.0000,0.0067,0.0000,200,13.2370
0.0071,0.0000,0.0000,0.0000,0.0071,0.0000,200,13.2373
0.0069,0.0000,0.0000,0.0000,0.0067,0.0001,200,13.2437
0.0069,0.0000,0.0000,0.0000,0.0069,0.0000,200,13.2437
0.0064,0.0000,0.0000,0.0000,0.0063,0.0000,200,13.2444
0.0072,0.0000,0.0000,0.0000,0.0071,0.0000,200,13.2437
0.0067,0.0000,0.0000,0.0000,0.0066,0.0001,200,13.2506
0.0067,0.0000,0.0000,0.0000,0.0066,0.0000,200,13.2507
0.0071,0.0000,0.0000,0.0000,0.0071,0.0000,200,13.2508
0.0072,0.0000,0.0000,0.0000,0.0071,0.0000,200,13.2509
0.0069,0.0000,0.0000,0.0000,0.0068,0.0001,200,13.2574
0.0069,0.0000,0.0000,0.0000,0.0068,0.0000,200,13.2574
0.0065,0.0000,0.0000,0.0000,0.0064,0.0000,200,13.2581
0.0067,0.0000,0.0000,0.0000,0.0066,0.0000,200,13.2580
0.0068,0.0000,0.0000,0.0000,0.0067,0.0001,200,13.2643
0.0065,0.0000,0.0000,0.0000,0.0065,0.0000,200,13.2647
0.0069,0.0000,0.0000,0.0000,0.0069,0.0000,200,13.2642
0.0126,0.0000,0.0000,0.0000,0.0125,0.0001,200,13.2646
0.0064,0.0000,0.0000,0.0000,0.0063,0.0000,200,13.2712
0.0069,0.0000,0.0000,0.0000,0.0068,0.0000,200,13.2712
0.0117,0.0000,0.0000,0.0000,0.0115,0.0001,200,13.2710
0.0071,0.0000,0.0000,0.0000,0.0070,0.0000,200,13.2773
0.0064,0.0000,0.0000,0.0000,0.0063,0.0000,200,13.2781
0.0106,0.0000,0.0000,0.0000,0.0105,0.0000,200,13.2776
0.0065,0.0000,0.0000,0.0000,0.0064,0.0001,200,13.2843
0.0064,0.0000,0.0000,0.0000,0.0063,0.0000,200,13.2844
0.0109,0.0000,0.0000,0.0000,0.0108,0.0001,200,13.2827
0.0064,0.0000,0.0000,0.0000,0.0063,0.0000,200,13.2908
0.0064,0.0000,0.0000,0.0000,0.0063,0.0000,200,13.2908
0.0111,0.0000,0.0000,0.0000,0.0111,0.0000,200,13.2882
0.0066,0.0000,0.0000,0.0000,0.0065,0.0001,200,13.2972
0.0066,0.0000,0.0000,0.0000,0.0065,0.0000,200,13.2972
0.0168,0.0000,0.0000,0.0000,0.0166,0.0001,200,13.2936
0.0111,0.0000,0.0000,0.0000,0.0110,0.0001,200,13.2993
0.0067,0.0000,0.0000,0.0000,0.0066,0.0000,200,13.3038
0.0067,0.0000,0.0000,0.0000,0.0064,0.0002,200,13.3038
0.0068,0.0000,0.0000,0.0000,0.0067,0.0001,200,13.3103
0.0068,0.0000,0.0000,0.0000,0.0068,0.0000,200,13.3104
0.0071,0.0000,0.0000,0.0000,0.0070,0.0000,200,13.3104
0.0072,0.0000,0.0000,0.0000,0.0072,0.0000,200,13.3105
0.0066,0.0000,0.0000,0.0000,0.0066,0.0001,200,13.3173
0.0068,0.0000,0.0000,0.0000,0.0066,0.0001,200,13.3172
0.0068,0.0000,0.0000,0.0000,0.0067,0.0001,200,13.3177
0.0074,0.0000,0.0000,0.0000,0.0073,0.0000,200,13.3174
0.0071,0.0000,0.0000,0.0000,0.0070,0.0001,200,13.3239
0.0072,0.0000,0.0000,0.0000,0.0071,0.0001,200,13.3239
0.0068,0.0000,0.0000,0.0000,0.0067,0.0000,200,13.3244
0.0068,0.0000,0.0000,0.0000,0.0067,0.0001,200,13.3248
0.0072,0.0000,0.0000,0.0000,0.0071,0.0001,200,13.3311
0.0072,0.0000,0.0000,0.0000,0.0071,0.0000,200,13.3311
0.0075,0.0000,0.0000,0.0000,0.0074,0.0000,200,13.3312
0.0075,0.0000,0.0000,0.0000,0.0074,0.0000,200,13.3316
0.0070,0.0000,0.0000,0.0000,0.0069,0.0000,200,13.3383
0.0069,0.0000,0.0000,0.0000,0.0069,0.0000,200,13.3383
0.0066,0.0000,0.0000,0.0000,0.0065,0.0000,200,13.3387
0.0082,0.0000,0.0000,0.0000,0.0081,0.0001,200,13.3391
0.0068,0.0000,0.0000,0.0000,0.0067,0.0001,200,13.3453
0.0069,0.0000,0.0000,0.0000,0.0068,0.0000,200,13.3453
0.0071,0.0000,0.0000,0.0000,0.0071,0.0000,200,13.3453
0.0065,0.0000,0.0000,0.0000,0.0064,0.0000,200,13.3473
0.0067,0.0000,0.0000,0.0000,0.0066,0.0001,200,13.3522
0.0067,0.0000,0.0000,0.0000,0.0066,0.0001,200,13.3521
0.0070,0.0000,0.0000,0.0000,0.0069,0.0000,200,13.3524
0.0071,0.0000,0.0000,0.0000,0.0070,0.0001,200,13.3538
0.0068,0.0000,0.0000,0.0000,0.0067,0.0000,200,13.3588
0.0068,0.0000,0.0000,0.0000,0.0067,0.0001,200,13.3588
0.0065,0.0000,0.0000,0.0000,0.0064,0.0000,200,13.3594
0.0065,0.0000,0.0000,0.0000,0.0064,0.0001,200,13.3609
0.0065,0.0000,0.0000,0.0000,0.0064,0.0001,200,13.3656
0.0066,0.0000,0.0000,0.0000,0.0065,0.0000,200,13.3656
0.0072,0.0000,0.0000,0.0000,0.0071,0.0001,200,13.3659
0.0065,0.0000,0.0000,0.0000,0.0064,0.0000,200,13.3675
0.0067,0.0000,0.0000,0.0000,0.0066,0.0001,200,13.3722
0.0069,0.0000,0.0000,0.0000,0.0068,0.0000,200,13.3721
0.0066,0.0000,0.0000,0.0000,0.0065,0.0001,200,13.3731
0.0064,0.0000,0.0000,0.0000,0.0062,0.0001,200,13.3739
0.0066,0.0000,0.0000,0.0000,0.0066,0.0001,200,13.3790
0.0068,0.0000,0.0000,0.0000,0.0067,0.0000,200,13.3789
0.0067,0.0000,0.0000,0.0000,0.0066,0.0001,200,13.3797
0.0064,0.0000,0.0000,0.0000,0.0063,0.0000,200,13.3803
0.0068,0.0000,0.0000,0.0000,0.0067,0.0001,200,13.3857
0.0069,0.0000,0.0000,0.0000,0.0068,0.0000,200,13.3856
0.0064,0.0000,0.0000,0.0000,0.0063,0.0001,200,13.3864
0.0063,0.0000,0.0000,0.0000,0.0063,0.0000,200,13.3867
0.0067,0.0000,0.0000,0.0000,0.0067,0.0001,200,13.3925
0.0068,0.0000,0.0000,0.0000,0.0067,0.0001,200,13.3925
0.0067,0.0000,0.0000,0.0000,0.0067,0.0000,200,13.3928
0.0066,0.0000,0.0000,0.0000,0.0066,0.0000,200,13.3930
0.0068,0.0000,0.0000,0.0000,0.0067,0.0001,200,13.3992
0.0068,0.0000,0.0000,0.0000,0.0067,0.0001,200,13.3992
0.0071,0.0000,0.0000,0.0000,0.0071,0.0000,200,13.3996
0.0071,0.0000,0.0000,0.0000,0.0071,0.0000,200,13.3996
0.0070,0.0000,0.0000,0.0000,0.0069,0.0001,200,13.4061
0.0065,0.0000,0.0000,0.0000,0.0065,0.0000,200,13.4067
0.0066,0.0000,0.0000,0.0000,0.0066,0.0000,200,13.4068
0.0074,0.0000,0.0000,0.0000,0.0070,0.0004,200,13.4061
0.0068,0.0000,0.0000,0.0000,0.0067,0.0001,200,13.4131
0.0067,0.0000,0.0000,0.0000,0.0066,0.0000,200,13.4133
0.0069,0.0000,0.0000,0.0000,0.0069,0.0000,200,13.4135
0.0074,0.0000,0.0000,0.0000,0.0073,0.0000,200,13.4134
0.0068,0.0000,0.0000,0.0000,0.0067,0.0001,200,13.4200
0.0069,0.0000,0.0000,0.0000,0.0067,0.0001,200,13.4200
0.0066,0.0000,0.0000,0.0000,0.0065,0.0000,200,13.4205
0.0073,0.0000,0.0000,0.0000,0.0072,0.0001,200,13.4207
0.0069,0.0000,0.0000,0.0000,0.0068,0.0001,200,13.4269
0.0070,0.0000,0.0000,0.0000,0.0069,0.0000,200,13.4268
0.0071,0.0000,0.0000,0.0000,0.0070,0.0001,200,13.4270
0.0066,0.0000,0.0000,0.0000,0.0065,0.0000,200,13.4280
0.0068,0.0000,0.0000,0.0000,0.0066,0.0001,200,13.4338
0.0069,0.0000,0.0000,0.0000,0.0068,0.0000,200,13.4337
0.0066,0.0000,0.0000,0.0000,0.0065,0.0000,200,13.4341
0.0070,0.0000,0.0000,0.0000,0.0070,0.0001,200,13.4346
0.0067,0.0000,0.0000,0.0000,0.0066,0.0001,200,13.4406
0.0068,0.0000,0.0000,0.0000,0.0067,0.0001,200,13.4405
0.0064,0.0000,0.0000,0.0000,0.0063,0.0000,200,13.4416
0.0074,0.0000,0.0000,0.0000,0.0073,0.0000,200,13.4407
0.0068,0.0000,0.0000,0.0000,0.0067,0.0001,200,13.4473
0.0068,0.0000,0.0000,0.0000,0.0067,0.0000,200,13.4473
0.0065,0.0000,0.0000,0.0000,0.0064,0.0000,200,13.4481
0.0067,0.0000,0.0000,0.0000,0.0066,0.0000,200,13.4480
0.0068,0.0000,0.0000,0.0000,0.0067,0.0001,200,13.4541
0.0070,0.0000,0.0000,0.0000,0.0069,0.0000,200,13.4541
0.0066,0.0000,0.0000,0.0000,0.0063,0.0002,200,13.4546
0.0069,0.0000,0.0000,0.0000,0.0068,0.0000,200,13.4547
0.0071,0.0000,0.0000,0.0000,0.0070,0.0000,200,13.4609
0.0069,0.0000,0.0000,0.0000,0.0068,0.0001,200,13.4611
0.0075,0.0000,0.0000,0.0000,0.0073,0.0002,200,13.4611
0.0070,0.0000,0.0000,0.0000,0.0070,0.0000,200,13.4616
0.0068,0.0000,0.0000,0.0000,0.0067,0.0001,200,13.4680
0.0063,0.0000,0.0000,0.0000,0.0062,0.0000,200,13.4686
0.0065,0.0000,0.0000,0.0000,0.0064,0.0000,200,13.4686
0.0078,0.0000,0.0000,0.0000,0.0078,0.0000,200,13.4680
0.0069,0.0000,0.0000,0.0000,0.0068,0.0001,200,13.4748
0.0068,0.0000,0.0000,0.0000,0.0067,0.0001,200,13.4749
0.0066,0.0000,0.0000,0.0000,0.0066,0.0000,200,13.4751
0.0067,0.0000,0.0000,0.0000,0.0067,0.0001,200,13.4759
0.0067,0.0000,0.0000,0.0000,0.0066,0.0001,200,13.4817
0.0068,0.0000,0.0000,0.0000,0.0067,0.0001,200,13.4817
0.0071,0.0000,0.0000,0.0000,0.0070,0.0001,200,13.4817
0.0068,0.0000,0.0000,0.0000,0.0068,0.0000,200,13.4826
0.0067,0.0000,0.0000,0.0000,0.0066,0.0001,200,13.4885
0.0068,0.0000,0.0000,0.0000,0.0068,0.0000,200,13.4885
0.0065,0.0000,0.0000,0.0000,0.0064,0.0000,200,13.4895
0.0072,0.0000,0.0000,0.0000,0.0072,0.0000,200,13.4889
0.0066,0.0000,0.0000,0.0000,0.0065,0.0001,200,13.4953
0.0067,0.0000,0.0000,0.0000,0.0067,0.0000,200,13.4952
0.0064,0.0000,0.0000,0.0000,0.0063,0.0001,200,13.4961
0.0066,0.0000,0.0000,0.0000,0.0065,0.0000,200,13.4960
0.0069,0.0000,0.0000,0.0000,0.0068,0.0001,200,13.5019
0.0069,0.0000,0.0000,0.0000,0.0068,0.0000,200,13.5019
0.0065,0.0000,0.0000,0.0000,0.0064,0.0001,200,13.5025
0.0072,0.0000,0.0000,0.0000,0.0072,0.0000,200,13.5025
0.0066,0.0000,0.0000,0.0000,0.0065,0.0001,200,13.5088
0.0066,0.0000,0.0000,0.0000,0.0065,0.0001,200,13.5088
0.0065,0.0000,0.0000,0.0000,0.0064,0.0001,200,13.5098
0.0119,0.0000,0.0000,0.0000,0.0118,0.0001,200,13.5090
0.0066,0.0000,0.0000,0.0000,0.0064,0.0000,200,13.5154
0.0063,0.0000,0.0000,0.0000,0.0062,0.0000,200,13.5163
0.0113,0.0000,0.0000,0.0000,0.0112,0.0001,200,13.5154
0.0062,0.0000,0.0000,0.0000,0.0062,0.0000,200,13.5220
0.0062,0.0000,0.0000,0.0000,0.0061,0.0000,200,13.5226
0.0065,0.0000,0.0000,0.0000,0.0064,0.0001,200,13.5282
0.0063,0.0000,0.0000,0.0000,0.0062,0.0000,200,13.5287
0.0167,0.0000,0.0000,0.0000,0.0166,0.0001,200,13.5210
0.0111,0.0000,0.0000,0.0000,0.0110,0.0000,200,13.5267
0.0066,0.0000,0.0000,0.0000,0.0065,0.0001,200,13.5347
0.0063,0.0000,0.0000,0.0000,0.0062,0.0000,200,13.5350
0.0065,0.0000,0.0000,0.0000,0.0064,0.0000,200,13.5377
0.0064,0.0000,0.0000,0.0000,0.0063,0.0001,200,13.5413
0.0066,0.0000,0.0000,0.0000,0.0065,0.0000,200,13.5412
0.0118,0.0000,0.0000,0.0000,0.0118,0.0001,200,13.5378
0.0066,0.0000,0.0000,0.0000,0.0065,0.0000,200,13.5477
0.0066,0.0000,0.0000,0.0000,0.0065,0.0000,200,13.5478
0.0110,0.0000,0.0000,0.0000,0.0109,0.0000,200,13.5442
0.0112,0.0000,0.0000,0.0000,0.0111,0.0001,200,13.5496
0.0065,0.0000,0.0000,0.0000,0.0064,0.0001,200,13.5543
0.0068,0.0000,0.0000,0.0000,0.0067,0.0000,200,13.5543
0.0112,0.0000,0.0000,0.0000,0.0111,0.0001,200,13.5552
0.0066,0.0000,0.0000,0.0000,0.0065,0.0000,200,13.5608
0.0066,0.0000,0.0000,0.0000,0.0065,0.0000,200,13.5608
0.0120,0.0000,0.0000,0.0000,0.0119,0.0001,200,13.5612
0.0063,0.0000,0.0000,0.0000,0.0062,0.0001,200,13.5674
0.0063,0.0000,0.0000,0.0000,0.0063,0.0000,200,13.5674
0.0065,0.0000,0.0000,0.0000,0.0063,0.0001,200,13.5737
0.0064,0.0000,0.0000,0.0000,0.0063,0.0000,200,13.5738
0.0164,0.0000,0.0000,0.0000,0.0162,0.0001,200,13.5663
0.0096,0.0000,0.0000,0.0000,0.0095,0.0000,200,13.5731
0.0064,0.0000,0.0000,0.0000,0.0063,0.0000,200,13.5802
0.0064,0.0000,0.0000,0.0000,0.0063,0.0000,200,13.5802
0.0065,0.0000,0.0000,0.0000,0.0064,0.0001,200,13.5827
0.0073,0.0000,0.0000,0.0000,0.0070,0.0001,200,13.5866
0.0073,0.0000,0.0000,0.0003,0.0070,0.0000,200,13.5866
0.0120,0.0000,0.0000,0.0000,0.0119,0.0001,200,13.5827
0.0111,0.0000,0.0000,0.0000,0.0110,0.0001,200,13.5892
0.0068,0.0000,0.0000,0.0000,0.0067,0.0000,200,13.5939
0.0067,0.0000,0.0000,0.0000,0.0067,0.0000,200,13.5939
0.0115,0.0000,0.0000,0.0000,0.0114,0.0001,200,13.5947
0.0067,0.0000,0.0000,0.0000,0.0066,0.0000,200,13.6003
0.0069,0.0000,0.0000,0.0000,0.0068,0.0000,200,13.6007
0.0113,0.0000,0.0000,0.0000,0.0112,0.0001,200,13.6006
0.0064,0.0000,0.0000,0.0000,0.0063,0.0000,200,13.6070
0.0062,0.0000,0.0000,0.0000,0.0062,0.0000,200,13.6075
0.0066,0.0000,0.0000,0.0000,0.0065,0.0001,200,13.6134
0.0064,0.0000,0.0000,0.0000,0.0063,0.0000,200,13.6138
0.0106,0.0000,0.0000,0.0000,0.0106,0.0001,200,13.6119
0.0164,0.0000,0.0000,0.0000,0.0163,0.0000,200,13.6062
0.0067,0.0000,0.0000,0.0000,0.0066,0.0000,200,13.6200
0.0065,0.0000,0.0000,0.0000,0.0064,0.0001,200,13.6201
0.0064,0.0000,0.0000,0.0000,0.0063,0.0000,200,13.6226
0.0067,0.0000,0.0000,0.0000,0.0066,0.0001,200,13.6267
0.0067,0.0000,0.0000,0.0000,0.0067,0.0000,200,13.6267
0.0119,0.0000,0.0000,0.0000,0.0118,0.0000,200,13.6226
0.0066,0.0000,0.0000,0.0000,0.0065,0.0001,200,13.6334
0.0111,0.0000,0.0000,0.0000,0.0110,0.0001,200,13.6290
0.0068,0.0000,0.0000,0.0000,0.0067,0.0000,200,13.6334
0.0116,0.0000,0.0000,0.0000,0.0115,0.0001,200,13.6344
0.0064,0.0000,0.0000,0.0000,0.0064,0.0000,200,13.6401
0.0069,0.0000,0.0000,0.0000,0.0069,0.0000,200,13.6401
0.0118,0.0000,0.0000,0.0000,0.0117,0.0001,200,13.6399
0.0063,0.0000,0.0000,0.0000,0.0062,0.0000,200,13.6465
0.0066,0.0000,0.0000,0.0000,0.0066,0.0000,200,13.6471
0.0111,0.0000,0.0000,0.0000,0.0110,0.0001,200,13.6461
0.0065,0.0000,0.0000,0.0000,0.0064,0.0000,200,13.6529
0.0063,0.0000,0.0000,0.0000,0.0062,0.0000,200,13.6537
0.0111,0.0000,0.0000,0.0000,0.0110,0.0001,200,13.6517
0.0065,0.0000,0.0000,0.0000,0.0064,0.0001,200,13.6593
0.0065,0.0000,0.0000,0.0000,0.0064,0.0000,200,13.6600
0.0069,0.0000,0.0000,0.0000,0.0068,0.0001,200,13.6658
0.0067,0.0000,0.0000,0.0000,0.0066,0.0001,200,13.6665
0.0163,0.0000,0.0000,0.0000,0.0163,0.0000,200,13.6572
0.0109,0.0000,0.0000,0.0000,0.0108,0.0000,200,13.6628
0.0072,0.0000,0.0000,0.0000,0.0071,0.0001,200,13.6727
0.0064,0.0000,0.0000,0.0000,0.0063,0.0000,200,13.6737
0.0116,0.0000,0.0000,0.0000,0.0115,0.0001,200,13.6735
0.0119,0.0000,0.0000,0.0000,0.0118,0.0000,200,13.6732
0.0066,0.0000,0.0000,0.0000,0.0065,0.0000,200,13.6801
0.0068,0.0000,0.0000,0.0000,0.0067,0.0000,200,13.6799
0.0067,0.0000,0.0000,0.0000,0.0065,0.0001,200,13.6851
0.0071,0.0000,0.0000,0.0000,0.0070,0.0000,200,13.6867
0.0071,0.0000,0.0000,0.0000,0.0070,0.0000,200,13.6867
0.0121,0.0000,0.0000,0.0000,0.0120,0.0001,200,13.6852
0.0064,0.0000,0.0000,0.0000,0.0063,0.0000,200,13.6938
0.0064,0.0000,0.0000,0.0000,0.0063,0.0000,200,13.6938
0.0110,0.0000,0.0000,0.0000,0.0108,0.0001,200,13.6918
0.0064,0.0000,0.0000,0.0000,0.0063,0.0001,200,13.7002
0.0064,0.0000,0.0000,0.0000,0.0063,0.0000,200,13.7002
0.0111,0.0000,0.0000,0.0000,0.0110,0.0000,200,13.6972
0.0065,0.0000,0.0000,0.0000,0.0064,0.0001,200,13.7065
0.0065,0.0000,0.0000,0.0000,0.0064,0.0000,200,13.7066
0.0112,0.0000,0.0000,0.0000,0.0111,0.0001,200,13.7027
0.0066,0.0000,0.0000,0.0000,0.0065,0.0001,200,13.7130
0.0066,0.0000,0.0000,0.0000,0.0065,0.0000,200,13.7130
0.0164,0.0000,0.0000,0.0000,0.0163,0.0001,200,13.7083
0.0108,0.0000,0.0000,0.0000,0.0108,0.0000,200,13.7139
0.0064,0.0000,0.0000,0.0000,0.0063,0.0001,200,13.7196
0.0064,0.0000,0.0000,0.0000,0.0063,0.0000,200,13.7196
0.0068,0.0000,0.0000,0.0000,0.0067,0.0001,200,13.7247
0.0064,0.0000,0.0000,0.0000,0.0063,0.0000,200,13.7260
0.0064,0.0000,0.0000,0.0000,0.0063,0.0000,200,13.7261
0.0124,0.0000,0.0000,0.0000,0.0123,0.0001,200,13.7247
0.0064,0.0000,0.0000,0.0000,0.0063,0.0000,200,13.7325
0.0064,0.0000,0.0000,0.0000,0.0064,0.0000,200,13.7324
0.0110,0.0000,0.0000,0.0000,0.0109,0.0001,200,13.7316
0.0063,0.0000,0.0000,0.0000,0.0063,0.0000,200,13.7388
0.0066,0.0000,0.0000,0.0000,0.0065,0.0000,200,13.7388
0.0108,0.0000,0.0000,0.0000,0.0107,0.0001,200,13.7371
0.0064,0.0000,0.0000,0.0000,0.0063,0.0000,200,13.7452
0.0062,0.0000,0.0000,0.0000,0.0061,0.0000,200,13.7454
0.0108,0.0000,0.0000,0.0000,0.0107,0.0001,200,13.7425
0.0069,0.0000,0.0000,0.0000,0.0068,0.0001,200,13.7515
0.0069,0.0000,0.0000,0.0000,0.0068,0.0000,200,13.7516
0.0113,0.0000,0.0000,0.0000,0.0113,0.0001,200,13.7480
0.0116,0.0000,0.0000,0.0000,0.0115,0.0000,200,13.7534
0.0065,0.0000,0.0000,0.0000,0.0064,0.0001,200,13.7585
0.0069,0.0000,0.0000,0.0000,0.0067,0.0002,200,13.7585
0.0116,0.0000,0.0000,0.0000,0.0115,0.0001,200,13.7593
0.0066,0.0000,0.0000,0.0000,0.0065,0.0000,200,13.7650
0.0069,0.0000,0.0000,0.0000,0.0068,0.0000,200,13.7654
0.0119,0.0000,0.0000,0.0000,0.0118,0.0001,200,13.7650
0.0064,0.0000,0.0000,0.0000,0.0063,0.0000,200,13.7716
0.0063,0.0000,0.0000,0.0000,0.0062,0.0000,200,13.7722
0.0110,0.0000,0.0000,0.0000,0.0108,0.0001,200,13.7709
0.0063,0.0000,0.0000,0.0000,0.0062,0.0000,200,13.7780
0.0068,0.0000,0.0000,0.0000,0.0067,0.0000,200,13.7786
0.0113,0.0000,0.0000,0.0000,0.0112,0.0001,200,13.7769
0.0063,0.0000,0.0000,0.0000,0.0062,0.0000,200,13.7844
0.0063,0.0000,0.0000,0.0000,0.0062,0.0000,200,13.7853
0.0120,0.0000,0.0000,0.0000,0.0119,0.0001,200,13.7819
0.0064,0.0000,0.0000,0.0000,0.0063,0.0001,200,13.7906
0.0064,0.0000,0.0000,0.0000,0.0063,0.0001,200,13.7916
0.0112,0.0000,0.0000,0.0000,0.0111,0.0000,200,13.7882
0.0068,0.0000,0.0000,0.0000,0.0067,0.0001,200,13.7970
0.0064,0.0000,0.0000,0.0000,0.0063,0.0000,200,13.7980
0.0164,0.0000,0.0000,0.0000,0.0163,0.0001,200,13.7939
0.0066,0.0000,0.0000,0.0000,0.0065,0.0000,200,13.8038
0.0111,0.0000,0.0000,0.0000,0.0110,0.0000,200,13.7994
0.0063,0.0000,0.0000,0.0000,0.0063,0.0000,200,13.8044
0.0068,0.0000,0.0000,0.0000,0.0067,0.0001,200,13.8103
0.0070,0.0000,0.0000,0.0000,0.0069,0.0000,200,13.8102
0.0068,0.0000,0.0000,0.0000,0.0067,0.0000,200,13.8105
0.0070,0.0000,0.0000,0.0000,0.0069,0.0000,200,13.8107
0.0072,0.0000,0.0000,0.0000,0.0070,0.0002,200,13.8171
0.0066,0.0000,0.0000,0.0000,0.0065,0.0000,200,13.8177
0.0071,0.0000,0.0000,0.0000,0.0070,0.0000,200,13.8172
0.0078,0.0000,0.0000,0.0000,0.0077,0.0000,200,13.8172
0.0069,0.0000,0.0000,0.0000,0.0068,0.0001,200,13.8243
0.0070,0.0000,0.0000,0.0000,0.0070,0.0000,200,13.8243
0.0067,0.0000,0.0000,0.0000,0.0066,0.0001,200,13.8250
0.0075,0.0000,0.0000,0.0000,0.0075,0.0000,200,13.8243
0.0070,0.0000,0.0000,0.0000,0.0069,0.0001,200,13.8312
0.0069,0.0000,0.0000,0.0000,0.0068,0.0001,200,13.8313
0.0068,0.0000,0.0000,0.0000,0.0067,0.0001,200,13.8319
0.0072,0.0000,0.0000,0.0000,0.0071,0.0000,200,13.8317
0.0070,0.0000,0.0000,0.0000,0.0069,0.0001,200,13.8382
0.0070,0.0000,0.0000,0.0000,0.0069,0.0001,200,13.8382
0.0066,0.0000,0.0000,0.0000,0.0066,0.0000,200,13.8389
0.0072,0.0000,0.0000,0.0000,0.0071,0.0000,200,13.8387
0.0066,0.0000,0.0000,0.0000,0.0065,0.0001,200,13.8455
0.0069,0.0000,0.0000,0.0000,0.0068,0.0000,200,13.8452
0.0069,0.0000,0.0000,0.0000,0.0069,0.0000,200,13.8452
0.0075,0.0000,0.0000,0.0000,0.0074,0.0001,200,13.8459
0.0070,0.0000,0.0000,0.0000,0.0069,0.0001,200,13.8521
0.0070,0.0000,0.0000,0.0000,0.0069,0.0001,200,13.8521
0.0071,0.0000,0.0000,0.0000,0.0070,0.0000,200,13.8521
0.0067,0.0000,0.0000,0.0000,0.0066,0.0001,200,13.8533
0.0068,0.0000,0.0000,0.0000,0.0067,0.0001,200,13.8592
0.0069,0.0000,0.0000,0.0000,0.0068,0.0000,200,13.8591
0.0069,0.0000,0.0000,0.0000,0.0068,0.0000,200,13.8591
0.0066,0.0000,0.0000,0.0000,0.0066,0.0000,200,13.8600
0.0068,0.0000,0.0000,0.0000,0.0067,0.0001,200,13.8660
0.0069,0.0000,0.0000,0.0000,0.0068,0.0000,200,13.8660
0.0073,0.0000,0.0000,0.0000,0.0072,0.0000,200,13.8660
0.0069,0.0000,0.0000,0.0000,0.0068,0.0000,200,13.8666
0.0070,0.0000,0.0000,0.0000,0.0068,0.0001,200,13.8728
0.0069,0.0000,0.0000,0.0000,0.0068,0.0001,200,13.8729
0.0066,0.0000,0.0000,0.0000,0.0065,0.0000,200,13.8733
0.0064,0.0000,0.0000,0.0000,0.0062,0.0000,200,13.8735
0.0068,0.0000,0.0000,0.0000,0.0066,0.0001,200,13.8797
0.0068,0.0000,0.0000,0.0000,0.0067,0.0000,200,13.8798
0.0073,0.0000,0.0000,0.0000,0.0072,0.0000,200,13.8797
0.0072,0.0000,0.0000,0.0000,0.0071,0.0000,200,13.8798
0.0067,0.0000,0.0000,0.0000,0.0065,0.0002,200,13.8870
0.0071,0.0000,0.0000,0.0000,0.0070,0.0000,200,13.8866
0.0072,0.0000,0.0000,0.0000,0.0071,0.0000,200,13.8865
0.0075,0.0000,0.0000,0.0000,0.0074,0.0000,200,13.8870
0.0069,0.0000,0.0000,0.0000,0.0068,0.0001,200,13.8937
0.0070,0.0000,0.0000,0.0000,0.0070,0.0000,200,13.8937
0.0072,0.0000,0.0000,0.0000,0.0070,0.0002,200,13.8937
0.0075,0.0000,0.0000,0.0000,0.0074,0.0000,200,13.8945
0.0070,0.0000,0.0000,0.0000,0.0069,0.0001,200,13.9006
0.0071,0.0000,0.0000,0.0000,0.0071,0.0000,200,13.9007
0.0071,0.0000,0.0000,0.0000,0.0070,0.0000,200,13.9009
0.0064,0.0000,0.0000,0.0000,0.0064,0.0000,200,13.9020
0.0069,0.0000,0.0000,0.0000,0.0068,0.0001,200,13.9076
0.0067,0.0000,0.0000,0.0000,0.0066,0.0000,200,13.9080
0.0068,0.0000,0.0000,0.0000,0.0067,0.0000,200,13.9079
0.0068,0.0000,0.0000,0.0000,0.0067,0.0000,200,13.9084
0.0069,0.0000,0.0000,0.0000,0.0067,0.0001,200,13.9145
0.0068,0.0000,0.0000,0.0000,0.0067,0.0000,200,13.9147
0.0072,0.0000,0.0000,0.0000,0.0071,0.0000,200,13.9146
0.0068,0.0000,0.0000,0.0000,0.0068,0.0000,200,13.9152
0.0068,0.0000,0.0000,0.0000,0.0068,0.0001,200,13.9214
0.0070,0.0000,0.0000,0.0000,0.0068,0.0002,200,13.9214
0.0064,0.0000,0.0000,0.0000,0.0064,0.0000,200,13.9221
0.0070,0.0000,0.0000,0.0000,0.0067,0.0003,200,13.9218
0.0067,0.0000,0.0000,0.0000,0.0066,0.0001,200,13.9283
0.0066,0.0000,0.0000,0.0000,0.0066,0.0000,200,13.9284
0.0069,0.0000,0.0000,0.0000,0.0068,0.0001,200,13.9288
0.0073,0.0000,0.0000,0.0000,0.0073,0.0000,200,13.9285
0.0067,0.0000,0.0000,0.0000,0.0066,0.0000,200,13.9350
0.0067,0.0000,0.0000,0.0000,0.0066,0.0001,200,13.9350
0.0062,0.0000,0.0000,0.0000,0.0062,0.0000,200,13.9358
0.0065,0.0000,0.0000,0.0000,0.0065,0.0000,200,13.9357
0.0068,0.0000,0.0000,0.0000,0.0067,0.0001,200,13.9417
0.0069,0.0000,0.0000,0.0000,0.0068,0.0000,200,13.9417
0.0066,0.0000,0.0000,0.0000,0.0065,0.0000,200,13.9421
0.0064,0.0000,0.0000,0.0000,0.0064,0.0000,200,13.9423
0.0070,0.0000,0.0000,0.0000,0.0069,0.0001,200,13.9487
0.0071,0.0000,0.0000,0.0000,0.0071,0.0001,200,13.9486
0.0074,0.0000,0.0000,0.0000,0.0073,0.0000,200,13.9485
0.0075,0.0000,0.0000,0.0000,0.0073,0.0000,200,13.9487
0.0067,0.0000,0.0000,0.0000,0.0066,0.0001,200,13.9557
0.0066,0.0000,0.0000,0.0000,0.0065,0.0000,200,13.9559
0.0071,0.0000,0.0000,0.0000,0.0070,0.0000,200,13.9557
0.0073,0.0000,0.0000,0.0000,0.0073,0.0000,200,13.9561
0.0068,0.0000,0.0000,0.0000,0.0067,0.0001,200,13.9625
0.0069,0.0000,0.0000,0.0000,0.0068,0.0000,200,13.9625
0.0069,0.0000,0.0000,0.0000,0.0068,0.0001,200,13.9628
0.0073,0.0000,0.0000,0.0000,0.0072,0.0001,200,13.9634
0.0067,0.0000,0.0000,0.0000,0.0066,0.0001,200,13.9693
0.0069,0.0000,0.0000,0.0000,0.0068,0.0000,200,13.9692
0.0064,0.0000,0.0000,0.0000,0.0064,0.0000,200,13.9697
0.0068,0.0000,0.0000,0.0000,0.0067,0.0000,200,13.9707
0.0067,0.0000,0.0000,0.0000,0.0066,0.0001,200,13.9761
0.0066,0.0000,0.0000,0.0000,0.0066,0.0001,200,13.9761
0.0075,0.0000,0.0000,0.0000,0.0074,0.0000,200,13.9762
0.0065,0.0000,0.0000,0.0000,0.0064,0.0000,200,13.9775
0.0069,0.0000,0.0000,0.0000,0.0068,0.0001,200,13.9827
0.0069,0.0000,0.0000,0.0000,0.0068,0.0000,200,13.9827
0.0065,0.0000,0.0000,0.0000,0.0064,0.0001,200,13.9836
0.0064,0.0000,0.0000,0.0000,0.0063,0.0000,200,13.9840
0.0071,0.0000,0.0000,0.0000,0.0070,0.0001,200,13.9896
0.0072,0.0000,0.0000,0.0000,0.0072,0.0000,200,13.9897
0.0066,0.0000,0.0000,0.0000,0.0066,0.0000,200,13.9903
0.0070,0.0000,0.0000,0.0000,0.0070,0.0000,200,13.9901
0.0072,0.0000,0.0000,0.0000,0.0071,0.0000,200,13.9967
0.0070,0.0000,0.0000,0.0000,0.0069,0.0000,200,13.9969
0.0072,0.0000,0.0000,0.0000,0.0068,0.0004,200,13.9969
0.0070,0.0000,0.0000,0.0000,0.0070,0.0000,200,13.9971
0.0066,0.0000,0.0000,0.0000,0.0065,0.0001,200,14.0041
0.0067,0.0000,0.0000,0.0000,0.0066,0.0001,200,14.0039
0.0075,0.0000,0.0000,0.0000,0.0074,0.0001,200,14.0039
0.0078,0.0000,0.0000,0.0000,0.0077,0.0000,200,14.0042
0.0067,0.0000,0.0000,0.0000,0.0066,0.0001,200,14.0107
0.0067,0.0000,0.0000,0.0000,0.0067,0.0000,200,14.0107
0.0067,0.0000,0.0000,0.0000,0.0066,0.0000,200,14.0115
0.0064,0.0000,0.0000,0.0000,0.0063,0.0000,200,14.0120
0.0067,0.0000,0.0000,0.0000,0.0066,0.0001,200,14.0174
0.0068,0.0000,0.0000,0.0000,0.0068,0.0000,200,14.0174
0.0066,0.0000,0.0000,0.0000,0.0065,0.0000,200,14.0181
0.0065,0.0000,0.0000,0.0000,0.0064,0.0000,200,14.0183
0.0070,0.0000,0.0000,0.0000,0.0069,0.0001,200,14.0241
0.0064,0.0000,0.0000,0.0000,0.0063,0.0000,200,14.0247
0.0069,0.0000,0.0000,0.0000,0.0068,0.0000,200,14.0243
0.0065,0.0000,0.0000,0.0000,0.0065,0.0000,200,14.0249
0.0072,0.0000,0.0000,0.0000,0.0070,0.0001,200,14.0311
0.0072,0.0000,0.0000,0.0000,0.0070,0.0001,200,14.0311
0.0073,0.0000,0.0000,0.0000,0.0072,0.0000,200,14.0311
0.0076,0.0000,0.0000,0.0000,0.0075,0.0000,200,14.0314
0.0075,0.0000,0.0000,0.0000,0.0075,0.0001,200,14.0385
0.0077,0.0000,0.0000,0.0001,0.0075,0.0001,200,14.0383
0.0071,0.0000,0.0000,0.0000,0.0070,0.0001,200,14.0389
0.0077,0.0000,0.0000,0.0000,0.0076,0.0001,200,14.0383
0.0067,0.0000,0.0000,0.0000,0.0066,0.0001,200,14.0460
0.0068,0.0000,0.0000,0.0000,0.0067,0.0000,200,14.0460
0.0070,0.0000,0.0000,0.0000,0.0069,0.0000,200,14.0460
0.0079,0.0000,0.0000,0.0000,0.0077,0.0001,200,14.0460
0.0068,0.0000,0.0000,0.0000,0.0067,0.0001,200,14.0527
0.0068,0.0000,0.0000,0.0000,0.0068,0.0000,200,14.0528
0.0068,0.0000,0.0000,0.0000,0.0067,0.0000,200,14.0530
0.0066,0.0000,0.0000,0.0000,0.0065,0.0001,200,14.0539
0.0067,0.0000,0.0000,0.0000,0.0066,0.0001,200,14.0595
0.0067,0.0000,0.0000,0.0000,0.0066,0.0001,200,14.0596
0.0068,0.0000,0.0000,0.0000,0.0068,0.0000,200,14.0598
0.0111,0.0000,0.0000,0.0000,0.0110,0.0001,200,14.0605
0.0066,0.0000,0.0000,0.0000,0.0065,0.0001,200,14.0662
0.0063,0.0000,0.0000,0.0000,0.0062,0.0000,200,14.0666
0.0114,0.0000,0.0000,0.0000,0.0113,0.0001,200,14.0662
0.0063,0.0000,0.0000,0.0000,0.0063,0.0000,200,14.0729
0.0063,0.0000,0.0000,0.0000,0.0062,0.0000,200,14.0729
0.0112,0.0000,0.0000,0.0000,0.0111,0.0001,200,14.0716
0.0063,0.0000,0.0000,0.0000,0.0062,0.0001,200,14.0792
0.0064,0.0000,0.0000,0.0000,0.0063,0.0000,200,14.0792
0.0112,0.0000,0.0000,0.0000,0.0111,0.0001,200,14.0776
0.0065,0.0000,0.0000,0.0000,0.0064,0.0000,200,14.0855
0.0065,0.0000,0.0000,0.0000,0.0064,0.0000,200,14.0856
0.0112,0.0000,0.0000,0.0000,0.0111,0.0001,200,14.0829
0.0066,0.0000,0.0000,0.0000,0.0065,0.0001,200,14.0920
0.0066,0.0000,0.0000,0.0000,0.0065,0.0000,200,14.0920
0.0107,0.0000,0.0000,0.0000,0.0106,0.0001,200,14.0888
0.0066,0.0000,0.0000,0.0000,0.0065,0.0001,200,14.0986
0.0067,0.0000,0.0000,0.0000,0.0066,0.0000,200,14.0986
0.0112,0.0000,0.0000,0.0000,0.0112,0.0000,200,14.0941
0.0124,0.0000,0.0000,0.0000,0.0123,0.0001,200,14.0995
0.0067,0.0000,0.0000,0.0000,0.0066,0.0000,200,14.1052
0.0067,0.0000,0.0000,0.0000,0.0067,0.0000,200,14.1053
0.0072,0.0000,0.0000,0.0000,0.0071,0.0001,200,14.1054
0.0068,0.0000,0.0000,0.0000,0.0067,0.0001,200,14.1119
0.0069,0.0000,0.0000,0.0000,0.0068,0.0001,200,14.1119
0.0068,0.0000,0.0000,0.0000,0.0067,0.0000,200,14.1126
0.0076,0.0000,0.0000,0.0000,0.0074,0.0002,200,14.1120
0.0068,0.0000,0.0000,0.0000,0.0067,0.0001,200,14.1188
0.0068,0.0000,0.0000,0.0000,0.0067,0.0000,200,14.1188
0.0066,0.0000,0.0000,0.0000,0.0065,0.0000,200,14.1194
0.0064,0.0000,0.0000,0.0000,0.0063,0.0000,200,14.1197
0.0070,0.0000,0.0000,0.0000,0.0069,0.0001,200,14.1256
0.0070,0.0000,0.0000,0.0000,0.0069,0.0000,200,14.1256
0.0066,0.0000,0.0000,0.0000,0.0065,0.0001,200,14.1260
0.0068,0.0000,0.0000,0.0000,0.0068,0.0000,200,14.1260
0.0072,0.0000,0.0000,0.0000,0.0070,0.0001,200,14.1326
0.0072,0.0000,0.0000,0.0000,0.0071,0.0001,200,14.1326
0.0072,0.0000,0.0000,0.0000,0.0071,0.0000,200,14.1326
0.0071,0.0000,0.0000,0.0000,0.0070,0.0000,200,14.1329
0.0072,0.0000,0.0000,0.0000,0.0071,0.0001,200,14.1397
0.0075,0.0000,0.0000,0.0000,0.0071,0.0004,200,14.1397
0.0073,0.0000,0.0000,0.0000,0.0072,0.0000,200,14.1399
0.0087,0.0000,0.0000,0.0001,0.0086,0.0001,200,14.1397
0.0073,0.0000,0.0000,0.0000,0.0072,0.0001,200,14.1472
0.0073,0.0000,0.0000,0.0000,0.0073,0.0000,200,14.1472
0.0081,0.0000,0.0000,0.0000,0.0080,0.0001,200,14.1470
0.0079,0.0000,0.0000,0.0000,0.0078,0.0001,200,14.1485
0.0076,0.0000,0.0000,0.0000,0.0075,0.0001,200,14.1546
0.0083,0.0000,0.0000,0.0000,0.0082,0.0000,200,14.1545
0.0091,0.0000,0.0000,0.0000,0.0090,0.0001,200,14.1551
0.0079,0.0000,0.0000,0.0000,0.0078,0.0001,200,14.1564
0.0074,0.0000,0.0000,0.0000,0.0073,0.0001,200,14.1622
0.0069,0.0000,0.0000,0.0000,0.0068,0.0000,200,14.1628
0.0084,0.0000,0.0000,0.0000,0.0082,0.0001,200,14.1642
0.0084,0.0000,0.0000,0.0000,0.0083,0.0000,200,14.1642
0.0072,0.0000,0.0000,0.0000,0.0071,0.0001,200,14.1697
0.0073,0.0000,0.0000,0.0000,0.0072,0.0000,200,14.1697
0.0069,0.0000,0.0000,0.0000,0.0069,0.0000,200,14.1726
0.0071,0.0000,0.0000,0.0000,0.0068,0.0002,200,14.1726
0.0073,0.0000,0.0000,0.0000,0.0072,0.0001,200,14.1770
0.0080,0.0000,0.0000,0.0001,0.0079,0.0000,200,14.1769
0.0076,0.0000,0.0000,0.0000,0.0075,0.0001,200,14.1797
0.0087,0.0000,0.0000,0.0000,0.0086,0.0001,200,14.1796
0.0069,0.0000,0.0000,0.0000,0.0066,0.0002,200,14.1849
0.0075,0.0000,0.0000,0.0000,0.0075,0.0000,200,14.1843
0.0073,0.0000,0.0000,0.0000,0.0072,0.0001,200,14.1873
0.0072,0.0000,0.0000,0.0000,0.0071,0.0000,200,14.1883
0.0080,0.0000,0.0000,0.0000,0.0070,0.0009,200,14.1918
0.0081,0.0000,0.0000,0.0000,0.0080,0.0000,200,14.1918
0.0086,0.0000,0.0000,0.0000,0.0085,0.0001,200,14.1946
0.0078,0.0000,0.0000,0.0001,0.0072,0.0001,200,14.1955
0.0069,0.0000,0.0000,0.0000,0.0068,0.0001,200,14.1998
0.0070,0.0000,0.0000,0.0000,0.0069,0.0000,200,14.1999
0.0067,0.0000,0.0000,0.0000,0.0065,0.0001,200,14.2033
0.0070,0.0000,0.0000,0.0000,0.0069,0.0000,200,14.2032
0.0065,0.0000,0.0000,0.0000,0.0064,0.0001,200,14.2069
0.0068,0.0000,0.0000,0.0000,0.0067,0.0000,200,14.2067
0.0064,0.0000,0.0000,0.0000,0.0063,0.0001,200,14.2102
0.0067,0.0000,0.0000,0.0000,0.0066,0.0001,200,14.2099
0.0064,0.0000,0.0000,0.0000,0.0063,0.0001,200,14.2134
0.0064,0.0000,0.0000,0.0000,0.0063,0.0001,200,14.2135
0.0067,0.0000,0.0000,0.0000,0.0066,0.0001,200,14.2166
0.0075,0.0000,0.0000,0.0000,0.0074,0.0000,200,14.2166
0.0065,0.0000,0.0000,0.0000,0.0064,0.0000,200,14.2199
0.0065,0.0000,0.0000,0.0000,0.0064,0.0001,200,14.2199
0.0066,0.0000,0.0000,0.0000,0.0065,0.0001,200,14.2233
0.0063,0.0000,0.0000,0.0000,0.0062,0.0000,200,14.2240
0.0065,0.0000,0.0000,0.0000,0.0064,0.0001,200,14.2264
0.0065,0.0000,0.0000,0.0000,0.0064,0.0000,200,14.2264
0.0067,0.0000,0.0000,0.0000,0.0066,0.0001,200,14.2299
0.0064,0.0000,0.0000,0.0000,0.0063,0.0000,200,14.2304
0.0065,0.0000,0.0000,0.0000,0.0064,0.0001,200,14.2328
0.0065,0.0000,0.0000,0.0000,0.0064,0.0000,200,14.2328
0.0068,0.0000,0.0000,0.0000,0.0066,0.0001,200,14.2365
0.0066,0.0000,0.0000,0.0000,0.0066,0.0000,200,14.2367
0.0069,0.0000,0.0000,0.0000,0.0068,0.0001,200,14.2393
0.0069,0.0000,0.0000,0.0000,0.0069,0.0000,200,14.2393
0.0070,0.0000,0.0000,0.0000,0.0069,0.0001,200,14.2433
0.0070,0.0000,0.0000,0.0000,0.0069,0.0000,200,14.2433
0.0069,0.0000,0.0000,0.0000,0.0068,0.0001,200,14.2462
0.0069,0.0000,0.0000,0.0000,0.0068,0.0000,200,14.2463
0.0066,0.0000,0.0000,0.0000,0.0065,0.0000,200,14.2503
0.0066,0.0000,0.0000,0.0000,0.0065,0.0000,200,14.2503
0.0073,0.0000,0.0000,0.0000,0.0072,0.0001,200,14.2532
0.0076,0.0000,0.0000,0.0000,0.0076,0.0000,200,14.2531
0.0066,0.0000,0.0000,0.0000,0.0065,0.0001,200,14.2569
0.0068,0.0000,0.0000,0.0000,0.0067,0.0000,200,14.2569
0.0072,0.0000,0.0000,0.0000,0.0071,0.0000,200,14.2608
0.0088,0.0000,0.0000,0.0000,0.0087,0.0001,200,14.2605
0.0068,0.0000,0.0000,0.0000,0.0067,0.0000,200,14.2635
0.0067,0.0000,0.0000,0.0000,0.0066,0.0000,200,14.2637
0.0066,0.0000,0.0000,0.0000,0.0065,0.0001,200,14.2680
0.0064,0.0000,0.0000,0.0000,0.0063,0.0000,200,14.2692
0.0063,0.0000,0.0000,0.0000,0.0063,0.0000,200,14.2703
0.0064,0.0000,0.0000,0.0000,0.0063,0.0000,200,14.2704
0.0067,0.0000,0.0000,0.0000,0.0066,0.0001,200,14.2745
0.0064,0.0000,0.0000,0.0000,0.0064,0.0000,200,14.2756
0.0066,0.0000,0.0000,0.0000,0.0065,0.0000,200,14.2766
0.0065,0.0000,0.0000,0.0000,0.0065,0.0000,200,14.2768
0.0066,0.0000,0.0000,0.0000,0.0065,0.0001,200,14.2812
0.0065,0.0000,0.0000,0.0000,0.0064,0.0001,200,14.2832
0.0078,0.0000,0.0000,0.0008,0.0070,0.0000,200,14.2820
0.0071,0.0000,0.0000,0.0000,0.0070,0.0000,200,14.2833
0.0065,0.0000,0.0000,0.0000,0.0064,0.0001,200,14.2879
0.0069,0.0000,0.0000,0.0000,0.0069,0.0000,200,14.2898
0.0071,0.0000,0.0000,0.0000,0.0070,0.0001,200,14.2897
0.0067,0.0000,0.0000,0.0000,0.0066,0.0000,200,14.2903
0.0068,0.0000,0.0000,0.0000,0.0067,0.0001,200,14.2944
0.0068,0.0000,0.0000,0.0000,0.0067,0.0001,200,14.2968
0.0068,0.0000,0.0000,0.0000,0.0068,0.0000,200,14.2968
0.0070,0.0000,0.0000,0.0000,0.0069,0.0000,200,14.2970
0.0066,0.0000,0.0000,0.0000,0.0064,0.0001,200,14.3012
0.0067,0.0000,0.0000,0.0000,0.0066,0.0001,200,14.3036
0.0063,0.0000,0.0000,0.0000,0.0062,0.0000,200,14.3041
0.0075,0.0000,0.0000,0.0000,0.0074,0.0000,200,14.3036
0.0066,0.0000,0.0000,0.0000,0.0065,0.0001,200,14.3077
0.0065,0.0000,0.0000,0.0000,0.0065,0.0000,200,14.3103
0.0067,0.0000,0.0000,0.0000,0.0066,0.0000,200,14.3103
0.0067,0.0000,0.0000,0.0000,0.0067,0.0001,200,14.3111
0.0065,0.0000,0.0000,0.0000,0.0064,0.0001,200,14.3143
0.0066,0.0000,0.0000,0.0000,0.0065,0.0001,200,14.3169
0.0067,0.0000,0.0000,0.0000,0.0066,0.0000,200,14.3169
0.0066,0.0000,0.0000,0.0000,0.0065,0.0000,200,14.3179
0.0065,0.0000,0.0000,0.0000,0.0064,0.0001,200,14.3208
0.0065,0.0000,0.0000,0.0000,0.0064,0.0001,200,14.3235
0.0065,0.0000,0.0000,0.0000,0.0064,0.0000,200,14.3236
0.0065,0.0000,0.0000,0.0000,0.0064,0.0000,200,14.3244
0.0065,0.0000,0.0000,0.0000,0.0064,0.0001,200,14.3273
0.0068,0.0000,0.0000,0.0000,0.0067,0.0001,200,14.3300
0.0070,0.0000,0.0000,0.0000,0.0069,0.0001,200,14.3300
0.0068,0.0000,0.0000,0.0000,0.0067,0.0000,200,14.3309
0.0065,0.0000,0.0000,0.0000,0.0064,0.0001,200,14.3338
0.0067,0.0000,0.0000,0.0000,0.0066,0.0000,200,14.3369
0.0066,0.0000,0.0000,0.0000,0.0065,0.0000,200,14.3370
0.0063,0.0000,0.0000,0.0000,0.0062,0.0000,200,14.3377
0.0067,0.0000,0.0000,0.0000,0.0066,0.0001,200,14.3403
0.0069,0.0000,0.0000,0.0000,0.0068,0.0001,200,14.3436
0.0069,0.0000,0.0000,0.0000,0.0068,0.0000,200,14.3436
0.0068,0.0000,0.0000,0.0000,0.0068,0.0000,200,14.3440
0.0066,0.0000,0.0000,0.0000,0.0064,0.0001,200,14.3470
0.0065,0.0000,0.0000,0.0000,0.0065,0.0001,200,14.3505
0.0066,0.0000,0.0000,0.0000,0.0065,0.0001,200,14.3504
0.0065,0.0000,0.0000,0.0000,0.0064,0.0000,200,14.3508
0.0072,0.0000,0.0000,0.0000,0.0070,0.0001,200,14.3536
0.0066,0.0000,0.0000,0.0000,0.0065,0.0000,200,14.3570
0.0069,0.0000,0.0000,0.0000,0.0068,0.0000,200,14.3570
0.0067,0.0000,0.0000,0.0000,0.0066,0.0000,200,14.3573
0.0066,0.0000,0.0000,0.0000,0.0065,0.0001,200,14.3608
0.0068,0.0000,0.0000,0.0000,0.0067,0.0001,200,14.3636
0.0065,0.0000,0.0000,0.0000,0.0065,0.0000,200,14.3639
0.0066,0.0000,0.0000,0.0000,0.0065,0.0001,200,14.3640
0.0063,0.0000,0.0000,0.0000,0.0062,0.0001,200,14.3674
0.0068,0.0000,0.0000,0.0000,0.0067,0.0001,200,14.3704
0.0070,0.0000,0.0000,0.0000,0.0069,0.0001,200,14.3704
0.0070,0.0000,0.0000,0.0000,0.0070,0.0000,200,14.3706
0.0066,0.0000,0.0000,0.0000,0.0065,0.0001,200,14.3737
0.0067,0.0000,0.0000,0.0000,0.0066,0.0001,200,14.3771
0.0064,0.0000,0.0000,0.0000,0.0064,0.0000,200,14.3774
0.0064,0.0000,0.0000,0.0000,0.0064,0.0000,200,14.3776
0.0065,0.0000,0.0000,0.0000,0.0064,0.0001,200,14.3804
0.0073,0.0000,0.0000,0.0000,0.0072,0.0001,200,14.3838
0.0072,0.0000,0.0000,0.0000,0.0072,0.0000,200,14.3840
0.0083,0.0000,0.0000,0.0000,0.0082,0.0001,200,14.3839
0.0073,0.0000,0.0000,0.0000,0.0072,0.0001,200,14.3869
0.0070,0.0000,0.0000,0.0000,0.0069,0.0001,200,14.3912
0.0067,0.0000,0.0000,0.0000,0.0067,0.0000,200,14.3921
0.0079,0.0000,0.0000,0.0000,0.0078,0.0000,200,14.3911
0.0086,0.0000,0.0000,0.0000,0.0085,0.0001,200,14.3941
0.0069,0.0000,0.0000,0.0000,0.0068,0.0001,200,14.3989
0.0070,0.0000,0.0000,0.0000,0.0069,0.0000,200,14.3990
0.0080,0.0000,0.0000,0.0000,0.0080,0.0000,200,14.3982
0.0074,0.0000,0.0000,0.0000,0.0073,0.0001,200,14.4028
0.0072,0.0000,0.0000,0.0000,0.0071,0.0001,200,14.4060
0.0075,0.0000,0.0000,0.0000,0.0074,0.0001,200,14.4063
0.0084,0.0000,0.0000,0.0000,0.0077,0.0005,200,14.4058
0.0068,0.0000,0.0000,0.0000,0.0067,0.0001,200,14.4102
0.0074,0.0000,0.0000,0.0000,0.0073,0.0001,200,14.4138
0.0084,0.0000,0.0000,0.0000,0.0083,0.0000,200,14.4132
0.0085,0.0000,0.0000,0.0000,0.0084,0.0000,200,14.4142
0.0073,0.0000,0.0000,0.0000,0.0072,0.0001,200,14.4170
0.0070,0.0000,0.0000,0.0000,0.0069,0.0001,200,14.4216
0.0078,0.0000,0.0000,0.0000,0.0077,0.0000,200,14.4212
0.0085,0.0000,0.0000,0.0000,0.0084,0.0001,200,14.4227
0.0070,0.0000,0.0000,0.0000,0.0069,0.0000,200,14.4243
0.0073,0.0000,0.0000,0.0000,0.0072,0.0001,200,14.4286
0.0071,0.0000,0.0000,0.0000,0.0070,0.0000,200,14.4290
0.0093,0.0000,0.0000,0.0000,0.0092,0.0001,200,14.4312
0.0092,0.0000,0.0000,0.0000,0.0091,0.0000,200,14.4313
0.0068,0.0000,0.0000,0.0000,0.0067,0.0001,200,14.4360
0.0070,0.0000,0.0000,0.0000,0.0069,0.0000,200,14.4359
0.0072,0.0000,0.0000,0.0000,0.0070,0.0001,200,14.4405
0.0075,0.0000,0.0000,0.0000,0.0075,0.0000,200,14.4404
0.0073,0.0000,0.0000,0.0000,0.0072,0.0001,200,14.4428
0.0079,0.0000,0.0000,0.0000,0.0079,0.0000,200,14.4429
0.0076,0.0000,0.0000,0.0000,0.0075,0.0001,200,14.4480
0.0080,0.0000,0.0000,0.0000,0.0080,0.0000,200,14.4477
0.0069,0.0000,0.0000,0.0000,0.0068,0.0001,200,14.4502
0.0068,0.0000,0.0000,0.0000,0.0067,0.0001,200,14.4508
0.0075,0.0000,0.0000,0.0000,0.0074,0.0001,200,14.4555
0.0079,0.0000,0.0000,0.0000,0.0079,0.0000,200,14.4557
0.0073,0.0000,0.0000,0.0000,0.0072,0.0000,200,14.4570
0.0077,0.0000,0.0000,0.0003,0.0073,0.0001,200,14.4576
0.0077,0.0000,0.0000,0.0000,0.0076,0.0001,200,14.4631
0.0071,0.0000,0.0000,0.0000,0.0071,0.0001,200,14.4636
0.0076,0.0000,0.0000,0.0000,0.0075,0.0001,200,14.4644
0.0069,0.0000,0.0000,0.0000,0.0068,0.0000,200,14.4653
0.0093,0.0000,0.0000,0.0000,0.0093,0.0000,200,14.4708
0.0079,0.0000,0.0000,0.0000,0.0078,0.0001,200,14.4722
0.0082,0.0000,0.0000,0.0000,0.0081,0.0001,200,14.4719
0.0101,0.0000,0.0000,0.0000,0.0099,0.0001,200,14.4708
0.0074,0.0000,0.0000,0.0000,0.0073,0.0001,200,14.4801
0.0075,0.0000,0.0000,0.0000,0.0074,0.0001,200,14.4801
0.0078,0.0000,0.0000,0.0000,0.0078,0.0000,200,14.4801
0.0098,0.0000,0.0000,0.0000,0.0097,0.0001,200,14.4808
0.0083,0.0000,0.0000,0.0002,0.0080,0.0001,200,14.4876
0.0085,0.0000,0.0000,0.0000,0.0084,0.0000,200,14.4880
0.0069,0.0000,0.0000,0.0000,0.0068,0.0001,200,14.4906
0.0136,0.0000,0.0000,0.0000,0.0134,0.0001,200,14.4876
0.0075,0.0000,0.0000,0.0000,0.0071,0.0004,200,14.4960
0.0075,0.0000,0.0000,0.0000,0.0074,0.0000,200,14.4964
0.0101,0.0000,0.0000,0.0000,0.0100,0.0001,200,14.4975
0.0070,0.0000,0.0000,0.0000,0.0069,0.0001,200,14.5040
0.0074,0.0000,0.0000,0.0000,0.0070,0.0000,200,14.5035
0.0125,0.0000,0.0000,0.0000,0.0124,0.0001,200,14.5012
0.0070,0.0000,0.0000,0.0000,0.0069,0.0001,200,14.5110
0.0075,0.0000,0.0000,0.0000,0.0074,0.0000,200,14.5109
0.0165,0.0000,0.0000,0.0000,0.0164,0.0001,200,14.5077
0.0116,0.0000,0.0000,0.0000,0.0115,0.0001,200,14.5137
0.0076,0.0000,0.0000,0.0000,0.0075,0.0000,200,14.5184
0.0094,0.0000,0.0000,0.0001,0.0092,0.0001,200,14.5180
0.0074,0.0000,0.0000,0.0000,0.0073,0.0001,200,14.5260
0.0096,0.0000,0.0000,0.0000,0.0095,0.0000,200,14.5242
0.0077,0.0000,0.0000,0.0000,0.0075,0.0001,200,14.5274
0.0138,0.0000,0.0000,0.0000,0.0137,0.0001,200,14.5253
0.0078,0.0000,0.0000,0.0000,0.0077,0.0001,200,14.5334
0.0070,0.0000,0.0000,0.0000,0.0069,0.0001,200,14.5351
0.0073,0.0000,0.0000,0.0000,0.0071,0.0001,200,14.5413
0.0070,0.0000,0.0000,0.0000,0.0069,0.0000,200,14.5422
0.0185,0.0000,0.0000,0.0000,0.0182,0.0002,200,14.5338
0.0131,0.0000,0.0000,0.0000,0.0130,0.0000,200,14.5391
0.0077,0.0000,0.0000,0.0000,0.0076,0.0001,200,14.5485
0.0074,0.0000,0.0000,0.0000,0.0073,0.0000,200,14.5491
0.0109,0.0000,0.0000,0.0000,0.0094,0.0015,200,14.5522
0.0071,0.0000,0.0000,0.0000,0.0070,0.0001,200,14.5565
0.0077,0.0000,0.0000,0.0000,0.0076,0.0000,200,14.5562
0.0124,0.0000,0.0000,0.0000,0.0124,0.0000,200,14.5523
0.0071,0.0000,0.0000,0.0000,0.0070,0.0001,200,14.5636
0.0078,0.0000,0.0000,0.0000,0.0077,0.0000,200,14.5631
0.0099,0.0000,0.0000,0.0000,0.0098,0.0001,200,14.5639
0.0072,0.0000,0.0000,0.0000,0.0071,0.0001,200,14.5707
0.0072,0.0000,0.0000,0.0000,0.0069,0.0002,200,14.5709
0.0147,0.0000,0.0000,0.0000,0.0146,0.0001,200,14.5647
0.0073,0.0000,0.0000,0.0000,0.0072,0.0001,200,14.5781
0.0076,0.0000,0.0000,0.0000,0.0075,0.0000,200,14.5779
0.0118,0.0000,0.0000,0.0000,0.0118,0.0000,200,14.5738
0.0125,0.0000,0.0000,0.0000,0.0124,0.0001,200,14.5794
0.0072,0.0000,0.0000,0.0000,0.0071,0.0000,200,14.5854
0.0071,0.0000,0.0000,0.0000,0.0071,0.0000,200,14.5855
0.0078,0.0000,0.0000,0.0000,0.0077,0.0001,200,14.5856
0.0071,0.0000,0.0000,0.0000,0.0069,0.0001,200,14.5919
0.0069,0.0000,0.0000,0.0000,0.0069,0.0000,200,14.5926
0.0072,0.0000,0.0000,0.0000,0.0071,0.0000,200,14.5925
0.0116,0.0000,0.0000,0.0000,0.0112,0.0004,200,14.5934
0.0076,0.0000,0.0000,0.0000,0.0075,0.0001,200,14.5989
0.0083,0.0000,0.0000,0.0000,0.0082,0.0001,200,14.5997
0.0092,0.0000,0.0000,0.0000,0.0091,0.0001,200,14.5996
0.0074,0.0000,0.0000,0.0000,0.0072,0.0001,200,14.6050
0.0068,0.0000,0.0000,0.0000,0.0067,0.0000,200,14.6065
0.0069,0.0000,0.0000,0.0000,0.0068,0.0000,200,14.6080
0.0065,0.0000,0.0000,0.0000,0.0064,0.0000,200,14.6088
0.0074,0.0000,0.0000,0.0000,0.0073,0.0001,200,14.6124
0.0073,0.0000,0.0000,0.0000,0.0072,0.0000,200,14.6133
0.0069,0.0000,0.0000,0.0000,0.0068,0.0001,200,14.6149
0.0065,0.0000,0.0000,0.0000,0.0064,0.0001,200,14.6153
0.0069,0.0000,0.0000,0.0000,0.0068,0.0001,200,14.6198
0.0068,0.0000,0.0000,0.0000,0.0067,0.0001,200,14.6206
0.0072,0.0000,0.0000,0.0000,0.0071,0.0001,200,14.6218
0.0072,0.0000,0.0000,0.0000,0.0071,0.0000,200,14.6219
0.0070,0.0000,0.0000,0.0000,0.0067,0.0003,200,14.6274
0.0081,0.0000,0.0000,0.0000,0.0080,0.0001,200,14.6267
0.0068,0.0000,0.0000,0.0000,0.0067,0.0000,200,14.6290
0.0078,0.0000,0.0000,0.0000,0.0078,0.0001,200,14.6290
0.0076,0.0000,0.0000,0.0000,0.0075,0.0001,200,14.6348
0.0068,0.0000,0.0000,0.0000,0.0067,0.0001,200,14.6369
0.0079,0.0000,0.0000,0.0000,0.0078,0.0000,200,14.6358
0.0096,0.0000,0.0000,0.0000,0.0095,0.0000,200,14.6344
0.0076,0.0000,0.0000,0.0000,0.0074,0.0001,200,14.6424
0.0068,0.0000,0.0000,0.0000,0.0067,0.0000,200,14.6437
0.0071,0.0000,0.0000,0.0000,0.0070,0.0000,200,14.6437
0.0072,0.0000,0.0000,0.0000,0.0070,0.0001,200,14.6440
0.0073,0.0000,0.0000,0.0000,0.0072,0.0001,200,14.6507
0.0078,0.0000,0.0000,0.0000,0.0077,0.0001,200,14.6505
0.0073,0.0000,0.0000,0.0000,0.0072,0.0000,200,14.6512
0.0085,0.0000,0.0000,0.0000,0.0084,0.0000,200,14.6500
0.0075,0.0000,0.0000,0.0000,0.0074,0.0001,200,14.6582
0.0077,0.0000,0.0000,0.0000,0.0076,0.0001,200,14.6580
0.0083,0.0000,0.0000,0.0000,0.0082,0.0000,200,14.6585
0.0084,0.0000,0.0000,0.0000,0.0083,0.0000,200,14.6585
0.0071,0.0000,0.0000,0.0000,0.0070,0.0001,200,14.6657
0.0072,0.0000,0.0000,0.0000,0.0071,0.0001,200,14.6657
0.0069,0.0000,0.0000,0.0000,0.0068,0.0001,200,14.6668
0.0069,0.0000,0.0000,0.0000,0.0068,0.0001,200,14.6669
0.0073,0.0000,0.0000,0.0000,0.0072,0.0001,200,14.6729
0.0076,0.0000,0.0000,0.0000,0.0075,0.0000,200,14.6728
0.0077,0.0000,0.0000,0.0000,0.0076,0.0000,200,14.6737
0.0079,0.0000,0.0000,0.0000,0.0078,0.0000,200,14.6738
0.0081,0.0000,0.0000,0.0000,0.0080,0.0001,200,14.6802
0.0071,0.0000,0.0000,0.0000,0.0071,0.0000,200,14.6814
0.0081,0.0000,0.0000,0.0000,0.0081,0.0000,200,14.6804
0.0085,0.0000,0.0000,0.0000,0.0083,0.0001,200,14.6816
0.0076,0.0000,0.0000,0.0000,0.0075,0.0001,200,14.6886
0.0085,0.0000,0.0000,0.0000,0.0084,0.0001,200,14.6884
0.0092,0.0000,0.0000,0.0000,0.0092,0.0001,200,14.6885
0.0094,0.0000,0.0000,0.0000,0.0092,0.0002,200,14.6901
0.0075,0.0000,0.0000,0.0000,0.0074,0.0001,200,14.6962
0.0077,0.0000,0.0000,0.0000,0.0077,0.0001,200,14.6969
0.0075,0.0000,0.0000,0.0000,0.0074,0.0001,200,14.6978
0.0071,0.0000,0.0000,0.0000,0.0070,0.0001,200,14.6995
0.0074,0.0000,0.0000,0.0000,0.0073,0.0001,200,14.7037
0.0075,0.0000,0.0000,0.0000,0.0074,0.0001,200,14.7046
0.0074,0.0000,0.0000,0.0000,0.0073,0.0000,200,14.7053
0.0082,0.0000,0.0000,0.0000,0.0081,0.0001,200,14.7067
0.0072,0.0000,0.0000,0.0000,0.0071,0.0001,200,14.7112
0.0071,0.0000,0.0000,0.0000,0.0070,0.0000,200,14.7121
0.0073,0.0000,0.0000,0.0000,0.0073,0.0001,200,14.7126
0.0087,0.0000,0.0000,0.0000,0.0086,0.0001,200,14.7148
0.0072,0.0000,0.0000,0.0000,0.0070,0.0002,200,14.7191
0.0083,0.0000,0.0000,0.0000,0.0083,0.0000,200,14.7184
0.0077,0.0000,0.0000,0.0000,0.0075,0.0001,200,14.7235
0.0140,0.0000,0.0000,0.0000,0.0139,0.0001,200,14.7200
0.0088,0.0000,0.0000,0.0000,0.0087,0.0001,200,14.7264
0.0095,0.0000,0.0000,0.0000,0.0094,0.0001,200,14.7268
0.0069,0.0000,0.0000,0.0000,0.0067,0.0001,200,14.7312
0.0069,0.0000,0.0000,0.0000,0.0068,0.0001,200,14.7352
0.0082,0.0000,0.0000,0.0000,0.0081,0.0000,200,14.7340
0.0076,0.0000,0.0000,0.0000,0.0075,0.0001,200,14.7363
0.0070,0.0000,0.0000,0.0000,0.0069,0.0001,200,14.7380
0.0073,0.0000,0.0000,0.0000,0.0072,0.0001,200,14.7420
0.0073,0.0000,0.0000,0.0000,0.0073,0.0000,200,14.7422
0.0070,0.0000,0.0000,0.0000,0.0069,0.0001,200,14.7439
0.0082,0.0000,0.0000,0.0000,0.0080,0.0001,200,14.7450
0.0074,0.0000,0.0000,0.0000,0.0073,0.0001,200,14.7495
0.0080,0.0000,0.0000,0.0000,0.0079,0.0000,200,14.7494
0.0078,0.0000,0.0000,0.0000,0.0077,0.0001,200,14.7509
0.0090,0.0000,0.0000,0.0000,0.0089,0.0001,200,14.7532
0.0074,0.0000,0.0000,0.0000,0.0073,0.0001,200,14.7569
0.0070,0.0000,0.0000,0.0000,0.0069,0.0000,200,14.7574
0.0068,0.0000,0.0000,0.0000,0.0067,0.0001,200,14.7587
0.0072,0.0000,0.0000,0.0000,0.0071,0.0001,200,14.7622
0.0076,0.0000,0.0000,0.0000,0.0074,0.0001,200,14.7643
0.0075,0.0000,0.0000,0.0000,0.0074,0.0000,200,14.7644
0.0072,0.0000,0.0000,0.0000,0.0070,0.0001,200,14.7654
0.0076,0.0000,0.0000,0.0000,0.0074,0.0001,200,14.7693
0.0078,0.0000,0.0000,0.0000,0.0077,0.0001,200,14.7718
0.0087,0.0000,0.0000,0.0000,0.0086,0.0000,200,14.7718
0.0079,0.0000,0.0000,0.0000,0.0078,0.0001,200,14.7726
0.0074,0.0000,0.0000,0.0001,0.0072,0.0001,200,14.7769
0.0071,0.0000,0.0000,0.0000,0.0070,0.0001,200,14.7796
0.0070,0.0000,0.0000,0.0000,0.0069,0.0000,200,14.7805
0.0071,0.0000,0.0000,0.0000,0.0070,0.0000,200,14.7805
0.0081,0.0000,0.0000,0.0000,0.0080,0.0001,200,14.7843
0.0070,0.0000,0.0000,0.0000,0.0069,0.0001,200,14.7867
0.0070,0.0000,0.0000,0.0000,0.0070,0.0000,200,14.7876
0.0107,0.0000,0.0000,0.0000,0.0106,0.0001,200,14.7875
0.0070,0.0000,0.0000,0.0000,0.0069,0.0001,200,14.7924
0.0074,0.0000,0.0000,0.0000,0.0073,0.0001,200,14.7937
0.0084,0.0000,0.0000,0.0000,0.0083,0.0001,200,14.7947
0.0068,0.0000,0.0000,0.0000,0.0067,0.0001,200,14.7982
0.0070,0.0000,0.0000,0.0000,0.0069,0.0001,200,14.8012
0.0104,0.0000,0.0000,0.0000,0.0103,0.0001,200,14.7994
0.0069,0.0000,0.0000,0.0000,0.0068,0.0000,200,14.8030
0.0100,0.0000,0.0000,0.0000,0.0069,0.0030,200,14.8050
0.0076,0.0000,0.0000,0.0000,0.0075,0.0001,200,14.8082
0.0083,0.0000,0.0000,0.0000,0.0082,0.0001,200,14.8099
0.0083,0.0000,0.0000,0.0000,0.0082,0.0001,200,14.8098
0.0079,0.0000,0.0000,0.0000,0.0072,0.0006,200,14.8150
0.0075,0.0000,0.0000,0.0000,0.0074,0.0000,200,14.8158
0.0070,0.0000,0.0000,0.0000,0.0069,0.0001,200,14.8182
0.0081,0.0000,0.0000,0.0000,0.0081,0.0000,200,14.8182
0.0076,0.0000,0.0000,0.0000,0.0074,0.0001,200,14.8229
0.0076,0.0000,0.0000,0.0000,0.0075,0.0000,200,14.8233
0.0072,0.0000,0.0000,0.0000,0.0070,0.0002,200,14.8263
0.0113,0.0000,0.0000,0.0000,0.0112,0.0001,200,14.8252
0.0074,0.0000,0.0000,0.0000,0.0072,0.0001,200,14.8305
0.0074,0.0000,0.0000,0.0000,0.0074,0.0000,200,14.8309
0.0068,0.0000,0.0000,0.0000,0.0067,0.0001,200,14.8336
0.0077,0.0000,0.0000,0.0000,0.0075,0.0001,200,14.8364
0.0069,0.0000,0.0000,0.0000,0.0069,0.0000,200,14.8383
0.0074,0.0000,0.0000,0.0000,0.0073,0.0000,200,14.8379
0.0073,0.0000,0.0000,0.0000,0.0072,0.0001,200,14.8404
0.0071,0.0000,0.0000,0.0000,0.0070,0.0001,200,14.8453
0.0084,0.0000,0.0000,0.0000,0.0084,0.0000,200,14.8441
0.0073,0.0000,0.0000,0.0000,0.0073,0.0000,200,14.8453
0.0089,0.0000,0.0000,0.0000,0.0088,0.0001,200,14.8477
0.0072,0.0000,0.0000,0.0000,0.0071,0.0001,200,14.8526
0.0075,0.0000,0.0000,0.0000,0.0074,0.0000,200,14.8524
0.0086,0.0000,0.0000,0.0000,0.0085,0.0001,200,14.8526
0.0086,0.0000,0.0000,0.0000,0.0085,0.0001,200,14.8567
0.0073,0.0000,0.0000,0.0000,0.0072,0.0001,200,14.8600
0.0076,0.0000,0.0000,0.0000,0.0073,0.0002,200,14.8598
0.0079,0.0000,0.0000,0.0000,0.0075,0.0001,200,14.8612
0.0077,0.0000,0.0000,0.0000,0.0075,0.0001,200,14.8653
0.0082,0.0000,0.0000,0.0000,0.0081,0.0001,200,14.8672
0.0101,0.0000,0.0000,0.0000,0.0101,0.0001,200,14.8674
0.0086,0.0000,0.0000,0.0000,0.0085,0.0000,200,14.8690
0.0081,0.0000,0.0000,0.0000,0.0080,0.0001,200,14.8729
0.0080,0.0000,0.0000,0.0000,0.0079,0.0001,200,14.8755
0.0071,0.0000,0.0000,0.0000,0.0071,0.0001,200,14.8775
0.0071,0.0000,0.0000,0.0000,0.0070,0.0001,200,14.8811
0.0106,0.0000,0.0000,0.0000,0.0106,0.0000,200,14.8777
0.0076,0.0000,0.0000,0.0000,0.0075,0.0001,200,14.8835
0.0073,0.0000,0.0000,0.0000,0.0072,0.0001,200,14.8847
0.0077,0.0000,0.0000,0.0000,0.0076,0.0001,200,14.8883
0.0081,0.0000,0.0000,0.0000,0.0080,0.0000,200,14.8882
0.0082,0.0000,0.0000,0.0000,0.0081,0.0001,200,14.8911
0.0076,0.0000,0.0000,0.0000,0.0074,0.0001,200,14.8920
0.0070,0.0000,0.0000,0.0000,0.0069,0.0001,200,14.8963
0.0092,0.0000,0.0000,0.0000,0.0091,0.0001,200,14.8960
0.0078,0.0000,0.0000,0.0000,0.0077,0.0001,200,14.8993
0.0077,0.0000,0.0000,0.0001,0.0076,0.0000,200,14.8996
0.0071,0.0000,0.0000,0.0000,0.0070,0.0001,200,14.9033
0.0072,0.0000,0.0000,0.0001,0.0070,0.0001,200,14.9051
0.0070,0.0000,0.0000,0.0000,0.0069,0.0001,200,14.9073
0.0074,0.0000,0.0000,0.0000,0.0073,0.0000,200,14.9071
0.0070,0.0000,0.0000,0.0000,0.0069,0.0001,200,14.9104
0.0080,0.0000,0.0000,0.0000,0.0079,0.0001,200,14.9124
0.0073,0.0000,0.0000,0.0000,0.0071,0.0001,200,14.9143
0.0071,0.0000,0.0000,0.0000,0.0071,0.0000,200,14.9145
0.0081,0.0000,0.0000,0.0000,0.0071,0.0009,200,14.9174
0.0079,0.0000,0.0000,0.0000,0.0078,0.0001,200,14.9204
0.0080,0.0000,0.0000,0.0000,0.0075,0.0005,200,14.9217
0.0089,0.0000,0.0000,0.0000,0.0088,0.0001,200,14.9216
0.0086,0.0000,0.0000,0.0000,0.0084,0.0001,200,14.9255
0.0081,0.0000,0.0000,0.0000,0.0080,0.0001,200,14.9283
0.0073,0.0000,0.0000,0.0000,0.0072,0.0000,200,14.9297
0.0068,0.0000,0.0000,0.0000,0.0067,0.0000,200,14.9305
0.0075,0.0000,0.0000,0.0000,0.0072,0.0001,200,14.9340
0.0069,0.0000,0.0000,0.0000,0.0068,0.0001,200,14.9373
0.0081,0.0000,0.0000,0.0000,0.0080,0.0001,200,14.9369
0.0090,0.0000,0.0000,0.0000,0.0089,0.0000,200,14.9364
0.0071,0.0000,0.0000,0.0000,0.0070,0.0001,200,14.9415
0.0073,0.0000,0.0000,0.0000,0.0072,0.0000,200,14.9442
0.0066,0.0000,0.0000,0.0000,0.0065,0.0000,200,14.9454
0.0070,0.0000,0.0000,0.0000,0.0069,0.0000,200,14.9450
0.0071,0.0000,0.0000,0.0000,0.0070,0.0001,200,14.9486
0.0079,0.0000,0.0000,0.0000,0.0076,0.0001,200,14.9515
0.0075,0.0000,0.0000,0.0000,0.0074,0.0001,200,14.9520
0.0075,0.0000,0.0000,0.0000,0.0074,0.0000,200,14.9520
0.0074,0.0000,0.0000,0.0000,0.0073,0.0001,200,14.9557
0.0081,0.0000,0.0000,0.0000,0.0079,0.0001,200,14.9594
0.0082,0.0000,0.0000,0.0000,0.0081,0.0000,200,14.9594
0.0085,0.0000,0.0000,0.0000,0.0084,0.0000,200,14.9595
0.0076,0.0000,0.0000,0.0000,0.0071,0.0004,200,14.9632
0.0075,0.0000,0.0000,0.0000,0.0074,0.0001,200,14.9676
0.0081,0.0000,0.0000,0.0000,0.0080,0.0001,200,14.9675
0.0088,0.0000,0.0000,0.0000,0.0088,0.0000,200,14.9680
0.0082,0.0000,0.0000,0.0000,0.0080,0.0001,200,14.9708
0.0078,0.0000,0.0000,0.0000,0.0077,0.0001,200,14.9752
0.0084,0.0000,0.0000,0.0000,0.0082,0.0001,200,14.9768
0.0070,0.0000,0.0000,0.0000,0.0069,0.0001,200,14.9789
0.0109,0.0000,0.0000,0.0000,0.0108,0.0000,200,14.9756
0.0090,0.0000,0.0000,0.0000,0.0088,0.0002,200,14.9830
0.0070,0.0000,0.0000,0.0000,0.0070,0.0000,200,14.9851
0.0072,0.0000,0.0000,0.0000,0.0071,0.0000,200,14.9865
0.0105,0.0000,0.0000,0.0000,0.0104,0.0001,200,14.9859
0.0077,0.0000,0.0000,0.0000,0.0075,0.0001,200,14.9920
0.0076,0.0000,0.0000,0.0000,0.0075,0.0001,200,14.9936
0.0113,0.0000,0.0000,0.0000,0.0112,0.0001,200,14.9922
0.0077,0.0000,0.0000,0.0000,0.0076,0.0000,200,14.9965
0.0074,0.0000,0.0000,0.0000,0.0073,0.0001,200,14.9996
0.0079,0.0000,0.0000,0.0000,0.0078,0.0001,200,15.0012
0.0069,0.0000,0.0000,0.0000,0.0068,0.0001,200,15.0035
0.0067,0.0000,0.0000,0.0000,0.0066,0.0000,200,15.0042
0.0078,0.0000,0.0000,0.0000,0.0076,0.0001,200,15.0070
0.0090,0.0000,0.0000,0.0000,0.0089,0.0001,200,15.0092
0.0095,0.0000,0.0000,0.0000,0.0094,0.0001,200,15.0103
0.0105,0.0000,0.0000,0.0000,0.0103,0.0002,200,15.0109
0.0076,0.0000,0.0000,0.0000,0.0075,0.0001,200,15.0148
0.0074,0.0000,0.0000,0.0000,0.0073,0.0001,200,15.0182
0.0087,0.0000,0.0000,0.0000,0.0086,0.0001,200,15.0198
0.0072,0.0000,0.0000,0.0000,0.0071,0.0000,200,15.0215
0.0069,0.0000,0.0000,0.0000,0.0068,0.0000,200,15.0223
0.0074,0.0000,0.0000,0.0000,0.0072,0.0001,200,15.0256
0.0073,0.0000,0.0000,0.0000,0.0072,0.0001,200,15.0286
0.0073,0.0000,0.0000,0.0000,0.0073,0.0000,200,15.0286
0.0072,0.0000,0.0000,0.0000,0.0072,0.0000,200,15.0292
0.0094,0.0000,0.0000,0.0000,0.0092,0.0001,200,15.0330
0.0073,0.0000,0.0000,0.0000,0.0072,0.0001,200,15.0359
0.0078,0.0000,0.0000,0.0000,0.0077,0.0000,200,15.0359
0.0086,0.0000,0.0000,0.0000,0.0085,0.0001,200,15.0365
0.0078,0.0000,0.0000,0.0000,0.0076,0.0001,200,15.0423
0.0074,0.0000,0.0000,0.0000,0.0073,0.0000,200,15.0432
0.0070,0.0000,0.0000,0.0000,0.0069,0.0000,200,15.0437
0.0074,0.0000,0.0000,0.0000,0.0073,0.0001,200,15.0451
0.0069,0.0000,0.0000,0.0000,0.0066,0.0002,200,15.0507
0.0084,0.0000,0.0000,0.0000,0.0083,0.0001,200,15.0501
0.0114,0.0000,0.0000,0.0000,0.0113,0.0001,200,15.0506
0.0097,0.0000,0.0000,0.0000,0.0096,0.0000,200,15.0525
0.0075,0.0000,0.0000,0.0000,0.0074,0.0001,200,15.0585
0.0089,0.0000,0.0000,0.0000,0.0088,0.0000,200,15.0576
0.0072,0.0000,0.0000,0.0000,0.0071,0.0001,200,15.0620
0.0074,0.0000,0.0000,0.0000,0.0073,0.0000,200,15.0621
0.0074,0.0000,0.0000,0.0000,0.0072,0.0001,200,15.0660
0.0070,0.0000,0.0000,0.0000,0.0070,0.0000,200,15.0665
0.0081,0.0000,0.0000,0.0000,0.0080,0.0001,200,15.0695
0.0085,0.0000,0.0000,0.0000,0.0084,0.0000,200,15.0692
0.0066,0.0000,0.0000,0.0000,0.0065,0.0001,200,15.0734
0.0079,0.0000,0.0000,0.0000,0.0078,0.0001,200,15.0735
0.0073,0.0000,0.0000,0.0000,0.0072,0.0001,200,15.0777
0.0074,0.0000,0.0000,0.0000,0.0073,0.0000,200,15.0776
0.0067,0.0000,0.0000,0.0000,0.0066,0.0001,200,15.0800
0.0074,0.0000,0.0000,0.0000,0.0073,0.0001,200,15.0814
0.0065,0.0000,0.0000,0.0000,0.0064,0.0000,200,15.0850
0.0066,0.0000,0.0000,0.0000,0.0065,0.0000,200,15.0850
0.0065,0.0000,0.0000,0.0000,0.0064,0.0001,200,15.0867
0.0065,0.0000,0.0000,0.0000,0.0064,0.0000,200,15.0888
0.0066,0.0000,0.0000,0.0000,0.0065,0.0000,200,15.0915
0.0066,0.0000,0.0000,0.0000,0.0066,0.0000,200,15.0916
0.0063,0.0000,0.0000,0.0000,0.0062,0.0000,200,15.0932
0.0064,0.0000,0.0000,0.0000,0.0063,0.0001,200,15.0953
0.0065,0.0000,0.0000,0.0000,0.0064,0.0001,200,15.0980
0.0064,0.0000,0.0000,0.0000,0.0063,0.0000,200,15.0982
0.0063,0.0000,0.0000,0.0000,0.0062,0.0000,200,15.0995
0.0066,0.0000,0.0000,0.0000,0.0065,0.0000,200,15.1017
0.0064,0.0000,0.0000,0.0000,0.0063,0.0001,200,15.1046
0.0065,0.0000,0.0000,0.0000,0.0064,0.0000,200,15.1045
0.0064,0.0000,0.0000,0.0000,0.0063,0.0001,200,15.1057
0.0069,0.0000,0.0000,0.0000,0.0068,0.0000,200,15.1083
0.0067,0.0000,0.0000,0.0000,0.0066,0.0001,200,15.1109
0.0071,0.0000,0.0000,0.0000,0.0070,0.0001,200,15.1110
0.0064,0.0000,0.0000,0.0000,0.0063,0.0000,200,15.1122
0.0066,0.0000,0.0000,0.0000,0.0065,0.0001,200,15.1152
0.0066,0.0000,0.0000,0.0000,0.0065,0.0001,200,15.1176
0.0066,0.0000,0.0000,0.0000,0.0065,0.0000,200,15.1181
0.0064,0.0000,0.0000,0.0000,0.0063,0.0000,200,15.1185
0.0071,0.0000,0.0000,0.0000,0.0070,0.0001,200,15.1218
0.0066,0.0000,0.0000,0.0000,0.0065,0.0001,200,15.1242
0.0063,0.0000,0.0000,0.0000,0.0062,0.0000,200,15.1247
0.0063,0.0000,0.0000,0.0000,0.0063,0.0000,200,15.1249
0.0066,0.0000,0.0000,0.0000,0.0065,0.0000,200,15.1289
0.0066,0.0000,0.0000,0.0000,0.0065,0.0000,200,15.1308
0.0064,0.0000,0.0000,0.0000,0.0063,0.0000,200,15.1310
0.0065,0.0000,0.0000,0.0000,0.0065,0.0000,200,15.1313
0.0066,0.0000,0.0000,0.0000,0.0066,0.0001,200,15.1355
0.0065,0.0000,0.0000,0.0000,0.0064,0.0001,200,15.1374
0.0066,0.0000,0.0000,0.0000,0.0065,0.0001,200,15.1374
0.0073,0.0000,0.0000,0.0000,0.0072,0.0001,200,15.1378
0.0068,0.0000,0.0000,0.0000,0.0067,0.0001,200,15.1422
0.0068,0.0000,0.0000,0.0000,0.0067,0.0001,200,15.1439
0.0069,0.0000,0.0000,0.0000,0.0069,0.0000,200,15.1439
0.0069,0.0000,0.0000,0.0000,0.0068,0.0000,200,15.1451
0.0065,0.0000,0.0000,0.0000,0.0064,0.0001,200,15.1490
0.0066,0.0000,0.0000,0.0000,0.0065,0.0001,200,15.1507
0.0065,0.0000,0.0000,0.0000,0.0064,0.0000,200,15.1509
0.0079,0.0000,0.0000,0.0000,0.0078,0.0001,200,15.1520
0.0065,0.0000,0.0000,0.0000,0.0064,0.0000,200,15.1555
0.0066,0.0000,0.0000,0.0000,0.0065,0.0000,200,15.1573
0.0065,0.0000,0.0000,0.0000,0.0065,0.0000,200,15.1573
0.0065,0.0000,0.0000,0.0000,0.0064,0.0001,200,15.1599
0.0064,0.0000,0.0000,0.0000,0.0063,0.0000,200,15.1619
0.0063,0.0000,0.0000,0.0000,0.0062,0.0000,200,15.1639
0.0063,0.0000,0.0000,0.0000,0.0063,0.0000,200,15.1639
0.0065,0.0000,0.0000,0.0000,0.0064,0.0000,200,15.1663
0.0064,0.0000,0.0000,0.0000,0.0063,0.0001,200,15.1683
0.0063,0.0000,0.0000,0.0000,0.0063,0.0000,200,15.1702
0.0064,0.0000,0.0000,0.0000,0.0063,0.0000,200,15.1702
0.0067,0.0000,0.0000,0.0000,0.0066,0.0001,200,15.1728
0.0062,0.0000,0.0000,0.0000,0.0062,0.0000,200,15.1747
0.0063,0.0000,0.0000,0.0000,0.0062,0.0001,200,15.1766
0.0063,0.0000,0.0000,0.0000,0.0063,0.0000,200,15.1766
0.0066,0.0000,0.0000,0.0000,0.0065,0.0001,200,15.1795
0.0063,0.0000,0.0000,0.0000,0.0063,0.0000,200,15.1810
0.0064,0.0000,0.0000,0.0000,0.0063,0.0001,200,15.1829
0.0065,0.0000,0.0000,0.0000,0.0064,0.0000,200,15.1829
0.0066,0.0000,0.0000,0.0000,0.0065,0.0000,200,15.1861
0.0064,0.0000,0.0000,0.0000,0.0063,0.0000,200,15.1873
0.0065,0.0000,0.0000,0.0000,0.0064,0.0000,200,15.1893
0.0064,0.0000,0.0000,0.0000,0.0064,0.0000,200,15.1894
0.0068,0.0000,0.0000,0.0000,0.0067,0.0001,200,15.1927
0.0062,0.0000,0.0000,0.0000,0.0062,0.0000,200,15.1936
0.0067,0.0000,0.0000,0.0000,0.0065,0.0001,200,15.1958
0.0068,0.0000,0.0000,0.0000,0.0067,0.0000,200,15.1957
0.0066,0.0000,0.0000,0.0000,0.0065,0.0000,200,15.1995
0.0063,0.0000,0.0000,0.0000,0.0062,0.0000,200,15.1999
0.0065,0.0000,0.0000,0.0000,0.0064,0.0001,200,15.2025
0.0067,0.0000,0.0000,0.0000,0.0067,0.0000,200,15.2025
0.0072,0.0000,0.0000,0.0000,0.0071,0.0001,200,15.2062
0.0080,0.0000,0.0000,0.0000,0.0079,0.0000,200,15.2062
0.0066,0.0000,0.0000,0.0000,0.0065,0.0001,200,15.2090
0.0066,0.0000,0.0000,0.0000,0.0066,0.0000,200,15.2092
0.0073,0.0000,0.0000,0.0000,0.0072,0.0001,200,15.2134
0.0085,0.0000,0.0000,0.0000,0.0084,0.0001,200,15.2142
0.0069,0.0000,0.0000,0.0000,0.0069,0.0000,200,15.2159
0.0074,0.0000,0.0000,0.0000,0.0073,0.0000,200,15.2156
0.0070,0.0000,0.0000,0.0000,0.0069,0.0001,200,15.2228
0.0067,0.0000,0.0000,0.0000,0.0066,0.0001,200,15.2230
0.0072,0.0000,0.0000,0.0000,0.0071,0.0000,200,15.2227
0.0091,0.0000,0.0000,0.0000,0.0090,0.0000,200,15.2207
0.0071,0.0000,0.0000,0.0000,0.0069,0.0002,200,15.2297
0.0081,0.0000,0.0000,0.0000,0.0081,0.0000,200,15.2298
0.0091,0.0000,0.0000,0.0000,0.0090,0.0001,200,15.2298
0.0099,0.0000,0.0000,0.0000,0.0098,0.0000,200,15.2297
0.0075,0.0000,0.0000,0.0001,0.0072,0.0002,200,15.2369
0.0068,0.0000,0.0000,0.0000,0.0068,0.0000,200,15.2380
0.0071,0.0000,0.0000,0.0000,0.0070,0.0001,200,15.2396
0.0089,0.0000,0.0000,0.0000,0.0088,0.0001,200,15.2389
0.0075,0.0000,0.0000,0.0000,0.0074,0.0001,200,15.2444
0.0074,0.0000,0.0000,0.0000,0.0071,0.0003,200,15.2448
0.0075,0.0000,0.0000,0.0000,0.0074,0.0001,200,15.2479
0.0087,0.0000,0.0000,0.0000,0.0086,0.0001,200,15.2467
0.0073,0.0000,0.0000,0.0000,0.0072,0.0001,200,15.2518
0.0079,0.0000,0.0000,0.0000,0.0079,0.0000,200,15.2522
0.0087,0.0000,0.0000,0.0000,0.0086,0.0001,200,15.2555
0.0090,0.0000,0.0000,0.0000,0.0089,0.0000,200,15.2554
0.0073,0.0000,0.0000,0.0000,0.0071,0.0001,200,15.2592
0.0073,0.0000,0.0000,0.0000,0.0072,0.0000,200,15.2601
0.0074,0.0000,0.0000,0.0000,0.0072,0.0001,200,15.2642
0.0073,0.0000,0.0000,0.0000,0.0072,0.0000,200,15.2643
0.0071,0.0000,0.0000,0.0000,0.0068,0.0002,200,15.2664
0.0071,0.0000,0.0000,0.0000,0.0070,0.0001,200,15.2674
0.0067,0.0000,0.0000,0.0000,0.0066,0.0001,200,15.2716
0.0067,0.0000,0.0000,0.0000,0.0066,0.0001,200,15.2716
0.0066,0.0000,0.0000,0.0000,0.0065,0.0001,200,15.2735
0.0065,0.0000,0.0000,0.0000,0.0064,0.0000,200,15.2745
0.0067,0.0000,0.0000,0.0000,0.0066,0.0001,200,15.2783
0.0067,0.0000,0.0000,0.0000,0.0067,0.0000,200,15.2783
0.0065,0.0000,0.0000,0.0000,0.0064,0.0000,200,15.2801
0.0063,0.0000,0.0000,0.0000,0.0063,0.0000,200,15.2810
0.0066,0.0000,0.0000,0.0000,0.0065,0.0000,200,15.2849
0.0065,0.0000,0.0000,0.0000,0.0064,0.0000,200,15.2850
0.0064,0.0000,0.0000,0.0000,0.0064,0.0000,200,15.2866
0.0063,0.0000,0.0000,0.0000,0.0062,0.0001,200,15.2873
0.0067,0.0000,0.0000,0.0000,0.0065,0.0001,200,15.2915
0.0067,0.0000,0.0000,0.0000,0.0066,0.0000,200,15.2915
0.0066,0.0000,0.0000,0.0000,0.0066,0.0000,200,15.2930
0.0065,0.0000,0.0000,0.0000,0.0064,0.0000,200,15.2936
0.0068,0.0000,0.0000,0.0000,0.0067,0.0001,200,15.2981
0.0068,0.0000,0.0000,0.0000,0.0067,0.0000,200,15.2982
0.0065,0.0000,0.0000,0.0000,0.0064,0.0001,200,15.2997
0.0064,0.0000,0.0000,0.0000,0.0062,0.0000,200,15.3001
0.0069,0.0000,0.0000,0.0000,0.0069,0.0001,200,15.3050
0.0070,0.0000,0.0000,0.0000,0.0069,0.0001,200,15.3049
0.0065,0.0000,0.0000,0.0000,0.0064,0.0000,200,15.3061
0.0064,0.0000,0.0000,0.0000,0.0064,0.0000,200,15.3064
0.0070,0.0000,0.0000,0.0000,0.0069,0.0001,200,15.3119
0.0070,0.0000,0.0000,0.0000,0.0070,0.0000,200,15.3119
0.0064,0.0000,0.0000,0.0000,0.0063,0.0000,200,15.3127
0.0065,0.0000,0.0000,0.0000,0.0065,0.0000,200,15.3129
0.0067,0.0000,0.0000,0.0000,0.0066,0.0001,200,15.3190
0.0068,0.0000,0.0000,0.0000,0.0067,0.0000,200,15.3189
0.0070,0.0000,0.0000,0.0000,0.0068,0.0001,200,15.3191
0.0071,0.0000,0.0000,0.0000,0.0070,0.0001,200,15.3194
0.0069,0.0000,0.0000,0.0000,0.0068,0.0001,200,15.3257
0.0070,0.0000,0.0000,0.0000,0.0069,0.0000,200,15.3257
0.0069,0.0000,0.0000,0.0000,0.0068,0.0001,200,15.3260
0.0068,0.0000,0.0000,0.0000,0.0067,0.0000,200,15.3265
0.0067,0.0000,0.0000,0.0000,0.0066,0.0001,200,15.3326
0.0068,0.0000,0.0000,0.0000,0.0068,0.0000,200,15.3327
0.0067,0.0000,0.0000,0.0000,0.0066,0.0000,200,15.3329
0.0072,0.0000,0.0000,0.0000,0.0071,0.0001,200,15.3333
0.0070,0.0000,0.0000,0.0000,0.0068,0.0001,200,15.3393
0.0068,0.0000,0.0000,0.0000,0.0067,0.0000,200,15.3395
0.0074,0.0000,0.0000,0.0000,0.0073,0.0001,200,15.3397
0.0066,0.0000,0.0000,0.0000,0.0065,0.0000,200,15.3405
0.0067,0.0000,0.0000,0.0000,0.0067,0.0001,200,15.3463
0.0068,0.0000,0.0000,0.0000,0.0067,0.0001,200,15.3463
0.0064,0.0000,0.0000,0.0000,0.0063,0.0000,200,15.3470
0.0064,0.0000,0.0000,0.0000,0.0063,0.0000,200,15.3471
0.0068,0.0000,0.0000,0.0000,0.0068,0.0000,200,15.3530
0.0065,0.0000,0.0000,0.0000,0.0064,0.0000,200,15.3534
0.0069,0.0000,0.0000,0.0000,0.0067,0.0001,200,15.3530
0.0065,0.0000,0.0000,0.0000,0.0065,0.0000,200,15.3535
0.0068,0.0000,0.0000,0.0000,0.0067,0.0000,200,15.3599
0.0069,0.0000,0.0000,0.0000,0.0067,0.0002,200,15.3599
0.0075,0.0000,0.0000,0.0000,0.0073,0.0000,200,15.3599
0.0078,0.0000,0.0000,0.0000,0.0077,0.0000,200,15.3600
0.0071,0.0000,0.0000,0.0000,0.0070,0.0001,200,15.3668
0.0072,0.0000,0.0000,0.0000,0.0072,0.0000,200,15.3667
0.0066,0.0000,0.0000,0.0000,0.0065,0.0000,200,15.3674
0.0065,0.0000,0.0000,0.0000,0.0064,0.0000,200,15.3677
0.0071,0.0000,0.0000,0.0000,0.0070,0.0001,200,15.3739
0.0074,0.0000,0.0000,0.0000,0.0074,0.0000,200,15.3739
0.0075,0.0000,0.0000,0.0000,0.0075,0.0000,200,15.3739
0.0072,0.0000,0.0000,0.0000,0.0072,0.0000,200,15.3742
0.0071,0.0000,0.0000,0.0000,0.0070,0.0001,200,15.3810
0.0068,0.0000,0.0000,0.0000,0.0067,0.0000,200,15.3814
0.0070,0.0000,0.0000,0.0000,0.0069,0.0001,200,15.3815
0.0071,0.0000,0.0000,0.0000,0.0071,0.0000,200,15.3815
0.0071,0.0000,0.0000,0.0000,0.0070,0.0000,200,15.3881
0.0071,0.0000,0.0000,0.0000,0.0070,0.0001,200,15.3881
0.0070,0.0000,0.0000,0.0000,0.0070,0.0001,200,15.3885
0.0074,0.0000,0.0000,0.0000,0.0073,0.0001,200,15.3886
0.0070,0.0000,0.0000,0.0000,0.0068,0.0001,200,15.3952
0.0068,0.0000,0.0000,0.0000,0.0067,0.0000,200,15.3956
0.0072,0.0000,0.0000,0.0000,0.0071,0.0000,200,15.3952
0.0066,0.0000,0.0000,0.0000,0.0065,0.0000,200,15.3960
0.0069,0.0000,0.0000,0.0000,0.0068,0.0001,200,15.4023
0.0068,0.0000,0.0000,0.0000,0.0067,0.0001,200,15.4024
0.0069,0.0000,0.0000,0.0000,0.0068,0.0001,200,15.4026
0.0074,0.0000,0.0000,0.0000,0.0073,0.0000,200,15.4022
0.0069,0.0000,0.0000,0.0000,0.0068,0.0001,200,15.4092
0.0067,0.0000,0.0000,0.0000,0.0066,0.0000,200,15.4095
0.0072,0.0000,0.0000,0.0000,0.0071,0.0000,200,15.4092
0.0076,0.0000,0.0000,0.0000,0.0075,0.0000,200,15.4096
0.0067,0.0000,0.0000,0.0000,0.0066,0.0000,200,15.4162
0.0071,0.0000,0.0000,0.0000,0.0070,0.0001,200,15.4161
0.0073,0.0000,0.0000,0.0000,0.0073,0.0000,200,15.4164
0.0065,0.0000,0.0000,0.0000,0.0065,0.0000,200,15.4172
0.0066,0.0000,0.0000,0.0000,0.0065,0.0001,200,15.4233
0.0071,0.0000,0.0000,0.0000,0.0070,0.0000,200,15.4228
0.0065,0.0000,0.0000,0.0000,0.0064,0.0000,200,15.4237
0.0067,0.0000,0.0000,0.0000,0.0067,0.0000,200,15.4237
0.0073,0.0000,0.0000,0.0000,0.0072,0.0001,200,15.4299
0.0070,0.0000,0.0000,0.0000,0.0069,0.0000,200,15.4302
0.0073,0.0000,0.0000,0.0000,0.0072,0.0000,200,15.4299
0.0071,0.0000,0.0000,0.0000,0.0071,0.0000,200,15.4305
0.0067,0.0000,0.0000,0.0000,0.0065,0.0001,200,15.4372
0.0069,0.0000,0.0000,0.0000,0.0067,0.0001,200,15.4372
0.0071,0.0000,0.0000,0.0000,0.0070,0.0000,200,15.4372
0.0068,0.0000,0.0000,0.0000,0.0068,0.0000,200,15.4376
0.0068,0.0000,0.0000,0.0000,0.0067,0.0001,200,15.4439
0.0066,0.0000,0.0000,0.0000,0.0065,0.0000,200,15.4440
0.0063,0.0000,0.0000,0.0000,0.0063,0.0000,200,15.4444
0.0068,0.0000,0.0000,0.0000,0.0068,0.0000,200,15.4443
0.0067,0.0000,0.0000,0.0000,0.0066,0.0001,200,15.4506
0.0068,0.0000,0.0000,0.0000,0.0068,0.0000,200,15.4507
0.0070,0.0000,0.0000,0.0000,0.0069,0.0000,200,15.4507
0.0069,0.0000,0.0000,0.0000,0.0068,0.0000,200,15.4511
0.0070,0.0000,0.0000,0.0000,0.0069,0.0001,200,15.4574
0.0067,0.0000,0.0000,0.0000,0.0066,0.0001,200,15.4576
0.0068,0.0000,0.0000,0.0000,0.0068,0.0000,200,15.4575
0.0072,0.0000,0.0000,0.0000,0.0067,0.0004,200,15.4580
0.0067,0.0000,0.0000,0.0000,0.0066,0.0001,200,15.4644
0.0067,0.0000,0.0000,0.0000,0.0066,0.0001,200,15.4644
0.0067,0.0000,0.0000,0.0000,0.0066,0.0001,200,15.4644
0.0074,0.0000,0.0000,0.0001,0.0071,0.0001,200,15.4652
0.0067,0.0000,0.0000,0.0000,0.0066,0.0001,200,15.4711
0.0068,0.0000,0.0000,0.0000,0.0068,0.0000,200,15.4711
0.0068,0.0000,0.0000,0.0000,0.0067,0.0001,200,15.4725
0.0083,0.0000,0.0000,0.0000,0.0082,0.0000,200,15.4711
0.0065,0.0000,0.0000,0.0000,0.0065,0.0001,200,15.4779
0.0070,0.0000,0.0000,0.0000,0.0069,0.0000,200,15.4778
0.0064,0.0000,0.0000,0.0000,0.0063,0.0000,200,15.4793
0.0065,0.0000,0.0000,0.0000,0.0064,0.0000,200,15.4794
0.0069,0.0000,0.0000,0.0000,0.0068,0.0001,200,15.4844
0.0069,0.0000,0.0000,0.0000,0.0068,0.0000,200,15.4848
0.0065,0.0000,0.0000,0.0000,0.0064,0.0000,200,15.4858
0.0066,0.0000,0.0000,0.0000,0.0065,0.0000,200,15.4859
0.0067,0.0000,0.0000,0.0000,0.0066,0.0000,200,15.4916
0.0071,0.0000,0.0000,0.0000,0.0068,0.0003,200,15.4914
0.0064,0.0000,0.0000,0.0000,0.0063,0.0000,200,15.4924
0.0066,0.0000,0.0000,0.0000,0.0065,0.0000,200,15.4922
0.0071,0.0000,0.0000,0.0000,0.0069,0.0000,200,15.4983
0.0066,0.0000,0.0000,0.0000,0.0065,0.0001,200,15.4988
0.0069,0.0000,0.0000,0.0000,0.0069,0.0001,200,15.4984
0.0070,0.0000,0.0000,0.0000,0.0070,0.0000,200,15.4988
0.0069,0.0000,0.0000,0.0000,0.0069,0.0000,200,15.5054
0.0069,0.0000,0.0000,0.0000,0.0068,0.0001,200,15.5054
0.0070,0.0000,0.0000,0.0000,0.0070,0.0000,200,15.5054
0.0067,0.0000,0.0000,0.0000,0.0067,0.0000,200,15.5058
0.0069,0.0000,0.0000,0.0000,0.0069,0.0001,200,15.5126
0.0071,0.0000,0.0000,0.0000,0.0068,0.0002,200,15.5124
0.0073,0.0000,0.0000,0.0000,0.0072,0.0000,200,15.5123
0.0073,0.0000,0.0000,0.0000,0.0073,0.0000,200,15.5123
0.0067,0.0000,0.0000,0.0000,0.0065,0.0001,200,15.5195
0.0068,0.0000,0.0000,0.0000,0.0067,0.0000,200,15.5195
0.0070,0.0000,0.0000,0.0000,0.0069,0.0001,200,15.5197
0.0074,0.0000,0.0000,0.0000,0.0073,0.0001,200,15.5196
0.0070,0.0000,0.0000,0.0000,0.0069,0.0001,200,15.5262
0.0071,0.0000,0.0000,0.0000,0.0070,0.0000,200,15.5263
0.0066,0.0000,0.0000,0.0000,0.0065,0.0000,200,15.5270
0.0069,0.0000,0.0000,0.0000,0.0068,0.0000,200,15.5267
0.0067,0.0000,0.0000,0.0000,0.0066,0.0001,200,15.5334
0.0068,0.0000,0.0000,0.0000,0.0067,0.0001,200,15.5332
0.0072,0.0000,0.0000,0.0000,0.0071,0.0000,200,15.5335
0.0072,0.0000,0.0000,0.0000,0.0072,0.0000,200,15.5335
0.0068,0.0000,0.0000,0.0000,0.0067,0.0001,200,15.5400
0.0069,0.0000,0.0000,0.0000,0.0068,0.0000,200,15.5400
0.0064,0.0000,0.0000,0.0000,0.0064,0.0000,200,15.5408
0.0070,0.0000,0.0000,0.0000,0.0069,0.0000,200,15.5407
0.0068,0.0000,0.0000,0.0000,0.0067,0.0001,200,15.5469
0.0069,0.0000,0.0000,0.0000,0.0069,0.0000,200,15.5469
0.0072,0.0000,0.0000,0.0000,0.0070,0.0001,200,15.5472
0.0078,0.0000,0.0000,0.0000,0.0077,0.0001,200,15.5477
0.0069,0.0000,0.0000,0.0000,0.0068,0.0001,200,15.5537
0.0067,0.0000,0.0000,0.0000,0.0066,0.0001,200,15.5544
0.0073,0.0000,0.0000,0.0000,0.0072,0.0000,200,15.5539
0.0068,0.0000,0.0000,0.0000,0.0067,0.0000,200,15.5555
0.0067,0.0000,0.0000,0.0000,0.0066,0.0000,200,15.5610
0.0072,0.0000,0.0000,0.0000,0.0071,0.0000,200,15.5606
0.0067,0.0000,0.0000,0.0000,0.0065,0.0001,200,15.5611
0.0064,0.0000,0.0000,0.0000,0.0064,0.0000,200,15.5622
0.0068,0.0000,0.0000,0.0000,0.0067,0.0001,200,15.5678
0.0069,0.0000,0.0000,0.0000,0.0069,0.0000,200,15.5678
0.0070,0.0000,0.0000,0.0000,0.0069,0.0000,200,15.5678
0.0063,0.0000,0.0000,0.0000,0.0063,0.0000,200,15.5687
0.0068,0.0000,0.0000,0.0000,0.0067,0.0001,200,15.5747
0.0068,0.0000,0.0000,0.0000,0.0067,0.0001,200,15.5748
0.0069,0.0000,0.0000,0.0000,0.0068,0.0000,200,15.5746
0.0069,0.0000,0.0000,0.0000,0.0068,0.0000,200,15.5750
0.0068,0.0000,0.0000,0.0000,0.0067,0.0001,200,15.5816
0.0070,0.0000,0.0000,0.0000,0.0069,0.0000,200,15.5816
0.0073,0.0000,0.0000,0.0000,0.0072,0.0000,200,15.5819
0.0076,0.0000,0.0000,0.0000,0.0075,0.0000,200,15.5815
0.0069,0.0000,0.0000,0.0000,0.0067,0.0001,200,15.5884
0.0068,0.0000,0.0000,0.0000,0.0067,0.0000,200,15.5886
0.0064,0.0000,0.0000,0.0000,0.0063,0.0000,200,15.5891
0.0065,0.0000,0.0000,0.0000,0.0064,0.0000,200,15.5892
0.0069,0.0000,0.0000,0.0000,0.0068,0.0000,200,15.5953
0.0067,0.0000,0.0000,0.0000,0.0065,0.0001,200,15.5956
0.0070,0.0000,0.0000,0.0000,0.0069,0.0000,200,15.5953
0.0072,0.0000,0.0000,0.0000,0.0071,0.0001,200,15.5956
0.0068,0.0000,0.0000,0.0000,0.0067,0.0001,200,15.6023
0.0070,0.0000,0.0000,0.0000,0.0070,0.0000,200,15.6022
0.0071,0.0000,0.0000,0.0000,0.0070,0.0000,200,15.6022
0.0071,0.0000,0.0000,0.0000,0.0070,0.0001,200,15.6028
0.0069,0.0000,0.0000,0.0000,0.0068,0.0001,200,15.6092
0.0070,0.0000,0.0000,0.0000,0.0067,0.0003,200,15.6091
0.0069,0.0000,0.0000,0.0000,0.0069,0.0000,200,15.6092
0.0078,0.0000,0.0000,0.0000,0.0077,0.0000,200,15.6099
0.0067,0.0000,0.0000,0.0000,0.0066,0.0001,200,15.6161
0.0068,0.0000,0.0000,0.0000,0.0067,0.0001,200,15.6162
0.0070,0.0000,0.0000,0.0000,0.0070,0.0000,200,15.6161
0.0070,0.0000,0.0000,0.0000,0.0069,0.0000,200,15.6177
0.0067,0.0000,0.0000,0.0000,0.0066,0.0000,200,15.6230
0.0065,0.0000,0.0000,0.0000,0.0064,0.0000,200,15.6232
0.0069,0.0000,0.0000,0.0000,0.0068,0.0000,200,15.6228
0.0065,0.0000,0.0000,0.0000,0.0064,0.0001,200,15.6247
0.0066,0.0000,0.0000,0.0000,0.0065,0.0001,200,15.6297
0.0066,0.0000,0.0000,0.0000,0.0066,0.0000,200,15.6297
0.0071,0.0000,0.0000,0.0000,0.0070,0.0001,200,15.6297
0.0064,0.0000,0.0000,0.0000,0.0063,0.0000,200,15.6312
0.0070,0.0000,0.0000,0.0000,0.0069,0.0000,200,15.6363
0.0070,0.0000,0.0000,0.0000,0.0067,0.0003,200,15.6363
0.0065,0.0000,0.0000,0.0000,0.0065,0.0000,200,15.6368
0.0063,0.0000,0.0000,0.0000,0.0062,0.0000,200,15.6376
0.0070,0.0000,0.0000,0.0000,0.0070,0.0000,200,15.6434
0.0072,0.0000,0.0000,0.0000,0.0069,0.0003,200,15.6433
0.0070,0.0000,0.0000,0.0000,0.0069,0.0000,200,15.6439
0.0075,0.0000,0.0000,0.0000,0.0074,0.0000,200,15.6434
0.0069,0.0000,0.0000,0.0000,0.0069,0.0001,200,15.6505
0.0071,0.0000,0.0000,0.0000,0.0070,0.0001,200,15.6504
0.0066,0.0000,0.0000,0.0000,0.0066,0.0000,200,15.6509
0.0079,0.0000,0.0000,0.0000,0.0078,0.0001,200,15.6509
0.0076,0.0000,0.0000,0.0000,0.0076,0.0001,200,15.6575
0.0077,0.0000,0.0000,0.0000,0.0076,0.0000,200,15.6575
0.0079,0.0000,0.0000,0.0000,0.0078,0.0000,200,15.6575
0.0075,0.0000,0.0000,0.0000,0.0074,0.0001,200,15.6588
0.0070,0.0000,0.0000,0.0000,0.0068,0.0001,200,15.6652
0.0071,0.0000,0.0000,0.0000,0.0069,0.0002,200,15.6652
0.0064,0.0000,0.0000,0.0000,0.0064,0.0000,200,15.6663
0.0074,0.0000,0.0000,0.0000,0.0073,0.0000,200,15.6654
0.0066,0.0000,0.0000,0.0000,0.0066,0.0001,200,15.6723
0.0068,0.0000,0.0000,0.0000,0.0067,0.0001,200,15.6721
0.0065,0.0000,0.0000,0.0000,0.0064,0.0000,200,15.6727
0.0071,0.0000,0.0000,0.0000,0.0071,0.0001,200,15.6728
0.0068,0.0000,0.0000,0.0000,0.0066,0.0001,200,15.6789
0.0068,0.0000,0.0000,0.0000,0.0066,0.0000,200,15.6789
0.0071,0.0000,0.0000,0.0000,0.0070,0.0000,200,15.6792
0.0067,0.0000,0.0000,0.0000,0.0066,0.0000,200,15.6799
0.0069,0.0000,0.0000,0.0000,0.0068,0.0001,200,15.6857
0.0071,0.0000,0.0000,0.0000,0.0070,0.0000,200,15.6857
0.0066,0.0000,0.0000,0.0000,0.0066,0.0000,200,15.6863
0.0064,0.0000,0.0000,0.0000,0.0064,0.0000,200,15.6866
0.0067,0.0000,0.0000,0.0000,0.0066,0.0000,200,15.6928
0.0066,0.0000,0.0000,0.0000,0.0066,0.0000,200,15.6929
0.0071,0.0000,0.0000,0.0000,0.0070,0.0001,200,15.6926
0.0069,0.0000,0.0000,0.0000,0.0068,0.0000,200,15.6930
0.0068,0.0000,0.0000,0.0000,0.0067,0.0001,200,15.6995
0.0067,0.0000,0.0000,0.0000,0.0067,0.0000,200,15.6997
0.0069,0.0000,0.0000,0.0000,0.0068,0.0000,200,15.6995
0.0071,0.0000,0.0000,0.0000,0.0071,0.0000,200,15.6999
0.0069,0.0000,0.0000,0.0000,0.0067,0.0001,200,15.7064
0.0071,0.0000,0.0000,0.0000,0.0070,0.0000,200,15.7064
0.0072,0.0000,0.0000,0.0000,0.0071,0.0000,200,15.7063
0.0073,0.0000,0.0000,0.0000,0.0072,0.0001,200,15.7070
0.0071,0.0000,0.0000,0.0000,0.0069,0.0001,200,15.7133
0.0069,0.0000,0.0000,0.0000,0.0069,0.0000,200,15.7135
0.0073,0.0000,0.0000,0.0000,0.0072,0.0000,200,15.7135
0.0070,0.0000,0.0000,0.0000,0.0069,0.0000,200,15.7142
0.0070,0.0000,0.0000,0.0000,0.0069,0.0001,200,15.7204
0.0070,0.0000,0.0000,0.0000,0.0069,0.0001,200,15.7204
0.0070,0.0000,0.0000,0.0000,0.0069,0.0000,200,15.7208
0.0066,0.0000,0.0000,0.0000,0.0065,0.0001,200,15.7212
0.0066,0.0000,0.0000,0.0000,0.0065,0.0001,200,15.7277
0.0069,0.0000,0.0000,0.0000,0.0069,0.0000,200,15.7274
0.0071,0.0000,0.0000,0.0000,0.0069,0.0002,200,15.7274
0.0072,0.0000,0.0000,0.0000,0.0070,0.0002,200,15.7278
0.0068,0.0000,0.0000,0.0000,0.0067,0.0001,200,15.7344
0.0067,0.0000,0.0000,0.0000,0.0066,0.0001,200,15.7345
0.0069,0.0000,0.0000,0.0000,0.0068,0.0001,200,15.7343
0.0067,0.0000,0.0000,0.0000,0.0066,0.0000,200,15.7350
0.0070,0.0000,0.0000,0.0000,0.0069,0.0001,200,15.7412
0.0074,0.0000,0.0000,0.0000,0.0073,0.0000,200,15.7412
0.0069,0.0000,0.0000,0.0000,0.0069,0.0000,200,15.7417
0.0088,0.0000,0.0000,0.0000,0.0087,0.0000,200,15.7412
0.0070,0.0000,0.0000,0.0000,0.0068,0.0001,200,15.7482
0.0066,0.0000,0.0000,0.0000,0.0066,0.0000,200,15.7486
0.0073,0.0000,0.0000,0.0000,0.0072,0.0000,200,15.7487
0.0064,0.0000,0.0000,0.0000,0.0063,0.0000,200,15.7500
0.0068,0.0000,0.0000,0.0000,0.0067,0.0001,200,15.7552
0.0072,0.0000,0.0000,0.0000,0.0072,0.0001,200,15.7552
0.0065,0.0000,0.0000,0.0000,0.0065,0.0000,200,15.7560
0.0065,0.0000,0.0000,0.0000,0.0064,0.0000,200,15.7563
0.0073,0.0000,0.0000,0.0000,0.0071,0.0002,200,15.7620
0.0069,0.0000,0.0000,0.0000,0.0068,0.0001,200,15.7625
0.0073,0.0000,0.0000,0.0000,0.0071,0.0002,200,15.7625
0.0073,0.0000,0.0000,0.0000,0.0072,0.0001,200,15.7628
0.0072,0.0000,0.0000,0.0000,0.0071,0.0001,200,15.7694
0.0069,0.0000,0.0000,0.0000,0.0068,0.0000,200,15.7698
0.0075,0.0000,0.0000,0.0000,0.0074,0.0000,200,15.7693
0.0080,0.0000,0.0000,0.0000,0.0078,0.0001,200,15.7701
0.0075,0.0000,0.0000,0.0000,0.0074,0.0001,200,15.7766
0.0075,0.0000,0.0000,0.0000,0.0074,0.0001,200,15.7767
0.0081,0.0000,0.0000,0.0000,0.0081,0.0001,200,15.7769
0.0073,0.0000,0.0000,0.0000,0.0072,0.0000,200,15.7781
0.0074,0.0000,0.0000,0.0000,0.0072,0.0001,200,15.7841
0.0075,0.0000,0.0000,0.0000,0.0073,0.0001,200,15.7841
0.0070,0.0000,0.0000,0.0000,0.0069,0.0000,200,15.7850
0.0068,0.0000,0.0000,0.0000,0.0067,0.0000,200,15.7854
0.0074,0.0000,0.0000,0.0000,0.0072,0.0001,200,15.7915
0.0078,0.0000,0.0000,0.0000,0.0076,0.0000,200,15.7916
0.0085,0.0000,0.0000,0.0000,0.0084,0.0001,200,15.7920
0.0096,0.0000,0.0000,0.0000,0.0082,0.0001,200,15.7922
0.0077,0.0000,0.0000,0.0000,0.0075,0.0001,200,15.7989
0.0080,0.0000,0.0000,0.0000,0.0079,0.0000,200,15.7994
0.0070,0.0000,0.0000,0.0000,0.0070,0.0000,200,15.8005
0.0075,0.0000,0.0000,0.0000,0.0074,0.0001,200,15.8018
0.0071,0.0000,0.0000,0.0000,0.0070,0.0001,200,15.8065
0.0067,0.0000,0.0000,0.0000,0.0066,0.0001,200,15.8074
0.0109,0.0000,0.0000,0.0000,0.0108,0.0001,200,15.8075
0.0091,0.0000,0.0000,0.0000,0.0090,0.0001,200,15.8093
0.0071,0.0000,0.0000,0.0000,0.0070,0.0001,200,15.8137
0.0096,0.0000,0.0000,0.0000,0.0091,0.0004,200,15.8141
0.0081,0.0000,0.0000,0.0000,0.0080,0.0001,200,15.8184
0.0082,0.0000,0.0000,0.0000,0.0081,0.0000,200,15.8184
0.0071,0.0000,0.0000,0.0000,0.0070,0.0001,200,15.8208
0.0077,0.0000,0.0000,0.0000,0.0075,0.0001,200,15.8237
0.0068,0.0000,0.0000,0.0000,0.0067,0.0000,200,15.8265
0.0076,0.0000,0.0000,0.0000,0.0075,0.0000,200,15.8266
0.0071,0.0000,0.0000,0.0000,0.0070,0.0001,200,15.8279
0.0078,0.0000,0.0000,0.0000,0.0077,0.0001,200,15.8314
0.0081,0.0000,0.0000,0.0000,0.0080,0.0001,200,15.8333
0.0077,0.0000,0.0000,0.0000,0.0076,0.0000,200,15.8350
0.0095,0.0000,0.0000,0.0000,0.0093,0.0001,200,15.8342
0.0078,0.0000,0.0000,0.0000,0.0077,0.0001,200,15.8392
0.0074,0.0000,0.0000,0.0000,0.0073,0.0001,200,15.8414
0.0068,0.0000,0.0000,0.0000,0.0067,0.0001,200,15.8427
0.0069,0.0000,0.0000,0.0000,0.0068,0.0001,200,15.8437
0.0078,0.0000,0.0000,0.0000,0.0077,0.0001,200,15.8470
0.0072,0.0000,0.0000,0.0000,0.0071,0.0000,200,15.8488
0.0095,0.0000,0.0000,0.0000,0.0089,0.0005,200,15.8495
0.0084,0.0000,0.0000,0.0000,0.0084,0.0000,200,15.8506
0.0083,0.0000,0.0000,0.0000,0.0082,0.0001,200,15.8549
0.0089,0.0000,0.0000,0.0000,0.0088,0.0001,200,15.8560
0.0083,0.0000,0.0000,0.0000,0.0082,0.0001,200,15.8590
0.0088,0.0000,0.0000,0.0000,0.0087,0.0000,200,15.8589
0.0083,0.0000,0.0000,0.0000,0.0082,0.0001,200,15.8632
0.0073,0.0000,0.0000,0.0000,0.0072,0.0000,200,15.8650
0.0077,0.0000,0.0000,0.0000,0.0076,0.0000,200,15.8673
0.0073,0.0000,0.0000,0.0000,0.0070,0.0002,200,15.8678
0.0097,0.0000,0.0000,0.0000,0.0096,0.0001,200,15.8715
0.0092,0.0000,0.0000,0.0000,0.0091,0.0000,200,15.8723
0.0068,0.0000,0.0000,0.0000,0.0067,0.0000,200,15.8751
0.0080,0.0000,0.0000,0.0000,0.0079,0.0001,200,15.8750
0.0074,0.0000,0.0000,0.0000,0.0073,0.0001,200,15.8818
0.0079,0.0000,0.0000,0.0000,0.0078,0.0000,200,15.8815
0.0069,0.0000,0.0000,0.0000,0.0068,0.0000,200,15.8830
0.0094,0.0000,0.0000,0.0000,0.0093,0.0001,200,15.8812
0.0073,0.0000,0.0000,0.0000,0.0071,0.0001,200,15.8893
0.0073,0.0000,0.0000,0.0000,0.0072,0.0001,200,15.8894
0.0069,0.0000,0.0000,0.0000,0.0068,0.0000,200,15.8899
0.0068,0.0000,0.0000,0.0000,0.0067,0.0000,200,15.8906
0.0070,0.0000,0.0000,0.0000,0.0069,0.0001,200,15.8967
0.0072,0.0000,0.0000,0.0000,0.0071,0.0000,200,15.8965
0.0072,0.0000,0.0000,0.0000,0.0072,0.0000,200,15.8973
0.0081,0.0000,0.0000,0.0000,0.0081,0.0001,200,15.8968
0.0068,0.0000,0.0000,0.0000,0.0067,0.0001,200,15.9038
0.0069,0.0000,0.0000,0.0000,0.0068,0.0001,200,15.9037
0.0065,0.0000,0.0000,0.0000,0.0064,0.0000,200,15.9046
0.0068,0.0000,0.0000,0.0000,0.0067,0.0000,200,15.9049
0.0069,0.0000,0.0000,0.0000,0.0068,0.0001,200,15.9106
0.0072,0.0000,0.0000,0.0000,0.0071,0.0000,200,15.9106
0.0070,0.0000,0.0000,0.0000,0.0069,0.0000,200,15.9111
0.0066,0.0000,0.0000,0.0000,0.0065,0.0000,200,15.9117
0.0073,0.0000,0.0000,0.0000,0.0072,0.0000,200,15.9175
0.0068,0.0000,0.0000,0.0000,0.0067,0.0001,200,15.9180
0.0072,0.0000,0.0000,0.0000,0.0070,0.0001,200,15.9177
0.0074,0.0000,0.0000,0.0000,0.0073,0.0000,200,15.9183
0.0069,0.0000,0.0000,0.0000,0.0067,0.0001,200,15.9249
0.0069,0.0000,0.0000,0.0000,0.0069,0.0000,200,15.9249
0.0076,0.0000,0.0000,0.0000,0.0075,0.0000,200,15.9249
0.0068,0.0000,0.0000,0.0000,0.0067,0.0001,200,15.9256
0.0069,0.0000,0.0000,0.0000,0.0068,0.0001,200,15.9317
0.0067,0.0000,0.0000,0.0000,0.0067,0.0001,200,15.9318
0.0067,0.0000,0.0000,0.0000,0.0067,0.0000,200,15.9324
0.0068,0.0000,0.0000,0.0000,0.0067,0.0000,200,15.9324
0.0070,0.0000,0.0000,0.0000,0.0069,0.0001,200,15.9386
0.0075,0.0000,0.0000,0.0000,0.0073,0.0001,200,15.9386
0.0071,0.0000,0.0000,0.0000,0.0070,0.0000,200,15.9392
0.0077,0.0000,0.0000,0.0000,0.0077,0.0001,200,15.9391
0.0070,0.0000,0.0000,0.0000,0.0069,0.0001,200,15.9456
0.0066,0.0000,0.0000,0.0000,0.0064,0.0000,200,15.9460
0.0071,0.0000,0.0000,0.0000,0.0070,0.0001,200,15.9463
0.0067,0.0000,0.0000,0.0000,0.0066,0.0000,200,15.9469
0.0069,0.0000,0.0000,0.0000,0.0068,0.0001,200,15.9526
0.0069,0.0000,0.0000,0.0000,0.0068,0.0000,200,15.9526
0.0069,0.0000,0.0000,0.0000,0.0068,0.0000,200,15.9534
0.0071,0.0000,0.0000,0.0000,0.0070,0.0000,200,15.9536
0.0068,0.0000,0.0000,0.0000,0.0067,0.0001,200,15.9595
0.0071,0.0000,0.0000,0.0000,0.0070,0.0000,200,15.9595
0.0064,0.0000,0.0000,0.0000,0.0063,0.0000,200,15.9606
0.0067,0.0000,0.0000,0.0000,0.0067,0.0000,200,15.9603
0.0066,0.0000,0.0000,0.0000,0.0065,0.0001,200,15.9670
0.0073,0.0000,0.0000,0.0000,0.0072,0.0000,200,15.9663
0.0075,0.0000,0.0000,0.0000,0.0074,0.0001,200,15.9666
0.0074,0.0000,0.0000,0.0000,0.0073,0.0000,200,15.9670
0.0068,0.0000,0.0000,0.0000,0.0067,0.0001,200,15.9736
0.0068,0.0000,0.0000,0.0000,0.0068,0.0000,200,15.9736
0.0065,0.0000,0.0000,0.0000,0.0064,0.0000,200,15.9740
0.0065,0.0000,0.0000,0.0000,0.0064,0.0000,200,15.9744
0.0070,0.0000,0.0000,0.0000,0.0066,0.0003,200,15.9805
0.0071,0.0000,0.0000,0.0000,0.0070,0.0000,200,15.9805
0.0072,0.0000,0.0000,0.0000,0.0070,0.0001,200,15.9804
0.0067,0.0000,0.0000,0.0000,0.0066,0.0000,200,15.9809
0.0069,0.0000,0.0000,0.0000,0.0068,0.0001,200,15.9875
0.0073,0.0000,0.0000,0.0000,0.0072,0.0000,200,15.9875
0.0072,0.0000,0.0000,0.0000,0.0071,0.0000,200,15.9876
0.0073,0.0000,0.0000,0.0000,0.0072,0.0000,200,15.9876
0.0071,0.0000,0.0000,0.0000,0.0070,0.0001,200,15.9944
0.0068,0.0000,0.0000,0.0000,0.0067,0.0001,200,15.9948
0.0068,0.0000,0.0000,0.0000,0.0068,0.0000,200,15.9948
0.0069,0.0000,0.0000,0.0000,0.0069,0.0000,200,15.9949
0.0068,0.0000,0.0000,0.0000,0.0067,0.0001,200,16.0016
0.0069,0.0000,0.0000,0.0000,0.0068,0.0000,200,16.0016
0.0069,0.0000,0.0000,0.0000,0.0069,0.0000,200,16.0018
0.0073,0.0000,0.0000,0.0000,0.0072,0.0000,200,16.0016
0.0065,0.0000,0.0000,0.0000,0.0065,0.0000,200,16.0087
0.0068,0.0000,0.0000,0.0000,0.0065,0.0002,200,16.0085
0.0069,0.0000,0.0000,0.0000,0.0066,0.0002,200,16.0085
0.0071,0.0000,0.0000,0.0000,0.0071,0.0000,200,16.0088
0.0067,0.0000,0.0000,0.0000,0.0065,0.0001,200,16.0153
0.0067,0.0000,0.0000,0.0000,0.0067,0.0000,200,16.0153
0.0070,0.0000,0.0000,0.0000,0.0070,0.0000,200,16.0153
0.0065,0.0000,0.0000,0.0000,0.0065,0.0000,200,16.0160
0.0068,0.0000,0.0000,0.0000,0.0067,0.0001,200,16.0220
0.0065,0.0000,0.0000,0.0000,0.0064,0.0000,200,16.0224
0.0070,0.0000,0.0000,0.0000,0.0069,0.0000,200,16.0219
0.0066,0.0000,0.0000,0.0000,0.0065,0.0000,200,16.0225
0.0068,0.0000,0.0000,0.0000,0.0067,0.0001,200,16.0289
0.0071,0.0000,0.0000,0.0000,0.0070,0.0000,200,16.0288
0.0068,0.0000,0.0000,0.0000,0.0067,0.0001,200,16.0291
0.0087,0.0000,0.0000,0.0000,0.0086,0.0001,200,16.0288
0.0071,0.0000,0.0000,0.0000,0.0069,0.0001,200,16.0357
0.0073,0.0000,0.0000,0.0001,0.0070,0.0001,200,16.0359
0.0082,0.0000,0.0000,0.0003,0.0078,0.0001,200,16.0359
0.0066,0.0000,0.0000,0.0000,0.0065,0.0000,200,16.0375
0.0071,0.0000,0.0000,0.0000,0.0069,0.0001,200,16.0428
0.0068,0.0000,0.0000,0.0000,0.0068,0.0000,200,16.0433
0.0066,0.0000,0.0000,0.0000,0.0065,0.0000,200,16.0441
0.0067,0.0000,0.0000,0.0000,0.0066,0.0000,200,16.0440
0.0073,0.0000,0.0000,0.0000,0.0072,0.0000,200,16.0498
0.0064,0.0000,0.0000,0.0000,0.0064,0.0000,200,16.0508
0.0071,0.0000,0.0000,0.0000,0.0070,0.0001,200,16.0501
0.0065,0.0000,0.0000,0.0000,0.0065,0.0000,200,16.0507
0.0067,0.0000,0.0000,0.0000,0.0066,0.0001,200,16.0572
0.0068,0.0000,0.0000,0.0000,0.0067,0.0000,200,16.0572
0.0072,0.0000,0.0000,0.0000,0.0071,0.0000,200,16.0572
0.0072,0.0000,0.0000,0.0000,0.0071,0.0000,200,16.0572
0.0068,0.0000,0.0000,0.0000,0.0067,0.0001,200,16.0639
0.0068,0.0000,0.0000,0.0000,0.0068,0.0000,200,16.0639
0.0065,0.0000,0.0000,0.0000,0.0065,0.0000,200,16.0644
0.0076,0.0000,0.0000,0.0000,0.0075,0.0001,200,16.0644
0.0067,0.0000,0.0000,0.0000,0.0066,0.0001,200,16.0708
0.0068,0.0000,0.0000,0.0000,0.0067,0.0000,200,16.0707
0.0069,0.0000,0.0000,0.0000,0.0068,0.0000,200,16.0709
0.0067,0.0000,0.0000,0.0000,0.0066,0.0001,200,16.0720
0.0070,0.0000,0.0000,0.0000,0.0069,0.0001,200,16.0775
0.0072,0.0000,0.0000,0.0000,0.0070,0.0001,200,16.0775
0.0072,0.0000,0.0000,0.0000,0.0071,0.0000,200,16.0778
0.0111,0.0000,0.0000,0.0000,0.0110,0.0001,200,16.0787
0.0071,0.0000,0.0000,0.0000,0.0070,0.0001,200,16.0845
0.0068,0.0000,0.0000,0.0000,0.0067,0.0000,200,16.0850
0.0074,0.0000,0.0000,0.0001,0.0072,0.0000,200,16.0847
0.0066,0.0000,0.0000,0.0000,0.0065,0.0001,200,16.0898
0.0067,0.0000,0.0000,0.0000,0.0066,0.0001,200,16.0918
0.0069,0.0000,0.0000,0.0000,0.0068,0.0000,200,16.0917
0.0072,0.0000,0.0000,0.0000,0.0071,0.0000,200,16.0921
0.0065,0.0000,0.0000,0.0000,0.0064,0.0001,200,16.0964
0.0068,0.0000,0.0000,0.0000,0.0067,0.0000,200,16.0984
0.0068,0.0000,0.0000,0.0000,0.0067,0.0000,200,16.0985
0.0067,0.0000,0.0000,0.0000,0.0065,0.0001,200,16.0992
0.0065,0.0000,0.0000,0.0000,0.0064,0.0001,200,16.1029
0.0066,0.0000,0.0000,0.0000,0.0065,0.0000,200,16.1053
0.0067,0.0000,0.0000,0.0000,0.0066,0.0000,200,16.1052
0.0067,0.0000,0.0000,0.0000,0.0067,0.0000,200,16.1059
0.0065,0.0000,0.0000,0.0000,0.0064,0.0001,200,16.1094
0.0066,0.0000,0.0000,0.0000,0.0065,0.0001,200,16.1119
0.0067,0.0000,0.0000,0.0000,0.0067,0.0000,200,16.1119
0.0069,0.0000,0.0000,0.0000,0.0068,0.0000,200,16.1126
0.0065,0.0000,0.0000,0.0000,0.0064,0.0000,200,16.1159
0.0066,0.0000,0.0000,0.0000,0.0066,0.0001,200,16.1186
0.0068,0.0000,0.0000,0.0000,0.0067,0.0000,200,16.1185
0.0063,0.0000,0.0000,0.0000,0.0063,0.0000,200,16.1196
0.0065,0.0000,0.0000,0.0000,0.0064,0.0001,200,16.1224
0.0065,0.0000,0.0000,0.0000,0.0065,0.0000,200,16.1253
0.0065,0.0000,0.0000,0.0000,0.0064,0.0001,200,16.1253
0.0062,0.0000,0.0000,0.0000,0.0062,0.0000,200,16.1259
0.0066,0.0000,0.0000,0.0000,0.0065,0.0001,200,16.1289
0.0066,0.0000,0.0000,0.0000,0.0065,0.0001,200,16.1318
0.0067,0.0000,0.0000,0.0000,0.0066,0.0000,200,16.1318
0.0065,0.0000,0.0000,0.0000,0.0065,0.0000,200,16.1321
0.0067,0.0000,0.0000,0.0000,0.0067,0.0001,200,16.1355
0.0065,0.0000,0.0000,0.0000,0.0064,0.0001,200,16.1385
0.0067,0.0000,0.0000,0.0000,0.0066,0.0000,200,16.1383
0.0072,0.0000,0.0000,0.0000,0.0071,0.0001,200,16.1387
0.0069,0.0000,0.0000,0.0000,0.0068,0.0001,200,16.1422
0.0068,0.0000,0.0000,0.0000,0.0067,0.0001,200,16.1450
0.0069,0.0000,0.0000,0.0000,0.0068,0.0000,200,16.1450
0.0073,0.0000,0.0000,0.0000,0.0072,0.0001,200,16.1459
0.0064,0.0000,0.0000,0.0000,0.0063,0.0000,200,16.1492
0.0069,0.0000,0.0000,0.0000,0.0068,0.0001,200,16.1518
0.0069,0.0000,0.0000,0.0000,0.0068,0.0000,200,16.1519
0.0065,0.0000,0.0000,0.0000,0.0064,0.0000,200,16.1532
0.0064,0.0000,0.0000,0.0000,0.0063,0.0001,200,16.1555
0.0066,0.0000,0.0000,0.0000,0.0065,0.0000,200,16.1587
0.0070,0.0000,0.0000,0.0000,0.0070,0.0000,200,16.1587
0.0066,0.0000,0.0000,0.0000,0.0065,0.0000,200,16.1597
0.0064,0.0000,0.0000,0.0000,0.0063,0.0000,200,16.1619
0.0067,0.0000,0.0000,0.0000,0.0066,0.0001,200,16.1653
0.0066,0.0000,0.0000,0.0000,0.0065,0.0001,200,16.1658
0.0062,0.0000,0.0000,0.0000,0.0061,0.0000,200,16.1663
0.0073,0.0000,0.0000,0.0000,0.0067,0.0005,200,16.1683
0.0069,0.0000,0.0000,0.0000,0.0068,0.0001,200,16.1720
0.0066,0.0000,0.0000,0.0000,0.0066,0.0000,200,16.1725
0.0069,0.0000,0.0000,0.0000,0.0069,0.0000,200,16.1723
0.0066,0.0000,0.0000,0.0000,0.0065,0.0001,200,16.1755
0.0065,0.0000,0.0000,0.0000,0.0065,0.0001,200,16.1791
0.0067,0.0000,0.0000,0.0001,0.0065,0.0000,200,16.1790
0.0072,0.0000,0.0000,0.0000,0.0072,0.0000,200,16.1793
0.0063,0.0000,0.0000,0.0000,0.0062,0.0000,200,16.1821
0.0066,0.0000,0.0000,0.0000,0.0065,0.0001,200,16.1857
0.0067,0.0000,0.0000,0.0000,0.0066,0.0001,200,16.1856
0.0064,0.0000,0.0000,0.0000,0.0063,0.0001,200,16.1865
0.0063,0.0000,0.0000,0.0000,0.0062,0.0000,200,16.1885
0.0067,0.0000,0.0000,0.0000,0.0066,0.0001,200,16.1923
0.0067,0.0000,0.0000,0.0000,0.0066,0.0000,200,16.1923
0.0067,0.0000,0.0000,0.0000,0.0063,0.0000,200,16.1929
0.0064,0.0000,0.0000,0.0000,0.0063,0.0001,200,16.1947
0.0068,0.0000,0.0000,0.0000,0.0067,0.0001,200,16.1989
0.0070,0.0000,0.0000,0.0000,0.0069,0.0000,200,16.1990
0.0064,0.0000,0.0000,0.0000,0.0064,0.0000,200,16.1996
0.0065,0.0000,0.0000,0.0000,0.0064,0.0000,200,16.2011
0.0071,0.0000,0.0000,0.0000,0.0070,0.0001,200,16.2060
0.0072,0.0000,0.0000,0.0000,0.0071,0.0001,200,16.2059
0.0074,0.0000,0.0000,0.0000,0.0073,0.0001,200,16.2057
0.0065,0.0000,0.0000,0.0000,0.0064,0.0001,200,16.2077
0.0067,0.0000,0.0000,0.0000,0.0065,0.0001,200,16.2131
0.0070,0.0000,0.0000,0.0000,0.0070,0.0000,200,16.2131
0.0072,0.0000,0.0000,0.0000,0.0071,0.0001,200,16.2131
0.0064,0.0000,0.0000,0.0000,0.0063,0.0000,200,16.2141
0.0065,0.0000,0.0000,0.0000,0.0064,0.0001,200,16.2203
0.0071,0.0000,0.0000,0.0000,0.0070,0.0000,200,16.2198
0.0068,0.0000,0.0000,0.0000,0.0067,0.0000,200,16.2202
0.0065,0.0000,0.0000,0.0000,0.0064,0.0000,200,16.2205
0.0068,0.0000,0.0000,0.0000,0.0066,0.0001,200,16.2268
0.0068,0.0000,0.0000,0.0000,0.0068,0.0000,200,16.2269
0.0072,0.0000,0.0000,0.0000,0.0071,0.0000,200,16.2269
0.0073,0.0000,0.0000,0.0000,0.0072,0.0000,200,16.2270
0.0067,0.0000,0.0000,0.0000,0.0066,0.0001,200,16.2336
0.0066,0.0000,0.0000,0.0000,0.0065,0.0000,200,16.2337
0.0066,0.0000,0.0000,0.0000,0.0065,0.0000,200,16.2341
0.0074,0.0000,0.0000,0.0000,0.0074,0.0000,200,16.2342
0.0066,0.0000,0.0000,0.0000,0.0065,0.0001,200,16.2403
0.0067,0.0000,0.0000,0.0000,0.0066,0.0000,200,16.2403
0.0066,0.0000,0.0000,0.0000,0.0066,0.0000,200,16.2407
0.0065,0.0000,0.0000,0.0000,0.0064,0.0000,200,16.2417
0.0064,0.0000,0.0000,0.0000,0.0064,0.0001,200,16.2474
0.0069,0.0000,0.0000,0.0000,0.0068,0.0001,200,16.2469
0.0070,0.0000,0.0000,0.0000,0.0069,0.0000,200,16.2470
0.0073,0.0000,0.0000,0.0000,0.0072,0.0001,200,16.2482
0.0067,0.0000,0.0000,0.0000,0.0066,0.0001,200,16.2538
0.0068,0.0000,0.0000,0.0000,0.0067,0.0000,200,16.2538
0.0074,0.0000,0.0000,0.0000,0.0073,0.0001,200,16.2539
0.0064,0.0000,0.0000,0.0000,0.0063,0.0001,200,16.2554
0.0068,0.0000,0.0000,0.0000,0.0066,0.0001,200,16.2605
0.0067,0.0000,0.0000,0.0000,0.0067,0.0000,200,16.2607
0.0065,0.0000,0.0000,0.0000,0.0065,0.0000,200,16.2613
0.0067,0.0000,0.0000,0.0000,0.0066,0.0001,200,16.2618
0.0069,0.0000,0.0000,0.0000,0.0067,0.0001,200,16.2673
0.0065,0.0000,0.0000,0.0000,0.0065,0.0000,200,16.2679
0.0072,0.0000,0.0000,0.0000,0.0071,0.0000,200,16.2674
0.0087,0.0000,0.0000,0.0000,0.0086,0.0001,200,16.2686
0.0071,0.0000,0.0000,0.0000,0.0070,0.0001,200,16.2744
0.0075,0.0000,0.0000,0.0000,0.0074,0.0000,200,16.2742
0.0103,0.0000,0.0000,0.0000,0.0102,0.0000,200,16.2746
0.0077,0.0000,0.0000,0.0000,0.0077,0.0000,200,16.2773
0.0072,0.0000,0.0000,0.0000,0.0071,0.0000,200,16.2815
0.0070,0.0000,0.0000,0.0000,0.0068,0.0003,200,16.2817
0.0072,0.0000,0.0000,0.0000,0.0071,0.0001,200,16.2850
0.0073,0.0000,0.0000,0.0000,0.0072,0.0001,200,16.2849
0.0100,0.0000,0.0000,0.0000,0.0071,0.0029,200,16.2886
0.0099,0.0000,0.0000,0.0000,0.0073,0.0026,200,16.2888
0.0077,0.0000,0.0000,0.0000,0.0076,0.0000,200,16.2922
0.0077,0.0000,0.0000,0.0000,0.0076,0.0000,200,16.2922
0.0080,0.0000,0.0000,0.0010,0.0069,0.0001,200,16.2987
0.0080,0.0000,0.0000,0.0009,0.0071,0.0000,200,16.2987
0.0083,0.0000,0.0000,0.0000,0.0081,0.0001,200,16.2999
0.0083,0.0000,0.0000,0.0000,0.0082,0.0001,200,16.2999
0.0078,0.0000,0.0000,0.0000,0.0077,0.0001,200,16.3067
0.0070,0.0000,0.0000,0.0001,0.0067,0.0001,200,16.3082
0.0075,0.0000,0.0000,0.0000,0.0074,0.0000,200,16.3081
0.0093,0.0000,0.0000,0.0000,0.0091,0.0002,200,16.3067
0.0075,0.0000,0.0000,0.0000,0.0074,0.0001,200,16.3145
0.0076,0.0000,0.0000,0.0000,0.0075,0.0001,200,16.3151
0.0072,0.0000,0.0000,0.0000,0.0071,0.0001,200,16.3156
0.0083,0.0000,0.0000,0.0000,0.0082,0.0001,200,16.3160
0.0081,0.0000,0.0000,0.0000,0.0080,0.0001,200,16.3220
0.0073,0.0000,0.0000,0.0003,0.0070,0.0000,200,16.3228
0.0074,0.0000,0.0000,0.0000,0.0074,0.0000,200,16.3228
0.0070,0.0000,0.0000,0.0000,0.0069,0.0001,200,16.3243
0.0070,0.0000,0.0000,0.0000,0.0069,0.0001,200,16.3301
0.0072,0.0000,0.0000,0.0000,0.0071,0.0000,200,16.3302
0.0077,0.0000,0.0000,0.0000,0.0077,0.0000,200,16.3301
0.0065,0.0000,0.0000,0.0000,0.0065,0.0000,200,16.3313
0.0069,0.0000,0.0000,0.0000,0.0068,0.0001,200,16.3371
0.0066,0.0000,0.0000,0.0000,0.0065,0.0000,200,16.3374
0.0065,0.0000,0.0000,0.0000,0.0064,0.0000,200,16.3379
0.0071,0.0000,0.0000,0.0000,0.0071,0.0000,200,16.3378
0.0070,0.0000,0.0000,0.0000,0.0069,0.0001,200,16.3440
0.0070,0.0000,0.0000,0.0000,0.0069,0.0001,200,16.3440
0.0065,0.0000,0.0000,0.0000,0.0064,0.0000,200,16.3450
0.0075,0.0000,0.0000,0.0000,0.0074,0.0000,200,16.3444
0.0069,0.0000,0.0000,0.0000,0.0068,0.0001,200,16.3510
0.0066,0.0000,0.0000,0.0000,0.0065,0.0000,200,16.3515
0.0073,0.0000,0.0000,0.0000,0.0072,0.0000,200,16.3519
0.0084,0.0000,0.0000,0.0000,0.0082,0.0000,200,16.3510
0.0068,0.0000,0.0000,0.0000,0.0067,0.0001,200,16.3579
0.0066,0.0000,0.0000,0.0000,0.0065,0.0000,200,16.3580
0.0065,0.0000,0.0000,0.0000,0.0064,0.0001,200,16.3592
0.0063,0.0000,0.0000,0.0000,0.0062,0.0000,200,16.3594
0.0068,0.0000,0.0000,0.0000,0.0067,0.0000,200,16.3646
0.0069,0.0000,0.0000,0.0000,0.0067,0.0001,200,16.3646
0.0065,0.0000,0.0000,0.0000,0.0063,0.0001,200,16.3656
0.0072,0.0000,0.0000,0.0000,0.0071,0.0001,200,16.3657
0.0066,0.0000,0.0000,0.0000,0.0065,0.0001,200,16.3714
0.0066,0.0000,0.0000,0.0000,0.0065,0.0000,200,16.3715
0.0067,0.0000,0.0000,0.0000,0.0066,0.0000,200,16.3722
0.0065,0.0000,0.0000,0.0000,0.0064,0.0000,200,16.3729
0.0068,0.0000,0.0000,0.0000,0.0067,0.0001,200,16.3780
0.0069,0.0000,0.0000,0.0000,0.0068,0.0000,200,16.3781
0.0066,0.0000,0.0000,0.0000,0.0065,0.0000,200,16.3789
0.0065,0.0000,0.0000,0.0000,0.0064,0.0000,200,16.3794
0.0068,0.0000,0.0000,0.0000,0.0066,0.0001,200,16.3848
0.0070,0.0000,0.0000,0.0000,0.0069,0.0000,200,16.3850
0.0068,0.0000,0.0000,0.0000,0.0066,0.0001,200,16.3854
0.0064,0.0000,0.0000,0.0000,0.0063,0.0000,200,16.3859
0.0068,0.0000,0.0000,0.0000,0.0067,0.0001,200,16.3922
0.0071,0.0000,0.0000,0.0000,0.0070,0.0001,200,16.3919
0.0075,0.0000,0.0000,0.0000,0.0073,0.0001,200,16.3916
0.0069,0.0000,0.0000,0.0000,0.0068,0.0000,200,16.3923
0.0066,0.0000,0.0000,0.0000,0.0065,0.0000,200,16.3991
0.0067,0.0000,0.0000,0.0000,0.0066,0.0000,200,16.3991
0.0070,0.0000,0.0000,0.0000,0.0069,0.0001,200,16.3991
0.0070,0.0000,0.0000,0.0000,0.0070,0.0000,200,16.3992
0.0065,0.0000,0.0000,0.0000,0.0064,0.0001,200,16.4057
0.0065,0.0000,0.0000,0.0000,0.0064,0.0000,200,16.4057
0.0063,0.0000,0.0000,0.0000,0.0062,0.0000,200,16.4061
0.0074,0.0000,0.0000,0.0000,0.0073,0.0001,200,16.4062
0.0066,0.0000,0.0000,0.0000,0.0065,0.0001,200,16.4122
0.0067,0.0000,0.0000,0.0000,0.0066,0.0000,200,16.4122
0.0068,0.0000,0.0000,0.0000,0.0067,0.0000,200,16.4124
0.0065,0.0000,0.0000,0.0000,0.0064,0.0001,200,16.4136
0.0066,0.0000,0.0000,0.0000,0.0065,0.0001,200,16.4189
0.0064,0.0000,0.0000,0.0000,0.0064,0.0000,200,16.4192
0.0068,0.0000,0.0000,0.0000,0.0067,0.0000,200,16.4188
0.0063,0.0000,0.0000,0.0000,0.0063,0.0000,200,16.4201
0.0067,0.0000,0.0000,0.0000,0.0066,0.0001,200,16.4256
0.0069,0.0000,0.0000,0.0000,0.0069,0.0000,200,16.4255
0.0065,0.0000,0.0000,0.0000,0.0064,0.0000,200,16.4265
0.0082,0.0000,0.0000,0.0000,0.0075,0.0007,200,16.4256
0.0071,0.0000,0.0000,0.0000,0.0069,0.0001,200,16.4323
0.0069,0.0000,0.0000,0.0000,0.0068,0.0001,200,16.4330
0.0083,0.0000,0.0000,0.0000,0.0081,0.0001,200,16.4324
0.0118,0.0000,0.0000,0.0000,0.0117,0.0001,200,16.4338
0.0077,0.0000,0.0000,0.0000,0.0075,0.0001,200,16.4394
0.0073,0.0000,0.0000,0.0000,0.0072,0.0000,200,16.4399
0.0077,0.0000,0.0000,0.0000,0.0076,0.0000,200,16.4407
0.0069,0.0000,0.0000,0.0000,0.0068,0.0001,200,16.4456
0.0070,0.0000,0.0000,0.0000,0.0067,0.0002,200,16.4472
0.0078,0.0000,0.0000,0.0000,0.0077,0.0000,200,16.4470
0.0068,0.0000,0.0000,0.0000,0.0067,0.0000,200,16.4484
0.0080,0.0000,0.0000,0.0000,0.0079,0.0001,200,16.4526
0.0076,0.0000,0.0000,0.0000,0.0075,0.0001,200,16.4549
0.0073,0.0000,0.0000,0.0000,0.0073,0.0000,200,16.4552
0.0083,0.0000,0.0000,0.0000,0.0082,0.0000,200,16.4543
0.0072,0.0000,0.0000,0.0000,0.0071,0.0001,200,16.4606
0.0067,0.0000,0.0000,0.0000,0.0066,0.0001,200,16.4626
0.0070,0.0000,0.0000,0.0000,0.0069,0.0000,200,16.4625
0.0106,0.0000,0.0000,0.0000,0.0105,0.0001,200,16.4625
0.0072,0.0000,0.0000,0.0000,0.0070,0.0002,200,16.4678
0.0067,0.0000,0.0000,0.0000,0.0067,0.0000,200,16.4694
0.0069,0.0000,0.0000,0.0000,0.0067,0.0001,200,16.4693
0.0071,0.0000,0.0000,0.0000,0.0070,0.0001,200,16.4732
0.0071,0.0000,0.0000,0.0000,0.0070,0.0001,200,16.4750
0.0068,0.0000,0.0000,0.0000,0.0067,0.0000,200,16.4761
0.0068,0.0000,0.0000,0.0000,0.0068,0.0000,200,16.4761
0.0069,0.0000,0.0000,0.0000,0.0068,0.0001,200,16.4803
0.0067,0.0000,0.0000,0.0000,0.0066,0.0000,200,16.4820
0.0067,0.0000,0.0000,0.0000,0.0066,0.0000,200,16.4830
0.0074,0.0000,0.0000,0.0000,0.0073,0.0000,200,16.4829
0.0069,0.0000,0.0000,0.0000,0.0068,0.0001,200,16.4872
0.0068,0.0000,0.0000,0.0000,0.0068,0.0000,200,16.4888
0.0095,0.0000,0.0000,0.0000,0.0094,0.0001,200,16.4897
0.0090,0.0000,0.0000,0.0000,0.0090,0.0000,200,16.4903
0.0066,0.0000,0.0000,0.0000,0.0065,0.0001,200,16.4941
0.0082,0.0000,0.0000,0.0000,0.0081,0.0001,200,16.4956
0.0066,0.0000,0.0000,0.0000,0.0065,0.0001,200,16.4993
0.0068,0.0000,0.0000,0.0000,0.0067,0.0000,200,16.4992
0.0063,0.0000,0.0000,0.0000,0.0062,0.0000,200,16.5007
0.0066,0.0000,0.0000,0.0000,0.0065,0.0000,200,16.5038
0.0065,0.0000,0.0000,0.0000,0.0065,0.0000,200,16.5060
0.0067,0.0000,0.0000,0.0000,0.0066,0.0000,200,16.5059
0.0064,0.0000,0.0000,0.0000,0.0063,0.0000,200,16.5070
0.0063,0.0000,0.0000,0.0000,0.0063,0.0000,200,16.5104
0.0065,0.0000,0.0000,0.0000,0.0064,0.0001,200,16.5126
0.0066,0.0000,0.0000,0.0000,0.0065,0.0001,200,16.5125
0.0062,0.0000,0.0000,0.0000,0.0062,0.0001,200,16.5134
0.0065,0.0000,0.0000,0.0000,0.0064,0.0000,200,16.5167
0.0065,0.0000,0.0000,0.0000,0.0064,0.0001,200,16.5191
0.0064,0.0000,0.0000,0.0000,0.0063,0.0001,200,16.5196
0.0069,0.0000,0.0000,0.0000,0.0069,0.0000,200,16.5191
0.0065,0.0000,0.0000,0.0000,0.0065,0.0000,200,16.5233
0.0067,0.0000,0.0000,0.0000,0.0066,0.0001,200,16.5256
0.0063,0.0000,0.0000,0.0000,0.0062,0.0000,200,16.5260
0.0066,0.0000,0.0000,0.0000,0.0066,0.0000,200,16.5260
0.0065,0.0000,0.0000,0.0000,0.0064,0.0000,200,16.5298
0.0069,0.0000,0.0000,0.0004,0.0064,0.0001,200,16.5323
0.0063,0.0000,0.0000,0.0000,0.0063,0.0000,200,16.5363
0.0122,0.0000,0.0000,0.0000,0.0121,0.0001,200,16.5323
0.0120,0.0000,0.0000,0.0000,0.0120,0.0000,200,16.5327
0.0065,0.0000,0.0000,0.0000,0.0064,0.0000,200,16.5392
0.0063,0.0000,0.0000,0.0000,0.0062,0.0000,200,16.5426
0.0065,0.0000,0.0000,0.0000,0.0064,0.0001,200,16.5445
0.0062,0.0000,0.0000,0.0000,0.0062,0.0000,200,16.5457
0.0070,0.0000,0.0000,0.0000,0.0069,0.0001,200,16.5489
0.0120,0.0000,0.0000,0.0000,0.0119,0.0000,200,16.5446
0.0063,0.0000,0.0000,0.0000,0.0062,0.0000,200,16.5519
0.0112,0.0000,0.0000,0.0000,0.0110,0.0001,200,16.5511
0.0066,0.0000,0.0000,0.0001,0.0065,0.0000,200,16.5559
0.0064,0.0000,0.0000,0.0000,0.0064,0.0000,200,16.5582
0.0109,0.0000,0.0000,0.0000,0.0108,0.0000,200,16.5566
0.0064,0.0000,0.0000,0.0000,0.0063,0.0000,200,16.5622
0.0066,0.0000,0.0000,0.0000,0.0065,0.0001,200,16.5647
0.0106,0.0000,0.0000,0.0000,0.0105,0.0001,200,16.5626
0.0063,0.0000,0.0000,0.0000,0.0062,0.0000,200,16.5686
0.0067,0.0000,0.0000,0.0000,0.0066,0.0001,200,16.5713
0.0114,0.0000,0.0000,0.0000,0.0113,0.0000,200,16.5675
0.0062,0.0000,0.0000,0.0000,0.0061,0.0000,200,16.5749
0.0115,0.0000,0.0000,0.0000,0.0114,0.0001,200,16.5732
0.0067,0.0000,0.0000,0.0000,0.0066,0.0000,200,16.5780
0.0067,0.0000,0.0000,0.0000,0.0066,0.0001,200,16.5811
0.0110,0.0000,0.0000,0.0000,0.0109,0.0001,200,16.5789
0.0063,0.0000,0.0000,0.0000,0.0062,0.0000,200,16.5847
0.0065,0.0000,0.0000,0.0000,0.0064,0.0000,200,16.5878
0.0109,0.0000,0.0000,0.0000,0.0108,0.0001,200,16.5847
0.0063,0.0000,0.0000,0.0000,0.0063,0.0000,200,16.5910
0.0065,0.0000,0.0000,0.0000,0.0064,0.0001,200,16.5943
0.0114,0.0000,0.0000,0.0000,0.0113,0.0000,200,16.5899
0.0064,0.0000,0.0000,0.0000,0.0063,0.0001,200,16.5973
0.0116,0.0000,0.0000,0.0000,0.0114,0.0001,200,16.5956
0.0068,0.0000,0.0000,0.0000,0.0067,0.0000,200,16.6007
0.0064,0.0000,0.0000,0.0000,0.0063,0.0000,200,16.6037
0.0114,0.0000,0.0000,0.0000,0.0113,0.0001,200,16.6013
0.0065,0.0000,0.0000,0.0000,0.0064,0.0000,200,16.6072
0.0063,0.0000,0.0000,0.0000,0.0062,0.0000,200,16.6101
0.0106,0.0000,0.0000,0.0000,0.0106,0.0000,200,16.6075
0.0064,0.0000,0.0000,0.0000,0.0063,0.0001,200,16.6136
0.0067,0.0000,0.0000,0.0000,0.0066,0.0001,200,16.6164
0.0064,0.0000,0.0000,0.0000,0.0063,0.0000,200,16.6200
0.0161,0.0000,0.0000,0.0000,0.0160,0.0001,200,16.6127
0.0109,0.0000,0.0000,0.0000,0.0108,0.0000,200,16.6181
0.0065,0.0000,0.0000,0.0000,0.0065,0.0000,200,16.6231
0.0066,0.0000,0.0000,0.0000,0.0065,0.0001,200,16.6264
0.0066,0.0000,0.0000,0.0000,0.0065,0.0001,200,16.6290
0.0063,0.0000,0.0000,0.0000,0.0062,0.0001,200,16.6296
0.0066,0.0000,0.0000,0.0000,0.0065,0.0000,200,16.6330
0.0125,0.0000,0.0000,0.0000,0.0124,0.0000,200,16.6288
0.0065,0.0000,0.0000,0.0000,0.0064,0.0001,200,16.6356
0.0065,0.0000,0.0000,0.0000,0.0064,0.0000,200,16.6396
0.0108,0.0000,0.0000,0.0000,0.0108,0.0000,200,16.6359
0.0064,0.0000,0.0000,0.0000,0.0063,0.0001,200,16.6421
0.0111,0.0000,0.0000,0.0000,0.0110,0.0001,200,16.6413
0.0064,0.0000,0.0000,0.0000,0.0063,0.0000,200,16.6460
0.0064,0.0000,0.0000,0.0000,0.0063,0.0001,200,16.6485
0.0111,0.0000,0.0000,0.0000,0.0110,0.0000,200,16.6467
0.0063,0.0000,0.0000,0.0000,0.0062,0.0000,200,16.6524
0.0063,0.0000,0.0000,0.0000,0.0062,0.0000,200,16.6550
0.0109,0.0000,0.0000,0.0000,0.0108,0.0000,200,16.6524
0.0063,0.0000,0.0000,0.0000,0.0062,0.0001,200,16.6587
0.0064,0.0000,0.0000,0.0000,0.0063,0.0000,200,16.6613
0.0110,0.0000,0.0000,0.0000,0.0109,0.0000,200,16.6578
0.0063,0.0000,0.0000,0.0000,0.0062,0.0000,200,16.6650
0.0065,0.0000,0.0000,0.0000,0.0064,0.0001,200,16.6677
0.0110,0.0000,0.0000,0.0000,0.0110,0.0000,200,16.6633
0.0065,0.0000,0.0000,0.0000,0.0064,0.0001,200,16.6713
0.0118,0.0000,0.0000,0.0000,0.0117,0.0001,200,16.6688
0.0064,0.0000,0.0000,0.0000,0.0063,0.0001,200,16.6744
0.0065,0.0000,0.0000,0.0000,0.0064,0.0001,200,16.6778
0.0113,0.0000,0.0000,0.0000,0.0112,0.0001,200,16.6742
0.0064,0.0000,0.0000,0.0000,0.0063,0.0001,200,16.6806
0.0066,0.0000,0.0000,0.0000,0.0066,0.0000,200,16.6843
0.0103,0.0000,0.0000,0.0000,0.0103,0.0000,200,16.6807
0.0064,0.0000,0.0000,0.0000,0.0063,0.0000,200,16.6870
0.0063,0.0000,0.0000,0.0000,0.0062,0.0001,200,16.6911
0.0064,0.0000,0.0000,0.0000,0.0063,0.0000,200,16.6934
0.0166,0.0000,0.0000,0.0000,0.0165,0.0001,200,16.6854
0.0112,0.0000,0.0000,0.0000,0.0111,0.0000,200,16.6909
0.0065,0.0000,0.0000,0.0000,0.0064,0.0000,200,16.6974
0.0063,0.0000,0.0000,0.0000,0.0062,0.0000,200,16.6997
0.0064,0.0000,0.0000,0.0000,0.0063,0.0001,200,16.7022
0.0063,0.0000,0.0000,0.0000,0.0062,0.0000,200,16.7039
0.0063,0.0000,0.0000,0.0000,0.0063,0.0000,200,16.7060
0.0121,0.0000,0.0000,0.0000,0.0120,0.0001,200,16.7021
0.0063,0.0000,0.0000,0.0000,0.0062,0.0001,200,16.7101
0.0063,0.0000,0.0000,0.0000,0.0062,0.0000,200,16.7124
0.0111,0.0000,0.0000,0.0000,0.0110,0.0000,200,16.7085
0.0064,0.0000,0.0000,0.0000,0.0063,0.0001,200,16.7164
0.0062,0.0000,0.0000,0.0000,0.0062,0.0000,200,16.7186
0.0111,0.0000,0.0000,0.0000,0.0110,0.0000,200,16.7142
0.0065,0.0000,0.0000,0.0000,0.0064,0.0001,200,16.7228
0.0118,0.0000,0.0000,0.0000,0.0117,0.0000,200,16.7196
0.0065,0.0000,0.0000,0.0000,0.0064,0.0000,200,16.7249
0.0064,0.0000,0.0000,0.0000,0.0063,0.0001,200,16.7292
0.0115,0.0000,0.0000,0.0000,0.0115,0.0000,200,16.7253
0.0063,0.0000,0.0000,0.0000,0.0063,0.0000,200,16.7314
0.0065,0.0000,0.0000,0.0000,0.0064,0.0001,200,16.7356
0.0110,0.0000,0.0000,0.0000,0.0109,0.0000,200,16.7314
0.0062,0.0000,0.0000,0.0000,0.0061,0.0000,200,16.7377
0.0111,0.0000,0.0000,0.0000,0.0110,0.0001,200,16.7369
0.0063,0.0000,0.0000,0.0000,0.0062,0.0000,200,16.7424
0.0063,0.0000,0.0000,0.0000,0.0062,0.0000,200,16.7439
0.0114,0.0000,0.0000,0.0000,0.0113,0.0001,200,16.7422
0.0065,0.0000,0.0000,0.0000,0.0064,0.0000,200,16.7487
0.0063,0.0000,0.0000,0.0000,0.0063,0.0000,200,16.7502
0.0110,0.0000,0.0000,0.0000,0.0109,0.0000,200,16.7480
0.0063,0.0000,0.0000,0.0000,0.0063,0.0000,200,16.7552
0.0063,0.0000,0.0000,0.0000,0.0062,0.0001,200,16.7566
0.0109,0.0000,0.0000,0.0000,0.0108,0.0000,200,16.7535
0.0064,0.0000,0.0000,0.0000,0.0063,0.0001,200,16.7615
0.0063,0.0000,0.0000,0.0000,0.0062,0.0000,200,16.7629
0.0111,0.0000,0.0000,0.0000,0.0110,0.0001,200,16.7590
0.0067,0.0000,0.0000,0.0000,0.0066,0.0001,200,16.7679
0.0111,0.0000,0.0000,0.0000,0.0110,0.0000,200,16.7644
0.0067,0.0000,0.0000,0.0000,0.0066,0.0000,200,16.7691
0.0068,0.0000,0.0000,0.0000,0.0067,0.0001,200,16.7746
0.0113,0.0000,0.0000,0.0000,0.0112,0.0000,200,16.7701
0.0064,0.0000,0.0000,0.0000,0.0063,0.0000,200,16.7755
0.0111,0.0000,0.0000,0.0000,0.0110,0.0001,200,16.7758
0.0066,0.0000,0.0000,0.0000,0.0065,0.0000,200,16.7814
0.0063,0.0000,0.0000,0.0000,0.0062,0.0000,200,16.7818
0.0112,0.0000,0.0000,0.0000,0.0111,0.0001,200,16.7814
0.0064,0.0000,0.0000,0.0000,0.0063,0.0000,200,16.7880
0.0063,0.0000,0.0000,0.0000,0.0063,0.0000,200,16.7881
0.0114,0.0000,0.0000,0.0000,0.0113,0.0001,200,16.7870
0.0063,0.0000,0.0000,0.0000,0.0062,0.0000,200,16.7944
0.0064,0.0000,0.0000,0.0000,0.0063,0.0000,200,16.7944
0.0111,0.0000,0.0000,0.0000,0.0110,0.0001,200,16.7926
0.0064,0.0000,0.0000,0.0000,0.0064,0.0001,200,16.8007
0.0065,0.0000,0.0000,0.0000,0.0064,0.0000,200,16.8007
0.0107,0.0000,0.0000,0.0000,0.0106,0.0001,200,16.7984
0.0065,0.0000,0.0000,0.0000,0.0064,0.0000,200,16.8072
0.0066,0.0000,0.0000,0.0000,0.0066,0.0000,200,16.8071
0.0165,0.0000,0.0000,0.0000,0.0164,0.0001,200,16.8037
0.0113,0.0000,0.0000,0.0000,0.0112,0.0000,200,16.8091
0.0066,0.0000,0.0000,0.0000,0.0066,0.0000,200,16.8138
0.0067,0.0000,0.0000,0.0000,0.0066,0.0000,200,16.8137
0.0070,0.0000,0.0000,0.0000,0.0069,0.0001,200,16.8204
0.0070,0.0000,0.0000,0.0000,0.0069,0.0000,200,16.8205
0.0118,0.0000,0.0000,0.0000,0.0117,0.0001,200,16.8204
0.0120,0.0000,0.0000,0.0000,0.0120,0.0000,200,16.8202
0.0065,0.0000,0.0000,0.0000,0.0064,0.0000,200,16.8274
0.0065,0.0000,0.0000,0.0000,0.0064,0.0000,200,16.8274
0.0066,0.0000,0.0000,0.0000,0.0066,0.0001,200,16.8322
0.0064,0.0000,0.0000,0.0000,0.0063,0.0000,200,16.8339
0.0064,0.0000,0.0000,0.0000,0.0063,0.0000,200,16.8339
0.0121,0.0000,0.0000,0.0000,0.0120,0.0001,200,16.8322
0.0065,0.0000,0.0000,0.0000,0.0064,0.0000,200,16.8403
0.0065,0.0000,0.0000,0.0000,0.0064,0.0000,200,16.8403
0.0111,0.0000,0.0000,0.0000,0.0110,0.0001,200,16.8389
0.0065,0.0000,0.0000,0.0000,0.0064,0.0000,200,16.8468
0.0065,0.0000,0.0000,0.0000,0.0064,0.0000,200,16.8468
0.0112,0.0000,0.0000,0.0000,0.0111,0.0001,200,16.8443
0.0064,0.0000,0.0000,0.0000,0.0063,0.0000,200,16.8533
0.0064,0.0000,0.0000,0.0000,0.0063,0.0000,200,16.8533
0.0111,0.0000,0.0000,0.0000,0.0111,0.0000,200,16.8555
0.0070,0.0000,0.0000,0.0000,0.0069,0.0000,200,16.8596
0.0167,0.0000,0.0000,0.0000,0.0166,0.0001,200,16.8500
0.0071,0.0000,0.0000,0.0000,0.0068,0.0003,200,16.8597
0.0068,0.0000,0.0000,0.0000,0.0067,0.0001,200,16.8667
0.0069,0.0000,0.0000,0.0000,0.0068,0.0000,200,16.8666
0.0069,0.0000,0.0000,0.0000,0.0068,0.0001,200,16.8668
0.0072,0.0000,0.0000,0.0000,0.0071,0.0000,200,16.8667
0.0069,0.0000,0.0000,0.0000,0.0068,0.0001,200,16.8735
0.0069,0.0000,0.0000,0.0000,0.0068,0.0000,200,16.8736
0.0069,0.0000,0.0000,0.0000,0.0068,0.0000,200,16.8737
0.0068,0.0000,0.0000,0.0000,0.0068,0.0000,200,16.8739
0.0069,0.0000,0.0000,0.0000,0.0068,0.0001,200,16.8805
0.0070,0.0000,0.0000,0.0000,0.0069,0.0000,200,16.8804
0.0070,0.0000,0.0000,0.0000,0.0070,0.0000,200,16.8806
0.0070,0.0000,0.0000,0.0000,0.0070,0.0000,200,16.8807
0.0069,0.0000,0.0000,0.0000,0.0068,0.0001,200,16.8874
0.0069,0.0000,0.0000,0.0000,0.0068,0.0000,200,16.8874
0.0069,0.0000,0.0000,0.0000,0.0069,0.0000,200,16.8878
0.0072,0.0000,0.0000,0.0000,0.0071,0.0001,200,16.8877
0.0069,0.0000,0.0000,0.0000,0.0067,0.0001,200,16.8943
0.0069,0.0000,0.0000,0.0000,0.0069,0.0000,200,16.8943
0.0068,0.0000,0.0000,0.0000,0.0067,0.0000,200,16.8947
0.0071,0.0000,0.0000,0.0000,0.0070,0.0000,200,16.8949
0.0071,0.0000,0.0000,0.0000,0.0069,0.0001,200,16.9012
0.0070,0.0000,0.0000,0.0000,0.0069,0.0001,200,16.9013
0.0067,0.0000,0.0000,0.0000,0.0066,0.0000,200,16.9020
0.0072,0.0000,0.0000,0.0000,0.0071,0.0000,200,16.9015
0.0068,0.0000,0.0000,0.0000,0.0067,0.0001,200,16.9082
0.0069,0.0000,0.0000,0.0000,0.0067,0.0001,200,16.9082
0.0065,0.0000,0.0000,0.0000,0.0064,0.0000,200,16.9086
0.0068,0.0000,0.0000,0.0000,0.0067,0.0000,200,16.9087
0.0068,0.0000,0.0000,0.0000,0.0066,0.0000,200,16.9150
0.0068,0.0000,0.0000,0.0000,0.0067,0.0000,200,16.9151
0.0068,0.0000,0.0000,0.0000,0.0065,0.0002,200,16.9151
0.0070,0.0000,0.0000,0.0000,0.0069,0.0000,200,16.9155
0.0071,0.0000,0.0000,0.0000,0.0069,0.0001,200,16.9219
0.0073,0.0000,0.0000,0.0000,0.0072,0.0000,200,16.9218
0.0067,0.0000,0.0000,0.0000,0.0065,0.0001,200,16.9224
0.0079,0.0000,0.0000,0.0000,0.0075,0.0004,200,16.9219
0.0067,0.0000,0.0000,0.0000,0.0066,0.0001,200,16.9291
0.0068,0.0000,0.0000,0.0000,0.0067,0.0001,200,16.9290
0.0072,0.0000,0.0000,0.0000,0.0071,0.0000,200,16.9291
0.0072,0.0000,0.0000,0.0000,0.0071,0.0001,200,16.9298
0.0072,0.0000,0.0000,0.0000,0.0071,0.0000,200,16.9358
0.0072,0.0000,0.0000,0.0000,0.0070,0.0001,200,16.9358
0.0070,0.0000,0.0000,0.0000,0.0069,0.0000,200,16.9362
0.0066,0.0000,0.0000,0.0001,0.0064,0.0000,200,16.9370
0.0069,0.0000,0.0000,0.0000,0.0067,0.0001,200,16.9430
0.0067,0.0000,0.0000,0.0000,0.0066,0.0000,200,16.9433
0.0070,0.0000,0.0000,0.0000,0.0069,0.0000,200,16.9430
0.0070,0.0000,0.0000,0.0000,0.0069,0.0000,200,16.9436
0.0069,0.0000,0.0000,0.0000,0.0068,0.0001,200,16.9500
0.0071,0.0000,0.0000,0.0000,0.0070,0.0000,200,16.9500
0.0073,0.0000,0.0000,0.0000,0.0072,0.0000,200,16.9499
0.0067,0.0000,0.0000,0.0000,0.0067,0.0000,200,16.9505
0.0070,0.0000,0.0000,0.0000,0.0068,0.0001,200,16.9569
0.0070,0.0000,0.0000,0.0000,0.0068,0.0001,200,16.9571
0.0072,0.0000,0.0000,0.0000,0.0071,0.0000,200,16.9572
0.0071,0.0000,0.0000,0.0000,0.0070,0.0000,200,16.9573
0.0068,0.0000,0.0000,0.0000,0.0067,0.0001,200,16.9640
0.0067,0.0000,0.0000,0.0000,0.0066,0.0000,200,16.9641
0.0071,0.0000,0.0000,0.0000,0.0070,0.0000,200,16.9644
0.0075,0.0000,0.0000,0.0000,0.0074,0.0001,200,16.9644
0.0067,0.0000,0.0000,0.0000,0.0066,0.0001,200,16.9708
0.0069,0.0000,0.0000,0.0000,0.0069,0.0000,200,16.9708
0.0066,0.0000,0.0000,0.0000,0.0066,0.0000,200,16.9719
0.0072,0.0000,0.0000,0.0000,0.0072,0.0000,200,16.9714
0.0067,0.0000,0.0000,0.0000,0.0066,0.0001,200,16.9775
0.0074,0.0000,0.0000,0.0000,0.0073,0.0001,200,16.9778
0.0065,0.0000,0.0000,0.0000,0.0064,0.0000,200,16.9787
0.0068,0.0000,0.0000,0.0000,0.0068,0.0000,200,16.9785
0.0067,0.0000,0.0000,0.0000,0.0066,0.0001,200,16.9842
0.0066,0.0000,0.0000,0.0000,0.0065,0.0001,200,16.9852
0.0067,0.0000,0.0000,0.0000,0.0066,0.0000,200,16.9851
0.0071,0.0000,0.0000,0.0000,0.0071,0.0000,200,16.9854
0.0066,0.0000,0.0000,0.0000,0.0065,0.0001,200,16.9909
0.0066,0.0000,0.0000,0.0000,0.0065,0.0000,200,16.9918
0.0065,0.0000,0.0000,0.0000,0.0064,0.0000,200,16.9925
0.0072,0.0000,0.0000,0.0000,0.0071,0.0001,200,16.9918
0.0065,0.0000,0.0000,0.0000,0.0064,0.0000,200,16.9975
0.0066,0.0000,0.0000,0.0000,0.0065,0.0001,200,16.9984
0.0064,0.0000,0.0000,0.0000,0.0063,0.0001,200,16.9990
0.0065,0.0000,0.0000,0.0000,0.0065,0.0000,200,16.9990
0.0065,0.0000,0.0000,0.0000,0.0064,0.0000,200,17.0040
0.0065,0.0000,0.0000,0.0000,0.0064,0.0000,200,17.0049
0.0065,0.0000,0.0000,0.0000,0.0064,0.0000,200,17.0055
0.0066,0.0000,0.0000,0.0000,0.0065,0.0000,200,17.0054
0.0066,0.0000,0.0000,0.0000,0.0065,0.0001,200,17.0105
0.0066,0.0000,0.0000,0.0000,0.0065,0.0001,200,17.0120
0.0072,0.0000,0.0000,0.0000,0.0071,0.0000,200,17.0115
0.0066,0.0000,0.0000,0.0000,0.0065,0.0000,200,17.0120
0.0067,0.0000,0.0000,0.0000,0.0066,0.0001,200,17.0171
0.0067,0.0000,0.0000,0.0000,0.0066,0.0001,200,17.0186
0.0068,0.0000,0.0000,0.0000,0.0067,0.0000,200,17.0186
0.0073,0.0000,0.0000,0.0000,0.0072,0.0000,200,17.0186
0.0066,0.0000,0.0000,0.0000,0.0065,0.0001,200,17.0238
0.0066,0.0000,0.0000,0.0000,0.0065,0.0001,200,17.0253
0.0066,0.0000,0.0000,0.0000,0.0065,0.0001,200,17.0254
0.0068,0.0000,0.0000,0.0000,0.0068,0.0000,200,17.0259
0.0088,0.0000,0.0000,0.0000,0.0066,0.0021,200,17.0304
0.0077,0.0000,0.0000,0.0000,0.0076,0.0000,200,17.0320
0.0079,0.0000,0.0000,0.0000,0.0079,0.0000,200,17.0319
0.0078,0.0000,0.0000,0.0000,0.0077,0.0001,200,17.0327
0.0070,0.0000,0.0000,0.0000,0.0069,0.0001,200,17.0392
0.0069,0.0000,0.0000,0.0000,0.0068,0.0000,200,17.0398
0.0073,0.0000,0.0000,0.0000,0.0072,0.0001,200,17.0397
0.0108,0.0000,0.0000,0.0000,0.0107,0.0001,200,17.0406
0.0086,0.0000,0.0000,0.0000,0.0085,0.0000,200,17.0462
0.0078,0.0000,0.0000,0.0000,0.0078,0.0000,200,17.0470
0.0082,0.0000,0.0000,0.0000,0.0079,0.0003,200,17.0467
0.0070,0.0000,0.0000,0.0000,0.0069,0.0001,200,17.0514
0.0071,0.0000,0.0000,0.0000,0.0070,0.0001,200,17.0547
0.0074,0.0000,0.0000,0.0000,0.0073,0.0001,200,17.0548
0.0079,0.0000,0.0000,0.0000,0.0078,0.0001,200,17.0549
0.0075,0.0000,0.0000,0.0000,0.0074,0.0001,200,17.0584
0.0070,0.0000,0.0000,0.0000,0.0069,0.0001,200,17.0619
0.0070,0.0000,0.0000,0.0000,0.0069,0.0000,200,17.0622
0.0066,0.0000,0.0000,0.0000,0.0066,0.0000,200,17.0628
0.0079,0.0000,0.0000,0.0000,0.0078,0.0001,200,17.0659
0.0071,0.0000,0.0000,0.0000,0.0069,0.0001,200,17.0689
0.0069,0.0000,0.0000,0.0000,0.0067,0.0002,200,17.0692
0.0068,0.0000,0.0000,0.0000,0.0068,0.0000,200,17.0694
0.0065,0.0000,0.0000,0.0000,0.0064,0.0001,200,17.0738
0.0068,0.0000,0.0000,0.0000,0.0066,0.0000,200,17.0759
0.0066,0.0000,0.0000,0.0000,0.0065,0.0000,200,17.0762
0.0073,0.0000,0.0000,0.0000,0.0072,0.0001,200,17.0762
0.0065,0.0000,0.0000,0.0000,0.0064,0.0001,200,17.0803
0.0067,0.0000,0.0000,0.0000,0.0066,0.0001,200,17.0828
0.0067,0.0000,0.0000,0.0000,0.0066,0.0000,200,17.0828
0.0065,0.0000,0.0000,0.0000,0.0064,0.0000,200,17.0835
0.0064,0.0000,0.0000,0.0000,0.0063,0.0001,200,17.0868
0.0069,0.0000,0.0000,0.0000,0.0068,0.0001,200,17.0895
0.0070,0.0000,0.0000,0.0000,0.0069,0.0000,200,17.0895
0.0068,0.0000,0.0000,0.0000,0.0067,0.0000,200,17.0900
0.0065,0.0000,0.0000,0.0000,0.0064,0.0001,200,17.0932
0.0070,0.0000,0.0000,0.0000,0.0067,0.0001,200,17.0964
0.0072,0.0000,0.0000,0.0000,0.0071,0.0000,200,17.0965
0.0075,0.0000,0.0000,0.0000,0.0074,0.0000,200,17.0967
0.0064,0.0000,0.0000,0.0000,0.0064,0.0000,200,17.0998
0.0066,0.0000,0.0000,0.0000,0.0065,0.0001,200,17.1036
0.0065,0.0000,0.0000,0.0000,0.0064,0.0000,200,17.1042
0.0075,0.0000,0.0000,0.0000,0.0074,0.0000,200,17.1034
0.0064,0.0000,0.0000,0.0000,0.0063,0.0001,200,17.1062
0.0072,0.0000,0.0000,0.0000,0.0071,0.0001,200,17.1103
0.0068,0.0000,0.0000,0.0000,0.0067,0.0000,200,17.1108
0.0070,0.0000,0.0000,0.0000,0.0069,0.0000,200,17.1107
0.0067,0.0000,0.0000,0.0000,0.0065,0.0001,200,17.1127
0.0069,0.0000,0.0000,0.0000,0.0068,0.0000,200,17.1175
0.0067,0.0000,0.0000,0.0000,0.0066,0.0001,200,17.1176
0.0081,0.0000,0.0000,0.0000,0.0080,0.0001,200,17.1177
0.0064,0.0000,0.0000,0.0000,0.0064,0.0000,200,17.1193
0.0069,0.0000,0.0000,0.0000,0.0068,0.0001,200,17.1244
0.0069,0.0000,0.0000,0.0000,0.0068,0.0001,200,17.1244
0.0067,0.0000,0.0000,0.0000,0.0066,0.0000,200,17.1258
0.0067,0.0000,0.0000,0.0000,0.0066,0.0000,200,17.1258
0.0068,0.0000,0.0000,0.0000,0.0067,0.0000,200,17.1313
0.0068,0.0000,0.0000,0.0000,0.0067,0.0000,200,17.1313
0.0066,0.0000,0.0000,0.0000,0.0065,0.0000,200,17.1325
0.0066,0.0000,0.0000,0.0000,0.0065,0.0001,200,17.1325
0.0069,0.0000,0.0000,0.0000,0.0068,0.0001,200,17.1380
0.0069,0.0000,0.0000,0.0000,0.0068,0.0000,200,17.1381
0.0066,0.0000,0.0000,0.0000,0.0065,0.0000,200,17.1390
0.0066,0.0000,0.0000,0.0000,0.0065,0.0000,200,17.1391
0.0070,0.0000,0.0000,0.0000,0.0069,0.0001,200,17.1457
0.0070,0.0000,0.0000,0.0000,0.0069,0.0001,200,17.1456
0.0077,0.0000,0.0000,0.0000,0.0077,0.0000,200,17.1449
0.0078,0.0000,0.0000,0.0000,0.0076,0.0002,200,17.1450
0.0071,0.0000,0.0000,0.0000,0.0070,0.0001,200,17.1527
0.0074,0.0000,0.0000,0.0001,0.0072,0.0000,200,17.1526
0.0075,0.0000,0.0000,0.0000,0.0075,0.0000,200,17.1528
0.0080,0.0000,0.0000,0.0000,0.0079,0.0000,200,17.1526
0.0070,0.0000,0.0000,0.0000,0.0069,0.0001,200,17.1598
0.0068,0.0000,0.0000,0.0000,0.0067,0.0001,200,17.1600
0.0066,0.0000,0.0000,0.0000,0.0065,0.0000,200,17.1603
0.0071,0.0000,0.0000,0.0000,0.0069,0.0001,200,17.1607
0.0069,0.0000,0.0000,0.0000,0.0068,0.0001,200,17.1668
0.0069,0.0000,0.0000,0.0000,0.0068,0.0001,200,17.1668
0.0074,0.0000,0.0000,0.0000,0.0074,0.0000,200,17.1669
0.0071,0.0000,0.0000,0.0000,0.0064,0.0001,200,17.1677
0.0071,0.0000,0.0000,0.0000,0.0069,0.0001,200,17.1738
0.0067,0.0000,0.0000,0.0000,0.0066,0.0000,200,17.1743
0.0074,0.0000,0.0000,0.0000,0.0073,0.0001,200,17.1737
0.0074,0.0000,0.0000,0.0000,0.0072,0.0001,200,17.1748
0.0067,0.0000,0.0000,0.0000,0.0067,0.0000,200,17.1810
0.0073,0.0000,0.0000,0.0000,0.0072,0.0000,200,17.1809
0.0072,0.0000,0.0000,0.0000,0.0071,0.0000,200,17.1811
0.0066,0.0000,0.0000,0.0000,0.0065,0.0000,200,17.1821
0.0071,0.0000,0.0000,0.0000,0.0070,0.0001,200,17.1877
0.0066,0.0000,0.0000,0.0000,0.0066,0.0000,200,17.1883
0.0071,0.0000,0.0000,0.0000,0.0070,0.0000,200,17.1882
0.0070,0.0000,0.0000,0.0000,0.0070,0.0000,200,17.1888
0.0069,0.0000,0.0000,0.0000,0.0067,0.0001,200,17.1948
0.0072,0.0000,0.0000,0.0000,0.0072,0.0000,200,17.1950
0.0070,0.0000,0.0000,0.0000,0.0070,0.0000,200,17.1953
0.0074,0.0000,0.0000,0.0000,0.0073,0.0000,200,17.1958
0.0072,0.0000,0.0000,0.0000,0.0071,0.0001,200,17.2017
0.0069,0.0000,0.0000,0.0000,0.0068,0.0000,200,17.2022
0.0069,0.0000,0.0000,0.0000,0.0068,0.0001,200,17.2023
0.0063,0.0000,0.0000,0.0000,0.0062,0.0000,200,17.2032
0.0072,0.0000,0.0000,0.0000,0.0071,0.0001,200,17.2092
0.0075,0.0000,0.0000,0.0001,0.0073,0.0000,200,17.2090
0.0076,0.0000,0.0000,0.0000,0.0075,0.0000,200,17.2089
0.0073,0.0000,0.0000,0.0000,0.0072,0.0000,200,17.2095
0.0068,0.0000,0.0000,0.0000,0.0067,0.0001,200,17.2165
0.0069,0.0000,0.0000,0.0000,0.0068,0.0001,200,17.2164
0.0069,0.0000,0.0000,0.0000,0.0069,0.0000,200,17.2165
0.0072,0.0000,0.0000,0.0000,0.0071,0.0001,200,17.2168
0.0072,0.0000,0.0000,0.0000,0.0070,0.0001,200,17.2233
0.0073,0.0000,0.0000,0.0000,0.0072,0.0000,200,17.2233
0.0073,0.0000,0.0000,0.0000,0.0072,0.0000,200,17.2235
0.0069,0.0000,0.0000,0.0000,0.0069,0.0000,200,17.2240
0.0070,0.0000,0.0000,0.0000,0.0069,0.0001,200,17.2307
0.0071,0.0000,0.0000,0.0000,0.0070,0.0000,200,17.2306
0.0073,0.0000,0.0000,0.0000,0.0070,0.0003,200,17.2305
0.0071,0.0000,0.0000,0.0000,0.0071,0.0000,200,17.2309
0.0069,0.0000,0.0000,0.0000,0.0068,0.0001,200,17.2377
0.0070,0.0000,0.0000,0.0000,0.0069,0.0001,200,17.2377
0.0074,0.0000,0.0000,0.0000,0.0073,0.0000,200,17.2378
0.0072,0.0000,0.0000,0.0000,0.0071,0.0000,200,17.2380
0.0069,0.0000,0.0000,0.0000,0.0068,0.0001,200,17.2447
0.0071,0.0000,0.0000,0.0000,0.0070,0.0000,200,17.2446
0.0067,0.0000,0.0000,0.0000,0.0066,0.0000,200,17.2452
0.0085,0.0000,0.0000,0.0000,0.0084,0.0001,200,17.2452
0.0069,0.0000,0.0000,0.0000,0.0068,0.0001,200,17.2516
0.0070,0.0000,0.0000,0.0000,0.0069,0.0000,200,17.2517
0.0074,0.0000,0.0000,0.0000,0.0074,0.0000,200,17.2518
0.0065,0.0000,0.0000,0.0000,0.0064,0.0000,200,17.2537
0.0071,0.0000,0.0000,0.0000,0.0069,0.0001,200,17.2586
0.0072,0.0000,0.0000,0.0000,0.0072,0.0000,200,17.2586
0.0067,0.0000,0.0000,0.0000,0.0066,0.0000,200,17.2593
0.0065,0.0000,0.0000,0.0000,0.0064,0.0001,200,17.2602
0.0074,0.0000,0.0000,0.0000,0.0073,0.0001,200,17.2657
0.0074,0.0000,0.0000,0.0000,0.0073,0.0000,200,17.2658
0.0081,0.0000,0.0000,0.0000,0.0081,0.0000,200,17.2659
0.0081,0.0000,0.0000,0.0000,0.0080,0.0001,200,17.2667
0.0068,0.0000,0.0000,0.0000,0.0067,0.0001,200,17.2731
0.0069,0.0000,0.0000,0.0000,0.0068,0.0000,200,17.2732
0.0069,0.0000,0.0000,0.0000,0.0068,0.0000,200,17.2740
0.0066,0.0000,0.0000,0.0000,0.0065,0.0000,200,17.2747
0.0068,0.0000,0.0000,0.0000,0.0067,0.0001,200,17.2800
0.0069,0.0000,0.0000,0.0000,0.0069,0.0000,200,17.2800
0.0068,0.0000,0.0000,0.0000,0.0067,0.0001,200,17.2809
0.0067,0.0000,0.0000,0.0000,0.0066,0.0000,200,17.2813
0.0069,0.0000,0.0000,0.0000,0.0068,0.0001,200,17.2869
0.0069,0.0000,0.0000,0.0000,0.0069,0.0000,200,17.2869
0.0067,0.0000,0.0000,0.0000,0.0066,0.0000,200,17.2877
0.0065,0.0000,0.0000,0.0000,0.0064,0.0001,200,17.2880
0.0071,0.0000,0.0000,0.0000,0.0070,0.0001,200,17.2938
0.0072,0.0000,0.0000,0.0000,0.0071,0.0000,200,17.2938
0.0067,0.0000,0.0000,0.0000,0.0067,0.0000,200,17.2944
0.0073,0.0000,0.0000,0.0000,0.0072,0.0000,200,17.2944
0.0069,0.0000,0.0000,0.0000,0.0067,0.0001,200,17.3010
0.0069,0.0000,0.0000,0.0000,0.0068,0.0000,200,17.3010
0.0076,0.0000,0.0000,0.0000,0.0072,0.0004,200,17.3012
0.0075,0.0000,0.0000,0.0000,0.0074,0.0000,200,17.3017
0.0071,0.0000,0.0000,0.0000,0.0070,0.0001,200,17.3079
0.0072,0.0000,0.0000,0.0000,0.0071,0.0000,200,17.3078
0.0068,0.0000,0.0000,0.0000,0.0066,0.0000,200,17.3088
0.0066,0.0000,0.0000,0.0000,0.0065,0.0000,200,17.3092
0.0070,0.0000,0.0000,0.0000,0.0068,0.0001,200,17.3150
0.0071,0.0000,0.0000,0.0000,0.0070,0.0000,200,17.3150
0.0065,0.0000,0.0000,0.0000,0.0064,0.0000,200,17.3158
0.0069,0.0000,0.0000,0.0000,0.0068,0.0000,200,17.3156
0.0070,0.0000,0.0000,0.0000,0.0069,0.0001,200,17.3221
0.0072,0.0000,0.0000,0.0000,0.0071,0.0000,200,17.3220
0.0072,0.0000,0.0000,0.0000,0.0071,0.0000,200,17.3225
0.0077,0.0000,0.0000,0.0000,0.0076,0.0001,200,17.3223
0.0069,0.0000,0.0000,0.0000,0.0067,0.0001,200,17.3292
0.0069,0.0000,0.0000,0.0000,0.0068,0.0001,200,17.3292
0.0066,0.0000,0.0000,0.0000,0.0065,0.0000,200,17.3297
0.0074,0.0000,0.0000,0.0000,0.0073,0.0001,200,17.3300
0.0072,0.0000,0.0000,0.0000,0.0071,0.0001,200,17.3361
0.0074,0.0000,0.0000,0.0000,0.0073,0.0000,200,17.3360
0.0076,0.0000,0.0000,0.0000,0.0075,0.0001,200,17.3363
0.0070,0.0000,0.0000,0.0000,0.0069,0.0000,200,17.3374
0.0070,0.0000,0.0000,0.0000,0.0069,0.0001,200,17.3435
0.0072,0.0000,0.0000,0.0000,0.0071,0.0000,200,17.3433
0.0071,0.0000,0.0000,0.0000,0.0070,0.0001,200,17.3439
0.0067,0.0000,0.0000,0.0000,0.0067,0.0000,200,17.3444
0.0072,0.0000,0.0000,0.0000,0.0071,0.0001,200,17.3505
0.0073,0.0000,0.0000,0.0000,0.0072,0.0000,200,17.3505
0.0072,0.0000,0.0000,0.0000,0.0072,0.0000,200,17.3511
0.0075,0.0000,0.0000,0.0002,0.0072,0.0000,200,17.3510
0.0072,0.0000,0.0000,0.0000,0.0071,0.0001,200,17.3585
0.0074,0.0000,0.0000,0.0000,0.0073,0.0001,200,17.3584
0.0081,0.0000,0.0000,0.0000,0.0080,0.0000,200,17.3578
0.0145,0.0000,0.0000,0.0000,0.0144,0.0001,200,17.3577
0.0076,0.0000,0.0000,0.0000,0.0075,0.0001,200,17.3657
0.0076,0.0000,0.0000,0.0000,0.0076,0.0000,200,17.3659
0.0129,0.0000,0.0000,0.0000,0.0128,0.0001,200,17.3657
0.0068,0.0000,0.0000,0.0000,0.0067,0.0001,200,17.3735
0.0072,0.0000,0.0000,0.0000,0.0071,0.0000,200,17.3733
0.0124,0.0000,0.0000,0.0000,0.0122,0.0001,200,17.3722
0.0073,0.0000,0.0000,0.0000,0.0072,0.0001,200,17.3805
0.0075,0.0000,0.0000,0.0000,0.0074,0.0001,200,17.3803
0.0125,0.0000,0.0000,0.0000,0.0121,0.0003,200,17.3786
0.0074,0.0000,0.0000,0.0000,0.0073,0.0001,200,17.3878
0.0085,0.0000,0.0000,0.0000,0.0084,0.0001,200,17.3878
0.0129,0.0000,0.0000,0.0000,0.0128,0.0001,200,17.3846
0.0075,0.0000,0.0000,0.0000,0.0074,0.0001,200,17.3952
0.0122,0.0000,0.0000,0.0000,0.0120,0.0001,200,17.3911
0.0075,0.0000,0.0000,0.0000,0.0074,0.0000,200,17.3963
0.0122,0.0000,0.0000,0.0000,0.0121,0.0001,200,17.3975
0.0078,0.0000,0.0000,0.0000,0.0077,0.0001,200,17.4027
0.0089,0.0000,0.0000,0.0000,0.0088,0.0001,200,17.4033
0.0129,0.0000,0.0000,0.0000,0.0128,0.0001,200,17.4038
0.0074,0.0000,0.0000,0.0000,0.0073,0.0001,200,17.4097
0.0091,0.0000,0.0000,0.0000,0.0090,0.0001,200,17.4123
0.0110,0.0000,0.0000,0.0000,0.0109,0.0000,200,17.4105
0.0067,0.0000,0.0000,0.0000,0.0066,0.0001,200,17.4166
0.0073,0.0000,0.0000,0.0000,0.0072,0.0001,200,17.4171
0.0067,0.0000,0.0000,0.0000,0.0066,0.0001,200,17.4214
0.0076,0.0000,0.0000,0.0000,0.0075,0.0001,200,17.4214
0.0068,0.0000,0.0000,0.0000,0.0067,0.0000,200,17.4234
0.0068,0.0000,0.0000,0.0000,0.0067,0.0001,200,17.4244
0.0069,0.0000,0.0000,0.0000,0.0068,0.0001,200,17.4281
0.0071,0.0000,0.0000,0.0000,0.0070,0.0000,200,17.4290
0.0065,0.0000,0.0000,0.0000,0.0065,0.0000,200,17.4301
0.0075,0.0000,0.0000,0.0000,0.0074,0.0001,200,17.4312
0.0076,0.0000,0.0000,0.0000,0.0075,0.0001,200,17.4350
0.0068,0.0000,0.0000,0.0000,0.0067,0.0001,200,17.4360
0.0077,0.0000,0.0000,0.0000,0.0076,0.0001,200,17.4367
0.0070,0.0000,0.0000,0.0000,0.0068,0.0001,200,17.4387
0.0067,0.0000,0.0000,0.0000,0.0066,0.0001,200,17.4429
0.0074,0.0000,0.0000,0.0000,0.0073,0.0000,200,17.4426
0.0066,0.0000,0.0000,0.0000,0.0065,0.0000,200,17.4444
0.0066,0.0000,0.0000,0.0000,0.0064,0.0000,200,17.4457
0.0071,0.0000,0.0000,0.0000,0.0069,0.0001,200,17.4496
0.0066,0.0000,0.0000,0.0000,0.0065,0.0000,200,17.4500
0.0066,0.0000,0.0000,0.0000,0.0065,0.0001,200,17.4510
0.0065,0.0000,0.0000,0.0000,0.0064,0.0000,200,17.4523
0.0069,0.0000,0.0000,0.0000,0.0068,0.0001,200,17.4567
0.0069,0.0000,0.0000,0.0000,0.0068,0.0001,200,17.4567
0.0064,0.0000,0.0000,0.0000,0.0064,0.0000,200,17.4575
0.0065,0.0000,0.0000,0.0000,0.0064,0.0001,200,17.4588
0.0070,0.0000,0.0000,0.0000,0.0069,0.0001,200,17.4636
0.0074,0.0000,0.0000,0.0000,0.0073,0.0000,200,17.4636
0.0070,0.0000,0.0000,0.0000,0.0069,0.0000,200,17.4640
0.0070,0.0000,0.0000,0.0000,0.0067,0.0002,200,17.4653
0.0069,0.0000,0.0000,0.0000,0.0068,0.0001,200,17.4705
0.0071,0.0000,0.0000,0.0000,0.0070,0.0001,200,17.4710
0.0066,0.0000,0.0000,0.0000,0.0065,0.0000,200,17.4723
0.0081,0.0000,0.0000,0.0000,0.0080,0.0001,200,17.4710
0.0069,0.0000,0.0000,0.0000,0.0068,0.0001,200,17.4775
0.0070,0.0000,0.0000,0.0000,0.0069,0.0001,200,17.4781
0.0067,0.0000,0.0000,0.0000,0.0066,0.0001,200,17.4788
0.0066,0.0000,0.0000,0.0000,0.0065,0.0000,200,17.4791
0.0072,0.0000,0.0000,0.0000,0.0070,0.0001,200,17.4844
0.0068,0.0000,0.0000,0.0000,0.0068,0.0000,200,17.4851
0.0066,0.0000,0.0000,0.0000,0.0065,0.0000,200,17.4856
0.0067,0.0000,0.0000,0.0000,0.0066,0.0001,200,17.4857
0.0066,0.0000,0.0000,0.0000,0.0065,0.0001,200,17.4921
0.0073,0.0000,0.0000,0.0000,0.0071,0.0002,200,17.4916
0.0070,0.0000,0.0000,0.0000,0.0069,0.0000,200,17.4919
0.0065,0.0000,0.0000,0.0000,0.0065,0.0000,200,17.4924
0.0070,0.0000,0.0000,0.0000,0.0069,0.0001,200,17.4989
0.0077,0.0000,0.0000,0.0000,0.0077,0.0000,200,17.4989
0.0079,0.0000,0.0000,0.0000,0.0079,0.0000,200,17.4989
0.0081,0.0000,0.0000,0.0000,0.0080,0.0000,200,17.4988
0.0077,0.0000,0.0000,0.0000,0.0074,0.0002,200,17.5059
0.0068,0.0000,0.0000,0.0000,0.0065,0.0003,200,17.5068
0.0070,0.0000,0.0000,0.0000,0.0068,0.0001,200,17.5067
0.0074,0.0000,0.0000,0.0000,0.0073,0.0000,200,17.5068
0.0071,0.0000,0.0000,0.0000,0.0070,0.0001,200,17.5136
0.0072,0.0000,0.0000,0.0000,0.0071,0.0001,200,17.5135
0.0071,0.0000,0.0000,0.0000,0.0071,0.0000,200,17.5137
0.0074,0.0000,0.0000,0.0000,0.0073,0.0001,200,17.5142
0.0074,0.0000,0.0000,0.0000,0.0071,0.0002,200,17.5208
0.0074,0.0000,0.0000,0.0000,0.0073,0.0000,200,17.5208
0.0073,0.0000,0.0000,0.0000,0.0072,0.0001,200,17.5208
0.0066,0.0000,0.0000,0.0000,0.0066,0.0000,200,17.5216
0.0069,0.0000,0.0000,0.0000,0.0068,0.0001,200,17.5281
0.0070,0.0000,0.0000,0.0000,0.0069,0.0001,200,17.5281
0.0072,0.0000,0.0000,0.0000,0.0071,0.0000,200,17.5282
0.0078,0.0000,0.0000,0.0000,0.0076,0.0000,200,17.5281
0.0071,0.0000,0.0000,0.0000,0.0070,0.0000,200,17.5351
0.0071,0.0000,0.0000,0.0000,0.0070,0.0001,200,17.5350
0.0073,0.0000,0.0000,0.0000,0.0072,0.0001,200,17.5354
0.0071,0.0000,0.0000,0.0000,0.0068,0.0000,200,17.5359
0.0072,0.0000,0.0000,0.0000,0.0071,0.0001,200,17.5422
0.0065,0.0000,0.0000,0.0000,0.0064,0.0000,200,17.5430
0.0073,0.0000,0.0000,0.0000,0.0071,0.0001,200,17.5422
0.0068,0.0000,0.0000,0.0000,0.0067,0.0000,200,17.5427
0.0068,0.0000,0.0000,0.0000,0.0067,0.0001,200,17.5494
0.0069,0.0000,0.0000,0.0000,0.0068,0.0000,200,17.5494
0.0073,0.0000,0.0000,0.0000,0.0070,0.0001,200,17.5494
0.0075,0.0000,0.0000,0.0000,0.0074,0.0000,200,17.5495
0.0071,0.0000,0.0000,0.0000,0.0070,0.0001,200,17.5562
0.0072,0.0000,0.0000,0.0000,0.0071,0.0001,200,17.5563
0.0073,0.0000,0.0000,0.0000,0.0072,0.0000,200,17.5567
0.0079,0.0000,0.0000,0.0000,0.0078,0.0000,200,17.5570
0.0070,0.0000,0.0000,0.0000,0.0069,0.0001,200,17.5635
0.0066,0.0000,0.0000,0.0000,0.0065,0.0000,200,17.5640
0.0072,0.0000,0.0000,0.0000,0.0071,0.0000,200,17.5634
0.0067,0.0000,0.0000,0.0000,0.0066,0.0000,200,17.5649
0.0072,0.0000,0.0000,0.0000,0.0071,0.0001,200,17.5705
0.0073,0.0000,0.0000,0.0000,0.0072,0.0000,200,17.5706
0.0074,0.0000,0.0000,0.0000,0.0073,0.0000,200,17.5706
0.0066,0.0000,0.0000,0.0000,0.0066,0.0000,200,17.5715
0.0070,0.0000,0.0000,0.0000,0.0069,0.0001,200,17.5777
0.0069,0.0000,0.0000,0.0000,0.0068,0.0000,200,17.5779
0.0071,0.0000,0.0000,0.0000,0.0070,0.0000,200,17.5782
0.0074,0.0000,0.0000,0.0000,0.0074,0.0000,200,17.5779
0.0073,0.0000,0.0000,0.0000,0.0071,0.0002,200,17.5848
0.0074,0.0000,0.0000,0.0000,0.0073,0.0000,200,17.5847
0.0069,0.0000,0.0000,0.0000,0.0068,0.0000,200,17.5853
0.0075,0.0000,0.0000,0.0000,0.0074,0.0000,200,17.5854
0.0072,0.0000,0.0000,0.0000,0.0070,0.0001,200,17.5921
0.0075,0.0000,0.0000,0.0000,0.0074,0.0001,200,17.5921
0.0076,0.0000,0.0000,0.0000,0.0075,0.0000,200,17.5922
0.0069,0.0000,0.0000,0.0000,0.0068,0.0000,200,17.5929
0.0070,0.0000,0.0000,0.0000,0.0068,0.0001,200,17.5993
0.0068,0.0000,0.0000,0.0000,0.0067,0.0000,200,17.5996
0.0075,0.0000,0.0000,0.0000,0.0075,0.0000,200,17.5998
0.0076,0.0000,0.0000,0.0000,0.0075,0.0000,200,17.5997
0.0068,0.0000,0.0000,0.0000,0.0067,0.0001,200,17.6063
0.0068,0.0000,0.0000,0.0000,0.0068,0.0000,200,17.6064
0.0066,0.0000,0.0000,0.0000,0.0065,0.0001,200,17.6073
0.0069,0.0000,0.0000,0.0000,0.0068,0.0000,200,17.6073
0.0074,0.0000,0.0000,0.0000,0.0071,0.0002,200,17.6133
0.0075,0.0000,0.0000,0.0000,0.0074,0.0000,200,17.6131
0.0067,0.0000,0.0000,0.0000,0.0066,0.0000,200,17.6141
0.0073,0.0000,0.0000,0.0000,0.0072,0.0000,200,17.6139
0.0072,0.0000,0.0000,0.0000,0.0071,0.0001,200,17.6207
0.0070,0.0000,0.0000,0.0000,0.0069,0.0000,200,17.6209
0.0068,0.0000,0.0000,0.0000,0.0068,0.0001,200,17.6211
0.0076,0.0000,0.0000,0.0000,0.0075,0.0000,200,17.6206
0.0069,0.0000,0.0000,0.0000,0.0068,0.0001,200,17.6279
0.0070,0.0000,0.0000,0.0000,0.0069,0.0000,200,17.6279
0.0069,0.0000,0.0000,0.0000,0.0068,0.0000,200,17.6280
0.0074,0.0000,0.0000,0.0000,0.0073,0.0001,200,17.6283
0.0070,0.0000,0.0000,0.0000,0.0069,0.0001,200,17.6348
0.0071,0.0000,0.0000,0.0000,0.0070,0.0001,200,17.6348
0.0075,0.0000,0.0000,0.0000,0.0075,0.0000,200,17.6349
0.0068,0.0000,0.0000,0.0000,0.0067,0.0000,200,17.6357
0.0072,0.0000,0.0000,0.0000,0.0071,0.0001,200,17.6418
0.0071,0.0000,0.0000,0.0000,0.0070,0.0000,200,17.6420
0.0072,0.0000,0.0000,0.0000,0.0071,0.0000,200,17.6424
0.0072,0.0000,0.0000,0.0000,0.0070,0.0001,200,17.6424
0.0069,0.0000,0.0000,0.0001,0.0067,0.0001,200,17.6490
0.0071,0.0000,0.0000,0.0000,0.0070,0.0000,200,17.6490
0.0066,0.0000,0.0000,0.0000,0.0064,0.0001,200,17.6496
0.0067,0.0000,0.0000,0.0000,0.0066,0.0000,200,17.6496
0.0070,0.0000,0.0000,0.0000,0.0069,0.0000,200,17.6561
0.0071,0.0000,0.0000,0.0000,0.0069,0.0002,200,17.6561
0.0073,0.0000,0.0000,0.0000,0.0072,0.0001,200,17.6560
0.0123,0.0000,0.0000,0.0000,0.0122,0.0001,200,17.6563
0.0067,0.0000,0.0000,0.0000,0.0066,0.0001,200,17.6633
0.0069,0.0000,0.0000,0.0000,0.0068,0.0000,200,17.6632
0.0072,0.0000,0.0000,0.0000,0.0071,0.0000,200,17.6632
0.0067,0.0000,0.0000,0.0000,0.0066,0.0001,200,17.6686
0.0067,0.0000,0.0000,0.0000,0.0065,0.0001,200,17.6700
0.0067,0.0000,0.0000,0.0000,0.0066,0.0000,200,17.6700
0.0064,0.0000,0.0000,0.0000,0.0064,0.0000,200,17.6704
0.0069,0.0000,0.0000,0.0000,0.0067,0.0001,200,17.6752
0.0066,0.0000,0.0000,0.0000,0.0065,0.0001,200,17.6768
0.0068,0.0000,0.0000,0.0000,0.0068,0.0000,200,17.6767
0.0073,0.0000,0.0000,0.0001,0.0071,0.0001,200,17.6767
0.0068,0.0000,0.0000,0.0000,0.0067,0.0000,200,17.6821
0.0066,0.0000,0.0000,0.0000,0.0066,0.0000,200,17.6834
0.0067,0.0000,0.0000,0.0000,0.0066,0.0001,200,17.6835
0.0063,0.0000,0.0000,0.0000,0.0062,0.0000,200,17.6841
0.0067,0.0000,0.0000,0.0000,0.0066,0.0001,200,17.6889
0.0066,0.0000,0.0000,0.0000,0.0065,0.0001,200,17.6902
0.0068,0.0000,0.0000,0.0000,0.0067,0.0000,200,17.6900
0.0066,0.0000,0.0000,0.0000,0.0065,0.0000,200,17.6904
0.0070,0.0000,0.0000,0.0000,0.0069,0.0001,200,17.6956
0.0068,0.0000,0.0000,0.0000,0.0067,0.0001,200,17.6968
0.0069,0.0000,0.0000,0.0000,0.0069,0.0000,200,17.6968
0.0074,0.0000,0.0000,0.0000,0.0073,0.0000,200,17.6970
0.0067,0.0000,0.0000,0.0000,0.0066,0.0001,200,17.7026
0.0067,0.0000,0.0000,0.0000,0.0066,0.0000,200,17.7037
0.0066,0.0000,0.0000,0.0000,0.0066,0.0000,200,17.7038
0.0068,0.0000,0.0000,0.0000,0.0067,0.0000,200,17.7044
0.0069,0.0000,0.0000,0.0000,0.0068,0.0001,200,17.7094
0.0067,0.0000,0.0000,0.0000,0.0066,0.0001,200,17.7104
0.0069,0.0000,0.0000,0.0000,0.0068,0.0000,200,17.7104
0.0067,0.0000,0.0000,0.0000,0.0066,0.0000,200,17.7112
0.0069,0.0000,0.0000,0.0000,0.0068,0.0001,200,17.7162
0.0065,0.0000,0.0000,0.0000,0.0065,0.0000,200,17.7171
0.0064,0.0000,0.0000,0.0000,0.0064,0.0000,200,17.7173
0.0075,0.0000,0.0000,0.0000,0.0074,0.0000,200,17.7179
0.0065,0.0000,0.0000,0.0000,0.0064,0.0000,200,17.7237
0.0070,0.0000,0.0000,0.0000,0.0068,0.0002,200,17.7232
0.0067,0.0000,0.0000,0.0000,0.0067,0.0000,200,17.7236
0.0066,0.0000,0.0000,0.0000,0.0065,0.0000,200,17.7254
0.0070,0.0000,0.0000,0.0000,0.0069,0.0000,200,17.7302
0.0070,0.0000,0.0000,0.0000,0.0069,0.0001,200,17.7302
0.0076,0.0000,0.0000,0.0000,0.0076,0.0000,200,17.7303
0.0070,0.0000,0.0000,0.0000,0.0069,0.0001,200,17.7320
0.0071,0.0000,0.0000,0.0000,0.0070,0.0001,200,17.7372
0.0072,0.0000,0.0000,0.0000,0.0071,0.0000,200,17.7372
0.0075,0.0000,0.0000,0.0000,0.0074,0.0001,200,17.7380
0.0065,0.0000,0.0000,0.0000,0.0065,0.0000,200,17.7390
0.0071,0.0000,0.0000,0.0000,0.0070,0.0001,200,17.7444
0.0072,0.0000,0.0000,0.0000,0.0071,0.0000,200,17.7443
0.0067,0.0000,0.0000,0.0000,0.0066,0.0000,200,17.7455
0.0069,0.0000,0.0000,0.0000,0.0068,0.0000,200,17.7455
0.0072,0.0000,0.0000,0.0000,0.0070,0.0001,200,17.7515
0.0073,0.0000,0.0000,0.0000,0.0071,0.0001,200,17.7515
0.0076,0.0000,0.0000,0.0000,0.0075,0.0000,200,17.7521
0.0073,0.0000,0.0000,0.0000,0.0073,0.0000,200,17.7524
0.0072,0.0000,0.0000,0.0000,0.0070,0.0001,200,17.7586
0.0074,0.0000,0.0000,0.0000,0.0073,0.0000,200,17.7588
0.0073,0.0000,0.0000,0.0000,0.0072,0.0001,200,17.7597
0.0087,0.0000,0.0000,0.0000,0.0085,0.0001,200,17.7597
0.0080,0.0000,0.0000,0.0000,0.0079,0.0001,200,17.7658
0.0087,0.0000,0.0000,0.0000,0.0086,0.0000,200,17.7662
0.0087,0.0000,0.0000,0.0000,0.0086,0.0001,200,17.7670
0.0079,0.0000,0.0000,0.0000,0.0078,0.0000,200,17.7684
0.0087,0.0000,0.0000,0.0000,0.0086,0.0000,200,17.7738
0.0078,0.0000,0.0000,0.0000,0.0075,0.0003,200,17.7749
0.0074,0.0000,0.0000,0.0000,0.0073,0.0000,200,17.7758
0.0069,0.0000,0.0000,0.0000,0.0068,0.0000,200,17.7763
0.0073,0.0000,0.0000,0.0000,0.0072,0.0001,200,17.7827
0.0076,0.0000,0.0000,0.0000,0.0075,0.0000,200,17.7826
0.0074,0.0000,0.0000,0.0000,0.0073,0.0000,200,17.7832
0.0081,0.0000,0.0000,0.0000,0.0080,0.0000,200,17.7833
0.0081,0.0000,0.0000,0.0000,0.0080,0.0001,200,17.7900
0.0076,0.0000,0.0000,0.0000,0.0076,0.0001,200,17.7906
0.0080,0.0000,0.0000,0.0000,0.0079,0.0001,200,17.7902
0.0074,0.0000,0.0000,0.0000,0.0073,0.0001,200,17.7913
0.0077,0.0000,0.0000,0.0000,0.0074,0.0002,200,17.7982
0.0079,0.0000,0.0000,0.0000,0.0078,0.0001,200,17.7982
0.0079,0.0000,0.0000,0.0000,0.0079,0.0000,200,17.7982
0.0078,0.0000,0.0000,0.0000,0.0068,0.0000,200,17.7987
0.0073,0.0000,0.0000,0.0000,0.0070,0.0001,200,17.8061
0.0076,0.0000,0.0000,0.0000,0.0075,0.0001,200,17.8059
0.0075,0.0000,0.0000,0.0000,0.0074,0.0000,200,17.8061
0.0080,0.0000,0.0000,0.0000,0.0079,0.0001,200,17.8065
0.0077,0.0000,0.0000,0.0000,0.0075,0.0001,200,17.8134
0.0077,0.0000,0.0000,0.0003,0.0073,0.0001,200,17.8135
0.0078,0.0000,0.0000,0.0000,0.0077,0.0000,200,17.8136
0.0077,0.0000,0.0000,0.0000,0.0076,0.0001,200,17.8146
0.0072,0.0000,0.0000,0.0000,0.0071,0.0001,200,17.8212
0.0073,0.0000,0.0000,0.0000,0.0072,0.0000,200,17.8211
0.0075,0.0000,0.0000,0.0000,0.0074,0.0000,200,17.8214
0.0086,0.0000,0.0000,0.0000,0.0085,0.0001,200,17.8223
0.0072,0.0000,0.0000,0.0000,0.0070,0.0001,200,17.8283
0.0069,0.0000,0.0000,0.0000,0.0069,0.0001,200,17.8289
0.0076,0.0000,0.0000,0.0000,0.0074,0.0002,200,17.8284
0.0072,0.0000,0.0000,0.0000,0.0071,0.0001,200,17.8308
0.0080,0.0000,0.0000,0.0000,0.0078,0.0001,200,17.8358
0.0083,0.0000,0.0000,0.0000,0.0082,0.0001,200,17.8360
0.0090,0.0000,0.0000,0.0000,0.0089,0.0000,200,17.8355
0.0076,0.0000,0.0000,0.0002,0.0073,0.0001,200,17.8380
0.0070,0.0000,0.0000,0.0000,0.0069,0.0001,200,17.8443
0.0070,0.0000,0.0000,0.0000,0.0069,0.0000,200,17.8445
0.0077,0.0000,0.0000,0.0000,0.0075,0.0000,200,17.8438
0.0070,0.0000,0.0000,0.0000,0.0069,0.0001,200,17.8513
0.0069,0.0000,0.0000,0.0000,0.0069,0.0000,200,17.8515
0.0074,0.0000,0.0000,0.0000,0.0073,0.0001,200,17.8515
0.0071,0.0000,0.0000,0.0000,0.0071,0.0000,200,17.8584
0.0067,0.0000,0.0000,0.0000,0.0066,0.0001,200,17.8589
0.0073,0.0000,0.0000,0.0000,0.0072,0.0000,200,17.8583
0.0070,0.0000,0.0000,0.0000,0.0069,0.0001,200,17.8656
0.0071,0.0000,0.0000,0.0000,0.0070,0.0001,200,17.8655
0.0081,0.0000,0.0000,0.0000,0.0080,0.0001,200,17.8656
0.0070,0.0000,0.0000,0.0000,0.0069,0.0001,200,17.8727
0.0072,0.0000,0.0000,0.0000,0.0071,0.0000,200,17.8727
0.0066,0.0000,0.0000,0.0000,0.0066,0.0000,200,17.8736
0.0067,0.0000,0.0000,0.0000,0.0066,0.0001,200,17.8803
0.0071,0.0000,0.0000,0.0000,0.0070,0.0000,200,17.8799
0.0070,0.0000,0.0000,0.0000,0.0069,0.0001,200,17.8870
0.0069,0.0000,0.0000,0.0000,0.0068,0.0001,200,17.8870
0.0070,0.0000,0.0000,0.0000,0.0069,0.0001,200,17.8939
0.0070,0.0000,0.0000,0.0000,0.0069,0.0000,200,17.8939
0.0070,0.0000,0.0000,0.0000,0.0068,0.0001,200,17.9009
0.0070,0.0000,0.0000,0.0000,0.0069,0.0000,200,17.9009
0.0072,0.0000,0.0000,0.0000,0.0071,0.0001,200,17.9079
0.0073,0.0000,0.0000,0.0000,0.0072,0.0001,200,17.9079
0.0070,0.0000,0.0000,0.0000,0.0069,0.0001,200,17.9152
0.0071,0.0000,0.0000,0.0000,0.0070,0.0000,200,17.9151
0.0070,0.0000,0.0000,0.0000,0.0069,0.0000,200,17.9222
0.0071,0.0000,0.0000,0.0000,0.0068,0.0003,200,17.9222
0.0070,0.0000,0.0000,0.0000,0.0069,0.0001,200,17.9292
0.0071,0.0000,0.0000,0.0000,0.0070,0.0000,200,17.9293
0.0072,0.0000,0.0000,0.0000,0.0071,0.0001,200,17.9362
0.0071,0.0000,0.0000,0.0000,0.0070,0.0000,200,17.9364
0.0069,0.0000,0.0000,0.0000,0.0068,0.0001,200,17.9434
0.0074,0.0000,0.0000,0.0000,0.0073,0.0001,200,17.9435
0.0077,0.0000,0.0000,0.0000,0.0076,0.0001,200,17.9503
0.0071,0.0000,0.0000,0.0000,0.0070,0.0001,200,17.9509
0.0070,0.0000,0.0000,0.0000,0.0068,0.0001,200,17.9580
0.0070,0.0000,0.0000,0.0000,0.0069,0.0001,200,17.9580
0.0071,0.0000,0.0000,0.0000,0.0069,0.0001,200,17.9651
0.0079,0.0000,0.0000,0.0000,0.0078,0.0001,200,17.9651
0.0072,0.0000,0.0000,0.0000,0.0071,0.0001,200,17.9721
0.0067,0.0000,0.0000,0.0000,0.0066,0.0000,200,17.9730
0.0071,0.0000,0.0000,0.0000,0.0069,0.0001,200,17.9793
0.0068,0.0000,0.0000,0.0000,0.0067,0.0000,200,17.9797
0.0068,0.0000,0.0000,0.0000,0.0067,0.0001,200,17.9865
0.0069,0.0000,0.0000,0.0000,0.0068,0.0001,200,17.9864
0.0070,0.0000,0.0000,0.0000,0.0069,0.0001,200,17.9933
0.0071,0.0000,0.0000,0.0000,0.0070,0.0001,200,17.9933
0.0071,0.0000,0.0000,0.0000,0.0069,0.0001,200,18.0003
0.0071,0.0000,0.0000,0.0000,0.0070,0.0000,200,18.0003
0.0071,0.0000,0.0000,0.0000,0.0069,0.0001,200,18.0074
0.0071,0.0000,0.0000,0.0000,0.0070,0.0000,200,18.0074
0.0070,0.0000,0.0000,0.0000,0.0069,0.0000,200,18.0145
0.0070,0.0000,0.0000,0.0000,0.0068,0.0002,200,18.0145
0.0069,0.0000,0.0000,0.0000,0.0069,0.0001,200,18.0216
0.0073,0.0000,0.0000,0.0000,0.0072,0.0001,200,18.0215
0.0067,0.0000,0.0000,0.0000,0.0066,0.0001,200,18.0288
0.0070,0.0000,0.0000,0.0000,0.0069,0.0001,200,18.0285
0.0077,0.0000,0.0000,0.0000,0.0076,0.0001,200,18.0355
0.0077,0.0000,0.0000,0.0000,0.0077,0.0001,200,18.0355
0.0071,0.0000,0.0000,0.0000,0.0070,0.0001,200,18.0433
0.0071,0.0000,0.0000,0.0000,0.0070,0.0001,200,18.0433
0.0069,0.0000,0.0000,0.0000,0.0068,0.0001,200,18.0504
0.0070,0.0000,0.0000,0.0000,0.0068,0.0000,200,18.0504
0.0068,0.0000,0.0000,0.0000,0.0067,0.0001,200,18.0573
0.0069,0.0000,0.0000,0.0000,0.0069,0.0000,200,18.0573
0.0068,0.0000,0.0000,0.0000,0.0067,0.0001,200,18.0642
0.0069,0.0000,0.0000,0.0000,0.0068,0.0001,200,18.0642
0.0070,0.0000,0.0000,0.0000,0.0069,0.0001,200,18.0711
0.0070,0.0000,0.0000,0.0000,0.0069,0.0001,200,18.0711
0.0069,0.0000,0.0000,0.0000,0.0068,0.0001,200,18.0780
0.0094,0.0000,0.0000,0.0000,0.0092,0.0002,200,18.0781
0.0071,0.0000,0.0000,0.0000,0.0069,0.0001,200,18.0850
0.0070,0.0000,0.0000,0.0000,0.0069,0.0001,200,18.0875
0.0070,0.0000,0.0000,0.0000,0.0068,0.0001,200,18.0921
0.0069,0.0000,0.0000,0.0000,0.0068,0.0001,200,18.0945
0.0071,0.0000,0.0000,0.0000,0.0070,0.0001,200,18.0990
0.0068,0.0000,0.0000,0.0000,0.0067,0.0000,200,18.1014
0.0066,0.0000,0.0000,0.0000,0.0065,0.0000,200,18.1061
0.0066,0.0000,0.0000,0.0000,0.0065,0.0001,200,18.1127
0.0066,0.0000,0.0000,0.0000,0.0065,0.0001,200,18.1193
0.0065,0.0000,0.0000,0.0000,0.0064,0.0001,200,18.1260
0.0068,0.0000,0.0000,0.0000,0.0067,0.0001,200,18.1325
0.0066,0.0000,0.0000,0.0000,0.0065,0.0001,200,18.1393
0.0068,0.0000,0.0000,0.0000,0.0067,0.0001,200,18.1459
0.0071,0.0000,0.0000,0.0000,0.0069,0.0001,200,18.1527
0.0073,0.0000,0.0000,0.0000,0.0071,0.0001,200,18.1598
0.0073,0.0000,0.0000,0.0000,0.0072,0.0001,200,18.1670
0.0076,0.0000,0.0000,0.0000,0.0074,0.0001,200,18.1743
0.0078,0.0000,0.0000,0.0000,0.0077,0.0001,200,18.1819
0.0076,0.0000,0.0000,0.0000,0.0075,0.0001,200,18.1897
0.0072,0.0000,0.0000,0.0000,0.0071,0.0001,200,18.1973
0.0080,0.0000,0.0000,0.0000,0.0079,0.0001,200,18.2045
0.0074,0.0000,0.0000,0.0000,0.0072,0.0001,200,18.2125
0.0070,0.0000,0.0000,0.0000,0.0068,0.0001,200,18.2199
0.0066,0.0000,0.0000,0.0000,0.0065,0.0001,200,18.2269
0.0066,0.0000,0.0000,0.0000,0.0065,0.0001,200,18.2335
0.0068,0.0000,0.0000,0.0000,0.0067,0.0001,200,18.2401
0.0068,0.0000,0.0000,0.0000,0.0067,0.0001,200,18.2469
