response-time,DNS+dialup,DNS,Request-write,Response-delay,Response-read,status-code,offset
0.0129,0.0051,0.0049,0.0001,0.0074,0.0002,200,0.0001
0.0132,0.0051,0.0049,0.0001,0.0073,0.0006,200,0.0002
0.0134,0.0064,0.0048,0.0001,0.0068,0.0001,200,0.0002
0.0144,0.0060,0.0049,0.0000,0.0080,0.0004,200,0.0003
0.0072,0.0000,0.0000,0.0000,0.0071,0.0001,200,0.0134
0.0070,0.0000,0.0000,0.0000,0.0070,0.0000,200,0.0136
0.0076,0.0000,0.0000,0.0000,0.0075,0.0000,200,0.0131
0.0085,0.0000,0.0000,0.0000,0.0084,0.0001,200,0.0147
0.0077,0.0000,0.0000,0.0000,0.0076,0.0001,200,0.0206
0.0078,0.0000,0.0000,0.0000,0.0077,0.0000,200,0.0206
0.0081,0.0000,0.0000,0.0000,0.0080,0.0000,200,0.0206
0.0095,0.0000,0.0000,0.0000,0.0094,0.0001,200,0.0232
0.0077,0.0000,0.0000,0.0000,0.0076,0.0001,200,0.0284
0.0078,0.0000,0.0000,0.0000,0.0077,0.0001,200,0.0283
0.0075,0.0000,0.0000,0.0000,0.0074,0.0000,200,0.0287
0.0077,0.0000,0.0000,0.0000,0.0074,0.0003,200,0.0327
0.0074,0.0000,0.0000,0.0000,0.0073,0.0001,200,0.0360
0.0073,0.0000,0.0000,0.0000,0.0072,0.0001,200,0.0361
0.0074,0.0000,0.0000,0.0000,0.0074,0.0000,200,0.0361
0.0081,0.0000,0.0000,0.0000,0.0080,0.0001,200,0.0404
0.0075,0.0000,0.0000,0.0000,0.0074,0.0001,200,0.0434
0.0079,0.0000,0.0000,0.0000,0.0079,0.0000,200,0.0435
0.0079,0.0000,0.0000,0.0000,0.0079,0.0000,200,0.0435
0.0080,0.0000,0.0000,0.0000,0.0078,0.0001,200,0.0485
0.0071,0.0000,0.0000,0.0000,0.0070,0.0001,200,0.0514
0.0078,0.0000,0.0000,0.0000,0.0074,0.0003,200,0.0509
0.0074,0.0000,0.0000,0.0000,0.0074,0.0000,200,0.0514
0.0075,0.0000,0.0000,0.0000,0.0075,0.0001,200,0.0588
0.0099,0.0000,0.0000,0.0000,0.0090,0.0009,200,0.0565
0.0078,0.0000,0.0000,0.0000,0.0077,0.0000,200,0.0587
0.0082,0.0000,0.0000,0.0000,0.0080,0.0001,200,0.0584
0.0073,0.0000,0.0000,0.0000,0.0071,0.0001,200,0.0665
0.0074,0.0000,0.0000,0.0000,0.0071,0.0002,200,0.0664
0.0076,0.0000,0.0000,0.0000,0.0072,0.0000,200,0.0664
0.0074,0.0000,0.0000,0.0000,0.0072,0.0002,200,0.0667
0.0071,0.0000,0.0000,0.0000,0.0070,0.0001,200,0.0738
0.0072,0.0000,0.0000,0.0000,0.0068,0.0004,200,0.0740
0.0072,0.0000,0.0000,0.0000,0.0070,0.0002,200,0.0740
0.0075,0.0000,0.0000,0.0000,0.0075,0.0000,200,0.0738
0.0073,0.0000,0.0000,0.0000,0.0072,0.0000,200,0.0809
0.0070,0.0000,0.0000,0.0000,0.0069,0.0001,200,0.0812
0.0070,0.0000,0.0000,0.0000,0.0068,0.0001,200,0.0813
0.0071,0.0000,0.0000,0.0000,0.0070,0.0000,200,0.0812
0.0075,0.0000,0.0000,0.0000,0.0073,0.0002,200,0.0883
0.0075,0.0000,0.0000,0.0000,0.0074,0.0001,200,0.0883
0.0076,0.0000,0.0000,0.0000,0.0075,0.0001,200,0.0882
0.0077,0.0000,0.0000,0.0000,0.0076,0.0000,200,0.0882
0.0071,0.0000,0.0000,0.0000,0.0070,0.0000,200,0.0958
0.0070,0.0000,0.0000,0.0000,0.0069,0.0001,200,0.0959
0.0073,0.0000,0.0000,0.0000,0.0072,0.0000,200,0.0958
0.0073,0.0000,0.0000,0.0000,0.0071,0.0001,200,0.0958
0.0070,0.0000,0.0000,0.0000,0.0068,0.0003,200,0.1031
0.0070,0.0000,0.0000,0.0000,0.0068,0.0002,200,0.1031
0.0073,0.0000,0.0000,0.0000,0.0070,0.0002,200,0.1029
0.0072,0.0000,0.0000,0.0000,0.0069,0.0003,200,0.1029
0.0071,0.0000,0.0000,0.0000,0.0070,0.0000,200,0.1102
0.0072,0.0000,0.0000,0.0000,0.0069,0.0003,200,0.1102
0.0076,0.0000,0.0000,0.0000,0.0072,0.0003,200,0.1101
0.0080,0.0000,0.0000,0.0000,0.0071,0.0008,200,0.1101
0.0072,0.0000,0.0000,0.0000,0.0071,0.0001,200,0.1174
0.0069,0.0000,0.0000,0.0000,0.0069,0.0000,200,0.1177
0.0075,0.0000,0.0000,0.0000,0.0074,0.0001,200,0.1172
0.0067,0.0000,0.0000,0.0000,0.0066,0.0000,200,0.1181
0.0072,0.0000,0.0000,0.0000,0.0071,0.0000,200,0.1247
0.0073,0.0000,0.0000,0.0000,0.0071,0.0001,200,0.1247
0.0074,0.0000,0.0000,0.0000,0.0073,0.0000,200,0.1246
0.0072,0.0000,0.0000,0.0000,0.0072,0.0000,200,0.1248
0.0074,0.0000,0.0000,0.0000,0.0072,0.0003,200,0.1320
0.0076,0.0000,0.0000,0.0000,0.0072,0.0004,200,0.1319
0.0076,0.0000,0.0000,0.0000,0.0073,0.0002,200,0.1319
0.0075,0.0000,0.0000,0.0000,0.0072,0.0004,200,0.1320
0.0071,0.0000,0.0000,0.0000,0.0070,0.0001,200,0.1395
0.0072,0.0000,0.0000,0.0000,0.0071,0.0000,200,0.1395
0.0073,0.0000,0.0000,0.0000,0.0071,0.0002,200,0.1395
0.0075,0.0000,0.0000,0.0000,0.0070,0.0004,200,0.1395
0.0070,0.0000,0.0000,0.0000,0.0069,0.0001,200,0.1467
0.0068,0.0000,0.0000,0.0000,0.0067,0.0002,200,0.1470
0.0072,0.0000,0.0000,0.0000,0.0070,0.0002,200,0.1466
0.0072,0.0000,0.0000,0.0000,0.0072,0.0000,200,0.1467
0.0069,0.0000,0.0000,0.0000,0.0067,0.0002,200,0.1539
0.0070,0.0000,0.0000,0.0000,0.0068,0.0002,200,0.1539
0.0073,0.0000,0.0000,0.0000,0.0072,0.0001,200,0.1537
0.0073,0.0000,0.0000,0.0000,0.0069,0.0003,200,0.1539
0.0071,0.0000,0.0000,0.0000,0.0069,0.0001,200,0.1608
0.0068,0.0000,0.0000,0.0000,0.0066,0.0002,200,0.1611
0.0071,0.0000,0.0000,0.0000,0.0070,0.0001,200,0.1609
0.0070,0.0000,0.0000,0.0000,0.0070,0.0000,200,0.1611
0.0071,0.0000,0.0000,0.0000,0.0069,0.0002,200,0.1680
0.0072,0.0000,0.0000,0.0000,0.0070,0.0002,200,0.1679
0.0070,0.0000,0.0000,0.0000,0.0068,0.0002,200,0.1681
0.0074,0.0000,0.0000,0.0000,0.0073,0.0000,200,0.1680
0.0069,0.0000,0.0000,0.0000,0.0068,0.0001,200,0.1754
0.0072,0.0000,0.0000,0.0000,0.0072,0.0000,200,0.1751
0.0073,0.0000,0.0000,0.0000,0.0072,0.0001,200,0.1751
0.0073,0.0000,0.0000,0.0000,0.0072,0.0001,200,0.1751
0.0071,0.0000,0.0000,0.0000,0.0070,0.0001,200,0.1824
0.0072,0.0000,0.0000,0.0000,0.0071,0.0001,200,0.1824
0.0073,0.0000,0.0000,0.0000,0.0073,0.0000,200,0.1823
0.0101,0.0000,0.0000,0.0000,0.0099,0.0001,200,0.1823
0.0070,0.0000,0.0000,0.0000,0.0069,0.0001,200,0.1896
0.0072,0.0000,0.0000,0.0000,0.0070,0.0001,200,0.1895
0.0072,0.0000,0.0000,0.0000,0.0071,0.0000,200,0.1895
0.0070,0.0000,0.0000,0.0000,0.0069,0.0001,200,0.1924
0.0071,0.0000,0.0000,0.0000,0.0070,0.0001,200,0.1967
0.0071,0.0000,0.0000,0.0000,0.0071,0.0000,200,0.1966
0.0071,0.0000,0.0000,0.0000,0.0071,0.0000,200,0.1967
0.0070,0.0000,0.0000,0.0000,0.0069,0.0001,200,0.1994
0.0069,0.0000,0.0000,0.0000,0.0068,0.0000,200,0.2038
0.0068,0.0000,0.0000,0.0000,0.0067,0.0001,200,0.2039
0.0072,0.0000,0.0000,0.0000,0.0071,0.0000,200,0.2038
0.0068,0.0000,0.0000,0.0000,0.0066,0.0001,200,0.2064
0.0069,0.0000,0.0000,0.0000,0.0066,0.0002,200,0.2109
0.0071,0.0000,0.0000,0.0000,0.0070,0.0001,200,0.2107
0.0071,0.0000,0.0000,0.0000,0.0069,0.0002,200,0.2107
0.0076,0.0000,0.0000,0.0000,0.0075,0.0001,200,0.2132
0.0070,0.0000,0.0000,0.0000,0.0068,0.0002,200,0.2178
0.0071,0.0000,0.0000,0.0000,0.0070,0.0000,200,0.2178
0.0071,0.0000,0.0000,0.0000,0.0071,0.0000,200,0.2178
0.0069,0.0000,0.0000,0.0000,0.0068,0.0001,200,0.2208
0.0069,0.0000,0.0000,0.0000,0.0068,0.0001,200,0.2249
0.0069,0.0000,0.0000,0.0000,0.0069,0.0001,200,0.2249
0.0083,0.0000,0.0000,0.0000,0.0082,0.0001,200,0.2248
0.0070,0.0000,0.0000,0.0000,0.0068,0.0001,200,0.2277
0.0079,0.0000,0.0000,0.0000,0.0078,0.0001,200,0.2318
0.0081,0.0000,0.0000,0.0000,0.0073,0.0007,200,0.2318
0.0070,0.0000,0.0000,0.0000,0.0069,0.0000,200,0.2331
0.0071,0.0000,0.0000,0.0000,0.0069,0.0001,200,0.2347
0.0070,0.0000,0.0000,0.0000,0.0068,0.0001,200,0.2400
0.0071,0.0000,0.0000,0.0000,0.0069,0.0002,200,0.2399
0.0074,0.0000,0.0000,0.0000,0.0073,0.0000,200,0.2398
0.0071,0.0000,0.0000,0.0000,0.0069,0.0001,200,0.2417
0.0071,0.0000,0.0000,0.0000,0.0068,0.0002,200,0.2470
0.0069,0.0000,0.0000,0.0000,0.0068,0.0001,200,0.2471
0.0071,0.0000,0.0000,0.0000,0.0069,0.0002,200,0.2470
0.0069,0.0000,0.0000,0.0000,0.0068,0.0001,200,0.2488
0.0072,0.0000,0.0000,0.0000,0.0071,0.0000,200,0.2541
0.0073,0.0000,0.0000,0.0000,0.0072,0.0000,200,0.2541
0.0076,0.0000,0.0000,0.0000,0.0070,0.0005,200,0.2541
0.0072,0.0000,0.0000,0.0000,0.0071,0.0000,200,0.2557
0.0076,0.0000,0.0000,0.0000,0.0074,0.0001,200,0.2613
0.0076,0.0000,0.0000,0.0000,0.0075,0.0000,200,0.2614
0.0073,0.0000,0.0000,0.0000,0.0072,0.0000,200,0.2617
0.0066,0.0000,0.0000,0.0000,0.0065,0.0000,200,0.2629
0.0073,0.0000,0.0000,0.0000,0.0071,0.0002,200,0.2689
0.0073,0.0000,0.0000,0.0000,0.0071,0.0001,200,0.2689
0.0075,0.0000,0.0000,0.0000,0.0072,0.0002,200,0.2688
0.0069,0.0000,0.0000,0.0000,0.0069,0.0000,200,0.2695
0.0072,0.0000,0.0000,0.0000,0.0069,0.0003,200,0.2763
0.0073,0.0000,0.0000,0.0000,0.0070,0.0002,200,0.2763
0.0071,0.0000,0.0000,0.0000,0.0068,0.0003,200,0.2764
0.0074,0.0000,0.0000,0.0000,0.0070,0.0003,200,0.2762
0.0071,0.0000,0.0000,0.0000,0.0069,0.0002,200,0.2835
0.0072,0.0000,0.0000,0.0000,0.0070,0.0001,200,0.2835
0.0071,0.0000,0.0000,0.0000,0.0069,0.0002,200,0.2836
0.0075,0.0000,0.0000,0.0000,0.0074,0.0000,200,0.2835
0.0072,0.0000,0.0000,0.0000,0.0070,0.0002,200,0.2907
0.0072,0.0000,0.0000,0.0000,0.0070,0.0002,200,0.2907
0.0070,0.0000,0.0000,0.0000,0.0068,0.0001,200,0.2910
0.0074,0.0000,0.0000,0.0000,0.0073,0.0000,200,0.2907
0.0070,0.0000,0.0000,0.0000,0.0069,0.0001,200,0.2979
0.0071,0.0000,0.0000,0.0000,0.0070,0.0000,200,0.2979
0.0069,0.0000,0.0000,0.0000,0.0067,0.0002,200,0.2981
0.0074,0.0000,0.0000,0.0000,0.0073,0.0000,200,0.2980
0.0074,0.0000,0.0000,0.0000,0.0073,0.0000,200,0.3049
0.0074,0.0000,0.0000,0.0000,0.0073,0.0000,200,0.3050
0.0075,0.0000,0.0000,0.0000,0.0073,0.0002,200,0.3049
0.0071,0.0000,0.0000,0.0000,0.0070,0.0000,200,0.3054
0.0070,0.0000,0.0000,0.0000,0.0069,0.0001,200,0.3124
0.0071,0.0000,0.0000,0.0000,0.0070,0.0001,200,0.3123
0.0072,0.0000,0.0000,0.0000,0.0069,0.0003,200,0.3123
0.0072,0.0000,0.0000,0.0000,0.0072,0.0000,200,0.3124
0.0072,0.0000,0.0000,0.0000,0.0070,0.0002,200,0.3195
0.0071,0.0000,0.0000,0.0000,0.0069,0.0002,200,0.3196
0.0072,0.0000,0.0000,0.0000,0.0070,0.0002,200,0.3196
0.0073,0.0000,0.0000,0.0000,0.0070,0.0002,200,0.3195
0.0071,0.0000,0.0000,0.0000,0.0070,0.0001,200,0.3267
0.0071,0.0000,0.0000,0.0000,0.0070,0.0001,200,0.3268
0.0071,0.0000,0.0000,0.0000,0.0071,0.0000,200,0.3268
0.0072,0.0000,0.0000,0.0000,0.0071,0.0000,200,0.3267
0.0070,0.0000,0.0000,0.0000,0.0069,0.0001,200,0.3339
0.0072,0.0000,0.0000,0.0000,0.0071,0.0000,200,0.3338
0.0072,0.0000,0.0000,0.0000,0.0069,0.0003,200,0.3338
0.0072,0.0000,0.0000,0.0000,0.0070,0.0001,200,0.3339
0.0071,0.0000,0.0000,0.0000,0.0070,0.0000,200,0.3411
0.0071,0.0000,0.0000,0.0000,0.0071,0.0001,200,0.3410
0.0072,0.0000,0.0000,0.0000,0.0071,0.0000,200,0.3410
0.0088,0.0000,0.0000,0.0000,0.0087,0.0001,200,0.3411
0.0074,0.0000,0.0000,0.0000,0.0074,0.0000,200,0.3482
0.0076,0.0000,0.0000,0.0000,0.0073,0.0002,200,0.3482
0.0077,0.0000,0.0000,0.0000,0.0072,0.0004,200,0.3482
0.0086,0.0000,0.0000,0.0000,0.0071,0.0014,200,0.3498
0.0073,0.0000,0.0000,0.0000,0.0072,0.0001,200,0.3558
0.0075,0.0000,0.0000,0.0000,0.0075,0.0000,200,0.3556
0.0074,0.0000,0.0000,0.0000,0.0073,0.0000,200,0.3557
0.0070,0.0000,0.0000,0.0000,0.0069,0.0001,200,0.3584
0.0071,0.0000,0.0000,0.0000,0.0070,0.0001,200,0.3631
0.0072,0.0000,0.0000,0.0000,0.0071,0.0000,200,0.3631
0.0075,0.0000,0.0000,0.0000,0.0074,0.0000,200,0.3631
0.0074,0.0000,0.0000,0.0000,0.0067,0.0006,200,0.3654
0.0071,0.0000,0.0000,0.0000,0.0070,0.0001,200,0.3703
0.0072,0.0000,0.0000,0.0000,0.0072,0.0000,200,0.3702
0.0069,0.0000,0.0000,0.0000,0.0069,0.0000,200,0.3706
0.0071,0.0000,0.0000,0.0000,0.0070,0.0001,200,0.3728
0.0071,0.0000,0.0000,0.0000,0.0070,0.0001,200,0.3776
0.0073,0.0000,0.0000,0.0000,0.0066,0.0001,200,0.3774
0.0072,0.0000,0.0000,0.0000,0.0071,0.0000,200,0.3775
0.0072,0.0000,0.0000,0.0000,0.0071,0.0001,200,0.3799
0.0073,0.0000,0.0000,0.0000,0.0072,0.0001,200,0.3847
0.0074,0.0000,0.0000,0.0000,0.0073,0.0000,200,0.3847
0.0084,0.0000,0.0000,0.0000,0.0083,0.0000,200,0.3847
0.0084,0.0000,0.0000,0.0000,0.0083,0.0001,200,0.3871
0.0072,0.0000,0.0000,0.0000,0.0072,0.0001,200,0.3919
0.0074,0.0000,0.0000,0.0000,0.0074,0.0000,200,0.3920
0.0069,0.0000,0.0000,0.0000,0.0068,0.0000,200,0.3931
0.0068,0.0000,0.0000,0.0000,0.0067,0.0001,200,0.3955
0.0072,0.0000,0.0000,0.0000,0.0069,0.0003,200,0.3995
0.0075,0.0000,0.0000,0.0000,0.0070,0.0005,200,0.3992
0.0069,0.0000,0.0000,0.0000,0.0068,0.0000,200,0.4000
0.0070,0.0000,0.0000,0.0000,0.0069,0.0001,200,0.4024
0.0071,0.0000,0.0000,0.0000,0.0070,0.0001,200,0.4067
0.0070,0.0000,0.0000,0.0000,0.0069,0.0000,200,0.4069
0.0072,0.0000,0.0000,0.0000,0.0071,0.0000,200,0.4067
0.0070,0.0000,0.0000,0.0000,0.0069,0.0000,200,0.4094
0.0070,0.0000,0.0000,0.0000,0.0068,0.0001,200,0.4138
0.0071,0.0000,0.0000,0.0000,0.0071,0.0000,200,0.4138
0.0071,0.0000,0.0000,0.0000,0.0069,0.0002,200,0.4139
0.0069,0.0000,0.0000,0.0000,0.0068,0.0001,200,0.4164
0.0075,0.0000,0.0000,0.0000,0.0074,0.0001,200,0.4210
0.0078,0.0000,0.0000,0.0000,0.0077,0.0000,200,0.4208
0.0077,0.0000,0.0000,0.0000,0.0076,0.0000,200,0.4209
0.0070,0.0000,0.0000,0.0000,0.0069,0.0001,200,0.4233
0.0072,0.0000,0.0000,0.0000,0.0072,0.0000,200,0.4286
0.0074,0.0000,0.0000,0.0000,0.0072,0.0001,200,0.4285
0.0073,0.0000,0.0000,0.0000,0.0072,0.0000,200,0.4286
0.0072,0.0000,0.0000,0.0000,0.0067,0.0005,200,0.4302
0.0069,0.0000,0.0000,0.0000,0.0069,0.0001,200,0.4359
0.0070,0.0000,0.0000,0.0000,0.0068,0.0001,200,0.4359
0.0070,0.0000,0.0000,0.0000,0.0069,0.0000,200,0.4359
0.0067,0.0000,0.0000,0.0000,0.0066,0.0001,200,0.4374
0.0071,0.0000,0.0000,0.0000,0.0070,0.0001,200,0.4429
0.0074,0.0000,0.0000,0.0000,0.0073,0.0000,200,0.4429
0.0078,0.0000,0.0000,0.0000,0.0077,0.0000,200,0.4428
0.0073,0.0000,0.0000,0.0000,0.0072,0.0000,200,0.4442
0.0072,0.0000,0.0000,0.0000,0.0071,0.0001,200,0.4503
0.0075,0.0000,0.0000,0.0000,0.0074,0.0001,200,0.4500
0.0069,0.0000,0.0000,0.0000,0.0068,0.0001,200,0.4507
0.0071,0.0000,0.0000,0.0000,0.0066,0.0004,200,0.4515
0.0071,0.0000,0.0000,0.0000,0.0070,0.0001,200,0.4576
0.0074,0.0000,0.0000,0.0000,0.0071,0.0002,200,0.4575
0.0077,0.0000,0.0000,0.0000,0.0074,0.0003,200,0.4576
0.0080,0.0000,0.0000,0.0000,0.0079,0.0001,200,0.4585
0.0068,0.0000,0.0000,0.0000,0.0067,0.0001,200,0.4648
0.0071,0.0000,0.0000,0.0000,0.0070,0.0000,200,0.4646
0.0067,0.0000,0.0000,0.0000,0.0066,0.0001,200,0.4665
0.0088,0.0000,0.0000,0.0000,0.0087,0.0000,200,0.4653
0.0071,0.0000,0.0000,0.0001,0.0070,0.0000,200,0.4717
0.0074,0.0000,0.0000,0.0000,0.0070,0.0004,200,0.4717
0.0069,0.0000,0.0000,0.0000,0.0068,0.0001,200,0.4732
0.0068,0.0000,0.0000,0.0000,0.0067,0.0000,200,0.4741
0.0070,0.0000,0.0000,0.0000,0.0069,0.0001,200,0.4789
0.0067,0.0000,0.0000,0.0000,0.0066,0.0001,200,0.4791
0.0069,0.0000,0.0000,0.0000,0.0066,0.0002,200,0.4801
0.0064,0.0000,0.0000,0.0000,0.0064,0.0000,200,0.4809
0.0072,0.0000,0.0000,0.0000,0.0071,0.0001,200,0.4859
0.0073,0.0000,0.0000,0.0000,0.0072,0.0000,200,0.4859
0.0068,0.0000,0.0000,0.0000,0.0064,0.0003,200,0.4873
0.0072,0.0000,0.0000,0.0000,0.0069,0.0003,200,0.4870
0.0072,0.0000,0.0000,0.0000,0.0071,0.0001,200,0.4931
0.0073,0.0000,0.0000,0.0000,0.0073,0.0000,200,0.4930
0.0071,0.0000,0.0000,0.0000,0.0067,0.0003,200,0.4941
0.0072,0.0000,0.0000,0.0000,0.0072,0.0000,200,0.4941
0.0074,0.0000,0.0000,0.0000,0.0072,0.0001,200,0.5003
0.0074,0.0000,0.0000,0.0000,0.0073,0.0000,200,0.5004
0.0071,0.0000,0.0000,0.0000,0.0070,0.0000,200,0.5012
0.0070,0.0000,0.0000,0.0000,0.0069,0.0000,200,0.5013
0.0073,0.0000,0.0000,0.0000,0.0072,0.0001,200,0.5077
0.0067,0.0000,0.0000,0.0000,0.0067,0.0000,200,0.5083
0.0068,0.0000,0.0000,0.0000,0.0067,0.0000,200,0.5083
0.0082,0.0000,0.0000,0.0000,0.0072,0.0010,200,0.5077
0.0072,0.0000,0.0000,0.0000,0.0070,0.0002,200,0.5151
0.0073,0.0000,0.0000,0.0000,0.0071,0.0002,200,0.5150
0.0074,0.0000,0.0000,0.0000,0.0073,0.0000,200,0.5150
0.0068,0.0000,0.0000,0.0000,0.0068,0.0000,200,0.5159
0.0070,0.0000,0.0000,0.0000,0.0069,0.0001,200,0.5224
0.0072,0.0000,0.0000,0.0000,0.0070,0.0001,200,0.5223
0.0068,0.0000,0.0000,0.0000,0.0068,0.0000,200,0.5228
0.0073,0.0000,0.0000,0.0000,0.0071,0.0001,200,0.5223
0.0071,0.0000,0.0000,0.0000,0.0070,0.0000,200,0.5296
0.0071,0.0000,0.0000,0.0000,0.0070,0.0001,200,0.5296
0.0072,0.0000,0.0000,0.0000,0.0071,0.0001,200,0.5295
0.0073,0.0000,0.0000,0.0000,0.0073,0.0000,200,0.5295
0.0072,0.0000,0.0000,0.0000,0.0071,0.0001,200,0.5367
0.0072,0.0000,0.0000,0.0000,0.0070,0.0001,200,0.5367
0.0075,0.0000,0.0000,0.0000,0.0071,0.0003,200,0.5367
0.0074,0.0000,0.0000,0.0000,0.0073,0.0000,200,0.5368
0.0068,0.0000,0.0000,0.0000,0.0067,0.0001,200,0.5442
0.0070,0.0000,0.0000,0.0000,0.0068,0.0001,200,0.5440
0.0069,0.0000,0.0000,0.0000,0.0068,0.0000,200,0.5442
0.0072,0.0000,0.0000,0.0000,0.0071,0.0000,200,0.5440
0.0071,0.0000,0.0000,0.0000,0.0070,0.0000,200,0.5510
0.0070,0.0000,0.0000,0.0000,0.0068,0.0001,200,0.5512
0.0071,0.0000,0.0000,0.0000,0.0069,0.0001,200,0.5511
0.0074,0.0000,0.0000,0.0000,0.0070,0.0004,200,0.5510
0.0070,0.0000,0.0000,0.0000,0.0068,0.0001,200,0.5582
0.0070,0.0000,0.0000,0.0000,0.0068,0.0001,200,0.5582
0.0074,0.0000,0.0000,0.0000,0.0071,0.0003,200,0.5581
0.0072,0.0000,0.0000,0.0000,0.0070,0.0001,200,0.5584
0.0072,0.0000,0.0000,0.0000,0.0071,0.0001,200,0.5652
0.0068,0.0000,0.0000,0.0000,0.0067,0.0000,200,0.5655
0.0070,0.0000,0.0000,0.0000,0.0069,0.0000,200,0.5654
0.0073,0.0000,0.0000,0.0000,0.0073,0.0000,200,0.5651
0.0069,0.0000,0.0000,0.0000,0.0069,0.0001,200,0.5725
0.0071,0.0000,0.0000,0.0000,0.0070,0.0000,200,0.5723
0.0072,0.0000,0.0000,0.0000,0.0070,0.0002,200,0.5723
0.0087,0.0000,0.0000,0.0000,0.0086,0.0001,200,0.5725
0.0073,0.0000,0.0000,0.0000,0.0072,0.0000,200,0.5794
0.0072,0.0000,0.0000,0.0000,0.0068,0.0004,200,0.5795
0.0076,0.0000,0.0000,0.0000,0.0074,0.0002,200,0.5795
0.0071,0.0000,0.0000,0.0000,0.0069,0.0001,200,0.5811
0.0072,0.0000,0.0000,0.0000,0.0071,0.0001,200,0.5867
0.0072,0.0000,0.0000,0.0000,0.0071,0.0000,200,0.5867
0.0069,0.0000,0.0000,0.0000,0.0069,0.0000,200,0.5871
0.0071,0.0000,0.0000,0.0000,0.0070,0.0000,200,0.5882
0.0075,0.0000,0.0000,0.0000,0.0072,0.0002,200,0.5938
0.0074,0.0000,0.0000,0.0000,0.0072,0.0002,200,0.5940
0.0075,0.0000,0.0000,0.0000,0.0073,0.0001,200,0.5939
0.0070,0.0000,0.0000,0.0000,0.0067,0.0003,200,0.5953
0.0073,0.0000,0.0000,0.0000,0.0072,0.0001,200,0.6013
0.0073,0.0000,0.0000,0.0000,0.0073,0.0000,200,0.6014
0.0074,0.0000,0.0000,0.0000,0.0073,0.0000,200,0.6014
0.0067,0.0000,0.0000,0.0000,0.0067,0.0000,200,0.6023
0.0073,0.0000,0.0000,0.0000,0.0072,0.0001,200,0.6087
0.0070,0.0000,0.0000,0.0000,0.0069,0.0001,200,0.6090
0.0074,0.0000,0.0000,0.0000,0.0073,0.0000,200,0.6087
0.0075,0.0000,0.0000,0.0000,0.0072,0.0002,200,0.6087
0.0070,0.0000,0.0000,0.0000,0.0069,0.0001,200,0.6161
0.0071,0.0000,0.0000,0.0000,0.0070,0.0000,200,0.6162
0.0073,0.0000,0.0000,0.0000,0.0072,0.0001,200,0.6160
0.0074,0.0000,0.0000,0.0000,0.0070,0.0004,200,0.6161
0.0072,0.0000,0.0000,0.0000,0.0070,0.0001,200,0.6233
0.0073,0.0000,0.0000,0.0000,0.0071,0.0002,200,0.6232
0.0074,0.0000,0.0000,0.0000,0.0073,0.0001,200,0.6231
0.0073,0.0000,0.0000,0.0000,0.0072,0.0000,200,0.6234
0.0069,0.0000,0.0000,0.0000,0.0068,0.0001,200,0.6307
0.0072,0.0000,0.0000,0.0000,0.0071,0.0001,200,0.6306
0.0074,0.0000,0.0000,0.0000,0.0071,0.0002,200,0.6305
0.0073,0.0000,0.0000,0.0000,0.0070,0.0003,200,0.6305
0.0069,0.0000,0.0000,0.0000,0.0068,0.0001,200,0.6378
0.0071,0.0000,0.0000,0.0000,0.0070,0.0001,200,0.6375
0.0070,0.0000,0.0000,0.0000,0.0069,0.0000,200,0.6378
0.0069,0.0000,0.0000,0.0000,0.0068,0.0001,200,0.6379
0.0070,0.0000,0.0000,0.0000,0.0069,0.0001,200,0.6448
0.0071,0.0000,0.0000,0.0000,0.0071,0.0000,200,0.6448
0.0075,0.0000,0.0000,0.0000,0.0074,0.0001,200,0.6447
0.0084,0.0000,0.0000,0.0000,0.0084,0.0000,200,0.6447
0.0074,0.0000,0.0000,0.0000,0.0072,0.0001,200,0.6518
0.0073,0.0000,0.0000,0.0000,0.0073,0.0000,200,0.6519
0.0071,0.0000,0.0000,0.0000,0.0071,0.0000,200,0.6522
0.0071,0.0000,0.0000,0.0000,0.0068,0.0003,200,0.6531
0.0076,0.0000,0.0000,0.0000,0.0075,0.0001,200,0.6592
0.0075,0.0000,0.0000,0.0000,0.0074,0.0000,200,0.6593
0.0077,0.0000,0.0000,0.0000,0.0076,0.0000,200,0.6592
0.0076,0.0000,0.0000,0.0000,0.0075,0.0001,200,0.6602
0.0073,0.0000,0.0000,0.0000,0.0072,0.0001,200,0.6668
0.0074,0.0000,0.0000,0.0000,0.0072,0.0002,200,0.6668
0.0077,0.0000,0.0000,0.0000,0.0073,0.0004,200,0.6669
0.0069,0.0000,0.0000,0.0000,0.0067,0.0002,200,0.6678
0.0073,0.0000,0.0000,0.0000,0.0072,0.0001,200,0.6741
0.0068,0.0000,0.0000,0.0000,0.0066,0.0002,200,0.6747
0.0074,0.0000,0.0000,0.0000,0.0074,0.0000,200,0.6742
0.0070,0.0000,0.0000,0.0000,0.0066,0.0004,200,0.6747
0.0073,0.0000,0.0000,0.0000,0.0072,0.0000,200,0.6814
0.0072,0.0000,0.0000,0.0000,0.0070,0.0002,200,0.6815
0.0073,0.0000,0.0000,0.0000,0.0072,0.0000,200,0.6817
0.0073,0.0000,0.0000,0.0000,0.0071,0.0002,200,0.6816
0.0072,0.0000,0.0000,0.0000,0.0070,0.0001,200,0.6888
0.0070,0.0000,0.0000,0.0000,0.0070,0.0000,200,0.6889
0.0071,0.0000,0.0000,0.0000,0.0070,0.0000,200,0.6890
0.0078,0.0000,0.0000,0.0000,0.0078,0.0000,200,0.6887
0.0073,0.0000,0.0000,0.0000,0.0072,0.0001,200,0.6960
0.0072,0.0000,0.0000,0.0000,0.0071,0.0001,200,0.6961
0.0074,0.0000,0.0000,0.0000,0.0074,0.0000,200,0.6960
0.0068,0.0000,0.0000,0.0000,0.0068,0.0000,200,0.6966
0.0072,0.0000,0.0000,0.0000,0.0070,0.0001,200,0.7033
0.0071,0.0000,0.0000,0.0000,0.0070,0.0001,200,0.7034
0.0075,0.0000,0.0000,0.0000,0.0073,0.0002,200,0.7033
0.0074,0.0000,0.0000,0.0000,0.0071,0.0001,200,0.7034
0.0075,0.0000,0.0000,0.0000,0.0074,0.0001,200,0.7108
0.0077,0.0000,0.0000,0.0000,0.0075,0.0001,200,0.7108
0.0081,0.0000,0.0000,0.0000,0.0080,0.0000,200,0.7105
0.0081,0.0000,0.0000,0.0000,0.0081,0.0000,200,0.7105
0.0073,0.0000,0.0000,0.0000,0.0072,0.0001,200,0.7183
0.0070,0.0000,0.0000,0.0000,0.0069,0.0000,200,0.7187
0.0072,0.0000,0.0000,0.0000,0.0072,0.0000,200,0.7185
0.0073,0.0000,0.0000,0.0000,0.0073,0.0000,200,0.7186
0.0074,0.0000,0.0000,0.0000,0.0072,0.0002,200,0.7256
0.0074,0.0000,0.0000,0.0000,0.0072,0.0002,200,0.7257
0.0074,0.0000,0.0000,0.0000,0.0072,0.0002,200,0.7257
0.0073,0.0000,0.0000,0.0000,0.0072,0.0000,200,0.7259
0.0071,0.0000,0.0000,0.0000,0.0070,0.0000,200,0.7330
0.0072,0.0000,0.0000,0.0000,0.0071,0.0000,200,0.7331
0.0073,0.0000,0.0000,0.0000,0.0071,0.0001,200,0.7331
0.0072,0.0000,0.0000,0.0000,0.0068,0.0004,200,0.7332
0.0071,0.0000,0.0000,0.0000,0.0070,0.0000,200,0.7401
0.0069,0.0000,0.0000,0.0000,0.0067,0.0002,200,0.7404
0.0071,0.0000,0.0000,0.0000,0.0070,0.0001,200,0.7402
0.0071,0.0000,0.0000,0.0000,0.0069,0.0002,200,0.7403
0.0070,0.0000,0.0000,0.0000,0.0069,0.0000,200,0.7474
0.0072,0.0000,0.0000,0.0000,0.0072,0.0000,200,0.7472
0.0070,0.0000,0.0000,0.0000,0.0069,0.0001,200,0.7474
0.0072,0.0000,0.0000,0.0000,0.0071,0.0000,200,0.7473
0.0070,0.0000,0.0000,0.0000,0.0068,0.0002,200,0.7545
0.0071,0.0000,0.0000,0.0000,0.0069,0.0002,200,0.7545
0.0073,0.0000,0.0000,0.0000,0.0072,0.0000,200,0.7545
0.0075,0.0000,0.0000,0.0000,0.0071,0.0003,200,0.7544
0.0068,0.0000,0.0000,0.0000,0.0067,0.0001,200,0.7619
0.0072,0.0000,0.0000,0.0000,0.0070,0.0001,200,0.7615
0.0071,0.0000,0.0000,0.0000,0.0069,0.0001,200,0.7618
0.0075,0.0000,0.0000,0.0000,0.0072,0.0002,200,0.7615
0.0073,0.0000,0.0000,0.0000,0.0070,0.0003,200,0.7689
0.0075,0.0000,0.0000,0.0000,0.0071,0.0003,200,0.7687
0.0075,0.0000,0.0000,0.0000,0.0071,0.0003,200,0.7687
0.0072,0.0000,0.0000,0.0000,0.0069,0.0003,200,0.7690
0.0070,0.0000,0.0000,0.0000,0.0069,0.0001,200,0.7762
0.0070,0.0000,0.0000,0.0000,0.0069,0.0001,200,0.7762
0.0073,0.0000,0.0000,0.0000,0.0072,0.0001,200,0.7762
0.0074,0.0000,0.0000,0.0000,0.0071,0.0003,200,0.7761
0.0069,0.0000,0.0000,0.0000,0.0068,0.0001,200,0.7835
0.0073,0.0000,0.0000,0.0000,0.0072,0.0000,200,0.7832
0.0073,0.0000,0.0000,0.0000,0.0071,0.0002,200,0.7832
0.0070,0.0000,0.0000,0.0000,0.0067,0.0002,200,0.7836
0.0072,0.0000,0.0000,0.0000,0.0071,0.0001,200,0.7905
0.0072,0.0000,0.0000,0.0000,0.0069,0.0002,200,0.7905
0.0073,0.0000,0.0000,0.0000,0.0071,0.0002,200,0.7905
0.0075,0.0000,0.0000,0.0000,0.0074,0.0000,200,0.7904
0.0072,0.0000,0.0000,0.0000,0.0069,0.0002,200,0.7977
0.0072,0.0000,0.0000,0.0000,0.0070,0.0002,200,0.7977
0.0071,0.0000,0.0000,0.0000,0.0069,0.0001,200,0.7978
0.0072,0.0000,0.0000,0.0000,0.0072,0.0000,200,0.7978
0.0079,0.0000,0.0000,0.0000,0.0078,0.0000,200,0.8049
0.0080,0.0000,0.0000,0.0000,0.0070,0.0009,200,0.8049
0.0079,0.0000,0.0000,0.0000,0.0079,0.0000,200,0.8050
0.0082,0.0000,0.0000,0.0000,0.0080,0.0003,200,0.8049
0.0068,0.0000,0.0000,0.0000,0.0066,0.0001,200,0.8132
0.0072,0.0000,0.0000,0.0000,0.0070,0.0001,200,0.8128
0.0073,0.0000,0.0000,0.0000,0.0071,0.0001,200,0.8130
0.0075,0.0000,0.0000,0.0000,0.0071,0.0003,200,0.8128
0.0071,0.0000,0.0000,0.0000,0.0070,0.0000,200,0.8200
0.0068,0.0000,0.0000,0.0000,0.0067,0.0001,200,0.8202
0.0072,0.0000,0.0000,0.0000,0.0072,0.0000,200,0.8200
0.0070,0.0000,0.0000,0.0000,0.0068,0.0002,200,0.8203
0.0071,0.0000,0.0000,0.0000,0.0070,0.0000,200,0.8270
0.0070,0.0000,0.0000,0.0000,0.0070,0.0000,200,0.8273
0.0075,0.0000,0.0000,0.0000,0.0074,0.0000,200,0.8271
0.0079,0.0000,0.0000,0.0000,0.0068,0.0010,200,0.8272
0.0077,0.0000,0.0000,0.0000,0.0076,0.0001,200,0.8343
0.0079,0.0000,0.0000,0.0000,0.0078,0.0000,200,0.8342
0.0073,0.0000,0.0000,0.0000,0.0072,0.0001,200,0.8351
0.0091,0.0000,0.0000,0.0014,0.0077,0.0001,200,0.8345
0.0077,0.0000,0.0000,0.0000,0.0074,0.0003,200,0.8421
0.0080,0.0000,0.0000,0.0000,0.0079,0.0000,200,0.8420
0.0079,0.0000,0.0000,0.0000,0.0078,0.0000,200,0.8425
0.0075,0.0000,0.0000,0.0000,0.0074,0.0001,200,0.8436
0.0087,0.0000,0.0000,0.0000,0.0086,0.0001,200,0.8498
0.0086,0.0000,0.0000,0.0000,0.0085,0.0001,200,0.8500
0.0083,0.0000,0.0000,0.0000,0.0083,0.0000,200,0.8504
0.0111,0.0000,0.0000,0.0000,0.0086,0.0025,200,0.8511
0.0083,0.0000,0.0000,0.0000,0.0082,0.0001,200,0.8586
0.0093,0.0000,0.0000,0.0000,0.0080,0.0012,200,0.8587
0.0100,0.0000,0.0000,0.0000,0.0099,0.0001,200,0.8586
0.0083,0.0000,0.0000,0.0000,0.0082,0.0001,200,0.8622
0.0081,0.0000,0.0000,0.0000,0.0080,0.0001,200,0.8669
0.0079,0.0000,0.0000,0.0000,0.0076,0.0003,200,0.8680
0.0076,0.0000,0.0000,0.0000,0.0072,0.0003,200,0.8686
0.0073,0.0000,0.0000,0.0000,0.0070,0.0003,200,0.8705
0.0083,0.0000,0.0000,0.0000,0.0082,0.0000,200,0.8762
0.0087,0.0000,0.0000,0.0000,0.0080,0.0007,200,0.8759
0.0097,0.0000,0.0000,0.0000,0.0096,0.0000,200,0.8749
0.0084,0.0000,0.0000,0.0000,0.0079,0.0005,200,0.8779
0.0082,0.0000,0.0000,0.0000,0.0081,0.0001,200,0.8845
0.0082,0.0000,0.0000,0.0000,0.0082,0.0000,200,0.8846
0.0084,0.0000,0.0000,0.0000,0.0083,0.0000,200,0.8846
0.0078,0.0000,0.0000,0.0000,0.0074,0.0004,200,0.8863
0.0084,0.0000,0.0000,0.0000,0.0083,0.0001,200,0.8930
0.0085,0.0000,0.0000,0.0000,0.0084,0.0000,200,0.8928
0.0087,0.0000,0.0000,0.0000,0.0085,0.0000,200,0.8927
0.0078,0.0000,0.0000,0.0000,0.0076,0.0000,200,0.8942
0.0076,0.0000,0.0000,0.0000,0.0074,0.0001,200,0.9014
0.0077,0.0000,0.0000,0.0000,0.0076,0.0000,200,0.9014
0.0078,0.0000,0.0000,0.0000,0.0077,0.0000,200,0.9014
0.0078,0.0000,0.0000,0.0000,0.0075,0.0003,200,0.9020
0.0083,0.0000,0.0000,0.0000,0.0082,0.0001,200,0.9092
0.0078,0.0000,0.0000,0.0000,0.0078,0.0000,200,0.9098
0.0086,0.0000,0.0000,0.0000,0.0085,0.0000,200,0.9090
0.0087,0.0000,0.0000,0.0000,0.0086,0.0000,200,0.9089
0.0080,0.0000,0.0000,0.0000,0.0079,0.0001,200,0.9175
0.0079,0.0000,0.0000,0.0000,0.0078,0.0000,200,0.9176
0.0083,0.0000,0.0000,0.0000,0.0077,0.0005,200,0.9176
0.0083,0.0000,0.0000,0.0000,0.0082,0.0001,200,0.9176
0.0085,0.0000,0.0000,0.0000,0.0082,0.0002,200,0.9255
0.0082,0.0000,0.0000,0.0000,0.0082,0.0000,200,0.9259
0.0083,0.0000,0.0000,0.0000,0.0082,0.0000,200,0.9259
0.0094,0.0000,0.0000,0.0000,0.0084,0.0010,200,0.9255
0.0078,0.0000,0.0000,0.0000,0.0078,0.0001,200,0.9342
0.0081,0.0000,0.0000,0.0000,0.0080,0.0000,200,0.9341
0.0083,0.0000,0.0000,0.0000,0.0083,0.0000,200,0.9343
0.0078,0.0000,0.0000,0.0000,0.0078,0.0000,200,0.9349
0.0075,0.0000,0.0000,0.0000,0.0075,0.0001,200,0.9427
0.0085,0.0000,0.0000,0.0000,0.0084,0.0001,200,0.9420
0.0083,0.0000,0.0000,0.0000,0.0082,0.0000,200,0.9426
0.0088,0.0000,0.0000,0.0000,0.0077,0.0011,200,0.9422
0.0093,0.0000,0.0000,0.0000,0.0086,0.0006,200,0.9505
0.0092,0.0000,0.0000,0.0000,0.0092,0.0000,200,0.9509
0.0116,0.0000,0.0000,0.0000,0.0110,0.0005,200,0.9503
0.0112,0.0000,0.0000,0.0000,0.0103,0.0008,200,0.9509
0.0079,0.0000,0.0000,0.0000,0.0078,0.0001,200,0.9598
0.0077,0.0000,0.0000,0.0000,0.0076,0.0000,200,0.9601
0.0077,0.0000,0.0000,0.0000,0.0070,0.0006,200,0.9621
0.0088,0.0000,0.0000,0.0000,0.0084,0.0003,200,0.9619
0.0080,0.0000,0.0000,0.0000,0.0079,0.0001,200,0.9678
0.0082,0.0000,0.0000,0.0000,0.0081,0.0000,200,0.9677
0.0089,0.0000,0.0000,0.0000,0.0088,0.0000,200,0.9698
0.0088,0.0000,0.0000,0.0000,0.0077,0.0011,200,0.9707
0.0092,0.0000,0.0000,0.0000,0.0091,0.0001,200,0.9759
0.0097,0.0000,0.0000,0.0000,0.0096,0.0000,200,0.9757
0.0076,0.0000,0.0000,0.0000,0.0073,0.0003,200,0.9794
0.0085,0.0000,0.0000,0.0000,0.0084,0.0000,200,0.9788
0.0086,0.0000,0.0000,0.0000,0.0084,0.0002,200,0.9855
0.0077,0.0000,0.0000,0.0000,0.0076,0.0000,200,0.9873
0.0106,0.0000,0.0000,0.0000,0.0088,0.0018,200,0.9851
0.0103,0.0000,0.0000,0.0000,0.0099,0.0002,200,0.9871
0.0082,0.0000,0.0000,0.0000,0.0081,0.0001,200,0.9941
0.0075,0.0000,0.0000,0.0000,0.0074,0.0000,200,0.9957
0.0088,0.0000,0.0000,0.0000,0.0081,0.0007,200,0.9950
0.0076,0.0000,0.0000,0.0000,0.0074,0.0001,200,0.9974
0.0080,0.0000,0.0000,0.0000,0.0079,0.0001,200,1.0023
0.0072,0.0000,0.0000,0.0000,0.0071,0.0000,200,1.0032
0.0081,0.0000,0.0000,0.0000,0.0080,0.0001,200,1.0038
0.0073,0.0000,0.0000,0.0000,0.0071,0.0001,200,1.0049
0.0074,0.0000,0.0000,0.0000,0.0073,0.0001,200,1.0104
0.0076,0.0000,0.0000,0.0000,0.0075,0.0000,200,1.0103
0.0071,0.0000,0.0000,0.0000,0.0067,0.0004,200,1.0122
0.0086,0.0000,0.0000,0.0000,0.0085,0.0001,200,1.0119
0.0082,0.0000,0.0000,0.0000,0.0081,0.0001,200,1.0179
0.0087,0.0000,0.0000,0.0000,0.0086,0.0000,200,1.0178
0.0080,0.0000,0.0000,0.0000,0.0071,0.0009,200,1.0194
0.0069,0.0000,0.0000,0.0000,0.0069,0.0000,200,1.0205
0.0079,0.0000,0.0000,0.0000,0.0078,0.0001,200,1.0274
0.0093,0.0000,0.0000,0.0000,0.0092,0.0000,200,1.0261
0.0089,0.0000,0.0000,0.0000,0.0089,0.0000,200,1.0265
0.0084,0.0000,0.0000,0.0000,0.0084,0.0000,200,1.0274
0.0081,0.0000,0.0000,0.0000,0.0080,0.0001,200,1.0354
0.0087,0.0000,0.0000,0.0000,0.0087,0.0000,200,1.0353
0.0086,0.0000,0.0000,0.0000,0.0085,0.0000,200,1.0359
0.0112,0.0000,0.0000,0.0000,0.0110,0.0001,200,1.0354
0.0077,0.0000,0.0000,0.0000,0.0076,0.0001,200,1.0445
0.0109,0.0000,0.0000,0.0000,0.0108,0.0001,200,1.0466
0.0139,0.0000,0.0000,0.0000,0.0100,0.0038,200,1.0435
0.0136,0.0000,0.0000,0.0000,0.0133,0.0002,200,1.0440
0.0081,0.0000,0.0000,0.0000,0.0078,0.0003,200,1.0522
0.0097,0.0000,0.0000,0.0000,0.0096,0.0001,200,1.0576
0.0113,0.0000,0.0000,0.0000,0.0112,0.0001,200,1.0575
0.0128,0.0000,0.0000,0.0000,0.0122,0.0005,200,1.0574
0.0120,0.0000,0.0000,0.0000,0.0118,0.0001,200,1.0603
0.0086,0.0000,0.0000,0.0000,0.0085,0.0001,200,1.0673
0.0075,0.0000,0.0000,0.0000,0.0072,0.0002,200,1.0688
0.0071,0.0000,0.0000,0.0000,0.0068,0.0003,200,1.0702
0.0096,0.0000,0.0000,0.0000,0.0090,0.0006,200,1.0722
0.0082,0.0000,0.0000,0.0000,0.0079,0.0002,200,1.0759
0.0082,0.0000,0.0000,0.0000,0.0081,0.0001,200,1.0773
0.0093,0.0000,0.0000,0.0000,0.0092,0.0000,200,1.0763
0.0093,0.0000,0.0000,0.0000,0.0090,0.0002,200,1.0819
0.0078,0.0000,0.0000,0.0000,0.0077,0.0001,200,1.0841
0.0078,0.0000,0.0000,0.0000,0.0077,0.0001,200,1.0856
0.0081,0.0000,0.0000,0.0000,0.0080,0.0000,200,1.0855
0.0091,0.0000,0.0000,0.0000,0.0090,0.0001,200,1.0912
0.0083,0.0000,0.0000,0.0000,0.0083,0.0000,200,1.0919
0.0074,0.0000,0.0000,0.0000,0.0073,0.0000,200,1.0934
0.0082,0.0000,0.0000,0.0000,0.0082,0.0001,200,1.0936
0.0071,0.0000,0.0000,0.0000,0.0069,0.0001,200,1.1008
0.0077,0.0000,0.0000,0.0000,0.0074,0.0002,200,1.1003
0.0078,0.0000,0.0000,0.0000,0.0073,0.0004,200,1.1003
0.0072,0.0000,0.0000,0.0000,0.0070,0.0001,200,1.1019
0.0074,0.0000,0.0000,0.0000,0.0073,0.0000,200,1.1078
0.0076,0.0000,0.0000,0.0000,0.0070,0.0006,200,1.1080
0.0082,0.0000,0.0000,0.0000,0.0077,0.0005,200,1.1080
0.0074,0.0000,0.0000,0.0000,0.0069,0.0005,200,1.1091
0.0076,0.0000,0.0000,0.0000,0.0073,0.0002,200,1.1162
0.0084,0.0000,0.0000,0.0000,0.0083,0.0001,200,1.1156
0.0089,0.0000,0.0000,0.0000,0.0080,0.0009,200,1.1152
0.0077,0.0000,0.0000,0.0000,0.0076,0.0000,200,1.1165
0.0076,0.0000,0.0000,0.0000,0.0075,0.0002,200,1.1240
0.0076,0.0000,0.0000,0.0000,0.0072,0.0004,200,1.1242
0.0081,0.0000,0.0000,0.0000,0.0079,0.0001,200,1.1238
0.0080,0.0000,0.0000,0.0000,0.0078,0.0001,200,1.1241
0.0069,0.0000,0.0000,0.0000,0.0068,0.0001,200,1.1321
0.0073,0.0000,0.0000,0.0000,0.0072,0.0001,200,1.1317
0.0078,0.0000,0.0000,0.0000,0.0078,0.0001,200,1.1318
0.0079,0.0000,0.0000,0.0000,0.0079,0.0000,200,1.1319
0.0073,0.0000,0.0000,0.0000,0.0072,0.0001,200,1.1390
0.0073,0.0000,0.0000,0.0000,0.0072,0.0000,200,1.1390
0.0076,0.0000,0.0000,0.0000,0.0073,0.0001,200,1.1398
0.0079,0.0000,0.0000,0.0000,0.0077,0.0001,200,1.1396
0.0072,0.0000,0.0000,0.0000,0.0071,0.0001,200,1.1463
0.0072,0.0000,0.0000,0.0000,0.0070,0.0002,200,1.1463
0.0075,0.0000,0.0000,0.0000,0.0072,0.0000,200,1.1474
0.0078,0.0000,0.0000,0.0000,0.0070,0.0005,200,1.1474
0.0073,0.0000,0.0000,0.0000,0.0071,0.0001,200,1.1535
0.0073,0.0000,0.0000,0.0000,0.0072,0.0000,200,1.1535
0.0067,0.0000,0.0000,0.0000,0.0065,0.0001,200,1.1552
0.0071,0.0000,0.0000,0.0000,0.0070,0.0000,200,1.1549
0.0073,0.0000,0.0000,0.0000,0.0071,0.0001,200,1.1608
0.0073,0.0000,0.0000,0.0000,0.0073,0.0000,200,1.1607
0.0066,0.0000,0.0000,0.0000,0.0065,0.0000,200,1.1620
0.0070,0.0000,0.0000,0.0000,0.0070,0.0000,200,1.1620
0.0072,0.0000,0.0000,0.0000,0.0071,0.0001,200,1.1681
0.0072,0.0000,0.0000,0.0000,0.0072,0.0000,200,1.1681
0.0066,0.0000,0.0000,0.0000,0.0065,0.0000,200,1.1690
0.0071,0.0000,0.0000,0.0000,0.0070,0.0000,200,1.1686
0.0071,0.0000,0.0000,0.0000,0.0070,0.0001,200,1.1755
0.0069,0.0000,0.0000,0.0000,0.0068,0.0001,200,1.1757
0.0073,0.0000,0.0000,0.0000,0.0072,0.0001,200,1.1753
0.0073,0.0000,0.0000,0.0000,0.0072,0.0000,200,1.1753
0.0072,0.0000,0.0000,0.0000,0.0070,0.0001,200,1.1826
0.0072,0.0000,0.0000,0.0000,0.0070,0.0002,200,1.1826
0.0074,0.0000,0.0000,0.0000,0.0071,0.0003,200,1.1826
0.0075,0.0000,0.0000,0.0000,0.0074,0.0000,200,1.1826
0.0077,0.0000,0.0000,0.0000,0.0073,0.0003,200,1.1899
0.0077,0.0000,0.0000,0.0000,0.0073,0.0004,200,1.1900
0.0079,0.0000,0.0000,0.0000,0.0072,0.0007,200,1.1898
0.0079,0.0000,0.0000,0.0000,0.0078,0.0000,200,1.1901
0.0070,0.0000,0.0000,0.0000,0.0069,0.0001,200,1.1977
0.0070,0.0000,0.0000,0.0000,0.0068,0.0002,200,1.1978
0.0072,0.0000,0.0000,0.0000,0.0070,0.0001,200,1.1975
0.0069,0.0000,0.0000,0.0000,0.0069,0.0000,200,1.1979
0.0072,0.0000,0.0000,0.0000,0.0069,0.0003,200,1.2047
0.0071,0.0000,0.0000,0.0000,0.0068,0.0003,200,1.2049
0.0073,0.0000,0.0000,0.0000,0.0072,0.0000,200,1.2047
0.0079,0.0000,0.0000,0.0000,0.0078,0.0000,200,1.2047
0.0074,0.0000,0.0000,0.0000,0.0073,0.0000,200,1.2120
0.0074,0.0000,0.0000,0.0000,0.0072,0.0001,200,1.2120
0.0075,0.0000,0.0000,0.0000,0.0074,0.0000,200,1.2120
0.0072,0.0000,0.0000,0.0000,0.0071,0.0000,200,1.2126
0.0070,0.0000,0.0000,0.0000,0.0069,0.0001,200,1.2195
0.0071,0.0000,0.0000,0.0000,0.0071,0.0000,200,1.2194
0.0072,0.0000,0.0000,0.0000,0.0071,0.0001,200,1.2194
0.0068,0.0000,0.0000,0.0000,0.0067,0.0001,200,1.2198
0.0071,0.0000,0.0000,0.0000,0.0070,0.0001,200,1.2265
0.0072,0.0000,0.0000,0.0000,0.0070,0.0001,200,1.2265
0.0072,0.0000,0.0000,0.0000,0.0072,0.0000,200,1.2265
0.0073,0.0000,0.0000,0.0000,0.0070,0.0003,200,1.2266
0.0071,0.0000,0.0000,0.0000,0.0070,0.0000,200,1.2339
0.0073,0.0000,0.0000,0.0000,0.0072,0.0000,200,1.2337
0.0074,0.0000,0.0000,0.0000,0.0071,0.0002,200,1.2337
0.0073,0.0000,0.0000,0.0000,0.0072,0.0000,200,1.2338
0.0072,0.0000,0.0000,0.0000,0.0071,0.0001,200,1.2409
0.0072,0.0000,0.0000,0.0000,0.0070,0.0002,200,1.2409
0.0072,0.0000,0.0000,0.0000,0.0072,0.0000,200,1.2411
0.0076,0.0000,0.0000,0.0000,0.0072,0.0004,200,1.2411
0.0067,0.0000,0.0000,0.0000,0.0066,0.0001,200,1.2487
0.0073,0.0000,0.0000,0.0000,0.0072,0.0000,200,1.2482
0.0073,0.0000,0.0000,0.0000,0.0072,0.0001,200,1.2481
0.0072,0.0000,0.0000,0.0000,0.0071,0.0000,200,1.2483
0.0073,0.0000,0.0000,0.0000,0.0071,0.0002,200,1.2555
0.0074,0.0000,0.0000,0.0000,0.0071,0.0003,200,1.2554
0.0075,0.0000,0.0000,0.0000,0.0072,0.0003,200,1.2554
0.0075,0.0000,0.0000,0.0000,0.0072,0.0003,200,1.2554
0.0072,0.0000,0.0000,0.0000,0.0071,0.0000,200,1.2628
0.0071,0.0000,0.0000,0.0000,0.0069,0.0002,200,1.2629
0.0073,0.0000,0.0000,0.0000,0.0073,0.0000,200,1.2629
0.0075,0.0000,0.0000,0.0000,0.0069,0.0006,200,1.2629
0.0070,0.0000,0.0000,0.0000,0.0069,0.0001,200,1.2702
0.0068,0.0000,0.0000,0.0000,0.0067,0.0001,200,1.2704
0.0074,0.0000,0.0000,0.0000,0.0074,0.0000,200,1.2701
0.0075,0.0000,0.0000,0.0000,0.0072,0.0003,200,1.2700
0.0071,0.0000,0.0000,0.0000,0.0070,0.0001,200,1.2772
0.0068,0.0000,0.0000,0.0000,0.0067,0.0001,200,1.2775
0.0068,0.0000,0.0000,0.0000,0.0067,0.0000,200,1.2776
0.0072,0.0000,0.0000,0.0000,0.0071,0.0000,200,1.2772
0.0070,0.0000,0.0000,0.0000,0.0069,0.0001,200,1.2843
0.0071,0.0000,0.0000,0.0000,0.0070,0.0000,200,1.2843
0.0071,0.0000,0.0000,0.0000,0.0070,0.0000,200,1.2844
0.0072,0.0000,0.0000,0.0000,0.0070,0.0001,200,1.2843
0.0073,0.0000,0.0000,0.0000,0.0072,0.0001,200,1.2915
0.0075,0.0000,0.0000,0.0000,0.0074,0.0000,200,1.2914
0.0075,0.0000,0.0000,0.0000,0.0074,0.0001,200,1.2914
0.0074,0.0000,0.0000,0.0000,0.0073,0.0000,200,1.2915
0.0073,0.0000,0.0000,0.0000,0.0072,0.0000,200,1.2988
0.0073,0.0000,0.0000,0.0000,0.0071,0.0002,200,1.2988
0.0073,0.0000,0.0000,0.0000,0.0072,0.0000,200,1.2990
0.0074,0.0000,0.0000,0.0000,0.0073,0.0000,200,1.2989
0.0072,0.0000,0.0000,0.0000,0.0071,0.0000,200,1.3061
0.0072,0.0000,0.0000,0.0000,0.0071,0.0000,200,1.3062
0.0072,0.0000,0.0000,0.0000,0.0070,0.0002,200,1.3062
0.0072,0.0000,0.0000,0.0000,0.0069,0.0002,200,1.3062
0.0069,0.0000,0.0000,0.0000,0.0068,0.0001,200,1.3134
0.0070,0.0000,0.0000,0.0000,0.0069,0.0001,200,1.3133
0.0071,0.0000,0.0000,0.0000,0.0071,0.0000,200,1.3134
0.0074,0.0000,0.0000,0.0000,0.0071,0.0002,200,1.3133
0.0071,0.0000,0.0000,0.0000,0.0069,0.0001,200,1.3203
0.0070,0.0000,0.0000,0.0000,0.0067,0.0003,200,1.3205
0.0073,0.0000,0.0000,0.0000,0.0073,0.0000,200,1.3203
0.0071,0.0000,0.0000,0.0000,0.0069,0.0002,200,1.3207
0.0072,0.0000,0.0000,0.0000,0.0070,0.0002,200,1.3274
0.0069,0.0000,0.0000,0.0000,0.0066,0.0003,200,1.3278
0.0070,0.0000,0.0000,0.0000,0.0068,0.0001,200,1.3277
0.0073,0.0000,0.0000,0.0000,0.0072,0.0000,200,1.3275
0.0074,0.0000,0.0000,0.0000,0.0073,0.0001,200,1.3346
0.0075,0.0000,0.0000,0.0000,0.0072,0.0002,200,1.3347
0.0074,0.0000,0.0000,0.0000,0.0070,0.0003,200,1.3348
0.0075,0.0000,0.0000,0.0000,0.0074,0.0000,200,1.3347
0.0072,0.0000,0.0000,0.0000,0.0071,0.0001,200,1.3420
0.0072,0.0000,0.0000,0.0000,0.0070,0.0001,200,1.3422
0.0072,0.0000,0.0000,0.0000,0.0070,0.0002,200,1.3422
0.0073,0.0000,0.0000,0.0000,0.0071,0.0001,200,1.3422
0.0070,0.0000,0.0000,0.0000,0.0069,0.0000,200,1.3494
0.0072,0.0000,0.0000,0.0000,0.0069,0.0002,200,1.3493
0.0072,0.0000,0.0000,0.0000,0.0072,0.0000,200,1.3494
0.0074,0.0000,0.0000,0.0000,0.0074,0.0000,200,1.3492
0.0073,0.0000,0.0000,0.0000,0.0072,0.0001,200,1.3566
0.0074,0.0000,0.0000,0.0000,0.0073,0.0000,200,1.3567
0.0077,0.0000,0.0000,0.0000,0.0076,0.0000,200,1.3565
0.0079,0.0000,0.0000,0.0000,0.0073,0.0006,200,1.3564
0.0074,0.0000,0.0000,0.0000,0.0073,0.0001,200,1.3641
0.0076,0.0000,0.0000,0.0000,0.0075,0.0001,200,1.3642
0.0079,0.0000,0.0000,0.0000,0.0075,0.0003,200,1.3639
0.0076,0.0000,0.0000,0.0000,0.0074,0.0002,200,1.3643
0.0076,0.0000,0.0000,0.0000,0.0076,0.0000,200,1.3720
0.0077,0.0000,0.0000,0.0000,0.0073,0.0005,200,1.3719
0.0082,0.0000,0.0000,0.0000,0.0077,0.0003,200,1.3715
0.0079,0.0000,0.0000,0.0000,0.0078,0.0000,200,1.3718
0.0078,0.0000,0.0000,0.0000,0.0077,0.0000,200,1.3797
0.0079,0.0000,0.0000,0.0000,0.0078,0.0000,200,1.3796
0.0080,0.0000,0.0000,0.0000,0.0076,0.0004,200,1.3797
0.0084,0.0000,0.0000,0.0000,0.0080,0.0004,200,1.3796
0.0076,0.0000,0.0000,0.0000,0.0074,0.0001,200,1.3875
0.0078,0.0000,0.0000,0.0000,0.0074,0.0004,200,1.3875
0.0074,0.0000,0.0000,0.0000,0.0071,0.0004,200,1.3880
0.0079,0.0000,0.0000,0.0000,0.0074,0.0004,200,1.3877
0.0077,0.0000,0.0000,0.0000,0.0076,0.0001,200,1.3954
0.0076,0.0000,0.0000,0.0000,0.0076,0.0000,200,1.3955
0.0076,0.0000,0.0000,0.0000,0.0076,0.0000,200,1.3956
0.0085,0.0000,0.0000,0.0000,0.0083,0.0002,200,1.3951
0.0081,0.0000,0.0000,0.0000,0.0079,0.0002,200,1.4031
0.0080,0.0000,0.0000,0.0000,0.0078,0.0002,200,1.4032
0.0084,0.0000,0.0000,0.0000,0.0077,0.0007,200,1.4031
0.0080,0.0000,0.0000,0.0000,0.0079,0.0000,200,1.4036
0.0084,0.0000,0.0000,0.0000,0.0079,0.0004,200,1.4112
0.0086,0.0000,0.0000,0.0000,0.0080,0.0005,200,1.4112
0.0088,0.0000,0.0000,0.0000,0.0087,0.0000,200,1.4115
0.0098,0.0000,0.0000,0.0000,0.0097,0.0001,200,1.4116
0.0079,0.0000,0.0000,0.0000,0.0079,0.0000,200,1.4203
0.0088,0.0000,0.0000,0.0000,0.0087,0.0000,200,1.4196
0.0089,0.0000,0.0000,0.0000,0.0075,0.0013,200,1.4198
0.0089,0.0000,0.0000,0.0000,0.0081,0.0007,200,1.4215
0.0083,0.0000,0.0000,0.0000,0.0082,0.0001,200,1.4284
0.0081,0.0000,0.0000,0.0000,0.0081,0.0000,200,1.4287
0.0086,0.0000,0.0000,0.0000,0.0085,0.0000,200,1.4283
0.0080,0.0000,0.0000,0.0000,0.0072,0.0006,200,1.4304
0.0084,0.0000,0.0000,0.0000,0.0083,0.0001,200,1.4369
0.0086,0.0000,0.0000,0.0000,0.0085,0.0001,200,1.4367
0.0087,0.0000,0.0000,0.0000,0.0087,0.0000,200,1.4368
0.0080,0.0000,0.0000,0.0000,0.0078,0.0000,200,1.4383
0.0081,0.0000,0.0000,0.0000,0.0077,0.0004,200,1.4456
0.0088,0.0000,0.0000,0.0000,0.0087,0.0000,200,1.4453
0.0091,0.0000,0.0000,0.0000,0.0079,0.0011,200,1.4453
0.0110,0.0000,0.0000,0.0000,0.0105,0.0005,200,1.4464
0.0092,0.0000,0.0000,0.0000,0.0091,0.0001,200,1.4537
0.0086,0.0000,0.0000,0.0000,0.0085,0.0001,200,1.4543
0.0093,0.0000,0.0000,0.0000,0.0089,0.0004,200,1.4541
0.0082,0.0000,0.0000,0.0000,0.0080,0.0001,200,1.4574
0.0086,0.0000,0.0000,0.0000,0.0085,0.0000,200,1.4629
0.0083,0.0000,0.0000,0.0000,0.0079,0.0004,200,1.4633
0.0088,0.0000,0.0000,0.0000,0.0079,0.0008,200,1.4629
0.0077,0.0000,0.0000,0.0000,0.0076,0.0001,200,1.4656
0.0083,0.0000,0.0000,0.0000,0.0082,0.0001,200,1.4716
0.0088,0.0000,0.0000,0.0000,0.0088,0.0000,200,1.4715
0.0090,0.0000,0.0000,0.0000,0.0089,0.0000,200,1.4716
0.0090,0.0000,0.0000,0.0000,0.0088,0.0001,200,1.4733
0.0080,0.0000,0.0000,0.0002,0.0074,0.0001,200,1.4799
0.0075,0.0000,0.0000,0.0000,0.0074,0.0000,200,1.4806
0.0078,0.0000,0.0000,0.0000,0.0078,0.0000,200,1.4803
0.0074,0.0000,0.0000,0.0000,0.0073,0.0001,200,1.4822
0.0078,0.0000,0.0000,0.0000,0.0075,0.0003,200,1.4881
0.0078,0.0000,0.0000,0.0000,0.0077,0.0001,200,1.4881
0.0081,0.0000,0.0000,0.0000,0.0076,0.0005,200,1.4880
0.0068,0.0000,0.0000,0.0000,0.0067,0.0001,200,1.4896
0.0074,0.0000,0.0000,0.0000,0.0071,0.0003,200,1.4961
0.0077,0.0000,0.0000,0.0000,0.0076,0.0000,200,1.4960
0.0077,0.0000,0.0000,0.0000,0.0076,0.0001,200,1.4960
0.0082,0.0000,0.0000,0.0000,0.0082,0.0001,200,1.4964
0.0074,0.0000,0.0000,0.0000,0.0073,0.0001,200,1.5036
0.0074,0.0000,0.0000,0.0000,0.0073,0.0001,200,1.5037
0.0076,0.0000,0.0000,0.0000,0.0075,0.0001,200,1.5035
0.0067,0.0000,0.0000,0.0000,0.0064,0.0003,200,1.5047
0.0075,0.0000,0.0000,0.0000,0.0071,0.0003,200,1.5111
0.0077,0.0000,0.0000,0.0000,0.0073,0.0003,200,1.5110
0.0078,0.0000,0.0000,0.0000,0.0073,0.0004,200,1.5110
0.0074,0.0000,0.0000,0.0000,0.0069,0.0004,200,1.5114
0.0075,0.0000,0.0000,0.0000,0.0073,0.0002,200,1.5186
0.0074,0.0000,0.0000,0.0000,0.0071,0.0002,200,1.5188
0.0075,0.0000,0.0000,0.0000,0.0074,0.0000,200,1.5188
0.0076,0.0000,0.0000,0.0000,0.0072,0.0004,200,1.5187
0.0074,0.0000,0.0000,0.0000,0.0073,0.0001,200,1.5262
0.0074,0.0000,0.0000,0.0000,0.0073,0.0001,200,1.5262
0.0076,0.0000,0.0000,0.0000,0.0074,0.0002,200,1.5261
0.0076,0.0000,0.0000,0.0000,0.0076,0.0000,200,1.5263
0.0072,0.0000,0.0000,0.0000,0.0071,0.0001,200,1.5336
0.0073,0.0000,0.0000,0.0000,0.0071,0.0001,200,1.5336
0.0071,0.0000,0.0000,0.0000,0.0070,0.0001,200,1.5339
0.0075,0.0000,0.0000,0.0000,0.0071,0.0003,200,1.5338
0.0075,0.0000,0.0000,0.0000,0.0074,0.0000,200,1.5409
0.0075,0.0000,0.0000,0.0000,0.0072,0.0003,200,1.5409
0.0075,0.0000,0.0000,0.0000,0.0070,0.0004,200,1.5410
0.0075,0.0000,0.0000,0.0000,0.0069,0.0006,200,1.5412
0.0075,0.0000,0.0000,0.0000,0.0072,0.0002,200,1.5483
0.0074,0.0000,0.0000,0.0000,0.0074,0.0000,200,1.5485
0.0076,0.0000,0.0000,0.0000,0.0072,0.0003,200,1.5484
0.0075,0.0000,0.0000,0.0000,0.0069,0.0006,200,1.5488
0.0073,0.0000,0.0000,0.0000,0.0072,0.0001,200,1.5558
0.0072,0.0000,0.0000,0.0000,0.0071,0.0001,200,1.5559
0.0073,0.0000,0.0000,0.0000,0.0073,0.0000,200,1.5560
0.0071,0.0000,0.0000,0.0000,0.0070,0.0000,200,1.5562
0.0075,0.0000,0.0000,0.0000,0.0073,0.0002,200,1.5631
0.0075,0.0000,0.0000,0.0000,0.0074,0.0001,200,1.5631
0.0074,0.0000,0.0000,0.0000,0.0072,0.0002,200,1.5633
0.0077,0.0000,0.0000,0.0000,0.0076,0.0000,200,1.5633
0.0073,0.0000,0.0000,0.0000,0.0071,0.0002,200,1.5707
0.0074,0.0000,0.0000,0.0000,0.0072,0.0001,200,1.5707
0.0075,0.0000,0.0000,0.0000,0.0075,0.0000,200,1.5707
0.0073,0.0000,0.0000,0.0000,0.0070,0.0002,200,1.5710
0.0075,0.0000,0.0000,0.0000,0.0074,0.0001,200,1.5780
0.0076,0.0000,0.0000,0.0000,0.0073,0.0002,200,1.5780
0.0081,0.0000,0.0000,0.0000,0.0081,0.0001,200,1.5782
0.0082,0.0000,0.0000,0.0000,0.0081,0.0001,200,1.5782
0.0073,0.0000,0.0000,0.0000,0.0072,0.0001,200,1.5856
0.0074,0.0000,0.0000,0.0000,0.0073,0.0000,200,1.5856
0.0071,0.0000,0.0000,0.0000,0.0070,0.0000,200,1.5865
0.0073,0.0000,0.0000,0.0000,0.0072,0.0000,200,1.5864
0.0079,0.0000,0.0000,0.0000,0.0075,0.0003,200,1.5929
0.0074,0.0000,0.0000,0.0000,0.0069,0.0005,200,1.5935
0.0073,0.0000,0.0000,0.0000,0.0073,0.0000,200,1.5937
0.0084,0.0000,0.0000,0.0000,0.0075,0.0009,200,1.5929
0.0074,0.0000,0.0000,0.0000,0.0073,0.0000,200,1.6010
0.0070,0.0000,0.0000,0.0000,0.0068,0.0002,200,1.6014
0.0077,0.0000,0.0000,0.0000,0.0075,0.0001,200,1.6008
0.0076,0.0000,0.0000,0.0000,0.0075,0.0001,200,1.6010
0.0076,0.0000,0.0000,0.0000,0.0074,0.0001,200,1.6084
0.0077,0.0000,0.0000,0.0000,0.0076,0.0001,200,1.6084
0.0078,0.0000,0.0000,0.0000,0.0075,0.0002,200,1.6085
0.0082,0.0000,0.0000,0.0000,0.0081,0.0000,200,1.6085
0.0074,0.0000,0.0000,0.0000,0.0072,0.0001,200,1.6163
0.0072,0.0000,0.0000,0.0000,0.0072,0.0000,200,1.6167
0.0079,0.0000,0.0000,0.0000,0.0078,0.0000,200,1.6161
0.0079,0.0000,0.0000,0.0000,0.0078,0.0000,200,1.6160
0.0072,0.0000,0.0000,0.0000,0.0071,0.0001,200,1.6239
0.0076,0.0000,0.0000,0.0000,0.0073,0.0002,200,1.6237
0.0075,0.0000,0.0000,0.0000,0.0075,0.0000,200,1.6239
0.0076,0.0000,0.0000,0.0000,0.0072,0.0003,200,1.6239
0.0073,0.0000,0.0000,0.0000,0.0073,0.0001,200,1.6315
0.0075,0.0000,0.0000,0.0000,0.0074,0.0000,200,1.6315
0.0077,0.0000,0.0000,0.0000,0.0077,0.0000,200,1.6313
0.0078,0.0000,0.0000,0.0000,0.0077,0.0000,200,1.6312
0.0079,0.0000,0.0000,0.0000,0.0078,0.0000,200,1.6389
0.0079,0.0000,0.0000,0.0000,0.0076,0.0002,200,1.6390
0.0081,0.0000,0.0000,0.0000,0.0074,0.0006,200,1.6389
0.0079,0.0000,0.0000,0.0000,0.0076,0.0003,200,1.6390
0.0076,0.0000,0.0000,0.0000,0.0075,0.0001,200,1.6468
0.0076,0.0000,0.0000,0.0000,0.0074,0.0002,200,1.6468
0.0077,0.0000,0.0000,0.0000,0.0076,0.0001,200,1.6469
0.0079,0.0000,0.0000,0.0000,0.0078,0.0001,200,1.6469
0.0077,0.0000,0.0000,0.0000,0.0074,0.0003,200,1.6544
0.0075,0.0000,0.0000,0.0000,0.0072,0.0003,200,1.6547
0.0073,0.0000,0.0000,0.0000,0.0069,0.0004,200,1.6549
0.0078,0.0000,0.0000,0.0000,0.0076,0.0002,200,1.6545
0.0075,0.0000,0.0000,0.0000,0.0074,0.0001,200,1.6622
0.0077,0.0000,0.0000,0.0000,0.0074,0.0003,200,1.6622
0.0077,0.0000,0.0000,0.0000,0.0075,0.0002,200,1.6622
0.0078,0.0000,0.0000,0.0000,0.0074,0.0003,200,1.6623
0.0075,0.0000,0.0000,0.0000,0.0073,0.0001,200,1.6697
0.0073,0.0000,0.0000,0.0000,0.0071,0.0002,200,1.6699
0.0075,0.0000,0.0000,0.0000,0.0073,0.0001,200,1.6699
0.0073,0.0000,0.0000,0.0000,0.0073,0.0000,200,1.6700
0.0073,0.0000,0.0000,0.0000,0.0072,0.0001,200,1.6774
0.0077,0.0000,0.0000,0.0000,0.0074,0.0002,200,1.6772
0.0078,0.0000,0.0000,0.0000,0.0075,0.0002,200,1.6772
0.0076,0.0000,0.0000,0.0000,0.0073,0.0003,200,1.6774
0.0074,0.0000,0.0000,0.0000,0.0073,0.0001,200,1.6848
0.0074,0.0000,0.0000,0.0000,0.0073,0.0000,200,1.6849
0.0077,0.0000,0.0000,0.0000,0.0076,0.0000,200,1.6847
0.0076,0.0000,0.0000,0.0000,0.0074,0.0001,200,1.6850
0.0076,0.0000,0.0000,0.0000,0.0073,0.0003,200,1.6923
0.0076,0.0000,0.0000,0.0000,0.0074,0.0002,200,1.6923
0.0078,0.0000,0.0000,0.0000,0.0076,0.0001,200,1.6922
0.0076,0.0000,0.0000,0.0000,0.0075,0.0000,200,1.6925
0.0073,0.0000,0.0000,0.0000,0.0072,0.0001,200,1.6999
0.0075,0.0000,0.0000,0.0000,0.0072,0.0002,200,1.7000
0.0075,0.0000,0.0000,0.0000,0.0073,0.0002,200,1.7000
0.0074,0.0000,0.0000,0.0000,0.0072,0.0002,200,1.7001
0.0072,0.0000,0.0000,0.0000,0.0071,0.0001,200,1.7075
0.0075,0.0000,0.0000,0.0000,0.0074,0.0000,200,1.7074
0.0075,0.0000,0.0000,0.0000,0.0071,0.0004,200,1.7075
0.0078,0.0000,0.0000,0.0000,0.0078,0.0000,200,1.7072
0.0072,0.0000,0.0000,0.0000,0.0070,0.0002,200,1.7149
0.0075,0.0000,0.0000,0.0000,0.0074,0.0001,200,1.7146
0.0072,0.0000,0.0000,0.0000,0.0070,0.0001,200,1.7151
0.0076,0.0000,0.0000,0.0000,0.0076,0.0000,200,1.7150
0.0078,0.0000,0.0000,0.0000,0.0077,0.0001,200,1.7221
0.0076,0.0000,0.0000,0.0000,0.0075,0.0001,200,1.7222
0.0079,0.0000,0.0000,0.0000,0.0078,0.0000,200,1.7221
0.0074,0.0000,0.0000,0.0000,0.0073,0.0000,200,1.7226
0.0075,0.0000,0.0000,0.0000,0.0074,0.0001,200,1.7299
0.0074,0.0000,0.0000,0.0000,0.0072,0.0002,200,1.7300
0.0078,0.0000,0.0000,0.0000,0.0077,0.0000,200,1.7299
0.0078,0.0000,0.0000,0.0000,0.0075,0.0003,200,1.7300
0.0074,0.0000,0.0000,0.0000,0.0073,0.0001,200,1.7374
0.0073,0.0000,0.0000,0.0000,0.0072,0.0001,200,1.7377
0.0077,0.0000,0.0000,0.0000,0.0076,0.0000,200,1.7374
0.0073,0.0000,0.0000,0.0000,0.0071,0.0002,200,1.7378
0.0074,0.0000,0.0000,0.0000,0.0073,0.0001,200,1.7452
0.0075,0.0000,0.0000,0.0000,0.0074,0.0000,200,1.7451
0.0078,0.0000,0.0000,0.0000,0.0077,0.0000,200,1.7449
0.0082,0.0000,0.0000,0.0000,0.0081,0.0000,200,1.7448
0.0072,0.0000,0.0000,0.0000,0.0072,0.0001,200,1.7527
0.0070,0.0000,0.0000,0.0000,0.0068,0.0001,200,1.7530
0.0075,0.0000,0.0000,0.0000,0.0073,0.0001,200,1.7526
0.0075,0.0000,0.0000,0.0000,0.0072,0.0002,200,1.7526
0.0072,0.0000,0.0000,0.0000,0.0071,0.0001,200,1.7600
0.0073,0.0000,0.0000,0.0000,0.0072,0.0000,200,1.7601
0.0074,0.0000,0.0000,0.0000,0.0072,0.0002,200,1.7599
0.0083,0.0000,0.0000,0.0000,0.0080,0.0003,200,1.7601
0.0075,0.0000,0.0000,0.0000,0.0074,0.0001,200,1.7673
0.0075,0.0000,0.0000,0.0000,0.0074,0.0001,200,1.7674
0.0078,0.0000,0.0000,0.0000,0.0077,0.0000,200,1.7672
0.0070,0.0000,0.0000,0.0000,0.0068,0.0001,200,1.7684
0.0077,0.0000,0.0000,0.0000,0.0076,0.0000,200,1.7749
0.0076,0.0000,0.0000,0.0000,0.0073,0.0002,200,1.7750
0.0074,0.0000,0.0000,0.0000,0.0072,0.0002,200,1.7753
0.0081,0.0000,0.0000,0.0000,0.0080,0.0000,200,1.7749
0.0074,0.0000,0.0000,0.0000,0.0073,0.0001,200,1.7830
0.0076,0.0000,0.0000,0.0000,0.0075,0.0001,200,1.7828
0.0082,0.0000,0.0000,0.0000,0.0076,0.0005,200,1.7826
0.0084,0.0000,0.0000,0.0000,0.0084,0.0000,200,1.7825
0.0081,0.0000,0.0000,0.0000,0.0080,0.0001,200,1.7904
0.0080,0.0000,0.0000,0.0000,0.0080,0.0000,200,1.7907
0.0093,0.0000,0.0000,0.0000,0.0092,0.0000,200,1.7904
0.0101,0.0000,0.0000,0.0000,0.0100,0.0001,200,1.7910
0.0081,0.0000,0.0000,0.0000,0.0079,0.0002,200,1.7987
0.0083,0.0000,0.0000,0.0000,0.0079,0.0003,200,1.7985
0.0082,0.0000,0.0000,0.0000,0.0080,0.0001,200,1.7997
0.0076,0.0000,0.0000,0.0000,0.0074,0.0001,200,1.8011
0.0082,0.0000,0.0000,0.0000,0.0079,0.0004,200,1.8068
0.0088,0.0000,0.0000,0.0000,0.0079,0.0008,200,1.8068
0.0082,0.0000,0.0000,0.0000,0.0080,0.0001,200,1.8079
0.0089,0.0000,0.0000,0.0011,0.0077,0.0001,200,1.8087
0.0073,0.0000,0.0000,0.0000,0.0072,0.0001,200,1.8161
0.0080,0.0000,0.0000,0.0000,0.0079,0.0000,200,1.8156
0.0108,0.0000,0.0000,0.0000,0.0107,0.0001,200,1.8151
0.0089,0.0000,0.0000,0.0000,0.0088,0.0000,200,1.8176
0.0084,0.0000,0.0000,0.0000,0.0083,0.0001,200,1.8235
0.0083,0.0000,0.0000,0.0000,0.0079,0.0004,200,1.8236
0.0078,0.0000,0.0000,0.0000,0.0077,0.0001,200,1.8259
0.0073,0.0000,0.0000,0.0000,0.0073,0.0000,200,1.8265
0.0078,0.0000,0.0000,0.0000,0.0077,0.0001,200,1.8319
0.0080,0.0000,0.0000,0.0000,0.0079,0.0001,200,1.8318
0.0086,0.0000,0.0000,0.0000,0.0085,0.0001,200,1.8337
0.0089,0.0000,0.0000,0.0000,0.0088,0.0000,200,1.8339
0.0079,0.0000,0.0000,0.0000,0.0078,0.0001,200,1.8399
0.0082,0.0000,0.0000,0.0000,0.0079,0.0003,200,1.8397
0.0072,0.0000,0.0000,0.0000,0.0071,0.0001,200,1.8427
0.0077,0.0000,0.0000,0.0000,0.0076,0.0000,200,1.8423
0.0082,0.0000,0.0000,0.0000,0.0075,0.0006,200,1.8478
0.0082,0.0000,0.0000,0.0000,0.0081,0.0000,200,1.8479
0.0084,0.0000,0.0000,0.0000,0.0083,0.0001,200,1.8500
0.0089,0.0000,0.0000,0.0000,0.0088,0.0001,200,1.8500
0.0083,0.0000,0.0000,0.0000,0.0082,0.0001,200,1.8560
0.0085,0.0000,0.0000,0.0000,0.0083,0.0002,200,1.8562
0.0075,0.0000,0.0000,0.0000,0.0074,0.0001,200,1.8584
0.0072,0.0000,0.0000,0.0000,0.0071,0.0001,200,1.8589
0.0073,0.0000,0.0000,0.0000,0.0072,0.0000,200,1.8643
0.0071,0.0000,0.0000,0.0000,0.0068,0.0003,200,1.8646
0.0074,0.0000,0.0000,0.0000,0.0072,0.0001,200,1.8659
0.0073,0.0000,0.0000,0.0000,0.0072,0.0001,200,1.8661
0.0072,0.0000,0.0000,0.0000,0.0070,0.0001,200,1.8716
0.0071,0.0000,0.0000,0.0000,0.0070,0.0000,200,1.8717
0.0072,0.0000,0.0000,0.0000,0.0071,0.0001,200,1.8733
0.0073,0.0000,0.0000,0.0000,0.0072,0.0000,200,1.8734
0.0074,0.0000,0.0000,0.0000,0.0072,0.0001,200,1.8788
0.0078,0.0000,0.0000,0.0000,0.0077,0.0000,200,1.8788
0.0074,0.0000,0.0000,0.0000,0.0073,0.0001,200,1.8805
0.0073,0.0000,0.0000,0.0000,0.0072,0.0000,200,1.8807
0.0079,0.0000,0.0000,0.0000,0.0078,0.0000,200,1.8861
0.0075,0.0000,0.0000,0.0000,0.0073,0.0002,200,1.8866
0.0082,0.0000,0.0000,0.0000,0.0080,0.0001,200,1.8879
0.0085,0.0000,0.0000,0.0000,0.0084,0.0001,200,1.8879
0.0075,0.0000,0.0000,0.0000,0.0074,0.0001,200,1.8940
0.0075,0.0000,0.0000,0.0000,0.0074,0.0000,200,1.8941
0.0075,0.0000,0.0000,0.0000,0.0073,0.0001,200,1.8964
0.0078,0.0000,0.0000,0.0000,0.0076,0.0001,200,1.8961
0.0078,0.0000,0.0000,0.0000,0.0075,0.0002,200,1.9016
0.0079,0.0000,0.0000,0.0000,0.0077,0.0002,200,1.9016
0.0072,0.0000,0.0000,0.0000,0.0071,0.0001,200,1.9039
0.0078,0.0000,0.0000,0.0000,0.0077,0.0001,200,1.9039
0.0073,0.0000,0.0000,0.0000,0.0072,0.0001,200,1.9094
0.0074,0.0000,0.0000,0.0000,0.0073,0.0000,200,1.9094
0.0071,0.0000,0.0000,0.0000,0.0070,0.0001,200,1.9111
0.0070,0.0000,0.0000,0.0000,0.0069,0.0000,200,1.9117
0.0074,0.0000,0.0000,0.0000,0.0073,0.0001,200,1.9167
0.0074,0.0000,0.0000,0.0000,0.0073,0.0000,200,1.9168
0.0071,0.0000,0.0000,0.0000,0.0070,0.0001,200,1.9182
0.0071,0.0000,0.0000,0.0000,0.0069,0.0002,200,1.9187
0.0075,0.0000,0.0000,0.0000,0.0074,0.0001,200,1.9242
0.0080,0.0000,0.0000,0.0000,0.0076,0.0004,200,1.9242
0.0077,0.0000,0.0000,0.0000,0.0070,0.0007,200,1.9253
0.0075,0.0000,0.0000,0.0000,0.0074,0.0001,200,1.9258
0.0076,0.0000,0.0000,0.0000,0.0075,0.0001,200,1.9322
0.0082,0.0000,0.0000,0.0000,0.0076,0.0005,200,1.9317
0.0071,0.0000,0.0000,0.0000,0.0070,0.0000,200,1.9333
0.0081,0.0000,0.0000,0.0000,0.0080,0.0001,200,1.9330
0.0077,0.0000,0.0000,0.0000,0.0076,0.0001,200,1.9398
0.0073,0.0000,0.0000,0.0000,0.0071,0.0002,200,1.9404
0.0078,0.0000,0.0000,0.0000,0.0077,0.0000,200,1.9399
0.0069,0.0000,0.0000,0.0000,0.0068,0.0001,200,1.9411
0.0076,0.0000,0.0000,0.0000,0.0075,0.0000,200,1.9475
0.0072,0.0000,0.0000,0.0000,0.0072,0.0000,200,1.9480
0.0076,0.0000,0.0000,0.0000,0.0073,0.0003,200,1.9477
0.0076,0.0000,0.0000,0.0000,0.0075,0.0001,200,1.9477
0.0073,0.0000,0.0000,0.0000,0.0072,0.0001,200,1.9553
0.0076,0.0000,0.0000,0.0000,0.0075,0.0000,200,1.9553
0.0078,0.0000,0.0000,0.0000,0.0078,0.0000,200,1.9551
0.0078,0.0000,0.0000,0.0000,0.0077,0.0000,200,1.9552
0.0077,0.0000,0.0000,0.0000,0.0074,0.0002,200,1.9625
0.0073,0.0000,0.0000,0.0000,0.0073,0.0000,200,1.9629
0.0075,0.0000,0.0000,0.0000,0.0074,0.0001,200,1.9629
0.0075,0.0000,0.0000,0.0000,0.0074,0.0000,200,1.9630
0.0075,0.0000,0.0000,0.0000,0.0074,0.0001,200,1.9702
0.0074,0.0000,0.0000,0.0000,0.0073,0.0001,200,1.9705
0.0077,0.0000,0.0000,0.0000,0.0075,0.0002,200,1.9702
0.0077,0.0000,0.0000,0.0000,0.0077,0.0000,200,1.9704
0.0076,0.0000,0.0000,0.0000,0.0074,0.0001,200,1.9779
0.0073,0.0000,0.0000,0.0000,0.0071,0.0002,200,1.9781
0.0080,0.0000,0.0000,0.0000,0.0079,0.0001,200,1.9778
0.0079,0.0000,0.0000,0.0000,0.0076,0.0003,200,1.9779
0.0075,0.0000,0.0000,0.0000,0.0073,0.0002,200,1.9855
0.0076,0.0000,0.0000,0.0000,0.0073,0.0002,200,1.9855
0.0074,0.0000,0.0000,0.0000,0.0070,0.0004,200,1.9858
0.0075,0.0000,0.0000,0.0000,0.0075,0.0000,200,1.9858
0.0077,0.0000,0.0000,0.0000,0.0075,0.0001,200,1.9932
0.0078,0.0000,0.0000,0.0000,0.0077,0.0000,200,1.9930
0.0075,0.0000,0.0000,0.0000,0.0074,0.0000,200,1.9934
0.0079,0.0000,0.0000,0.0000,0.0078,0.0000,200,1.9930
0.0075,0.0000,0.0000,0.0000,0.0074,0.0001,200,2.0008
0.0077,0.0000,0.0000,0.0000,0.0075,0.0001,200,2.0008
0.0076,0.0000,0.0000,0.0000,0.0076,0.0000,200,2.0008
0.0107,0.0000,0.0000,0.0000,0.0106,0.0001,200,2.0009
0.0076,0.0000,0.0000,0.0000,0.0075,0.0001,200,2.0085
0.0078,0.0000,0.0000,0.0000,0.0077,0.0000,200,2.0083
0.0081,0.0000,0.0000,0.0000,0.0080,0.0000,200,2.0085
0.0077,0.0000,0.0000,0.0000,0.0076,0.0001,200,2.0116
0.0077,0.0000,0.0000,0.0000,0.0075,0.0002,200,2.0161
0.0073,0.0000,0.0000,0.0000,0.0071,0.0002,200,2.0166
0.0078,0.0000,0.0000,0.0000,0.0075,0.0002,200,2.0161
0.0073,0.0000,0.0000,0.0000,0.0072,0.0001,200,2.0193
0.0072,0.0000,0.0000,0.0000,0.0070,0.0002,200,2.0239
0.0073,0.0000,0.0000,0.0000,0.0072,0.0000,200,2.0239
0.0073,0.0000,0.0000,0.0000,0.0073,0.0000,200,2.0239
0.0073,0.0000,0.0000,0.0000,0.0071,0.0001,200,2.0266
0.0073,0.0000,0.0000,0.0000,0.0072,0.0001,200,2.0312
0.0074,0.0000,0.0000,0.0000,0.0074,0.0000,200,2.0311
0.0074,0.0000,0.0000,0.0000,0.0072,0.0002,200,2.0312
0.0070,0.0000,0.0000,0.0000,0.0069,0.0000,200,2.0339
0.0077,0.0000,0.0000,0.0000,0.0075,0.0001,200,2.0384
0.0076,0.0000,0.0000,0.0000,0.0075,0.0000,200,2.0386
0.0077,0.0000,0.0000,0.0000,0.0076,0.0000,200,2.0386
0.0081,0.0000,0.0000,0.0000,0.0078,0.0003,200,2.0409
0.0074,0.0000,0.0000,0.0000,0.0074,0.0000,200,2.0462
0.0076,0.0000,0.0000,0.0000,0.0075,0.0001,200,2.0461
0.0075,0.0000,0.0000,0.0000,0.0072,0.0003,200,2.0462
0.0077,0.0000,0.0000,0.0000,0.0076,0.0001,200,2.0490
0.0075,0.0000,0.0000,0.0000,0.0074,0.0001,200,2.0537
0.0075,0.0000,0.0000,0.0000,0.0069,0.0006,200,2.0538
0.0077,0.0000,0.0000,0.0000,0.0076,0.0000,200,2.0537
0.0073,0.0000,0.0000,0.0000,0.0072,0.0001,200,2.0568
0.0077,0.0000,0.0000,0.0000,0.0074,0.0002,200,2.0613
0.0077,0.0000,0.0000,0.0000,0.0075,0.0002,200,2.0613
0.0077,0.0000,0.0000,0.0000,0.0074,0.0002,200,2.0613
0.0073,0.0000,0.0000,0.0000,0.0070,0.0002,200,2.0641
0.0074,0.0000,0.0000,0.0000,0.0073,0.0001,200,2.0690
0.0075,0.0000,0.0000,0.0000,0.0074,0.0001,200,2.0690
0.0076,0.0000,0.0000,0.0000,0.0074,0.0002,200,2.0689
0.0069,0.0000,0.0000,0.0000,0.0068,0.0001,200,2.0714
0.0077,0.0000,0.0000,0.0000,0.0074,0.0002,200,2.0765
0.0078,0.0000,0.0000,0.0000,0.0075,0.0002,200,2.0764
0.0077,0.0000,0.0000,0.0000,0.0074,0.0003,200,2.0766
0.0082,0.0000,0.0000,0.0000,0.0081,0.0001,200,2.0783
0.0073,0.0000,0.0000,0.0000,0.0073,0.0000,200,2.0841
0.0074,0.0000,0.0000,0.0000,0.0074,0.0000,200,2.0842
0.0077,0.0000,0.0000,0.0000,0.0070,0.0006,200,2.0842
0.0070,0.0000,0.0000,0.0000,0.0069,0.0000,200,2.0865
0.0075,0.0000,0.0000,0.0000,0.0074,0.0001,200,2.0915
0.0072,0.0000,0.0000,0.0000,0.0071,0.0000,200,2.0919
0.0075,0.0000,0.0000,0.0000,0.0074,0.0000,200,2.0916
0.0069,0.0000,0.0000,0.0000,0.0068,0.0001,200,2.0935
0.0075,0.0000,0.0000,0.0000,0.0073,0.0001,200,2.0990
0.0074,0.0000,0.0000,0.0000,0.0073,0.0001,200,2.0991
0.0074,0.0000,0.0000,0.0000,0.0074,0.0000,200,2.0991
0.0068,0.0000,0.0000,0.0000,0.0067,0.0000,200,2.1004
0.0075,0.0000,0.0000,0.0000,0.0074,0.0001,200,2.1065
0.0076,0.0000,0.0000,0.0000,0.0075,0.0000,200,2.1064
0.0077,0.0000,0.0000,0.0000,0.0076,0.0001,200,2.1064
0.0072,0.0000,0.0000,0.0000,0.0071,0.0000,200,2.1072
0.0075,0.0000,0.0000,0.0000,0.0072,0.0003,200,2.1141
0.0076,0.0000,0.0000,0.0000,0.0074,0.0002,200,2.1140
0.0076,0.0000,0.0000,0.0000,0.0074,0.0002,200,2.1141
0.0074,0.0000,0.0000,0.0000,0.0073,0.0000,200,2.1143
0.0073,0.0000,0.0000,0.0000,0.0072,0.0001,200,2.1217
0.0074,0.0000,0.0000,0.0000,0.0073,0.0001,200,2.1217
0.0075,0.0000,0.0000,0.0000,0.0074,0.0000,200,2.1216
0.0079,0.0000,0.0000,0.0000,0.0078,0.0000,200,2.1216
0.0077,0.0000,0.0000,0.0000,0.0074,0.0002,200,2.1290
0.0075,0.0000,0.0000,0.0000,0.0070,0.0005,200,2.1295
0.0080,0.0000,0.0000,0.0000,0.0076,0.0003,200,2.1291
0.0080,0.0000,0.0000,0.0000,0.0074,0.0005,200,2.1290
0.0080,0.0000,0.0000,0.0000,0.0079,0.0000,200,2.1367
0.0078,0.0000,0.0000,0.0000,0.0073,0.0005,200,2.1371
0.0079,0.0000,0.0000,0.0000,0.0072,0.0006,200,2.1370
0.0096,0.0000,0.0000,0.0000,0.0073,0.0022,200,2.1370
0.0083,0.0000,0.0000,0.0000,0.0082,0.0001,200,2.1447
0.0081,0.0000,0.0000,0.0000,0.0080,0.0000,200,2.1449
0.0090,0.0000,0.0000,0.0000,0.0078,0.0011,200,2.1449
0.0089,0.0000,0.0000,0.0000,0.0087,0.0001,200,2.1466
0.0089,0.0000,0.0000,0.0000,0.0085,0.0004,200,2.1530
0.0090,0.0000,0.0000,0.0000,0.0089,0.0001,200,2.1530
0.0094,0.0000,0.0000,0.0000,0.0079,0.0014,200,2.1539
0.0101,0.0000,0.0000,0.0000,0.0099,0.0001,200,2.1555
0.0080,0.0000,0.0000,0.0000,0.0078,0.0000,200,2.1619
0.0083,0.0000,0.0000,0.0000,0.0076,0.0007,200,2.1620
0.0085,0.0000,0.0000,0.0000,0.0082,0.0001,200,2.1633
0.0080,0.0000,0.0000,0.0000,0.0078,0.0001,200,2.1656
0.0091,0.0000,0.0000,0.0000,0.0090,0.0001,200,2.1699
0.0088,0.0000,0.0000,0.0000,0.0088,0.0000,200,2.1703
0.0088,0.0000,0.0000,0.0000,0.0087,0.0001,200,2.1717
0.0083,0.0000,0.0000,0.0000,0.0082,0.0001,200,2.1736
0.0080,0.0000,0.0000,0.0000,0.0078,0.0001,200,2.1790
0.0080,0.0000,0.0000,0.0000,0.0080,0.0000,200,2.1792
0.0093,0.0000,0.0000,0.0000,0.0086,0.0006,200,2.1805
0.0082,0.0000,0.0000,0.0000,0.0081,0.0000,200,2.1818
0.0083,0.0000,0.0000,0.0000,0.0076,0.0006,200,2.1870
0.0082,0.0000,0.0000,0.0000,0.0081,0.0000,200,2.1872
0.0077,0.0000,0.0000,0.0000,0.0073,0.0003,200,2.1900
0.0080,0.0000,0.0000,0.0000,0.0079,0.0000,200,2.1899
0.0081,0.0000,0.0000,0.0000,0.0080,0.0000,200,2.1953
0.0081,0.0000,0.0000,0.0000,0.0076,0.0005,200,2.1954
0.0079,0.0000,0.0000,0.0000,0.0077,0.0001,200,2.1977
0.0091,0.0000,0.0000,0.0000,0.0085,0.0006,200,2.1979
0.0116,0.0000,0.0000,0.0000,0.0090,0.0025,200,2.2036
0.0124,0.0000,0.0000,0.0000,0.0091,0.0032,200,2.2034
0.0102,0.0000,0.0000,0.0000,0.0101,0.0000,200,2.2056
0.0131,0.0000,0.0000,0.0000,0.0130,0.0001,200,2.2070
0.0084,0.0000,0.0000,0.0000,0.0080,0.0004,200,2.2151
0.0078,0.0000,0.0000,0.0000,0.0078,0.0000,200,2.2158
0.0090,0.0000,0.0000,0.0000,0.0089,0.0001,200,2.2158
0.0076,0.0000,0.0000,0.0000,0.0075,0.0001,200,2.2201
0.0086,0.0000,0.0000,0.0000,0.0084,0.0001,200,2.2235
0.0076,0.0000,0.0000,0.0000,0.0074,0.0002,200,2.2248
0.0088,0.0000,0.0000,0.0000,0.0087,0.0000,200,2.2236
0.0083,0.0000,0.0000,0.0000,0.0075,0.0008,200,2.2277
0.0083,0.0000,0.0000,0.0000,0.0082,0.0001,200,2.2325
0.0087,0.0000,0.0000,0.0000,0.0081,0.0005,200,2.2321
0.0089,0.0000,0.0000,0.0000,0.0083,0.0005,200,2.2324
0.0079,0.0000,0.0000,0.0000,0.0072,0.0006,200,2.2360
0.0079,0.0000,0.0000,0.0000,0.0078,0.0001,200,2.2413
0.0084,0.0000,0.0000,0.0001,0.0077,0.0006,200,2.2408
0.0101,0.0000,0.0000,0.0000,0.0094,0.0006,200,2.2408
0.0082,0.0000,0.0000,0.0000,0.0080,0.0001,200,2.2440
0.0092,0.0000,0.0000,0.0000,0.0091,0.0001,200,2.2492
0.0080,0.0000,0.0000,0.0000,0.0079,0.0000,200,2.2508
0.0096,0.0000,0.0000,0.0000,0.0095,0.0000,200,2.2492
0.0088,0.0000,0.0000,0.0000,0.0087,0.0001,200,2.2521
0.0073,0.0000,0.0000,0.0000,0.0070,0.0002,200,2.2588
0.0074,0.0000,0.0000,0.0000,0.0073,0.0000,200,2.2588
0.0081,0.0000,0.0000,0.0000,0.0075,0.0006,200,2.2584
0.0075,0.0000,0.0000,0.0000,0.0074,0.0001,200,2.2610
0.0078,0.0000,0.0000,0.0000,0.0077,0.0001,200,2.2662
0.0080,0.0000,0.0000,0.0000,0.0080,0.0000,200,2.2661
0.0076,0.0000,0.0000,0.0000,0.0076,0.0000,200,2.2665
0.0083,0.0000,0.0000,0.0000,0.0070,0.0013,200,2.2685
0.0075,0.0000,0.0000,0.0000,0.0073,0.0002,200,2.2742
0.0075,0.0000,0.0000,0.0000,0.0074,0.0001,200,2.2741
0.0077,0.0000,0.0000,0.0000,0.0077,0.0000,200,2.2740
0.0073,0.0000,0.0000,0.0000,0.0072,0.0001,200,2.2768
0.0070,0.0000,0.0000,0.0000,0.0069,0.0000,200,2.2816
0.0071,0.0000,0.0000,0.0000,0.0070,0.0000,200,2.2817
0.0087,0.0000,0.0000,0.0000,0.0084,0.0003,200,2.2818
0.0071,0.0000,0.0000,0.0000,0.0069,0.0001,200,2.2841
0.0073,0.0000,0.0000,0.0000,0.0070,0.0002,200,2.2887
0.0072,0.0000,0.0000,0.0000,0.0070,0.0002,200,2.2888
0.0075,0.0000,0.0000,0.0000,0.0074,0.0000,200,2.2905
0.0069,0.0000,0.0000,0.0000,0.0068,0.0000,200,2.2912
0.0073,0.0000,0.0000,0.0000,0.0072,0.0001,200,2.2960
0.0073,0.0000,0.0000,0.0000,0.0073,0.0000,200,2.2960
0.0076,0.0000,0.0000,0.0000,0.0073,0.0003,200,2.2980
0.0078,0.0000,0.0000,0.0000,0.0078,0.0000,200,2.2980
0.0073,0.0000,0.0000,0.0000,0.0072,0.0001,200,2.3032
0.0073,0.0000,0.0000,0.0000,0.0072,0.0000,200,2.3033
0.0072,0.0000,0.0000,0.0000,0.0071,0.0002,200,2.3057
0.0072,0.0000,0.0000,0.0000,0.0070,0.0002,200,2.3058
0.0072,0.0000,0.0000,0.0000,0.0070,0.0001,200,2.3105
0.0072,0.0000,0.0000,0.0000,0.0071,0.0000,200,2.3106
0.0068,0.0000,0.0000,0.0000,0.0068,0.0001,200,2.3130
0.0071,0.0000,0.0000,0.0000,0.0071,0.0000,200,2.3129
0.0084,0.0000,0.0000,0.0000,0.0083,0.0001,200,2.3177
0.0085,0.0000,0.0000,0.0000,0.0085,0.0000,200,2.3178
0.0074,0.0000,0.0000,0.0000,0.0073,0.0001,200,2.3199
0.0073,0.0000,0.0000,0.0000,0.0072,0.0001,200,2.3201
0.0077,0.0000,0.0000,0.0000,0.0076,0.0001,200,2.3261
0.0076,0.0000,0.0000,0.0000,0.0075,0.0001,200,2.3263
0.0071,0.0000,0.0000,0.0000,0.0069,0.0001,200,2.3273
0.0073,0.0000,0.0000,0.0000,0.0069,0.0004,200,2.3272
0.0076,0.0000,0.0000,0.0001,0.0074,0.0001,200,2.3340
0.0078,0.0000,0.0000,0.0000,0.0076,0.0002,200,2.3339
0.0072,0.0000,0.0000,0.0000,0.0072,0.0000,200,2.3345
0.0075,0.0000,0.0000,0.0000,0.0070,0.0005,200,2.3344
0.0075,0.0000,0.0000,0.0000,0.0074,0.0001,200,2.3415
0.0074,0.0000,0.0000,0.0000,0.0069,0.0004,200,2.3417
0.0076,0.0000,0.0000,0.0000,0.0075,0.0001,200,2.3417
0.0075,0.0000,0.0000,0.0000,0.0072,0.0003,200,2.3419
0.0077,0.0000,0.0000,0.0000,0.0076,0.0001,200,2.3490
0.0073,0.0000,0.0000,0.0000,0.0073,0.0000,200,2.3495
0.0074,0.0000,0.0000,0.0000,0.0072,0.0002,200,2.3494
0.0077,0.0000,0.0000,0.0000,0.0075,0.0002,200,2.3491
0.0076,0.0000,0.0000,0.0000,0.0074,0.0002,200,2.3568
0.0077,0.0000,0.0000,0.0000,0.0074,0.0003,200,2.3567
0.0076,0.0000,0.0000,0.0000,0.0073,0.0002,200,2.3568
0.0078,0.0000,0.0000,0.0000,0.0078,0.0000,200,2.3568
0.0075,0.0000,0.0000,0.0000,0.0073,0.0002,200,2.3644
0.0076,0.0000,0.0000,0.0000,0.0076,0.0000,200,2.3644
0.0077,0.0000,0.0000,0.0000,0.0076,0.0000,200,2.3644
0.0076,0.0000,0.0000,0.0000,0.0075,0.0001,200,2.3646
0.0079,0.0000,0.0000,0.0000,0.0073,0.0006,200,2.3721
0.0081,0.0000,0.0000,0.0000,0.0080,0.0000,200,2.3720
0.0079,0.0000,0.0000,0.0000,0.0078,0.0000,200,2.3722
0.0079,0.0000,0.0000,0.0000,0.0079,0.0000,200,2.3721
0.0074,0.0000,0.0000,0.0000,0.0073,0.0001,200,2.3800
0.0076,0.0000,0.0000,0.0000,0.0074,0.0002,200,2.3800
0.0077,0.0000,0.0000,0.0000,0.0077,0.0000,200,2.3800
0.0078,0.0000,0.0000,0.0000,0.0074,0.0004,200,2.3800
0.0073,0.0000,0.0000,0.0000,0.0072,0.0001,200,2.3879
0.0077,0.0000,0.0000,0.0000,0.0077,0.0000,200,2.3875
0.0078,0.0000,0.0000,0.0000,0.0077,0.0001,200,2.3877
0.0077,0.0000,0.0000,0.0000,0.0076,0.0000,200,2.3878
0.0071,0.0000,0.0000,0.0000,0.0070,0.0001,200,2.3955
0.0074,0.0000,0.0000,0.0000,0.0074,0.0000,200,2.3951
0.0073,0.0000,0.0000,0.0000,0.0072,0.0000,200,2.3955
0.0077,0.0000,0.0000,0.0000,0.0074,0.0002,200,2.3952
0.0072,0.0000,0.0000,0.0000,0.0071,0.0001,200,2.4026
0.0072,0.0000,0.0000,0.0000,0.0070,0.0002,200,2.4028
0.0071,0.0000,0.0000,0.0000,0.0069,0.0001,200,2.4029
0.0075,0.0000,0.0000,0.0000,0.0074,0.0000,200,2.4026
0.0074,0.0000,0.0000,0.0000,0.0073,0.0001,200,2.4098
0.0075,0.0000,0.0000,0.0000,0.0072,0.0003,200,2.4100
0.0076,0.0000,0.0000,0.0000,0.0073,0.0002,200,2.4099
0.0075,0.0000,0.0000,0.0000,0.0072,0.0002,200,2.4101
0.0072,0.0000,0.0000,0.0000,0.0071,0.0000,200,2.4176
0.0075,0.0000,0.0000,0.0000,0.0072,0.0002,200,2.4172
0.0075,0.0000,0.0000,0.0000,0.0075,0.0000,200,2.4175
0.0075,0.0000,0.0000,0.0000,0.0075,0.0000,200,2.4175
0.0074,0.0000,0.0000,0.0000,0.0072,0.0001,200,2.4247
0.0074,0.0000,0.0000,0.0000,0.0071,0.0003,200,2.4250
0.0075,0.0000,0.0000,0.0000,0.0073,0.0002,200,2.4250
0.0078,0.0000,0.0000,0.0000,0.0071,0.0006,200,2.4248
0.0077,0.0000,0.0000,0.0000,0.0076,0.0001,200,2.4321
0.0077,0.0000,0.0000,0.0000,0.0072,0.0004,200,2.4326
0.0078,0.0000,0.0000,0.0000,0.0075,0.0003,200,2.4325
0.0078,0.0000,0.0000,0.0000,0.0076,0.0002,200,2.4325
0.0075,0.0000,0.0000,0.0000,0.0073,0.0001,200,2.4398
0.0071,0.0000,0.0000,0.0000,0.0070,0.0000,200,2.4402
0.0073,0.0000,0.0000,0.0000,0.0072,0.0000,200,2.4403
0.0073,0.0000,0.0000,0.0000,0.0071,0.0002,200,2.4403
0.0077,0.0000,0.0000,0.0000,0.0075,0.0002,200,2.4473
0.0078,0.0000,0.0000,0.0000,0.0075,0.0002,200,2.4473
0.0075,0.0000,0.0000,0.0000,0.0072,0.0003,200,2.4476
0.0076,0.0000,0.0000,0.0000,0.0076,0.0000,200,2.4476
0.0075,0.0000,0.0000,0.0000,0.0073,0.0002,200,2.4551
0.0075,0.0000,0.0000,0.0000,0.0074,0.0001,200,2.4551
0.0077,0.0000,0.0000,0.0000,0.0073,0.0003,200,2.4552
0.0078,0.0000,0.0000,0.0000,0.0077,0.0000,200,2.4551
0.0078,0.0000,0.0000,0.0000,0.0077,0.0001,200,2.4625
0.0077,0.0000,0.0000,0.0002,0.0072,0.0002,200,2.4629
0.0081,0.0000,0.0000,0.0000,0.0078,0.0003,200,2.4625
0.0078,0.0000,0.0000,0.0000,0.0074,0.0001,200,2.4629
0.0076,0.0000,0.0000,0.0000,0.0074,0.0002,200,2.4703
0.0075,0.0000,0.0000,0.0000,0.0073,0.0002,200,2.4706
0.0075,0.0000,0.0000,0.0000,0.0073,0.0002,200,2.4707
0.0077,0.0000,0.0000,0.0000,0.0076,0.0000,200,2.4706
0.0072,0.0000,0.0000,0.0000,0.0069,0.0002,200,2.4783
0.0075,0.0000,0.0000,0.0000,0.0071,0.0003,200,2.4780
0.0073,0.0000,0.0000,0.0000,0.0071,0.0002,200,2.4781
0.0084,0.0000,0.0000,0.0000,0.0083,0.0001,200,2.4782
0.0074,0.0000,0.0000,0.0000,0.0073,0.0000,200,2.4855
0.0075,0.0000,0.0000,0.0000,0.0072,0.0003,200,2.4855
0.0080,0.0000,0.0000,0.0000,0.0079,0.0001,200,2.4855
0.0071,0.0000,0.0000,0.0000,0.0070,0.0000,200,2.4865
0.0070,0.0000,0.0000,0.0000,0.0070,0.0001,200,2.4935
0.0076,0.0000,0.0000,0.0000,0.0074,0.0001,200,2.4930
0.0079,0.0000,0.0000,0.0000,0.0079,0.0000,200,2.4928
0.0072,0.0000,0.0000,0.0000,0.0071,0.0000,200,2.4936
0.0073,0.0000,0.0000,0.0000,0.0073,0.0000,200,2.5008
0.0077,0.0000,0.0000,0.0000,0.0076,0.0000,200,2.5005
0.0075,0.0000,0.0000,0.0000,0.0074,0.0000,200,2.5008
0.0077,0.0000,0.0000,0.0000,0.0074,0.0002,200,2.5005
0.0076,0.0000,0.0000,0.0000,0.0073,0.0002,200,2.5083
0.0077,0.0000,0.0000,0.0000,0.0075,0.0002,200,2.5081
0.0076,0.0000,0.0000,0.0000,0.0074,0.0002,200,2.5083
0.0077,0.0000,0.0000,0.0000,0.0076,0.0000,200,2.5082
0.0073,0.0000,0.0000,0.0000,0.0072,0.0001,200,2.5159
0.0075,0.0000,0.0000,0.0000,0.0073,0.0002,200,2.5158
0.0077,0.0000,0.0000,0.0000,0.0074,0.0002,200,2.5158
0.0076,0.0000,0.0000,0.0000,0.0073,0.0002,200,2.5159
0.0073,0.0000,0.0000,0.0000,0.0072,0.0000,200,2.5234
0.0073,0.0000,0.0000,0.0000,0.0070,0.0001,200,2.5235
0.0075,0.0000,0.0000,0.0000,0.0070,0.0004,200,2.5236
0.0078,0.0000,0.0000,0.0000,0.0074,0.0003,200,2.5232
0.0073,0.0000,0.0000,0.0000,0.0072,0.0001,200,2.5307
0.0071,0.0000,0.0000,0.0000,0.0069,0.0002,200,2.5310
0.0072,0.0000,0.0000,0.0000,0.0070,0.0002,200,2.5310
0.0075,0.0000,0.0000,0.0000,0.0074,0.0002,200,2.5308
0.0071,0.0000,0.0000,0.0000,0.0070,0.0001,200,2.5383
0.0074,0.0000,0.0000,0.0000,0.0072,0.0001,200,2.5380
0.0074,0.0000,0.0000,0.0000,0.0073,0.0001,200,2.5382
0.0075,0.0000,0.0000,0.0000,0.0073,0.0001,200,2.5383
0.0074,0.0000,0.0000,0.0000,0.0072,0.0002,200,2.5454
0.0074,0.0000,0.0000,0.0000,0.0070,0.0004,200,2.5456
0.0078,0.0000,0.0000,0.0000,0.0076,0.0002,200,2.5454
0.0074,0.0000,0.0000,0.0000,0.0073,0.0000,200,2.5458
0.0070,0.0000,0.0000,0.0000,0.0068,0.0002,200,2.5532
0.0072,0.0000,0.0000,0.0000,0.0069,0.0003,200,2.5530
0.0075,0.0000,0.0000,0.0000,0.0072,0.0002,200,2.5528
0.0082,0.0000,0.0000,0.0000,0.0081,0.0001,200,2.5531
0.0072,0.0000,0.0000,0.0000,0.0071,0.0001,200,2.5602
0.0074,0.0000,0.0000,0.0000,0.0072,0.0001,200,2.5602
0.0074,0.0000,0.0000,0.0000,0.0073,0.0001,200,2.5602
0.0072,0.0000,0.0000,0.0000,0.0069,0.0003,200,2.5613
0.0075,0.0000,0.0000,0.0000,0.0073,0.0001,200,2.5676
0.0076,0.0000,0.0000,0.0000,0.0073,0.0002,200,2.5677
0.0078,0.0000,0.0000,0.0000,0.0077,0.0000,200,2.5675
0.0080,0.0000,0.0000,0.0000,0.0075,0.0006,200,2.5686
0.0081,0.0000,0.0000,0.0000,0.0079,0.0001,200,2.5751
0.0079,0.0000,0.0000,0.0000,0.0078,0.0001,200,2.5753
0.0081,0.0000,0.0000,0.0000,0.0079,0.0002,200,2.5753
0.0071,0.0000,0.0000,0.0000,0.0070,0.0000,200,2.5766
0.0073,0.0000,0.0000,0.0000,0.0072,0.0001,200,2.5832
0.0073,0.0000,0.0000,0.0000,0.0073,0.0000,200,2.5832
0.0072,0.0000,0.0000,0.0000,0.0072,0.0000,200,2.5834
0.0071,0.0000,0.0000,0.0000,0.0068,0.0002,200,2.5837
0.0073,0.0000,0.0000,0.0000,0.0072,0.0001,200,2.5905
0.0072,0.0000,0.0000,0.0000,0.0070,0.0002,200,2.5907
0.0076,0.0000,0.0000,0.0000,0.0073,0.0002,200,2.5905
0.0075,0.0000,0.0000,0.0000,0.0071,0.0003,200,2.5906
0.0072,0.0000,0.0000,0.0000,0.0070,0.0002,200,2.5981
0.0074,0.0000,0.0000,0.0000,0.0073,0.0001,200,2.5978
0.0076,0.0000,0.0000,0.0000,0.0073,0.0002,200,2.5980
0.0075,0.0000,0.0000,0.0000,0.0073,0.0001,200,2.5981
0.0074,0.0000,0.0000,0.0000,0.0071,0.0002,200,2.6053
0.0074,0.0000,0.0000,0.0000,0.0073,0.0000,200,2.6053
0.0072,0.0000,0.0000,0.0000,0.0071,0.0001,200,2.6056
0.0074,0.0000,0.0000,0.0000,0.0071,0.0002,200,2.6056
0.0074,0.0000,0.0000,0.0000,0.0073,0.0000,200,2.6127
0.0075,0.0000,0.0000,0.0000,0.0073,0.0001,200,2.6129
0.0074,0.0000,0.0000,0.0000,0.0072,0.0002,200,2.6129
0.0078,0.0000,0.0000,0.0000,0.0072,0.0005,200,2.6126
0.0076,0.0000,0.0000,0.0000,0.0073,0.0002,200,2.6201
0.0076,0.0000,0.0000,0.0000,0.0069,0.0006,200,2.6204
0.0077,0.0000,0.0000,0.0000,0.0076,0.0000,200,2.6203
0.0076,0.0000,0.0000,0.0000,0.0076,0.0000,200,2.6203
0.0074,0.0000,0.0000,0.0000,0.0072,0.0002,200,2.6279
0.0074,0.0000,0.0000,0.0000,0.0074,0.0000,200,2.6280
0.0075,0.0000,0.0000,0.0000,0.0072,0.0003,200,2.6280
0.0079,0.0000,0.0000,0.0000,0.0078,0.0000,200,2.6277
0.0072,0.0000,0.0000,0.0000,0.0070,0.0001,200,2.6355
0.0073,0.0000,0.0000,0.0000,0.0070,0.0002,200,2.6354
0.0073,0.0000,0.0000,0.0000,0.0072,0.0001,200,2.6355
0.0076,0.0000,0.0000,0.0000,0.0073,0.0003,200,2.6354
0.0072,0.0000,0.0000,0.0000,0.0072,0.0000,200,2.6429
0.0074,0.0000,0.0000,0.0000,0.0071,0.0002,200,2.6427
0.0078,0.0000,0.0000,0.0000,0.0076,0.0000,200,2.6427
0.0082,0.0000,0.0000,0.0000,0.0081,0.0000,200,2.6431
0.0075,0.0000,0.0000,0.0000,0.0073,0.0001,200,2.6501
0.0072,0.0000,0.0000,0.0000,0.0070,0.0001,200,2.6504
0.0076,0.0000,0.0000,0.0000,0.0075,0.0001,200,2.6501
0.0076,0.0000,0.0000,0.0000,0.0070,0.0006,200,2.6512
0.0075,0.0000,0.0000,0.0000,0.0073,0.0002,200,2.6575
0.0075,0.0000,0.0000,0.0000,0.0073,0.0002,200,2.6576
0.0074,0.0000,0.0000,0.0000,0.0071,0.0003,200,2.6577
0.0074,0.0000,0.0000,0.0000,0.0072,0.0001,200,2.6589
0.0075,0.0000,0.0000,0.0000,0.0072,0.0002,200,2.6651
0.0077,0.0000,0.0000,0.0000,0.0076,0.0000,200,2.6650
0.0077,0.0000,0.0000,0.0000,0.0077,0.0000,200,2.6651
0.0076,0.0000,0.0000,0.0000,0.0075,0.0001,200,2.6662
0.0074,0.0000,0.0000,0.0000,0.0073,0.0001,200,2.6728
0.0076,0.0000,0.0000,0.0000,0.0076,0.0000,200,2.6727
0.0078,0.0000,0.0000,0.0000,0.0076,0.0001,200,2.6726
0.0074,0.0000,0.0000,0.0000,0.0072,0.0002,200,2.6739
0.0073,0.0000,0.0000,0.0000,0.0073,0.0000,200,2.6804
0.0076,0.0000,0.0000,0.0000,0.0076,0.0000,200,2.6802
0.0075,0.0000,0.0000,0.0000,0.0072,0.0003,200,2.6803
0.0071,0.0000,0.0000,0.0000,0.0070,0.0000,200,2.6813
0.0077,0.0000,0.0000,0.0000,0.0075,0.0001,200,2.6879
0.0078,0.0000,0.0000,0.0000,0.0077,0.0000,200,2.6878
0.0081,0.0000,0.0000,0.0000,0.0080,0.0000,200,2.6877
0.0075,0.0000,0.0000,0.0000,0.0072,0.0002,200,2.6883
0.0074,0.0000,0.0000,0.0000,0.0073,0.0001,200,2.6956
0.0074,0.0000,0.0000,0.0000,0.0072,0.0003,200,2.6958
0.0074,0.0000,0.0000,0.0000,0.0071,0.0002,200,2.6958
0.0077,0.0000,0.0000,0.0000,0.0076,0.0000,200,2.6955
0.0069,0.0000,0.0000,0.0000,0.0069,0.0000,200,2.7032
0.0074,0.0000,0.0000,0.0000,0.0071,0.0003,200,2.7032
0.0074,0.0000,0.0000,0.0000,0.0072,0.0002,200,2.7032
0.0077,0.0000,0.0000,0.0000,0.0071,0.0006,200,2.7030
0.0073,0.0000,0.0000,0.0000,0.0070,0.0003,200,2.7106
0.0074,0.0000,0.0000,0.0000,0.0072,0.0002,200,2.7106
0.0079,0.0000,0.0000,0.0000,0.0075,0.0003,200,2.7102
0.0075,0.0000,0.0000,0.0000,0.0074,0.0000,200,2.7106
0.0075,0.0000,0.0000,0.0000,0.0074,0.0001,200,2.7180
0.0076,0.0000,0.0000,0.0000,0.0074,0.0000,200,2.7179
0.0075,0.0000,0.0000,0.0000,0.0073,0.0002,200,2.7181
0.0077,0.0000,0.0000,0.0000,0.0076,0.0000,200,2.7181
0.0076,0.0000,0.0000,0.0000,0.0075,0.0001,200,2.7256
0.0077,0.0000,0.0000,0.0000,0.0071,0.0005,200,2.7255
0.0076,0.0000,0.0000,0.0000,0.0076,0.0000,200,2.7255
0.0087,0.0000,0.0000,0.0000,0.0086,0.0001,200,2.7258
0.0073,0.0000,0.0000,0.0000,0.0071,0.0002,200,2.7332
0.0073,0.0000,0.0000,0.0000,0.0072,0.0001,200,2.7331
0.0075,0.0000,0.0000,0.0000,0.0074,0.0000,200,2.7332
0.0072,0.0000,0.0000,0.0000,0.0071,0.0000,200,2.7345
0.0073,0.0000,0.0000,0.0000,0.0072,0.0001,200,2.7405
0.0075,0.0000,0.0000,0.0000,0.0073,0.0002,200,2.7405
0.0073,0.0000,0.0000,0.0000,0.0071,0.0001,200,2.7407
0.0074,0.0000,0.0000,0.0000,0.0068,0.0006,200,2.7417
0.0072,0.0000,0.0000,0.0000,0.0071,0.0001,200,2.7479
0.0074,0.0000,0.0000,0.0000,0.0071,0.0002,200,2.7478
0.0077,0.0000,0.0000,0.0000,0.0077,0.0000,200,2.7479
0.0076,0.0000,0.0000,0.0000,0.0075,0.0001,200,2.7491
0.0075,0.0000,0.0000,0.0000,0.0074,0.0001,200,2.7551
0.0076,0.0000,0.0000,0.0000,0.0074,0.0002,200,2.7552
0.0074,0.0000,0.0000,0.0000,0.0073,0.0000,200,2.7557
0.0072,0.0000,0.0000,0.0000,0.0070,0.0000,200,2.7568
0.0078,0.0000,0.0000,0.0000,0.0075,0.0003,200,2.7628
0.0080,0.0000,0.0000,0.0000,0.0076,0.0004,200,2.7627
0.0077,0.0000,0.0000,0.0000,0.0071,0.0005,200,2.7631
0.0079,0.0000,0.0000,0.0000,0.0078,0.0001,200,2.7639
0.0073,0.0000,0.0000,0.0000,0.0071,0.0002,200,2.7707
0.0075,0.0000,0.0000,0.0000,0.0071,0.0003,200,2.7708
0.0078,0.0000,0.0000,0.0000,0.0072,0.0006,200,2.7706
0.0070,0.0000,0.0000,0.0000,0.0069,0.0000,200,2.7718
0.0076,0.0000,0.0000,0.0000,0.0074,0.0001,200,2.7780
0.0072,0.0000,0.0000,0.0000,0.0072,0.0000,200,2.7784
0.0075,0.0000,0.0000,0.0000,0.0074,0.0000,200,2.7782
0.0070,0.0000,0.0000,0.0000,0.0069,0.0000,200,2.7788
0.0073,0.0000,0.0000,0.0000,0.0072,0.0001,200,2.7858
0.0076,0.0000,0.0000,0.0000,0.0072,0.0004,200,2.7855
0.0077,0.0000,0.0000,0.0000,0.0075,0.0002,200,2.7856
0.0079,0.0000,0.0000,0.0000,0.0075,0.0003,200,2.7857
0.0073,0.0000,0.0000,0.0000,0.0072,0.0000,200,2.7934
0.0076,0.0000,0.0000,0.0000,0.0073,0.0002,200,2.7931
0.0073,0.0000,0.0000,0.0000,0.0073,0.0000,200,2.7936
0.0078,0.0000,0.0000,0.0000,0.0075,0.0003,200,2.7931
0.0074,0.0000,0.0000,0.0000,0.0073,0.0001,200,2.8007
0.0074,0.0000,0.0000,0.0000,0.0073,0.0000,200,2.8007
0.0074,0.0000,0.0000,0.0000,0.0073,0.0000,200,2.8009
0.0074,0.0000,0.0000,0.0000,0.0071,0.0002,200,2.8010
0.0075,0.0000,0.0000,0.0000,0.0074,0.0001,200,2.8081
0.0074,0.0000,0.0000,0.0000,0.0072,0.0001,200,2.8083
0.0079,0.0000,0.0000,0.0000,0.0078,0.0000,200,2.8080
0.0076,0.0000,0.0000,0.0000,0.0072,0.0003,200,2.8084
0.0074,0.0000,0.0000,0.0000,0.0072,0.0002,200,2.8156
0.0071,0.0000,0.0000,0.0000,0.0069,0.0002,200,2.8159
0.0074,0.0000,0.0000,0.0000,0.0073,0.0001,200,2.8157
0.0072,0.0000,0.0000,0.0000,0.0072,0.0000,200,2.8159
0.0073,0.0000,0.0000,0.0000,0.0070,0.0002,200,2.8232
0.0076,0.0000,0.0000,0.0000,0.0075,0.0000,200,2.8231
0.0077,0.0000,0.0000,0.0000,0.0076,0.0000,200,2.8231
0.0079,0.0000,0.0000,0.0000,0.0071,0.0007,200,2.8230
0.0073,0.0000,0.0000,0.0000,0.0072,0.0001,200,2.8307
0.0077,0.0000,0.0000,0.0000,0.0073,0.0004,200,2.8307
0.0078,0.0000,0.0000,0.0000,0.0077,0.0000,200,2.8309
0.0088,0.0000,0.0000,0.0000,0.0074,0.0013,200,2.8304
0.0086,0.0000,0.0000,0.0000,0.0085,0.0001,200,2.8380
0.0081,0.0000,0.0000,0.0000,0.0080,0.0000,200,2.8385
0.0086,0.0000,0.0000,0.0000,0.0085,0.0001,200,2.8387
0.0084,0.0000,0.0000,0.0000,0.0083,0.0001,200,2.8392
0.0079,0.0000,0.0000,0.0000,0.0078,0.0000,200,2.8473
0.0087,0.0000,0.0000,0.0000,0.0083,0.0004,200,2.8465
0.0087,0.0000,0.0000,0.0000,0.0085,0.0002,200,2.8466
0.0104,0.0000,0.0000,0.0000,0.0085,0.0019,200,2.8477
0.0084,0.0000,0.0000,0.0000,0.0079,0.0005,200,2.8552
0.0091,0.0000,0.0000,0.0000,0.0091,0.0001,200,2.8553
0.0092,0.0000,0.0000,0.0000,0.0091,0.0000,200,2.8553
0.0088,0.0000,0.0000,0.0000,0.0080,0.0008,200,2.8581
0.0091,0.0000,0.0000,0.0000,0.0085,0.0006,200,2.8644
0.0101,0.0000,0.0000,0.0000,0.0100,0.0000,200,2.8636
0.0098,0.0000,0.0000,0.0000,0.0087,0.0010,200,2.8644
0.0080,0.0000,0.0000,0.0000,0.0078,0.0001,200,2.8669
0.0085,0.0000,0.0000,0.0000,0.0084,0.0001,200,2.8736
0.0080,0.0000,0.0000,0.0000,0.0076,0.0003,200,2.8742
0.0087,0.0000,0.0000,0.0000,0.0086,0.0001,200,2.8737
0.0078,0.0000,0.0000,0.0000,0.0077,0.0000,200,2.8749
0.0086,0.0000,0.0000,0.0004,0.0081,0.0001,200,2.8824
0.0089,0.0000,0.0000,0.0000,0.0088,0.0001,200,2.8821
0.0090,0.0000,0.0000,0.0000,0.0089,0.0001,200,2.8821
0.0104,0.0000,0.0000,0.0000,0.0103,0.0001,200,2.8826
0.0078,0.0000,0.0000,0.0000,0.0077,0.0001,200,2.8911
0.0087,0.0000,0.0000,0.0000,0.0084,0.0002,200,2.8909
0.0087,0.0000,0.0000,0.0000,0.0080,0.0006,200,2.8910
0.0080,0.0000,0.0000,0.0000,0.0075,0.0004,200,2.8930
0.0081,0.0000,0.0000,0.0000,0.0078,0.0003,200,2.8997
0.0083,0.0000,0.0000,0.0000,0.0082,0.0000,200,2.8996
0.0090,0.0000,0.0000,0.0000,0.0089,0.0000,200,2.8990
0.0114,0.0000,0.0000,0.0000,0.0106,0.0008,200,2.9010
0.0087,0.0000,0.0000,0.0000,0.0077,0.0010,200,2.9078
0.0103,0.0000,0.0000,0.0000,0.0102,0.0001,200,2.9079
0.0111,0.0000,0.0000,0.0000,0.0106,0.0005,200,2.9079
0.0118,0.0000,0.0000,0.0000,0.0116,0.0001,200,2.9124
0.0080,0.0000,0.0000,0.0000,0.0076,0.0004,200,2.9165
0.0080,0.0000,0.0000,0.0000,0.0079,0.0001,200,2.9183
0.0079,0.0000,0.0000,0.0000,0.0078,0.0001,200,2.9190
0.0092,0.0000,0.0000,0.0000,0.0091,0.0001,200,2.9242
0.0093,0.0000,0.0000,0.0000,0.0093,0.0000,200,2.9245
0.0086,0.0000,0.0000,0.0000,0.0078,0.0008,200,2.9270
0.0106,0.0000,0.0000,0.0000,0.0099,0.0007,200,2.9263
0.0081,0.0000,0.0000,0.0000,0.0079,0.0001,200,2.9334
0.0087,0.0000,0.0000,0.0000,0.0086,0.0001,200,2.9339
0.0114,0.0000,0.0000,0.0000,0.0079,0.0034,200,2.9356
0.0101,0.0000,0.0000,0.0000,0.0100,0.0001,200,2.9368
0.0084,0.0000,0.0000,0.0000,0.0079,0.0005,200,2.9415
0.0076,0.0000,0.0000,0.0000,0.0075,0.0001,200,2.9426
0.0078,0.0000,0.0000,0.0000,0.0077,0.0000,200,2.9470
0.0080,0.0000,0.0000,0.0000,0.0077,0.0003,200,2.9469
0.0076,0.0000,0.0000,0.0000,0.0075,0.0000,200,2.9499
0.0073,0.0000,0.0000,0.0000,0.0071,0.0002,200,2.9502
0.0085,0.0000,0.0000,0.0000,0.0083,0.0001,200,2.9548
0.0088,0.0000,0.0000,0.0000,0.0087,0.0000,200,2.9550
0.0087,0.0000,0.0000,0.0000,0.0082,0.0004,200,2.9575
0.0091,0.0000,0.0000,0.0000,0.0082,0.0008,200,2.9575
0.0095,0.0000,0.0000,0.0000,0.0094,0.0001,200,2.9632
0.0091,0.0000,0.0000,0.0000,0.0089,0.0002,200,2.9637
0.0074,0.0000,0.0000,0.0000,0.0073,0.0001,200,2.9666
0.0080,0.0000,0.0000,0.0000,0.0079,0.0001,200,2.9662
0.0076,0.0000,0.0000,0.0000,0.0075,0.0001,200,2.9728
0.0077,0.0000,0.0000,0.0000,0.0076,0.0001,200,2.9728
0.0070,0.0000,0.0000,0.0000,0.0069,0.0000,200,2.9740
0.0070,0.0000,0.0000,0.0000,0.0069,0.0000,200,2.9742
0.0077,0.0000,0.0000,0.0000,0.0076,0.0000,200,2.9805
0.0073,0.0000,0.0000,0.0000,0.0072,0.0000,200,2.9810
0.0079,0.0000,0.0000,0.0000,0.0075,0.0004,200,2.9804
0.0072,0.0000,0.0000,0.0000,0.0071,0.0000,200,2.9811
0.0075,0.0000,0.0000,0.0000,0.0074,0.0000,200,2.9883
0.0075,0.0000,0.0000,0.0000,0.0073,0.0002,200,2.9883
0.0077,0.0000,0.0000,0.0000,0.0077,0.0000,200,2.9883
0.0080,0.0000,0.0000,0.0000,0.0078,0.0001,200,2.9881
0.0074,0.0000,0.0000,0.0000,0.0073,0.0001,200,2.9958
0.0075,0.0000,0.0000,0.0000,0.0073,0.0002,200,2.9958
0.0073,0.0000,0.0000,0.0000,0.0073,0.0000,200,2.9960
0.0074,0.0000,0.0000,0.0000,0.0073,0.0000,200,2.9961
0.0080,0.0000,0.0000,0.0000,0.0077,0.0002,200,3.0033
0.0079,0.0000,0.0000,0.0000,0.0079,0.0000,200,3.0035
0.0082,0.0000,0.0000,0.0000,0.0080,0.0002,200,3.0034
0.0086,0.0000,0.0000,0.0000,0.0080,0.0006,200,3.0032
0.0076,0.0000,0.0000,0.0000,0.0075,0.0001,200,3.0113
0.0075,0.0000,0.0000,0.0000,0.0075,0.0000,200,3.0116
0.0077,0.0000,0.0000,0.0000,0.0074,0.0003,200,3.0115
0.0077,0.0000,0.0000,0.0000,0.0076,0.0001,200,3.0118
0.0075,0.0000,0.0000,0.0000,0.0074,0.0001,200,3.0189
0.0075,0.0000,0.0000,0.0000,0.0073,0.0002,200,3.0191
0.0074,0.0000,0.0000,0.0000,0.0068,0.0006,200,3.0194
0.0078,0.0000,0.0000,0.0000,0.0076,0.0001,200,3.0191
0.0074,0.0000,0.0000,0.0000,0.0071,0.0003,200,3.0269
0.0077,0.0000,0.0000,0.0000,0.0074,0.0003,200,3.0266
0.0075,0.0000,0.0000,0.0000,0.0073,0.0002,200,3.0269
0.0080,0.0000,0.0000,0.0000,0.0075,0.0005,200,3.0264
0.0076,0.0000,0.0000,0.0000,0.0074,0.0002,200,3.0343
0.0077,0.0000,0.0000,0.0000,0.0076,0.0000,200,3.0343
0.0077,0.0000,0.0000,0.0000,0.0074,0.0002,200,3.0344
0.0077,0.0000,0.0000,0.0000,0.0076,0.0000,200,3.0344
0.0074,0.0000,0.0000,0.0000,0.0072,0.0002,200,3.0419
0.0076,0.0000,0.0000,0.0000,0.0073,0.0003,200,3.0421
0.0078,0.0000,0.0000,0.0000,0.0075,0.0002,200,3.0420
0.0078,0.0000,0.0000,0.0000,0.0076,0.0002,200,3.0420
0.0075,0.0000,0.0000,0.0000,0.0074,0.0001,200,3.0494
0.0074,0.0000,0.0000,0.0000,0.0072,0.0002,200,3.0498
0.0074,0.0000,0.0000,0.0000,0.0071,0.0003,200,3.0498
0.0076,0.0000,0.0000,0.0000,0.0074,0.0002,200,3.0496
0.0075,0.0000,0.0000,0.0000,0.0074,0.0000,200,3.0569
0.0072,0.0000,0.0000,0.0000,0.0069,0.0002,200,3.0572
0.0077,0.0000,0.0000,0.0000,0.0074,0.0003,200,3.0571
0.0076,0.0000,0.0000,0.0000,0.0075,0.0001,200,3.0572
0.0075,0.0000,0.0000,0.0000,0.0073,0.0002,200,3.0644
0.0076,0.0000,0.0000,0.0000,0.0074,0.0002,200,3.0643
0.0074,0.0000,0.0000,0.0000,0.0071,0.0002,200,3.0649
0.0075,0.0000,0.0000,0.0000,0.0073,0.0001,200,3.0648
0.0074,0.0000,0.0000,0.0000,0.0071,0.0003,200,3.0723
0.0078,0.0000,0.0000,0.0000,0.0075,0.0002,200,3.0719
0.0078,0.0000,0.0000,0.0000,0.0075,0.0002,200,3.0720
0.0074,0.0000,0.0000,0.0000,0.0072,0.0002,200,3.0723
0.0075,0.0000,0.0000,0.0000,0.0074,0.0001,200,3.0797
0.0075,0.0000,0.0000,0.0000,0.0072,0.0002,200,3.0798
0.0078,0.0000,0.0000,0.0000,0.0075,0.0002,200,3.0797
0.0078,0.0000,0.0000,0.0000,0.0078,0.0000,200,3.0797
0.0071,0.0000,0.0000,0.0000,0.0069,0.0002,200,3.0875
0.0072,0.0000,0.0000,0.0000,0.0070,0.0001,200,3.0875
0.0077,0.0000,0.0000,0.0000,0.0077,0.0000,200,3.0872
0.0078,0.0000,0.0000,0.0000,0.0075,0.0003,200,3.0873
0.0075,0.0000,0.0000,0.0000,0.0074,0.0000,200,3.0947
0.0076,0.0000,0.0000,0.0000,0.0076,0.0000,200,3.0946
0.0072,0.0000,0.0000,0.0000,0.0070,0.0002,200,3.0951
0.0086,0.0000,0.0000,0.0000,0.0085,0.0001,200,3.0950
0.0076,0.0000,0.0000,0.0000,0.0074,0.0002,200,3.1022
0.0077,0.0000,0.0000,0.0000,0.0074,0.0003,200,3.1023
0.0077,0.0000,0.0000,0.0000,0.0073,0.0004,200,3.1023
0.0070,0.0000,0.0000,0.0000,0.0068,0.0001,200,3.1036
0.0077,0.0000,0.0000,0.0000,0.0076,0.0000,200,3.1100
0.0072,0.0000,0.0000,0.0000,0.0069,0.0003,200,3.1105
0.0080,0.0000,0.0000,0.0000,0.0079,0.0000,200,3.1098
0.0079,0.0000,0.0000,0.0000,0.0076,0.0003,200,3.1100
0.0074,0.0000,0.0000,0.0000,0.0072,0.0002,200,3.1176
0.0074,0.0000,0.0000,0.0000,0.0072,0.0002,200,3.1177
0.0075,0.0000,0.0000,0.0000,0.0074,0.0001,200,3.1178
0.0076,0.0000,0.0000,0.0000,0.0072,0.0004,200,3.1178
0.0074,0.0000,0.0000,0.0000,0.0073,0.0001,200,3.1251
0.0072,0.0000,0.0000,0.0000,0.0070,0.0002,200,3.1253
0.0074,0.0000,0.0000,0.0000,0.0073,0.0000,200,3.1255
0.0079,0.0000,0.0000,0.0000,0.0074,0.0004,200,3.1251
0.0074,0.0000,0.0000,0.0000,0.0073,0.0001,200,3.1325
0.0072,0.0000,0.0000,0.0000,0.0072,0.0001,200,3.1328
0.0071,0.0000,0.0000,0.0000,0.0070,0.0000,200,3.1330
0.0079,0.0000,0.0000,0.0000,0.0078,0.0000,200,3.1325
0.0072,0.0000,0.0000,0.0000,0.0071,0.0000,200,3.1404
0.0078,0.0000,0.0000,0.0000,0.0076,0.0001,200,3.1399
0.0077,0.0000,0.0000,0.0000,0.0071,0.0006,200,3.1401
0.0076,0.0000,0.0000,0.0000,0.0070,0.0006,200,3.1401
0.0078,0.0000,0.0000,0.0004,0.0072,0.0001,200,3.1477
0.0082,0.0000,0.0000,0.0001,0.0080,0.0000,200,3.1479
0.0084,0.0000,0.0000,0.0003,0.0080,0.0000,200,3.1478
0.0086,0.0000,0.0000,0.0004,0.0081,0.0000,200,3.1475
0.0076,0.0000,0.0000,0.0000,0.0074,0.0001,200,3.1554
0.0072,0.0000,0.0000,0.0000,0.0071,0.0000,200,3.1561
0.0071,0.0000,0.0000,0.0000,0.0069,0.0002,200,3.1561
0.0074,0.0000,0.0000,0.0000,0.0071,0.0003,200,3.1561
0.0075,0.0000,0.0000,0.0000,0.0074,0.0001,200,3.1630
0.0071,0.0000,0.0000,0.0000,0.0069,0.0001,200,3.1636
0.0075,0.0000,0.0000,0.0000,0.0074,0.0000,200,3.1633
0.0075,0.0000,0.0000,0.0000,0.0075,0.0000,200,3.1632
0.0074,0.0000,0.0000,0.0000,0.0073,0.0000,200,3.1705
0.0073,0.0000,0.0000,0.0000,0.0072,0.0001,200,3.1706
0.0073,0.0000,0.0000,0.0000,0.0072,0.0000,200,3.1708
0.0074,0.0000,0.0000,0.0000,0.0073,0.0000,200,3.1708
0.0074,0.0000,0.0000,0.0000,0.0073,0.0001,200,3.1779
0.0072,0.0000,0.0000,0.0000,0.0071,0.0000,200,3.1781
0.0075,0.0000,0.0000,0.0000,0.0074,0.0000,200,3.1780
0.0076,0.0000,0.0000,0.0000,0.0075,0.0000,200,3.1779
0.0073,0.0000,0.0000,0.0000,0.0071,0.0001,200,3.1855
0.0075,0.0000,0.0000,0.0000,0.0072,0.0002,200,3.1853
0.0075,0.0000,0.0000,0.0000,0.0075,0.0000,200,3.1853
0.0080,0.0000,0.0000,0.0000,0.0077,0.0003,200,3.1855
0.0074,0.0000,0.0000,0.0000,0.0073,0.0001,200,3.1929
0.0076,0.0000,0.0000,0.0000,0.0073,0.0003,200,3.1928
0.0076,0.0000,0.0000,0.0000,0.0075,0.0000,200,3.1928
0.0074,0.0000,0.0000,0.0000,0.0073,0.0000,200,3.1936
0.0074,0.0000,0.0000,0.0000,0.0073,0.0001,200,3.2004
0.0077,0.0000,0.0000,0.0000,0.0076,0.0000,200,3.2003
0.0070,0.0000,0.0000,0.0000,0.0069,0.0001,200,3.2010
0.0076,0.0000,0.0000,0.0000,0.0075,0.0001,200,3.2004
0.0073,0.0000,0.0000,0.0000,0.0071,0.0002,200,3.2080
0.0074,0.0000,0.0000,0.0000,0.0073,0.0002,200,3.2080
0.0079,0.0000,0.0000,0.0000,0.0075,0.0003,200,3.2078
0.0083,0.0000,0.0000,0.0000,0.0072,0.0011,200,3.2080
0.0077,0.0000,0.0000,0.0000,0.0076,0.0000,200,3.2154
0.0079,0.0000,0.0000,0.0000,0.0077,0.0002,200,3.2153
0.0070,0.0000,0.0000,0.0000,0.0069,0.0000,200,3.2163
0.0080,0.0000,0.0000,0.0000,0.0079,0.0000,200,3.2157
0.0073,0.0000,0.0000,0.0000,0.0070,0.0002,200,3.2233
0.0075,0.0000,0.0000,0.0000,0.0072,0.0002,200,3.2232
0.0071,0.0000,0.0000,0.0000,0.0070,0.0000,200,3.2237
0.0078,0.0000,0.0000,0.0000,0.0071,0.0007,200,3.2232
0.0073,0.0000,0.0000,0.0000,0.0072,0.0001,200,3.2308
0.0072,0.0000,0.0000,0.0000,0.0070,0.0002,200,3.2310
0.0075,0.0000,0.0000,0.0000,0.0074,0.0001,200,3.2306
0.0077,0.0000,0.0000,0.0000,0.0076,0.0000,200,3.2307
0.0072,0.0000,0.0000,0.0000,0.0072,0.0001,200,3.2383
0.0074,0.0000,0.0000,0.0000,0.0073,0.0000,200,3.2382
0.0076,0.0000,0.0000,0.0000,0.0074,0.0002,200,3.2382
0.0078,0.0000,0.0000,0.0000,0.0076,0.0001,200,3.2380
0.0074,0.0000,0.0000,0.0000,0.0072,0.0002,200,3.2456
0.0072,0.0000,0.0000,0.0000,0.0072,0.0000,200,3.2458
0.0077,0.0000,0.0000,0.0000,0.0070,0.0006,200,3.2458
0.0087,0.0000,0.0000,0.0000,0.0085,0.0001,200,3.2456
0.0081,0.0000,0.0000,0.0000,0.0080,0.0001,200,3.2531
0.0082,0.0000,0.0000,0.0000,0.0081,0.0000,200,3.2530
0.0077,0.0000,0.0000,0.0000,0.0076,0.0001,200,3.2535
0.0070,0.0000,0.0000,0.0000,0.0069,0.0000,200,3.2542
0.0077,0.0000,0.0000,0.0000,0.0076,0.0001,200,3.2612
0.0079,0.0000,0.0000,0.0000,0.0078,0.0001,200,3.2612
0.0078,0.0000,0.0000,0.0000,0.0078,0.0000,200,3.2612
0.0082,0.0000,0.0000,0.0000,0.0078,0.0004,200,3.2612
0.0076,0.0000,0.0000,0.0000,0.0075,0.0000,200,3.2694
0.0083,0.0000,0.0000,0.0000,0.0079,0.0004,200,3.2689
0.0083,0.0000,0.0000,0.0000,0.0077,0.0006,200,3.2690
0.0097,0.0000,0.0000,0.0000,0.0082,0.0015,200,3.2690
0.0084,0.0000,0.0000,0.0000,0.0083,0.0000,200,3.2772
0.0083,0.0000,0.0000,0.0000,0.0080,0.0002,200,3.2774
0.0087,0.0000,0.0000,0.0000,0.0080,0.0007,200,3.2770
0.0077,0.0000,0.0000,0.0000,0.0074,0.0003,200,3.2788
0.0080,0.0000,0.0000,0.0000,0.0079,0.0001,200,3.2856
0.0072,0.0000,0.0000,0.0000,0.0072,0.0000,200,3.2865
0.0081,0.0000,0.0000,0.0000,0.0078,0.0002,200,3.2856
0.0084,0.0000,0.0000,0.0000,0.0081,0.0003,200,3.2856
0.0080,0.0000,0.0000,0.0000,0.0080,0.0000,200,3.2941
0.0085,0.0000,0.0000,0.0000,0.0074,0.0011,200,3.2937
0.0086,0.0000,0.0000,0.0001,0.0085,0.0000,200,3.2937
0.0086,0.0000,0.0000,0.0000,0.0085,0.0000,200,3.2938
0.0093,0.0000,0.0000,0.0000,0.0085,0.0008,200,3.3023
0.0095,0.0000,0.0000,0.0000,0.0079,0.0015,200,3.3022
0.0101,0.0000,0.0000,0.0000,0.0084,0.0016,200,3.3021
0.0103,0.0000,0.0000,0.0000,0.0081,0.0022,200,3.3024
0.0089,0.0000,0.0000,0.0000,0.0088,0.0001,200,3.3116
0.0082,0.0000,0.0000,0.0000,0.0081,0.0000,200,3.3127
0.0087,0.0000,0.0000,0.0000,0.0082,0.0005,200,3.3122
0.0095,0.0000,0.0000,0.0000,0.0090,0.0005,200,3.3116
0.0085,0.0000,0.0000,0.0000,0.0079,0.0005,200,3.3206
0.0081,0.0000,0.0000,0.0000,0.0078,0.0003,200,3.3211
0.0086,0.0000,0.0000,0.0000,0.0085,0.0000,200,3.3209
0.0087,0.0000,0.0000,0.0000,0.0082,0.0004,200,3.3209
0.0082,0.0000,0.0000,0.0000,0.0080,0.0001,200,3.3290
0.0080,0.0000,0.0000,0.0000,0.0080,0.0000,200,3.3293
0.0097,0.0000,0.0000,0.0000,0.0093,0.0004,200,3.3294
0.0109,0.0000,0.0000,0.0000,0.0095,0.0013,200,3.3296
0.0092,0.0000,0.0000,0.0000,0.0092,0.0001,200,3.3373
0.0093,0.0000,0.0000,0.0000,0.0092,0.0001,200,3.3372
0.0089,0.0000,0.0000,0.0000,0.0084,0.0004,200,3.3391
0.0086,0.0000,0.0000,0.0000,0.0085,0.0001,200,3.3406
0.0088,0.0000,0.0000,0.0000,0.0082,0.0006,200,3.3466
0.0090,0.0000,0.0000,0.0000,0.0081,0.0009,200,3.3466
0.0083,0.0000,0.0000,0.0000,0.0082,0.0001,200,3.3480
0.0114,0.0000,0.0000,0.0000,0.0113,0.0001,200,3.3492
0.0080,0.0000,0.0000,0.0000,0.0077,0.0001,200,3.3554
0.0083,0.0000,0.0000,0.0000,0.0082,0.0001,200,3.3556
0.0077,0.0000,0.0000,0.0000,0.0076,0.0001,200,3.3563
0.0085,0.0000,0.0000,0.0000,0.0083,0.0001,200,3.3606
0.0084,0.0000,0.0000,0.0000,0.0078,0.0005,200,3.3639
0.0092,0.0000,0.0000,0.0000,0.0090,0.0002,200,3.3633
0.0087,0.0000,0.0000,0.0000,0.0086,0.0000,200,3.3640
0.0085,0.0000,0.0000,0.0000,0.0083,0.0001,200,3.3691
0.0078,0.0000,0.0000,0.0000,0.0077,0.0001,200,3.3723
0.0086,0.0000,0.0000,0.0000,0.0080,0.0006,200,3.3725
0.0086,0.0000,0.0000,0.0000,0.0080,0.0006,200,3.3727
0.0076,0.0000,0.0000,0.0000,0.0075,0.0001,200,3.3775
0.0087,0.0000,0.0000,0.0000,0.0084,0.0002,200,3.3813
0.0104,0.0000,0.0000,0.0000,0.0104,0.0000,200,3.3801
0.0095,0.0000,0.0000,0.0000,0.0093,0.0001,200,3.3811
0.0078,0.0000,0.0000,0.0000,0.0075,0.0002,200,3.3852
0.0085,0.0000,0.0000,0.0000,0.0083,0.0001,200,3.3899
0.0086,0.0000,0.0000,0.0000,0.0083,0.0003,200,3.3906
0.0088,0.0000,0.0000,0.0000,0.0085,0.0002,200,3.3906
0.0074,0.0000,0.0000,0.0000,0.0073,0.0001,200,3.3929
0.0083,0.0000,0.0000,0.0000,0.0078,0.0004,200,3.3992
0.0084,0.0000,0.0000,0.0001,0.0082,0.0000,200,3.3994
0.0094,0.0000,0.0000,0.0001,0.0087,0.0006,200,3.3984
0.0081,0.0000,0.0000,0.0000,0.0074,0.0007,200,3.4003
0.0081,0.0000,0.0000,0.0000,0.0077,0.0003,200,3.4078
0.0076,0.0000,0.0000,0.0000,0.0076,0.0000,200,3.4084
0.0084,0.0000,0.0000,0.0000,0.0082,0.0002,200,3.4078
0.0100,0.0000,0.0000,0.0000,0.0084,0.0015,200,3.4075
0.0078,0.0000,0.0000,0.0000,0.0075,0.0003,200,3.4162
0.0082,0.0000,0.0000,0.0000,0.0077,0.0004,200,3.4159
0.0088,0.0000,0.0000,0.0000,0.0084,0.0004,200,3.4161
0.0090,0.0000,0.0000,0.0000,0.0089,0.0001,200,3.4175
0.0091,0.0000,0.0000,0.0000,0.0090,0.0001,200,3.4240
0.0094,0.0000,0.0000,0.0000,0.0093,0.0000,200,3.4241
0.0088,0.0000,0.0000,0.0000,0.0087,0.0000,200,3.4249
0.0100,0.0000,0.0000,0.0000,0.0089,0.0010,200,3.4265
0.0083,0.0000,0.0000,0.0000,0.0081,0.0001,200,3.4335
0.0085,0.0000,0.0000,0.0000,0.0085,0.0000,200,3.4337
0.0106,0.0000,0.0000,0.0020,0.0085,0.0001,200,3.4331
0.0086,0.0000,0.0000,0.0000,0.0082,0.0003,200,3.4365
0.0082,0.0000,0.0000,0.0000,0.0081,0.0001,200,3.4422
0.0101,0.0000,0.0000,0.0000,0.0097,0.0001,200,3.4418
0.0097,0.0000,0.0000,0.0000,0.0096,0.0001,200,3.4437
0.0098,0.0000,0.0000,0.0000,0.0097,0.0001,200,3.4451
0.0084,0.0000,0.0000,0.0000,0.0083,0.0001,200,3.4505
0.0082,0.0000,0.0000,0.0000,0.0081,0.0001,200,3.4519
0.0084,0.0000,0.0000,0.0000,0.0081,0.0003,200,3.4535
0.0086,0.0000,0.0000,0.0000,0.0076,0.0010,200,3.4550
0.0093,0.0000,0.0000,0.0000,0.0092,0.0000,200,3.4589
0.0090,0.0000,0.0000,0.0000,0.0077,0.0013,200,3.4602
0.0079,0.0000,0.0000,0.0000,0.0078,0.0001,200,3.4619
0.0077,0.0000,0.0000,0.0000,0.0076,0.0001,200,3.4636
0.0092,0.0000,0.0000,0.0000,0.0078,0.0014,200,3.4681
0.0083,0.0000,0.0000,0.0000,0.0082,0.0000,200,3.4692
0.0084,0.0000,0.0000,0.0000,0.0084,0.0000,200,3.4698
0.0094,0.0000,0.0000,0.0000,0.0090,0.0004,200,3.4713
0.0082,0.0000,0.0000,0.0000,0.0081,0.0001,200,3.4775
0.0084,0.0000,0.0000,0.0000,0.0083,0.0001,200,3.4773
0.0077,0.0000,0.0000,0.0000,0.0076,0.0000,200,3.4783
0.0108,0.0000,0.0000,0.0000,0.0106,0.0001,200,3.4808
0.0113,0.0000,0.0000,0.0000,0.0111,0.0002,200,3.4858
0.0116,0.0000,0.0000,0.0000,0.0112,0.0004,200,3.4860
0.0124,0.0000,0.0000,0.0000,0.0109,0.0014,200,3.4858
0.0084,0.0000,0.0000,0.0000,0.0082,0.0001,200,3.4915
0.0082,0.0000,0.0000,0.0000,0.0081,0.0001,200,3.4971
0.0083,0.0000,0.0000,0.0000,0.0082,0.0001,200,3.4975
0.0085,0.0000,0.0000,0.0000,0.0084,0.0000,200,3.4981
0.0089,0.0000,0.0000,0.0000,0.0088,0.0001,200,3.4999
0.0089,0.0000,0.0000,0.0000,0.0086,0.0003,200,3.5053
0.0086,0.0000,0.0000,0.0000,0.0085,0.0000,200,3.5059
0.0087,0.0000,0.0000,0.0000,0.0072,0.0014,200,3.5066
0.0077,0.0000,0.0000,0.0000,0.0072,0.0004,200,3.5088
0.0074,0.0000,0.0000,0.0000,0.0073,0.0001,200,3.5142
0.0073,0.0000,0.0000,0.0000,0.0071,0.0002,200,3.5145
0.0075,0.0000,0.0000,0.0000,0.0073,0.0002,200,3.5153
0.0072,0.0000,0.0000,0.0000,0.0071,0.0001,200,3.5165
0.0081,0.0000,0.0000,0.0000,0.0080,0.0000,200,3.5216
0.0080,0.0000,0.0000,0.0000,0.0077,0.0002,200,3.5218
0.0076,0.0000,0.0000,0.0000,0.0073,0.0002,200,3.5228
0.0071,0.0000,0.0000,0.0000,0.0070,0.0001,200,3.5237
0.0077,0.0000,0.0000,0.0000,0.0074,0.0003,200,3.5298
0.0072,0.0000,0.0000,0.0000,0.0072,0.0000,200,3.5303
0.0080,0.0000,0.0000,0.0000,0.0075,0.0005,200,3.5297
0.0071,0.0000,0.0000,0.0000,0.0071,0.0000,200,3.5308
0.0074,0.0000,0.0000,0.0000,0.0073,0.0001,200,3.5377
0.0075,0.0000,0.0000,0.0000,0.0074,0.0001,200,3.5376
0.0077,0.0000,0.0000,0.0000,0.0076,0.0000,200,3.5376
0.0073,0.0000,0.0000,0.0000,0.0071,0.0001,200,3.5379
0.0073,0.0000,0.0000,0.0000,0.0072,0.0001,200,3.5452
0.0074,0.0000,0.0000,0.0000,0.0072,0.0002,200,3.5451
0.0075,0.0000,0.0000,0.0000,0.0075,0.0000,200,3.5452
0.0077,0.0000,0.0000,0.0000,0.0075,0.0002,200,3.5451
0.0073,0.0000,0.0000,0.0000,0.0072,0.0001,200,3.5525
0.0072,0.0000,0.0000,0.0000,0.0072,0.0000,200,3.5528
0.0078,0.0000,0.0000,0.0000,0.0072,0.0006,200,3.5525
0.0076,0.0000,0.0000,0.0000,0.0075,0.0000,200,3.5528
0.0072,0.0000,0.0000,0.0000,0.0071,0.0001,200,3.5604
0.0076,0.0000,0.0000,0.0000,0.0075,0.0001,200,3.5600
0.0074,0.0000,0.0000,0.0000,0.0074,0.0000,200,3.5603
0.0080,0.0000,0.0000,0.0000,0.0076,0.0003,200,3.5598
0.0072,0.0000,0.0000,0.0000,0.0071,0.0001,200,3.5677
0.0073,0.0000,0.0000,0.0000,0.0071,0.0002,200,3.5678
0.0077,0.0000,0.0000,0.0000,0.0073,0.0003,200,3.5675
0.0077,0.0000,0.0000,0.0000,0.0075,0.0002,200,3.5675
0.0073,0.0000,0.0000,0.0000,0.0069,0.0003,200,3.5752
0.0073,0.0000,0.0000,0.0000,0.0071,0.0002,200,3.5751
0.0077,0.0000,0.0000,0.0000,0.0073,0.0003,200,3.5749
0.0075,0.0000,0.0000,0.0000,0.0074,0.0000,200,3.5752
0.0072,0.0000,0.0000,0.0000,0.0071,0.0001,200,3.5827
0.0074,0.0000,0.0000,0.0000,0.0073,0.0000,200,3.5824
0.0078,0.0000,0.0000,0.0000,0.0077,0.0000,200,3.5825
0.0077,0.0000,0.0000,0.0000,0.0072,0.0005,200,3.5826
0.0076,0.0000,0.0000,0.0000,0.0074,0.0001,200,3.5899
0.0076,0.0000,0.0000,0.0000,0.0075,0.0001,200,3.5899
0.0074,0.0000,0.0000,0.0000,0.0074,0.0000,200,3.5903
0.0075,0.0000,0.0000,0.0000,0.0075,0.0000,200,3.5903
0.0077,0.0000,0.0000,0.0000,0.0072,0.0004,200,3.5974
0.0079,0.0000,0.0000,0.0000,0.0077,0.0001,200,3.5974
0.0077,0.0000,0.0000,0.0000,0.0074,0.0002,200,3.5978
0.0078,0.0000,0.0000,0.0000,0.0075,0.0003,200,3.5978
0.0077,0.0000,0.0000,0.0000,0.0076,0.0000,200,3.6051
0.0076,0.0000,0.0000,0.0000,0.0074,0.0002,200,3.6053
0.0074,0.0000,0.0000,0.0000,0.0072,0.0002,200,3.6056
0.0076,0.0000,0.0000,0.0000,0.0073,0.0002,200,3.6054
0.0073,0.0000,0.0000,0.0000,0.0071,0.0001,200,3.6130
0.0076,0.0000,0.0000,0.0000,0.0073,0.0002,200,3.6130
0.0078,0.0000,0.0000,0.0000,0.0075,0.0003,200,3.6128
0.0078,0.0000,0.0000,0.0000,0.0074,0.0003,200,3.6129
0.0076,0.0000,0.0000,0.0000,0.0075,0.0001,200,3.6203
0.0073,0.0000,0.0000,0.0000,0.0071,0.0002,200,3.6207
0.0073,0.0000,0.0000,0.0000,0.0071,0.0002,200,3.6207
0.0075,0.0000,0.0000,0.0000,0.0072,0.0002,200,3.6206
0.0073,0.0000,0.0000,0.0000,0.0072,0.0001,200,3.6280
0.0073,0.0000,0.0000,0.0000,0.0071,0.0001,200,3.6280
0.0076,0.0000,0.0000,0.0000,0.0075,0.0001,200,3.6279
0.0075,0.0000,0.0000,0.0000,0.0074,0.0000,200,3.6281
0.0073,0.0000,0.0000,0.0000,0.0070,0.0003,200,3.6356
0.0075,0.0000,0.0000,0.0000,0.0072,0.0003,200,3.6353
0.0076,0.0000,0.0000,0.0000,0.0073,0.0002,200,3.6353
0.0077,0.0000,0.0000,0.0000,0.0077,0.0000,200,3.6355
0.0076,0.0000,0.0000,0.0000,0.0075,0.0001,200,3.6429
0.0080,0.0000,0.0000,0.0000,0.0079,0.0000,200,3.6429
0.0081,0.0000,0.0000,0.0000,0.0080,0.0000,200,3.6429
0.0081,0.0000,0.0000,0.0000,0.0080,0.0000,200,3.6432
0.0075,0.0000,0.0000,0.0000,0.0072,0.0002,200,3.6508
0.0074,0.0000,0.0000,0.0000,0.0073,0.0000,200,3.6509
0.0083,0.0000,0.0000,0.0000,0.0080,0.0002,200,3.6505
0.0075,0.0000,0.0000,0.0000,0.0071,0.0003,200,3.6512
0.0076,0.0000,0.0000,0.0000,0.0074,0.0002,200,3.6583
0.0077,0.0000,0.0000,0.0000,0.0073,0.0003,200,3.6583
0.0073,0.0000,0.0000,0.0000,0.0071,0.0002,200,3.6587
0.0076,0.0000,0.0000,0.0000,0.0075,0.0000,200,3.6587
0.0075,0.0000,0.0000,0.0000,0.0073,0.0002,200,3.6660
0.0075,0.0000,0.0000,0.0000,0.0075,0.0000,200,3.6660
0.0078,0.0000,0.0000,0.0000,0.0075,0.0002,200,3.6660
0.0075,0.0000,0.0000,0.0000,0.0073,0.0002,200,3.6663
0.0076,0.0000,0.0000,0.0000,0.0075,0.0001,200,3.6736
0.0076,0.0000,0.0000,0.0000,0.0073,0.0003,200,3.6738
0.0076,0.0000,0.0000,0.0000,0.0073,0.0002,200,3.6738
0.0079,0.0000,0.0000,0.0000,0.0076,0.0002,200,3.6735
0.0074,0.0000,0.0000,0.0000,0.0071,0.0002,200,3.6814
0.0073,0.0000,0.0000,0.0000,0.0072,0.0001,200,3.6814
0.0078,0.0000,0.0000,0.0000,0.0076,0.0002,200,3.6812
0.0078,0.0000,0.0000,0.0000,0.0077,0.0000,200,3.6814
0.0079,0.0000,0.0000,0.0000,0.0078,0.0001,200,3.6890
0.0082,0.0000,0.0000,0.0000,0.0074,0.0007,200,3.6888
0.0084,0.0000,0.0000,0.0000,0.0083,0.0000,200,3.6888
0.0080,0.0000,0.0000,0.0000,0.0079,0.0000,200,3.6892
0.0075,0.0000,0.0000,0.0000,0.0073,0.0002,200,3.6969
0.0074,0.0000,0.0000,0.0000,0.0072,0.0002,200,3.6971
0.0078,0.0000,0.0000,0.0000,0.0078,0.0000,200,3.6969
0.0076,0.0000,0.0000,0.0000,0.0072,0.0004,200,3.6972
0.0073,0.0000,0.0000,0.0000,0.0072,0.0001,200,3.7045
0.0077,0.0000,0.0000,0.0000,0.0076,0.0000,200,3.7044
0.0074,0.0000,0.0000,0.0000,0.0073,0.0000,200,3.7048
0.0076,0.0000,0.0000,0.0000,0.0072,0.0004,200,3.7047
0.0073,0.0000,0.0000,0.0000,0.0071,0.0002,200,3.7122
0.0078,0.0000,0.0000,0.0000,0.0073,0.0004,200,3.7118
0.0077,0.0000,0.0000,0.0000,0.0075,0.0001,200,3.7123
0.0078,0.0000,0.0000,0.0000,0.0075,0.0003,200,3.7122
0.0080,0.0000,0.0000,0.0000,0.0079,0.0001,200,3.7196
0.0076,0.0000,0.0000,0.0000,0.0075,0.0000,200,3.7200
0.0080,0.0000,0.0000,0.0000,0.0079,0.0001,200,3.7196
0.0076,0.0000,0.0000,0.0000,0.0076,0.0000,200,3.7200
0.0076,0.0000,0.0000,0.0000,0.0074,0.0001,200,3.7276
0.0076,0.0000,0.0000,0.0000,0.0073,0.0002,200,3.7276
0.0078,0.0000,0.0000,0.0000,0.0076,0.0002,200,3.7276
0.0081,0.0000,0.0000,0.0000,0.0079,0.0002,200,3.7276
0.0075,0.0000,0.0000,0.0000,0.0074,0.0001,200,3.7352
0.0075,0.0000,0.0000,0.0000,0.0073,0.0002,200,3.7354
0.0073,0.0000,0.0000,0.0000,0.0070,0.0003,200,3.7357
0.0078,0.0000,0.0000,0.0000,0.0076,0.0002,200,3.7352
0.0074,0.0000,0.0000,0.0000,0.0071,0.0002,200,3.7430
0.0077,0.0000,0.0000,0.0000,0.0076,0.0000,200,3.7427
0.0076,0.0000,0.0000,0.0000,0.0072,0.0003,200,3.7429
0.0075,0.0000,0.0000,0.0000,0.0072,0.0002,200,3.7430
0.0073,0.0000,0.0000,0.0000,0.0072,0.0000,200,3.7504
0.0074,0.0000,0.0000,0.0000,0.0072,0.0001,200,3.7504
0.0074,0.0000,0.0000,0.0000,0.0072,0.0001,200,3.7505
0.0075,0.0000,0.0000,0.0000,0.0074,0.0000,200,3.7505
0.0072,0.0000,0.0000,0.0000,0.0071,0.0001,200,3.7577
0.0071,0.0000,0.0000,0.0000,0.0069,0.0002,200,3.7580
0.0075,0.0000,0.0000,0.0000,0.0073,0.0002,200,3.7577
0.0074,0.0000,0.0000,0.0000,0.0071,0.0002,200,3.7579
0.0076,0.0000,0.0000,0.0000,0.0075,0.0001,200,3.7649
0.0074,0.0000,0.0000,0.0000,0.0072,0.0002,200,3.7651
0.0074,0.0000,0.0000,0.0000,0.0072,0.0002,200,3.7653
0.0075,0.0000,0.0000,0.0000,0.0073,0.0002,200,3.7652
0.0074,0.0000,0.0000,0.0000,0.0073,0.0001,200,3.7725
0.0074,0.0000,0.0000,0.0000,0.0074,0.0000,200,3.7726
0.0075,0.0000,0.0000,0.0000,0.0074,0.0000,200,3.7727
0.0076,0.0000,0.0000,0.0000,0.0073,0.0002,200,3.7727
0.0071,0.0000,0.0000,0.0000,0.0070,0.0000,200,3.7803
0.0075,0.0000,0.0000,0.0000,0.0072,0.0002,200,3.7800
0.0074,0.0000,0.0000,0.0000,0.0073,0.0000,200,3.7802
0.0087,0.0000,0.0000,0.0000,0.0086,0.0001,200,3.7800
0.0075,0.0000,0.0000,0.0000,0.0074,0.0001,200,3.7875
0.0075,0.0000,0.0000,0.0000,0.0074,0.0000,200,3.7876
0.0077,0.0000,0.0000,0.0000,0.0076,0.0000,200,3.7874
0.0069,0.0000,0.0000,0.0000,0.0068,0.0000,200,3.7887
0.0070,0.0000,0.0000,0.0000,0.0068,0.0002,200,3.7956
0.0076,0.0000,0.0000,0.0000,0.0075,0.0000,200,3.7951
0.0079,0.0000,0.0000,0.0000,0.0078,0.0000,200,3.7950
0.0079,0.0000,0.0000,0.0000,0.0071,0.0007,200,3.7951
0.0073,0.0000,0.0000,0.0000,0.0072,0.0001,200,3.8028
0.0074,0.0000,0.0000,0.0000,0.0071,0.0002,200,3.8030
0.0079,0.0000,0.0000,0.0000,0.0079,0.0000,200,3.8026
0.0079,0.0000,0.0000,0.0000,0.0076,0.0003,200,3.8026
0.0078,0.0000,0.0000,0.0000,0.0077,0.0000,200,3.8104
0.0077,0.0000,0.0000,0.0000,0.0074,0.0002,200,3.8105
0.0077,0.0000,0.0000,0.0004,0.0071,0.0002,200,3.8106
0.0083,0.0000,0.0000,0.0001,0.0081,0.0000,200,3.8101
0.0074,0.0000,0.0000,0.0000,0.0073,0.0001,200,3.8182
0.0074,0.0000,0.0000,0.0000,0.0072,0.0001,200,3.8183
0.0075,0.0000,0.0000,0.0000,0.0074,0.0000,200,3.8182
0.0073,0.0000,0.0000,0.0000,0.0072,0.0000,200,3.8185
0.0075,0.0000,0.0000,0.0000,0.0075,0.0000,200,3.8256
0.0079,0.0000,0.0000,0.0000,0.0073,0.0006,200,3.8257
0.0081,0.0000,0.0000,0.0000,0.0074,0.0006,200,3.8257
0.0089,0.0000,0.0000,0.0000,0.0088,0.0001,200,3.8256
0.0075,0.0000,0.0000,0.0000,0.0074,0.0001,200,3.8332
0.0071,0.0000,0.0000,0.0000,0.0070,0.0000,200,3.8338
0.0072,0.0000,0.0000,0.0000,0.0071,0.0000,200,3.8337
0.0076,0.0000,0.0000,0.0000,0.0070,0.0006,200,3.8345
0.0075,0.0000,0.0000,0.0000,0.0073,0.0002,200,3.8408
0.0076,0.0000,0.0000,0.0000,0.0073,0.0003,200,3.8409
0.0079,0.0000,0.0000,0.0000,0.0074,0.0005,200,3.8407
0.0074,0.0000,0.0000,0.0000,0.0069,0.0005,200,3.8422
0.0071,0.0000,0.0000,0.0000,0.0070,0.0001,200,3.8484
0.0073,0.0000,0.0000,0.0000,0.0072,0.0000,200,3.8485
0.0072,0.0000,0.0000,0.0000,0.0071,0.0000,200,3.8486
0.0076,0.0000,0.0000,0.0000,0.0075,0.0001,200,3.8496
0.0077,0.0000,0.0000,0.0000,0.0076,0.0001,200,3.8558
0.0078,0.0000,0.0000,0.0000,0.0077,0.0000,200,3.8557
0.0080,0.0000,0.0000,0.0000,0.0080,0.0000,200,3.8555
0.0076,0.0000,0.0000,0.0000,0.0075,0.0001,200,3.8572
0.0079,0.0000,0.0000,0.0000,0.0077,0.0001,200,3.8635
0.0079,0.0000,0.0000,0.0000,0.0078,0.0000,200,3.8635
0.0080,0.0000,0.0000,0.0000,0.0079,0.0000,200,3.8635
0.0071,0.0000,0.0000,0.0000,0.0070,0.0000,200,3.8648
0.0073,0.0000,0.0000,0.0000,0.0072,0.0001,200,3.8715
0.0076,0.0000,0.0000,0.0000,0.0073,0.0002,200,3.8714
0.0072,0.0000,0.0000,0.0000,0.0069,0.0002,200,3.8719
0.0078,0.0000,0.0000,0.0000,0.0075,0.0003,200,3.8713
0.0072,0.0000,0.0000,0.0000,0.0071,0.0000,200,3.8790
0.0070,0.0000,0.0000,0.0000,0.0069,0.0000,200,3.8791
0.0074,0.0000,0.0000,0.0000,0.0070,0.0004,200,3.8791
0.0078,0.0000,0.0000,0.0000,0.0073,0.0004,200,3.8788
0.0071,0.0000,0.0000,0.0000,0.0069,0.0002,200,3.8865
0.0075,0.0000,0.0000,0.0000,0.0072,0.0002,200,3.8861
0.0076,0.0000,0.0000,0.0000,0.0073,0.0002,200,3.8861
0.0073,0.0000,0.0000,0.0000,0.0072,0.0000,200,3.8866
0.0073,0.0000,0.0000,0.0000,0.0072,0.0001,200,3.8936
0.0073,0.0000,0.0000,0.0000,0.0071,0.0002,200,3.8938
0.0076,0.0000,0.0000,0.0000,0.0073,0.0003,200,3.8936
0.0075,0.0000,0.0000,0.0000,0.0073,0.0001,200,3.8937
0.0076,0.0000,0.0000,0.0000,0.0075,0.0001,200,3.9009
0.0075,0.0000,0.0000,0.0000,0.0074,0.0000,200,3.9012
0.0075,0.0000,0.0000,0.0000,0.0075,0.0000,200,3.9011
0.0087,0.0000,0.0000,0.0000,0.0083,0.0003,200,3.9012
0.0075,0.0000,0.0000,0.0000,0.0074,0.0001,200,3.9085
0.0075,0.0000,0.0000,0.0000,0.0074,0.0000,200,3.9087
0.0076,0.0000,0.0000,0.0000,0.0075,0.0000,200,3.9087
0.0073,0.0000,0.0000,0.0000,0.0071,0.0001,200,3.9099
0.0074,0.0000,0.0000,0.0000,0.0073,0.0001,200,3.9161
0.0080,0.0000,0.0000,0.0000,0.0072,0.0008,200,3.9163
0.0086,0.0000,0.0000,0.0000,0.0074,0.0011,200,3.9161
0.0075,0.0000,0.0000,0.0000,0.0071,0.0004,200,3.9171
0.0070,0.0000,0.0000,0.0000,0.0068,0.0002,200,3.9247
0.0075,0.0000,0.0000,0.0000,0.0074,0.0001,200,3.9243
0.0086,0.0000,0.0000,0.0000,0.0078,0.0007,200,3.9235
0.0075,0.0000,0.0000,0.0000,0.0072,0.0003,200,3.9246
0.0072,0.0000,0.0000,0.0000,0.0071,0.0001,200,3.9318
0.0074,0.0000,0.0000,0.0000,0.0073,0.0000,200,3.9317
0.0071,0.0000,0.0000,0.0000,0.0069,0.0002,200,3.9321
0.0072,0.0000,0.0000,0.0000,0.0071,0.0000,200,3.9322
0.0074,0.0000,0.0000,0.0000,0.0072,0.0002,200,3.9392
0.0075,0.0000,0.0000,0.0000,0.0074,0.0000,200,3.9391
0.0073,0.0000,0.0000,0.0000,0.0071,0.0002,200,3.9393
0.0078,0.0000,0.0000,0.0000,0.0075,0.0002,200,3.9390
0.0074,0.0000,0.0000,0.0000,0.0071,0.0002,200,3.9467
0.0077,0.0000,0.0000,0.0000,0.0077,0.0000,200,3.9466
0.0076,0.0000,0.0000,0.0000,0.0076,0.0000,200,3.9468
0.0078,0.0000,0.0000,0.0000,0.0077,0.0000,200,3.9466
0.0070,0.0000,0.0000,0.0000,0.0068,0.0002,200,3.9543
0.0073,0.0000,0.0000,0.0000,0.0071,0.0002,200,3.9541
0.0072,0.0000,0.0000,0.0000,0.0070,0.0002,200,3.9544
0.0075,0.0000,0.0000,0.0000,0.0074,0.0000,200,3.9544
0.0073,0.0000,0.0000,0.0000,0.0072,0.0000,200,3.9614
0.0073,0.0000,0.0000,0.0000,0.0070,0.0002,200,3.9617
0.0081,0.0000,0.0000,0.0000,0.0072,0.0008,200,3.9613
0.0079,0.0000,0.0000,0.0000,0.0078,0.0000,200,3.9619
0.0072,0.0000,0.0000,0.0000,0.0071,0.0001,200,3.9689
0.0074,0.0000,0.0000,0.0000,0.0072,0.0002,200,3.9687
0.0069,0.0000,0.0000,0.0000,0.0068,0.0000,200,3.9694
0.0104,0.0000,0.0000,0.0000,0.0103,0.0001,200,3.9698
0.0074,0.0000,0.0000,0.0000,0.0071,0.0002,200,3.9763
0.0076,0.0000,0.0000,0.0000,0.0073,0.0002,200,3.9762
0.0076,0.0000,0.0000,0.0000,0.0072,0.0003,200,3.9761
0.0071,0.0000,0.0000,0.0000,0.0070,0.0001,200,3.9803
0.0072,0.0000,0.0000,0.0000,0.0071,0.0000,200,3.9837
0.0072,0.0000,0.0000,0.0000,0.0070,0.0002,200,3.9837
0.0073,0.0000,0.0000,0.0000,0.0072,0.0000,200,3.9837
0.0072,0.0000,0.0000,0.0000,0.0071,0.0000,200,3.9874
0.0072,0.0000,0.0000,0.0000,0.0071,0.0001,200,3.9909
0.0072,0.0000,0.0000,0.0000,0.0070,0.0001,200,3.9910
0.0073,0.0000,0.0000,0.0000,0.0073,0.0000,200,3.9909
0.0069,0.0000,0.0000,0.0000,0.0068,0.0001,200,3.9946
0.0071,0.0000,0.0000,0.0000,0.0070,0.0001,200,3.9981
0.0070,0.0000,0.0000,0.0000,0.0069,0.0000,200,3.9982
0.0071,0.0000,0.0000,0.0000,0.0071,0.0000,200,3.9982
0.0073,0.0000,0.0000,0.0000,0.0072,0.0001,200,4.0016
0.0074,0.0000,0.0000,0.0000,0.0073,0.0001,200,4.0053
0.0074,0.0000,0.0000,0.0000,0.0074,0.0001,200,4.0052
0.0078,0.0000,0.0000,0.0000,0.0077,0.0000,200,4.0052
0.0073,0.0000,0.0000,0.0000,0.0072,0.0001,200,4.0089
0.0072,0.0000,0.0000,0.0000,0.0071,0.0001,200,4.0127
0.0073,0.0000,0.0000,0.0000,0.0072,0.0001,200,4.0127
0.0071,0.0000,0.0000,0.0000,0.0070,0.0000,200,4.0130
0.0071,0.0000,0.0000,0.0000,0.0068,0.0002,200,4.0161
0.0073,0.0000,0.0000,0.0000,0.0070,0.0003,200,4.0201
0.0075,0.0000,0.0000,0.0000,0.0072,0.0003,200,4.0199
0.0078,0.0000,0.0000,0.0000,0.0073,0.0004,200,4.0198
0.0071,0.0000,0.0000,0.0000,0.0069,0.0001,200,4.0232
0.0074,0.0000,0.0000,0.0000,0.0073,0.0000,200,4.0274
0.0073,0.0000,0.0000,0.0000,0.0071,0.0002,200,4.0276
0.0087,0.0000,0.0000,0.0000,0.0083,0.0004,200,4.0275
0.0070,0.0000,0.0000,0.0000,0.0069,0.0000,200,4.0302
0.0076,0.0000,0.0000,0.0000,0.0075,0.0001,200,4.0348
0.0075,0.0000,0.0000,0.0000,0.0071,0.0003,200,4.0349
0.0074,0.0000,0.0000,0.0000,0.0070,0.0004,200,4.0362
0.0068,0.0000,0.0000,0.0000,0.0067,0.0000,200,4.0372
0.0075,0.0000,0.0000,0.0000,0.0074,0.0001,200,4.0423
0.0075,0.0000,0.0000,0.0000,0.0074,0.0001,200,4.0424
0.0068,0.0000,0.0000,0.0000,0.0067,0.0001,200,4.0436
0.0070,0.0000,0.0000,0.0000,0.0069,0.0000,200,4.0440
0.0076,0.0000,0.0000,0.0000,0.0074,0.0001,200,4.0499
0.0073,0.0000,0.0000,0.0000,0.0071,0.0002,200,4.0505
0.0079,0.0000,0.0000,0.0000,0.0078,0.0000,200,4.0499
0.0077,0.0000,0.0000,0.0000,0.0076,0.0001,200,4.0510
0.0072,0.0000,0.0000,0.0000,0.0071,0.0001,200,4.0577
0.0076,0.0000,0.0000,0.0000,0.0075,0.0000,200,4.0574
0.0074,0.0000,0.0000,0.0000,0.0073,0.0000,200,4.0578
0.0068,0.0000,0.0000,0.0000,0.0066,0.0002,200,4.0587
0.0078,0.0000,0.0000,0.0000,0.0076,0.0002,200,4.0649
0.0077,0.0000,0.0000,0.0000,0.0074,0.0003,200,4.0651
0.0076,0.0000,0.0000,0.0000,0.0074,0.0002,200,4.0652
0.0075,0.0000,0.0000,0.0000,0.0075,0.0000,200,4.0656
0.0074,0.0000,0.0000,0.0000,0.0073,0.0001,200,4.0727
0.0074,0.0000,0.0000,0.0000,0.0073,0.0001,200,4.0728
0.0076,0.0000,0.0000,0.0000,0.0075,0.0001,200,4.0728
0.0075,0.0000,0.0000,0.0000,0.0073,0.0001,200,4.0731
0.0074,0.0000,0.0000,0.0000,0.0073,0.0000,200,4.0804
0.0072,0.0000,0.0000,0.0000,0.0070,0.0002,200,4.0806
0.0080,0.0000,0.0000,0.0000,0.0076,0.0003,200,4.0802
0.0080,0.0000,0.0000,0.0000,0.0079,0.0000,200,4.0802
0.0072,0.0000,0.0000,0.0000,0.0071,0.0001,200,4.0882
0.0077,0.0000,0.0000,0.0000,0.0075,0.0002,200,4.0878
0.0078,0.0000,0.0000,0.0000,0.0077,0.0000,200,4.0878
0.0075,0.0000,0.0000,0.0000,0.0074,0.0000,200,4.0882
0.0075,0.0000,0.0000,0.0000,0.0073,0.0002,200,4.0954
0.0073,0.0000,0.0000,0.0000,0.0072,0.0001,200,4.0956
0.0076,0.0000,0.0000,0.0000,0.0072,0.0003,200,4.0955
0.0077,0.0000,0.0000,0.0000,0.0076,0.0000,200,4.0956
0.0073,0.0000,0.0000,0.0000,0.0072,0.0001,200,4.1031
0.0074,0.0000,0.0000,0.0000,0.0073,0.0001,200,4.1030
0.0077,0.0000,0.0000,0.0000,0.0074,0.0002,200,4.1029
0.0074,0.0000,0.0000,0.0000,0.0072,0.0002,200,4.1033
0.0074,0.0000,0.0000,0.0000,0.0073,0.0001,200,4.1103
0.0073,0.0000,0.0000,0.0000,0.0071,0.0001,200,4.1106
0.0076,0.0000,0.0000,0.0000,0.0074,0.0002,200,4.1103
0.0073,0.0000,0.0000,0.0000,0.0073,0.0000,200,4.1106
0.0073,0.0000,0.0000,0.0000,0.0072,0.0001,200,4.1177
0.0072,0.0000,0.0000,0.0000,0.0070,0.0002,200,4.1179
0.0073,0.0000,0.0000,0.0000,0.0071,0.0002,200,4.1179
0.0072,0.0000,0.0000,0.0000,0.0070,0.0002,200,4.1180
0.0074,0.0000,0.0000,0.0000,0.0073,0.0000,200,4.1250
0.0073,0.0000,0.0000,0.0000,0.0072,0.0001,200,4.1252
0.0074,0.0000,0.0000,0.0000,0.0074,0.0000,200,4.1252
0.0075,0.0000,0.0000,0.0000,0.0075,0.0000,200,4.1252
0.0073,0.0000,0.0000,0.0000,0.0072,0.0001,200,4.1325
0.0071,0.0000,0.0000,0.0000,0.0070,0.0001,200,4.1327
0.0072,0.0000,0.0000,0.0000,0.0072,0.0000,200,4.1327
0.0075,0.0000,0.0000,0.0000,0.0074,0.0000,200,4.1325
0.0076,0.0000,0.0000,0.0000,0.0075,0.0001,200,4.1398
0.0075,0.0000,0.0000,0.0000,0.0074,0.0000,200,4.1400
0.0078,0.0000,0.0000,0.0000,0.0075,0.0003,200,4.1399
0.0080,0.0000,0.0000,0.0000,0.0079,0.0000,200,4.1398
0.0073,0.0000,0.0000,0.0000,0.0071,0.0002,200,4.1474
0.0073,0.0000,0.0000,0.0000,0.0071,0.0002,200,4.1475
0.0072,0.0000,0.0000,0.0000,0.0072,0.0000,200,4.1479
0.0075,0.0000,0.0000,0.0000,0.0072,0.0003,200,4.1477
0.0074,0.0000,0.0000,0.0000,0.0073,0.0001,200,4.1548
0.0072,0.0000,0.0000,0.0000,0.0070,0.0002,200,4.1551
0.0071,0.0000,0.0000,0.0000,0.0069,0.0002,200,4.1552
0.0076,0.0000,0.0000,0.0000,0.0075,0.0000,200,4.1547
0.0072,0.0000,0.0000,0.0000,0.0072,0.0000,200,4.1623
0.0073,0.0000,0.0000,0.0000,0.0070,0.0003,200,4.1623
0.0074,0.0000,0.0000,0.0000,0.0073,0.0000,200,4.1623
0.0080,0.0000,0.0000,0.0000,0.0079,0.0000,200,4.1621
0.0070,0.0000,0.0000,0.0000,0.0067,0.0002,200,4.1701
0.0076,0.0000,0.0000,0.0000,0.0075,0.0000,200,4.1695
0.0075,0.0000,0.0000,0.0000,0.0073,0.0002,200,4.1696
0.0076,0.0000,0.0000,0.0000,0.0076,0.0000,200,4.1696
0.0073,0.0000,0.0000,0.0000,0.0071,0.0002,200,4.1771
0.0072,0.0000,0.0000,0.0000,0.0070,0.0002,200,4.1772
0.0074,0.0000,0.0000,0.0000,0.0073,0.0001,200,4.1771
0.0073,0.0000,0.0000,0.0000,0.0072,0.0000,200,4.1773
0.0073,0.0000,0.0000,0.0000,0.0072,0.0001,200,4.1845
0.0075,0.0000,0.0000,0.0000,0.0074,0.0001,200,4.1843
0.0074,0.0000,0.0000,0.0000,0.0074,0.0000,200,4.1845
0.0076,0.0000,0.0000,0.0000,0.0075,0.0000,200,4.1844
0.0074,0.0000,0.0000,0.0000,0.0073,0.0001,200,4.1918
0.0075,0.0000,0.0000,0.0000,0.0074,0.0000,200,4.1918
0.0074,0.0000,0.0000,0.0000,0.0071,0.0003,200,4.1919
0.0076,0.0000,0.0000,0.0000,0.0075,0.0000,200,4.1919
0.0075,0.0000,0.0000,0.0000,0.0071,0.0004,200,4.1995
0.0078,0.0000,0.0000,0.0000,0.0074,0.0003,200,4.1993
0.0079,0.0000,0.0000,0.0000,0.0076,0.0003,200,4.1993
0.0078,0.0000,0.0000,0.0000,0.0075,0.0003,200,4.1994
0.0075,0.0000,0.0000,0.0000,0.0074,0.0001,200,4.2070
0.0076,0.0000,0.0000,0.0000,0.0075,0.0000,200,4.2071
0.0077,0.0000,0.0000,0.0000,0.0076,0.0000,200,4.2071
0.0076,0.0000,0.0000,0.0000,0.0074,0.0002,200,4.2072
0.0074,0.0000,0.0000,0.0000,0.0073,0.0001,200,4.2146
0.0074,0.0000,0.0000,0.0000,0.0073,0.0001,200,4.2147
0.0073,0.0000,0.0000,0.0000,0.0072,0.0001,200,4.2148
0.0074,0.0000,0.0000,0.0000,0.0074,0.0000,200,4.2148
0.0075,0.0000,0.0000,0.0000,0.0074,0.0001,200,4.2220
0.0076,0.0000,0.0000,0.0000,0.0075,0.0001,200,4.2221
0.0076,0.0000,0.0000,0.0000,0.0073,0.0002,200,4.2221
0.0076,0.0000,0.0000,0.0000,0.0073,0.0002,200,4.2222
0.0075,0.0000,0.0000,0.0000,0.0073,0.0002,200,4.2297
0.0075,0.0000,0.0000,0.0000,0.0073,0.0002,200,4.2298
0.0078,0.0000,0.0000,0.0000,0.0072,0.0006,200,4.2295
0.0076,0.0000,0.0000,0.0000,0.0072,0.0004,200,4.2297
0.0075,0.0000,0.0000,0.0000,0.0073,0.0001,200,4.2372
0.0075,0.0000,0.0000,0.0000,0.0073,0.0002,200,4.2373
0.0076,0.0000,0.0000,0.0000,0.0073,0.0003,200,4.2373
0.0076,0.0000,0.0000,0.0000,0.0073,0.0003,200,4.2373
0.0071,0.0000,0.0000,0.0000,0.0070,0.0001,200,4.2449
0.0074,0.0000,0.0000,0.0000,0.0072,0.0001,200,4.2447
0.0073,0.0000,0.0000,0.0000,0.0070,0.0002,200,4.2449
0.0074,0.0000,0.0000,0.0000,0.0073,0.0000,200,4.2449
0.0072,0.0000,0.0000,0.0000,0.0071,0.0000,200,4.2522
0.0073,0.0000,0.0000,0.0000,0.0071,0.0001,200,4.2521
0.0072,0.0000,0.0000,0.0000,0.0069,0.0003,200,4.2523
0.0089,0.0000,0.0000,0.0000,0.0088,0.0001,200,4.2521
0.0075,0.0000,0.0000,0.0000,0.0072,0.0002,200,4.2594
0.0076,0.0000,0.0000,0.0000,0.0075,0.0000,200,4.2593
0.0079,0.0000,0.0000,0.0000,0.0073,0.0005,200,4.2595
0.0075,0.0000,0.0000,0.0000,0.0074,0.0001,200,4.2610
0.0076,0.0000,0.0000,0.0000,0.0074,0.0002,200,4.2668
0.0075,0.0000,0.0000,0.0000,0.0073,0.0002,200,4.2669
0.0071,0.0000,0.0000,0.0000,0.0070,0.0000,200,4.2674
0.0071,0.0000,0.0000,0.0000,0.0068,0.0003,200,4.2686
0.0072,0.0000,0.0000,0.0000,0.0071,0.0001,200,4.2744
0.0074,0.0000,0.0000,0.0000,0.0073,0.0000,200,4.2745
0.0076,0.0000,0.0000,0.0000,0.0071,0.0004,200,4.2744
0.0068,0.0000,0.0000,0.0000,0.0067,0.0000,200,4.2757
0.0076,0.0000,0.0000,0.0000,0.0075,0.0001,200,4.2816
0.0078,0.0000,0.0000,0.0000,0.0077,0.0000,200,4.2820
0.0080,0.0000,0.0000,0.0000,0.0077,0.0002,200,4.2819
0.0075,0.0000,0.0000,0.0000,0.0075,0.0000,200,4.2824
0.0076,0.0000,0.0000,0.0000,0.0075,0.0000,200,4.2893
0.0070,0.0000,0.0000,0.0000,0.0069,0.0001,200,4.2900
0.0072,0.0000,0.0000,0.0000,0.0069,0.0002,200,4.2898
0.0073,0.0000,0.0000,0.0000,0.0072,0.0001,200,4.2898
0.0074,0.0000,0.0000,0.0000,0.0071,0.0002,200,4.2970
0.0074,0.0000,0.0000,0.0000,0.0071,0.0003,200,4.2970
0.0075,0.0000,0.0000,0.0000,0.0072,0.0003,200,4.2970
0.0077,0.0000,0.0000,0.0000,0.0071,0.0005,200,4.2969
0.0076,0.0000,0.0000,0.0000,0.0075,0.0001,200,4.3044
0.0076,0.0000,0.0000,0.0000,0.0072,0.0003,200,4.3044
0.0076,0.0000,0.0000,0.0000,0.0075,0.0001,200,4.3046
0.0079,0.0000,0.0000,0.0000,0.0076,0.0003,200,4.3045
0.0070,0.0000,0.0000,0.0000,0.0070,0.0000,200,4.3122
0.0069,0.0000,0.0000,0.0000,0.0067,0.0002,200,4.3124
0.0074,0.0000,0.0000,0.0000,0.0073,0.0000,200,4.3120
0.0074,0.0000,0.0000,0.0000,0.0073,0.0000,200,4.3120
0.0072,0.0000,0.0000,0.0000,0.0070,0.0002,200,4.3193
0.0074,0.0000,0.0000,0.0000,0.0073,0.0000,200,4.3192
0.0076,0.0000,0.0000,0.0000,0.0076,0.0000,200,4.3194
0.0078,0.0000,0.0000,0.0000,0.0073,0.0005,200,4.3193
0.0074,0.0000,0.0000,0.0000,0.0073,0.0001,200,4.3266
0.0075,0.0000,0.0000,0.0000,0.0073,0.0001,200,4.3266
0.0072,0.0000,0.0000,0.0000,0.0069,0.0002,200,4.3271
0.0072,0.0000,0.0000,0.0000,0.0071,0.0001,200,4.3270
0.0072,0.0000,0.0000,0.0000,0.0071,0.0001,200,4.3340
0.0072,0.0000,0.0000,0.0000,0.0071,0.0001,200,4.3340
0.0072,0.0000,0.0000,0.0000,0.0071,0.0000,200,4.3343
0.0072,0.0000,0.0000,0.0000,0.0070,0.0002,200,4.3343
0.0073,0.0000,0.0000,0.0000,0.0072,0.0001,200,4.3412
0.0072,0.0000,0.0000,0.0000,0.0070,0.0002,200,4.3415
0.0075,0.0000,0.0000,0.0000,0.0075,0.0000,200,4.3412
0.0074,0.0000,0.0000,0.0000,0.0073,0.0000,200,4.3414
0.0073,0.0000,0.0000,0.0000,0.0073,0.0000,200,4.3488
0.0075,0.0000,0.0000,0.0000,0.0074,0.0000,200,4.3487
0.0076,0.0000,0.0000,0.0000,0.0075,0.0001,200,4.3486
0.0074,0.0000,0.0000,0.0000,0.0071,0.0002,200,4.3488
0.0076,0.0000,0.0000,0.0000,0.0073,0.0002,200,4.3561
0.0076,0.0000,0.0000,0.0000,0.0073,0.0003,200,4.3562
0.0077,0.0000,0.0000,0.0000,0.0074,0.0003,200,4.3561
0.0078,0.0000,0.0000,0.0000,0.0071,0.0006,200,4.3561
0.0072,0.0000,0.0000,0.0000,0.0070,0.0002,200,4.3639
0.0073,0.0000,0.0000,0.0000,0.0072,0.0000,200,4.3638
0.0074,0.0000,0.0000,0.0000,0.0072,0.0002,200,4.3639
0.0079,0.0000,0.0000,0.0000,0.0073,0.0006,200,4.3637
0.0074,0.0000,0.0000,0.0000,0.0072,0.0001,200,4.3711
0.0073,0.0000,0.0000,0.0000,0.0070,0.0002,200,4.3713
0.0071,0.0000,0.0000,0.0000,0.0070,0.0001,200,4.3716
0.0077,0.0000,0.0000,0.0000,0.0074,0.0003,200,4.3711
0.0071,0.0000,0.0000,0.0000,0.0070,0.0001,200,4.3788
0.0076,0.0000,0.0000,0.0000,0.0074,0.0002,200,4.3785
0.0074,0.0000,0.0000,0.0000,0.0070,0.0003,200,4.3788
0.0076,0.0000,0.0000,0.0000,0.0075,0.0001,200,4.3786
0.0070,0.0000,0.0000,0.0000,0.0069,0.0000,200,4.3862
0.0071,0.0000,0.0000,0.0000,0.0069,0.0001,200,4.3861
0.0075,0.0000,0.0000,0.0000,0.0074,0.0001,200,4.3859
0.0073,0.0000,0.0000,0.0000,0.0070,0.0003,200,4.3862
0.0070,0.0000,0.0000,0.0000,0.0069,0.0001,200,4.3935
0.0073,0.0000,0.0000,0.0000,0.0072,0.0001,200,4.3932
0.0074,0.0000,0.0000,0.0000,0.0074,0.0000,200,4.3932
0.0073,0.0000,0.0000,0.0000,0.0072,0.0001,200,4.3934
0.0076,0.0000,0.0000,0.0000,0.0074,0.0002,200,4.4005
0.0078,0.0000,0.0000,0.0000,0.0077,0.0000,200,4.4005
0.0077,0.0000,0.0000,0.0000,0.0076,0.0000,200,4.4006
0.0079,0.0000,0.0000,0.0000,0.0077,0.0002,200,4.4007
0.0072,0.0000,0.0000,0.0000,0.0071,0.0001,200,4.4083
0.0071,0.0000,0.0000,0.0000,0.0068,0.0002,200,4.4086
0.0076,0.0000,0.0000,0.0000,0.0073,0.0002,200,4.4081
0.0077,0.0000,0.0000,0.0000,0.0073,0.0004,200,4.4083
0.0073,0.0000,0.0000,0.0000,0.0071,0.0002,200,4.4157
0.0076,0.0000,0.0000,0.0000,0.0072,0.0003,200,4.4155
0.0072,0.0000,0.0000,0.0000,0.0072,0.0000,200,4.4159
0.0076,0.0000,0.0000,0.0000,0.0076,0.0000,200,4.4157
0.0076,0.0000,0.0000,0.0000,0.0073,0.0003,200,4.4231
0.0077,0.0000,0.0000,0.0000,0.0075,0.0002,200,4.4230
0.0076,0.0000,0.0000,0.0000,0.0074,0.0002,200,4.4232
0.0076,0.0000,0.0000,0.0000,0.0075,0.0000,200,4.4234
0.0073,0.0000,0.0000,0.0000,0.0071,0.0002,200,4.4309
0.0075,0.0000,0.0000,0.0000,0.0072,0.0004,200,4.4307
0.0078,0.0000,0.0000,0.0000,0.0077,0.0000,200,4.4308
0.0079,0.0000,0.0000,0.0000,0.0079,0.0000,200,4.4307
0.0074,0.0000,0.0000,0.0000,0.0072,0.0002,200,4.4383
0.0075,0.0000,0.0000,0.0000,0.0073,0.0002,200,4.4382
0.0073,0.0000,0.0000,0.0000,0.0071,0.0002,200,4.4386
0.0075,0.0000,0.0000,0.0000,0.0072,0.0003,200,4.4386
0.0081,0.0000,0.0000,0.0000,0.0079,0.0001,200,4.4457
0.0081,0.0000,0.0000,0.0000,0.0080,0.0001,200,4.4457
0.0083,0.0000,0.0000,0.0001,0.0080,0.0000,200,4.4460
0.0081,0.0000,0.0000,0.0000,0.0080,0.0000,200,4.4463
0.0075,0.0000,0.0000,0.0000,0.0074,0.0001,200,4.4538
0.0075,0.0000,0.0000,0.0000,0.0073,0.0001,200,4.4538
0.0073,0.0000,0.0000,0.0000,0.0072,0.0000,200,4.4543
0.0073,0.0000,0.0000,0.0000,0.0072,0.0000,200,4.4544
0.0076,0.0000,0.0000,0.0000,0.0075,0.0000,200,4.4616
0.0076,0.0000,0.0000,0.0000,0.0073,0.0003,200,4.4616
0.0081,0.0000,0.0000,0.0000,0.0080,0.0000,200,4.4613
0.0082,0.0000,0.0000,0.0000,0.0081,0.0000,200,4.4613
0.0075,0.0000,0.0000,0.0000,0.0073,0.0002,200,4.4692
0.0073,0.0000,0.0000,0.0000,0.0070,0.0001,200,4.4694
0.0074,0.0000,0.0000,0.0000,0.0073,0.0001,200,4.4695
0.0078,0.0000,0.0000,0.0000,0.0078,0.0000,200,4.4692
0.0074,0.0000,0.0000,0.0000,0.0071,0.0002,200,4.4769
0.0078,0.0000,0.0000,0.0000,0.0077,0.0000,200,4.4767
0.0076,0.0000,0.0000,0.0000,0.0075,0.0000,200,4.4771
0.0080,0.0000,0.0000,0.0000,0.0076,0.0004,200,4.4766
0.0071,0.0000,0.0000,0.0000,0.0070,0.0001,200,4.4846
0.0073,0.0000,0.0000,0.0000,0.0072,0.0001,200,4.4845
0.0076,0.0000,0.0000,0.0000,0.0075,0.0001,200,4.4843
0.0075,0.0000,0.0000,0.0000,0.0072,0.0003,200,4.4847
0.0076,0.0000,0.0000,0.0000,0.0075,0.0001,200,4.4918
0.0075,0.0000,0.0000,0.0000,0.0074,0.0000,200,4.4922
0.0080,0.0000,0.0000,0.0000,0.0078,0.0001,200,4.4918
0.0079,0.0000,0.0000,0.0000,0.0079,0.0000,200,4.4919
0.0078,0.0000,0.0000,0.0000,0.0073,0.0005,200,4.4996
0.0081,0.0000,0.0000,0.0001,0.0078,0.0002,200,4.4993
0.0079,0.0000,0.0000,0.0000,0.0078,0.0000,200,4.4998
0.0082,0.0000,0.0000,0.0000,0.0081,0.0000,200,4.4997
0.0079,0.0000,0.0000,0.0000,0.0078,0.0001,200,4.5077
0.0081,0.0000,0.0000,0.0000,0.0081,0.0000,200,4.5075
0.0078,0.0000,0.0000,0.0000,0.0077,0.0001,200,4.5079
0.0128,0.0000,0.0000,0.0000,0.0126,0.0001,200,4.5074
0.0099,0.0000,0.0000,0.0000,0.0078,0.0021,200,4.5156
0.0098,0.0000,0.0000,0.0000,0.0097,0.0001,200,4.5157
0.0129,0.0000,0.0000,0.0000,0.0127,0.0001,200,4.5156
0.0111,0.0000,0.0000,0.0000,0.0109,0.0001,200,4.5203
0.0080,0.0000,0.0000,0.0000,0.0078,0.0001,200,4.5255
0.0092,0.0000,0.0000,0.0000,0.0091,0.0001,200,4.5255
0.0103,0.0000,0.0000,0.0000,0.0102,0.0001,200,4.5285
0.0075,0.0000,0.0000,0.0000,0.0073,0.0001,200,4.5314
0.0083,0.0000,0.0000,0.0000,0.0082,0.0001,200,4.5335
0.0098,0.0000,0.0000,0.0000,0.0085,0.0013,200,4.5347
0.0080,0.0000,0.0000,0.0000,0.0076,0.0004,200,4.5388
0.0101,0.0000,0.0000,0.0000,0.0100,0.0001,200,4.5388
0.0083,0.0000,0.0000,0.0000,0.0081,0.0001,200,4.5419
0.0080,0.0000,0.0000,0.0000,0.0079,0.0001,200,4.5468
0.0103,0.0000,0.0000,0.0000,0.0102,0.0000,200,4.5445
0.0076,0.0000,0.0000,0.0000,0.0075,0.0001,200,4.5489
0.0097,0.0000,0.0000,0.0000,0.0095,0.0001,200,4.5501
0.0087,0.0000,0.0000,0.0000,0.0086,0.0001,200,4.5548
0.0090,0.0000,0.0000,0.0000,0.0087,0.0002,200,4.5548
0.0083,0.0000,0.0000,0.0000,0.0082,0.0001,200,4.5565
0.0092,0.0000,0.0000,0.0000,0.0091,0.0001,200,4.5598
0.0081,0.0000,0.0000,0.0000,0.0080,0.0001,200,4.5638
0.0072,0.0000,0.0000,0.0000,0.0071,0.0000,200,4.5648
0.0086,0.0000,0.0000,0.0000,0.0079,0.0006,200,4.5635
0.0082,0.0000,0.0000,0.0000,0.0080,0.0001,200,4.5690
0.0077,0.0000,0.0000,0.0000,0.0076,0.0001,200,4.5721
0.0080,0.0000,0.0000,0.0000,0.0079,0.0000,200,4.5719
0.0079,0.0000,0.0000,0.0000,0.0078,0.0000,200,4.5720
0.0090,0.0000,0.0000,0.0000,0.0089,0.0001,200,4.5772
0.0080,0.0000,0.0000,0.0000,0.0079,0.0001,200,4.5799
0.0080,0.0000,0.0000,0.0000,0.0076,0.0003,200,4.5799
0.0089,0.0000,0.0000,0.0000,0.0087,0.0002,200,4.5798
0.0083,0.0000,0.0000,0.0000,0.0081,0.0001,200,4.5862
0.0084,0.0000,0.0000,0.0000,0.0082,0.0001,200,4.5878
0.0090,0.0000,0.0000,0.0000,0.0089,0.0001,200,4.5878
0.0088,0.0000,0.0000,0.0000,0.0082,0.0006,200,4.5887
0.0083,0.0000,0.0000,0.0000,0.0082,0.0001,200,4.5945
0.0084,0.0000,0.0000,0.0000,0.0083,0.0001,200,4.5969
0.0093,0.0000,0.0000,0.0000,0.0092,0.0000,200,4.5962
0.0083,0.0000,0.0000,0.0000,0.0079,0.0004,200,4.5976
0.0081,0.0000,0.0000,0.0000,0.0080,0.0001,200,4.6028
0.0095,0.0000,0.0000,0.0000,0.0080,0.0014,200,4.6053
0.0100,0.0000,0.0000,0.0000,0.0091,0.0008,200,4.6055
0.0104,0.0000,0.0000,0.0000,0.0103,0.0001,200,4.6059
0.0080,0.0000,0.0000,0.0000,0.0076,0.0004,200,4.6109
0.0118,0.0000,0.0000,0.0000,0.0115,0.0003,200,4.6147
0.0104,0.0000,0.0000,0.0000,0.0098,0.0005,200,4.6163
0.0113,0.0000,0.0000,0.0000,0.0112,0.0000,200,4.6155
0.0082,0.0000,0.0000,0.0000,0.0080,0.0000,200,4.6190
0.0082,0.0000,0.0000,0.0000,0.0078,0.0004,200,4.6266
0.0080,0.0000,0.0000,0.0000,0.0077,0.0003,200,4.6268
0.0082,0.0000,0.0000,0.0000,0.0078,0.0003,200,4.6267
0.0080,0.0000,0.0000,0.0000,0.0079,0.0000,200,4.6271
0.0072,0.0000,0.0000,0.0000,0.0070,0.0002,200,4.6351
0.0077,0.0000,0.0000,0.0000,0.0077,0.0000,200,4.6349
0.0081,0.0000,0.0000,0.0000,0.0074,0.0007,200,4.6348
0.0092,0.0000,0.0000,0.0000,0.0091,0.0001,200,4.6348
0.0077,0.0000,0.0000,0.0000,0.0076,0.0000,200,4.6424
0.0076,0.0000,0.0000,0.0000,0.0073,0.0002,200,4.6426
0.0074,0.0000,0.0000,0.0000,0.0073,0.0000,200,4.6429
0.0072,0.0000,0.0000,0.0000,0.0071,0.0001,200,4.6440
0.0073,0.0000,0.0000,0.0000,0.0071,0.0001,200,4.6501
0.0074,0.0000,0.0000,0.0000,0.0074,0.0000,200,4.6502
0.0074,0.0000,0.0000,0.0000,0.0073,0.0000,200,4.6503
0.0074,0.0000,0.0000,0.0000,0.0069,0.0006,200,4.6512
0.0075,0.0000,0.0000,0.0000,0.0074,0.0001,200,4.6573
0.0072,0.0000,0.0000,0.0000,0.0072,0.0001,200,4.6576
0.0073,0.0000,0.0000,0.0000,0.0073,0.0000,200,4.6576
0.0075,0.0000,0.0000,0.0000,0.0073,0.0001,200,4.6586
0.0074,0.0000,0.0000,0.0000,0.0073,0.0001,200,4.6650
0.0077,0.0000,0.0000,0.0000,0.0074,0.0002,200,4.6649
0.0075,0.0000,0.0000,0.0000,0.0070,0.0005,200,4.6661
0.0089,0.0000,0.0000,0.0000,0.0085,0.0004,200,4.6648
0.0074,0.0000,0.0000,0.0000,0.0073,0.0001,200,4.6724
0.0073,0.0000,0.0000,0.0000,0.0072,0.0000,200,4.6726
0.0074,0.0000,0.0000,0.0000,0.0070,0.0004,200,4.6738
0.0076,0.0000,0.0000,0.0000,0.0074,0.0001,200,4.6736
0.0076,0.0000,0.0000,0.0000,0.0075,0.0001,200,4.6799
0.0076,0.0000,0.0000,0.0000,0.0075,0.0001,200,4.6798
0.0076,0.0000,0.0000,0.0000,0.0073,0.0002,200,4.6812
0.0081,0.0000,0.0000,0.0000,0.0075,0.0006,200,4.6812
0.0075,0.0000,0.0000,0.0000,0.0074,0.0001,200,4.6874
0.0075,0.0000,0.0000,0.0000,0.0075,0.0000,200,4.6874
0.0074,0.0000,0.0000,0.0000,0.0072,0.0001,200,4.6888
0.0069,0.0000,0.0000,0.0000,0.0068,0.0000,200,4.6893
0.0073,0.0000,0.0000,0.0000,0.0072,0.0001,200,4.6949
0.0074,0.0000,0.0000,0.0000,0.0073,0.0001,200,4.6950
0.0075,0.0000,0.0000,0.0000,0.0070,0.0004,200,4.6962
0.0078,0.0000,0.0000,0.0000,0.0077,0.0000,200,4.6961
0.0074,0.0000,0.0000,0.0000,0.0072,0.0002,200,4.7023
0.0075,0.0000,0.0000,0.0000,0.0074,0.0000,200,4.7023
0.0071,0.0000,0.0000,0.0000,0.0070,0.0000,200,4.7039
0.0073,0.0000,0.0000,0.0000,0.0070,0.0003,200,4.7037
0.0073,0.0000,0.0000,0.0000,0.0072,0.0001,200,4.7098
0.0075,0.0000,0.0000,0.0000,0.0074,0.0001,200,4.7098
0.0076,0.0000,0.0000,0.0000,0.0070,0.0005,200,4.7110
0.0075,0.0000,0.0000,0.0000,0.0075,0.0000,200,4.7110
0.0074,0.0000,0.0000,0.0000,0.0073,0.0001,200,4.7171
0.0074,0.0000,0.0000,0.0000,0.0073,0.0001,200,4.7172
0.0072,0.0000,0.0000,0.0000,0.0071,0.0001,200,4.7185
0.0072,0.0000,0.0000,0.0000,0.0071,0.0000,200,4.7186
0.0079,0.0000,0.0000,0.0000,0.0077,0.0001,200,4.7246
0.0080,0.0000,0.0000,0.0000,0.0079,0.0001,200,4.7245
0.0074,0.0000,0.0000,0.0000,0.0073,0.0000,200,4.7258
0.0075,0.0000,0.0000,0.0000,0.0074,0.0000,200,4.7257
0.0077,0.0000,0.0000,0.0000,0.0076,0.0001,200,4.7325
0.0078,0.0000,0.0000,0.0000,0.0077,0.0000,200,4.7325
0.0074,0.0000,0.0000,0.0000,0.0073,0.0000,200,4.7332
0.0075,0.0000,0.0000,0.0000,0.0074,0.0000,200,4.7332
0.0075,0.0000,0.0000,0.0000,0.0073,0.0001,200,4.7403
0.0075,0.0000,0.0000,0.0000,0.0073,0.0002,200,4.7403
0.0073,0.0000,0.0000,0.0000,0.0072,0.0000,200,4.7406
0.0090,0.0000,0.0000,0.0000,0.0089,0.0001,200,4.7407
0.0071,0.0000,0.0000,0.0000,0.0070,0.0001,200,4.7479
0.0074,0.0000,0.0000,0.0000,0.0073,0.0000,200,4.7478
0.0076,0.0000,0.0000,0.0000,0.0075,0.0000,200,4.7478
0.0071,0.0000,0.0000,0.0000,0.0070,0.0001,200,4.7497
0.0074,0.0000,0.0000,0.0000,0.0071,0.0002,200,4.7551
0.0075,0.0000,0.0000,0.0000,0.0072,0.0003,200,4.7550
0.0073,0.0000,0.0000,0.0000,0.0072,0.0001,200,4.7554
0.0069,0.0000,0.0000,0.0000,0.0068,0.0001,200,4.7568
0.0074,0.0000,0.0000,0.0000,0.0072,0.0001,200,4.7625
0.0075,0.0000,0.0000,0.0000,0.0074,0.0000,200,4.7626
0.0076,0.0000,0.0000,0.0000,0.0076,0.0000,200,4.7625
0.0068,0.0000,0.0000,0.0000,0.0067,0.0001,200,4.7637
0.0071,0.0000,0.0000,0.0000,0.0068,0.0003,200,4.7705
0.0076,0.0000,0.0000,0.0000,0.0074,0.0002,200,4.7700
0.0074,0.0000,0.0000,0.0000,0.0072,0.0002,200,4.7702
0.0076,0.0000,0.0000,0.0000,0.0073,0.0002,200,4.7701
0.0075,0.0000,0.0000,0.0000,0.0072,0.0002,200,4.7776
0.0075,0.0000,0.0000,0.0000,0.0071,0.0003,200,4.7776
0.0074,0.0000,0.0000,0.0000,0.0074,0.0000,200,4.7776
0.0075,0.0000,0.0000,0.0000,0.0075,0.0000,200,4.7776
0.0075,0.0000,0.0000,0.0000,0.0072,0.0002,200,4.7851
0.0076,0.0000,0.0000,0.0000,0.0073,0.0003,200,4.7851
0.0076,0.0000,0.0000,0.0000,0.0073,0.0002,200,4.7851
0.0077,0.0000,0.0000,0.0000,0.0076,0.0000,200,4.7851
0.0075,0.0000,0.0000,0.0000,0.0074,0.0001,200,4.7926
0.0075,0.0000,0.0000,0.0000,0.0072,0.0003,200,4.7927
0.0074,0.0000,0.0000,0.0000,0.0072,0.0002,200,4.7928
0.0076,0.0000,0.0000,0.0000,0.0076,0.0000,200,4.7927
0.0075,0.0000,0.0000,0.0000,0.0073,0.0001,200,4.8003
0.0077,0.0000,0.0000,0.0000,0.0074,0.0002,200,4.8001
0.0076,0.0000,0.0000,0.0000,0.0075,0.0000,200,4.8002
0.0077,0.0000,0.0000,0.0000,0.0076,0.0000,200,4.8002
0.0076,0.0000,0.0000,0.0000,0.0073,0.0003,200,4.8079
0.0077,0.0000,0.0000,0.0000,0.0075,0.0002,200,4.8078
0.0077,0.0000,0.0000,0.0000,0.0075,0.0002,200,4.8078
0.0079,0.0000,0.0000,0.0000,0.0071,0.0007,200,4.8078
0.0074,0.0000,0.0000,0.0000,0.0073,0.0001,200,4.8154
0.0072,0.0000,0.0000,0.0000,0.0071,0.0001,200,4.8156
0.0073,0.0000,0.0000,0.0000,0.0073,0.0000,200,4.8155
0.0085,0.0000,0.0000,0.0000,0.0084,0.0001,200,4.8155
0.0074,0.0000,0.0000,0.0000,0.0072,0.0001,200,4.8228
0.0075,0.0000,0.0000,0.0000,0.0073,0.0001,200,4.8228
0.0075,0.0000,0.0000,0.0000,0.0074,0.0000,200,4.8229
0.0073,0.0000,0.0000,0.0000,0.0072,0.0001,200,4.8240
0.0079,0.0000,0.0000,0.0000,0.0076,0.0003,200,4.8302
0.0079,0.0000,0.0000,0.0000,0.0078,0.0000,200,4.8303
0.0079,0.0000,0.0000,0.0000,0.0076,0.0004,200,4.8303
0.0078,0.0000,0.0000,0.0000,0.0077,0.0001,200,4.8314
0.0079,0.0000,0.0000,0.0000,0.0077,0.0001,200,4.8383
0.0082,0.0000,0.0000,0.0000,0.0082,0.0000,200,4.8381
0.0085,0.0000,0.0000,0.0000,0.0082,0.0002,200,4.8382
0.0076,0.0000,0.0000,0.0000,0.0075,0.0000,200,4.8392
0.0075,0.0000,0.0000,0.0000,0.0075,0.0000,200,4.8468
0.0082,0.0000,0.0000,0.0000,0.0080,0.0002,200,4.8461
0.0084,0.0000,0.0000,0.0000,0.0078,0.0004,200,4.8463
0.0084,0.0000,0.0000,0.0001,0.0082,0.0000,200,4.8467
0.0074,0.0000,0.0000,0.0000,0.0073,0.0001,200,4.8551
0.0084,0.0000,0.0000,0.0000,0.0079,0.0004,200,4.8543
0.0088,0.0000,0.0000,0.0000,0.0088,0.0001,200,4.8544
0.0090,0.0000,0.0000,0.0000,0.0089,0.0000,200,4.8547
0.0097,0.0000,0.0000,0.0000,0.0096,0.0000,200,4.8625
0.0086,0.0000,0.0000,0.0000,0.0086,0.0000,200,4.8637
0.0098,0.0000,0.0000,0.0000,0.0088,0.0010,200,4.8627
0.0093,0.0000,0.0000,0.0000,0.0083,0.0009,200,4.8632
0.0098,0.0000,0.0000,0.0000,0.0097,0.0001,200,4.8724
0.0099,0.0000,0.0000,0.0000,0.0099,0.0000,200,4.8723
0.0105,0.0000,0.0000,0.0000,0.0096,0.0008,200,4.8725
0.0104,0.0000,0.0000,0.0000,0.0103,0.0002,200,4.8725
0.0086,0.0000,0.0000,0.0000,0.0085,0.0001,200,4.8822
0.0086,0.0000,0.0000,0.0000,0.0085,0.0000,200,4.8822
0.0080,0.0000,0.0000,0.0000,0.0079,0.0001,200,4.8830
0.0117,0.0000,0.0000,0.0000,0.0115,0.0001,200,4.8829
0.0083,0.0000,0.0000,0.0000,0.0082,0.0001,200,4.8909
0.0099,0.0000,0.0000,0.0000,0.0095,0.0003,200,4.8908
0.0100,0.0000,0.0000,0.0000,0.0095,0.0004,200,4.8908
0.0075,0.0000,0.0000,0.0000,0.0074,0.0001,200,4.8946
0.0080,0.0000,0.0000,0.0000,0.0075,0.0005,200,4.8992
0.0080,0.0000,0.0000,0.0000,0.0078,0.0001,200,4.9007
0.0079,0.0000,0.0000,0.0000,0.0078,0.0001,200,4.9008
0.0082,0.0000,0.0000,0.0000,0.0078,0.0003,200,4.9021
0.0090,0.0000,0.0000,0.0000,0.0088,0.0001,200,4.9073
0.0085,0.0000,0.0000,0.0000,0.0084,0.0001,200,4.9087
0.0092,0.0000,0.0000,0.0000,0.0091,0.0001,200,4.9103
0.0112,0.0000,0.0000,0.0000,0.0111,0.0000,200,4.9087
0.0087,0.0000,0.0000,0.0000,0.0085,0.0001,200,4.9162
0.0082,0.0000,0.0000,0.0000,0.0081,0.0001,200,4.9196
0.0116,0.0000,0.0000,0.0000,0.0115,0.0001,200,4.9172
0.0102,0.0000,0.0000,0.0000,0.0101,0.0001,200,4.9199
0.0085,0.0000,0.0000,0.0000,0.0080,0.0005,200,4.9249
0.0077,0.0000,0.0000,0.0000,0.0074,0.0002,200,4.9278
0.0077,0.0000,0.0000,0.0000,0.0072,0.0004,200,4.9288
0.0074,0.0000,0.0000,0.0000,0.0073,0.0001,200,4.9301
0.0071,0.0000,0.0000,0.0000,0.0070,0.0001,200,4.9334
0.0076,0.0000,0.0000,0.0000,0.0075,0.0001,200,4.9355
0.0074,0.0000,0.0000,0.0000,0.0073,0.0001,200,4.9365
0.0076,0.0000,0.0000,0.0000,0.0072,0.0004,200,4.9376
0.0074,0.0000,0.0000,0.0000,0.0073,0.0001,200,4.9405
0.0075,0.0000,0.0000,0.0000,0.0071,0.0003,200,4.9431
0.0071,0.0000,0.0000,0.0000,0.0070,0.0000,200,4.9439
0.0071,0.0000,0.0000,0.0000,0.0070,0.0001,200,4.9452
0.0070,0.0000,0.0000,0.0000,0.0069,0.0001,200,4.9479
0.0071,0.0000,0.0000,0.0000,0.0070,0.0001,200,4.9506
0.0068,0.0000,0.0000,0.0000,0.0068,0.0000,200,4.9510
0.0071,0.0000,0.0000,0.0000,0.0070,0.0000,200,4.9523
0.0072,0.0000,0.0000,0.0000,0.0070,0.0001,200,4.9550
0.0074,0.0000,0.0000,0.0000,0.0073,0.0001,200,4.9577
0.0073,0.0000,0.0000,0.0000,0.0071,0.0003,200,4.9579
0.0069,0.0000,0.0000,0.0000,0.0069,0.0001,200,4.9594
0.0073,0.0000,0.0000,0.0000,0.0072,0.0001,200,4.9622
0.0076,0.0000,0.0000,0.0001,0.0073,0.0002,200,4.9652
0.0076,0.0000,0.0000,0.0000,0.0074,0.0002,200,4.9652
0.0069,0.0000,0.0000,0.0000,0.0068,0.0000,200,4.9663
0.0071,0.0000,0.0000,0.0000,0.0070,0.0001,200,4.9695
0.0072,0.0000,0.0000,0.0000,0.0070,0.0001,200,4.9728
0.0070,0.0000,0.0000,0.0000,0.0070,0.0000,200,4.9732
0.0074,0.0000,0.0000,0.0000,0.0074,0.0000,200,4.9728
0.0070,0.0000,0.0000,0.0000,0.0069,0.0001,200,4.9766
0.0073,0.0000,0.0000,0.0000,0.0070,0.0002,200,4.9802
0.0074,0.0000,0.0000,0.0000,0.0071,0.0003,200,4.9802
0.0077,0.0000,0.0000,0.0000,0.0073,0.0003,200,4.9799
0.0074,0.0000,0.0000,0.0000,0.0073,0.0001,200,4.9836
0.0072,0.0000,0.0000,0.0000,0.0072,0.0001,200,4.9876
0.0074,0.0000,0.0000,0.0000,0.0071,0.0003,200,4.9875
0.0074,0.0000,0.0000,0.0000,0.0073,0.0000,200,4.9876
0.0071,0.0000,0.0000,0.0000,0.0070,0.0001,200,4.9910
0.0073,0.0000,0.0000,0.0000,0.0072,0.0001,200,4.9949
0.0072,0.0000,0.0000,0.0000,0.0071,0.0001,200,4.9950
0.0074,0.0000,0.0000,0.0000,0.0073,0.0000,200,4.9948
0.0073,0.0000,0.0000,0.0000,0.0071,0.0001,200,4.9981
0.0074,0.0000,0.0000,0.0000,0.0074,0.0000,200,5.0021
0.0074,0.0000,0.0000,0.0000,0.0072,0.0002,200,5.0022
0.0074,0.0000,0.0000,0.0000,0.0074,0.0000,200,5.0023
0.0072,0.0000,0.0000,0.0000,0.0071,0.0001,200,5.0054
0.0072,0.0000,0.0000,0.0000,0.0071,0.0001,200,5.0096
0.0072,0.0000,0.0000,0.0000,0.0071,0.0000,200,5.0097
0.0077,0.0000,0.0000,0.0000,0.0076,0.0000,200,5.0097
0.0070,0.0000,0.0000,0.0000,0.0069,0.0001,200,5.0126
0.0075,0.0000,0.0000,0.0000,0.0074,0.0001,200,5.0168
0.0071,0.0000,0.0000,0.0000,0.0070,0.0001,200,5.0174
0.0078,0.0000,0.0000,0.0000,0.0077,0.0000,200,5.0169
0.0071,0.0000,0.0000,0.0000,0.0070,0.0001,200,5.0196
0.0075,0.0000,0.0000,0.0000,0.0073,0.0002,200,5.0243
0.0073,0.0000,0.0000,0.0000,0.0071,0.0002,200,5.0246
0.0075,0.0000,0.0000,0.0000,0.0072,0.0002,200,5.0245
0.0072,0.0000,0.0000,0.0000,0.0071,0.0000,200,5.0267
0.0073,0.0000,0.0000,0.0000,0.0072,0.0000,200,5.0319
0.0072,0.0000,0.0000,0.0000,0.0071,0.0000,200,5.0320
0.0072,0.0000,0.0000,0.0000,0.0070,0.0002,200,5.0320
0.0068,0.0000,0.0000,0.0000,0.0067,0.0000,200,5.0339
0.0069,0.0000,0.0000,0.0000,0.0068,0.0001,200,5.0392
0.0070,0.0000,0.0000,0.0000,0.0069,0.0000,200,5.0392
0.0070,0.0000,0.0000,0.0000,0.0070,0.0000,200,5.0392
0.0069,0.0000,0.0000,0.0000,0.0068,0.0001,200,5.0407
0.0074,0.0000,0.0000,0.0000,0.0072,0.0001,200,5.0461
0.0074,0.0000,0.0000,0.0000,0.0073,0.0000,200,5.0463
0.0075,0.0000,0.0000,0.0000,0.0075,0.0000,200,5.0461
0.0070,0.0000,0.0000,0.0000,0.0069,0.0001,200,5.0477
0.0075,0.0000,0.0000,0.0000,0.0072,0.0002,200,5.0535
0.0076,0.0000,0.0000,0.0000,0.0074,0.0001,200,5.0537
0.0076,0.0000,0.0000,0.0000,0.0071,0.0005,200,5.0537
0.0074,0.0000,0.0000,0.0000,0.0073,0.0001,200,5.0547
0.0079,0.0000,0.0000,0.0000,0.0077,0.0002,200,5.0612
0.0082,0.0000,0.0000,0.0000,0.0079,0.0003,200,5.0610
0.0081,0.0000,0.0000,0.0000,0.0077,0.0003,200,5.0612
0.0084,0.0000,0.0000,0.0000,0.0083,0.0001,200,5.0621
0.0082,0.0000,0.0000,0.0000,0.0081,0.0000,200,5.0692
0.0081,0.0000,0.0000,0.0000,0.0079,0.0001,200,5.0693
0.0080,0.0000,0.0000,0.0000,0.0079,0.0001,200,5.0693
0.0073,0.0000,0.0000,0.0000,0.0072,0.0001,200,5.0706
0.0078,0.0000,0.0000,0.0000,0.0075,0.0003,200,5.0773
0.0083,0.0000,0.0000,0.0000,0.0081,0.0000,200,5.0773
0.0083,0.0000,0.0000,0.0000,0.0076,0.0007,200,5.0773
0.0077,0.0000,0.0000,0.0000,0.0077,0.0000,200,5.0779
0.0073,0.0000,0.0000,0.0000,0.0073,0.0000,200,5.0856
0.0079,0.0000,0.0000,0.0000,0.0077,0.0002,200,5.0852
0.0082,0.0000,0.0000,0.0000,0.0082,0.0000,200,5.0856
0.0082,0.0000,0.0000,0.0000,0.0073,0.0009,200,5.0856
0.0087,0.0000,0.0000,0.0000,0.0081,0.0001,200,5.0931
0.0079,0.0000,0.0000,0.0000,0.0078,0.0001,200,5.0939
0.0089,0.0000,0.0000,0.0000,0.0087,0.0001,200,5.0930
0.0081,0.0000,0.0000,0.0000,0.0078,0.0002,200,5.0938
0.0088,0.0000,0.0000,0.0000,0.0087,0.0001,200,5.1018
0.0090,0.0000,0.0000,0.0000,0.0089,0.0000,200,5.1018
0.0090,0.0000,0.0000,0.0000,0.0089,0.0000,200,5.1019
0.0092,0.0000,0.0000,0.0000,0.0091,0.0000,200,5.1018
0.0086,0.0000,0.0000,0.0000,0.0084,0.0001,200,5.1106
0.0086,0.0000,0.0000,0.0000,0.0083,0.0003,200,5.1110
0.0098,0.0000,0.0000,0.0000,0.0085,0.0012,200,5.1108
0.0102,0.0000,0.0000,0.0000,0.0088,0.0013,200,5.1109
0.0077,0.0000,0.0000,0.0000,0.0076,0.0001,200,5.1196
0.0082,0.0000,0.0000,0.0000,0.0079,0.0002,200,5.1192
0.0070,0.0000,0.0000,0.0000,0.0069,0.0001,200,5.1210
0.0085,0.0000,0.0000,0.0000,0.0083,0.0001,200,5.1206
0.0080,0.0000,0.0000,0.0000,0.0079,0.0001,200,5.1273
0.0084,0.0000,0.0000,0.0000,0.0082,0.0002,200,5.1273
0.0079,0.0000,0.0000,0.0000,0.0072,0.0006,200,5.1290
0.0111,0.0000,0.0000,0.0000,0.0104,0.0007,200,5.1280
0.0082,0.0000,0.0000,0.0000,0.0081,0.0000,200,5.1353
0.0078,0.0000,0.0000,0.0000,0.0074,0.0004,200,5.1358
0.0077,0.0000,0.0000,0.0000,0.0076,0.0001,200,5.1369
0.0072,0.0000,0.0000,0.0000,0.0071,0.0000,200,5.1391
0.0074,0.0000,0.0000,0.0000,0.0073,0.0001,200,5.1435
0.0075,0.0000,0.0000,0.0000,0.0074,0.0001,200,5.1436
0.0068,0.0000,0.0000,0.0000,0.0066,0.0001,200,5.1446
0.0070,0.0000,0.0000,0.0000,0.0069,0.0001,200,5.1463
0.0074,0.0000,0.0000,0.0000,0.0072,0.0002,200,5.1509
0.0073,0.0000,0.0000,0.0000,0.0073,0.0000,200,5.1511
0.0072,0.0000,0.0000,0.0000,0.0071,0.0000,200,5.1514
0.0072,0.0000,0.0000,0.0000,0.0071,0.0000,200,5.1533
0.0072,0.0000,0.0000,0.0000,0.0071,0.0001,200,5.1586
0.0075,0.0000,0.0000,0.0000,0.0074,0.0000,200,5.1584
0.0075,0.0000,0.0000,0.0000,0.0075,0.0000,200,5.1584
0.0071,0.0000,0.0000,0.0000,0.0070,0.0001,200,5.1605
0.0077,0.0000,0.0000,0.0000,0.0075,0.0002,200,5.1658
0.0077,0.0000,0.0000,0.0000,0.0076,0.0001,200,5.1659
0.0080,0.0000,0.0000,0.0000,0.0076,0.0003,200,5.1658
0.0072,0.0000,0.0000,0.0000,0.0069,0.0002,200,5.1676
0.0076,0.0000,0.0000,0.0000,0.0075,0.0001,200,5.1736
0.0075,0.0000,0.0000,0.0000,0.0074,0.0001,200,5.1738
0.0076,0.0000,0.0000,0.0000,0.0075,0.0000,200,5.1736
0.0069,0.0000,0.0000,0.0000,0.0068,0.0000,200,5.1748
0.0076,0.0000,0.0000,0.0000,0.0075,0.0001,200,5.1812
0.0082,0.0000,0.0000,0.0000,0.0081,0.0001,200,5.1812
0.0078,0.0000,0.0000,0.0000,0.0078,0.0000,200,5.1816
0.0085,0.0000,0.0000,0.0000,0.0084,0.0001,200,5.1812
0.0073,0.0000,0.0000,0.0000,0.0072,0.0001,200,5.1889
0.0073,0.0000,0.0000,0.0000,0.0072,0.0000,200,5.1895
0.0077,0.0000,0.0000,0.0000,0.0073,0.0004,200,5.1895
0.0076,0.0000,0.0000,0.0000,0.0074,0.0000,200,5.1897
0.0077,0.0000,0.0000,0.0000,0.0076,0.0001,200,5.1962
0.0069,0.0000,0.0000,0.0000,0.0068,0.0000,200,5.1972
0.0073,0.0000,0.0000,0.0000,0.0072,0.0000,200,5.1968
0.0069,0.0000,0.0000,0.0000,0.0068,0.0000,200,5.1973
0.0076,0.0000,0.0000,0.0000,0.0074,0.0001,200,5.2039
0.0074,0.0000,0.0000,0.0000,0.0071,0.0003,200,5.2041
0.0074,0.0000,0.0000,0.0000,0.0072,0.0002,200,5.2042
0.0077,0.0000,0.0000,0.0000,0.0074,0.0003,200,5.2041
0.0074,0.0000,0.0000,0.0000,0.0072,0.0002,200,5.2115
0.0075,0.0000,0.0000,0.0000,0.0073,0.0001,200,5.2115
0.0074,0.0000,0.0000,0.0000,0.0071,0.0003,200,5.2118
0.0076,0.0000,0.0000,0.0000,0.0075,0.0000,200,5.2116
0.0074,0.0000,0.0000,0.0000,0.0073,0.0000,200,5.2192
0.0077,0.0000,0.0000,0.0000,0.0075,0.0001,200,5.2189
0.0077,0.0000,0.0000,0.0000,0.0076,0.0000,200,5.2192
0.0085,0.0000,0.0000,0.0000,0.0075,0.0009,200,5.2189
0.0069,0.0000,0.0000,0.0000,0.0068,0.0001,200,5.2274
0.0079,0.0000,0.0000,0.0000,0.0078,0.0000,200,5.2266
0.0079,0.0000,0.0000,0.0000,0.0079,0.0000,200,5.2266
0.0076,0.0000,0.0000,0.0000,0.0076,0.0000,200,5.2269
0.0073,0.0000,0.0000,0.0000,0.0072,0.0001,200,5.2345
0.0074,0.0000,0.0000,0.0000,0.0072,0.0002,200,5.2345
0.0075,0.0000,0.0000,0.0000,0.0073,0.0002,200,5.2345
0.0079,0.0000,0.0000,0.0000,0.0075,0.0003,200,5.2343
0.0071,0.0000,0.0000,0.0000,0.0070,0.0001,200,5.2420
0.0075,0.0000,0.0000,0.0000,0.0072,0.0003,200,5.2419
0.0073,0.0000,0.0000,0.0000,0.0070,0.0003,200,5.2422
0.0077,0.0000,0.0000,0.0000,0.0074,0.0002,200,5.2418
0.0074,0.0000,0.0000,0.0000,0.0073,0.0001,200,5.2492
0.0073,0.0000,0.0000,0.0000,0.0071,0.0002,200,5.2494
0.0074,0.0000,0.0000,0.0000,0.0071,0.0002,200,5.2495
0.0073,0.0000,0.0000,0.0000,0.0072,0.0001,200,5.2495
0.0072,0.0000,0.0000,0.0000,0.0071,0.0001,200,5.2569
0.0075,0.0000,0.0000,0.0000,0.0074,0.0000,200,5.2567
0.0078,0.0000,0.0000,0.0000,0.0071,0.0007,200,5.2569
0.0086,0.0000,0.0000,0.0000,0.0084,0.0002,200,5.2565
0.0079,0.0000,0.0000,0.0000,0.0077,0.0001,200,5.2641
0.0077,0.0000,0.0000,0.0000,0.0076,0.0000,200,5.2642
0.0069,0.0000,0.0000,0.0000,0.0067,0.0002,200,5.2651
0.0076,0.0000,0.0000,0.0000,0.0073,0.0002,200,5.2647
0.0073,0.0000,0.0000,0.0000,0.0072,0.0001,200,5.2719
0.0074,0.0000,0.0000,0.0000,0.0071,0.0003,200,5.2719
0.0078,0.0000,0.0000,0.0000,0.0075,0.0002,200,5.2720
0.0077,0.0000,0.0000,0.0000,0.0070,0.0007,200,5.2722
0.0075,0.0000,0.0000,0.0000,0.0074,0.0001,200,5.2794
0.0076,0.0000,0.0000,0.0000,0.0075,0.0001,200,5.2792
0.0072,0.0000,0.0000,0.0000,0.0070,0.0002,200,5.2798
0.0073,0.0000,0.0000,0.0000,0.0071,0.0001,200,5.2799
0.0073,0.0000,0.0000,0.0000,0.0072,0.0001,200,5.2868
0.0072,0.0000,0.0000,0.0000,0.0071,0.0001,200,5.2870
0.0075,0.0000,0.0000,0.0000,0.0073,0.0002,200,5.2868
0.0071,0.0000,0.0000,0.0000,0.0069,0.0002,200,5.2872
0.0072,0.0000,0.0000,0.0000,0.0071,0.0001,200,5.2943
0.0077,0.0000,0.0000,0.0000,0.0072,0.0004,200,5.2943
0.0076,0.0000,0.0000,0.0000,0.0072,0.0004,200,5.2943
0.0078,0.0000,0.0000,0.0000,0.0075,0.0003,200,5.2941
0.0075,0.0000,0.0000,0.0000,0.0074,0.0001,200,5.3015
0.0071,0.0000,0.0000,0.0000,0.0069,0.0002,200,5.3019
0.0074,0.0000,0.0000,0.0000,0.0072,0.0001,200,5.3020
0.0076,0.0000,0.0000,0.0000,0.0075,0.0000,200,5.3019
0.0072,0.0000,0.0000,0.0000,0.0071,0.0001,200,5.3091
0.0076,0.0000,0.0000,0.0000,0.0073,0.0002,200,5.3091
0.0075,0.0000,0.0000,0.0000,0.0074,0.0001,200,5.3093
0.0081,0.0000,0.0000,0.0000,0.0076,0.0005,200,5.3095
0.0075,0.0000,0.0000,0.0000,0.0074,0.0001,200,5.3163
0.0073,0.0000,0.0000,0.0000,0.0072,0.0000,200,5.3166
0.0071,0.0000,0.0000,0.0000,0.0069,0.0002,200,5.3169
0.0073,0.0000,0.0000,0.0000,0.0069,0.0003,200,5.3176
0.0074,0.0000,0.0000,0.0000,0.0073,0.0001,200,5.3239
0.0076,0.0000,0.0000,0.0000,0.0075,0.0000,200,5.3238
0.0074,0.0000,0.0000,0.0000,0.0073,0.0000,200,5.3239
0.0071,0.0000,0.0000,0.0000,0.0070,0.0000,200,5.3249
0.0076,0.0000,0.0000,0.0000,0.0073,0.0002,200,5.3314
0.0076,0.0000,0.0000,0.0000,0.0074,0.0002,200,5.3313
0.0078,0.0000,0.0000,0.0000,0.0077,0.0000,200,5.3313
0.0074,0.0000,0.0000,0.0000,0.0073,0.0001,200,5.3320
0.0072,0.0000,0.0000,0.0000,0.0070,0.0002,200,5.3391
0.0075,0.0000,0.0000,0.0000,0.0073,0.0002,200,5.3389
0.0073,0.0000,0.0000,0.0000,0.0073,0.0000,200,5.3394
0.0078,0.0000,0.0000,0.0000,0.0078,0.0000,200,5.3389
0.0075,0.0000,0.0000,0.0000,0.0072,0.0002,200,5.3464
0.0074,0.0000,0.0000,0.0000,0.0074,0.0000,200,5.3464
0.0073,0.0000,0.0000,0.0000,0.0072,0.0000,200,5.3468
0.0073,0.0000,0.0000,0.0000,0.0071,0.0002,200,5.3468
0.0075,0.0000,0.0000,0.0000,0.0072,0.0003,200,5.3538
0.0076,0.0000,0.0000,0.0000,0.0073,0.0003,200,5.3538
0.0073,0.0000,0.0000,0.0000,0.0070,0.0003,200,5.3541
0.0077,0.0000,0.0000,0.0000,0.0069,0.0008,200,5.3541
0.0073,0.0000,0.0000,0.0000,0.0072,0.0001,200,5.3614
0.0074,0.0000,0.0000,0.0000,0.0073,0.0001,200,5.3614
0.0086,0.0000,0.0000,0.0000,0.0081,0.0005,200,5.3614
0.0083,0.0000,0.0000,0.0000,0.0083,0.0000,200,5.3618
0.0077,0.0000,0.0000,0.0000,0.0076,0.0000,200,5.3688
0.0079,0.0000,0.0000,0.0000,0.0075,0.0003,200,5.3687
0.0069,0.0000,0.0000,0.0000,0.0068,0.0000,200,5.3701
0.0078,0.0000,0.0000,0.0000,0.0077,0.0001,200,5.3699
0.0077,0.0000,0.0000,0.0000,0.0074,0.0003,200,5.3765
0.0072,0.0000,0.0000,0.0000,0.0070,0.0002,200,5.3770
0.0079,0.0000,0.0000,0.0000,0.0078,0.0000,200,5.3766
0.0076,0.0000,0.0000,0.0000,0.0075,0.0001,200,5.3777
0.0075,0.0000,0.0000,0.0000,0.0074,0.0001,200,5.3842
0.0078,0.0000,0.0000,0.0000,0.0077,0.0000,200,5.3845
0.0084,0.0000,0.0000,0.0000,0.0080,0.0004,200,5.3843
0.0078,0.0000,0.0000,0.0000,0.0070,0.0008,200,5.3853
0.0074,0.0000,0.0000,0.0000,0.0072,0.0001,200,5.3923
0.0080,0.0000,0.0000,0.0000,0.0079,0.0000,200,5.3917
0.0071,0.0000,0.0000,0.0000,0.0071,0.0000,200,5.3927
0.0092,0.0000,0.0000,0.0000,0.0091,0.0001,200,5.3931
0.0074,0.0000,0.0000,0.0000,0.0073,0.0001,200,5.3998
0.0077,0.0000,0.0000,0.0000,0.0076,0.0000,200,5.3997
0.0079,0.0000,0.0000,0.0000,0.0078,0.0000,200,5.3997
0.0072,0.0000,0.0000,0.0000,0.0071,0.0001,200,5.4023
0.0076,0.0000,0.0000,0.0000,0.0074,0.0001,200,5.4072
0.0075,0.0000,0.0000,0.0000,0.0075,0.0000,200,5.4073
0.0073,0.0000,0.0000,0.0000,0.0073,0.0000,200,5.4076
0.0071,0.0000,0.0000,0.0000,0.0070,0.0001,200,5.4095
0.0072,0.0000,0.0000,0.0000,0.0072,0.0000,200,5.4149
0.0077,0.0000,0.0000,0.0000,0.0071,0.0006,200,5.4148
0.0076,0.0000,0.0000,0.0000,0.0072,0.0004,200,5.4149
0.0073,0.0000,0.0000,0.0000,0.0072,0.0001,200,5.4166
0.0076,0.0000,0.0000,0.0000,0.0073,0.0002,200,5.4221
0.0073,0.0000,0.0000,0.0000,0.0072,0.0000,200,5.4225
0.0074,0.0000,0.0000,0.0000,0.0071,0.0003,200,5.4225
0.0073,0.0000,0.0000,0.0000,0.0071,0.0001,200,5.4239
0.0075,0.0000,0.0000,0.0000,0.0074,0.0001,200,5.4297
0.0076,0.0000,0.0000,0.0000,0.0076,0.0001,200,5.4298
0.0077,0.0000,0.0000,0.0000,0.0076,0.0000,200,5.4298
0.0077,0.0000,0.0000,0.0000,0.0072,0.0005,200,5.4312
0.0076,0.0000,0.0000,0.0001,0.0074,0.0002,200,5.4372
0.0074,0.0000,0.0000,0.0000,0.0072,0.0002,200,5.4375
0.0074,0.0000,0.0000,0.0000,0.0073,0.0000,200,5.4376
0.0073,0.0000,0.0000,0.0000,0.0072,0.0001,200,5.4389
0.0074,0.0000,0.0000,0.0000,0.0072,0.0002,200,5.4450
0.0075,0.0000,0.0000,0.0000,0.0072,0.0003,200,5.4449
0.0075,0.0000,0.0000,0.0000,0.0073,0.0002,200,5.4449
0.0074,0.0000,0.0000,0.0000,0.0073,0.0000,200,5.4461
0.0074,0.0000,0.0000,0.0000,0.0072,0.0001,200,5.4524
0.0075,0.0000,0.0000,0.0000,0.0074,0.0000,200,5.4524
0.0075,0.0000,0.0000,0.0000,0.0074,0.0000,200,5.4524
0.0070,0.0000,0.0000,0.0000,0.0069,0.0000,200,5.4535
0.0077,0.0000,0.0000,0.0000,0.0076,0.0001,200,5.4597
0.0076,0.0000,0.0000,0.0000,0.0074,0.0002,200,5.4599
0.0077,0.0000,0.0000,0.0000,0.0074,0.0002,200,5.4599
0.0072,0.0000,0.0000,0.0000,0.0071,0.0000,200,5.4605
0.0075,0.0000,0.0000,0.0000,0.0074,0.0001,200,5.4676
0.0078,0.0000,0.0000,0.0000,0.0074,0.0004,200,5.4676
0.0079,0.0000,0.0000,0.0000,0.0073,0.0005,200,5.4677
0.0098,0.0000,0.0000,0.0000,0.0083,0.0014,200,5.4675
0.0075,0.0000,0.0000,0.0000,0.0074,0.0001,200,5.4750
0.0069,0.0000,0.0000,0.0000,0.0069,0.0000,200,5.4756
0.0085,0.0000,0.0000,0.0000,0.0075,0.0009,200,5.4754
0.0072,0.0000,0.0000,0.0000,0.0071,0.0000,200,5.4773
0.0077,0.0000,0.0000,0.0000,0.0075,0.0001,200,5.4825
0.0078,0.0000,0.0000,0.0000,0.0077,0.0000,200,5.4825
0.0069,0.0000,0.0000,0.0000,0.0068,0.0000,200,5.4839
0.0068,0.0000,0.0000,0.0000,0.0067,0.0001,200,5.4844
0.0073,0.0000,0.0000,0.0000,0.0072,0.0001,200,5.4903
0.0081,0.0000,0.0000,0.0000,0.0080,0.0001,200,5.4902
0.0077,0.0000,0.0000,0.0000,0.0076,0.0000,200,5.4909
0.0074,0.0000,0.0000,0.0000,0.0073,0.0000,200,5.4913
0.0078,0.0000,0.0000,0.0000,0.0077,0.0001,200,5.4976
0.0073,0.0000,0.0000,0.0000,0.0073,0.0000,200,5.4985
0.0074,0.0000,0.0000,0.0000,0.0073,0.0000,200,5.4987
0.0085,0.0000,0.0000,0.0000,0.0074,0.0011,200,5.4983
0.0072,0.0000,0.0000,0.0000,0.0072,0.0000,200,5.5059
0.0071,0.0000,0.0000,0.0000,0.0069,0.0002,200,5.5060
0.0078,0.0000,0.0000,0.0000,0.0077,0.0000,200,5.5054
0.0072,0.0000,0.0000,0.0000,0.0066,0.0006,200,5.5068
0.0072,0.0000,0.0000,0.0000,0.0071,0.0001,200,5.5132
0.0074,0.0000,0.0000,0.0000,0.0073,0.0000,200,5.5131
0.0074,0.0000,0.0000,0.0000,0.0073,0.0000,200,5.5132
0.0069,0.0000,0.0000,0.0000,0.0067,0.0001,200,5.5141
0.0070,0.0000,0.0000,0.0000,0.0069,0.0001,200,5.5210
0.0076,0.0000,0.0000,0.0000,0.0076,0.0000,200,5.5205
0.0077,0.0000,0.0000,0.0000,0.0076,0.0000,200,5.5206
0.0080,0.0000,0.0000,0.0000,0.0076,0.0003,200,5.5203
0.0071,0.0000,0.0000,0.0000,0.0070,0.0000,200,5.5283
0.0073,0.0000,0.0000,0.0000,0.0071,0.0001,200,5.5281
0.0078,0.0000,0.0000,0.0000,0.0075,0.0003,200,5.5280
0.0076,0.0000,0.0000,0.0000,0.0074,0.0002,200,5.5283
0.0075,0.0000,0.0000,0.0000,0.0072,0.0003,200,5.5354
0.0071,0.0000,0.0000,0.0000,0.0068,0.0002,200,5.5359
0.0076,0.0000,0.0000,0.0000,0.0071,0.0005,200,5.5354
0.0073,0.0000,0.0000,0.0000,0.0073,0.0000,200,5.5358
0.0076,0.0000,0.0000,0.0000,0.0075,0.0000,200,5.5429
0.0075,0.0000,0.0000,0.0000,0.0074,0.0001,200,5.5431
0.0078,0.0000,0.0000,0.0000,0.0078,0.0000,200,5.5430
0.0080,0.0000,0.0000,0.0000,0.0074,0.0005,200,5.5430
0.0075,0.0000,0.0000,0.0000,0.0074,0.0001,200,5.5505
0.0074,0.0000,0.0000,0.0000,0.0073,0.0001,200,5.5506
0.0072,0.0000,0.0000,0.0000,0.0071,0.0000,200,5.5510
0.0073,0.0000,0.0000,0.0000,0.0073,0.0000,200,5.5509
0.0073,0.0000,0.0000,0.0000,0.0072,0.0001,200,5.5582
0.0076,0.0000,0.0000,0.0000,0.0075,0.0000,200,5.5580
0.0076,0.0000,0.0000,0.0000,0.0075,0.0000,200,5.5582
0.0080,0.0000,0.0000,0.0000,0.0079,0.0000,200,5.5580
0.0068,0.0000,0.0000,0.0000,0.0068,0.0000,200,5.5660
0.0074,0.0000,0.0000,0.0000,0.0071,0.0002,200,5.5655
0.0073,0.0000,0.0000,0.0000,0.0069,0.0004,200,5.5657
0.0078,0.0000,0.0000,0.0000,0.0077,0.0000,200,5.5656
0.0072,0.0000,0.0000,0.0000,0.0071,0.0001,200,5.5731
0.0071,0.0000,0.0000,0.0000,0.0069,0.0002,200,5.5734
0.0076,0.0000,0.0000,0.0000,0.0073,0.0003,200,5.5729
0.0076,0.0000,0.0000,0.0000,0.0074,0.0002,200,5.5729
0.0074,0.0000,0.0000,0.0000,0.0073,0.0001,200,5.5804
0.0077,0.0000,0.0000,0.0000,0.0076,0.0000,200,5.5803
0.0075,0.0000,0.0000,0.0000,0.0075,0.0000,200,5.5805
0.0079,0.0000,0.0000,0.0000,0.0073,0.0006,200,5.5805
0.0070,0.0000,0.0000,0.0000,0.0068,0.0001,200,5.5884
0.0074,0.0000,0.0000,0.0000,0.0072,0.0001,200,5.5880
0.0077,0.0000,0.0000,0.0000,0.0072,0.0005,200,5.5880
0.0086,0.0000,0.0000,0.0000,0.0083,0.0003,200,5.5879
0.0073,0.0000,0.0000,0.0000,0.0071,0.0001,200,5.5954
0.0071,0.0000,0.0000,0.0000,0.0070,0.0001,200,5.5957
0.0077,0.0000,0.0000,0.0000,0.0076,0.0000,200,5.5954
0.0072,0.0000,0.0000,0.0000,0.0071,0.0000,200,5.5965
0.0075,0.0000,0.0000,0.0000,0.0072,0.0003,200,5.6027
0.0075,0.0000,0.0000,0.0000,0.0071,0.0003,200,5.6028
0.0069,0.0000,0.0000,0.0000,0.0068,0.0000,200,5.6037
0.0076,0.0000,0.0000,0.0000,0.0075,0.0000,200,5.6031
0.0074,0.0000,0.0000,0.0000,0.0073,0.0001,200,5.6102
0.0072,0.0000,0.0000,0.0000,0.0071,0.0001,200,5.6106
0.0071,0.0000,0.0000,0.0000,0.0071,0.0000,200,5.6107
0.0076,0.0000,0.0000,0.0000,0.0074,0.0002,200,5.6103
0.0078,0.0000,0.0000,0.0000,0.0076,0.0001,200,5.6176
0.0076,0.0000,0.0000,0.0000,0.0073,0.0003,200,5.6178
0.0077,0.0000,0.0000,0.0000,0.0075,0.0002,200,5.6178
0.0078,0.0000,0.0000,0.0000,0.0078,0.0000,200,5.6179
0.0073,0.0000,0.0000,0.0000,0.0072,0.0001,200,5.6255
0.0075,0.0000,0.0000,0.0000,0.0073,0.0002,200,5.6254
0.0076,0.0000,0.0000,0.0000,0.0073,0.0002,200,5.6255
0.0073,0.0000,0.0000,0.0000,0.0071,0.0002,200,5.6257
0.0071,0.0000,0.0000,0.0000,0.0070,0.0001,200,5.6330
0.0072,0.0000,0.0000,0.0000,0.0070,0.0002,200,5.6330
0.0077,0.0000,0.0000,0.0000,0.0074,0.0002,200,5.6328
0.0077,0.0000,0.0000,0.0000,0.0071,0.0006,200,5.6330
0.0074,0.0000,0.0000,0.0000,0.0073,0.0000,200,5.6404
0.0076,0.0000,0.0000,0.0000,0.0072,0.0003,200,5.6403
0.0076,0.0000,0.0000,0.0000,0.0075,0.0000,200,5.6406
0.0082,0.0000,0.0000,0.0000,0.0081,0.0000,200,5.6401
0.0077,0.0000,0.0000,0.0000,0.0074,0.0003,200,5.6483
0.0083,0.0000,0.0000,0.0000,0.0082,0.0000,200,5.6478
0.0083,0.0000,0.0000,0.0000,0.0082,0.0000,200,5.6479
0.0082,0.0000,0.0000,0.0000,0.0081,0.0000,200,5.6482
0.0082,0.0000,0.0000,0.0000,0.0081,0.0001,200,5.6561
0.0084,0.0000,0.0000,0.0000,0.0083,0.0000,200,5.6559
0.0083,0.0000,0.0000,0.0000,0.0083,0.0000,200,5.6564
0.0086,0.0000,0.0000,0.0000,0.0085,0.0000,200,5.6562
0.0084,0.0000,0.0000,0.0000,0.0082,0.0001,200,5.6643
0.0080,0.0000,0.0000,0.0000,0.0079,0.0000,200,5.6647
0.0105,0.0000,0.0000,0.0000,0.0077,0.0027,200,5.6648
0.0132,0.0000,0.0000,0.0000,0.0123,0.0009,200,5.6644
0.0111,0.0000,0.0000,0.0000,0.0110,0.0001,200,5.6727
0.0112,0.0000,0.0000,0.0000,0.0111,0.0000,200,5.6727
0.0090,0.0000,0.0000,0.0000,0.0077,0.0012,200,5.6753
0.0083,0.0000,0.0000,0.0000,0.0074,0.0008,200,5.6776
0.0076,0.0000,0.0000,0.0000,0.0075,0.0001,200,5.6843
0.0094,0.0000,0.0000,0.0000,0.0090,0.0004,200,5.6838
0.0100,0.0000,0.0000,0.0000,0.0099,0.0001,200,5.6839
0.0108,0.0000,0.0000,0.0000,0.0104,0.0003,200,5.6859
0.0096,0.0000,0.0000,0.0000,0.0095,0.0000,200,5.6932
0.0090,0.0000,0.0000,0.0000,0.0088,0.0002,200,5.6939
0.0111,0.0000,0.0000,0.0000,0.0110,0.0000,200,5.6919
0.0143,0.0000,0.0000,0.0000,0.0141,0.0001,200,5.6966
0.0090,0.0000,0.0000,0.0000,0.0086,0.0003,200,5.7028
0.0095,0.0000,0.0000,0.0000,0.0087,0.0008,200,5.7029
0.0097,0.0000,0.0000,0.0000,0.0096,0.0000,200,5.7030
0.0083,0.0000,0.0000,0.0000,0.0082,0.0001,200,5.7109
0.0079,0.0000,0.0000,0.0000,0.0077,0.0002,200,5.7119
0.0112,0.0000,0.0000,0.0000,0.0111,0.0001,200,5.7127
0.0116,0.0000,0.0000,0.0000,0.0115,0.0000,200,5.7125
0.0074,0.0000,0.0000,0.0000,0.0070,0.0003,200,5.7198
0.0080,0.0000,0.0000,0.0000,0.0080,0.0000,200,5.7192
0.0089,0.0000,0.0000,0.0000,0.0084,0.0004,200,5.7240
0.0084,0.0000,0.0000,0.0000,0.0082,0.0001,200,5.7273
0.0120,0.0000,0.0000,0.0000,0.0119,0.0000,200,5.7239
0.0135,0.0000,0.0000,0.0000,0.0099,0.0036,200,5.7272
0.0082,0.0000,0.0000,0.0000,0.0081,0.0001,200,5.7359
0.0087,0.0000,0.0000,0.0000,0.0082,0.0004,200,5.7356
0.0114,0.0000,0.0000,0.0000,0.0113,0.0000,200,5.7329
0.0089,0.0000,0.0000,0.0000,0.0083,0.0005,200,5.7407
0.0083,0.0000,0.0000,0.0000,0.0079,0.0004,200,5.7443
0.0096,0.0000,0.0000,0.0000,0.0095,0.0001,200,5.7441
0.0099,0.0000,0.0000,0.0000,0.0079,0.0020,200,5.7444
0.0083,0.0000,0.0000,0.0000,0.0081,0.0001,200,5.7496
0.0100,0.0000,0.0000,0.0001,0.0097,0.0001,200,5.7526
0.0090,0.0000,0.0000,0.0000,0.0080,0.0009,200,5.7538
0.0085,0.0000,0.0000,0.0000,0.0085,0.0000,200,5.7543
0.0103,0.0000,0.0000,0.0000,0.0101,0.0001,200,5.7578
0.0083,0.0000,0.0000,0.0000,0.0080,0.0003,200,5.7628
0.0086,0.0000,0.0000,0.0000,0.0085,0.0000,200,5.7626
0.0086,0.0000,0.0000,0.0000,0.0079,0.0007,200,5.7627
0.0072,0.0000,0.0000,0.0000,0.0071,0.0001,200,5.7681
0.0082,0.0000,0.0000,0.0000,0.0080,0.0002,200,5.7711
0.0081,0.0000,0.0000,0.0000,0.0078,0.0002,200,5.7713
0.0083,0.0000,0.0000,0.0000,0.0079,0.0003,200,5.7712
0.0073,0.0000,0.0000,0.0000,0.0072,0.0001,200,5.7753
0.0077,0.0000,0.0000,0.0000,0.0076,0.0001,200,5.7795
0.0079,0.0000,0.0000,0.0000,0.0078,0.0000,200,5.7793
0.0079,0.0000,0.0000,0.0000,0.0079,0.0000,200,5.7794
0.0078,0.0000,0.0000,0.0000,0.0077,0.0001,200,5.7827
0.0075,0.0000,0.0000,0.0000,0.0073,0.0001,200,5.7872
0.0073,0.0000,0.0000,0.0000,0.0071,0.0002,200,5.7873
0.0076,0.0000,0.0000,0.0000,0.0075,0.0000,200,5.7872
0.0072,0.0000,0.0000,0.0000,0.0071,0.0001,200,5.7905
0.0071,0.0000,0.0000,0.0000,0.0069,0.0002,200,5.7948
0.0072,0.0000,0.0000,0.0000,0.0070,0.0002,200,5.7947
0.0073,0.0000,0.0000,0.0000,0.0072,0.0001,200,5.7947
0.0070,0.0000,0.0000,0.0000,0.0068,0.0001,200,5.7977
0.0073,0.0000,0.0000,0.0000,0.0072,0.0000,200,5.8019
0.0074,0.0000,0.0000,0.0000,0.0071,0.0003,200,5.8019
0.0074,0.0000,0.0000,0.0000,0.0069,0.0005,200,5.8020
0.0073,0.0000,0.0000,0.0000,0.0071,0.0001,200,5.8047
0.0074,0.0000,0.0000,0.0000,0.0073,0.0001,200,5.8092
0.0074,0.0000,0.0000,0.0000,0.0073,0.0000,200,5.8093
0.0073,0.0000,0.0000,0.0000,0.0071,0.0002,200,5.8095
0.0072,0.0000,0.0000,0.0001,0.0071,0.0001,200,5.8119
0.0073,0.0000,0.0000,0.0000,0.0071,0.0002,200,5.8166
0.0073,0.0000,0.0000,0.0000,0.0072,0.0000,200,5.8168
0.0074,0.0000,0.0000,0.0000,0.0073,0.0000,200,5.8167
0.0071,0.0000,0.0000,0.0000,0.0070,0.0001,200,5.8192
0.0075,0.0000,0.0000,0.0000,0.0074,0.0001,200,5.8239
0.0075,0.0000,0.0000,0.0000,0.0074,0.0000,200,5.8241
0.0075,0.0000,0.0000,0.0000,0.0075,0.0000,200,5.8240
0.0071,0.0000,0.0000,0.0000,0.0070,0.0001,200,5.8263
0.0074,0.0000,0.0000,0.0000,0.0073,0.0001,200,5.8315
0.0074,0.0000,0.0000,0.0000,0.0073,0.0000,200,5.8316
0.0074,0.0000,0.0000,0.0000,0.0072,0.0002,200,5.8316
0.0071,0.0000,0.0000,0.0000,0.0069,0.0001,200,5.8335
0.0073,0.0000,0.0000,0.0000,0.0072,0.0001,200,5.8388
0.0072,0.0000,0.0000,0.0000,0.0072,0.0000,200,5.8390
0.0073,0.0000,0.0000,0.0000,0.0070,0.0002,200,5.8390
0.0072,0.0000,0.0000,0.0000,0.0067,0.0005,200,5.8405
0.0074,0.0000,0.0000,0.0000,0.0073,0.0001,200,5.8461
0.0074,0.0000,0.0000,0.0000,0.0073,0.0000,200,5.8462
0.0074,0.0000,0.0000,0.0000,0.0074,0.0000,200,5.8463
0.0072,0.0000,0.0000,0.0000,0.0071,0.0001,200,5.8478
0.0075,0.0000,0.0000,0.0000,0.0072,0.0002,200,5.8535
0.0073,0.0000,0.0000,0.0000,0.0071,0.0002,200,5.8537
0.0074,0.0000,0.0000,0.0000,0.0074,0.0000,200,5.8536
0.0073,0.0000,0.0000,0.0000,0.0072,0.0001,200,5.8550
0.0074,0.0000,0.0000,0.0000,0.0073,0.0001,200,5.8610
0.0074,0.0000,0.0000,0.0000,0.0071,0.0002,200,5.8611
0.0075,0.0000,0.0000,0.0000,0.0075,0.0000,200,5.8610
0.0076,0.0000,0.0000,0.0000,0.0071,0.0005,200,5.8623
0.0075,0.0000,0.0000,0.0000,0.0075,0.0001,200,5.8686
0.0078,0.0000,0.0000,0.0000,0.0072,0.0005,200,5.8684
0.0078,0.0000,0.0000,0.0000,0.0077,0.0000,200,5.8684
0.0073,0.0000,0.0000,0.0000,0.0069,0.0003,200,5.8699
0.0078,0.0000,0.0000,0.0000,0.0074,0.0003,200,5.8761
0.0070,0.0000,0.0000,0.0000,0.0069,0.0000,200,5.8772
0.0079,0.0000,0.0000,0.0000,0.0079,0.0000,200,5.8762
0.0080,0.0000,0.0000,0.0000,0.0072,0.0007,200,5.8762
0.0074,0.0000,0.0000,0.0000,0.0072,0.0002,200,5.8839
0.0072,0.0000,0.0000,0.0000,0.0071,0.0000,200,5.8841
0.0073,0.0000,0.0000,0.0000,0.0071,0.0002,200,5.8842
0.0074,0.0000,0.0000,0.0000,0.0072,0.0002,200,5.8842
0.0074,0.0000,0.0000,0.0000,0.0072,0.0002,200,5.8913
0.0072,0.0000,0.0000,0.0000,0.0071,0.0001,200,5.8915
0.0077,0.0000,0.0000,0.0000,0.0076,0.0001,200,5.8913
0.0076,0.0000,0.0000,0.0000,0.0073,0.0003,200,5.8915
0.0074,0.0000,0.0000,0.0000,0.0072,0.0001,200,5.8987
0.0071,0.0000,0.0000,0.0000,0.0069,0.0002,200,5.8990
0.0075,0.0000,0.0000,0.0000,0.0074,0.0001,200,5.8988
0.0074,0.0000,0.0000,0.0000,0.0073,0.0001,200,5.8991
0.0073,0.0000,0.0000,0.0000,0.0072,0.0000,200,5.9061
0.0072,0.0000,0.0000,0.0000,0.0070,0.0002,200,5.9063
0.0073,0.0000,0.0000,0.0000,0.0073,0.0000,200,5.9065
0.0077,0.0000,0.0000,0.0000,0.0077,0.0000,200,5.9062
0.0074,0.0000,0.0000,0.0000,0.0073,0.0001,200,5.9135
0.0076,0.0000,0.0000,0.0000,0.0075,0.0000,200,5.9135
0.0071,0.0000,0.0000,0.0000,0.0071,0.0000,200,5.9139
0.0072,0.0000,0.0000,0.0000,0.0070,0.0002,200,5.9139
0.0072,0.0000,0.0000,0.0000,0.0070,0.0002,200,5.9210
0.0072,0.0000,0.0000,0.0000,0.0070,0.0002,200,5.9211
0.0076,0.0000,0.0000,0.0000,0.0074,0.0001,200,5.9209
0.0077,0.0000,0.0000,0.0000,0.0073,0.0004,200,5.9210
0.0073,0.0000,0.0000,0.0000,0.0072,0.0001,200,5.9285
0.0076,0.0000,0.0000,0.0000,0.0075,0.0001,200,5.9283
0.0077,0.0000,0.0000,0.0000,0.0075,0.0002,200,5.9283
0.0074,0.0000,0.0000,0.0000,0.0072,0.0002,200,5.9287
0.0075,0.0000,0.0000,0.0000,0.0074,0.0001,200,5.9359
0.0076,0.0000,0.0000,0.0000,0.0076,0.0000,200,5.9359
0.0075,0.0000,0.0000,0.0000,0.0075,0.0000,200,5.9361
0.0076,0.0000,0.0000,0.0000,0.0076,0.0000,200,5.9360
0.0076,0.0000,0.0000,0.0000,0.0074,0.0001,200,5.9435
0.0076,0.0000,0.0000,0.0000,0.0076,0.0000,200,5.9436
0.0077,0.0000,0.0000,0.0000,0.0074,0.0002,200,5.9436
0.0089,0.0000,0.0000,0.0000,0.0088,0.0000,200,5.9434
0.0073,0.0000,0.0000,0.0000,0.0072,0.0001,200,5.9511
0.0073,0.0000,0.0000,0.0000,0.0070,0.0002,200,5.9513
0.0073,0.0000,0.0000,0.0000,0.0071,0.0002,200,5.9513
0.0073,0.0000,0.0000,0.0000,0.0069,0.0004,200,5.9523
0.0072,0.0000,0.0000,0.0000,0.0071,0.0001,200,5.9584
0.0072,0.0000,0.0000,0.0000,0.0071,0.0000,200,5.9586
0.0073,0.0000,0.0000,0.0000,0.0072,0.0000,200,5.9586
0.0074,0.0000,0.0000,0.0000,0.0070,0.0004,200,5.9596
0.0074,0.0000,0.0000,0.0000,0.0071,0.0003,200,5.9659
0.0076,0.0000,0.0000,0.0000,0.0073,0.0002,200,5.9658
0.0078,0.0000,0.0000,0.0000,0.0072,0.0005,200,5.9656
0.0070,0.0000,0.0000,0.0000,0.0069,0.0000,200,5.9670
0.0076,0.0000,0.0000,0.0000,0.0075,0.0001,200,5.9733
0.0078,0.0000,0.0000,0.0000,0.0076,0.0001,200,5.9733
0.0072,0.0000,0.0000,0.0000,0.0071,0.0001,200,5.9739
0.0077,0.0000,0.0000,0.0000,0.0076,0.0001,200,5.9734
0.0076,0.0000,0.0000,0.0000,0.0073,0.0003,200,5.9811
0.0078,0.0000,0.0000,0.0000,0.0075,0.0003,200,5.9811
0.0078,0.0000,0.0000,0.0000,0.0074,0.0003,200,5.9812
0.0080,0.0000,0.0000,0.0000,0.0076,0.0004,200,5.9809
0.0077,0.0000,0.0000,0.0000,0.0076,0.0001,200,5.9888
0.0076,0.0000,0.0000,0.0000,0.0076,0.0000,200,5.9889
0.0077,0.0000,0.0000,0.0000,0.0074,0.0002,200,5.9889
0.0078,0.0000,0.0000,0.0000,0.0077,0.0000,200,5.9889
0.0073,0.0000,0.0000,0.0000,0.0072,0.0001,200,5.9965
0.0074,0.0000,0.0000,0.0000,0.0072,0.0001,200,5.9965
0.0073,0.0000,0.0000,0.0000,0.0071,0.0002,200,5.9966
0.0073,0.0000,0.0000,0.0000,0.0072,0.0001,200,5.9967
0.0073,0.0000,0.0000,0.0000,0.0071,0.0002,200,6.0040
0.0075,0.0000,0.0000,0.0000,0.0072,0.0003,200,6.0038
0.0073,0.0000,0.0000,0.0000,0.0070,0.0003,200,6.0040
0.0075,0.0000,0.0000,0.0000,0.0075,0.0000,200,6.0039
0.0074,0.0000,0.0000,0.0000,0.0072,0.0001,200,6.0112
0.0076,0.0000,0.0000,0.0000,0.0073,0.0002,200,6.0113
0.0074,0.0000,0.0000,0.0000,0.0072,0.0002,200,6.0115
0.0075,0.0000,0.0000,0.0000,0.0074,0.0002,200,6.0114
0.0069,0.0000,0.0000,0.0000,0.0068,0.0001,200,6.0189
0.0074,0.0000,0.0000,0.0000,0.0073,0.0000,200,6.0186
0.0072,0.0000,0.0000,0.0000,0.0071,0.0000,200,6.0189
0.0072,0.0000,0.0000,0.0000,0.0071,0.0000,200,6.0189
0.0074,0.0000,0.0000,0.0000,0.0073,0.0001,200,6.0261
0.0076,0.0000,0.0000,0.0000,0.0074,0.0001,200,6.0260
0.0075,0.0000,0.0000,0.0000,0.0075,0.0000,200,6.0261
0.0079,0.0000,0.0000,0.0000,0.0078,0.0000,200,6.0258
0.0073,0.0000,0.0000,0.0000,0.0072,0.0001,200,6.0336
0.0076,0.0000,0.0000,0.0000,0.0074,0.0001,200,6.0335
0.0075,0.0000,0.0000,0.0000,0.0074,0.0001,200,6.0336
0.0075,0.0000,0.0000,0.0000,0.0073,0.0001,200,6.0337
0.0075,0.0000,0.0000,0.0000,0.0074,0.0001,200,6.0411
0.0076,0.0000,0.0000,0.0000,0.0074,0.0001,200,6.0411
0.0075,0.0000,0.0000,0.0000,0.0074,0.0001,200,6.0412
0.0078,0.0000,0.0000,0.0000,0.0077,0.0000,200,6.0410
0.0076,0.0000,0.0000,0.0000,0.0075,0.0000,200,6.0486
0.0076,0.0000,0.0000,0.0000,0.0073,0.0002,200,6.0487
0.0076,0.0000,0.0000,0.0000,0.0073,0.0003,200,6.0486
0.0076,0.0000,0.0000,0.0000,0.0074,0.0002,200,6.0488
0.0075,0.0000,0.0000,0.0000,0.0074,0.0000,200,6.0562
0.0076,0.0000,0.0000,0.0000,0.0075,0.0000,200,6.0563
0.0086,0.0000,0.0000,0.0000,0.0072,0.0014,200,6.0564
0.0087,0.0000,0.0000,0.0000,0.0079,0.0008,200,6.0563
0.0076,0.0000,0.0000,0.0000,0.0075,0.0001,200,6.0638
0.0075,0.0000,0.0000,0.0000,0.0074,0.0001,200,6.0639
0.0070,0.0000,0.0000,0.0000,0.0069,0.0001,200,6.0650
0.0075,0.0000,0.0000,0.0000,0.0074,0.0000,200,6.0650
0.0069,0.0000,0.0000,0.0000,0.0068,0.0001,200,6.0720
0.0077,0.0000,0.0000,0.0000,0.0076,0.0000,200,6.0714
0.0077,0.0000,0.0000,0.0000,0.0076,0.0000,200,6.0714
0.0067,0.0000,0.0000,0.0000,0.0066,0.0000,200,6.0725
0.0071,0.0000,0.0000,0.0000,0.0069,0.0002,200,6.0792
0.0076,0.0000,0.0000,0.0000,0.0075,0.0000,200,6.0789
0.0075,0.0000,0.0000,0.0000,0.0074,0.0001,200,6.0791
0.0076,0.0000,0.0000,0.0000,0.0073,0.0002,200,6.0791
0.0075,0.0000,0.0000,0.0000,0.0073,0.0001,200,6.0863
0.0072,0.0000,0.0000,0.0000,0.0072,0.0000,200,6.0867
0.0074,0.0000,0.0000,0.0000,0.0072,0.0002,200,6.0866
0.0075,0.0000,0.0000,0.0000,0.0074,0.0001,200,6.0865
0.0076,0.0000,0.0000,0.0000,0.0073,0.0003,200,6.0940
0.0077,0.0000,0.0000,0.0000,0.0075,0.0001,200,6.0940
0.0078,0.0000,0.0000,0.0000,0.0074,0.0004,200,6.0939
0.0080,0.0000,0.0000,0.0000,0.0075,0.0004,200,6.0938
0.0074,0.0000,0.0000,0.0000,0.0073,0.0001,200,6.1016
0.0073,0.0000,0.0000,0.0000,0.0071,0.0001,200,6.1017
0.0075,0.0000,0.0000,0.0000,0.0074,0.0001,200,6.1017
0.0076,0.0000,0.0000,0.0000,0.0072,0.0004,200,6.1018
0.0076,0.0000,0.0000,0.0000,0.0073,0.0002,200,6.1090
0.0075,0.0000,0.0000,0.0000,0.0074,0.0000,200,6.1093
0.0078,0.0000,0.0000,0.0000,0.0077,0.0000,200,6.1090
0.0086,0.0000,0.0000,0.0000,0.0085,0.0001,200,6.1094
0.0074,0.0000,0.0000,0.0000,0.0072,0.0002,200,6.1168
0.0074,0.0000,0.0000,0.0000,0.0071,0.0003,200,6.1168
0.0077,0.0000,0.0000,0.0000,0.0077,0.0000,200,6.1166
0.0069,0.0000,0.0000,0.0000,0.0068,0.0000,200,6.1179
0.0078,0.0000,0.0000,0.0000,0.0075,0.0002,200,6.1242
0.0077,0.0000,0.0000,0.0000,0.0073,0.0004,200,6.1243
0.0079,0.0000,0.0000,0.0000,0.0079,0.0000,200,6.1243
0.0074,0.0000,0.0000,0.0000,0.0072,0.0002,200,6.1248
0.0075,0.0000,0.0000,0.0000,0.0074,0.0001,200,6.1319
0.0073,0.0000,0.0000,0.0000,0.0072,0.0000,200,6.1323
0.0077,0.0000,0.0000,0.0000,0.0072,0.0005,200,6.1322
0.0104,0.0000,0.0000,0.0000,0.0103,0.0001,200,6.1320
0.0072,0.0000,0.0000,0.0000,0.0071,0.0001,200,6.1395
0.0073,0.0000,0.0000,0.0000,0.0073,0.0000,200,6.1394
0.0070,0.0000,0.0000,0.0000,0.0069,0.0000,200,6.1399
0.0071,0.0000,0.0000,0.0000,0.0070,0.0001,200,6.1424
0.0070,0.0000,0.0000,0.0000,0.0069,0.0001,200,6.1467
0.0070,0.0000,0.0000,0.0000,0.0069,0.0000,200,6.1469
0.0071,0.0000,0.0000,0.0000,0.0070,0.0001,200,6.1468
0.0072,0.0000,0.0000,0.0000,0.0071,0.0001,200,6.1495
0.0073,0.0000,0.0000,0.0000,0.0071,0.0002,200,6.1539
0.0074,0.0000,0.0000,0.0000,0.0071,0.0002,200,6.1539
0.0076,0.0000,0.0000,0.0000,0.0073,0.0002,200,6.1538
0.0088,0.0000,0.0000,0.0000,0.0087,0.0001,200,6.1567
0.0073,0.0000,0.0000,0.0000,0.0071,0.0001,200,6.1613
0.0074,0.0000,0.0000,0.0000,0.0073,0.0000,200,6.1612
0.0074,0.0000,0.0000,0.0000,0.0072,0.0002,200,6.1613
0.0072,0.0000,0.0000,0.0000,0.0071,0.0001,200,6.1655
0.0072,0.0000,0.0000,0.0000,0.0071,0.0000,200,6.1686
0.0071,0.0000,0.0000,0.0000,0.0070,0.0000,200,6.1687
0.0072,0.0000,0.0000,0.0000,0.0069,0.0003,200,6.1686
0.0069,0.0000,0.0000,0.0000,0.0068,0.0001,200,6.1727
0.0073,0.0000,0.0000,0.0000,0.0072,0.0001,200,6.1758
0.0073,0.0000,0.0000,0.0000,0.0072,0.0000,200,6.1758
0.0074,0.0000,0.0000,0.0000,0.0073,0.0000,200,6.1758
0.0074,0.0000,0.0000,0.0000,0.0072,0.0001,200,6.1797
0.0074,0.0000,0.0000,0.0000,0.0073,0.0001,200,6.1831
0.0074,0.0000,0.0000,0.0000,0.0073,0.0000,200,6.1831
0.0074,0.0000,0.0000,0.0000,0.0073,0.0000,200,6.1832
0.0074,0.0000,0.0000,0.0000,0.0073,0.0001,200,6.1871
0.0072,0.0000,0.0000,0.0000,0.0071,0.0000,200,6.1906
0.0074,0.0000,0.0000,0.0000,0.0070,0.0003,200,6.1905
0.0076,0.0000,0.0000,0.0000,0.0075,0.0000,200,6.1906
0.0072,0.0000,0.0000,0.0000,0.0071,0.0001,200,6.1944
0.0073,0.0000,0.0000,0.0000,0.0072,0.0001,200,6.1978
0.0073,0.0000,0.0000,0.0000,0.0072,0.0000,200,6.1979
0.0072,0.0000,0.0000,0.0000,0.0071,0.0000,200,6.1982
0.0070,0.0000,0.0000,0.0000,0.0069,0.0001,200,6.2016
0.0074,0.0000,0.0000,0.0000,0.0070,0.0003,200,6.2051
0.0073,0.0000,0.0000,0.0000,0.0072,0.0001,200,6.2053
0.0077,0.0000,0.0000,0.0000,0.0074,0.0003,200,6.2052
0.0071,0.0000,0.0000,0.0000,0.0070,0.0001,200,6.2087
0.0073,0.0000,0.0000,0.0000,0.0070,0.0003,200,6.2125
0.0071,0.0000,0.0000,0.0000,0.0071,0.0000,200,6.2127
0.0070,0.0000,0.0000,0.0000,0.0069,0.0000,200,6.2129
0.0071,0.0000,0.0000,0.0000,0.0070,0.0001,200,6.2158
0.0072,0.0000,0.0000,0.0000,0.0071,0.0001,200,6.2198
0.0072,0.0000,0.0000,0.0000,0.0070,0.0002,200,6.2198
0.0073,0.0000,0.0000,0.0000,0.0072,0.0000,200,6.2198
0.0076,0.0000,0.0000,0.0000,0.0072,0.0001,200,6.2229
0.0074,0.0000,0.0000,0.0000,0.0069,0.0005,200,6.2271
0.0076,0.0000,0.0000,0.0000,0.0075,0.0000,200,6.2270
0.0076,0.0000,0.0000,0.0000,0.0074,0.0001,200,6.2270
0.0076,0.0000,0.0000,0.0000,0.0075,0.0001,200,6.2305
0.0074,0.0000,0.0000,0.0000,0.0072,0.0001,200,6.2345
0.0073,0.0000,0.0000,0.0000,0.0072,0.0001,200,6.2346
0.0077,0.0000,0.0000,0.0000,0.0076,0.0000,200,6.2346
0.0073,0.0000,0.0000,0.0000,0.0072,0.0001,200,6.2382
0.0075,0.0000,0.0000,0.0000,0.0073,0.0001,200,6.2419
0.0075,0.0000,0.0000,0.0000,0.0074,0.0001,200,6.2419
0.0076,0.0000,0.0000,0.0000,0.0075,0.0001,200,6.2423
0.0072,0.0000,0.0000,0.0000,0.0071,0.0001,200,6.2454
0.0075,0.0000,0.0000,0.0000,0.0071,0.0004,200,6.2493
0.0075,0.0000,0.0000,0.0000,0.0074,0.0000,200,6.2494
0.0070,0.0000,0.0000,0.0000,0.0069,0.0000,200,6.2500
0.0070,0.0000,0.0000,0.0000,0.0069,0.0001,200,6.2527
0.0073,0.0000,0.0000,0.0000,0.0072,0.0000,200,6.2568
0.0073,0.0000,0.0000,0.0000,0.0073,0.0000,200,6.2569
0.0073,0.0000,0.0000,0.0000,0.0070,0.0003,200,6.2569
0.0073,0.0000,0.0000,0.0000,0.0072,0.0001,200,6.2597
0.0074,0.0000,0.0000,0.0000,0.0070,0.0003,200,6.2642
0.0075,0.0000,0.0000,0.0000,0.0073,0.0002,200,6.2641
0.0074,0.0000,0.0000,0.0000,0.0074,0.0000,200,6.2642
0.0070,0.0000,0.0000,0.0000,0.0069,0.0001,200,6.2670
0.0071,0.0000,0.0000,0.0000,0.0070,0.0001,200,6.2717
0.0073,0.0000,0.0000,0.0000,0.0072,0.0000,200,6.2716
0.0074,0.0000,0.0000,0.0000,0.0071,0.0002,200,6.2716
0.0069,0.0000,0.0000,0.0000,0.0068,0.0001,200,6.2741
0.0074,0.0000,0.0000,0.0000,0.0073,0.0001,200,6.2789
0.0074,0.0000,0.0000,0.0000,0.0073,0.0000,200,6.2790
0.0077,0.0000,0.0000,0.0000,0.0076,0.0000,200,6.2787
0.0071,0.0000,0.0000,0.0000,0.0070,0.0001,200,6.2810
0.0072,0.0000,0.0000,0.0000,0.0071,0.0001,200,6.2864
0.0074,0.0000,0.0000,0.0000,0.0074,0.0000,200,6.2863
0.0075,0.0000,0.0000,0.0000,0.0073,0.0002,200,6.2863
0.0072,0.0000,0.0000,0.0000,0.0071,0.0000,200,6.2881
0.0074,0.0000,0.0000,0.0000,0.0073,0.0001,200,6.2938
0.0073,0.0000,0.0000,0.0000,0.0073,0.0000,200,6.2938
0.0075,0.0000,0.0000,0.0000,0.0074,0.0001,200,6.2936
0.0072,0.0000,0.0000,0.0000,0.0068,0.0003,200,6.2952
0.0073,0.0000,0.0000,0.0000,0.0071,0.0002,200,6.3011
0.0077,0.0000,0.0000,0.0000,0.0077,0.0000,200,6.3012
0.0078,0.0000,0.0000,0.0000,0.0074,0.0003,200,6.3011
0.0072,0.0000,0.0000,0.0000,0.0069,0.0003,200,6.3024
0.0075,0.0000,0.0000,0.0000,0.0074,0.0001,200,6.3085
0.0073,0.0000,0.0000,0.0000,0.0073,0.0000,200,6.3090
0.0074,0.0000,0.0000,0.0000,0.0073,0.0000,200,6.3089
0.0067,0.0000,0.0000,0.0000,0.0066,0.0000,200,6.3097
0.0074,0.0000,0.0000,0.0000,0.0073,0.0001,200,6.3160
0.0073,0.0000,0.0000,0.0000,0.0070,0.0003,200,6.3163
0.0074,0.0000,0.0000,0.0000,0.0074,0.0000,200,6.3163
0.0075,0.0000,0.0000,0.0000,0.0071,0.0004,200,6.3163
0.0075,0.0000,0.0000,0.0000,0.0074,0.0001,200,6.3234
0.0073,0.0000,0.0000,0.0000,0.0073,0.0000,200,6.3237
0.0072,0.0000,0.0000,0.0000,0.0071,0.0000,200,6.3238
0.0076,0.0000,0.0000,0.0000,0.0076,0.0000,200,6.3238
0.0074,0.0000,0.0000,0.0000,0.0073,0.0001,200,6.3309
0.0072,0.0000,0.0000,0.0000,0.0069,0.0002,200,6.3314
0.0076,0.0000,0.0000,0.0000,0.0072,0.0003,200,6.3310
0.0078,0.0000,0.0000,0.0000,0.0076,0.0001,200,6.3310
0.0074,0.0000,0.0000,0.0000,0.0073,0.0001,200,6.3386
0.0075,0.0000,0.0000,0.0000,0.0075,0.0000,200,6.3386
0.0074,0.0000,0.0000,0.0000,0.0073,0.0000,200,6.3388
0.0079,0.0000,0.0000,0.0000,0.0077,0.0002,200,6.3383
0.0073,0.0000,0.0000,0.0000,0.0072,0.0000,200,6.3463
0.0075,0.0000,0.0000,0.0000,0.0072,0.0002,200,6.3461
0.0077,0.0000,0.0000,0.0000,0.0075,0.0001,200,6.3461
0.0079,0.0000,0.0000,0.0000,0.0075,0.0003,200,6.3460
0.0070,0.0000,0.0000,0.0000,0.0069,0.0001,200,6.3538
0.0074,0.0000,0.0000,0.0000,0.0072,0.0002,200,6.3535
0.0075,0.0000,0.0000,0.0000,0.0072,0.0003,200,6.3536
0.0074,0.0000,0.0000,0.0000,0.0069,0.0004,200,6.3539
0.0073,0.0000,0.0000,0.0000,0.0072,0.0001,200,6.3609
0.0075,0.0000,0.0000,0.0000,0.0075,0.0000,200,6.3610
0.0079,0.0000,0.0000,0.0000,0.0078,0.0000,200,6.3608
0.0074,0.0000,0.0000,0.0000,0.0070,0.0004,200,6.3613
0.0074,0.0000,0.0000,0.0000,0.0072,0.0002,200,6.3687
0.0075,0.0000,0.0000,0.0000,0.0074,0.0000,200,6.3686
0.0080,0.0000,0.0000,0.0000,0.0080,0.0000,200,6.3682
0.0077,0.0000,0.0000,0.0000,0.0074,0.0002,200,6.3687
0.0074,0.0000,0.0000,0.0000,0.0073,0.0001,200,6.3761
0.0076,0.0000,0.0000,0.0000,0.0071,0.0005,200,6.3764
0.0078,0.0000,0.0000,0.0000,0.0077,0.0000,200,6.3763
0.0081,0.0000,0.0000,0.0000,0.0080,0.0001,200,6.3761
0.0076,0.0000,0.0000,0.0000,0.0075,0.0001,200,6.3840
0.0078,0.0000,0.0000,0.0000,0.0077,0.0000,200,6.3840
0.0077,0.0000,0.0000,0.0000,0.0073,0.0001,200,6.3841
0.0085,0.0000,0.0000,0.0000,0.0075,0.0000,200,6.3835
0.0071,0.0000,0.0000,0.0000,0.0070,0.0001,200,6.3919
0.0074,0.0000,0.0000,0.0000,0.0073,0.0000,200,6.3917
0.0077,0.0000,0.0000,0.0000,0.0077,0.0000,200,6.3918
0.0090,0.0000,0.0000,0.0000,0.0089,0.0001,200,6.3920
0.0076,0.0000,0.0000,0.0000,0.0075,0.0001,200,6.3990
0.0076,0.0000,0.0000,0.0000,0.0076,0.0000,200,6.3991
0.0072,0.0000,0.0000,0.0000,0.0070,0.0002,200,6.3996
0.0071,0.0000,0.0000,0.0000,0.0070,0.0001,200,6.4010
0.0075,0.0000,0.0000,0.0000,0.0074,0.0001,200,6.4066
0.0074,0.0000,0.0000,0.0000,0.0071,0.0002,200,6.4067
0.0074,0.0000,0.0000,0.0000,0.0074,0.0000,200,6.4067
0.0071,0.0000,0.0000,0.0000,0.0067,0.0003,200,6.4081
0.0073,0.0000,0.0000,0.0000,0.0071,0.0001,200,6.4141
0.0075,0.0000,0.0000,0.0000,0.0074,0.0000,200,6.4141
0.0075,0.0000,0.0000,0.0000,0.0074,0.0000,200,6.4141
0.0068,0.0000,0.0000,0.0000,0.0067,0.0001,200,6.4152
0.0076,0.0000,0.0000,0.0000,0.0075,0.0000,200,6.4216
0.0077,0.0000,0.0000,0.0000,0.0073,0.0004,200,6.4216
0.0073,0.0000,0.0000,0.0000,0.0073,0.0000,200,6.4220
0.0081,0.0000,0.0000,0.0000,0.0075,0.0005,200,6.4214
0.0072,0.0000,0.0000,0.0000,0.0071,0.0001,200,6.4294
0.0073,0.0000,0.0000,0.0000,0.0072,0.0000,200,6.4294
0.0076,0.0000,0.0000,0.0000,0.0074,0.0001,200,6.4292
0.0092,0.0000,0.0000,0.0000,0.0091,0.0001,200,6.4293
0.0073,0.0000,0.0000,0.0000,0.0072,0.0001,200,6.4366
0.0072,0.0000,0.0000,0.0000,0.0071,0.0000,200,6.4367
0.0073,0.0000,0.0000,0.0000,0.0072,0.0000,200,6.4367
0.0071,0.0000,0.0000,0.0000,0.0070,0.0001,200,6.4385
0.0072,0.0000,0.0000,0.0000,0.0071,0.0001,200,6.4440
0.0073,0.0000,0.0000,0.0000,0.0073,0.0000,200,6.4439
0.0078,0.0000,0.0000,0.0000,0.0078,0.0000,200,6.4439
0.0072,0.0000,0.0000,0.0000,0.0068,0.0004,200,6.4456
0.0075,0.0000,0.0000,0.0000,0.0072,0.0002,200,6.4512
0.0075,0.0000,0.0000,0.0000,0.0072,0.0002,200,6.4513
0.0071,0.0000,0.0000,0.0000,0.0071,0.0000,200,6.4517
0.0070,0.0000,0.0000,0.0000,0.0069,0.0001,200,6.4529
0.0074,0.0000,0.0000,0.0000,0.0072,0.0001,200,6.4589
0.0075,0.0000,0.0000,0.0000,0.0074,0.0001,200,6.4588
0.0078,0.0000,0.0000,0.0000,0.0077,0.0000,200,6.4587
0.0070,0.0000,0.0000,0.0000,0.0070,0.0000,200,6.4598
0.0078,0.0000,0.0000,0.0000,0.0076,0.0001,200,6.4663
0.0078,0.0000,0.0000,0.0000,0.0076,0.0002,200,6.4663
0.0077,0.0000,0.0000,0.0000,0.0076,0.0000,200,6.4665
0.0077,0.0000,0.0000,0.0000,0.0069,0.0007,200,6.4669
0.0073,0.0000,0.0000,0.0000,0.0070,0.0002,200,6.4746
0.0078,0.0000,0.0000,0.0000,0.0073,0.0005,200,6.4741
0.0077,0.0000,0.0000,0.0000,0.0075,0.0002,200,6.4742
0.0079,0.0000,0.0000,0.0000,0.0072,0.0007,200,6.4740
0.0083,0.0000,0.0000,0.0000,0.0077,0.0006,200,6.4819
0.0083,0.0000,0.0000,0.0000,0.0079,0.0004,200,6.4819
0.0083,0.0000,0.0000,0.0000,0.0080,0.0003,200,6.4820
0.0084,0.0000,0.0000,0.0000,0.0080,0.0003,200,6.4819
0.0074,0.0000,0.0000,0.0000,0.0074,0.0000,200,6.4902
0.0075,0.0000,0.0000,0.0000,0.0072,0.0002,200,6.4902
0.0077,0.0000,0.0000,0.0000,0.0075,0.0002,200,6.4902
0.0078,0.0000,0.0000,0.0000,0.0074,0.0003,200,6.4903
0.0077,0.0000,0.0000,0.0000,0.0076,0.0001,200,6.4981
0.0082,0.0000,0.0000,0.0000,0.0074,0.0007,200,6.4977
0.0082,0.0000,0.0000,0.0000,0.0080,0.0002,200,6.4977
0.0081,0.0000,0.0000,0.0000,0.0077,0.0003,200,6.4979
0.0076,0.0000,0.0000,0.0000,0.0073,0.0003,200,6.5059
0.0078,0.0000,0.0000,0.0000,0.0073,0.0004,200,6.5057
0.0077,0.0000,0.0000,0.0000,0.0072,0.0005,200,6.5059
0.0076,0.0000,0.0000,0.0000,0.0071,0.0005,200,6.5059
0.0073,0.0000,0.0000,0.0000,0.0070,0.0003,200,6.5136
0.0074,0.0000,0.0000,0.0000,0.0071,0.0002,200,6.5135
0.0076,0.0000,0.0000,0.0000,0.0074,0.0001,200,6.5136
0.0077,0.0000,0.0000,0.0000,0.0076,0.0001,200,6.5136
0.0073,0.0000,0.0000,0.0000,0.0070,0.0003,200,6.5211
0.0075,0.0000,0.0000,0.0000,0.0071,0.0003,200,6.5209
0.0075,0.0000,0.0000,0.0000,0.0072,0.0002,200,6.5209
0.0073,0.0000,0.0000,0.0000,0.0072,0.0000,200,6.5213
0.0074,0.0000,0.0000,0.0000,0.0072,0.0001,200,6.5284
0.0073,0.0000,0.0000,0.0000,0.0072,0.0000,200,6.5286
0.0075,0.0000,0.0000,0.0000,0.0073,0.0002,200,6.5284
0.0076,0.0000,0.0000,0.0000,0.0075,0.0000,200,6.5284
0.0074,0.0000,0.0000,0.0000,0.0073,0.0001,200,6.5357
0.0072,0.0000,0.0000,0.0000,0.0071,0.0001,200,6.5360
0.0075,0.0000,0.0000,0.0000,0.0072,0.0002,200,6.5358
0.0075,0.0000,0.0000,0.0000,0.0073,0.0002,200,6.5359
0.0075,0.0000,0.0000,0.0000,0.0074,0.0001,200,6.5431
0.0073,0.0000,0.0000,0.0000,0.0072,0.0001,200,6.5433
0.0075,0.0000,0.0000,0.0000,0.0073,0.0001,200,6.5433
0.0077,0.0000,0.0000,0.0000,0.0075,0.0001,200,6.5432
0.0076,0.0000,0.0000,0.0000,0.0074,0.0002,200,6.5506
0.0075,0.0000,0.0000,0.0000,0.0073,0.0002,200,6.5508
0.0081,0.0000,0.0000,0.0000,0.0076,0.0004,200,6.5506
0.0079,0.0000,0.0000,0.0000,0.0072,0.0007,200,6.5509
0.0074,0.0000,0.0000,0.0000,0.0072,0.0002,200,6.5583
0.0071,0.0000,0.0000,0.0000,0.0068,0.0002,200,6.5588
0.0072,0.0000,0.0000,0.0000,0.0071,0.0000,200,6.5587
0.0077,0.0000,0.0000,0.0000,0.0074,0.0002,200,6.5583
0.0071,0.0000,0.0000,0.0000,0.0069,0.0001,200,6.5660
0.0072,0.0000,0.0000,0.0000,0.0069,0.0002,200,6.5659
0.0074,0.0000,0.0000,0.0000,0.0071,0.0002,200,6.5658
0.0076,0.0000,0.0000,0.0000,0.0072,0.0003,200,6.5657
0.0072,0.0000,0.0000,0.0000,0.0071,0.0001,200,6.5732
0.0076,0.0000,0.0000,0.0000,0.0073,0.0003,200,6.5730
0.0076,0.0000,0.0000,0.0000,0.0074,0.0002,200,6.5731
0.0075,0.0000,0.0000,0.0000,0.0071,0.0003,200,6.5732
0.0074,0.0000,0.0000,0.0000,0.0071,0.0002,200,6.5807
0.0074,0.0000,0.0000,0.0000,0.0072,0.0002,200,6.5807
0.0076,0.0000,0.0000,0.0000,0.0073,0.0002,200,6.5806
0.0078,0.0000,0.0000,0.0000,0.0077,0.0000,200,6.5804
0.0076,0.0000,0.0000,0.0000,0.0074,0.0002,200,6.5881
0.0077,0.0000,0.0000,0.0000,0.0074,0.0002,200,6.5882
0.0079,0.0000,0.0000,0.0000,0.0074,0.0004,200,6.5881
0.0080,0.0000,0.0000,0.0000,0.0076,0.0003,200,6.5882
0.0080,0.0000,0.0000,0.0000,0.0076,0.0003,200,6.5957
0.0079,0.0000,0.0000,0.0000,0.0073,0.0005,200,6.5959
0.0078,0.0000,0.0000,0.0001,0.0072,0.0005,200,6.5960
0.0077,0.0000,0.0000,0.0000,0.0074,0.0003,200,6.5962
0.0074,0.0000,0.0000,0.0000,0.0074,0.0000,200,6.6038
0.0074,0.0000,0.0000,0.0000,0.0074,0.0000,200,6.6038
0.0073,0.0000,0.0000,0.0000,0.0073,0.0000,200,6.6039
0.0076,0.0000,0.0000,0.0000,0.0073,0.0002,200,6.6037
0.0078,0.0000,0.0000,0.0000,0.0075,0.0003,200,6.6112
0.0079,0.0000,0.0000,0.0000,0.0076,0.0002,200,6.6113
0.0080,0.0000,0.0000,0.0000,0.0076,0.0003,200,6.6112
0.0080,0.0000,0.0000,0.0000,0.0077,0.0003,200,6.6112
0.0072,0.0000,0.0000,0.0000,0.0071,0.0001,200,6.6192
0.0075,0.0000,0.0000,0.0000,0.0071,0.0003,200,6.6192
0.0077,0.0000,0.0000,0.0000,0.0073,0.0003,200,6.6191
0.0077,0.0000,0.0000,0.0000,0.0073,0.0004,200,6.6192
0.0075,0.0000,0.0000,0.0000,0.0073,0.0001,200,6.6264
0.0073,0.0000,0.0000,0.0000,0.0071,0.0001,200,6.6267
0.0073,0.0000,0.0000,0.0000,0.0071,0.0002,200,6.6267
0.0074,0.0000,0.0000,0.0000,0.0070,0.0004,200,6.6269
0.0074,0.0000,0.0000,0.0000,0.0072,0.0002,200,6.6341
0.0072,0.0000,0.0000,0.0000,0.0070,0.0002,200,6.6343
0.0077,0.0000,0.0000,0.0000,0.0076,0.0001,200,6.6339
0.0077,0.0000,0.0000,0.0000,0.0076,0.0000,200,6.6340
0.0073,0.0000,0.0000,0.0000,0.0072,0.0001,200,6.6415
0.0074,0.0000,0.0000,0.0000,0.0072,0.0002,200,6.6417
0.0079,0.0000,0.0000,0.0000,0.0078,0.0000,200,6.6415
0.0078,0.0000,0.0000,0.0000,0.0077,0.0000,200,6.6416
0.0074,0.0000,0.0000,0.0000,0.0073,0.0001,200,6.6488
0.0070,0.0000,0.0000,0.0000,0.0069,0.0001,200,6.6494
0.0074,0.0000,0.0000,0.0000,0.0074,0.0000,200,6.6491
0.0075,0.0000,0.0000,0.0000,0.0073,0.0002,200,6.6494
0.0075,0.0000,0.0000,0.0000,0.0074,0.0001,200,6.6564
0.0072,0.0000,0.0000,0.0000,0.0071,0.0000,200,6.6569
0.0075,0.0000,0.0000,0.0000,0.0073,0.0002,200,6.6565
0.0079,0.0000,0.0000,0.0000,0.0077,0.0001,200,6.6562
0.0073,0.0000,0.0000,0.0000,0.0072,0.0001,200,6.6641
0.0076,0.0000,0.0000,0.0000,0.0073,0.0002,200,6.6640
0.0075,0.0000,0.0000,0.0000,0.0073,0.0002,200,6.6640
0.0075,0.0000,0.0000,0.0000,0.0073,0.0002,200,6.6641
0.0074,0.0000,0.0000,0.0000,0.0072,0.0002,200,6.6713
0.0072,0.0000,0.0000,0.0000,0.0070,0.0002,200,6.6716
0.0074,0.0000,0.0000,0.0000,0.0073,0.0001,200,6.6715
0.0075,0.0000,0.0000,0.0000,0.0073,0.0001,200,6.6716
0.0073,0.0000,0.0000,0.0000,0.0072,0.0000,200,6.6787
0.0071,0.0000,0.0000,0.0000,0.0069,0.0002,200,6.6789
0.0072,0.0000,0.0000,0.0000,0.0071,0.0001,200,6.6790
0.0076,0.0000,0.0000,0.0000,0.0072,0.0003,200,6.6788
0.0074,0.0000,0.0000,0.0000,0.0073,0.0001,200,6.6860
0.0077,0.0000,0.0000,0.0000,0.0073,0.0003,200,6.6860
0.0075,0.0000,0.0000,0.0000,0.0074,0.0001,200,6.6862
0.0076,0.0000,0.0000,0.0000,0.0075,0.0000,200,6.6863
0.0074,0.0000,0.0000,0.0000,0.0072,0.0001,200,6.6934
0.0071,0.0000,0.0000,0.0000,0.0069,0.0002,200,6.6938
0.0071,0.0000,0.0000,0.0000,0.0070,0.0000,200,6.6940
0.0087,0.0000,0.0000,0.0000,0.0086,0.0001,200,6.6937
0.0072,0.0000,0.0000,0.0000,0.0071,0.0001,200,6.7010
0.0074,0.0000,0.0000,0.0000,0.0073,0.0000,200,6.7008
0.0075,0.0000,0.0000,0.0000,0.0074,0.0000,200,6.7008
0.0070,0.0000,0.0000,0.0000,0.0069,0.0001,200,6.7024
0.0073,0.0000,0.0000,0.0000,0.0071,0.0002,200,6.7082
0.0073,0.0000,0.0000,0.0000,0.0071,0.0001,200,6.7083
0.0074,0.0000,0.0000,0.0000,0.0074,0.0000,200,6.7082
0.0073,0.0000,0.0000,0.0000,0.0068,0.0004,200,6.7094
0.0075,0.0000,0.0000,0.0000,0.0073,0.0002,200,6.7157
0.0077,0.0000,0.0000,0.0000,0.0075,0.0002,200,6.7155
0.0077,0.0000,0.0000,0.0000,0.0074,0.0003,200,6.7156
0.0069,0.0000,0.0000,0.0000,0.0069,0.0000,200,6.7167
0.0074,0.0000,0.0000,0.0000,0.0073,0.0001,200,6.7232
0.0074,0.0000,0.0000,0.0000,0.0071,0.0002,200,6.7233
0.0072,0.0000,0.0000,0.0000,0.0072,0.0000,200,6.7236
0.0076,0.0000,0.0000,0.0000,0.0075,0.0000,200,6.7233
0.0074,0.0000,0.0000,0.0000,0.0073,0.0001,200,6.7306
0.0074,0.0000,0.0000,0.0000,0.0072,0.0002,200,6.7308
0.0076,0.0000,0.0000,0.0000,0.0074,0.0001,200,6.7307
0.0075,0.0000,0.0000,0.0000,0.0075,0.0000,200,6.7308
0.0073,0.0000,0.0000,0.0000,0.0072,0.0001,200,6.7382
0.0075,0.0000,0.0000,0.0000,0.0071,0.0003,200,6.7383
0.0077,0.0000,0.0000,0.0000,0.0074,0.0003,200,6.7381
0.0074,0.0000,0.0000,0.0000,0.0072,0.0002,200,6.7384
0.0072,0.0000,0.0000,0.0000,0.0070,0.0002,200,6.7458
0.0075,0.0000,0.0000,0.0000,0.0074,0.0000,200,6.7455
0.0074,0.0000,0.0000,0.0000,0.0073,0.0001,200,6.7458
0.0078,0.0000,0.0000,0.0000,0.0077,0.0000,200,6.7457
0.0077,0.0000,0.0000,0.0000,0.0072,0.0004,200,6.7530
0.0076,0.0000,0.0000,0.0000,0.0072,0.0005,200,6.7530
0.0075,0.0000,0.0000,0.0000,0.0071,0.0004,200,6.7532
0.0076,0.0000,0.0000,0.0000,0.0075,0.0000,200,6.7535
0.0083,0.0000,0.0000,0.0000,0.0080,0.0003,200,6.7607
0.0080,0.0000,0.0000,0.0000,0.0074,0.0005,200,6.7611
0.0084,0.0000,0.0000,0.0000,0.0082,0.0001,200,6.7607
0.0085,0.0000,0.0000,0.0000,0.0079,0.0006,200,6.7607
0.0074,0.0000,0.0000,0.0000,0.0072,0.0001,200,6.7690
0.0073,0.0000,0.0000,0.0000,0.0071,0.0001,200,6.7692
0.0077,0.0000,0.0000,0.0000,0.0076,0.0000,200,6.7691
0.0078,0.0000,0.0000,0.0000,0.0077,0.0000,200,6.7690
0.0073,0.0000,0.0000,0.0000,0.0072,0.0001,200,6.7765
0.0075,0.0000,0.0000,0.0000,0.0074,0.0000,200,6.7764
0.0071,0.0000,0.0000,0.0000,0.0070,0.0001,200,6.7768
0.0072,0.0000,0.0000,0.0000,0.0072,0.0000,200,6.7768
0.0077,0.0000,0.0000,0.0000,0.0076,0.0000,200,6.7839
0.0078,0.0000,0.0000,0.0000,0.0071,0.0006,200,6.7840
0.0079,0.0000,0.0000,0.0000,0.0075,0.0004,200,6.7839
0.0082,0.0000,0.0000,0.0000,0.0081,0.0000,200,6.7838
0.0080,0.0000,0.0000,0.0000,0.0077,0.0003,200,6.7920
0.0084,0.0000,0.0000,0.0000,0.0084,0.0000,200,6.7918
0.0084,0.0000,0.0000,0.0000,0.0083,0.0000,200,6.7918
0.0087,0.0000,0.0000,0.0000,0.0075,0.0012,200,6.7916
0.0080,0.0000,0.0000,0.0000,0.0077,0.0001,200,6.8001
0.0078,0.0000,0.0000,0.0000,0.0077,0.0001,200,6.8002
0.0078,0.0000,0.0000,0.0000,0.0077,0.0000,200,6.8003
0.0084,0.0000,0.0000,0.0000,0.0083,0.0000,200,6.8002
0.0088,0.0000,0.0000,0.0000,0.0079,0.0009,200,6.8080
0.0091,0.0000,0.0000,0.0000,0.0091,0.0000,200,6.8082
0.0088,0.0000,0.0000,0.0000,0.0080,0.0007,200,6.8086
0.0103,0.0000,0.0000,0.0000,0.0102,0.0001,200,6.8080
0.0079,0.0000,0.0000,0.0001,0.0077,0.0001,200,6.8174
0.0088,0.0000,0.0000,0.0000,0.0077,0.0010,200,6.8169
0.0085,0.0000,0.0000,0.0000,0.0084,0.0000,200,6.8173
0.0076,0.0000,0.0000,0.0000,0.0075,0.0000,200,6.8183
0.0080,0.0000,0.0000,0.0000,0.0078,0.0001,200,6.8253
0.0084,0.0000,0.0000,0.0000,0.0077,0.0007,200,6.8259
0.0107,0.0000,0.0000,0.0000,0.0099,0.0007,200,6.8257
0.0081,0.0000,0.0000,0.0000,0.0080,0.0001,200,6.8333
0.0158,0.0000,0.0000,0.0000,0.0133,0.0025,200,6.8257
0.0075,0.0000,0.0000,0.0000,0.0074,0.0001,200,6.8343
0.0083,0.0000,0.0000,0.0000,0.0077,0.0005,200,6.8364
0.0086,0.0000,0.0000,0.0000,0.0081,0.0004,200,6.8418
0.0092,0.0000,0.0000,0.0000,0.0091,0.0000,200,6.8414
0.0092,0.0000,0.0000,0.0000,0.0091,0.0000,200,6.8415
0.0076,0.0000,0.0000,0.0000,0.0075,0.0001,200,6.8447
0.0079,0.0000,0.0000,0.0000,0.0079,0.0001,200,6.8507
0.0081,0.0000,0.0000,0.0000,0.0078,0.0003,200,6.8506
0.0084,0.0000,0.0000,0.0000,0.0083,0.0000,200,6.8504
0.0082,0.0000,0.0000,0.0000,0.0081,0.0001,200,6.8523
0.0084,0.0000,0.0000,0.0000,0.0082,0.0001,200,6.8587
0.0081,0.0000,0.0000,0.0000,0.0079,0.0001,200,6.8605
0.0098,0.0000,0.0000,0.0000,0.0098,0.0000,200,6.8588
0.0099,0.0000,0.0000,0.0000,0.0098,0.0000,200,6.8587
0.0083,0.0000,0.0000,0.0000,0.0081,0.0001,200,6.8671
0.0102,0.0000,0.0000,0.0000,0.0083,0.0018,200,6.8686
0.0102,0.0000,0.0000,0.0000,0.0091,0.0011,200,6.8686
0.0121,0.0000,0.0000,0.0000,0.0120,0.0001,200,6.8685
0.0094,0.0000,0.0000,0.0000,0.0092,0.0001,200,6.8753
0.0084,0.0000,0.0000,0.0000,0.0083,0.0001,200,6.8788
0.0084,0.0000,0.0000,0.0000,0.0083,0.0001,200,6.8788
0.0085,0.0000,0.0000,0.0000,0.0084,0.0001,200,6.8807
0.0082,0.0000,0.0000,0.0000,0.0081,0.0001,200,6.8847
0.0085,0.0000,0.0000,0.0000,0.0084,0.0001,200,6.8872
0.0084,0.0000,0.0000,0.0000,0.0080,0.0003,200,6.8892
0.0104,0.0000,0.0000,0.0000,0.0104,0.0000,200,6.8872
0.0085,0.0000,0.0000,0.0000,0.0083,0.0001,200,6.8929
0.0120,0.0000,0.0000,0.0000,0.0116,0.0001,200,6.8957
0.0102,0.0000,0.0000,0.0001,0.0100,0.0000,200,6.8976
0.0102,0.0000,0.0000,0.0000,0.0101,0.0000,200,6.8977
0.0090,0.0000,0.0000,0.0000,0.0088,0.0001,200,6.9013
0.0088,0.0000,0.0000,0.0000,0.0087,0.0001,200,6.9077
0.0087,0.0000,0.0000,0.0000,0.0086,0.0001,200,6.9078
0.0094,0.0000,0.0000,0.0000,0.0093,0.0001,200,6.9079
0.0079,0.0000,0.0000,0.0000,0.0078,0.0001,200,6.9103
0.0075,0.0000,0.0000,0.0000,0.0073,0.0002,200,6.9172
0.0084,0.0000,0.0000,0.0000,0.0080,0.0003,200,6.9165
0.0089,0.0000,0.0000,0.0000,0.0078,0.0010,200,6.9165
0.0076,0.0000,0.0000,0.0000,0.0075,0.0000,200,6.9182
0.0088,0.0000,0.0000,0.0000,0.0086,0.0001,200,6.9249
0.0097,0.0000,0.0000,0.0000,0.0096,0.0000,200,6.9247
0.0092,0.0000,0.0000,0.0000,0.0079,0.0013,200,6.9259
0.0100,0.0000,0.0000,0.0001,0.0086,0.0013,200,6.9254
0.0085,0.0000,0.0000,0.0000,0.0083,0.0001,200,6.9337
0.0078,0.0000,0.0000,0.0001,0.0076,0.0000,200,6.9345
0.0073,0.0000,0.0000,0.0000,0.0073,0.0000,200,6.9355
0.0078,0.0000,0.0000,0.0000,0.0073,0.0005,200,6.9351
0.0082,0.0000,0.0000,0.0000,0.0082,0.0000,200,6.9429
0.0090,0.0000,0.0000,0.0000,0.0086,0.0004,200,6.9423
0.0095,0.0000,0.0000,0.0000,0.0093,0.0002,200,6.9428
0.0112,0.0000,0.0000,0.0000,0.0110,0.0001,200,6.9422
0.0086,0.0000,0.0000,0.0000,0.0083,0.0002,200,6.9513
0.0083,0.0000,0.0000,0.0000,0.0074,0.0008,200,6.9523
0.0082,0.0000,0.0000,0.0000,0.0081,0.0001,200,6.9534
0.0111,0.0000,0.0000,0.0000,0.0110,0.0001,200,6.9512
0.0086,0.0000,0.0000,0.0000,0.0076,0.0009,200,6.9606
0.0096,0.0000,0.0000,0.0000,0.0095,0.0000,200,6.9599
0.0082,0.0000,0.0000,0.0000,0.0076,0.0005,200,6.9623
0.0135,0.0000,0.0000,0.0000,0.0131,0.0003,200,6.9616
0.0081,0.0000,0.0000,0.0000,0.0080,0.0000,200,6.9692
0.0078,0.0000,0.0000,0.0000,0.0077,0.0000,200,6.9695
0.0070,0.0000,0.0000,0.0000,0.0067,0.0002,200,6.9704
0.0095,0.0000,0.0000,0.0000,0.0093,0.0002,200,6.9751
0.0074,0.0000,0.0000,0.0000,0.0073,0.0000,200,6.9772
0.0076,0.0000,0.0000,0.0000,0.0075,0.0000,200,6.9774
0.0088,0.0000,0.0000,0.0000,0.0085,0.0003,200,6.9773
0.0077,0.0000,0.0000,0.0000,0.0074,0.0002,200,6.9846
0.0079,0.0000,0.0000,0.0000,0.0074,0.0005,200,6.9846
0.0077,0.0000,0.0000,0.0000,0.0076,0.0000,200,6.9849
0.0088,0.0000,0.0000,0.0000,0.0086,0.0001,200,6.9861
0.0080,0.0000,0.0000,0.0000,0.0079,0.0001,200,6.9925
0.0084,0.0000,0.0000,0.0000,0.0083,0.0000,200,6.9923
0.0082,0.0000,0.0000,0.0000,0.0082,0.0000,200,6.9926
0.0074,0.0000,0.0000,0.0000,0.0071,0.0003,200,6.9949
0.0075,0.0000,0.0000,0.0000,0.0074,0.0001,200,7.0005
0.0074,0.0000,0.0000,0.0000,0.0073,0.0001,200,7.0007
0.0073,0.0000,0.0000,0.0000,0.0072,0.0000,200,7.0009
0.0073,0.0000,0.0000,0.0000,0.0072,0.0000,200,7.0023
0.0072,0.0000,0.0000,0.0000,0.0071,0.0001,200,7.0080
0.0073,0.0000,0.0000,0.0000,0.0071,0.0001,200,7.0080
0.0072,0.0000,0.0000,0.0000,0.0071,0.0000,200,7.0082
0.0071,0.0000,0.0000,0.0000,0.0070,0.0001,200,7.0096
0.0076,0.0000,0.0000,0.0000,0.0074,0.0001,200,7.0153
0.0075,0.0000,0.0000,0.0000,0.0073,0.0001,200,7.0154
0.0075,0.0000,0.0000,0.0000,0.0074,0.0001,200,7.0153
0.0080,0.0000,0.0000,0.0002,0.0076,0.0001,200,7.0166
0.0074,0.0000,0.0000,0.0000,0.0073,0.0001,200,7.0228
0.0075,0.0000,0.0000,0.0000,0.0073,0.0001,200,7.0228
0.0075,0.0000,0.0000,0.0000,0.0074,0.0000,200,7.0228
0.0074,0.0000,0.0000,0.0000,0.0071,0.0003,200,7.0247
0.0078,0.0000,0.0000,0.0000,0.0075,0.0002,200,7.0302
0.0078,0.0000,0.0000,0.0000,0.0073,0.0004,200,7.0303
0.0078,0.0000,0.0000,0.0000,0.0072,0.0006,200,7.0303
0.0073,0.0000,0.0000,0.0000,0.0069,0.0004,200,7.0321
0.0074,0.0000,0.0000,0.0000,0.0073,0.0001,200,7.0380
0.0074,0.0000,0.0000,0.0000,0.0074,0.0000,200,7.0380
0.0075,0.0000,0.0000,0.0000,0.0074,0.0000,200,7.0382
0.0073,0.0000,0.0000,0.0000,0.0070,0.0003,200,7.0395
0.0075,0.0000,0.0000,0.0000,0.0074,0.0001,200,7.0455
0.0074,0.0000,0.0000,0.0000,0.0072,0.0001,200,7.0456
0.0076,0.0000,0.0000,0.0000,0.0074,0.0002,200,7.0455
0.0074,0.0000,0.0000,0.0000,0.0073,0.0001,200,7.0468
0.0077,0.0000,0.0000,0.0000,0.0074,0.0002,200,7.0530
0.0078,0.0000,0.0000,0.0000,0.0077,0.0001,200,7.0530
0.0079,0.0000,0.0000,0.0000,0.0074,0.0004,200,7.0531
0.0071,0.0000,0.0000,0.0000,0.0070,0.0000,200,7.0542
0.0075,0.0000,0.0000,0.0000,0.0074,0.0001,200,7.0608
0.0077,0.0000,0.0000,0.0000,0.0076,0.0000,200,7.0606
0.0076,0.0000,0.0000,0.0000,0.0074,0.0002,200,7.0610
0.0073,0.0000,0.0000,0.0000,0.0069,0.0004,200,7.0613
0.0074,0.0000,0.0000,0.0000,0.0072,0.0002,200,7.0683
0.0072,0.0000,0.0000,0.0000,0.0072,0.0000,200,7.0686
0.0077,0.0000,0.0000,0.0000,0.0076,0.0000,200,7.0683
0.0073,0.0000,0.0000,0.0000,0.0072,0.0001,200,7.0687
0.0079,0.0000,0.0000,0.0000,0.0074,0.0004,200,7.0758
0.0078,0.0000,0.0000,0.0000,0.0073,0.0004,200,7.0760
0.0078,0.0000,0.0000,0.0000,0.0072,0.0005,200,7.0760
0.0080,0.0000,0.0000,0.0000,0.0076,0.0004,200,7.0758
0.0073,0.0000,0.0000,0.0000,0.0070,0.0002,200,7.0838
0.0074,0.0000,0.0000,0.0000,0.0072,0.0002,200,7.0837
0.0074,0.0000,0.0000,0.0000,0.0072,0.0001,200,7.0838
0.0097,0.0000,0.0000,0.0000,0.0096,0.0001,200,7.0837
0.0072,0.0000,0.0000,0.0000,0.0071,0.0001,200,7.0911
0.0073,0.0000,0.0000,0.0000,0.0070,0.0002,200,7.0911
0.0073,0.0000,0.0000,0.0000,0.0072,0.0000,200,7.0911
0.0068,0.0000,0.0000,0.0000,0.0067,0.0001,200,7.0934
0.0076,0.0000,0.0000,0.0000,0.0075,0.0000,200,7.0983
0.0075,0.0000,0.0000,0.0000,0.0074,0.0000,200,7.0984
0.0075,0.0000,0.0000,0.0000,0.0074,0.0001,200,7.0984
0.0072,0.0000,0.0000,0.0000,0.0068,0.0003,200,7.1002
0.0075,0.0000,0.0000,0.0000,0.0074,0.0000,200,7.1059
0.0075,0.0000,0.0000,0.0000,0.0074,0.0000,200,7.1059
0.0076,0.0000,0.0000,0.0000,0.0074,0.0001,200,7.1059
0.0071,0.0000,0.0000,0.0000,0.0066,0.0004,200,7.1074
0.0075,0.0000,0.0000,0.0000,0.0074,0.0001,200,7.1134
0.0076,0.0000,0.0000,0.0000,0.0075,0.0000,200,7.1134
0.0077,0.0000,0.0000,0.0000,0.0076,0.0000,200,7.1134
0.0069,0.0000,0.0000,0.0000,0.0066,0.0003,200,7.1145
0.0075,0.0000,0.0000,0.0000,0.0073,0.0001,200,7.1209
0.0073,0.0000,0.0000,0.0000,0.0073,0.0001,200,7.1210
0.0076,0.0000,0.0000,0.0000,0.0075,0.0000,200,7.1210
0.0090,0.0000,0.0000,0.0000,0.0089,0.0001,200,7.1213
0.0075,0.0000,0.0000,0.0000,0.0073,0.0002,200,7.1284
0.0075,0.0000,0.0000,0.0000,0.0074,0.0000,200,7.1284
0.0075,0.0000,0.0000,0.0000,0.0074,0.0000,200,7.1285
0.0073,0.0000,0.0000,0.0000,0.0071,0.0002,200,7.1303
0.0075,0.0000,0.0000,0.0000,0.0074,0.0001,200,7.1360
0.0077,0.0000,0.0000,0.0000,0.0076,0.0000,200,7.1359
0.0081,0.0000,0.0000,0.0000,0.0081,0.0000,200,7.1359
0.0069,0.0000,0.0000,0.0000,0.0066,0.0003,200,7.1377
0.0076,0.0000,0.0000,0.0000,0.0075,0.0001,200,7.1435
0.0077,0.0000,0.0000,0.0000,0.0075,0.0001,200,7.1435
0.0072,0.0000,0.0000,0.0000,0.0070,0.0001,200,7.1440
0.0078,0.0000,0.0000,0.0000,0.0077,0.0001,200,7.1446
0.0072,0.0000,0.0000,0.0000,0.0072,0.0000,200,7.1512
0.0073,0.0000,0.0000,0.0000,0.0070,0.0002,200,7.1512
0.0075,0.0000,0.0000,0.0000,0.0074,0.0000,200,7.1511
0.0073,0.0000,0.0000,0.0000,0.0068,0.0004,200,7.1524
0.0074,0.0000,0.0000,0.0000,0.0073,0.0001,200,7.1586
0.0077,0.0000,0.0000,0.0000,0.0075,0.0000,200,7.1584
0.0076,0.0000,0.0000,0.0000,0.0075,0.0001,200,7.1585
0.0068,0.0000,0.0000,0.0000,0.0068,0.0000,200,7.1597
0.0074,0.0000,0.0000,0.0000,0.0072,0.0001,200,7.1660
0.0074,0.0000,0.0000,0.0000,0.0072,0.0002,200,7.1661
0.0074,0.0000,0.0000,0.0000,0.0073,0.0001,200,7.1661
0.0071,0.0000,0.0000,0.0000,0.0069,0.0001,200,7.1665
0.0073,0.0000,0.0000,0.0000,0.0071,0.0002,200,7.1735
0.0073,0.0000,0.0000,0.0000,0.0072,0.0000,200,7.1735
0.0076,0.0000,0.0000,0.0000,0.0073,0.0003,200,7.1736
0.0079,0.0000,0.0000,0.0000,0.0077,0.0001,200,7.1734
0.0073,0.0000,0.0000,0.0000,0.0072,0.0000,200,7.1808
0.0073,0.0000,0.0000,0.0000,0.0071,0.0002,200,7.1808
0.0070,0.0000,0.0000,0.0000,0.0070,0.0000,200,7.1812
0.0072,0.0000,0.0000,0.0000,0.0071,0.0000,200,7.1812
0.0073,0.0000,0.0000,0.0000,0.0072,0.0001,200,7.1883
0.0075,0.0000,0.0000,0.0000,0.0075,0.0000,200,7.1882
0.0077,0.0000,0.0000,0.0000,0.0076,0.0000,200,7.1881
0.0087,0.0000,0.0000,0.0000,0.0082,0.0004,200,7.1883
0.0074,0.0000,0.0000,0.0000,0.0073,0.0001,200,7.1957
0.0076,0.0000,0.0000,0.0000,0.0073,0.0002,200,7.1955
0.0074,0.0000,0.0000,0.0000,0.0073,0.0000,200,7.1958
0.0073,0.0000,0.0000,0.0000,0.0070,0.0003,200,7.1970
0.0074,0.0000,0.0000,0.0000,0.0072,0.0001,200,7.2031
0.0073,0.0000,0.0000,0.0000,0.0072,0.0000,200,7.2032
0.0074,0.0000,0.0000,0.0000,0.0074,0.0000,200,7.2031
0.0068,0.0000,0.0000,0.0000,0.0067,0.0001,200,7.2043
0.0074,0.0000,0.0000,0.0000,0.0072,0.0002,200,7.2104
0.0074,0.0000,0.0000,0.0000,0.0071,0.0002,200,7.2106
0.0075,0.0000,0.0000,0.0000,0.0072,0.0003,200,7.2105
0.0070,0.0000,0.0000,0.0000,0.0069,0.0000,200,7.2111
0.0076,0.0000,0.0000,0.0000,0.0075,0.0000,200,7.2178
0.0075,0.0000,0.0000,0.0000,0.0073,0.0001,200,7.2179
0.0076,0.0000,0.0000,0.0000,0.0074,0.0002,200,7.2179
0.0076,0.0000,0.0000,0.0000,0.0076,0.0000,200,7.2180
0.0073,0.0000,0.0000,0.0000,0.0072,0.0000,200,7.2256
0.0074,0.0000,0.0000,0.0000,0.0072,0.0002,200,7.2255
0.0077,0.0000,0.0000,0.0000,0.0075,0.0001,200,7.2254
0.0078,0.0000,0.0000,0.0000,0.0075,0.0002,200,7.2254
0.0077,0.0000,0.0000,0.0000,0.0073,0.0004,200,7.2329
0.0076,0.0000,0.0000,0.0000,0.0072,0.0004,200,7.2331
0.0075,0.0000,0.0000,0.0000,0.0072,0.0003,200,7.2332
0.0078,0.0000,0.0000,0.0000,0.0073,0.0004,200,7.2329
0.0073,0.0000,0.0000,0.0000,0.0072,0.0001,200,7.2407
0.0079,0.0000,0.0000,0.0000,0.0075,0.0003,200,7.2406
0.0077,0.0000,0.0000,0.0000,0.0073,0.0004,200,7.2407
0.0079,0.0000,0.0000,0.0000,0.0073,0.0005,200,7.2407
0.0077,0.0000,0.0000,0.0000,0.0073,0.0004,200,7.2485
0.0076,0.0000,0.0000,0.0000,0.0073,0.0003,200,7.2486
0.0078,0.0000,0.0000,0.0000,0.0074,0.0003,200,7.2485
0.0083,0.0000,0.0000,0.0000,0.0079,0.0004,200,7.2480
0.0076,0.0000,0.0000,0.0000,0.0073,0.0003,200,7.2562
0.0076,0.0000,0.0000,0.0000,0.0073,0.0003,200,7.2563
0.0077,0.0000,0.0000,0.0000,0.0073,0.0003,200,7.2562
0.0076,0.0000,0.0000,0.0000,0.0073,0.0003,200,7.2563
0.0073,0.0000,0.0000,0.0000,0.0072,0.0000,200,7.2638
0.0071,0.0000,0.0000,0.0000,0.0069,0.0002,200,7.2640
0.0074,0.0000,0.0000,0.0000,0.0073,0.0001,200,7.2639
0.0076,0.0000,0.0000,0.0000,0.0072,0.0004,200,7.2639
0.0075,0.0000,0.0000,0.0000,0.0072,0.0002,200,7.2715
0.0079,0.0000,0.0000,0.0000,0.0077,0.0002,200,7.2711
0.0079,0.0000,0.0000,0.0000,0.0077,0.0002,200,7.2711
0.0079,0.0000,0.0000,0.0000,0.0079,0.0000,200,7.2713
0.0077,0.0000,0.0000,0.0000,0.0073,0.0003,200,7.2790
0.0078,0.0000,0.0000,0.0000,0.0074,0.0003,200,7.2790
0.0078,0.0000,0.0000,0.0000,0.0074,0.0003,200,7.2790
0.0075,0.0000,0.0000,0.0000,0.0072,0.0003,200,7.2793
0.0073,0.0000,0.0000,0.0000,0.0071,0.0001,200,7.2867
0.0074,0.0000,0.0000,0.0000,0.0072,0.0002,200,7.2868
0.0075,0.0000,0.0000,0.0000,0.0072,0.0003,200,7.2868
0.0075,0.0000,0.0000,0.0000,0.0073,0.0001,200,7.2868
0.0073,0.0000,0.0000,0.0000,0.0071,0.0002,200,7.2942
0.0078,0.0000,0.0000,0.0000,0.0072,0.0006,200,7.2940
0.0080,0.0000,0.0000,0.0000,0.0069,0.0010,200,7.2943
0.0080,0.0000,0.0000,0.0000,0.0069,0.0010,200,7.2943
0.0071,0.0000,0.0000,0.0000,0.0070,0.0001,200,7.3018
0.0069,0.0000,0.0000,0.0000,0.0068,0.0000,200,7.3022
0.0077,0.0000,0.0000,0.0000,0.0076,0.0000,200,7.3015
0.0072,0.0000,0.0000,0.0000,0.0071,0.0000,200,7.3023
0.0072,0.0000,0.0000,0.0000,0.0071,0.0001,200,7.3092
0.0075,0.0000,0.0000,0.0000,0.0075,0.0000,200,7.3089
0.0074,0.0000,0.0000,0.0000,0.0072,0.0001,200,7.3091
0.0071,0.0000,0.0000,0.0000,0.0070,0.0001,200,7.3095
0.0074,0.0000,0.0000,0.0000,0.0073,0.0001,200,7.3164
0.0074,0.0000,0.0000,0.0000,0.0073,0.0001,200,7.3165
0.0076,0.0000,0.0000,0.0000,0.0075,0.0000,200,7.3164
0.0077,0.0000,0.0000,0.0000,0.0072,0.0004,200,7.3166
0.0074,0.0000,0.0000,0.0000,0.0073,0.0001,200,7.3239
0.0073,0.0000,0.0000,0.0000,0.0072,0.0001,200,7.3240
0.0070,0.0000,0.0000,0.0000,0.0069,0.0000,200,7.3243
0.0075,0.0000,0.0000,0.0000,0.0074,0.0000,200,7.3240
0.0073,0.0000,0.0000,0.0000,0.0072,0.0001,200,7.3313
0.0073,0.0000,0.0000,0.0000,0.0071,0.0002,200,7.3313
0.0075,0.0000,0.0000,0.0000,0.0074,0.0001,200,7.3313
0.0074,0.0000,0.0000,0.0000,0.0072,0.0001,200,7.3315
0.0075,0.0000,0.0000,0.0000,0.0074,0.0000,200,7.3386
0.0073,0.0000,0.0000,0.0000,0.0070,0.0003,200,7.3388
0.0076,0.0000,0.0000,0.0000,0.0075,0.0001,200,7.3386
0.0074,0.0000,0.0000,0.0000,0.0073,0.0001,200,7.3389
0.0072,0.0000,0.0000,0.0000,0.0071,0.0001,200,7.3462
0.0074,0.0000,0.0000,0.0000,0.0071,0.0002,200,7.3462
0.0073,0.0000,0.0000,0.0000,0.0071,0.0002,200,7.3463
0.0076,0.0000,0.0000,0.0000,0.0074,0.0002,200,7.3461
0.0078,0.0000,0.0000,0.0000,0.0074,0.0003,200,7.3534
0.0075,0.0000,0.0000,0.0000,0.0072,0.0003,200,7.3536
0.0075,0.0000,0.0000,0.0000,0.0072,0.0003,200,7.3537
0.0076,0.0000,0.0000,0.0000,0.0074,0.0001,200,7.3536
0.0076,0.0000,0.0000,0.0000,0.0074,0.0002,200,7.3612
0.0077,0.0000,0.0000,0.0000,0.0075,0.0002,200,7.3612
0.0077,0.0000,0.0000,0.0000,0.0073,0.0003,200,7.3612
0.0077,0.0000,0.0000,0.0000,0.0074,0.0003,200,7.3612
0.0074,0.0000,0.0000,0.0000,0.0073,0.0001,200,7.3689
0.0075,0.0000,0.0000,0.0000,0.0073,0.0001,200,7.3688
0.0076,0.0000,0.0000,0.0000,0.0076,0.0000,200,7.3689
0.0077,0.0000,0.0000,0.0000,0.0076,0.0000,200,7.3689
0.0074,0.0000,0.0000,0.0000,0.0073,0.0001,200,7.3763
0.0072,0.0000,0.0000,0.0000,0.0072,0.0000,200,7.3765
0.0073,0.0000,0.0000,0.0000,0.0071,0.0002,200,7.3765
0.0075,0.0000,0.0000,0.0000,0.0075,0.0000,200,7.3763
0.0074,0.0000,0.0000,0.0000,0.0072,0.0002,200,7.3838
0.0076,0.0000,0.0000,0.0000,0.0073,0.0002,200,7.3837
0.0076,0.0000,0.0000,0.0000,0.0073,0.0002,200,7.3839
0.0078,0.0000,0.0000,0.0000,0.0074,0.0004,200,7.3838
0.0072,0.0000,0.0000,0.0000,0.0071,0.0001,200,7.3914
0.0074,0.0000,0.0000,0.0000,0.0071,0.0002,200,7.3912
0.0078,0.0000,0.0000,0.0000,0.0078,0.0000,200,7.3911
0.0074,0.0000,0.0000,0.0000,0.0074,0.0000,200,7.3916
0.0074,0.0000,0.0000,0.0000,0.0071,0.0002,200,7.3986
0.0074,0.0000,0.0000,0.0000,0.0072,0.0001,200,7.3986
0.0073,0.0000,0.0000,0.0000,0.0071,0.0002,200,7.3990
0.0074,0.0000,0.0000,0.0000,0.0072,0.0001,200,7.3990
0.0076,0.0000,0.0000,0.0000,0.0074,0.0002,200,7.4060
0.0078,0.0000,0.0000,0.0000,0.0077,0.0000,200,7.4060
0.0075,0.0000,0.0000,0.0000,0.0075,0.0000,200,7.4063
0.0075,0.0000,0.0000,0.0000,0.0075,0.0000,200,7.4063
0.0075,0.0000,0.0000,0.0000,0.0074,0.0000,200,7.4136
0.0073,0.0000,0.0000,0.0000,0.0070,0.0002,200,7.4139
0.0076,0.0000,0.0000,0.0000,0.0075,0.0000,200,7.4137
0.0077,0.0000,0.0000,0.0000,0.0075,0.0001,200,7.4139
0.0074,0.0000,0.0000,0.0000,0.0072,0.0001,200,7.4211
0.0073,0.0000,0.0000,0.0000,0.0070,0.0003,200,7.4213
0.0072,0.0000,0.0000,0.0000,0.0072,0.0000,200,7.4215
0.0076,0.0000,0.0000,0.0000,0.0073,0.0003,200,7.4211
0.0075,0.0000,0.0000,0.0000,0.0074,0.0000,200,7.4285
0.0072,0.0000,0.0000,0.0000,0.0071,0.0001,200,7.4287
0.0075,0.0000,0.0000,0.0000,0.0073,0.0002,200,7.4286
0.0076,0.0000,0.0000,0.0000,0.0076,0.0000,200,7.4287
0.0075,0.0000,0.0000,0.0000,0.0074,0.0001,200,7.4360
0.0075,0.0000,0.0000,0.0000,0.0074,0.0001,200,7.4360
0.0075,0.0000,0.0000,0.0000,0.0075,0.0000,200,7.4361
0.0095,0.0000,0.0000,0.0000,0.0094,0.0001,200,7.4364
0.0072,0.0000,0.0000,0.0000,0.0072,0.0001,200,7.4436
0.0074,0.0000,0.0000,0.0000,0.0072,0.0002,200,7.4435
0.0075,0.0000,0.0000,0.0000,0.0074,0.0000,200,7.4435
0.0071,0.0000,0.0000,0.0000,0.0070,0.0001,200,7.4458
0.0072,0.0000,0.0000,0.0000,0.0070,0.0001,200,7.4509
0.0073,0.0000,0.0000,0.0000,0.0070,0.0002,200,7.4510
0.0074,0.0000,0.0000,0.0000,0.0072,0.0001,200,7.4509
0.0072,0.0000,0.0000,0.0000,0.0071,0.0001,200,7.4529
0.0074,0.0000,0.0000,0.0000,0.0070,0.0004,200,7.4581
0.0073,0.0000,0.0000,0.0000,0.0073,0.0000,200,7.4583
0.0074,0.0000,0.0000,0.0000,0.0071,0.0002,200,7.4583
0.0071,0.0000,0.0000,0.0000,0.0070,0.0001,200,7.4601
0.0074,0.0000,0.0000,0.0000,0.0072,0.0002,200,7.4656
0.0076,0.0000,0.0000,0.0000,0.0073,0.0002,200,7.4655
0.0074,0.0000,0.0000,0.0000,0.0072,0.0002,200,7.4656
0.0072,0.0000,0.0000,0.0000,0.0071,0.0001,200,7.4671
0.0074,0.0000,0.0000,0.0000,0.0073,0.0000,200,7.4730
0.0074,0.0000,0.0000,0.0000,0.0072,0.0002,200,7.4730
0.0075,0.0000,0.0000,0.0000,0.0075,0.0000,200,7.4731
0.0073,0.0000,0.0000,0.0000,0.0070,0.0003,200,7.4743
0.0074,0.0000,0.0000,0.0000,0.0073,0.0001,200,7.4804
0.0074,0.0000,0.0000,0.0000,0.0073,0.0000,200,7.4804
0.0073,0.0000,0.0000,0.0000,0.0072,0.0000,200,7.4806
0.0074,0.0000,0.0000,0.0000,0.0073,0.0001,200,7.4816
0.0075,0.0000,0.0000,0.0000,0.0074,0.0001,200,7.4879
0.0075,0.0000,0.0000,0.0000,0.0074,0.0001,200,7.4878
0.0075,0.0000,0.0000,0.0000,0.0074,0.0000,200,7.4878
0.0069,0.0000,0.0000,0.0000,0.0068,0.0000,200,7.4890
0.0074,0.0000,0.0000,0.0000,0.0072,0.0002,200,7.4954
0.0075,0.0000,0.0000,0.0000,0.0072,0.0002,200,7.4954
0.0070,0.0000,0.0000,0.0000,0.0068,0.0002,200,7.4959
0.0077,0.0000,0.0000,0.0000,0.0076,0.0000,200,7.4953
0.0071,0.0000,0.0000,0.0000,0.0069,0.0002,200,7.5030
0.0073,0.0000,0.0000,0.0000,0.0071,0.0002,200,7.5028
0.0075,0.0000,0.0000,0.0000,0.0074,0.0000,200,7.5028
0.0074,0.0000,0.0000,0.0000,0.0074,0.0000,200,7.5029
0.0074,0.0000,0.0000,0.0000,0.0072,0.0001,200,7.5101
0.0071,0.0000,0.0000,0.0000,0.0070,0.0001,200,7.5104
0.0075,0.0000,0.0000,0.0000,0.0073,0.0001,200,7.5101
0.0073,0.0000,0.0000,0.0000,0.0072,0.0001,200,7.5103
0.0074,0.0000,0.0000,0.0000,0.0072,0.0000,200,7.5175
0.0073,0.0000,0.0000,0.0000,0.0070,0.0003,200,7.5176
0.0076,0.0000,0.0000,0.0000,0.0075,0.0000,200,7.5175
0.0075,0.0000,0.0000,0.0000,0.0075,0.0000,200,7.5176
0.0073,0.0000,0.0000,0.0000,0.0070,0.0002,200,7.5249
0.0074,0.0000,0.0000,0.0000,0.0073,0.0000,200,7.5248
0.0077,0.0000,0.0000,0.0000,0.0076,0.0000,200,7.5251
0.0086,0.0000,0.0000,0.0000,0.0086,0.0001,200,7.5251
0.0072,0.0000,0.0000,0.0000,0.0071,0.0001,200,7.5322
0.0074,0.0000,0.0000,0.0000,0.0073,0.0000,200,7.5323
0.0068,0.0000,0.0000,0.0000,0.0067,0.0001,200,7.5328
0.0069,0.0000,0.0000,0.0000,0.0069,0.0001,200,7.5337
0.0074,0.0000,0.0000,0.0000,0.0072,0.0001,200,7.5394
0.0073,0.0000,0.0000,0.0000,0.0071,0.0002,200,7.5396
0.0073,0.0000,0.0000,0.0000,0.0072,0.0001,200,7.5397
0.0067,0.0000,0.0000,0.0000,0.0067,0.0000,200,7.5407
0.0075,0.0000,0.0000,0.0000,0.0073,0.0001,200,7.5468
0.0073,0.0000,0.0000,0.0000,0.0072,0.0001,200,7.5470
0.0070,0.0000,0.0000,0.0000,0.0070,0.0000,200,7.5474
0.0075,0.0000,0.0000,0.0000,0.0074,0.0000,200,7.5470
0.0072,0.0000,0.0000,0.0000,0.0071,0.0001,200,7.5543
0.0074,0.0000,0.0000,0.0000,0.0072,0.0002,200,7.5543
0.0073,0.0000,0.0000,0.0000,0.0070,0.0003,200,7.5545
0.0074,0.0000,0.0000,0.0000,0.0071,0.0002,200,7.5544
0.0075,0.0000,0.0000,0.0000,0.0073,0.0002,200,7.5615
0.0073,0.0000,0.0000,0.0000,0.0070,0.0002,200,7.5618
0.0074,0.0000,0.0000,0.0000,0.0070,0.0004,200,7.5617
0.0076,0.0000,0.0000,0.0000,0.0076,0.0000,200,7.5618
0.0075,0.0000,0.0000,0.0000,0.0074,0.0001,200,7.5692
0.0078,0.0000,0.0000,0.0000,0.0075,0.0002,200,7.5690
0.0075,0.0000,0.0000,0.0000,0.0071,0.0003,200,7.5694
0.0079,0.0000,0.0000,0.0000,0.0075,0.0004,200,7.5691
0.0072,0.0000,0.0000,0.0000,0.0071,0.0000,200,7.5769
0.0071,0.0000,0.0000,0.0000,0.0069,0.0002,200,7.5771
0.0074,0.0000,0.0000,0.0000,0.0073,0.0001,200,7.5769
0.0083,0.0000,0.0000,0.0000,0.0073,0.0010,200,7.5766
0.0074,0.0000,0.0000,0.0000,0.0071,0.0003,200,7.5842
0.0076,0.0000,0.0000,0.0000,0.0074,0.0002,200,7.5841
0.0076,0.0000,0.0000,0.0000,0.0071,0.0005,200,7.5843
0.0070,0.0000,0.0000,0.0000,0.0069,0.0000,200,7.5850
0.0073,0.0000,0.0000,0.0000,0.0072,0.0001,200,7.5917
0.0071,0.0000,0.0000,0.0000,0.0070,0.0000,200,7.5919
0.0071,0.0000,0.0000,0.0000,0.0070,0.0000,200,7.5920
0.0076,0.0000,0.0000,0.0000,0.0075,0.0000,200,7.5916
0.0077,0.0000,0.0000,0.0000,0.0076,0.0000,200,7.5992
0.0079,0.0000,0.0000,0.0000,0.0072,0.0007,200,7.5990
0.0079,0.0000,0.0000,0.0000,0.0079,0.0000,200,7.5990
0.0080,0.0000,0.0000,0.0000,0.0073,0.0006,200,7.5990
0.0076,0.0000,0.0000,0.0000,0.0073,0.0003,200,7.6069
0.0077,0.0000,0.0000,0.0000,0.0074,0.0002,200,7.6069
0.0077,0.0000,0.0000,0.0000,0.0074,0.0002,200,7.6069
0.0077,0.0000,0.0000,0.0000,0.0077,0.0000,200,7.6070
0.0072,0.0000,0.0000,0.0000,0.0071,0.0001,200,7.6147
0.0075,0.0000,0.0000,0.0000,0.0074,0.0000,200,7.6145
0.0075,0.0000,0.0000,0.0000,0.0073,0.0002,200,7.6146
0.0075,0.0000,0.0000,0.0000,0.0074,0.0001,200,7.6146
0.0074,0.0000,0.0000,0.0000,0.0073,0.0001,200,7.6219
0.0075,0.0000,0.0000,0.0000,0.0075,0.0000,200,7.6220
0.0075,0.0000,0.0000,0.0000,0.0075,0.0000,200,7.6221
0.0076,0.0000,0.0000,0.0000,0.0075,0.0000,200,7.6221
0.0073,0.0000,0.0000,0.0000,0.0071,0.0002,200,7.6295
0.0072,0.0000,0.0000,0.0000,0.0071,0.0000,200,7.6297
0.0075,0.0000,0.0000,0.0000,0.0074,0.0001,200,7.6296
0.0079,0.0000,0.0000,0.0000,0.0076,0.0002,200,7.6294
0.0073,0.0000,0.0000,0.0000,0.0072,0.0001,200,7.6368
0.0072,0.0000,0.0000,0.0000,0.0071,0.0001,200,7.6371
0.0082,0.0000,0.0000,0.0000,0.0077,0.0004,200,7.6368
0.0078,0.0000,0.0000,0.0000,0.0076,0.0002,200,7.6373
0.0082,0.0000,0.0000,0.0000,0.0080,0.0001,200,7.6443
0.0084,0.0000,0.0000,0.0000,0.0083,0.0000,200,7.6441
0.0076,0.0000,0.0000,0.0000,0.0074,0.0001,200,7.6451
0.0093,0.0000,0.0000,0.0000,0.0092,0.0000,200,7.6450
0.0071,0.0000,0.0000,0.0000,0.0070,0.0001,200,7.6527
0.0074,0.0000,0.0000,0.0000,0.0073,0.0000,200,7.6525
0.0074,0.0000,0.0000,0.0000,0.0074,0.0000,200,7.6526
0.0070,0.0000,0.0000,0.0000,0.0067,0.0003,200,7.6543
0.0073,0.0000,0.0000,0.0000,0.0072,0.0001,200,7.6598
0.0072,0.0000,0.0000,0.0000,0.0071,0.0001,200,7.6600
0.0076,0.0000,0.0000,0.0000,0.0073,0.0002,200,7.6599
0.0071,0.0000,0.0000,0.0000,0.0066,0.0004,200,7.6613
0.0079,0.0000,0.0000,0.0001,0.0077,0.0001,200,7.6672
0.0076,0.0000,0.0000,0.0000,0.0074,0.0001,200,7.6675
0.0081,0.0000,0.0000,0.0000,0.0076,0.0001,200,7.6672
0.0073,0.0000,0.0000,0.0000,0.0072,0.0000,200,7.6684
0.0075,0.0000,0.0000,0.0000,0.0074,0.0001,200,7.6751
0.0071,0.0000,0.0000,0.0000,0.0068,0.0003,200,7.6757
0.0076,0.0000,0.0000,0.0000,0.0073,0.0003,200,7.6752
0.0078,0.0000,0.0000,0.0000,0.0077,0.0000,200,7.6751
0.0079,0.0000,0.0000,0.0000,0.0072,0.0006,200,7.6826
0.0079,0.0000,0.0000,0.0000,0.0077,0.0002,200,7.6828
0.0079,0.0000,0.0000,0.0000,0.0077,0.0002,200,7.6828
0.0079,0.0000,0.0000,0.0000,0.0076,0.0003,200,7.6829
0.0071,0.0000,0.0000,0.0000,0.0071,0.0000,200,7.6908
0.0074,0.0000,0.0000,0.0000,0.0074,0.0000,200,7.6907
0.0077,0.0000,0.0000,0.0000,0.0074,0.0002,200,7.6905
0.0075,0.0000,0.0000,0.0000,0.0070,0.0005,200,7.6908
0.0072,0.0000,0.0000,0.0000,0.0071,0.0001,200,7.6981
0.0073,0.0000,0.0000,0.0000,0.0072,0.0001,200,7.6980
0.0074,0.0000,0.0000,0.0000,0.0073,0.0000,200,7.6981
0.0073,0.0000,0.0000,0.0000,0.0071,0.0002,200,7.6982
0.0076,0.0000,0.0000,0.0000,0.0075,0.0001,200,7.7053
0.0073,0.0000,0.0000,0.0000,0.0072,0.0001,200,7.7055
0.0077,0.0000,0.0000,0.0000,0.0076,0.0000,200,7.7053
0.0075,0.0000,0.0000,0.0000,0.0075,0.0000,200,7.7055
0.0072,0.0000,0.0000,0.0000,0.0072,0.0001,200,7.7129
0.0074,0.0000,0.0000,0.0000,0.0071,0.0002,200,7.7130
0.0075,0.0000,0.0000,0.0000,0.0073,0.0002,200,7.7128
0.0075,0.0000,0.0000,0.0000,0.0072,0.0003,200,7.7130
0.0075,0.0000,0.0000,0.0000,0.0073,0.0002,200,7.7201
0.0073,0.0000,0.0000,0.0000,0.0070,0.0003,200,7.7203
0.0071,0.0000,0.0000,0.0000,0.0069,0.0002,200,7.7205
0.0075,0.0000,0.0000,0.0000,0.0074,0.0000,200,7.7204
0.0075,0.0000,0.0000,0.0000,0.0074,0.0001,200,7.7276
0.0076,0.0000,0.0000,0.0000,0.0074,0.0002,200,7.7276
0.0077,0.0000,0.0000,0.0000,0.0074,0.0003,200,7.7276
0.0079,0.0000,0.0000,0.0000,0.0078,0.0000,200,7.7279
0.0074,0.0000,0.0000,0.0000,0.0071,0.0002,200,7.7351
0.0073,0.0000,0.0000,0.0000,0.0070,0.0002,200,7.7352
0.0075,0.0000,0.0000,0.0000,0.0072,0.0003,200,7.7354
0.0072,0.0000,0.0000,0.0000,0.0067,0.0004,200,7.7357
0.0074,0.0000,0.0000,0.0000,0.0073,0.0001,200,7.7425
0.0072,0.0000,0.0000,0.0000,0.0071,0.0001,200,7.7429
0.0072,0.0000,0.0000,0.0000,0.0071,0.0000,200,7.7429
0.0079,0.0000,0.0000,0.0000,0.0078,0.0000,200,7.7425
0.0074,0.0000,0.0000,0.0000,0.0073,0.0001,200,7.7501
0.0072,0.0000,0.0000,0.0000,0.0071,0.0001,200,7.7504
0.0076,0.0000,0.0000,0.0000,0.0074,0.0002,200,7.7500
0.0078,0.0000,0.0000,0.0000,0.0077,0.0000,200,7.7501
0.0072,0.0000,0.0000,0.0000,0.0070,0.0002,200,7.7578
0.0076,0.0000,0.0000,0.0000,0.0074,0.0002,200,7.7576
0.0077,0.0000,0.0000,0.0000,0.0073,0.0004,200,7.7576
0.0079,0.0000,0.0000,0.0000,0.0074,0.0004,200,7.7575
0.0077,0.0000,0.0000,0.0000,0.0071,0.0005,200,7.7652
0.0076,0.0000,0.0000,0.0000,0.0072,0.0004,200,7.7653
0.0077,0.0000,0.0000,0.0000,0.0074,0.0003,200,7.7653
0.0080,0.0000,0.0000,0.0000,0.0073,0.0007,200,7.7651
0.0079,0.0000,0.0000,0.0000,0.0077,0.0003,200,7.7731
0.0084,0.0000,0.0000,0.0000,0.0083,0.0000,200,7.7729
0.0085,0.0000,0.0000,0.0000,0.0078,0.0007,200,7.7730
0.0088,0.0000,0.0000,0.0000,0.0078,0.0010,200,7.7730
0.0078,0.0000,0.0000,0.0000,0.0074,0.0004,200,7.7813
0.0080,0.0000,0.0000,0.0000,0.0080,0.0000,200,7.7811
0.0078,0.0000,0.0000,0.0000,0.0073,0.0004,200,7.7818
0.0082,0.0000,0.0000,0.0000,0.0077,0.0005,200,7.7815
0.0077,0.0000,0.0000,0.0000,0.0076,0.0000,200,7.7890
0.0076,0.0000,0.0000,0.0000,0.0070,0.0006,200,7.7896
0.0083,0.0000,0.0000,0.0000,0.0078,0.0004,200,7.7891
0.0078,0.0000,0.0000,0.0000,0.0074,0.0004,200,7.7896
0.0082,0.0000,0.0000,0.0000,0.0078,0.0004,200,7.7968
0.0077,0.0000,0.0000,0.0000,0.0073,0.0003,200,7.7973
0.0076,0.0000,0.0000,0.0001,0.0070,0.0005,200,7.7974
0.0077,0.0000,0.0000,0.0000,0.0072,0.0005,200,7.7973
0.0074,0.0000,0.0000,0.0000,0.0072,0.0002,200,7.8049
0.0074,0.0000,0.0000,0.0000,0.0072,0.0001,200,7.8050
0.0079,0.0000,0.0000,0.0000,0.0078,0.0000,200,7.8050
0.0079,0.0000,0.0000,0.0000,0.0078,0.0000,200,7.8049
0.0074,0.0000,0.0000,0.0000,0.0073,0.0001,200,7.8124
0.0071,0.0000,0.0000,0.0000,0.0069,0.0002,200,7.8128
0.0077,0.0000,0.0000,0.0000,0.0074,0.0002,200,7.8124
0.0073,0.0000,0.0000,0.0000,0.0071,0.0002,200,7.8128
0.0074,0.0000,0.0000,0.0000,0.0074,0.0000,200,7.8201
0.0077,0.0000,0.0000,0.0000,0.0073,0.0004,200,7.8198
0.0077,0.0000,0.0000,0.0000,0.0075,0.0002,200,7.8200
0.0077,0.0000,0.0000,0.0000,0.0072,0.0004,200,7.8200
0.0075,0.0000,0.0000,0.0000,0.0074,0.0001,200,7.8275
0.0075,0.0000,0.0000,0.0000,0.0073,0.0002,200,7.8276
0.0074,0.0000,0.0000,0.0000,0.0073,0.0001,200,7.8277
0.0075,0.0000,0.0000,0.0000,0.0073,0.0002,200,7.8276
0.0078,0.0000,0.0000,0.0000,0.0077,0.0000,200,7.8350
0.0077,0.0000,0.0000,0.0000,0.0076,0.0001,200,7.8351
0.0078,0.0000,0.0000,0.0000,0.0078,0.0000,200,7.8351
0.0078,0.0000,0.0000,0.0000,0.0078,0.0000,200,7.8351
0.0075,0.0000,0.0000,0.0000,0.0073,0.0001,200,7.8428
0.0077,0.0000,0.0000,0.0000,0.0074,0.0003,200,7.8429
0.0077,0.0000,0.0000,0.0000,0.0074,0.0002,200,7.8429
0.0077,0.0000,0.0000,0.0000,0.0075,0.0002,200,7.8429
0.0071,0.0000,0.0000,0.0000,0.0070,0.0001,200,7.8506
0.0074,0.0000,0.0000,0.0000,0.0073,0.0001,200,7.8503
0.0073,0.0000,0.0000,0.0000,0.0073,0.0000,200,7.8506
0.0073,0.0000,0.0000,0.0000,0.0070,0.0003,200,7.8507
0.0075,0.0000,0.0000,0.0000,0.0074,0.0000,200,7.8577
0.0072,0.0000,0.0000,0.0000,0.0069,0.0003,200,7.8580
0.0074,0.0000,0.0000,0.0000,0.0074,0.0000,200,7.8580
0.0079,0.0000,0.0000,0.0000,0.0071,0.0007,200,7.8577
0.0075,0.0000,0.0000,0.0000,0.0074,0.0001,200,7.8652
0.0076,0.0000,0.0000,0.0000,0.0076,0.0000,200,7.8656
0.0082,0.0000,0.0000,0.0000,0.0081,0.0000,200,7.8654
0.0085,0.0000,0.0000,0.0000,0.0083,0.0000,200,7.8652
0.0074,0.0000,0.0000,0.0000,0.0073,0.0001,200,7.8727
0.0069,0.0000,0.0000,0.0000,0.0069,0.0000,200,7.8732
0.0069,0.0000,0.0000,0.0000,0.0068,0.0000,200,7.8736
0.0074,0.0000,0.0000,0.0000,0.0073,0.0001,200,7.8736
0.0075,0.0000,0.0000,0.0000,0.0074,0.0001,200,7.8801
0.0077,0.0000,0.0000,0.0000,0.0076,0.0001,200,7.8802
0.0071,0.0000,0.0000,0.0000,0.0070,0.0000,200,7.8811
0.0077,0.0000,0.0000,0.0000,0.0076,0.0000,200,7.8805
0.0076,0.0000,0.0000,0.0000,0.0074,0.0002,200,7.8876
0.0075,0.0000,0.0000,0.0000,0.0073,0.0002,200,7.8878
0.0074,0.0000,0.0000,0.0000,0.0073,0.0000,200,7.8882
0.0075,0.0000,0.0000,0.0000,0.0074,0.0000,200,7.8882
0.0072,0.0000,0.0000,0.0000,0.0070,0.0002,200,7.8955
0.0076,0.0000,0.0000,0.0000,0.0074,0.0002,200,7.8952
0.0076,0.0000,0.0000,0.0000,0.0073,0.0003,200,7.8953
0.0075,0.0000,0.0000,0.0000,0.0074,0.0000,200,7.8956
0.0075,0.0000,0.0000,0.0000,0.0073,0.0002,200,7.9029
0.0077,0.0000,0.0000,0.0000,0.0075,0.0002,200,7.9028
0.0076,0.0000,0.0000,0.0000,0.0074,0.0002,200,7.9029
0.0076,0.0000,0.0000,0.0000,0.0076,0.0000,200,7.9031
0.0073,0.0000,0.0000,0.0000,0.0071,0.0002,200,7.9104
0.0072,0.0000,0.0000,0.0000,0.0071,0.0000,200,7.9107
0.0074,0.0000,0.0000,0.0000,0.0074,0.0000,200,7.9105
0.0076,0.0000,0.0000,0.0000,0.0075,0.0000,200,7.9104
0.0075,0.0000,0.0000,0.0000,0.0071,0.0004,200,7.9179
0.0075,0.0000,0.0000,0.0000,0.0071,0.0004,200,7.9180
0.0078,0.0000,0.0000,0.0000,0.0075,0.0003,200,7.9177
0.0075,0.0000,0.0000,0.0000,0.0070,0.0004,200,7.9180
0.0073,0.0000,0.0000,0.0000,0.0073,0.0000,200,7.9255
0.0076,0.0000,0.0000,0.0000,0.0074,0.0002,200,7.9255
0.0077,0.0000,0.0000,0.0000,0.0074,0.0002,200,7.9255
0.0077,0.0000,0.0000,0.0000,0.0072,0.0005,200,7.9255
0.0071,0.0000,0.0000,0.0000,0.0070,0.0001,200,7.9331
0.0071,0.0000,0.0000,0.0000,0.0069,0.0001,200,7.9332
0.0072,0.0000,0.0000,0.0000,0.0070,0.0002,200,7.9332
0.0076,0.0000,0.0000,0.0000,0.0074,0.0002,200,7.9329
0.0073,0.0000,0.0000,0.0000,0.0072,0.0001,200,7.9405
0.0076,0.0000,0.0000,0.0000,0.0076,0.0000,200,7.9403
0.0080,0.0000,0.0000,0.0000,0.0079,0.0000,200,7.9403
0.0088,0.0000,0.0000,0.0000,0.0087,0.0000,200,7.9402
0.0074,0.0000,0.0000,0.0000,0.0073,0.0001,200,7.9480
0.0070,0.0000,0.0000,0.0000,0.0069,0.0001,200,7.9484
0.0075,0.0000,0.0000,0.0000,0.0074,0.0000,200,7.9478
0.0069,0.0000,0.0000,0.0000,0.0068,0.0001,200,7.9491
0.0073,0.0000,0.0000,0.0000,0.0072,0.0001,200,7.9554
0.0074,0.0000,0.0000,0.0000,0.0072,0.0001,200,7.9554
0.0077,0.0000,0.0000,0.0000,0.0076,0.0000,200,7.9553
0.0072,0.0000,0.0000,0.0000,0.0071,0.0000,200,7.9559
0.0072,0.0000,0.0000,0.0000,0.0072,0.0001,200,7.9627
0.0070,0.0000,0.0000,0.0000,0.0069,0.0001,200,7.9631
0.0077,0.0000,0.0000,0.0000,0.0076,0.0000,200,7.9626
0.0073,0.0000,0.0000,0.0000,0.0068,0.0004,200,7.9631
0.0075,0.0000,0.0000,0.0000,0.0073,0.0001,200,7.9700
0.0071,0.0000,0.0000,0.0000,0.0070,0.0001,200,7.9703
0.0072,0.0000,0.0000,0.0000,0.0072,0.0000,200,7.9703
0.0074,0.0000,0.0000,0.0000,0.0074,0.0000,200,7.9702
0.0076,0.0000,0.0000,0.0000,0.0073,0.0002,200,7.9775
0.0075,0.0000,0.0000,0.0000,0.0073,0.0002,200,7.9776
0.0080,0.0000,0.0000,0.0000,0.0073,0.0006,200,7.9774
0.0080,0.0000,0.0000,0.0000,0.0080,0.0000,200,7.9775
0.0078,0.0000,0.0000,0.0000,0.0076,0.0001,200,7.9851
0.0080,0.0000,0.0000,0.0000,0.0076,0.0003,200,7.9850
0.0079,0.0000,0.0000,0.0000,0.0078,0.0000,200,7.9855
0.0086,0.0000,0.0000,0.0000,0.0086,0.0000,200,7.9856
0.0080,0.0000,0.0000,0.0000,0.0079,0.0001,200,7.9930
0.0085,0.0000,0.0000,0.0000,0.0081,0.0004,200,7.9929
0.0097,0.0000,0.0000,0.0001,0.0083,0.0013,200,7.9934
0.0089,0.0000,0.0000,0.0000,0.0088,0.0000,200,7.9942
0.0081,0.0000,0.0000,0.0000,0.0078,0.0003,200,8.0011
0.0087,0.0000,0.0000,0.0000,0.0086,0.0001,200,8.0013
0.0085,0.0000,0.0000,0.0000,0.0083,0.0001,200,8.0030
0.0084,0.0000,0.0000,0.0000,0.0084,0.0000,200,8.0031
0.0085,0.0000,0.0000,0.0000,0.0084,0.0001,200,8.0100
0.0096,0.0000,0.0000,0.0000,0.0095,0.0000,200,8.0091
0.0076,0.0000,0.0000,0.0000,0.0075,0.0000,200,8.0115
0.0086,0.0000,0.0000,0.0000,0.0078,0.0008,200,8.0115
0.0078,0.0000,0.0000,0.0000,0.0077,0.0001,200,8.0191
0.0084,0.0000,0.0000,0.0000,0.0078,0.0005,200,8.0185
0.0082,0.0000,0.0000,0.0000,0.0077,0.0005,200,8.0187
0.0074,0.0000,0.0000,0.0000,0.0074,0.0000,200,8.0201
0.0081,0.0000,0.0000,0.0000,0.0080,0.0001,200,8.0269
0.0082,0.0000,0.0000,0.0000,0.0080,0.0002,200,8.0269
0.0084,0.0000,0.0000,0.0000,0.0083,0.0000,200,8.0269
0.0104,0.0000,0.0000,0.0000,0.0091,0.0013,200,8.0276
0.0077,0.0000,0.0000,0.0000,0.0077,0.0000,200,8.0353
0.0085,0.0000,0.0000,0.0000,0.0085,0.0001,200,8.0351
0.0089,0.0000,0.0000,0.0000,0.0079,0.0009,200,8.0350
0.0083,0.0000,0.0000,0.0000,0.0082,0.0001,200,8.0380
0.0074,0.0000,0.0000,0.0000,0.0073,0.0000,200,8.0439
0.0082,0.0000,0.0000,0.0000,0.0073,0.0009,200,8.0430
0.0077,0.0000,0.0000,0.0000,0.0076,0.0000,200,8.0436
0.0077,0.0000,0.0000,0.0000,0.0076,0.0001,200,8.0463
0.0077,0.0000,0.0000,0.0000,0.0076,0.0000,200,8.0512
0.0078,0.0000,0.0000,0.0000,0.0074,0.0003,200,8.0514
0.0080,0.0000,0.0000,0.0000,0.0078,0.0002,200,8.0513
0.0082,0.0000,0.0000,0.0000,0.0080,0.0001,200,8.0540
0.0086,0.0000,0.0000,0.0000,0.0085,0.0001,200,8.0589
0.0085,0.0000,0.0000,0.0000,0.0077,0.0007,200,8.0592
0.0088,0.0000,0.0000,0.0000,0.0087,0.0000,200,8.0592
0.0076,0.0000,0.0000,0.0000,0.0075,0.0001,200,8.0621
0.0075,0.0000,0.0000,0.0000,0.0072,0.0002,200,8.0680
0.0079,0.0000,0.0000,0.0000,0.0075,0.0004,200,8.0677
0.0119,0.0000,0.0000,0.0000,0.0118,0.0001,200,8.0675
0.0100,0.0000,0.0000,0.0000,0.0099,0.0000,200,8.0698
0.0085,0.0000,0.0000,0.0000,0.0084,0.0001,200,8.0754
0.0086,0.0000,0.0000,0.0000,0.0081,0.0005,200,8.0756
0.0085,0.0000,0.0000,0.0000,0.0084,0.0000,200,8.0798
0.0090,0.0000,0.0000,0.0000,0.0087,0.0002,200,8.0794
0.0078,0.0000,0.0000,0.0000,0.0073,0.0004,200,8.0839
0.0077,0.0000,0.0000,0.0000,0.0076,0.0001,200,8.0843
0.0084,0.0000,0.0000,0.0001,0.0082,0.0001,200,8.0883
0.0095,0.0000,0.0000,0.0000,0.0081,0.0001,200,8.0884
0.0081,0.0000,0.0000,0.0000,0.0080,0.0001,200,8.0920
0.0101,0.0000,0.0000,0.0000,0.0100,0.0001,200,8.0917
0.0078,0.0000,0.0000,0.0000,0.0074,0.0003,200,8.0967
0.0084,0.0000,0.0000,0.0000,0.0083,0.0001,200,8.0979
0.0082,0.0000,0.0000,0.0000,0.0078,0.0004,200,8.1000
0.0074,0.0000,0.0000,0.0000,0.0073,0.0001,200,8.1018
0.0076,0.0000,0.0000,0.0000,0.0075,0.0001,200,8.1045
0.0082,0.0000,0.0000,0.0000,0.0070,0.0011,200,8.1063
0.0074,0.0000,0.0000,0.0000,0.0073,0.0001,200,8.1083
0.0077,0.0000,0.0000,0.0000,0.0076,0.0001,200,8.1092
0.0074,0.0000,0.0000,0.0000,0.0073,0.0001,200,8.1121
0.0076,0.0000,0.0000,0.0000,0.0075,0.0001,200,8.1145
0.0073,0.0000,0.0000,0.0000,0.0072,0.0001,200,8.1157
0.0071,0.0000,0.0000,0.0000,0.0071,0.0000,200,8.1169
0.0075,0.0000,0.0000,0.0000,0.0074,0.0000,200,8.1195
0.0071,0.0000,0.0000,0.0000,0.0068,0.0003,200,8.1221
0.0071,0.0000,0.0000,0.0000,0.0070,0.0000,200,8.1230
0.0074,0.0000,0.0000,0.0000,0.0073,0.0000,200,8.1241
0.0067,0.0000,0.0000,0.0000,0.0066,0.0000,200,8.1270
0.0068,0.0000,0.0000,0.0000,0.0067,0.0001,200,8.1292
0.0070,0.0000,0.0000,0.0000,0.0069,0.0001,200,8.1301
0.0069,0.0000,0.0000,0.0000,0.0065,0.0003,200,8.1315
0.0067,0.0000,0.0000,0.0000,0.0066,0.0001,200,8.1337
0.0070,0.0000,0.0000,0.0000,0.0069,0.0001,200,8.1360
0.0069,0.0000,0.0000,0.0000,0.0068,0.0001,200,8.1371
0.0070,0.0000,0.0000,0.0000,0.0069,0.0000,200,8.1383
0.0068,0.0000,0.0000,0.0000,0.0067,0.0000,200,8.1404
0.0071,0.0000,0.0000,0.0000,0.0070,0.0001,200,8.1430
0.0077,0.0000,0.0000,0.0000,0.0076,0.0001,200,8.1440
0.0068,0.0000,0.0000,0.0000,0.0067,0.0000,200,8.1453
0.0071,0.0000,0.0000,0.0000,0.0070,0.0001,200,8.1472
0.0079,0.0000,0.0000,0.0000,0.0078,0.0001,200,8.1501
0.0073,0.0000,0.0000,0.0000,0.0072,0.0001,200,8.1521
0.0078,0.0000,0.0000,0.0000,0.0077,0.0000,200,8.1518
0.0077,0.0000,0.0000,0.0000,0.0075,0.0002,200,8.1542
0.0081,0.0000,0.0000,0.0000,0.0079,0.0001,200,8.1580
0.0080,0.0000,0.0000,0.0000,0.0079,0.0000,200,8.1594
0.0078,0.0000,0.0000,0.0000,0.0078,0.0000,200,8.1596
0.0079,0.0000,0.0000,0.0000,0.0078,0.0001,200,8.1620
0.0076,0.0000,0.0000,0.0000,0.0075,0.0001,200,8.1674
0.0090,0.0000,0.0000,0.0000,0.0084,0.0005,200,8.1661
0.0080,0.0000,0.0000,0.0000,0.0077,0.0002,200,8.1674
0.0073,0.0000,0.0000,0.0000,0.0072,0.0001,200,8.1698
0.0076,0.0000,0.0000,0.0000,0.0075,0.0001,200,8.1754
0.0082,0.0000,0.0000,0.0000,0.0081,0.0000,200,8.1750
0.0083,0.0000,0.0000,0.0000,0.0083,0.0000,200,8.1751
0.0091,0.0000,0.0000,0.0000,0.0090,0.0001,200,8.1772
0.0082,0.0000,0.0000,0.0000,0.0074,0.0008,200,8.1832
0.0083,0.0000,0.0000,0.0000,0.0082,0.0001,200,8.1830
0.0078,0.0000,0.0000,0.0000,0.0076,0.0001,200,8.1863
0.0112,0.0000,0.0000,0.0000,0.0101,0.0010,200,8.1834
0.0078,0.0000,0.0000,0.0000,0.0077,0.0001,200,8.1914
0.0079,0.0000,0.0000,0.0000,0.0078,0.0000,200,8.1913
0.0083,0.0000,0.0000,0.0000,0.0076,0.0006,200,8.1940
0.0078,0.0000,0.0000,0.0000,0.0078,0.0000,200,8.1946
0.0081,0.0000,0.0000,0.0000,0.0080,0.0001,200,8.1992
0.0082,0.0000,0.0000,0.0000,0.0081,0.0001,200,8.1993
0.0075,0.0000,0.0000,0.0000,0.0074,0.0001,200,8.2023
0.0075,0.0000,0.0000,0.0000,0.0074,0.0001,200,8.2024
0.0078,0.0000,0.0000,0.0000,0.0077,0.0001,200,8.2073
0.0078,0.0000,0.0000,0.0000,0.0075,0.0003,200,8.2075
0.0074,0.0000,0.0000,0.0000,0.0073,0.0001,200,8.2099
0.0077,0.0000,0.0000,0.0000,0.0075,0.0001,200,8.2098
0.0080,0.0000,0.0000,0.0000,0.0078,0.0001,200,8.2151
0.0082,0.0000,0.0000,0.0000,0.0081,0.0001,200,8.2153
0.0079,0.0000,0.0000,0.0000,0.0078,0.0000,200,8.2174
0.0079,0.0000,0.0000,0.0000,0.0073,0.0006,200,8.2175
0.0075,0.0000,0.0000,0.0000,0.0074,0.0001,200,8.2231
0.0073,0.0000,0.0000,0.0000,0.0072,0.0000,200,8.2235
0.0075,0.0000,0.0000,0.0000,0.0074,0.0001,200,8.2253
0.0083,0.0000,0.0000,0.0000,0.0082,0.0000,200,8.2253
0.0071,0.0000,0.0000,0.0000,0.0070,0.0001,200,8.2306
0.0070,0.0000,0.0000,0.0000,0.0069,0.0000,200,8.2307
0.0069,0.0000,0.0000,0.0000,0.0068,0.0001,200,8.2328
0.0067,0.0000,0.0000,0.0000,0.0065,0.0001,200,8.2336
0.0072,0.0000,0.0000,0.0000,0.0071,0.0001,200,8.2377
0.0072,0.0000,0.0000,0.0000,0.0071,0.0000,200,8.2377
0.0074,0.0000,0.0000,0.0000,0.0073,0.0001,200,8.2397
0.0069,0.0000,0.0000,0.0000,0.0066,0.0002,200,8.2403
0.0072,0.0000,0.0000,0.0000,0.0070,0.0001,200,8.2449
0.0073,0.0000,0.0000,0.0000,0.0072,0.0000,200,8.2449
0.0077,0.0000,0.0000,0.0000,0.0070,0.0007,200,8.2471
0.0078,0.0000,0.0000,0.0000,0.0077,0.0001,200,8.2471
0.0072,0.0000,0.0000,0.0000,0.0070,0.0002,200,8.2521
0.0073,0.0000,0.0000,0.0000,0.0072,0.0000,200,8.2522
0.0073,0.0000,0.0000,0.0000,0.0072,0.0001,200,8.2549
0.0073,0.0000,0.0000,0.0000,0.0073,0.0000,200,8.2549
0.0071,0.0000,0.0000,0.0000,0.0070,0.0001,200,8.2593
0.0072,0.0000,0.0000,0.0000,0.0070,0.0002,200,8.2594
0.0073,0.0000,0.0000,0.0000,0.0072,0.0001,200,8.2621
0.0073,0.0000,0.0000,0.0000,0.0072,0.0000,200,8.2622
0.0074,0.0000,0.0000,0.0000,0.0071,0.0002,200,8.2667
0.0076,0.0000,0.0000,0.0000,0.0074,0.0002,200,8.2664
0.0071,0.0000,0.0000,0.0000,0.0070,0.0001,200,8.2695
0.0071,0.0000,0.0000,0.0000,0.0071,0.0000,200,8.2695
0.0074,0.0000,0.0000,0.0000,0.0071,0.0002,200,8.2740
0.0075,0.0000,0.0000,0.0000,0.0072,0.0002,200,8.2740
0.0072,0.0000,0.0000,0.0000,0.0071,0.0000,200,8.2766
0.0072,0.0000,0.0000,0.0000,0.0070,0.0002,200,8.2766
0.0072,0.0000,0.0000,0.0000,0.0070,0.0001,200,8.2814
0.0072,0.0000,0.0000,0.0000,0.0071,0.0000,200,8.2815
0.0073,0.0000,0.0000,0.0000,0.0072,0.0001,200,8.2838
0.0073,0.0000,0.0000,0.0000,0.0072,0.0000,200,8.2839
0.0072,0.0000,0.0000,0.0000,0.0071,0.0001,200,8.2887
0.0074,0.0000,0.0000,0.0000,0.0073,0.0000,200,8.2886
0.0077,0.0000,0.0000,0.0000,0.0076,0.0001,200,8.2912
0.0077,0.0000,0.0000,0.0000,0.0076,0.0000,200,8.2911
0.0073,0.0000,0.0000,0.0000,0.0072,0.0001,200,8.2959
0.0073,0.0000,0.0000,0.0000,0.0072,0.0000,200,8.2960
0.0073,0.0000,0.0000,0.0000,0.0072,0.0001,200,8.2988
0.0074,0.0000,0.0000,0.0000,0.0073,0.0000,200,8.2989
0.0072,0.0000,0.0000,0.0000,0.0070,0.0001,200,8.3032
0.0072,0.0000,0.0000,0.0000,0.0071,0.0000,200,8.3032
0.0073,0.0000,0.0000,0.0000,0.0072,0.0001,200,8.3061
0.0073,0.0000,0.0000,0.0000,0.0072,0.0000,200,8.3062
0.0073,0.0000,0.0000,0.0000,0.0072,0.0001,200,8.3104
0.0073,0.0000,0.0000,0.0000,0.0073,0.0000,200,8.3104
0.0074,0.0000,0.0000,0.0000,0.0073,0.0001,200,8.3135
0.0074,0.0000,0.0000,0.0000,0.0073,0.0000,200,8.3135
0.0079,0.0000,0.0000,0.0000,0.0078,0.0001,200,8.3177
0.0079,0.0000,0.0000,0.0000,0.0078,0.0001,200,8.3177
0.0071,0.0000,0.0000,0.0000,0.0070,0.0001,200,8.3209
0.0077,0.0000,0.0000,0.0000,0.0076,0.0000,200,8.3209
0.0072,0.0000,0.0000,0.0000,0.0070,0.0001,200,8.3256
0.0072,0.0000,0.0000,0.0000,0.0071,0.0000,200,8.3256
0.0074,0.0000,0.0000,0.0000,0.0073,0.0001,200,8.3281
0.0069,0.0000,0.0000,0.0000,0.0069,0.0000,200,8.3286
0.0074,0.0000,0.0000,0.0000,0.0073,0.0001,200,8.3328
0.0074,0.0000,0.0000,0.0000,0.0073,0.0000,200,8.3328
0.0072,0.0000,0.0000,0.0000,0.0071,0.0001,200,8.3355
0.0084,0.0000,0.0000,0.0000,0.0083,0.0001,200,8.3354
0.0071,0.0000,0.0000,0.0000,0.0070,0.0001,200,8.3402
0.0072,0.0000,0.0000,0.0000,0.0071,0.0001,200,8.3402
0.0074,0.0000,0.0000,0.0000,0.0070,0.0001,200,8.3427
0.0074,0.0000,0.0000,0.0000,0.0073,0.0001,200,8.3439
0.0073,0.0000,0.0000,0.0000,0.0072,0.0001,200,8.3473
0.0072,0.0000,0.0000,0.0000,0.0071,0.0001,200,8.3474
0.0073,0.0000,0.0000,0.0000,0.0071,0.0001,200,8.3501
0.0073,0.0000,0.0000,0.0000,0.0072,0.0001,200,8.3513
0.0071,0.0000,0.0000,0.0000,0.0070,0.0001,200,8.3546
0.0072,0.0000,0.0000,0.0000,0.0071,0.0000,200,8.3546
0.0073,0.0000,0.0000,0.0000,0.0072,0.0001,200,8.3574
0.0069,0.0000,0.0000,0.0000,0.0068,0.0001,200,8.3587
0.0070,0.0000,0.0000,0.0000,0.0069,0.0001,200,8.3617
0.0069,0.0000,0.0000,0.0000,0.0068,0.0000,200,8.3618
0.0080,0.0000,0.0000,0.0000,0.0077,0.0004,200,8.3647
0.0078,0.0000,0.0000,0.0000,0.0077,0.0000,200,8.3656
0.0078,0.0000,0.0000,0.0000,0.0077,0.0001,200,8.3687
0.0078,0.0000,0.0000,0.0000,0.0077,0.0001,200,8.3687
0.0080,0.0000,0.0000,0.0000,0.0077,0.0002,200,8.3728
0.0074,0.0000,0.0000,0.0001,0.0072,0.0002,200,8.3734
0.0072,0.0000,0.0000,0.0000,0.0071,0.0001,200,8.3765
0.0073,0.0000,0.0000,0.0000,0.0072,0.0000,200,8.3765
0.0073,0.0000,0.0000,0.0000,0.0072,0.0000,200,8.3808
0.0074,0.0000,0.0000,0.0000,0.0074,0.0000,200,8.3808
0.0073,0.0000,0.0000,0.0000,0.0072,0.0002,200,8.3838
0.0074,0.0000,0.0000,0.0000,0.0073,0.0000,200,8.3838
0.0072,0.0000,0.0000,0.0000,0.0069,0.0003,200,8.3882
0.0074,0.0000,0.0000,0.0000,0.0071,0.0002,200,8.3881
0.0073,0.0000,0.0000,0.0000,0.0072,0.0000,200,8.3911
0.0073,0.0000,0.0000,0.0000,0.0071,0.0002,200,8.3912
0.0074,0.0000,0.0000,0.0000,0.0071,0.0002,200,8.3955
0.0075,0.0000,0.0000,0.0000,0.0073,0.0002,200,8.3954
0.0071,0.0000,0.0000,0.0000,0.0070,0.0001,200,8.3985
0.0072,0.0000,0.0000,0.0000,0.0072,0.0000,200,8.3985
0.0072,0.0000,0.0000,0.0000,0.0070,0.0001,200,8.4029
0.0072,0.0000,0.0000,0.0000,0.0072,0.0001,200,8.4029
0.0070,0.0000,0.0000,0.0000,0.0070,0.0001,200,8.4057
0.0072,0.0000,0.0000,0.0000,0.0072,0.0000,200,8.4056
0.0072,0.0000,0.0000,0.0000,0.0071,0.0001,200,8.4102
0.0075,0.0000,0.0000,0.0000,0.0074,0.0000,200,8.4101
0.0071,0.0000,0.0000,0.0000,0.0070,0.0001,200,8.4128
0.0071,0.0000,0.0000,0.0000,0.0070,0.0000,200,8.4128
0.0073,0.0000,0.0000,0.0000,0.0072,0.0001,200,8.4174
0.0073,0.0000,0.0000,0.0000,0.0072,0.0000,200,8.4176
0.0071,0.0000,0.0000,0.0000,0.0070,0.0001,200,8.4198
0.0071,0.0000,0.0000,0.0000,0.0070,0.0000,200,8.4199
0.0077,0.0000,0.0000,0.0000,0.0071,0.0007,200,8.4247
0.0077,0.0000,0.0000,0.0000,0.0076,0.0000,200,8.4248
0.0071,0.0000,0.0000,0.0000,0.0070,0.0001,200,8.4269
0.0072,0.0000,0.0000,0.0000,0.0071,0.0000,200,8.4270
0.0076,0.0000,0.0000,0.0000,0.0074,0.0001,200,8.4325
0.0075,0.0000,0.0000,0.0000,0.0074,0.0001,200,8.4326
0.0073,0.0000,0.0000,0.0000,0.0072,0.0001,200,8.4341
0.0075,0.0000,0.0000,0.0000,0.0069,0.0005,200,8.4340
0.0075,0.0000,0.0000,0.0000,0.0074,0.0001,200,8.4400
0.0076,0.0000,0.0000,0.0000,0.0075,0.0000,200,8.4401
0.0070,0.0000,0.0000,0.0000,0.0069,0.0001,200,8.4415
0.0073,0.0000,0.0000,0.0000,0.0072,0.0000,200,8.4415
0.0078,0.0000,0.0000,0.0000,0.0077,0.0001,200,8.4477
0.0084,0.0000,0.0000,0.0000,0.0083,0.0000,200,8.4476
0.0072,0.0000,0.0000,0.0000,0.0071,0.0000,200,8.4487
0.0074,0.0000,0.0000,0.0000,0.0070,0.0003,200,8.4485
0.0075,0.0000,0.0000,0.0000,0.0074,0.0001,200,8.4555
0.0071,0.0000,0.0000,0.0000,0.0070,0.0001,200,8.4559
0.0072,0.0000,0.0000,0.0000,0.0071,0.0000,200,8.4559
0.0075,0.0000,0.0000,0.0000,0.0072,0.0002,200,8.4559
0.0080,0.0000,0.0000,0.0000,0.0079,0.0001,200,8.4630
0.0080,0.0000,0.0000,0.0000,0.0075,0.0005,200,8.4630
0.0080,0.0000,0.0000,0.0000,0.0079,0.0000,200,8.4631
0.0077,0.0000,0.0000,0.0000,0.0077,0.0000,200,8.4634
0.0075,0.0000,0.0000,0.0000,0.0073,0.0002,200,8.4711
0.0077,0.0000,0.0000,0.0000,0.0074,0.0002,200,8.4710
0.0076,0.0000,0.0000,0.0000,0.0074,0.0002,200,8.4711
0.0078,0.0000,0.0000,0.0000,0.0077,0.0000,200,8.4710
0.0072,0.0000,0.0000,0.0000,0.0070,0.0002,200,8.4786
0.0072,0.0000,0.0000,0.0000,0.0071,0.0001,200,8.4787
0.0074,0.0000,0.0000,0.0000,0.0072,0.0001,200,8.4787
0.0076,0.0000,0.0000,0.0000,0.0075,0.0001,200,8.4787
0.0071,0.0000,0.0000,0.0000,0.0070,0.0001,200,8.4861
0.0076,0.0000,0.0000,0.0000,0.0072,0.0004,200,8.4859
0.0073,0.0000,0.0000,0.0000,0.0072,0.0000,200,8.4863
0.0077,0.0000,0.0000,0.0000,0.0077,0.0000,200,8.4859
0.0074,0.0000,0.0000,0.0000,0.0073,0.0001,200,8.4932
0.0070,0.0000,0.0000,0.0000,0.0068,0.0001,200,8.4936
0.0071,0.0000,0.0000,0.0000,0.0071,0.0000,200,8.4935
0.0072,0.0000,0.0000,0.0000,0.0071,0.0000,200,8.4936
0.0074,0.0000,0.0000,0.0000,0.0072,0.0002,200,8.5006
0.0074,0.0000,0.0000,0.0000,0.0072,0.0002,200,8.5006
0.0076,0.0000,0.0000,0.0000,0.0075,0.0000,200,8.5007
0.0078,0.0000,0.0000,0.0000,0.0077,0.0000,200,8.5006
0.0076,0.0000,0.0000,0.0000,0.0074,0.0001,200,8.5080
0.0072,0.0000,0.0000,0.0000,0.0071,0.0000,200,8.5083
0.0072,0.0000,0.0000,0.0000,0.0071,0.0001,200,8.5083
0.0075,0.0000,0.0000,0.0000,0.0075,0.0000,200,8.5080
0.0074,0.0000,0.0000,0.0000,0.0073,0.0001,200,8.5156
0.0076,0.0000,0.0000,0.0000,0.0075,0.0000,200,8.5155
0.0076,0.0000,0.0000,0.0000,0.0074,0.0002,200,8.5156
0.0077,0.0000,0.0000,0.0000,0.0073,0.0003,200,8.5155
0.0070,0.0000,0.0000,0.0000,0.0069,0.0001,200,8.5232
0.0071,0.0000,0.0000,0.0000,0.0069,0.0001,200,8.5232
0.0074,0.0000,0.0000,0.0000,0.0073,0.0000,200,8.5229
0.0073,0.0000,0.0000,0.0000,0.0072,0.0001,200,8.5232
0.0074,0.0000,0.0000,0.0000,0.0073,0.0001,200,8.5303
0.0075,0.0000,0.0000,0.0000,0.0074,0.0001,200,8.5303
0.0076,0.0000,0.0000,0.0000,0.0073,0.0003,200,8.5302
0.0075,0.0000,0.0000,0.0000,0.0073,0.0002,200,8.5305
0.0071,0.0000,0.0000,0.0000,0.0070,0.0001,200,8.5379
0.0073,0.0000,0.0000,0.0000,0.0072,0.0001,200,8.5379
0.0073,0.0000,0.0000,0.0000,0.0072,0.0000,200,8.5379
0.0075,0.0000,0.0000,0.0000,0.0074,0.0001,200,8.5377
0.0075,0.0000,0.0000,0.0000,0.0071,0.0003,200,8.5452
0.0076,0.0000,0.0000,0.0000,0.0072,0.0004,200,8.5452
0.0077,0.0000,0.0000,0.0000,0.0076,0.0000,200,8.5452
0.0097,0.0000,0.0000,0.0000,0.0096,0.0001,200,8.5450
0.0073,0.0000,0.0000,0.0000,0.0071,0.0001,200,8.5529
0.0078,0.0000,0.0000,0.0000,0.0074,0.0004,200,8.5527
0.0077,0.0000,0.0000,0.0000,0.0074,0.0003,200,8.5528
0.0070,0.0000,0.0000,0.0000,0.0069,0.0001,200,8.5547
0.0080,0.0000,0.0000,0.0000,0.0076,0.0003,200,8.5601
0.0078,0.0000,0.0000,0.0000,0.0073,0.0004,200,8.5605
0.0079,0.0000,0.0000,0.0000,0.0074,0.0005,200,8.5605
0.0077,0.0000,0.0000,0.0000,0.0068,0.0008,200,8.5617
0.0071,0.0000,0.0000,0.0000,0.0070,0.0001,200,8.5684
0.0073,0.0000,0.0000,0.0000,0.0072,0.0001,200,8.5683
0.0076,0.0000,0.0000,0.0000,0.0075,0.0000,200,8.5681
0.0072,0.0000,0.0000,0.0000,0.0069,0.0003,200,8.5694
0.0070,0.0000,0.0000,0.0000,0.0069,0.0001,200,8.5757
0.0071,0.0000,0.0000,0.0000,0.0071,0.0000,200,8.5756
0.0074,0.0000,0.0000,0.0000,0.0073,0.0000,200,8.5755
0.0075,0.0000,0.0000,0.0000,0.0074,0.0001,200,8.5766
0.0075,0.0000,0.0000,0.0000,0.0074,0.0000,200,8.5827
0.0075,0.0000,0.0000,0.0000,0.0071,0.0004,200,8.5827
0.0074,0.0000,0.0000,0.0000,0.0074,0.0000,200,8.5828
0.0078,0.0000,0.0000,0.0000,0.0069,0.0009,200,8.5841
0.0079,0.0000,0.0000,0.0000,0.0078,0.0001,200,8.5902
0.0080,0.0000,0.0000,0.0000,0.0078,0.0001,200,8.5902
0.0079,0.0000,0.0000,0.0000,0.0078,0.0001,200,8.5903
0.0073,0.0000,0.0000,0.0000,0.0069,0.0004,200,8.5920
0.0075,0.0000,0.0000,0.0000,0.0073,0.0002,200,8.5981
0.0074,0.0000,0.0000,0.0000,0.0073,0.0000,200,8.5982
0.0076,0.0000,0.0000,0.0000,0.0076,0.0000,200,8.5982
0.0068,0.0000,0.0000,0.0000,0.0067,0.0000,200,8.5993
0.0077,0.0000,0.0000,0.0000,0.0076,0.0000,200,8.6056
0.0072,0.0000,0.0000,0.0000,0.0072,0.0000,200,8.6061
0.0078,0.0000,0.0000,0.0000,0.0074,0.0005,200,8.6058
0.0082,0.0000,0.0000,0.0000,0.0077,0.0004,200,8.6056
0.0077,0.0000,0.0000,0.0000,0.0076,0.0001,200,8.6133
0.0074,0.0000,0.0000,0.0000,0.0073,0.0000,200,8.6137
0.0074,0.0000,0.0000,0.0000,0.0074,0.0000,200,8.6138
0.0080,0.0000,0.0000,0.0000,0.0076,0.0004,200,8.6134
0.0074,0.0000,0.0000,0.0000,0.0072,0.0002,200,8.6210
0.0071,0.0000,0.0000,0.0000,0.0069,0.0003,200,8.6214
0.0076,0.0000,0.0000,0.0000,0.0073,0.0002,200,8.6210
0.0075,0.0000,0.0000,0.0000,0.0075,0.0000,200,8.6212
0.0075,0.0000,0.0000,0.0000,0.0072,0.0002,200,8.6285
0.0074,0.0000,0.0000,0.0000,0.0072,0.0002,200,8.6287
0.0074,0.0000,0.0000,0.0000,0.0072,0.0002,200,8.6286
0.0080,0.0000,0.0000,0.0000,0.0079,0.0000,200,8.6285
0.0070,0.0000,0.0000,0.0000,0.0069,0.0001,200,8.6365
0.0076,0.0000,0.0000,0.0000,0.0071,0.0004,200,8.6360
0.0077,0.0000,0.0000,0.0000,0.0076,0.0000,200,8.6360
0.0079,0.0000,0.0000,0.0000,0.0078,0.0000,200,8.6360
0.0073,0.0000,0.0000,0.0000,0.0070,0.0002,200,8.6437
0.0076,0.0000,0.0000,0.0000,0.0075,0.0000,200,8.6435
0.0073,0.0000,0.0000,0.0000,0.0072,0.0000,200,8.6439
0.0076,0.0000,0.0000,0.0000,0.0072,0.0004,200,8.6436
0.0072,0.0000,0.0000,0.0000,0.0070,0.0001,200,8.6511
0.0071,0.0000,0.0000,0.0000,0.0070,0.0001,200,8.6512
0.0073,0.0000,0.0000,0.0000,0.0072,0.0000,200,8.6512
0.0083,0.0000,0.0000,0.0000,0.0082,0.0001,200,8.6510
0.0073,0.0000,0.0000,0.0000,0.0070,0.0002,200,8.6582
0.0074,0.0000,0.0000,0.0000,0.0072,0.0001,200,8.6583
0.0073,0.0000,0.0000,0.0000,0.0071,0.0001,200,8.6585
0.0074,0.0000,0.0000,0.0000,0.0071,0.0003,200,8.6594
0.0074,0.0000,0.0000,0.0000,0.0072,0.0001,200,8.6655
0.0074,0.0000,0.0000,0.0000,0.0073,0.0000,200,8.6657
0.0074,0.0000,0.0000,0.0000,0.0073,0.0000,200,8.6658
0.0074,0.0000,0.0000,0.0000,0.0073,0.0001,200,8.6668
0.0072,0.0000,0.0000,0.0000,0.0070,0.0001,200,8.6729
0.0070,0.0000,0.0000,0.0000,0.0069,0.0000,200,8.6732
0.0072,0.0000,0.0000,0.0000,0.0072,0.0000,200,8.6731
0.0072,0.0000,0.0000,0.0000,0.0069,0.0003,200,8.6741
0.0073,0.0000,0.0000,0.0000,0.0072,0.0001,200,8.6802
0.0073,0.0000,0.0000,0.0000,0.0073,0.0001,200,8.6803
0.0076,0.0000,0.0000,0.0000,0.0075,0.0000,200,8.6801
0.0078,0.0000,0.0000,0.0000,0.0077,0.0001,200,8.6814
0.0073,0.0000,0.0000,0.0000,0.0072,0.0001,200,8.6877
0.0075,0.0000,0.0000,0.0000,0.0074,0.0000,200,8.6875
0.0074,0.0000,0.0000,0.0000,0.0074,0.0000,200,8.6876
0.0071,0.0000,0.0000,0.0000,0.0070,0.0001,200,8.6891
0.0076,0.0000,0.0000,0.0000,0.0075,0.0001,200,8.6950
0.0075,0.0000,0.0000,0.0000,0.0074,0.0001,200,8.6951
0.0076,0.0000,0.0000,0.0000,0.0076,0.0000,200,8.6950
0.0076,0.0000,0.0000,0.0000,0.0075,0.0001,200,8.6962
0.0075,0.0000,0.0000,0.0000,0.0071,0.0003,200,8.7026
0.0075,0.0000,0.0000,0.0000,0.0071,0.0003,200,8.7026
0.0076,0.0000,0.0000,0.0000,0.0075,0.0000,200,8.7026
0.0076,0.0000,0.0000,0.0000,0.0075,0.0001,200,8.7038
0.0073,0.0000,0.0000,0.0000,0.0072,0.0001,200,8.7102
0.0076,0.0000,0.0000,0.0000,0.0075,0.0000,200,8.7100
0.0076,0.0000,0.0000,0.0000,0.0076,0.0000,200,8.7100
0.0072,0.0000,0.0000,0.0000,0.0067,0.0004,200,8.7115
0.0074,0.0000,0.0000,0.0000,0.0073,0.0001,200,8.7175
0.0074,0.0000,0.0000,0.0000,0.0072,0.0001,200,8.7176
0.0074,0.0000,0.0000,0.0000,0.0074,0.0000,200,8.7177
0.0067,0.0000,0.0000,0.0000,0.0066,0.0001,200,8.7187
0.0076,0.0000,0.0000,0.0000,0.0075,0.0001,200,8.7249
0.0077,0.0000,0.0000,0.0000,0.0075,0.0002,200,8.7251
0.0073,0.0000,0.0000,0.0000,0.0072,0.0000,200,8.7254
0.0077,0.0000,0.0000,0.0000,0.0076,0.0001,200,8.7250
0.0075,0.0000,0.0000,0.0000,0.0074,0.0001,200,8.7327
0.0076,0.0000,0.0000,0.0000,0.0075,0.0002,200,8.7327
0.0077,0.0000,0.0000,0.0000,0.0076,0.0001,200,8.7327
0.0079,0.0000,0.0000,0.0000,0.0077,0.0002,200,8.7326
0.0075,0.0000,0.0000,0.0000,0.0074,0.0001,200,8.7402
0.0074,0.0000,0.0000,0.0000,0.0072,0.0002,200,8.7405
0.0074,0.0000,0.0000,0.0000,0.0072,0.0003,200,8.7405
0.0075,0.0000,0.0000,0.0000,0.0073,0.0002,200,8.7404
0.0076,0.0000,0.0000,0.0000,0.0074,0.0001,200,8.7477
0.0074,0.0000,0.0000,0.0000,0.0072,0.0002,200,8.7479
0.0077,0.0000,0.0000,0.0000,0.0077,0.0000,200,8.7479
0.0078,0.0000,0.0000,0.0000,0.0077,0.0000,200,8.7479
0.0074,0.0000,0.0000,0.0000,0.0070,0.0003,200,8.7557
0.0078,0.0000,0.0000,0.0000,0.0075,0.0003,200,8.7553
0.0079,0.0000,0.0000,0.0000,0.0076,0.0003,200,8.7553
0.0075,0.0000,0.0000,0.0000,0.0071,0.0004,200,8.7557
0.0080,0.0000,0.0000,0.0000,0.0079,0.0001,200,8.7631
0.0080,0.0000,0.0000,0.0000,0.0079,0.0000,200,8.7632
0.0081,0.0000,0.0000,0.0000,0.0080,0.0000,200,8.7632
0.0081,0.0000,0.0000,0.0000,0.0081,0.0000,200,8.7631
0.0081,0.0000,0.0000,0.0000,0.0079,0.0002,200,8.7711
0.0082,0.0000,0.0000,0.0000,0.0079,0.0002,200,8.7712
0.0084,0.0000,0.0000,0.0000,0.0084,0.0000,200,8.7713
0.0085,0.0000,0.0000,0.0000,0.0084,0.0000,200,8.7713
0.0076,0.0000,0.0000,0.0000,0.0075,0.0001,200,8.7797
0.0076,0.0000,0.0000,0.0000,0.0074,0.0001,200,8.7798
0.0080,0.0000,0.0000,0.0000,0.0079,0.0000,200,8.7793
0.0083,0.0000,0.0000,0.0000,0.0082,0.0000,200,8.7793
0.0079,0.0000,0.0000,0.0000,0.0076,0.0002,200,8.7873
0.0080,0.0000,0.0000,0.0000,0.0080,0.0000,200,8.7873
0.0081,0.0000,0.0000,0.0000,0.0080,0.0000,200,8.7876
0.0084,0.0000,0.0000,0.0000,0.0080,0.0003,200,8.7873
0.0079,0.0000,0.0000,0.0000,0.0076,0.0003,200,8.7956
0.0083,0.0000,0.0000,0.0000,0.0077,0.0005,200,8.7953
0.0085,0.0000,0.0000,0.0000,0.0084,0.0000,200,8.7952
0.0104,0.0000,0.0000,0.0000,0.0102,0.0002,200,8.7957
0.0075,0.0000,0.0000,0.0000,0.0075,0.0001,200,8.8036
0.0075,0.0000,0.0000,0.0000,0.0074,0.0000,200,8.8037
0.0080,0.0000,0.0000,0.0000,0.0074,0.0005,200,8.8036
0.0074,0.0000,0.0000,0.0000,0.0072,0.0001,200,8.8061
0.0075,0.0000,0.0000,0.0000,0.0074,0.0001,200,8.8115
0.0079,0.0000,0.0000,0.0000,0.0078,0.0000,200,8.8112
0.0080,0.0000,0.0000,0.0000,0.0079,0.0000,200,8.8112
0.0078,0.0000,0.0000,0.0000,0.0077,0.0001,200,8.8135
0.0078,0.0000,0.0000,0.0000,0.0077,0.0000,200,8.8191
0.0081,0.0000,0.0000,0.0000,0.0080,0.0000,200,8.8190
0.0082,0.0000,0.0000,0.0000,0.0075,0.0007,200,8.8192
0.0076,0.0000,0.0000,0.0000,0.0075,0.0001,200,8.8213
0.0076,0.0000,0.0000,0.0000,0.0074,0.0001,200,8.8271
0.0085,0.0000,0.0000,0.0000,0.0084,0.0000,200,8.8268
0.0080,0.0000,0.0000,0.0000,0.0073,0.0007,200,8.8274
0.0076,0.0000,0.0000,0.0000,0.0075,0.0001,200,8.8289
0.0074,0.0000,0.0000,0.0000,0.0073,0.0002,200,8.8354
0.0077,0.0000,0.0000,0.0000,0.0076,0.0000,200,8.8353
0.0085,0.0000,0.0000,0.0000,0.0078,0.0006,200,8.8348
0.0085,0.0000,0.0000,0.0000,0.0074,0.0010,200,8.8365
0.0083,0.0000,0.0000,0.0000,0.0081,0.0001,200,8.8428
0.0078,0.0000,0.0000,0.0000,0.0077,0.0000,200,8.8433
0.0083,0.0000,0.0000,0.0000,0.0082,0.0000,200,8.8430
0.0088,0.0000,0.0000,0.0000,0.0083,0.0005,200,8.8450
0.0081,0.0000,0.0000,0.0000,0.0080,0.0001,200,8.8513
0.0084,0.0000,0.0000,0.0000,0.0083,0.0000,200,8.8511
0.0096,0.0000,0.0000,0.0000,0.0095,0.0001,200,8.8511
0.0081,0.0000,0.0000,0.0000,0.0080,0.0001,200,8.8538
0.0085,0.0000,0.0000,0.0000,0.0084,0.0001,200,8.8595
0.0092,0.0000,0.0000,0.0000,0.0091,0.0001,200,8.8593
0.0079,0.0000,0.0000,0.0000,0.0078,0.0000,200,8.8607
0.0103,0.0000,0.0000,0.0000,0.0101,0.0002,200,8.8619
0.0078,0.0000,0.0000,0.0000,0.0076,0.0002,200,8.8685
0.0080,0.0000,0.0000,0.0000,0.0079,0.0000,200,8.8685
0.0087,0.0000,0.0000,0.0000,0.0077,0.0009,200,8.8680
0.0130,0.0000,0.0000,0.0000,0.0126,0.0003,200,8.8722
0.0091,0.0000,0.0000,0.0000,0.0083,0.0008,200,8.8765
0.0089,0.0000,0.0000,0.0000,0.0088,0.0000,200,8.8767
0.0107,0.0000,0.0000,0.0000,0.0105,0.0001,200,8.8764
0.0089,0.0000,0.0000,0.0000,0.0087,0.0001,200,8.8852
0.0089,0.0000,0.0000,0.0000,0.0087,0.0002,200,8.8856
0.0077,0.0000,0.0000,0.0000,0.0075,0.0002,200,8.8870
0.0111,0.0000,0.0000,0.0000,0.0108,0.0003,200,8.8856
0.0086,0.0000,0.0000,0.0000,0.0080,0.0006,200,8.8941
0.0087,0.0000,0.0000,0.0000,0.0087,0.0000,200,8.8945
0.0091,0.0000,0.0000,0.0000,0.0085,0.0006,200,8.8947
0.0080,0.0000,0.0000,0.0000,0.0074,0.0006,200,8.8968
0.0085,0.0000,0.0000,0.0000,0.0081,0.0004,200,8.9033
0.0092,0.0000,0.0000,0.0000,0.0091,0.0000,200,8.9027
0.0080,0.0000,0.0000,0.0000,0.0080,0.0000,200,8.9039
0.0083,0.0000,0.0000,0.0000,0.0077,0.0006,200,8.9048
0.0121,0.0000,0.0000,0.0000,0.0077,0.0044,200,8.9119
0.0123,0.0000,0.0000,0.0000,0.0123,0.0000,200,8.9119
0.0111,0.0000,0.0000,0.0000,0.0110,0.0000,200,8.9131
0.0125,0.0000,0.0000,0.0000,0.0123,0.0002,200,8.9118
0.0092,0.0000,0.0000,0.0000,0.0091,0.0001,200,8.9243
0.0099,0.0000,0.0000,0.0000,0.0099,0.0000,200,8.9242
0.0100,0.0000,0.0000,0.0000,0.0100,0.0000,200,8.9242
0.0103,0.0000,0.0000,0.0000,0.0102,0.0000,200,8.9240
0.0082,0.0000,0.0000,0.0000,0.0081,0.0001,200,8.9341
0.0091,0.0000,0.0000,0.0000,0.0089,0.0001,200,8.9335
0.0087,0.0000,0.0000,0.0000,0.0080,0.0007,200,8.9342
0.0120,0.0000,0.0000,0.0000,0.0118,0.0001,200,8.9343
0.0083,0.0000,0.0000,0.0000,0.0079,0.0004,200,8.9423
0.0084,0.0000,0.0000,0.0008,0.0075,0.0000,200,8.9427
0.0087,0.0000,0.0000,0.0000,0.0086,0.0000,200,8.9429
0.0080,0.0000,0.0000,0.0000,0.0074,0.0005,200,8.9462
0.0085,0.0000,0.0000,0.0000,0.0084,0.0001,200,8.9506
0.0082,0.0000,0.0000,0.0000,0.0081,0.0000,200,8.9510
0.0094,0.0000,0.0000,0.0000,0.0093,0.0001,200,8.9516
0.0081,0.0000,0.0000,0.0000,0.0080,0.0001,200,8.9542
0.0089,0.0000,0.0000,0.0000,0.0083,0.0006,200,8.9591
0.0092,0.0000,0.0000,0.0000,0.0084,0.0007,200,8.9593
0.0075,0.0000,0.0000,0.0000,0.0073,0.0002,200,8.9610
0.0087,0.0000,0.0000,0.0000,0.0078,0.0009,200,8.9623
0.0080,0.0000,0.0000,0.0000,0.0079,0.0001,200,8.9681
0.0078,0.0000,0.0000,0.0000,0.0074,0.0003,200,8.9685
0.0080,0.0000,0.0000,0.0000,0.0080,0.0000,200,8.9685
0.0077,0.0000,0.0000,0.0000,0.0076,0.0001,200,8.9711
0.0075,0.0000,0.0000,0.0000,0.0074,0.0001,200,8.9765
0.0080,0.0000,0.0000,0.0000,0.0080,0.0000,200,8.9761
0.0079,0.0000,0.0000,0.0000,0.0078,0.0000,200,8.9762
0.0074,0.0000,0.0000,0.0000,0.0073,0.0001,200,8.9788
0.0079,0.0000,0.0000,0.0000,0.0076,0.0002,200,8.9841
0.0090,0.0000,0.0000,0.0000,0.0082,0.0007,200,8.9841
0.0090,0.0000,0.0000,0.0000,0.0081,0.0009,200,8.9841
0.0074,0.0000,0.0000,0.0000,0.0073,0.0000,200,8.9862
0.0083,0.0000,0.0000,0.0000,0.0082,0.0001,200,8.9920
0.0072,0.0000,0.0000,0.0000,0.0071,0.0000,200,8.9931
0.0073,0.0000,0.0000,0.0000,0.0071,0.0002,200,8.9936
0.0082,0.0000,0.0000,0.0000,0.0074,0.0007,200,8.9931
0.0080,0.0000,0.0000,0.0000,0.0079,0.0001,200,9.0003
0.0081,0.0000,0.0000,0.0000,0.0080,0.0000,200,9.0003
0.0075,0.0000,0.0000,0.0000,0.0074,0.0000,200,9.0013
0.0079,0.0000,0.0000,0.0000,0.0078,0.0000,200,9.0009
0.0080,0.0000,0.0000,0.0000,0.0075,0.0004,200,9.0084
0.0077,0.0000,0.0000,0.0000,0.0076,0.0001,200,9.0087
0.0084,0.0000,0.0000,0.0000,0.0075,0.0009,200,9.0083
0.0102,0.0000,0.0000,0.0000,0.0099,0.0003,200,9.0087
0.0081,0.0000,0.0000,0.0002,0.0078,0.0001,200,9.0164
0.0085,0.0000,0.0000,0.0000,0.0080,0.0001,200,9.0164
0.0075,0.0000,0.0000,0.0000,0.0073,0.0001,200,9.0189
0.0107,0.0000,0.0000,0.0000,0.0106,0.0001,200,9.0168
0.0074,0.0000,0.0000,0.0000,0.0073,0.0001,200,9.0249
0.0085,0.0000,0.0000,0.0000,0.0084,0.0001,200,9.0245
0.0078,0.0000,0.0000,0.0000,0.0074,0.0003,200,9.0264
0.0070,0.0000,0.0000,0.0000,0.0069,0.0000,200,9.0275
0.0083,0.0000,0.0000,0.0000,0.0082,0.0001,200,9.0342
0.0103,0.0000,0.0000,0.0000,0.0102,0.0001,200,9.0322
0.0080,0.0000,0.0000,0.0000,0.0079,0.0000,200,9.0345
0.0109,0.0000,0.0000,0.0000,0.0108,0.0001,200,9.0330
0.0085,0.0000,0.0000,0.0000,0.0082,0.0002,200,9.0425
0.0086,0.0000,0.0000,0.0000,0.0084,0.0002,200,9.0426
0.0087,0.0000,0.0000,0.0000,0.0086,0.0000,200,9.0425
0.0075,0.0000,0.0000,0.0000,0.0074,0.0000,200,9.0439
0.0083,0.0000,0.0000,0.0000,0.0082,0.0001,200,9.0511
0.0082,0.0000,0.0000,0.0000,0.0081,0.0001,200,9.0512
0.0110,0.0000,0.0000,0.0000,0.0108,0.0001,200,9.0514
0.0120,0.0000,0.0000,0.0000,0.0119,0.0000,200,9.0511
0.0075,0.0000,0.0000,0.0000,0.0074,0.0001,200,9.0594
0.0092,0.0000,0.0000,0.0000,0.0086,0.0005,200,9.0594
0.0084,0.0000,0.0000,0.0000,0.0082,0.0001,200,9.0623
0.0078,0.0000,0.0000,0.0000,0.0077,0.0000,200,9.0630
0.0083,0.0000,0.0000,0.0000,0.0082,0.0000,200,9.0686
0.0100,0.0000,0.0000,0.0000,0.0097,0.0002,200,9.0670
0.0082,0.0000,0.0000,0.0000,0.0081,0.0001,200,9.0708
0.0087,0.0000,0.0000,0.0000,0.0086,0.0000,200,9.0707
0.0083,0.0000,0.0000,0.0000,0.0082,0.0001,200,9.0769
0.0085,0.0000,0.0000,0.0000,0.0084,0.0001,200,9.0770
0.0079,0.0000,0.0000,0.0000,0.0075,0.0003,200,9.0790
0.0084,0.0000,0.0000,0.0000,0.0082,0.0001,200,9.0794
0.0089,0.0000,0.0000,0.0000,0.0089,0.0001,200,9.0851
0.0074,0.0000,0.0000,0.0000,0.0073,0.0000,200,9.0869
0.0090,0.0000,0.0000,0.0000,0.0080,0.0009,200,9.0854
0.0078,0.0000,0.0000,0.0001,0.0076,0.0001,200,9.0878
0.0077,0.0000,0.0000,0.0000,0.0075,0.0002,200,9.0943
0.0078,0.0000,0.0000,0.0000,0.0077,0.0000,200,9.0944
0.0084,0.0000,0.0000,0.0000,0.0084,0.0000,200,9.0941
0.0079,0.0000,0.0000,0.0000,0.0076,0.0003,200,9.0956
0.0085,0.0000,0.0000,0.0000,0.0084,0.0000,200,9.1025
0.0088,0.0000,0.0000,0.0000,0.0075,0.0013,200,9.1022
0.0090,0.0000,0.0000,0.0000,0.0077,0.0013,200,9.1020
0.0075,0.0000,0.0000,0.0000,0.0075,0.0000,200,9.1035
0.0078,0.0000,0.0000,0.0000,0.0076,0.0001,200,9.1110
0.0079,0.0000,0.0000,0.0000,0.0076,0.0002,200,9.1110
0.0079,0.0000,0.0000,0.0000,0.0077,0.0002,200,9.1110
0.0091,0.0000,0.0000,0.0000,0.0084,0.0006,200,9.1110
0.0082,0.0000,0.0000,0.0000,0.0079,0.0003,200,9.1189
0.0083,0.0000,0.0000,0.0000,0.0083,0.0000,200,9.1189
0.0084,0.0000,0.0000,0.0000,0.0079,0.0004,200,9.1189
0.0072,0.0000,0.0000,0.0000,0.0071,0.0000,200,9.1201
0.0077,0.0000,0.0000,0.0000,0.0075,0.0002,200,9.1273
0.0080,0.0000,0.0000,0.0000,0.0078,0.0000,200,9.1273
0.0089,0.0000,0.0000,0.0000,0.0088,0.0000,200,9.1271
0.0091,0.0000,0.0000,0.0000,0.0090,0.0000,200,9.1273
0.0082,0.0000,0.0000,0.0000,0.0081,0.0001,200,9.1352
0.0084,0.0000,0.0000,0.0000,0.0080,0.0004,200,9.1360
0.0114,0.0000,0.0000,0.0000,0.0112,0.0001,200,9.1350
0.0105,0.0000,0.0000,0.0000,0.0077,0.0028,200,9.1364
0.0081,0.0000,0.0000,0.0000,0.0079,0.0002,200,9.1434
0.0076,0.0000,0.0000,0.0000,0.0075,0.0001,200,9.1444
0.0081,0.0000,0.0000,0.0000,0.0080,0.0001,200,9.1469
0.0094,0.0000,0.0000,0.0000,0.0093,0.0001,200,9.1464
0.0083,0.0000,0.0000,0.0000,0.0077,0.0006,200,9.1520
0.0092,0.0000,0.0000,0.0000,0.0082,0.0010,200,9.1515
0.0089,0.0000,0.0000,0.0000,0.0087,0.0001,200,9.1550
0.0087,0.0000,0.0000,0.0000,0.0086,0.0000,200,9.1558
0.0081,0.0000,0.0000,0.0001,0.0080,0.0001,200,9.1604
0.0083,0.0000,0.0000,0.0000,0.0081,0.0001,200,9.1608
0.0081,0.0000,0.0000,0.0000,0.0080,0.0001,200,9.1638
0.0081,0.0000,0.0000,0.0000,0.0074,0.0006,200,9.1645
0.0085,0.0000,0.0000,0.0001,0.0083,0.0001,200,9.1685
0.0082,0.0000,0.0000,0.0000,0.0081,0.0000,200,9.1690
0.0079,0.0000,0.0000,0.0000,0.0077,0.0001,200,9.1720
0.0077,0.0000,0.0000,0.0000,0.0076,0.0000,200,9.1726
0.0081,0.0000,0.0000,0.0000,0.0079,0.0001,200,9.1770
0.0079,0.0000,0.0000,0.0000,0.0078,0.0000,200,9.1772
0.0079,0.0000,0.0000,0.0000,0.0077,0.0002,200,9.1798
0.0106,0.0000,0.0000,0.0000,0.0105,0.0001,200,9.1803
0.0112,0.0000,0.0000,0.0000,0.0084,0.0027,200,9.1851
0.0114,0.0000,0.0000,0.0000,0.0105,0.0009,200,9.1851
0.0090,0.0000,0.0000,0.0000,0.0076,0.0013,200,9.1878
0.0077,0.0000,0.0000,0.0000,0.0076,0.0001,200,9.1909
0.0076,0.0000,0.0000,0.0000,0.0073,0.0003,200,9.1965
0.0083,0.0000,0.0000,0.0000,0.0082,0.0000,200,9.1963
0.0079,0.0000,0.0000,0.0000,0.0079,0.0000,200,9.1968
0.0100,0.0000,0.0000,0.0000,0.0099,0.0001,200,9.1986
0.0078,0.0000,0.0000,0.0000,0.0077,0.0001,200,9.2047
0.0086,0.0000,0.0000,0.0000,0.0082,0.0004,200,9.2041
0.0084,0.0000,0.0000,0.0000,0.0074,0.0010,200,9.2046
0.0080,0.0000,0.0000,0.0000,0.0078,0.0001,200,9.2087
0.0082,0.0000,0.0000,0.0000,0.0077,0.0004,200,9.2125
0.0084,0.0000,0.0000,0.0000,0.0083,0.0000,200,9.2130
0.0094,0.0000,0.0000,0.0000,0.0093,0.0001,200,9.2127
0.0079,0.0000,0.0000,0.0001,0.0075,0.0003,200,9.2166
0.0080,0.0000,0.0000,0.0000,0.0079,0.0001,200,9.2214
0.0087,0.0000,0.0000,0.0000,0.0085,0.0001,200,9.2207
0.0075,0.0000,0.0000,0.0000,0.0071,0.0003,200,9.2221
0.0076,0.0000,0.0000,0.0000,0.0075,0.0001,200,9.2245
0.0079,0.0000,0.0000,0.0000,0.0077,0.0001,200,9.2296
0.0082,0.0000,0.0000,0.0000,0.0081,0.0000,200,9.2293
0.0098,0.0000,0.0000,0.0000,0.0090,0.0007,200,9.2293
0.0084,0.0000,0.0000,0.0000,0.0080,0.0003,200,9.2321
0.0092,0.0000,0.0000,0.0000,0.0091,0.0001,200,9.2375
0.0093,0.0000,0.0000,0.0000,0.0078,0.0015,200,9.2375
0.0080,0.0000,0.0000,0.0000,0.0079,0.0000,200,9.2391
0.0074,0.0000,0.0000,0.0000,0.0073,0.0001,200,9.2405
0.0078,0.0000,0.0000,0.0000,0.0077,0.0001,200,9.2479
0.0087,0.0000,0.0000,0.0000,0.0085,0.0001,200,9.2471
0.0112,0.0000,0.0000,0.0000,0.0111,0.0001,200,9.2467
0.0119,0.0000,0.0000,0.0000,0.0114,0.0005,200,9.2468
0.0105,0.0000,0.0000,0.0000,0.0104,0.0001,200,9.2557
0.0110,0.0000,0.0000,0.0000,0.0109,0.0001,200,9.2557
0.0089,0.0000,0.0000,0.0000,0.0088,0.0001,200,9.2588
0.0101,0.0000,0.0000,0.0000,0.0100,0.0000,200,9.2579
0.0090,0.0000,0.0000,0.0000,0.0088,0.0001,200,9.2662
0.0087,0.0000,0.0000,0.0000,0.0087,0.0001,200,9.2668
0.0084,0.0000,0.0000,0.0000,0.0076,0.0008,200,9.2677
0.0085,0.0000,0.0000,0.0000,0.0077,0.0008,200,9.2680
0.0087,0.0000,0.0000,0.0000,0.0083,0.0003,200,9.2752
0.0079,0.0000,0.0000,0.0000,0.0073,0.0005,200,9.2762
0.0076,0.0000,0.0000,0.0000,0.0075,0.0000,200,9.2766
0.0086,0.0000,0.0000,0.0000,0.0078,0.0008,200,9.2755
0.0082,0.0000,0.0000,0.0000,0.0078,0.0004,200,9.2841
0.0086,0.0000,0.0000,0.0000,0.0085,0.0000,200,9.2840
0.0090,0.0000,0.0000,0.0000,0.0079,0.0011,200,9.2839
0.0088,0.0000,0.0000,0.0000,0.0086,0.0001,200,9.2842
0.0073,0.0000,0.0000,0.0000,0.0071,0.0001,200,9.2929
0.0079,0.0000,0.0000,0.0000,0.0077,0.0000,200,9.2924
0.0079,0.0000,0.0000,0.0000,0.0074,0.0005,200,9.2926
0.0079,0.0000,0.0000,0.0000,0.0078,0.0000,200,9.2929
0.0079,0.0000,0.0000,0.0000,0.0079,0.0001,200,9.3002
0.0080,0.0000,0.0000,0.0000,0.0075,0.0004,200,9.3002
0.0080,0.0000,0.0000,0.0000,0.0077,0.0002,200,9.3006
0.0080,0.0000,0.0000,0.0000,0.0080,0.0000,200,9.3007
0.0082,0.0000,0.0000,0.0000,0.0077,0.0004,200,9.3082
0.0080,0.0000,0.0000,0.0000,0.0073,0.0006,200,9.3086
0.0084,0.0000,0.0000,0.0000,0.0078,0.0006,200,9.3083
0.0081,0.0000,0.0000,0.0000,0.0081,0.0000,200,9.3088
0.0075,0.0000,0.0000,0.0000,0.0074,0.0001,200,9.3169
0.0081,0.0000,0.0000,0.0000,0.0079,0.0001,200,9.3165
0.0081,0.0000,0.0000,0.0000,0.0080,0.0000,200,9.3167
0.0085,0.0000,0.0000,0.0000,0.0084,0.0000,200,9.3164
0.0077,0.0000,0.0000,0.0000,0.0076,0.0001,200,9.3246
0.0076,0.0000,0.0000,0.0000,0.0074,0.0001,200,9.3249
0.0082,0.0000,0.0000,0.0000,0.0081,0.0000,200,9.3244
0.0079,0.0000,0.0000,0.0000,0.0078,0.0000,200,9.3247
0.0075,0.0000,0.0000,0.0000,0.0073,0.0001,200,9.3326
0.0079,0.0000,0.0000,0.0000,0.0079,0.0000,200,9.3325
0.0079,0.0000,0.0000,0.0000,0.0076,0.0003,200,9.3326
0.0082,0.0000,0.0000,0.0000,0.0081,0.0000,200,9.3323
0.0078,0.0000,0.0000,0.0000,0.0077,0.0001,200,9.3401
0.0077,0.0000,0.0000,0.0000,0.0075,0.0001,200,9.3404
0.0076,0.0000,0.0000,0.0000,0.0075,0.0000,200,9.3405
0.0112,0.0000,0.0000,0.0000,0.0111,0.0001,200,9.3405
0.0075,0.0000,0.0000,0.0000,0.0073,0.0001,200,9.3481
0.0078,0.0000,0.0000,0.0000,0.0077,0.0000,200,9.3479
0.0082,0.0000,0.0000,0.0000,0.0081,0.0000,200,9.3481
0.0078,0.0000,0.0000,0.0000,0.0077,0.0001,200,9.3517
0.0072,0.0000,0.0000,0.0000,0.0071,0.0001,200,9.3563
0.0085,0.0000,0.0000,0.0000,0.0078,0.0007,200,9.3556
0.0088,0.0000,0.0000,0.0000,0.0080,0.0008,200,9.3557
0.0080,0.0000,0.0000,0.0000,0.0079,0.0001,200,9.3595
0.0074,0.0000,0.0000,0.0000,0.0070,0.0003,200,9.3646
0.0080,0.0000,0.0000,0.0000,0.0080,0.0000,200,9.3641
0.0086,0.0000,0.0000,0.0000,0.0079,0.0007,200,9.3635
0.0081,0.0000,0.0000,0.0000,0.0079,0.0001,200,9.3676
0.0078,0.0000,0.0000,0.0000,0.0076,0.0001,200,9.3721
0.0079,0.0000,0.0000,0.0000,0.0078,0.0000,200,9.3721
0.0092,0.0000,0.0000,0.0000,0.0091,0.0001,200,9.3720
0.0084,0.0000,0.0000,0.0000,0.0075,0.0008,200,9.3757
0.0087,0.0000,0.0000,0.0000,0.0086,0.0001,200,9.3800
0.0075,0.0000,0.0000,0.0000,0.0075,0.0000,200,9.3812
0.0089,0.0000,0.0000,0.0000,0.0088,0.0001,200,9.3799
0.0078,0.0000,0.0000,0.0000,0.0076,0.0001,200,9.3841
0.0077,0.0000,0.0000,0.0000,0.0076,0.0001,200,9.3887
0.0077,0.0000,0.0000,0.0000,0.0076,0.0001,200,9.3887
0.0080,0.0000,0.0000,0.0000,0.0074,0.0005,200,9.3888
0.0076,0.0000,0.0000,0.0000,0.0074,0.0001,200,9.3918
0.0077,0.0000,0.0000,0.0000,0.0076,0.0001,200,9.3968
0.0081,0.0000,0.0000,0.0000,0.0080,0.0001,200,9.3964
0.0081,0.0000,0.0000,0.0000,0.0080,0.0001,200,9.3965
0.0075,0.0000,0.0000,0.0000,0.0073,0.0001,200,9.3994
0.0083,0.0000,0.0000,0.0000,0.0082,0.0001,200,9.4046
0.0083,0.0000,0.0000,0.0000,0.0082,0.0001,200,9.4045
0.0093,0.0000,0.0000,0.0000,0.0092,0.0001,200,9.4045
0.0077,0.0000,0.0000,0.0000,0.0076,0.0001,200,9.4069
0.0082,0.0000,0.0000,0.0000,0.0081,0.0000,200,9.4128
0.0083,0.0000,0.0000,0.0000,0.0075,0.0008,200,9.4129
0.0077,0.0000,0.0000,0.0000,0.0076,0.0001,200,9.4146
0.0101,0.0000,0.0000,0.0000,0.0077,0.0005,200,9.4138
0.0081,0.0000,0.0000,0.0000,0.0080,0.0001,200,9.4212
0.0082,0.0000,0.0000,0.0000,0.0080,0.0000,200,9.4210
0.0077,0.0000,0.0000,0.0000,0.0076,0.0001,200,9.4239
0.0092,0.0000,0.0000,0.0000,0.0091,0.0001,200,9.4223
0.0084,0.0000,0.0000,0.0000,0.0079,0.0004,200,9.4293
0.0085,0.0000,0.0000,0.0000,0.0084,0.0000,200,9.4292
0.0075,0.0000,0.0000,0.0000,0.0074,0.0001,200,9.4316
0.0087,0.0000,0.0000,0.0000,0.0086,0.0001,200,9.4316
0.0083,0.0000,0.0000,0.0000,0.0082,0.0001,200,9.4376
0.0095,0.0000,0.0000,0.0000,0.0092,0.0002,200,9.4377
0.0086,0.0000,0.0000,0.0000,0.0085,0.0000,200,9.4391
0.0083,0.0000,0.0000,0.0000,0.0075,0.0008,200,9.4403
0.0075,0.0000,0.0000,0.0000,0.0074,0.0001,200,9.4477
0.0093,0.0000,0.0000,0.0000,0.0092,0.0000,200,9.4459
0.0091,0.0000,0.0000,0.0000,0.0085,0.0006,200,9.4472
0.0081,0.0000,0.0000,0.0000,0.0074,0.0006,200,9.4486
0.0083,0.0000,0.0000,0.0000,0.0082,0.0001,200,9.4552
0.0084,0.0000,0.0000,0.0000,0.0084,0.0000,200,9.4552
0.0074,0.0000,0.0000,0.0000,0.0073,0.0000,200,9.4563
0.0073,0.0000,0.0000,0.0000,0.0073,0.0000,200,9.4567
0.0077,0.0000,0.0000,0.0000,0.0074,0.0002,200,9.4637
0.0078,0.0000,0.0000,0.0000,0.0077,0.0000,200,9.4635
0.0075,0.0000,0.0000,0.0000,0.0072,0.0002,200,9.4641
0.0079,0.0000,0.0000,0.0000,0.0078,0.0001,200,9.4637
0.0077,0.0000,0.0000,0.0000,0.0076,0.0000,200,9.4716
0.0078,0.0000,0.0000,0.0000,0.0074,0.0003,200,9.4715
0.0079,0.0000,0.0000,0.0000,0.0078,0.0001,200,9.4714
0.0083,0.0000,0.0000,0.0000,0.0080,0.0003,200,9.4714
0.0072,0.0000,0.0000,0.0000,0.0071,0.0001,200,9.4797
0.0082,0.0000,0.0000,0.0000,0.0081,0.0000,200,9.4793
0.0082,0.0000,0.0000,0.0000,0.0077,0.0005,200,9.4793
0.0084,0.0000,0.0000,0.0000,0.0081,0.0002,200,9.4793
0.0080,0.0000,0.0000,0.0000,0.0078,0.0001,200,9.4869
0.0076,0.0000,0.0000,0.0000,0.0075,0.0000,200,9.4875
0.0078,0.0000,0.0000,0.0000,0.0077,0.0000,200,9.4875
0.0078,0.0000,0.0000,0.0000,0.0077,0.0000,200,9.4877
0.0074,0.0000,0.0000,0.0000,0.0073,0.0001,200,9.4953
0.0078,0.0000,0.0000,0.0000,0.0075,0.0002,200,9.4949
0.0077,0.0000,0.0000,0.0000,0.0076,0.0001,200,9.4951
0.0073,0.0000,0.0000,0.0000,0.0072,0.0001,200,9.4955
0.0082,0.0000,0.0000,0.0000,0.0077,0.0004,200,9.5027
0.0080,0.0000,0.0000,0.0000,0.0073,0.0007,200,9.5029
0.0084,0.0000,0.0000,0.0000,0.0079,0.0005,200,9.5028
0.0087,0.0000,0.0000,0.0000,0.0075,0.0011,200,9.5026
0.0078,0.0000,0.0000,0.0000,0.0077,0.0001,200,9.5109
0.0079,0.0000,0.0000,0.0000,0.0078,0.0000,200,9.5112
0.0084,0.0000,0.0000,0.0000,0.0083,0.0000,200,9.5108
0.0081,0.0000,0.0000,0.0000,0.0077,0.0004,200,9.5113
0.0080,0.0000,0.0000,0.0000,0.0079,0.0001,200,9.5187
0.0081,0.0000,0.0000,0.0000,0.0080,0.0000,200,9.5193
0.0085,0.0000,0.0000,0.0000,0.0079,0.0006,200,9.5191
0.0083,0.0000,0.0000,0.0000,0.0082,0.0000,200,9.5194
0.0081,0.0000,0.0000,0.0000,0.0079,0.0001,200,9.5268
0.0076,0.0000,0.0000,0.0000,0.0074,0.0001,200,9.5274
0.0072,0.0000,0.0000,0.0000,0.0071,0.0001,200,9.5277
0.0085,0.0000,0.0000,0.0000,0.0084,0.0001,200,9.5276
0.0077,0.0000,0.0000,0.0000,0.0076,0.0001,200,9.5350
0.0079,0.0000,0.0000,0.0000,0.0078,0.0000,200,9.5348
0.0078,0.0000,0.0000,0.0000,0.0077,0.0000,200,9.5350
0.0104,0.0000,0.0000,0.0000,0.0103,0.0001,200,9.5361
0.0078,0.0000,0.0000,0.0000,0.0077,0.0001,200,9.5428
0.0086,0.0000,0.0000,0.0000,0.0083,0.0002,200,9.5466
0.0128,0.0000,0.0000,0.0000,0.0123,0.0004,200,9.5427
0.0128,0.0000,0.0000,0.0000,0.0123,0.0005,200,9.5427
0.0080,0.0000,0.0000,0.0000,0.0078,0.0001,200,9.5506
0.0078,0.0000,0.0000,0.0000,0.0077,0.0000,200,9.5551
0.0077,0.0000,0.0000,0.0000,0.0073,0.0004,200,9.5555
0.0079,0.0000,0.0000,0.0000,0.0076,0.0003,200,9.5555
0.0077,0.0000,0.0000,0.0000,0.0074,0.0003,200,9.5586
0.0080,0.0000,0.0000,0.0000,0.0078,0.0001,200,9.5633
0.0084,0.0000,0.0000,0.0000,0.0079,0.0004,200,9.5629
0.0082,0.0000,0.0000,0.0000,0.0075,0.0007,200,9.5633
0.0083,0.0000,0.0000,0.0000,0.0082,0.0001,200,9.5663
0.0076,0.0000,0.0000,0.0000,0.0075,0.0001,200,9.5713
0.0079,0.0000,0.0000,0.0000,0.0075,0.0003,200,9.5712
0.0077,0.0000,0.0000,0.0000,0.0073,0.0003,200,9.5715
0.0081,0.0000,0.0000,0.0000,0.0080,0.0001,200,9.5746
0.0074,0.0000,0.0000,0.0000,0.0073,0.0001,200,9.5792
0.0075,0.0000,0.0000,0.0000,0.0074,0.0001,200,9.5791
0.0077,0.0000,0.0000,0.0000,0.0076,0.0000,200,9.5790
0.0077,0.0000,0.0000,0.0000,0.0075,0.0001,200,9.5828
0.0076,0.0000,0.0000,0.0000,0.0074,0.0002,200,9.5866
0.0077,0.0000,0.0000,0.0000,0.0076,0.0000,200,9.5866
0.0078,0.0000,0.0000,0.0000,0.0077,0.0000,200,9.5866
0.0083,0.0000,0.0000,0.0000,0.0080,0.0002,200,9.5905
0.0080,0.0000,0.0000,0.0000,0.0079,0.0001,200,9.5943
0.0080,0.0000,0.0000,0.0000,0.0079,0.0000,200,9.5944
0.0076,0.0000,0.0000,0.0001,0.0074,0.0001,200,9.5987
0.0123,0.0000,0.0000,0.0000,0.0123,0.0000,200,9.5942
0.0088,0.0000,0.0000,0.0000,0.0087,0.0001,200,9.6023
0.0090,0.0000,0.0000,0.0000,0.0086,0.0004,200,9.6023
0.0076,0.0000,0.0000,0.0000,0.0075,0.0001,200,9.6063
0.0075,0.0000,0.0000,0.0000,0.0075,0.0001,200,9.6065
0.0081,0.0000,0.0000,0.0000,0.0080,0.0001,200,9.6112
0.0088,0.0000,0.0000,0.0000,0.0087,0.0000,200,9.6113
0.0079,0.0000,0.0000,0.0000,0.0071,0.0007,200,9.6140
0.0091,0.0000,0.0000,0.0000,0.0089,0.0002,200,9.6141
0.0085,0.0000,0.0000,0.0000,0.0083,0.0001,200,9.6193
0.0087,0.0000,0.0000,0.0000,0.0086,0.0001,200,9.6201
0.0074,0.0000,0.0000,0.0000,0.0073,0.0000,200,9.6219
0.0089,0.0000,0.0000,0.0000,0.0088,0.0001,200,9.6232
0.0074,0.0000,0.0000,0.0000,0.0072,0.0001,200,9.6287
0.0085,0.0000,0.0000,0.0000,0.0082,0.0002,200,9.6278
0.0075,0.0000,0.0000,0.0000,0.0074,0.0000,200,9.6292
0.0080,0.0000,0.0000,0.0000,0.0078,0.0001,200,9.6321
0.0079,0.0000,0.0000,0.0000,0.0077,0.0001,200,9.6363
0.0075,0.0000,0.0000,0.0000,0.0075,0.0000,200,9.6367
0.0083,0.0000,0.0000,0.0000,0.0082,0.0000,200,9.6361
0.0078,0.0000,0.0000,0.0000,0.0077,0.0001,200,9.6400
0.0079,0.0000,0.0000,0.0000,0.0077,0.0002,200,9.6444
0.0083,0.0000,0.0000,0.0000,0.0078,0.0004,200,9.6441
0.0082,0.0000,0.0000,0.0000,0.0077,0.0005,200,9.6443
0.0078,0.0000,0.0000,0.0000,0.0076,0.0001,200,9.6478
0.0077,0.0000,0.0000,0.0000,0.0076,0.0001,200,9.6523
0.0077,0.0000,0.0000,0.0000,0.0076,0.0001,200,9.6525
0.0082,0.0000,0.0000,0.0000,0.0081,0.0000,200,9.6524
0.0115,0.0000,0.0000,0.0000,0.0114,0.0001,200,9.6556
0.0078,0.0000,0.0000,0.0000,0.0076,0.0001,200,9.6602
0.0085,0.0000,0.0000,0.0000,0.0080,0.0005,200,9.6600
0.0080,0.0000,0.0000,0.0000,0.0072,0.0008,200,9.6606
0.0086,0.0000,0.0000,0.0000,0.0084,0.0001,200,9.6671
0.0079,0.0000,0.0000,0.0000,0.0079,0.0000,200,9.6679
0.0075,0.0000,0.0000,0.0000,0.0074,0.0000,200,9.6685
0.0077,0.0000,0.0000,0.0000,0.0072,0.0005,200,9.6686
0.0078,0.0000,0.0000,0.0000,0.0076,0.0002,200,9.6759
0.0080,0.0000,0.0000,0.0000,0.0079,0.0001,200,9.6760
0.0085,0.0000,0.0000,0.0000,0.0081,0.0003,200,9.6757
0.0080,0.0000,0.0000,0.0000,0.0072,0.0007,200,9.6763
0.0078,0.0000,0.0000,0.0000,0.0077,0.0000,200,9.6843
0.0084,0.0000,0.0000,0.0000,0.0078,0.0003,200,9.6837
0.0081,0.0000,0.0000,0.0000,0.0075,0.0006,200,9.6840
0.0080,0.0000,0.0000,0.0000,0.0079,0.0000,200,9.6842
0.0080,0.0000,0.0000,0.0000,0.0076,0.0004,200,9.6921
0.0079,0.0000,0.0000,0.0000,0.0078,0.0000,200,9.6922
0.0081,0.0000,0.0000,0.0000,0.0079,0.0001,200,9.6921
0.0081,0.0000,0.0000,0.0000,0.0079,0.0001,200,9.6921
0.0076,0.0000,0.0000,0.0000,0.0075,0.0001,200,9.7001
0.0082,0.0000,0.0000,0.0000,0.0081,0.0000,200,9.7002
0.0084,0.0000,0.0000,0.0000,0.0083,0.0000,200,9.7001
0.0084,0.0000,0.0000,0.0000,0.0084,0.0000,200,9.7001
0.0080,0.0000,0.0000,0.0000,0.0075,0.0004,200,9.7077
0.0074,0.0000,0.0000,0.0000,0.0074,0.0000,200,9.7085
0.0075,0.0000,0.0000,0.0000,0.0072,0.0002,200,9.7085
0.0078,0.0000,0.0000,0.0000,0.0077,0.0000,200,9.7084
0.0078,0.0000,0.0000,0.0000,0.0077,0.0001,200,9.7160
0.0077,0.0000,0.0000,0.0000,0.0076,0.0000,200,9.7162
0.0083,0.0000,0.0000,0.0000,0.0082,0.0000,200,9.7157
0.0083,0.0000,0.0000,0.0000,0.0082,0.0000,200,9.7160
0.0079,0.0000,0.0000,0.0000,0.0078,0.0001,200,9.7238
0.0083,0.0000,0.0000,0.0000,0.0083,0.0000,200,9.7239
0.0088,0.0000,0.0000,0.0000,0.0084,0.0005,200,9.7240
0.0090,0.0000,0.0000,0.0000,0.0089,0.0001,200,9.7243
0.0084,0.0000,0.0000,0.0000,0.0081,0.0003,200,9.7328
0.0079,0.0000,0.0000,0.0000,0.0074,0.0004,200,9.7333
0.0090,0.0000,0.0000,0.0000,0.0087,0.0003,200,9.7322
0.0096,0.0000,0.0000,0.0000,0.0083,0.0002,200,9.7317
0.0078,0.0000,0.0000,0.0000,0.0077,0.0001,200,9.7412
0.0079,0.0000,0.0000,0.0000,0.0078,0.0000,200,9.7412
0.0080,0.0000,0.0000,0.0000,0.0080,0.0000,200,9.7412
0.0098,0.0000,0.0000,0.0000,0.0084,0.0013,200,9.7413
0.0076,0.0000,0.0000,0.0000,0.0075,0.0000,200,9.7491
0.0077,0.0000,0.0000,0.0000,0.0074,0.0003,200,9.7491
0.0078,0.0000,0.0000,0.0000,0.0073,0.0006,200,9.7492
0.0078,0.0000,0.0000,0.0000,0.0077,0.0001,200,9.7511
0.0076,0.0000,0.0000,0.0000,0.0073,0.0002,200,9.7568
0.0079,0.0000,0.0000,0.0000,0.0078,0.0000,200,9.7567
0.0078,0.0000,0.0000,0.0000,0.0075,0.0003,200,9.7571
0.0078,0.0000,0.0000,0.0000,0.0075,0.0003,200,9.7589
0.0075,0.0000,0.0000,0.0000,0.0072,0.0002,200,9.7649
0.0081,0.0000,0.0000,0.0001,0.0079,0.0000,200,9.7644
0.0079,0.0000,0.0000,0.0000,0.0074,0.0004,200,9.7646
0.0076,0.0000,0.0000,0.0000,0.0075,0.0001,200,9.7667
0.0079,0.0000,0.0000,0.0000,0.0078,0.0001,200,9.7723
0.0082,0.0000,0.0000,0.0000,0.0078,0.0004,200,9.7725
0.0082,0.0000,0.0000,0.0000,0.0081,0.0000,200,9.7725
0.0075,0.0000,0.0000,0.0000,0.0071,0.0004,200,9.7744
0.0079,0.0000,0.0000,0.0000,0.0078,0.0001,200,9.7803
0.0076,0.0000,0.0000,0.0000,0.0073,0.0002,200,9.7807
0.0078,0.0000,0.0000,0.0000,0.0074,0.0004,200,9.7807
0.0078,0.0000,0.0000,0.0000,0.0073,0.0004,200,9.7819
0.0078,0.0000,0.0000,0.0000,0.0078,0.0001,200,9.7885
0.0088,0.0000,0.0000,0.0000,0.0079,0.0009,200,9.7883
0.0091,0.0000,0.0000,0.0000,0.0083,0.0008,200,9.7882
0.0076,0.0000,0.0000,0.0000,0.0076,0.0000,200,9.7897
0.0083,0.0000,0.0000,0.0001,0.0082,0.0001,200,9.7964
0.0078,0.0000,0.0000,0.0000,0.0075,0.0003,200,9.7971
0.0083,0.0000,0.0000,0.0000,0.0082,0.0001,200,9.7973
0.0083,0.0000,0.0000,0.0000,0.0082,0.0000,200,9.7973
0.0083,0.0000,0.0000,0.0000,0.0081,0.0001,200,9.8047
0.0076,0.0000,0.0000,0.0000,0.0075,0.0000,200,9.8056
0.0084,0.0000,0.0000,0.0000,0.0081,0.0003,200,9.8050
0.0107,0.0000,0.0000,0.0000,0.0106,0.0001,200,9.8056
0.0078,0.0000,0.0000,0.0000,0.0077,0.0001,200,9.8130
0.0077,0.0000,0.0000,0.0000,0.0076,0.0001,200,9.8133
0.0079,0.0000,0.0000,0.0000,0.0078,0.0000,200,9.8132
0.0081,0.0000,0.0000,0.0000,0.0080,0.0001,200,9.8163
0.0076,0.0000,0.0000,0.0000,0.0070,0.0006,200,9.8211
0.0079,0.0000,0.0000,0.0000,0.0078,0.0000,200,9.8210
0.0082,0.0000,0.0000,0.0000,0.0075,0.0007,200,9.8208
0.0104,0.0000,0.0000,0.0000,0.0103,0.0001,200,9.8244
0.0075,0.0000,0.0000,0.0000,0.0073,0.0001,200,9.8287
0.0074,0.0000,0.0000,0.0000,0.0073,0.0000,200,9.8289
0.0077,0.0000,0.0000,0.0000,0.0076,0.0000,200,9.8291
0.0090,0.0000,0.0000,0.0000,0.0089,0.0001,200,9.8348
0.0076,0.0000,0.0000,0.0000,0.0076,0.0000,200,9.8362
0.0076,0.0000,0.0000,0.0000,0.0075,0.0000,200,9.8363
0.0084,0.0000,0.0000,0.0000,0.0083,0.0001,200,9.8368
0.0075,0.0000,0.0000,0.0000,0.0074,0.0001,200,9.8438
0.0076,0.0000,0.0000,0.0000,0.0075,0.0001,200,9.8438
0.0077,0.0000,0.0000,0.0000,0.0076,0.0000,200,9.8438
0.0104,0.0000,0.0000,0.0000,0.0072,0.0031,200,9.8452
0.0078,0.0000,0.0000,0.0000,0.0075,0.0002,200,9.8515
0.0080,0.0000,0.0000,0.0001,0.0079,0.0000,200,9.8514
0.0080,0.0000,0.0000,0.0000,0.0080,0.0000,200,9.8514
0.0083,0.0000,0.0000,0.0000,0.0081,0.0001,200,9.8556
0.0078,0.0000,0.0000,0.0000,0.0074,0.0003,200,9.8593
0.0078,0.0000,0.0000,0.0000,0.0077,0.0001,200,9.8595
0.0083,0.0000,0.0000,0.0000,0.0077,0.0005,200,9.8594
0.0082,0.0000,0.0000,0.0000,0.0081,0.0001,200,9.8639
0.0077,0.0000,0.0000,0.0000,0.0074,0.0003,200,9.8676
0.0082,0.0000,0.0000,0.0000,0.0079,0.0003,200,9.8672
0.0101,0.0000,0.0000,0.0000,0.0100,0.0001,200,9.8670
0.0105,0.0000,0.0000,0.0000,0.0095,0.0009,200,9.8721
0.0079,0.0000,0.0000,0.0000,0.0078,0.0001,200,9.8753
0.0081,0.0000,0.0000,0.0000,0.0078,0.0003,200,9.8755
0.0076,0.0000,0.0000,0.0000,0.0075,0.0001,200,9.8771
0.0082,0.0000,0.0000,0.0000,0.0081,0.0001,200,9.8825
0.0076,0.0000,0.0000,0.0000,0.0076,0.0000,200,9.8832
0.0074,0.0000,0.0000,0.0000,0.0073,0.0000,200,9.8836
0.0074,0.0000,0.0000,0.0000,0.0073,0.0001,200,9.8848
0.0081,0.0000,0.0000,0.0000,0.0076,0.0005,200,9.8908
0.0079,0.0000,0.0000,0.0000,0.0078,0.0000,200,9.8910
0.0081,0.0000,0.0000,0.0000,0.0080,0.0000,200,9.8909
0.0072,0.0000,0.0000,0.0000,0.0071,0.0000,200,9.8922
0.0078,0.0000,0.0000,0.0000,0.0075,0.0002,200,9.8989
0.0077,0.0000,0.0000,0.0000,0.0075,0.0001,200,9.8989
0.0080,0.0000,0.0000,0.0000,0.0079,0.0000,200,9.8989
0.0076,0.0000,0.0000,0.0000,0.0075,0.0000,200,9.8994
0.0079,0.0000,0.0000,0.0000,0.0078,0.0001,200,9.9067
0.0077,0.0000,0.0000,0.0000,0.0076,0.0000,200,9.9069
0.0079,0.0000,0.0000,0.0000,0.0078,0.0001,200,9.9066
0.0082,0.0000,0.0000,0.0000,0.0080,0.0001,200,9.9070
0.0088,0.0000,0.0000,0.0000,0.0086,0.0001,200,9.9146
0.0088,0.0000,0.0000,0.0000,0.0087,0.0001,200,9.9146
0.0082,0.0000,0.0000,0.0000,0.0082,0.0000,200,9.9151
0.0088,0.0000,0.0000,0.0000,0.0087,0.0000,200,9.9146
0.0080,0.0000,0.0000,0.0000,0.0080,0.0000,200,9.9233
0.0081,0.0000,0.0000,0.0000,0.0076,0.0005,200,9.9233
0.0085,0.0000,0.0000,0.0000,0.0075,0.0010,200,9.9233
0.0095,0.0000,0.0000,0.0000,0.0094,0.0001,200,9.9234
0.0078,0.0000,0.0000,0.0000,0.0073,0.0004,200,9.9319
0.0085,0.0000,0.0000,0.0001,0.0079,0.0005,200,9.9314
0.0085,0.0000,0.0000,0.0000,0.0074,0.0010,200,9.9314
0.0075,0.0000,0.0000,0.0000,0.0074,0.0000,200,9.9328
0.0076,0.0000,0.0000,0.0000,0.0075,0.0001,200,9.9399
0.0077,0.0000,0.0000,0.0000,0.0076,0.0001,200,9.9399
0.0080,0.0000,0.0000,0.0000,0.0079,0.0000,200,9.9397
0.0077,0.0000,0.0000,0.0000,0.0076,0.0000,200,9.9404
0.0081,0.0000,0.0000,0.0000,0.0080,0.0001,200,9.9475
0.0078,0.0000,0.0000,0.0000,0.0077,0.0000,200,9.9481
0.0088,0.0000,0.0000,0.0000,0.0087,0.0000,200,9.9475
0.0121,0.0000,0.0000,0.0000,0.0121,0.0001,200,9.9477
0.0083,0.0000,0.0000,0.0000,0.0082,0.0001,200,9.9557
0.0081,0.0000,0.0000,0.0000,0.0080,0.0001,200,9.9558
0.0077,0.0000,0.0000,0.0000,0.0076,0.0001,200,9.9563
0.0080,0.0000,0.0000,0.0000,0.0079,0.0001,200,9.9598
0.0081,0.0000,0.0000,0.0000,0.0078,0.0003,200,9.9640
0.0082,0.0000,0.0000,0.0000,0.0079,0.0003,200,9.9640
0.0083,0.0000,0.0000,0.0000,0.0076,0.0006,200,9.9640
0.0077,0.0000,0.0000,0.0000,0.0075,0.0001,200,9.9678
0.0079,0.0000,0.0000,0.0000,0.0078,0.0001,200,9.9722
0.0083,0.0000,0.0000,0.0000,0.0082,0.0000,200,9.9721
0.0083,0.0000,0.0000,0.0000,0.0079,0.0003,200,9.9723
0.0076,0.0000,0.0000,0.0000,0.0075,0.0001,200,9.9755
0.0078,0.0000,0.0000,0.0000,0.0077,0.0001,200,9.9804
0.0082,0.0000,0.0000,0.0000,0.0075,0.0007,200,9.9801
0.0078,0.0000,0.0000,0.0000,0.0078,0.0000,200,9.9806
0.0080,0.0000,0.0000,0.0000,0.0074,0.0006,200,9.9831
0.0083,0.0000,0.0000,0.0000,0.0081,0.0001,200,9.9884
0.0085,0.0000,0.0000,0.0000,0.0084,0.0001,200,9.9882
0.0083,0.0000,0.0000,0.0000,0.0082,0.0000,200,9.9884
0.0107,0.0000,0.0000,0.0000,0.0106,0.0001,200,9.9912
0.0075,0.0000,0.0000,0.0000,0.0074,0.0001,200,9.9967
0.0077,0.0000,0.0000,0.0000,0.0076,0.0000,200,9.9967
0.0078,0.0000,0.0000,0.0000,0.0075,0.0003,200,9.9967
0.0084,0.0000,0.0000,0.0000,0.0083,0.0001,200,10.0018
0.0079,0.0000,0.0000,0.0000,0.0078,0.0000,200,10.0044
0.0082,0.0000,0.0000,0.0000,0.0076,0.0006,200,10.0042
0.0083,0.0000,0.0000,0.0000,0.0076,0.0006,200,10.0045
0.0091,0.0000,0.0000,0.0000,0.0085,0.0006,200,10.0103
0.0083,0.0000,0.0000,0.0000,0.0077,0.0005,200,10.0123
0.0087,0.0000,0.0000,0.0000,0.0086,0.0000,200,10.0124
0.0083,0.0000,0.0000,0.0000,0.0082,0.0000,200,10.0128
0.0083,0.0000,0.0000,0.0000,0.0082,0.0001,200,10.0194
0.0076,0.0000,0.0000,0.0000,0.0072,0.0004,200,10.0205
0.0078,0.0000,0.0000,0.0000,0.0075,0.0002,200,10.0211
0.0078,0.0000,0.0000,0.0000,0.0076,0.0002,200,10.0210
0.0079,0.0000,0.0000,0.0000,0.0077,0.0001,200,10.0277
0.0076,0.0000,0.0000,0.0000,0.0074,0.0000,200,10.0282
0.0073,0.0000,0.0000,0.0000,0.0072,0.0000,200,10.0289
0.0074,0.0000,0.0000,0.0000,0.0073,0.0000,200,10.0288
0.0086,0.0000,0.0000,0.0000,0.0079,0.0006,200,10.0362
0.0092,0.0000,0.0000,0.0000,0.0089,0.0003,200,10.0356
0.0094,0.0000,0.0000,0.0000,0.0084,0.0010,200,10.0357
0.0112,0.0000,0.0000,0.0000,0.0105,0.0007,200,10.0362
0.0077,0.0000,0.0000,0.0000,0.0075,0.0001,200,10.0448
0.0076,0.0000,0.0000,0.0000,0.0076,0.0001,200,10.0452
0.0090,0.0000,0.0000,0.0000,0.0089,0.0001,200,10.0448
0.0075,0.0000,0.0000,0.0000,0.0074,0.0001,200,10.0474
0.0083,0.0000,0.0000,0.0000,0.0075,0.0008,200,10.0525
0.0074,0.0000,0.0000,0.0000,0.0072,0.0001,200,10.0538
0.0084,0.0000,0.0000,0.0000,0.0084,0.0000,200,10.0528
0.0076,0.0000,0.0000,0.0000,0.0071,0.0004,200,10.0549
0.0076,0.0000,0.0000,0.0000,0.0075,0.0000,200,10.0612
0.0085,0.0000,0.0000,0.0000,0.0077,0.0007,200,10.0608
0.0083,0.0000,0.0000,0.0000,0.0083,0.0000,200,10.0613
0.0086,0.0000,0.0000,0.0000,0.0085,0.0001,200,10.0625
0.0082,0.0000,0.0000,0.0000,0.0080,0.0001,200,10.0687
0.0077,0.0000,0.0000,0.0000,0.0077,0.0000,200,10.0693
0.0078,0.0000,0.0000,0.0000,0.0077,0.0000,200,10.0696
0.0077,0.0000,0.0000,0.0000,0.0074,0.0003,200,10.0711
0.0087,0.0000,0.0000,0.0000,0.0086,0.0001,200,10.0771
0.0084,0.0000,0.0000,0.0000,0.0077,0.0007,200,10.0774
0.0122,0.0000,0.0000,0.0000,0.0111,0.0010,200,10.0769
0.0108,0.0000,0.0000,0.0000,0.0095,0.0013,200,10.0788
0.0096,0.0000,0.0000,0.0000,0.0092,0.0001,200,10.0857
0.0095,0.0000,0.0000,0.0000,0.0094,0.0000,200,10.0858
0.0080,0.0000,0.0000,0.0000,0.0079,0.0000,200,10.0891
0.0079,0.0000,0.0000,0.0000,0.0071,0.0008,200,10.0896
0.0081,0.0000,0.0000,0.0000,0.0080,0.0001,200,10.0953
0.0085,0.0000,0.0000,0.0000,0.0083,0.0001,200,10.0953
0.0080,0.0000,0.0000,0.0000,0.0080,0.0001,200,10.0971
0.0076,0.0000,0.0000,0.0000,0.0075,0.0001,200,10.0975
0.0087,0.0000,0.0000,0.0000,0.0077,0.0009,200,10.1034
0.0073,0.0000,0.0000,0.0000,0.0072,0.0000,200,10.1052
0.0087,0.0000,0.0000,0.0000,0.0086,0.0000,200,10.1038
0.0081,0.0000,0.0000,0.0000,0.0080,0.0001,200,10.1052
0.0073,0.0000,0.0000,0.0000,0.0072,0.0001,200,10.1125
0.0077,0.0000,0.0000,0.0000,0.0076,0.0001,200,10.1121
0.0074,0.0000,0.0000,0.0000,0.0074,0.0000,200,10.1125
0.0077,0.0000,0.0000,0.0000,0.0071,0.0006,200,10.1132
0.0078,0.0000,0.0000,0.0000,0.0078,0.0001,200,10.1199
0.0080,0.0000,0.0000,0.0000,0.0079,0.0001,200,10.1198
0.0082,0.0000,0.0000,0.0000,0.0080,0.0000,200,10.1198
0.0073,0.0000,0.0000,0.0000,0.0072,0.0000,200,10.1209
0.0074,0.0000,0.0000,0.0000,0.0072,0.0002,200,10.1280
0.0076,0.0000,0.0000,0.0000,0.0075,0.0000,200,10.1278
0.0078,0.0000,0.0000,0.0000,0.0072,0.0006,200,10.1283
0.0087,0.0000,0.0000,0.0000,0.0086,0.0000,200,10.1278
0.0076,0.0000,0.0000,0.0000,0.0074,0.0001,200,10.1354
0.0078,0.0000,0.0000,0.0000,0.0074,0.0003,200,10.1354
0.0084,0.0000,0.0000,0.0000,0.0081,0.0001,200,10.1361
0.0082,0.0000,0.0000,0.0000,0.0081,0.0000,200,10.1365
0.0087,0.0000,0.0000,0.0000,0.0077,0.0010,200,10.1432
0.0089,0.0000,0.0000,0.0000,0.0088,0.0001,200,10.1430
0.0073,0.0000,0.0000,0.0000,0.0072,0.0001,200,10.1447
0.0082,0.0000,0.0000,0.0000,0.0080,0.0002,200,10.1445
0.0079,0.0000,0.0000,0.0000,0.0078,0.0001,200,10.1520
0.0082,0.0000,0.0000,0.0000,0.0081,0.0001,200,10.1519
0.0075,0.0000,0.0000,0.0000,0.0072,0.0002,200,10.1527
0.0083,0.0000,0.0000,0.0000,0.0080,0.0002,200,10.1519
0.0082,0.0000,0.0000,0.0000,0.0081,0.0001,200,10.1598
0.0082,0.0000,0.0000,0.0000,0.0081,0.0001,200,10.1601
0.0082,0.0000,0.0000,0.0000,0.0081,0.0000,200,10.1602
0.0082,0.0000,0.0000,0.0000,0.0082,0.0000,200,10.1601
0.0080,0.0000,0.0000,0.0000,0.0076,0.0004,200,10.1680
0.0080,0.0000,0.0000,0.0000,0.0074,0.0005,200,10.1683
0.0084,0.0000,0.0000,0.0000,0.0084,0.0000,200,10.1683
0.0084,0.0000,0.0000,0.0000,0.0079,0.0004,200,10.1684
0.0079,0.0000,0.0000,0.0000,0.0077,0.0001,200,10.1762
0.0081,0.0000,0.0000,0.0000,0.0080,0.0000,200,10.1762
0.0079,0.0000,0.0000,0.0000,0.0079,0.0000,200,10.1768
0.0080,0.0000,0.0000,0.0000,0.0074,0.0006,200,10.1768
0.0083,0.0000,0.0000,0.0000,0.0079,0.0003,200,10.1842
0.0091,0.0000,0.0000,0.0000,0.0081,0.0010,200,10.1847
0.0092,0.0000,0.0000,0.0000,0.0079,0.0012,200,10.1847
0.0098,0.0000,0.0000,0.0000,0.0098,0.0000,200,10.1841
0.0084,0.0000,0.0000,0.0000,0.0083,0.0001,200,10.1925
0.0076,0.0000,0.0000,0.0000,0.0075,0.0001,200,10.1939
0.0082,0.0000,0.0000,0.0000,0.0081,0.0001,200,10.1939
0.0088,0.0000,0.0000,0.0000,0.0087,0.0000,200,10.1938
0.0080,0.0000,0.0000,0.0000,0.0076,0.0003,200,10.2009
0.0076,0.0000,0.0000,0.0000,0.0075,0.0001,200,10.2015
0.0082,0.0000,0.0000,0.0000,0.0081,0.0000,200,10.2021
0.0077,0.0000,0.0000,0.0000,0.0074,0.0003,200,10.2027
0.0079,0.0000,0.0000,0.0000,0.0076,0.0003,200,10.2089
0.0081,0.0000,0.0000,0.0000,0.0080,0.0001,200,10.2104
0.0100,0.0000,0.0000,0.0000,0.0099,0.0001,200,10.2091
0.0092,0.0000,0.0000,0.0000,0.0091,0.0000,200,10.2103
0.0082,0.0000,0.0000,0.0000,0.0078,0.0003,200,10.2169
0.0082,0.0000,0.0000,0.0000,0.0077,0.0004,200,10.2184
0.0076,0.0000,0.0000,0.0000,0.0073,0.0003,200,10.2191
0.0087,0.0000,0.0000,0.0000,0.0086,0.0001,200,10.2195
0.0076,0.0000,0.0000,0.0000,0.0075,0.0001,200,10.2250
0.0080,0.0000,0.0000,0.0000,0.0079,0.0001,200,10.2267
0.0074,0.0000,0.0000,0.0000,0.0073,0.0001,200,10.2282
0.0092,0.0000,0.0000,0.0000,0.0091,0.0000,200,10.2266
0.0098,0.0000,0.0000,0.0000,0.0096,0.0001,200,10.2326
0.0077,0.0000,0.0000,0.0000,0.0076,0.0000,200,10.2347
0.0082,0.0000,0.0000,0.0000,0.0081,0.0001,200,10.2357
0.0087,0.0000,0.0000,0.0000,0.0086,0.0001,200,10.2358
0.0081,0.0000,0.0000,0.0000,0.0076,0.0005,200,10.2424
0.0080,0.0000,0.0000,0.0000,0.0079,0.0001,200,10.2438
0.0096,0.0000,0.0000,0.0000,0.0095,0.0000,200,10.2424
0.0075,0.0000,0.0000,0.0002,0.0073,0.0000,200,10.2445
0.0087,0.0000,0.0000,0.0000,0.0086,0.0001,200,10.2505
0.0074,0.0000,0.0000,0.0000,0.0074,0.0000,200,10.2520
0.0083,0.0000,0.0000,0.0000,0.0075,0.0008,200,10.2519
0.0084,0.0000,0.0000,0.0000,0.0076,0.0008,200,10.2519
0.0080,0.0000,0.0000,0.0000,0.0078,0.0001,200,10.2592
0.0082,0.0000,0.0000,0.0000,0.0075,0.0006,200,10.2594
0.0075,0.0000,0.0000,0.0000,0.0074,0.0001,200,10.2602
0.0075,0.0000,0.0000,0.0000,0.0074,0.0000,200,10.2603
0.0079,0.0000,0.0000,0.0000,0.0075,0.0004,200,10.2676
0.0079,0.0000,0.0000,0.0000,0.0075,0.0004,200,10.2677
0.0086,0.0000,0.0000,0.0000,0.0076,0.0010,200,10.2672
0.0083,0.0000,0.0000,0.0000,0.0082,0.0001,200,10.2678
0.0075,0.0000,0.0000,0.0000,0.0074,0.0001,200,10.2757
0.0077,0.0000,0.0000,0.0000,0.0075,0.0002,200,10.2757
0.0080,0.0000,0.0000,0.0000,0.0079,0.0000,200,10.2755
0.0085,0.0000,0.0000,0.0000,0.0082,0.0004,200,10.2761
0.0079,0.0000,0.0000,0.0000,0.0078,0.0001,200,10.2834
0.0082,0.0000,0.0000,0.0000,0.0079,0.0002,200,10.2832
0.0080,0.0000,0.0000,0.0000,0.0079,0.0000,200,10.2835
0.0095,0.0000,0.0000,0.0000,0.0093,0.0001,200,10.2847
0.0077,0.0000,0.0000,0.0000,0.0074,0.0002,200,10.2915
0.0079,0.0000,0.0000,0.0000,0.0077,0.0002,200,10.2913
0.0081,0.0000,0.0000,0.0000,0.0077,0.0003,200,10.2913
0.0080,0.0000,0.0000,0.0000,0.0075,0.0004,200,10.2942
0.0077,0.0000,0.0000,0.0000,0.0077,0.0001,200,10.2993
0.0083,0.0000,0.0000,0.0000,0.0082,0.0001,200,10.2992
0.0084,0.0000,0.0000,0.0000,0.0079,0.0005,200,10.2992
0.0103,0.0000,0.0000,0.0000,0.0101,0.0001,200,10.3022
0.0085,0.0000,0.0000,0.0000,0.0085,0.0000,200,10.3076
0.0092,0.0000,0.0000,0.0000,0.0089,0.0002,200,10.3071
0.0101,0.0000,0.0000,0.0001,0.0097,0.0002,200,10.3075
0.0083,0.0000,0.0000,0.0000,0.0082,0.0001,200,10.3125
0.0102,0.0000,0.0000,0.0000,0.0101,0.0001,200,10.3162
0.0087,0.0000,0.0000,0.0002,0.0083,0.0001,200,10.3176
0.0105,0.0000,0.0000,0.0000,0.0103,0.0001,200,10.3163
0.0076,0.0000,0.0000,0.0000,0.0074,0.0001,200,10.3207
0.0085,0.0000,0.0000,0.0007,0.0077,0.0001,200,10.3264
0.0082,0.0000,0.0000,0.0000,0.0081,0.0000,200,10.3267
0.0087,0.0000,0.0000,0.0000,0.0086,0.0001,200,10.3283
0.0136,0.0000,0.0000,0.0000,0.0134,0.0001,200,10.3264
0.0082,0.0000,0.0000,0.0000,0.0081,0.0001,200,10.3349
0.0085,0.0000,0.0000,0.0000,0.0082,0.0002,200,10.3349
0.0099,0.0000,0.0000,0.0000,0.0097,0.0001,200,10.3370
0.0096,0.0000,0.0000,0.0000,0.0095,0.0001,200,10.3400
0.0084,0.0000,0.0000,0.0000,0.0080,0.0004,200,10.3431
0.0091,0.0000,0.0000,0.0000,0.0081,0.0009,200,10.3434
0.0096,0.0000,0.0000,0.0000,0.0095,0.0001,200,10.3469
0.0079,0.0000,0.0000,0.0000,0.0078,0.0000,200,10.3526
0.0110,0.0000,0.0000,0.0000,0.0106,0.0004,200,10.3496
0.0091,0.0000,0.0000,0.0000,0.0091,0.0000,200,10.3515
0.0084,0.0000,0.0000,0.0000,0.0083,0.0001,200,10.3565
0.0078,0.0000,0.0000,0.0000,0.0077,0.0001,200,10.3607
0.0092,0.0000,0.0000,0.0000,0.0091,0.0001,200,10.3604
0.0094,0.0000,0.0000,0.0000,0.0078,0.0016,200,10.3606
0.0082,0.0000,0.0000,0.0000,0.0081,0.0001,200,10.3649
0.0076,0.0000,0.0000,0.0000,0.0075,0.0001,200,10.3685
0.0085,0.0000,0.0000,0.0000,0.0084,0.0001,200,10.3696
0.0088,0.0000,0.0000,0.0000,0.0087,0.0000,200,10.3700
0.0088,0.0000,0.0000,0.0000,0.0087,0.0001,200,10.3732
0.0081,0.0000,0.0000,0.0000,0.0077,0.0003,200,10.3761
0.0085,0.0000,0.0000,0.0000,0.0083,0.0001,200,10.3788
0.0130,0.0000,0.0000,0.0000,0.0128,0.0001,200,10.3781
0.0093,0.0000,0.0000,0.0000,0.0092,0.0001,200,10.3820
0.0086,0.0000,0.0000,0.0000,0.0084,0.0001,200,10.3842
0.0090,0.0000,0.0000,0.0000,0.0089,0.0001,200,10.3873
0.0083,0.0000,0.0000,0.0000,0.0081,0.0001,200,10.3911
0.0082,0.0000,0.0000,0.0001,0.0081,0.0000,200,10.3913
0.0073,0.0000,0.0000,0.0000,0.0073,0.0000,200,10.3927
0.0090,0.0000,0.0000,0.0000,0.0089,0.0001,200,10.3963
0.0079,0.0000,0.0000,0.0000,0.0079,0.0001,200,10.4001
0.0085,0.0000,0.0000,0.0000,0.0084,0.0000,200,10.3995
0.0091,0.0000,0.0000,0.0000,0.0085,0.0005,200,10.3994
0.0096,0.0000,0.0000,0.0000,0.0095,0.0001,200,10.4053
0.0080,0.0000,0.0000,0.0000,0.0079,0.0000,200,10.4080
0.0082,0.0000,0.0000,0.0000,0.0081,0.0000,200,10.4080
0.0077,0.0000,0.0000,0.0000,0.0074,0.0003,200,10.4084
0.0079,0.0000,0.0000,0.0000,0.0078,0.0000,200,10.4162
0.0080,0.0000,0.0000,0.0000,0.0079,0.0000,200,10.4162
0.0093,0.0000,0.0000,0.0000,0.0086,0.0006,200,10.4150
0.0091,0.0000,0.0000,0.0000,0.0085,0.0005,200,10.4160
0.0086,0.0000,0.0000,0.0000,0.0084,0.0001,200,10.4241
0.0085,0.0000,0.0000,0.0000,0.0084,0.0000,200,10.4243
0.0084,0.0000,0.0000,0.0000,0.0080,0.0003,200,10.4251
0.0101,0.0000,0.0000,0.0000,0.0095,0.0005,200,10.4242
0.0085,0.0000,0.0000,0.0000,0.0084,0.0001,200,10.4326
0.0078,0.0000,0.0000,0.0000,0.0077,0.0000,200,10.4335
0.0074,0.0000,0.0000,0.0000,0.0072,0.0002,200,10.4343
0.0097,0.0000,0.0000,0.0000,0.0084,0.0012,200,10.4328
0.0075,0.0000,0.0000,0.0000,0.0074,0.0001,200,10.4416
0.0079,0.0000,0.0000,0.0000,0.0078,0.0001,200,10.4413
0.0081,0.0000,0.0000,0.0000,0.0080,0.0000,200,10.4411
0.0079,0.0000,0.0000,0.0000,0.0073,0.0005,200,10.4425
0.0084,0.0000,0.0000,0.0000,0.0077,0.0007,200,10.4493
0.0085,0.0000,0.0000,0.0000,0.0084,0.0001,200,10.4492
0.0085,0.0000,0.0000,0.0000,0.0085,0.0000,200,10.4492
0.0106,0.0000,0.0000,0.0001,0.0103,0.0002,200,10.4503
0.0083,0.0000,0.0000,0.0000,0.0081,0.0001,200,10.4577
0.0084,0.0000,0.0000,0.0000,0.0081,0.0002,200,10.4577
0.0085,0.0000,0.0000,0.0000,0.0084,0.0001,200,10.4577
0.0078,0.0000,0.0000,0.0001,0.0076,0.0001,200,10.4610
0.0073,0.0000,0.0000,0.0000,0.0072,0.0001,200,10.4663
0.0075,0.0000,0.0000,0.0000,0.0073,0.0002,200,10.4661
0.0077,0.0000,0.0000,0.0000,0.0076,0.0000,200,10.4660
0.0076,0.0000,0.0000,0.0000,0.0075,0.0001,200,10.4688
0.0080,0.0000,0.0000,0.0000,0.0079,0.0001,200,10.4736
0.0080,0.0000,0.0000,0.0000,0.0080,0.0000,200,10.4736
0.0081,0.0000,0.0000,0.0000,0.0080,0.0000,200,10.4737
0.0074,0.0000,0.0000,0.0000,0.0073,0.0001,200,10.4764
0.0075,0.0000,0.0000,0.0000,0.0073,0.0001,200,10.4816
0.0075,0.0000,0.0000,0.0000,0.0074,0.0000,200,10.4818
0.0076,0.0000,0.0000,0.0000,0.0075,0.0000,200,10.4817
0.0071,0.0000,0.0000,0.0000,0.0070,0.0001,200,10.4839
0.0075,0.0000,0.0000,0.0000,0.0073,0.0001,200,10.4891
0.0074,0.0000,0.0000,0.0000,0.0073,0.0001,200,10.4892
0.0075,0.0000,0.0000,0.0000,0.0073,0.0001,200,10.4892
0.0069,0.0000,0.0000,0.0000,0.0068,0.0001,200,10.4910
0.0078,0.0000,0.0000,0.0000,0.0077,0.0001,200,10.4967
0.0079,0.0000,0.0000,0.0000,0.0078,0.0000,200,10.4967
0.0082,0.0000,0.0000,0.0000,0.0081,0.0000,200,10.4966
0.0079,0.0000,0.0000,0.0000,0.0078,0.0000,200,10.4979
0.0074,0.0000,0.0000,0.0000,0.0073,0.0001,200,10.5045
0.0075,0.0000,0.0000,0.0000,0.0073,0.0002,200,10.5045
0.0073,0.0000,0.0000,0.0000,0.0071,0.0001,200,10.5048
0.0068,0.0000,0.0000,0.0000,0.0067,0.0001,200,10.5058
0.0077,0.0000,0.0000,0.0000,0.0076,0.0001,200,10.5119
0.0076,0.0000,0.0000,0.0000,0.0076,0.0000,200,10.5121
0.0071,0.0000,0.0000,0.0000,0.0070,0.0001,200,10.5126
0.0077,0.0000,0.0000,0.0000,0.0075,0.0002,200,10.5121
0.0073,0.0000,0.0000,0.0000,0.0072,0.0001,200,10.5196
0.0072,0.0000,0.0000,0.0000,0.0071,0.0000,200,10.5198
0.0075,0.0000,0.0000,0.0000,0.0073,0.0001,200,10.5197
0.0077,0.0000,0.0000,0.0000,0.0076,0.0000,200,10.5197
0.0072,0.0000,0.0000,0.0000,0.0071,0.0000,200,10.5272
0.0076,0.0000,0.0000,0.0000,0.0075,0.0000,200,10.5270
0.0073,0.0000,0.0000,0.0000,0.0070,0.0002,200,10.5274
0.0078,0.0000,0.0000,0.0000,0.0072,0.0005,200,10.5270
0.0074,0.0000,0.0000,0.0000,0.0073,0.0001,200,10.5344
0.0071,0.0000,0.0000,0.0000,0.0070,0.0001,200,10.5348
0.0073,0.0000,0.0000,0.0000,0.0072,0.0001,200,10.5346
0.0073,0.0000,0.0000,0.0000,0.0071,0.0002,200,10.5347
0.0075,0.0000,0.0000,0.0000,0.0074,0.0001,200,10.5418
0.0075,0.0000,0.0000,0.0000,0.0073,0.0002,200,10.5420
0.0076,0.0000,0.0000,0.0000,0.0074,0.0002,200,10.5419
0.0076,0.0000,0.0000,0.0000,0.0074,0.0002,200,10.5420
0.0072,0.0000,0.0000,0.0000,0.0071,0.0000,200,10.5496
0.0075,0.0000,0.0000,0.0000,0.0073,0.0002,200,10.5493
0.0074,0.0000,0.0000,0.0000,0.0072,0.0003,200,10.5496
0.0076,0.0000,0.0000,0.0000,0.0072,0.0004,200,10.5495
0.0073,0.0000,0.0000,0.0000,0.0072,0.0001,200,10.5570
0.0071,0.0000,0.0000,0.0000,0.0070,0.0001,200,10.5572
0.0077,0.0000,0.0000,0.0000,0.0074,0.0002,200,10.5569
0.0079,0.0000,0.0000,0.0000,0.0074,0.0005,200,10.5568
0.0072,0.0000,0.0000,0.0000,0.0071,0.0001,200,10.5646
0.0075,0.0000,0.0000,0.0000,0.0072,0.0003,200,10.5643
0.0074,0.0000,0.0000,0.0000,0.0070,0.0004,200,10.5647
0.0078,0.0000,0.0000,0.0000,0.0077,0.0001,200,10.5643
0.0075,0.0000,0.0000,0.0000,0.0072,0.0002,200,10.5717
0.0074,0.0000,0.0000,0.0000,0.0072,0.0002,200,10.5718
0.0071,0.0000,0.0000,0.0000,0.0069,0.0002,200,10.5721
0.0073,0.0000,0.0000,0.0000,0.0072,0.0000,200,10.5721
0.0074,0.0000,0.0000,0.0000,0.0072,0.0001,200,10.5792
0.0077,0.0000,0.0000,0.0000,0.0074,0.0003,200,10.5792
0.0078,0.0000,0.0000,0.0000,0.0075,0.0003,200,10.5792
0.0076,0.0000,0.0000,0.0000,0.0072,0.0004,200,10.5794
0.0075,0.0000,0.0000,0.0000,0.0074,0.0001,200,10.5866
0.0072,0.0000,0.0000,0.0000,0.0071,0.0000,200,10.5869
0.0073,0.0000,0.0000,0.0000,0.0071,0.0001,200,10.5870
0.0074,0.0000,0.0000,0.0000,0.0074,0.0000,200,10.5870
0.0074,0.0000,0.0000,0.0000,0.0073,0.0001,200,10.5941
0.0072,0.0000,0.0000,0.0000,0.0070,0.0002,200,10.5945
0.0077,0.0000,0.0000,0.0000,0.0075,0.0001,200,10.5941
0.0076,0.0000,0.0000,0.0000,0.0074,0.0002,200,10.5943
0.0073,0.0000,0.0000,0.0000,0.0072,0.0001,200,10.6019
0.0076,0.0000,0.0000,0.0000,0.0073,0.0002,200,10.6017
0.0076,0.0000,0.0000,0.0000,0.0073,0.0003,200,10.6018
0.0080,0.0000,0.0000,0.0000,0.0076,0.0003,200,10.6015
0.0075,0.0000,0.0000,0.0000,0.0073,0.0001,200,10.6091
0.0076,0.0000,0.0000,0.0000,0.0073,0.0002,200,10.6093
0.0075,0.0000,0.0000,0.0000,0.0071,0.0003,200,10.6094
0.0075,0.0000,0.0000,0.0000,0.0072,0.0003,200,10.6095
0.0076,0.0000,0.0000,0.0000,0.0073,0.0002,200,10.6166
0.0073,0.0000,0.0000,0.0000,0.0073,0.0000,200,10.6169
0.0074,0.0000,0.0000,0.0000,0.0073,0.0000,200,10.6169
0.0074,0.0000,0.0000,0.0000,0.0072,0.0002,200,10.6169
0.0076,0.0000,0.0000,0.0000,0.0075,0.0001,200,10.6242
0.0074,0.0000,0.0000,0.0000,0.0073,0.0001,200,10.6244
0.0077,0.0000,0.0000,0.0000,0.0076,0.0000,200,10.6242
0.0077,0.0000,0.0000,0.0000,0.0075,0.0002,200,10.6242
0.0072,0.0000,0.0000,0.0000,0.0071,0.0001,200,10.6319
0.0076,0.0000,0.0000,0.0000,0.0073,0.0002,200,10.6318
0.0077,0.0000,0.0000,0.0000,0.0074,0.0002,200,10.6318
0.0076,0.0000,0.0000,0.0000,0.0076,0.0000,200,10.6319
0.0073,0.0000,0.0000,0.0000,0.0072,0.0001,200,10.6395
0.0075,0.0000,0.0000,0.0000,0.0074,0.0000,200,10.6395
0.0079,0.0000,0.0000,0.0000,0.0078,0.0000,200,10.6391
0.0081,0.0000,0.0000,0.0000,0.0080,0.0001,200,10.6394
0.0074,0.0000,0.0000,0.0000,0.0072,0.0002,200,10.6475
0.0082,0.0000,0.0000,0.0000,0.0079,0.0003,200,10.6468
0.0081,0.0000,0.0000,0.0000,0.0078,0.0003,200,10.6470
0.0084,0.0000,0.0000,0.0000,0.0078,0.0006,200,10.6470
0.0073,0.0000,0.0000,0.0000,0.0072,0.0001,200,10.6549
0.0070,0.0000,0.0000,0.0000,0.0069,0.0001,200,10.6554
0.0075,0.0000,0.0000,0.0000,0.0073,0.0002,200,10.6550
0.0075,0.0000,0.0000,0.0000,0.0072,0.0002,200,10.6551
0.0074,0.0000,0.0000,0.0000,0.0073,0.0001,200,10.6625
0.0077,0.0000,0.0000,0.0000,0.0076,0.0000,200,10.6623
0.0078,0.0000,0.0000,0.0000,0.0076,0.0001,200,10.6624
0.0079,0.0000,0.0000,0.0000,0.0078,0.0000,200,10.6625
0.0074,0.0000,0.0000,0.0000,0.0073,0.0000,200,10.6701
0.0077,0.0000,0.0000,0.0000,0.0074,0.0002,200,10.6699
0.0073,0.0000,0.0000,0.0000,0.0072,0.0001,200,10.6704
0.0078,0.0000,0.0000,0.0000,0.0076,0.0001,200,10.6700
0.0076,0.0000,0.0000,0.0000,0.0075,0.0001,200,10.6775
0.0073,0.0000,0.0000,0.0000,0.0072,0.0001,200,10.6778
0.0074,0.0000,0.0000,0.0000,0.0073,0.0001,200,10.6777
0.0080,0.0000,0.0000,0.0000,0.0079,0.0000,200,10.6776
0.0070,0.0000,0.0000,0.0000,0.0067,0.0002,200,10.6856
0.0076,0.0000,0.0000,0.0000,0.0073,0.0002,200,10.6851
0.0076,0.0000,0.0000,0.0000,0.0071,0.0005,200,10.6851
0.0087,0.0000,0.0000,0.0000,0.0084,0.0002,200,10.6851
0.0075,0.0000,0.0000,0.0000,0.0073,0.0001,200,10.6926
0.0075,0.0000,0.0000,0.0000,0.0073,0.0002,200,10.6927
0.0076,0.0000,0.0000,0.0000,0.0075,0.0001,200,10.6926
0.0069,0.0000,0.0000,0.0000,0.0068,0.0000,200,10.6938
0.0072,0.0000,0.0000,0.0000,0.0069,0.0002,200,10.7006
0.0076,0.0000,0.0000,0.0000,0.0073,0.0002,200,10.7002
0.0077,0.0000,0.0000,0.0000,0.0073,0.0004,200,10.7003
0.0080,0.0000,0.0000,0.0000,0.0075,0.0004,200,10.7001
0.0078,0.0000,0.0000,0.0000,0.0076,0.0002,200,10.7080
0.0081,0.0000,0.0000,0.0000,0.0073,0.0007,200,10.7078
0.0082,0.0000,0.0000,0.0000,0.0079,0.0002,200,10.7078
0.0080,0.0000,0.0000,0.0000,0.0079,0.0000,200,10.7080
0.0073,0.0000,0.0000,0.0000,0.0071,0.0002,200,10.7158
0.0072,0.0000,0.0000,0.0000,0.0070,0.0002,200,10.7160
0.0072,0.0000,0.0000,0.0000,0.0072,0.0000,200,10.7159
0.0100,0.0000,0.0000,0.0000,0.0099,0.0001,200,10.7160
0.0076,0.0000,0.0000,0.0000,0.0075,0.0001,200,10.7231
0.0077,0.0000,0.0000,0.0000,0.0076,0.0000,200,10.7231
0.0088,0.0000,0.0000,0.0000,0.0087,0.0001,200,10.7232
0.0069,0.0000,0.0000,0.0000,0.0068,0.0001,200,10.7260
0.0073,0.0000,0.0000,0.0000,0.0072,0.0001,200,10.7307
0.0073,0.0000,0.0000,0.0000,0.0072,0.0000,200,10.7308
0.0072,0.0000,0.0000,0.0000,0.0068,0.0003,200,10.7319
0.0069,0.0000,0.0000,0.0000,0.0068,0.0001,200,10.7329
0.0073,0.0000,0.0000,0.0000,0.0072,0.0001,200,10.7380
0.0074,0.0000,0.0000,0.0000,0.0072,0.0002,200,10.7381
0.0074,0.0000,0.0000,0.0000,0.0069,0.0004,200,10.7391
0.0077,0.0000,0.0000,0.0000,0.0076,0.0000,200,10.7398
0.0074,0.0000,0.0000,0.0000,0.0073,0.0001,200,10.7453
0.0072,0.0000,0.0000,0.0000,0.0071,0.0000,200,10.7455
0.0073,0.0000,0.0000,0.0000,0.0071,0.0001,200,10.7465
0.0069,0.0000,0.0000,0.0000,0.0068,0.0000,200,10.7475
0.0073,0.0000,0.0000,0.0000,0.0071,0.0001,200,10.7527
0.0073,0.0000,0.0000,0.0000,0.0071,0.0002,200,10.7527
0.0073,0.0000,0.0000,0.0000,0.0072,0.0001,200,10.7538
0.0070,0.0000,0.0000,0.0000,0.0069,0.0000,200,10.7544
0.0076,0.0000,0.0000,0.0000,0.0075,0.0001,200,10.7600
0.0077,0.0000,0.0000,0.0000,0.0076,0.0000,200,10.7600
0.0071,0.0000,0.0000,0.0000,0.0070,0.0000,200,10.7614
0.0076,0.0000,0.0000,0.0000,0.0075,0.0000,200,10.7611
0.0078,0.0000,0.0000,0.0000,0.0077,0.0001,200,10.7676
0.0079,0.0000,0.0000,0.0001,0.0076,0.0003,200,10.7677
0.0073,0.0000,0.0000,0.0000,0.0070,0.0002,200,10.7685
0.0074,0.0000,0.0000,0.0001,0.0073,0.0000,200,10.7686
0.0076,0.0000,0.0000,0.0000,0.0075,0.0001,200,10.7756
0.0079,0.0000,0.0000,0.0000,0.0076,0.0002,200,10.7755
0.0073,0.0000,0.0000,0.0000,0.0073,0.0000,200,10.7760
0.0077,0.0000,0.0000,0.0000,0.0075,0.0001,200,10.7758
0.0076,0.0000,0.0000,0.0000,0.0075,0.0001,200,10.7832
0.0075,0.0000,0.0000,0.0000,0.0074,0.0001,200,10.7833
0.0076,0.0000,0.0000,0.0000,0.0075,0.0001,200,10.7833
0.0075,0.0000,0.0000,0.0000,0.0073,0.0002,200,10.7834
0.0072,0.0000,0.0000,0.0000,0.0071,0.0001,200,10.7909
0.0073,0.0000,0.0000,0.0000,0.0072,0.0001,200,10.7909
0.0075,0.0000,0.0000,0.0000,0.0074,0.0000,200,10.7908
0.0078,0.0000,0.0000,0.0000,0.0077,0.0000,200,10.7910
0.0075,0.0000,0.0000,0.0000,0.0073,0.0001,200,10.7982
0.0070,0.0000,0.0000,0.0000,0.0070,0.0000,200,10.7988
0.0078,0.0000,0.0000,0.0000,0.0077,0.0000,200,10.7982
0.0086,0.0000,0.0000,0.0000,0.0086,0.0000,200,10.7983
0.0074,0.0000,0.0000,0.0000,0.0073,0.0001,200,10.8058
0.0076,0.0000,0.0000,0.0000,0.0075,0.0001,200,10.8057
0.0075,0.0000,0.0000,0.0000,0.0074,0.0001,200,10.8060
0.0068,0.0000,0.0000,0.0000,0.0068,0.0000,200,10.8070
0.0074,0.0000,0.0000,0.0000,0.0072,0.0002,200,10.8133
0.0075,0.0000,0.0000,0.0000,0.0073,0.0002,200,10.8132
0.0073,0.0000,0.0000,0.0000,0.0072,0.0000,200,10.8135
0.0072,0.0000,0.0000,0.0000,0.0072,0.0000,200,10.8138
0.0074,0.0000,0.0000,0.0000,0.0072,0.0002,200,10.8207
0.0072,0.0000,0.0000,0.0000,0.0069,0.0002,200,10.8210
0.0075,0.0000,0.0000,0.0000,0.0074,0.0000,200,10.8208
0.0076,0.0000,0.0000,0.0000,0.0072,0.0003,200,10.8207
0.0077,0.0000,0.0000,0.0000,0.0074,0.0003,200,10.8282
0.0080,0.0000,0.0000,0.0000,0.0075,0.0004,200,10.8281
0.0078,0.0000,0.0000,0.0000,0.0073,0.0005,200,10.8283
0.0078,0.0000,0.0000,0.0000,0.0074,0.0005,200,10.8283
0.0080,0.0000,0.0000,0.0000,0.0079,0.0001,200,10.8361
0.0083,0.0000,0.0000,0.0000,0.0082,0.0001,200,10.8361
0.0085,0.0000,0.0000,0.0000,0.0084,0.0000,200,10.8361
0.0087,0.0000,0.0000,0.0000,0.0085,0.0001,200,10.8359
0.0087,0.0000,0.0000,0.0000,0.0085,0.0001,200,10.8441
0.0084,0.0000,0.0000,0.0000,0.0083,0.0001,200,10.8444
0.0083,0.0000,0.0000,0.0000,0.0081,0.0001,200,10.8446
0.0084,0.0000,0.0000,0.0000,0.0081,0.0003,200,10.8446
0.0076,0.0000,0.0000,0.0000,0.0074,0.0001,200,10.8528
0.0084,0.0000,0.0000,0.0000,0.0083,0.0001,200,10.8528
0.0086,0.0000,0.0000,0.0000,0.0074,0.0012,200,10.8530
0.0088,0.0000,0.0000,0.0000,0.0087,0.0000,200,10.8529
0.0080,0.0000,0.0000,0.0000,0.0079,0.0001,200,10.8604
0.0075,0.0000,0.0000,0.0000,0.0074,0.0001,200,10.8613
0.0080,0.0000,0.0000,0.0000,0.0073,0.0007,200,10.8615
0.0092,0.0000,0.0000,0.0000,0.0090,0.0001,200,10.8617
0.0095,0.0000,0.0000,0.0000,0.0093,0.0001,200,10.8684
0.0108,0.0000,0.0000,0.0000,0.0081,0.0027,200,10.8688
0.0100,0.0000,0.0000,0.0000,0.0086,0.0014,200,10.8708
0.0114,0.0000,0.0000,0.0000,0.0100,0.0014,200,10.8695
0.0085,0.0000,0.0000,0.0000,0.0083,0.0001,200,10.8779
0.0092,0.0000,0.0000,0.0000,0.0091,0.0001,200,10.8796
0.0079,0.0000,0.0000,0.0000,0.0078,0.0000,200,10.8809
0.0113,0.0000,0.0000,0.0000,0.0112,0.0001,200,10.8808
0.0083,0.0000,0.0000,0.0000,0.0081,0.0001,200,10.8863
0.0077,0.0000,0.0000,0.0000,0.0076,0.0001,200,10.8889
0.0083,0.0000,0.0000,0.0000,0.0082,0.0000,200,10.8888
0.0103,0.0000,0.0000,0.0000,0.0101,0.0001,200,10.8921
0.0073,0.0000,0.0000,0.0000,0.0071,0.0001,200,10.8965
0.0102,0.0000,0.0000,0.0000,0.0101,0.0001,200,10.8946
0.0087,0.0000,0.0000,0.0000,0.0080,0.0006,200,10.8971
0.0078,0.0000,0.0000,0.0000,0.0077,0.0001,200,10.9024
0.0085,0.0000,0.0000,0.0001,0.0083,0.0001,200,10.9038
0.0075,0.0000,0.0000,0.0000,0.0074,0.0000,200,10.9049
0.0071,0.0000,0.0000,0.0000,0.0070,0.0001,200,10.9058
0.0078,0.0000,0.0000,0.0000,0.0077,0.0001,200,10.9102
0.0077,0.0000,0.0000,0.0000,0.0076,0.0001,200,10.9123
0.0078,0.0000,0.0000,0.0000,0.0077,0.0000,200,10.9129
0.0085,0.0000,0.0000,0.0000,0.0083,0.0001,200,10.9123
0.0102,0.0000,0.0000,0.0000,0.0100,0.0001,200,10.9181
0.0077,0.0000,0.0000,0.0000,0.0076,0.0001,200,10.9207
0.0093,0.0000,0.0000,0.0000,0.0092,0.0000,200,10.9201
0.0092,0.0000,0.0000,0.0000,0.0079,0.0013,200,10.9208
0.0082,0.0000,0.0000,0.0000,0.0078,0.0004,200,10.9285
0.0085,0.0000,0.0000,0.0000,0.0084,0.0000,200,10.9282
0.0075,0.0000,0.0000,0.0000,0.0075,0.0000,200,10.9293
0.0082,0.0000,0.0000,0.0000,0.0081,0.0001,200,10.9300
0.0083,0.0000,0.0000,0.0000,0.0082,0.0000,200,10.9369
0.0085,0.0000,0.0000,0.0000,0.0084,0.0001,200,10.9368
0.0089,0.0000,0.0000,0.0000,0.0084,0.0005,200,10.9366
0.0073,0.0000,0.0000,0.0000,0.0070,0.0003,200,10.9382
0.0074,0.0000,0.0000,0.0000,0.0071,0.0003,200,10.9455
0.0076,0.0000,0.0000,0.0000,0.0073,0.0003,200,10.9453
0.0075,0.0000,0.0000,0.0000,0.0071,0.0003,200,10.9455
0.0079,0.0000,0.0000,0.0000,0.0076,0.0003,200,10.9451
0.0078,0.0000,0.0000,0.0000,0.0075,0.0003,200,10.9529
0.0079,0.0000,0.0000,0.0000,0.0076,0.0002,200,10.9529
0.0078,0.0000,0.0000,0.0000,0.0075,0.0003,200,10.9530
0.0079,0.0000,0.0000,0.0000,0.0075,0.0004,200,10.9530
0.0076,0.0000,0.0000,0.0000,0.0073,0.0002,200,10.9608
0.0076,0.0000,0.0000,0.0000,0.0074,0.0002,200,10.9608
0.0077,0.0000,0.0000,0.0000,0.0074,0.0002,200,10.9608
0.0076,0.0000,0.0000,0.0000,0.0076,0.0000,200,10.9609
0.0075,0.0000,0.0000,0.0000,0.0074,0.0001,200,10.9683
0.0074,0.0000,0.0000,0.0000,0.0072,0.0002,200,10.9685
0.0076,0.0000,0.0000,0.0000,0.0072,0.0003,200,10.9684
0.0076,0.0000,0.0000,0.0000,0.0073,0.0002,200,10.9685
0.0075,0.0000,0.0000,0.0000,0.0072,0.0002,200,10.9758
0.0074,0.0000,0.0000,0.0000,0.0074,0.0000,200,10.9759
0.0075,0.0000,0.0000,0.0000,0.0073,0.0001,200,10.9759
0.0074,0.0000,0.0000,0.0000,0.0074,0.0000,200,10.9760
0.0073,0.0000,0.0000,0.0000,0.0072,0.0001,200,10.9834
0.0076,0.0000,0.0000,0.0000,0.0074,0.0002,200,10.9833
0.0076,0.0000,0.0000,0.0000,0.0076,0.0000,200,10.9834
0.0078,0.0000,0.0000,0.0000,0.0074,0.0004,200,10.9834
0.0074,0.0000,0.0000,0.0000,0.0073,0.0000,200,10.9909
0.0073,0.0000,0.0000,0.0000,0.0069,0.0004,200,10.9911
0.0079,0.0000,0.0000,0.0000,0.0078,0.0000,200,10.9907
0.0075,0.0000,0.0000,0.0000,0.0074,0.0000,200,10.9912
0.0076,0.0000,0.0000,0.0000,0.0074,0.0001,200,10.9984
0.0073,0.0000,0.0000,0.0000,0.0070,0.0003,200,10.9986
0.0073,0.0000,0.0000,0.0000,0.0071,0.0002,200,10.9987
0.0078,0.0000,0.0000,0.0000,0.0078,0.0000,200,10.9984
0.0073,0.0000,0.0000,0.0000,0.0072,0.0001,200,11.0060
0.0076,0.0000,0.0000,0.0000,0.0075,0.0000,200,11.0060
0.0077,0.0000,0.0000,0.0000,0.0076,0.0000,200,11.0059
0.0083,0.0000,0.0000,0.0000,0.0082,0.0000,200,11.0062
0.0079,0.0000,0.0000,0.0000,0.0077,0.0001,200,11.0136
0.0072,0.0000,0.0000,0.0000,0.0070,0.0001,200,11.0145
0.0084,0.0000,0.0000,0.0000,0.0083,0.0000,200,11.0133
0.0084,0.0000,0.0000,0.0000,0.0078,0.0005,200,11.0136
0.0074,0.0000,0.0000,0.0000,0.0073,0.0001,200,11.0215
0.0073,0.0000,0.0000,0.0000,0.0071,0.0001,200,11.0217
0.0070,0.0000,0.0000,0.0000,0.0069,0.0000,200,11.0220
0.0105,0.0000,0.0000,0.0000,0.0104,0.0001,200,11.0217
0.0075,0.0000,0.0000,0.0000,0.0074,0.0000,200,11.0289
0.0074,0.0000,0.0000,0.0000,0.0071,0.0003,200,11.0290
0.0075,0.0000,0.0000,0.0000,0.0070,0.0005,200,11.0290
0.0069,0.0000,0.0000,0.0000,0.0068,0.0001,200,11.0322
0.0073,0.0000,0.0000,0.0000,0.0071,0.0001,200,11.0365
0.0073,0.0000,0.0000,0.0000,0.0071,0.0002,200,11.0364
0.0074,0.0000,0.0000,0.0000,0.0073,0.0000,200,11.0364
0.0072,0.0000,0.0000,0.0000,0.0071,0.0001,200,11.0391
0.0072,0.0000,0.0000,0.0000,0.0071,0.0001,200,11.0438
0.0073,0.0000,0.0000,0.0000,0.0072,0.0001,200,11.0437
0.0077,0.0000,0.0000,0.0000,0.0076,0.0001,200,11.0437
0.0069,0.0000,0.0000,0.0000,0.0068,0.0000,200,11.0463
0.0073,0.0000,0.0000,0.0000,0.0072,0.0001,200,11.0510
0.0070,0.0000,0.0000,0.0000,0.0069,0.0000,200,11.0515
0.0075,0.0000,0.0000,0.0000,0.0073,0.0002,200,11.0510
0.0071,0.0000,0.0000,0.0000,0.0070,0.0001,200,11.0532
0.0073,0.0000,0.0000,0.0000,0.0072,0.0001,200,11.0583
0.0074,0.0000,0.0000,0.0000,0.0073,0.0000,200,11.0585
0.0074,0.0000,0.0000,0.0000,0.0072,0.0002,200,11.0585
0.0069,0.0000,0.0000,0.0000,0.0069,0.0001,200,11.0603
0.0071,0.0000,0.0000,0.0000,0.0070,0.0001,200,11.0656
0.0070,0.0000,0.0000,0.0000,0.0069,0.0000,200,11.0659
0.0070,0.0000,0.0000,0.0000,0.0068,0.0001,200,11.0659
0.0071,0.0000,0.0000,0.0000,0.0070,0.0001,200,11.0672
0.0072,0.0000,0.0000,0.0000,0.0071,0.0001,200,11.0729
0.0074,0.0000,0.0000,0.0000,0.0073,0.0000,200,11.0728
0.0073,0.0000,0.0000,0.0000,0.0072,0.0000,200,11.0729
0.0086,0.0000,0.0000,0.0000,0.0085,0.0001,200,11.0744
0.0072,0.0000,0.0000,0.0000,0.0069,0.0002,200,11.0802
0.0073,0.0000,0.0000,0.0000,0.0071,0.0002,200,11.0801
0.0074,0.0000,0.0000,0.0000,0.0074,0.0000,200,11.0802
0.0070,0.0000,0.0000,0.0000,0.0069,0.0001,200,11.0830
0.0073,0.0000,0.0000,0.0000,0.0072,0.0000,200,11.0874
0.0075,0.0000,0.0000,0.0000,0.0071,0.0003,200,11.0874
0.0074,0.0000,0.0000,0.0000,0.0068,0.0006,200,11.0876
0.0072,0.0000,0.0000,0.0000,0.0071,0.0001,200,11.0900
0.0078,0.0000,0.0000,0.0000,0.0077,0.0001,200,11.0947
0.0076,0.0000,0.0000,0.0000,0.0075,0.0000,200,11.0950
0.0081,0.0000,0.0000,0.0000,0.0076,0.0004,200,11.0949
0.0074,0.0000,0.0000,0.0000,0.0073,0.0001,200,11.0972
0.0077,0.0000,0.0000,0.0000,0.0075,0.0001,200,11.1025
0.0076,0.0000,0.0000,0.0000,0.0075,0.0000,200,11.1026
0.0079,0.0000,0.0000,0.0000,0.0078,0.0000,200,11.1029
0.0076,0.0000,0.0000,0.0000,0.0075,0.0001,200,11.1046
0.0082,0.0000,0.0000,0.0000,0.0080,0.0001,200,11.1102
0.0088,0.0000,0.0000,0.0000,0.0087,0.0000,200,11.1102
0.0082,0.0000,0.0000,0.0000,0.0081,0.0001,200,11.1108
0.0075,0.0000,0.0000,0.0000,0.0074,0.0001,200,11.1122
0.0081,0.0000,0.0000,0.0000,0.0080,0.0001,200,11.1190
0.0087,0.0000,0.0000,0.0000,0.0086,0.0001,200,11.1184
0.0078,0.0000,0.0000,0.0003,0.0074,0.0000,200,11.1197
0.0086,0.0000,0.0000,0.0000,0.0080,0.0006,200,11.1190
0.0094,0.0000,0.0000,0.0000,0.0093,0.0000,200,11.1271
0.0090,0.0000,0.0000,0.0000,0.0088,0.0002,200,11.1275
0.0090,0.0000,0.0000,0.0000,0.0087,0.0003,200,11.1276
0.0096,0.0000,0.0000,0.0000,0.0090,0.0005,200,11.1271
0.0081,0.0000,0.0000,0.0000,0.0080,0.0000,200,11.1366
0.0080,0.0000,0.0000,0.0000,0.0074,0.0005,200,11.1367
0.0081,0.0000,0.0000,0.0000,0.0080,0.0000,200,11.1366
0.0082,0.0000,0.0000,0.0000,0.0082,0.0000,200,11.1366
0.0079,0.0000,0.0000,0.0000,0.0074,0.0004,200,11.1447
0.0084,0.0000,0.0000,0.0000,0.0079,0.0005,200,11.1447
0.0089,0.0000,0.0000,0.0000,0.0081,0.0007,200,11.1448
0.0090,0.0000,0.0000,0.0000,0.0090,0.0000,200,11.1447
0.0083,0.0000,0.0000,0.0000,0.0082,0.0001,200,11.1531
0.0090,0.0000,0.0000,0.0000,0.0080,0.0009,200,11.1525
0.0093,0.0000,0.0000,0.0000,0.0085,0.0007,200,11.1537
0.0115,0.0000,0.0000,0.0000,0.0114,0.0001,200,11.1536
0.0085,0.0000,0.0000,0.0000,0.0080,0.0004,200,11.1614
0.0093,0.0000,0.0000,0.0000,0.0091,0.0001,200,11.1652
0.0131,0.0000,0.0000,0.0000,0.0105,0.0026,200,11.1615
0.0117,0.0000,0.0000,0.0000,0.0089,0.0027,200,11.1630
0.0127,0.0000,0.0000,0.0000,0.0126,0.0000,200,11.1698
0.0082,0.0000,0.0000,0.0000,0.0079,0.0002,200,11.1745
0.0091,0.0000,0.0000,0.0000,0.0091,0.0001,200,11.1746
0.0107,0.0000,0.0000,0.0000,0.0106,0.0001,200,11.1747
0.0118,0.0000,0.0000,0.0000,0.0113,0.0004,200,11.1825
0.0106,0.0000,0.0000,0.0000,0.0101,0.0004,200,11.1838
0.0118,0.0000,0.0000,0.0000,0.0113,0.0004,200,11.1827
0.0110,0.0000,0.0000,0.0000,0.0100,0.0009,200,11.1854
0.0077,0.0000,0.0000,0.0000,0.0076,0.0001,200,11.1943
0.0094,0.0000,0.0000,0.0000,0.0093,0.0001,200,11.1944
0.0079,0.0000,0.0000,0.0000,0.0078,0.0000,200,11.1964
0.0100,0.0000,0.0000,0.0000,0.0087,0.0012,200,11.1944
0.0083,0.0000,0.0000,0.0000,0.0077,0.0005,200,11.2020
0.0098,0.0000,0.0000,0.0000,0.0097,0.0001,200,11.2042
0.0097,0.0000,0.0000,0.0000,0.0097,0.0000,200,11.2044
0.0107,0.0000,0.0000,0.0000,0.0106,0.0000,200,11.2038
0.0080,0.0000,0.0000,0.0000,0.0078,0.0001,200,11.2103
0.0082,0.0000,0.0000,0.0000,0.0081,0.0001,200,11.2145
0.0107,0.0000,0.0000,0.0000,0.0106,0.0001,200,11.2141
0.0109,0.0000,0.0000,0.0000,0.0108,0.0000,200,11.2141
0.0084,0.0000,0.0000,0.0000,0.0083,0.0001,200,11.2183
0.0085,0.0000,0.0000,0.0000,0.0083,0.0002,200,11.2227
0.0079,0.0000,0.0000,0.0000,0.0073,0.0006,200,11.2250
0.0084,0.0000,0.0000,0.0000,0.0079,0.0004,200,11.2248
0.0082,0.0000,0.0000,0.0000,0.0081,0.0001,200,11.2267
0.0092,0.0000,0.0000,0.0000,0.0083,0.0007,200,11.2313
0.0083,0.0000,0.0000,0.0000,0.0082,0.0001,200,11.2329
0.0090,0.0000,0.0000,0.0000,0.0089,0.0001,200,11.2332
0.0088,0.0000,0.0000,0.0000,0.0082,0.0006,200,11.2349
0.0085,0.0000,0.0000,0.0000,0.0084,0.0001,200,11.2404
0.0082,0.0000,0.0000,0.0000,0.0082,0.0000,200,11.2412
0.0084,0.0000,0.0000,0.0000,0.0077,0.0007,200,11.2422
0.0075,0.0000,0.0000,0.0000,0.0072,0.0002,200,11.2437
0.0081,0.0000,0.0000,0.0000,0.0078,0.0003,200,11.2494
0.0073,0.0000,0.0000,0.0000,0.0072,0.0000,200,11.2506
0.0091,0.0000,0.0000,0.0000,0.0090,0.0000,200,11.2489
0.0072,0.0000,0.0000,0.0000,0.0071,0.0000,200,11.2512
0.0081,0.0000,0.0000,0.0000,0.0080,0.0001,200,11.2575
0.0077,0.0000,0.0000,0.0000,0.0075,0.0002,200,11.2580
0.0094,0.0000,0.0000,0.0000,0.0087,0.0006,200,11.2580
0.0090,0.0000,0.0000,0.0000,0.0081,0.0009,200,11.2584
0.0075,0.0000,0.0000,0.0000,0.0073,0.0001,200,11.2656
0.0077,0.0000,0.0000,0.0000,0.0076,0.0000,200,11.2657
0.0073,0.0000,0.0000,0.0000,0.0072,0.0001,200,11.2674
0.0076,0.0000,0.0000,0.0000,0.0074,0.0002,200,11.2673
0.0095,0.0000,0.0000,0.0000,0.0094,0.0001,200,11.2731
0.0077,0.0000,0.0000,0.0000,0.0076,0.0001,200,11.2750
0.0095,0.0000,0.0000,0.0000,0.0093,0.0001,200,11.2734
0.0085,0.0000,0.0000,0.0000,0.0084,0.0000,200,11.2747
0.0098,0.0000,0.0000,0.0000,0.0097,0.0001,200,11.2832
0.0145,0.0000,0.0000,0.0000,0.0141,0.0004,200,11.2826
0.0163,0.0000,0.0000,0.0000,0.0162,0.0001,200,11.2826
0.0077,0.0000,0.0000,0.0000,0.0075,0.0001,200,11.2930
0.0180,0.0000,0.0000,0.0000,0.0178,0.0002,200,11.2829
0.0075,0.0000,0.0000,0.0000,0.0074,0.0001,200,11.2972
0.0075,0.0000,0.0000,0.0000,0.0074,0.0001,200,11.2990
0.0073,0.0000,0.0000,0.0000,0.0072,0.0001,200,11.3007
0.0076,0.0000,0.0000,0.0000,0.0074,0.0002,200,11.3009
0.0087,0.0000,0.0000,0.0000,0.0085,0.0001,200,11.3047
0.0073,0.0000,0.0000,0.0000,0.0072,0.0000,200,11.3064
0.0072,0.0000,0.0000,0.0000,0.0071,0.0001,200,11.3080
0.0073,0.0000,0.0000,0.0000,0.0071,0.0002,200,11.3085
0.0074,0.0000,0.0000,0.0000,0.0073,0.0001,200,11.3137
0.0078,0.0000,0.0000,0.0000,0.0077,0.0001,200,11.3133
0.0076,0.0000,0.0000,0.0000,0.0070,0.0005,200,11.3152
0.0071,0.0000,0.0000,0.0000,0.0071,0.0000,200,11.3158
0.0077,0.0000,0.0000,0.0000,0.0075,0.0002,200,11.3212
0.0078,0.0000,0.0000,0.0000,0.0074,0.0003,200,11.3212
0.0073,0.0000,0.0000,0.0000,0.0069,0.0003,200,11.3228
0.0072,0.0000,0.0000,0.0000,0.0069,0.0003,200,11.3229
0.0076,0.0000,0.0000,0.0000,0.0075,0.0001,200,11.3289
0.0077,0.0000,0.0000,0.0000,0.0072,0.0005,200,11.3289
0.0070,0.0000,0.0000,0.0000,0.0069,0.0001,200,11.3301
0.0070,0.0000,0.0000,0.0000,0.0070,0.0000,200,11.3301
0.0072,0.0000,0.0000,0.0000,0.0071,0.0001,200,11.3372
0.0080,0.0000,0.0000,0.0000,0.0077,0.0003,200,11.3365
0.0083,0.0000,0.0000,0.0000,0.0081,0.0002,200,11.3367
0.0084,0.0000,0.0000,0.0000,0.0078,0.0005,200,11.3371
0.0075,0.0000,0.0000,0.0000,0.0074,0.0001,200,11.3445
0.0071,0.0000,0.0000,0.0000,0.0070,0.0000,200,11.3450
0.0078,0.0000,0.0000,0.0000,0.0076,0.0001,200,11.3444
0.0072,0.0000,0.0000,0.0000,0.0071,0.0000,200,11.3454
0.0072,0.0000,0.0000,0.0000,0.0071,0.0001,200,11.3521
0.0073,0.0000,0.0000,0.0000,0.0072,0.0001,200,11.3521
0.0074,0.0000,0.0000,0.0000,0.0074,0.0000,200,11.3521
0.0072,0.0000,0.0000,0.0000,0.0069,0.0002,200,11.3526
0.0075,0.0000,0.0000,0.0000,0.0074,0.0001,200,11.3594
0.0073,0.0000,0.0000,0.0000,0.0072,0.0000,200,11.3598
0.0076,0.0000,0.0000,0.0000,0.0073,0.0003,200,11.3595
0.0077,0.0000,0.0000,0.0000,0.0074,0.0002,200,11.3595
0.0071,0.0000,0.0000,0.0000,0.0070,0.0001,200,11.3671
0.0074,0.0000,0.0000,0.0000,0.0073,0.0001,200,11.3669
0.0073,0.0000,0.0000,0.0000,0.0072,0.0001,200,11.3671
0.0076,0.0000,0.0000,0.0000,0.0073,0.0003,200,11.3671
0.0074,0.0000,0.0000,0.0000,0.0073,0.0001,200,11.3744
0.0076,0.0000,0.0000,0.0000,0.0074,0.0002,200,11.3743
0.0073,0.0000,0.0000,0.0000,0.0070,0.0003,200,11.3746
0.0077,0.0000,0.0000,0.0000,0.0077,0.0000,200,11.3743
0.0078,0.0000,0.0000,0.0000,0.0076,0.0001,200,11.3818
0.0081,0.0000,0.0000,0.0000,0.0080,0.0000,200,11.3818
0.0084,0.0000,0.0000,0.0000,0.0083,0.0001,200,11.3819
0.0083,0.0000,0.0000,0.0000,0.0076,0.0007,200,11.3820
0.0075,0.0000,0.0000,0.0000,0.0074,0.0001,200,11.3895
0.0070,0.0000,0.0000,0.0000,0.0070,0.0000,200,11.3903
0.0074,0.0000,0.0000,0.0000,0.0070,0.0004,200,11.3900
0.0072,0.0000,0.0000,0.0000,0.0071,0.0000,200,11.3903
0.0075,0.0000,0.0000,0.0000,0.0074,0.0000,200,11.3971
0.0074,0.0000,0.0000,0.0000,0.0071,0.0003,200,11.3973
0.0072,0.0000,0.0000,0.0000,0.0071,0.0001,200,11.3975
0.0074,0.0000,0.0000,0.0000,0.0073,0.0000,200,11.3974
0.0074,0.0000,0.0000,0.0000,0.0073,0.0001,200,11.4046
0.0075,0.0000,0.0000,0.0000,0.0072,0.0003,200,11.4047
0.0075,0.0000,0.0000,0.0000,0.0072,0.0002,200,11.4048
0.0075,0.0000,0.0000,0.0000,0.0072,0.0003,200,11.4047
0.0073,0.0000,0.0000,0.0000,0.0073,0.0000,200,11.4123
0.0074,0.0000,0.0000,0.0000,0.0072,0.0002,200,11.4123
0.0078,0.0000,0.0000,0.0000,0.0077,0.0001,200,11.4122
0.0081,0.0000,0.0000,0.0000,0.0077,0.0004,200,11.4119
0.0075,0.0000,0.0000,0.0000,0.0072,0.0003,200,11.4197
0.0072,0.0000,0.0000,0.0000,0.0070,0.0003,200,11.4201
0.0074,0.0000,0.0000,0.0000,0.0074,0.0000,200,11.4200
0.0078,0.0000,0.0000,0.0000,0.0076,0.0002,200,11.4196
0.0074,0.0000,0.0000,0.0000,0.0073,0.0000,200,11.4272
0.0073,0.0000,0.0000,0.0000,0.0072,0.0001,200,11.4273
0.0073,0.0000,0.0000,0.0000,0.0070,0.0002,200,11.4274
0.0073,0.0000,0.0000,0.0000,0.0071,0.0002,200,11.4274
0.0073,0.0000,0.0000,0.0000,0.0072,0.0001,200,11.4346
0.0075,0.0000,0.0000,0.0000,0.0074,0.0001,200,11.4347
0.0079,0.0000,0.0000,0.0000,0.0078,0.0000,200,11.4346
0.0079,0.0000,0.0000,0.0000,0.0073,0.0006,200,11.4347
0.0076,0.0000,0.0000,0.0000,0.0075,0.0001,200,11.4422
0.0073,0.0000,0.0000,0.0000,0.0072,0.0001,200,11.4425
0.0083,0.0000,0.0000,0.0000,0.0078,0.0005,200,11.4419
0.0083,0.0000,0.0000,0.0000,0.0080,0.0002,200,11.4427
0.0078,0.0000,0.0000,0.0000,0.0077,0.0001,200,11.4498
0.0075,0.0000,0.0000,0.0000,0.0075,0.0000,200,11.4502
0.0069,0.0000,0.0000,0.0000,0.0068,0.0000,200,11.4510
0.0098,0.0000,0.0000,0.0000,0.0097,0.0000,200,11.4498
0.0076,0.0000,0.0000,0.0000,0.0075,0.0001,200,11.4578
0.0078,0.0000,0.0000,0.0000,0.0078,0.0000,200,11.4577
0.0079,0.0000,0.0000,0.0000,0.0078,0.0000,200,11.4577
0.0077,0.0000,0.0000,0.0000,0.0073,0.0004,200,11.4596
0.0081,0.0000,0.0000,0.0000,0.0080,0.0001,200,11.4656
0.0084,0.0000,0.0000,0.0000,0.0082,0.0000,200,11.4654
0.0083,0.0000,0.0000,0.0000,0.0083,0.0000,200,11.4655
0.0091,0.0000,0.0000,0.0000,0.0089,0.0001,200,11.4673
0.0081,0.0000,0.0000,0.0000,0.0078,0.0002,200,11.4737
0.0080,0.0000,0.0000,0.0000,0.0077,0.0003,200,11.4739
0.0099,0.0000,0.0000,0.0000,0.0098,0.0001,200,11.4738
0.0081,0.0000,0.0000,0.0000,0.0073,0.0007,200,11.4765
0.0084,0.0000,0.0000,0.0000,0.0083,0.0000,200,11.4819
0.0089,0.0000,0.0000,0.0000,0.0083,0.0006,200,11.4818
0.0083,0.0000,0.0000,0.0000,0.0082,0.0001,200,11.4837
0.0081,0.0000,0.0000,0.0000,0.0080,0.0000,200,11.4846
0.0082,0.0000,0.0000,0.0000,0.0074,0.0007,200,11.4907
0.0098,0.0000,0.0000,0.0000,0.0097,0.0000,200,11.4903
0.0075,0.0000,0.0000,0.0000,0.0075,0.0000,200,11.4926
0.0122,0.0000,0.0000,0.0000,0.0119,0.0002,200,11.4920
0.0076,0.0000,0.0000,0.0000,0.0072,0.0004,200,11.4989
0.0078,0.0000,0.0000,0.0000,0.0075,0.0002,200,11.5001
0.0108,0.0000,0.0000,0.0000,0.0107,0.0001,200,11.5002
0.0074,0.0000,0.0000,0.0000,0.0073,0.0000,200,11.5042
0.0085,0.0000,0.0000,0.0000,0.0084,0.0001,200,11.5066
0.0095,0.0000,0.0000,0.0000,0.0094,0.0001,200,11.5079
0.0076,0.0000,0.0000,0.0000,0.0072,0.0004,200,11.5116
0.0089,0.0000,0.0000,0.0000,0.0088,0.0001,200,11.5110
0.0099,0.0000,0.0000,0.0000,0.0098,0.0001,200,11.5175
0.0126,0.0000,0.0000,0.0000,0.0125,0.0000,200,11.5151
0.0095,0.0000,0.0000,0.0000,0.0093,0.0001,200,11.5192
0.0124,0.0000,0.0000,0.0000,0.0123,0.0001,200,11.5198
0.0078,0.0000,0.0000,0.0000,0.0076,0.0001,200,11.5277
0.0076,0.0000,0.0000,0.0000,0.0076,0.0000,200,11.5287
0.0090,0.0000,0.0000,0.0000,0.0081,0.0007,200,11.5274
0.0085,0.0000,0.0000,0.0000,0.0084,0.0001,200,11.5322
0.0077,0.0000,0.0000,0.0000,0.0077,0.0000,200,11.5363
0.0078,0.0000,0.0000,0.0000,0.0077,0.0000,200,11.5363
0.0087,0.0000,0.0000,0.0000,0.0086,0.0000,200,11.5355
0.0087,0.0000,0.0000,0.0000,0.0075,0.0012,200,11.5408
0.0078,0.0000,0.0000,0.0000,0.0077,0.0001,200,11.5442
0.0083,0.0000,0.0000,0.0000,0.0079,0.0004,200,11.5441
0.0085,0.0000,0.0000,0.0000,0.0076,0.0008,200,11.5441
0.0101,0.0000,0.0000,0.0000,0.0098,0.0002,200,11.5495
0.0083,0.0000,0.0000,0.0000,0.0081,0.0001,200,11.5520
0.0077,0.0000,0.0000,0.0000,0.0077,0.0000,200,11.5525
0.0092,0.0000,0.0000,0.0000,0.0080,0.0012,200,11.5524
0.0085,0.0000,0.0000,0.0000,0.0081,0.0003,200,11.5596
0.0081,0.0000,0.0000,0.0000,0.0076,0.0005,200,11.5602
0.0085,0.0000,0.0000,0.0000,0.0079,0.0006,200,11.5603
0.0081,0.0000,0.0000,0.0000,0.0080,0.0001,200,11.5616
0.0077,0.0000,0.0000,0.0000,0.0076,0.0001,200,11.5688
0.0089,0.0000,0.0000,0.0000,0.0084,0.0005,200,11.5681
0.0095,0.0000,0.0000,0.0000,0.0095,0.0000,200,11.5684
0.0082,0.0000,0.0000,0.0000,0.0073,0.0009,200,11.5697
0.0078,0.0000,0.0000,0.0000,0.0077,0.0001,200,11.5770
0.0107,0.0000,0.0000,0.0000,0.0106,0.0001,200,11.5779
0.0108,0.0000,0.0000,0.0000,0.0108,0.0000,200,11.5779
0.0124,0.0000,0.0000,0.0000,0.0079,0.0044,200,11.5765
0.0088,0.0000,0.0000,0.0000,0.0086,0.0001,200,11.5848
0.0084,0.0000,0.0000,0.0000,0.0082,0.0001,200,11.5886
0.0084,0.0000,0.0000,0.0000,0.0084,0.0000,200,11.5888
0.0092,0.0000,0.0000,0.0000,0.0085,0.0006,200,11.5888
0.0075,0.0000,0.0000,0.0000,0.0073,0.0001,200,11.5936
0.0076,0.0000,0.0000,0.0000,0.0075,0.0001,200,11.5970
0.0077,0.0000,0.0000,0.0000,0.0076,0.0001,200,11.5972
0.0076,0.0000,0.0000,0.0000,0.0073,0.0002,200,11.5980
0.0076,0.0000,0.0000,0.0000,0.0073,0.0003,200,11.6011
0.0072,0.0000,0.0000,0.0000,0.0070,0.0001,200,11.6049
0.0075,0.0000,0.0000,0.0000,0.0074,0.0000,200,11.6046
0.0069,0.0000,0.0000,0.0000,0.0069,0.0000,200,11.6056
0.0072,0.0000,0.0000,0.0000,0.0071,0.0000,200,11.6086
0.0071,0.0000,0.0000,0.0000,0.0070,0.0001,200,11.6121
0.0072,0.0000,0.0000,0.0000,0.0071,0.0000,200,11.6121
0.0071,0.0000,0.0000,0.0000,0.0068,0.0003,200,11.6126
0.0069,0.0000,0.0000,0.0000,0.0068,0.0001,200,11.6158
0.0074,0.0000,0.0000,0.0000,0.0071,0.0003,200,11.6196
0.0079,0.0000,0.0000,0.0000,0.0075,0.0004,200,11.6192
0.0079,0.0000,0.0000,0.0000,0.0075,0.0003,200,11.6193
0.0072,0.0000,0.0000,0.0000,0.0071,0.0001,200,11.6228
0.0076,0.0000,0.0000,0.0000,0.0072,0.0003,200,11.6271
0.0076,0.0000,0.0000,0.0000,0.0074,0.0002,200,11.6271
0.0078,0.0000,0.0000,0.0000,0.0074,0.0003,200,11.6271
0.0072,0.0000,0.0000,0.0000,0.0071,0.0001,200,11.6300
0.0074,0.0000,0.0000,0.0000,0.0071,0.0002,200,11.6347
0.0074,0.0000,0.0000,0.0000,0.0073,0.0000,200,11.6348
0.0075,0.0000,0.0000,0.0000,0.0075,0.0000,200,11.6347
0.0072,0.0000,0.0000,0.0000,0.0071,0.0001,200,11.6372
0.0075,0.0000,0.0000,0.0000,0.0072,0.0002,200,11.6421
0.0074,0.0000,0.0000,0.0000,0.0073,0.0000,200,11.6422
0.0074,0.0000,0.0000,0.0000,0.0074,0.0000,200,11.6423
0.0072,0.0000,0.0000,0.0000,0.0071,0.0000,200,11.6444
0.0075,0.0000,0.0000,0.0000,0.0073,0.0001,200,11.6496
0.0078,0.0000,0.0000,0.0000,0.0077,0.0000,200,11.6496
0.0077,0.0000,0.0000,0.0000,0.0076,0.0000,200,11.6497
0.0070,0.0000,0.0000,0.0000,0.0069,0.0000,200,11.6516
0.0076,0.0000,0.0000,0.0000,0.0075,0.0000,200,11.6571
0.0074,0.0000,0.0000,0.0000,0.0073,0.0000,200,11.6574
0.0075,0.0000,0.0000,0.0000,0.0074,0.0000,200,11.6574
0.0073,0.0000,0.0000,0.0000,0.0068,0.0005,200,11.6586
0.0074,0.0000,0.0000,0.0000,0.0072,0.0001,200,11.6646
0.0073,0.0000,0.0000,0.0000,0.0072,0.0000,200,11.6648
0.0084,0.0000,0.0000,0.0000,0.0081,0.0003,200,11.6647
0.0073,0.0000,0.0000,0.0000,0.0069,0.0004,200,11.6659
0.0073,0.0000,0.0000,0.0000,0.0071,0.0001,200,11.6720
0.0073,0.0000,0.0000,0.0000,0.0072,0.0000,200,11.6721
0.0072,0.0000,0.0000,0.0000,0.0069,0.0003,200,11.6731
0.0073,0.0000,0.0000,0.0000,0.0071,0.0002,200,11.6731
0.0070,0.0000,0.0000,0.0000,0.0068,0.0001,200,11.6794
0.0071,0.0000,0.0000,0.0000,0.0070,0.0000,200,11.6793
0.0069,0.0000,0.0000,0.0000,0.0067,0.0001,200,11.6805
0.0071,0.0000,0.0000,0.0000,0.0068,0.0002,200,11.6804
0.0074,0.0000,0.0000,0.0000,0.0074,0.0001,200,11.6864
0.0074,0.0000,0.0000,0.0000,0.0073,0.0001,200,11.6864
0.0071,0.0000,0.0000,0.0000,0.0070,0.0000,200,11.6873
0.0075,0.0000,0.0000,0.0000,0.0074,0.0001,200,11.6874
0.0070,0.0000,0.0000,0.0000,0.0069,0.0001,200,11.6944
0.0076,0.0000,0.0000,0.0000,0.0075,0.0000,200,11.6938
0.0076,0.0000,0.0000,0.0000,0.0075,0.0000,200,11.6938
0.0069,0.0000,0.0000,0.0000,0.0068,0.0000,200,11.6950
0.0075,0.0000,0.0000,0.0001,0.0074,0.0000,200,11.7014
0.0078,0.0000,0.0000,0.0000,0.0077,0.0001,200,11.7014
0.0078,0.0000,0.0000,0.0000,0.0073,0.0005,200,11.7014
0.0074,0.0000,0.0000,0.0000,0.0073,0.0000,200,11.7019
0.0075,0.0000,0.0000,0.0000,0.0073,0.0002,200,11.7093
0.0078,0.0000,0.0000,0.0003,0.0072,0.0003,200,11.7092
0.0082,0.0000,0.0000,0.0000,0.0077,0.0004,200,11.7089
0.0079,0.0000,0.0000,0.0000,0.0078,0.0001,200,11.7092
0.0076,0.0000,0.0000,0.0000,0.0075,0.0002,200,11.7171
0.0078,0.0000,0.0000,0.0000,0.0077,0.0000,200,11.7170
0.0082,0.0000,0.0000,0.0000,0.0082,0.0000,200,11.7169
0.0088,0.0000,0.0000,0.0000,0.0082,0.0005,200,11.7168
0.0082,0.0000,0.0000,0.0000,0.0081,0.0000,200,11.7248
0.0078,0.0000,0.0000,0.0000,0.0076,0.0002,200,11.7252
0.0079,0.0000,0.0000,0.0000,0.0078,0.0001,200,11.7256
0.0092,0.0000,0.0000,0.0000,0.0089,0.0003,200,11.7248
0.0083,0.0000,0.0000,0.0000,0.0082,0.0001,200,11.7329
0.0077,0.0000,0.0000,0.0000,0.0076,0.0001,200,11.7335
0.0078,0.0000,0.0000,0.0000,0.0077,0.0000,200,11.7340
0.0096,0.0000,0.0000,0.0000,0.0096,0.0001,200,11.7330
0.0081,0.0000,0.0000,0.0000,0.0076,0.0005,200,11.7413
0.0076,0.0000,0.0000,0.0000,0.0072,0.0004,200,11.7418
0.0083,0.0000,0.0000,0.0000,0.0077,0.0006,200,11.7413
0.0078,0.0000,0.0000,0.0000,0.0077,0.0001,200,11.7426
0.0077,0.0000,0.0000,0.0000,0.0076,0.0001,200,11.7494
0.0079,0.0000,0.0000,0.0000,0.0076,0.0003,200,11.7494
0.0072,0.0000,0.0000,0.0000,0.0068,0.0003,200,11.7505
0.0082,0.0000,0.0000,0.0000,0.0080,0.0002,200,11.7495
0.0078,0.0000,0.0000,0.0000,0.0077,0.0001,200,11.7571
0.0084,0.0000,0.0000,0.0000,0.0083,0.0001,200,11.7573
0.0085,0.0000,0.0000,0.0000,0.0084,0.0000,200,11.7576
0.0085,0.0000,0.0000,0.0000,0.0071,0.0014,200,11.7577
0.0084,0.0000,0.0000,0.0000,0.0081,0.0003,200,11.7649
0.0076,0.0000,0.0000,0.0000,0.0075,0.0000,200,11.7657
0.0073,0.0000,0.0000,0.0000,0.0072,0.0000,200,11.7661
0.0074,0.0000,0.0000,0.0000,0.0073,0.0000,200,11.7662
0.0078,0.0000,0.0000,0.0000,0.0077,0.0001,200,11.7733
0.0078,0.0000,0.0000,0.0000,0.0076,0.0000,200,11.7734
0.0077,0.0000,0.0000,0.0000,0.0076,0.0000,200,11.7736
0.0090,0.0000,0.0000,0.0000,0.0085,0.0004,200,11.7733
0.0073,0.0000,0.0000,0.0000,0.0071,0.0001,200,11.7811
0.0073,0.0000,0.0000,0.0000,0.0072,0.0000,200,11.7813
0.0074,0.0000,0.0000,0.0000,0.0073,0.0000,200,11.7812
0.0072,0.0000,0.0000,0.0000,0.0069,0.0002,200,11.7823
0.0076,0.0000,0.0000,0.0000,0.0075,0.0001,200,11.7886
0.0076,0.0000,0.0000,0.0000,0.0075,0.0001,200,11.7886
0.0079,0.0000,0.0000,0.0001,0.0076,0.0002,200,11.7884
0.0068,0.0000,0.0000,0.0000,0.0067,0.0000,200,11.7895
0.0073,0.0000,0.0000,0.0000,0.0071,0.0001,200,11.7963
0.0075,0.0000,0.0000,0.0000,0.0073,0.0002,200,11.7961
0.0076,0.0000,0.0000,0.0000,0.0074,0.0001,200,11.7961
0.0076,0.0000,0.0000,0.0000,0.0075,0.0000,200,11.7963
0.0073,0.0000,0.0000,0.0000,0.0070,0.0003,200,11.8038
0.0077,0.0000,0.0000,0.0000,0.0074,0.0003,200,11.8035
0.0075,0.0000,0.0000,0.0000,0.0073,0.0002,200,11.8037
0.0077,0.0000,0.0000,0.0000,0.0073,0.0004,200,11.8037
0.0077,0.0000,0.0000,0.0000,0.0073,0.0001,200,11.8112
0.0078,0.0000,0.0000,0.0000,0.0075,0.0000,200,11.8112
0.0079,0.0000,0.0000,0.0002,0.0076,0.0000,200,11.8112
0.0076,0.0000,0.0000,0.0000,0.0075,0.0001,200,11.8115
0.0074,0.0000,0.0000,0.0000,0.0073,0.0001,200,11.8191
0.0075,0.0000,0.0000,0.0000,0.0074,0.0001,200,11.8190
0.0076,0.0000,0.0000,0.0000,0.0074,0.0002,200,11.8191
0.0076,0.0000,0.0000,0.0000,0.0074,0.0002,200,11.8191
0.0078,0.0000,0.0000,0.0000,0.0078,0.0000,200,11.8267
0.0081,0.0000,0.0000,0.0000,0.0076,0.0005,200,11.8265
0.0081,0.0000,0.0000,0.0000,0.0076,0.0005,200,11.8265
0.0081,0.0000,0.0000,0.0000,0.0075,0.0004,200,11.8267
0.0072,0.0000,0.0000,0.0000,0.0071,0.0001,200,11.8348
0.0075,0.0000,0.0000,0.0000,0.0073,0.0002,200,11.8345
0.0075,0.0000,0.0000,0.0000,0.0075,0.0000,200,11.8346
0.0076,0.0000,0.0000,0.0000,0.0075,0.0000,200,11.8346
0.0075,0.0000,0.0000,0.0000,0.0071,0.0003,200,11.8420
0.0074,0.0000,0.0000,0.0000,0.0071,0.0002,200,11.8421
0.0075,0.0000,0.0000,0.0000,0.0073,0.0001,200,11.8422
0.0079,0.0000,0.0000,0.0000,0.0075,0.0004,200,11.8421
0.0073,0.0000,0.0000,0.0000,0.0073,0.0000,200,11.8495
0.0072,0.0000,0.0000,0.0000,0.0070,0.0001,200,11.8497
0.0071,0.0000,0.0000,0.0000,0.0071,0.0000,200,11.8500
0.0076,0.0000,0.0000,0.0000,0.0074,0.0002,200,11.8495
0.0076,0.0000,0.0000,0.0000,0.0075,0.0001,200,11.8569
0.0075,0.0000,0.0000,0.0000,0.0072,0.0002,200,11.8571
0.0076,0.0000,0.0000,0.0000,0.0073,0.0002,200,11.8571
0.0078,0.0000,0.0000,0.0000,0.0074,0.0003,200,11.8569
0.0073,0.0000,0.0000,0.0000,0.0072,0.0001,200,11.8647
0.0073,0.0000,0.0000,0.0000,0.0072,0.0001,200,11.8647
0.0075,0.0000,0.0000,0.0000,0.0073,0.0001,200,11.8646
0.0076,0.0000,0.0000,0.0000,0.0074,0.0002,200,11.8645
0.0075,0.0000,0.0000,0.0000,0.0071,0.0003,200,11.8720
0.0075,0.0000,0.0000,0.0000,0.0072,0.0003,200,11.8720
0.0075,0.0000,0.0000,0.0000,0.0071,0.0003,200,11.8721
0.0075,0.0000,0.0000,0.0000,0.0074,0.0000,200,11.8721
0.0073,0.0000,0.0000,0.0000,0.0072,0.0000,200,11.8796
0.0074,0.0000,0.0000,0.0000,0.0074,0.0000,200,11.8796
0.0075,0.0000,0.0000,0.0000,0.0072,0.0003,200,11.8795
0.0075,0.0000,0.0000,0.0000,0.0075,0.0000,200,11.8795
0.0072,0.0000,0.0000,0.0000,0.0071,0.0001,200,11.8870
0.0073,0.0000,0.0000,0.0000,0.0072,0.0000,200,11.8870
0.0075,0.0000,0.0000,0.0000,0.0073,0.0002,200,11.8868
0.0080,0.0000,0.0000,0.0000,0.0079,0.0000,200,11.8871
0.0073,0.0000,0.0000,0.0000,0.0071,0.0001,200,11.8942
0.0069,0.0000,0.0000,0.0000,0.0068,0.0001,200,11.8950
0.0076,0.0000,0.0000,0.0000,0.0076,0.0000,200,11.8944
0.0078,0.0000,0.0000,0.0000,0.0078,0.0000,200,11.8943
0.0076,0.0000,0.0000,0.0000,0.0075,0.0001,200,11.9019
0.0075,0.0000,0.0000,0.0000,0.0074,0.0000,200,11.9021
0.0081,0.0000,0.0000,0.0000,0.0073,0.0007,200,11.9020
0.0089,0.0000,0.0000,0.0000,0.0083,0.0005,200,11.9015
0.0076,0.0000,0.0000,0.0000,0.0075,0.0000,200,11.9095
0.0069,0.0000,0.0000,0.0000,0.0066,0.0003,200,11.9104
0.0073,0.0000,0.0000,0.0000,0.0070,0.0002,200,11.9101
0.0079,0.0000,0.0000,0.0000,0.0077,0.0002,200,11.9096
0.0074,0.0000,0.0000,0.0000,0.0071,0.0002,200,11.9173
0.0073,0.0000,0.0000,0.0000,0.0069,0.0003,200,11.9174
0.0072,0.0000,0.0000,0.0000,0.0069,0.0002,200,11.9175
0.0076,0.0000,0.0000,0.0000,0.0074,0.0002,200,11.9171
0.0073,0.0000,0.0000,0.0000,0.0073,0.0001,200,11.9247
0.0074,0.0000,0.0000,0.0000,0.0073,0.0001,200,11.9247
0.0074,0.0000,0.0000,0.0000,0.0074,0.0000,200,11.9247
0.0075,0.0000,0.0000,0.0000,0.0073,0.0001,200,11.9247
0.0074,0.0000,0.0000,0.0000,0.0073,0.0001,200,11.9321
0.0073,0.0000,0.0000,0.0000,0.0072,0.0001,200,11.9322
0.0075,0.0000,0.0000,0.0000,0.0073,0.0002,200,11.9321
0.0076,0.0000,0.0000,0.0000,0.0076,0.0000,200,11.9322
0.0077,0.0000,0.0000,0.0000,0.0076,0.0001,200,11.9395
0.0079,0.0000,0.0000,0.0000,0.0078,0.0001,200,11.9395
0.0078,0.0000,0.0000,0.0000,0.0077,0.0001,200,11.9396
0.0079,0.0000,0.0000,0.0000,0.0079,0.0000,200,11.9398
0.0073,0.0000,0.0000,0.0000,0.0071,0.0002,200,11.9474
0.0070,0.0000,0.0000,0.0000,0.0069,0.0000,200,11.9477
0.0075,0.0000,0.0000,0.0000,0.0073,0.0001,200,11.9474
0.0078,0.0000,0.0000,0.0000,0.0077,0.0001,200,11.9473
0.0076,0.0000,0.0000,0.0000,0.0072,0.0003,200,11.9547
0.0076,0.0000,0.0000,0.0000,0.0071,0.0004,200,11.9549
0.0081,0.0000,0.0000,0.0000,0.0080,0.0000,200,11.9547
0.0077,0.0000,0.0000,0.0000,0.0075,0.0002,200,11.9551
0.0075,0.0000,0.0000,0.0000,0.0073,0.0001,200,11.9623
0.0074,0.0000,0.0000,0.0000,0.0073,0.0000,200,11.9624
0.0071,0.0000,0.0000,0.0000,0.0071,0.0000,200,11.9628
0.0072,0.0000,0.0000,0.0000,0.0072,0.0000,200,11.9627
0.0072,0.0000,0.0000,0.0000,0.0070,0.0002,200,11.9700
0.0075,0.0000,0.0000,0.0000,0.0073,0.0001,200,11.9697
0.0074,0.0000,0.0000,0.0000,0.0072,0.0002,200,11.9698
0.0076,0.0000,0.0000,0.0000,0.0075,0.0000,200,11.9699
0.0072,0.0000,0.0000,0.0000,0.0072,0.0000,200,11.9773
0.0076,0.0000,0.0000,0.0000,0.0072,0.0004,200,11.9773
0.0074,0.0000,0.0000,0.0000,0.0069,0.0005,200,11.9775
0.0078,0.0000,0.0000,0.0000,0.0074,0.0003,200,11.9772
0.0074,0.0000,0.0000,0.0000,0.0073,0.0001,200,11.9845
0.0071,0.0000,0.0000,0.0000,0.0071,0.0000,200,11.9849
0.0072,0.0000,0.0000,0.0000,0.0070,0.0002,200,11.9849
0.0083,0.0000,0.0000,0.0000,0.0079,0.0004,200,11.9850
0.0075,0.0000,0.0000,0.0000,0.0074,0.0001,200,11.9921
0.0078,0.0000,0.0000,0.0000,0.0077,0.0000,200,11.9919
0.0077,0.0000,0.0000,0.0000,0.0076,0.0001,200,11.9921
0.0068,0.0000,0.0000,0.0000,0.0066,0.0001,200,11.9933
0.0076,0.0000,0.0000,0.0000,0.0075,0.0001,200,11.9996
0.0076,0.0000,0.0000,0.0000,0.0075,0.0000,200,11.9997
0.0076,0.0000,0.0000,0.0000,0.0075,0.0000,200,11.9998
0.0077,0.0000,0.0000,0.0000,0.0076,0.0000,200,12.0001
0.0074,0.0000,0.0000,0.0000,0.0073,0.0001,200,12.0072
0.0070,0.0000,0.0000,0.0000,0.0069,0.0001,200,12.0078
0.0075,0.0000,0.0000,0.0000,0.0073,0.0002,200,12.0074
0.0088,0.0000,0.0000,0.0000,0.0087,0.0001,200,12.0073
0.0072,0.0000,0.0000,0.0000,0.0070,0.0002,200,12.0149
0.0073,0.0000,0.0000,0.0000,0.0071,0.0002,200,12.0148
0.0077,0.0000,0.0000,0.0000,0.0076,0.0000,200,12.0146
0.0073,0.0000,0.0000,0.0000,0.0070,0.0002,200,12.0161
0.0071,0.0000,0.0000,0.0000,0.0069,0.0002,200,12.0223
0.0074,0.0000,0.0000,0.0000,0.0072,0.0002,200,12.0221
0.0076,0.0000,0.0000,0.0000,0.0074,0.0001,200,12.0221
0.0073,0.0000,0.0000,0.0000,0.0070,0.0003,200,12.0234
0.0074,0.0000,0.0000,0.0000,0.0073,0.0001,200,12.0295
0.0075,0.0000,0.0000,0.0000,0.0074,0.0001,200,12.0296
0.0077,0.0000,0.0000,0.0000,0.0076,0.0000,200,12.0295
0.0075,0.0000,0.0000,0.0000,0.0070,0.0004,200,12.0306
0.0074,0.0000,0.0000,0.0001,0.0073,0.0001,200,12.0369
0.0076,0.0000,0.0000,0.0000,0.0075,0.0001,200,12.0371
0.0075,0.0000,0.0000,0.0000,0.0071,0.0004,200,12.0372
0.0067,0.0000,0.0000,0.0000,0.0066,0.0000,200,12.0381
0.0070,0.0000,0.0000,0.0000,0.0068,0.0002,200,12.0447
0.0075,0.0000,0.0000,0.0000,0.0072,0.0002,200,12.0443
0.0070,0.0000,0.0000,0.0000,0.0069,0.0001,200,12.0448
0.0073,0.0000,0.0000,0.0000,0.0072,0.0000,200,12.0447
0.0073,0.0000,0.0000,0.0000,0.0072,0.0001,200,12.0519
0.0076,0.0000,0.0000,0.0000,0.0071,0.0004,200,12.0518
0.0074,0.0000,0.0000,0.0000,0.0073,0.0000,200,12.0520
0.0079,0.0000,0.0000,0.0000,0.0078,0.0000,200,12.0517
0.0073,0.0000,0.0000,0.0000,0.0072,0.0001,200,12.0593
0.0075,0.0000,0.0000,0.0000,0.0072,0.0002,200,12.0593
0.0072,0.0000,0.0000,0.0000,0.0069,0.0002,200,12.0597
0.0077,0.0000,0.0000,0.0000,0.0075,0.0002,200,12.0592
0.0073,0.0000,0.0000,0.0000,0.0071,0.0001,200,12.0666
0.0072,0.0000,0.0000,0.0000,0.0071,0.0001,200,12.0668
0.0072,0.0000,0.0000,0.0000,0.0070,0.0002,200,12.0669
0.0073,0.0000,0.0000,0.0000,0.0071,0.0002,200,12.0669
0.0072,0.0000,0.0000,0.0000,0.0070,0.0001,200,12.0741
0.0072,0.0000,0.0000,0.0000,0.0071,0.0000,200,12.0741
0.0073,0.0000,0.0000,0.0000,0.0073,0.0000,200,12.0740
0.0076,0.0000,0.0000,0.0000,0.0075,0.0000,200,12.0739
0.0074,0.0000,0.0000,0.0000,0.0073,0.0001,200,12.0814
0.0075,0.0000,0.0000,0.0000,0.0074,0.0000,200,12.0815
0.0077,0.0000,0.0000,0.0000,0.0077,0.0000,200,12.0813
0.0078,0.0000,0.0000,0.0000,0.0075,0.0003,200,12.0812
0.0073,0.0000,0.0000,0.0000,0.0072,0.0000,200,12.0890
0.0075,0.0000,0.0000,0.0000,0.0074,0.0000,200,12.0888
0.0073,0.0000,0.0000,0.0000,0.0070,0.0002,200,12.0891
0.0074,0.0000,0.0000,0.0000,0.0072,0.0002,200,12.0890
0.0075,0.0000,0.0000,0.0000,0.0071,0.0003,200,12.0963
0.0075,0.0000,0.0000,0.0000,0.0072,0.0003,200,12.0964
0.0077,0.0000,0.0000,0.0000,0.0073,0.0003,200,12.0963
0.0077,0.0000,0.0000,0.0000,0.0076,0.0000,200,12.0963
0.0072,0.0000,0.0000,0.0000,0.0070,0.0002,200,12.1039
0.0074,0.0000,0.0000,0.0000,0.0073,0.0000,200,12.1038
0.0075,0.0000,0.0000,0.0000,0.0074,0.0001,200,12.1039
0.0074,0.0000,0.0000,0.0000,0.0073,0.0000,200,12.1040
0.0076,0.0000,0.0000,0.0000,0.0073,0.0002,200,12.1112
0.0076,0.0000,0.0000,0.0000,0.0073,0.0003,200,12.1114
0.0077,0.0000,0.0000,0.0000,0.0073,0.0003,200,12.1112
0.0076,0.0000,0.0000,0.0000,0.0072,0.0004,200,12.1113
0.0075,0.0000,0.0000,0.0000,0.0074,0.0001,200,12.1189
0.0076,0.0000,0.0000,0.0000,0.0075,0.0000,200,12.1189
0.0081,0.0000,0.0000,0.0000,0.0080,0.0000,200,12.1188
0.0079,0.0000,0.0000,0.0000,0.0079,0.0000,200,12.1189
0.0070,0.0000,0.0000,0.0000,0.0069,0.0001,200,12.1269
0.0075,0.0000,0.0000,0.0000,0.0074,0.0001,200,12.1264
0.0074,0.0000,0.0000,0.0000,0.0073,0.0000,200,12.1265
0.0071,0.0000,0.0000,0.0000,0.0071,0.0000,200,12.1269
0.0073,0.0000,0.0000,0.0000,0.0072,0.0001,200,12.1339
0.0073,0.0000,0.0000,0.0000,0.0072,0.0000,200,12.1340
0.0075,0.0000,0.0000,0.0000,0.0074,0.0000,200,12.1339
0.0075,0.0000,0.0000,0.0000,0.0071,0.0004,200,12.1339
0.0072,0.0000,0.0000,0.0000,0.0071,0.0001,200,12.1414
0.0074,0.0000,0.0000,0.0000,0.0072,0.0002,200,12.1413
0.0074,0.0000,0.0000,0.0000,0.0073,0.0000,200,12.1414
0.0078,0.0000,0.0000,0.0000,0.0072,0.0006,200,12.1412
0.0074,0.0000,0.0000,0.0000,0.0072,0.0002,200,12.1487
0.0071,0.0000,0.0000,0.0000,0.0069,0.0002,200,12.1490
0.0074,0.0000,0.0000,0.0000,0.0072,0.0002,200,12.1487
0.0074,0.0000,0.0000,0.0000,0.0070,0.0004,200,12.1488
0.0075,0.0000,0.0000,0.0000,0.0074,0.0000,200,12.1561
0.0075,0.0000,0.0000,0.0000,0.0071,0.0003,200,12.1562
0.0076,0.0000,0.0000,0.0000,0.0075,0.0001,200,12.1562
0.0077,0.0000,0.0000,0.0000,0.0075,0.0001,200,12.1562
0.0073,0.0000,0.0000,0.0000,0.0071,0.0002,200,12.1639
0.0075,0.0000,0.0000,0.0000,0.0073,0.0002,200,12.1637
0.0075,0.0000,0.0000,0.0000,0.0072,0.0002,200,12.1638
0.0077,0.0000,0.0000,0.0000,0.0073,0.0004,200,12.1636
0.0073,0.0000,0.0000,0.0000,0.0072,0.0001,200,12.1712
0.0074,0.0000,0.0000,0.0000,0.0073,0.0001,200,12.1712
0.0076,0.0000,0.0000,0.0000,0.0074,0.0002,200,12.1712
0.0076,0.0000,0.0000,0.0000,0.0074,0.0001,200,12.1713
0.0072,0.0000,0.0000,0.0000,0.0070,0.0002,200,12.1789
0.0076,0.0000,0.0000,0.0000,0.0075,0.0001,200,12.1786
0.0078,0.0000,0.0000,0.0000,0.0077,0.0000,200,12.1786
0.0077,0.0000,0.0000,0.0000,0.0076,0.0000,200,12.1788
0.0072,0.0000,0.0000,0.0000,0.0071,0.0001,200,12.1865
0.0077,0.0000,0.0000,0.0000,0.0076,0.0000,200,12.1861
0.0074,0.0000,0.0000,0.0000,0.0074,0.0000,200,12.1863
0.0087,0.0000,0.0000,0.0000,0.0087,0.0001,200,12.1863
0.0076,0.0000,0.0000,0.0000,0.0072,0.0003,200,12.1937
0.0077,0.0000,0.0000,0.0000,0.0077,0.0000,200,12.1937
0.0077,0.0000,0.0000,0.0000,0.0077,0.0000,200,12.1938
0.0081,0.0000,0.0000,0.0000,0.0080,0.0001,200,12.1950
0.0077,0.0000,0.0000,0.0000,0.0076,0.0001,200,12.2013
0.0077,0.0000,0.0000,0.0000,0.0073,0.0003,200,12.2015
0.0076,0.0000,0.0000,0.0000,0.0072,0.0003,200,12.2015
0.0074,0.0000,0.0000,0.0000,0.0073,0.0000,200,12.2031
0.0073,0.0000,0.0000,0.0000,0.0072,0.0001,200,12.2090
0.0074,0.0000,0.0000,0.0000,0.0072,0.0002,200,12.2091
0.0074,0.0000,0.0000,0.0000,0.0071,0.0002,200,12.2091
0.0073,0.0000,0.0000,0.0000,0.0068,0.0005,200,12.2105
0.0078,0.0000,0.0000,0.0000,0.0077,0.0001,200,12.2163
0.0077,0.0000,0.0000,0.0000,0.0076,0.0000,200,12.2165
0.0077,0.0000,0.0000,0.0000,0.0076,0.0000,200,12.2165
0.0076,0.0000,0.0000,0.0000,0.0075,0.0001,200,12.2178
0.0074,0.0000,0.0000,0.0000,0.0073,0.0000,200,12.2241
0.0074,0.0000,0.0000,0.0000,0.0074,0.0000,200,12.2242
0.0075,0.0000,0.0000,0.0000,0.0072,0.0003,200,12.2242
0.0074,0.0000,0.0000,0.0000,0.0073,0.0001,200,12.2254
0.0078,0.0000,0.0000,0.0000,0.0076,0.0002,200,12.2315
0.0077,0.0000,0.0000,0.0000,0.0075,0.0002,200,12.2316
0.0077,0.0000,0.0000,0.0000,0.0074,0.0003,200,12.2316
0.0076,0.0000,0.0000,0.0000,0.0075,0.0001,200,12.2329
0.0075,0.0000,0.0000,0.0000,0.0074,0.0001,200,12.2394
0.0077,0.0000,0.0000,0.0000,0.0076,0.0000,200,12.2393
0.0077,0.0000,0.0000,0.0000,0.0075,0.0001,200,12.2393
0.0070,0.0000,0.0000,0.0000,0.0069,0.0000,200,12.2405
0.0076,0.0000,0.0000,0.0000,0.0073,0.0002,200,12.2470
0.0078,0.0000,0.0000,0.0000,0.0076,0.0002,200,12.2469
0.0072,0.0000,0.0000,0.0000,0.0072,0.0000,200,12.2475
0.0081,0.0000,0.0000,0.0000,0.0074,0.0007,200,12.2470
0.0074,0.0000,0.0000,0.0000,0.0073,0.0001,200,12.2547
0.0070,0.0000,0.0000,0.0000,0.0068,0.0002,200,12.2551
0.0076,0.0000,0.0000,0.0000,0.0075,0.0000,200,12.2547
0.0079,0.0000,0.0000,0.0000,0.0070,0.0008,200,12.2547
0.0076,0.0000,0.0000,0.0000,0.0072,0.0004,200,12.2623
0.0078,0.0000,0.0000,0.0000,0.0076,0.0002,200,12.2622
0.0074,0.0000,0.0000,0.0000,0.0070,0.0003,200,12.2626
0.0079,0.0000,0.0000,0.0000,0.0072,0.0007,200,12.2621
0.0076,0.0000,0.0000,0.0000,0.0071,0.0004,200,12.2699
0.0076,0.0000,0.0000,0.0000,0.0070,0.0006,200,12.2700
0.0076,0.0000,0.0000,0.0000,0.0072,0.0004,200,12.2700
0.0078,0.0000,0.0000,0.0000,0.0070,0.0008,200,12.2700
0.0072,0.0000,0.0000,0.0000,0.0069,0.0002,200,12.2778
0.0075,0.0000,0.0000,0.0000,0.0073,0.0002,200,12.2775
0.0076,0.0000,0.0000,0.0000,0.0074,0.0001,200,12.2776
0.0076,0.0000,0.0000,0.0000,0.0076,0.0000,200,12.2776
0.0074,0.0000,0.0000,0.0000,0.0072,0.0002,200,12.2852
0.0076,0.0000,0.0000,0.0000,0.0072,0.0003,200,12.2850
0.0075,0.0000,0.0000,0.0000,0.0074,0.0001,200,12.2852
0.0080,0.0000,0.0000,0.0000,0.0078,0.0001,200,12.2850
0.0076,0.0000,0.0000,0.0000,0.0074,0.0001,200,12.2926
0.0072,0.0000,0.0000,0.0000,0.0069,0.0003,200,12.2930
0.0077,0.0000,0.0000,0.0000,0.0075,0.0002,200,12.2926
0.0082,0.0000,0.0000,0.0000,0.0081,0.0000,200,12.2928
0.0073,0.0000,0.0000,0.0000,0.0072,0.0001,200,12.3003
0.0075,0.0000,0.0000,0.0000,0.0073,0.0002,200,12.3002
0.0076,0.0000,0.0000,0.0000,0.0072,0.0003,200,12.3001
0.0069,0.0000,0.0000,0.0000,0.0068,0.0000,200,12.3010
0.0073,0.0000,0.0000,0.0000,0.0070,0.0002,200,12.3078
0.0074,0.0000,0.0000,0.0000,0.0071,0.0002,200,12.3077
0.0074,0.0000,0.0000,0.0000,0.0071,0.0003,200,12.3077
0.0075,0.0000,0.0000,0.0000,0.0071,0.0004,200,12.3076
0.0073,0.0000,0.0000,0.0000,0.0072,0.0001,200,12.3151
0.0073,0.0000,0.0000,0.0000,0.0071,0.0002,200,12.3151
0.0075,0.0000,0.0000,0.0000,0.0074,0.0000,200,12.3152
0.0076,0.0000,0.0000,0.0000,0.0073,0.0003,200,12.3151
0.0074,0.0000,0.0000,0.0000,0.0073,0.0001,200,12.3225
0.0075,0.0000,0.0000,0.0000,0.0073,0.0001,200,12.3224
0.0074,0.0000,0.0000,0.0000,0.0073,0.0000,200,12.3226
0.0074,0.0000,0.0000,0.0000,0.0074,0.0000,200,12.3227
0.0074,0.0000,0.0000,0.0000,0.0071,0.0003,200,12.3300
0.0076,0.0000,0.0000,0.0000,0.0072,0.0003,200,12.3299
0.0076,0.0000,0.0000,0.0000,0.0073,0.0003,200,12.3299
0.0075,0.0000,0.0000,0.0000,0.0075,0.0000,200,12.3301
0.0076,0.0000,0.0000,0.0000,0.0073,0.0003,200,12.3375
0.0075,0.0000,0.0000,0.0000,0.0071,0.0003,200,12.3376
0.0077,0.0000,0.0000,0.0000,0.0074,0.0003,200,12.3375
0.0081,0.0000,0.0000,0.0001,0.0080,0.0000,200,12.3374
0.0076,0.0000,0.0000,0.0000,0.0074,0.0001,200,12.3451
0.0077,0.0000,0.0000,0.0000,0.0076,0.0002,200,12.3452
0.0079,0.0000,0.0000,0.0000,0.0076,0.0002,200,12.3451
0.0075,0.0000,0.0000,0.0000,0.0071,0.0003,200,12.3455
0.0074,0.0000,0.0000,0.0000,0.0074,0.0001,200,12.3526
0.0073,0.0000,0.0000,0.0000,0.0071,0.0002,200,12.3529
0.0073,0.0000,0.0000,0.0000,0.0070,0.0002,200,12.3530
0.0075,0.0000,0.0000,0.0000,0.0070,0.0004,200,12.3530
0.0074,0.0000,0.0000,0.0000,0.0070,0.0004,200,12.3602
0.0077,0.0000,0.0000,0.0000,0.0077,0.0000,200,12.3602
0.0080,0.0000,0.0000,0.0000,0.0079,0.0000,200,12.3601
0.0076,0.0000,0.0000,0.0000,0.0068,0.0008,200,12.3605
0.0072,0.0000,0.0000,0.0000,0.0071,0.0001,200,12.3679
0.0075,0.0000,0.0000,0.0000,0.0074,0.0000,200,12.3676
0.0072,0.0000,0.0000,0.0000,0.0071,0.0000,200,12.3681
0.0073,0.0000,0.0000,0.0000,0.0072,0.0000,200,12.3681
0.0075,0.0000,0.0000,0.0000,0.0072,0.0002,200,12.3752
0.0076,0.0000,0.0000,0.0000,0.0073,0.0002,200,12.3751
0.0076,0.0000,0.0000,0.0000,0.0074,0.0002,200,12.3751
0.0076,0.0000,0.0000,0.0000,0.0075,0.0000,200,12.3753
0.0074,0.0000,0.0000,0.0000,0.0073,0.0001,200,12.3827
0.0075,0.0000,0.0000,0.0000,0.0074,0.0001,200,12.3829
0.0077,0.0000,0.0000,0.0000,0.0073,0.0004,200,12.3828
0.0080,0.0000,0.0000,0.0000,0.0080,0.0000,200,12.3827
0.0072,0.0000,0.0000,0.0000,0.0070,0.0002,200,12.3904
0.0071,0.0000,0.0000,0.0000,0.0069,0.0001,200,12.3905
0.0077,0.0000,0.0000,0.0000,0.0076,0.0000,200,12.3902
0.0071,0.0000,0.0000,0.0000,0.0068,0.0003,200,12.3908
0.0075,0.0000,0.0000,0.0000,0.0073,0.0002,200,12.3979
0.0079,0.0000,0.0000,0.0000,0.0076,0.0003,200,12.3976
0.0080,0.0000,0.0000,0.0000,0.0077,0.0002,200,12.3976
0.0077,0.0000,0.0000,0.0000,0.0074,0.0003,200,12.3978
0.0073,0.0000,0.0000,0.0000,0.0072,0.0001,200,12.4056
0.0075,0.0000,0.0000,0.0000,0.0073,0.0002,200,12.4055
0.0076,0.0000,0.0000,0.0000,0.0073,0.0002,200,12.4055
0.0077,0.0000,0.0000,0.0000,0.0074,0.0003,200,12.4054
0.0075,0.0000,0.0000,0.0000,0.0072,0.0002,200,12.4131
0.0074,0.0000,0.0000,0.0000,0.0070,0.0003,200,12.4132
0.0077,0.0000,0.0000,0.0000,0.0074,0.0003,200,12.4129
0.0078,0.0000,0.0000,0.0000,0.0073,0.0004,200,12.4131
0.0073,0.0000,0.0000,0.0000,0.0072,0.0001,200,12.4206
0.0074,0.0000,0.0000,0.0000,0.0072,0.0001,200,12.4206
0.0073,0.0000,0.0000,0.0000,0.0072,0.0000,200,12.4208
0.0077,0.0000,0.0000,0.0000,0.0072,0.0004,200,12.4205
0.0073,0.0000,0.0000,0.0000,0.0071,0.0001,200,12.4280
0.0074,0.0000,0.0000,0.0000,0.0071,0.0002,200,12.4279
0.0074,0.0000,0.0000,0.0000,0.0072,0.0002,200,12.4281
0.0074,0.0000,0.0000,0.0000,0.0071,0.0003,200,12.4283
0.0074,0.0000,0.0000,0.0000,0.0073,0.0001,200,12.4353
0.0072,0.0000,0.0000,0.0000,0.0071,0.0000,200,12.4357
0.0076,0.0000,0.0000,0.0000,0.0076,0.0000,200,12.4353
0.0077,0.0000,0.0000,0.0000,0.0076,0.0000,200,12.4355
0.0071,0.0000,0.0000,0.0000,0.0070,0.0001,200,12.4429
0.0069,0.0000,0.0000,0.0000,0.0068,0.0001,200,12.4432
0.0073,0.0000,0.0000,0.0000,0.0072,0.0000,200,12.4429
0.0076,0.0000,0.0000,0.0000,0.0073,0.0003,200,12.4427
0.0075,0.0000,0.0000,0.0000,0.0072,0.0001,200,12.4501
0.0074,0.0000,0.0000,0.0000,0.0071,0.0002,200,12.4503
0.0077,0.0000,0.0000,0.0000,0.0076,0.0000,200,12.4500
0.0077,0.0000,0.0000,0.0000,0.0075,0.0000,200,12.4501
0.0071,0.0000,0.0000,0.0000,0.0070,0.0002,200,12.4578
0.0074,0.0000,0.0000,0.0000,0.0072,0.0002,200,12.4576
0.0076,0.0000,0.0000,0.0000,0.0076,0.0000,200,12.4577
0.0094,0.0000,0.0000,0.0001,0.0073,0.0019,200,12.4577
0.0076,0.0000,0.0000,0.0000,0.0074,0.0001,200,12.4650
0.0077,0.0000,0.0000,0.0000,0.0077,0.0000,200,12.4650
0.0077,0.0000,0.0000,0.0000,0.0076,0.0000,200,12.4654
0.0079,0.0000,0.0000,0.0000,0.0077,0.0001,200,12.4671
0.0080,0.0000,0.0000,0.0000,0.0071,0.0008,200,12.4726
0.0081,0.0000,0.0000,0.0000,0.0080,0.0000,200,12.4727
0.0078,0.0000,0.0000,0.0000,0.0077,0.0000,200,12.4731
0.0071,0.0000,0.0000,0.0000,0.0071,0.0000,200,12.4751
0.0072,0.0000,0.0000,0.0000,0.0071,0.0001,200,12.4806
0.0073,0.0000,0.0000,0.0000,0.0072,0.0000,200,12.4808
0.0072,0.0000,0.0000,0.0000,0.0072,0.0000,200,12.4808
0.0077,0.0000,0.0000,0.0000,0.0076,0.0001,200,12.4822
0.0073,0.0000,0.0000,0.0000,0.0072,0.0001,200,12.4878
0.0072,0.0000,0.0000,0.0000,0.0069,0.0002,200,12.4880
0.0072,0.0000,0.0000,0.0000,0.0071,0.0001,200,12.4880
0.0071,0.0000,0.0000,0.0000,0.0070,0.0001,200,12.4899
0.0074,0.0000,0.0000,0.0000,0.0071,0.0003,200,12.4952
0.0074,0.0000,0.0000,0.0000,0.0072,0.0002,200,12.4952
0.0077,0.0000,0.0000,0.0000,0.0072,0.0004,200,12.4951
0.0093,0.0000,0.0000,0.0000,0.0092,0.0001,200,12.4969
0.0072,0.0000,0.0000,0.0000,0.0070,0.0002,200,12.5026
0.0072,0.0000,0.0000,0.0000,0.0068,0.0003,200,12.5027
0.0077,0.0000,0.0000,0.0000,0.0076,0.0000,200,12.5026
0.0071,0.0000,0.0000,0.0000,0.0068,0.0002,200,12.5062
0.0073,0.0000,0.0000,0.0000,0.0070,0.0002,200,12.5102
0.0077,0.0000,0.0000,0.0000,0.0075,0.0002,200,12.5098
0.0077,0.0000,0.0000,0.0000,0.0074,0.0002,200,12.5099
0.0071,0.0000,0.0000,0.0000,0.0070,0.0001,200,12.5133
0.0075,0.0000,0.0000,0.0000,0.0075,0.0001,200,12.5176
0.0075,0.0000,0.0000,0.0000,0.0070,0.0005,200,12.5176
0.0081,0.0000,0.0000,0.0000,0.0080,0.0001,200,12.5175
0.0092,0.0000,0.0000,0.0000,0.0091,0.0001,200,12.5205
0.0073,0.0000,0.0000,0.0000,0.0072,0.0001,200,12.5251
0.0069,0.0000,0.0000,0.0000,0.0068,0.0000,200,12.5257
0.0075,0.0000,0.0000,0.0000,0.0075,0.0000,200,12.5251
0.0071,0.0000,0.0000,0.0000,0.0070,0.0001,200,12.5297
0.0072,0.0000,0.0000,0.0000,0.0069,0.0003,200,12.5326
0.0072,0.0000,0.0000,0.0000,0.0071,0.0000,200,12.5327
0.0074,0.0000,0.0000,0.0000,0.0071,0.0002,200,12.5324
0.0072,0.0000,0.0000,0.0000,0.0071,0.0001,200,12.5368
0.0070,0.0000,0.0000,0.0000,0.0069,0.0001,200,12.5398
0.0072,0.0000,0.0000,0.0000,0.0071,0.0000,200,12.5398
0.0073,0.0000,0.0000,0.0000,0.0070,0.0002,200,12.5398
0.0071,0.0000,0.0000,0.0000,0.0069,0.0001,200,12.5440
0.0072,0.0000,0.0000,0.0000,0.0071,0.0001,200,12.5468
0.0070,0.0000,0.0000,0.0000,0.0069,0.0000,200,12.5471
0.0071,0.0000,0.0000,0.0000,0.0070,0.0000,200,12.5470
0.0077,0.0000,0.0000,0.0000,0.0076,0.0000,200,12.5510
0.0074,0.0000,0.0000,0.0000,0.0071,0.0003,200,12.5541
0.0074,0.0000,0.0000,0.0000,0.0074,0.0000,200,12.5541
0.0076,0.0000,0.0000,0.0000,0.0070,0.0005,200,12.5540
0.0070,0.0000,0.0000,0.0000,0.0069,0.0001,200,12.5587
0.0072,0.0000,0.0000,0.0000,0.0071,0.0001,200,12.5615
0.0073,0.0000,0.0000,0.0000,0.0071,0.0001,200,12.5615
0.0075,0.0000,0.0000,0.0000,0.0074,0.0000,200,12.5615
0.0070,0.0000,0.0000,0.0000,0.0069,0.0001,200,12.5657
0.0071,0.0000,0.0000,0.0000,0.0070,0.0001,200,12.5690
0.0074,0.0000,0.0000,0.0000,0.0073,0.0000,200,12.5688
0.0083,0.0000,0.0000,0.0000,0.0073,0.0009,200,12.5688
0.0073,0.0000,0.0000,0.0000,0.0072,0.0001,200,12.5727
0.0073,0.0000,0.0000,0.0000,0.0072,0.0001,200,12.5761
0.0074,0.0000,0.0000,0.0000,0.0073,0.0000,200,12.5761
0.0074,0.0000,0.0000,0.0000,0.0070,0.0003,200,12.5770
0.0072,0.0000,0.0000,0.0000,0.0071,0.0001,200,12.5800
0.0075,0.0000,0.0000,0.0000,0.0074,0.0001,200,12.5835
0.0077,0.0000,0.0000,0.0000,0.0072,0.0004,200,12.5834
0.0071,0.0000,0.0000,0.0000,0.0070,0.0000,200,12.5844
0.0071,0.0000,0.0000,0.0000,0.0070,0.0001,200,12.5872
0.0074,0.0000,0.0000,0.0000,0.0073,0.0001,200,12.5911
0.0074,0.0000,0.0000,0.0000,0.0071,0.0002,200,12.5911
0.0070,0.0000,0.0000,0.0000,0.0070,0.0000,200,12.5915
0.0070,0.0000,0.0000,0.0000,0.0069,0.0001,200,12.5944
0.0071,0.0000,0.0000,0.0000,0.0070,0.0001,200,12.5986
0.0073,0.0000,0.0000,0.0000,0.0072,0.0000,200,12.5984
0.0073,0.0000,0.0000,0.0000,0.0073,0.0000,200,12.5985
0.0068,0.0000,0.0000,0.0000,0.0067,0.0000,200,12.6014
0.0078,0.0000,0.0000,0.0000,0.0077,0.0001,200,12.6057
0.0078,0.0000,0.0000,0.0000,0.0076,0.0002,200,12.6057
0.0078,0.0000,0.0000,0.0000,0.0078,0.0000,200,12.6058
0.0075,0.0000,0.0000,0.0000,0.0074,0.0001,200,12.6082
0.0084,0.0000,0.0000,0.0000,0.0083,0.0001,200,12.6134
0.0086,0.0000,0.0000,0.0000,0.0078,0.0008,200,12.6136
0.0097,0.0000,0.0000,0.0000,0.0096,0.0001,200,12.6135
0.0104,0.0000,0.0000,0.0000,0.0103,0.0001,200,12.6157
0.0078,0.0000,0.0000,0.0000,0.0077,0.0000,200,12.6222
0.0082,0.0000,0.0000,0.0000,0.0081,0.0001,200,12.6218
0.0114,0.0000,0.0000,0.0000,0.0112,0.0001,200,12.6232
0.0086,0.0000,0.0000,0.0000,0.0085,0.0000,200,12.6261
0.0086,0.0000,0.0000,0.0000,0.0084,0.0001,200,12.6300
0.0111,0.0000,0.0000,0.0000,0.0110,0.0001,200,12.6300
0.0084,0.0000,0.0000,0.0000,0.0082,0.0002,200,12.6346
0.0085,0.0000,0.0000,0.0000,0.0084,0.0000,200,12.6347
0.0106,0.0000,0.0000,0.0000,0.0105,0.0001,200,12.6386
0.0088,0.0000,0.0000,0.0000,0.0087,0.0000,200,12.6411
0.0074,0.0000,0.0000,0.0000,0.0073,0.0001,200,12.6432
0.0079,0.0000,0.0000,0.0000,0.0078,0.0000,200,12.6430
0.0079,0.0000,0.0000,0.0000,0.0077,0.0001,200,12.6493
0.0080,0.0000,0.0000,0.0000,0.0079,0.0001,200,12.6506
0.0091,0.0000,0.0000,0.0000,0.0090,0.0001,200,12.6509
0.0101,0.0000,0.0000,0.0000,0.0082,0.0018,200,12.6499
0.0092,0.0000,0.0000,0.0000,0.0090,0.0001,200,12.6571
0.0080,0.0000,0.0000,0.0000,0.0079,0.0000,200,12.6586
0.0078,0.0000,0.0000,0.0000,0.0077,0.0000,200,12.6599
0.0081,0.0000,0.0000,0.0000,0.0075,0.0005,200,12.6600
0.0082,0.0000,0.0000,0.0000,0.0080,0.0001,200,12.6663
0.0082,0.0000,0.0000,0.0000,0.0078,0.0004,200,12.6665
0.0083,0.0000,0.0000,0.0000,0.0082,0.0001,200,12.6677
0.0085,0.0000,0.0000,0.0000,0.0078,0.0006,200,12.6681
0.0081,0.0000,0.0000,0.0000,0.0080,0.0001,200,12.6745
0.0084,0.0000,0.0000,0.0000,0.0079,0.0005,200,12.6748
0.0085,0.0000,0.0000,0.0000,0.0071,0.0013,200,12.6766
0.0092,0.0000,0.0000,0.0000,0.0082,0.0009,200,12.6760
0.0076,0.0000,0.0000,0.0000,0.0075,0.0000,200,12.6831
0.0086,0.0000,0.0000,0.0000,0.0080,0.0006,200,12.6826
0.0080,0.0000,0.0000,0.0000,0.0079,0.0001,200,12.6852
0.0084,0.0000,0.0000,0.0000,0.0083,0.0000,200,12.6851
0.0082,0.0000,0.0000,0.0000,0.0080,0.0001,200,12.6907
0.0086,0.0000,0.0000,0.0000,0.0084,0.0000,200,12.6912
0.0092,0.0000,0.0000,0.0000,0.0090,0.0001,200,12.6932
0.0093,0.0000,0.0000,0.0000,0.0093,0.0000,200,12.6936
0.0098,0.0000,0.0000,0.0000,0.0097,0.0001,200,12.6997
0.0111,0.0000,0.0000,0.0000,0.0110,0.0000,200,12.6989
0.0087,0.0000,0.0000,0.0000,0.0080,0.0007,200,12.7023
0.0090,0.0000,0.0000,0.0000,0.0089,0.0001,200,12.7029
0.0079,0.0000,0.0000,0.0000,0.0077,0.0001,200,12.7099
0.0074,0.0000,0.0000,0.0000,0.0073,0.0001,200,12.7110
0.0096,0.0000,0.0000,0.0000,0.0081,0.0015,200,12.7095
0.0080,0.0000,0.0000,0.0000,0.0079,0.0000,200,12.7120
0.0084,0.0000,0.0000,0.0000,0.0083,0.0000,200,12.7178
0.0079,0.0000,0.0000,0.0000,0.0075,0.0003,200,12.7185
0.0079,0.0000,0.0000,0.0000,0.0078,0.0000,200,12.7191
0.0072,0.0000,0.0000,0.0000,0.0071,0.0000,200,12.7200
0.0090,0.0000,0.0000,0.0000,0.0089,0.0001,200,12.7264
0.0092,0.0000,0.0000,0.0000,0.0091,0.0000,200,12.7262
0.0083,0.0000,0.0000,0.0000,0.0082,0.0000,200,12.7271
0.0138,0.0000,0.0000,0.0000,0.0110,0.0028,200,12.7270
0.0087,0.0000,0.0000,0.0000,0.0085,0.0002,200,12.7354
0.0087,0.0000,0.0000,0.0000,0.0075,0.0011,200,12.7354
0.0088,0.0000,0.0000,0.0000,0.0086,0.0002,200,12.7354
0.0085,0.0000,0.0000,0.0000,0.0084,0.0001,200,12.7409
0.0072,0.0000,0.0000,0.0000,0.0071,0.0001,200,12.7441
0.0076,0.0000,0.0000,0.0000,0.0075,0.0001,200,12.7440
0.0084,0.0000,0.0000,0.0000,0.0084,0.0001,200,12.7441
0.0077,0.0000,0.0000,0.0000,0.0076,0.0001,200,12.7494
0.0073,0.0000,0.0000,0.0000,0.0072,0.0001,200,12.7514
0.0075,0.0000,0.0000,0.0000,0.0074,0.0000,200,12.7516
0.0070,0.0000,0.0000,0.0000,0.0066,0.0003,200,12.7525
0.0071,0.0000,0.0000,0.0000,0.0070,0.0000,200,12.7571
0.0079,0.0000,0.0000,0.0000,0.0072,0.0006,200,12.7587
0.0074,0.0000,0.0000,0.0000,0.0071,0.0003,200,12.7591
0.0072,0.0000,0.0000,0.0000,0.0072,0.0000,200,12.7595
0.0074,0.0000,0.0000,0.0000,0.0073,0.0001,200,12.7643
0.0071,0.0000,0.0000,0.0000,0.0070,0.0001,200,12.7666
0.0075,0.0000,0.0000,0.0000,0.0075,0.0000,200,12.7668
0.0085,0.0000,0.0000,0.0000,0.0084,0.0001,200,12.7666
0.0070,0.0000,0.0000,0.0000,0.0069,0.0001,200,12.7717
0.0072,0.0000,0.0000,0.0000,0.0071,0.0001,200,12.7737
0.0070,0.0000,0.0000,0.0000,0.0070,0.0000,200,12.7743
0.0072,0.0000,0.0000,0.0000,0.0070,0.0002,200,12.7751
0.0070,0.0000,0.0000,0.0000,0.0069,0.0001,200,12.7787
0.0070,0.0000,0.0000,0.0000,0.0069,0.0000,200,12.7809
0.0072,0.0000,0.0000,0.0000,0.0071,0.0000,200,12.7813
0.0072,0.0000,0.0000,0.0000,0.0069,0.0003,200,12.7822
0.0071,0.0000,0.0000,0.0000,0.0070,0.0001,200,12.7858
0.0070,0.0000,0.0000,0.0000,0.0069,0.0001,200,12.7885
0.0080,0.0000,0.0000,0.0000,0.0077,0.0003,200,12.7879
0.0071,0.0000,0.0000,0.0000,0.0067,0.0003,200,12.7895
0.0069,0.0000,0.0000,0.0000,0.0068,0.0001,200,12.7929
0.0075,0.0000,0.0000,0.0000,0.0074,0.0001,200,12.7955
0.0072,0.0000,0.0000,0.0000,0.0071,0.0001,200,12.7959
0.0070,0.0000,0.0000,0.0000,0.0069,0.0000,200,12.7966
0.0070,0.0000,0.0000,0.0000,0.0069,0.0001,200,12.7998
0.0075,0.0000,0.0000,0.0000,0.0073,0.0001,200,12.8030
0.0077,0.0000,0.0000,0.0000,0.0073,0.0003,200,12.8030
0.0074,0.0000,0.0000,0.0000,0.0073,0.0000,200,12.8035
0.0073,0.0000,0.0000,0.0000,0.0072,0.0001,200,12.8068
0.0070,0.0000,0.0000,0.0000,0.0069,0.0001,200,12.8109
0.0073,0.0000,0.0000,0.0000,0.0072,0.0000,200,12.8107
0.0075,0.0000,0.0000,0.0000,0.0075,0.0000,200,12.8105
0.0072,0.0000,0.0000,0.0000,0.0071,0.0001,200,12.8141
0.0070,0.0000,0.0000,0.0000,0.0068,0.0002,200,12.8179
0.0070,0.0000,0.0000,0.0000,0.0069,0.0000,200,12.8180
0.0074,0.0000,0.0000,0.0000,0.0073,0.0000,200,12.8179
0.0070,0.0000,0.0000,0.0000,0.0069,0.0000,200,12.8214
0.0079,0.0000,0.0000,0.0000,0.0078,0.0001,200,12.8250
0.0076,0.0000,0.0000,0.0000,0.0075,0.0001,200,12.8253
0.0079,0.0000,0.0000,0.0000,0.0078,0.0001,200,12.8250
0.0078,0.0000,0.0000,0.0000,0.0077,0.0001,200,12.8284
0.0085,0.0000,0.0000,0.0000,0.0084,0.0001,200,12.8329
0.0086,0.0000,0.0000,0.0000,0.0082,0.0003,200,12.8329
0.0087,0.0000,0.0000,0.0000,0.0086,0.0000,200,12.8329
0.0091,0.0000,0.0000,0.0000,0.0089,0.0001,200,12.8362
0.0083,0.0000,0.0000,0.0000,0.0081,0.0000,200,12.8414
0.0082,0.0000,0.0000,0.0000,0.0080,0.0002,200,12.8415
0.0103,0.0000,0.0000,0.0000,0.0102,0.0001,200,12.8416
0.0093,0.0000,0.0000,0.0000,0.0092,0.0001,200,12.8453
0.0087,0.0000,0.0000,0.0000,0.0086,0.0001,200,12.8497
0.0094,0.0000,0.0000,0.0000,0.0093,0.0001,200,12.8497
0.0086,0.0000,0.0000,0.0000,0.0084,0.0002,200,12.8519
0.0080,0.0000,0.0000,0.0000,0.0076,0.0003,200,12.8545
0.0078,0.0000,0.0000,0.0000,0.0076,0.0001,200,12.8584
0.0081,0.0000,0.0000,0.0000,0.0079,0.0001,200,12.8591
0.0091,0.0000,0.0000,0.0000,0.0081,0.0009,200,12.8605
0.0093,0.0000,0.0000,0.0000,0.0092,0.0001,200,12.8625
0.0088,0.0000,0.0000,0.0000,0.0087,0.0001,200,12.8662
0.0091,0.0000,0.0000,0.0000,0.0090,0.0000,200,12.8672
0.0085,0.0000,0.0000,0.0000,0.0081,0.0003,200,12.8718
0.0119,0.0000,0.0000,0.0000,0.0118,0.0001,200,12.8696
0.0076,0.0000,0.0000,0.0000,0.0075,0.0001,200,12.8750
0.0077,0.0000,0.0000,0.0000,0.0074,0.0003,200,12.8763
0.0077,0.0000,0.0000,0.0000,0.0073,0.0004,200,12.8803
0.0083,0.0000,0.0000,0.0000,0.0082,0.0000,200,12.8815
0.0081,0.0000,0.0000,0.0000,0.0080,0.0001,200,12.8826
0.0075,0.0000,0.0000,0.0000,0.0074,0.0000,200,12.8840
0.0074,0.0000,0.0000,0.0000,0.0073,0.0001,200,12.8898
0.0102,0.0000,0.0000,0.0000,0.0092,0.0009,200,12.8880
0.0071,0.0000,0.0000,0.0000,0.0070,0.0000,200,12.8916
0.0080,0.0000,0.0000,0.0000,0.0078,0.0002,200,12.8907
0.0086,0.0000,0.0000,0.0000,0.0085,0.0001,200,12.8972
0.0079,0.0000,0.0000,0.0000,0.0073,0.0005,200,12.8982
0.0077,0.0000,0.0000,0.0000,0.0076,0.0000,200,12.8987
0.0077,0.0000,0.0000,0.0000,0.0074,0.0003,200,12.8988
0.0081,0.0000,0.0000,0.0000,0.0080,0.0001,200,12.9061
0.0084,0.0000,0.0000,0.0000,0.0083,0.0000,200,12.9058
0.0080,0.0000,0.0000,0.0000,0.0079,0.0000,200,12.9064
0.0105,0.0000,0.0000,0.0000,0.0092,0.0012,200,12.9064
0.0089,0.0000,0.0000,0.0000,0.0087,0.0002,200,12.9142
0.0089,0.0000,0.0000,0.0000,0.0087,0.0002,200,12.9142
0.0089,0.0000,0.0000,0.0000,0.0086,0.0003,200,12.9143
0.0108,0.0000,0.0000,0.0000,0.0080,0.0027,200,12.9169
0.0084,0.0000,0.0000,0.0000,0.0083,0.0001,200,12.9233
0.0085,0.0000,0.0000,0.0000,0.0084,0.0001,200,12.9231
0.0089,0.0000,0.0000,0.0000,0.0080,0.0008,200,12.9232
0.0093,0.0000,0.0000,0.0000,0.0091,0.0001,200,12.9276
0.0077,0.0000,0.0000,0.0000,0.0076,0.0000,200,12.9320
0.0082,0.0000,0.0000,0.0000,0.0079,0.0003,200,12.9317
0.0084,0.0000,0.0000,0.0000,0.0083,0.0000,200,12.9316
0.0081,0.0000,0.0000,0.0000,0.0080,0.0001,200,12.9370
0.0078,0.0000,0.0000,0.0000,0.0077,0.0001,200,12.9398
0.0077,0.0000,0.0000,0.0000,0.0077,0.0000,200,12.9400
0.0079,0.0000,0.0000,0.0000,0.0078,0.0000,200,12.9399
0.0076,0.0000,0.0000,0.0000,0.0075,0.0001,200,12.9450
0.0073,0.0000,0.0000,0.0000,0.0071,0.0002,200,12.9478
0.0080,0.0000,0.0000,0.0000,0.0079,0.0000,200,12.9475
0.0081,0.0000,0.0000,0.0000,0.0074,0.0007,200,12.9478
0.0076,0.0000,0.0000,0.0000,0.0075,0.0001,200,12.9527
0.0076,0.0000,0.0000,0.0000,0.0075,0.0000,200,12.9551
0.0073,0.0000,0.0000,0.0000,0.0070,0.0003,200,12.9556
0.0071,0.0000,0.0000,0.0000,0.0070,0.0000,200,12.9559
0.0075,0.0000,0.0000,0.0000,0.0074,0.0001,200,12.9603
0.0069,0.0000,0.0000,0.0000,0.0067,0.0001,200,12.9630
0.0072,0.0000,0.0000,0.0000,0.0072,0.0000,200,12.9627
0.0072,0.0000,0.0000,0.0000,0.0071,0.0000,200,12.9628
0.0073,0.0000,0.0000,0.0000,0.0072,0.0001,200,12.9678
0.0074,0.0000,0.0000,0.0000,0.0073,0.0001,200,12.9699
0.0073,0.0000,0.0000,0.0000,0.0072,0.0000,200,12.9700
0.0075,0.0000,0.0000,0.0000,0.0073,0.0003,200,12.9700
0.0072,0.0000,0.0000,0.0000,0.0071,0.0001,200,12.9751
0.0074,0.0000,0.0000,0.0000,0.0072,0.0001,200,12.9773
0.0072,0.0000,0.0000,0.0000,0.0070,0.0002,200,12.9775
0.0075,0.0000,0.0000,0.0000,0.0075,0.0000,200,12.9774
0.0071,0.0000,0.0000,0.0000,0.0070,0.0000,200,12.9823
0.0083,0.0000,0.0000,0.0000,0.0080,0.0003,200,12.9847
0.0081,0.0000,0.0000,0.0000,0.0079,0.0002,200,12.9849
0.0083,0.0000,0.0000,0.0000,0.0081,0.0002,200,12.9847
0.0071,0.0000,0.0000,0.0000,0.0070,0.0001,200,12.9894
0.0073,0.0000,0.0000,0.0000,0.0071,0.0002,200,12.9930
0.0074,0.0000,0.0000,0.0000,0.0073,0.0000,200,12.9930
0.0076,0.0000,0.0000,0.0000,0.0075,0.0000,200,12.9930
0.0071,0.0000,0.0000,0.0000,0.0069,0.0001,200,12.9965
0.0073,0.0000,0.0000,0.0000,0.0072,0.0001,200,13.0004
0.0071,0.0000,0.0000,0.0000,0.0070,0.0000,200,13.0006
0.0083,0.0000,0.0000,0.0000,0.0082,0.0000,200,13.0005
0.0070,0.0000,0.0000,0.0000,0.0069,0.0001,200,13.0035
0.0073,0.0000,0.0000,0.0000,0.0072,0.0001,200,13.0077
0.0073,0.0000,0.0000,0.0000,0.0072,0.0000,200,13.0077
0.0069,0.0000,0.0000,0.0000,0.0068,0.0001,200,13.0087
0.0073,0.0000,0.0000,0.0000,0.0072,0.0001,200,13.0106
0.0070,0.0000,0.0000,0.0000,0.0068,0.0001,200,13.0157
0.0077,0.0000,0.0000,0.0000,0.0077,0.0000,200,13.0150
0.0078,0.0000,0.0000,0.0000,0.0077,0.0000,200,13.0150
0.0075,0.0000,0.0000,0.0000,0.0073,0.0001,200,13.0179
0.0072,0.0000,0.0000,0.0000,0.0070,0.0002,200,13.0227
0.0072,0.0000,0.0000,0.0000,0.0071,0.0000,200,13.0228
0.0075,0.0000,0.0000,0.0000,0.0074,0.0000,200,13.0226
0.0070,0.0000,0.0000,0.0000,0.0070,0.0001,200,13.0254
0.0075,0.0000,0.0000,0.0000,0.0072,0.0003,200,13.0299
0.0075,0.0000,0.0000,0.0000,0.0071,0.0004,200,13.0301
0.0078,0.0000,0.0000,0.0000,0.0077,0.0000,200,13.0299
0.0073,0.0000,0.0000,0.0000,0.0072,0.0001,200,13.0324
0.0073,0.0000,0.0000,0.0000,0.0072,0.0001,200,13.0377
0.0079,0.0000,0.0000,0.0000,0.0076,0.0003,200,13.0375
0.0079,0.0000,0.0000,0.0000,0.0078,0.0000,200,13.0377
0.0074,0.0000,0.0000,0.0000,0.0071,0.0003,200,13.0398
0.0071,0.0000,0.0000,0.0000,0.0069,0.0002,200,13.0454
0.0075,0.0000,0.0000,0.0000,0.0074,0.0001,200,13.0450
0.0073,0.0000,0.0000,0.0000,0.0071,0.0001,200,13.0456
0.0071,0.0000,0.0000,0.0000,0.0070,0.0001,200,13.0472
0.0073,0.0000,0.0000,0.0000,0.0072,0.0001,200,13.0526
0.0075,0.0000,0.0000,0.0000,0.0074,0.0000,200,13.0525
0.0075,0.0000,0.0000,0.0000,0.0073,0.0001,200,13.0528
0.0072,0.0000,0.0000,0.0000,0.0071,0.0001,200,13.0543
0.0073,0.0000,0.0000,0.0000,0.0071,0.0002,200,13.0599
0.0070,0.0000,0.0000,0.0000,0.0067,0.0003,200,13.0603
0.0073,0.0000,0.0000,0.0000,0.0070,0.0003,200,13.0600
0.0067,0.0000,0.0000,0.0000,0.0066,0.0001,200,13.0615
0.0076,0.0000,0.0000,0.0000,0.0073,0.0002,200,13.0674
0.0078,0.0000,0.0000,0.0000,0.0075,0.0002,200,13.0672
0.0079,0.0000,0.0000,0.0000,0.0076,0.0002,200,13.0672
0.0071,0.0000,0.0000,0.0000,0.0071,0.0000,200,13.0682
0.0076,0.0000,0.0000,0.0000,0.0074,0.0002,200,13.0750
0.0073,0.0000,0.0000,0.0000,0.0071,0.0002,200,13.0754
0.0078,0.0000,0.0000,0.0000,0.0074,0.0003,200,13.0750
0.0077,0.0000,0.0000,0.0000,0.0077,0.0000,200,13.0751
0.0074,0.0000,0.0000,0.0000,0.0072,0.0002,200,13.0828
0.0074,0.0000,0.0000,0.0000,0.0072,0.0002,200,13.0828
0.0079,0.0000,0.0000,0.0000,0.0076,0.0003,200,13.0826
0.0079,0.0000,0.0000,0.0000,0.0078,0.0000,200,13.0827
0.0076,0.0000,0.0000,0.0000,0.0075,0.0000,200,13.0902
0.0073,0.0000,0.0000,0.0000,0.0069,0.0004,200,13.0906
0.0078,0.0000,0.0000,0.0000,0.0071,0.0007,200,13.0902
0.0076,0.0000,0.0000,0.0000,0.0073,0.0002,200,13.0906
0.0074,0.0000,0.0000,0.0000,0.0072,0.0001,200,13.0978
0.0073,0.0000,0.0000,0.0000,0.0073,0.0000,200,13.0982
0.0076,0.0000,0.0000,0.0000,0.0075,0.0001,200,13.0979
0.0075,0.0000,0.0000,0.0000,0.0074,0.0001,200,13.0980
0.0071,0.0000,0.0000,0.0000,0.0070,0.0001,200,13.1055
0.0075,0.0000,0.0000,0.0000,0.0073,0.0002,200,13.1052
0.0074,0.0000,0.0000,0.0000,0.0073,0.0000,200,13.1055
0.0074,0.0000,0.0000,0.0000,0.0073,0.0000,200,13.1055
0.0074,0.0000,0.0000,0.0000,0.0073,0.0001,200,13.1126
0.0074,0.0000,0.0000,0.0000,0.0071,0.0002,200,13.1129
0.0074,0.0000,0.0000,0.0000,0.0073,0.0001,200,13.1129
0.0079,0.0000,0.0000,0.0000,0.0074,0.0004,200,13.1127
0.0077,0.0000,0.0000,0.0000,0.0076,0.0001,200,13.1201
0.0076,0.0000,0.0000,0.0000,0.0075,0.0001,200,13.1202
0.0076,0.0000,0.0000,0.0001,0.0071,0.0001,200,13.1203
0.0074,0.0000,0.0000,0.0000,0.0072,0.0001,200,13.1205
0.0077,0.0000,0.0000,0.0000,0.0076,0.0001,200,13.1278
0.0076,0.0000,0.0000,0.0000,0.0074,0.0001,200,13.1279
0.0078,0.0000,0.0000,0.0000,0.0077,0.0000,200,13.1278
0.0077,0.0000,0.0000,0.0000,0.0074,0.0002,200,13.1279
0.0073,0.0000,0.0000,0.0000,0.0072,0.0002,200,13.1356
0.0074,0.0000,0.0000,0.0000,0.0072,0.0001,200,13.1356
0.0078,0.0000,0.0000,0.0000,0.0075,0.0002,200,13.1355
0.0078,0.0000,0.0000,0.0000,0.0076,0.0001,200,13.1355
0.0075,0.0000,0.0000,0.0000,0.0073,0.0003,200,13.1430
0.0073,0.0000,0.0000,0.0000,0.0068,0.0005,200,13.1432
0.0077,0.0000,0.0000,0.0000,0.0071,0.0006,200,13.1429
0.0074,0.0000,0.0000,0.0000,0.0072,0.0001,200,13.1433
0.0073,0.0000,0.0000,0.0000,0.0070,0.0002,200,13.1506
0.0073,0.0000,0.0000,0.0000,0.0071,0.0002,200,13.1506
0.0074,0.0000,0.0000,0.0000,0.0073,0.0000,200,13.1506
0.0076,0.0000,0.0000,0.0000,0.0074,0.0001,200,13.1505
0.0075,0.0000,0.0000,0.0000,0.0074,0.0001,200,13.1578
0.0075,0.0000,0.0000,0.0000,0.0075,0.0000,200,13.1581
0.0077,0.0000,0.0000,0.0000,0.0076,0.0000,200,13.1579
0.0076,0.0000,0.0000,0.0000,0.0076,0.0000,200,13.1580
0.0075,0.0000,0.0000,0.0001,0.0073,0.0000,200,13.1654
0.0073,0.0000,0.0000,0.0000,0.0070,0.0002,200,13.1656
0.0075,0.0000,0.0000,0.0000,0.0073,0.0001,200,13.1656
0.0076,0.0000,0.0000,0.0000,0.0075,0.0000,200,13.1656
0.0074,0.0000,0.0000,0.0000,0.0071,0.0002,200,13.1729
0.0074,0.0000,0.0000,0.0000,0.0073,0.0002,200,13.1731
0.0074,0.0000,0.0000,0.0000,0.0074,0.0000,200,13.1732
0.0077,0.0000,0.0000,0.0000,0.0076,0.0000,200,13.1729
0.0077,0.0000,0.0000,0.0000,0.0075,0.0001,200,13.1803
0.0075,0.0000,0.0000,0.0000,0.0073,0.0001,200,13.1805
0.0075,0.0000,0.0000,0.0000,0.0073,0.0001,200,13.1805
0.0075,0.0000,0.0000,0.0000,0.0074,0.0001,200,13.1806
0.0071,0.0000,0.0000,0.0000,0.0070,0.0002,200,13.1881
0.0072,0.0000,0.0000,0.0000,0.0071,0.0000,200,13.1881
0.0074,0.0000,0.0000,0.0000,0.0073,0.0000,200,13.1880
0.0075,0.0000,0.0000,0.0000,0.0072,0.0002,200,13.1879
0.0072,0.0000,0.0000,0.0000,0.0070,0.0002,200,13.1955
0.0077,0.0000,0.0000,0.0000,0.0073,0.0003,200,13.1952
0.0076,0.0000,0.0000,0.0000,0.0072,0.0004,200,13.1953
0.0077,0.0000,0.0000,0.0000,0.0076,0.0000,200,13.1954
0.0072,0.0000,0.0000,0.0000,0.0071,0.0001,200,13.2029
0.0071,0.0000,0.0000,0.0000,0.0069,0.0002,200,13.2031
0.0075,0.0000,0.0000,0.0000,0.0073,0.0001,200,13.2029
0.0077,0.0000,0.0000,0.0000,0.0075,0.0001,200,13.2027
0.0077,0.0000,0.0000,0.0000,0.0076,0.0000,200,13.2103
0.0076,0.0000,0.0000,0.0000,0.0076,0.0000,200,13.2103
0.0077,0.0000,0.0000,0.0000,0.0075,0.0001,200,13.2104
0.0079,0.0000,0.0000,0.0000,0.0079,0.0000,200,13.2101
0.0074,0.0000,0.0000,0.0000,0.0072,0.0001,200,13.2180
0.0074,0.0000,0.0000,0.0000,0.0072,0.0002,200,13.2181
0.0076,0.0000,0.0000,0.0000,0.0073,0.0002,200,13.2180
0.0076,0.0000,0.0000,0.0000,0.0074,0.0002,200,13.2180
0.0075,0.0000,0.0000,0.0000,0.0073,0.0002,200,13.2254
0.0073,0.0000,0.0000,0.0000,0.0071,0.0001,200,13.2257
0.0078,0.0000,0.0000,0.0000,0.0074,0.0003,200,13.2255
0.0078,0.0000,0.0000,0.0000,0.0076,0.0002,200,13.2256
0.0074,0.0000,0.0000,0.0000,0.0073,0.0001,200,13.2329
0.0071,0.0000,0.0000,0.0000,0.0070,0.0001,200,13.2333
0.0073,0.0000,0.0000,0.0000,0.0071,0.0001,200,13.2333
0.0079,0.0000,0.0000,0.0000,0.0078,0.0000,200,13.2329
0.0073,0.0000,0.0000,0.0000,0.0072,0.0001,200,13.2404
0.0072,0.0000,0.0000,0.0000,0.0071,0.0001,200,13.2405
0.0072,0.0000,0.0000,0.0000,0.0071,0.0000,200,13.2406
0.0084,0.0000,0.0000,0.0000,0.0081,0.0003,200,13.2408
0.0074,0.0000,0.0000,0.0000,0.0072,0.0001,200,13.2477
0.0074,0.0000,0.0000,0.0000,0.0072,0.0002,200,13.2477
0.0078,0.0000,0.0000,0.0000,0.0076,0.0001,200,13.2477
0.0070,0.0000,0.0000,0.0000,0.0067,0.0002,200,13.2492
0.0074,0.0000,0.0000,0.0000,0.0073,0.0001,200,13.2551
0.0071,0.0000,0.0000,0.0000,0.0070,0.0001,200,13.2554
0.0075,0.0000,0.0000,0.0000,0.0075,0.0000,200,13.2551
0.0068,0.0000,0.0000,0.0000,0.0067,0.0000,200,13.2562
0.0072,0.0000,0.0000,0.0000,0.0071,0.0001,200,13.2626
0.0074,0.0000,0.0000,0.0000,0.0074,0.0000,200,13.2625
0.0070,0.0000,0.0000,0.0000,0.0067,0.0002,200,13.2630
0.0079,0.0000,0.0000,0.0000,0.0078,0.0000,200,13.2625
0.0075,0.0000,0.0000,0.0001,0.0074,0.0000,200,13.2699
0.0074,0.0000,0.0000,0.0000,0.0073,0.0001,200,13.2700
0.0076,0.0000,0.0000,0.0000,0.0075,0.0000,200,13.2700
0.0071,0.0000,0.0000,0.0000,0.0071,0.0000,200,13.2704
0.0075,0.0000,0.0000,0.0000,0.0074,0.0001,200,13.2774
0.0076,0.0000,0.0000,0.0000,0.0075,0.0000,200,13.2774
0.0075,0.0000,0.0000,0.0000,0.0074,0.0001,200,13.2776
0.0076,0.0000,0.0000,0.0000,0.0076,0.0000,200,13.2776
0.0074,0.0000,0.0000,0.0000,0.0073,0.0001,200,13.2850
0.0075,0.0000,0.0000,0.0000,0.0073,0.0001,200,13.2851
0.0077,0.0000,0.0000,0.0000,0.0075,0.0002,200,13.2850
0.0076,0.0000,0.0000,0.0000,0.0074,0.0001,200,13.2852
0.0074,0.0000,0.0000,0.0000,0.0072,0.0001,200,13.2924
0.0074,0.0000,0.0000,0.0000,0.0070,0.0004,200,13.2927
0.0074,0.0000,0.0000,0.0000,0.0072,0.0003,200,13.2927
0.0076,0.0000,0.0000,0.0000,0.0074,0.0002,200,13.2926
0.0074,0.0000,0.0000,0.0000,0.0073,0.0001,200,13.2998
0.0070,0.0000,0.0000,0.0000,0.0069,0.0000,200,13.3002
0.0075,0.0000,0.0000,0.0000,0.0075,0.0000,200,13.3001
0.0075,0.0000,0.0000,0.0000,0.0072,0.0003,200,13.3002
0.0075,0.0000,0.0000,0.0000,0.0074,0.0001,200,13.3072
0.0070,0.0000,0.0000,0.0000,0.0069,0.0001,200,13.3077
0.0076,0.0000,0.0000,0.0000,0.0074,0.0001,200,13.3072
0.0072,0.0000,0.0000,0.0000,0.0071,0.0000,200,13.3077
0.0079,0.0000,0.0000,0.0000,0.0075,0.0004,200,13.3147
0.0079,0.0000,0.0000,0.0000,0.0070,0.0008,200,13.3148
0.0080,0.0000,0.0000,0.0000,0.0076,0.0003,200,13.3147
0.0078,0.0000,0.0000,0.0000,0.0077,0.0000,200,13.3149
0.0075,0.0000,0.0000,0.0000,0.0074,0.0000,200,13.3226
0.0075,0.0000,0.0000,0.0000,0.0073,0.0002,200,13.3227
0.0076,0.0000,0.0000,0.0000,0.0074,0.0001,200,13.3226
0.0076,0.0000,0.0000,0.0000,0.0074,0.0002,200,13.3226
0.0073,0.0000,0.0000,0.0000,0.0072,0.0001,200,13.3302
0.0074,0.0000,0.0000,0.0000,0.0073,0.0001,200,13.3301
0.0073,0.0000,0.0000,0.0000,0.0073,0.0000,200,13.3302
0.0075,0.0000,0.0000,0.0000,0.0074,0.0000,200,13.3303
0.0078,0.0000,0.0000,0.0000,0.0077,0.0001,200,13.3376
0.0077,0.0000,0.0000,0.0000,0.0077,0.0000,200,13.3376
0.0078,0.0000,0.0000,0.0000,0.0073,0.0005,200,13.3375
0.0078,0.0000,0.0000,0.0000,0.0071,0.0006,200,13.3377
0.0073,0.0000,0.0000,0.0000,0.0072,0.0001,200,13.3455
0.0074,0.0000,0.0000,0.0000,0.0073,0.0001,200,13.3453
0.0076,0.0000,0.0000,0.0000,0.0075,0.0000,200,13.3453
0.0076,0.0000,0.0000,0.0000,0.0074,0.0002,200,13.3453
0.0071,0.0000,0.0000,0.0000,0.0071,0.0001,200,13.3530
0.0073,0.0000,0.0000,0.0000,0.0072,0.0001,200,13.3528
0.0073,0.0000,0.0000,0.0000,0.0073,0.0000,200,13.3529
0.0075,0.0000,0.0000,0.0000,0.0075,0.0000,200,13.3528
0.0073,0.0000,0.0000,0.0000,0.0071,0.0002,200,13.3603
0.0075,0.0000,0.0000,0.0000,0.0073,0.0002,200,13.3601
0.0075,0.0000,0.0000,0.0000,0.0073,0.0002,200,13.3603
0.0077,0.0000,0.0000,0.0000,0.0076,0.0000,200,13.3601
0.0074,0.0000,0.0000,0.0000,0.0070,0.0003,200,13.3677
0.0075,0.0000,0.0000,0.0000,0.0073,0.0002,200,13.3676
0.0073,0.0000,0.0000,0.0000,0.0070,0.0003,200,13.3678
0.0077,0.0000,0.0000,0.0000,0.0071,0.0006,200,13.3676
0.0073,0.0000,0.0000,0.0000,0.0072,0.0001,200,13.3751
0.0072,0.0000,0.0000,0.0000,0.0070,0.0002,200,13.3753
0.0077,0.0000,0.0000,0.0000,0.0073,0.0004,200,13.3752
0.0078,0.0000,0.0000,0.0000,0.0077,0.0000,200,13.3752
0.0075,0.0000,0.0000,0.0000,0.0074,0.0001,200,13.3825
0.0075,0.0000,0.0000,0.0000,0.0074,0.0000,200,13.3825
0.0072,0.0000,0.0000,0.0000,0.0071,0.0000,200,13.3829
0.0076,0.0000,0.0000,0.0000,0.0074,0.0001,200,13.3829
0.0076,0.0000,0.0000,0.0000,0.0075,0.0001,200,13.3900
0.0076,0.0000,0.0000,0.0000,0.0075,0.0000,200,13.3901
0.0072,0.0000,0.0000,0.0000,0.0072,0.0000,200,13.3905
0.0077,0.0000,0.0000,0.0000,0.0077,0.0000,200,13.3900
0.0075,0.0000,0.0000,0.0000,0.0074,0.0001,200,13.3976
0.0074,0.0000,0.0000,0.0000,0.0072,0.0002,200,13.3978
0.0076,0.0000,0.0000,0.0000,0.0076,0.0000,200,13.3977
0.0078,0.0000,0.0000,0.0000,0.0076,0.0001,200,13.3976
0.0074,0.0000,0.0000,0.0000,0.0072,0.0002,200,13.4054
0.0075,0.0000,0.0000,0.0000,0.0072,0.0002,200,13.4054
0.0076,0.0000,0.0000,0.0000,0.0073,0.0002,200,13.4052
0.0077,0.0000,0.0000,0.0000,0.0074,0.0002,200,13.4052
0.0075,0.0000,0.0000,0.0000,0.0073,0.0002,200,13.4128
0.0075,0.0000,0.0000,0.0000,0.0074,0.0000,200,13.4128
0.0077,0.0000,0.0000,0.0000,0.0074,0.0003,200,13.4128
0.0076,0.0000,0.0000,0.0000,0.0071,0.0005,200,13.4128
0.0073,0.0000,0.0000,0.0000,0.0071,0.0001,200,13.4203
0.0072,0.0000,0.0000,0.0000,0.0071,0.0000,200,13.4205
0.0073,0.0000,0.0000,0.0000,0.0072,0.0001,200,13.4205
0.0076,0.0000,0.0000,0.0000,0.0073,0.0002,200,13.4203
0.0072,0.0000,0.0000,0.0000,0.0071,0.0001,200,13.4276
0.0073,0.0000,0.0000,0.0000,0.0072,0.0000,200,13.4276
0.0070,0.0000,0.0000,0.0000,0.0070,0.0000,200,13.4279
0.0073,0.0000,0.0000,0.0000,0.0073,0.0000,200,13.4278
0.0074,0.0000,0.0000,0.0000,0.0072,0.0002,200,13.4351
0.0076,0.0000,0.0000,0.0000,0.0073,0.0003,200,13.4350
0.0078,0.0000,0.0000,0.0000,0.0072,0.0006,200,13.4348
0.0077,0.0000,0.0000,0.0000,0.0075,0.0002,200,13.4349
0.0074,0.0000,0.0000,0.0000,0.0073,0.0001,200,13.4425
0.0074,0.0000,0.0000,0.0000,0.0072,0.0002,200,13.4426
0.0075,0.0000,0.0000,0.0000,0.0074,0.0000,200,13.4427
0.0077,0.0000,0.0000,0.0000,0.0076,0.0001,200,13.4426
0.0077,0.0000,0.0000,0.0000,0.0074,0.0002,200,13.4499
0.0074,0.0000,0.0000,0.0000,0.0071,0.0002,200,13.4503
0.0078,0.0000,0.0000,0.0000,0.0076,0.0002,200,13.4499
0.0076,0.0000,0.0000,0.0000,0.0070,0.0006,200,13.4502
0.0074,0.0000,0.0000,0.0000,0.0073,0.0000,200,13.4576
0.0074,0.0000,0.0000,0.0000,0.0072,0.0002,200,13.4577
0.0074,0.0000,0.0000,0.0000,0.0072,0.0002,200,13.4577
0.0074,0.0000,0.0000,0.0000,0.0073,0.0001,200,13.4578
0.0072,0.0000,0.0000,0.0000,0.0070,0.0002,200,13.4652
0.0074,0.0000,0.0000,0.0000,0.0072,0.0001,200,13.4650
0.0076,0.0000,0.0000,0.0000,0.0072,0.0004,200,13.4652
0.0077,0.0000,0.0000,0.0000,0.0076,0.0000,200,13.4651
0.0071,0.0000,0.0000,0.0000,0.0068,0.0003,200,13.4728
0.0076,0.0000,0.0000,0.0000,0.0073,0.0002,200,13.4724
0.0071,0.0000,0.0000,0.0000,0.0068,0.0003,200,13.4728
0.0077,0.0000,0.0000,0.0000,0.0072,0.0005,200,13.4724
0.0072,0.0000,0.0000,0.0000,0.0070,0.0001,200,13.4800
0.0072,0.0000,0.0000,0.0000,0.0070,0.0001,200,13.4800
0.0073,0.0000,0.0000,0.0000,0.0073,0.0000,200,13.4800
0.0073,0.0000,0.0000,0.0000,0.0068,0.0005,200,13.4801
0.0072,0.0000,0.0000,0.0000,0.0071,0.0001,200,13.4872
0.0071,0.0000,0.0000,0.0000,0.0069,0.0002,200,13.4875
0.0073,0.0000,0.0000,0.0000,0.0072,0.0001,200,13.4873
0.0075,0.0000,0.0000,0.0000,0.0072,0.0003,200,13.4872
0.0073,0.0000,0.0000,0.0000,0.0072,0.0001,200,13.4944
0.0071,0.0000,0.0000,0.0000,0.0070,0.0000,200,13.4946
0.0072,0.0000,0.0000,0.0000,0.0071,0.0000,200,13.4946
0.0072,0.0000,0.0000,0.0000,0.0072,0.0000,200,13.4946
0.0074,0.0000,0.0000,0.0000,0.0071,0.0003,200,13.5017
0.0073,0.0000,0.0000,0.0000,0.0070,0.0003,200,13.5019
0.0075,0.0000,0.0000,0.0000,0.0072,0.0003,200,13.5017
0.0076,0.0000,0.0000,0.0000,0.0070,0.0005,200,13.5017
0.0071,0.0000,0.0000,0.0000,0.0071,0.0000,200,13.5092
0.0073,0.0000,0.0000,0.0000,0.0070,0.0002,200,13.5092
0.0074,0.0000,0.0000,0.0000,0.0073,0.0000,200,13.5093
0.0076,0.0000,0.0000,0.0000,0.0075,0.0000,200,13.5092
0.0072,0.0000,0.0000,0.0000,0.0070,0.0001,200,13.5164
0.0071,0.0000,0.0000,0.0000,0.0071,0.0000,200,13.5164
0.0072,0.0000,0.0000,0.0000,0.0070,0.0002,200,13.5166
0.0073,0.0000,0.0000,0.0000,0.0071,0.0001,200,13.5167
0.0075,0.0000,0.0000,0.0000,0.0073,0.0001,200,13.5236
0.0073,0.0000,0.0000,0.0000,0.0073,0.0000,200,13.5238
0.0076,0.0000,0.0000,0.0000,0.0075,0.0000,200,13.5236
0.0073,0.0000,0.0000,0.0000,0.0072,0.0000,200,13.5240
0.0077,0.0000,0.0000,0.0000,0.0076,0.0001,200,13.5312
0.0076,0.0000,0.0000,0.0000,0.0075,0.0001,200,13.5313
0.0078,0.0000,0.0000,0.0000,0.0077,0.0001,200,13.5310
0.0077,0.0000,0.0000,0.0000,0.0076,0.0000,200,13.5312
0.0071,0.0000,0.0000,0.0000,0.0070,0.0000,200,13.5389
0.0073,0.0000,0.0000,0.0000,0.0071,0.0001,200,13.5388
0.0076,0.0000,0.0000,0.0000,0.0075,0.0001,200,13.5388
0.0076,0.0000,0.0000,0.0000,0.0070,0.0006,200,13.5388
0.0074,0.0000,0.0000,0.0000,0.0073,0.0001,200,13.5460
0.0070,0.0000,0.0000,0.0000,0.0070,0.0000,200,13.5465
0.0079,0.0000,0.0000,0.0000,0.0073,0.0006,200,13.5461
0.0076,0.0000,0.0000,0.0000,0.0068,0.0007,200,13.5465
0.0073,0.0000,0.0000,0.0000,0.0072,0.0001,200,13.5534
0.0072,0.0000,0.0000,0.0000,0.0071,0.0000,200,13.5535
0.0068,0.0000,0.0000,0.0000,0.0067,0.0001,200,13.5540
0.0077,0.0000,0.0000,0.0000,0.0077,0.0001,200,13.5540
0.0076,0.0000,0.0000,0.0000,0.0075,0.0001,200,13.5607
0.0074,0.0000,0.0000,0.0000,0.0073,0.0001,200,13.5609
0.0077,0.0000,0.0000,0.0000,0.0075,0.0001,200,13.5607
0.0069,0.0000,0.0000,0.0000,0.0069,0.0000,200,13.5618
0.0076,0.0000,0.0000,0.0000,0.0075,0.0001,200,13.5683
0.0072,0.0000,0.0000,0.0000,0.0072,0.0000,200,13.5687
0.0077,0.0000,0.0000,0.0000,0.0076,0.0000,200,13.5683
0.0077,0.0000,0.0000,0.0000,0.0076,0.0000,200,13.5683
0.0074,0.0000,0.0000,0.0000,0.0072,0.0001,200,13.5759
0.0076,0.0000,0.0000,0.0000,0.0075,0.0000,200,13.5760
0.0076,0.0000,0.0000,0.0000,0.0075,0.0000,200,13.5760
0.0077,0.0000,0.0000,0.0000,0.0076,0.0000,200,13.5759
0.0072,0.0000,0.0000,0.0000,0.0070,0.0002,200,13.5836
0.0074,0.0000,0.0000,0.0000,0.0073,0.0000,200,13.5836
0.0078,0.0000,0.0000,0.0000,0.0077,0.0000,200,13.5833
0.0075,0.0000,0.0000,0.0000,0.0074,0.0000,200,13.5836
0.0070,0.0000,0.0000,0.0000,0.0069,0.0001,200,13.5910
0.0075,0.0000,0.0000,0.0000,0.0070,0.0005,200,13.5910
0.0075,0.0000,0.0000,0.0000,0.0074,0.0000,200,13.5911
0.0078,0.0000,0.0000,0.0000,0.0072,0.0006,200,13.5908
0.0078,0.0000,0.0000,0.0000,0.0076,0.0001,200,13.5980
0.0073,0.0000,0.0000,0.0000,0.0071,0.0001,200,13.5985
0.0072,0.0000,0.0000,0.0000,0.0072,0.0000,200,13.5986
0.0073,0.0000,0.0000,0.0000,0.0072,0.0000,200,13.5986
0.0077,0.0000,0.0000,0.0000,0.0076,0.0000,200,13.6058
0.0078,0.0000,0.0000,0.0000,0.0075,0.0002,200,13.6058
0.0079,0.0000,0.0000,0.0000,0.0078,0.0001,200,13.6058
0.0080,0.0000,0.0000,0.0000,0.0078,0.0001,200,13.6058
0.0073,0.0000,0.0000,0.0000,0.0070,0.0003,200,13.6138
0.0075,0.0000,0.0000,0.0000,0.0071,0.0003,200,13.6136
0.0074,0.0000,0.0000,0.0000,0.0071,0.0003,200,13.6137
0.0077,0.0000,0.0000,0.0000,0.0073,0.0003,200,13.6136
0.0074,0.0000,0.0000,0.0000,0.0071,0.0002,200,13.6211
0.0073,0.0000,0.0000,0.0000,0.0073,0.0000,200,13.6212
0.0076,0.0000,0.0000,0.0000,0.0073,0.0003,200,13.6213
0.0078,0.0000,0.0000,0.0000,0.0076,0.0002,200,13.6211
0.0075,0.0000,0.0000,0.0000,0.0074,0.0001,200,13.6285
0.0073,0.0000,0.0000,0.0000,0.0070,0.0002,200,13.6290
0.0075,0.0000,0.0000,0.0000,0.0073,0.0002,200,13.6289
0.0078,0.0000,0.0000,0.0000,0.0075,0.0002,200,13.6285
0.0075,0.0000,0.0000,0.0000,0.0071,0.0003,200,13.6360
0.0075,0.0000,0.0000,0.0000,0.0072,0.0003,200,13.6363
0.0076,0.0000,0.0000,0.0000,0.0073,0.0003,200,13.6363
0.0076,0.0000,0.0000,0.0000,0.0074,0.0002,200,13.6363
0.0074,0.0000,0.0000,0.0000,0.0072,0.0002,200,13.6438
0.0073,0.0000,0.0000,0.0000,0.0070,0.0003,200,13.6439
0.0073,0.0000,0.0000,0.0000,0.0070,0.0003,200,13.6439
0.0078,0.0000,0.0000,0.0000,0.0077,0.0000,200,13.6435
0.0073,0.0000,0.0000,0.0000,0.0073,0.0001,200,13.6513
0.0075,0.0000,0.0000,0.0000,0.0073,0.0002,200,13.6512
0.0074,0.0000,0.0000,0.0000,0.0072,0.0002,200,13.6514
0.0075,0.0000,0.0000,0.0000,0.0074,0.0002,200,13.6512
0.0072,0.0000,0.0000,0.0000,0.0072,0.0000,200,13.6587
0.0072,0.0000,0.0000,0.0000,0.0071,0.0001,200,13.6588
0.0073,0.0000,0.0000,0.0000,0.0071,0.0001,200,13.6588
0.0078,0.0000,0.0000,0.0000,0.0077,0.0000,200,13.6586
0.0074,0.0000,0.0000,0.0000,0.0073,0.0001,200,13.6660
0.0072,0.0000,0.0000,0.0000,0.0069,0.0002,200,13.6664
0.0076,0.0000,0.0000,0.0000,0.0075,0.0001,200,13.6660
0.0076,0.0000,0.0000,0.0000,0.0075,0.0001,200,13.6660
0.0073,0.0000,0.0000,0.0000,0.0071,0.0002,200,13.6734
0.0072,0.0000,0.0000,0.0000,0.0070,0.0001,200,13.6736
0.0074,0.0000,0.0000,0.0000,0.0072,0.0001,200,13.6736
0.0076,0.0000,0.0000,0.0000,0.0073,0.0003,200,13.6736
0.0071,0.0000,0.0000,0.0000,0.0070,0.0000,200,13.6809
0.0069,0.0000,0.0000,0.0000,0.0069,0.0000,200,13.6812
0.0077,0.0000,0.0000,0.0000,0.0074,0.0002,200,13.6807
0.0082,0.0000,0.0000,0.0000,0.0071,0.0011,200,13.6808
0.0076,0.0000,0.0000,0.0000,0.0074,0.0002,200,13.6880
0.0076,0.0000,0.0000,0.0000,0.0073,0.0002,200,13.6881
0.0074,0.0000,0.0000,0.0000,0.0071,0.0002,200,13.6884
0.0070,0.0000,0.0000,0.0000,0.0070,0.0000,200,13.6890
0.0074,0.0000,0.0000,0.0000,0.0072,0.0002,200,13.6958
0.0073,0.0000,0.0000,0.0000,0.0070,0.0002,200,13.6960
0.0076,0.0000,0.0000,0.0000,0.0074,0.0002,200,13.6957
0.0078,0.0000,0.0000,0.0000,0.0072,0.0006,200,13.6957
0.0071,0.0000,0.0000,0.0000,0.0070,0.0000,200,13.7035
0.0075,0.0000,0.0000,0.0000,0.0072,0.0003,200,13.7032
0.0076,0.0000,0.0000,0.0000,0.0075,0.0000,200,13.7033
0.0076,0.0000,0.0000,0.0000,0.0073,0.0002,200,13.7033
0.0077,0.0000,0.0000,0.0000,0.0074,0.0003,200,13.7107
0.0075,0.0000,0.0000,0.0000,0.0071,0.0004,200,13.7109
0.0079,0.0000,0.0000,0.0000,0.0076,0.0002,200,13.7106
0.0076,0.0000,0.0000,0.0000,0.0073,0.0003,200,13.7109
0.0073,0.0000,0.0000,0.0000,0.0071,0.0000,200,13.7184
0.0073,0.0000,0.0000,0.0000,0.0070,0.0002,200,13.7185
0.0076,0.0000,0.0000,0.0000,0.0074,0.0001,200,13.7184
0.0076,0.0000,0.0000,0.0000,0.0073,0.0002,200,13.7184
0.0074,0.0000,0.0000,0.0000,0.0073,0.0001,200,13.7258
0.0071,0.0000,0.0000,0.0000,0.0071,0.0000,200,13.7260
0.0072,0.0000,0.0000,0.0000,0.0071,0.0001,200,13.7260
0.0077,0.0000,0.0000,0.0000,0.0076,0.0000,200,13.7257
0.0075,0.0000,0.0000,0.0000,0.0074,0.0000,200,13.7332
0.0074,0.0000,0.0000,0.0000,0.0073,0.0001,200,13.7333
0.0076,0.0000,0.0000,0.0000,0.0074,0.0002,200,13.7332
0.0077,0.0000,0.0000,0.0000,0.0075,0.0001,200,13.7331
0.0074,0.0000,0.0000,0.0000,0.0073,0.0001,200,13.7407
0.0075,0.0000,0.0000,0.0000,0.0074,0.0001,200,13.7408
0.0075,0.0000,0.0000,0.0000,0.0073,0.0001,200,13.7408
0.0084,0.0000,0.0000,0.0000,0.0082,0.0002,200,13.7408
0.0074,0.0000,0.0000,0.0000,0.0072,0.0002,200,13.7483
0.0075,0.0000,0.0000,0.0000,0.0073,0.0002,200,13.7483
0.0078,0.0000,0.0000,0.0000,0.0077,0.0000,200,13.7482
0.0070,0.0000,0.0000,0.0000,0.0069,0.0000,200,13.7493
0.0075,0.0000,0.0000,0.0000,0.0074,0.0001,200,13.7559
0.0073,0.0000,0.0000,0.0000,0.0070,0.0002,200,13.7563
0.0079,0.0000,0.0000,0.0000,0.0079,0.0000,200,13.7558
0.0082,0.0000,0.0000,0.0000,0.0081,0.0000,200,13.7557
0.0085,0.0000,0.0000,0.0000,0.0084,0.0001,200,13.7635
0.0099,0.0000,0.0000,0.0000,0.0098,0.0001,200,13.7637
0.0103,0.0000,0.0000,0.0000,0.0102,0.0001,200,13.7635
0.0116,0.0000,0.0000,0.0001,0.0095,0.0005,200,13.7639
0.0079,0.0000,0.0000,0.0000,0.0077,0.0001,200,13.7720
0.0075,0.0000,0.0000,0.0000,0.0074,0.0001,200,13.7736
0.0085,0.0000,0.0000,0.0000,0.0084,0.0001,200,13.7738
0.0074,0.0000,0.0000,0.0000,0.0073,0.0000,200,13.7755
0.0091,0.0000,0.0000,0.0000,0.0086,0.0005,200,13.7799
0.0079,0.0000,0.0000,0.0000,0.0079,0.0000,200,13.7812
0.0088,0.0000,0.0000,0.0001,0.0087,0.0000,200,13.7823
0.0098,0.0000,0.0000,0.0000,0.0081,0.0016,200,13.7829
0.0092,0.0000,0.0000,0.0000,0.0090,0.0001,200,13.7890
0.0100,0.0000,0.0000,0.0000,0.0099,0.0001,200,13.7891
0.0080,0.0000,0.0000,0.0000,0.0080,0.0000,200,13.7912
0.0125,0.0000,0.0000,0.0000,0.0124,0.0001,200,13.7927
0.0093,0.0000,0.0000,0.0000,0.0088,0.0005,200,13.7981
0.0086,0.0000,0.0000,0.0000,0.0084,0.0001,200,13.7991
0.0086,0.0000,0.0000,0.0000,0.0085,0.0001,200,13.7992
0.0088,0.0000,0.0000,0.0000,0.0086,0.0001,200,13.8053
0.0080,0.0000,0.0000,0.0000,0.0079,0.0000,200,13.8076
0.0079,0.0000,0.0000,0.0000,0.0079,0.0000,200,13.8078
0.0084,0.0000,0.0000,0.0000,0.0077,0.0006,200,13.8074
0.0078,0.0000,0.0000,0.0000,0.0076,0.0001,200,13.8141
0.0083,0.0000,0.0000,0.0000,0.0082,0.0000,200,13.8156
0.0089,0.0000,0.0000,0.0000,0.0081,0.0008,200,13.8157
0.0088,0.0000,0.0000,0.0000,0.0080,0.0008,200,13.8158
0.0087,0.0000,0.0000,0.0000,0.0084,0.0002,200,13.8218
0.0076,0.0000,0.0000,0.0000,0.0075,0.0001,200,13.8239
0.0075,0.0000,0.0000,0.0000,0.0072,0.0002,200,13.8246
0.0077,0.0000,0.0000,0.0000,0.0073,0.0003,200,13.8247
0.0089,0.0000,0.0000,0.0000,0.0088,0.0001,200,13.8305
0.0081,0.0000,0.0000,0.0000,0.0080,0.0000,200,13.8315
0.0079,0.0000,0.0000,0.0000,0.0074,0.0005,200,13.8321
0.0085,0.0000,0.0000,0.0000,0.0074,0.0011,200,13.8324
0.0083,0.0000,0.0000,0.0000,0.0076,0.0007,200,13.8397
0.0086,0.0000,0.0000,0.0000,0.0084,0.0001,200,13.8394
0.0082,0.0000,0.0000,0.0000,0.0078,0.0004,200,13.8401
0.0098,0.0000,0.0000,0.0000,0.0097,0.0001,200,13.8409
0.0083,0.0000,0.0000,0.0000,0.0080,0.0002,200,13.8480
0.0084,0.0000,0.0000,0.0000,0.0083,0.0000,200,13.8480
0.0085,0.0000,0.0000,0.0000,0.0075,0.0010,200,13.8483
0.0080,0.0000,0.0000,0.0000,0.0076,0.0004,200,13.8507
0.0085,0.0000,0.0000,0.0000,0.0078,0.0006,200,13.8563
0.0081,0.0000,0.0000,0.0000,0.0081,0.0000,200,13.8568
0.0105,0.0000,0.0000,0.0000,0.0095,0.0009,200,13.8564
0.0082,0.0000,0.0000,0.0000,0.0079,0.0002,200,13.8588
0.0091,0.0000,0.0000,0.0000,0.0081,0.0010,200,13.8649
0.0079,0.0000,0.0000,0.0000,0.0077,0.0001,200,13.8670
0.0086,0.0000,0.0000,0.0000,0.0085,0.0001,200,13.8669
0.0113,0.0000,0.0000,0.0000,0.0110,0.0003,200,13.8648
0.0087,0.0000,0.0000,0.0000,0.0078,0.0001,200,13.8740
0.0074,0.0000,0.0000,0.0000,0.0073,0.0000,200,13.8755
0.0081,0.0000,0.0000,0.0000,0.0081,0.0000,200,13.8748
0.0078,0.0000,0.0000,0.0000,0.0071,0.0006,200,13.8761
0.0079,0.0000,0.0000,0.0000,0.0077,0.0001,200,13.8829
0.0082,0.0000,0.0000,0.0000,0.0081,0.0000,200,13.8827
0.0080,0.0000,0.0000,0.0000,0.0079,0.0000,200,13.8830
0.0074,0.0000,0.0000,0.0000,0.0071,0.0003,200,13.8839
0.0076,0.0000,0.0000,0.0000,0.0071,0.0004,200,13.8909
0.0080,0.0000,0.0000,0.0000,0.0077,0.0002,200,13.8908
0.0079,0.0000,0.0000,0.0000,0.0077,0.0002,200,13.8909
0.0076,0.0000,0.0000,0.0000,0.0073,0.0004,200,13.8913
0.0074,0.0000,0.0000,0.0000,0.0071,0.0002,200,13.8988
0.0074,0.0000,0.0000,0.0000,0.0073,0.0000,200,13.8989
0.0075,0.0000,0.0000,0.0000,0.0073,0.0002,200,13.8989
0.0079,0.0000,0.0000,0.0000,0.0078,0.0000,200,13.8985
0.0073,0.0000,0.0000,0.0000,0.0070,0.0002,200,13.9063
0.0074,0.0000,0.0000,0.0000,0.0071,0.0002,200,13.9063
0.0076,0.0000,0.0000,0.0000,0.0073,0.0003,200,13.9061
0.0076,0.0000,0.0000,0.0000,0.0075,0.0000,200,13.9064
0.0075,0.0000,0.0000,0.0000,0.0073,0.0002,200,13.9136
0.0074,0.0000,0.0000,0.0000,0.0072,0.0001,200,13.9137
0.0076,0.0000,0.0000,0.0000,0.0076,0.0000,200,13.9138
0.0075,0.0000,0.0000,0.0000,0.0072,0.0003,200,13.9140
0.0074,0.0000,0.0000,0.0000,0.0072,0.0001,200,13.9211
0.0072,0.0000,0.0000,0.0000,0.0069,0.0002,200,13.9214
0.0074,0.0000,0.0000,0.0000,0.0071,0.0003,200,13.9214
0.0097,0.0000,0.0000,0.0000,0.0096,0.0001,200,13.9211
0.0073,0.0000,0.0000,0.0000,0.0071,0.0002,200,13.9289
0.0078,0.0000,0.0000,0.0000,0.0077,0.0000,200,13.9285
0.0079,0.0000,0.0000,0.0000,0.0073,0.0006,200,13.9286
0.0071,0.0000,0.0000,0.0000,0.0070,0.0001,200,13.9308
0.0076,0.0000,0.0000,0.0000,0.0073,0.0002,200,13.9362
0.0074,0.0000,0.0000,0.0000,0.0074,0.0000,200,13.9365
0.0079,0.0000,0.0000,0.0000,0.0078,0.0000,200,13.9363
0.0080,0.0000,0.0000,0.0000,0.0070,0.0010,200,13.9380
0.0075,0.0000,0.0000,0.0000,0.0073,0.0001,200,13.9438
0.0073,0.0000,0.0000,0.0000,0.0073,0.0000,200,13.9439
0.0080,0.0000,0.0000,0.0000,0.0075,0.0004,200,13.9442
0.0071,0.0000,0.0000,0.0000,0.0070,0.0000,200,13.9460
0.0074,0.0000,0.0000,0.0000,0.0072,0.0001,200,13.9513
0.0075,0.0000,0.0000,0.0000,0.0075,0.0000,200,13.9513
0.0076,0.0000,0.0000,0.0000,0.0075,0.0001,200,13.9522
0.0068,0.0000,0.0000,0.0000,0.0067,0.0000,200,13.9531
0.0079,0.0000,0.0000,0.0000,0.0078,0.0001,200,13.9588
0.0082,0.0000,0.0000,0.0000,0.0081,0.0000,200,13.9587
0.0070,0.0000,0.0000,0.0000,0.0069,0.0000,200,13.9599
0.0071,0.0000,0.0000,0.0000,0.0070,0.0000,200,13.9598
0.0074,0.0000,0.0000,0.0000,0.0073,0.0001,200,13.9669
0.0073,0.0000,0.0000,0.0000,0.0073,0.0000,200,13.9669
0.0075,0.0000,0.0000,0.0000,0.0074,0.0000,200,13.9669
0.0076,0.0000,0.0000,0.0000,0.0075,0.0000,200,13.9667
0.0074,0.0000,0.0000,0.0000,0.0072,0.0002,200,13.9744
0.0075,0.0000,0.0000,0.0000,0.0073,0.0002,200,13.9744
0.0077,0.0000,0.0000,0.0000,0.0075,0.0002,200,13.9743
0.0077,0.0000,0.0000,0.0000,0.0073,0.0004,200,13.9743
0.0074,0.0000,0.0000,0.0000,0.0073,0.0001,200,13.9817
0.0073,0.0000,0.0000,0.0000,0.0072,0.0000,200,13.9820
0.0073,0.0000,0.0000,0.0000,0.0073,0.0000,200,13.9820
0.0075,0.0000,0.0000,0.0000,0.0074,0.0000,200,13.9819
0.0073,0.0000,0.0000,0.0000,0.0072,0.0000,200,13.9893
0.0075,0.0000,0.0000,0.0000,0.0073,0.0001,200,13.9892
0.0076,0.0000,0.0000,0.0000,0.0076,0.0000,200,13.9893
0.0076,0.0000,0.0000,0.0000,0.0076,0.0000,200,13.9894
0.0074,0.0000,0.0000,0.0000,0.0071,0.0002,200,13.9969
0.0074,0.0000,0.0000,0.0000,0.0073,0.0000,200,13.9970
0.0078,0.0000,0.0000,0.0000,0.0073,0.0004,200,13.9966
0.0079,0.0000,0.0000,0.0000,0.0073,0.0005,200,13.9966
0.0074,0.0000,0.0000,0.0000,0.0073,0.0001,200,14.0044
0.0078,0.0000,0.0000,0.0000,0.0075,0.0002,200,14.0043
0.0077,0.0000,0.0000,0.0000,0.0074,0.0002,200,14.0044
0.0076,0.0000,0.0000,0.0000,0.0074,0.0002,200,14.0046
0.0074,0.0000,0.0000,0.0000,0.0073,0.0001,200,14.0118
0.0071,0.0000,0.0000,0.0000,0.0070,0.0001,200,14.0122
0.0072,0.0000,0.0000,0.0000,0.0070,0.0001,200,14.0121
0.0074,0.0000,0.0000,0.0000,0.0074,0.0000,200,14.0120
0.0075,0.0000,0.0000,0.0000,0.0074,0.0001,200,14.0192
0.0076,0.0000,0.0000,0.0000,0.0073,0.0004,200,14.0193
0.0075,0.0000,0.0000,0.0000,0.0074,0.0000,200,14.0195
0.0077,0.0000,0.0000,0.0000,0.0076,0.0000,200,14.0193
0.0074,0.0000,0.0000,0.0000,0.0072,0.0001,200,14.0270
0.0075,0.0000,0.0000,0.0000,0.0074,0.0001,200,14.0270
0.0081,0.0000,0.0000,0.0000,0.0077,0.0003,200,14.0267
0.0079,0.0000,0.0000,0.0000,0.0078,0.0000,200,14.0270
0.0073,0.0000,0.0000,0.0000,0.0072,0.0001,200,14.0348
0.0077,0.0000,0.0000,0.0000,0.0076,0.0000,200,14.0344
0.0075,0.0000,0.0000,0.0000,0.0074,0.0000,200,14.0348
0.0083,0.0000,0.0000,0.0000,0.0076,0.0007,200,14.0343
0.0079,0.0000,0.0000,0.0000,0.0075,0.0003,200,14.0422
0.0079,0.0000,0.0000,0.0000,0.0076,0.0003,200,14.0421
0.0089,0.0000,0.0000,0.0000,0.0077,0.0011,200,14.0423
0.0095,0.0000,0.0000,0.0000,0.0094,0.0001,200,14.0427
0.0078,0.0000,0.0000,0.0000,0.0076,0.0001,200,14.0500
0.0080,0.0000,0.0000,0.0000,0.0079,0.0000,200,14.0500
0.0071,0.0000,0.0000,0.0000,0.0071,0.0000,200,14.0511
0.0077,0.0000,0.0000,0.0000,0.0076,0.0000,200,14.0522
0.0079,0.0000,0.0000,0.0000,0.0078,0.0001,200,14.0583
0.0084,0.0000,0.0000,0.0000,0.0083,0.0000,200,14.0578
0.0083,0.0000,0.0000,0.0000,0.0082,0.0000,200,14.0580
0.0079,0.0000,0.0000,0.0000,0.0074,0.0004,200,14.0599
0.0082,0.0000,0.0000,0.0000,0.0081,0.0001,200,14.0663
0.0083,0.0000,0.0000,0.0000,0.0080,0.0001,200,14.0662
0.0087,0.0000,0.0000,0.0000,0.0086,0.0000,200,14.0662
0.0072,0.0000,0.0000,0.0000,0.0069,0.0002,200,14.0677
0.0076,0.0000,0.0000,0.0000,0.0074,0.0001,200,14.0744
0.0076,0.0000,0.0000,0.0000,0.0074,0.0000,200,14.0744
0.0073,0.0000,0.0000,0.0000,0.0072,0.0000,200,14.0749
0.0074,0.0000,0.0000,0.0000,0.0071,0.0002,200,14.0749
0.0075,0.0000,0.0000,0.0000,0.0074,0.0001,200,14.0820
0.0075,0.0000,0.0000,0.0000,0.0072,0.0003,200,14.0820
0.0075,0.0000,0.0000,0.0000,0.0074,0.0000,200,14.0822
0.0076,0.0000,0.0000,0.0000,0.0073,0.0002,200,14.0822
0.0074,0.0000,0.0000,0.0000,0.0073,0.0001,200,14.0895
0.0073,0.0000,0.0000,0.0000,0.0071,0.0002,200,14.0898
0.0074,0.0000,0.0000,0.0000,0.0072,0.0002,200,14.0897
0.0076,0.0000,0.0000,0.0000,0.0074,0.0002,200,14.0895
0.0074,0.0000,0.0000,0.0000,0.0074,0.0001,200,14.0971
0.0075,0.0000,0.0000,0.0000,0.0074,0.0000,200,14.0972
0.0075,0.0000,0.0000,0.0000,0.0075,0.0000,200,14.0972
0.0078,0.0000,0.0000,0.0000,0.0072,0.0006,200,14.0969
0.0074,0.0000,0.0000,0.0000,0.0072,0.0001,200,14.1046
0.0073,0.0000,0.0000,0.0000,0.0073,0.0000,200,14.1047
0.0076,0.0000,0.0000,0.0000,0.0074,0.0001,200,14.1046
0.0074,0.0000,0.0000,0.0000,0.0073,0.0001,200,14.1047
0.0074,0.0000,0.0000,0.0000,0.0072,0.0002,200,14.1121
0.0074,0.0000,0.0000,0.0000,0.0073,0.0000,200,14.1122
0.0078,0.0000,0.0000,0.0000,0.0077,0.0000,200,14.1120
0.0079,0.0000,0.0000,0.0000,0.0075,0.0003,200,14.1121
0.0074,0.0000,0.0000,0.0000,0.0071,0.0003,200,14.1199
0.0079,0.0000,0.0000,0.0000,0.0075,0.0003,200,14.1195
0.0079,0.0000,0.0000,0.0000,0.0076,0.0002,200,14.1196
0.0078,0.0000,0.0000,0.0000,0.0071,0.0006,200,14.1198
0.0072,0.0000,0.0000,0.0000,0.0071,0.0001,200,14.1276
0.0075,0.0000,0.0000,0.0000,0.0072,0.0002,200,14.1274
0.0076,0.0000,0.0000,0.0000,0.0073,0.0002,200,14.1274
0.0077,0.0000,0.0000,0.0000,0.0074,0.0002,200,14.1274
0.0076,0.0000,0.0000,0.0000,0.0075,0.0001,200,14.1348
0.0075,0.0000,0.0000,0.0000,0.0074,0.0000,200,14.1350
0.0075,0.0000,0.0000,0.0000,0.0073,0.0002,200,14.1350
0.0078,0.0000,0.0000,0.0000,0.0076,0.0001,200,14.1349
0.0073,0.0000,0.0000,0.0000,0.0072,0.0000,200,14.1427
0.0077,0.0000,0.0000,0.0000,0.0074,0.0003,200,14.1423
0.0077,0.0000,0.0000,0.0000,0.0077,0.0000,200,14.1425
0.0079,0.0000,0.0000,0.0000,0.0075,0.0004,200,14.1426
0.0074,0.0000,0.0000,0.0000,0.0073,0.0001,200,14.1500
0.0076,0.0000,0.0000,0.0000,0.0073,0.0002,200,14.1500
0.0075,0.0000,0.0000,0.0000,0.0073,0.0002,200,14.1502
0.0072,0.0000,0.0000,0.0000,0.0070,0.0001,200,14.1505
0.0072,0.0000,0.0000,0.0000,0.0071,0.0001,200,14.1576
0.0072,0.0000,0.0000,0.0000,0.0070,0.0002,200,14.1577
0.0072,0.0000,0.0000,0.0000,0.0070,0.0002,200,14.1577
0.0075,0.0000,0.0000,0.0000,0.0073,0.0001,200,14.1574
0.0072,0.0000,0.0000,0.0000,0.0070,0.0002,200,14.1649
0.0074,0.0000,0.0000,0.0000,0.0073,0.0000,200,14.1647
0.0076,0.0000,0.0000,0.0000,0.0072,0.0003,200,14.1649
0.0077,0.0000,0.0000,0.0000,0.0075,0.0001,200,14.1649
0.0070,0.0000,0.0000,0.0000,0.0069,0.0001,200,14.1725
0.0075,0.0000,0.0000,0.0000,0.0074,0.0001,200,14.1721
0.0075,0.0000,0.0000,0.0000,0.0074,0.0002,200,14.1722
0.0072,0.0000,0.0000,0.0000,0.0070,0.0002,200,14.1726
0.0071,0.0000,0.0000,0.0000,0.0070,0.0001,200,14.1797
0.0071,0.0000,0.0000,0.0000,0.0070,0.0002,200,14.1798
0.0075,0.0000,0.0000,0.0000,0.0074,0.0000,200,14.1795
0.0073,0.0000,0.0000,0.0000,0.0069,0.0004,200,14.1797
0.0072,0.0000,0.0000,0.0000,0.0071,0.0001,200,14.1870
0.0076,0.0000,0.0000,0.0000,0.0073,0.0002,200,14.1868
0.0075,0.0000,0.0000,0.0000,0.0074,0.0001,200,14.1869
0.0080,0.0000,0.0000,0.0000,0.0079,0.0000,200,14.1869
0.0075,0.0000,0.0000,0.0000,0.0072,0.0003,200,14.1944
0.0076,0.0000,0.0000,0.0000,0.0073,0.0002,200,14.1944
0.0079,0.0000,0.0000,0.0000,0.0075,0.0003,200,14.1942
0.0073,0.0000,0.0000,0.0000,0.0072,0.0000,200,14.1949
0.0073,0.0000,0.0000,0.0000,0.0071,0.0001,200,14.2021
0.0074,0.0000,0.0000,0.0000,0.0071,0.0003,200,14.2021
0.0078,0.0000,0.0000,0.0000,0.0074,0.0004,200,14.2019
0.0079,0.0000,0.0000,0.0000,0.0074,0.0004,200,14.2020
0.0076,0.0000,0.0000,0.0000,0.0074,0.0001,200,14.2094
0.0073,0.0000,0.0000,0.0000,0.0070,0.0002,200,14.2097
0.0076,0.0000,0.0000,0.0000,0.0074,0.0001,200,14.2096
0.0075,0.0000,0.0000,0.0000,0.0072,0.0003,200,14.2098
0.0071,0.0000,0.0000,0.0000,0.0070,0.0000,200,14.2173
0.0074,0.0000,0.0000,0.0000,0.0074,0.0000,200,14.2172
0.0077,0.0000,0.0000,0.0000,0.0072,0.0004,200,14.2170
0.0077,0.0000,0.0000,0.0000,0.0076,0.0001,200,14.2170
0.0075,0.0000,0.0000,0.0000,0.0074,0.0000,200,14.2244
0.0074,0.0000,0.0000,0.0000,0.0071,0.0002,200,14.2246
0.0076,0.0000,0.0000,0.0000,0.0073,0.0001,200,14.2246
0.0077,0.0000,0.0000,0.0000,0.0074,0.0002,200,14.2246
0.0072,0.0000,0.0000,0.0000,0.0070,0.0002,200,14.2323
0.0073,0.0000,0.0000,0.0000,0.0071,0.0002,200,14.2322
0.0076,0.0000,0.0000,0.0000,0.0073,0.0003,200,14.2319
0.0079,0.0000,0.0000,0.0000,0.0078,0.0000,200,14.2320
0.0073,0.0000,0.0000,0.0000,0.0072,0.0001,200,14.2395
0.0070,0.0000,0.0000,0.0000,0.0070,0.0000,200,14.2399
0.0074,0.0000,0.0000,0.0000,0.0074,0.0000,200,14.2396
0.0080,0.0000,0.0000,0.0000,0.0079,0.0001,200,14.2395
0.0074,0.0000,0.0000,0.0000,0.0073,0.0001,200,14.2470
0.0076,0.0000,0.0000,0.0000,0.0074,0.0002,200,14.2468
0.0072,0.0000,0.0000,0.0000,0.0070,0.0003,200,14.2475
0.0078,0.0000,0.0000,0.0000,0.0077,0.0002,200,14.2469
0.0073,0.0000,0.0000,0.0000,0.0072,0.0000,200,14.2547
0.0076,0.0000,0.0000,0.0000,0.0074,0.0002,200,14.2544
0.0074,0.0000,0.0000,0.0000,0.0073,0.0001,200,14.2548
0.0077,0.0000,0.0000,0.0000,0.0077,0.0000,200,14.2544
0.0074,0.0000,0.0000,0.0000,0.0072,0.0002,200,14.2620
0.0074,0.0000,0.0000,0.0000,0.0073,0.0001,200,14.2620
0.0074,0.0000,0.0000,0.0000,0.0072,0.0002,200,14.2622
0.0077,0.0000,0.0000,0.0000,0.0076,0.0000,200,14.2621
0.0074,0.0000,0.0000,0.0000,0.0072,0.0001,200,14.2695
0.0074,0.0000,0.0000,0.0000,0.0074,0.0000,200,14.2695
0.0071,0.0000,0.0000,0.0000,0.0070,0.0001,200,14.2698
0.0079,0.0000,0.0000,0.0000,0.0078,0.0000,200,14.2695
0.0074,0.0000,0.0000,0.0000,0.0072,0.0002,200,14.2768
0.0074,0.0000,0.0000,0.0000,0.0072,0.0002,200,14.2770
0.0074,0.0000,0.0000,0.0000,0.0070,0.0003,200,14.2773
0.0078,0.0000,0.0000,0.0000,0.0077,0.0000,200,14.2770
0.0078,0.0000,0.0000,0.0000,0.0077,0.0001,200,14.2843
0.0075,0.0000,0.0000,0.0000,0.0075,0.0000,200,14.2847
0.0076,0.0000,0.0000,0.0000,0.0074,0.0001,200,14.2847
0.0080,0.0000,0.0000,0.0000,0.0077,0.0002,200,14.2844
0.0072,0.0000,0.0000,0.0000,0.0071,0.0001,200,14.2924
0.0076,0.0000,0.0000,0.0000,0.0075,0.0000,200,14.2920
0.0075,0.0000,0.0000,0.0000,0.0073,0.0002,200,14.2922
0.0075,0.0000,0.0000,0.0000,0.0073,0.0002,200,14.2923
0.0074,0.0000,0.0000,0.0000,0.0073,0.0001,200,14.2997
0.0075,0.0000,0.0000,0.0000,0.0074,0.0000,200,14.2998
0.0077,0.0000,0.0000,0.0000,0.0077,0.0000,200,14.2996
0.0078,0.0000,0.0000,0.0000,0.0077,0.0000,200,14.2996
0.0072,0.0000,0.0000,0.0000,0.0070,0.0002,200,14.3074
0.0073,0.0000,0.0000,0.0000,0.0071,0.0001,200,14.3073
0.0079,0.0000,0.0000,0.0000,0.0075,0.0002,200,14.3071
0.0077,0.0000,0.0000,0.0000,0.0075,0.0002,200,14.3073
0.0074,0.0000,0.0000,0.0000,0.0073,0.0001,200,14.3146
0.0072,0.0000,0.0000,0.0000,0.0069,0.0002,200,14.3150
0.0077,0.0000,0.0000,0.0000,0.0074,0.0002,200,14.3146
0.0073,0.0000,0.0000,0.0000,0.0070,0.0003,200,14.3150
0.0076,0.0000,0.0000,0.0000,0.0075,0.0000,200,14.3220
0.0073,0.0000,0.0000,0.0000,0.0070,0.0003,200,14.3223
0.0075,0.0000,0.0000,0.0000,0.0074,0.0000,200,14.3222
0.0076,0.0000,0.0000,0.0000,0.0071,0.0005,200,14.3222
0.0073,0.0000,0.0000,0.0000,0.0073,0.0001,200,14.3297
0.0075,0.0000,0.0000,0.0000,0.0072,0.0003,200,14.3295
0.0078,0.0000,0.0000,0.0000,0.0075,0.0002,200,14.3295
0.0074,0.0000,0.0000,0.0000,0.0073,0.0001,200,14.3299
0.0072,0.0000,0.0000,0.0000,0.0071,0.0001,200,14.3373
0.0076,0.0000,0.0000,0.0000,0.0075,0.0000,200,14.3370
0.0076,0.0000,0.0000,0.0000,0.0076,0.0000,200,14.3370
0.0074,0.0000,0.0000,0.0000,0.0073,0.0000,200,14.3373
0.0074,0.0000,0.0000,0.0000,0.0071,0.0003,200,14.3446
0.0075,0.0000,0.0000,0.0000,0.0072,0.0003,200,14.3446
0.0075,0.0000,0.0000,0.0000,0.0074,0.0000,200,14.3447
0.0077,0.0000,0.0000,0.0000,0.0072,0.0005,200,14.3445
0.0076,0.0000,0.0000,0.0000,0.0075,0.0000,200,14.3521
0.0077,0.0000,0.0000,0.0000,0.0074,0.0003,200,14.3522
0.0077,0.0000,0.0000,0.0000,0.0074,0.0003,200,14.3522
0.0079,0.0000,0.0000,0.0000,0.0075,0.0003,200,14.3521
0.0075,0.0000,0.0000,0.0000,0.0073,0.0002,200,14.3597
0.0073,0.0000,0.0000,0.0000,0.0070,0.0003,200,14.3600
0.0075,0.0000,0.0000,0.0000,0.0074,0.0000,200,14.3599
0.0076,0.0000,0.0000,0.0000,0.0071,0.0004,200,14.3599
0.0072,0.0000,0.0000,0.0000,0.0071,0.0001,200,14.3674
0.0076,0.0000,0.0000,0.0000,0.0073,0.0002,200,14.3672
0.0076,0.0000,0.0000,0.0000,0.0073,0.0002,200,14.3673
0.0075,0.0000,0.0000,0.0000,0.0073,0.0002,200,14.3675
0.0075,0.0000,0.0000,0.0000,0.0074,0.0001,200,14.3746
0.0073,0.0000,0.0000,0.0000,0.0071,0.0001,200,14.3748
0.0076,0.0000,0.0000,0.0000,0.0074,0.0001,200,14.3748
0.0075,0.0000,0.0000,0.0000,0.0071,0.0003,200,14.3750
0.0071,0.0000,0.0000,0.0000,0.0070,0.0001,200,14.3824
0.0073,0.0000,0.0000,0.0000,0.0071,0.0001,200,14.3825
0.0077,0.0000,0.0000,0.0000,0.0074,0.0003,200,14.3821
0.0077,0.0000,0.0000,0.0000,0.0074,0.0003,200,14.3821
0.0074,0.0000,0.0000,0.0000,0.0072,0.0002,200,14.3898
0.0077,0.0000,0.0000,0.0000,0.0075,0.0002,200,14.3895
0.0075,0.0000,0.0000,0.0000,0.0074,0.0000,200,14.3899
0.0076,0.0000,0.0000,0.0000,0.0075,0.0000,200,14.3898
0.0076,0.0000,0.0000,0.0000,0.0074,0.0002,200,14.3973
0.0077,0.0000,0.0000,0.0000,0.0077,0.0000,200,14.3972
0.0078,0.0000,0.0000,0.0000,0.0073,0.0004,200,14.3974
0.0081,0.0000,0.0000,0.0000,0.0071,0.0009,200,14.3975
0.0075,0.0000,0.0000,0.0000,0.0074,0.0000,200,14.4049
0.0076,0.0000,0.0000,0.0000,0.0075,0.0000,200,14.4049
0.0070,0.0000,0.0000,0.0000,0.0067,0.0002,200,14.4055
0.0078,0.0000,0.0000,0.0000,0.0071,0.0007,200,14.4051
0.0074,0.0000,0.0000,0.0000,0.0073,0.0001,200,14.4124
0.0070,0.0000,0.0000,0.0000,0.0068,0.0001,200,14.4129
0.0077,0.0000,0.0000,0.0000,0.0071,0.0005,200,14.4125
0.0084,0.0000,0.0000,0.0000,0.0079,0.0000,200,14.4125
0.0072,0.0000,0.0000,0.0000,0.0070,0.0001,200,14.4202
0.0075,0.0000,0.0000,0.0000,0.0074,0.0000,200,14.4199
0.0067,0.0000,0.0000,0.0000,0.0066,0.0000,200,14.4209
0.0079,0.0000,0.0000,0.0000,0.0078,0.0000,200,14.4198
0.0077,0.0000,0.0000,0.0000,0.0076,0.0000,200,14.4274
0.0077,0.0000,0.0000,0.0000,0.0075,0.0001,200,14.4274
0.0075,0.0000,0.0000,0.0000,0.0073,0.0002,200,14.4276
0.0075,0.0000,0.0000,0.0000,0.0073,0.0002,200,14.4277
0.0074,0.0000,0.0000,0.0000,0.0073,0.0001,200,14.4351
0.0076,0.0000,0.0000,0.0000,0.0076,0.0000,200,14.4352
0.0078,0.0000,0.0000,0.0000,0.0077,0.0000,200,14.4351
0.0079,0.0000,0.0000,0.0000,0.0078,0.0001,200,14.4350
0.0070,0.0000,0.0000,0.0000,0.0069,0.0001,200,14.4429
0.0073,0.0000,0.0000,0.0000,0.0070,0.0003,200,14.4429
0.0078,0.0000,0.0000,0.0000,0.0074,0.0003,200,14.4425
0.0074,0.0000,0.0000,0.0000,0.0072,0.0001,200,14.4429
0.0072,0.0000,0.0000,0.0000,0.0068,0.0004,200,14.4502
0.0073,0.0000,0.0000,0.0000,0.0069,0.0004,200,14.4502
0.0077,0.0000,0.0000,0.0000,0.0072,0.0004,200,14.4499
0.0076,0.0000,0.0000,0.0000,0.0076,0.0000,200,14.4502
0.0077,0.0000,0.0000,0.0000,0.0073,0.0004,200,14.4575
0.0081,0.0000,0.0000,0.0000,0.0081,0.0000,200,14.4575
0.0079,0.0000,0.0000,0.0000,0.0079,0.0000,200,14.4578
0.0082,0.0000,0.0000,0.0000,0.0081,0.0000,200,14.4576
0.0078,0.0000,0.0000,0.0000,0.0076,0.0001,200,14.4652
0.0075,0.0000,0.0000,0.0000,0.0074,0.0001,200,14.4657
0.0074,0.0000,0.0000,0.0000,0.0073,0.0000,200,14.4658
0.0076,0.0000,0.0000,0.0000,0.0075,0.0001,200,14.4656
0.0074,0.0000,0.0000,0.0000,0.0072,0.0001,200,14.4730
0.0073,0.0000,0.0000,0.0000,0.0071,0.0001,200,14.4732
0.0073,0.0000,0.0000,0.0000,0.0073,0.0000,200,14.4732
0.0074,0.0000,0.0000,0.0000,0.0074,0.0000,200,14.4732
0.0074,0.0000,0.0000,0.0000,0.0072,0.0001,200,14.4805
0.0075,0.0000,0.0000,0.0001,0.0073,0.0002,200,14.4804
0.0073,0.0000,0.0000,0.0000,0.0071,0.0002,200,14.4806
0.0077,0.0000,0.0000,0.0000,0.0074,0.0002,200,14.4805
0.0074,0.0000,0.0000,0.0000,0.0073,0.0000,200,14.4879
0.0073,0.0000,0.0000,0.0000,0.0072,0.0001,200,14.4879
0.0077,0.0000,0.0000,0.0000,0.0074,0.0003,200,14.4879
0.0077,0.0000,0.0000,0.0000,0.0074,0.0003,200,14.4882
0.0073,0.0000,0.0000,0.0000,0.0072,0.0001,200,14.4953
0.0074,0.0000,0.0000,0.0000,0.0073,0.0001,200,14.4953
0.0070,0.0000,0.0000,0.0000,0.0066,0.0003,200,14.4960
0.0073,0.0000,0.0000,0.0000,0.0073,0.0000,200,14.4956
0.0073,0.0000,0.0000,0.0000,0.0071,0.0002,200,14.5026
0.0072,0.0000,0.0000,0.0000,0.0071,0.0001,200,14.5027
0.0074,0.0000,0.0000,0.0000,0.0072,0.0001,200,14.5029
0.0074,0.0000,0.0000,0.0000,0.0074,0.0000,200,14.5029
0.0072,0.0000,0.0000,0.0000,0.0070,0.0002,200,14.5103
0.0077,0.0000,0.0000,0.0000,0.0073,0.0003,200,14.5099
0.0078,0.0000,0.0000,0.0000,0.0073,0.0004,200,14.5099
0.0074,0.0000,0.0000,0.0000,0.0074,0.0000,200,14.5103
0.0076,0.0000,0.0000,0.0000,0.0076,0.0000,200,14.5176
0.0077,0.0000,0.0000,0.0000,0.0076,0.0001,200,14.5175
0.0075,0.0000,0.0000,0.0000,0.0074,0.0000,200,14.5178
0.0075,0.0000,0.0000,0.0000,0.0074,0.0001,200,14.5177
0.0073,0.0000,0.0000,0.0000,0.0072,0.0000,200,14.5252
0.0075,0.0000,0.0000,0.0000,0.0074,0.0000,200,14.5252
0.0076,0.0000,0.0000,0.0000,0.0075,0.0000,200,14.5252
0.0077,0.0000,0.0000,0.0000,0.0071,0.0006,200,14.5253
0.0073,0.0000,0.0000,0.0000,0.0072,0.0001,200,14.5328
0.0072,0.0000,0.0000,0.0000,0.0071,0.0000,200,14.5330
0.0075,0.0000,0.0000,0.0000,0.0075,0.0000,200,14.5327
0.0078,0.0000,0.0000,0.0000,0.0077,0.0000,200,14.5325
0.0074,0.0000,0.0000,0.0000,0.0071,0.0003,200,14.5403
0.0075,0.0000,0.0000,0.0000,0.0073,0.0003,200,14.5402
0.0075,0.0000,0.0000,0.0000,0.0073,0.0002,200,14.5402
0.0077,0.0000,0.0000,0.0000,0.0076,0.0000,200,14.5401
0.0073,0.0000,0.0000,0.0000,0.0071,0.0002,200,14.5478
0.0074,0.0000,0.0000,0.0000,0.0072,0.0001,200,14.5477
0.0074,0.0000,0.0000,0.0000,0.0073,0.0001,200,14.5478
0.0078,0.0000,0.0000,0.0000,0.0074,0.0003,200,14.5477
0.0073,0.0000,0.0000,0.0000,0.0068,0.0005,200,14.5555
0.0078,0.0000,0.0000,0.0000,0.0077,0.0000,200,14.5551
0.0078,0.0000,0.0000,0.0000,0.0078,0.0000,200,14.5551
0.0078,0.0000,0.0000,0.0000,0.0077,0.0000,200,14.5553
0.0074,0.0000,0.0000,0.0000,0.0073,0.0001,200,14.5628
0.0073,0.0000,0.0000,0.0000,0.0071,0.0001,200,14.5631
0.0074,0.0000,0.0000,0.0000,0.0074,0.0000,200,14.5629
0.0078,0.0000,0.0000,0.0000,0.0078,0.0000,200,14.5629
0.0070,0.0000,0.0000,0.0000,0.0069,0.0000,200,14.5707
0.0074,0.0000,0.0000,0.0000,0.0073,0.0001,200,14.5703
0.0076,0.0000,0.0000,0.0000,0.0074,0.0001,200,14.5702
0.0075,0.0000,0.0000,0.0000,0.0073,0.0001,200,14.5704
0.0073,0.0000,0.0000,0.0000,0.0072,0.0001,200,14.5778
0.0074,0.0000,0.0000,0.0000,0.0072,0.0002,200,14.5778
0.0075,0.0000,0.0000,0.0000,0.0073,0.0002,200,14.5778
0.0076,0.0000,0.0000,0.0000,0.0074,0.0002,200,14.5777
0.0075,0.0000,0.0000,0.0000,0.0072,0.0003,200,14.5850
0.0075,0.0000,0.0000,0.0000,0.0074,0.0000,200,14.5853
0.0075,0.0000,0.0000,0.0000,0.0074,0.0000,200,14.5853
0.0077,0.0000,0.0000,0.0000,0.0076,0.0000,200,14.5852
0.0071,0.0000,0.0000,0.0000,0.0070,0.0001,200,14.5929
0.0072,0.0000,0.0000,0.0000,0.0070,0.0002,200,14.5929
0.0077,0.0000,0.0000,0.0000,0.0073,0.0003,200,14.5926
0.0077,0.0000,0.0000,0.0000,0.0072,0.0004,200,14.5928
0.0077,0.0000,0.0000,0.0000,0.0074,0.0002,200,14.6000
0.0075,0.0000,0.0000,0.0000,0.0073,0.0001,200,14.6003
0.0073,0.0000,0.0000,0.0000,0.0072,0.0001,200,14.6005
0.0080,0.0000,0.0000,0.0000,0.0073,0.0006,200,14.6001
0.0072,0.0000,0.0000,0.0000,0.0071,0.0001,200,14.6077
0.0070,0.0000,0.0000,0.0000,0.0069,0.0000,200,14.6081
0.0073,0.0000,0.0000,0.0000,0.0070,0.0003,200,14.6078
0.0077,0.0000,0.0000,0.0000,0.0071,0.0006,200,14.6076
0.0073,0.0000,0.0000,0.0000,0.0072,0.0001,200,14.6151
0.0076,0.0000,0.0000,0.0000,0.0075,0.0000,200,14.6149
0.0072,0.0000,0.0000,0.0000,0.0072,0.0000,200,14.6154
0.0075,0.0000,0.0000,0.0000,0.0075,0.0000,200,14.6151
0.0075,0.0000,0.0000,0.0000,0.0074,0.0001,200,14.6224
0.0075,0.0000,0.0000,0.0000,0.0074,0.0000,200,14.6226
0.0078,0.0000,0.0000,0.0000,0.0077,0.0000,200,14.6225
0.0084,0.0000,0.0000,0.0000,0.0083,0.0001,200,14.6226
0.0075,0.0000,0.0000,0.0000,0.0074,0.0001,200,14.6299
0.0075,0.0000,0.0000,0.0000,0.0074,0.0001,200,14.6301
0.0074,0.0000,0.0000,0.0002,0.0072,0.0000,200,14.6303
0.0071,0.0000,0.0000,0.0000,0.0068,0.0003,200,14.6310
0.0072,0.0000,0.0000,0.0000,0.0070,0.0002,200,14.6377
0.0075,0.0000,0.0000,0.0000,0.0073,0.0001,200,14.6375
0.0076,0.0000,0.0000,0.0000,0.0075,0.0000,200,14.6376
0.0071,0.0000,0.0000,0.0000,0.0068,0.0002,200,14.6381
0.0073,0.0000,0.0000,0.0000,0.0072,0.0000,200,14.6449
0.0070,0.0000,0.0000,0.0000,0.0069,0.0001,200,14.6452
0.0075,0.0000,0.0000,0.0000,0.0074,0.0000,200,14.6449
0.0073,0.0000,0.0000,0.0000,0.0070,0.0003,200,14.6452
0.0071,0.0000,0.0000,0.0000,0.0069,0.0001,200,14.6524
0.0075,0.0000,0.0000,0.0000,0.0072,0.0002,200,14.6522
0.0076,0.0000,0.0000,0.0000,0.0072,0.0003,200,14.6522
0.0072,0.0000,0.0000,0.0000,0.0071,0.0001,200,14.6525
0.0074,0.0000,0.0000,0.0000,0.0073,0.0000,200,14.6595
0.0071,0.0000,0.0000,0.0000,0.0070,0.0001,200,14.6598
0.0072,0.0000,0.0000,0.0000,0.0071,0.0000,200,14.6597
0.0073,0.0000,0.0000,0.0000,0.0069,0.0002,200,14.6597
0.0076,0.0000,0.0000,0.0000,0.0073,0.0002,200,14.6668
0.0075,0.0000,0.0000,0.0000,0.0073,0.0002,200,14.6669
0.0076,0.0000,0.0000,0.0000,0.0074,0.0002,200,14.6669
0.0080,0.0000,0.0000,0.0000,0.0079,0.0000,200,14.6669
0.0075,0.0000,0.0000,0.0000,0.0074,0.0001,200,14.6744
0.0075,0.0000,0.0000,0.0000,0.0075,0.0000,200,14.6745
0.0072,0.0000,0.0000,0.0000,0.0070,0.0002,200,14.6749
0.0078,0.0000,0.0000,0.0000,0.0075,0.0003,200,14.6744
0.0073,0.0000,0.0000,0.0000,0.0071,0.0001,200,14.6822
0.0075,0.0000,0.0000,0.0000,0.0073,0.0002,200,14.6820
0.0077,0.0000,0.0000,0.0000,0.0076,0.0000,200,14.6819
0.0086,0.0000,0.0000,0.0000,0.0086,0.0001,200,14.6821
0.0073,0.0000,0.0000,0.0000,0.0071,0.0001,200,14.6896
0.0073,0.0000,0.0000,0.0000,0.0070,0.0002,200,14.6896
0.0075,0.0000,0.0000,0.0000,0.0074,0.0000,200,14.6895
0.0071,0.0000,0.0000,0.0000,0.0069,0.0002,200,14.6908
0.0073,0.0000,0.0000,0.0000,0.0072,0.0001,200,14.6969
0.0074,0.0000,0.0000,0.0000,0.0072,0.0001,200,14.6969
0.0073,0.0000,0.0000,0.0000,0.0073,0.0000,200,14.6970
0.0068,0.0000,0.0000,0.0000,0.0067,0.0001,200,14.6979
0.0073,0.0000,0.0000,0.0000,0.0072,0.0001,200,14.7042
0.0075,0.0000,0.0000,0.0000,0.0073,0.0001,200,14.7042
0.0071,0.0000,0.0000,0.0000,0.0068,0.0002,200,14.7047
0.0075,0.0000,0.0000,0.0000,0.0072,0.0002,200,14.7043
0.0074,0.0000,0.0000,0.0000,0.0072,0.0001,200,14.7116
0.0074,0.0000,0.0000,0.0000,0.0072,0.0002,200,14.7117
0.0074,0.0000,0.0000,0.0000,0.0071,0.0003,200,14.7118
0.0075,0.0000,0.0000,0.0000,0.0073,0.0001,200,14.7118
0.0076,0.0000,0.0000,0.0000,0.0074,0.0001,200,14.7189
0.0074,0.0000,0.0000,0.0000,0.0073,0.0000,200,14.7191
0.0074,0.0000,0.0000,0.0000,0.0074,0.0000,200,14.7192
0.0075,0.0000,0.0000,0.0000,0.0073,0.0002,200,14.7192
0.0076,0.0000,0.0000,0.0000,0.0074,0.0001,200,14.7265
0.0076,0.0000,0.0000,0.0000,0.0074,0.0002,200,14.7265
0.0076,0.0000,0.0000,0.0000,0.0075,0.0000,200,14.7267
0.0076,0.0000,0.0000,0.0000,0.0071,0.0004,200,14.7267
0.0074,0.0000,0.0000,0.0000,0.0071,0.0003,200,14.7343
0.0078,0.0000,0.0000,0.0000,0.0077,0.0000,200,14.7341
0.0081,0.0000,0.0000,0.0000,0.0079,0.0001,200,14.7341
0.0080,0.0000,0.0000,0.0000,0.0078,0.0001,200,14.7343
0.0078,0.0000,0.0000,0.0000,0.0076,0.0002,200,14.7419
0.0075,0.0000,0.0000,0.0000,0.0072,0.0002,200,14.7422
0.0080,0.0000,0.0000,0.0000,0.0078,0.0002,200,14.7417
0.0076,0.0000,0.0000,0.0000,0.0074,0.0002,200,14.7421
0.0071,0.0000,0.0000,0.0000,0.0069,0.0002,200,14.7497
0.0072,0.0000,0.0000,0.0000,0.0070,0.0002,200,14.7497
0.0073,0.0000,0.0000,0.0000,0.0071,0.0001,200,14.7497
0.0073,0.0000,0.0000,0.0000,0.0072,0.0001,200,14.7498
0.0071,0.0000,0.0000,0.0000,0.0070,0.0000,200,14.7568
0.0069,0.0000,0.0000,0.0000,0.0067,0.0002,200,14.7570
0.0072,0.0000,0.0000,0.0000,0.0068,0.0004,200,14.7571
0.0074,0.0000,0.0000,0.0000,0.0074,0.0000,200,14.7569
0.0073,0.0000,0.0000,0.0000,0.0072,0.0001,200,14.7639
0.0076,0.0000,0.0000,0.0000,0.0073,0.0003,200,14.7639
0.0072,0.0000,0.0000,0.0000,0.0069,0.0003,200,14.7643
0.0073,0.0000,0.0000,0.0000,0.0072,0.0000,200,14.7643
0.0078,0.0000,0.0000,0.0000,0.0076,0.0001,200,14.7712
0.0076,0.0000,0.0000,0.0000,0.0075,0.0000,200,14.7715
0.0076,0.0000,0.0000,0.0000,0.0075,0.0000,200,14.7716
0.0080,0.0000,0.0000,0.0000,0.0079,0.0000,200,14.7715
0.0076,0.0000,0.0000,0.0000,0.0076,0.0000,200,14.7791
0.0078,0.0000,0.0000,0.0000,0.0074,0.0003,200,14.7790
0.0075,0.0000,0.0000,0.0000,0.0074,0.0000,200,14.7795
0.0080,0.0000,0.0000,0.0000,0.0080,0.0000,200,14.7791
0.0086,0.0000,0.0000,0.0000,0.0085,0.0001,200,14.7871
0.0090,0.0000,0.0000,0.0000,0.0089,0.0000,200,14.7868
0.0092,0.0000,0.0000,0.0000,0.0088,0.0004,200,14.7870
0.0099,0.0000,0.0000,0.0000,0.0098,0.0001,200,14.7868
0.0084,0.0000,0.0000,0.0000,0.0082,0.0001,200,14.7958
0.0083,0.0000,0.0000,0.0000,0.0082,0.0000,200,14.7962
0.0090,0.0000,0.0000,0.0000,0.0089,0.0001,200,14.7957
0.0082,0.0000,0.0000,0.0000,0.0075,0.0006,200,14.7967
0.0076,0.0000,0.0000,0.0000,0.0075,0.0001,200,14.8045
0.0072,0.0000,0.0000,0.0000,0.0071,0.0001,200,14.8049
0.0081,0.0000,0.0000,0.0000,0.0080,0.0000,200,14.8042
0.0079,0.0000,0.0000,0.0000,0.0075,0.0004,200,14.8047
0.0079,0.0000,0.0000,0.0000,0.0078,0.0001,200,14.8121
0.0082,0.0000,0.0000,0.0000,0.0077,0.0005,200,14.8123
0.0082,0.0000,0.0000,0.0000,0.0074,0.0007,200,14.8126
0.0095,0.0000,0.0000,0.0000,0.0089,0.0006,200,14.8121
0.0078,0.0000,0.0000,0.0000,0.0076,0.0001,200,14.8201
0.0071,0.0000,0.0000,0.0000,0.0070,0.0000,200,14.8207
0.0074,0.0000,0.0000,0.0000,0.0072,0.0002,200,14.8205
0.0085,0.0000,0.0000,0.0000,0.0084,0.0001,200,14.8216
0.0081,0.0000,0.0000,0.0000,0.0077,0.0004,200,14.8278
0.0086,0.0000,0.0000,0.0000,0.0080,0.0006,200,14.8278
0.0086,0.0000,0.0000,0.0000,0.0076,0.0009,200,14.8279
0.0075,0.0000,0.0000,0.0000,0.0074,0.0001,200,14.8301
0.0076,0.0000,0.0000,0.0000,0.0075,0.0001,200,14.8365
0.0083,0.0000,0.0000,0.0000,0.0082,0.0000,200,14.8359
0.0080,0.0000,0.0000,0.0000,0.0076,0.0004,200,14.8365
0.0083,0.0000,0.0000,0.0000,0.0081,0.0001,200,14.8376
0.0080,0.0000,0.0000,0.0000,0.0077,0.0002,200,14.8445
0.0085,0.0000,0.0000,0.0000,0.0084,0.0000,200,14.8442
0.0085,0.0000,0.0000,0.0000,0.0082,0.0002,200,14.8441
0.0079,0.0000,0.0000,0.0000,0.0077,0.0001,200,14.8459
0.0078,0.0000,0.0000,0.0000,0.0077,0.0001,200,14.8526
0.0083,0.0000,0.0000,0.0000,0.0083,0.0000,200,14.8526
0.0086,0.0000,0.0000,0.0000,0.0083,0.0003,200,14.8525
0.0083,0.0000,0.0000,0.0000,0.0075,0.0008,200,14.8537
0.0082,0.0000,0.0000,0.0000,0.0081,0.0001,200,14.8605
0.0077,0.0000,0.0000,0.0000,0.0076,0.0000,200,14.8612
0.0080,0.0000,0.0000,0.0000,0.0079,0.0000,200,14.8610
0.0078,0.0000,0.0000,0.0000,0.0077,0.0001,200,14.8621
0.0078,0.0000,0.0000,0.0000,0.0072,0.0006,200,14.8690
0.0082,0.0000,0.0000,0.0000,0.0081,0.0000,200,14.8687
0.0084,0.0000,0.0000,0.0000,0.0083,0.0001,200,14.8689
0.0074,0.0000,0.0000,0.0000,0.0072,0.0001,200,14.8699
0.0077,0.0000,0.0000,0.0000,0.0075,0.0001,200,14.8767
0.0080,0.0000,0.0000,0.0000,0.0075,0.0004,200,14.8769
0.0080,0.0000,0.0000,0.0000,0.0079,0.0000,200,14.8773
0.0080,0.0000,0.0000,0.0000,0.0080,0.0000,200,14.8773
0.0083,0.0000,0.0000,0.0000,0.0082,0.0001,200,14.8849
0.0089,0.0000,0.0000,0.0000,0.0088,0.0000,200,14.8845
0.0083,0.0000,0.0000,0.0000,0.0083,0.0000,200,14.8853
0.0105,0.0000,0.0000,0.0000,0.0104,0.0001,200,14.8853
0.0079,0.0000,0.0000,0.0000,0.0077,0.0001,200,14.8936
0.0084,0.0000,0.0000,0.0000,0.0083,0.0000,200,14.8932
0.0086,0.0000,0.0000,0.0000,0.0085,0.0001,200,14.8933
0.0078,0.0000,0.0000,0.0000,0.0076,0.0001,200,14.8958
0.0082,0.0000,0.0000,0.0000,0.0082,0.0001,200,14.9016
0.0086,0.0000,0.0000,0.0000,0.0082,0.0003,200,14.9019
0.0092,0.0000,0.0000,0.0000,0.0083,0.0008,200,14.9015
0.0088,0.0000,0.0000,0.0000,0.0080,0.0008,200,14.9036
0.0081,0.0000,0.0000,0.0000,0.0080,0.0001,200,14.9105
0.0089,0.0000,0.0000,0.0000,0.0088,0.0000,200,14.9099
0.0090,0.0000,0.0000,0.0000,0.0090,0.0000,200,14.9107
0.0083,0.0000,0.0000,0.0000,0.0082,0.0000,200,14.9124
0.0077,0.0000,0.0000,0.0000,0.0076,0.0000,200,14.9207
0.0097,0.0000,0.0000,0.0000,0.0096,0.0000,200,14.9186
0.0099,0.0000,0.0000,0.0000,0.0099,0.0001,200,14.9198
0.0109,0.0000,0.0000,0.0000,0.0094,0.0014,200,14.9188
0.0084,0.0000,0.0000,0.0001,0.0082,0.0001,200,14.9284
0.0084,0.0000,0.0000,0.0000,0.0083,0.0000,200,14.9284
0.0081,0.0000,0.0000,0.0000,0.0079,0.0002,200,14.9297
0.0082,0.0000,0.0000,0.0000,0.0076,0.0006,200,14.9297
0.0084,0.0000,0.0000,0.0000,0.0083,0.0001,200,14.9378
0.0097,0.0000,0.0000,0.0000,0.0096,0.0000,200,14.9368
0.0086,0.0000,0.0000,0.0000,0.0085,0.0000,200,14.9380
0.0136,0.0000,0.0000,0.0000,0.0132,0.0003,200,14.9368
0.0093,0.0000,0.0000,0.0000,0.0093,0.0000,200,14.9465
0.0093,0.0000,0.0000,0.0000,0.0093,0.0001,200,14.9464
0.0109,0.0000,0.0000,0.0000,0.0108,0.0000,200,14.9463
0.0095,0.0000,0.0000,0.0000,0.0088,0.0007,200,14.9503
0.0077,0.0000,0.0000,0.0000,0.0076,0.0001,200,14.9572
0.0097,0.0000,0.0000,0.0000,0.0093,0.0003,200,14.9562
0.0114,0.0000,0.0000,0.0000,0.0110,0.0003,200,14.9558
0.0078,0.0000,0.0000,0.0000,0.0072,0.0005,200,14.9599
0.0093,0.0000,0.0000,0.0000,0.0091,0.0001,200,14.9650
0.0071,0.0000,0.0000,0.0000,0.0070,0.0000,200,14.9677
0.0078,0.0000,0.0000,0.0000,0.0077,0.0000,200,14.9672
0.0119,0.0000,0.0000,0.0000,0.0118,0.0001,200,14.9659
0.0085,0.0000,0.0000,0.0000,0.0084,0.0001,200,14.9742
0.0090,0.0000,0.0000,0.0000,0.0089,0.0001,200,14.9750
0.0096,0.0000,0.0000,0.0000,0.0095,0.0000,200,14.9748
0.0081,0.0000,0.0000,0.0000,0.0076,0.0005,200,14.9778
0.0081,0.0000,0.0000,0.0000,0.0080,0.0001,200,14.9827
0.0084,0.0000,0.0000,0.0000,0.0083,0.0001,200,14.9844
0.0090,0.0000,0.0000,0.0000,0.0082,0.0008,200,14.9840
0.0082,0.0000,0.0000,0.0000,0.0077,0.0005,200,14.9860
0.0089,0.0000,0.0000,0.0000,0.0084,0.0004,200,14.9909
0.0074,0.0000,0.0000,0.0000,0.0073,0.0001,200,14.9942
0.0088,0.0000,0.0000,0.0000,0.0087,0.0001,200,14.9928
0.0139,0.0000,0.0000,0.0000,0.0096,0.0001,200,14.9930
0.0084,0.0000,0.0000,0.0000,0.0083,0.0001,200,14.9997
0.0082,0.0000,0.0000,0.0000,0.0081,0.0000,200,15.0016
0.0090,0.0000,0.0000,0.0000,0.0081,0.0008,200,15.0016
0.0083,0.0000,0.0000,0.0000,0.0080,0.0003,200,15.0069
0.0084,0.0000,0.0000,0.0000,0.0079,0.0004,200,15.0081
0.0080,0.0000,0.0000,0.0000,0.0076,0.0003,200,15.0098
0.0075,0.0000,0.0000,0.0000,0.0074,0.0000,200,15.0106
0.0086,0.0000,0.0000,0.0000,0.0085,0.0001,200,15.0165
0.0077,0.0000,0.0000,0.0000,0.0071,0.0005,200,15.0181
0.0107,0.0000,0.0000,0.0000,0.0102,0.0004,200,15.0152
0.0084,0.0000,0.0000,0.0000,0.0083,0.0000,200,15.0178
0.0077,0.0000,0.0000,0.0000,0.0076,0.0001,200,15.0258
0.0085,0.0000,0.0000,0.0000,0.0085,0.0000,200,15.0251
0.0081,0.0000,0.0000,0.0000,0.0080,0.0000,200,15.0259
0.0078,0.0000,0.0000,0.0000,0.0077,0.0000,200,15.0263
0.0079,0.0000,0.0000,0.0000,0.0078,0.0001,200,15.0335
0.0076,0.0000,0.0000,0.0000,0.0073,0.0003,200,15.0340
0.0080,0.0000,0.0000,0.0000,0.0079,0.0000,200,15.0341
0.0085,0.0000,0.0000,0.0000,0.0084,0.0001,200,15.0336
0.0079,0.0000,0.0000,0.0000,0.0077,0.0001,200,15.0417
0.0077,0.0000,0.0000,0.0000,0.0076,0.0000,200,15.0421
0.0089,0.0000,0.0000,0.0001,0.0083,0.0005,200,15.0414
0.0096,0.0000,0.0000,0.0000,0.0087,0.0009,200,15.0421
0.0106,0.0000,0.0000,0.0000,0.0091,0.0015,200,15.0495
0.0105,0.0000,0.0000,0.0000,0.0104,0.0000,200,15.0498
0.0104,0.0000,0.0000,0.0000,0.0104,0.0000,200,15.0503
0.0098,0.0000,0.0000,0.0000,0.0096,0.0001,200,15.0517
0.0080,0.0000,0.0000,0.0000,0.0078,0.0001,200,15.0601
0.0081,0.0000,0.0000,0.0000,0.0080,0.0001,200,15.0603
0.0080,0.0000,0.0000,0.0000,0.0079,0.0000,200,15.0607
0.0102,0.0000,0.0000,0.0000,0.0101,0.0001,200,15.0614
0.0078,0.0000,0.0000,0.0000,0.0077,0.0001,200,15.0681
0.0072,0.0000,0.0000,0.0000,0.0072,0.0000,200,15.0687
0.0076,0.0000,0.0000,0.0000,0.0075,0.0000,200,15.0683
0.0076,0.0000,0.0000,0.0000,0.0075,0.0001,200,15.0717
0.0079,0.0000,0.0000,0.0000,0.0078,0.0000,200,15.0759
0.0082,0.0000,0.0000,0.0000,0.0082,0.0000,200,15.0759
0.0082,0.0000,0.0000,0.0000,0.0076,0.0006,200,15.0759
0.0078,0.0000,0.0000,0.0000,0.0076,0.0001,200,15.0793
0.0075,0.0000,0.0000,0.0000,0.0074,0.0001,200,15.0837
0.0072,0.0000,0.0000,0.0000,0.0071,0.0001,200,15.0841
0.0072,0.0000,0.0000,0.0000,0.0067,0.0000,200,15.0842
0.0072,0.0000,0.0000,0.0000,0.0070,0.0001,200,15.0870
0.0076,0.0000,0.0000,0.0000,0.0074,0.0001,200,15.0913
0.0075,0.0000,0.0000,0.0000,0.0072,0.0002,200,15.0914
0.0087,0.0000,0.0000,0.0000,0.0084,0.0003,200,15.0914
0.0071,0.0000,0.0000,0.0000,0.0070,0.0001,200,15.0942
0.0075,0.0000,0.0000,0.0000,0.0074,0.0001,200,15.0988
0.0078,0.0000,0.0000,0.0000,0.0077,0.0000,200,15.0989
0.0075,0.0000,0.0000,0.0000,0.0074,0.0001,200,15.1000
0.0074,0.0000,0.0000,0.0000,0.0071,0.0003,200,15.1013
0.0074,0.0000,0.0000,0.0000,0.0073,0.0001,200,15.1063
0.0071,0.0000,0.0000,0.0000,0.0069,0.0002,200,15.1067
0.0076,0.0000,0.0000,0.0000,0.0073,0.0003,200,15.1075
0.0071,0.0000,0.0000,0.0000,0.0070,0.0000,200,15.1087
0.0071,0.0000,0.0000,0.0000,0.0070,0.0001,200,15.1137
0.0070,0.0000,0.0000,0.0000,0.0069,0.0000,200,15.1139
0.0069,0.0000,0.0000,0.0000,0.0067,0.0002,200,15.1158
0.0076,0.0000,0.0000,0.0000,0.0073,0.0002,200,15.1152
0.0075,0.0000,0.0000,0.0000,0.0071,0.0004,200,15.1208
0.0077,0.0000,0.0000,0.0000,0.0076,0.0000,200,15.1208
0.0075,0.0000,0.0000,0.0000,0.0072,0.0002,200,15.1227
0.0075,0.0000,0.0000,0.0000,0.0072,0.0003,200,15.1228
0.0072,0.0000,0.0000,0.0000,0.0071,0.0001,200,15.1283
0.0071,0.0000,0.0000,0.0000,0.0071,0.0000,200,15.1285
0.0072,0.0000,0.0000,0.0000,0.0071,0.0000,200,15.1303
0.0074,0.0000,0.0000,0.0000,0.0073,0.0000,200,15.1301
0.0075,0.0000,0.0000,0.0000,0.0074,0.0001,200,15.1356
0.0076,0.0000,0.0000,0.0000,0.0075,0.0000,200,15.1356
0.0073,0.0000,0.0000,0.0000,0.0072,0.0001,200,15.1375
0.0074,0.0000,0.0000,0.0000,0.0074,0.0000,200,15.1375
0.0073,0.0000,0.0000,0.0000,0.0072,0.0001,200,15.1431
0.0074,0.0000,0.0000,0.0000,0.0074,0.0000,200,15.1431
0.0073,0.0000,0.0000,0.0000,0.0073,0.0000,200,15.1450
0.0075,0.0000,0.0000,0.0000,0.0072,0.0003,200,15.1448
0.0074,0.0000,0.0000,0.0000,0.0073,0.0000,200,15.1504
0.0073,0.0000,0.0000,0.0000,0.0070,0.0002,200,15.1506
0.0071,0.0000,0.0000,0.0000,0.0070,0.0001,200,15.1523
0.0071,0.0000,0.0000,0.0000,0.0069,0.0001,200,15.1524
0.0074,0.0000,0.0000,0.0000,0.0070,0.0004,200,15.1578
0.0074,0.0000,0.0000,0.0000,0.0074,0.0000,200,15.1578
0.0073,0.0000,0.0000,0.0000,0.0072,0.0000,200,15.1595
0.0073,0.0000,0.0000,0.0000,0.0072,0.0001,200,15.1595
0.0074,0.0000,0.0000,0.0000,0.0073,0.0001,200,15.1653
0.0074,0.0000,0.0000,0.0000,0.0073,0.0000,200,15.1653
0.0071,0.0000,0.0000,0.0000,0.0070,0.0000,200,15.1667
0.0072,0.0000,0.0000,0.0000,0.0070,0.0002,200,15.1667
0.0072,0.0000,0.0000,0.0000,0.0071,0.0001,200,15.1727
0.0074,0.0000,0.0000,0.0000,0.0073,0.0001,200,15.1727
0.0072,0.0000,0.0000,0.0000,0.0070,0.0002,200,15.1740
0.0074,0.0000,0.0000,0.0000,0.0072,0.0002,200,15.1738
0.0076,0.0000,0.0000,0.0000,0.0075,0.0001,200,15.1799
0.0074,0.0000,0.0000,0.0000,0.0073,0.0001,200,15.1800
0.0075,0.0000,0.0000,0.0000,0.0074,0.0001,200,15.1812
0.0075,0.0000,0.0000,0.0000,0.0074,0.0000,200,15.1812
0.0076,0.0000,0.0000,0.0000,0.0075,0.0001,200,15.1875
0.0076,0.0000,0.0000,0.0000,0.0075,0.0000,200,15.1875
0.0069,0.0000,0.0000,0.0000,0.0068,0.0001,200,15.1887
0.0071,0.0000,0.0000,0.0000,0.0070,0.0001,200,15.1887
0.0078,0.0000,0.0000,0.0000,0.0076,0.0001,200,15.1951
0.0070,0.0000,0.0000,0.0000,0.0068,0.0002,200,15.1958
0.0074,0.0000,0.0000,0.0000,0.0073,0.0000,200,15.1956
0.0083,0.0000,0.0000,0.0000,0.0076,0.0006,200,15.1951
0.0073,0.0000,0.0000,0.0000,0.0072,0.0001,200,15.2029
0.0074,0.0000,0.0000,0.0000,0.0073,0.0000,200,15.2029
0.0075,0.0000,0.0000,0.0000,0.0074,0.0000,200,15.2034
0.0083,0.0000,0.0000,0.0000,0.0079,0.0004,200,15.2030
0.0077,0.0000,0.0000,0.0000,0.0076,0.0000,200,15.2103
0.0072,0.0000,0.0000,0.0000,0.0069,0.0002,200,15.2109
0.0072,0.0000,0.0000,0.0000,0.0070,0.0000,200,15.2113
0.0083,0.0000,0.0000,0.0000,0.0081,0.0002,200,15.2102
0.0071,0.0000,0.0000,0.0000,0.0070,0.0001,200,15.2185
0.0076,0.0000,0.0000,0.0000,0.0076,0.0000,200,15.2180
0.0077,0.0000,0.0000,0.0000,0.0077,0.0000,200,15.2181
0.0073,0.0000,0.0000,0.0000,0.0072,0.0000,200,15.2185
0.0074,0.0000,0.0000,0.0000,0.0073,0.0001,200,15.2256
0.0074,0.0000,0.0000,0.0000,0.0072,0.0001,200,15.2258
0.0079,0.0000,0.0000,0.0000,0.0078,0.0000,200,15.2256
0.0084,0.0000,0.0000,0.0000,0.0083,0.0001,200,15.2258
0.0073,0.0000,0.0000,0.0000,0.0072,0.0001,200,15.2331
0.0071,0.0000,0.0000,0.0000,0.0070,0.0000,200,15.2335
0.0074,0.0000,0.0000,0.0000,0.0074,0.0000,200,15.2332
0.0068,0.0000,0.0000,0.0000,0.0067,0.0000,200,15.2342
0.0075,0.0000,0.0000,0.0000,0.0074,0.0001,200,15.2406
0.0071,0.0000,0.0000,0.0000,0.0070,0.0000,200,15.2410
0.0075,0.0000,0.0000,0.0000,0.0074,0.0000,200,15.2406
0.0077,0.0000,0.0000,0.0000,0.0076,0.0000,200,15.2404
0.0074,0.0000,0.0000,0.0000,0.0072,0.0001,200,15.2481
0.0074,0.0000,0.0000,0.0000,0.0073,0.0001,200,15.2481
0.0075,0.0000,0.0000,0.0000,0.0073,0.0001,200,15.2481
0.0076,0.0000,0.0000,0.0000,0.0074,0.0001,200,15.2480
0.0073,0.0000,0.0000,0.0000,0.0072,0.0001,200,15.2556
0.0075,0.0000,0.0000,0.0000,0.0072,0.0003,200,15.2555
0.0076,0.0000,0.0000,0.0000,0.0073,0.0002,200,15.2555
0.0075,0.0000,0.0000,0.0000,0.0074,0.0001,200,15.2556
0.0071,0.0000,0.0000,0.0000,0.0070,0.0001,200,15.2632
0.0074,0.0000,0.0000,0.0000,0.0073,0.0001,200,15.2629
0.0074,0.0000,0.0000,0.0000,0.0072,0.0001,200,15.2630
0.0075,0.0000,0.0000,0.0000,0.0074,0.0000,200,15.2631
0.0074,0.0000,0.0000,0.0000,0.0073,0.0001,200,15.2703
0.0076,0.0000,0.0000,0.0000,0.0072,0.0003,200,15.2704
0.0075,0.0000,0.0000,0.0000,0.0073,0.0002,200,15.2705
0.0078,0.0000,0.0000,0.0000,0.0074,0.0003,200,15.2703
0.0076,0.0000,0.0000,0.0000,0.0075,0.0001,200,15.2777
0.0072,0.0000,0.0000,0.0000,0.0072,0.0000,200,15.2781
0.0075,0.0000,0.0000,0.0000,0.0074,0.0000,200,15.2780
0.0076,0.0000,0.0000,0.0000,0.0074,0.0001,200,15.2781
0.0072,0.0000,0.0000,0.0000,0.0070,0.0002,200,15.2856
0.0076,0.0000,0.0000,0.0000,0.0073,0.0002,200,15.2853
0.0074,0.0000,0.0000,0.0000,0.0072,0.0002,200,15.2855
0.0077,0.0000,0.0000,0.0000,0.0072,0.0004,200,15.2853
0.0073,0.0000,0.0000,0.0000,0.0072,0.0001,200,15.2929
0.0075,0.0000,0.0000,0.0000,0.0073,0.0001,200,15.2930
0.0076,0.0000,0.0000,0.0000,0.0073,0.0003,200,15.2929
0.0076,0.0000,0.0000,0.0000,0.0074,0.0002,200,15.2929
0.0073,0.0000,0.0000,0.0000,0.0071,0.0002,200,15.3002
0.0071,0.0000,0.0000,0.0000,0.0069,0.0001,200,15.3005
0.0073,0.0000,0.0000,0.0000,0.0072,0.0001,200,15.3005
0.0076,0.0000,0.0000,0.0000,0.0074,0.0002,200,15.3005
0.0071,0.0000,0.0000,0.0000,0.0070,0.0001,200,15.3078
0.0074,0.0000,0.0000,0.0000,0.0072,0.0002,200,15.3076
0.0071,0.0000,0.0000,0.0000,0.0069,0.0002,200,15.3080
0.0076,0.0000,0.0000,0.0000,0.0075,0.0000,200,15.3076
0.0071,0.0000,0.0000,0.0000,0.0070,0.0001,200,15.3152
0.0075,0.0000,0.0000,0.0000,0.0073,0.0002,200,15.3149
0.0075,0.0000,0.0000,0.0000,0.0073,0.0002,200,15.3149
0.0074,0.0000,0.0000,0.0000,0.0071,0.0002,200,15.3151
0.0076,0.0000,0.0000,0.0000,0.0074,0.0001,200,15.3223
0.0075,0.0000,0.0000,0.0000,0.0073,0.0001,200,15.3225
0.0076,0.0000,0.0000,0.0000,0.0073,0.0002,200,15.3224
0.0076,0.0000,0.0000,0.0000,0.0074,0.0002,200,15.3225
0.0075,0.0000,0.0000,0.0000,0.0072,0.0002,200,15.3299
0.0074,0.0000,0.0000,0.0000,0.0071,0.0002,200,15.3299
0.0074,0.0000,0.0000,0.0000,0.0071,0.0002,200,15.3300
0.0075,0.0000,0.0000,0.0000,0.0074,0.0000,200,15.3301
0.0076,0.0000,0.0000,0.0000,0.0075,0.0001,200,15.3373
0.0078,0.0000,0.0000,0.0000,0.0076,0.0002,200,15.3373
0.0078,0.0000,0.0000,0.0000,0.0076,0.0002,200,15.3374
0.0078,0.0000,0.0000,0.0000,0.0075,0.0002,200,15.3375
0.0076,0.0000,0.0000,0.0000,0.0075,0.0001,200,15.3450
0.0077,0.0000,0.0000,0.0000,0.0073,0.0003,200,15.3452
0.0077,0.0000,0.0000,0.0000,0.0074,0.0003,200,15.3452
0.0077,0.0000,0.0000,0.0000,0.0075,0.0001,200,15.3453
0.0076,0.0000,0.0000,0.0000,0.0073,0.0002,200,15.3525
0.0073,0.0000,0.0000,0.0000,0.0071,0.0002,200,15.3529
0.0075,0.0000,0.0000,0.0000,0.0069,0.0006,200,15.3530
0.0076,0.0000,0.0000,0.0000,0.0076,0.0000,200,15.3529
0.0073,0.0000,0.0000,0.0000,0.0070,0.0003,200,15.3605
0.0077,0.0000,0.0000,0.0000,0.0074,0.0002,200,15.3602
0.0074,0.0000,0.0000,0.0000,0.0072,0.0003,200,15.3604
0.0077,0.0000,0.0000,0.0000,0.0074,0.0003,200,15.3602
0.0076,0.0000,0.0000,0.0000,0.0073,0.0002,200,15.3679
0.0076,0.0000,0.0000,0.0000,0.0075,0.0000,200,15.3679
0.0077,0.0000,0.0000,0.0000,0.0074,0.0003,200,15.3679
0.0079,0.0000,0.0000,0.0000,0.0074,0.0004,200,15.3678
0.0091,0.0000,0.0000,0.0000,0.0090,0.0001,200,15.3755
0.0091,0.0000,0.0000,0.0000,0.0090,0.0001,200,15.3755
0.0090,0.0000,0.0000,0.0000,0.0090,0.0000,200,15.3756
0.0093,0.0000,0.0000,0.0000,0.0088,0.0004,200,15.3757
0.0097,0.0000,0.0000,0.0000,0.0076,0.0021,200,15.3846
0.0101,0.0000,0.0000,0.0000,0.0075,0.0026,200,15.3846
0.0099,0.0000,0.0000,0.0000,0.0078,0.0020,200,15.3850
0.0105,0.0000,0.0000,0.0000,0.0104,0.0000,200,15.3846
0.0080,0.0000,0.0000,0.0000,0.0079,0.0000,200,15.3951
0.0090,0.0000,0.0000,0.0000,0.0085,0.0004,200,15.3943
0.0088,0.0000,0.0000,0.0000,0.0079,0.0009,200,15.3947
0.0087,0.0000,0.0000,0.0000,0.0086,0.0000,200,15.3949
0.0090,0.0000,0.0000,0.0000,0.0089,0.0000,200,15.4035
0.0093,0.0000,0.0000,0.0000,0.0092,0.0000,200,15.4035
0.0097,0.0000,0.0000,0.0000,0.0091,0.0006,200,15.4033
0.0100,0.0000,0.0000,0.0000,0.0090,0.0009,200,15.4031
0.0081,0.0000,0.0000,0.0000,0.0080,0.0001,200,15.4128
0.0086,0.0000,0.0000,0.0001,0.0084,0.0000,200,15.4125
0.0081,0.0000,0.0000,0.0000,0.0080,0.0000,200,15.4131
0.0091,0.0000,0.0000,0.0000,0.0086,0.0005,200,15.4131
0.0079,0.0000,0.0000,0.0000,0.0074,0.0005,200,15.4212
0.0081,0.0000,0.0000,0.0000,0.0080,0.0000,200,15.4211
0.0072,0.0000,0.0000,0.0000,0.0069,0.0002,200,15.4222
0.0084,0.0000,0.0000,0.0000,0.0083,0.0000,200,15.4210
0.0072,0.0000,0.0000,0.0000,0.0071,0.0001,200,15.4294
0.0075,0.0000,0.0000,0.0000,0.0072,0.0002,200,15.4293
0.0076,0.0000,0.0000,0.0000,0.0073,0.0002,200,15.4291
0.0075,0.0000,0.0000,0.0000,0.0074,0.0000,200,15.4294
0.0075,0.0000,0.0000,0.0000,0.0074,0.0001,200,15.4368
0.0076,0.0000,0.0000,0.0000,0.0076,0.0000,200,15.4369
0.0078,0.0000,0.0000,0.0000,0.0073,0.0004,200,15.4367
0.0080,0.0000,0.0000,0.0000,0.0073,0.0006,200,15.4365
0.0072,0.0000,0.0000,0.0000,0.0071,0.0001,200,15.4445
0.0074,0.0000,0.0000,0.0000,0.0071,0.0002,200,15.4445
0.0074,0.0000,0.0000,0.0000,0.0072,0.0002,200,15.4445
0.0077,0.0000,0.0000,0.0000,0.0074,0.0002,200,15.4443
0.0073,0.0000,0.0000,0.0000,0.0072,0.0000,200,15.4517
0.0073,0.0000,0.0000,0.0000,0.0073,0.0000,200,15.4519
0.0074,0.0000,0.0000,0.0000,0.0073,0.0000,200,15.4520
0.0076,0.0000,0.0000,0.0000,0.0070,0.0005,200,15.4519
0.0073,0.0000,0.0000,0.0000,0.0071,0.0002,200,15.4595
0.0075,0.0000,0.0000,0.0000,0.0075,0.0000,200,15.4592
0.0074,0.0000,0.0000,0.0000,0.0074,0.0000,200,15.4594
0.0078,0.0000,0.0000,0.0000,0.0076,0.0002,200,15.4590
0.0078,0.0000,0.0000,0.0000,0.0074,0.0003,200,15.4668
0.0079,0.0000,0.0000,0.0000,0.0075,0.0003,200,15.4668
0.0079,0.0000,0.0000,0.0000,0.0078,0.0001,200,15.4668
0.0079,0.0000,0.0000,0.0000,0.0074,0.0004,200,15.4668
0.0076,0.0000,0.0000,0.0000,0.0075,0.0001,200,15.4747
0.0077,0.0000,0.0000,0.0000,0.0076,0.0000,200,15.4746
0.0077,0.0000,0.0000,0.0000,0.0076,0.0000,200,15.4747
0.0078,0.0000,0.0000,0.0000,0.0077,0.0000,200,15.4746
0.0073,0.0000,0.0000,0.0000,0.0072,0.0001,200,15.4825
0.0075,0.0000,0.0000,0.0000,0.0074,0.0001,200,15.4822
0.0076,0.0000,0.0000,0.0000,0.0075,0.0001,200,15.4823
0.0075,0.0000,0.0000,0.0000,0.0074,0.0001,200,15.4824
0.0073,0.0000,0.0000,0.0000,0.0072,0.0001,200,15.4898
0.0075,0.0000,0.0000,0.0000,0.0073,0.0002,200,15.4898
0.0075,0.0000,0.0000,0.0000,0.0073,0.0002,200,15.4898
0.0074,0.0000,0.0000,0.0000,0.0073,0.0001,200,15.4899
0.0074,0.0000,0.0000,0.0000,0.0073,0.0001,200,15.4973
0.0075,0.0000,0.0000,0.0000,0.0074,0.0000,200,15.4973
0.0076,0.0000,0.0000,0.0000,0.0075,0.0000,200,15.4971
0.0074,0.0000,0.0000,0.0000,0.0073,0.0000,200,15.4973
0.0073,0.0000,0.0000,0.0000,0.0072,0.0001,200,15.5047
0.0074,0.0000,0.0000,0.0000,0.0073,0.0002,200,15.5047
0.0074,0.0000,0.0000,0.0000,0.0073,0.0001,200,15.5047
0.0074,0.0000,0.0000,0.0000,0.0072,0.0002,200,15.5047
0.0074,0.0000,0.0000,0.0000,0.0073,0.0001,200,15.5122
0.0075,0.0000,0.0000,0.0000,0.0074,0.0001,200,15.5120
0.0074,0.0000,0.0000,0.0000,0.0073,0.0000,200,15.5121
0.0074,0.0000,0.0000,0.0000,0.0073,0.0000,200,15.5122
0.0074,0.0000,0.0000,0.0000,0.0073,0.0001,200,15.5195
0.0075,0.0000,0.0000,0.0000,0.0074,0.0000,200,15.5196
0.0075,0.0000,0.0000,0.0000,0.0074,0.0001,200,15.5195
0.0078,0.0000,0.0000,0.0000,0.0074,0.0004,200,15.5196
0.0076,0.0000,0.0000,0.0000,0.0073,0.0003,200,15.5270
0.0077,0.0000,0.0000,0.0000,0.0073,0.0003,200,15.5270
0.0073,0.0000,0.0000,0.0000,0.0071,0.0001,200,15.5274
0.0077,0.0000,0.0000,0.0000,0.0077,0.0000,200,15.5270
0.0075,0.0000,0.0000,0.0000,0.0073,0.0002,200,15.5347
0.0076,0.0000,0.0000,0.0000,0.0073,0.0002,200,15.5347
0.0076,0.0000,0.0000,0.0000,0.0072,0.0003,200,15.5348
0.0080,0.0000,0.0000,0.0000,0.0079,0.0000,200,15.5347
0.0074,0.0000,0.0000,0.0000,0.0073,0.0001,200,15.5422
0.0076,0.0000,0.0000,0.0000,0.0076,0.0000,200,15.5421
0.0075,0.0000,0.0000,0.0000,0.0071,0.0004,200,15.5423
0.0083,0.0000,0.0000,0.0000,0.0078,0.0005,200,15.5426
0.0076,0.0000,0.0000,0.0000,0.0076,0.0001,200,15.5498
0.0078,0.0000,0.0000,0.0000,0.0077,0.0000,200,15.5496
0.0077,0.0000,0.0000,0.0000,0.0074,0.0002,200,15.5499
0.0071,0.0000,0.0000,0.0000,0.0070,0.0000,200,15.5510
0.0075,0.0000,0.0000,0.0000,0.0074,0.0001,200,15.5576
0.0078,0.0000,0.0000,0.0000,0.0076,0.0002,200,15.5574
0.0079,0.0000,0.0000,0.0000,0.0078,0.0000,200,15.5574
0.0074,0.0000,0.0000,0.0000,0.0074,0.0000,200,15.5581
0.0073,0.0000,0.0000,0.0000,0.0072,0.0001,200,15.5651
0.0074,0.0000,0.0000,0.0000,0.0071,0.0002,200,15.5652
0.0072,0.0000,0.0000,0.0000,0.0071,0.0000,200,15.5655
0.0074,0.0000,0.0000,0.0000,0.0071,0.0002,200,15.5653
0.0073,0.0000,0.0000,0.0000,0.0070,0.0002,200,15.5726
0.0072,0.0000,0.0000,0.0000,0.0069,0.0002,200,15.5727
0.0075,0.0000,0.0000,0.0000,0.0073,0.0002,200,15.5724
0.0075,0.0000,0.0000,0.0000,0.0074,0.0000,200,15.5727
0.0075,0.0000,0.0000,0.0000,0.0074,0.0000,200,15.5799
0.0073,0.0000,0.0000,0.0000,0.0072,0.0001,200,15.5802
0.0077,0.0000,0.0000,0.0000,0.0076,0.0000,200,15.5799
0.0076,0.0000,0.0000,0.0000,0.0074,0.0002,200,15.5799
0.0075,0.0000,0.0000,0.0000,0.0072,0.0003,200,15.5874
0.0076,0.0000,0.0000,0.0000,0.0075,0.0000,200,15.5875
0.0077,0.0000,0.0000,0.0000,0.0076,0.0000,200,15.5874
0.0077,0.0000,0.0000,0.0000,0.0076,0.0000,200,15.5875
0.0074,0.0000,0.0000,0.0000,0.0072,0.0001,200,15.5949
0.0072,0.0000,0.0000,0.0000,0.0070,0.0002,200,15.5951
0.0074,0.0000,0.0000,0.0000,0.0073,0.0000,200,15.5951
0.0073,0.0000,0.0000,0.0000,0.0073,0.0000,200,15.5952
0.0074,0.0000,0.0000,0.0000,0.0072,0.0002,200,15.6025
0.0076,0.0000,0.0000,0.0000,0.0074,0.0002,200,15.6023
0.0078,0.0000,0.0000,0.0000,0.0075,0.0003,200,15.6023
0.0080,0.0000,0.0000,0.0000,0.0078,0.0001,200,15.6025
0.0074,0.0000,0.0000,0.0000,0.0071,0.0002,200,15.6101
0.0076,0.0000,0.0000,0.0000,0.0075,0.0000,200,15.6099
0.0078,0.0000,0.0000,0.0000,0.0077,0.0000,200,15.6100
0.0073,0.0000,0.0000,0.0000,0.0070,0.0002,200,15.6105
0.0074,0.0000,0.0000,0.0000,0.0073,0.0000,200,15.6174
0.0071,0.0000,0.0000,0.0000,0.0069,0.0002,200,15.6178
0.0076,0.0000,0.0000,0.0000,0.0075,0.0000,200,15.6175
0.0074,0.0000,0.0000,0.0000,0.0072,0.0003,200,15.6178
0.0075,0.0000,0.0000,0.0000,0.0073,0.0001,200,15.6248
0.0075,0.0000,0.0000,0.0000,0.0073,0.0001,200,15.6249
0.0077,0.0000,0.0000,0.0000,0.0071,0.0006,200,15.6251
0.0076,0.0000,0.0000,0.0000,0.0075,0.0000,200,15.6252
0.0076,0.0000,0.0000,0.0000,0.0072,0.0003,200,15.6324
0.0072,0.0000,0.0000,0.0000,0.0069,0.0002,200,15.6328
0.0076,0.0000,0.0000,0.0000,0.0073,0.0002,200,15.6324
0.0073,0.0000,0.0000,0.0000,0.0072,0.0000,200,15.6328
0.0072,0.0000,0.0000,0.0000,0.0071,0.0001,200,15.6400
0.0073,0.0000,0.0000,0.0000,0.0071,0.0002,200,15.6401
0.0076,0.0000,0.0000,0.0000,0.0072,0.0003,200,15.6399
0.0076,0.0000,0.0000,0.0000,0.0074,0.0001,200,15.6400
0.0076,0.0000,0.0000,0.0000,0.0074,0.0002,200,15.6472
0.0074,0.0000,0.0000,0.0000,0.0073,0.0001,200,15.6474
0.0076,0.0000,0.0000,0.0000,0.0075,0.0000,200,15.6475
0.0076,0.0000,0.0000,0.0000,0.0073,0.0003,200,15.6476
0.0074,0.0000,0.0000,0.0000,0.0073,0.0001,200,15.6549
0.0074,0.0000,0.0000,0.0000,0.0073,0.0000,200,15.6548
0.0071,0.0000,0.0000,0.0000,0.0071,0.0000,200,15.6551
0.0072,0.0000,0.0000,0.0000,0.0071,0.0001,200,15.6551
0.0075,0.0000,0.0000,0.0000,0.0072,0.0002,200,15.6622
0.0075,0.0000,0.0000,0.0000,0.0073,0.0003,200,15.6623
0.0076,0.0000,0.0000,0.0000,0.0076,0.0000,200,15.6622
0.0078,0.0000,0.0000,0.0000,0.0077,0.0000,200,15.6623
0.0076,0.0000,0.0000,0.0000,0.0075,0.0000,200,15.6697
0.0075,0.0000,0.0000,0.0000,0.0073,0.0002,200,15.6698
0.0076,0.0000,0.0000,0.0000,0.0073,0.0002,200,15.6699
0.0073,0.0000,0.0000,0.0000,0.0072,0.0001,200,15.6701
0.0074,0.0000,0.0000,0.0000,0.0072,0.0001,200,15.6773
0.0075,0.0000,0.0000,0.0000,0.0074,0.0001,200,15.6773
0.0074,0.0000,0.0000,0.0000,0.0072,0.0001,200,15.6774
0.0074,0.0000,0.0000,0.0000,0.0072,0.0003,200,15.6775
0.0074,0.0000,0.0000,0.0000,0.0073,0.0001,200,15.6847
0.0076,0.0000,0.0000,0.0000,0.0075,0.0000,200,15.6848
0.0076,0.0000,0.0000,0.0000,0.0075,0.0000,200,15.6849
0.0077,0.0000,0.0000,0.0000,0.0076,0.0000,200,15.6849
0.0075,0.0000,0.0000,0.0000,0.0074,0.0001,200,15.6921
0.0073,0.0000,0.0000,0.0000,0.0070,0.0002,200,15.6924
0.0073,0.0000,0.0000,0.0000,0.0071,0.0002,200,15.6925
0.0074,0.0000,0.0000,0.0000,0.0072,0.0002,200,15.6925
0.0075,0.0000,0.0000,0.0000,0.0074,0.0000,200,15.6996
0.0074,0.0000,0.0000,0.0000,0.0069,0.0004,200,15.6998
0.0079,0.0000,0.0000,0.0000,0.0076,0.0003,200,15.6996
0.0078,0.0000,0.0000,0.0000,0.0074,0.0004,200,15.6999
0.0076,0.0000,0.0000,0.0000,0.0073,0.0002,200,15.7072
0.0073,0.0000,0.0000,0.0000,0.0070,0.0001,200,15.7075
0.0072,0.0000,0.0000,0.0000,0.0071,0.0000,200,15.7077
0.0092,0.0000,0.0000,0.0000,0.0091,0.0001,200,15.7072
0.0073,0.0000,0.0000,0.0000,0.0071,0.0002,200,15.7148
0.0074,0.0000,0.0000,0.0000,0.0071,0.0002,200,15.7147
0.0073,0.0000,0.0000,0.0000,0.0072,0.0000,200,15.7149
0.0075,0.0000,0.0000,0.0000,0.0074,0.0001,200,15.7164
0.0074,0.0000,0.0000,0.0000,0.0072,0.0001,200,15.7221
0.0074,0.0000,0.0000,0.0000,0.0073,0.0000,200,15.7222
0.0076,0.0000,0.0000,0.0000,0.0075,0.0000,200,15.7220
0.0070,0.0000,0.0000,0.0000,0.0069,0.0001,200,15.7239
0.0076,0.0000,0.0000,0.0000,0.0074,0.0002,200,15.7295
0.0076,0.0000,0.0000,0.0000,0.0074,0.0002,200,15.7296
0.0077,0.0000,0.0000,0.0000,0.0071,0.0006,200,15.7296
0.0074,0.0000,0.0000,0.0000,0.0069,0.0004,200,15.7310
0.0074,0.0000,0.0000,0.0000,0.0072,0.0001,200,15.7371
0.0074,0.0000,0.0000,0.0000,0.0074,0.0000,200,15.7372
0.0074,0.0000,0.0000,0.0000,0.0073,0.0000,200,15.7373
0.0067,0.0000,0.0000,0.0000,0.0066,0.0001,200,15.7384
0.0074,0.0000,0.0000,0.0000,0.0073,0.0001,200,15.7446
0.0074,0.0000,0.0000,0.0000,0.0072,0.0002,200,15.7446
0.0078,0.0000,0.0000,0.0000,0.0077,0.0000,200,15.7445
0.0073,0.0000,0.0000,0.0000,0.0070,0.0002,200,15.7451
0.0069,0.0000,0.0000,0.0000,0.0069,0.0000,200,15.7524
0.0073,0.0000,0.0000,0.0000,0.0071,0.0002,200,15.7520
0.0075,0.0000,0.0000,0.0000,0.0075,0.0000,200,15.7521
0.0074,0.0000,0.0000,0.0000,0.0072,0.0001,200,15.7523
0.0070,0.0000,0.0000,0.0000,0.0069,0.0001,200,15.7596
0.0072,0.0000,0.0000,0.0000,0.0070,0.0002,200,15.7597
0.0076,0.0000,0.0000,0.0000,0.0073,0.0003,200,15.7593
0.0077,0.0000,0.0000,0.0000,0.0074,0.0002,200,15.7593
0.0073,0.0000,0.0000,0.0000,0.0072,0.0001,200,15.7666
0.0072,0.0000,0.0000,0.0000,0.0070,0.0001,200,15.7670
0.0073,0.0000,0.0000,0.0000,0.0070,0.0002,200,15.7669
0.0073,0.0000,0.0000,0.0000,0.0071,0.0002,200,15.7670
0.0074,0.0000,0.0000,0.0000,0.0073,0.0000,200,15.7740
0.0073,0.0000,0.0000,0.0000,0.0071,0.0002,200,15.7741
0.0074,0.0000,0.0000,0.0000,0.0073,0.0000,200,15.7742
0.0074,0.0000,0.0000,0.0000,0.0074,0.0000,200,15.7742
0.0075,0.0000,0.0000,0.0000,0.0071,0.0004,200,15.7814
0.0073,0.0000,0.0000,0.0000,0.0068,0.0005,200,15.7817
0.0074,0.0000,0.0000,0.0000,0.0070,0.0004,200,15.7816
0.0077,0.0000,0.0000,0.0000,0.0071,0.0006,200,15.7813
0.0074,0.0000,0.0000,0.0000,0.0073,0.0001,200,15.7890
0.0074,0.0000,0.0000,0.0000,0.0074,0.0000,200,15.7890
0.0076,0.0000,0.0000,0.0000,0.0072,0.0004,200,15.7891
0.0077,0.0000,0.0000,0.0000,0.0076,0.0000,200,15.7890
0.0073,0.0000,0.0000,0.0000,0.0070,0.0003,200,15.7967
0.0076,0.0000,0.0000,0.0000,0.0073,0.0003,200,15.7964
0.0077,0.0000,0.0000,0.0000,0.0074,0.0002,200,15.7964
0.0074,0.0000,0.0000,0.0000,0.0070,0.0003,200,15.7967
0.0075,0.0000,0.0000,0.0000,0.0073,0.0002,200,15.8041
0.0077,0.0000,0.0000,0.0000,0.0076,0.0000,200,15.8040
0.0078,0.0000,0.0000,0.0000,0.0071,0.0006,200,15.8040
0.0080,0.0000,0.0000,0.0000,0.0079,0.0000,200,15.8040
0.0072,0.0000,0.0000,0.0000,0.0071,0.0001,200,15.8120
0.0077,0.0000,0.0000,0.0000,0.0073,0.0003,200,15.8116
0.0076,0.0000,0.0000,0.0000,0.0072,0.0004,200,15.8118
0.0088,0.0000,0.0000,0.0000,0.0088,0.0001,200,15.8117
0.0076,0.0000,0.0000,0.0000,0.0074,0.0001,200,15.8194
0.0076,0.0000,0.0000,0.0000,0.0075,0.0000,200,15.8193
0.0078,0.0000,0.0000,0.0000,0.0078,0.0000,200,15.8192
0.0075,0.0000,0.0000,0.0000,0.0074,0.0001,200,15.8205
0.0074,0.0000,0.0000,0.0000,0.0073,0.0001,200,15.8270
0.0073,0.0000,0.0000,0.0000,0.0072,0.0000,200,15.8271
0.0075,0.0000,0.0000,0.0000,0.0074,0.0000,200,15.8270
0.0068,0.0000,0.0000,0.0000,0.0067,0.0000,200,15.8281
0.0074,0.0000,0.0000,0.0000,0.0073,0.0001,200,15.8343
0.0074,0.0000,0.0000,0.0000,0.0071,0.0002,200,15.8344
0.0070,0.0000,0.0000,0.0000,0.0069,0.0001,200,15.8349
0.0076,0.0000,0.0000,0.0000,0.0075,0.0000,200,15.8343
0.0074,0.0000,0.0000,0.0000,0.0073,0.0001,200,15.8419
0.0078,0.0000,0.0000,0.0000,0.0075,0.0003,200,15.8418
0.0077,0.0000,0.0000,0.0000,0.0075,0.0002,200,15.8418
0.0077,0.0000,0.0000,0.0000,0.0072,0.0004,200,15.8419
0.0070,0.0000,0.0000,0.0000,0.0069,0.0001,200,15.8496
0.0072,0.0000,0.0000,0.0000,0.0071,0.0000,200,15.8495
0.0071,0.0000,0.0000,0.0000,0.0070,0.0000,200,15.8496
0.0084,0.0000,0.0000,0.0000,0.0077,0.0007,200,15.8493
0.0073,0.0000,0.0000,0.0000,0.0072,0.0001,200,15.8567
0.0075,0.0000,0.0000,0.0000,0.0074,0.0000,200,15.8566
0.0075,0.0000,0.0000,0.0000,0.0074,0.0000,200,15.8567
0.0069,0.0000,0.0000,0.0000,0.0068,0.0000,200,15.8577
0.0073,0.0000,0.0000,0.0000,0.0071,0.0002,200,15.8642
0.0074,0.0000,0.0000,0.0000,0.0071,0.0003,200,15.8642
0.0077,0.0000,0.0000,0.0000,0.0073,0.0003,200,15.8640
0.0072,0.0000,0.0000,0.0000,0.0070,0.0002,200,15.8646
0.0074,0.0000,0.0000,0.0000,0.0073,0.0001,200,15.8715
0.0072,0.0000,0.0000,0.0000,0.0071,0.0002,200,15.8718
0.0075,0.0000,0.0000,0.0000,0.0073,0.0002,200,15.8717
0.0077,0.0000,0.0000,0.0000,0.0074,0.0002,200,15.8715
0.0080,0.0000,0.0000,0.0000,0.0075,0.0005,200,15.8791
0.0079,0.0000,0.0000,0.0000,0.0078,0.0000,200,15.8792
0.0080,0.0000,0.0000,0.0000,0.0079,0.0000,200,15.8792
0.0083,0.0000,0.0000,0.0000,0.0081,0.0001,200,15.8789
0.0073,0.0000,0.0000,0.0000,0.0072,0.0000,200,15.8870
0.0072,0.0000,0.0000,0.0000,0.0071,0.0001,200,15.8871
0.0074,0.0000,0.0000,0.0000,0.0072,0.0001,200,15.8872
0.0077,0.0000,0.0000,0.0000,0.0074,0.0003,200,15.8871
0.0073,0.0000,0.0000,0.0000,0.0072,0.0001,200,15.8944
0.0075,0.0000,0.0000,0.0000,0.0072,0.0003,200,15.8944
0.0074,0.0000,0.0000,0.0000,0.0072,0.0001,200,15.8946
0.0073,0.0000,0.0000,0.0000,0.0072,0.0000,200,15.8948
0.0072,0.0000,0.0000,0.0000,0.0071,0.0002,200,15.9020
0.0074,0.0000,0.0000,0.0000,0.0073,0.0000,200,15.9019
0.0073,0.0000,0.0000,0.0000,0.0073,0.0000,200,15.9020
0.0078,0.0000,0.0000,0.0000,0.0074,0.0003,200,15.9016
0.0075,0.0000,0.0000,0.0000,0.0072,0.0002,200,15.9092
0.0073,0.0000,0.0000,0.0000,0.0071,0.0001,200,15.9094
0.0076,0.0000,0.0000,0.0000,0.0073,0.0001,200,15.9093
0.0077,0.0000,0.0000,0.0000,0.0074,0.0003,200,15.9093
0.0073,0.0000,0.0000,0.0000,0.0072,0.0001,200,15.9167
0.0073,0.0000,0.0000,0.0000,0.0072,0.0001,200,15.9167
0.0072,0.0000,0.0000,0.0000,0.0072,0.0000,200,15.9169
0.0071,0.0000,0.0000,0.0000,0.0069,0.0001,200,15.9171
0.0076,0.0000,0.0000,0.0000,0.0070,0.0005,200,15.9241
0.0078,0.0000,0.0000,0.0000,0.0075,0.0002,200,15.9240
0.0078,0.0000,0.0000,0.0000,0.0074,0.0003,200,15.9240
0.0077,0.0000,0.0000,0.0000,0.0072,0.0005,200,15.9241
0.0074,0.0000,0.0000,0.0000,0.0072,0.0002,200,15.9318
0.0075,0.0000,0.0000,0.0000,0.0073,0.0002,200,15.9318
0.0075,0.0000,0.0000,0.0000,0.0071,0.0004,200,15.9318
0.0076,0.0000,0.0000,0.0000,0.0075,0.0000,200,15.9318
0.0077,0.0000,0.0000,0.0000,0.0073,0.0003,200,15.9392
0.0076,0.0000,0.0000,0.0000,0.0076,0.0000,200,15.9394
0.0077,0.0000,0.0000,0.0000,0.0072,0.0005,200,15.9393
0.0078,0.0000,0.0000,0.0000,0.0077,0.0000,200,15.9392
0.0073,0.0000,0.0000,0.0000,0.0073,0.0000,200,15.9470
0.0074,0.0000,0.0000,0.0000,0.0072,0.0002,200,15.9470
0.0077,0.0000,0.0000,0.0000,0.0076,0.0001,200,15.9469
0.0078,0.0000,0.0000,0.0000,0.0075,0.0003,200,15.9470
0.0073,0.0000,0.0000,0.0000,0.0072,0.0001,200,15.9544
0.0071,0.0000,0.0000,0.0000,0.0070,0.0001,200,15.9546
0.0070,0.0000,0.0000,0.0000,0.0069,0.0001,200,15.9548
0.0074,0.0000,0.0000,0.0000,0.0074,0.0000,200,15.9544
0.0075,0.0000,0.0000,0.0000,0.0074,0.0000,200,15.9617
0.0073,0.0000,0.0000,0.0000,0.0071,0.0002,200,15.9618
0.0076,0.0000,0.0000,0.0000,0.0075,0.0000,200,15.9617
0.0078,0.0000,0.0000,0.0000,0.0077,0.0000,200,15.9618
0.0074,0.0000,0.0000,0.0000,0.0073,0.0001,200,15.9692
0.0074,0.0000,0.0000,0.0000,0.0073,0.0001,200,15.9693
0.0072,0.0000,0.0000,0.0000,0.0070,0.0002,200,15.9696
0.0076,0.0000,0.0000,0.0000,0.0074,0.0002,200,15.9692
0.0074,0.0000,0.0000,0.0000,0.0072,0.0001,200,15.9766
0.0072,0.0000,0.0000,0.0000,0.0071,0.0000,200,15.9768
0.0076,0.0000,0.0000,0.0000,0.0074,0.0001,200,15.9768
0.0083,0.0000,0.0000,0.0000,0.0082,0.0001,200,15.9767
0.0076,0.0000,0.0000,0.0000,0.0075,0.0001,200,15.9839
0.0076,0.0000,0.0000,0.0000,0.0075,0.0000,200,15.9840
0.0072,0.0000,0.0000,0.0000,0.0071,0.0000,200,15.9844
0.0068,0.0000,0.0000,0.0000,0.0067,0.0000,200,15.9850
0.0074,0.0000,0.0000,0.0000,0.0073,0.0001,200,15.9916
0.0073,0.0000,0.0000,0.0000,0.0071,0.0001,200,15.9918
0.0075,0.0000,0.0000,0.0000,0.0073,0.0002,200,15.9915
0.0075,0.0000,0.0000,0.0000,0.0073,0.0002,200,15.9916
0.0074,0.0000,0.0000,0.0000,0.0073,0.0001,200,15.9990
0.0078,0.0000,0.0000,0.0000,0.0073,0.0005,200,15.9989
0.0079,0.0000,0.0000,0.0000,0.0079,0.0000,200,15.9991
0.0089,0.0000,0.0000,0.0000,0.0088,0.0001,200,15.9991
0.0077,0.0000,0.0000,0.0001,0.0075,0.0001,200,16.0065
0.0074,0.0000,0.0000,0.0000,0.0073,0.0001,200,16.0067
0.0072,0.0000,0.0000,0.0000,0.0071,0.0000,200,16.0070
0.0073,0.0000,0.0000,0.0000,0.0072,0.0001,200,16.0080
0.0075,0.0000,0.0000,0.0000,0.0074,0.0001,200,16.0141
0.0075,0.0000,0.0000,0.0000,0.0074,0.0000,200,16.0141
0.0074,0.0000,0.0000,0.0000,0.0073,0.0000,200,16.0142
0.0074,0.0000,0.0000,0.0000,0.0070,0.0004,200,16.0153
0.0074,0.0000,0.0000,0.0000,0.0073,0.0001,200,16.0216
0.0075,0.0000,0.0000,0.0000,0.0074,0.0000,200,16.0216
0.0076,0.0000,0.0000,0.0000,0.0075,0.0000,200,16.0216
0.0075,0.0000,0.0000,0.0000,0.0073,0.0002,200,16.0227
0.0071,0.0000,0.0000,0.0000,0.0070,0.0001,200,16.0292
0.0074,0.0000,0.0000,0.0000,0.0073,0.0000,200,16.0290
0.0073,0.0000,0.0000,0.0000,0.0073,0.0000,200,16.0291
0.0071,0.0000,0.0000,0.0000,0.0067,0.0004,200,16.0303
0.0073,0.0000,0.0000,0.0000,0.0072,0.0000,200,16.0363
0.0075,0.0000,0.0000,0.0000,0.0072,0.0003,200,16.0363
0.0076,0.0000,0.0000,0.0000,0.0075,0.0000,200,16.0364
0.0069,0.0000,0.0000,0.0000,0.0068,0.0000,200,16.0374
0.0075,0.0000,0.0000,0.0000,0.0074,0.0001,200,16.0436
0.0071,0.0000,0.0000,0.0000,0.0071,0.0000,200,16.0439
0.0074,0.0000,0.0000,0.0000,0.0074,0.0000,200,16.0438
0.0070,0.0000,0.0000,0.0000,0.0068,0.0002,200,16.0443
0.0075,0.0000,0.0000,0.0000,0.0074,0.0001,200,16.0511
0.0073,0.0000,0.0000,0.0000,0.0072,0.0001,200,16.0513
0.0073,0.0000,0.0000,0.0000,0.0072,0.0000,200,16.0513
0.0078,0.0000,0.0000,0.0000,0.0077,0.0000,200,16.0511
0.0076,0.0000,0.0000,0.0000,0.0075,0.0001,200,16.0586
0.0073,0.0000,0.0000,0.0000,0.0072,0.0000,200,16.0589
0.0077,0.0000,0.0000,0.0000,0.0076,0.0002,200,16.0586
0.0077,0.0000,0.0000,0.0000,0.0076,0.0001,200,16.0586
0.0072,0.0000,0.0000,0.0000,0.0071,0.0001,200,16.0663
0.0074,0.0000,0.0000,0.0000,0.0074,0.0000,200,16.0662
0.0075,0.0000,0.0000,0.0000,0.0075,0.0000,200,16.0661
0.0074,0.0000,0.0000,0.0000,0.0072,0.0001,200,16.0663
0.0074,0.0000,0.0000,0.0000,0.0073,0.0001,200,16.0735
0.0075,0.0000,0.0000,0.0000,0.0073,0.0001,200,16.0736
0.0074,0.0000,0.0000,0.0000,0.0074,0.0000,200,16.0737
0.0074,0.0000,0.0000,0.0000,0.0074,0.0000,200,16.0737
0.0082,0.0000,0.0000,0.0000,0.0081,0.0001,200,16.0809
0.0080,0.0000,0.0000,0.0000,0.0079,0.0000,200,16.0811
0.0081,0.0000,0.0000,0.0000,0.0081,0.0000,200,16.0811
0.0086,0.0000,0.0000,0.0000,0.0081,0.0005,200,16.0811
0.0079,0.0000,0.0000,0.0000,0.0076,0.0002,200,16.0891
0.0080,0.0000,0.0000,0.0000,0.0079,0.0000,200,16.0891
0.0079,0.0000,0.0000,0.0000,0.0079,0.0000,200,16.0892
0.0078,0.0000,0.0000,0.0000,0.0072,0.0006,200,16.0896
0.0081,0.0000,0.0000,0.0000,0.0077,0.0003,200,16.0971
0.0080,0.0000,0.0000,0.0000,0.0076,0.0004,200,16.0972
0.0083,0.0000,0.0000,0.0000,0.0078,0.0003,200,16.0974
0.0088,0.0000,0.0000,0.0000,0.0087,0.0000,200,16.0970
0.0075,0.0000,0.0000,0.0000,0.0074,0.0001,200,16.1057
0.0080,0.0000,0.0000,0.0000,0.0078,0.0001,200,16.1052
0.0081,0.0000,0.0000,0.0000,0.0080,0.0000,200,16.1052
0.0077,0.0000,0.0000,0.0000,0.0076,0.0001,200,16.1058
0.0081,0.0000,0.0000,0.0000,0.0077,0.0003,200,16.1135
0.0082,0.0000,0.0000,0.0000,0.0078,0.0004,200,16.1134
0.0084,0.0000,0.0000,0.0000,0.0079,0.0004,200,16.1132
0.0086,0.0000,0.0000,0.0000,0.0085,0.0000,200,16.1132
0.0091,0.0000,0.0000,0.0000,0.0083,0.0008,200,16.1215
0.0089,0.0000,0.0000,0.0000,0.0088,0.0001,200,16.1217
0.0100,0.0000,0.0000,0.0000,0.0089,0.0010,200,16.1216
0.0109,0.0000,0.0000,0.0000,0.0108,0.0001,200,16.1215
0.0081,0.0000,0.0000,0.0001,0.0079,0.0001,200,16.1306
0.0081,0.0000,0.0000,0.0000,0.0080,0.0000,200,16.1306
0.0073,0.0000,0.0000,0.0000,0.0072,0.0000,200,16.1315
0.0102,0.0000,0.0000,0.0000,0.0096,0.0006,200,16.1325
0.0083,0.0000,0.0000,0.0000,0.0081,0.0001,200,16.1388
0.0082,0.0000,0.0000,0.0000,0.0077,0.0005,200,16.1388
0.0086,0.0000,0.0000,0.0000,0.0077,0.0008,200,16.1388
0.0082,0.0000,0.0000,0.0000,0.0081,0.0001,200,16.1470
0.0127,0.0000,0.0000,0.0000,0.0125,0.0000,200,16.1426
0.0080,0.0000,0.0000,0.0000,0.0078,0.0001,200,16.1474
0.0100,0.0000,0.0000,0.0000,0.0089,0.0010,200,16.1470
0.0087,0.0000,0.0000,0.0000,0.0086,0.0001,200,16.1552
0.0087,0.0000,0.0000,0.0000,0.0086,0.0000,200,16.1553
0.0086,0.0000,0.0000,0.0000,0.0084,0.0002,200,16.1554
0.0094,0.0000,0.0000,0.0000,0.0082,0.0012,200,16.1570
0.0084,0.0000,0.0000,0.0000,0.0084,0.0000,200,16.1640
0.0086,0.0000,0.0000,0.0000,0.0084,0.0002,200,16.1639
0.0088,0.0000,0.0000,0.0000,0.0084,0.0004,200,16.1640
0.0081,0.0000,0.0000,0.0000,0.0078,0.0002,200,16.1664
0.0085,0.0000,0.0000,0.0000,0.0082,0.0003,200,16.1728
0.0090,0.0000,0.0000,0.0000,0.0086,0.0004,200,16.1725
0.0092,0.0000,0.0000,0.0000,0.0086,0.0005,200,16.1724
0.0106,0.0000,0.0000,0.0000,0.0104,0.0001,200,16.1745
0.0080,0.0000,0.0000,0.0000,0.0079,0.0001,200,16.1815
0.0083,0.0000,0.0000,0.0000,0.0082,0.0000,200,16.1813
0.0081,0.0000,0.0000,0.0000,0.0080,0.0000,200,16.1816
0.0101,0.0000,0.0000,0.0000,0.0099,0.0001,200,16.1851
0.0085,0.0000,0.0000,0.0000,0.0084,0.0001,200,16.1896
0.0084,0.0000,0.0000,0.0000,0.0084,0.0000,200,16.1897
0.0085,0.0000,0.0000,0.0000,0.0084,0.0000,200,16.1896
0.0090,0.0000,0.0000,0.0001,0.0088,0.0001,200,16.1952
0.0075,0.0000,0.0000,0.0000,0.0074,0.0001,200,16.1981
0.0076,0.0000,0.0000,0.0000,0.0075,0.0000,200,16.1980
0.0088,0.0000,0.0000,0.0000,0.0087,0.0001,200,16.1981
0.0079,0.0000,0.0000,0.0000,0.0077,0.0001,200,16.2042
0.0071,0.0000,0.0000,0.0000,0.0070,0.0000,200,16.2055
0.0075,0.0000,0.0000,0.0000,0.0074,0.0000,200,16.2056
0.0074,0.0000,0.0000,0.0000,0.0073,0.0001,200,16.2068
0.0079,0.0000,0.0000,0.0001,0.0078,0.0001,200,16.2120
0.0080,0.0000,0.0000,0.0000,0.0079,0.0000,200,16.2127
0.0078,0.0000,0.0000,0.0000,0.0074,0.0004,200,16.2131
0.0072,0.0000,0.0000,0.0000,0.0071,0.0000,200,16.2142
0.0080,0.0000,0.0000,0.0000,0.0077,0.0003,200,16.2200
0.0074,0.0000,0.0000,0.0000,0.0070,0.0004,200,16.2206
0.0069,0.0000,0.0000,0.0000,0.0066,0.0002,200,16.2214
0.0075,0.0000,0.0000,0.0000,0.0073,0.0001,200,16.2209
0.0075,0.0000,0.0000,0.0000,0.0071,0.0003,200,16.2280
0.0072,0.0000,0.0000,0.0000,0.0070,0.0002,200,16.2283
0.0074,0.0000,0.0000,0.0000,0.0073,0.0000,200,16.2284
0.0078,0.0000,0.0000,0.0000,0.0073,0.0005,200,16.2280
0.0073,0.0000,0.0000,0.0000,0.0072,0.0001,200,16.2355
0.0072,0.0000,0.0000,0.0000,0.0070,0.0002,200,16.2358
0.0072,0.0000,0.0000,0.0000,0.0070,0.0002,200,16.2359
0.0076,0.0000,0.0000,0.0000,0.0074,0.0001,200,16.2355
0.0075,0.0000,0.0000,0.0000,0.0073,0.0002,200,16.2431
0.0076,0.0000,0.0000,0.0000,0.0072,0.0004,200,16.2430
0.0076,0.0000,0.0000,0.0000,0.0073,0.0003,200,16.2431
0.0078,0.0000,0.0000,0.0000,0.0075,0.0003,200,16.2428
0.0085,0.0000,0.0000,0.0000,0.0082,0.0002,200,16.2507
0.0086,0.0000,0.0000,0.0000,0.0082,0.0004,200,16.2507
0.0086,0.0000,0.0000,0.0000,0.0083,0.0003,200,16.2507
0.0088,0.0000,0.0000,0.0000,0.0088,0.0000,200,16.2506
0.0074,0.0000,0.0000,0.0000,0.0073,0.0001,200,16.2593
0.0071,0.0000,0.0000,0.0000,0.0069,0.0002,200,16.2595
0.0076,0.0000,0.0000,0.0000,0.0076,0.0000,200,16.2592
0.0076,0.0000,0.0000,0.0000,0.0073,0.0002,200,16.2593
0.0074,0.0000,0.0000,0.0000,0.0070,0.0003,200,16.2666
0.0074,0.0000,0.0000,0.0000,0.0072,0.0002,200,16.2666
0.0073,0.0000,0.0000,0.0000,0.0069,0.0004,200,16.2669
0.0074,0.0000,0.0000,0.0000,0.0073,0.0000,200,16.2668
0.0075,0.0000,0.0000,0.0000,0.0072,0.0002,200,16.2742
0.0076,0.0000,0.0000,0.0000,0.0073,0.0002,200,16.2742
0.0078,0.0000,0.0000,0.0000,0.0074,0.0003,200,16.2740
0.0078,0.0000,0.0000,0.0000,0.0075,0.0003,200,16.2741
0.0072,0.0000,0.0000,0.0000,0.0070,0.0002,200,16.2818
0.0074,0.0000,0.0000,0.0000,0.0073,0.0000,200,16.2817
0.0074,0.0000,0.0000,0.0000,0.0071,0.0003,200,16.2818
0.0076,0.0000,0.0000,0.0000,0.0074,0.0001,200,16.2819
0.0075,0.0000,0.0000,0.0000,0.0074,0.0001,200,16.2891
0.0074,0.0000,0.0000,0.0000,0.0073,0.0000,200,16.2892
0.0071,0.0000,0.0000,0.0000,0.0071,0.0000,200,16.2895
0.0077,0.0000,0.0000,0.0000,0.0075,0.0002,200,16.2890
0.0074,0.0000,0.0000,0.0000,0.0072,0.0002,200,16.2966
0.0074,0.0000,0.0000,0.0000,0.0073,0.0001,200,16.2966
0.0076,0.0000,0.0000,0.0000,0.0075,0.0000,200,16.2967
0.0093,0.0000,0.0000,0.0000,0.0092,0.0001,200,16.2966
0.0073,0.0000,0.0000,0.0000,0.0072,0.0001,200,16.3040
0.0071,0.0000,0.0000,0.0000,0.0071,0.0000,200,16.3042
0.0090,0.0000,0.0000,0.0000,0.0087,0.0003,200,16.3040
0.0072,0.0000,0.0000,0.0000,0.0071,0.0000,200,16.3059
0.0074,0.0000,0.0000,0.0000,0.0073,0.0001,200,16.3114
0.0074,0.0000,0.0000,0.0000,0.0073,0.0000,200,16.3113
0.0073,0.0000,0.0000,0.0000,0.0072,0.0000,200,16.3130
0.0073,0.0000,0.0000,0.0000,0.0069,0.0003,200,16.3131
0.0072,0.0000,0.0000,0.0000,0.0071,0.0001,200,16.3188
0.0074,0.0000,0.0000,0.0000,0.0073,0.0000,200,16.3187
0.0073,0.0000,0.0000,0.0000,0.0072,0.0000,200,16.3203
0.0072,0.0000,0.0000,0.0000,0.0071,0.0000,200,16.3204
0.0073,0.0000,0.0000,0.0000,0.0072,0.0001,200,16.3261
0.0077,0.0000,0.0000,0.0000,0.0073,0.0004,200,16.3260
0.0070,0.0000,0.0000,0.0000,0.0067,0.0003,200,16.3276
0.0083,0.0000,0.0000,0.0000,0.0082,0.0001,200,16.3276
0.0075,0.0000,0.0000,0.0000,0.0073,0.0001,200,16.3334
0.0073,0.0000,0.0000,0.0000,0.0072,0.0000,200,16.3338
0.0072,0.0000,0.0000,0.0000,0.0067,0.0004,200,16.3346
0.0069,0.0000,0.0000,0.0000,0.0068,0.0001,200,16.3359
0.0075,0.0000,0.0000,0.0000,0.0073,0.0001,200,16.3408
0.0075,0.0000,0.0000,0.0000,0.0073,0.0001,200,16.3410
0.0068,0.0000,0.0000,0.0000,0.0066,0.0002,200,16.3418
0.0071,0.0000,0.0000,0.0000,0.0067,0.0003,200,16.3428
0.0073,0.0000,0.0000,0.0000,0.0072,0.0000,200,16.3485
0.0075,0.0000,0.0000,0.0000,0.0075,0.0000,200,16.3483
0.0074,0.0000,0.0000,0.0000,0.0070,0.0004,200,16.3486
0.0083,0.0000,0.0000,0.0000,0.0074,0.0009,200,16.3499
0.0074,0.0000,0.0000,0.0000,0.0073,0.0000,200,16.3557
0.0073,0.0000,0.0000,0.0000,0.0071,0.0002,200,16.3558
0.0072,0.0000,0.0000,0.0000,0.0072,0.0000,200,16.3561
0.0078,0.0000,0.0000,0.0000,0.0074,0.0000,200,16.3582
0.0074,0.0000,0.0000,0.0000,0.0072,0.0001,200,16.3631
0.0074,0.0000,0.0000,0.0000,0.0073,0.0000,200,16.3631
0.0078,0.0000,0.0000,0.0000,0.0077,0.0000,200,16.3633
0.0070,0.0000,0.0000,0.0000,0.0069,0.0000,200,16.3660
0.0072,0.0000,0.0000,0.0000,0.0069,0.0003,200,16.3711
0.0079,0.0000,0.0000,0.0000,0.0079,0.0000,200,16.3705
0.0081,0.0000,0.0000,0.0000,0.0080,0.0000,200,16.3705
0.0070,0.0000,0.0000,0.0000,0.0069,0.0001,200,16.3730
0.0070,0.0000,0.0000,0.0000,0.0068,0.0001,200,16.3786
0.0073,0.0000,0.0000,0.0000,0.0071,0.0001,200,16.3783
0.0073,0.0000,0.0000,0.0000,0.0073,0.0000,200,16.3785
0.0070,0.0000,0.0000,0.0000,0.0069,0.0000,200,16.3800
0.0075,0.0000,0.0000,0.0000,0.0074,0.0000,200,16.3856
0.0074,0.0000,0.0000,0.0000,0.0074,0.0000,200,16.3858
0.0076,0.0000,0.0000,0.0000,0.0073,0.0003,200,16.3857
0.0075,0.0000,0.0000,0.0000,0.0069,0.0005,200,16.3870
0.0074,0.0000,0.0000,0.0000,0.0072,0.0001,200,16.3931
0.0073,0.0000,0.0000,0.0000,0.0072,0.0000,200,16.3932
0.0073,0.0000,0.0000,0.0000,0.0073,0.0000,200,16.3933
0.0070,0.0000,0.0000,0.0000,0.0068,0.0002,200,16.3945
0.0072,0.0000,0.0000,0.0000,0.0071,0.0001,200,16.4005
0.0073,0.0000,0.0000,0.0000,0.0072,0.0002,200,16.4006
0.0075,0.0000,0.0000,0.0000,0.0074,0.0000,200,16.4005
0.0067,0.0000,0.0000,0.0000,0.0066,0.0000,200,16.4015
0.0071,0.0000,0.0000,0.0000,0.0069,0.0002,200,16.4080
0.0071,0.0000,0.0000,0.0000,0.0068,0.0002,200,16.4082
0.0076,0.0000,0.0000,0.0000,0.0074,0.0001,200,16.4077
0.0074,0.0000,0.0000,0.0000,0.0072,0.0001,200,16.4080
0.0074,0.0000,0.0000,0.0000,0.0073,0.0001,200,16.4152
0.0077,0.0000,0.0000,0.0000,0.0075,0.0002,200,16.4151
0.0075,0.0000,0.0000,0.0000,0.0072,0.0003,200,16.4153
0.0076,0.0000,0.0000,0.0000,0.0072,0.0004,200,16.4153
0.0072,0.0000,0.0000,0.0000,0.0071,0.0000,200,16.4229
0.0072,0.0000,0.0000,0.0000,0.0070,0.0001,200,16.4229
0.0074,0.0000,0.0000,0.0000,0.0071,0.0002,200,16.4228
0.0081,0.0000,0.0000,0.0000,0.0080,0.0001,200,16.4226
0.0070,0.0000,0.0000,0.0000,0.0069,0.0000,200,16.4307
0.0077,0.0000,0.0000,0.0000,0.0074,0.0002,200,16.4301
0.0077,0.0000,0.0000,0.0000,0.0077,0.0000,200,16.4301
0.0078,0.0000,0.0000,0.0000,0.0073,0.0005,200,16.4302
0.0074,0.0000,0.0000,0.0000,0.0072,0.0002,200,16.4377
0.0072,0.0000,0.0000,0.0000,0.0069,0.0002,200,16.4379
0.0073,0.0000,0.0000,0.0000,0.0071,0.0002,200,16.4378
0.0075,0.0000,0.0000,0.0000,0.0074,0.0000,200,16.4378
0.0075,0.0000,0.0000,0.0000,0.0072,0.0003,200,16.4451
0.0075,0.0000,0.0000,0.0000,0.0073,0.0002,200,16.4451
0.0078,0.0000,0.0000,0.0000,0.0072,0.0005,200,16.4451
0.0077,0.0000,0.0000,0.0000,0.0076,0.0000,200,16.4453
0.0074,0.0000,0.0000,0.0000,0.0072,0.0002,200,16.4527
0.0072,0.0000,0.0000,0.0000,0.0069,0.0003,200,16.4529
0.0075,0.0000,0.0000,0.0000,0.0072,0.0002,200,16.4527
0.0074,0.0000,0.0000,0.0000,0.0073,0.0000,200,16.4529
0.0072,0.0000,0.0000,0.0000,0.0068,0.0004,200,16.4603
0.0075,0.0000,0.0000,0.0000,0.0072,0.0003,200,16.4601
0.0076,0.0000,0.0000,0.0000,0.0072,0.0004,200,16.4600
0.0077,0.0000,0.0000,0.0000,0.0070,0.0007,200,16.4601
0.0079,0.0000,0.0000,0.0000,0.0078,0.0001,200,16.4676
0.0077,0.0000,0.0000,0.0000,0.0076,0.0001,200,16.4678
0.0080,0.0000,0.0000,0.0000,0.0079,0.0000,200,16.4676
0.0080,0.0000,0.0000,0.0000,0.0079,0.0000,200,16.4676
0.0072,0.0000,0.0000,0.0000,0.0071,0.0001,200,16.4756
0.0073,0.0000,0.0000,0.0000,0.0073,0.0000,200,16.4755
0.0073,0.0000,0.0000,0.0000,0.0073,0.0000,200,16.4755
0.0085,0.0000,0.0000,0.0000,0.0083,0.0002,200,16.4756
0.0076,0.0000,0.0000,0.0000,0.0075,0.0001,200,16.4829
0.0076,0.0000,0.0000,0.0000,0.0072,0.0004,200,16.4829
0.0079,0.0000,0.0000,0.0000,0.0076,0.0002,200,16.4829
0.0073,0.0000,0.0000,0.0000,0.0068,0.0004,200,16.4841
0.0077,0.0000,0.0000,0.0000,0.0074,0.0002,200,16.4905
0.0074,0.0000,0.0000,0.0000,0.0072,0.0002,200,16.4907
0.0077,0.0000,0.0000,0.0000,0.0076,0.0000,200,16.4905
0.0071,0.0000,0.0000,0.0000,0.0070,0.0000,200,16.4914
0.0076,0.0000,0.0000,0.0000,0.0075,0.0000,200,16.4981
0.0073,0.0000,0.0000,0.0000,0.0071,0.0002,200,16.4985
0.0077,0.0000,0.0000,0.0000,0.0076,0.0000,200,16.4982
0.0078,0.0000,0.0000,0.0000,0.0078,0.0000,200,16.4982
0.0073,0.0000,0.0000,0.0000,0.0071,0.0002,200,16.5058
0.0075,0.0000,0.0000,0.0000,0.0071,0.0003,200,16.5058
0.0073,0.0000,0.0000,0.0000,0.0073,0.0000,200,16.5059
0.0073,0.0000,0.0000,0.0000,0.0073,0.0000,200,16.5060
0.0074,0.0000,0.0000,0.0000,0.0072,0.0001,200,16.5131
0.0074,0.0000,0.0000,0.0000,0.0072,0.0001,200,16.5132
0.0074,0.0000,0.0000,0.0000,0.0072,0.0002,200,16.5132
0.0075,0.0000,0.0000,0.0000,0.0075,0.0000,200,16.5133
0.0076,0.0000,0.0000,0.0000,0.0072,0.0003,200,16.5205
0.0072,0.0000,0.0000,0.0000,0.0070,0.0002,200,16.5208
0.0074,0.0000,0.0000,0.0000,0.0071,0.0003,200,16.5206
0.0076,0.0000,0.0000,0.0000,0.0072,0.0003,200,16.5206
0.0076,0.0000,0.0000,0.0000,0.0075,0.0001,200,16.5281
0.0076,0.0000,0.0000,0.0000,0.0075,0.0001,200,16.5281
0.0076,0.0000,0.0000,0.0000,0.0076,0.0000,200,16.5280
0.0075,0.0000,0.0000,0.0000,0.0075,0.0000,200,16.5282
0.0072,0.0000,0.0000,0.0000,0.0072,0.0001,200,16.5357
0.0074,0.0000,0.0000,0.0000,0.0072,0.0001,200,16.5357
0.0075,0.0000,0.0000,0.0000,0.0072,0.0002,200,16.5357
0.0075,0.0000,0.0000,0.0000,0.0073,0.0002,200,16.5356
0.0074,0.0000,0.0000,0.0000,0.0074,0.0000,200,16.5430
0.0073,0.0000,0.0000,0.0000,0.0071,0.0002,200,16.5432
0.0075,0.0000,0.0000,0.0000,0.0075,0.0000,200,16.5432
0.0077,0.0000,0.0000,0.0000,0.0076,0.0000,200,16.5431
0.0071,0.0000,0.0000,0.0000,0.0069,0.0001,200,16.5508
0.0071,0.0000,0.0000,0.0000,0.0069,0.0002,200,16.5507
0.0075,0.0000,0.0000,0.0000,0.0073,0.0002,200,16.5504
0.0077,0.0000,0.0000,0.0000,0.0076,0.0000,200,16.5505
0.0073,0.0000,0.0000,0.0000,0.0072,0.0001,200,16.5579
0.0075,0.0000,0.0000,0.0000,0.0075,0.0000,200,16.5578
0.0072,0.0000,0.0000,0.0000,0.0072,0.0000,200,16.5582
0.0077,0.0000,0.0000,0.0000,0.0077,0.0000,200,16.5578
0.0076,0.0000,0.0000,0.0000,0.0075,0.0001,200,16.5652
0.0075,0.0000,0.0000,0.0000,0.0074,0.0000,200,16.5654
0.0074,0.0000,0.0000,0.0000,0.0073,0.0001,200,16.5656
0.0077,0.0000,0.0000,0.0000,0.0074,0.0002,200,16.5654
0.0076,0.0000,0.0000,0.0000,0.0073,0.0002,200,16.5729
0.0077,0.0000,0.0000,0.0000,0.0072,0.0005,200,16.5728
0.0075,0.0000,0.0000,0.0000,0.0072,0.0003,200,16.5730
0.0076,0.0000,0.0000,0.0000,0.0072,0.0004,200,16.5730
0.0075,0.0000,0.0000,0.0000,0.0074,0.0001,200,16.5805
0.0075,0.0000,0.0000,0.0000,0.0075,0.0000,200,16.5805
0.0076,0.0000,0.0000,0.0000,0.0075,0.0001,200,16.5805
0.0076,0.0000,0.0000,0.0000,0.0074,0.0001,200,16.5806
0.0074,0.0000,0.0000,0.0000,0.0072,0.0002,200,16.5880
0.0074,0.0000,0.0000,0.0000,0.0071,0.0002,200,16.5881
0.0076,0.0000,0.0000,0.0000,0.0074,0.0001,200,16.5881
0.0078,0.0000,0.0000,0.0000,0.0077,0.0001,200,16.5881
0.0071,0.0000,0.0000,0.0000,0.0070,0.0001,200,16.5957
0.0071,0.0000,0.0000,0.0000,0.0069,0.0001,200,16.5959
0.0076,0.0000,0.0000,0.0000,0.0074,0.0001,200,16.5955
0.0076,0.0000,0.0000,0.0000,0.0073,0.0002,200,16.5955
0.0074,0.0000,0.0000,0.0000,0.0073,0.0001,200,16.6028
0.0072,0.0000,0.0000,0.0000,0.0071,0.0001,200,16.6031
0.0074,0.0000,0.0000,0.0000,0.0073,0.0001,200,16.6030
0.0074,0.0000,0.0000,0.0000,0.0072,0.0001,200,16.6031
0.0071,0.0000,0.0000,0.0000,0.0070,0.0001,200,16.6105
0.0076,0.0000,0.0000,0.0000,0.0073,0.0002,200,16.6103
0.0075,0.0000,0.0000,0.0000,0.0072,0.0003,200,16.6104
0.0077,0.0000,0.0000,0.0000,0.0074,0.0002,200,16.6103
0.0072,0.0000,0.0000,0.0000,0.0070,0.0002,200,16.6179
0.0074,0.0000,0.0000,0.0000,0.0070,0.0003,200,16.6179
0.0077,0.0000,0.0000,0.0000,0.0073,0.0004,200,16.6176
0.0078,0.0000,0.0000,0.0000,0.0077,0.0000,200,16.6178
0.0072,0.0000,0.0000,0.0000,0.0070,0.0002,200,16.6256
0.0075,0.0000,0.0000,0.0000,0.0073,0.0002,200,16.6253
0.0079,0.0000,0.0000,0.0000,0.0077,0.0002,200,16.6253
0.0081,0.0000,0.0000,0.0000,0.0077,0.0004,200,16.6251
0.0072,0.0000,0.0000,0.0000,0.0070,0.0002,200,16.6331
0.0076,0.0000,0.0000,0.0000,0.0073,0.0002,200,16.6328
0.0073,0.0000,0.0000,0.0000,0.0070,0.0002,200,16.6332
0.0082,0.0000,0.0000,0.0000,0.0080,0.0000,200,16.6328
0.0075,0.0000,0.0000,0.0000,0.0074,0.0001,200,16.6404
0.0071,0.0000,0.0000,0.0000,0.0069,0.0002,200,16.6409
0.0077,0.0000,0.0000,0.0000,0.0075,0.0002,200,16.6404
0.0078,0.0000,0.0000,0.0000,0.0074,0.0004,200,16.6406
0.0074,0.0000,0.0000,0.0000,0.0073,0.0000,200,16.6479
0.0072,0.0000,0.0000,0.0000,0.0071,0.0001,200,16.6481
0.0074,0.0000,0.0000,0.0000,0.0073,0.0000,200,16.6481
0.0073,0.0000,0.0000,0.0000,0.0068,0.0005,200,16.6483
0.0074,0.0000,0.0000,0.0000,0.0072,0.0001,200,16.6553
0.0075,0.0000,0.0000,0.0000,0.0071,0.0003,200,16.6553
0.0074,0.0000,0.0000,0.0000,0.0071,0.0003,200,16.6556
0.0076,0.0000,0.0000,0.0000,0.0073,0.0002,200,16.6555
0.0072,0.0000,0.0000,0.0000,0.0071,0.0001,200,16.6627
0.0070,0.0000,0.0000,0.0000,0.0068,0.0002,200,16.6631
0.0074,0.0000,0.0000,0.0000,0.0072,0.0002,200,16.6628
0.0072,0.0000,0.0000,0.0000,0.0068,0.0003,200,16.6631
0.0074,0.0000,0.0000,0.0000,0.0072,0.0002,200,16.6699
0.0072,0.0000,0.0000,0.0000,0.0070,0.0001,200,16.6702
0.0074,0.0000,0.0000,0.0000,0.0072,0.0002,200,16.6702
0.0078,0.0000,0.0000,0.0000,0.0077,0.0000,200,16.6701
0.0069,0.0000,0.0000,0.0000,0.0068,0.0001,200,16.6779
0.0074,0.0000,0.0000,0.0000,0.0072,0.0002,200,16.6776
0.0078,0.0000,0.0000,0.0000,0.0075,0.0002,200,16.6774
0.0080,0.0000,0.0000,0.0000,0.0078,0.0000,200,16.6774
0.0074,0.0000,0.0000,0.0000,0.0072,0.0001,200,16.6851
0.0072,0.0000,0.0000,0.0000,0.0071,0.0000,200,16.6854
0.0077,0.0000,0.0000,0.0000,0.0075,0.0002,200,16.6848
0.0076,0.0000,0.0000,0.0000,0.0075,0.0000,200,16.6851
0.0080,0.0000,0.0000,0.0000,0.0079,0.0001,200,16.6925
0.0079,0.0000,0.0000,0.0000,0.0079,0.0000,200,16.6926
0.0081,0.0000,0.0000,0.0000,0.0080,0.0000,200,16.6926
0.0084,0.0000,0.0000,0.0000,0.0083,0.0000,200,16.6925
0.0073,0.0000,0.0000,0.0000,0.0072,0.0001,200,16.7007
0.0071,0.0000,0.0000,0.0000,0.0070,0.0001,200,16.7009
0.0078,0.0000,0.0000,0.0000,0.0074,0.0003,200,16.7005
0.0077,0.0000,0.0000,0.0000,0.0074,0.0003,200,16.7006
0.0071,0.0000,0.0000,0.0000,0.0068,0.0002,200,16.7083
0.0071,0.0000,0.0000,0.0000,0.0069,0.0002,200,16.7083
0.0074,0.0000,0.0000,0.0000,0.0072,0.0001,200,16.7080
0.0079,0.0000,0.0000,0.0000,0.0078,0.0000,200,16.7080
0.0075,0.0000,0.0000,0.0000,0.0073,0.0002,200,16.7154
0.0076,0.0000,0.0000,0.0000,0.0073,0.0002,200,16.7154
0.0072,0.0000,0.0000,0.0000,0.0070,0.0002,200,16.7159
0.0078,0.0000,0.0000,0.0000,0.0077,0.0000,200,16.7154
0.0073,0.0000,0.0000,0.0000,0.0072,0.0001,200,16.7231
0.0072,0.0000,0.0000,0.0000,0.0071,0.0001,200,16.7232
0.0074,0.0000,0.0000,0.0000,0.0074,0.0001,200,16.7230
0.0075,0.0000,0.0000,0.0000,0.0074,0.0000,200,16.7229
0.0074,0.0000,0.0000,0.0000,0.0072,0.0002,200,16.7304
0.0075,0.0000,0.0000,0.0000,0.0072,0.0003,200,16.7303
0.0078,0.0000,0.0000,0.0000,0.0076,0.0002,200,16.7304
0.0080,0.0000,0.0000,0.0000,0.0077,0.0002,200,16.7303
0.0071,0.0000,0.0000,0.0000,0.0069,0.0001,200,16.7383
0.0076,0.0000,0.0000,0.0000,0.0075,0.0001,200,16.7379
0.0073,0.0000,0.0000,0.0000,0.0072,0.0000,200,16.7383
0.0097,0.0000,0.0000,0.0000,0.0096,0.0001,200,16.7379
0.0073,0.0000,0.0000,0.0000,0.0072,0.0001,200,16.7454
0.0072,0.0000,0.0000,0.0000,0.0071,0.0000,200,16.7456
0.0074,0.0000,0.0000,0.0000,0.0074,0.0000,200,16.7454
0.0071,0.0000,0.0000,0.0000,0.0070,0.0001,200,16.7476
0.0073,0.0000,0.0000,0.0000,0.0071,0.0002,200,16.7528
0.0075,0.0000,0.0000,0.0000,0.0072,0.0002,200,16.7527
0.0074,0.0000,0.0000,0.0000,0.0072,0.0002,200,16.7528
0.0071,0.0000,0.0000,0.0000,0.0070,0.0001,200,16.7547
0.0074,0.0000,0.0000,0.0000,0.0073,0.0001,200,16.7601
0.0075,0.0000,0.0000,0.0000,0.0073,0.0001,200,16.7602
0.0075,0.0000,0.0000,0.0000,0.0074,0.0000,200,16.7602
0.0071,0.0000,0.0000,0.0000,0.0070,0.0000,200,16.7618
0.0074,0.0000,0.0000,0.0000,0.0072,0.0002,200,16.7677
0.0076,0.0000,0.0000,0.0000,0.0072,0.0004,200,16.7675
0.0075,0.0000,0.0000,0.0000,0.0075,0.0000,200,16.7676
0.0069,0.0000,0.0000,0.0000,0.0068,0.0001,200,16.7689
0.0075,0.0000,0.0000,0.0000,0.0074,0.0001,200,16.7751
0.0075,0.0000,0.0000,0.0000,0.0075,0.0000,200,16.7752
0.0076,0.0000,0.0000,0.0000,0.0074,0.0002,200,16.7751
0.0080,0.0000,0.0000,0.0000,0.0070,0.0010,200,16.7757
0.0075,0.0000,0.0000,0.0000,0.0074,0.0001,200,16.7827
0.0075,0.0000,0.0000,0.0000,0.0075,0.0000,200,16.7828
0.0080,0.0000,0.0000,0.0000,0.0079,0.0000,200,16.7826
0.0070,0.0000,0.0000,0.0000,0.0069,0.0000,200,16.7837
0.0075,0.0000,0.0000,0.0000,0.0071,0.0003,200,16.7902
0.0071,0.0000,0.0000,0.0000,0.0068,0.0003,200,16.7906
0.0072,0.0000,0.0000,0.0000,0.0071,0.0002,200,16.7907
0.0078,0.0000,0.0000,0.0000,0.0077,0.0001,200,16.7903
0.0072,0.0000,0.0000,0.0000,0.0071,0.0001,200,16.7977
0.0074,0.0000,0.0000,0.0000,0.0073,0.0001,200,16.7977
0.0075,0.0000,0.0000,0.0000,0.0069,0.0006,200,16.7979
0.0075,0.0000,0.0000,0.0000,0.0074,0.0000,200,16.7981
0.0074,0.0000,0.0000,0.0000,0.0074,0.0001,200,16.8051
0.0076,0.0000,0.0000,0.0000,0.0075,0.0001,200,16.8049
0.0070,0.0000,0.0000,0.0000,0.0069,0.0000,200,16.8056
0.0074,0.0000,0.0000,0.0000,0.0071,0.0002,200,16.8054
0.0074,0.0000,0.0000,0.0000,0.0072,0.0002,200,16.8126
0.0075,0.0000,0.0000,0.0000,0.0073,0.0002,200,16.8126
0.0076,0.0000,0.0000,0.0000,0.0073,0.0002,200,16.8126
0.0074,0.0000,0.0000,0.0000,0.0074,0.0000,200,16.8127
0.0074,0.0000,0.0000,0.0000,0.0074,0.0000,200,16.8201
0.0074,0.0000,0.0000,0.0000,0.0070,0.0004,200,16.8201
0.0074,0.0000,0.0000,0.0000,0.0071,0.0003,200,16.8201
0.0076,0.0000,0.0000,0.0000,0.0075,0.0000,200,16.8200
0.0073,0.0000,0.0000,0.0000,0.0072,0.0001,200,16.8276
0.0076,0.0000,0.0000,0.0000,0.0073,0.0003,200,16.8276
0.0078,0.0000,0.0000,0.0000,0.0077,0.0000,200,16.8276
0.0080,0.0000,0.0000,0.0000,0.0073,0.0006,200,16.8275
0.0078,0.0000,0.0000,0.0000,0.0077,0.0000,200,16.8349
0.0076,0.0000,0.0000,0.0000,0.0070,0.0005,200,16.8354
0.0078,0.0000,0.0000,0.0000,0.0073,0.0005,200,16.8352
0.0089,0.0000,0.0000,0.0000,0.0088,0.0001,200,16.8355
0.0082,0.0000,0.0000,0.0000,0.0080,0.0001,200,16.8427
0.0092,0.0000,0.0000,0.0000,0.0091,0.0001,200,16.8430
0.0083,0.0000,0.0000,0.0000,0.0082,0.0000,200,16.8444
0.0098,0.0000,0.0000,0.0000,0.0097,0.0001,200,16.8429
0.0079,0.0000,0.0000,0.0000,0.0078,0.0001,200,16.8509
0.0085,0.0000,0.0000,0.0000,0.0083,0.0002,200,16.8528
0.0092,0.0000,0.0000,0.0001,0.0087,0.0004,200,16.8523
0.0090,0.0000,0.0000,0.0000,0.0083,0.0007,200,16.8527
0.0087,0.0000,0.0000,0.0000,0.0077,0.0009,200,16.8588
0.0077,0.0000,0.0000,0.0000,0.0072,0.0005,200,16.8615
0.0080,0.0000,0.0000,0.0000,0.0080,0.0001,200,16.8618
0.0085,0.0000,0.0000,0.0000,0.0084,0.0000,200,16.8613
0.0087,0.0000,0.0000,0.0000,0.0079,0.0007,200,16.8698
0.0088,0.0000,0.0000,0.0000,0.0082,0.0005,200,16.8698
0.0112,0.0000,0.0000,0.0000,0.0107,0.0005,200,16.8675
0.0097,0.0000,0.0000,0.0000,0.0096,0.0000,200,16.8692
0.0084,0.0000,0.0000,0.0000,0.0081,0.0002,200,16.8786
0.0082,0.0000,0.0000,0.0000,0.0079,0.0003,200,16.8788
0.0086,0.0000,0.0000,0.0000,0.0084,0.0001,200,16.8785
0.0088,0.0000,0.0000,0.0000,0.0087,0.0000,200,16.8787
0.0077,0.0000,0.0000,0.0000,0.0076,0.0000,200,16.8871
0.0079,0.0000,0.0000,0.0000,0.0078,0.0001,200,16.8871
0.0076,0.0000,0.0000,0.0000,0.0071,0.0004,200,16.8875
0.0097,0.0000,0.0000,0.0000,0.0094,0.0002,200,16.8870
0.0086,0.0000,0.0000,0.0000,0.0085,0.0000,200,16.8951
0.0090,0.0000,0.0000,0.0000,0.0088,0.0002,200,16.8948
0.0089,0.0000,0.0000,0.0001,0.0085,0.0002,200,16.8950
0.0073,0.0000,0.0000,0.0000,0.0072,0.0000,200,16.8967
0.0077,0.0000,0.0000,0.0000,0.0075,0.0002,200,16.9038
0.0081,0.0000,0.0000,0.0000,0.0080,0.0000,200,16.9037
0.0094,0.0000,0.0000,0.0000,0.0077,0.0016,200,16.9039
0.0093,0.0000,0.0000,0.0000,0.0093,0.0000,200,16.9040
0.0083,0.0000,0.0000,0.0000,0.0082,0.0001,200,16.9133
0.0098,0.0000,0.0000,0.0000,0.0073,0.0024,200,16.9118
0.0101,0.0000,0.0000,0.0000,0.0076,0.0024,200,16.9115
0.0083,0.0000,0.0000,0.0002,0.0077,0.0000,200,16.9133
0.0079,0.0000,0.0000,0.0000,0.0078,0.0001,200,16.9216
0.0083,0.0000,0.0000,0.0000,0.0079,0.0004,200,16.9216
0.0083,0.0000,0.0000,0.0000,0.0079,0.0004,200,16.9216
0.0084,0.0000,0.0000,0.0000,0.0080,0.0004,200,16.9216
0.0073,0.0000,0.0000,0.0000,0.0072,0.0001,200,16.9299
0.0074,0.0000,0.0000,0.0000,0.0073,0.0001,200,16.9299
0.0073,0.0000,0.0000,0.0000,0.0073,0.0000,200,16.9300
0.0086,0.0000,0.0000,0.0000,0.0083,0.0003,200,16.9295
0.0077,0.0000,0.0000,0.0000,0.0075,0.0002,200,16.9373
0.0070,0.0000,0.0000,0.0000,0.0069,0.0000,200,16.9381
0.0078,0.0000,0.0000,0.0000,0.0078,0.0000,200,16.9373
0.0083,0.0000,0.0000,0.0000,0.0079,0.0004,200,16.9372
0.0071,0.0000,0.0000,0.0000,0.0069,0.0002,200,16.9455
0.0075,0.0000,0.0000,0.0000,0.0072,0.0003,200,16.9451
0.0077,0.0000,0.0000,0.0000,0.0072,0.0005,200,16.9452
0.0079,0.0000,0.0000,0.0000,0.0078,0.0000,200,16.9450
0.0073,0.0000,0.0000,0.0000,0.0072,0.0001,200,16.9526
0.0076,0.0000,0.0000,0.0000,0.0074,0.0001,200,16.9526
0.0074,0.0000,0.0000,0.0000,0.0073,0.0000,200,16.9529
0.0080,0.0000,0.0000,0.0000,0.0069,0.0011,200,16.9529
0.0073,0.0000,0.0000,0.0001,0.0069,0.0003,200,16.9609
0.0081,0.0000,0.0000,0.0000,0.0078,0.0002,200,16.9601
0.0084,0.0000,0.0000,0.0000,0.0081,0.0003,200,16.9598
0.0080,0.0000,0.0000,0.0000,0.0076,0.0003,200,16.9603
0.0075,0.0000,0.0000,0.0000,0.0071,0.0003,200,16.9682
0.0074,0.0000,0.0000,0.0000,0.0071,0.0003,200,16.9683
0.0075,0.0000,0.0000,0.0000,0.0073,0.0002,200,16.9682
0.0077,0.0000,0.0000,0.0000,0.0071,0.0006,200,16.9682
0.0073,0.0000,0.0000,0.0000,0.0071,0.0002,200,16.9760
0.0076,0.0000,0.0000,0.0000,0.0076,0.0000,200,16.9757
0.0077,0.0000,0.0000,0.0000,0.0076,0.0000,200,16.9757
0.0079,0.0000,0.0000,0.0000,0.0074,0.0004,200,16.9757
0.0074,0.0000,0.0000,0.0000,0.0073,0.0000,200,16.9833
0.0072,0.0000,0.0000,0.0000,0.0071,0.0001,200,16.9836
0.0075,0.0000,0.0000,0.0000,0.0073,0.0002,200,16.9834
0.0076,0.0000,0.0000,0.0000,0.0071,0.0004,200,16.9834
0.0073,0.0000,0.0000,0.0000,0.0071,0.0001,200,16.9906
0.0072,0.0000,0.0000,0.0000,0.0072,0.0000,200,16.9909
0.0072,0.0000,0.0000,0.0000,0.0071,0.0001,200,16.9909
0.0075,0.0000,0.0000,0.0000,0.0071,0.0004,200,16.9909
0.0075,0.0000,0.0000,0.0000,0.0074,0.0001,200,16.9979
0.0076,0.0000,0.0000,0.0001,0.0073,0.0000,200,16.9981
0.0077,0.0000,0.0000,0.0004,0.0073,0.0000,200,16.9981
0.0080,0.0000,0.0000,0.0000,0.0071,0.0008,200,16.9984
0.0077,0.0000,0.0000,0.0000,0.0075,0.0001,200,17.0054
0.0073,0.0000,0.0000,0.0000,0.0072,0.0001,200,17.0058
0.0075,0.0000,0.0000,0.0000,0.0075,0.0000,200,17.0057
0.0071,0.0000,0.0000,0.0000,0.0070,0.0000,200,17.0065
0.0074,0.0000,0.0000,0.0000,0.0072,0.0002,200,17.0131
0.0074,0.0000,0.0000,0.0000,0.0072,0.0002,200,17.0131
0.0074,0.0000,0.0000,0.0000,0.0069,0.0004,200,17.0132
0.0071,0.0000,0.0000,0.0000,0.0071,0.0000,200,17.0136
0.0072,0.0000,0.0000,0.0000,0.0071,0.0001,200,17.0206
0.0075,0.0000,0.0000,0.0000,0.0073,0.0001,200,17.0205
0.0075,0.0000,0.0000,0.0000,0.0072,0.0002,200,17.0205
0.0073,0.0000,0.0000,0.0000,0.0071,0.0002,200,17.0207
0.0073,0.0000,0.0000,0.0000,0.0071,0.0002,200,17.0278
0.0074,0.0000,0.0000,0.0000,0.0071,0.0002,200,17.0280
0.0073,0.0000,0.0000,0.0000,0.0071,0.0002,200,17.0280
0.0075,0.0000,0.0000,0.0000,0.0070,0.0005,200,17.0281
0.0076,0.0000,0.0000,0.0000,0.0075,0.0001,200,17.0352
0.0075,0.0000,0.0000,0.0000,0.0074,0.0000,200,17.0355
0.0078,0.0000,0.0000,0.0000,0.0075,0.0003,200,17.0354
0.0080,0.0000,0.0000,0.0000,0.0076,0.0003,200,17.0354
0.0076,0.0000,0.0000,0.0000,0.0074,0.0001,200,17.0428
0.0072,0.0000,0.0000,0.0000,0.0071,0.0000,200,17.0432
0.0070,0.0000,0.0000,0.0000,0.0069,0.0000,200,17.0434
0.0077,0.0000,0.0000,0.0000,0.0075,0.0002,200,17.0430
0.0073,0.0000,0.0000,0.0000,0.0072,0.0001,200,17.0504
0.0075,0.0000,0.0000,0.0000,0.0075,0.0000,200,17.0504
0.0073,0.0000,0.0000,0.0000,0.0068,0.0004,200,17.0507
0.0076,0.0000,0.0000,0.0000,0.0074,0.0001,200,17.0504
0.0072,0.0000,0.0000,0.0000,0.0070,0.0002,200,17.0580
0.0076,0.0000,0.0000,0.0000,0.0073,0.0002,200,17.0577
0.0074,0.0000,0.0000,0.0000,0.0071,0.0002,200,17.0579
0.0076,0.0000,0.0000,0.0000,0.0076,0.0000,200,17.0580
0.0074,0.0000,0.0000,0.0000,0.0072,0.0002,200,17.0653
0.0074,0.0000,0.0000,0.0000,0.0073,0.0000,200,17.0654
0.0076,0.0000,0.0000,0.0000,0.0076,0.0000,200,17.0653
0.0074,0.0000,0.0000,0.0000,0.0073,0.0000,200,17.0656
0.0072,0.0000,0.0000,0.0000,0.0071,0.0000,200,17.0730
0.0076,0.0000,0.0000,0.0000,0.0073,0.0002,200,17.0727
0.0077,0.0000,0.0000,0.0000,0.0074,0.0002,200,17.0728
0.0077,0.0000,0.0000,0.0000,0.0077,0.0000,200,17.0729
0.0074,0.0000,0.0000,0.0000,0.0073,0.0001,200,17.0804
0.0073,0.0000,0.0000,0.0000,0.0071,0.0002,200,17.0807
0.0078,0.0000,0.0000,0.0000,0.0077,0.0000,200,17.0803
0.0083,0.0000,0.0000,0.0000,0.0074,0.0008,200,17.0802
0.0072,0.0000,0.0000,0.0000,0.0071,0.0001,200,17.0880
0.0074,0.0000,0.0000,0.0000,0.0073,0.0001,200,17.0878
0.0068,0.0000,0.0000,0.0000,0.0068,0.0000,200,17.0885
0.0077,0.0000,0.0000,0.0000,0.0076,0.0000,200,17.0881
0.0073,0.0000,0.0000,0.0000,0.0072,0.0002,200,17.0953
0.0075,0.0000,0.0000,0.0000,0.0074,0.0000,200,17.0952
0.0071,0.0000,0.0000,0.0000,0.0069,0.0001,200,17.0958
0.0079,0.0000,0.0000,0.0000,0.0078,0.0000,200,17.0952
0.0075,0.0000,0.0000,0.0000,0.0073,0.0002,200,17.1027
0.0076,0.0000,0.0000,0.0000,0.0073,0.0002,200,17.1027
0.0075,0.0000,0.0000,0.0000,0.0073,0.0001,200,17.1029
0.0075,0.0000,0.0000,0.0000,0.0071,0.0003,200,17.1031
0.0076,0.0000,0.0000,0.0000,0.0075,0.0001,200,17.1102
0.0075,0.0000,0.0000,0.0000,0.0073,0.0002,200,17.1104
0.0079,0.0000,0.0000,0.0000,0.0074,0.0003,200,17.1102
0.0076,0.0000,0.0000,0.0000,0.0072,0.0004,200,17.1106
0.0073,0.0000,0.0000,0.0000,0.0071,0.0001,200,17.1179
0.0074,0.0000,0.0000,0.0000,0.0072,0.0002,200,17.1178
0.0073,0.0000,0.0000,0.0000,0.0071,0.0001,200,17.1181
0.0074,0.0000,0.0000,0.0000,0.0070,0.0003,200,17.1182
0.0072,0.0000,0.0000,0.0000,0.0072,0.0000,200,17.1254
0.0075,0.0000,0.0000,0.0000,0.0072,0.0002,200,17.1252
0.0072,0.0000,0.0000,0.0000,0.0071,0.0000,200,17.1256
0.0076,0.0000,0.0000,0.0000,0.0074,0.0001,200,17.1252
0.0074,0.0000,0.0000,0.0000,0.0071,0.0003,200,17.1327
0.0075,0.0000,0.0000,0.0000,0.0071,0.0004,200,17.1328
0.0082,0.0000,0.0000,0.0000,0.0079,0.0003,200,17.1327
0.0082,0.0000,0.0000,0.0000,0.0080,0.0001,200,17.1328
0.0078,0.0000,0.0000,0.0000,0.0076,0.0001,200,17.1403
0.0080,0.0000,0.0000,0.0000,0.0079,0.0000,200,17.1401
0.0073,0.0000,0.0000,0.0000,0.0072,0.0000,200,17.1409
0.0083,0.0000,0.0000,0.0000,0.0080,0.0002,200,17.1409
0.0073,0.0000,0.0000,0.0000,0.0072,0.0001,200,17.1481
0.0074,0.0000,0.0000,0.0000,0.0073,0.0001,200,17.1482
0.0075,0.0000,0.0000,0.0000,0.0074,0.0000,200,17.1481
0.0077,0.0000,0.0000,0.0000,0.0074,0.0002,200,17.1491
0.0073,0.0000,0.0000,0.0000,0.0072,0.0001,200,17.1556
0.0073,0.0000,0.0000,0.0000,0.0072,0.0001,200,17.1556
0.0077,0.0000,0.0000,0.0000,0.0076,0.0000,200,17.1554
0.0073,0.0000,0.0000,0.0000,0.0072,0.0001,200,17.1568
0.0073,0.0000,0.0000,0.0001,0.0071,0.0002,200,17.1629
0.0074,0.0000,0.0000,0.0000,0.0071,0.0002,200,17.1629
0.0072,0.0000,0.0000,0.0000,0.0072,0.0000,200,17.1631
0.0068,0.0000,0.0000,0.0000,0.0067,0.0000,200,17.1641
0.0075,0.0000,0.0000,0.0000,0.0073,0.0002,200,17.1702
0.0075,0.0000,0.0000,0.0000,0.0073,0.0002,200,17.1703
0.0075,0.0000,0.0000,0.0001,0.0071,0.0003,200,17.1704
0.0071,0.0000,0.0000,0.0000,0.0070,0.0000,200,17.1709
0.0072,0.0000,0.0000,0.0000,0.0071,0.0000,200,17.1778
0.0072,0.0000,0.0000,0.0000,0.0071,0.0001,200,17.1778
0.0074,0.0000,0.0000,0.0000,0.0073,0.0000,200,17.1779
0.0073,0.0000,0.0000,0.0000,0.0071,0.0002,200,17.1780
0.0073,0.0000,0.0000,0.0000,0.0072,0.0000,200,17.1850
0.0073,0.0000,0.0000,0.0000,0.0072,0.0001,200,17.1850
0.0074,0.0000,0.0000,0.0000,0.0074,0.0000,200,17.1853
0.0076,0.0000,0.0000,0.0000,0.0072,0.0003,200,17.1852
0.0078,0.0000,0.0000,0.0000,0.0074,0.0003,200,17.1923
0.0076,0.0000,0.0000,0.0000,0.0073,0.0002,200,17.1928
0.0078,0.0000,0.0000,0.0000,0.0075,0.0003,200,17.1927
0.0082,0.0000,0.0000,0.0000,0.0080,0.0002,200,17.1923
0.0074,0.0000,0.0000,0.0000,0.0070,0.0004,200,17.2004
0.0074,0.0000,0.0000,0.0000,0.0071,0.0002,200,17.2005
0.0074,0.0000,0.0000,0.0000,0.0070,0.0003,200,17.2005
0.0078,0.0000,0.0000,0.0000,0.0072,0.0006,200,17.2001
0.0072,0.0000,0.0000,0.0000,0.0072,0.0000,200,17.2080
0.0074,0.0000,0.0000,0.0000,0.0072,0.0002,200,17.2078
0.0078,0.0000,0.0000,0.0000,0.0074,0.0004,200,17.2079
0.0078,0.0000,0.0000,0.0000,0.0074,0.0004,200,17.2079
0.0077,0.0000,0.0000,0.0000,0.0076,0.0001,200,17.2152
0.0080,0.0000,0.0000,0.0000,0.0080,0.0000,200,17.2152
0.0077,0.0000,0.0000,0.0000,0.0076,0.0000,200,17.2157
0.0080,0.0000,0.0000,0.0000,0.0079,0.0000,200,17.2156
0.0079,0.0000,0.0000,0.0000,0.0078,0.0001,200,17.2234
0.0089,0.0000,0.0000,0.0000,0.0086,0.0002,200,17.2229
0.0090,0.0000,0.0000,0.0000,0.0084,0.0006,200,17.2233
0.0087,0.0000,0.0000,0.0000,0.0077,0.0010,200,17.2236
0.0084,0.0000,0.0000,0.0000,0.0083,0.0001,200,17.2313
0.0078,0.0000,0.0000,0.0000,0.0077,0.0000,200,17.2323
0.0083,0.0000,0.0000,0.0000,0.0083,0.0000,200,17.2318
0.0078,0.0000,0.0000,0.0000,0.0077,0.0000,200,17.2323
0.0076,0.0000,0.0000,0.0000,0.0075,0.0001,200,17.2401
0.0081,0.0000,0.0000,0.0000,0.0080,0.0000,200,17.2401
0.0083,0.0000,0.0000,0.0000,0.0076,0.0006,200,17.2401
0.0088,0.0000,0.0000,0.0000,0.0077,0.0010,200,17.2397
0.0071,0.0000,0.0000,0.0000,0.0070,0.0001,200,17.2485
0.0080,0.0000,0.0000,0.0000,0.0074,0.0005,200,17.2477
0.0075,0.0000,0.0000,0.0000,0.0073,0.0002,200,17.2484
0.0077,0.0000,0.0000,0.0000,0.0076,0.0001,200,17.2482
0.0078,0.0000,0.0000,0.0000,0.0077,0.0000,200,17.2557
0.0076,0.0000,0.0000,0.0000,0.0076,0.0000,200,17.2559
0.0081,0.0000,0.0000,0.0000,0.0080,0.0000,200,17.2556
0.0078,0.0000,0.0000,0.0000,0.0074,0.0004,200,17.2559
0.0081,0.0000,0.0000,0.0000,0.0080,0.0000,200,17.2637
0.0082,0.0000,0.0000,0.0000,0.0076,0.0006,200,17.2635
0.0084,0.0000,0.0000,0.0000,0.0081,0.0003,200,17.2637
0.0100,0.0000,0.0000,0.0000,0.0094,0.0006,200,17.2635
0.0077,0.0000,0.0000,0.0000,0.0077,0.0000,200,17.2735
0.0095,0.0000,0.0000,0.0000,0.0094,0.0001,200,17.2717
0.0096,0.0000,0.0000,0.0000,0.0095,0.0000,200,17.2717
0.0095,0.0000,0.0000,0.0000,0.0082,0.0012,200,17.2722
0.0082,0.0000,0.0000,0.0000,0.0079,0.0003,200,17.2813
0.0083,0.0000,0.0000,0.0000,0.0083,0.0000,200,17.2813
0.0084,0.0000,0.0000,0.0000,0.0080,0.0003,200,17.2813
0.0125,0.0000,0.0000,0.0000,0.0124,0.0001,200,17.2817
0.0083,0.0000,0.0000,0.0000,0.0080,0.0003,200,17.2896
0.0083,0.0000,0.0000,0.0000,0.0079,0.0003,200,17.2896
0.0082,0.0000,0.0000,0.0000,0.0079,0.0003,200,17.2896
0.0090,0.0000,0.0000,0.0000,0.0089,0.0001,200,17.2942
0.0081,0.0000,0.0000,0.0000,0.0080,0.0000,200,17.2979
0.0087,0.0000,0.0000,0.0000,0.0075,0.0011,200,17.2979
0.0092,0.0000,0.0000,0.0000,0.0078,0.0013,200,17.2979
0.0081,0.0000,0.0000,0.0000,0.0080,0.0001,200,17.3031
0.0086,0.0000,0.0000,0.0000,0.0085,0.0001,200,17.3064
0.0084,0.0000,0.0000,0.0000,0.0084,0.0001,200,17.3066
0.0082,0.0000,0.0000,0.0000,0.0081,0.0001,200,17.3070
0.0095,0.0000,0.0000,0.0000,0.0075,0.0020,200,17.3113
0.0079,0.0000,0.0000,0.0000,0.0078,0.0001,200,17.3150
0.0079,0.0000,0.0000,0.0002,0.0073,0.0004,200,17.3153
0.0086,0.0000,0.0000,0.0000,0.0085,0.0000,200,17.3150
0.0087,0.0000,0.0000,0.0000,0.0086,0.0001,200,17.3208
0.0078,0.0000,0.0000,0.0000,0.0073,0.0001,200,17.3232
0.0075,0.0000,0.0000,0.0000,0.0071,0.0004,200,17.3236
0.0092,0.0000,0.0000,0.0000,0.0084,0.0007,200,17.3229
0.0081,0.0000,0.0000,0.0000,0.0080,0.0001,200,17.3295
0.0073,0.0000,0.0000,0.0000,0.0072,0.0001,200,17.3309
0.0081,0.0000,0.0000,0.0000,0.0080,0.0001,200,17.3311
0.0077,0.0000,0.0000,0.0000,0.0076,0.0001,200,17.3321
0.0080,0.0000,0.0000,0.0000,0.0079,0.0001,200,17.3377
0.0075,0.0000,0.0000,0.0000,0.0071,0.0003,200,17.3382
0.0080,0.0000,0.0000,0.0000,0.0076,0.0004,200,17.3392
0.0079,0.0000,0.0000,0.0000,0.0078,0.0000,200,17.3397
0.0075,0.0000,0.0000,0.0000,0.0073,0.0001,200,17.3456
0.0076,0.0000,0.0000,0.0000,0.0075,0.0001,200,17.3457
0.0075,0.0000,0.0000,0.0000,0.0074,0.0000,200,17.3472
0.0072,0.0000,0.0000,0.0000,0.0067,0.0004,200,17.3476
0.0073,0.0000,0.0000,0.0000,0.0072,0.0001,200,17.3531
0.0072,0.0000,0.0000,0.0000,0.0069,0.0002,200,17.3533
0.0073,0.0000,0.0000,0.0000,0.0072,0.0001,200,17.3548
0.0075,0.0000,0.0000,0.0000,0.0074,0.0000,200,17.3548
0.0077,0.0000,0.0000,0.0000,0.0076,0.0001,200,17.3604
0.0077,0.0000,0.0000,0.0000,0.0076,0.0000,200,17.3605
0.0071,0.0000,0.0000,0.0000,0.0070,0.0001,200,17.3621
0.0071,0.0000,0.0000,0.0000,0.0071,0.0000,200,17.3622
0.0075,0.0000,0.0000,0.0000,0.0074,0.0000,200,17.3682
0.0076,0.0000,0.0000,0.0000,0.0074,0.0002,200,17.3682
0.0072,0.0000,0.0000,0.0000,0.0069,0.0002,200,17.3692
0.0070,0.0000,0.0000,0.0000,0.0070,0.0000,200,17.3694
0.0078,0.0000,0.0000,0.0000,0.0077,0.0001,200,17.3757
0.0079,0.0000,0.0000,0.0000,0.0075,0.0004,200,17.3758
0.0073,0.0000,0.0000,0.0000,0.0072,0.0000,200,17.3764
0.0073,0.0000,0.0000,0.0000,0.0071,0.0002,200,17.3764
0.0077,0.0000,0.0000,0.0000,0.0072,0.0005,200,17.3835
0.0075,0.0000,0.0000,0.0000,0.0072,0.0003,200,17.3837
0.0075,0.0000,0.0000,0.0000,0.0073,0.0002,200,17.3837
0.0076,0.0000,0.0000,0.0000,0.0072,0.0004,200,17.3836
0.0073,0.0000,0.0000,0.0000,0.0071,0.0002,200,17.3913
0.0074,0.0000,0.0000,0.0000,0.0073,0.0000,200,17.3912
0.0075,0.0000,0.0000,0.0000,0.0075,0.0000,200,17.3912
0.0076,0.0000,0.0000,0.0000,0.0075,0.0001,200,17.3912
0.0071,0.0000,0.0000,0.0000,0.0070,0.0001,200,17.3988
0.0073,0.0000,0.0000,0.0000,0.0072,0.0001,200,17.3986
0.0073,0.0000,0.0000,0.0000,0.0073,0.0000,200,17.3987
0.0075,0.0000,0.0000,0.0000,0.0073,0.0002,200,17.3986
0.0074,0.0000,0.0000,0.0000,0.0073,0.0000,200,17.4059
0.0076,0.0000,0.0000,0.0000,0.0075,0.0001,200,17.4059
0.0076,0.0000,0.0000,0.0000,0.0070,0.0006,200,17.4061
0.0077,0.0000,0.0000,0.0000,0.0074,0.0002,200,17.4061
0.0072,0.0000,0.0000,0.0000,0.0071,0.0001,200,17.4135
0.0072,0.0000,0.0000,0.0000,0.0070,0.0001,200,17.4137
0.0073,0.0000,0.0000,0.0000,0.0072,0.0000,200,17.4138
0.0078,0.0000,0.0000,0.0000,0.0074,0.0003,200,17.4133
0.0072,0.0000,0.0000,0.0000,0.0071,0.0001,200,17.4211
0.0075,0.0000,0.0000,0.0000,0.0074,0.0001,200,17.4208
0.0075,0.0000,0.0000,0.0000,0.0074,0.0000,200,17.4209
0.0074,0.0000,0.0000,0.0000,0.0073,0.0000,200,17.4210
0.0076,0.0000,0.0000,0.0000,0.0073,0.0003,200,17.4283
0.0075,0.0000,0.0000,0.0000,0.0071,0.0003,200,17.4284
0.0075,0.0000,0.0000,0.0000,0.0072,0.0003,200,17.4284
0.0077,0.0000,0.0000,0.0000,0.0074,0.0003,200,17.4283
0.0073,0.0000,0.0000,0.0000,0.0072,0.0001,200,17.4360
0.0075,0.0000,0.0000,0.0000,0.0074,0.0001,200,17.4359
0.0075,0.0000,0.0000,0.0000,0.0073,0.0002,200,17.4359
0.0077,0.0000,0.0000,0.0000,0.0074,0.0002,200,17.4359
0.0070,0.0000,0.0000,0.0000,0.0070,0.0001,200,17.4436
0.0073,0.0000,0.0000,0.0000,0.0071,0.0002,200,17.4435
0.0076,0.0000,0.0000,0.0000,0.0074,0.0002,200,17.4433
0.0076,0.0000,0.0000,0.0000,0.0072,0.0004,200,17.4434
0.0074,0.0000,0.0000,0.0000,0.0073,0.0001,200,17.4506
0.0073,0.0000,0.0000,0.0000,0.0070,0.0002,200,17.4509
0.0075,0.0000,0.0000,0.0000,0.0074,0.0000,200,17.4508
0.0074,0.0000,0.0000,0.0000,0.0070,0.0003,200,17.4511
0.0074,0.0000,0.0000,0.0000,0.0072,0.0002,200,17.4583
0.0076,0.0000,0.0000,0.0000,0.0074,0.0001,200,17.4582
0.0074,0.0000,0.0000,0.0000,0.0073,0.0000,200,17.4584
0.0079,0.0000,0.0000,0.0000,0.0078,0.0000,200,17.4580
0.0073,0.0000,0.0000,0.0000,0.0072,0.0001,200,17.4658
0.0075,0.0000,0.0000,0.0000,0.0072,0.0003,200,17.4657
0.0074,0.0000,0.0000,0.0000,0.0073,0.0001,200,17.4658
0.0076,0.0000,0.0000,0.0000,0.0075,0.0000,200,17.4657
0.0079,0.0000,0.0000,0.0000,0.0076,0.0002,200,17.4731
0.0079,0.0000,0.0000,0.0000,0.0076,0.0003,200,17.4732
0.0079,0.0000,0.0000,0.0000,0.0077,0.0002,200,17.4732
0.0079,0.0000,0.0000,0.0000,0.0075,0.0004,200,17.4733
0.0073,0.0000,0.0000,0.0000,0.0072,0.0000,200,17.4811
0.0073,0.0000,0.0000,0.0000,0.0071,0.0002,200,17.4812
0.0075,0.0000,0.0000,0.0000,0.0074,0.0000,200,17.4810
0.0083,0.0000,0.0000,0.0000,0.0076,0.0007,200,17.4811
0.0074,0.0000,0.0000,0.0000,0.0072,0.0001,200,17.4885
0.0076,0.0000,0.0000,0.0000,0.0074,0.0002,200,17.4885
0.0077,0.0000,0.0000,0.0000,0.0076,0.0000,200,17.4884
0.0067,0.0000,0.0000,0.0000,0.0067,0.0000,200,17.4894
0.0074,0.0000,0.0000,0.0000,0.0073,0.0001,200,17.4961
0.0076,0.0000,0.0000,0.0000,0.0071,0.0005,200,17.4961
0.0076,0.0000,0.0000,0.0000,0.0069,0.0007,200,17.4962
0.0080,0.0000,0.0000,0.0000,0.0071,0.0008,200,17.4958
0.0076,0.0000,0.0000,0.0000,0.0073,0.0003,200,17.5037
0.0078,0.0000,0.0000,0.0000,0.0074,0.0003,200,17.5035
0.0075,0.0000,0.0000,0.0000,0.0072,0.0003,200,17.5038
0.0081,0.0000,0.0000,0.0000,0.0080,0.0000,200,17.5038
0.0077,0.0000,0.0000,0.0000,0.0075,0.0002,200,17.5113
0.0077,0.0000,0.0000,0.0000,0.0075,0.0002,200,17.5113
0.0073,0.0000,0.0000,0.0000,0.0072,0.0001,200,17.5119
0.0079,0.0000,0.0000,0.0000,0.0077,0.0001,200,17.5113
0.0076,0.0000,0.0000,0.0000,0.0074,0.0002,200,17.5192
0.0077,0.0000,0.0000,0.0000,0.0074,0.0003,200,17.5190
0.0078,0.0000,0.0000,0.0000,0.0076,0.0002,200,17.5190
0.0076,0.0000,0.0000,0.0000,0.0076,0.0000,200,17.5192
0.0073,0.0000,0.0000,0.0000,0.0071,0.0002,200,17.5268
0.0074,0.0000,0.0000,0.0000,0.0073,0.0000,200,17.5267
0.0074,0.0000,0.0000,0.0000,0.0073,0.0001,200,17.5269
0.0077,0.0000,0.0000,0.0000,0.0074,0.0003,200,17.5268
0.0075,0.0000,0.0000,0.0000,0.0075,0.0000,200,17.5342
0.0076,0.0000,0.0000,0.0000,0.0074,0.0002,200,17.5341
0.0075,0.0000,0.0000,0.0000,0.0071,0.0004,200,17.5343
0.0076,0.0000,0.0000,0.0000,0.0076,0.0000,200,17.5345
0.0076,0.0000,0.0000,0.0000,0.0073,0.0002,200,17.5418
0.0077,0.0000,0.0000,0.0000,0.0075,0.0002,200,17.5417
0.0074,0.0000,0.0000,0.0000,0.0071,0.0002,200,17.5421
0.0078,0.0000,0.0000,0.0000,0.0077,0.0000,200,17.5417
0.0071,0.0000,0.0000,0.0000,0.0070,0.0002,200,17.5495
0.0074,0.0000,0.0000,0.0000,0.0071,0.0001,200,17.5494
0.0076,0.0000,0.0000,0.0000,0.0073,0.0003,200,17.5494
0.0078,0.0000,0.0000,0.0000,0.0072,0.0006,200,17.5495
0.0073,0.0000,0.0000,0.0000,0.0070,0.0002,200,17.5571
0.0077,0.0000,0.0000,0.0000,0.0076,0.0000,200,17.5567
0.0072,0.0000,0.0000,0.0000,0.0070,0.0002,200,17.5573
0.0079,0.0000,0.0000,0.0000,0.0077,0.0002,200,17.5567
0.0074,0.0000,0.0000,0.0000,0.0072,0.0001,200,17.5644
0.0072,0.0000,0.0000,0.0000,0.0070,0.0001,200,17.5646
0.0076,0.0000,0.0000,0.0000,0.0074,0.0001,200,17.5644
0.0076,0.0000,0.0000,0.0000,0.0071,0.0005,200,17.5645
0.0074,0.0000,0.0000,0.0000,0.0072,0.0002,200,17.5717
0.0071,0.0000,0.0000,0.0000,0.0071,0.0000,200,17.5720
0.0077,0.0000,0.0000,0.0000,0.0076,0.0001,200,17.5718
0.0074,0.0000,0.0000,0.0000,0.0070,0.0004,200,17.5721
0.0077,0.0000,0.0000,0.0000,0.0076,0.0001,200,17.5791
0.0077,0.0000,0.0000,0.0000,0.0075,0.0001,200,17.5791
0.0074,0.0000,0.0000,0.0000,0.0073,0.0000,200,17.5795
0.0074,0.0000,0.0000,0.0000,0.0074,0.0000,200,17.5795
0.0073,0.0000,0.0000,0.0000,0.0071,0.0001,200,17.5868
0.0073,0.0000,0.0000,0.0000,0.0072,0.0000,200,17.5868
0.0075,0.0000,0.0000,0.0000,0.0072,0.0002,200,17.5869
0.0076,0.0000,0.0000,0.0000,0.0074,0.0002,200,17.5868
0.0072,0.0000,0.0000,0.0000,0.0071,0.0001,200,17.5941
0.0072,0.0000,0.0000,0.0000,0.0070,0.0001,200,17.5944
0.0074,0.0000,0.0000,0.0000,0.0072,0.0002,200,17.5941
0.0072,0.0000,0.0000,0.0000,0.0070,0.0002,200,17.5944
0.0073,0.0000,0.0000,0.0000,0.0072,0.0001,200,17.6016
0.0075,0.0000,0.0000,0.0000,0.0073,0.0002,200,17.6015
0.0079,0.0000,0.0000,0.0000,0.0075,0.0004,200,17.6013
0.0077,0.0000,0.0000,0.0000,0.0077,0.0000,200,17.6016
0.0073,0.0000,0.0000,0.0000,0.0070,0.0003,200,17.6092
0.0073,0.0000,0.0000,0.0000,0.0069,0.0004,200,17.6093
0.0077,0.0000,0.0000,0.0000,0.0075,0.0002,200,17.6089
0.0076,0.0000,0.0000,0.0000,0.0072,0.0004,200,17.6090
0.0072,0.0000,0.0000,0.0000,0.0070,0.0002,200,17.6166
0.0072,0.0000,0.0000,0.0000,0.0071,0.0002,200,17.6166
0.0075,0.0000,0.0000,0.0000,0.0074,0.0000,200,17.6166
0.0076,0.0000,0.0000,0.0000,0.0073,0.0003,200,17.6166
0.0071,0.0000,0.0000,0.0000,0.0070,0.0001,200,17.6241
0.0073,0.0000,0.0000,0.0000,0.0073,0.0000,200,17.6242
0.0077,0.0000,0.0000,0.0000,0.0076,0.0000,200,17.6238
0.0077,0.0000,0.0000,0.0000,0.0076,0.0000,200,17.6239
0.0071,0.0000,0.0000,0.0000,0.0069,0.0002,200,17.6315
0.0072,0.0000,0.0000,0.0000,0.0069,0.0002,200,17.6315
0.0072,0.0000,0.0000,0.0000,0.0070,0.0002,200,17.6315
0.0076,0.0000,0.0000,0.0000,0.0072,0.0003,200,17.6312
0.0075,0.0000,0.0000,0.0000,0.0073,0.0001,200,17.6387
0.0075,0.0000,0.0000,0.0000,0.0074,0.0000,200,17.6387
0.0078,0.0000,0.0000,0.0000,0.0074,0.0004,200,17.6388
0.0081,0.0000,0.0000,0.0000,0.0074,0.0006,200,17.6387
0.0075,0.0000,0.0000,0.0000,0.0073,0.0001,200,17.6462
0.0075,0.0000,0.0000,0.0001,0.0070,0.0000,200,17.6463
0.0073,0.0000,0.0000,0.0001,0.0070,0.0000,200,17.6466
0.0071,0.0000,0.0000,0.0000,0.0067,0.0002,200,17.6468
0.0072,0.0000,0.0000,0.0000,0.0071,0.0000,200,17.6537
0.0072,0.0000,0.0000,0.0000,0.0070,0.0002,200,17.6537
0.0072,0.0000,0.0000,0.0000,0.0072,0.0000,200,17.6539
0.0073,0.0000,0.0000,0.0000,0.0072,0.0002,200,17.6539
0.0073,0.0000,0.0000,0.0000,0.0072,0.0001,200,17.6609
0.0075,0.0000,0.0000,0.0000,0.0074,0.0000,200,17.6609
0.0073,0.0000,0.0000,0.0000,0.0072,0.0001,200,17.6612
0.0073,0.0000,0.0000,0.0000,0.0072,0.0000,200,17.6612
0.0072,0.0000,0.0000,0.0000,0.0069,0.0003,200,17.6685
0.0074,0.0000,0.0000,0.0000,0.0071,0.0002,200,17.6684
0.0075,0.0000,0.0000,0.0000,0.0072,0.0002,200,17.6682
0.0076,0.0000,0.0000,0.0000,0.0075,0.0000,200,17.6685
0.0072,0.0000,0.0000,0.0000,0.0069,0.0002,200,17.6761
0.0077,0.0000,0.0000,0.0000,0.0076,0.0000,200,17.6758
0.0077,0.0000,0.0000,0.0000,0.0077,0.0000,200,17.6758
0.0078,0.0000,0.0000,0.0000,0.0071,0.0006,200,17.6757
0.0076,0.0000,0.0000,0.0000,0.0075,0.0001,200,17.6833
0.0075,0.0000,0.0000,0.0000,0.0074,0.0000,200,17.6835
0.0075,0.0000,0.0000,0.0000,0.0074,0.0001,200,17.6835
0.0075,0.0000,0.0000,0.0000,0.0074,0.0001,200,17.6835
0.0073,0.0000,0.0000,0.0000,0.0071,0.0001,200,17.6909
0.0073,0.0000,0.0000,0.0000,0.0071,0.0002,200,17.6910
0.0073,0.0000,0.0000,0.0000,0.0072,0.0001,200,17.6910
0.0074,0.0000,0.0000,0.0000,0.0072,0.0002,200,17.6911
0.0074,0.0000,0.0000,0.0000,0.0073,0.0000,200,17.6983
0.0073,0.0000,0.0000,0.0000,0.0070,0.0002,200,17.6985
0.0077,0.0000,0.0000,0.0000,0.0077,0.0000,200,17.6982
0.0077,0.0000,0.0000,0.0000,0.0074,0.0002,200,17.6983
0.0074,0.0000,0.0000,0.0000,0.0072,0.0002,200,17.7057
0.0072,0.0000,0.0000,0.0000,0.0070,0.0002,200,17.7060
0.0074,0.0000,0.0000,0.0000,0.0073,0.0000,200,17.7059
0.0076,0.0000,0.0000,0.0000,0.0075,0.0001,200,17.7057
0.0073,0.0000,0.0000,0.0000,0.0071,0.0001,200,17.7131
0.0074,0.0000,0.0000,0.0000,0.0073,0.0000,200,17.7132
0.0074,0.0000,0.0000,0.0000,0.0073,0.0000,200,17.7133
0.0074,0.0000,0.0000,0.0000,0.0071,0.0002,200,17.7134
0.0073,0.0000,0.0000,0.0000,0.0072,0.0001,200,17.7207
0.0074,0.0000,0.0000,0.0000,0.0073,0.0000,200,17.7206
0.0077,0.0000,0.0000,0.0000,0.0076,0.0000,200,17.7204
0.0074,0.0000,0.0000,0.0000,0.0073,0.0000,200,17.7207
0.0073,0.0000,0.0000,0.0000,0.0071,0.0002,200,17.7280
0.0072,0.0000,0.0000,0.0000,0.0070,0.0001,200,17.7281
0.0074,0.0000,0.0000,0.0000,0.0073,0.0002,200,17.7281
0.0077,0.0000,0.0000,0.0000,0.0074,0.0003,200,17.7280
0.0078,0.0000,0.0000,0.0000,0.0075,0.0003,200,17.7353
0.0077,0.0000,0.0000,0.0000,0.0073,0.0003,200,17.7355
0.0080,0.0000,0.0000,0.0000,0.0077,0.0003,200,17.7353
0.0082,0.0000,0.0000,0.0000,0.0073,0.0009,200,17.7357
0.0075,0.0000,0.0000,0.0000,0.0074,0.0001,200,17.7433
0.0079,0.0000,0.0000,0.0000,0.0075,0.0004,200,17.7432
0.0073,0.0000,0.0000,0.0000,0.0072,0.0000,200,17.7440
0.0094,0.0000,0.0000,0.0000,0.0093,0.0001,200,17.7432
0.0075,0.0000,0.0000,0.0000,0.0074,0.0001,200,17.7509
0.0072,0.0000,0.0000,0.0000,0.0071,0.0001,200,17.7511
0.0072,0.0000,0.0000,0.0000,0.0072,0.0000,200,17.7513
0.0073,0.0000,0.0000,0.0000,0.0072,0.0001,200,17.7526
0.0076,0.0000,0.0000,0.0000,0.0073,0.0003,200,17.7584
0.0075,0.0000,0.0000,0.0000,0.0073,0.0002,200,17.7585
0.0077,0.0000,0.0000,0.0000,0.0075,0.0002,200,17.7584
0.0072,0.0000,0.0000,0.0000,0.0068,0.0003,200,17.7599
0.0072,0.0000,0.0000,0.0000,0.0071,0.0001,200,17.7660
0.0073,0.0000,0.0000,0.0000,0.0072,0.0000,200,17.7661
0.0074,0.0000,0.0000,0.0000,0.0071,0.0003,200,17.7660
0.0067,0.0000,0.0000,0.0000,0.0066,0.0001,200,17.7670
0.0076,0.0000,0.0000,0.0000,0.0074,0.0001,200,17.7732
0.0073,0.0000,0.0000,0.0000,0.0071,0.0002,200,17.7734
0.0076,0.0000,0.0000,0.0000,0.0074,0.0001,200,17.7733
0.0072,0.0000,0.0000,0.0000,0.0071,0.0001,200,17.7738
0.0072,0.0000,0.0000,0.0000,0.0071,0.0001,200,17.7810
0.0073,0.0000,0.0000,0.0000,0.0070,0.0002,200,17.7809
0.0075,0.0000,0.0000,0.0000,0.0072,0.0002,200,17.7807
0.0076,0.0000,0.0000,0.0001,0.0075,0.0000,200,17.7807
0.0072,0.0000,0.0000,0.0000,0.0072,0.0000,200,17.7884
0.0074,0.0000,0.0000,0.0000,0.0071,0.0003,200,17.7882
0.0075,0.0000,0.0000,0.0000,0.0074,0.0000,200,17.7882
0.0075,0.0000,0.0000,0.0000,0.0073,0.0002,200,17.7882
0.0074,0.0000,0.0000,0.0000,0.0073,0.0001,200,17.7957
0.0078,0.0000,0.0000,0.0000,0.0073,0.0004,200,17.7956
0.0078,0.0000,0.0000,0.0000,0.0077,0.0000,200,17.7957
0.0079,0.0000,0.0000,0.0000,0.0074,0.0005,200,17.7956
0.0075,0.0000,0.0000,0.0000,0.0072,0.0002,200,17.8034
0.0074,0.0000,0.0000,0.0000,0.0072,0.0002,200,17.8034
0.0079,0.0000,0.0000,0.0000,0.0075,0.0003,200,17.8031
0.0079,0.0000,0.0000,0.0000,0.0074,0.0004,200,17.8035
0.0074,0.0000,0.0000,0.0000,0.0072,0.0002,200,17.8109
0.0075,0.0000,0.0000,0.0000,0.0073,0.0001,200,17.8109
0.0074,0.0000,0.0000,0.0000,0.0069,0.0004,200,17.8114
0.0078,0.0000,0.0000,0.0000,0.0075,0.0003,200,17.8110
0.0071,0.0000,0.0000,0.0000,0.0070,0.0001,200,17.8188
0.0076,0.0000,0.0000,0.0000,0.0075,0.0001,200,17.8183
0.0075,0.0000,0.0000,0.0000,0.0075,0.0000,200,17.8183
0.0072,0.0000,0.0000,0.0000,0.0070,0.0001,200,17.8187
0.0073,0.0000,0.0000,0.0000,0.0072,0.0000,200,17.8258
0.0074,0.0000,0.0000,0.0000,0.0073,0.0001,200,17.8259
0.0075,0.0000,0.0000,0.0000,0.0071,0.0003,200,17.8258
0.0077,0.0000,0.0000,0.0000,0.0072,0.0005,200,17.8258
0.0076,0.0000,0.0000,0.0000,0.0072,0.0004,200,17.8332
0.0073,0.0000,0.0000,0.0000,0.0071,0.0002,200,17.8336
0.0076,0.0000,0.0000,0.0000,0.0072,0.0004,200,17.8333
0.0077,0.0000,0.0000,0.0000,0.0071,0.0006,200,17.8333
0.0074,0.0000,0.0000,0.0000,0.0072,0.0002,200,17.8409
0.0075,0.0000,0.0000,0.0000,0.0072,0.0002,200,17.8409
0.0075,0.0000,0.0000,0.0000,0.0071,0.0003,200,17.8408
0.0077,0.0000,0.0000,0.0000,0.0076,0.0000,200,17.8409
0.0076,0.0000,0.0000,0.0000,0.0073,0.0001,200,17.8483
0.0076,0.0000,0.0000,0.0000,0.0073,0.0002,200,17.8483
0.0076,0.0000,0.0000,0.0000,0.0074,0.0002,200,17.8483
0.0074,0.0000,0.0000,0.0000,0.0071,0.0002,200,17.8486
0.0074,0.0000,0.0000,0.0000,0.0073,0.0001,200,17.8559
0.0075,0.0000,0.0000,0.0000,0.0074,0.0000,200,17.8559
0.0075,0.0000,0.0000,0.0000,0.0073,0.0002,200,17.8560
0.0076,0.0000,0.0000,0.0000,0.0074,0.0002,200,17.8559
0.0073,0.0000,0.0000,0.0000,0.0072,0.0000,200,17.8635
0.0076,0.0000,0.0000,0.0000,0.0075,0.0000,200,17.8633
0.0075,0.0000,0.0000,0.0000,0.0075,0.0000,200,17.8635
0.0078,0.0000,0.0000,0.0000,0.0072,0.0005,200,17.8634
0.0072,0.0000,0.0000,0.0000,0.0069,0.0003,200,17.8711
0.0072,0.0000,0.0000,0.0000,0.0069,0.0002,200,17.8712
0.0075,0.0000,0.0000,0.0000,0.0072,0.0002,200,17.8709
0.0078,0.0000,0.0000,0.0000,0.0077,0.0000,200,17.8708
0.0072,0.0000,0.0000,0.0000,0.0072,0.0001,200,17.8786
0.0074,0.0000,0.0000,0.0000,0.0073,0.0001,200,17.8783
0.0074,0.0000,0.0000,0.0000,0.0073,0.0000,200,17.8784
0.0076,0.0000,0.0000,0.0000,0.0074,0.0002,200,17.8783
0.0074,0.0000,0.0000,0.0000,0.0072,0.0001,200,17.8858
0.0074,0.0000,0.0000,0.0000,0.0072,0.0001,200,17.8858
0.0076,0.0000,0.0000,0.0000,0.0076,0.0000,200,17.8858
0.0076,0.0000,0.0000,0.0000,0.0076,0.0000,200,17.8859
0.0073,0.0000,0.0000,0.0000,0.0072,0.0001,200,17.8932
0.0075,0.0000,0.0000,0.0000,0.0073,0.0002,200,17.8932
0.0072,0.0000,0.0000,0.0000,0.0069,0.0002,200,17.8935
0.0073,0.0000,0.0000,0.0000,0.0069,0.0003,200,17.8934
0.0074,0.0000,0.0000,0.0000,0.0072,0.0002,200,17.9005
0.0073,0.0000,0.0000,0.0000,0.0069,0.0003,200,17.9007
0.0074,0.0000,0.0000,0.0000,0.0072,0.0002,200,17.9007
0.0074,0.0000,0.0000,0.0000,0.0074,0.0000,200,17.9007
0.0073,0.0000,0.0000,0.0000,0.0072,0.0001,200,17.9079
0.0072,0.0000,0.0000,0.0000,0.0071,0.0000,200,17.9081
0.0077,0.0000,0.0000,0.0000,0.0074,0.0002,200,17.9079
0.0075,0.0000,0.0000,0.0000,0.0072,0.0002,200,17.9081
0.0074,0.0000,0.0000,0.0000,0.0072,0.0001,200,17.9155
0.0077,0.0000,0.0000,0.0000,0.0076,0.0000,200,17.9153
0.0074,0.0000,0.0000,0.0000,0.0074,0.0000,200,17.9156
0.0078,0.0000,0.0000,0.0000,0.0075,0.0002,200,17.9153
0.0073,0.0000,0.0000,0.0000,0.0072,0.0001,200,17.9230
0.0078,0.0000,0.0000,0.0000,0.0072,0.0006,200,17.9230
0.0084,0.0000,0.0000,0.0000,0.0073,0.0011,200,17.9229
0.0083,0.0000,0.0000,0.0000,0.0082,0.0000,200,17.9230
0.0076,0.0000,0.0000,0.0000,0.0075,0.0001,200,17.9303
0.0070,0.0000,0.0000,0.0000,0.0069,0.0000,200,17.9313
0.0075,0.0000,0.0000,0.0000,0.0075,0.0000,200,17.9313
0.0088,0.0000,0.0000,0.0000,0.0087,0.0000,200,17.9309
0.0081,0.0000,0.0000,0.0000,0.0079,0.0001,200,17.9379
0.0072,0.0000,0.0000,0.0000,0.0072,0.0000,200,17.9389
0.0078,0.0000,0.0000,0.0000,0.0075,0.0003,200,17.9383
0.0081,0.0000,0.0000,0.0000,0.0080,0.0001,200,17.9396
0.0074,0.0000,0.0000,0.0000,0.0073,0.0001,200,17.9460
0.0076,0.0000,0.0000,0.0000,0.0076,0.0001,200,17.9461
0.0077,0.0000,0.0000,0.0000,0.0076,0.0000,200,17.9461
0.0079,0.0000,0.0000,0.0000,0.0078,0.0001,200,17.9478
0.0082,0.0000,0.0000,0.0000,0.0078,0.0003,200,17.9537
0.0081,0.0000,0.0000,0.0000,0.0079,0.0002,200,17.9539
0.0087,0.0000,0.0000,0.0000,0.0086,0.0000,200,17.9534
0.0076,0.0000,0.0000,0.0000,0.0075,0.0001,200,17.9557
0.0084,0.0000,0.0000,0.0000,0.0083,0.0001,200,17.9620
0.0085,0.0000,0.0000,0.0000,0.0084,0.0001,200,17.9620
0.0085,0.0000,0.0000,0.0000,0.0084,0.0001,200,17.9620
0.0073,0.0000,0.0000,0.0000,0.0073,0.0000,200,17.9633
0.0084,0.0000,0.0000,0.0000,0.0083,0.0001,200,17.9705
0.0083,0.0000,0.0000,0.0000,0.0082,0.0001,200,17.9707
0.0092,0.0000,0.0000,0.0000,0.0092,0.0000,200,17.9704
0.0093,0.0000,0.0000,0.0000,0.0083,0.0009,200,17.9705
0.0084,0.0000,0.0000,0.0000,0.0076,0.0008,200,17.9789
0.0084,0.0000,0.0000,0.0000,0.0075,0.0008,200,17.9789
0.0090,0.0000,0.0000,0.0000,0.0074,0.0015,200,17.9798
0.0092,0.0000,0.0000,0.0000,0.0076,0.0016,200,17.9797
0.0080,0.0000,0.0000,0.0000,0.0079,0.0000,200,17.9888
0.0079,0.0000,0.0000,0.0000,0.0074,0.0005,200,17.9889
0.0095,0.0000,0.0000,0.0000,0.0095,0.0000,200,17.9873
0.0098,0.0000,0.0000,0.0000,0.0091,0.0006,200,17.9873
0.0078,0.0000,0.0000,0.0000,0.0074,0.0003,200,17.9968
0.0079,0.0000,0.0000,0.0000,0.0078,0.0000,200,17.9968
0.0077,0.0000,0.0000,0.0000,0.0076,0.0000,200,17.9971
0.0080,0.0000,0.0000,0.0000,0.0076,0.0004,200,17.9968
0.0073,0.0000,0.0000,0.0000,0.0071,0.0002,200,18.0048
0.0073,0.0000,0.0000,0.0000,0.0072,0.0000,200,18.0048
0.0075,0.0000,0.0000,0.0000,0.0074,0.0000,200,18.0047
0.0097,0.0000,0.0000,0.0000,0.0096,0.0001,200,18.0046
0.0076,0.0000,0.0000,0.0000,0.0072,0.0003,200,18.0121
0.0076,0.0000,0.0000,0.0000,0.0073,0.0002,200,18.0122
0.0076,0.0000,0.0000,0.0000,0.0074,0.0002,200,18.0121
0.0068,0.0000,0.0000,0.0000,0.0068,0.0001,200,18.0143
0.0073,0.0000,0.0000,0.0000,0.0072,0.0001,200,18.0196
0.0073,0.0000,0.0000,0.0000,0.0072,0.0000,200,18.0198
0.0073,0.0000,0.0000,0.0000,0.0073,0.0000,200,18.0198
0.0073,0.0000,0.0000,0.0000,0.0072,0.0001,200,18.0212
0.0079,0.0000,0.0000,0.0000,0.0078,0.0001,200,18.0270
0.0078,0.0000,0.0000,0.0000,0.0077,0.0001,200,18.0271
0.0079,0.0000,0.0000,0.0000,0.0078,0.0000,200,18.0270
0.0068,0.0000,0.0000,0.0000,0.0067,0.0000,200,18.0285
0.0076,0.0000,0.0000,0.0000,0.0074,0.0001,200,18.0349
0.0078,0.0000,0.0000,0.0000,0.0076,0.0001,200,18.0349
0.0075,0.0000,0.0000,0.0000,0.0074,0.0000,200,18.0353
0.0079,0.0000,0.0000,0.0000,0.0074,0.0005,200,18.0349
0.0075,0.0000,0.0000,0.0000,0.0074,0.0001,200,18.0425
0.0073,0.0000,0.0000,0.0000,0.0070,0.0002,200,18.0428
0.0074,0.0000,0.0000,0.0000,0.0073,0.0000,200,18.0428
0.0075,0.0000,0.0000,0.0000,0.0074,0.0000,200,18.0427
0.0073,0.0000,0.0000,0.0000,0.0071,0.0001,200,18.0501
0.0075,0.0000,0.0000,0.0000,0.0074,0.0000,200,18.0501
0.0076,0.0000,0.0000,0.0000,0.0075,0.0000,200,18.0499
0.0077,0.0000,0.0000,0.0000,0.0073,0.0003,200,18.0502
0.0071,0.0000,0.0000,0.0000,0.0070,0.0001,200,18.0578
0.0075,0.0000,0.0000,0.0000,0.0073,0.0002,200,18.0576
0.0078,0.0000,0.0000,0.0000,0.0074,0.0003,200,18.0574
0.0076,0.0000,0.0000,0.0000,0.0075,0.0001,200,18.0576
0.0076,0.0000,0.0000,0.0000,0.0075,0.0001,200,18.0650
0.0075,0.0000,0.0000,0.0000,0.0074,0.0001,200,18.0652
0.0077,0.0000,0.0000,0.0000,0.0073,0.0003,200,18.0651
0.0077,0.0000,0.0000,0.0000,0.0072,0.0004,200,18.0652
0.0070,0.0000,0.0000,0.0000,0.0067,0.0002,200,18.0728
0.0073,0.0000,0.0000,0.0000,0.0071,0.0002,200,18.0725
0.0073,0.0000,0.0000,0.0000,0.0072,0.0000,200,18.0727
0.0076,0.0000,0.0000,0.0000,0.0075,0.0000,200,18.0727
0.0072,0.0000,0.0000,0.0000,0.0072,0.0001,200,18.0799
0.0075,0.0000,0.0000,0.0000,0.0073,0.0001,200,18.0798
0.0070,0.0000,0.0000,0.0000,0.0067,0.0003,200,18.0803
0.0073,0.0000,0.0000,0.0000,0.0071,0.0001,200,18.0800
0.0075,0.0000,0.0000,0.0000,0.0072,0.0002,200,18.0871
0.0074,0.0000,0.0000,0.0000,0.0071,0.0003,200,18.0873
0.0074,0.0000,0.0000,0.0000,0.0071,0.0002,200,18.0873
0.0075,0.0000,0.0000,0.0000,0.0075,0.0000,200,18.0874
0.0075,0.0000,0.0000,0.0000,0.0073,0.0002,200,18.0946
0.0076,0.0000,0.0000,0.0000,0.0075,0.0000,200,18.0946
0.0076,0.0000,0.0000,0.0000,0.0075,0.0000,200,18.0949
0.0078,0.0000,0.0000,0.0000,0.0075,0.0003,200,18.0947
0.0073,0.0000,0.0000,0.0000,0.0071,0.0001,200,18.1022
0.0072,0.0000,0.0000,0.0000,0.0071,0.0001,200,18.1025
0.0075,0.0000,0.0000,0.0000,0.0074,0.0000,200,18.1022
0.0081,0.0000,0.0000,0.0000,0.0081,0.0001,200,18.1025
0.0075,0.0000,0.0000,0.0000,0.0074,0.0001,200,18.1095
0.0075,0.0000,0.0000,0.0000,0.0074,0.0000,200,18.1097
0.0085,0.0000,0.0000,0.0000,0.0082,0.0003,200,18.1097
0.0079,0.0000,0.0000,0.0000,0.0073,0.0006,200,18.1106
0.0074,0.0000,0.0000,0.0000,0.0073,0.0001,200,18.1170
0.0074,0.0000,0.0000,0.0000,0.0073,0.0000,200,18.1172
0.0070,0.0000,0.0000,0.0000,0.0066,0.0004,200,18.1186
0.0075,0.0000,0.0000,0.0000,0.0072,0.0002,200,18.1182
0.0074,0.0000,0.0000,0.0000,0.0073,0.0001,200,18.1244
0.0074,0.0000,0.0000,0.0000,0.0073,0.0000,200,18.1246
0.0074,0.0000,0.0000,0.0000,0.0070,0.0003,200,18.1256
0.0075,0.0000,0.0000,0.0000,0.0074,0.0000,200,18.1256
0.0073,0.0000,0.0000,0.0000,0.0071,0.0002,200,18.1319
0.0075,0.0000,0.0000,0.0000,0.0074,0.0000,200,18.1318
0.0073,0.0000,0.0000,0.0000,0.0070,0.0003,200,18.1331
0.0075,0.0000,0.0000,0.0000,0.0069,0.0005,200,18.1331
0.0073,0.0000,0.0000,0.0000,0.0072,0.0001,200,18.1393
0.0074,0.0000,0.0000,0.0000,0.0073,0.0000,200,18.1393
0.0073,0.0000,0.0000,0.0000,0.0068,0.0005,200,18.1405
0.0074,0.0000,0.0000,0.0000,0.0070,0.0004,200,18.1404
0.0075,0.0000,0.0000,0.0000,0.0073,0.0001,200,18.1466
0.0075,0.0000,0.0000,0.0000,0.0073,0.0002,200,18.1467
0.0073,0.0000,0.0000,0.0000,0.0070,0.0002,200,18.1478
0.0073,0.0000,0.0000,0.0000,0.0070,0.0003,200,18.1479
0.0075,0.0000,0.0000,0.0000,0.0073,0.0001,200,18.1540
0.0074,0.0000,0.0000,0.0000,0.0073,0.0000,200,18.1542
0.0071,0.0000,0.0000,0.0000,0.0068,0.0002,200,18.1551
0.0070,0.0000,0.0000,0.0000,0.0068,0.0002,200,18.1552
0.0075,0.0000,0.0000,0.0000,0.0074,0.0001,200,18.1616
0.0072,0.0000,0.0000,0.0000,0.0071,0.0000,200,18.1622
0.0072,0.0000,0.0000,0.0000,0.0069,0.0003,200,18.1622
0.0080,0.0000,0.0000,0.0000,0.0075,0.0004,200,18.1615
0.0071,0.0000,0.0000,0.0000,0.0069,0.0001,200,18.1694
0.0073,0.0000,0.0000,0.0000,0.0073,0.0000,200,18.1694
0.0072,0.0000,0.0000,0.0000,0.0071,0.0000,200,18.1695
0.0077,0.0000,0.0000,0.0000,0.0075,0.0002,200,18.1691
0.0080,0.0000,0.0000,0.0000,0.0076,0.0003,200,18.1767
0.0082,0.0000,0.0000,0.0000,0.0078,0.0004,200,18.1765
0.0080,0.0000,0.0000,0.0000,0.0076,0.0004,200,18.1768
0.0080,0.0000,0.0000,0.0000,0.0077,0.0003,200,18.1767
0.0072,0.0000,0.0000,0.0000,0.0071,0.0001,200,18.1847
0.0073,0.0000,0.0000,0.0000,0.0070,0.0002,200,18.1847
0.0074,0.0000,0.0000,0.0000,0.0072,0.0002,200,18.1847
0.0075,0.0000,0.0000,0.0000,0.0073,0.0002,200,18.1847
0.0071,0.0000,0.0000,0.0000,0.0070,0.0001,200,18.1922
0.0074,0.0000,0.0000,0.0000,0.0073,0.0001,200,18.1919
0.0076,0.0000,0.0000,0.0000,0.0074,0.0001,200,18.1919
0.0075,0.0000,0.0000,0.0000,0.0072,0.0003,200,18.1922
0.0072,0.0000,0.0000,0.0000,0.0072,0.0000,200,18.1994
0.0071,0.0000,0.0000,0.0000,0.0069,0.0002,200,18.1996
0.0076,0.0000,0.0000,0.0000,0.0075,0.0000,200,18.1994
0.0073,0.0000,0.0000,0.0000,0.0070,0.0002,200,18.1997
0.0073,0.0000,0.0000,0.0000,0.0072,0.0001,200,18.2067
0.0074,0.0000,0.0000,0.0000,0.0073,0.0001,200,18.2066
0.0073,0.0000,0.0000,0.0000,0.0072,0.0001,200,18.2070
0.0074,0.0000,0.0000,0.0000,0.0071,0.0002,200,18.2069
0.0070,0.0000,0.0000,0.0000,0.0069,0.0001,200,18.2143
0.0071,0.0000,0.0000,0.0000,0.0071,0.0000,200,18.2143
0.0074,0.0000,0.0000,0.0000,0.0073,0.0000,200,18.2140
0.0075,0.0000,0.0000,0.0000,0.0073,0.0001,200,18.2140
0.0072,0.0000,0.0000,0.0000,0.0070,0.0002,200,18.2214
0.0074,0.0000,0.0000,0.0000,0.0072,0.0001,200,18.2213
0.0074,0.0000,0.0000,0.0000,0.0072,0.0001,200,18.2214
0.0077,0.0000,0.0000,0.0000,0.0073,0.0003,200,18.2214
0.0071,0.0000,0.0000,0.0000,0.0070,0.0001,200,18.2288
0.0074,0.0000,0.0000,0.0000,0.0072,0.0002,200,18.2286
0.0072,0.0000,0.0000,0.0000,0.0070,0.0002,200,18.2290
0.0077,0.0000,0.0000,0.0000,0.0074,0.0002,200,18.2286
0.0074,0.0000,0.0000,0.0000,0.0072,0.0000,200,18.2359
0.0072,0.0000,0.0000,0.0000,0.0070,0.0002,200,18.2361
0.0072,0.0000,0.0000,0.0000,0.0072,0.0000,200,18.2363
0.0072,0.0000,0.0000,0.0000,0.0070,0.0002,200,18.2363
0.0077,0.0000,0.0000,0.0000,0.0076,0.0000,200,18.2433
0.0075,0.0000,0.0000,0.0000,0.0073,0.0002,200,18.2435
0.0075,0.0000,0.0000,0.0000,0.0069,0.0006,200,18.2435
0.0078,0.0000,0.0000,0.0000,0.0078,0.0000,200,18.2433
0.0076,0.0000,0.0000,0.0000,0.0075,0.0001,200,18.2510
0.0076,0.0000,0.0000,0.0000,0.0076,0.0000,200,18.2510
0.0075,0.0000,0.0000,0.0000,0.0073,0.0001,200,18.2511
0.0077,0.0000,0.0000,0.0000,0.0076,0.0000,200,18.2510
0.0075,0.0000,0.0000,0.0000,0.0073,0.0001,200,18.2587
0.0075,0.0000,0.0000,0.0000,0.0072,0.0003,200,18.2587
0.0076,0.0000,0.0000,0.0000,0.0074,0.0001,200,18.2586
0.0091,0.0000,0.0000,0.0000,0.0090,0.0001,200,18.2586
0.0080,0.0000,0.0000,0.0000,0.0075,0.0005,200,18.2662
0.0083,0.0000,0.0000,0.0000,0.0077,0.0006,200,18.2662
0.0085,0.0000,0.0000,0.0000,0.0077,0.0007,200,18.2662
0.0075,0.0000,0.0000,0.0000,0.0075,0.0000,200,18.2677
0.0078,0.0000,0.0000,0.0000,0.0076,0.0002,200,18.2742
0.0079,0.0000,0.0000,0.0000,0.0078,0.0000,200,18.2745
0.0072,0.0000,0.0000,0.0000,0.0071,0.0001,200,18.2752
0.0078,0.0000,0.0000,0.0000,0.0077,0.0001,200,18.2747
0.0080,0.0000,0.0000,0.0000,0.0077,0.0003,200,18.2820
0.0075,0.0000,0.0000,0.0000,0.0073,0.0002,200,18.2825
0.0078,0.0000,0.0000,0.0000,0.0077,0.0001,200,18.2824
0.0080,0.0000,0.0000,0.0000,0.0077,0.0003,200,18.2824
0.0076,0.0000,0.0000,0.0000,0.0075,0.0001,200,18.2904
0.0090,0.0000,0.0000,0.0000,0.0085,0.0004,200,18.2900
0.0091,0.0000,0.0000,0.0000,0.0086,0.0004,200,18.2900
0.0104,0.0000,0.0000,0.0000,0.0085,0.0018,200,18.2902
0.0081,0.0000,0.0000,0.0000,0.0080,0.0001,200,18.2990
0.0091,0.0000,0.0000,0.0000,0.0090,0.0000,200,18.2981
0.0082,0.0000,0.0000,0.0000,0.0078,0.0004,200,18.2991
0.0094,0.0000,0.0000,0.0006,0.0076,0.0001,200,18.3006
0.0083,0.0000,0.0000,0.0000,0.0082,0.0000,200,18.3073
0.0085,0.0000,0.0000,0.0000,0.0081,0.0004,200,18.3072
0.0087,0.0000,0.0000,0.0000,0.0077,0.0009,200,18.3071
0.0108,0.0000,0.0000,0.0000,0.0107,0.0001,200,18.3101
0.0079,0.0000,0.0000,0.0000,0.0078,0.0001,200,18.3156
0.0082,0.0000,0.0000,0.0000,0.0081,0.0001,200,18.3157
0.0089,0.0000,0.0000,0.0000,0.0088,0.0001,200,18.3158
0.0083,0.0000,0.0000,0.0000,0.0077,0.0005,200,18.3209
0.0086,0.0000,0.0000,0.0000,0.0083,0.0003,200,18.3235
0.0082,0.0000,0.0000,0.0000,0.0081,0.0000,200,18.3239
0.0075,0.0000,0.0000,0.0001,0.0073,0.0000,200,18.3247
0.0094,0.0000,0.0000,0.0000,0.0093,0.0001,200,18.3292
0.0086,0.0000,0.0000,0.0000,0.0085,0.0001,200,18.3322
0.0087,0.0000,0.0000,0.0000,0.0086,0.0000,200,18.3321
0.0091,0.0000,0.0000,0.0000,0.0074,0.0017,200,18.3322
0.0091,0.0000,0.0000,0.0000,0.0083,0.0007,200,18.3386
0.0081,0.0000,0.0000,0.0000,0.0080,0.0001,200,18.3408
0.0082,0.0000,0.0000,0.0000,0.0081,0.0000,200,18.3408
0.0082,0.0000,0.0000,0.0000,0.0082,0.0000,200,18.3413
0.0091,0.0000,0.0000,0.0000,0.0090,0.0001,200,18.3477
0.0081,0.0000,0.0000,0.0000,0.0077,0.0004,200,18.3490
0.0086,0.0000,0.0000,0.0000,0.0085,0.0001,200,18.3489
0.0081,0.0000,0.0000,0.0000,0.0073,0.0008,200,18.3495
0.0086,0.0000,0.0000,0.0000,0.0085,0.0001,200,18.3575
0.0093,0.0000,0.0000,0.0000,0.0092,0.0000,200,18.3568
0.0085,0.0000,0.0000,0.0000,0.0084,0.0000,200,18.3576
0.0161,0.0000,0.0000,0.0021,0.0138,0.0001,200,18.3571
0.0078,0.0000,0.0000,0.0000,0.0077,0.0000,200,18.3660
0.0085,0.0000,0.0000,0.0000,0.0085,0.0000,200,18.3661
0.0098,0.0000,0.0000,0.0000,0.0097,0.0001,200,18.3661
0.0088,0.0000,0.0000,0.0001,0.0086,0.0001,200,18.3732
0.0082,0.0000,0.0000,0.0000,0.0081,0.0001,200,18.3738
0.0079,0.0000,0.0000,0.0000,0.0075,0.0003,200,18.3746
0.0081,0.0000,0.0000,0.0000,0.0077,0.0003,200,18.3759
0.0076,0.0000,0.0000,0.0000,0.0075,0.0001,200,18.3840
0.0092,0.0000,0.0000,0.0000,0.0089,0.0003,200,18.3825
0.0099,0.0000,0.0000,0.0000,0.0098,0.0000,200,18.3820
0.0120,0.0000,0.0000,0.0000,0.0116,0.0004,200,18.3820
0.0080,0.0000,0.0000,0.0000,0.0077,0.0003,200,18.3917
0.0081,0.0000,0.0000,0.0000,0.0074,0.0006,200,18.3919
0.0090,0.0000,0.0000,0.0000,0.0089,0.0000,200,18.3915
0.0078,0.0000,0.0000,0.0000,0.0077,0.0001,200,18.3940
0.0083,0.0000,0.0000,0.0000,0.0078,0.0004,200,18.4005
0.0092,0.0000,0.0000,0.0000,0.0087,0.0004,200,18.3997
0.0094,0.0000,0.0000,0.0000,0.0093,0.0000,200,18.4000
0.0076,0.0000,0.0000,0.0000,0.0075,0.0000,200,18.4018
0.0098,0.0000,0.0000,0.0000,0.0094,0.0004,200,18.4089
0.0114,0.0000,0.0000,0.0000,0.0110,0.0003,200,18.4088
0.0112,0.0000,0.0000,0.0000,0.0111,0.0001,200,18.4093
0.0122,0.0000,0.0000,0.0000,0.0121,0.0001,200,18.4095
0.0075,0.0000,0.0000,0.0001,0.0073,0.0001,200,18.4205
0.0098,0.0000,0.0000,0.0000,0.0097,0.0001,200,18.4187
0.0095,0.0000,0.0000,0.0000,0.0094,0.0001,200,18.4203
0.0084,0.0000,0.0000,0.0000,0.0081,0.0002,200,18.4216
0.0087,0.0000,0.0000,0.0000,0.0079,0.0007,200,18.4280
0.0093,0.0000,0.0000,0.0000,0.0092,0.0001,200,18.4286
0.0081,0.0000,0.0000,0.0000,0.0080,0.0001,200,18.4298
0.0079,0.0000,0.0000,0.0000,0.0079,0.0000,200,18.4300
0.0085,0.0000,0.0000,0.0000,0.0084,0.0001,200,18.4367
0.0080,0.0000,0.0000,0.0000,0.0079,0.0000,200,18.4379
0.0079,0.0000,0.0000,0.0000,0.0079,0.0000,200,18.4380
0.0082,0.0000,0.0000,0.0000,0.0081,0.0000,200,18.4379
0.0096,0.0000,0.0000,0.0000,0.0095,0.0001,200,18.4459
0.0096,0.0000,0.0000,0.0000,0.0090,0.0006,200,18.4461
0.0103,0.0000,0.0000,0.0000,0.0091,0.0012,200,18.4459
0.0128,0.0000,0.0000,0.0000,0.0127,0.0001,200,18.4452
0.0092,0.0000,0.0000,0.0000,0.0087,0.0005,200,18.4557
0.0082,0.0000,0.0000,0.0000,0.0080,0.0001,200,18.4580
0.0121,0.0000,0.0000,0.0000,0.0119,0.0002,200,18.4555
0.0145,0.0000,0.0000,0.0000,0.0143,0.0001,200,18.4563
0.0078,0.0000,0.0000,0.0000,0.0074,0.0004,200,18.4649
0.0076,0.0000,0.0000,0.0000,0.0075,0.0000,200,18.4661
0.0079,0.0000,0.0000,0.0000,0.0078,0.0001,200,18.4676
0.0079,0.0000,0.0000,0.0000,0.0078,0.0001,200,18.4707
0.0077,0.0000,0.0000,0.0000,0.0076,0.0001,200,18.4738
0.0122,0.0000,0.0000,0.0000,0.0121,0.0001,200,18.4727
0.0096,0.0000,0.0000,0.0000,0.0091,0.0004,200,18.4755
0.0095,0.0000,0.0000,0.0000,0.0094,0.0001,200,18.4787
0.0079,0.0000,0.0000,0.0000,0.0078,0.0000,200,18.4815
0.0079,0.0000,0.0000,0.0000,0.0078,0.0001,200,18.4852
0.0086,0.0000,0.0000,0.0001,0.0085,0.0001,200,18.4849
0.0077,0.0000,0.0000,0.0000,0.0076,0.0001,200,18.4893
0.0090,0.0000,0.0000,0.0000,0.0090,0.0000,200,18.4882
0.0074,0.0000,0.0000,0.0000,0.0073,0.0001,200,18.4935
0.0082,0.0000,0.0000,0.0000,0.0077,0.0004,200,18.4930
0.0093,0.0000,0.0000,0.0000,0.0092,0.0001,200,18.4972
0.0116,0.0000,0.0000,0.0000,0.0109,0.0006,200,18.4971
0.0079,0.0000,0.0000,0.0000,0.0073,0.0005,200,18.5012
0.0097,0.0000,0.0000,0.0000,0.0090,0.0006,200,18.5009
0.0079,0.0000,0.0000,0.0000,0.0078,0.0001,200,18.5065
0.0077,0.0000,0.0000,0.0000,0.0073,0.0003,200,18.5087
0.0098,0.0000,0.0000,0.0000,0.0087,0.0011,200,18.5091
0.0084,0.0000,0.0000,0.0000,0.0084,0.0000,200,18.5106
0.0078,0.0000,0.0000,0.0000,0.0077,0.0001,200,18.5145
0.0073,0.0000,0.0000,0.0000,0.0072,0.0001,200,18.5163
0.0076,0.0000,0.0000,0.0000,0.0073,0.0003,200,18.5189
0.0086,0.0000,0.0000,0.0000,0.0076,0.0010,200,18.5190
0.0071,0.0000,0.0000,0.0000,0.0070,0.0000,200,18.5223
0.0076,0.0000,0.0000,0.0000,0.0071,0.0004,200,18.5237
0.0082,0.0000,0.0000,0.0000,0.0081,0.0001,200,18.5265
0.0071,0.0000,0.0000,0.0000,0.0071,0.0000,200,18.5277
0.0072,0.0000,0.0000,0.0000,0.0071,0.0001,200,18.5294
0.0070,0.0000,0.0000,0.0000,0.0069,0.0000,200,18.5312
0.0074,0.0000,0.0000,0.0000,0.0073,0.0001,200,18.5348
0.0076,0.0000,0.0000,0.0000,0.0076,0.0000,200,18.5348
0.0071,0.0000,0.0000,0.0000,0.0069,0.0002,200,18.5365
0.0069,0.0000,0.0000,0.0000,0.0068,0.0001,200,18.5382
0.0077,0.0000,0.0000,0.0000,0.0074,0.0002,200,18.5422
0.0076,0.0000,0.0000,0.0000,0.0071,0.0005,200,18.5424
0.0074,0.0000,0.0000,0.0000,0.0073,0.0001,200,18.5437
0.0071,0.0000,0.0000,0.0000,0.0070,0.0000,200,18.5452
0.0075,0.0000,0.0000,0.0000,0.0074,0.0001,200,18.5499
0.0075,0.0000,0.0000,0.0000,0.0074,0.0000,200,18.5500
0.0077,0.0000,0.0000,0.0000,0.0073,0.0003,200,18.5511
0.0071,0.0000,0.0000,0.0000,0.0070,0.0000,200,18.5523
0.0073,0.0000,0.0000,0.0000,0.0072,0.0001,200,18.5575
0.0081,0.0000,0.0000,0.0000,0.0080,0.0000,200,18.5575
0.0072,0.0000,0.0000,0.0000,0.0070,0.0002,200,18.5587
0.0077,0.0000,0.0000,0.0000,0.0076,0.0001,200,18.5593
0.0076,0.0000,0.0000,0.0000,0.0075,0.0001,200,18.5648
0.0069,0.0000,0.0000,0.0000,0.0068,0.0000,200,18.5655
0.0070,0.0000,0.0000,0.0000,0.0069,0.0000,200,18.5660
0.0069,0.0000,0.0000,0.0000,0.0068,0.0001,200,18.5670
0.0080,0.0000,0.0000,0.0000,0.0079,0.0001,200,18.5724
0.0080,0.0000,0.0000,0.0000,0.0079,0.0001,200,18.5725
0.0075,0.0000,0.0000,0.0000,0.0074,0.0000,200,18.5730
0.0069,0.0000,0.0000,0.0000,0.0068,0.0000,200,18.5739
0.0074,0.0000,0.0000,0.0000,0.0073,0.0001,200,18.5805
0.0076,0.0000,0.0000,0.0000,0.0074,0.0001,200,18.5804
0.0076,0.0000,0.0000,0.0000,0.0075,0.0000,200,18.5804
0.0075,0.0000,0.0000,0.0000,0.0070,0.0005,200,18.5808
0.0073,0.0000,0.0000,0.0000,0.0071,0.0002,200,18.5880
0.0072,0.0000,0.0000,0.0000,0.0070,0.0002,200,18.5880
0.0070,0.0000,0.0000,0.0000,0.0070,0.0000,200,18.5884
0.0077,0.0000,0.0000,0.0000,0.0071,0.0005,200,18.5879
0.0074,0.0000,0.0000,0.0000,0.0073,0.0001,200,18.5954
0.0075,0.0000,0.0000,0.0000,0.0074,0.0000,200,18.5953
0.0076,0.0000,0.0000,0.0000,0.0075,0.0000,200,18.5953
0.0073,0.0000,0.0000,0.0000,0.0073,0.0000,200,18.5956
0.0074,0.0000,0.0000,0.0000,0.0072,0.0003,200,18.6029
0.0076,0.0000,0.0000,0.0000,0.0073,0.0002,200,18.6028
0.0076,0.0000,0.0000,0.0000,0.0074,0.0002,200,18.6028
0.0079,0.0000,0.0000,0.0000,0.0072,0.0007,200,18.6029
0.0074,0.0000,0.0000,0.0000,0.0072,0.0000,200,18.6103
0.0073,0.0000,0.0000,0.0000,0.0071,0.0002,200,18.6104
0.0076,0.0000,0.0000,0.0000,0.0075,0.0000,200,18.6104
0.0072,0.0000,0.0000,0.0000,0.0070,0.0002,200,18.6107
0.0072,0.0000,0.0000,0.0000,0.0071,0.0001,200,18.6180
0.0078,0.0000,0.0000,0.0000,0.0075,0.0002,200,18.6177
0.0076,0.0000,0.0000,0.0000,0.0072,0.0004,200,18.6179
0.0078,0.0000,0.0000,0.0000,0.0074,0.0003,200,18.6177
0.0073,0.0000,0.0000,0.0000,0.0072,0.0001,200,18.6255
0.0074,0.0000,0.0000,0.0000,0.0073,0.0000,200,18.6255
0.0078,0.0000,0.0000,0.0000,0.0077,0.0001,200,18.6252
0.0079,0.0000,0.0000,0.0000,0.0078,0.0001,200,18.6255
0.0080,0.0000,0.0000,0.0000,0.0075,0.0004,200,18.6328
0.0079,0.0000,0.0000,0.0000,0.0076,0.0003,200,18.6329
0.0074,0.0000,0.0000,0.0000,0.0071,0.0003,200,18.6335
0.0078,0.0000,0.0000,0.0000,0.0074,0.0004,200,18.6330
0.0075,0.0000,0.0000,0.0000,0.0074,0.0001,200,18.6408
0.0076,0.0000,0.0000,0.0000,0.0073,0.0002,200,18.6408
0.0077,0.0000,0.0000,0.0000,0.0075,0.0001,200,18.6408
0.0078,0.0000,0.0000,0.0000,0.0077,0.0000,200,18.6408
0.0071,0.0000,0.0000,0.0000,0.0069,0.0002,200,18.6486
0.0072,0.0000,0.0000,0.0000,0.0070,0.0002,200,18.6485
0.0075,0.0000,0.0000,0.0000,0.0074,0.0001,200,18.6484
0.0075,0.0000,0.0000,0.0000,0.0073,0.0002,200,18.6483
0.0072,0.0000,0.0000,0.0000,0.0072,0.0000,200,18.6558
0.0075,0.0000,0.0000,0.0000,0.0072,0.0003,200,18.6557
0.0076,0.0000,0.0000,0.0000,0.0074,0.0001,200,18.6557
0.0074,0.0000,0.0000,0.0000,0.0073,0.0001,200,18.6559
0.0073,0.0000,0.0000,0.0000,0.0072,0.0001,200,18.6633
0.0077,0.0000,0.0000,0.0000,0.0075,0.0002,200,18.6631
0.0077,0.0000,0.0000,0.0000,0.0073,0.0003,200,18.6632
0.0076,0.0000,0.0000,0.0000,0.0074,0.0002,200,18.6633
0.0074,0.0000,0.0000,0.0000,0.0073,0.0001,200,18.6706
0.0073,0.0000,0.0000,0.0000,0.0071,0.0002,200,18.6709
0.0075,0.0000,0.0000,0.0000,0.0075,0.0000,200,18.6708
0.0075,0.0000,0.0000,0.0000,0.0070,0.0005,200,18.6709
0.0072,0.0000,0.0000,0.0000,0.0071,0.0001,200,18.6783
0.0073,0.0000,0.0000,0.0000,0.0072,0.0000,200,18.6784
0.0076,0.0000,0.0000,0.0000,0.0076,0.0000,200,18.6780
0.0075,0.0000,0.0000,0.0000,0.0074,0.0000,200,18.6784
0.0075,0.0000,0.0000,0.0000,0.0074,0.0000,200,18.6855
0.0074,0.0000,0.0000,0.0000,0.0071,0.0003,200,18.6856
0.0075,0.0000,0.0000,0.0000,0.0073,0.0001,200,18.6856
0.0073,0.0000,0.0000,0.0000,0.0072,0.0000,200,18.6859
0.0073,0.0000,0.0000,0.0000,0.0072,0.0001,200,18.6931
0.0076,0.0000,0.0000,0.0000,0.0073,0.0003,200,18.6932
0.0078,0.0000,0.0000,0.0000,0.0074,0.0004,200,18.6931
0.0079,0.0000,0.0000,0.0000,0.0075,0.0003,200,18.6930
0.0074,0.0000,0.0000,0.0000,0.0072,0.0002,200,18.7005
0.0072,0.0000,0.0000,0.0000,0.0070,0.0001,200,18.7008
0.0073,0.0000,0.0000,0.0000,0.0071,0.0002,200,18.7008
0.0074,0.0000,0.0000,0.0000,0.0072,0.0001,200,18.7009
0.0073,0.0000,0.0000,0.0000,0.0072,0.0001,200,18.7079
0.0071,0.0000,0.0000,0.0000,0.0070,0.0002,200,18.7082
0.0075,0.0000,0.0000,0.0000,0.0073,0.0002,200,18.7079
0.0072,0.0000,0.0000,0.0000,0.0069,0.0003,200,18.7082
0.0073,0.0000,0.0000,0.0000,0.0073,0.0000,200,18.7155
0.0077,0.0000,0.0000,0.0000,0.0076,0.0000,200,18.7153
0.0077,0.0000,0.0000,0.0000,0.0073,0.0004,200,18.7154
0.0080,0.0000,0.0000,0.0000,0.0073,0.0006,200,18.7152
0.0072,0.0000,0.0000,0.0000,0.0069,0.0003,200,18.7232
0.0076,0.0000,0.0000,0.0000,0.0072,0.0004,200,18.7228
0.0075,0.0000,0.0000,0.0000,0.0074,0.0000,200,18.7232
0.0076,0.0000,0.0000,0.0000,0.0074,0.0002,200,18.7231
0.0073,0.0000,0.0000,0.0000,0.0072,0.0001,200,18.7306
0.0073,0.0000,0.0000,0.0000,0.0073,0.0000,200,18.7307
0.0077,0.0000,0.0000,0.0000,0.0075,0.0001,200,18.7304
0.0077,0.0000,0.0000,0.0000,0.0077,0.0000,200,18.7304
0.0074,0.0000,0.0000,0.0000,0.0073,0.0001,200,18.7381
0.0074,0.0000,0.0000,0.0000,0.0072,0.0002,200,18.7381
0.0076,0.0000,0.0000,0.0000,0.0073,0.0002,200,18.7380
0.0078,0.0000,0.0000,0.0000,0.0077,0.0000,200,18.7379
0.0073,0.0000,0.0000,0.0000,0.0071,0.0001,200,18.7455
0.0071,0.0000,0.0000,0.0000,0.0069,0.0002,200,18.7457
0.0074,0.0000,0.0000,0.0000,0.0071,0.0002,200,18.7455
0.0076,0.0000,0.0000,0.0000,0.0075,0.0000,200,18.7456
0.0075,0.0000,0.0000,0.0000,0.0074,0.0001,200,18.7529
0.0073,0.0000,0.0000,0.0000,0.0071,0.0001,200,18.7532
0.0077,0.0000,0.0000,0.0000,0.0076,0.0000,200,18.7528
0.0079,0.0000,0.0000,0.0000,0.0078,0.0000,200,18.7528
0.0077,0.0000,0.0000,0.0000,0.0074,0.0002,200,18.7604
0.0078,0.0000,0.0000,0.0000,0.0076,0.0001,200,18.7605
0.0081,0.0000,0.0000,0.0000,0.0080,0.0000,200,18.7604
0.0079,0.0000,0.0000,0.0000,0.0078,0.0000,200,18.7607
0.0077,0.0000,0.0000,0.0000,0.0075,0.0002,200,18.7686
0.0083,0.0000,0.0000,0.0000,0.0078,0.0004,200,18.7683
0.0080,0.0000,0.0000,0.0000,0.0076,0.0004,200,18.7685
0.0091,0.0000,0.0000,0.0000,0.0090,0.0000,200,18.7681
0.0083,0.0000,0.0000,0.0000,0.0082,0.0001,200,18.7765
0.0086,0.0000,0.0000,0.0000,0.0084,0.0000,200,18.7763
0.0085,0.0000,0.0000,0.0000,0.0074,0.0011,200,18.7772
0.0107,0.0000,0.0000,0.0000,0.0103,0.0003,200,18.7765
0.0082,0.0000,0.0000,0.0000,0.0081,0.0001,200,18.7849
0.0075,0.0000,0.0000,0.0000,0.0074,0.0000,200,18.7857
0.0084,0.0000,0.0000,0.0000,0.0083,0.0000,200,18.7848
0.0078,0.0000,0.0000,0.0000,0.0077,0.0001,200,18.7872
0.0080,0.0000,0.0000,0.0000,0.0077,0.0003,200,18.7932
0.0086,0.0000,0.0000,0.0000,0.0084,0.0001,200,18.7930
0.0084,0.0000,0.0000,0.0000,0.0078,0.0006,200,18.7932
0.0109,0.0000,0.0000,0.0000,0.0107,0.0001,200,18.7950
0.0077,0.0000,0.0000,0.0000,0.0076,0.0001,200,18.8016
0.0089,0.0000,0.0000,0.0000,0.0083,0.0005,200,18.8016
0.0104,0.0000,0.0000,0.0000,0.0098,0.0006,200,18.8012
0.0076,0.0000,0.0000,0.0000,0.0075,0.0001,200,18.8059
0.0081,0.0000,0.0000,0.0000,0.0077,0.0003,200,18.8093
0.0076,0.0000,0.0000,0.0000,0.0075,0.0000,200,18.8105
0.0070,0.0000,0.0000,0.0000,0.0069,0.0001,200,18.8116
0.0078,0.0000,0.0000,0.0000,0.0076,0.0001,200,18.8135
0.0079,0.0000,0.0000,0.0000,0.0077,0.0001,200,18.8174
0.0079,0.0000,0.0000,0.0000,0.0078,0.0000,200,18.8181
0.0077,0.0000,0.0000,0.0000,0.0076,0.0001,200,18.8186
0.0079,0.0000,0.0000,0.0000,0.0075,0.0004,200,18.8213
0.0075,0.0000,0.0000,0.0000,0.0073,0.0001,200,18.8264
0.0089,0.0000,0.0000,0.0000,0.0082,0.0007,200,18.8253
0.0084,0.0000,0.0000,0.0000,0.0083,0.0000,200,18.8260
0.0084,0.0000,0.0000,0.0000,0.0079,0.0004,200,18.8293
0.0074,0.0000,0.0000,0.0000,0.0073,0.0001,200,18.8343
0.0079,0.0000,0.0000,0.0000,0.0078,0.0001,200,18.8338
0.0078,0.0000,0.0000,0.0000,0.0077,0.0000,200,18.8342
0.0091,0.0000,0.0000,0.0000,0.0089,0.0001,200,18.8377
0.0076,0.0000,0.0000,0.0000,0.0075,0.0001,200,18.8418
0.0082,0.0000,0.0000,0.0000,0.0076,0.0006,200,18.8418
0.0080,0.0000,0.0000,0.0000,0.0074,0.0006,200,18.8420
0.0084,0.0000,0.0000,0.0000,0.0083,0.0001,200,18.8467
0.0080,0.0000,0.0000,0.0000,0.0079,0.0001,200,18.8500
0.0087,0.0000,0.0000,0.0000,0.0080,0.0007,200,18.8494
0.0082,0.0000,0.0000,0.0000,0.0080,0.0002,200,18.8500
0.0095,0.0000,0.0000,0.0000,0.0093,0.0001,200,18.8552
0.0082,0.0000,0.0000,0.0000,0.0081,0.0001,200,18.8581
0.0085,0.0000,0.0000,0.0000,0.0084,0.0000,200,18.8580
0.0099,0.0000,0.0000,0.0000,0.0098,0.0001,200,18.8582
0.0090,0.0000,0.0000,0.0000,0.0086,0.0004,200,18.8646
0.0087,0.0000,0.0000,0.0000,0.0086,0.0001,200,18.8663
0.0086,0.0000,0.0000,0.0000,0.0086,0.0000,200,18.8665
0.0096,0.0000,0.0000,0.0000,0.0095,0.0001,200,18.8681
0.0089,0.0000,0.0000,0.0000,0.0088,0.0000,200,18.8737
0.0076,0.0000,0.0000,0.0000,0.0073,0.0003,200,18.8752
0.0093,0.0000,0.0000,0.0000,0.0081,0.0012,200,18.8750
0.0077,0.0000,0.0000,0.0000,0.0074,0.0003,200,18.8777
0.0080,0.0000,0.0000,0.0000,0.0076,0.0004,200,18.8828
0.0082,0.0000,0.0000,0.0000,0.0077,0.0004,200,18.8826
0.0080,0.0000,0.0000,0.0000,0.0073,0.0007,200,18.8843
0.0106,0.0000,0.0000,0.0000,0.0105,0.0001,200,18.8855
0.0075,0.0000,0.0000,0.0000,0.0072,0.0002,200,18.8923
0.0091,0.0000,0.0000,0.0000,0.0090,0.0000,200,18.8908
0.0104,0.0000,0.0000,0.0000,0.0096,0.0007,200,18.8908
0.0079,0.0000,0.0000,0.0000,0.0075,0.0004,200,18.8961
0.0083,0.0000,0.0000,0.0000,0.0082,0.0001,200,18.8998
0.0083,0.0000,0.0000,0.0000,0.0083,0.0000,200,18.8999
0.0090,0.0000,0.0000,0.0000,0.0088,0.0001,200,18.9012
0.0076,0.0000,0.0000,0.0000,0.0074,0.0001,200,18.9040
0.0078,0.0000,0.0000,0.0000,0.0077,0.0001,200,18.9081
0.0098,0.0000,0.0000,0.0000,0.0087,0.0010,200,18.9082
0.0084,0.0000,0.0000,0.0000,0.0078,0.0006,200,18.9102
0.0103,0.0000,0.0000,0.0000,0.0101,0.0001,200,18.9116
0.0095,0.0000,0.0000,0.0000,0.0094,0.0001,200,18.9159
0.0092,0.0000,0.0000,0.0000,0.0081,0.0010,200,18.9180
0.0110,0.0000,0.0000,0.0000,0.0108,0.0001,200,18.9186
0.0096,0.0000,0.0000,0.0000,0.0095,0.0001,200,18.9219
0.0087,0.0000,0.0000,0.0000,0.0084,0.0002,200,18.9254
0.0086,0.0000,0.0000,0.0000,0.0085,0.0001,200,18.9272
0.0077,0.0000,0.0000,0.0000,0.0075,0.0002,200,18.9296
0.0080,0.0000,0.0000,0.0000,0.0078,0.0000,200,18.9341
0.0113,0.0000,0.0000,0.0000,0.0104,0.0008,200,18.9315
0.0083,0.0000,0.0000,0.0000,0.0082,0.0001,200,18.9358
0.0090,0.0000,0.0000,0.0000,0.0076,0.0003,200,18.9373
0.0078,0.0000,0.0000,0.0000,0.0076,0.0001,200,18.9441
0.0092,0.0000,0.0000,0.0000,0.0092,0.0000,200,18.9427
0.0110,0.0000,0.0000,0.0000,0.0097,0.0013,200,18.9420
0.0095,0.0000,0.0000,0.0001,0.0090,0.0001,200,18.9462
0.0077,0.0000,0.0000,0.0000,0.0077,0.0000,200,18.9520
0.0084,0.0000,0.0000,0.0000,0.0077,0.0006,200,18.9519
0.0076,0.0000,0.0000,0.0000,0.0072,0.0003,200,18.9531
0.0085,0.0000,0.0000,0.0000,0.0084,0.0001,200,18.9558
0.0084,0.0000,0.0000,0.0000,0.0082,0.0001,200,18.9597
0.0075,0.0000,0.0000,0.0000,0.0074,0.0000,200,18.9606
0.0080,0.0000,0.0000,0.0000,0.0079,0.0000,200,18.9602
0.0078,0.0000,0.0000,0.0001,0.0076,0.0001,200,18.9643
0.0083,0.0000,0.0000,0.0000,0.0082,0.0001,200,18.9681
0.0083,0.0000,0.0000,0.0000,0.0081,0.0002,200,18.9682
0.0113,0.0000,0.0000,0.0000,0.0112,0.0001,200,18.9681
0.0078,0.0000,0.0000,0.0000,0.0077,0.0000,200,18.9721
0.0077,0.0000,0.0000,0.0000,0.0075,0.0001,200,18.9764
0.0077,0.0000,0.0000,0.0000,0.0076,0.0000,200,18.9766
0.0075,0.0000,0.0000,0.0000,0.0074,0.0001,200,18.9794
0.0098,0.0000,0.0000,0.0000,0.0096,0.0001,200,18.9799
0.0078,0.0000,0.0000,0.0000,0.0077,0.0001,200,18.9841
0.0083,0.0000,0.0000,0.0000,0.0075,0.0008,200,18.9842
0.0075,0.0000,0.0000,0.0000,0.0074,0.0001,200,18.9869
0.0084,0.0000,0.0000,0.0000,0.0083,0.0001,200,18.9896
0.0076,0.0000,0.0000,0.0000,0.0075,0.0001,200,18.9925
0.0105,0.0000,0.0000,0.0000,0.0083,0.0022,200,18.9919
0.0080,0.0000,0.0000,0.0000,0.0079,0.0000,200,18.9944
0.0083,0.0000,0.0000,0.0000,0.0082,0.0001,200,18.9980
0.0077,0.0000,0.0000,0.0000,0.0071,0.0005,200,19.0001
0.0077,0.0000,0.0000,0.0000,0.0076,0.0000,200,19.0024
0.0082,0.0000,0.0000,0.0000,0.0076,0.0005,200,19.0024
0.0088,0.0000,0.0000,0.0000,0.0087,0.0001,200,19.0063
0.0075,0.0000,0.0000,0.0000,0.0074,0.0001,200,19.0078
0.0080,0.0000,0.0000,0.0000,0.0078,0.0001,200,19.0101
0.0079,0.0000,0.0000,0.0000,0.0075,0.0004,200,19.0105
0.0081,0.0000,0.0000,0.0000,0.0080,0.0001,200,19.0153
0.0082,0.0000,0.0000,0.0000,0.0081,0.0001,200,19.0151
0.0078,0.0000,0.0000,0.0000,0.0077,0.0001,200,19.0182
0.0075,0.0000,0.0000,0.0000,0.0072,0.0003,200,19.0185
0.0085,0.0000,0.0000,0.0000,0.0075,0.0010,200,19.0234
0.0085,0.0000,0.0000,0.0000,0.0083,0.0002,200,19.0234
0.0081,0.0000,0.0000,0.0000,0.0080,0.0001,200,19.0260
0.0081,0.0000,0.0000,0.0000,0.0080,0.0001,200,19.0260
0.0075,0.0000,0.0000,0.0000,0.0074,0.0000,200,19.0319
0.0076,0.0000,0.0000,0.0000,0.0072,0.0003,200,19.0319
0.0077,0.0000,0.0000,0.0000,0.0076,0.0001,200,19.0340
0.0080,0.0000,0.0000,0.0000,0.0079,0.0001,200,19.0341
0.0079,0.0000,0.0000,0.0000,0.0073,0.0005,200,19.0394
0.0079,0.0000,0.0000,0.0000,0.0078,0.0000,200,19.0395
0.0093,0.0000,0.0000,0.0000,0.0092,0.0001,200,19.0417
0.0089,0.0000,0.0000,0.0000,0.0088,0.0001,200,19.0421
0.0075,0.0000,0.0000,0.0000,0.0074,0.0001,200,19.0474
0.0078,0.0000,0.0000,0.0000,0.0077,0.0000,200,19.0473
0.0077,0.0000,0.0000,0.0000,0.0076,0.0001,200,19.0510
0.0079,0.0000,0.0000,0.0000,0.0078,0.0000,200,19.0510
0.0074,0.0000,0.0000,0.0000,0.0073,0.0001,200,19.0549
0.0091,0.0000,0.0000,0.0000,0.0090,0.0001,200,19.0551
0.0079,0.0000,0.0000,0.0000,0.0078,0.0001,200,19.0589
0.0084,0.0000,0.0000,0.0000,0.0078,0.0005,200,19.0588
0.0081,0.0000,0.0000,0.0000,0.0080,0.0001,200,19.0623
0.0083,0.0000,0.0000,0.0000,0.0082,0.0001,200,19.0642
0.0081,0.0000,0.0000,0.0000,0.0079,0.0001,200,19.0668
0.0097,0.0000,0.0000,0.0000,0.0096,0.0001,200,19.0671
0.0091,0.0000,0.0000,0.0000,0.0090,0.0001,200,19.0705
0.0084,0.0000,0.0000,0.0000,0.0080,0.0004,200,19.0725
0.0075,0.0000,0.0000,0.0000,0.0073,0.0002,200,19.0749
0.0074,0.0000,0.0000,0.0000,0.0071,0.0002,200,19.0768
0.0083,0.0000,0.0000,0.0000,0.0082,0.0001,200,19.0796
0.0073,0.0000,0.0000,0.0000,0.0072,0.0001,200,19.0809
0.0075,0.0000,0.0000,0.0000,0.0073,0.0001,200,19.0824
0.0086,0.0000,0.0000,0.0000,0.0074,0.0012,200,19.0842
0.0078,0.0000,0.0000,0.0000,0.0077,0.0000,200,19.0883
0.0083,0.0000,0.0000,0.0000,0.0080,0.0002,200,19.0879
0.0078,0.0000,0.0000,0.0000,0.0072,0.0005,200,19.0899
0.0082,0.0000,0.0000,0.0000,0.0078,0.0003,200,19.0928
0.0079,0.0000,0.0000,0.0000,0.0078,0.0001,200,19.0960
0.0082,0.0000,0.0000,0.0000,0.0076,0.0005,200,19.0961
0.0083,0.0000,0.0000,0.0000,0.0082,0.0001,200,19.0976
0.0078,0.0000,0.0000,0.0000,0.0073,0.0005,200,19.1010
0.0072,0.0000,0.0000,0.0000,0.0070,0.0001,200,19.1043
0.0076,0.0000,0.0000,0.0001,0.0075,0.0000,200,19.1039
0.0076,0.0000,0.0000,0.0000,0.0074,0.0001,200,19.1060
0.0090,0.0000,0.0000,0.0000,0.0089,0.0001,200,19.1088
0.0077,0.0000,0.0000,0.0000,0.0075,0.0002,200,19.1115
0.0079,0.0000,0.0000,0.0000,0.0076,0.0002,200,19.1115
0.0083,0.0000,0.0000,0.0000,0.0082,0.0001,200,19.1136
0.0083,0.0000,0.0000,0.0000,0.0082,0.0001,200,19.1178
0.0070,0.0000,0.0000,0.0000,0.0068,0.0002,200,19.1193
0.0082,0.0000,0.0000,0.0000,0.0081,0.0001,200,19.1194
0.0089,0.0000,0.0000,0.0000,0.0083,0.0006,200,19.1218
0.0081,0.0000,0.0000,0.0000,0.0075,0.0005,200,19.1262
0.0082,0.0000,0.0000,0.0000,0.0077,0.0005,200,19.1261
0.0074,0.0000,0.0000,0.0000,0.0073,0.0001,200,19.1276
0.0079,0.0000,0.0000,0.0000,0.0077,0.0001,200,19.1308
0.0076,0.0000,0.0000,0.0000,0.0075,0.0001,200,19.1343
0.0071,0.0000,0.0000,0.0000,0.0071,0.0000,200,19.1350
0.0078,0.0000,0.0000,0.0000,0.0076,0.0001,200,19.1343
0.0077,0.0000,0.0000,0.0000,0.0075,0.0001,200,19.1386
0.0078,0.0000,0.0000,0.0000,0.0077,0.0001,200,19.1420
0.0078,0.0000,0.0000,0.0000,0.0078,0.0001,200,19.1421
0.0079,0.0000,0.0000,0.0000,0.0078,0.0000,200,19.1421
0.0092,0.0000,0.0000,0.0000,0.0091,0.0001,200,19.1463
0.0081,0.0000,0.0000,0.0000,0.0076,0.0005,200,19.1497
0.0080,0.0000,0.0000,0.0000,0.0080,0.0000,200,19.1499
0.0080,0.0000,0.0000,0.0000,0.0075,0.0005,200,19.1499
0.0080,0.0000,0.0000,0.0000,0.0079,0.0001,200,19.1555
0.0081,0.0000,0.0000,0.0000,0.0080,0.0001,200,19.1579
0.0083,0.0000,0.0000,0.0000,0.0082,0.0000,200,19.1579
0.0085,0.0000,0.0000,0.0000,0.0083,0.0002,200,19.1580
0.0077,0.0000,0.0000,0.0000,0.0076,0.0001,200,19.1635
0.0081,0.0000,0.0000,0.0000,0.0080,0.0001,200,19.1664
0.0087,0.0000,0.0000,0.0000,0.0083,0.0003,200,19.1660
0.0109,0.0000,0.0000,0.0000,0.0108,0.0001,200,19.1662
0.0078,0.0000,0.0000,0.0000,0.0077,0.0001,200,19.1713
0.0076,0.0000,0.0000,0.0000,0.0075,0.0001,200,19.1746
0.0083,0.0000,0.0000,0.0000,0.0079,0.0004,200,19.1747
0.0077,0.0000,0.0000,0.0000,0.0076,0.0001,200,19.1771
0.0076,0.0000,0.0000,0.0000,0.0075,0.0001,200,19.1791
0.0080,0.0000,0.0000,0.0000,0.0077,0.0003,200,19.1822
0.0089,0.0000,0.0000,0.0000,0.0088,0.0001,200,19.1830
0.0075,0.0000,0.0000,0.0000,0.0074,0.0000,200,19.1848
0.0074,0.0000,0.0000,0.0000,0.0072,0.0001,200,19.1866
0.0081,0.0000,0.0000,0.0000,0.0078,0.0003,200,19.1902
0.0085,0.0000,0.0000,0.0000,0.0084,0.0001,200,19.1920
0.0083,0.0000,0.0000,0.0000,0.0075,0.0007,200,19.1924
0.0077,0.0000,0.0000,0.0000,0.0070,0.0006,200,19.1940
0.0076,0.0000,0.0000,0.0000,0.0075,0.0001,200,19.1984
0.0078,0.0000,0.0000,0.0000,0.0076,0.0001,200,19.2007
0.0081,0.0000,0.0000,0.0000,0.0079,0.0000,200,19.2005
0.0069,0.0000,0.0000,0.0000,0.0069,0.0000,200,19.2017
0.0077,0.0000,0.0000,0.0000,0.0076,0.0001,200,19.2084
0.0077,0.0000,0.0000,0.0000,0.0076,0.0000,200,19.2086
0.0104,0.0000,0.0000,0.0000,0.0103,0.0000,200,19.2060
0.0080,0.0000,0.0000,0.0000,0.0079,0.0000,200,19.2086
0.0079,0.0000,0.0000,0.0000,0.0078,0.0000,200,19.2161
0.0083,0.0000,0.0000,0.0000,0.0076,0.0006,200,19.2163
0.0085,0.0000,0.0000,0.0000,0.0084,0.0000,200,19.2164
0.0087,0.0000,0.0000,0.0000,0.0082,0.0004,200,19.2166
0.0082,0.0000,0.0000,0.0000,0.0081,0.0001,200,19.2240
0.0081,0.0000,0.0000,0.0000,0.0076,0.0005,200,19.2246
0.0080,0.0000,0.0000,0.0000,0.0079,0.0000,200,19.2249
0.0077,0.0000,0.0000,0.0000,0.0076,0.0000,200,19.2252
0.0081,0.0000,0.0000,0.0000,0.0075,0.0006,200,19.2323
0.0101,0.0000,0.0000,0.0000,0.0074,0.0027,200,19.2329
0.0102,0.0000,0.0000,0.0000,0.0101,0.0000,200,19.2329
0.0106,0.0000,0.0000,0.0000,0.0105,0.0000,200,19.2327
0.0099,0.0000,0.0000,0.0000,0.0097,0.0001,200,19.2404
0.0090,0.0000,0.0000,0.0000,0.0088,0.0001,200,19.2430
0.0087,0.0000,0.0000,0.0000,0.0086,0.0001,200,19.2433
0.0088,0.0000,0.0000,0.0000,0.0088,0.0000,200,19.2431
0.0088,0.0000,0.0000,0.0000,0.0087,0.0001,200,19.2503
0.0078,0.0000,0.0000,0.0000,0.0074,0.0004,200,19.2520
0.0082,0.0000,0.0000,0.0000,0.0081,0.0000,200,19.2520
0.0083,0.0000,0.0000,0.0000,0.0082,0.0000,200,19.2520
0.0081,0.0000,0.0000,0.0000,0.0076,0.0004,200,19.2591
0.0076,0.0000,0.0000,0.0000,0.0073,0.0002,200,19.2602
0.0076,0.0000,0.0000,0.0000,0.0071,0.0004,200,19.2603
0.0081,0.0000,0.0000,0.0000,0.0078,0.0003,200,19.2598
0.0077,0.0000,0.0000,0.0000,0.0076,0.0001,200,19.2678
0.0086,0.0000,0.0000,0.0000,0.0079,0.0006,200,19.2672
0.0079,0.0000,0.0000,0.0000,0.0078,0.0000,200,19.2679
0.0079,0.0000,0.0000,0.0000,0.0078,0.0001,200,19.2679
0.0075,0.0000,0.0000,0.0000,0.0074,0.0000,200,19.2758
0.0078,0.0000,0.0000,0.0000,0.0077,0.0000,200,19.2755
0.0082,0.0000,0.0000,0.0000,0.0073,0.0009,200,19.2758
0.0091,0.0000,0.0000,0.0000,0.0090,0.0001,200,19.2758
0.0078,0.0000,0.0000,0.0000,0.0077,0.0001,200,19.2832
0.0080,0.0000,0.0000,0.0000,0.0076,0.0004,200,19.2833
0.0078,0.0000,0.0000,0.0000,0.0074,0.0004,200,19.2849
0.0088,0.0000,0.0000,0.0000,0.0087,0.0000,200,19.2840
0.0076,0.0000,0.0000,0.0000,0.0075,0.0001,200,19.2913
0.0079,0.0000,0.0000,0.0000,0.0077,0.0002,200,19.2910
0.0085,0.0000,0.0000,0.0000,0.0079,0.0005,200,19.2927
0.0085,0.0000,0.0000,0.0000,0.0085,0.0000,200,19.2928
0.0076,0.0000,0.0000,0.0000,0.0075,0.0001,200,19.2989
0.0086,0.0000,0.0000,0.0000,0.0079,0.0006,200,19.2989
0.0079,0.0000,0.0000,0.0000,0.0078,0.0001,200,19.3013
0.0079,0.0000,0.0000,0.0000,0.0078,0.0000,200,19.3013
0.0081,0.0000,0.0000,0.0000,0.0080,0.0001,200,19.3066
0.0073,0.0000,0.0000,0.0000,0.0072,0.0000,200,19.3075
0.0076,0.0000,0.0000,0.0000,0.0075,0.0001,200,19.3092
0.0077,0.0000,0.0000,0.0000,0.0077,0.0000,200,19.3092
0.0082,0.0000,0.0000,0.0000,0.0081,0.0001,200,19.3146
0.0082,0.0000,0.0000,0.0000,0.0080,0.0002,200,19.3148
0.0073,0.0000,0.0000,0.0000,0.0072,0.0001,200,19.3169
0.0076,0.0000,0.0000,0.0000,0.0075,0.0000,200,19.3168
0.0077,0.0000,0.0000,0.0000,0.0076,0.0001,200,19.3229
0.0081,0.0000,0.0000,0.0001,0.0075,0.0004,200,19.3230
0.0076,0.0000,0.0000,0.0000,0.0075,0.0001,200,19.3243
0.0078,0.0000,0.0000,0.0000,0.0077,0.0000,200,19.3244
0.0083,0.0000,0.0000,0.0000,0.0079,0.0004,200,19.3306
0.0075,0.0000,0.0000,0.0000,0.0074,0.0001,200,19.3318
0.0084,0.0000,0.0000,0.0000,0.0083,0.0000,200,19.3311
0.0077,0.0000,0.0000,0.0000,0.0071,0.0006,200,19.3322
0.0074,0.0000,0.0000,0.0000,0.0071,0.0003,200,19.3395
0.0075,0.0000,0.0000,0.0000,0.0073,0.0001,200,19.3399
0.0086,0.0000,0.0000,0.0000,0.0077,0.0007,200,19.3389
0.0081,0.0000,0.0000,0.0000,0.0079,0.0002,200,19.3394
0.0078,0.0000,0.0000,0.0000,0.0076,0.0001,200,19.3470
0.0077,0.0000,0.0000,0.0000,0.0076,0.0000,200,19.3474
0.0077,0.0000,0.0000,0.0000,0.0076,0.0000,200,19.3475
0.0085,0.0000,0.0000,0.0000,0.0084,0.0001,200,19.3475
0.0082,0.0000,0.0000,0.0000,0.0074,0.0008,200,19.3547
0.0079,0.0000,0.0000,0.0000,0.0074,0.0005,200,19.3551
0.0081,0.0000,0.0000,0.0000,0.0078,0.0003,200,19.3552
0.0077,0.0000,0.0000,0.0000,0.0076,0.0000,200,19.3560
0.0077,0.0000,0.0000,0.0000,0.0076,0.0000,200,19.3630
0.0078,0.0000,0.0000,0.0000,0.0074,0.0003,200,19.3630
0.0072,0.0000,0.0000,0.0000,0.0071,0.0000,200,19.3636
0.0120,0.0000,0.0000,0.0000,0.0119,0.0001,200,19.3633
0.0080,0.0000,0.0000,0.0000,0.0079,0.0001,200,19.3708
0.0082,0.0000,0.0000,0.0000,0.0081,0.0000,200,19.3706
0.0082,0.0000,0.0000,0.0000,0.0080,0.0003,200,19.3708
0.0090,0.0000,0.0000,0.0000,0.0088,0.0001,200,19.3753
0.0075,0.0000,0.0000,0.0000,0.0074,0.0001,200,19.3790
0.0079,0.0000,0.0000,0.0000,0.0078,0.0000,200,19.3788
0.0079,0.0000,0.0000,0.0000,0.0078,0.0000,200,19.3788
0.0078,0.0000,0.0000,0.0000,0.0077,0.0001,200,19.3842
0.0080,0.0000,0.0000,0.0000,0.0079,0.0001,200,19.3865
0.0079,0.0000,0.0000,0.0000,0.0078,0.0001,200,19.3867
0.0079,0.0000,0.0000,0.0000,0.0077,0.0002,200,19.3867
0.0086,0.0000,0.0000,0.0000,0.0085,0.0001,200,19.3921
0.0079,0.0000,0.0000,0.0000,0.0077,0.0001,200,19.3946
0.0079,0.0000,0.0000,0.0000,0.0078,0.0001,200,19.3946
0.0078,0.0000,0.0000,0.0000,0.0078,0.0000,200,19.3947
0.0080,0.0000,0.0000,0.0000,0.0077,0.0002,200,19.4007
0.0077,0.0000,0.0000,0.0000,0.0076,0.0000,200,19.4025
0.0083,0.0000,0.0000,0.0000,0.0075,0.0007,200,19.4024
0.0082,0.0000,0.0000,0.0000,0.0082,0.0000,200,19.4025
0.0082,0.0000,0.0000,0.0000,0.0081,0.0001,200,19.4087
0.0079,0.0000,0.0000,0.0000,0.0078,0.0001,200,19.4102
0.0080,0.0000,0.0000,0.0000,0.0074,0.0005,200,19.4107
0.0081,0.0000,0.0000,0.0000,0.0076,0.0005,200,19.4107
0.0079,0.0000,0.0000,0.0000,0.0078,0.0001,200,19.4169
0.0074,0.0000,0.0000,0.0000,0.0072,0.0002,200,19.4187
0.0091,0.0000,0.0000,0.0000,0.0086,0.0004,200,19.4188
0.0079,0.0000,0.0000,0.0000,0.0078,0.0001,200,19.4248
0.0075,0.0000,0.0000,0.0000,0.0074,0.0001,200,19.4261
0.0073,0.0000,0.0000,0.0000,0.0072,0.0001,200,19.4279
0.0074,0.0000,0.0000,0.0000,0.0073,0.0001,200,19.4327
0.0075,0.0000,0.0000,0.0000,0.0071,0.0003,200,19.4337
0.0073,0.0000,0.0000,0.0000,0.0072,0.0001,200,19.4352
0.0078,0.0000,0.0000,0.0000,0.0077,0.0001,200,19.4401
0.0073,0.0000,0.0000,0.0000,0.0072,0.0001,200,19.4412
0.0076,0.0000,0.0000,0.0000,0.0075,0.0001,200,19.4425
0.0074,0.0000,0.0000,0.0000,0.0073,0.0001,200,19.4484
0.0070,0.0000,0.0000,0.0000,0.0069,0.0001,200,19.4502
0.0104,0.0000,0.0000,0.0000,0.0101,0.0003,200,19.4479
0.0084,0.0000,0.0000,0.0000,0.0082,0.0001,200,19.4558
0.0081,0.0000,0.0000,0.0000,0.0080,0.0001,200,19.4572
0.0070,0.0000,0.0000,0.0000,0.0069,0.0000,200,19.4583
0.0080,0.0000,0.0000,0.0000,0.0077,0.0003,200,19.4653
0.0085,0.0000,0.0000,0.0000,0.0076,0.0008,200,19.4653
0.0074,0.0000,0.0000,0.0000,0.0073,0.0001,200,19.4733
