response-time,DNS+dialup,DNS,Request-write,Response-delay,Response-read,status-code,offset
0.0111,0.0001,0.0000,0.0001,0.0106,0.0001,200,0.0002
0.0112,0.0001,0.0000,0.0000,0.0109,0.0000,200,0.0003
0.0138,0.0003,0.0001,0.0001,0.0133,0.0001,200,0.0001
0.0137,0.0002,0.0001,0.0000,0.0133,0.0001,200,0.0002
0.0124,0.0000,0.0000,0.0000,0.0123,0.0000,200,0.0113
0.0123,0.0000,0.0000,0.0000,0.0123,0.0001,200,0.0114
0.0126,0.0000,0.0000,0.0000,0.0125,0.0001,200,0.0139
0.0129,0.0000,0.0000,0.0000,0.0129,0.0000,200,0.0139
0.0111,0.0000,0.0000,0.0000,0.0111,0.0000,200,0.0237
0.0111,0.0000,0.0000,0.0000,0.0111,0.0000,200,0.0237
0.0412,0.0000,0.0000,0.0000,0.0411,0.0001,200,0.0265
0.0409,0.0000,0.0000,0.0000,0.0408,0.0000,200,0.0268
0.0328,0.0000,0.0000,0.0000,0.0328,0.0000,200,0.0349
0.0329,0.0000,0.0000,0.0000,0.0328,0.0000,200,0.0349
0.0060,0.0000,0.0000,0.0000,0.0059,0.0000,200,0.0677
0.0059,0.0000,0.0000,0.0000,0.0058,0.0000,200,0.0678
0.0060,0.0000,0.0000,0.0000,0.0060,0.0000,200,0.0677
0.0060,0.0000,0.0000,0.0000,0.0060,0.0000,200,0.0677
0.0058,0.0000,0.0000,0.0000,0.0058,0.0000,200,0.0737
0.0058,0.0000,0.0000,0.0000,0.0057,0.0000,200,0.0737
0.0058,0.0000,0.0000,0.0000,0.0058,0.0000,200,0.0737
0.0059,0.0000,0.0000,0.0000,0.0059,0.0000,200,0.0737
0.0064,0.0000,0.0000,0.0000,0.0062,0.0002,200,0.0795
0.0064,0.0000,0.0000,0.0000,0.0064,0.0000,200,0.0796
0.0065,0.0000,0.0000,0.0000,0.0065,0.0000,200,0.0795
0.0066,0.0000,0.0000,0.0000,0.0065,0.0001,200,0.0795
0.0062,0.0000,0.0000,0.0000,0.0061,0.0000,200,0.0861
0.0061,0.0000,0.0000,0.0000,0.0061,0.0000,200,0.0861
0.0063,0.0000,0.0000,0.0000,0.0062,0.0000,200,0.0859
0.0063,0.0000,0.0000,0.0000,0.0063,0.0000,200,0.0860
0.0060,0.0000,0.0000,0.0000,0.0059,0.0000,200,0.0923
0.0059,0.0000,0.0000,0.0000,0.0058,0.0000,200,0.0924
0.0060,0.0000,0.0000,0.0000,0.0060,0.0000,200,0.0923
0.0061,0.0000,0.0000,0.0000,0.0060,0.0000,200,0.0923
0.0061,0.0000,0.0000,0.0000,0.0060,0.0000,200,0.0983
0.0061,0.0000,0.0000,0.0000,0.0061,0.0000,200,0.0983
0.0070,0.0000,0.0000,0.0000,0.0069,0.0000,200,0.0983
0.0072,0.0000,0.0000,0.0000,0.0071,0.0000,200,0.0982
0.0060,0.0000,0.0000,0.0000,0.0059,0.0000,200,0.1044
0.0060,0.0000,0.0000,0.0000,0.0060,0.0000,200,0.1044
0.0058,0.0000,0.0000,0.0000,0.0058,0.0000,200,0.1054
0.0061,0.0000,0.0000,0.0000,0.0061,0.0000,200,0.1053
0.0062,0.0000,0.0000,0.0000,0.0061,0.0001,200,0.1104
0.0063,0.0000,0.0000,0.0000,0.0061,0.0001,200,0.1104
0.0061,0.0000,0.0000,0.0000,0.0060,0.0001,200,0.1112
0.0062,0.0000,0.0000,0.0000,0.0061,0.0001,200,0.1114
0.0069,0.0000,0.0000,0.0000,0.0065,0.0004,200,0.1166
0.0068,0.0000,0.0000,0.0000,0.0068,0.0000,200,0.1173
0.0066,0.0000,0.0000,0.0000,0.0066,0.0000,200,0.1176
0.0101,0.0000,0.0000,0.0000,0.0099,0.0001,200,0.1166
0.0068,0.0000,0.0000,0.0000,0.0067,0.0000,200,0.1242
0.0069,0.0000,0.0000,0.0000,0.0068,0.0000,200,0.1242
0.0076,0.0000,0.0000,0.0000,0.0075,0.0000,200,0.1236
0.0070,0.0000,0.0000,0.0000,0.0069,0.0001,200,0.1267
0.0068,0.0000,0.0000,0.0000,0.0068,0.0000,200,0.1312
0.0069,0.0000,0.0000,0.0001,0.0068,0.0000,200,0.1310
0.0069,0.0000,0.0000,0.0000,0.0068,0.0001,200,0.1311
0.0062,0.0000,0.0000,0.0000,0.0061,0.0001,200,0.1337
0.0065,0.0000,0.0000,0.0000,0.0064,0.0000,200,0.1380
0.0065,0.0000,0.0000,0.0000,0.0065,0.0000,200,0.1380
0.0070,0.0000,0.0000,0.0000,0.0069,0.0000,200,0.1380
0.0061,0.0000,0.0000,0.0000,0.0060,0.0000,200,0.1398
0.0062,0.0000,0.0000,0.0000,0.0061,0.0001,200,0.1445
0.0063,0.0000,0.0000,0.0000,0.0062,0.0000,200,0.1445
0.0060,0.0000,0.0000,0.0000,0.0059,0.0000,200,0.1450
0.0060,0.0000,0.0000,0.0000,0.0059,0.0000,200,0.1459
0.0062,0.0000,0.0000,0.0000,0.0061,0.0000,200,0.1507
0.0061,0.0000,0.0000,0.0000,0.0061,0.0000,200,0.1509
0.0063,0.0000,0.0000,0.0000,0.0063,0.0000,200,0.1507
0.0060,0.0000,0.0000,0.0000,0.0059,0.0000,200,0.1519
0.0063,0.0000,0.0000,0.0000,0.0062,0.0000,200,0.1571
0.0064,0.0000,0.0000,0.0000,0.0063,0.0000,200,0.1570
0.0063,0.0000,0.0000,0.0000,0.0062,0.0000,200,0.1571
0.0068,0.0000,0.0000,0.0000,0.0067,0.0000,200,0.1579
0.0064,0.0000,0.0000,0.0000,0.0064,0.0001,200,0.1634
0.0065,0.0000,0.0000,0.0000,0.0064,0.0000,200,0.1633
0.0065,0.0000,0.0000,0.0000,0.0064,0.0000,200,0.1634
0.0063,0.0000,0.0000,0.0000,0.0062,0.0000,200,0.1647
0.0065,0.0000,0.0000,0.0000,0.0065,0.0000,200,0.1698
0.0067,0.0000,0.0000,0.0000,0.0066,0.0000,200,0.1699
0.0068,0.0000,0.0000,0.0000,0.0067,0.0000,200,0.1698
0.0062,0.0000,0.0000,0.0001,0.0060,0.0000,200,0.1710
0.0068,0.0000,0.0000,0.0000,0.0066,0.0001,200,0.1766
0.0071,0.0000,0.0000,0.0000,0.0069,0.0002,200,0.1764
0.0070,0.0000,0.0000,0.0000,0.0067,0.0002,200,0.1766
0.0069,0.0000,0.0000,0.0000,0.0068,0.0000,200,0.1772
0.0066,0.0000,0.0000,0.0000,0.0065,0.0001,200,0.1835
0.0071,0.0000,0.0000,0.0000,0.0071,0.0000,200,0.1835
0.0065,0.0000,0.0000,0.0000,0.0064,0.0000,200,0.1841
0.0075,0.0000,0.0000,0.0000,0.0074,0.0000,200,0.1834
0.0065,0.0000,0.0000,0.0000,0.0064,0.0001,200,0.1901
0.0067,0.0000,0.0000,0.0000,0.0066,0.0000,200,0.1906
0.0064,0.0000,0.0000,0.0000,0.0063,0.0000,200,0.1909
0.0067,0.0000,0.0000,0.0000,0.0066,0.0000,200,0.1906
0.0074,0.0000,0.0000,0.0000,0.0073,0.0001,200,0.1973
0.0074,0.0000,0.0000,0.0001,0.0072,0.0001,200,0.1973
0.0084,0.0000,0.0000,0.0000,0.0083,0.0001,200,0.1966
0.0077,0.0000,0.0000,0.0000,0.0075,0.0002,200,0.1973
0.0064,0.0000,0.0000,0.0000,0.0063,0.0001,200,0.2050
0.0064,0.0000,0.0000,0.0000,0.0063,0.0000,200,0.2050
0.0068,0.0000,0.0000,0.0000,0.0067,0.0000,200,0.2046
0.0069,0.0000,0.0000,0.0000,0.0068,0.0000,200,0.2046
0.0065,0.0000,0.0000,0.0000,0.0064,0.0000,200,0.2116
0.0066,0.0000,0.0000,0.0000,0.0066,0.0000,200,0.2114
0.0066,0.0000,0.0000,0.0000,0.0064,0.0001,200,0.2114
0.0067,0.0000,0.0000,0.0000,0.0067,0.0000,200,0.2114
0.0065,0.0000,0.0000,0.0000,0.0064,0.0001,200,0.2180
0.0065,0.0000,0.0000,0.0000,0.0065,0.0000,200,0.2180
0.0065,0.0000,0.0000,0.0000,0.0065,0.0000,200,0.2181
0.0066,0.0000,0.0000,0.0000,0.0065,0.0001,200,0.2180
0.0064,0.0000,0.0000,0.0000,0.0063,0.0001,200,0.2245
0.0063,0.0000,0.0000,0.0000,0.0062,0.0000,200,0.2246
0.0063,0.0000,0.0000,0.0000,0.0062,0.0000,200,0.2246
0.0070,0.0000,0.0000,0.0000,0.0069,0.0000,200,0.2245
0.0064,0.0000,0.0000,0.0000,0.0063,0.0001,200,0.2309
0.0064,0.0000,0.0000,0.0000,0.0063,0.0000,200,0.2309
0.0065,0.0000,0.0000,0.0000,0.0064,0.0000,200,0.2309
0.0065,0.0000,0.0000,0.0000,0.0064,0.0000,200,0.2315
0.0067,0.0000,0.0000,0.0000,0.0065,0.0002,200,0.2373
0.0067,0.0000,0.0000,0.0000,0.0066,0.0000,200,0.2373
0.0067,0.0000,0.0000,0.0000,0.0066,0.0000,200,0.2374
0.0061,0.0000,0.0000,0.0000,0.0060,0.0000,200,0.2380
0.0065,0.0000,0.0000,0.0000,0.0064,0.0000,200,0.2440
0.0065,0.0000,0.0000,0.0000,0.0064,0.0001,200,0.2441
0.0067,0.0000,0.0000,0.0000,0.0066,0.0000,200,0.2440
0.0077,0.0000,0.0000,0.0000,0.0076,0.0000,200,0.2440
0.0064,0.0000,0.0000,0.0000,0.0064,0.0000,200,0.2505
0.0065,0.0000,0.0000,0.0000,0.0064,0.0000,200,0.2505
0.0064,0.0000,0.0000,0.0000,0.0061,0.0003,200,0.2507
0.0061,0.0000,0.0000,0.0000,0.0060,0.0000,200,0.2517
0.0064,0.0000,0.0000,0.0000,0.0063,0.0001,200,0.2571
0.0066,0.0000,0.0000,0.0000,0.0066,0.0000,200,0.2570
0.0067,0.0000,0.0000,0.0000,0.0066,0.0000,200,0.2570
0.0062,0.0000,0.0000,0.0000,0.0062,0.0000,200,0.2578
0.0068,0.0000,0.0000,0.0000,0.0066,0.0000,200,0.2634
0.0065,0.0000,0.0000,0.0000,0.0064,0.0001,200,0.2637
0.0062,0.0000,0.0000,0.0000,0.0061,0.0000,200,0.2641
0.0066,0.0000,0.0000,0.0000,0.0065,0.0000,200,0.2637
0.0062,0.0000,0.0000,0.0000,0.0061,0.0001,200,0.2702
0.0062,0.0000,0.0000,0.0000,0.0062,0.0000,200,0.2702
0.0062,0.0000,0.0000,0.0000,0.0061,0.0000,200,0.2702
0.0062,0.0000,0.0000,0.0000,0.0062,0.0000,200,0.2702
0.0063,0.0000,0.0000,0.0000,0.0063,0.0000,200,0.2764
0.0064,0.0000,0.0000,0.0000,0.0063,0.0000,200,0.2764
0.0064,0.0000,0.0000,0.0000,0.0063,0.0000,200,0.2764
0.0064,0.0000,0.0000,0.0000,0.0063,0.0001,200,0.2764
0.0064,0.0000,0.0000,0.0000,0.0063,0.0000,200,0.2828
0.0064,0.0000,0.0000,0.0000,0.0063,0.0000,200,0.2828
0.0065,0.0000,0.0000,0.0000,0.0064,0.0000,200,0.2828
0.0067,0.0000,0.0000,0.0000,0.0066,0.0001,200,0.2828
0.0062,0.0000,0.0000,0.0000,0.0061,0.0001,200,0.2893
0.0063,0.0000,0.0000,0.0000,0.0062,0.0001,200,0.2892
0.0061,0.0000,0.0000,0.0000,0.0060,0.0000,200,0.2895
0.0070,0.0000,0.0000,0.0000,0.0069,0.0000,200,0.2892
0.0065,0.0000,0.0000,0.0000,0.0064,0.0001,200,0.2955
0.0065,0.0000,0.0000,0.0000,0.0064,0.0000,200,0.2955
0.0065,0.0000,0.0000,0.0000,0.0064,0.0000,200,0.2956
0.0061,0.0000,0.0000,0.0000,0.0061,0.0000,200,0.2962
0.0064,0.0000,0.0000,0.0000,0.0063,0.0001,200,0.3019
0.0065,0.0000,0.0000,0.0000,0.0064,0.0000,200,0.3019
0.0063,0.0000,0.0000,0.0000,0.0062,0.0000,200,0.3021
0.0063,0.0000,0.0000,0.0000,0.0062,0.0000,200,0.3023
0.0064,0.0000,0.0000,0.0000,0.0063,0.0001,200,0.3084
0.0064,0.0000,0.0000,0.0000,0.0063,0.0000,200,0.3083
0.0065,0.0000,0.0000,0.0000,0.0064,0.0000,200,0.3084
0.0075,0.0000,0.0000,0.0004,0.0070,0.0000,200,0.3086
0.0064,0.0000,0.0000,0.0000,0.0063,0.0001,200,0.3147
0.0065,0.0000,0.0000,0.0000,0.0064,0.0000,200,0.3148
0.0067,0.0000,0.0000,0.0000,0.0066,0.0000,200,0.3148
0.0062,0.0000,0.0000,0.0000,0.0062,0.0000,200,0.3161
0.0063,0.0000,0.0000,0.0000,0.0062,0.0001,200,0.3212
0.0064,0.0000,0.0000,0.0000,0.0063,0.0000,200,0.3211
0.0063,0.0000,0.0000,0.0000,0.0063,0.0000,200,0.3215
0.0061,0.0000,0.0000,0.0000,0.0060,0.0000,200,0.3223
0.0066,0.0000,0.0000,0.0000,0.0065,0.0000,200,0.3275
0.0066,0.0000,0.0000,0.0000,0.0065,0.0000,200,0.3275
0.0064,0.0000,0.0000,0.0000,0.0063,0.0000,200,0.3279
0.0060,0.0000,0.0000,0.0000,0.0059,0.0000,200,0.3284
0.0062,0.0000,0.0000,0.0000,0.0062,0.0001,200,0.3342
0.0062,0.0000,0.0000,0.0000,0.0061,0.0000,200,0.3344
0.0065,0.0000,0.0000,0.0000,0.0064,0.0000,200,0.3341
0.0065,0.0000,0.0000,0.0000,0.0064,0.0000,200,0.3341
0.0066,0.0000,0.0000,0.0000,0.0065,0.0000,200,0.3405
0.0065,0.0000,0.0000,0.0000,0.0064,0.0000,200,0.3406
0.0066,0.0000,0.0000,0.0000,0.0065,0.0000,200,0.3406
0.0066,0.0000,0.0000,0.0000,0.0065,0.0000,200,0.3406
0.0064,0.0000,0.0000,0.0000,0.0063,0.0001,200,0.3471
0.0065,0.0000,0.0000,0.0000,0.0064,0.0001,200,0.3471
0.0065,0.0000,0.0000,0.0000,0.0064,0.0000,200,0.3471
0.0066,0.0000,0.0000,0.0000,0.0065,0.0000,200,0.3471
0.0064,0.0000,0.0000,0.0000,0.0063,0.0001,200,0.3536
0.0063,0.0000,0.0000,0.0000,0.0063,0.0000,200,0.3537
0.0064,0.0000,0.0000,0.0000,0.0063,0.0001,200,0.3536
0.0065,0.0000,0.0000,0.0000,0.0064,0.0000,200,0.3536
0.0064,0.0000,0.0000,0.0000,0.0063,0.0001,200,0.3600
0.0066,0.0000,0.0000,0.0000,0.0065,0.0000,200,0.3600
0.0066,0.0000,0.0000,0.0000,0.0065,0.0000,200,0.3600
0.0065,0.0000,0.0000,0.0000,0.0065,0.0000,200,0.3601
0.0062,0.0000,0.0000,0.0000,0.0061,0.0000,200,0.3666
0.0062,0.0000,0.0000,0.0000,0.0062,0.0000,200,0.3666
0.0064,0.0000,0.0000,0.0000,0.0063,0.0001,200,0.3664
0.0062,0.0000,0.0000,0.0000,0.0062,0.0001,200,0.3666
0.0062,0.0000,0.0000,0.0000,0.0061,0.0001,200,0.3728
0.0062,0.0000,0.0000,0.0000,0.0061,0.0000,200,0.3728
0.0062,0.0000,0.0000,0.0000,0.0061,0.0001,200,0.3728
0.0062,0.0000,0.0000,0.0000,0.0061,0.0000,200,0.3728
0.0063,0.0000,0.0000,0.0000,0.0061,0.0000,200,0.3790
0.0063,0.0000,0.0000,0.0000,0.0061,0.0001,200,0.3790
0.0063,0.0000,0.0000,0.0000,0.0062,0.0000,200,0.3790
0.0063,0.0000,0.0000,0.0000,0.0061,0.0001,200,0.3790
0.0063,0.0000,0.0000,0.0000,0.0063,0.0000,200,0.3852
0.0064,0.0000,0.0000,0.0000,0.0063,0.0000,200,0.3853
0.0064,0.0000,0.0000,0.0000,0.0063,0.0000,200,0.3853
0.0064,0.0000,0.0000,0.0000,0.0064,0.0000,200,0.3852
0.0063,0.0000,0.0000,0.0000,0.0062,0.0001,200,0.3916
0.0064,0.0000,0.0000,0.0000,0.0063,0.0000,200,0.3917
0.0064,0.0000,0.0000,0.0000,0.0063,0.0000,200,0.3917
0.0064,0.0000,0.0000,0.0000,0.0063,0.0000,200,0.3917
0.0065,0.0000,0.0000,0.0000,0.0065,0.0000,200,0.3980
0.0067,0.0000,0.0000,0.0000,0.0066,0.0000,200,0.3978
0.0065,0.0000,0.0000,0.0000,0.0064,0.0000,200,0.3980
0.0065,0.0000,0.0000,0.0000,0.0064,0.0001,200,0.3980
0.0064,0.0000,0.0000,0.0000,0.0063,0.0001,200,0.4046
0.0064,0.0000,0.0000,0.0000,0.0064,0.0000,200,0.4046
0.0065,0.0000,0.0000,0.0000,0.0064,0.0000,200,0.4046
0.0065,0.0000,0.0000,0.0000,0.0064,0.0000,200,0.4046
0.0065,0.0000,0.0000,0.0000,0.0064,0.0001,200,0.4110
0.0065,0.0000,0.0000,0.0000,0.0064,0.0001,200,0.4110
0.0065,0.0000,0.0000,0.0000,0.0064,0.0001,200,0.4110
0.0067,0.0000,0.0000,0.0000,0.0064,0.0003,200,0.4110
0.0064,0.0000,0.0000,0.0000,0.0063,0.0001,200,0.4177
0.0066,0.0000,0.0000,0.0000,0.0065,0.0000,200,0.4176
0.0075,0.0000,0.0000,0.0000,0.0074,0.0000,200,0.4176
0.0077,0.0000,0.0000,0.0001,0.0075,0.0000,200,0.4176
0.0073,0.0000,0.0000,0.0000,0.0072,0.0001,200,0.4241
0.0072,0.0000,0.0000,0.0000,0.0071,0.0000,200,0.4242
0.0069,0.0000,0.0000,0.0000,0.0069,0.0000,200,0.4253
0.0078,0.0000,0.0000,0.0000,0.0077,0.0000,200,0.4252
0.0063,0.0000,0.0000,0.0000,0.0062,0.0001,200,0.4313
0.0073,0.0000,0.0000,0.0000,0.0073,0.0000,200,0.4314
0.0067,0.0000,0.0000,0.0000,0.0066,0.0000,200,0.4322
0.0067,0.0000,0.0000,0.0000,0.0062,0.0005,200,0.4330
0.0063,0.0000,0.0000,0.0000,0.0062,0.0000,200,0.4377
0.0061,0.0000,0.0000,0.0000,0.0060,0.0000,200,0.4389
0.0063,0.0000,0.0000,0.0000,0.0062,0.0000,200,0.4387
0.0061,0.0000,0.0000,0.0000,0.0061,0.0000,200,0.4397
0.0066,0.0000,0.0000,0.0000,0.0065,0.0001,200,0.4439
0.0061,0.0000,0.0000,0.0000,0.0060,0.0000,200,0.4450
0.0062,0.0000,0.0000,0.0000,0.0062,0.0000,200,0.4450
0.0060,0.0000,0.0000,0.0000,0.0060,0.0000,200,0.4458
0.0063,0.0000,0.0000,0.0000,0.0063,0.0000,200,0.4506
0.0060,0.0000,0.0000,0.0000,0.0060,0.0000,200,0.4512
0.0066,0.0000,0.0000,0.0000,0.0066,0.0000,200,0.4511
0.0060,0.0000,0.0000,0.0000,0.0059,0.0000,200,0.4518
0.0064,0.0000,0.0000,0.0000,0.0063,0.0001,200,0.4569
0.0065,0.0000,0.0000,0.0000,0.0065,0.0000,200,0.4573
0.0061,0.0000,0.0000,0.0000,0.0061,0.0000,200,0.4577
0.0061,0.0000,0.0000,0.0000,0.0060,0.0000,200,0.4578
0.0066,0.0000,0.0000,0.0000,0.0064,0.0001,200,0.4633
0.0063,0.0000,0.0000,0.0000,0.0060,0.0001,200,0.4638
0.0064,0.0000,0.0000,0.0000,0.0063,0.0000,200,0.4638
0.0064,0.0000,0.0000,0.0000,0.0064,0.0000,200,0.4639
0.0064,0.0000,0.0000,0.0000,0.0063,0.0000,200,0.4698
0.0062,0.0000,0.0000,0.0000,0.0061,0.0000,200,0.4700
0.0061,0.0000,0.0000,0.0000,0.0061,0.0000,200,0.4703
0.0064,0.0000,0.0000,0.0000,0.0064,0.0000,200,0.4702
0.0063,0.0000,0.0000,0.0000,0.0062,0.0001,200,0.4762
0.0065,0.0000,0.0000,0.0000,0.0064,0.0000,200,0.4766
0.0067,0.0000,0.0000,0.0000,0.0067,0.0000,200,0.4764
0.0069,0.0000,0.0000,0.0000,0.0069,0.0000,200,0.4762
0.0062,0.0000,0.0000,0.0000,0.0062,0.0000,200,0.4833
0.0069,0.0000,0.0000,0.0000,0.0068,0.0001,200,0.4826
0.0063,0.0000,0.0000,0.0001,0.0061,0.0000,200,0.4832
0.0094,0.0000,0.0000,0.0000,0.0093,0.0000,200,0.4832
0.0062,0.0000,0.0000,0.0000,0.0062,0.0000,200,0.4895
0.0062,0.0000,0.0000,0.0000,0.0062,0.0000,200,0.4895
0.0064,0.0000,0.0000,0.0000,0.0063,0.0000,200,0.4895
0.0063,0.0000,0.0000,0.0000,0.0062,0.0001,200,0.4926
0.0061,0.0000,0.0000,0.0000,0.0061,0.0001,200,0.4957
0.0064,0.0000,0.0000,0.0000,0.0064,0.0000,200,0.4957
0.0064,0.0000,0.0000,0.0000,0.0063,0.0000,200,0.4958
0.0061,0.0000,0.0000,0.0000,0.0060,0.0000,200,0.4989
0.0063,0.0000,0.0000,0.0000,0.0062,0.0001,200,0.5018
0.0060,0.0000,0.0000,0.0000,0.0060,0.0000,200,0.5021
0.0062,0.0000,0.0000,0.0000,0.0061,0.0000,200,0.5022
0.0062,0.0000,0.0000,0.0000,0.0061,0.0000,200,0.5049
0.0064,0.0000,0.0000,0.0000,0.0062,0.0001,200,0.5082
0.0064,0.0000,0.0000,0.0000,0.0063,0.0000,200,0.5082
0.0062,0.0000,0.0000,0.0000,0.0062,0.0000,200,0.5084
0.0061,0.0000,0.0000,0.0000,0.0060,0.0001,200,0.5111
0.0064,0.0000,0.0000,0.0000,0.0063,0.0001,200,0.5146
0.0064,0.0000,0.0000,0.0000,0.0063,0.0000,200,0.5146
0.0065,0.0000,0.0000,0.0000,0.0064,0.0000,200,0.5146
0.0063,0.0000,0.0000,0.0000,0.0062,0.0000,200,0.5172
0.0062,0.0000,0.0000,0.0000,0.0062,0.0000,200,0.5210
0.0062,0.0000,0.0000,0.0000,0.0061,0.0000,200,0.5210
0.0062,0.0000,0.0000,0.0000,0.0062,0.0000,200,0.5210
0.0075,0.0000,0.0000,0.0000,0.0074,0.0001,200,0.5235
0.0062,0.0000,0.0000,0.0000,0.0061,0.0001,200,0.5272
0.0062,0.0000,0.0000,0.0000,0.0062,0.0000,200,0.5272
0.0064,0.0000,0.0000,0.0000,0.0063,0.0000,200,0.5272
0.0065,0.0000,0.0000,0.0000,0.0064,0.0001,200,0.5310
0.0062,0.0000,0.0000,0.0000,0.0061,0.0000,200,0.5334
0.0061,0.0000,0.0000,0.0000,0.0060,0.0000,200,0.5336
0.0076,0.0000,0.0000,0.0000,0.0075,0.0001,200,0.5335
0.0062,0.0000,0.0000,0.0000,0.0062,0.0000,200,0.5376
0.0072,0.0000,0.0000,0.0000,0.0071,0.0001,200,0.5397
0.0073,0.0000,0.0000,0.0000,0.0073,0.0000,200,0.5397
0.0066,0.0000,0.0000,0.0000,0.0065,0.0000,200,0.5411
0.0062,0.0000,0.0000,0.0000,0.0061,0.0001,200,0.5438
0.0066,0.0000,0.0000,0.0000,0.0066,0.0000,200,0.5469
0.0066,0.0000,0.0000,0.0000,0.0065,0.0001,200,0.5470
0.0066,0.0000,0.0000,0.0000,0.0065,0.0000,200,0.5477
0.0062,0.0000,0.0000,0.0000,0.0062,0.0000,200,0.5500
0.0064,0.0000,0.0000,0.0000,0.0063,0.0000,200,0.5536
0.0064,0.0000,0.0000,0.0000,0.0064,0.0000,200,0.5536
0.0061,0.0000,0.0000,0.0000,0.0060,0.0000,200,0.5542
0.0061,0.0000,0.0000,0.0000,0.0060,0.0000,200,0.5562
0.0063,0.0000,0.0000,0.0000,0.0062,0.0000,200,0.5600
0.0062,0.0000,0.0000,0.0000,0.0062,0.0000,200,0.5600
0.0063,0.0000,0.0000,0.0000,0.0062,0.0001,200,0.5604
0.0061,0.0000,0.0000,0.0000,0.0060,0.0000,200,0.5623
0.0064,0.0000,0.0000,0.0000,0.0063,0.0001,200,0.5662
0.0064,0.0000,0.0000,0.0000,0.0063,0.0001,200,0.5662
0.0061,0.0000,0.0000,0.0000,0.0060,0.0000,200,0.5667
0.0059,0.0000,0.0000,0.0000,0.0059,0.0000,200,0.5684
0.0062,0.0000,0.0000,0.0000,0.0061,0.0000,200,0.5727
0.0063,0.0000,0.0000,0.0000,0.0062,0.0000,200,0.5726
0.0063,0.0000,0.0000,0.0000,0.0062,0.0000,200,0.5726
0.0060,0.0000,0.0000,0.0000,0.0059,0.0000,200,0.5743
0.0065,0.0000,0.0000,0.0000,0.0064,0.0000,200,0.5789
0.0065,0.0000,0.0000,0.0000,0.0064,0.0000,200,0.5789
0.0066,0.0000,0.0000,0.0000,0.0065,0.0000,200,0.5789
0.0062,0.0000,0.0000,0.0000,0.0061,0.0000,200,0.5803
0.0062,0.0000,0.0000,0.0000,0.0061,0.0000,200,0.5854
0.0062,0.0000,0.0000,0.0000,0.0061,0.0000,200,0.5855
0.0064,0.0000,0.0000,0.0000,0.0063,0.0000,200,0.5854
0.0064,0.0000,0.0000,0.0000,0.0060,0.0000,200,0.5865
0.0063,0.0000,0.0000,0.0000,0.0062,0.0000,200,0.5916
0.0063,0.0000,0.0000,0.0000,0.0062,0.0000,200,0.5916
0.0061,0.0000,0.0000,0.0000,0.0061,0.0000,200,0.5918
0.0062,0.0000,0.0000,0.0000,0.0062,0.0000,200,0.5929
0.0063,0.0000,0.0000,0.0000,0.0062,0.0000,200,0.5979
0.0063,0.0000,0.0000,0.0000,0.0062,0.0000,200,0.5979
0.0065,0.0000,0.0000,0.0000,0.0065,0.0001,200,0.5979
0.0074,0.0000,0.0000,0.0000,0.0073,0.0001,200,0.5991
0.0062,0.0000,0.0000,0.0000,0.0061,0.0001,200,0.6042
0.0062,0.0000,0.0000,0.0000,0.0062,0.0000,200,0.6042
0.0061,0.0000,0.0000,0.0000,0.0061,0.0000,200,0.6044
0.0061,0.0000,0.0000,0.0000,0.0060,0.0000,200,0.6065
0.0063,0.0000,0.0000,0.0000,0.0062,0.0001,200,0.6105
0.0063,0.0000,0.0000,0.0000,0.0063,0.0000,200,0.6105
0.0064,0.0000,0.0000,0.0000,0.0063,0.0000,200,0.6104
0.0064,0.0000,0.0000,0.0000,0.0062,0.0001,200,0.6126
0.0064,0.0000,0.0000,0.0000,0.0063,0.0000,200,0.6168
0.0064,0.0000,0.0000,0.0000,0.0064,0.0000,200,0.6168
0.0065,0.0000,0.0000,0.0000,0.0064,0.0000,200,0.6168
0.0066,0.0000,0.0000,0.0000,0.0063,0.0000,200,0.6190
0.0061,0.0000,0.0000,0.0000,0.0060,0.0001,200,0.6232
0.0062,0.0000,0.0000,0.0000,0.0062,0.0000,200,0.6233
0.0062,0.0000,0.0000,0.0000,0.0062,0.0000,200,0.6233
0.0063,0.0000,0.0000,0.0000,0.0062,0.0001,200,0.6256
0.0064,0.0000,0.0000,0.0000,0.0063,0.0001,200,0.6294
0.0064,0.0000,0.0000,0.0000,0.0063,0.0000,200,0.6295
0.0067,0.0000,0.0000,0.0000,0.0066,0.0000,200,0.6295
0.0081,0.0000,0.0000,0.0000,0.0081,0.0001,200,0.6319
0.0064,0.0000,0.0000,0.0000,0.0063,0.0000,200,0.6358
0.0063,0.0000,0.0000,0.0000,0.0062,0.0000,200,0.6359
0.0060,0.0000,0.0000,0.0000,0.0060,0.0000,200,0.6362
0.0063,0.0000,0.0000,0.0000,0.0062,0.0000,200,0.6401
0.0065,0.0000,0.0000,0.0000,0.0065,0.0000,200,0.6422
0.0065,0.0000,0.0000,0.0000,0.0065,0.0000,200,0.6422
0.0066,0.0000,0.0000,0.0000,0.0065,0.0000,200,0.6422
0.0066,0.0000,0.0000,0.0000,0.0065,0.0000,200,0.6463
0.0063,0.0000,0.0000,0.0000,0.0062,0.0000,200,0.6487
0.0063,0.0000,0.0000,0.0000,0.0062,0.0000,200,0.6487
0.0067,0.0000,0.0000,0.0000,0.0066,0.0000,200,0.6487
0.0075,0.0000,0.0000,0.0000,0.0074,0.0001,200,0.6529
0.0061,0.0000,0.0000,0.0000,0.0060,0.0000,200,0.6550
0.0062,0.0000,0.0000,0.0000,0.0061,0.0000,200,0.6550
0.0061,0.0000,0.0000,0.0000,0.0061,0.0000,200,0.6554
0.0066,0.0000,0.0000,0.0000,0.0065,0.0001,200,0.6605
0.0060,0.0000,0.0000,0.0000,0.0059,0.0000,200,0.6615
0.0063,0.0000,0.0000,0.0000,0.0062,0.0000,200,0.6612
0.0064,0.0000,0.0000,0.0000,0.0064,0.0000,200,0.6611
0.0066,0.0000,0.0000,0.0000,0.0064,0.0001,200,0.6671
0.0062,0.0000,0.0000,0.0000,0.0061,0.0000,200,0.6675
0.0062,0.0000,0.0000,0.0000,0.0061,0.0000,200,0.6675
0.0063,0.0000,0.0000,0.0000,0.0063,0.0000,200,0.6675
0.0064,0.0000,0.0000,0.0000,0.0063,0.0000,200,0.6737
0.0064,0.0000,0.0000,0.0000,0.0063,0.0000,200,0.6737
0.0062,0.0000,0.0000,0.0000,0.0061,0.0001,200,0.6739
0.0065,0.0000,0.0000,0.0000,0.0064,0.0001,200,0.6736
0.0064,0.0000,0.0000,0.0000,0.0063,0.0001,200,0.6801
0.0066,0.0000,0.0000,0.0000,0.0065,0.0000,200,0.6801
0.0066,0.0000,0.0000,0.0000,0.0065,0.0000,200,0.6801
0.0066,0.0000,0.0000,0.0000,0.0066,0.0000,200,0.6801
0.0063,0.0000,0.0000,0.0000,0.0062,0.0001,200,0.6867
0.0063,0.0000,0.0000,0.0000,0.0063,0.0000,200,0.6867
0.0065,0.0000,0.0000,0.0000,0.0064,0.0001,200,0.6866
0.0064,0.0000,0.0000,0.0000,0.0063,0.0001,200,0.6867
0.0064,0.0000,0.0000,0.0000,0.0063,0.0000,200,0.6931
0.0064,0.0000,0.0000,0.0000,0.0063,0.0001,200,0.6931
0.0064,0.0000,0.0000,0.0000,0.0064,0.0000,200,0.6931
0.0064,0.0000,0.0000,0.0000,0.0063,0.0001,200,0.6931
0.0064,0.0000,0.0000,0.0000,0.0063,0.0001,200,0.6995
0.0065,0.0000,0.0000,0.0000,0.0065,0.0000,200,0.6995
0.0068,0.0000,0.0000,0.0000,0.0067,0.0000,200,0.6995
0.0068,0.0000,0.0000,0.0000,0.0068,0.0000,200,0.6995
0.0066,0.0000,0.0000,0.0000,0.0065,0.0001,200,0.7059
0.0064,0.0000,0.0000,0.0000,0.0063,0.0000,200,0.7063
0.0063,0.0000,0.0000,0.0000,0.0063,0.0000,200,0.7063
0.0067,0.0000,0.0000,0.0000,0.0067,0.0000,200,0.7060
0.0067,0.0000,0.0000,0.0000,0.0065,0.0001,200,0.7125
0.0065,0.0000,0.0000,0.0000,0.0065,0.0000,200,0.7127
0.0068,0.0000,0.0000,0.0000,0.0067,0.0000,200,0.7126
0.0068,0.0000,0.0000,0.0000,0.0068,0.0000,200,0.7127
0.0070,0.0000,0.0000,0.0000,0.0068,0.0001,200,0.7192
0.0069,0.0000,0.0000,0.0000,0.0068,0.0000,200,0.7192
0.0068,0.0000,0.0000,0.0000,0.0068,0.0000,200,0.7194
0.0105,0.0000,0.0000,0.0000,0.0104,0.0001,200,0.7195
0.0069,0.0000,0.0000,0.0000,0.0068,0.0001,200,0.7261
0.0069,0.0000,0.0000,0.0000,0.0068,0.0001,200,0.7262
0.0069,0.0000,0.0000,0.0000,0.0068,0.0000,200,0.7263
0.0073,0.0000,0.0000,0.0000,0.0071,0.0001,200,0.7300
0.0067,0.0000,0.0000,0.0000,0.0066,0.0001,200,0.7330
0.0085,0.0000,0.0000,0.0000,0.0084,0.0001,200,0.7331
0.0089,0.0000,0.0000,0.0000,0.0088,0.0000,200,0.7330
0.0068,0.0000,0.0000,0.0002,0.0065,0.0001,200,0.7372
0.0067,0.0000,0.0000,0.0000,0.0066,0.0001,200,0.7398
0.0068,0.0000,0.0000,0.0000,0.0067,0.0001,200,0.7416
0.0069,0.0000,0.0000,0.0000,0.0068,0.0000,200,0.7419
0.0069,0.0000,0.0000,0.0000,0.0068,0.0001,200,0.7440
0.0074,0.0000,0.0000,0.0000,0.0073,0.0001,200,0.7465
0.0071,0.0000,0.0000,0.0000,0.0070,0.0000,200,0.7484
0.0068,0.0000,0.0000,0.0000,0.0067,0.0000,200,0.7488
0.0068,0.0000,0.0000,0.0000,0.0067,0.0001,200,0.7508
0.0080,0.0000,0.0000,0.0000,0.0079,0.0001,200,0.7539
0.0064,0.0000,0.0000,0.0000,0.0064,0.0000,200,0.7556
0.0066,0.0000,0.0000,0.0000,0.0066,0.0000,200,0.7555
0.0063,0.0000,0.0000,0.0000,0.0062,0.0000,200,0.7576
0.0064,0.0000,0.0000,0.0000,0.0063,0.0001,200,0.7619
0.0064,0.0000,0.0000,0.0000,0.0063,0.0000,200,0.7621
0.0063,0.0000,0.0000,0.0000,0.0063,0.0000,200,0.7621
0.0065,0.0000,0.0000,0.0000,0.0064,0.0001,200,0.7640
0.0062,0.0000,0.0000,0.0000,0.0061,0.0001,200,0.7683
0.0067,0.0000,0.0000,0.0000,0.0066,0.0000,200,0.7685
0.0068,0.0000,0.0000,0.0000,0.0068,0.0000,200,0.7684
0.0063,0.0000,0.0000,0.0000,0.0062,0.0000,200,0.7705
0.0066,0.0000,0.0000,0.0000,0.0065,0.0001,200,0.7751
0.0073,0.0000,0.0000,0.0000,0.0072,0.0000,200,0.7745
0.0066,0.0000,0.0000,0.0000,0.0065,0.0000,200,0.7752
0.0061,0.0000,0.0000,0.0000,0.0060,0.0000,200,0.7768
0.0066,0.0000,0.0000,0.0000,0.0065,0.0000,200,0.7818
0.0066,0.0000,0.0000,0.0000,0.0065,0.0000,200,0.7818
0.0067,0.0000,0.0000,0.0000,0.0066,0.0000,200,0.7818
0.0063,0.0000,0.0000,0.0000,0.0062,0.0000,200,0.7828
0.0066,0.0000,0.0000,0.0000,0.0065,0.0000,200,0.7885
0.0066,0.0000,0.0000,0.0000,0.0065,0.0000,200,0.7884
0.0066,0.0000,0.0000,0.0000,0.0066,0.0000,200,0.7884
0.0063,0.0000,0.0000,0.0000,0.0063,0.0000,200,0.7891
0.0065,0.0000,0.0000,0.0000,0.0064,0.0000,200,0.7950
0.0065,0.0000,0.0000,0.0000,0.0064,0.0000,200,0.7950
0.0060,0.0000,0.0000,0.0000,0.0060,0.0000,200,0.7955
0.0065,0.0000,0.0000,0.0000,0.0064,0.0000,200,0.7950
0.0064,0.0000,0.0000,0.0000,0.0063,0.0000,200,0.8015
0.0064,0.0000,0.0000,0.0000,0.0063,0.0000,200,0.8015
0.0064,0.0000,0.0000,0.0000,0.0063,0.0000,200,0.8015
0.0064,0.0000,0.0000,0.0000,0.0063,0.0001,200,0.8015
0.0066,0.0000,0.0000,0.0000,0.0065,0.0000,200,0.8079
0.0066,0.0000,0.0000,0.0000,0.0065,0.0000,200,0.8079
0.0066,0.0000,0.0000,0.0000,0.0065,0.0001,200,0.8079
0.0066,0.0000,0.0000,0.0000,0.0065,0.0001,200,0.8079
0.0063,0.0000,0.0000,0.0000,0.0063,0.0001,200,0.8145
0.0064,0.0000,0.0000,0.0000,0.0063,0.0000,200,0.8145
0.0064,0.0000,0.0000,0.0000,0.0063,0.0001,200,0.8145
0.0064,0.0000,0.0000,0.0000,0.0063,0.0001,200,0.8145
0.0064,0.0000,0.0000,0.0000,0.0063,0.0001,200,0.8209
0.0064,0.0000,0.0000,0.0000,0.0063,0.0000,200,0.8209
0.0064,0.0000,0.0000,0.0000,0.0063,0.0000,200,0.8209
0.0065,0.0000,0.0000,0.0000,0.0064,0.0000,200,0.8209
0.0067,0.0000,0.0000,0.0000,0.0066,0.0001,200,0.8273
0.0067,0.0000,0.0000,0.0000,0.0067,0.0000,200,0.8273
0.0067,0.0000,0.0000,0.0000,0.0066,0.0000,200,0.8274
0.0067,0.0000,0.0000,0.0000,0.0067,0.0000,200,0.8273
0.0066,0.0000,0.0000,0.0000,0.0065,0.0000,200,0.8340
0.0066,0.0000,0.0000,0.0000,0.0065,0.0000,200,0.8340
0.0066,0.0000,0.0000,0.0000,0.0065,0.0000,200,0.8340
0.0066,0.0000,0.0000,0.0000,0.0065,0.0001,200,0.8340
0.0064,0.0000,0.0000,0.0000,0.0063,0.0001,200,0.8406
0.0064,0.0000,0.0000,0.0000,0.0064,0.0000,200,0.8406
0.0065,0.0000,0.0000,0.0000,0.0064,0.0000,200,0.8406
0.0065,0.0000,0.0000,0.0000,0.0064,0.0001,200,0.8406
0.0064,0.0000,0.0000,0.0000,0.0063,0.0001,200,0.8471
0.0065,0.0000,0.0000,0.0000,0.0064,0.0001,200,0.8471
0.0067,0.0000,0.0000,0.0000,0.0066,0.0000,200,0.8470
0.0066,0.0000,0.0000,0.0000,0.0066,0.0000,200,0.8471
0.0064,0.0000,0.0000,0.0000,0.0063,0.0000,200,0.8537
0.0064,0.0000,0.0000,0.0000,0.0063,0.0000,200,0.8537
0.0065,0.0000,0.0000,0.0000,0.0064,0.0000,200,0.8535
0.0066,0.0000,0.0000,0.0000,0.0063,0.0001,200,0.8535
0.0065,0.0000,0.0000,0.0000,0.0064,0.0000,200,0.8601
0.0065,0.0000,0.0000,0.0000,0.0064,0.0000,200,0.8601
0.0065,0.0000,0.0000,0.0000,0.0064,0.0000,200,0.8601
0.0065,0.0000,0.0000,0.0000,0.0064,0.0001,200,0.8601
0.0063,0.0000,0.0000,0.0000,0.0062,0.0000,200,0.8666
0.0063,0.0000,0.0000,0.0000,0.0063,0.0000,200,0.8666
0.0063,0.0000,0.0000,0.0000,0.0063,0.0000,200,0.8666
0.0063,0.0000,0.0000,0.0000,0.0063,0.0000,200,0.8666
0.0063,0.0000,0.0000,0.0000,0.0062,0.0001,200,0.8729
0.0066,0.0000,0.0000,0.0000,0.0066,0.0000,200,0.8729
0.0067,0.0000,0.0000,0.0000,0.0067,0.0000,200,0.8729
0.0067,0.0000,0.0000,0.0000,0.0067,0.0000,200,0.8729
0.0065,0.0000,0.0000,0.0000,0.0064,0.0001,200,0.8792
0.0061,0.0000,0.0000,0.0000,0.0060,0.0000,200,0.8797
0.0062,0.0000,0.0000,0.0000,0.0061,0.0000,200,0.8796
0.0062,0.0000,0.0000,0.0000,0.0062,0.0000,200,0.8796
0.0062,0.0000,0.0000,0.0000,0.0061,0.0000,200,0.8857
0.0062,0.0000,0.0000,0.0000,0.0061,0.0000,200,0.8858
0.0061,0.0000,0.0000,0.0000,0.0060,0.0000,200,0.8859
0.0062,0.0000,0.0000,0.0000,0.0061,0.0000,200,0.8858
0.0066,0.0000,0.0000,0.0000,0.0064,0.0001,200,0.8920
0.0068,0.0000,0.0000,0.0000,0.0067,0.0000,200,0.8920
0.0069,0.0000,0.0000,0.0000,0.0068,0.0000,200,0.8920
0.0071,0.0000,0.0000,0.0000,0.0071,0.0000,200,0.8920
0.0063,0.0000,0.0000,0.0000,0.0063,0.0001,200,0.8989
0.0067,0.0000,0.0000,0.0000,0.0066,0.0000,200,0.8985
0.0065,0.0000,0.0000,0.0000,0.0064,0.0001,200,0.8987
0.0061,0.0000,0.0000,0.0000,0.0061,0.0000,200,0.8991
0.0063,0.0000,0.0000,0.0000,0.0062,0.0001,200,0.9052
0.0063,0.0000,0.0000,0.0000,0.0062,0.0001,200,0.9052
0.0062,0.0000,0.0000,0.0000,0.0062,0.0000,200,0.9052
0.0063,0.0000,0.0000,0.0000,0.0061,0.0001,200,0.9052
0.0063,0.0000,0.0000,0.0000,0.0063,0.0001,200,0.9115
0.0064,0.0000,0.0000,0.0000,0.0063,0.0000,200,0.9115
0.0064,0.0000,0.0000,0.0000,0.0063,0.0000,200,0.9115
0.0064,0.0000,0.0000,0.0000,0.0063,0.0000,200,0.9115
0.0062,0.0000,0.0000,0.0000,0.0061,0.0001,200,0.9178
0.0062,0.0000,0.0000,0.0000,0.0062,0.0000,200,0.9179
0.0064,0.0000,0.0000,0.0000,0.0063,0.0001,200,0.9179
0.0065,0.0000,0.0000,0.0000,0.0064,0.0000,200,0.9179
0.0064,0.0000,0.0000,0.0000,0.0063,0.0001,200,0.9240
0.0060,0.0000,0.0000,0.0000,0.0060,0.0000,200,0.9243
0.0063,0.0000,0.0000,0.0000,0.0062,0.0000,200,0.9241
0.0071,0.0000,0.0000,0.0000,0.0070,0.0000,200,0.9243
0.0063,0.0000,0.0000,0.0000,0.0062,0.0000,200,0.9304
0.0062,0.0000,0.0000,0.0000,0.0062,0.0000,200,0.9304
0.0062,0.0000,0.0000,0.0000,0.0062,0.0000,200,0.9304
0.0060,0.0000,0.0000,0.0000,0.0060,0.0000,200,0.9314
0.0062,0.0000,0.0000,0.0000,0.0061,0.0000,200,0.9366
0.0062,0.0000,0.0000,0.0000,0.0062,0.0000,200,0.9366
0.0062,0.0000,0.0000,0.0000,0.0062,0.0000,200,0.9366
0.0066,0.0000,0.0000,0.0000,0.0065,0.0000,200,0.9374
0.0065,0.0000,0.0000,0.0000,0.0065,0.0001,200,0.9428
0.0066,0.0000,0.0000,0.0000,0.0065,0.0000,200,0.9429
0.0066,0.0000,0.0000,0.0000,0.0065,0.0001,200,0.9429
0.0061,0.0000,0.0000,0.0000,0.0060,0.0001,200,0.9440
0.0063,0.0000,0.0000,0.0000,0.0062,0.0001,200,0.9494
0.0062,0.0000,0.0000,0.0000,0.0062,0.0000,200,0.9495
0.0066,0.0000,0.0000,0.0000,0.0065,0.0000,200,0.9494
0.0064,0.0000,0.0000,0.0000,0.0063,0.0001,200,0.9501
0.0062,0.0000,0.0000,0.0000,0.0062,0.0001,200,0.9557
0.0061,0.0000,0.0000,0.0000,0.0060,0.0000,200,0.9560
0.0063,0.0000,0.0000,0.0000,0.0063,0.0000,200,0.9557
0.0062,0.0000,0.0000,0.0000,0.0061,0.0001,200,0.9565
0.0063,0.0000,0.0000,0.0000,0.0062,0.0000,200,0.9620
0.0064,0.0000,0.0000,0.0000,0.0062,0.0002,200,0.9620
0.0065,0.0000,0.0000,0.0000,0.0063,0.0001,200,0.9627
0.0075,0.0000,0.0000,0.0011,0.0063,0.0000,200,0.9620
0.0065,0.0000,0.0000,0.0000,0.0064,0.0001,200,0.9683
0.0064,0.0000,0.0000,0.0000,0.0063,0.0000,200,0.9684
0.0075,0.0000,0.0000,0.0000,0.0075,0.0000,200,0.9695
0.0078,0.0000,0.0000,0.0000,0.0077,0.0000,200,0.9692
0.0063,0.0000,0.0000,0.0000,0.0063,0.0001,200,0.9748
0.0063,0.0000,0.0000,0.0000,0.0063,0.0000,200,0.9748
0.0062,0.0000,0.0000,0.0000,0.0062,0.0000,200,0.9770
0.0062,0.0000,0.0000,0.0000,0.0061,0.0000,200,0.9770
0.0063,0.0000,0.0000,0.0000,0.0062,0.0000,200,0.9811
0.0063,0.0000,0.0000,0.0000,0.0062,0.0001,200,0.9811
0.0061,0.0000,0.0000,0.0000,0.0060,0.0000,200,0.9833
0.0061,0.0000,0.0000,0.0000,0.0060,0.0000,200,0.9833
0.0067,0.0000,0.0000,0.0000,0.0065,0.0000,200,0.9874
0.0067,0.0000,0.0000,0.0000,0.0066,0.0000,200,0.9874
0.0062,0.0000,0.0000,0.0000,0.0061,0.0001,200,0.9893
0.0062,0.0000,0.0000,0.0000,0.0062,0.0000,200,0.9893
0.0063,0.0000,0.0000,0.0000,0.0062,0.0000,200,0.9941
0.0063,0.0000,0.0000,0.0000,0.0062,0.0000,200,0.9941
0.0062,0.0000,0.0000,0.0000,0.0061,0.0000,200,0.9955
0.0062,0.0000,0.0000,0.0000,0.0061,0.0000,200,0.9955
0.0062,0.0000,0.0000,0.0000,0.0061,0.0001,200,1.0004
0.0063,0.0000,0.0000,0.0000,0.0062,0.0000,200,1.0004
0.0060,0.0000,0.0000,0.0000,0.0059,0.0000,200,1.0017
0.0060,0.0000,0.0000,0.0000,0.0059,0.0000,200,1.0017
0.0063,0.0000,0.0000,0.0000,0.0063,0.0000,200,1.0066
0.0064,0.0000,0.0000,0.0000,0.0063,0.0001,200,1.0066
0.0061,0.0000,0.0000,0.0000,0.0060,0.0000,200,1.0077
0.0061,0.0000,0.0000,0.0000,0.0061,0.0000,200,1.0077
0.0063,0.0000,0.0000,0.0000,0.0063,0.0000,200,1.0130
0.0064,0.0000,0.0000,0.0000,0.0063,0.0000,200,1.0130
0.0060,0.0000,0.0000,0.0000,0.0059,0.0000,200,1.0138
0.0065,0.0000,0.0000,0.0000,0.0063,0.0002,200,1.0138
0.0068,0.0000,0.0000,0.0000,0.0067,0.0000,200,1.0193
0.0068,0.0000,0.0000,0.0000,0.0067,0.0001,200,1.0193
0.0064,0.0000,0.0000,0.0000,0.0063,0.0000,200,1.0198
0.0068,0.0000,0.0000,0.0000,0.0067,0.0000,200,1.0203
0.0063,0.0000,0.0000,0.0000,0.0062,0.0000,200,1.0262
0.0063,0.0000,0.0000,0.0000,0.0063,0.0000,200,1.0261
0.0063,0.0000,0.0000,0.0000,0.0063,0.0000,200,1.0261
0.0061,0.0000,0.0000,0.0000,0.0060,0.0000,200,1.0271
0.0063,0.0000,0.0000,0.0000,0.0062,0.0000,200,1.0325
0.0063,0.0000,0.0000,0.0000,0.0062,0.0000,200,1.0324
0.0063,0.0000,0.0000,0.0000,0.0062,0.0001,200,1.0325
0.0059,0.0000,0.0000,0.0000,0.0059,0.0000,200,1.0332
0.0064,0.0000,0.0000,0.0000,0.0063,0.0001,200,1.0388
0.0064,0.0000,0.0000,0.0000,0.0063,0.0000,200,1.0387
0.0060,0.0000,0.0000,0.0000,0.0060,0.0000,200,1.0391
0.0064,0.0000,0.0000,0.0000,0.0063,0.0000,200,1.0387
0.0063,0.0000,0.0000,0.0000,0.0062,0.0000,200,1.0451
0.0064,0.0000,0.0000,0.0000,0.0064,0.0000,200,1.0451
0.0065,0.0000,0.0000,0.0000,0.0064,0.0000,200,1.0451
0.0065,0.0000,0.0000,0.0000,0.0062,0.0003,200,1.0451
0.0064,0.0000,0.0000,0.0000,0.0064,0.0000,200,1.0515
0.0064,0.0000,0.0000,0.0000,0.0063,0.0000,200,1.0516
0.0064,0.0000,0.0000,0.0000,0.0063,0.0001,200,1.0516
0.0066,0.0000,0.0000,0.0000,0.0065,0.0000,200,1.0514
0.0063,0.0000,0.0000,0.0000,0.0062,0.0001,200,1.0580
0.0063,0.0000,0.0000,0.0000,0.0062,0.0000,200,1.0580
0.0063,0.0000,0.0000,0.0000,0.0062,0.0000,200,1.0580
0.0064,0.0000,0.0000,0.0000,0.0064,0.0000,200,1.0580
0.0064,0.0000,0.0000,0.0000,0.0063,0.0001,200,1.0643
0.0064,0.0000,0.0000,0.0000,0.0063,0.0001,200,1.0643
0.0064,0.0000,0.0000,0.0000,0.0064,0.0000,200,1.0643
0.0063,0.0000,0.0000,0.0000,0.0062,0.0000,200,1.0644
0.0064,0.0000,0.0000,0.0000,0.0063,0.0001,200,1.0707
0.0064,0.0000,0.0000,0.0000,0.0064,0.0000,200,1.0707
0.0064,0.0000,0.0000,0.0000,0.0064,0.0000,200,1.0707
0.0064,0.0000,0.0000,0.0000,0.0064,0.0000,200,1.0707
0.0063,0.0000,0.0000,0.0000,0.0062,0.0001,200,1.0771
0.0064,0.0000,0.0000,0.0000,0.0063,0.0000,200,1.0771
0.0065,0.0000,0.0000,0.0000,0.0065,0.0000,200,1.0771
0.0065,0.0000,0.0000,0.0000,0.0065,0.0000,200,1.0771
0.0065,0.0000,0.0000,0.0000,0.0063,0.0001,200,1.0835
0.0063,0.0000,0.0000,0.0000,0.0062,0.0001,200,1.0837
0.0065,0.0000,0.0000,0.0000,0.0063,0.0000,200,1.0835
0.0065,0.0000,0.0000,0.0000,0.0065,0.0000,200,1.0836
0.0065,0.0000,0.0000,0.0000,0.0064,0.0001,200,1.0899
0.0062,0.0000,0.0000,0.0000,0.0061,0.0001,200,1.0902
0.0065,0.0000,0.0000,0.0000,0.0064,0.0000,200,1.0900
0.0065,0.0000,0.0000,0.0000,0.0065,0.0000,200,1.0900
0.0063,0.0000,0.0000,0.0000,0.0062,0.0001,200,1.0964
0.0062,0.0000,0.0000,0.0000,0.0062,0.0000,200,1.0965
0.0063,0.0000,0.0000,0.0000,0.0063,0.0000,200,1.0965
0.0064,0.0000,0.0000,0.0000,0.0062,0.0001,200,1.0964
0.0063,0.0000,0.0000,0.0000,0.0062,0.0000,200,1.1027
0.0062,0.0000,0.0000,0.0000,0.0061,0.0000,200,1.1028
0.0062,0.0000,0.0000,0.0000,0.0062,0.0000,200,1.1027
0.0062,0.0000,0.0000,0.0000,0.0061,0.0001,200,1.1028
0.0063,0.0000,0.0000,0.0000,0.0062,0.0001,200,1.1090
0.0063,0.0000,0.0000,0.0000,0.0063,0.0000,200,1.1090
0.0063,0.0000,0.0000,0.0000,0.0063,0.0000,200,1.1090
0.0063,0.0000,0.0000,0.0000,0.0063,0.0000,200,1.1090
0.0063,0.0000,0.0000,0.0000,0.0062,0.0000,200,1.1153
0.0062,0.0000,0.0000,0.0000,0.0062,0.0000,200,1.1153
0.0062,0.0000,0.0000,0.0000,0.0062,0.0001,200,1.1153
0.0063,0.0000,0.0000,0.0000,0.0062,0.0001,200,1.1153
0.0063,0.0000,0.0000,0.0000,0.0062,0.0001,200,1.1216
0.0064,0.0000,0.0000,0.0000,0.0063,0.0000,200,1.1216
0.0063,0.0000,0.0000,0.0000,0.0063,0.0000,200,1.1216
0.0068,0.0000,0.0000,0.0000,0.0068,0.0000,200,1.1216
0.0078,0.0000,0.0000,0.0000,0.0078,0.0001,200,1.1279
0.0080,0.0000,0.0000,0.0000,0.0079,0.0000,200,1.1279
0.0081,0.0000,0.0000,0.0000,0.0080,0.0000,200,1.1279
0.0081,0.0000,0.0000,0.0000,0.0080,0.0000,200,1.1284
0.0068,0.0000,0.0000,0.0000,0.0066,0.0001,200,1.1358
0.0067,0.0000,0.0000,0.0000,0.0066,0.0000,200,1.1359
0.0061,0.0000,0.0000,0.0000,0.0060,0.0000,200,1.1364
0.0066,0.0000,0.0000,0.0000,0.0065,0.0000,200,1.1359
0.0064,0.0000,0.0000,0.0000,0.0063,0.0001,200,1.1425
0.0064,0.0000,0.0000,0.0000,0.0063,0.0001,200,1.1425
0.0065,0.0000,0.0000,0.0000,0.0064,0.0000,200,1.1426
0.0070,0.0000,0.0000,0.0000,0.0069,0.0000,200,1.1425
0.0067,0.0000,0.0000,0.0000,0.0066,0.0000,200,1.1490
0.0068,0.0000,0.0000,0.0000,0.0067,0.0001,200,1.1490
0.0069,0.0000,0.0000,0.0000,0.0069,0.0000,200,1.1490
0.0066,0.0000,0.0000,0.0000,0.0065,0.0000,200,1.1495
0.0064,0.0000,0.0000,0.0000,0.0063,0.0001,200,1.1559
0.0062,0.0000,0.0000,0.0000,0.0061,0.0001,200,1.1561
0.0066,0.0000,0.0000,0.0000,0.0066,0.0000,200,1.1557
0.0066,0.0000,0.0000,0.0000,0.0066,0.0000,200,1.1557
0.0062,0.0000,0.0000,0.0000,0.0062,0.0000,200,1.1623
0.0062,0.0000,0.0000,0.0000,0.0061,0.0000,200,1.1623
0.0062,0.0000,0.0000,0.0000,0.0062,0.0001,200,1.1623
0.0062,0.0000,0.0000,0.0000,0.0061,0.0000,200,1.1624
0.0064,0.0000,0.0000,0.0000,0.0063,0.0000,200,1.1686
0.0064,0.0000,0.0000,0.0000,0.0063,0.0000,200,1.1686
0.0064,0.0000,0.0000,0.0000,0.0063,0.0000,200,1.1686
0.0064,0.0000,0.0000,0.0000,0.0064,0.0000,200,1.1686
0.0063,0.0000,0.0000,0.0000,0.0062,0.0001,200,1.1750
0.0063,0.0000,0.0000,0.0000,0.0062,0.0001,200,1.1750
0.0063,0.0000,0.0000,0.0000,0.0063,0.0000,200,1.1749
0.0064,0.0000,0.0000,0.0000,0.0063,0.0000,200,1.1749
0.0063,0.0000,0.0000,0.0000,0.0062,0.0000,200,1.1813
0.0063,0.0000,0.0000,0.0000,0.0062,0.0000,200,1.1813
0.0064,0.0000,0.0000,0.0000,0.0063,0.0000,200,1.1813
0.0064,0.0000,0.0000,0.0000,0.0064,0.0000,200,1.1813
0.0063,0.0000,0.0000,0.0000,0.0062,0.0001,200,1.1876
0.0062,0.0000,0.0000,0.0000,0.0061,0.0001,200,1.1877
0.0063,0.0000,0.0000,0.0000,0.0063,0.0000,200,1.1876
0.0063,0.0000,0.0000,0.0000,0.0062,0.0000,200,1.1877
0.0063,0.0000,0.0000,0.0000,0.0062,0.0000,200,1.1939
0.0062,0.0000,0.0000,0.0000,0.0062,0.0000,200,1.1939
0.0063,0.0000,0.0000,0.0000,0.0062,0.0000,200,1.1939
0.0062,0.0000,0.0000,0.0000,0.0062,0.0000,200,1.1939
0.0062,0.0000,0.0000,0.0000,0.0062,0.0001,200,1.2002
0.0063,0.0000,0.0000,0.0000,0.0062,0.0000,200,1.2002
0.0063,0.0000,0.0000,0.0000,0.0062,0.0000,200,1.2002
0.0063,0.0000,0.0000,0.0000,0.0062,0.0000,200,1.2002
0.0064,0.0000,0.0000,0.0000,0.0063,0.0001,200,1.2064
0.0065,0.0000,0.0000,0.0000,0.0064,0.0000,200,1.2064
0.0065,0.0000,0.0000,0.0000,0.0065,0.0000,200,1.2064
0.0081,0.0000,0.0000,0.0000,0.0079,0.0000,200,1.2064
0.0069,0.0000,0.0000,0.0000,0.0068,0.0001,200,1.2128
0.0088,0.0000,0.0000,0.0000,0.0088,0.0001,200,1.2130
0.0075,0.0000,0.0000,0.0000,0.0074,0.0000,200,1.2145
0.0098,0.0000,0.0000,0.0000,0.0098,0.0000,200,1.2129
0.0068,0.0000,0.0000,0.0000,0.0066,0.0001,200,1.2197
0.0073,0.0000,0.0000,0.0000,0.0072,0.0001,200,1.2218
0.0067,0.0000,0.0000,0.0000,0.0066,0.0000,200,1.2228
0.0082,0.0000,0.0000,0.0000,0.0081,0.0000,200,1.2219
0.0069,0.0000,0.0000,0.0000,0.0068,0.0001,200,1.2265
0.0068,0.0000,0.0000,0.0000,0.0067,0.0001,200,1.2291
0.0065,0.0000,0.0000,0.0000,0.0065,0.0000,200,1.2295
0.0086,0.0000,0.0000,0.0000,0.0076,0.0010,200,1.2301
0.0088,0.0000,0.0000,0.0000,0.0087,0.0001,200,1.2334
0.0066,0.0000,0.0000,0.0000,0.0065,0.0001,200,1.2359
0.0103,0.0000,0.0000,0.0000,0.0102,0.0001,200,1.2360
0.0078,0.0000,0.0000,0.0000,0.0077,0.0000,200,1.2387
0.0065,0.0000,0.0000,0.0000,0.0064,0.0001,200,1.2425
0.0070,0.0000,0.0000,0.0000,0.0069,0.0000,200,1.2422
0.0070,0.0000,0.0000,0.0000,0.0069,0.0000,200,1.2463
0.0069,0.0000,0.0000,0.0000,0.0066,0.0003,200,1.2465
0.0073,0.0000,0.0000,0.0000,0.0072,0.0001,200,1.2534
0.0076,0.0000,0.0000,0.0000,0.0075,0.0000,200,1.2533
0.0119,0.0000,0.0000,0.0000,0.0119,0.0000,200,1.2490
0.0118,0.0000,0.0000,0.0000,0.0117,0.0000,200,1.2492
0.0068,0.0000,0.0000,0.0000,0.0067,0.0001,200,1.2608
0.0071,0.0000,0.0000,0.0000,0.0070,0.0000,200,1.2607
0.0069,0.0000,0.0000,0.0000,0.0069,0.0000,200,1.2610
0.0070,0.0000,0.0000,0.0000,0.0070,0.0000,200,1.2609
0.0062,0.0000,0.0000,0.0000,0.0061,0.0000,200,1.2676
0.0059,0.0000,0.0000,0.0000,0.0059,0.0000,200,1.2679
0.0060,0.0000,0.0000,0.0000,0.0060,0.0000,200,1.2678
0.0060,0.0000,0.0000,0.0000,0.0058,0.0001,200,1.2679
0.0061,0.0000,0.0000,0.0000,0.0061,0.0001,200,1.2738
0.0062,0.0000,0.0000,0.0000,0.0061,0.0000,200,1.2738
0.0062,0.0000,0.0000,0.0000,0.0061,0.0000,200,1.2739
0.0063,0.0000,0.0000,0.0000,0.0062,0.0001,200,1.2738
0.0062,0.0000,0.0000,0.0000,0.0061,0.0001,200,1.2800
0.0062,0.0000,0.0000,0.0000,0.0062,0.0000,200,1.2800
0.0063,0.0000,0.0000,0.0000,0.0062,0.0000,200,1.2800
0.0064,0.0000,0.0000,0.0000,0.0063,0.0000,200,1.2800
0.0062,0.0000,0.0000,0.0000,0.0061,0.0001,200,1.2864
0.0064,0.0000,0.0000,0.0000,0.0063,0.0000,200,1.2862
0.0064,0.0000,0.0000,0.0000,0.0063,0.0001,200,1.2862
0.0064,0.0000,0.0000,0.0000,0.0064,0.0000,200,1.2863
0.0066,0.0000,0.0000,0.0000,0.0065,0.0001,200,1.2926
0.0068,0.0000,0.0000,0.0000,0.0067,0.0000,200,1.2927
0.0071,0.0000,0.0000,0.0000,0.0070,0.0001,200,1.2926
0.0077,0.0000,0.0000,0.0000,0.0076,0.0001,200,1.2926
0.0064,0.0000,0.0000,0.0000,0.0063,0.0000,200,1.2992
0.0070,0.0000,0.0000,0.0000,0.0070,0.0000,200,1.2997
0.0068,0.0000,0.0000,0.0000,0.0068,0.0000,200,1.3003
0.0087,0.0000,0.0000,0.0000,0.0086,0.0000,200,1.2995
0.0063,0.0000,0.0000,0.0000,0.0062,0.0001,200,1.3067
0.0076,0.0000,0.0000,0.0000,0.0076,0.0000,200,1.3056
0.0063,0.0000,0.0000,0.0000,0.0062,0.0000,200,1.3071
0.0076,0.0000,0.0000,0.0000,0.0075,0.0001,200,1.3082
0.0067,0.0000,0.0000,0.0000,0.0065,0.0001,200,1.3130
0.0067,0.0000,0.0000,0.0000,0.0066,0.0000,200,1.3132
0.0069,0.0000,0.0000,0.0000,0.0068,0.0001,200,1.3158
0.0094,0.0000,0.0000,0.0000,0.0093,0.0000,200,1.3134
0.0064,0.0000,0.0000,0.0000,0.0063,0.0001,200,1.3196
0.0063,0.0000,0.0000,0.0000,0.0062,0.0000,200,1.3199
0.0065,0.0000,0.0000,0.0000,0.0064,0.0000,200,1.3228
0.0066,0.0000,0.0000,0.0000,0.0065,0.0001,200,1.3227
0.0065,0.0000,0.0000,0.0000,0.0064,0.0000,200,1.3262
0.0066,0.0000,0.0000,0.0000,0.0065,0.0001,200,1.3260
0.0068,0.0000,0.0000,0.0000,0.0066,0.0000,200,1.3293
0.0068,0.0000,0.0000,0.0000,0.0067,0.0000,200,1.3293
0.0063,0.0000,0.0000,0.0000,0.0062,0.0000,200,1.3326
0.0063,0.0000,0.0000,0.0000,0.0062,0.0001,200,1.3326
0.0062,0.0000,0.0000,0.0000,0.0061,0.0001,200,1.3360
0.0063,0.0000,0.0000,0.0000,0.0063,0.0000,200,1.3360
0.0061,0.0000,0.0000,0.0000,0.0060,0.0000,200,1.3389
0.0061,0.0000,0.0000,0.0000,0.0060,0.0000,200,1.3389
0.0062,0.0000,0.0000,0.0000,0.0061,0.0000,200,1.3423
0.0062,0.0000,0.0000,0.0000,0.0062,0.0000,200,1.3424
0.0061,0.0000,0.0000,0.0000,0.0060,0.0000,200,1.3450
0.0061,0.0000,0.0000,0.0000,0.0061,0.0000,200,1.3450
0.0062,0.0000,0.0000,0.0000,0.0061,0.0000,200,1.3486
0.0064,0.0000,0.0000,0.0000,0.0064,0.0000,200,1.3485
0.0061,0.0000,0.0000,0.0000,0.0061,0.0000,200,1.3511
0.0061,0.0000,0.0000,0.0000,0.0061,0.0000,200,1.3512
0.0063,0.0000,0.0000,0.0000,0.0062,0.0000,200,1.3548
0.0062,0.0000,0.0000,0.0000,0.0061,0.0000,200,1.3549
0.0062,0.0000,0.0000,0.0000,0.0061,0.0000,200,1.3572
0.0061,0.0000,0.0000,0.0000,0.0061,0.0000,200,1.3573
0.0061,0.0000,0.0000,0.0000,0.0060,0.0000,200,1.3611
0.0062,0.0000,0.0000,0.0000,0.0061,0.0000,200,1.3611
0.0061,0.0000,0.0000,0.0000,0.0060,0.0000,200,1.3635
0.0062,0.0000,0.0000,0.0000,0.0061,0.0000,200,1.3634
0.0074,0.0000,0.0000,0.0000,0.0070,0.0003,200,1.3673
0.0076,0.0000,0.0000,0.0000,0.0076,0.0000,200,1.3672
0.0061,0.0000,0.0000,0.0000,0.0060,0.0000,200,1.3696
0.0063,0.0000,0.0000,0.0000,0.0063,0.0000,200,1.3696
0.0068,0.0000,0.0000,0.0000,0.0066,0.0001,200,1.3747
0.0066,0.0000,0.0000,0.0000,0.0066,0.0001,200,1.3749
0.0061,0.0000,0.0000,0.0000,0.0060,0.0001,200,1.3757
0.0060,0.0000,0.0000,0.0000,0.0059,0.0000,200,1.3759
0.0064,0.0000,0.0000,0.0000,0.0063,0.0001,200,1.3815
0.0060,0.0000,0.0000,0.0000,0.0059,0.0000,200,1.3819
0.0064,0.0000,0.0000,0.0000,0.0064,0.0000,200,1.3815
0.0063,0.0000,0.0000,0.0000,0.0063,0.0000,200,1.3817
0.0061,0.0000,0.0000,0.0000,0.0060,0.0000,200,1.3881
0.0063,0.0000,0.0000,0.0000,0.0062,0.0001,200,1.3879
0.0064,0.0000,0.0000,0.0000,0.0063,0.0000,200,1.3879
0.0073,0.0000,0.0000,0.0000,0.0072,0.0000,200,1.3879
0.0063,0.0000,0.0000,0.0000,0.0062,0.0000,200,1.3942
0.0063,0.0000,0.0000,0.0000,0.0062,0.0000,200,1.3943
0.0063,0.0000,0.0000,0.0000,0.0062,0.0000,200,1.3942
0.0060,0.0000,0.0000,0.0000,0.0059,0.0000,200,1.3953
0.0063,0.0000,0.0000,0.0000,0.0062,0.0000,200,1.4005
0.0063,0.0000,0.0000,0.0000,0.0062,0.0001,200,1.4005
0.0063,0.0000,0.0000,0.0000,0.0063,0.0000,200,1.4005
0.0062,0.0000,0.0000,0.0000,0.0061,0.0000,200,1.4012
0.0064,0.0000,0.0000,0.0000,0.0063,0.0001,200,1.4068
0.0064,0.0000,0.0000,0.0000,0.0064,0.0000,200,1.4068
0.0068,0.0000,0.0000,0.0000,0.0068,0.0000,200,1.4068
0.0061,0.0000,0.0000,0.0000,0.0060,0.0000,200,1.4074
0.0065,0.0000,0.0000,0.0000,0.0065,0.0000,200,1.4132
0.0062,0.0000,0.0000,0.0000,0.0061,0.0000,200,1.4136
0.0062,0.0000,0.0000,0.0000,0.0062,0.0000,200,1.4136
0.0067,0.0000,0.0000,0.0000,0.0063,0.0003,200,1.4132
0.0064,0.0000,0.0000,0.0000,0.0063,0.0000,200,1.4198
0.0064,0.0000,0.0000,0.0000,0.0063,0.0000,200,1.4198
0.0063,0.0000,0.0000,0.0000,0.0062,0.0000,200,1.4198
0.0062,0.0000,0.0000,0.0000,0.0062,0.0000,200,1.4199
0.0063,0.0000,0.0000,0.0000,0.0062,0.0001,200,1.4261
0.0063,0.0000,0.0000,0.0000,0.0063,0.0000,200,1.4261
0.0063,0.0000,0.0000,0.0000,0.0063,0.0000,200,1.4261
0.0079,0.0000,0.0000,0.0000,0.0078,0.0000,200,1.4261
0.0062,0.0000,0.0000,0.0000,0.0061,0.0001,200,1.4325
0.0062,0.0000,0.0000,0.0000,0.0061,0.0000,200,1.4325
0.0062,0.0000,0.0000,0.0000,0.0061,0.0001,200,1.4324
0.0061,0.0000,0.0000,0.0000,0.0060,0.0000,200,1.4340
0.0062,0.0000,0.0000,0.0000,0.0062,0.0000,200,1.4387
0.0062,0.0000,0.0000,0.0000,0.0062,0.0000,200,1.4387
0.0063,0.0000,0.0000,0.0000,0.0062,0.0000,200,1.4387
0.0062,0.0000,0.0000,0.0000,0.0061,0.0000,200,1.4401
0.0062,0.0000,0.0000,0.0000,0.0061,0.0000,200,1.4449
0.0062,0.0000,0.0000,0.0000,0.0062,0.0000,200,1.4449
0.0062,0.0000,0.0000,0.0000,0.0062,0.0000,200,1.4449
0.0062,0.0000,0.0000,0.0000,0.0061,0.0001,200,1.4463
0.0062,0.0000,0.0000,0.0000,0.0061,0.0001,200,1.4512
0.0063,0.0000,0.0000,0.0000,0.0062,0.0000,200,1.4512
0.0064,0.0000,0.0000,0.0000,0.0063,0.0000,200,1.4511
0.0063,0.0000,0.0000,0.0000,0.0061,0.0001,200,1.4525
0.0061,0.0000,0.0000,0.0000,0.0060,0.0001,200,1.4576
0.0065,0.0000,0.0000,0.0000,0.0064,0.0000,200,1.4574
0.0065,0.0000,0.0000,0.0000,0.0065,0.0000,200,1.4574
0.0059,0.0000,0.0000,0.0000,0.0059,0.0000,200,1.4587
0.0063,0.0000,0.0000,0.0000,0.0062,0.0001,200,1.4637
0.0062,0.0000,0.0000,0.0000,0.0061,0.0000,200,1.4639
0.0062,0.0000,0.0000,0.0000,0.0062,0.0000,200,1.4639
0.0060,0.0000,0.0000,0.0000,0.0060,0.0000,200,1.4647
0.0063,0.0000,0.0000,0.0000,0.0062,0.0001,200,1.4700
0.0063,0.0000,0.0000,0.0000,0.0062,0.0000,200,1.4701
0.0063,0.0000,0.0000,0.0000,0.0062,0.0000,200,1.4701
0.0060,0.0000,0.0000,0.0000,0.0060,0.0000,200,1.4707
0.0064,0.0000,0.0000,0.0000,0.0063,0.0001,200,1.4764
0.0064,0.0000,0.0000,0.0000,0.0063,0.0001,200,1.4764
0.0070,0.0000,0.0000,0.0000,0.0069,0.0000,200,1.4767
0.0073,0.0000,0.0000,0.0000,0.0072,0.0000,200,1.4764
0.0064,0.0000,0.0000,0.0000,0.0063,0.0001,200,1.4837
0.0064,0.0000,0.0000,0.0000,0.0064,0.0000,200,1.4837
0.0073,0.0000,0.0000,0.0000,0.0073,0.0000,200,1.4827
0.0073,0.0000,0.0000,0.0000,0.0073,0.0000,200,1.4827
0.0064,0.0000,0.0000,0.0000,0.0063,0.0000,200,1.4901
0.0064,0.0000,0.0000,0.0000,0.0063,0.0000,200,1.4901
0.0064,0.0000,0.0000,0.0000,0.0062,0.0000,200,1.4901
0.0064,0.0000,0.0000,0.0000,0.0063,0.0001,200,1.4901
0.0063,0.0000,0.0000,0.0000,0.0063,0.0000,200,1.4965
0.0063,0.0000,0.0000,0.0000,0.0062,0.0001,200,1.4965
0.0063,0.0000,0.0000,0.0000,0.0063,0.0000,200,1.4964
0.0066,0.0000,0.0000,0.0000,0.0064,0.0002,200,1.4964
0.0066,0.0000,0.0000,0.0001,0.0063,0.0001,200,1.5028
0.0066,0.0000,0.0000,0.0000,0.0061,0.0000,200,1.5028
0.0063,0.0000,0.0000,0.0000,0.0063,0.0001,200,1.5031
0.0066,0.0000,0.0000,0.0001,0.0063,0.0001,200,1.5028
0.0064,0.0000,0.0000,0.0000,0.0063,0.0000,200,1.5094
0.0064,0.0000,0.0000,0.0000,0.0063,0.0001,200,1.5094
0.0064,0.0000,0.0000,0.0000,0.0063,0.0001,200,1.5094
0.0065,0.0000,0.0000,0.0000,0.0063,0.0001,200,1.5094
0.0064,0.0000,0.0000,0.0000,0.0063,0.0000,200,1.5159
0.0064,0.0000,0.0000,0.0000,0.0063,0.0000,200,1.5159
0.0064,0.0000,0.0000,0.0000,0.0063,0.0000,200,1.5159
0.0064,0.0000,0.0000,0.0000,0.0063,0.0001,200,1.5159
0.0064,0.0000,0.0000,0.0000,0.0063,0.0000,200,1.5223
0.0064,0.0000,0.0000,0.0000,0.0063,0.0001,200,1.5223
0.0064,0.0000,0.0000,0.0000,0.0063,0.0001,200,1.5223
0.0064,0.0000,0.0000,0.0000,0.0063,0.0001,200,1.5223
0.0062,0.0000,0.0000,0.0000,0.0061,0.0000,200,1.5287
0.0062,0.0000,0.0000,0.0000,0.0062,0.0001,200,1.5287
0.0063,0.0000,0.0000,0.0000,0.0062,0.0001,200,1.5287
0.0064,0.0000,0.0000,0.0000,0.0064,0.0000,200,1.5287
0.0062,0.0000,0.0000,0.0000,0.0061,0.0001,200,1.5351
0.0063,0.0000,0.0000,0.0000,0.0063,0.0001,200,1.5349
0.0064,0.0000,0.0000,0.0000,0.0063,0.0000,200,1.5349
0.0064,0.0000,0.0000,0.0000,0.0064,0.0000,200,1.5349
0.0062,0.0000,0.0000,0.0000,0.0061,0.0001,200,1.5412
0.0062,0.0000,0.0000,0.0000,0.0061,0.0000,200,1.5412
0.0062,0.0000,0.0000,0.0000,0.0062,0.0000,200,1.5413
0.0063,0.0000,0.0000,0.0000,0.0062,0.0000,200,1.5413
0.0064,0.0000,0.0000,0.0000,0.0063,0.0000,200,1.5475
0.0063,0.0000,0.0000,0.0000,0.0062,0.0000,200,1.5476
0.0063,0.0000,0.0000,0.0000,0.0063,0.0000,200,1.5475
0.0064,0.0000,0.0000,0.0000,0.0064,0.0000,200,1.5475
0.0063,0.0000,0.0000,0.0000,0.0062,0.0000,200,1.5539
0.0064,0.0000,0.0000,0.0000,0.0063,0.0000,200,1.5538
0.0064,0.0000,0.0000,0.0000,0.0063,0.0000,200,1.5538
0.0065,0.0000,0.0000,0.0000,0.0065,0.0000,200,1.5538
0.0062,0.0000,0.0000,0.0000,0.0061,0.0001,200,1.5602
0.0063,0.0000,0.0000,0.0000,0.0062,0.0000,200,1.5602
0.0064,0.0000,0.0000,0.0000,0.0063,0.0000,200,1.5602
0.0063,0.0000,0.0000,0.0000,0.0063,0.0000,200,1.5604
0.0061,0.0000,0.0000,0.0000,0.0061,0.0001,200,1.5667
0.0065,0.0000,0.0000,0.0000,0.0064,0.0000,200,1.5665
0.0065,0.0000,0.0000,0.0000,0.0065,0.0000,200,1.5665
0.0064,0.0000,0.0000,0.0000,0.0063,0.0000,200,1.5666
0.0063,0.0000,0.0000,0.0000,0.0062,0.0001,200,1.5729
0.0063,0.0000,0.0000,0.0000,0.0063,0.0000,200,1.5730
0.0064,0.0000,0.0000,0.0000,0.0064,0.0000,200,1.5730
0.0064,0.0000,0.0000,0.0000,0.0063,0.0000,200,1.5730
0.0063,0.0000,0.0000,0.0000,0.0062,0.0001,200,1.5793
0.0065,0.0000,0.0000,0.0000,0.0064,0.0000,200,1.5792
0.0063,0.0000,0.0000,0.0000,0.0063,0.0000,200,1.5794
0.0064,0.0000,0.0000,0.0000,0.0064,0.0000,200,1.5794
0.0062,0.0000,0.0000,0.0000,0.0062,0.0000,200,1.5857
0.0062,0.0000,0.0000,0.0000,0.0061,0.0000,200,1.5858
0.0062,0.0000,0.0000,0.0000,0.0061,0.0000,200,1.5858
0.0063,0.0000,0.0000,0.0000,0.0062,0.0000,200,1.5857
0.0063,0.0000,0.0000,0.0000,0.0062,0.0001,200,1.5920
0.0064,0.0000,0.0000,0.0000,0.0063,0.0000,200,1.5920
0.0072,0.0000,0.0000,0.0000,0.0067,0.0005,200,1.5920
0.0075,0.0000,0.0000,0.0000,0.0074,0.0000,200,1.5920
0.0069,0.0000,0.0000,0.0000,0.0068,0.0001,200,1.5983
0.0070,0.0000,0.0000,0.0000,0.0069,0.0000,200,1.5983
0.0063,0.0000,0.0000,0.0000,0.0063,0.0000,200,1.5992
0.0072,0.0000,0.0000,0.0000,0.0072,0.0000,200,1.5994
0.0063,0.0000,0.0000,0.0000,0.0062,0.0001,200,1.6052
0.0064,0.0000,0.0000,0.0000,0.0063,0.0000,200,1.6052
0.0063,0.0000,0.0000,0.0000,0.0062,0.0000,200,1.6055
0.0061,0.0000,0.0000,0.0000,0.0060,0.0000,200,1.6067
0.0064,0.0000,0.0000,0.0000,0.0063,0.0001,200,1.6116
0.0064,0.0000,0.0000,0.0000,0.0064,0.0000,200,1.6116
0.0063,0.0000,0.0000,0.0000,0.0062,0.0000,200,1.6118
0.0060,0.0000,0.0000,0.0000,0.0059,0.0000,200,1.6128
0.0064,0.0000,0.0000,0.0000,0.0063,0.0000,200,1.6181
0.0064,0.0000,0.0000,0.0000,0.0063,0.0001,200,1.6181
0.0064,0.0000,0.0000,0.0000,0.0063,0.0001,200,1.6180
0.0060,0.0000,0.0000,0.0000,0.0059,0.0001,200,1.6188
0.0065,0.0000,0.0000,0.0000,0.0064,0.0001,200,1.6244
0.0065,0.0000,0.0000,0.0000,0.0064,0.0001,200,1.6244
0.0061,0.0000,0.0000,0.0000,0.0061,0.0000,200,1.6248
0.0066,0.0000,0.0000,0.0000,0.0066,0.0000,200,1.6244
0.0061,0.0000,0.0000,0.0000,0.0060,0.0000,200,1.6311
0.0063,0.0000,0.0000,0.0000,0.0062,0.0000,200,1.6309
0.0063,0.0000,0.0000,0.0000,0.0062,0.0000,200,1.6309
0.0063,0.0000,0.0000,0.0000,0.0063,0.0000,200,1.6310
0.0062,0.0000,0.0000,0.0000,0.0061,0.0001,200,1.6372
0.0063,0.0000,0.0000,0.0000,0.0062,0.0000,200,1.6372
0.0063,0.0000,0.0000,0.0000,0.0062,0.0000,200,1.6372
0.0062,0.0000,0.0000,0.0000,0.0062,0.0000,200,1.6373
0.0064,0.0000,0.0000,0.0000,0.0062,0.0001,200,1.6434
0.0064,0.0000,0.0000,0.0000,0.0063,0.0001,200,1.6435
0.0064,0.0000,0.0000,0.0000,0.0063,0.0000,200,1.6435
0.0064,0.0000,0.0000,0.0000,0.0063,0.0000,200,1.6435
0.0062,0.0000,0.0000,0.0000,0.0061,0.0001,200,1.6499
0.0062,0.0000,0.0000,0.0000,0.0061,0.0001,200,1.6499
0.0064,0.0000,0.0000,0.0000,0.0064,0.0000,200,1.6498
0.0064,0.0000,0.0000,0.0000,0.0063,0.0000,200,1.6498
0.0064,0.0000,0.0000,0.0000,0.0063,0.0000,200,1.6561
0.0063,0.0000,0.0000,0.0000,0.0062,0.0000,200,1.6562
0.0064,0.0000,0.0000,0.0000,0.0063,0.0000,200,1.6561
0.0063,0.0000,0.0000,0.0000,0.0063,0.0000,200,1.6562
0.0063,0.0000,0.0000,0.0000,0.0062,0.0001,200,1.6625
0.0064,0.0000,0.0000,0.0000,0.0063,0.0000,200,1.6625
0.0064,0.0000,0.0000,0.0000,0.0063,0.0000,200,1.6625
0.0064,0.0000,0.0000,0.0000,0.0063,0.0000,200,1.6625
0.0063,0.0000,0.0000,0.0000,0.0062,0.0001,200,1.6688
0.0063,0.0000,0.0000,0.0000,0.0063,0.0000,200,1.6688
0.0063,0.0000,0.0000,0.0000,0.0063,0.0000,200,1.6688
0.0063,0.0000,0.0000,0.0000,0.0063,0.0000,200,1.6688
0.0063,0.0000,0.0000,0.0000,0.0063,0.0000,200,1.6752
0.0064,0.0000,0.0000,0.0000,0.0063,0.0000,200,1.6751
0.0063,0.0000,0.0000,0.0000,0.0063,0.0000,200,1.6752
0.0064,0.0000,0.0000,0.0000,0.0063,0.0001,200,1.6752
0.0062,0.0000,0.0000,0.0000,0.0061,0.0000,200,1.6816
0.0062,0.0000,0.0000,0.0000,0.0061,0.0001,200,1.6815
0.0063,0.0000,0.0000,0.0000,0.0062,0.0000,200,1.6815
0.0063,0.0000,0.0000,0.0000,0.0062,0.0000,200,1.6815
0.0063,0.0000,0.0000,0.0000,0.0062,0.0000,200,1.6877
0.0063,0.0000,0.0000,0.0000,0.0062,0.0000,200,1.6878
0.0063,0.0000,0.0000,0.0000,0.0062,0.0000,200,1.6878
0.0065,0.0000,0.0000,0.0000,0.0064,0.0000,200,1.6877
0.0063,0.0000,0.0000,0.0000,0.0062,0.0001,200,1.6940
0.0062,0.0000,0.0000,0.0000,0.0062,0.0000,200,1.6942
0.0064,0.0000,0.0000,0.0000,0.0064,0.0000,200,1.6940
0.0064,0.0000,0.0000,0.0000,0.0064,0.0000,200,1.6940
0.0062,0.0000,0.0000,0.0000,0.0061,0.0000,200,1.7005
0.0063,0.0000,0.0000,0.0000,0.0062,0.0000,200,1.7004
0.0063,0.0000,0.0000,0.0000,0.0063,0.0000,200,1.7005
0.0063,0.0000,0.0000,0.0000,0.0063,0.0000,200,1.7005
0.0063,0.0000,0.0000,0.0000,0.0063,0.0001,200,1.7067
0.0063,0.0000,0.0000,0.0000,0.0062,0.0000,200,1.7068
0.0063,0.0000,0.0000,0.0000,0.0062,0.0000,200,1.7068
0.0064,0.0000,0.0000,0.0000,0.0063,0.0000,200,1.7067
0.0063,0.0000,0.0000,0.0000,0.0062,0.0000,200,1.7131
0.0063,0.0000,0.0000,0.0000,0.0062,0.0001,200,1.7130
0.0063,0.0000,0.0000,0.0000,0.0062,0.0001,200,1.7131
0.0063,0.0000,0.0000,0.0000,0.0063,0.0000,200,1.7131
0.0065,0.0000,0.0000,0.0000,0.0064,0.0001,200,1.7193
0.0065,0.0000,0.0000,0.0000,0.0065,0.0000,200,1.7193
0.0066,0.0000,0.0000,0.0000,0.0065,0.0000,200,1.7193
0.0073,0.0000,0.0000,0.0000,0.0073,0.0000,200,1.7194
0.0063,0.0000,0.0000,0.0000,0.0063,0.0000,200,1.7259
0.0063,0.0000,0.0000,0.0000,0.0062,0.0000,200,1.7259
0.0063,0.0000,0.0000,0.0000,0.0062,0.0001,200,1.7259
0.0060,0.0000,0.0000,0.0000,0.0059,0.0000,200,1.7267
0.0063,0.0000,0.0000,0.0000,0.0062,0.0000,200,1.7322
0.0063,0.0000,0.0000,0.0000,0.0062,0.0000,200,1.7322
0.0063,0.0000,0.0000,0.0000,0.0062,0.0001,200,1.7322
0.0071,0.0000,0.0000,0.0000,0.0070,0.0000,200,1.7327
0.0063,0.0000,0.0000,0.0000,0.0062,0.0001,200,1.7385
0.0063,0.0000,0.0000,0.0000,0.0062,0.0000,200,1.7385
0.0063,0.0000,0.0000,0.0000,0.0062,0.0000,200,1.7385
0.0062,0.0000,0.0000,0.0000,0.0061,0.0000,200,1.7398
0.0064,0.0000,0.0000,0.0000,0.0063,0.0000,200,1.7448
0.0064,0.0000,0.0000,0.0000,0.0063,0.0000,200,1.7448
0.0065,0.0000,0.0000,0.0000,0.0064,0.0000,200,1.7448
0.0061,0.0000,0.0000,0.0000,0.0060,0.0001,200,1.7460
0.0071,0.0000,0.0000,0.0000,0.0071,0.0000,200,1.7512
0.0062,0.0000,0.0000,0.0000,0.0061,0.0000,200,1.7521
0.0071,0.0000,0.0000,0.0000,0.0070,0.0000,200,1.7512
0.0072,0.0000,0.0000,0.0000,0.0065,0.0007,200,1.7511
0.0064,0.0000,0.0000,0.0000,0.0063,0.0001,200,1.7584
0.0065,0.0000,0.0000,0.0000,0.0065,0.0000,200,1.7583
0.0066,0.0000,0.0000,0.0000,0.0065,0.0000,200,1.7583
0.0070,0.0000,0.0000,0.0000,0.0070,0.0000,200,1.7583
0.0074,0.0000,0.0000,0.0000,0.0073,0.0001,200,1.7647
0.0073,0.0000,0.0000,0.0000,0.0073,0.0001,200,1.7648
0.0073,0.0000,0.0000,0.0000,0.0073,0.0000,200,1.7649
0.0073,0.0000,0.0000,0.0000,0.0072,0.0000,200,1.7654
0.0067,0.0000,0.0000,0.0000,0.0065,0.0001,200,1.7722
0.0063,0.0000,0.0000,0.0000,0.0062,0.0000,200,1.7727
0.0069,0.0000,0.0000,0.0000,0.0068,0.0000,200,1.7722
0.0070,0.0000,0.0000,0.0000,0.0069,0.0000,200,1.7722
0.0063,0.0000,0.0000,0.0000,0.0063,0.0001,200,1.7791
0.0066,0.0000,0.0000,0.0000,0.0065,0.0000,200,1.7789
0.0066,0.0000,0.0000,0.0000,0.0065,0.0000,200,1.7792
0.0068,0.0000,0.0000,0.0000,0.0067,0.0000,200,1.7790
0.0068,0.0000,0.0000,0.0000,0.0067,0.0001,200,1.7855
0.0072,0.0000,0.0000,0.0000,0.0072,0.0000,200,1.7857
0.0073,0.0000,0.0000,0.0000,0.0072,0.0001,200,1.7857
0.0076,0.0000,0.0000,0.0000,0.0075,0.0000,200,1.7854
0.0068,0.0000,0.0000,0.0000,0.0067,0.0001,200,1.7923
0.0065,0.0000,0.0000,0.0000,0.0065,0.0000,200,1.7930
0.0066,0.0000,0.0000,0.0000,0.0065,0.0000,200,1.7930
0.0067,0.0000,0.0000,0.0000,0.0066,0.0000,200,1.7931
0.0070,0.0000,0.0000,0.0000,0.0069,0.0001,200,1.7991
0.0067,0.0000,0.0000,0.0000,0.0066,0.0000,200,1.7995
0.0066,0.0000,0.0000,0.0000,0.0066,0.0000,200,1.7997
0.0069,0.0000,0.0000,0.0000,0.0068,0.0000,200,1.7995
0.0063,0.0000,0.0000,0.0000,0.0063,0.0000,200,1.8064
0.0066,0.0000,0.0000,0.0000,0.0065,0.0000,200,1.8061
0.0065,0.0000,0.0000,0.0000,0.0064,0.0001,200,1.8063
0.0069,0.0000,0.0000,0.0000,0.0069,0.0000,200,1.8062
0.0064,0.0000,0.0000,0.0000,0.0063,0.0000,200,1.8127
0.0064,0.0000,0.0000,0.0000,0.0063,0.0001,200,1.8127
0.0060,0.0000,0.0000,0.0000,0.0059,0.0000,200,1.8132
0.0067,0.0000,0.0000,0.0000,0.0067,0.0000,200,1.8128
0.0064,0.0000,0.0000,0.0000,0.0063,0.0000,200,1.8192
0.0064,0.0000,0.0000,0.0000,0.0063,0.0001,200,1.8192
0.0065,0.0000,0.0000,0.0000,0.0064,0.0000,200,1.8191
0.0068,0.0000,0.0000,0.0000,0.0067,0.0000,200,1.8195
0.0064,0.0000,0.0000,0.0000,0.0063,0.0000,200,1.8255
0.0063,0.0000,0.0000,0.0000,0.0063,0.0000,200,1.8257
0.0065,0.0000,0.0000,0.0000,0.0064,0.0000,200,1.8255
0.0059,0.0000,0.0000,0.0000,0.0058,0.0000,200,1.8263
0.0063,0.0000,0.0000,0.0000,0.0062,0.0001,200,1.8319
0.0062,0.0000,0.0000,0.0000,0.0062,0.0000,200,1.8320
0.0063,0.0000,0.0000,0.0000,0.0062,0.0000,200,1.8320
0.0061,0.0000,0.0000,0.0000,0.0060,0.0000,200,1.8322
0.0063,0.0000,0.0000,0.0000,0.0062,0.0001,200,1.8382
0.0064,0.0000,0.0000,0.0000,0.0064,0.0000,200,1.8382
0.0064,0.0000,0.0000,0.0000,0.0063,0.0000,200,1.8382
0.0075,0.0000,0.0000,0.0000,0.0074,0.0000,200,1.8382
0.0070,0.0000,0.0000,0.0000,0.0069,0.0001,200,1.8446
0.0070,0.0000,0.0000,0.0000,0.0069,0.0001,200,1.8446
0.0069,0.0000,0.0000,0.0000,0.0068,0.0001,200,1.8446
0.0067,0.0000,0.0000,0.0000,0.0066,0.0000,200,1.8457
0.0070,0.0000,0.0000,0.0000,0.0069,0.0001,200,1.8516
0.0070,0.0000,0.0000,0.0000,0.0069,0.0000,200,1.8516
0.0070,0.0000,0.0000,0.0000,0.0069,0.0001,200,1.8516
0.0064,0.0000,0.0000,0.0000,0.0064,0.0000,200,1.8524
0.0064,0.0000,0.0000,0.0000,0.0063,0.0000,200,1.8586
0.0062,0.0000,0.0000,0.0000,0.0062,0.0000,200,1.8588
0.0065,0.0000,0.0000,0.0000,0.0064,0.0000,200,1.8586
0.0065,0.0000,0.0000,0.0000,0.0064,0.0000,200,1.8586
0.0063,0.0000,0.0000,0.0000,0.0062,0.0001,200,1.8651
0.0064,0.0000,0.0000,0.0000,0.0063,0.0000,200,1.8650
0.0063,0.0000,0.0000,0.0000,0.0062,0.0001,200,1.8651
0.0064,0.0000,0.0000,0.0000,0.0063,0.0001,200,1.8650
0.0063,0.0000,0.0000,0.0000,0.0063,0.0000,200,1.8714
0.0064,0.0000,0.0000,0.0000,0.0063,0.0000,200,1.8714
0.0064,0.0000,0.0000,0.0000,0.0063,0.0000,200,1.8714
0.0064,0.0000,0.0000,0.0000,0.0064,0.0000,200,1.8714
0.0064,0.0000,0.0000,0.0000,0.0063,0.0000,200,1.8778
0.0064,0.0000,0.0000,0.0000,0.0063,0.0000,200,1.8777
0.0063,0.0000,0.0000,0.0000,0.0062,0.0000,200,1.8778
0.0064,0.0000,0.0000,0.0000,0.0063,0.0001,200,1.8777
0.0065,0.0000,0.0000,0.0000,0.0064,0.0001,200,1.8842
0.0069,0.0000,0.0000,0.0000,0.0068,0.0000,200,1.8841
0.0069,0.0000,0.0000,0.0000,0.0069,0.0000,200,1.8841
0.0069,0.0000,0.0000,0.0000,0.0069,0.0000,200,1.8841
0.0065,0.0000,0.0000,0.0000,0.0064,0.0001,200,1.8907
0.0062,0.0000,0.0000,0.0000,0.0062,0.0000,200,1.8911
0.0063,0.0000,0.0000,0.0000,0.0062,0.0000,200,1.8911
0.0063,0.0000,0.0000,0.0000,0.0063,0.0000,200,1.8910
0.0064,0.0000,0.0000,0.0000,0.0063,0.0001,200,1.8973
0.0064,0.0000,0.0000,0.0000,0.0063,0.0000,200,1.8973
0.0066,0.0000,0.0000,0.0000,0.0065,0.0000,200,1.8972
0.0064,0.0000,0.0000,0.0000,0.0063,0.0000,200,1.8974
0.0064,0.0000,0.0000,0.0000,0.0063,0.0001,200,1.9037
0.0063,0.0000,0.0000,0.0000,0.0063,0.0000,200,1.9038
0.0064,0.0000,0.0000,0.0000,0.0063,0.0000,200,1.9038
0.0065,0.0000,0.0000,0.0000,0.0064,0.0000,200,1.9037
0.0064,0.0000,0.0000,0.0000,0.0063,0.0000,200,1.9101
0.0064,0.0000,0.0000,0.0000,0.0063,0.0000,200,1.9101
0.0064,0.0000,0.0000,0.0000,0.0063,0.0000,200,1.9101
0.0066,0.0000,0.0000,0.0000,0.0065,0.0000,200,1.9101
0.0063,0.0000,0.0000,0.0000,0.0062,0.0001,200,1.9165
0.0063,0.0000,0.0000,0.0000,0.0062,0.0000,200,1.9165
0.0063,0.0000,0.0000,0.0000,0.0062,0.0000,200,1.9165
0.0064,0.0000,0.0000,0.0000,0.0063,0.0000,200,1.9167
0.0065,0.0000,0.0000,0.0000,0.0064,0.0001,200,1.9228
0.0065,0.0000,0.0000,0.0000,0.0064,0.0001,200,1.9228
0.0064,0.0000,0.0000,0.0000,0.0063,0.0000,200,1.9230
0.0066,0.0000,0.0000,0.0000,0.0065,0.0000,200,1.9228
0.0063,0.0000,0.0000,0.0000,0.0061,0.0001,200,1.9294
0.0063,0.0000,0.0000,0.0000,0.0063,0.0000,200,1.9294
0.0064,0.0000,0.0000,0.0000,0.0063,0.0000,200,1.9293
0.0063,0.0000,0.0000,0.0000,0.0063,0.0000,200,1.9294
0.0062,0.0000,0.0000,0.0000,0.0061,0.0000,200,1.9356
0.0061,0.0000,0.0000,0.0000,0.0060,0.0001,200,1.9357
0.0061,0.0000,0.0000,0.0000,0.0061,0.0000,200,1.9357
0.0063,0.0000,0.0000,0.0000,0.0062,0.0000,200,1.9357
0.0064,0.0000,0.0000,0.0000,0.0063,0.0001,200,1.9418
0.0064,0.0000,0.0000,0.0000,0.0063,0.0001,200,1.9418
0.0063,0.0000,0.0000,0.0000,0.0062,0.0000,200,1.9419
0.0064,0.0000,0.0000,0.0000,0.0064,0.0000,200,1.9418
0.0063,0.0000,0.0000,0.0000,0.0062,0.0000,200,1.9482
0.0063,0.0000,0.0000,0.0000,0.0062,0.0000,200,1.9482
0.0063,0.0000,0.0000,0.0000,0.0062,0.0000,200,1.9482
0.0063,0.0000,0.0000,0.0000,0.0062,0.0000,200,1.9482
0.0062,0.0000,0.0000,0.0000,0.0061,0.0001,200,1.9545
0.0063,0.0000,0.0000,0.0000,0.0062,0.0000,200,1.9545
0.0065,0.0000,0.0000,0.0000,0.0064,0.0000,200,1.9545
0.0066,0.0000,0.0000,0.0000,0.0066,0.0000,200,1.9545
0.0064,0.0000,0.0000,0.0000,0.0063,0.0001,200,1.9607
0.0064,0.0000,0.0000,0.0000,0.0063,0.0000,200,1.9608
0.0062,0.0000,0.0000,0.0000,0.0061,0.0001,200,1.9610
0.0066,0.0000,0.0000,0.0000,0.0066,0.0000,200,1.9611
0.0070,0.0000,0.0000,0.0000,0.0069,0.0001,200,1.9672
0.0065,0.0000,0.0000,0.0000,0.0064,0.0001,200,1.9677
0.0070,0.0000,0.0000,0.0000,0.0069,0.0001,200,1.9672
0.0073,0.0000,0.0000,0.0000,0.0072,0.0000,200,1.9672
0.0061,0.0000,0.0000,0.0000,0.0060,0.0001,200,1.9744
0.0064,0.0000,0.0000,0.0000,0.0063,0.0000,200,1.9742
0.0064,0.0000,0.0000,0.0000,0.0063,0.0000,200,1.9742
0.0064,0.0000,0.0000,0.0000,0.0063,0.0000,200,1.9742
0.0063,0.0000,0.0000,0.0000,0.0062,0.0000,200,1.9805
0.0063,0.0000,0.0000,0.0000,0.0062,0.0000,200,1.9806
0.0063,0.0000,0.0000,0.0000,0.0062,0.0000,200,1.9806
0.0063,0.0000,0.0000,0.0000,0.0062,0.0000,200,1.9806
0.0062,0.0000,0.0000,0.0000,0.0062,0.0001,200,1.9868
0.0063,0.0000,0.0000,0.0000,0.0062,0.0000,200,1.9868
0.0063,0.0000,0.0000,0.0000,0.0062,0.0000,200,1.9868
0.0063,0.0000,0.0000,0.0000,0.0063,0.0000,200,1.9868
0.0064,0.0000,0.0000,0.0000,0.0062,0.0001,200,1.9931
0.0064,0.0000,0.0000,0.0000,0.0063,0.0000,200,1.9931
0.0064,0.0000,0.0000,0.0000,0.0064,0.0000,200,1.9931
0.0063,0.0000,0.0000,0.0000,0.0063,0.0000,200,1.9932
0.0064,0.0000,0.0000,0.0000,0.0063,0.0001,200,1.9995
0.0064,0.0000,0.0000,0.0000,0.0064,0.0000,200,1.9995
0.0065,0.0000,0.0000,0.0000,0.0064,0.0000,200,1.9995
0.0065,0.0000,0.0000,0.0000,0.0064,0.0000,200,1.9995
0.0063,0.0000,0.0000,0.0000,0.0062,0.0001,200,2.0060
0.0065,0.0000,0.0000,0.0000,0.0065,0.0000,200,2.0060
0.0066,0.0000,0.0000,0.0000,0.0066,0.0000,200,2.0060
0.0067,0.0000,0.0000,0.0000,0.0065,0.0002,200,2.0059
0.0064,0.0000,0.0000,0.0000,0.0063,0.0001,200,2.0123
0.0062,0.0000,0.0000,0.0000,0.0061,0.0000,200,2.0127
0.0063,0.0000,0.0000,0.0000,0.0063,0.0000,200,2.0126
0.0065,0.0000,0.0000,0.0000,0.0064,0.0000,200,2.0125
0.0062,0.0000,0.0000,0.0000,0.0062,0.0000,200,2.0190
0.0065,0.0000,0.0000,0.0000,0.0065,0.0000,200,2.0187
0.0064,0.0000,0.0000,0.0000,0.0063,0.0000,200,2.0189
0.0067,0.0000,0.0000,0.0000,0.0063,0.0004,200,2.0188
0.0065,0.0000,0.0000,0.0000,0.0064,0.0001,200,2.0252
0.0064,0.0000,0.0000,0.0000,0.0064,0.0000,200,2.0253
0.0064,0.0000,0.0000,0.0000,0.0063,0.0000,200,2.0255
0.0068,0.0000,0.0000,0.0002,0.0065,0.0000,200,2.0253
0.0064,0.0000,0.0000,0.0000,0.0063,0.0001,200,2.0317
0.0064,0.0000,0.0000,0.0000,0.0063,0.0000,200,2.0317
0.0062,0.0000,0.0000,0.0000,0.0062,0.0000,200,2.0320
0.0061,0.0000,0.0000,0.0000,0.0061,0.0000,200,2.0321
0.0062,0.0000,0.0000,0.0000,0.0061,0.0001,200,2.0382
0.0064,0.0000,0.0000,0.0000,0.0063,0.0001,200,2.0381
0.0064,0.0000,0.0000,0.0000,0.0064,0.0000,200,2.0381
0.0064,0.0000,0.0000,0.0000,0.0063,0.0000,200,2.0382
0.0063,0.0000,0.0000,0.0000,0.0062,0.0001,200,2.0445
0.0064,0.0000,0.0000,0.0000,0.0063,0.0000,200,2.0445
0.0063,0.0000,0.0000,0.0000,0.0062,0.0000,200,2.0446
0.0064,0.0000,0.0000,0.0000,0.0064,0.0000,200,2.0445
0.0068,0.0000,0.0000,0.0000,0.0067,0.0001,200,2.0508
0.0067,0.0000,0.0000,0.0000,0.0067,0.0000,200,2.0509
0.0067,0.0000,0.0000,0.0000,0.0066,0.0000,200,2.0509
0.0068,0.0000,0.0000,0.0000,0.0067,0.0000,200,2.0509
0.0065,0.0000,0.0000,0.0000,0.0064,0.0000,200,2.0576
0.0065,0.0000,0.0000,0.0000,0.0064,0.0000,200,2.0576
0.0065,0.0000,0.0000,0.0000,0.0064,0.0000,200,2.0576
0.0066,0.0000,0.0000,0.0000,0.0065,0.0000,200,2.0576
0.0063,0.0000,0.0000,0.0000,0.0062,0.0001,200,2.0642
0.0064,0.0000,0.0000,0.0000,0.0063,0.0001,200,2.0641
0.0064,0.0000,0.0000,0.0000,0.0063,0.0000,200,2.0641
0.0064,0.0000,0.0000,0.0000,0.0063,0.0001,200,2.0641
0.0063,0.0000,0.0000,0.0000,0.0062,0.0000,200,2.0705
0.0063,0.0000,0.0000,0.0000,0.0062,0.0001,200,2.0705
0.0063,0.0000,0.0000,0.0000,0.0062,0.0000,200,2.0705
0.0064,0.0000,0.0000,0.0000,0.0064,0.0000,200,2.0705
0.0062,0.0000,0.0000,0.0000,0.0061,0.0000,200,2.0768
0.0062,0.0000,0.0000,0.0000,0.0061,0.0000,200,2.0769
0.0062,0.0000,0.0000,0.0000,0.0061,0.0000,200,2.0768
0.0062,0.0000,0.0000,0.0000,0.0061,0.0001,200,2.0768
0.0063,0.0000,0.0000,0.0000,0.0062,0.0001,200,2.0830
0.0063,0.0000,0.0000,0.0000,0.0062,0.0001,200,2.0830
0.0075,0.0000,0.0000,0.0000,0.0074,0.0000,200,2.0831
0.0076,0.0000,0.0000,0.0000,0.0072,0.0003,200,2.0830
0.0068,0.0000,0.0000,0.0000,0.0067,0.0001,200,2.0894
0.0069,0.0000,0.0000,0.0000,0.0068,0.0000,200,2.0894
0.0062,0.0000,0.0000,0.0000,0.0061,0.0000,200,2.0906
0.0066,0.0000,0.0000,0.0000,0.0065,0.0000,200,2.0906
0.0064,0.0000,0.0000,0.0000,0.0063,0.0001,200,2.0962
0.0064,0.0000,0.0000,0.0000,0.0063,0.0000,200,2.0962
0.0061,0.0000,0.0000,0.0000,0.0061,0.0000,200,2.0967
0.0061,0.0000,0.0000,0.0000,0.0060,0.0000,200,2.0972
0.0062,0.0000,0.0000,0.0000,0.0061,0.0001,200,2.1028
0.0065,0.0000,0.0000,0.0000,0.0064,0.0000,200,2.1026
0.0060,0.0000,0.0000,0.0000,0.0060,0.0000,200,2.1033
0.0069,0.0000,0.0000,0.0000,0.0068,0.0000,200,2.1026
0.0065,0.0000,0.0000,0.0000,0.0064,0.0001,200,2.1090
0.0064,0.0000,0.0000,0.0000,0.0064,0.0000,200,2.1091
0.0063,0.0000,0.0000,0.0000,0.0062,0.0000,200,2.1093
0.0062,0.0000,0.0000,0.0000,0.0062,0.0000,200,2.1095
0.0066,0.0000,0.0000,0.0000,0.0066,0.0000,200,2.1155
0.0066,0.0000,0.0000,0.0000,0.0066,0.0000,200,2.1156
0.0066,0.0000,0.0000,0.0000,0.0065,0.0000,200,2.1157
0.0068,0.0000,0.0000,0.0000,0.0067,0.0000,200,2.1155
0.0068,0.0000,0.0000,0.0000,0.0067,0.0000,200,2.1223
0.0069,0.0000,0.0000,0.0000,0.0068,0.0000,200,2.1222
0.0069,0.0000,0.0000,0.0000,0.0068,0.0001,200,2.1222
0.0075,0.0000,0.0000,0.0000,0.0075,0.0000,200,2.1224
0.0065,0.0000,0.0000,0.0000,0.0064,0.0001,200,2.1291
0.0066,0.0000,0.0000,0.0000,0.0066,0.0000,200,2.1291
0.0066,0.0000,0.0000,0.0000,0.0066,0.0000,200,2.1291
0.0061,0.0000,0.0000,0.0000,0.0060,0.0000,200,2.1299
0.0064,0.0000,0.0000,0.0000,0.0064,0.0001,200,2.1357
0.0062,0.0000,0.0000,0.0000,0.0062,0.0000,200,2.1360
0.0067,0.0000,0.0000,0.0000,0.0066,0.0000,200,2.1355
0.0066,0.0000,0.0000,0.0000,0.0065,0.0000,200,2.1357
0.0064,0.0000,0.0000,0.0000,0.0063,0.0000,200,2.1422
0.0064,0.0000,0.0000,0.0000,0.0063,0.0000,200,2.1422
0.0064,0.0000,0.0000,0.0000,0.0063,0.0000,200,2.1423
0.0065,0.0000,0.0000,0.0000,0.0065,0.0000,200,2.1422
0.0068,0.0000,0.0000,0.0000,0.0067,0.0000,200,2.1487
0.0069,0.0000,0.0000,0.0000,0.0068,0.0001,200,2.1486
0.0069,0.0000,0.0000,0.0000,0.0069,0.0000,200,2.1486
0.0068,0.0000,0.0000,0.0000,0.0068,0.0000,200,2.1487
0.0064,0.0000,0.0000,0.0000,0.0063,0.0000,200,2.1555
0.0065,0.0000,0.0000,0.0000,0.0063,0.0000,200,2.1555
0.0064,0.0000,0.0000,0.0000,0.0063,0.0000,200,2.1555
0.0065,0.0000,0.0000,0.0000,0.0064,0.0000,200,2.1555
0.0063,0.0000,0.0000,0.0000,0.0063,0.0000,200,2.1619
0.0063,0.0000,0.0000,0.0000,0.0063,0.0000,200,2.1619
0.0064,0.0000,0.0000,0.0000,0.0063,0.0000,200,2.1619
0.0064,0.0000,0.0000,0.0000,0.0063,0.0000,200,2.1620
0.0064,0.0000,0.0000,0.0000,0.0063,0.0001,200,2.1683
0.0064,0.0000,0.0000,0.0000,0.0063,0.0000,200,2.1683
0.0064,0.0000,0.0000,0.0000,0.0064,0.0000,200,2.1683
0.0064,0.0000,0.0000,0.0000,0.0064,0.0000,200,2.1683
0.0065,0.0000,0.0000,0.0000,0.0065,0.0000,200,2.1747
0.0065,0.0000,0.0000,0.0000,0.0065,0.0000,200,2.1748
0.0065,0.0000,0.0000,0.0000,0.0065,0.0000,200,2.1748
0.0066,0.0000,0.0000,0.0000,0.0066,0.0000,200,2.1747
0.0063,0.0000,0.0000,0.0000,0.0062,0.0001,200,2.1813
0.0063,0.0000,0.0000,0.0000,0.0062,0.0000,200,2.1813
0.0065,0.0000,0.0000,0.0000,0.0064,0.0000,200,2.1812
0.0064,0.0000,0.0000,0.0000,0.0064,0.0000,200,2.1813
0.0063,0.0000,0.0000,0.0000,0.0062,0.0001,200,2.1877
0.0063,0.0000,0.0000,0.0000,0.0062,0.0000,200,2.1877
0.0065,0.0000,0.0000,0.0000,0.0064,0.0000,200,2.1876
0.0065,0.0000,0.0000,0.0000,0.0065,0.0000,200,2.1876
0.0065,0.0000,0.0000,0.0000,0.0064,0.0001,200,2.1940
0.0065,0.0000,0.0000,0.0000,0.0065,0.0000,200,2.1941
0.0066,0.0000,0.0000,0.0000,0.0066,0.0000,200,2.1940
0.0066,0.0000,0.0000,0.0000,0.0066,0.0000,200,2.1940
0.0063,0.0000,0.0000,0.0000,0.0063,0.0001,200,2.2006
0.0063,0.0000,0.0000,0.0000,0.0062,0.0000,200,2.2006
0.0063,0.0000,0.0000,0.0000,0.0063,0.0000,200,2.2006
0.0065,0.0000,0.0000,0.0000,0.0064,0.0000,200,2.2005
0.0064,0.0000,0.0000,0.0000,0.0062,0.0001,200,2.2069
0.0064,0.0000,0.0000,0.0000,0.0063,0.0000,200,2.2069
0.0073,0.0000,0.0000,0.0000,0.0072,0.0000,200,2.2070
0.0099,0.0000,0.0000,0.0000,0.0098,0.0001,200,2.2069
0.0082,0.0000,0.0000,0.0000,0.0071,0.0009,200,2.2133
0.0082,0.0000,0.0000,0.0000,0.0082,0.0000,200,2.2133
0.0091,0.0000,0.0000,0.0000,0.0090,0.0001,200,2.2143
0.0067,0.0000,0.0000,0.0000,0.0066,0.0000,200,2.2168
0.0063,0.0000,0.0000,0.0000,0.0062,0.0001,200,2.2215
0.0068,0.0000,0.0000,0.0000,0.0068,0.0001,200,2.2216
0.0064,0.0000,0.0000,0.0000,0.0063,0.0000,200,2.2233
0.0062,0.0000,0.0000,0.0000,0.0062,0.0000,200,2.2235
0.0063,0.0000,0.0000,0.0000,0.0062,0.0001,200,2.2278
0.0063,0.0000,0.0000,0.0000,0.0062,0.0001,200,2.2284
0.0062,0.0000,0.0000,0.0000,0.0061,0.0001,200,2.2297
0.0063,0.0000,0.0000,0.0000,0.0063,0.0000,200,2.2298
0.0065,0.0000,0.0000,0.0000,0.0064,0.0001,200,2.2341
0.0062,0.0000,0.0000,0.0000,0.0061,0.0000,200,2.2348
0.0061,0.0000,0.0000,0.0000,0.0060,0.0000,200,2.2359
0.0063,0.0000,0.0000,0.0000,0.0062,0.0000,200,2.2361
0.0063,0.0000,0.0000,0.0000,0.0062,0.0000,200,2.2406
0.0061,0.0000,0.0000,0.0000,0.0061,0.0000,200,2.2410
0.0063,0.0000,0.0000,0.0000,0.0062,0.0001,200,2.2420
0.0060,0.0000,0.0000,0.0000,0.0059,0.0000,200,2.2424
0.0065,0.0000,0.0000,0.0000,0.0064,0.0001,200,2.2471
0.0067,0.0000,0.0000,0.0000,0.0067,0.0000,200,2.2469
0.0062,0.0000,0.0000,0.0000,0.0062,0.0000,200,2.2483
0.0064,0.0000,0.0000,0.0000,0.0064,0.0000,200,2.2484
0.0066,0.0000,0.0000,0.0000,0.0065,0.0001,200,2.2537
0.0069,0.0000,0.0000,0.0000,0.0068,0.0000,200,2.2536
0.0064,0.0000,0.0000,0.0000,0.0063,0.0000,200,2.2545
0.0061,0.0000,0.0000,0.0000,0.0061,0.0000,200,2.2548
0.0066,0.0000,0.0000,0.0000,0.0065,0.0001,200,2.2605
0.0069,0.0000,0.0000,0.0000,0.0068,0.0000,200,2.2603
0.0071,0.0000,0.0000,0.0000,0.0070,0.0000,200,2.2609
0.0071,0.0000,0.0000,0.0000,0.0070,0.0000,200,2.2609
0.0065,0.0000,0.0000,0.0000,0.0065,0.0001,200,2.2672
0.0068,0.0000,0.0000,0.0000,0.0067,0.0000,200,2.2671
0.0064,0.0000,0.0000,0.0000,0.0063,0.0000,200,2.2680
0.0065,0.0000,0.0000,0.0000,0.0065,0.0000,200,2.2680
0.0066,0.0000,0.0000,0.0000,0.0065,0.0001,200,2.2738
0.0061,0.0000,0.0000,0.0000,0.0060,0.0000,200,2.2744
0.0066,0.0000,0.0000,0.0000,0.0065,0.0000,200,2.2739
0.0067,0.0000,0.0000,0.0000,0.0066,0.0001,200,2.2745
0.0065,0.0000,0.0000,0.0000,0.0064,0.0001,200,2.2803
0.0064,0.0000,0.0000,0.0001,0.0063,0.0000,200,2.2804
0.0064,0.0000,0.0000,0.0000,0.0063,0.0000,200,2.2805
0.0063,0.0000,0.0000,0.0000,0.0062,0.0000,200,2.2812
0.0064,0.0000,0.0000,0.0000,0.0063,0.0000,200,2.2868
0.0063,0.0000,0.0000,0.0000,0.0062,0.0000,200,2.2869
0.0063,0.0000,0.0000,0.0000,0.0062,0.0000,200,2.2869
0.0060,0.0000,0.0000,0.0000,0.0060,0.0000,200,2.2874
0.0064,0.0000,0.0000,0.0000,0.0063,0.0000,200,2.2932
0.0064,0.0000,0.0000,0.0000,0.0063,0.0001,200,2.2931
0.0064,0.0000,0.0000,0.0000,0.0064,0.0000,200,2.2932
0.0062,0.0000,0.0000,0.0000,0.0060,0.0001,200,2.2935
0.0063,0.0000,0.0000,0.0000,0.0062,0.0001,200,2.2996
0.0063,0.0000,0.0000,0.0000,0.0063,0.0000,200,2.2996
0.0063,0.0000,0.0000,0.0000,0.0063,0.0000,200,2.2996
0.0070,0.0000,0.0000,0.0000,0.0069,0.0000,200,2.2996
0.0063,0.0000,0.0000,0.0000,0.0062,0.0000,200,2.3059
0.0062,0.0000,0.0000,0.0000,0.0062,0.0000,200,2.3059
0.0063,0.0000,0.0000,0.0000,0.0062,0.0000,200,2.3059
0.0061,0.0000,0.0000,0.0000,0.0061,0.0000,200,2.3066
0.0063,0.0000,0.0000,0.0000,0.0062,0.0001,200,2.3121
0.0063,0.0000,0.0000,0.0000,0.0062,0.0001,200,2.3121
0.0063,0.0000,0.0000,0.0000,0.0062,0.0000,200,2.3122
0.0061,0.0000,0.0000,0.0000,0.0060,0.0000,200,2.3127
0.0061,0.0000,0.0000,0.0000,0.0061,0.0000,200,2.3188
0.0065,0.0000,0.0000,0.0000,0.0064,0.0001,200,2.3184
0.0065,0.0000,0.0000,0.0000,0.0064,0.0000,200,2.3184
0.0065,0.0000,0.0000,0.0000,0.0064,0.0001,200,2.3184
0.0064,0.0000,0.0000,0.0000,0.0063,0.0001,200,2.3249
0.0066,0.0000,0.0000,0.0000,0.0065,0.0001,200,2.3249
0.0068,0.0000,0.0000,0.0000,0.0067,0.0000,200,2.3249
0.0068,0.0000,0.0000,0.0000,0.0067,0.0000,200,2.3249
0.0068,0.0000,0.0000,0.0000,0.0067,0.0001,200,2.3317
0.0070,0.0000,0.0000,0.0000,0.0069,0.0001,200,2.3315
0.0070,0.0000,0.0000,0.0000,0.0069,0.0000,200,2.3317
0.0074,0.0000,0.0000,0.0000,0.0073,0.0000,200,2.3314
0.0066,0.0000,0.0000,0.0000,0.0065,0.0001,200,2.3385
0.0065,0.0000,0.0000,0.0000,0.0064,0.0000,200,2.3387
0.0067,0.0000,0.0000,0.0000,0.0066,0.0000,200,2.3385
0.0066,0.0000,0.0000,0.0000,0.0065,0.0000,200,2.3387
0.0065,0.0000,0.0000,0.0000,0.0064,0.0001,200,2.3452
0.0064,0.0000,0.0000,0.0000,0.0063,0.0001,200,2.3452
0.0065,0.0000,0.0000,0.0000,0.0064,0.0001,200,2.3452
0.0064,0.0000,0.0000,0.0000,0.0063,0.0001,200,2.3453
0.0063,0.0000,0.0000,0.0000,0.0062,0.0000,200,2.3516
0.0063,0.0000,0.0000,0.0000,0.0062,0.0000,200,2.3517
0.0063,0.0000,0.0000,0.0000,0.0062,0.0001,200,2.3516
0.0063,0.0000,0.0000,0.0000,0.0063,0.0000,200,2.3517
0.0067,0.0000,0.0000,0.0000,0.0067,0.0000,200,2.3580
0.0067,0.0000,0.0000,0.0000,0.0067,0.0000,200,2.3580
0.0068,0.0000,0.0000,0.0000,0.0066,0.0002,200,2.3580
0.0068,0.0000,0.0000,0.0000,0.0068,0.0000,200,2.3580
0.0063,0.0000,0.0000,0.0000,0.0062,0.0000,200,2.3648
0.0064,0.0000,0.0000,0.0001,0.0062,0.0000,200,2.3647
0.0063,0.0000,0.0000,0.0000,0.0062,0.0000,200,2.3648
0.0064,0.0000,0.0000,0.0000,0.0063,0.0000,200,2.3647
0.0060,0.0000,0.0000,0.0000,0.0060,0.0000,200,2.3711
0.0060,0.0000,0.0000,0.0000,0.0059,0.0000,200,2.3711
0.0062,0.0000,0.0000,0.0000,0.0061,0.0000,200,2.3711
0.0062,0.0000,0.0000,0.0000,0.0061,0.0000,200,2.3711
0.0062,0.0000,0.0000,0.0000,0.0061,0.0001,200,2.3773
0.0064,0.0000,0.0000,0.0000,0.0063,0.0000,200,2.3771
0.0062,0.0000,0.0000,0.0000,0.0062,0.0000,200,2.3773
0.0064,0.0000,0.0000,0.0000,0.0063,0.0000,200,2.3771
0.0064,0.0000,0.0000,0.0000,0.0064,0.0001,200,2.3835
0.0064,0.0000,0.0000,0.0000,0.0064,0.0001,200,2.3835
0.0064,0.0000,0.0000,0.0000,0.0064,0.0001,200,2.3835
0.0065,0.0000,0.0000,0.0000,0.0063,0.0001,200,2.3834
0.0065,0.0000,0.0000,0.0000,0.0064,0.0000,200,2.3899
0.0065,0.0000,0.0000,0.0000,0.0064,0.0001,200,2.3899
0.0065,0.0000,0.0000,0.0000,0.0064,0.0001,200,2.3900
0.0065,0.0000,0.0000,0.0000,0.0064,0.0001,200,2.3899
0.0084,0.0000,0.0000,0.0000,0.0083,0.0001,200,2.3964
0.0084,0.0000,0.0000,0.0000,0.0083,0.0001,200,2.3964
0.0084,0.0000,0.0000,0.0000,0.0084,0.0000,200,2.3964
0.0085,0.0000,0.0000,0.0000,0.0083,0.0001,200,2.3965
0.0070,0.0000,0.0000,0.0000,0.0068,0.0001,200,2.4049
0.0070,0.0000,0.0000,0.0000,0.0069,0.0000,200,2.4049
0.0070,0.0000,0.0000,0.0000,0.0069,0.0000,200,2.4049
0.0069,0.0000,0.0000,0.0000,0.0069,0.0000,200,2.4049
0.0066,0.0000,0.0000,0.0000,0.0065,0.0001,200,2.4118
0.0067,0.0000,0.0000,0.0000,0.0067,0.0001,200,2.4118
0.0070,0.0000,0.0000,0.0000,0.0069,0.0000,200,2.4118
0.0070,0.0000,0.0000,0.0000,0.0069,0.0000,200,2.4118
0.0070,0.0000,0.0000,0.0000,0.0069,0.0000,200,2.4184
0.0066,0.0000,0.0000,0.0000,0.0066,0.0000,200,2.4188
0.0066,0.0000,0.0000,0.0000,0.0066,0.0000,200,2.4188
0.0069,0.0000,0.0000,0.0000,0.0068,0.0001,200,2.4186
0.0065,0.0000,0.0000,0.0000,0.0064,0.0001,200,2.4254
0.0067,0.0000,0.0000,0.0000,0.0066,0.0000,200,2.4254
0.0067,0.0000,0.0000,0.0000,0.0066,0.0000,200,2.4254
0.0075,0.0000,0.0000,0.0000,0.0074,0.0000,200,2.4254
0.0063,0.0000,0.0000,0.0000,0.0062,0.0001,200,2.4322
0.0068,0.0000,0.0000,0.0000,0.0066,0.0000,200,2.4320
0.0068,0.0000,0.0000,0.0000,0.0067,0.0000,200,2.4321
0.0061,0.0000,0.0000,0.0000,0.0060,0.0000,200,2.4329
0.0066,0.0000,0.0000,0.0000,0.0065,0.0000,200,2.4385
0.0064,0.0000,0.0000,0.0000,0.0063,0.0000,200,2.4387
0.0061,0.0000,0.0000,0.0000,0.0060,0.0000,200,2.4390
0.0062,0.0000,0.0000,0.0000,0.0062,0.0000,200,2.4389
0.0064,0.0000,0.0000,0.0000,0.0063,0.0001,200,2.4451
0.0064,0.0000,0.0000,0.0000,0.0063,0.0000,200,2.4451
0.0074,0.0000,0.0000,0.0000,0.0074,0.0000,200,2.4451
0.0075,0.0000,0.0000,0.0000,0.0074,0.0000,200,2.4451
0.0070,0.0000,0.0000,0.0000,0.0068,0.0001,200,2.4515
0.0070,0.0000,0.0000,0.0000,0.0069,0.0000,200,2.4515
0.0066,0.0000,0.0000,0.0000,0.0066,0.0000,200,2.4525
0.0066,0.0000,0.0000,0.0000,0.0066,0.0000,200,2.4526
0.0062,0.0000,0.0000,0.0000,0.0062,0.0001,200,2.4584
0.0069,0.0000,0.0000,0.0000,0.0069,0.0000,200,2.4585
0.0064,0.0000,0.0000,0.0000,0.0064,0.0000,200,2.4592
0.0066,0.0000,0.0000,0.0000,0.0065,0.0000,200,2.4592
0.0065,0.0000,0.0000,0.0000,0.0064,0.0000,200,2.4654
0.0064,0.0000,0.0000,0.0000,0.0063,0.0001,200,2.4656
0.0073,0.0000,0.0000,0.0000,0.0072,0.0001,200,2.4647
0.0062,0.0000,0.0000,0.0000,0.0062,0.0000,200,2.4658
0.0063,0.0000,0.0000,0.0000,0.0062,0.0000,200,2.4720
0.0063,0.0000,0.0000,0.0000,0.0062,0.0000,200,2.4719
0.0063,0.0000,0.0000,0.0000,0.0062,0.0000,200,2.4720
0.0063,0.0000,0.0000,0.0000,0.0062,0.0000,200,2.4719
0.0062,0.0000,0.0000,0.0000,0.0061,0.0000,200,2.4782
0.0062,0.0000,0.0000,0.0000,0.0061,0.0001,200,2.4782
0.0063,0.0000,0.0000,0.0000,0.0061,0.0001,200,2.4782
0.0063,0.0000,0.0000,0.0000,0.0062,0.0000,200,2.4782
0.0064,0.0000,0.0000,0.0000,0.0063,0.0000,200,2.4845
0.0063,0.0000,0.0000,0.0000,0.0063,0.0001,200,2.4845
0.0064,0.0000,0.0000,0.0000,0.0063,0.0001,200,2.4845
0.0067,0.0000,0.0000,0.0000,0.0066,0.0000,200,2.4845
0.0063,0.0000,0.0000,0.0000,0.0063,0.0000,200,2.4908
0.0063,0.0000,0.0000,0.0000,0.0062,0.0000,200,2.4909
0.0063,0.0000,0.0000,0.0000,0.0062,0.0000,200,2.4908
0.0061,0.0000,0.0000,0.0000,0.0061,0.0000,200,2.4911
0.0065,0.0000,0.0000,0.0000,0.0064,0.0000,200,2.4972
0.0064,0.0000,0.0000,0.0000,0.0064,0.0000,200,2.4972
0.0065,0.0000,0.0000,0.0000,0.0064,0.0001,200,2.4972
0.0066,0.0000,0.0000,0.0000,0.0064,0.0001,200,2.4972
0.0065,0.0000,0.0000,0.0000,0.0064,0.0001,200,2.5037
0.0067,0.0000,0.0000,0.0000,0.0067,0.0000,200,2.5037
0.0068,0.0000,0.0000,0.0000,0.0067,0.0000,200,2.5037
0.0068,0.0000,0.0000,0.0000,0.0068,0.0000,200,2.5037
0.0061,0.0000,0.0000,0.0000,0.0061,0.0000,200,2.5104
0.0061,0.0000,0.0000,0.0000,0.0060,0.0000,200,2.5105
0.0064,0.0000,0.0000,0.0000,0.0063,0.0000,200,2.5102
0.0065,0.0000,0.0000,0.0000,0.0065,0.0000,200,2.5105
0.0064,0.0000,0.0000,0.0000,0.0063,0.0000,200,2.5166
0.0064,0.0000,0.0000,0.0000,0.0063,0.0000,200,2.5166
0.0064,0.0000,0.0000,0.0000,0.0063,0.0000,200,2.5166
0.0060,0.0000,0.0000,0.0000,0.0060,0.0000,200,2.5170
0.0063,0.0000,0.0000,0.0000,0.0062,0.0001,200,2.5229
0.0062,0.0000,0.0000,0.0000,0.0062,0.0000,200,2.5230
0.0063,0.0000,0.0000,0.0000,0.0062,0.0001,200,2.5229
0.0064,0.0000,0.0000,0.0000,0.0063,0.0000,200,2.5229
0.0064,0.0000,0.0000,0.0000,0.0063,0.0001,200,2.5293
0.0065,0.0000,0.0000,0.0000,0.0065,0.0000,200,2.5293
0.0068,0.0000,0.0000,0.0000,0.0068,0.0000,200,2.5293
0.0068,0.0000,0.0000,0.0000,0.0068,0.0001,200,2.5293
0.0064,0.0000,0.0000,0.0000,0.0063,0.0001,200,2.5357
0.0068,0.0000,0.0000,0.0000,0.0068,0.0000,200,2.5358
0.0065,0.0000,0.0000,0.0000,0.0064,0.0000,200,2.5361
0.0069,0.0000,0.0000,0.0000,0.0068,0.0000,200,2.5361
0.0068,0.0000,0.0000,0.0000,0.0067,0.0001,200,2.5422
0.0065,0.0000,0.0000,0.0000,0.0065,0.0000,200,2.5426
0.0066,0.0000,0.0000,0.0000,0.0066,0.0000,200,2.5426
0.0081,0.0000,0.0000,0.0002,0.0066,0.0001,200,2.5430
0.0065,0.0000,0.0000,0.0000,0.0064,0.0000,200,2.5492
0.0066,0.0000,0.0000,0.0000,0.0065,0.0001,200,2.5491
0.0067,0.0000,0.0000,0.0000,0.0064,0.0002,200,2.5490
0.0064,0.0000,0.0000,0.0000,0.0063,0.0001,200,2.5511
0.0063,0.0000,0.0000,0.0000,0.0062,0.0001,200,2.5557
0.0063,0.0000,0.0000,0.0000,0.0063,0.0000,200,2.5557
0.0065,0.0000,0.0000,0.0000,0.0064,0.0000,200,2.5557
0.0061,0.0000,0.0000,0.0000,0.0060,0.0000,200,2.5575
0.0069,0.0000,0.0000,0.0000,0.0068,0.0001,200,2.5620
0.0070,0.0000,0.0000,0.0000,0.0069,0.0000,200,2.5620
0.0075,0.0000,0.0000,0.0000,0.0074,0.0001,200,2.5622
0.0063,0.0000,0.0000,0.0000,0.0062,0.0000,200,2.5635
0.0065,0.0000,0.0000,0.0000,0.0065,0.0001,200,2.5690
0.0072,0.0000,0.0000,0.0000,0.0071,0.0000,200,2.5689
0.0065,0.0000,0.0000,0.0000,0.0065,0.0000,200,2.5697
0.0106,0.0000,0.0000,0.0000,0.0105,0.0001,200,2.5698
0.0063,0.0000,0.0000,0.0000,0.0063,0.0000,200,2.5755
0.0062,0.0000,0.0000,0.0000,0.0061,0.0000,200,2.5761
0.0063,0.0000,0.0000,0.0000,0.0062,0.0000,200,2.5763
0.0065,0.0000,0.0000,0.0000,0.0064,0.0001,200,2.5804
0.0061,0.0000,0.0000,0.0000,0.0061,0.0000,200,2.5822
0.0065,0.0000,0.0000,0.0000,0.0064,0.0000,200,2.5819
0.0060,0.0000,0.0000,0.0000,0.0059,0.0000,200,2.5825
0.0063,0.0000,0.0000,0.0000,0.0062,0.0001,200,2.5869
0.0062,0.0000,0.0000,0.0000,0.0061,0.0000,200,2.5884
0.0062,0.0000,0.0000,0.0000,0.0061,0.0000,200,2.5884
0.0060,0.0000,0.0000,0.0000,0.0060,0.0000,200,2.5885
0.0065,0.0000,0.0000,0.0000,0.0064,0.0001,200,2.5932
0.0061,0.0000,0.0000,0.0000,0.0060,0.0001,200,2.5946
0.0062,0.0000,0.0000,0.0000,0.0062,0.0000,200,2.5946
0.0063,0.0000,0.0000,0.0000,0.0062,0.0000,200,2.5946
0.0064,0.0000,0.0000,0.0000,0.0063,0.0001,200,2.5998
0.0061,0.0000,0.0000,0.0000,0.0060,0.0001,200,2.6007
0.0061,0.0000,0.0000,0.0000,0.0060,0.0000,200,2.6008
0.0062,0.0000,0.0000,0.0000,0.0061,0.0000,200,2.6008
0.0064,0.0000,0.0000,0.0000,0.0063,0.0000,200,2.6062
0.0061,0.0000,0.0000,0.0000,0.0061,0.0000,200,2.6068
0.0060,0.0000,0.0000,0.0000,0.0060,0.0000,200,2.6070
0.0062,0.0000,0.0000,0.0000,0.0061,0.0000,200,2.6069
0.0065,0.0000,0.0000,0.0000,0.0065,0.0001,200,2.6126
0.0063,0.0000,0.0000,0.0000,0.0062,0.0000,200,2.6131
0.0063,0.0000,0.0000,0.0000,0.0063,0.0000,200,2.6130
0.0071,0.0000,0.0000,0.0000,0.0063,0.0008,200,2.6130
0.0062,0.0000,0.0000,0.0000,0.0061,0.0001,200,2.6193
0.0062,0.0000,0.0000,0.0000,0.0062,0.0000,200,2.6193
0.0066,0.0000,0.0000,0.0000,0.0065,0.0000,200,2.6191
0.0063,0.0000,0.0000,0.0000,0.0062,0.0000,200,2.6201
0.0064,0.0000,0.0000,0.0000,0.0063,0.0000,200,2.6256
0.0063,0.0000,0.0000,0.0000,0.0062,0.0000,200,2.6257
0.0064,0.0000,0.0000,0.0000,0.0063,0.0001,200,2.6256
0.0062,0.0000,0.0000,0.0000,0.0061,0.0000,200,2.6263
0.0066,0.0000,0.0000,0.0000,0.0065,0.0000,200,2.6320
0.0060,0.0000,0.0000,0.0000,0.0060,0.0000,200,2.6325
0.0066,0.0000,0.0000,0.0000,0.0065,0.0001,200,2.6320
0.0066,0.0000,0.0000,0.0000,0.0065,0.0001,200,2.6320
0.0063,0.0000,0.0000,0.0000,0.0063,0.0001,200,2.6385
0.0063,0.0000,0.0000,0.0000,0.0063,0.0001,200,2.6385
0.0063,0.0000,0.0000,0.0000,0.0063,0.0000,200,2.6386
0.0064,0.0000,0.0000,0.0000,0.0063,0.0000,200,2.6385
0.0064,0.0000,0.0000,0.0000,0.0063,0.0001,200,2.6449
0.0065,0.0000,0.0000,0.0000,0.0065,0.0000,200,2.6449
0.0066,0.0000,0.0000,0.0000,0.0065,0.0000,200,2.6449
0.0067,0.0000,0.0000,0.0000,0.0067,0.0000,200,2.6449
0.0066,0.0000,0.0000,0.0000,0.0065,0.0000,200,2.6514
0.0067,0.0000,0.0000,0.0000,0.0066,0.0000,200,2.6513
0.0066,0.0000,0.0000,0.0000,0.0065,0.0001,200,2.6514
0.0063,0.0000,0.0000,0.0000,0.0063,0.0001,200,2.6517
0.0065,0.0000,0.0000,0.0000,0.0063,0.0001,200,2.6580
0.0065,0.0000,0.0000,0.0000,0.0064,0.0000,200,2.6580
0.0067,0.0000,0.0000,0.0000,0.0066,0.0000,200,2.6580
0.0067,0.0000,0.0000,0.0000,0.0066,0.0000,200,2.6580
0.0065,0.0000,0.0000,0.0000,0.0064,0.0001,200,2.6644
0.0079,0.0000,0.0000,0.0000,0.0078,0.0001,200,2.6645
0.0077,0.0000,0.0000,0.0000,0.0077,0.0000,200,2.6647
0.0078,0.0000,0.0000,0.0000,0.0077,0.0000,200,2.6647
0.0065,0.0000,0.0000,0.0000,0.0064,0.0001,200,2.6710
0.0063,0.0000,0.0000,0.0000,0.0062,0.0000,200,2.6724
0.0064,0.0000,0.0000,0.0000,0.0064,0.0000,200,2.6724
0.0065,0.0000,0.0000,0.0000,0.0064,0.0000,200,2.6724
0.0071,0.0000,0.0000,0.0000,0.0069,0.0001,200,2.6775
0.0061,0.0000,0.0000,0.0000,0.0060,0.0000,200,2.6787
0.0061,0.0000,0.0000,0.0000,0.0060,0.0001,200,2.6789
0.0062,0.0000,0.0000,0.0000,0.0062,0.0000,200,2.6789
0.0065,0.0000,0.0000,0.0000,0.0064,0.0001,200,2.6848
0.0063,0.0000,0.0000,0.0000,0.0063,0.0001,200,2.6850
0.0068,0.0000,0.0000,0.0000,0.0067,0.0001,200,2.6845
0.0081,0.0000,0.0000,0.0000,0.0080,0.0001,200,2.6851
0.0062,0.0000,0.0000,0.0000,0.0061,0.0001,200,2.6913
0.0063,0.0000,0.0000,0.0000,0.0062,0.0000,200,2.6913
0.0063,0.0000,0.0000,0.0000,0.0063,0.0000,200,2.6913
0.0063,0.0000,0.0000,0.0000,0.0062,0.0001,200,2.6932
0.0063,0.0000,0.0000,0.0000,0.0062,0.0001,200,2.6976
0.0072,0.0000,0.0000,0.0000,0.0071,0.0000,200,2.6977
0.0075,0.0000,0.0000,0.0000,0.0074,0.0000,200,2.6976
0.0062,0.0000,0.0000,0.0000,0.0061,0.0000,200,2.6994
0.0063,0.0000,0.0000,0.0000,0.0062,0.0001,200,2.7048
0.0073,0.0000,0.0000,0.0000,0.0072,0.0001,200,2.7039
0.0062,0.0000,0.0000,0.0000,0.0061,0.0000,200,2.7051
0.0061,0.0000,0.0000,0.0000,0.0061,0.0000,200,2.7056
0.0064,0.0000,0.0000,0.0000,0.0063,0.0001,200,2.7111
0.0062,0.0000,0.0000,0.0000,0.0061,0.0000,200,2.7113
0.0065,0.0000,0.0000,0.0000,0.0064,0.0000,200,2.7111
0.0084,0.0000,0.0000,0.0000,0.0084,0.0000,200,2.7117
0.0065,0.0000,0.0000,0.0000,0.0064,0.0001,200,2.7175
0.0064,0.0000,0.0000,0.0000,0.0063,0.0000,200,2.7176
0.0066,0.0000,0.0000,0.0000,0.0065,0.0000,200,2.7175
0.0066,0.0000,0.0000,0.0000,0.0065,0.0001,200,2.7202
0.0064,0.0000,0.0000,0.0000,0.0063,0.0000,200,2.7240
0.0064,0.0000,0.0000,0.0000,0.0063,0.0000,200,2.7240
0.0063,0.0000,0.0000,0.0000,0.0062,0.0000,200,2.7241
0.0063,0.0000,0.0000,0.0000,0.0062,0.0001,200,2.7268
0.0063,0.0000,0.0000,0.0000,0.0062,0.0000,200,2.7304
0.0063,0.0000,0.0000,0.0000,0.0063,0.0000,200,2.7304
0.0066,0.0000,0.0000,0.0000,0.0065,0.0000,200,2.7304
0.0068,0.0000,0.0000,0.0000,0.0067,0.0000,200,2.7331
0.0065,0.0000,0.0000,0.0000,0.0064,0.0001,200,2.7367
0.0065,0.0000,0.0000,0.0000,0.0064,0.0001,200,2.7367
0.0063,0.0000,0.0000,0.0000,0.0062,0.0000,200,2.7369
0.0062,0.0000,0.0000,0.0000,0.0061,0.0000,200,2.7399
0.0064,0.0000,0.0000,0.0000,0.0063,0.0001,200,2.7432
0.0064,0.0000,0.0000,0.0000,0.0063,0.0001,200,2.7432
0.0064,0.0000,0.0000,0.0000,0.0063,0.0001,200,2.7432
0.0063,0.0000,0.0000,0.0000,0.0062,0.0001,200,2.7461
0.0063,0.0000,0.0000,0.0000,0.0062,0.0001,200,2.7496
0.0063,0.0000,0.0000,0.0000,0.0063,0.0000,200,2.7496
0.0063,0.0000,0.0000,0.0000,0.0063,0.0000,200,2.7496
0.0069,0.0000,0.0000,0.0000,0.0068,0.0000,200,2.7524
0.0063,0.0000,0.0000,0.0000,0.0062,0.0001,200,2.7560
0.0064,0.0000,0.0000,0.0000,0.0063,0.0000,200,2.7560
0.0065,0.0000,0.0000,0.0000,0.0064,0.0000,200,2.7560
0.0066,0.0000,0.0000,0.0000,0.0066,0.0001,200,2.7594
0.0062,0.0000,0.0000,0.0000,0.0061,0.0000,200,2.7625
0.0064,0.0000,0.0000,0.0000,0.0063,0.0000,200,2.7623
0.0065,0.0000,0.0000,0.0000,0.0064,0.0000,200,2.7623
0.0062,0.0000,0.0000,0.0000,0.0062,0.0000,200,2.7660
0.0063,0.0000,0.0000,0.0000,0.0062,0.0001,200,2.7687
0.0063,0.0000,0.0000,0.0000,0.0062,0.0000,200,2.7687
0.0063,0.0000,0.0000,0.0000,0.0062,0.0000,200,2.7688
0.0067,0.0000,0.0000,0.0000,0.0066,0.0000,200,2.7722
0.0065,0.0000,0.0000,0.0000,0.0064,0.0000,200,2.7750
0.0064,0.0000,0.0000,0.0000,0.0064,0.0000,200,2.7750
0.0065,0.0000,0.0000,0.0000,0.0064,0.0001,200,2.7750
0.0065,0.0000,0.0000,0.0000,0.0063,0.0001,200,2.7789
0.0064,0.0000,0.0000,0.0000,0.0063,0.0001,200,2.7815
0.0064,0.0000,0.0000,0.0000,0.0064,0.0000,200,2.7815
0.0065,0.0000,0.0000,0.0000,0.0064,0.0000,200,2.7815
0.0065,0.0000,0.0000,0.0000,0.0064,0.0001,200,2.7854
0.0071,0.0000,0.0000,0.0000,0.0070,0.0001,200,2.7879
0.0075,0.0000,0.0000,0.0000,0.0074,0.0000,200,2.7879
0.0072,0.0000,0.0000,0.0000,0.0071,0.0001,200,2.7919
0.0112,0.0000,0.0000,0.0000,0.0111,0.0000,200,2.7879
0.0071,0.0000,0.0000,0.0000,0.0070,0.0001,200,2.7950
0.0077,0.0000,0.0000,0.0000,0.0076,0.0001,200,2.7954
0.0068,0.0000,0.0000,0.0000,0.0067,0.0000,200,2.7991
0.0076,0.0000,0.0000,0.0000,0.0075,0.0001,200,2.7991
0.0061,0.0000,0.0000,0.0000,0.0060,0.0000,200,2.8021
0.0061,0.0000,0.0000,0.0000,0.0061,0.0000,200,2.8031
0.0064,0.0000,0.0000,0.0000,0.0063,0.0001,200,2.8059
0.0066,0.0000,0.0000,0.0000,0.0065,0.0000,200,2.8067
0.0069,0.0000,0.0000,0.0000,0.0068,0.0001,200,2.8082
0.0071,0.0000,0.0000,0.0000,0.0070,0.0000,200,2.8093
0.0077,0.0000,0.0000,0.0000,0.0076,0.0001,200,2.8123
0.0070,0.0000,0.0000,0.0000,0.0069,0.0000,200,2.8132
0.0071,0.0000,0.0000,0.0000,0.0070,0.0001,200,2.8151
0.0077,0.0000,0.0000,0.0000,0.0075,0.0001,200,2.8163
0.0068,0.0000,0.0000,0.0000,0.0067,0.0001,200,2.8201
0.0097,0.0000,0.0000,0.0000,0.0097,0.0000,200,2.8202
0.0078,0.0000,0.0000,0.0000,0.0075,0.0003,200,2.8222
0.0077,0.0000,0.0000,0.0001,0.0075,0.0001,200,2.8240
0.0084,0.0000,0.0000,0.0000,0.0083,0.0001,200,2.8269
0.0079,0.0000,0.0000,0.0000,0.0078,0.0001,200,2.8300
0.0070,0.0000,0.0000,0.0000,0.0069,0.0000,200,2.8318
0.0089,0.0000,0.0000,0.0000,0.0087,0.0000,200,2.8300
0.0075,0.0000,0.0000,0.0000,0.0073,0.0001,200,2.8352
0.0068,0.0000,0.0000,0.0000,0.0067,0.0001,200,2.8379
0.0067,0.0000,0.0000,0.0000,0.0066,0.0001,200,2.8389
0.0071,0.0000,0.0000,0.0000,0.0071,0.0000,200,2.8388
0.0089,0.0000,0.0000,0.0000,0.0088,0.0000,200,2.8427
0.0076,0.0000,0.0000,0.0000,0.0067,0.0009,200,2.8447
0.0068,0.0000,0.0000,0.0000,0.0067,0.0000,200,2.8456
0.0065,0.0000,0.0000,0.0000,0.0064,0.0001,200,2.8459
0.0074,0.0000,0.0000,0.0000,0.0073,0.0001,200,2.8524
0.0076,0.0000,0.0000,0.0000,0.0075,0.0000,200,2.8523
0.0084,0.0000,0.0000,0.0000,0.0083,0.0000,200,2.8516
0.0076,0.0000,0.0000,0.0000,0.0076,0.0000,200,2.8524
0.0069,0.0000,0.0000,0.0000,0.0068,0.0001,200,2.8599
0.0070,0.0000,0.0000,0.0000,0.0069,0.0001,200,2.8598
0.0071,0.0000,0.0000,0.0000,0.0070,0.0000,200,2.8600
0.0081,0.0000,0.0000,0.0002,0.0078,0.0001,200,2.8602
0.0069,0.0000,0.0000,0.0000,0.0068,0.0001,200,2.8669
0.0068,0.0000,0.0000,0.0000,0.0068,0.0000,200,2.8671
0.0071,0.0000,0.0000,0.0000,0.0070,0.0001,200,2.8668
0.0067,0.0000,0.0000,0.0000,0.0066,0.0001,200,2.8683
0.0068,0.0000,0.0000,0.0000,0.0067,0.0001,200,2.8739
0.0071,0.0000,0.0000,0.0000,0.0070,0.0000,200,2.8738
0.0073,0.0000,0.0000,0.0000,0.0072,0.0000,200,2.8739
0.0066,0.0000,0.0000,0.0000,0.0065,0.0000,200,2.8750
0.0068,0.0000,0.0000,0.0000,0.0067,0.0000,200,2.8809
0.0070,0.0000,0.0000,0.0000,0.0069,0.0000,200,2.8807
0.0065,0.0000,0.0000,0.0000,0.0064,0.0001,200,2.8812
0.0064,0.0000,0.0000,0.0000,0.0064,0.0000,200,2.8816
0.0064,0.0000,0.0000,0.0000,0.0063,0.0001,200,2.8877
0.0065,0.0000,0.0000,0.0000,0.0064,0.0000,200,2.8877
0.0065,0.0000,0.0000,0.0000,0.0064,0.0000,200,2.8877
0.0062,0.0000,0.0000,0.0000,0.0062,0.0000,200,2.8880
0.0065,0.0000,0.0000,0.0000,0.0064,0.0001,200,2.8942
0.0064,0.0000,0.0000,0.0000,0.0063,0.0001,200,2.8943
0.0065,0.0000,0.0000,0.0000,0.0065,0.0000,200,2.8942
0.0067,0.0000,0.0000,0.0000,0.0066,0.0000,200,2.8941
0.0064,0.0000,0.0000,0.0000,0.0063,0.0001,200,2.9007
0.0066,0.0000,0.0000,0.0000,0.0065,0.0000,200,2.9007
0.0065,0.0000,0.0000,0.0000,0.0064,0.0000,200,2.9009
0.0068,0.0000,0.0000,0.0000,0.0067,0.0000,200,2.9007
0.0066,0.0000,0.0000,0.0000,0.0065,0.0001,200,2.9071
0.0073,0.0000,0.0000,0.0000,0.0073,0.0001,200,2.9073
0.0074,0.0000,0.0000,0.0000,0.0073,0.0000,200,2.9075
0.0077,0.0000,0.0000,0.0000,0.0076,0.0001,200,2.9073
0.0066,0.0000,0.0000,0.0000,0.0065,0.0001,200,2.9137
0.0065,0.0000,0.0000,0.0000,0.0064,0.0000,200,2.9147
0.0063,0.0000,0.0000,0.0002,0.0061,0.0000,200,2.9150
0.0065,0.0000,0.0000,0.0000,0.0065,0.0000,200,2.9149
0.0068,0.0000,0.0000,0.0000,0.0067,0.0001,200,2.9204
0.0063,0.0000,0.0000,0.0000,0.0062,0.0000,200,2.9212
0.0062,0.0000,0.0000,0.0000,0.0062,0.0000,200,2.9214
0.0064,0.0000,0.0000,0.0000,0.0063,0.0000,200,2.9214
0.0067,0.0000,0.0000,0.0000,0.0065,0.0001,200,2.9272
0.0064,0.0000,0.0000,0.0000,0.0064,0.0000,200,2.9275
0.0063,0.0000,0.0000,0.0000,0.0063,0.0000,200,2.9276
0.0062,0.0000,0.0000,0.0000,0.0062,0.0000,200,2.9278
0.0064,0.0000,0.0000,0.0000,0.0063,0.0001,200,2.9339
0.0064,0.0000,0.0000,0.0000,0.0063,0.0001,200,2.9340
0.0065,0.0000,0.0000,0.0000,0.0064,0.0000,200,2.9339
0.0065,0.0000,0.0000,0.0000,0.0065,0.0000,200,2.9339
0.0064,0.0000,0.0000,0.0000,0.0062,0.0001,200,2.9403
0.0063,0.0000,0.0000,0.0000,0.0063,0.0000,200,2.9405
0.0064,0.0000,0.0000,0.0000,0.0063,0.0000,200,2.9404
0.0065,0.0000,0.0000,0.0000,0.0063,0.0000,200,2.9403
0.0064,0.0000,0.0000,0.0000,0.0063,0.0001,200,2.9468
0.0066,0.0000,0.0000,0.0000,0.0065,0.0000,200,2.9468
0.0067,0.0000,0.0000,0.0000,0.0066,0.0000,200,2.9467
0.0066,0.0000,0.0000,0.0000,0.0065,0.0000,200,2.9468
0.0066,0.0000,0.0000,0.0000,0.0065,0.0001,200,2.9534
0.0068,0.0000,0.0000,0.0000,0.0067,0.0001,200,2.9532
0.0067,0.0000,0.0000,0.0000,0.0066,0.0001,200,2.9534
0.0067,0.0000,0.0000,0.0000,0.0066,0.0001,200,2.9534
0.0064,0.0000,0.0000,0.0000,0.0063,0.0001,200,2.9599
0.0064,0.0000,0.0000,0.0000,0.0063,0.0001,200,2.9599
0.0064,0.0000,0.0000,0.0000,0.0064,0.0000,200,2.9601
0.0064,0.0000,0.0000,0.0000,0.0064,0.0000,200,2.9601
0.0067,0.0000,0.0000,0.0000,0.0066,0.0001,200,2.9663
0.0068,0.0000,0.0000,0.0000,0.0066,0.0001,200,2.9663
0.0066,0.0000,0.0000,0.0000,0.0066,0.0000,200,2.9665
0.0067,0.0000,0.0000,0.0000,0.0066,0.0000,200,2.9665
0.0065,0.0000,0.0000,0.0000,0.0064,0.0001,200,2.9731
0.0066,0.0000,0.0000,0.0000,0.0066,0.0000,200,2.9731
0.0066,0.0000,0.0000,0.0000,0.0066,0.0000,200,2.9731
0.0067,0.0000,0.0000,0.0000,0.0067,0.0000,200,2.9731
0.0063,0.0000,0.0000,0.0000,0.0063,0.0000,200,2.9797
0.0063,0.0000,0.0000,0.0000,0.0062,0.0001,200,2.9797
0.0064,0.0000,0.0000,0.0000,0.0063,0.0001,200,2.9796
0.0067,0.0000,0.0000,0.0000,0.0067,0.0000,200,2.9798
0.0065,0.0000,0.0000,0.0000,0.0063,0.0001,200,2.9860
0.0066,0.0000,0.0000,0.0000,0.0065,0.0000,200,2.9860
0.0066,0.0000,0.0000,0.0000,0.0066,0.0000,200,2.9860
0.0077,0.0000,0.0000,0.0000,0.0076,0.0001,200,2.9865
0.0064,0.0000,0.0000,0.0000,0.0063,0.0000,200,2.9925
0.0064,0.0000,0.0000,0.0000,0.0063,0.0000,200,2.9926
0.0063,0.0000,0.0000,0.0000,0.0061,0.0000,200,2.9927
0.0063,0.0000,0.0000,0.0000,0.0062,0.0000,200,2.9942
0.0062,0.0000,0.0000,0.0000,0.0061,0.0000,200,2.9990
0.0062,0.0000,0.0000,0.0000,0.0061,0.0000,200,2.9989
0.0063,0.0000,0.0000,0.0000,0.0063,0.0000,200,2.9990
0.0065,0.0000,0.0000,0.0000,0.0064,0.0000,200,3.0005
0.0064,0.0000,0.0000,0.0000,0.0063,0.0001,200,3.0052
0.0064,0.0000,0.0000,0.0000,0.0063,0.0000,200,3.0052
0.0063,0.0000,0.0000,0.0000,0.0062,0.0000,200,3.0053
0.0064,0.0000,0.0000,0.0000,0.0063,0.0001,200,3.0070
0.0066,0.0000,0.0000,0.0000,0.0065,0.0001,200,3.0116
0.0068,0.0000,0.0000,0.0000,0.0067,0.0000,200,3.0116
0.0069,0.0000,0.0000,0.0000,0.0068,0.0000,200,3.0115
0.0062,0.0000,0.0000,0.0000,0.0061,0.0000,200,3.0133
0.0064,0.0000,0.0000,0.0000,0.0063,0.0001,200,3.0184
0.0069,0.0000,0.0000,0.0000,0.0069,0.0000,200,3.0182
0.0071,0.0000,0.0000,0.0000,0.0071,0.0000,200,3.0184
0.0068,0.0000,0.0000,0.0000,0.0067,0.0000,200,3.0195
0.0077,0.0000,0.0000,0.0000,0.0076,0.0001,200,3.0252
0.0066,0.0000,0.0000,0.0000,0.0066,0.0000,200,3.0263
0.0074,0.0000,0.0000,0.0000,0.0071,0.0003,200,3.0255
0.0064,0.0000,0.0000,0.0000,0.0063,0.0001,200,3.0329
0.0065,0.0000,0.0000,0.0000,0.0065,0.0000,200,3.0330
0.0067,0.0000,0.0000,0.0000,0.0066,0.0000,200,3.0328
0.0155,0.0000,0.0000,0.0000,0.0154,0.0001,200,3.0249
0.0064,0.0000,0.0000,0.0000,0.0063,0.0001,200,3.0395
0.0067,0.0000,0.0000,0.0000,0.0066,0.0000,200,3.0393
0.0066,0.0000,0.0000,0.0000,0.0065,0.0001,200,3.0396
0.0062,0.0000,0.0000,0.0000,0.0061,0.0000,200,3.0404
0.0064,0.0000,0.0000,0.0000,0.0063,0.0001,200,3.0459
0.0065,0.0000,0.0000,0.0000,0.0064,0.0000,200,3.0460
0.0065,0.0000,0.0000,0.0000,0.0064,0.0001,200,3.0462
0.0061,0.0000,0.0000,0.0000,0.0061,0.0000,200,3.0466
0.0065,0.0000,0.0000,0.0000,0.0064,0.0001,200,3.0523
0.0063,0.0000,0.0000,0.0000,0.0063,0.0000,200,3.0527
0.0065,0.0000,0.0000,0.0000,0.0065,0.0000,200,3.0525
0.0064,0.0000,0.0000,0.0000,0.0064,0.0000,200,3.0527
0.0063,0.0000,0.0000,0.0000,0.0062,0.0001,200,3.0591
0.0063,0.0000,0.0000,0.0000,0.0062,0.0000,200,3.0591
0.0064,0.0000,0.0000,0.0000,0.0063,0.0000,200,3.0590
0.0066,0.0000,0.0000,0.0000,0.0065,0.0000,200,3.0588
0.0063,0.0000,0.0000,0.0000,0.0062,0.0001,200,3.0654
0.0065,0.0000,0.0000,0.0000,0.0064,0.0000,200,3.0654
0.0065,0.0000,0.0000,0.0000,0.0064,0.0000,200,3.0654
0.0065,0.0000,0.0000,0.0000,0.0065,0.0000,200,3.0654
0.0063,0.0000,0.0000,0.0000,0.0062,0.0001,200,3.0719
0.0063,0.0000,0.0000,0.0000,0.0062,0.0000,200,3.0719
0.0065,0.0000,0.0000,0.0000,0.0064,0.0001,200,3.0717
0.0064,0.0000,0.0000,0.0000,0.0064,0.0000,200,3.0719
0.0065,0.0000,0.0000,0.0000,0.0064,0.0001,200,3.0783
0.0067,0.0000,0.0000,0.0000,0.0066,0.0000,200,3.0782
0.0067,0.0000,0.0000,0.0000,0.0066,0.0000,200,3.0782
0.0067,0.0000,0.0000,0.0000,0.0066,0.0000,200,3.0782
0.0065,0.0000,0.0000,0.0000,0.0064,0.0001,200,3.0848
0.0064,0.0000,0.0000,0.0000,0.0064,0.0000,200,3.0849
0.0064,0.0000,0.0000,0.0000,0.0063,0.0000,200,3.0849
0.0065,0.0000,0.0000,0.0000,0.0064,0.0000,200,3.0849
0.0065,0.0000,0.0000,0.0000,0.0064,0.0001,200,3.0913
0.0066,0.0000,0.0000,0.0000,0.0066,0.0000,200,3.0913
0.0067,0.0000,0.0000,0.0000,0.0066,0.0000,200,3.0913
0.0066,0.0000,0.0000,0.0000,0.0065,0.0000,200,3.0914
0.0066,0.0000,0.0000,0.0000,0.0065,0.0001,200,3.0978
0.0065,0.0000,0.0000,0.0000,0.0064,0.0001,200,3.0980
0.0066,0.0000,0.0000,0.0000,0.0066,0.0000,200,3.0979
0.0066,0.0000,0.0000,0.0000,0.0065,0.0000,200,3.0980
0.0065,0.0000,0.0000,0.0000,0.0064,0.0001,200,3.1045
0.0066,0.0000,0.0000,0.0000,0.0065,0.0001,200,3.1046
0.0067,0.0000,0.0000,0.0000,0.0065,0.0001,200,3.1045
0.0069,0.0000,0.0000,0.0000,0.0066,0.0002,200,3.1045
0.0068,0.0000,0.0000,0.0000,0.0067,0.0001,200,3.1113
0.0068,0.0000,0.0000,0.0001,0.0066,0.0001,200,3.1113
0.0069,0.0000,0.0000,0.0000,0.0068,0.0000,200,3.1113
0.0071,0.0000,0.0000,0.0000,0.0068,0.0001,200,3.1111
0.0067,0.0000,0.0000,0.0000,0.0066,0.0001,200,3.1182
0.0067,0.0000,0.0000,0.0000,0.0066,0.0001,200,3.1181
0.0067,0.0000,0.0000,0.0000,0.0066,0.0000,200,3.1182
0.0067,0.0000,0.0000,0.0000,0.0066,0.0001,200,3.1182
0.0065,0.0000,0.0000,0.0000,0.0064,0.0001,200,3.1249
0.0065,0.0000,0.0000,0.0000,0.0064,0.0000,200,3.1249
0.0065,0.0000,0.0000,0.0000,0.0064,0.0000,200,3.1249
0.0065,0.0000,0.0000,0.0000,0.0064,0.0000,200,3.1249
0.0066,0.0000,0.0000,0.0000,0.0065,0.0000,200,3.1314
0.0066,0.0000,0.0000,0.0000,0.0065,0.0001,200,3.1314
0.0066,0.0000,0.0000,0.0000,0.0065,0.0000,200,3.1314
0.0066,0.0000,0.0000,0.0000,0.0065,0.0001,200,3.1313
0.0065,0.0000,0.0000,0.0000,0.0063,0.0001,200,3.1380
0.0065,0.0000,0.0000,0.0000,0.0065,0.0000,200,3.1380
0.0066,0.0000,0.0000,0.0000,0.0065,0.0000,200,3.1379
0.0067,0.0000,0.0000,0.0000,0.0066,0.0000,200,3.1379
0.0064,0.0000,0.0000,0.0000,0.0063,0.0000,200,3.1446
0.0065,0.0000,0.0000,0.0000,0.0064,0.0001,200,3.1444
0.0067,0.0000,0.0000,0.0000,0.0066,0.0000,200,3.1446
0.0070,0.0000,0.0000,0.0000,0.0070,0.0000,200,3.1445
0.0070,0.0000,0.0000,0.0000,0.0069,0.0001,200,3.1509
0.0073,0.0000,0.0000,0.0000,0.0073,0.0000,200,3.1509
0.0072,0.0000,0.0000,0.0000,0.0071,0.0000,200,3.1513
0.0075,0.0000,0.0000,0.0000,0.0065,0.0000,200,3.1515
0.0069,0.0000,0.0000,0.0000,0.0068,0.0001,200,3.1579
0.0064,0.0000,0.0000,0.0000,0.0063,0.0000,200,3.1585
0.0068,0.0000,0.0000,0.0000,0.0068,0.0000,200,3.1583
0.0064,0.0000,0.0000,0.0000,0.0063,0.0000,200,3.1590
0.0067,0.0000,0.0000,0.0000,0.0066,0.0001,200,3.1649
0.0064,0.0000,0.0000,0.0000,0.0064,0.0000,200,3.1654
0.0071,0.0000,0.0000,0.0000,0.0070,0.0001,200,3.1648
0.0069,0.0000,0.0000,0.0000,0.0069,0.0000,200,3.1651
0.0065,0.0000,0.0000,0.0000,0.0064,0.0001,200,3.1718
0.0064,0.0000,0.0000,0.0000,0.0064,0.0000,200,3.1719
0.0065,0.0000,0.0000,0.0000,0.0064,0.0000,200,3.1720
0.0069,0.0000,0.0000,0.0000,0.0068,0.0000,200,3.1716
0.0064,0.0000,0.0000,0.0000,0.0063,0.0001,200,3.1784
0.0063,0.0000,0.0000,0.0000,0.0062,0.0001,200,3.1785
0.0066,0.0000,0.0000,0.0000,0.0065,0.0000,200,3.1783
0.0066,0.0000,0.0000,0.0000,0.0066,0.0000,200,3.1783
0.0065,0.0000,0.0000,0.0000,0.0064,0.0001,200,3.1848
0.0064,0.0000,0.0000,0.0000,0.0063,0.0000,200,3.1850
0.0065,0.0000,0.0000,0.0000,0.0065,0.0000,200,3.1849
0.0066,0.0000,0.0000,0.0000,0.0065,0.0000,200,3.1848
0.0064,0.0000,0.0000,0.0000,0.0063,0.0001,200,3.1915
0.0064,0.0000,0.0000,0.0000,0.0063,0.0000,200,3.1914
0.0065,0.0000,0.0000,0.0000,0.0064,0.0000,200,3.1914
0.0066,0.0000,0.0000,0.0000,0.0065,0.0000,200,3.1913
0.0064,0.0000,0.0000,0.0000,0.0063,0.0001,200,3.1978
0.0064,0.0000,0.0000,0.0000,0.0063,0.0000,200,3.1979
0.0064,0.0000,0.0000,0.0000,0.0063,0.0000,200,3.1979
0.0065,0.0000,0.0000,0.0000,0.0064,0.0000,200,3.1979
0.0066,0.0000,0.0000,0.0000,0.0065,0.0000,200,3.2043
0.0066,0.0000,0.0000,0.0000,0.0065,0.0001,200,3.2043
0.0065,0.0000,0.0000,0.0000,0.0064,0.0001,200,3.2044
0.0066,0.0000,0.0000,0.0000,0.0065,0.0001,200,3.2043
0.0067,0.0000,0.0000,0.0000,0.0066,0.0001,200,3.2109
0.0069,0.0000,0.0000,0.0000,0.0068,0.0000,200,3.2109
0.0070,0.0000,0.0000,0.0000,0.0070,0.0000,200,3.2109
0.0071,0.0000,0.0000,0.0000,0.0071,0.0000,200,3.2109
0.0071,0.0000,0.0000,0.0000,0.0070,0.0001,200,3.2175
0.0074,0.0000,0.0000,0.0000,0.0073,0.0001,200,3.2179
0.0074,0.0000,0.0000,0.0000,0.0074,0.0000,200,3.2180
0.0077,0.0000,0.0000,0.0000,0.0076,0.0000,200,3.2178
0.0068,0.0000,0.0000,0.0000,0.0066,0.0002,200,3.2255
0.0077,0.0000,0.0000,0.0000,0.0077,0.0000,200,3.2247
0.0074,0.0000,0.0000,0.0000,0.0074,0.0000,200,3.2254
0.0082,0.0000,0.0000,0.0000,0.0081,0.0000,200,3.2253
0.0068,0.0000,0.0000,0.0000,0.0067,0.0001,200,3.2328
0.0076,0.0000,0.0000,0.0000,0.0073,0.0000,200,3.2323
0.0076,0.0000,0.0000,0.0000,0.0072,0.0002,200,3.2324
0.0083,0.0000,0.0000,0.0000,0.0082,0.0001,200,3.2335
0.0071,0.0000,0.0000,0.0000,0.0070,0.0001,200,3.2396
0.0070,0.0000,0.0000,0.0000,0.0069,0.0000,200,3.2400
0.0074,0.0000,0.0000,0.0000,0.0073,0.0000,200,3.2399
0.0069,0.0000,0.0000,0.0000,0.0068,0.0001,200,3.2418
0.0068,0.0000,0.0000,0.0000,0.0067,0.0001,200,3.2470
0.0071,0.0000,0.0000,0.0000,0.0067,0.0001,200,3.2468
0.0074,0.0000,0.0000,0.0000,0.0073,0.0000,200,3.2472
0.0071,0.0000,0.0000,0.0000,0.0070,0.0000,200,3.2487
0.0066,0.0000,0.0000,0.0000,0.0065,0.0001,200,3.2538
0.0066,0.0000,0.0000,0.0000,0.0065,0.0000,200,3.2538
0.0064,0.0000,0.0000,0.0000,0.0063,0.0000,200,3.2546
0.0064,0.0000,0.0000,0.0000,0.0064,0.0000,200,3.2558
0.0065,0.0000,0.0000,0.0000,0.0064,0.0000,200,3.2604
0.0065,0.0000,0.0000,0.0000,0.0065,0.0000,200,3.2604
0.0064,0.0000,0.0000,0.0000,0.0064,0.0000,200,3.2610
0.0064,0.0000,0.0000,0.0000,0.0063,0.0001,200,3.2622
0.0067,0.0000,0.0000,0.0000,0.0066,0.0001,200,3.2669
0.0065,0.0000,0.0000,0.0000,0.0063,0.0001,200,3.2674
0.0071,0.0000,0.0000,0.0000,0.0070,0.0001,200,3.2670
0.0079,0.0000,0.0000,0.0000,0.0078,0.0001,200,3.2686
0.0066,0.0000,0.0000,0.0000,0.0065,0.0001,200,3.2735
0.0066,0.0000,0.0000,0.0000,0.0065,0.0000,200,3.2741
0.0068,0.0000,0.0000,0.0000,0.0067,0.0000,200,3.2739
0.0080,0.0000,0.0000,0.0000,0.0078,0.0001,200,3.2765
0.0070,0.0000,0.0000,0.0000,0.0069,0.0001,200,3.2802
0.0072,0.0000,0.0000,0.0000,0.0071,0.0000,200,3.2807
0.0073,0.0000,0.0000,0.0000,0.0073,0.0000,200,3.2807
0.0065,0.0000,0.0000,0.0000,0.0064,0.0000,200,3.2845
0.0068,0.0000,0.0000,0.0000,0.0067,0.0001,200,3.2872
0.0066,0.0000,0.0000,0.0000,0.0065,0.0000,200,3.2879
0.0067,0.0000,0.0000,0.0000,0.0066,0.0000,200,3.2881
0.0065,0.0000,0.0000,0.0000,0.0064,0.0001,200,3.2910
0.0068,0.0000,0.0000,0.0000,0.0066,0.0001,200,3.2940
0.0073,0.0000,0.0000,0.0000,0.0072,0.0000,200,3.2945
0.0071,0.0000,0.0000,0.0000,0.0071,0.0000,200,3.2947
0.0065,0.0000,0.0000,0.0000,0.0064,0.0001,200,3.2975
0.0065,0.0000,0.0000,0.0000,0.0064,0.0001,200,3.3008
0.0062,0.0000,0.0000,0.0000,0.0061,0.0000,200,3.3018
0.0064,0.0000,0.0000,0.0000,0.0063,0.0001,200,3.3018
0.0067,0.0000,0.0000,0.0000,0.0066,0.0000,200,3.3040
0.0065,0.0000,0.0000,0.0000,0.0064,0.0001,200,3.3073
0.0064,0.0000,0.0000,0.0000,0.0064,0.0000,200,3.3081
0.0067,0.0000,0.0000,0.0000,0.0062,0.0004,200,3.3080
0.0063,0.0000,0.0000,0.0000,0.0062,0.0001,200,3.3107
0.0066,0.0000,0.0000,0.0000,0.0065,0.0001,200,3.3138
0.0063,0.0000,0.0000,0.0000,0.0062,0.0000,200,3.3145
0.0064,0.0000,0.0000,0.0000,0.0063,0.0001,200,3.3147
0.0064,0.0000,0.0000,0.0000,0.0063,0.0001,200,3.3170
0.0066,0.0000,0.0000,0.0000,0.0065,0.0001,200,3.3205
0.0064,0.0000,0.0000,0.0000,0.0063,0.0000,200,3.3208
0.0062,0.0000,0.0000,0.0000,0.0061,0.0000,200,3.3211
0.0062,0.0000,0.0000,0.0000,0.0061,0.0000,200,3.3234
0.0065,0.0000,0.0000,0.0000,0.0064,0.0001,200,3.3272
0.0067,0.0000,0.0000,0.0000,0.0066,0.0001,200,3.3271
0.0064,0.0000,0.0000,0.0000,0.0063,0.0001,200,3.3273
0.0062,0.0000,0.0000,0.0000,0.0061,0.0001,200,3.3296
0.0066,0.0000,0.0000,0.0000,0.0065,0.0001,200,3.3337
0.0066,0.0000,0.0000,0.0000,0.0065,0.0000,200,3.3337
0.0066,0.0000,0.0000,0.0000,0.0065,0.0001,200,3.3338
0.0063,0.0000,0.0000,0.0000,0.0062,0.0001,200,3.3358
0.0063,0.0000,0.0000,0.0000,0.0062,0.0001,200,3.3403
0.0065,0.0000,0.0000,0.0000,0.0064,0.0000,200,3.3403
0.0065,0.0000,0.0000,0.0000,0.0064,0.0000,200,3.3403
0.0063,0.0000,0.0000,0.0000,0.0063,0.0000,200,3.3422
0.0065,0.0000,0.0000,0.0000,0.0064,0.0001,200,3.3468
0.0067,0.0000,0.0000,0.0000,0.0067,0.0000,200,3.3467
0.0066,0.0000,0.0000,0.0000,0.0066,0.0000,200,3.3468
0.0063,0.0000,0.0000,0.0000,0.0063,0.0000,200,3.3485
0.0067,0.0000,0.0000,0.0000,0.0066,0.0001,200,3.3533
0.0066,0.0000,0.0000,0.0000,0.0066,0.0000,200,3.3534
0.0067,0.0000,0.0000,0.0000,0.0067,0.0000,200,3.3534
0.0079,0.0000,0.0000,0.0000,0.0079,0.0001,200,3.3549
0.0065,0.0000,0.0000,0.0000,0.0064,0.0000,200,3.3600
0.0065,0.0000,0.0000,0.0000,0.0064,0.0000,200,3.3601
0.0065,0.0000,0.0000,0.0000,0.0064,0.0000,200,3.3600
0.0066,0.0000,0.0000,0.0000,0.0065,0.0000,200,3.3628
0.0063,0.0000,0.0000,0.0000,0.0063,0.0000,200,3.3666
0.0065,0.0000,0.0000,0.0000,0.0064,0.0000,200,3.3666
0.0065,0.0000,0.0000,0.0000,0.0064,0.0000,200,3.3666
0.0065,0.0000,0.0000,0.0000,0.0064,0.0001,200,3.3694
0.0066,0.0000,0.0000,0.0000,0.0064,0.0001,200,3.3729
0.0067,0.0000,0.0000,0.0000,0.0066,0.0000,200,3.3730
0.0066,0.0000,0.0000,0.0000,0.0066,0.0000,200,3.3731
0.0064,0.0000,0.0000,0.0000,0.0063,0.0000,200,3.3759
0.0065,0.0000,0.0000,0.0000,0.0064,0.0001,200,3.3795
0.0063,0.0000,0.0000,0.0000,0.0062,0.0000,200,3.3797
0.0066,0.0000,0.0000,0.0000,0.0065,0.0001,200,3.3797
0.0062,0.0000,0.0000,0.0000,0.0061,0.0001,200,3.3822
0.0063,0.0000,0.0000,0.0000,0.0062,0.0000,200,3.3860
0.0064,0.0000,0.0000,0.0000,0.0063,0.0000,200,3.3859
0.0064,0.0000,0.0000,0.0000,0.0063,0.0000,200,3.3863
0.0063,0.0000,0.0000,0.0000,0.0062,0.0001,200,3.3884
0.0065,0.0000,0.0000,0.0000,0.0064,0.0001,200,3.3923
0.0066,0.0000,0.0000,0.0000,0.0065,0.0000,200,3.3923
0.0085,0.0000,0.0000,0.0000,0.0083,0.0001,200,3.3927
0.0067,0.0000,0.0000,0.0000,0.0066,0.0000,200,3.3947
0.0083,0.0000,0.0000,0.0000,0.0082,0.0001,200,3.3989
0.0083,0.0000,0.0000,0.0000,0.0082,0.0000,200,3.3989
0.0065,0.0000,0.0000,0.0000,0.0064,0.0000,200,3.4011
0.0064,0.0000,0.0000,0.0000,0.0064,0.0000,200,3.4015
0.0067,0.0000,0.0000,0.0000,0.0066,0.0000,200,3.4071
0.0066,0.0000,0.0000,0.0000,0.0065,0.0001,200,3.4072
0.0065,0.0000,0.0000,0.0000,0.0063,0.0002,200,3.4076
0.0065,0.0000,0.0000,0.0000,0.0065,0.0000,200,3.4079
0.0068,0.0000,0.0000,0.0000,0.0066,0.0001,200,3.4138
0.0068,0.0000,0.0000,0.0000,0.0067,0.0000,200,3.4138
0.0066,0.0000,0.0000,0.0000,0.0065,0.0000,200,3.4141
0.0064,0.0000,0.0000,0.0000,0.0064,0.0000,200,3.4144
0.0065,0.0000,0.0000,0.0000,0.0064,0.0001,200,3.4206
0.0063,0.0000,0.0000,0.0000,0.0063,0.0000,200,3.4208
0.0064,0.0000,0.0000,0.0000,0.0063,0.0001,200,3.4208
0.0069,0.0000,0.0000,0.0000,0.0068,0.0000,200,3.4206
0.0063,0.0000,0.0000,0.0000,0.0062,0.0001,200,3.4275
0.0067,0.0000,0.0000,0.0000,0.0066,0.0000,200,3.4271
0.0067,0.0000,0.0000,0.0000,0.0067,0.0000,200,3.4272
0.0068,0.0000,0.0000,0.0000,0.0067,0.0000,200,3.4272
0.0066,0.0000,0.0000,0.0000,0.0064,0.0001,200,3.4338
0.0066,0.0000,0.0000,0.0000,0.0065,0.0000,200,3.4340
0.0067,0.0000,0.0000,0.0000,0.0067,0.0000,200,3.4339
0.0069,0.0000,0.0000,0.0000,0.0068,0.0001,200,3.4338
0.0065,0.0000,0.0000,0.0000,0.0064,0.0001,200,3.4405
0.0065,0.0000,0.0000,0.0000,0.0065,0.0000,200,3.4406
0.0065,0.0000,0.0000,0.0000,0.0064,0.0000,200,3.4407
0.0067,0.0000,0.0000,0.0000,0.0066,0.0000,200,3.4405
0.0068,0.0000,0.0000,0.0000,0.0066,0.0001,200,3.4471
0.0067,0.0000,0.0000,0.0000,0.0066,0.0001,200,3.4471
0.0068,0.0000,0.0000,0.0000,0.0067,0.0000,200,3.4471
0.0068,0.0000,0.0000,0.0000,0.0068,0.0000,200,3.4472
0.0065,0.0000,0.0000,0.0000,0.0064,0.0000,200,3.4540
0.0066,0.0000,0.0000,0.0000,0.0066,0.0000,200,3.4538
0.0066,0.0000,0.0000,0.0000,0.0065,0.0001,200,3.4539
0.0067,0.0000,0.0000,0.0000,0.0065,0.0002,200,3.4538
0.0064,0.0000,0.0000,0.0000,0.0063,0.0000,200,3.4606
0.0065,0.0000,0.0000,0.0000,0.0065,0.0000,200,3.4605
0.0066,0.0000,0.0000,0.0000,0.0065,0.0000,200,3.4605
0.0066,0.0000,0.0000,0.0000,0.0065,0.0000,200,3.4605
0.0064,0.0000,0.0000,0.0000,0.0063,0.0001,200,3.4671
0.0064,0.0000,0.0000,0.0000,0.0063,0.0000,200,3.4670
0.0064,0.0000,0.0000,0.0000,0.0063,0.0000,200,3.4671
0.0067,0.0000,0.0000,0.0000,0.0066,0.0000,200,3.4670
0.0065,0.0000,0.0000,0.0000,0.0064,0.0001,200,3.4735
0.0066,0.0000,0.0000,0.0000,0.0065,0.0000,200,3.4734
0.0066,0.0000,0.0000,0.0000,0.0065,0.0000,200,3.4734
0.0064,0.0000,0.0000,0.0000,0.0063,0.0000,200,3.4736
0.0065,0.0000,0.0000,0.0000,0.0064,0.0001,200,3.4800
0.0065,0.0000,0.0000,0.0000,0.0064,0.0000,200,3.4800
0.0066,0.0000,0.0000,0.0000,0.0066,0.0000,200,3.4800
0.0067,0.0000,0.0000,0.0000,0.0067,0.0000,200,3.4800
0.0065,0.0000,0.0000,0.0000,0.0064,0.0000,200,3.4866
0.0064,0.0000,0.0000,0.0000,0.0063,0.0001,200,3.4867
0.0066,0.0000,0.0000,0.0000,0.0065,0.0001,200,3.4865
0.0067,0.0000,0.0000,0.0000,0.0066,0.0000,200,3.4865
0.0067,0.0000,0.0000,0.0000,0.0066,0.0001,200,3.4931
0.0067,0.0000,0.0000,0.0000,0.0066,0.0001,200,3.4931
0.0067,0.0000,0.0000,0.0000,0.0066,0.0001,200,3.4932
0.0067,0.0000,0.0000,0.0000,0.0066,0.0000,200,3.4932
0.0066,0.0000,0.0000,0.0000,0.0065,0.0001,200,3.4998
0.0066,0.0000,0.0000,0.0000,0.0065,0.0001,200,3.4998
0.0066,0.0000,0.0000,0.0000,0.0065,0.0000,200,3.4998
0.0066,0.0000,0.0000,0.0000,0.0066,0.0000,200,3.4999
0.0065,0.0000,0.0000,0.0000,0.0064,0.0001,200,3.5064
0.0066,0.0000,0.0000,0.0000,0.0065,0.0000,200,3.5064
0.0066,0.0000,0.0000,0.0000,0.0065,0.0000,200,3.5064
0.0066,0.0000,0.0000,0.0000,0.0065,0.0000,200,3.5065
0.0066,0.0000,0.0000,0.0000,0.0065,0.0001,200,3.5131
0.0066,0.0000,0.0000,0.0000,0.0065,0.0001,200,3.5131
0.0070,0.0000,0.0000,0.0000,0.0069,0.0000,200,3.5130
0.0072,0.0000,0.0000,0.0000,0.0071,0.0001,200,3.5131
0.0072,0.0000,0.0000,0.0000,0.0071,0.0001,200,3.5197
0.0067,0.0000,0.0000,0.0000,0.0066,0.0000,200,3.5203
0.0073,0.0000,0.0000,0.0000,0.0072,0.0000,200,3.5196
0.0070,0.0000,0.0000,0.0000,0.0070,0.0000,200,3.5199
0.0065,0.0000,0.0000,0.0000,0.0064,0.0001,200,3.5268
0.0064,0.0000,0.0000,0.0000,0.0063,0.0000,200,3.5270
0.0064,0.0000,0.0000,0.0000,0.0064,0.0000,200,3.5270
0.0064,0.0000,0.0000,0.0000,0.0064,0.0000,200,3.5270
0.0064,0.0000,0.0000,0.0000,0.0064,0.0001,200,3.5334
0.0064,0.0000,0.0000,0.0000,0.0064,0.0001,200,3.5334
0.0065,0.0000,0.0000,0.0000,0.0064,0.0001,200,3.5334
0.0065,0.0000,0.0000,0.0000,0.0064,0.0001,200,3.5333
0.0064,0.0000,0.0000,0.0000,0.0063,0.0001,200,3.5399
0.0064,0.0000,0.0000,0.0000,0.0064,0.0000,200,3.5399
0.0064,0.0000,0.0000,0.0000,0.0063,0.0000,200,3.5399
0.0065,0.0000,0.0000,0.0000,0.0064,0.0000,200,3.5399
0.0065,0.0000,0.0000,0.0000,0.0063,0.0001,200,3.5463
0.0065,0.0000,0.0000,0.0000,0.0064,0.0000,200,3.5463
0.0064,0.0000,0.0000,0.0000,0.0064,0.0000,200,3.5464
0.0065,0.0000,0.0000,0.0000,0.0064,0.0000,200,3.5463
0.0066,0.0000,0.0000,0.0000,0.0065,0.0001,200,3.5528
0.0066,0.0000,0.0000,0.0000,0.0066,0.0000,200,3.5528
0.0066,0.0000,0.0000,0.0000,0.0066,0.0000,200,3.5528
0.0066,0.0000,0.0000,0.0000,0.0066,0.0000,200,3.5528
0.0064,0.0000,0.0000,0.0000,0.0064,0.0001,200,3.5594
0.0065,0.0000,0.0000,0.0000,0.0064,0.0001,200,3.5594
0.0064,0.0000,0.0000,0.0000,0.0064,0.0001,200,3.5594
0.0065,0.0000,0.0000,0.0000,0.0064,0.0000,200,3.5594
0.0066,0.0000,0.0000,0.0000,0.0065,0.0001,200,3.5659
0.0066,0.0000,0.0000,0.0000,0.0065,0.0001,200,3.5659
0.0066,0.0000,0.0000,0.0000,0.0065,0.0001,200,3.5659
0.0066,0.0000,0.0000,0.0000,0.0065,0.0000,200,3.5659
0.0067,0.0000,0.0000,0.0000,0.0066,0.0001,200,3.5725
0.0067,0.0000,0.0000,0.0000,0.0066,0.0000,200,3.5725
0.0067,0.0000,0.0000,0.0000,0.0066,0.0001,200,3.5725
0.0067,0.0000,0.0000,0.0000,0.0066,0.0001,200,3.5725
0.0063,0.0000,0.0000,0.0000,0.0062,0.0001,200,3.5792
0.0066,0.0000,0.0000,0.0000,0.0065,0.0000,200,3.5792
0.0066,0.0000,0.0000,0.0000,0.0065,0.0000,200,3.5792
0.0066,0.0000,0.0000,0.0000,0.0065,0.0000,200,3.5792
0.0066,0.0000,0.0000,0.0000,0.0065,0.0001,200,3.5855
0.0064,0.0000,0.0000,0.0000,0.0063,0.0000,200,3.5858
0.0064,0.0000,0.0000,0.0000,0.0063,0.0000,200,3.5858
0.0064,0.0000,0.0000,0.0000,0.0063,0.0000,200,3.5858
0.0065,0.0000,0.0000,0.0000,0.0064,0.0001,200,3.5922
0.0065,0.0000,0.0000,0.0000,0.0064,0.0001,200,3.5921
0.0065,0.0000,0.0000,0.0000,0.0064,0.0001,200,3.5921
0.0065,0.0000,0.0000,0.0000,0.0064,0.0001,200,3.5922
0.0064,0.0000,0.0000,0.0000,0.0063,0.0000,200,3.5987
0.0064,0.0000,0.0000,0.0000,0.0063,0.0000,200,3.5987
0.0064,0.0000,0.0000,0.0000,0.0063,0.0000,200,3.5987
0.0069,0.0000,0.0000,0.0000,0.0068,0.0000,200,3.5987
0.0066,0.0000,0.0000,0.0000,0.0064,0.0001,200,3.6050
0.0066,0.0000,0.0000,0.0000,0.0065,0.0000,200,3.6050
0.0066,0.0000,0.0000,0.0000,0.0065,0.0000,200,3.6050
0.0075,0.0000,0.0000,0.0000,0.0074,0.0001,200,3.6055
0.0067,0.0000,0.0000,0.0000,0.0066,0.0001,200,3.6117
0.0068,0.0000,0.0000,0.0000,0.0067,0.0000,200,3.6116
0.0067,0.0000,0.0000,0.0000,0.0067,0.0000,200,3.6117
0.0069,0.0000,0.0000,0.0000,0.0068,0.0000,200,3.6130
0.0065,0.0000,0.0000,0.0000,0.0064,0.0000,200,3.6184
0.0065,0.0000,0.0000,0.0000,0.0064,0.0000,200,3.6184
0.0068,0.0000,0.0000,0.0000,0.0067,0.0000,200,3.6184
0.0060,0.0000,0.0000,0.0000,0.0059,0.0000,200,3.6199
0.0063,0.0000,0.0000,0.0000,0.0063,0.0000,200,3.6252
0.0067,0.0000,0.0000,0.0000,0.0066,0.0000,200,3.6249
0.0066,0.0000,0.0000,0.0000,0.0065,0.0000,200,3.6249
0.0063,0.0000,0.0000,0.0000,0.0063,0.0000,200,3.6259
0.0065,0.0000,0.0000,0.0000,0.0065,0.0000,200,3.6315
0.0066,0.0000,0.0000,0.0000,0.0064,0.0000,200,3.6315
0.0066,0.0000,0.0000,0.0000,0.0065,0.0001,200,3.6315
0.0064,0.0000,0.0000,0.0000,0.0064,0.0001,200,3.6322
0.0067,0.0000,0.0000,0.0000,0.0066,0.0001,200,3.6381
0.0067,0.0000,0.0000,0.0000,0.0066,0.0001,200,3.6381
0.0063,0.0000,0.0000,0.0000,0.0062,0.0000,200,3.6386
0.0068,0.0000,0.0000,0.0000,0.0068,0.0000,200,3.6381
0.0075,0.0000,0.0000,0.0000,0.0075,0.0001,200,3.6449
0.0076,0.0000,0.0000,0.0001,0.0075,0.0000,200,3.6448
0.0076,0.0000,0.0000,0.0000,0.0075,0.0001,200,3.6449
0.0079,0.0000,0.0000,0.0000,0.0078,0.0000,200,3.6448
0.0066,0.0000,0.0000,0.0000,0.0065,0.0001,200,3.6524
0.0066,0.0000,0.0000,0.0000,0.0065,0.0000,200,3.6525
0.0066,0.0000,0.0000,0.0000,0.0065,0.0001,200,3.6524
0.0064,0.0000,0.0000,0.0000,0.0064,0.0000,200,3.6527
0.0065,0.0000,0.0000,0.0000,0.0063,0.0001,200,3.6591
0.0064,0.0000,0.0000,0.0000,0.0064,0.0000,200,3.6591
0.0065,0.0000,0.0000,0.0000,0.0064,0.0000,200,3.6590
0.0065,0.0000,0.0000,0.0000,0.0064,0.0000,200,3.6590
0.0066,0.0000,0.0000,0.0000,0.0064,0.0001,200,3.6655
0.0066,0.0000,0.0000,0.0000,0.0065,0.0000,200,3.6656
0.0066,0.0000,0.0000,0.0000,0.0065,0.0000,200,3.6655
0.0066,0.0000,0.0000,0.0000,0.0066,0.0000,200,3.6655
0.0063,0.0000,0.0000,0.0000,0.0062,0.0001,200,3.6721
0.0064,0.0000,0.0000,0.0000,0.0063,0.0000,200,3.6721
0.0065,0.0000,0.0000,0.0000,0.0064,0.0000,200,3.6721
0.0068,0.0000,0.0000,0.0000,0.0064,0.0004,200,3.6721
0.0066,0.0000,0.0000,0.0000,0.0065,0.0001,200,3.6785
0.0066,0.0000,0.0000,0.0000,0.0066,0.0000,200,3.6785
0.0072,0.0000,0.0000,0.0004,0.0068,0.0000,200,3.6785
0.0069,0.0000,0.0000,0.0001,0.0067,0.0000,200,3.6789
0.0064,0.0000,0.0000,0.0000,0.0063,0.0001,200,3.6851
0.0065,0.0000,0.0000,0.0000,0.0064,0.0001,200,3.6851
0.0063,0.0000,0.0000,0.0000,0.0062,0.0001,200,3.6857
0.0062,0.0000,0.0000,0.0000,0.0062,0.0000,200,3.6858
0.0064,0.0000,0.0000,0.0000,0.0063,0.0001,200,3.6915
0.0064,0.0000,0.0000,0.0000,0.0063,0.0000,200,3.6916
0.0061,0.0000,0.0000,0.0000,0.0060,0.0000,200,3.6920
0.0062,0.0000,0.0000,0.0000,0.0061,0.0001,200,3.6920
0.0063,0.0000,0.0000,0.0000,0.0062,0.0001,200,3.6979
0.0061,0.0000,0.0000,0.0000,0.0060,0.0000,200,3.6982
0.0061,0.0000,0.0000,0.0000,0.0061,0.0000,200,3.6981
0.0063,0.0000,0.0000,0.0000,0.0062,0.0000,200,3.6980
0.0062,0.0000,0.0000,0.0001,0.0060,0.0001,200,3.7043
0.0063,0.0000,0.0000,0.0000,0.0063,0.0001,200,3.7042
0.0062,0.0000,0.0000,0.0000,0.0062,0.0000,200,3.7043
0.0063,0.0000,0.0000,0.0000,0.0062,0.0001,200,3.7043
0.0066,0.0000,0.0000,0.0000,0.0065,0.0001,200,3.7105
0.0066,0.0000,0.0000,0.0000,0.0065,0.0000,200,3.7105
0.0066,0.0000,0.0000,0.0000,0.0065,0.0000,200,3.7105
0.0068,0.0000,0.0000,0.0000,0.0068,0.0000,200,3.7105
0.0064,0.0000,0.0000,0.0000,0.0064,0.0000,200,3.7173
0.0067,0.0000,0.0000,0.0000,0.0065,0.0001,200,3.7171
0.0066,0.0000,0.0000,0.0000,0.0066,0.0000,200,3.7171
0.0067,0.0000,0.0000,0.0000,0.0065,0.0001,200,3.7171
0.0066,0.0000,0.0000,0.0000,0.0065,0.0001,200,3.7238
0.0067,0.0000,0.0000,0.0000,0.0066,0.0000,200,3.7238
0.0066,0.0000,0.0000,0.0000,0.0066,0.0000,200,3.7238
0.0067,0.0000,0.0000,0.0000,0.0066,0.0000,200,3.7238
0.0065,0.0000,0.0000,0.0000,0.0064,0.0001,200,3.7304
0.0066,0.0000,0.0000,0.0000,0.0065,0.0000,200,3.7304
0.0066,0.0000,0.0000,0.0000,0.0065,0.0000,200,3.7304
0.0078,0.0000,0.0000,0.0000,0.0076,0.0000,200,3.7304
0.0067,0.0000,0.0000,0.0000,0.0066,0.0001,200,3.7370
0.0068,0.0000,0.0000,0.0000,0.0067,0.0000,200,3.7370
0.0068,0.0000,0.0000,0.0000,0.0067,0.0000,200,3.7370
0.0065,0.0000,0.0000,0.0000,0.0063,0.0001,200,3.7382
0.0067,0.0000,0.0000,0.0000,0.0067,0.0001,200,3.7438
0.0069,0.0000,0.0000,0.0000,0.0068,0.0001,200,3.7436
0.0069,0.0000,0.0000,0.0000,0.0068,0.0001,200,3.7438
0.0066,0.0000,0.0000,0.0000,0.0065,0.0001,200,3.7446
0.0067,0.0000,0.0000,0.0000,0.0066,0.0001,200,3.7505
0.0069,0.0000,0.0000,0.0000,0.0068,0.0000,200,3.7505
0.0065,0.0000,0.0000,0.0000,0.0064,0.0000,200,3.7512
0.0076,0.0000,0.0000,0.0000,0.0075,0.0000,200,3.7507
0.0071,0.0000,0.0000,0.0000,0.0070,0.0001,200,3.7572
0.0069,0.0000,0.0000,0.0000,0.0069,0.0000,200,3.7574
0.0069,0.0000,0.0000,0.0000,0.0069,0.0000,200,3.7577
0.0065,0.0000,0.0000,0.0000,0.0064,0.0000,200,3.7582
0.0079,0.0000,0.0000,0.0000,0.0078,0.0001,200,3.7647
0.0080,0.0000,0.0000,0.0000,0.0079,0.0001,200,3.7647
0.0083,0.0000,0.0000,0.0000,0.0082,0.0001,200,3.7644
0.0083,0.0000,0.0000,0.0000,0.0082,0.0001,200,3.7644
0.0066,0.0000,0.0000,0.0000,0.0065,0.0001,200,3.7726
0.0066,0.0000,0.0000,0.0000,0.0065,0.0000,200,3.7727
0.0067,0.0000,0.0000,0.0000,0.0066,0.0000,200,3.7726
0.0067,0.0000,0.0000,0.0000,0.0066,0.0000,200,3.7726
0.0064,0.0000,0.0000,0.0000,0.0064,0.0001,200,3.7793
0.0065,0.0000,0.0000,0.0000,0.0064,0.0000,200,3.7793
0.0065,0.0000,0.0000,0.0000,0.0064,0.0000,200,3.7793
0.0065,0.0000,0.0000,0.0000,0.0064,0.0000,200,3.7793
0.0066,0.0000,0.0000,0.0000,0.0065,0.0001,200,3.7858
0.0066,0.0000,0.0000,0.0000,0.0065,0.0000,200,3.7858
0.0066,0.0000,0.0000,0.0000,0.0065,0.0000,200,3.7858
0.0066,0.0000,0.0000,0.0000,0.0065,0.0000,200,3.7858
0.0065,0.0000,0.0000,0.0000,0.0064,0.0001,200,3.7924
0.0066,0.0000,0.0000,0.0000,0.0066,0.0000,200,3.7924
0.0067,0.0000,0.0000,0.0000,0.0066,0.0000,200,3.7924
0.0067,0.0000,0.0000,0.0000,0.0067,0.0000,200,3.7924
0.0064,0.0000,0.0000,0.0000,0.0063,0.0001,200,3.7991
0.0067,0.0000,0.0000,0.0000,0.0066,0.0000,200,3.7989
0.0065,0.0000,0.0000,0.0000,0.0065,0.0000,200,3.7991
0.0066,0.0000,0.0000,0.0000,0.0065,0.0000,200,3.7990
0.0063,0.0000,0.0000,0.0000,0.0062,0.0001,200,3.8056
0.0064,0.0000,0.0000,0.0000,0.0063,0.0000,200,3.8055
0.0064,0.0000,0.0000,0.0000,0.0063,0.0000,200,3.8056
0.0064,0.0000,0.0000,0.0000,0.0064,0.0000,200,3.8056
0.0063,0.0000,0.0000,0.0000,0.0062,0.0001,200,3.8120
0.0063,0.0000,0.0000,0.0000,0.0063,0.0000,200,3.8120
0.0065,0.0000,0.0000,0.0000,0.0064,0.0000,200,3.8119
0.0064,0.0000,0.0000,0.0000,0.0064,0.0000,200,3.8120
0.0066,0.0000,0.0000,0.0000,0.0065,0.0001,200,3.8182
0.0067,0.0000,0.0000,0.0000,0.0066,0.0000,200,3.8184
0.0067,0.0000,0.0000,0.0000,0.0066,0.0000,200,3.8184
0.0068,0.0000,0.0000,0.0000,0.0067,0.0001,200,3.8183
0.0068,0.0000,0.0000,0.0000,0.0067,0.0001,200,3.8248
0.0066,0.0000,0.0000,0.0000,0.0065,0.0000,200,3.8251
0.0066,0.0000,0.0000,0.0000,0.0065,0.0000,200,3.8251
0.0067,0.0000,0.0000,0.0000,0.0066,0.0000,200,3.8251
0.0068,0.0000,0.0000,0.0000,0.0067,0.0001,200,3.8316
0.0067,0.0000,0.0000,0.0000,0.0066,0.0001,200,3.8316
0.0066,0.0000,0.0000,0.0000,0.0066,0.0000,200,3.8318
0.0068,0.0000,0.0000,0.0000,0.0067,0.0000,200,3.8316
0.0065,0.0000,0.0000,0.0000,0.0065,0.0000,200,3.8383
0.0064,0.0000,0.0000,0.0000,0.0063,0.0001,200,3.8384
0.0065,0.0000,0.0000,0.0000,0.0065,0.0000,200,3.8383
0.0065,0.0000,0.0000,0.0000,0.0064,0.0001,200,3.8384
0.0064,0.0000,0.0000,0.0000,0.0063,0.0001,200,3.8449
0.0067,0.0000,0.0000,0.0000,0.0067,0.0000,200,3.8449
0.0068,0.0000,0.0000,0.0000,0.0065,0.0002,200,3.8449
0.0069,0.0000,0.0000,0.0000,0.0068,0.0000,200,3.8449
0.0066,0.0000,0.0000,0.0000,0.0065,0.0001,200,3.8516
0.0069,0.0000,0.0000,0.0000,0.0067,0.0001,200,3.8513
0.0064,0.0000,0.0000,0.0000,0.0063,0.0001,200,3.8518
0.0066,0.0000,0.0000,0.0000,0.0065,0.0000,200,3.8516
0.0067,0.0000,0.0000,0.0000,0.0066,0.0001,200,3.8582
0.0067,0.0000,0.0000,0.0000,0.0066,0.0001,200,3.8582
0.0066,0.0000,0.0000,0.0000,0.0065,0.0001,200,3.8582
0.0066,0.0000,0.0000,0.0000,0.0065,0.0000,200,3.8583
0.0066,0.0000,0.0000,0.0000,0.0065,0.0000,200,3.8648
0.0066,0.0000,0.0000,0.0000,0.0065,0.0001,200,3.8649
0.0066,0.0000,0.0000,0.0000,0.0065,0.0001,200,3.8648
0.0066,0.0000,0.0000,0.0000,0.0065,0.0001,200,3.8648
0.0065,0.0000,0.0000,0.0000,0.0064,0.0000,200,3.8714
0.0065,0.0000,0.0000,0.0000,0.0064,0.0001,200,3.8714
0.0065,0.0000,0.0000,0.0000,0.0065,0.0000,200,3.8714
0.0067,0.0000,0.0000,0.0000,0.0066,0.0000,200,3.8714
0.0065,0.0000,0.0000,0.0000,0.0064,0.0000,200,3.8779
0.0065,0.0000,0.0000,0.0000,0.0064,0.0001,200,3.8779
0.0065,0.0000,0.0000,0.0000,0.0064,0.0001,200,3.8779
0.0066,0.0000,0.0000,0.0000,0.0066,0.0000,200,3.8781
0.0072,0.0000,0.0000,0.0000,0.0071,0.0001,200,3.8844
0.0092,0.0000,0.0000,0.0000,0.0091,0.0001,200,3.8844
0.0093,0.0000,0.0000,0.0000,0.0092,0.0000,200,3.8844
0.0090,0.0000,0.0000,0.0000,0.0089,0.0000,200,3.8847
0.0083,0.0000,0.0000,0.0000,0.0081,0.0001,200,3.8917
0.0071,0.0000,0.0000,0.0000,0.0070,0.0000,200,3.8936
0.0074,0.0000,0.0000,0.0000,0.0069,0.0005,200,3.8937
0.0077,0.0000,0.0000,0.0000,0.0076,0.0000,200,3.8937
0.0066,0.0000,0.0000,0.0000,0.0065,0.0001,200,3.9007
0.0075,0.0000,0.0000,0.0000,0.0074,0.0000,200,3.8999
0.0066,0.0000,0.0000,0.0000,0.0066,0.0000,200,3.9013
0.0071,0.0000,0.0000,0.0000,0.0071,0.0000,200,3.9011
0.0066,0.0000,0.0000,0.0000,0.0065,0.0001,200,3.9073
0.0066,0.0000,0.0000,0.0000,0.0066,0.0001,200,3.9074
0.0062,0.0000,0.0000,0.0000,0.0062,0.0000,200,3.9080
0.0069,0.0000,0.0000,0.0000,0.0068,0.0001,200,3.9082
0.0069,0.0000,0.0000,0.0000,0.0068,0.0001,200,3.9140
0.0078,0.0000,0.0000,0.0000,0.0078,0.0001,200,3.9140
0.0077,0.0000,0.0000,0.0000,0.0076,0.0000,200,3.9142
0.0072,0.0000,0.0000,0.0000,0.0071,0.0000,200,3.9151
0.0081,0.0000,0.0000,0.0000,0.0079,0.0001,200,3.9209
0.0069,0.0000,0.0000,0.0000,0.0068,0.0001,200,3.9223
0.0079,0.0000,0.0000,0.0000,0.0078,0.0001,200,3.9219
0.0080,0.0000,0.0000,0.0000,0.0079,0.0000,200,3.9219
0.0076,0.0000,0.0000,0.0000,0.0074,0.0001,200,3.9289
0.0075,0.0000,0.0000,0.0000,0.0074,0.0000,200,3.9291
0.0069,0.0000,0.0000,0.0000,0.0068,0.0000,200,3.9298
0.0074,0.0000,0.0000,0.0000,0.0072,0.0001,200,3.9298
0.0068,0.0000,0.0000,0.0000,0.0067,0.0000,200,3.9367
0.0070,0.0000,0.0000,0.0000,0.0068,0.0001,200,3.9365
0.0069,0.0000,0.0000,0.0000,0.0069,0.0000,200,3.9366
0.0079,0.0000,0.0000,0.0000,0.0073,0.0006,200,3.9372
0.0068,0.0000,0.0000,0.0000,0.0066,0.0001,200,3.9435
0.0068,0.0000,0.0000,0.0000,0.0067,0.0000,200,3.9435
0.0069,0.0000,0.0000,0.0000,0.0069,0.0000,200,3.9436
0.0067,0.0000,0.0000,0.0000,0.0065,0.0001,200,3.9451
0.0066,0.0000,0.0000,0.0000,0.0065,0.0000,200,3.9503
0.0066,0.0000,0.0000,0.0000,0.0065,0.0000,200,3.9503
0.0065,0.0000,0.0000,0.0000,0.0064,0.0000,200,3.9505
0.0067,0.0000,0.0000,0.0000,0.0066,0.0000,200,3.9518
0.0061,0.0000,0.0000,0.0000,0.0061,0.0000,200,3.9570
0.0063,0.0000,0.0000,0.0000,0.0062,0.0001,200,3.9569
0.0064,0.0000,0.0000,0.0000,0.0063,0.0000,200,3.9569
0.0064,0.0000,0.0000,0.0000,0.0063,0.0001,200,3.9585
0.0063,0.0000,0.0000,0.0000,0.0063,0.0000,200,3.9633
0.0065,0.0000,0.0000,0.0000,0.0064,0.0001,200,3.9631
0.0065,0.0000,0.0000,0.0000,0.0064,0.0001,200,3.9632
0.0063,0.0000,0.0000,0.0000,0.0062,0.0001,200,3.9649
0.0066,0.0000,0.0000,0.0000,0.0064,0.0001,200,3.9696
0.0066,0.0000,0.0000,0.0000,0.0065,0.0000,200,3.9696
0.0066,0.0000,0.0000,0.0000,0.0065,0.0000,200,3.9696
0.0064,0.0000,0.0000,0.0000,0.0063,0.0000,200,3.9712
0.0063,0.0000,0.0000,0.0000,0.0062,0.0001,200,3.9762
0.0064,0.0000,0.0000,0.0000,0.0063,0.0000,200,3.9762
0.0064,0.0000,0.0000,0.0000,0.0063,0.0000,200,3.9762
0.0062,0.0000,0.0000,0.0000,0.0062,0.0000,200,3.9776
0.0062,0.0000,0.0000,0.0000,0.0061,0.0001,200,3.9826
0.0063,0.0000,0.0000,0.0000,0.0063,0.0000,200,3.9826
0.0065,0.0000,0.0000,0.0000,0.0064,0.0000,200,3.9825
0.0062,0.0000,0.0000,0.0000,0.0061,0.0000,200,3.9838
0.0065,0.0000,0.0000,0.0000,0.0064,0.0000,200,3.9888
0.0064,0.0000,0.0000,0.0000,0.0063,0.0001,200,3.9889
0.0064,0.0000,0.0000,0.0000,0.0062,0.0001,200,3.9890
0.0064,0.0000,0.0000,0.0000,0.0063,0.0000,200,3.9900
0.0063,0.0000,0.0000,0.0000,0.0062,0.0000,200,3.9953
0.0062,0.0000,0.0000,0.0000,0.0062,0.0000,200,3.9953
0.0063,0.0000,0.0000,0.0000,0.0062,0.0000,200,3.9953
0.0062,0.0000,0.0000,0.0000,0.0061,0.0000,200,3.9964
0.0063,0.0000,0.0000,0.0000,0.0062,0.0001,200,4.0016
0.0064,0.0000,0.0000,0.0000,0.0063,0.0000,200,4.0016
0.0064,0.0000,0.0000,0.0000,0.0063,0.0001,200,4.0016
0.0062,0.0000,0.0000,0.0000,0.0061,0.0000,200,4.0026
0.0064,0.0000,0.0000,0.0000,0.0063,0.0001,200,4.0080
0.0065,0.0000,0.0000,0.0000,0.0064,0.0000,200,4.0080
0.0066,0.0000,0.0000,0.0000,0.0065,0.0000,200,4.0079
0.0063,0.0000,0.0000,0.0000,0.0063,0.0000,200,4.0088
0.0066,0.0000,0.0000,0.0000,0.0065,0.0001,200,4.0145
0.0066,0.0000,0.0000,0.0000,0.0065,0.0000,200,4.0145
0.0067,0.0000,0.0000,0.0000,0.0066,0.0000,200,4.0144
0.0068,0.0000,0.0000,0.0000,0.0068,0.0000,200,4.0151
0.0072,0.0000,0.0000,0.0000,0.0071,0.0001,200,4.0211
0.0075,0.0000,0.0000,0.0000,0.0074,0.0000,200,4.0211
0.0069,0.0000,0.0000,0.0000,0.0068,0.0000,200,4.0220
0.0081,0.0000,0.0000,0.0000,0.0080,0.0001,200,4.0210
0.0068,0.0000,0.0000,0.0000,0.0066,0.0001,200,4.0282
0.0065,0.0000,0.0000,0.0000,0.0064,0.0000,200,4.0286
0.0063,0.0000,0.0000,0.0000,0.0063,0.0000,200,4.0288
0.0063,0.0000,0.0000,0.0000,0.0062,0.0001,200,4.0291
0.0065,0.0000,0.0000,0.0000,0.0064,0.0001,200,4.0351
0.0066,0.0000,0.0000,0.0000,0.0065,0.0001,200,4.0350
0.0064,0.0000,0.0000,0.0000,0.0064,0.0000,200,4.0354
0.0067,0.0000,0.0000,0.0000,0.0066,0.0000,200,4.0351
0.0066,0.0000,0.0000,0.0000,0.0065,0.0000,200,4.0416
0.0064,0.0000,0.0000,0.0000,0.0063,0.0000,200,4.0418
0.0064,0.0000,0.0000,0.0000,0.0063,0.0001,200,4.0418
0.0066,0.0000,0.0000,0.0000,0.0065,0.0001,200,4.0416
0.0065,0.0000,0.0000,0.0000,0.0065,0.0001,200,4.0482
0.0066,0.0000,0.0000,0.0000,0.0065,0.0000,200,4.0482
0.0066,0.0000,0.0000,0.0000,0.0065,0.0001,200,4.0482
0.0066,0.0000,0.0000,0.0000,0.0066,0.0000,200,4.0482
0.0063,0.0000,0.0000,0.0000,0.0063,0.0000,200,4.0549
0.0064,0.0000,0.0000,0.0000,0.0063,0.0000,200,4.0547
0.0065,0.0000,0.0000,0.0000,0.0064,0.0000,200,4.0548
0.0065,0.0000,0.0000,0.0000,0.0065,0.0000,200,4.0548
0.0065,0.0000,0.0000,0.0000,0.0065,0.0001,200,4.0613
0.0065,0.0000,0.0000,0.0000,0.0064,0.0001,200,4.0613
0.0066,0.0000,0.0000,0.0000,0.0065,0.0000,200,4.0612
0.0066,0.0000,0.0000,0.0000,0.0065,0.0001,200,4.0612
0.0066,0.0000,0.0000,0.0000,0.0066,0.0000,200,4.0678
0.0067,0.0000,0.0000,0.0000,0.0065,0.0001,200,4.0678
0.0067,0.0000,0.0000,0.0000,0.0065,0.0001,200,4.0678
0.0068,0.0000,0.0000,0.0000,0.0067,0.0000,200,4.0678
0.0066,0.0000,0.0000,0.0000,0.0064,0.0000,200,4.0745
0.0066,0.0000,0.0000,0.0000,0.0065,0.0000,200,4.0745
0.0065,0.0000,0.0000,0.0000,0.0064,0.0000,200,4.0746
0.0066,0.0000,0.0000,0.0000,0.0065,0.0000,200,4.0745
0.0064,0.0000,0.0000,0.0000,0.0063,0.0001,200,4.0810
0.0065,0.0000,0.0000,0.0000,0.0064,0.0000,200,4.0810
0.0065,0.0000,0.0000,0.0000,0.0064,0.0000,200,4.0810
0.0065,0.0000,0.0000,0.0000,0.0064,0.0000,200,4.0810
0.0065,0.0000,0.0000,0.0000,0.0064,0.0001,200,4.0875
0.0066,0.0000,0.0000,0.0000,0.0065,0.0000,200,4.0875
0.0065,0.0000,0.0000,0.0000,0.0064,0.0001,200,4.0875
0.0066,0.0000,0.0000,0.0000,0.0065,0.0001,200,4.0875
0.0065,0.0000,0.0000,0.0000,0.0064,0.0000,200,4.0940
0.0066,0.0000,0.0000,0.0000,0.0065,0.0000,200,4.0940
0.0065,0.0000,0.0000,0.0000,0.0065,0.0000,200,4.0941
0.0066,0.0000,0.0000,0.0000,0.0063,0.0003,200,4.0940
0.0064,0.0000,0.0000,0.0000,0.0063,0.0001,200,4.1006
0.0064,0.0000,0.0000,0.0000,0.0063,0.0000,200,4.1007
0.0065,0.0000,0.0000,0.0000,0.0064,0.0000,200,4.1006
0.0066,0.0000,0.0000,0.0000,0.0065,0.0000,200,4.1005
0.0065,0.0000,0.0000,0.0000,0.0064,0.0001,200,4.1071
0.0065,0.0000,0.0000,0.0000,0.0064,0.0001,200,4.1071
0.0065,0.0000,0.0000,0.0000,0.0064,0.0001,200,4.1071
0.0066,0.0000,0.0000,0.0000,0.0065,0.0000,200,4.1070
0.0064,0.0000,0.0000,0.0000,0.0063,0.0001,200,4.1136
0.0065,0.0000,0.0000,0.0000,0.0064,0.0000,200,4.1136
0.0065,0.0000,0.0000,0.0000,0.0063,0.0000,200,4.1136
0.0064,0.0000,0.0000,0.0000,0.0064,0.0000,200,4.1136
0.0067,0.0000,0.0000,0.0000,0.0066,0.0001,200,4.1200
0.0068,0.0000,0.0000,0.0000,0.0068,0.0000,200,4.1200
0.0068,0.0000,0.0000,0.0000,0.0067,0.0000,200,4.1201
0.0069,0.0000,0.0000,0.0000,0.0069,0.0000,200,4.1200
0.0069,0.0000,0.0000,0.0000,0.0068,0.0001,200,4.1267
0.0068,0.0000,0.0000,0.0000,0.0067,0.0001,200,4.1269
0.0068,0.0000,0.0000,0.0000,0.0067,0.0000,200,4.1269
0.0076,0.0000,0.0000,0.0000,0.0075,0.0001,200,4.1269
0.0067,0.0000,0.0000,0.0000,0.0065,0.0001,200,4.1336
0.0067,0.0000,0.0000,0.0000,0.0066,0.0001,200,4.1336
0.0070,0.0000,0.0000,0.0000,0.0069,0.0000,200,4.1337
0.0063,0.0000,0.0000,0.0000,0.0062,0.0001,200,4.1345
0.0067,0.0000,0.0000,0.0000,0.0065,0.0001,200,4.1403
0.0070,0.0000,0.0000,0.0000,0.0069,0.0000,200,4.1407
0.0072,0.0000,0.0000,0.0000,0.0071,0.0000,200,4.1407
0.0085,0.0000,0.0000,0.0000,0.0084,0.0000,200,4.1403
0.0075,0.0000,0.0000,0.0000,0.0074,0.0000,200,4.1470
0.0068,0.0000,0.0000,0.0000,0.0067,0.0001,200,4.1477
0.0069,0.0000,0.0000,0.0000,0.0068,0.0000,200,4.1479
0.0068,0.0000,0.0000,0.0000,0.0067,0.0000,200,4.1488
0.0067,0.0000,0.0000,0.0000,0.0066,0.0001,200,4.1545
0.0067,0.0000,0.0000,0.0000,0.0066,0.0000,200,4.1545
0.0065,0.0000,0.0000,0.0000,0.0064,0.0001,200,4.1547
0.0064,0.0000,0.0000,0.0000,0.0063,0.0000,200,4.1556
0.0067,0.0000,0.0000,0.0000,0.0066,0.0001,200,4.1612
0.0067,0.0000,0.0000,0.0000,0.0066,0.0001,200,4.1612
0.0067,0.0000,0.0000,0.0000,0.0067,0.0000,200,4.1612
0.0062,0.0000,0.0000,0.0000,0.0062,0.0000,200,4.1620
0.0067,0.0000,0.0000,0.0000,0.0066,0.0001,200,4.1679
0.0066,0.0000,0.0000,0.0000,0.0066,0.0001,200,4.1680
0.0064,0.0000,0.0000,0.0000,0.0063,0.0000,200,4.1682
0.0067,0.0000,0.0000,0.0000,0.0066,0.0000,200,4.1679
0.0066,0.0000,0.0000,0.0000,0.0065,0.0001,200,4.1746
0.0066,0.0000,0.0000,0.0000,0.0065,0.0001,200,4.1746
0.0066,0.0000,0.0000,0.0000,0.0065,0.0001,200,4.1746
0.0066,0.0000,0.0000,0.0000,0.0065,0.0000,200,4.1746
0.0067,0.0000,0.0000,0.0000,0.0066,0.0001,200,4.1812
0.0068,0.0000,0.0000,0.0000,0.0067,0.0000,200,4.1812
0.0068,0.0000,0.0000,0.0000,0.0066,0.0001,200,4.1812
0.0068,0.0000,0.0000,0.0000,0.0067,0.0001,200,4.1812
0.0064,0.0000,0.0000,0.0000,0.0063,0.0001,200,4.1879
0.0063,0.0000,0.0000,0.0000,0.0062,0.0000,200,4.1881
0.0064,0.0000,0.0000,0.0000,0.0063,0.0001,200,4.1880
0.0065,0.0000,0.0000,0.0000,0.0064,0.0000,200,4.1879
0.0063,0.0000,0.0000,0.0000,0.0062,0.0000,200,4.1944
0.0064,0.0000,0.0000,0.0000,0.0063,0.0000,200,4.1944
0.0064,0.0000,0.0000,0.0000,0.0064,0.0000,200,4.1943
0.0064,0.0000,0.0000,0.0000,0.0064,0.0000,200,4.1944
0.0064,0.0000,0.0000,0.0000,0.0063,0.0001,200,4.2008
0.0065,0.0000,0.0000,0.0000,0.0064,0.0000,200,4.2008
0.0066,0.0000,0.0000,0.0000,0.0065,0.0001,200,4.2008
0.0066,0.0000,0.0000,0.0000,0.0065,0.0000,200,4.2008
0.0063,0.0000,0.0000,0.0000,0.0063,0.0000,200,4.2074
0.0064,0.0000,0.0000,0.0000,0.0063,0.0001,200,4.2073
0.0065,0.0000,0.0000,0.0000,0.0064,0.0000,200,4.2072
0.0064,0.0000,0.0000,0.0000,0.0064,0.0000,200,4.2073
0.0064,0.0000,0.0000,0.0000,0.0063,0.0001,200,4.2137
0.0064,0.0000,0.0000,0.0000,0.0064,0.0000,200,4.2137
0.0066,0.0000,0.0000,0.0000,0.0065,0.0000,200,4.2137
0.0066,0.0000,0.0000,0.0000,0.0066,0.0000,200,4.2138
0.0064,0.0000,0.0000,0.0000,0.0063,0.0001,200,4.2204
0.0067,0.0000,0.0000,0.0000,0.0066,0.0001,200,4.2201
0.0066,0.0000,0.0000,0.0000,0.0065,0.0000,200,4.2203
0.0067,0.0000,0.0000,0.0000,0.0066,0.0000,200,4.2201
0.0066,0.0000,0.0000,0.0000,0.0065,0.0000,200,4.2268
0.0066,0.0000,0.0000,0.0000,0.0065,0.0000,200,4.2268
0.0066,0.0000,0.0000,0.0000,0.0065,0.0000,200,4.2268
0.0066,0.0000,0.0000,0.0000,0.0065,0.0001,200,4.2268
0.0065,0.0000,0.0000,0.0000,0.0064,0.0000,200,4.2334
0.0065,0.0000,0.0000,0.0000,0.0064,0.0000,200,4.2334
0.0065,0.0000,0.0000,0.0000,0.0064,0.0000,200,4.2334
0.0065,0.0000,0.0000,0.0000,0.0064,0.0001,200,4.2334
0.0065,0.0000,0.0000,0.0000,0.0064,0.0001,200,4.2399
0.0065,0.0000,0.0000,0.0000,0.0064,0.0000,200,4.2399
0.0065,0.0000,0.0000,0.0000,0.0064,0.0000,200,4.2399
0.0065,0.0000,0.0000,0.0000,0.0064,0.0000,200,4.2399
0.0067,0.0000,0.0000,0.0000,0.0065,0.0001,200,4.2464
0.0066,0.0000,0.0000,0.0000,0.0065,0.0001,200,4.2464
0.0067,0.0000,0.0000,0.0000,0.0066,0.0000,200,4.2464
0.0068,0.0000,0.0000,0.0000,0.0068,0.0000,200,4.2464
0.0065,0.0000,0.0000,0.0000,0.0064,0.0001,200,4.2530
0.0066,0.0000,0.0000,0.0000,0.0065,0.0001,200,4.2530
0.0068,0.0000,0.0000,0.0000,0.0067,0.0001,200,4.2531
0.0067,0.0000,0.0000,0.0000,0.0065,0.0002,200,4.2532
0.0070,0.0000,0.0000,0.0004,0.0065,0.0001,200,4.2595
0.0067,0.0000,0.0000,0.0000,0.0066,0.0000,200,4.2599
0.0070,0.0000,0.0000,0.0003,0.0066,0.0000,200,4.2596
0.0067,0.0000,0.0000,0.0001,0.0065,0.0000,200,4.2599
0.0066,0.0000,0.0000,0.0000,0.0065,0.0001,200,4.2666
0.0072,0.0000,0.0000,0.0000,0.0071,0.0001,200,4.2666
0.0077,0.0000,0.0000,0.0000,0.0071,0.0006,200,4.2666
0.0081,0.0000,0.0000,0.0000,0.0079,0.0001,200,4.2666
0.0069,0.0000,0.0000,0.0000,0.0067,0.0001,200,4.2738
0.0075,0.0000,0.0000,0.0000,0.0074,0.0000,200,4.2732
0.0065,0.0000,0.0000,0.0000,0.0064,0.0000,200,4.2743
0.0070,0.0000,0.0000,0.0000,0.0070,0.0000,200,4.2746
0.0064,0.0000,0.0000,0.0000,0.0063,0.0001,200,4.2809
0.0066,0.0000,0.0000,0.0000,0.0065,0.0000,200,4.2807
0.0066,0.0000,0.0000,0.0000,0.0065,0.0000,200,4.2807
0.0063,0.0000,0.0000,0.0000,0.0063,0.0000,200,4.2817
0.0066,0.0000,0.0000,0.0000,0.0065,0.0001,200,4.2873
0.0067,0.0000,0.0000,0.0000,0.0066,0.0000,200,4.2873
0.0067,0.0000,0.0000,0.0000,0.0066,0.0000,200,4.2873
0.0062,0.0000,0.0000,0.0000,0.0061,0.0000,200,4.2880
0.0067,0.0000,0.0000,0.0000,0.0066,0.0001,200,4.2939
0.0068,0.0000,0.0000,0.0000,0.0067,0.0000,200,4.2940
0.0069,0.0000,0.0000,0.0000,0.0068,0.0000,200,4.2940
0.0069,0.0000,0.0000,0.0000,0.0068,0.0000,200,4.2942
0.0069,0.0000,0.0000,0.0000,0.0068,0.0001,200,4.3006
0.0067,0.0000,0.0000,0.0000,0.0066,0.0000,200,4.3008
0.0067,0.0000,0.0000,0.0000,0.0066,0.0000,200,4.3008
0.0068,0.0000,0.0000,0.0000,0.0067,0.0000,200,4.3010
0.0068,0.0000,0.0000,0.0000,0.0067,0.0001,200,4.3075
0.0065,0.0000,0.0000,0.0000,0.0064,0.0000,200,4.3078
0.0068,0.0000,0.0000,0.0000,0.0067,0.0000,200,4.3075
0.0069,0.0000,0.0000,0.0000,0.0069,0.0000,200,4.3075
0.0067,0.0000,0.0000,0.0000,0.0066,0.0000,200,4.3143
0.0067,0.0000,0.0000,0.0000,0.0066,0.0000,200,4.3143
0.0068,0.0000,0.0000,0.0000,0.0067,0.0000,200,4.3143
0.0067,0.0000,0.0000,0.0000,0.0066,0.0000,200,4.3144
0.0065,0.0000,0.0000,0.0000,0.0064,0.0001,200,4.3210
0.0064,0.0000,0.0000,0.0000,0.0063,0.0001,200,4.3211
0.0064,0.0000,0.0000,0.0000,0.0063,0.0001,200,4.3211
0.0065,0.0000,0.0000,0.0000,0.0065,0.0000,200,4.3210
0.0064,0.0000,0.0000,0.0000,0.0063,0.0001,200,4.3275
0.0066,0.0000,0.0000,0.0000,0.0065,0.0000,200,4.3275
0.0066,0.0000,0.0000,0.0000,0.0065,0.0000,200,4.3275
0.0067,0.0000,0.0000,0.0000,0.0067,0.0000,200,4.3275
0.0064,0.0000,0.0000,0.0000,0.0063,0.0001,200,4.3341
0.0066,0.0000,0.0000,0.0000,0.0066,0.0000,200,4.3340
0.0064,0.0000,0.0000,0.0000,0.0064,0.0000,200,4.3342
0.0066,0.0000,0.0000,0.0000,0.0065,0.0000,200,4.3341
0.0066,0.0000,0.0000,0.0000,0.0065,0.0001,200,4.3406
0.0066,0.0000,0.0000,0.0000,0.0065,0.0000,200,4.3406
0.0066,0.0000,0.0000,0.0000,0.0065,0.0001,200,4.3406
0.0067,0.0000,0.0000,0.0000,0.0066,0.0001,200,4.3405
0.0065,0.0000,0.0000,0.0000,0.0064,0.0001,200,4.3472
0.0065,0.0000,0.0000,0.0000,0.0064,0.0000,200,4.3472
0.0065,0.0000,0.0000,0.0000,0.0065,0.0000,200,4.3472
0.0066,0.0000,0.0000,0.0000,0.0065,0.0000,200,4.3472
0.0064,0.0000,0.0000,0.0000,0.0064,0.0001,200,4.3538
0.0067,0.0000,0.0000,0.0000,0.0066,0.0000,200,4.3537
0.0067,0.0000,0.0000,0.0000,0.0067,0.0000,200,4.3537
0.0067,0.0000,0.0000,0.0000,0.0066,0.0000,200,4.3538
0.0066,0.0000,0.0000,0.0000,0.0065,0.0001,200,4.3605
0.0067,0.0000,0.0000,0.0000,0.0066,0.0001,200,4.3605
0.0067,0.0000,0.0000,0.0000,0.0066,0.0001,200,4.3605
0.0072,0.0000,0.0000,0.0000,0.0072,0.0000,200,4.3602
0.0067,0.0000,0.0000,0.0000,0.0066,0.0001,200,4.3671
0.0064,0.0000,0.0000,0.0000,0.0063,0.0000,200,4.3674
0.0068,0.0000,0.0000,0.0000,0.0067,0.0000,200,4.3671
0.0068,0.0000,0.0000,0.0000,0.0067,0.0000,200,4.3671
0.0065,0.0000,0.0000,0.0000,0.0064,0.0001,200,4.3738
0.0064,0.0000,0.0000,0.0000,0.0063,0.0000,200,4.3739
0.0065,0.0000,0.0000,0.0000,0.0065,0.0000,200,4.3739
0.0066,0.0000,0.0000,0.0000,0.0065,0.0000,200,4.3738
0.0063,0.0000,0.0000,0.0000,0.0063,0.0000,200,4.3804
0.0064,0.0000,0.0000,0.0000,0.0063,0.0001,200,4.3803
0.0064,0.0000,0.0000,0.0000,0.0063,0.0001,200,4.3803
0.0064,0.0000,0.0000,0.0000,0.0063,0.0000,200,4.3804
0.0065,0.0000,0.0000,0.0000,0.0064,0.0001,200,4.3867
0.0065,0.0000,0.0000,0.0000,0.0064,0.0001,200,4.3867
0.0066,0.0000,0.0000,0.0000,0.0065,0.0000,200,4.3868
0.0083,0.0000,0.0000,0.0000,0.0082,0.0001,200,4.3868
0.0068,0.0000,0.0000,0.0000,0.0067,0.0001,200,4.3932
0.0069,0.0000,0.0000,0.0000,0.0068,0.0000,200,4.3933
0.0076,0.0000,0.0000,0.0000,0.0075,0.0000,200,4.3933
0.0063,0.0000,0.0000,0.0000,0.0062,0.0000,200,4.3950
0.0066,0.0000,0.0000,0.0000,0.0064,0.0001,200,4.4001
0.0065,0.0000,0.0000,0.0000,0.0064,0.0000,200,4.4002
0.0063,0.0000,0.0000,0.0000,0.0062,0.0000,200,4.4009
0.0062,0.0000,0.0000,0.0000,0.0062,0.0000,200,4.4013
0.0064,0.0000,0.0000,0.0000,0.0063,0.0001,200,4.4066
0.0066,0.0000,0.0000,0.0000,0.0066,0.0000,200,4.4071
0.0070,0.0000,0.0000,0.0000,0.0068,0.0000,200,4.4067
0.0064,0.0000,0.0000,0.0000,0.0063,0.0000,200,4.4075
0.0067,0.0000,0.0000,0.0000,0.0065,0.0001,200,4.4131
0.0061,0.0000,0.0000,0.0000,0.0061,0.0000,200,4.4138
0.0061,0.0000,0.0000,0.0000,0.0060,0.0000,200,4.4139
0.0063,0.0000,0.0000,0.0000,0.0062,0.0001,200,4.4138
0.0063,0.0000,0.0000,0.0000,0.0062,0.0000,200,4.4199
0.0064,0.0000,0.0000,0.0000,0.0063,0.0000,200,4.4197
0.0062,0.0000,0.0000,0.0000,0.0062,0.0000,200,4.4200
0.0062,0.0000,0.0000,0.0000,0.0061,0.0000,200,4.4201
0.0067,0.0000,0.0000,0.0000,0.0066,0.0000,200,4.4263
0.0068,0.0000,0.0000,0.0000,0.0068,0.0000,200,4.4261
0.0069,0.0000,0.0000,0.0000,0.0067,0.0001,200,4.4261
0.0068,0.0000,0.0000,0.0000,0.0068,0.0000,200,4.4262
0.0065,0.0000,0.0000,0.0000,0.0064,0.0001,200,4.4330
0.0065,0.0000,0.0000,0.0000,0.0064,0.0000,200,4.4331
0.0065,0.0000,0.0000,0.0000,0.0064,0.0000,200,4.4330
0.0066,0.0000,0.0000,0.0000,0.0065,0.0000,200,4.4330
0.0064,0.0000,0.0000,0.0000,0.0063,0.0001,200,4.4395
0.0064,0.0000,0.0000,0.0000,0.0063,0.0000,200,4.4395
0.0064,0.0000,0.0000,0.0000,0.0063,0.0000,200,4.4395
0.0064,0.0000,0.0000,0.0000,0.0064,0.0000,200,4.4396
0.0065,0.0000,0.0000,0.0000,0.0064,0.0001,200,4.4459
0.0066,0.0000,0.0000,0.0000,0.0065,0.0000,200,4.4459
0.0065,0.0000,0.0000,0.0000,0.0064,0.0001,200,4.4460
0.0066,0.0000,0.0000,0.0000,0.0065,0.0001,200,4.4459
0.0062,0.0000,0.0000,0.0000,0.0061,0.0000,200,4.4525
0.0063,0.0000,0.0000,0.0000,0.0062,0.0000,200,4.4524
0.0063,0.0000,0.0000,0.0000,0.0062,0.0000,200,4.4525
0.0067,0.0000,0.0000,0.0000,0.0067,0.0000,200,4.4525
0.0065,0.0000,0.0000,0.0000,0.0064,0.0001,200,4.4587
0.0064,0.0000,0.0000,0.0000,0.0064,0.0000,200,4.4588
0.0065,0.0000,0.0000,0.0000,0.0064,0.0000,200,4.4587
0.0064,0.0000,0.0000,0.0000,0.0063,0.0001,200,4.4592
0.0065,0.0000,0.0000,0.0000,0.0064,0.0001,200,4.4652
0.0061,0.0000,0.0000,0.0000,0.0060,0.0000,200,4.4657
0.0066,0.0000,0.0000,0.0000,0.0065,0.0000,200,4.4652
0.0066,0.0000,0.0000,0.0000,0.0065,0.0000,200,4.4652
0.0064,0.0000,0.0000,0.0000,0.0063,0.0001,200,4.4717
0.0065,0.0000,0.0000,0.0000,0.0064,0.0000,200,4.4718
0.0065,0.0000,0.0000,0.0000,0.0064,0.0000,200,4.4718
0.0065,0.0000,0.0000,0.0000,0.0065,0.0000,200,4.4718
0.0066,0.0000,0.0000,0.0000,0.0065,0.0000,200,4.4781
0.0064,0.0000,0.0000,0.0000,0.0064,0.0001,200,4.4783
0.0065,0.0000,0.0000,0.0000,0.0064,0.0001,200,4.4783
0.0065,0.0000,0.0000,0.0000,0.0064,0.0000,200,4.4783
0.0064,0.0000,0.0000,0.0000,0.0063,0.0001,200,4.4848
0.0064,0.0000,0.0000,0.0000,0.0063,0.0001,200,4.4847
0.0066,0.0000,0.0000,0.0000,0.0065,0.0000,200,4.4847
0.0065,0.0000,0.0000,0.0000,0.0065,0.0000,200,4.4848
0.0066,0.0000,0.0000,0.0000,0.0065,0.0001,200,4.4911
0.0067,0.0000,0.0000,0.0000,0.0066,0.0000,200,4.4913
0.0068,0.0000,0.0000,0.0000,0.0068,0.0000,200,4.4911
0.0068,0.0000,0.0000,0.0000,0.0068,0.0000,200,4.4913
0.0066,0.0000,0.0000,0.0000,0.0064,0.0001,200,4.4977
0.0064,0.0000,0.0000,0.0000,0.0063,0.0000,200,4.4980
0.0063,0.0000,0.0000,0.0000,0.0063,0.0000,200,4.4980
0.0063,0.0000,0.0000,0.0000,0.0062,0.0000,200,4.4981
0.0064,0.0000,0.0000,0.0000,0.0063,0.0001,200,4.5043
0.0064,0.0000,0.0000,0.0000,0.0064,0.0000,200,4.5043
0.0064,0.0000,0.0000,0.0000,0.0063,0.0000,200,4.5043
0.0075,0.0000,0.0000,0.0000,0.0074,0.0000,200,4.5044
0.0069,0.0000,0.0000,0.0000,0.0068,0.0001,200,4.5107
0.0071,0.0000,0.0000,0.0000,0.0070,0.0000,200,4.5107
0.0075,0.0000,0.0000,0.0000,0.0074,0.0000,200,4.5107
0.0064,0.0000,0.0000,0.0000,0.0064,0.0000,200,4.5119
0.0067,0.0000,0.0000,0.0000,0.0066,0.0001,200,4.5176
0.0064,0.0000,0.0000,0.0000,0.0062,0.0001,200,4.5182
0.0063,0.0000,0.0000,0.0000,0.0062,0.0000,200,4.5183
0.0068,0.0000,0.0000,0.0000,0.0067,0.0000,200,4.5179
0.0066,0.0000,0.0000,0.0000,0.0065,0.0001,200,4.5243
0.0063,0.0000,0.0000,0.0000,0.0063,0.0000,200,4.5246
0.0064,0.0000,0.0000,0.0000,0.0063,0.0000,200,4.5246
0.0063,0.0000,0.0000,0.0000,0.0063,0.0000,200,4.5246
0.0066,0.0000,0.0000,0.0000,0.0065,0.0001,200,4.5310
0.0066,0.0000,0.0000,0.0000,0.0065,0.0000,200,4.5310
0.0066,0.0000,0.0000,0.0000,0.0065,0.0001,200,4.5310
0.0067,0.0000,0.0000,0.0000,0.0065,0.0000,200,4.5309
0.0065,0.0000,0.0000,0.0000,0.0064,0.0000,200,4.5376
0.0065,0.0000,0.0000,0.0000,0.0063,0.0001,200,4.5376
0.0066,0.0000,0.0000,0.0000,0.0065,0.0000,200,4.5376
0.0066,0.0000,0.0000,0.0000,0.0065,0.0000,200,4.5376
0.0066,0.0000,0.0000,0.0000,0.0063,0.0001,200,4.5440
0.0064,0.0000,0.0000,0.0000,0.0064,0.0000,200,4.5442
0.0065,0.0000,0.0000,0.0000,0.0065,0.0001,200,4.5441
0.0065,0.0000,0.0000,0.0000,0.0064,0.0000,200,4.5442
0.0065,0.0000,0.0000,0.0000,0.0064,0.0001,200,4.5506
0.0066,0.0000,0.0000,0.0000,0.0065,0.0000,200,4.5506
0.0068,0.0000,0.0000,0.0000,0.0067,0.0000,200,4.5506
0.0068,0.0000,0.0000,0.0000,0.0067,0.0000,200,4.5506
0.0064,0.0000,0.0000,0.0000,0.0063,0.0001,200,4.5572
0.0065,0.0000,0.0000,0.0000,0.0064,0.0000,200,4.5572
0.0063,0.0000,0.0000,0.0000,0.0062,0.0000,200,4.5574
0.0073,0.0000,0.0000,0.0000,0.0072,0.0000,200,4.5574
0.0063,0.0000,0.0000,0.0000,0.0062,0.0001,200,4.5637
0.0063,0.0000,0.0000,0.0000,0.0062,0.0001,200,4.5637
0.0065,0.0000,0.0000,0.0000,0.0065,0.0000,200,4.5637
0.0061,0.0000,0.0000,0.0000,0.0061,0.0000,200,4.5647
0.0066,0.0000,0.0000,0.0000,0.0065,0.0001,200,4.5700
0.0066,0.0000,0.0000,0.0000,0.0065,0.0001,200,4.5700
0.0065,0.0000,0.0000,0.0000,0.0065,0.0000,200,4.5702
0.0065,0.0000,0.0000,0.0000,0.0065,0.0000,200,4.5708
0.0065,0.0000,0.0000,0.0000,0.0064,0.0001,200,4.5767
0.0067,0.0000,0.0000,0.0000,0.0066,0.0000,200,4.5767
0.0067,0.0000,0.0000,0.0000,0.0066,0.0000,200,4.5767
0.0061,0.0000,0.0000,0.0000,0.0060,0.0000,200,4.5774
0.0064,0.0000,0.0000,0.0000,0.0064,0.0001,200,4.5834
0.0066,0.0000,0.0000,0.0000,0.0065,0.0001,200,4.5833
0.0065,0.0000,0.0000,0.0000,0.0064,0.0001,200,4.5833
0.0085,0.0000,0.0000,0.0000,0.0085,0.0001,200,4.5834
0.0063,0.0000,0.0000,0.0000,0.0061,0.0001,200,4.5898
0.0063,0.0000,0.0000,0.0000,0.0063,0.0000,200,4.5898
0.0067,0.0000,0.0000,0.0000,0.0066,0.0000,200,4.5898
0.0064,0.0000,0.0000,0.0000,0.0063,0.0000,200,4.5920
0.0063,0.0000,0.0000,0.0000,0.0061,0.0001,200,4.5962
0.0065,0.0000,0.0000,0.0000,0.0064,0.0000,200,4.5961
0.0062,0.0000,0.0000,0.0000,0.0061,0.0001,200,4.5965
0.0063,0.0000,0.0000,0.0000,0.0062,0.0001,200,4.5984
0.0065,0.0000,0.0000,0.0000,0.0063,0.0001,200,4.6024
0.0065,0.0000,0.0000,0.0000,0.0064,0.0000,200,4.6025
0.0063,0.0000,0.0000,0.0000,0.0062,0.0000,200,4.6028
0.0068,0.0000,0.0000,0.0000,0.0067,0.0001,200,4.6047
0.0064,0.0000,0.0000,0.0000,0.0063,0.0001,200,4.6090
0.0065,0.0000,0.0000,0.0000,0.0064,0.0000,200,4.6089
0.0064,0.0000,0.0000,0.0000,0.0063,0.0000,200,4.6090
0.0063,0.0000,0.0000,0.0000,0.0062,0.0000,200,4.6115
0.0063,0.0000,0.0000,0.0000,0.0061,0.0001,200,4.6154
0.0064,0.0000,0.0000,0.0000,0.0063,0.0000,200,4.6154
0.0064,0.0000,0.0000,0.0000,0.0064,0.0000,200,4.6154
0.0068,0.0000,0.0000,0.0000,0.0067,0.0000,200,4.6178
0.0064,0.0000,0.0000,0.0000,0.0062,0.0001,200,4.6217
0.0064,0.0000,0.0000,0.0000,0.0063,0.0000,200,4.6218
0.0064,0.0000,0.0000,0.0000,0.0063,0.0000,200,4.6218
0.0069,0.0000,0.0000,0.0000,0.0068,0.0001,200,4.6246
0.0064,0.0000,0.0000,0.0000,0.0063,0.0001,200,4.6281
0.0065,0.0000,0.0000,0.0000,0.0064,0.0001,200,4.6282
0.0067,0.0000,0.0000,0.0000,0.0067,0.0000,200,4.6282
0.0084,0.0000,0.0000,0.0000,0.0083,0.0001,200,4.6315
0.0063,0.0000,0.0000,0.0000,0.0063,0.0000,200,4.6345
0.0061,0.0000,0.0000,0.0000,0.0061,0.0000,200,4.6347
0.0069,0.0000,0.0000,0.0001,0.0068,0.0001,200,4.6349
0.0065,0.0000,0.0000,0.0000,0.0064,0.0001,200,4.6399
0.0062,0.0000,0.0000,0.0000,0.0062,0.0000,200,4.6409
0.0065,0.0000,0.0000,0.0000,0.0064,0.0000,200,4.6409
0.0062,0.0000,0.0000,0.0000,0.0061,0.0000,200,4.6418
0.0073,0.0000,0.0000,0.0000,0.0072,0.0001,200,4.6464
0.0066,0.0000,0.0000,0.0000,0.0065,0.0000,200,4.6471
0.0064,0.0000,0.0000,0.0000,0.0063,0.0000,200,4.6473
0.0062,0.0000,0.0000,0.0000,0.0062,0.0000,200,4.6480
0.0066,0.0000,0.0000,0.0000,0.0065,0.0001,200,4.6537
0.0066,0.0000,0.0000,0.0000,0.0066,0.0000,200,4.6537
0.0067,0.0000,0.0000,0.0000,0.0066,0.0000,200,4.6537
0.0062,0.0000,0.0000,0.0000,0.0062,0.0000,200,4.6543
0.0065,0.0000,0.0000,0.0000,0.0064,0.0001,200,4.6603
0.0064,0.0000,0.0000,0.0000,0.0063,0.0000,200,4.6605
0.0066,0.0000,0.0000,0.0000,0.0065,0.0000,200,4.6603
0.0065,0.0000,0.0000,0.0000,0.0065,0.0000,200,4.6604
0.0066,0.0000,0.0000,0.0000,0.0065,0.0000,200,4.6669
0.0066,0.0000,0.0000,0.0000,0.0065,0.0001,200,4.6669
0.0066,0.0000,0.0000,0.0000,0.0065,0.0001,200,4.6669
0.0066,0.0000,0.0000,0.0000,0.0065,0.0001,200,4.6669
0.0066,0.0000,0.0000,0.0000,0.0064,0.0000,200,4.6734
0.0066,0.0000,0.0000,0.0000,0.0065,0.0000,200,4.6734
0.0065,0.0000,0.0000,0.0000,0.0065,0.0000,200,4.6735
0.0067,0.0000,0.0000,0.0000,0.0066,0.0000,200,4.6734
0.0065,0.0000,0.0000,0.0000,0.0064,0.0001,200,4.6801
0.0065,0.0000,0.0000,0.0000,0.0064,0.0001,200,4.6800
0.0065,0.0000,0.0000,0.0000,0.0064,0.0001,200,4.6800
0.0066,0.0000,0.0000,0.0000,0.0065,0.0000,200,4.6800
0.0066,0.0000,0.0000,0.0000,0.0064,0.0000,200,4.6865
0.0065,0.0000,0.0000,0.0000,0.0064,0.0000,200,4.6866
0.0066,0.0000,0.0000,0.0000,0.0065,0.0001,200,4.6866
0.0066,0.0000,0.0000,0.0000,0.0066,0.0000,200,4.6866
0.0066,0.0000,0.0000,0.0000,0.0065,0.0001,200,4.6931
0.0065,0.0000,0.0000,0.0000,0.0064,0.0000,200,4.6932
0.0066,0.0000,0.0000,0.0000,0.0065,0.0000,200,4.6931
0.0066,0.0000,0.0000,0.0000,0.0065,0.0000,200,4.6931
0.0064,0.0000,0.0000,0.0000,0.0063,0.0001,200,4.6997
0.0064,0.0000,0.0000,0.0000,0.0063,0.0000,200,4.6997
0.0064,0.0000,0.0000,0.0000,0.0063,0.0001,200,4.6997
0.0064,0.0000,0.0000,0.0000,0.0063,0.0001,200,4.6997
0.0065,0.0000,0.0000,0.0000,0.0064,0.0001,200,4.7061
0.0065,0.0000,0.0000,0.0000,0.0064,0.0001,200,4.7061
0.0066,0.0000,0.0000,0.0000,0.0064,0.0001,200,4.7061
0.0066,0.0000,0.0000,0.0000,0.0064,0.0002,200,4.7061
0.0068,0.0000,0.0000,0.0000,0.0067,0.0001,200,4.7127
0.0068,0.0000,0.0000,0.0000,0.0067,0.0000,200,4.7127
0.0067,0.0000,0.0000,0.0000,0.0067,0.0000,200,4.7127
0.0069,0.0000,0.0000,0.0000,0.0069,0.0000,200,4.7127
0.0064,0.0000,0.0000,0.0000,0.0063,0.0001,200,4.7196
0.0065,0.0000,0.0000,0.0000,0.0064,0.0000,200,4.7194
0.0065,0.0000,0.0000,0.0000,0.0064,0.0001,200,4.7195
0.0065,0.0000,0.0000,0.0000,0.0063,0.0001,200,4.7195
0.0064,0.0000,0.0000,0.0000,0.0063,0.0001,200,4.7260
0.0064,0.0000,0.0000,0.0000,0.0064,0.0000,200,4.7260
0.0064,0.0000,0.0000,0.0000,0.0064,0.0000,200,4.7260
0.0064,0.0000,0.0000,0.0000,0.0064,0.0000,200,4.7260
0.0066,0.0000,0.0000,0.0000,0.0065,0.0001,200,4.7324
0.0066,0.0000,0.0000,0.0000,0.0065,0.0000,200,4.7324
0.0066,0.0000,0.0000,0.0000,0.0065,0.0000,200,4.7324
0.0066,0.0000,0.0000,0.0000,0.0065,0.0000,200,4.7324
0.0065,0.0000,0.0000,0.0000,0.0064,0.0001,200,4.7390
0.0065,0.0000,0.0000,0.0000,0.0064,0.0001,200,4.7390
0.0066,0.0000,0.0000,0.0000,0.0065,0.0000,200,4.7389
0.0066,0.0000,0.0000,0.0000,0.0065,0.0000,200,4.7390
0.0073,0.0000,0.0000,0.0000,0.0072,0.0001,200,4.7455
0.0073,0.0000,0.0000,0.0000,0.0072,0.0001,200,4.7455
0.0073,0.0000,0.0000,0.0000,0.0072,0.0001,200,4.7455
0.0074,0.0000,0.0000,0.0000,0.0072,0.0001,200,4.7455
0.0065,0.0000,0.0000,0.0000,0.0064,0.0001,200,4.7528
0.0065,0.0000,0.0000,0.0000,0.0064,0.0000,200,4.7528
0.0064,0.0000,0.0000,0.0000,0.0063,0.0000,200,4.7529
0.0066,0.0000,0.0000,0.0000,0.0065,0.0000,200,4.7528
0.0064,0.0000,0.0000,0.0000,0.0063,0.0001,200,4.7593
0.0065,0.0000,0.0000,0.0000,0.0064,0.0000,200,4.7593
0.0064,0.0000,0.0000,0.0000,0.0064,0.0000,200,4.7594
0.0065,0.0000,0.0000,0.0000,0.0064,0.0000,200,4.7593
0.0065,0.0000,0.0000,0.0000,0.0064,0.0001,200,4.7658
0.0069,0.0000,0.0000,0.0000,0.0068,0.0001,200,4.7657
0.0068,0.0000,0.0000,0.0000,0.0068,0.0000,200,4.7658
0.0072,0.0000,0.0000,0.0000,0.0068,0.0004,200,4.7658
0.0069,0.0000,0.0000,0.0000,0.0067,0.0001,200,4.7723
0.0066,0.0000,0.0000,0.0000,0.0065,0.0000,200,4.7726
0.0067,0.0000,0.0000,0.0000,0.0067,0.0000,200,4.7726
0.0064,0.0000,0.0000,0.0000,0.0063,0.0000,200,4.7730
0.0064,0.0000,0.0000,0.0000,0.0063,0.0001,200,4.7794
0.0067,0.0000,0.0000,0.0000,0.0066,0.0000,200,4.7792
0.0066,0.0000,0.0000,0.0000,0.0065,0.0000,200,4.7793
0.0065,0.0000,0.0000,0.0000,0.0063,0.0001,200,4.7794
0.0064,0.0000,0.0000,0.0000,0.0063,0.0001,200,4.7858
0.0064,0.0000,0.0000,0.0000,0.0063,0.0000,200,4.7859
0.0065,0.0000,0.0000,0.0000,0.0064,0.0000,200,4.7858
0.0065,0.0000,0.0000,0.0000,0.0064,0.0000,200,4.7858
0.0066,0.0000,0.0000,0.0000,0.0065,0.0001,200,4.7922
0.0067,0.0000,0.0000,0.0000,0.0066,0.0000,200,4.7922
0.0066,0.0000,0.0000,0.0000,0.0065,0.0000,200,4.7923
0.0066,0.0000,0.0000,0.0000,0.0065,0.0000,200,4.7923
0.0064,0.0000,0.0000,0.0000,0.0064,0.0001,200,4.7989
0.0065,0.0000,0.0000,0.0000,0.0064,0.0000,200,4.7989
0.0065,0.0000,0.0000,0.0000,0.0064,0.0001,200,4.7989
0.0065,0.0000,0.0000,0.0000,0.0064,0.0000,200,4.7989
0.0065,0.0000,0.0000,0.0000,0.0064,0.0001,200,4.8054
0.0066,0.0000,0.0000,0.0000,0.0065,0.0000,200,4.8054
0.0066,0.0000,0.0000,0.0000,0.0065,0.0000,200,4.8054
0.0066,0.0000,0.0000,0.0000,0.0065,0.0001,200,4.8054
0.0067,0.0000,0.0000,0.0000,0.0066,0.0001,200,4.8119
0.0068,0.0000,0.0000,0.0002,0.0065,0.0000,200,4.8119
0.0068,0.0000,0.0000,0.0000,0.0067,0.0001,200,4.8119
0.0069,0.0000,0.0000,0.0000,0.0064,0.0000,200,4.8120
0.0065,0.0000,0.0000,0.0000,0.0063,0.0001,200,4.8187
0.0066,0.0000,0.0000,0.0000,0.0066,0.0000,200,4.8186
0.0065,0.0000,0.0000,0.0000,0.0064,0.0000,200,4.8187
0.0065,0.0000,0.0000,0.0000,0.0064,0.0000,200,4.8188
0.0064,0.0000,0.0000,0.0000,0.0062,0.0001,200,4.8252
0.0064,0.0000,0.0000,0.0000,0.0063,0.0000,200,4.8252
0.0065,0.0000,0.0000,0.0000,0.0065,0.0000,200,4.8253
0.0066,0.0000,0.0000,0.0000,0.0065,0.0000,200,4.8253
0.0064,0.0000,0.0000,0.0000,0.0063,0.0001,200,4.8318
0.0066,0.0000,0.0000,0.0001,0.0065,0.0000,200,4.8316
0.0067,0.0000,0.0000,0.0000,0.0065,0.0001,200,4.8316
0.0064,0.0000,0.0000,0.0000,0.0064,0.0000,200,4.8319
0.0067,0.0000,0.0000,0.0000,0.0067,0.0001,200,4.8382
0.0067,0.0000,0.0000,0.0000,0.0066,0.0001,200,4.8383
0.0068,0.0000,0.0000,0.0000,0.0067,0.0001,200,4.8382
0.0067,0.0000,0.0000,0.0000,0.0066,0.0001,200,4.8383
0.0067,0.0000,0.0000,0.0000,0.0066,0.0001,200,4.8450
0.0068,0.0000,0.0000,0.0000,0.0067,0.0000,200,4.8450
0.0068,0.0000,0.0000,0.0000,0.0067,0.0000,200,4.8450
0.0068,0.0000,0.0000,0.0000,0.0067,0.0000,200,4.8450
0.0066,0.0000,0.0000,0.0000,0.0065,0.0001,200,4.8518
0.0066,0.0000,0.0000,0.0000,0.0066,0.0000,200,4.8518
0.0066,0.0000,0.0000,0.0000,0.0065,0.0000,200,4.8518
0.0067,0.0000,0.0000,0.0000,0.0066,0.0000,200,4.8517
0.0064,0.0000,0.0000,0.0000,0.0063,0.0001,200,4.8584
0.0064,0.0000,0.0000,0.0000,0.0063,0.0000,200,4.8584
0.0065,0.0000,0.0000,0.0000,0.0064,0.0000,200,4.8584
0.0065,0.0000,0.0000,0.0000,0.0065,0.0000,200,4.8584
0.0066,0.0000,0.0000,0.0000,0.0065,0.0001,200,4.8648
0.0066,0.0000,0.0000,0.0000,0.0066,0.0000,200,4.8648
0.0091,0.0000,0.0000,0.0000,0.0090,0.0000,200,4.8649
0.0091,0.0000,0.0000,0.0000,0.0091,0.0000,200,4.8649
0.0065,0.0000,0.0000,0.0000,0.0064,0.0001,200,4.8714
0.0065,0.0000,0.0000,0.0000,0.0064,0.0000,200,4.8714
0.0063,0.0000,0.0000,0.0000,0.0062,0.0000,200,4.8740
0.0063,0.0000,0.0000,0.0000,0.0063,0.0000,200,4.8740
0.0064,0.0000,0.0000,0.0000,0.0063,0.0000,200,4.8779
0.0064,0.0000,0.0000,0.0000,0.0063,0.0000,200,4.8779
0.0064,0.0000,0.0000,0.0000,0.0063,0.0001,200,4.8804
0.0065,0.0000,0.0000,0.0000,0.0064,0.0000,200,4.8803
0.0064,0.0000,0.0000,0.0000,0.0063,0.0001,200,4.8843
0.0065,0.0000,0.0000,0.0000,0.0064,0.0000,200,4.8843
0.0064,0.0000,0.0000,0.0000,0.0063,0.0000,200,4.8868
0.0064,0.0000,0.0000,0.0000,0.0063,0.0001,200,4.8868
0.0064,0.0000,0.0000,0.0000,0.0063,0.0001,200,4.8907
0.0072,0.0000,0.0000,0.0000,0.0071,0.0000,200,4.8907
0.0063,0.0000,0.0000,0.0000,0.0062,0.0000,200,4.8932
0.0064,0.0000,0.0000,0.0000,0.0063,0.0001,200,4.8932
0.0068,0.0000,0.0000,0.0000,0.0067,0.0001,200,4.8972
0.0063,0.0000,0.0000,0.0000,0.0063,0.0000,200,4.8979
0.0063,0.0000,0.0000,0.0000,0.0062,0.0000,200,4.8996
0.0065,0.0000,0.0000,0.0000,0.0064,0.0000,200,4.8995
0.0065,0.0000,0.0000,0.0000,0.0064,0.0001,200,4.9040
0.0063,0.0000,0.0000,0.0000,0.0062,0.0000,200,4.9042
0.0069,0.0000,0.0000,0.0000,0.0068,0.0000,200,4.9059
0.0069,0.0000,0.0000,0.0000,0.0069,0.0000,200,4.9060
0.0064,0.0000,0.0000,0.0000,0.0063,0.0001,200,4.9105
0.0064,0.0000,0.0000,0.0000,0.0063,0.0000,200,4.9106
0.0062,0.0000,0.0000,0.0000,0.0061,0.0000,200,4.9129
0.0065,0.0000,0.0000,0.0000,0.0065,0.0000,200,4.9129
0.0063,0.0000,0.0000,0.0000,0.0062,0.0000,200,4.9169
0.0065,0.0000,0.0000,0.0000,0.0065,0.0000,200,4.9170
0.0062,0.0000,0.0000,0.0000,0.0062,0.0000,200,4.9191
0.0064,0.0000,0.0000,0.0000,0.0063,0.0000,200,4.9194
0.0062,0.0000,0.0000,0.0000,0.0062,0.0001,200,4.9235
0.0066,0.0000,0.0000,0.0000,0.0065,0.0000,200,4.9232
0.0065,0.0000,0.0000,0.0000,0.0064,0.0000,200,4.9253
0.0070,0.0000,0.0000,0.0000,0.0069,0.0000,200,4.9258
0.0064,0.0000,0.0000,0.0000,0.0063,0.0001,200,4.9298
0.0066,0.0000,0.0000,0.0000,0.0065,0.0000,200,4.9298
0.0062,0.0000,0.0000,0.0000,0.0062,0.0000,200,4.9318
0.0061,0.0000,0.0000,0.0000,0.0061,0.0000,200,4.9328
0.0064,0.0000,0.0000,0.0000,0.0063,0.0001,200,4.9362
0.0063,0.0000,0.0000,0.0000,0.0062,0.0000,200,4.9364
0.0063,0.0000,0.0000,0.0000,0.0062,0.0000,200,4.9380
0.0063,0.0000,0.0000,0.0000,0.0062,0.0000,200,4.9389
0.0065,0.0000,0.0000,0.0000,0.0064,0.0000,200,4.9426
0.0064,0.0000,0.0000,0.0000,0.0064,0.0000,200,4.9427
0.0074,0.0000,0.0000,0.0000,0.0073,0.0000,200,4.9444
0.0066,0.0000,0.0000,0.0000,0.0065,0.0000,200,4.9451
0.0066,0.0000,0.0000,0.0000,0.0065,0.0000,200,4.9491
0.0066,0.0000,0.0000,0.0000,0.0065,0.0000,200,4.9491
0.0064,0.0000,0.0000,0.0000,0.0063,0.0001,200,4.9517
0.0069,0.0000,0.0000,0.0000,0.0068,0.0000,200,4.9517
0.0066,0.0000,0.0000,0.0000,0.0065,0.0001,200,4.9557
0.0066,0.0000,0.0000,0.0000,0.0065,0.0000,200,4.9557
0.0068,0.0000,0.0000,0.0000,0.0066,0.0001,200,4.9581
0.0077,0.0000,0.0000,0.0000,0.0075,0.0001,200,4.9586
0.0067,0.0000,0.0000,0.0000,0.0066,0.0000,200,4.9623
0.0067,0.0000,0.0000,0.0000,0.0065,0.0002,200,4.9623
0.0066,0.0000,0.0000,0.0000,0.0065,0.0001,200,4.9649
0.0069,0.0000,0.0000,0.0003,0.0065,0.0001,200,4.9663
0.0066,0.0000,0.0000,0.0000,0.0065,0.0001,200,4.9691
0.0069,0.0000,0.0000,0.0000,0.0068,0.0000,200,4.9690
0.0073,0.0000,0.0000,0.0000,0.0072,0.0001,200,4.9715
0.0067,0.0000,0.0000,0.0000,0.0066,0.0000,200,4.9732
0.0070,0.0000,0.0000,0.0000,0.0069,0.0000,200,4.9757
0.0071,0.0000,0.0000,0.0000,0.0070,0.0000,200,4.9759
0.0068,0.0000,0.0000,0.0000,0.0067,0.0001,200,4.9788
0.0069,0.0000,0.0000,0.0000,0.0068,0.0001,200,4.9798
0.0068,0.0000,0.0000,0.0000,0.0067,0.0000,200,4.9829
0.0070,0.0000,0.0000,0.0000,0.0069,0.0001,200,4.9827
0.0068,0.0000,0.0000,0.0000,0.0067,0.0001,200,4.9857
0.0066,0.0000,0.0000,0.0000,0.0066,0.0000,200,4.9867
0.0068,0.0000,0.0000,0.0000,0.0067,0.0001,200,4.9897
0.0093,0.0000,0.0000,0.0000,0.0092,0.0001,200,4.9897
0.0066,0.0000,0.0000,0.0000,0.0066,0.0000,200,4.9925
0.0087,0.0000,0.0000,0.0000,0.0086,0.0001,200,4.9934
0.0092,0.0000,0.0000,0.0000,0.0091,0.0001,200,4.9965
0.0067,0.0000,0.0000,0.0000,0.0066,0.0000,200,4.9991
0.0070,0.0000,0.0000,0.0000,0.0069,0.0000,200,4.9990
0.0069,0.0000,0.0000,0.0000,0.0068,0.0001,200,5.0021
0.0065,0.0000,0.0000,0.0000,0.0064,0.0000,200,5.0059
0.0068,0.0000,0.0000,0.0000,0.0067,0.0001,200,5.0057
0.0068,0.0000,0.0000,0.0000,0.0067,0.0000,200,5.0058
0.0068,0.0000,0.0000,0.0000,0.0067,0.0001,200,5.0089
0.0068,0.0000,0.0000,0.0000,0.0067,0.0001,200,5.0126
0.0069,0.0000,0.0000,0.0000,0.0068,0.0001,200,5.0125
0.0072,0.0000,0.0000,0.0000,0.0072,0.0001,200,5.0125
0.0074,0.0000,0.0000,0.0000,0.0072,0.0001,200,5.0157
0.0073,0.0000,0.0000,0.0000,0.0072,0.0001,200,5.0193
0.0069,0.0000,0.0000,0.0000,0.0068,0.0001,200,5.0197
0.0073,0.0000,0.0000,0.0000,0.0072,0.0001,200,5.0193
0.0072,0.0000,0.0000,0.0000,0.0071,0.0001,200,5.0231
0.0069,0.0000,0.0000,0.0000,0.0068,0.0000,200,5.0266
0.0069,0.0000,0.0000,0.0000,0.0068,0.0001,200,5.0266
0.0072,0.0000,0.0000,0.0000,0.0072,0.0000,200,5.0266
0.0066,0.0000,0.0000,0.0000,0.0065,0.0001,200,5.0303
0.0068,0.0000,0.0000,0.0000,0.0066,0.0001,200,5.0335
0.0067,0.0000,0.0000,0.0000,0.0066,0.0000,200,5.0338
0.0074,0.0000,0.0000,0.0000,0.0073,0.0000,200,5.0335
0.0070,0.0000,0.0000,0.0000,0.0069,0.0001,200,5.0409
0.0077,0.0000,0.0000,0.0001,0.0076,0.0000,200,5.0403
0.0112,0.0000,0.0000,0.0000,0.0111,0.0000,200,5.0369
0.0103,0.0000,0.0000,0.0000,0.0102,0.0001,200,5.0405
0.0069,0.0000,0.0000,0.0000,0.0068,0.0001,200,5.0479
0.0070,0.0000,0.0000,0.0000,0.0069,0.0000,200,5.0480
0.0069,0.0000,0.0000,0.0000,0.0069,0.0000,200,5.0481
0.0069,0.0000,0.0000,0.0000,0.0068,0.0001,200,5.0508
0.0065,0.0000,0.0000,0.0000,0.0064,0.0001,200,5.0550
0.0065,0.0000,0.0000,0.0000,0.0065,0.0000,200,5.0550
0.0067,0.0000,0.0000,0.0000,0.0066,0.0000,200,5.0549
0.0068,0.0000,0.0000,0.0000,0.0066,0.0001,200,5.0577
0.0066,0.0000,0.0000,0.0000,0.0065,0.0001,200,5.0615
0.0067,0.0000,0.0000,0.0000,0.0066,0.0000,200,5.0616
0.0068,0.0000,0.0000,0.0000,0.0067,0.0001,200,5.0616
0.0073,0.0000,0.0000,0.0000,0.0072,0.0001,200,5.0645
0.0068,0.0000,0.0000,0.0000,0.0067,0.0001,200,5.0683
0.0070,0.0000,0.0000,0.0000,0.0069,0.0000,200,5.0681
0.0071,0.0000,0.0000,0.0000,0.0070,0.0000,200,5.0683
0.0070,0.0000,0.0000,0.0000,0.0069,0.0001,200,5.0718
0.0066,0.0000,0.0000,0.0000,0.0065,0.0001,200,5.0750
0.0064,0.0000,0.0000,0.0000,0.0064,0.0000,200,5.0755
0.0069,0.0000,0.0000,0.0000,0.0068,0.0000,200,5.0751
0.0065,0.0000,0.0000,0.0000,0.0064,0.0001,200,5.0788
0.0064,0.0000,0.0000,0.0000,0.0063,0.0001,200,5.0816
0.0063,0.0000,0.0000,0.0000,0.0062,0.0000,200,5.0819
0.0068,0.0000,0.0000,0.0000,0.0068,0.0000,200,5.0820
0.0070,0.0000,0.0000,0.0000,0.0069,0.0001,200,5.0853
0.0065,0.0000,0.0000,0.0000,0.0064,0.0001,200,5.0881
0.0065,0.0000,0.0000,0.0000,0.0064,0.0000,200,5.0882
0.0065,0.0000,0.0000,0.0000,0.0064,0.0001,200,5.0888
0.0068,0.0000,0.0000,0.0000,0.0067,0.0001,200,5.0923
0.0066,0.0000,0.0000,0.0000,0.0065,0.0000,200,5.0946
0.0067,0.0000,0.0000,0.0000,0.0066,0.0000,200,5.0947
0.0074,0.0000,0.0000,0.0000,0.0073,0.0001,200,5.0953
0.0068,0.0000,0.0000,0.0000,0.0067,0.0001,200,5.0991
0.0073,0.0000,0.0000,0.0000,0.0070,0.0002,200,5.1012
0.0071,0.0000,0.0000,0.0000,0.0070,0.0000,200,5.1014
0.0065,0.0000,0.0000,0.0000,0.0064,0.0000,200,5.1027
0.0069,0.0000,0.0000,0.0003,0.0065,0.0001,200,5.1059
0.0069,0.0000,0.0000,0.0000,0.0068,0.0000,200,5.1092
0.0076,0.0000,0.0000,0.0002,0.0072,0.0000,200,5.1085
0.0076,0.0000,0.0000,0.0000,0.0075,0.0001,200,5.1085
0.0069,0.0000,0.0000,0.0000,0.0068,0.0001,200,5.1128
0.0067,0.0000,0.0000,0.0000,0.0066,0.0001,200,5.1161
0.0068,0.0000,0.0000,0.0000,0.0068,0.0000,200,5.1161
0.0068,0.0000,0.0000,0.0000,0.0068,0.0000,200,5.1161
0.0074,0.0000,0.0000,0.0000,0.0073,0.0001,200,5.1197
0.0073,0.0000,0.0000,0.0000,0.0073,0.0000,200,5.1229
0.0074,0.0000,0.0000,0.0000,0.0074,0.0000,200,5.1230
0.0077,0.0000,0.0000,0.0000,0.0073,0.0003,200,5.1228
0.0085,0.0000,0.0000,0.0000,0.0083,0.0001,200,5.1271
0.0073,0.0000,0.0000,0.0000,0.0072,0.0000,200,5.1303
0.0072,0.0000,0.0000,0.0000,0.0071,0.0001,200,5.1304
0.0074,0.0000,0.0000,0.0000,0.0074,0.0000,200,5.1305
0.0071,0.0000,0.0000,0.0000,0.0070,0.0001,200,5.1356
0.0071,0.0000,0.0000,0.0000,0.0069,0.0001,200,5.1376
0.0071,0.0000,0.0000,0.0000,0.0070,0.0000,200,5.1379
0.0074,0.0000,0.0000,0.0000,0.0073,0.0000,200,5.1376
0.0066,0.0000,0.0000,0.0000,0.0065,0.0001,200,5.1427
0.0068,0.0000,0.0000,0.0000,0.0067,0.0001,200,5.1447
0.0067,0.0000,0.0000,0.0000,0.0066,0.0000,200,5.1450
0.0068,0.0000,0.0000,0.0000,0.0068,0.0000,200,5.1449
0.0079,0.0000,0.0000,0.0000,0.0078,0.0001,200,5.1493
0.0067,0.0000,0.0000,0.0000,0.0067,0.0000,200,5.1517
0.0069,0.0000,0.0000,0.0000,0.0068,0.0000,200,5.1517
0.0071,0.0000,0.0000,0.0000,0.0070,0.0000,200,5.1514
0.0068,0.0000,0.0000,0.0000,0.0067,0.0001,200,5.1573
0.0067,0.0000,0.0000,0.0000,0.0065,0.0001,200,5.1585
0.0079,0.0000,0.0000,0.0000,0.0078,0.0000,200,5.1585
0.0088,0.0000,0.0000,0.0000,0.0088,0.0000,200,5.1585
0.0068,0.0000,0.0000,0.0000,0.0067,0.0001,200,5.1641
0.0069,0.0000,0.0000,0.0000,0.0068,0.0000,200,5.1652
0.0068,0.0000,0.0000,0.0000,0.0068,0.0000,200,5.1664
0.0064,0.0000,0.0000,0.0000,0.0063,0.0000,200,5.1674
0.0064,0.0000,0.0000,0.0000,0.0063,0.0000,200,5.1709
0.0066,0.0000,0.0000,0.0000,0.0065,0.0001,200,5.1721
0.0064,0.0000,0.0000,0.0000,0.0063,0.0001,200,5.1732
0.0064,0.0000,0.0000,0.0000,0.0063,0.0000,200,5.1737
0.0064,0.0000,0.0000,0.0000,0.0063,0.0001,200,5.1773
0.0066,0.0000,0.0000,0.0000,0.0065,0.0001,200,5.1787
0.0066,0.0000,0.0000,0.0000,0.0065,0.0000,200,5.1796
0.0066,0.0000,0.0000,0.0000,0.0065,0.0000,200,5.1801
0.0066,0.0000,0.0000,0.0000,0.0065,0.0001,200,5.1837
0.0066,0.0000,0.0000,0.0000,0.0065,0.0001,200,5.1853
0.0065,0.0000,0.0000,0.0000,0.0064,0.0000,200,5.1862
0.0064,0.0000,0.0000,0.0000,0.0064,0.0000,200,5.1867
0.0072,0.0000,0.0000,0.0000,0.0071,0.0001,200,5.1902
0.0066,0.0000,0.0000,0.0000,0.0065,0.0001,200,5.1918
0.0066,0.0000,0.0000,0.0000,0.0066,0.0000,200,5.1927
0.0069,0.0000,0.0000,0.0000,0.0068,0.0000,200,5.1931
0.0067,0.0000,0.0000,0.0000,0.0066,0.0001,200,5.1975
0.0067,0.0000,0.0000,0.0000,0.0066,0.0001,200,5.1985
0.0065,0.0000,0.0000,0.0000,0.0064,0.0000,200,5.1994
0.0065,0.0000,0.0000,0.0000,0.0064,0.0000,200,5.2000
0.0071,0.0000,0.0000,0.0000,0.0069,0.0001,200,5.2042
0.0066,0.0000,0.0000,0.0000,0.0065,0.0000,200,5.2052
0.0063,0.0000,0.0000,0.0000,0.0062,0.0000,200,5.2059
0.0065,0.0000,0.0000,0.0000,0.0064,0.0000,200,5.2065
0.0067,0.0000,0.0000,0.0000,0.0066,0.0001,200,5.2122
0.0071,0.0000,0.0000,0.0000,0.0069,0.0001,200,5.2118
0.0081,0.0000,0.0000,0.0000,0.0080,0.0000,200,5.2113
0.0066,0.0000,0.0000,0.0000,0.0065,0.0000,200,5.2130
0.0072,0.0000,0.0000,0.0000,0.0071,0.0001,200,5.2189
0.0068,0.0000,0.0000,0.0000,0.0067,0.0001,200,5.2194
0.0077,0.0000,0.0000,0.0000,0.0076,0.0000,200,5.2189
0.0076,0.0000,0.0000,0.0000,0.0075,0.0000,200,5.2196
0.0074,0.0000,0.0000,0.0000,0.0071,0.0002,200,5.2261
0.0074,0.0000,0.0000,0.0000,0.0073,0.0000,200,5.2262
0.0073,0.0000,0.0000,0.0000,0.0072,0.0000,200,5.2266
0.0074,0.0000,0.0000,0.0000,0.0074,0.0001,200,5.2272
0.0067,0.0000,0.0000,0.0000,0.0066,0.0001,200,5.2335
0.0072,0.0000,0.0000,0.0000,0.0071,0.0001,200,5.2335
0.0069,0.0000,0.0000,0.0000,0.0068,0.0001,200,5.2338
0.0073,0.0000,0.0000,0.0000,0.0072,0.0000,200,5.2346
0.0065,0.0000,0.0000,0.0000,0.0064,0.0001,200,5.2408
0.0071,0.0000,0.0000,0.0000,0.0071,0.0000,200,5.2403
0.0067,0.0000,0.0000,0.0000,0.0067,0.0000,200,5.2407
0.0077,0.0000,0.0000,0.0000,0.0076,0.0001,200,5.2419
0.0084,0.0000,0.0000,0.0000,0.0083,0.0001,200,5.2473
0.0084,0.0000,0.0000,0.0000,0.0083,0.0000,200,5.2475
0.0096,0.0000,0.0000,0.0000,0.0095,0.0000,200,5.2474
0.0078,0.0000,0.0000,0.0000,0.0077,0.0001,200,5.2496
0.0078,0.0000,0.0000,0.0000,0.0077,0.0000,200,5.2557
0.0076,0.0000,0.0000,0.0000,0.0075,0.0001,200,5.2558
0.0066,0.0000,0.0000,0.0000,0.0065,0.0001,200,5.2574
0.0070,0.0000,0.0000,0.0000,0.0070,0.0000,200,5.2570
0.0067,0.0000,0.0000,0.0000,0.0066,0.0001,200,5.2635
0.0064,0.0000,0.0000,0.0000,0.0063,0.0000,200,5.2640
0.0064,0.0000,0.0000,0.0000,0.0063,0.0000,200,5.2640
0.0073,0.0000,0.0000,0.0000,0.0072,0.0000,200,5.2635
0.0066,0.0000,0.0000,0.0000,0.0065,0.0001,200,5.2704
0.0066,0.0000,0.0000,0.0000,0.0065,0.0000,200,5.2708
0.0072,0.0000,0.0000,0.0000,0.0071,0.0000,200,5.2702
0.0074,0.0000,0.0000,0.0000,0.0073,0.0000,200,5.2704
0.0070,0.0000,0.0000,0.0000,0.0070,0.0001,200,5.2774
0.0073,0.0000,0.0000,0.0000,0.0072,0.0001,200,5.2771
0.0071,0.0000,0.0000,0.0000,0.0070,0.0001,200,5.2774
0.0067,0.0000,0.0000,0.0000,0.0066,0.0001,200,5.2778
0.0068,0.0000,0.0000,0.0000,0.0067,0.0001,200,5.2844
0.0069,0.0000,0.0000,0.0000,0.0068,0.0000,200,5.2844
0.0069,0.0000,0.0000,0.0000,0.0068,0.0001,200,5.2844
0.0088,0.0000,0.0000,0.0000,0.0087,0.0001,200,5.2845
0.0069,0.0000,0.0000,0.0000,0.0066,0.0002,200,5.2913
0.0071,0.0000,0.0000,0.0000,0.0070,0.0001,200,5.2913
0.0074,0.0000,0.0000,0.0000,0.0073,0.0000,200,5.2913
0.0066,0.0000,0.0000,0.0000,0.0065,0.0001,200,5.2932
0.0067,0.0000,0.0000,0.0000,0.0066,0.0001,200,5.2987
0.0072,0.0000,0.0000,0.0006,0.0065,0.0001,200,5.2982
0.0071,0.0000,0.0000,0.0000,0.0069,0.0001,200,5.2984
0.0064,0.0000,0.0000,0.0000,0.0063,0.0000,200,5.2998
0.0067,0.0000,0.0000,0.0000,0.0066,0.0001,200,5.3054
0.0072,0.0000,0.0000,0.0000,0.0072,0.0000,200,5.3054
0.0065,0.0000,0.0000,0.0000,0.0065,0.0000,200,5.3062
0.0074,0.0000,0.0000,0.0000,0.0073,0.0001,200,5.3054
0.0071,0.0000,0.0000,0.0000,0.0069,0.0001,200,5.3121
0.0066,0.0000,0.0000,0.0000,0.0065,0.0000,200,5.3127
0.0067,0.0000,0.0000,0.0000,0.0066,0.0000,200,5.3128
0.0071,0.0000,0.0000,0.0000,0.0070,0.0000,200,5.3126
0.0070,0.0000,0.0000,0.0000,0.0069,0.0001,200,5.3193
0.0068,0.0000,0.0000,0.0000,0.0068,0.0000,200,5.3195
0.0073,0.0000,0.0000,0.0000,0.0072,0.0000,200,5.3192
0.0068,0.0000,0.0000,0.0000,0.0067,0.0000,200,5.3197
0.0068,0.0000,0.0000,0.0000,0.0066,0.0001,200,5.3265
0.0070,0.0000,0.0000,0.0000,0.0069,0.0001,200,5.3263
0.0069,0.0000,0.0000,0.0000,0.0068,0.0001,200,5.3263
0.0068,0.0000,0.0000,0.0000,0.0067,0.0001,200,5.3265
0.0065,0.0000,0.0000,0.0000,0.0064,0.0001,200,5.3332
0.0066,0.0000,0.0000,0.0000,0.0065,0.0000,200,5.3332
0.0066,0.0000,0.0000,0.0000,0.0065,0.0001,200,5.3332
0.0067,0.0000,0.0000,0.0000,0.0066,0.0000,200,5.3332
0.0067,0.0000,0.0000,0.0000,0.0066,0.0000,200,5.3398
0.0067,0.0000,0.0000,0.0000,0.0066,0.0001,200,5.3397
0.0066,0.0000,0.0000,0.0000,0.0066,0.0000,200,5.3399
0.0066,0.0000,0.0000,0.0000,0.0065,0.0001,200,5.3399
0.0068,0.0000,0.0000,0.0000,0.0067,0.0001,200,5.3465
0.0069,0.0000,0.0000,0.0000,0.0068,0.0000,200,5.3465
0.0069,0.0000,0.0000,0.0000,0.0068,0.0000,200,5.3465
0.0071,0.0000,0.0000,0.0000,0.0070,0.0000,200,5.3465
0.0069,0.0000,0.0000,0.0000,0.0068,0.0000,200,5.3534
0.0068,0.0000,0.0000,0.0000,0.0068,0.0001,200,5.3534
0.0069,0.0000,0.0000,0.0000,0.0067,0.0001,200,5.3533
0.0068,0.0000,0.0000,0.0000,0.0067,0.0000,200,5.3536
0.0075,0.0000,0.0000,0.0000,0.0074,0.0001,200,5.3604
0.0077,0.0000,0.0000,0.0000,0.0076,0.0001,200,5.3602
0.0077,0.0000,0.0000,0.0000,0.0076,0.0000,200,5.3602
0.0077,0.0000,0.0000,0.0000,0.0076,0.0001,200,5.3602
0.0069,0.0000,0.0000,0.0000,0.0068,0.0001,200,5.3679
0.0071,0.0000,0.0000,0.0000,0.0070,0.0000,200,5.3679
0.0072,0.0000,0.0000,0.0000,0.0072,0.0000,200,5.3679
0.0094,0.0000,0.0000,0.0000,0.0093,0.0001,200,5.3679
0.0067,0.0000,0.0000,0.0000,0.0066,0.0001,200,5.3750
0.0068,0.0000,0.0000,0.0000,0.0067,0.0000,200,5.3751
0.0100,0.0000,0.0000,0.0000,0.0098,0.0001,200,5.3748
0.0076,0.0000,0.0000,0.0000,0.0075,0.0000,200,5.3773
0.0071,0.0000,0.0000,0.0000,0.0070,0.0001,200,5.3819
0.0074,0.0000,0.0000,0.0000,0.0074,0.0000,200,5.3817
0.0067,0.0000,0.0000,0.0000,0.0066,0.0000,200,5.3849
0.0070,0.0000,0.0000,0.0000,0.0069,0.0000,200,5.3847
0.0067,0.0000,0.0000,0.0000,0.0066,0.0001,200,5.3891
0.0069,0.0000,0.0000,0.0000,0.0068,0.0000,200,5.3889
0.0067,0.0000,0.0000,0.0000,0.0066,0.0001,200,5.3915
0.0065,0.0000,0.0000,0.0000,0.0065,0.0000,200,5.3918
0.0067,0.0000,0.0000,0.0000,0.0066,0.0001,200,5.3959
0.0070,0.0000,0.0000,0.0000,0.0069,0.0000,200,5.3958
0.0067,0.0000,0.0000,0.0000,0.0065,0.0002,200,5.3983
0.0074,0.0000,0.0000,0.0000,0.0073,0.0001,200,5.3982
0.0068,0.0000,0.0000,0.0000,0.0067,0.0001,200,5.4026
0.0068,0.0000,0.0000,0.0000,0.0067,0.0001,200,5.4028
0.0070,0.0000,0.0000,0.0000,0.0069,0.0001,200,5.4050
0.0065,0.0000,0.0000,0.0000,0.0064,0.0001,200,5.4056
0.0064,0.0000,0.0000,0.0000,0.0063,0.0001,200,5.4096
0.0068,0.0000,0.0000,0.0000,0.0068,0.0000,200,5.4094
0.0068,0.0000,0.0000,0.0000,0.0067,0.0000,200,5.4120
0.0068,0.0000,0.0000,0.0000,0.0067,0.0001,200,5.4121
0.0068,0.0000,0.0000,0.0000,0.0067,0.0001,200,5.4160
0.0067,0.0000,0.0000,0.0000,0.0067,0.0000,200,5.4162
0.0067,0.0000,0.0000,0.0000,0.0065,0.0002,200,5.4189
0.0072,0.0000,0.0000,0.0000,0.0070,0.0002,200,5.4188
0.0068,0.0000,0.0000,0.0000,0.0067,0.0001,200,5.4229
0.0068,0.0000,0.0000,0.0000,0.0066,0.0001,200,5.4230
0.0068,0.0000,0.0000,0.0000,0.0066,0.0001,200,5.4260
0.0073,0.0000,0.0000,0.0004,0.0068,0.0001,200,5.4257
0.0070,0.0000,0.0000,0.0000,0.0068,0.0001,200,5.4297
0.0069,0.0000,0.0000,0.0000,0.0068,0.0001,200,5.4297
0.0066,0.0000,0.0000,0.0000,0.0065,0.0001,200,5.4328
0.0068,0.0000,0.0000,0.0000,0.0067,0.0000,200,5.4330
0.0067,0.0000,0.0000,0.0000,0.0066,0.0001,200,5.4367
0.0073,0.0000,0.0000,0.0000,0.0072,0.0000,200,5.4367
0.0066,0.0000,0.0000,0.0000,0.0065,0.0000,200,5.4397
0.0069,0.0000,0.0000,0.0000,0.0069,0.0000,200,5.4394
0.0075,0.0000,0.0000,0.0000,0.0073,0.0001,200,5.4434
0.0072,0.0000,0.0000,0.0000,0.0072,0.0000,200,5.4440
0.0063,0.0000,0.0000,0.0000,0.0062,0.0001,200,5.4463
0.0071,0.0000,0.0000,0.0000,0.0070,0.0000,200,5.4463
0.0067,0.0000,0.0000,0.0000,0.0066,0.0000,200,5.4512
0.0072,0.0000,0.0000,0.0000,0.0069,0.0003,200,5.4508
0.0072,0.0000,0.0000,0.0000,0.0071,0.0001,200,5.4526
0.0067,0.0000,0.0000,0.0000,0.0066,0.0000,200,5.4534
0.0067,0.0000,0.0000,0.0000,0.0066,0.0001,200,5.4579
0.0067,0.0000,0.0000,0.0000,0.0067,0.0000,200,5.4580
0.0065,0.0000,0.0000,0.0000,0.0064,0.0001,200,5.4598
0.0066,0.0000,0.0000,0.0000,0.0065,0.0000,200,5.4600
0.0073,0.0000,0.0000,0.0000,0.0072,0.0001,200,5.4647
0.0074,0.0000,0.0000,0.0000,0.0073,0.0001,200,5.4646
0.0064,0.0000,0.0000,0.0000,0.0063,0.0001,200,5.4666
0.0071,0.0000,0.0000,0.0000,0.0071,0.0000,200,5.4664
0.0071,0.0000,0.0000,0.0000,0.0069,0.0001,200,5.4720
0.0071,0.0000,0.0000,0.0000,0.0070,0.0000,200,5.4720
0.0066,0.0000,0.0000,0.0000,0.0065,0.0000,200,5.4730
0.0073,0.0000,0.0000,0.0000,0.0072,0.0000,200,5.4735
0.0067,0.0000,0.0000,0.0000,0.0066,0.0001,200,5.4791
0.0068,0.0000,0.0000,0.0000,0.0068,0.0000,200,5.4791
0.0064,0.0000,0.0000,0.0000,0.0063,0.0000,200,5.4796
0.0064,0.0000,0.0000,0.0000,0.0064,0.0000,200,5.4808
0.0078,0.0000,0.0000,0.0000,0.0077,0.0001,200,5.4859
0.0079,0.0000,0.0000,0.0000,0.0078,0.0001,200,5.4858
0.0078,0.0000,0.0000,0.0000,0.0077,0.0001,200,5.4860
0.0066,0.0000,0.0000,0.0000,0.0065,0.0000,200,5.4873
0.0066,0.0000,0.0000,0.0000,0.0065,0.0001,200,5.4939
0.0067,0.0000,0.0000,0.0000,0.0067,0.0000,200,5.4938
0.0067,0.0000,0.0000,0.0000,0.0067,0.0000,200,5.4938
0.0074,0.0000,0.0000,0.0000,0.0073,0.0000,200,5.4938
0.0065,0.0000,0.0000,0.0000,0.0065,0.0000,200,5.5005
0.0066,0.0000,0.0000,0.0000,0.0065,0.0001,200,5.5005
0.0073,0.0000,0.0000,0.0000,0.0072,0.0000,200,5.5005
0.0075,0.0000,0.0000,0.0000,0.0074,0.0001,200,5.5012
0.0076,0.0000,0.0000,0.0000,0.0075,0.0001,200,5.5070
0.0076,0.0000,0.0000,0.0000,0.0075,0.0001,200,5.5070
0.0072,0.0000,0.0000,0.0000,0.0071,0.0000,200,5.5078
0.0065,0.0000,0.0000,0.0000,0.0062,0.0000,200,5.5087
0.0066,0.0000,0.0000,0.0000,0.0065,0.0001,200,5.5146
0.0066,0.0000,0.0000,0.0000,0.0065,0.0001,200,5.5146
0.0064,0.0000,0.0000,0.0000,0.0063,0.0000,200,5.5150
0.0064,0.0000,0.0000,0.0000,0.0063,0.0000,200,5.5152
0.0066,0.0000,0.0000,0.0000,0.0065,0.0001,200,5.5212
0.0064,0.0000,0.0000,0.0000,0.0064,0.0000,200,5.5214
0.0066,0.0000,0.0000,0.0000,0.0065,0.0001,200,5.5212
0.0063,0.0000,0.0000,0.0000,0.0062,0.0000,200,5.5216
0.0065,0.0000,0.0000,0.0000,0.0064,0.0001,200,5.5278
0.0065,0.0000,0.0000,0.0000,0.0064,0.0000,200,5.5278
0.0066,0.0000,0.0000,0.0000,0.0064,0.0001,200,5.5278
0.0066,0.0000,0.0000,0.0000,0.0065,0.0000,200,5.5278
0.0065,0.0000,0.0000,0.0000,0.0064,0.0001,200,5.5343
0.0064,0.0000,0.0000,0.0000,0.0063,0.0000,200,5.5344
0.0065,0.0000,0.0000,0.0000,0.0064,0.0000,200,5.5343
0.0064,0.0000,0.0000,0.0000,0.0063,0.0001,200,5.5344
0.0065,0.0000,0.0000,0.0000,0.0064,0.0001,200,5.5408
0.0065,0.0000,0.0000,0.0000,0.0064,0.0001,200,5.5408
0.0065,0.0000,0.0000,0.0000,0.0064,0.0000,200,5.5408
0.0065,0.0000,0.0000,0.0000,0.0065,0.0000,200,5.5408
0.0066,0.0000,0.0000,0.0000,0.0066,0.0000,200,5.5473
0.0067,0.0000,0.0000,0.0000,0.0066,0.0001,200,5.5473
0.0067,0.0000,0.0000,0.0000,0.0066,0.0001,200,5.5473
0.0066,0.0000,0.0000,0.0000,0.0066,0.0000,200,5.5474
0.0066,0.0000,0.0000,0.0000,0.0065,0.0001,200,5.5540
0.0066,0.0000,0.0000,0.0000,0.0065,0.0001,200,5.5540
0.0066,0.0000,0.0000,0.0000,0.0065,0.0001,200,5.5540
0.0067,0.0000,0.0000,0.0000,0.0066,0.0000,200,5.5540
0.0065,0.0000,0.0000,0.0000,0.0063,0.0001,200,5.5606
0.0065,0.0000,0.0000,0.0000,0.0063,0.0001,200,5.5606
0.0064,0.0000,0.0000,0.0000,0.0063,0.0000,200,5.5606
0.0065,0.0000,0.0000,0.0000,0.0065,0.0000,200,5.5606
0.0065,0.0000,0.0000,0.0000,0.0064,0.0001,200,5.5670
0.0065,0.0000,0.0000,0.0000,0.0064,0.0001,200,5.5671
0.0066,0.0000,0.0000,0.0000,0.0065,0.0000,200,5.5670
0.0066,0.0000,0.0000,0.0000,0.0065,0.0000,200,5.5670
0.0066,0.0000,0.0000,0.0000,0.0064,0.0001,200,5.5735
0.0066,0.0000,0.0000,0.0000,0.0065,0.0000,200,5.5737
0.0067,0.0000,0.0000,0.0000,0.0066,0.0000,200,5.5737
0.0074,0.0000,0.0000,0.0000,0.0074,0.0000,200,5.5737
0.0065,0.0000,0.0000,0.0000,0.0064,0.0000,200,5.5801
0.0064,0.0000,0.0000,0.0000,0.0063,0.0000,200,5.5803
0.0065,0.0000,0.0000,0.0000,0.0065,0.0000,200,5.5803
0.0061,0.0000,0.0000,0.0000,0.0060,0.0000,200,5.5811
0.0065,0.0000,0.0000,0.0000,0.0064,0.0001,200,5.5868
0.0066,0.0000,0.0000,0.0000,0.0066,0.0000,200,5.5867
0.0068,0.0000,0.0000,0.0000,0.0067,0.0000,200,5.5866
0.0062,0.0000,0.0000,0.0000,0.0061,0.0000,200,5.5872
0.0065,0.0000,0.0000,0.0000,0.0064,0.0001,200,5.5934
0.0065,0.0000,0.0000,0.0000,0.0064,0.0001,200,5.5933
0.0067,0.0000,0.0000,0.0000,0.0067,0.0000,200,5.5934
0.0069,0.0000,0.0000,0.0000,0.0068,0.0000,200,5.5934
0.0066,0.0000,0.0000,0.0000,0.0065,0.0001,200,5.5999
0.0064,0.0000,0.0000,0.0000,0.0063,0.0000,200,5.6001
0.0066,0.0000,0.0000,0.0000,0.0065,0.0001,200,5.5999
0.0065,0.0000,0.0000,0.0000,0.0064,0.0000,200,5.6003
0.0063,0.0000,0.0000,0.0000,0.0062,0.0001,200,5.6067
0.0066,0.0000,0.0000,0.0000,0.0065,0.0000,200,5.6065
0.0066,0.0000,0.0000,0.0000,0.0065,0.0001,200,5.6065
0.0066,0.0000,0.0000,0.0000,0.0065,0.0000,200,5.6065
0.0064,0.0000,0.0000,0.0000,0.0063,0.0001,200,5.6131
0.0065,0.0000,0.0000,0.0000,0.0064,0.0000,200,5.6131
0.0067,0.0000,0.0000,0.0000,0.0066,0.0001,200,5.6131
0.0071,0.0000,0.0000,0.0000,0.0070,0.0000,200,5.6131
0.0075,0.0000,0.0000,0.0000,0.0074,0.0001,200,5.6195
0.0079,0.0000,0.0000,0.0000,0.0078,0.0001,200,5.6195
0.0077,0.0000,0.0000,0.0000,0.0076,0.0000,200,5.6198
0.0073,0.0000,0.0000,0.0000,0.0073,0.0000,200,5.6201
0.0067,0.0000,0.0000,0.0000,0.0066,0.0001,200,5.6274
0.0070,0.0000,0.0000,0.0000,0.0069,0.0000,200,5.6275
0.0070,0.0000,0.0000,0.0000,0.0069,0.0000,200,5.6275
0.0075,0.0000,0.0000,0.0000,0.0074,0.0000,200,5.6270
0.0065,0.0000,0.0000,0.0000,0.0064,0.0001,200,5.6345
0.0066,0.0000,0.0000,0.0000,0.0065,0.0000,200,5.6345
0.0070,0.0000,0.0000,0.0000,0.0069,0.0000,200,5.6341
0.0067,0.0000,0.0000,0.0000,0.0067,0.0000,200,5.6345
0.0066,0.0000,0.0000,0.0000,0.0065,0.0001,200,5.6412
0.0067,0.0000,0.0000,0.0000,0.0066,0.0001,200,5.6411
0.0068,0.0000,0.0000,0.0000,0.0067,0.0001,200,5.6410
0.0068,0.0000,0.0000,0.0000,0.0067,0.0000,200,5.6411
0.0065,0.0000,0.0000,0.0000,0.0065,0.0000,200,5.6478
0.0065,0.0000,0.0000,0.0000,0.0064,0.0001,200,5.6478
0.0065,0.0000,0.0000,0.0000,0.0064,0.0001,200,5.6478
0.0066,0.0000,0.0000,0.0000,0.0064,0.0001,200,5.6478
0.0065,0.0000,0.0000,0.0000,0.0064,0.0001,200,5.6544
0.0064,0.0000,0.0000,0.0000,0.0063,0.0001,200,5.6544
0.0066,0.0000,0.0000,0.0000,0.0065,0.0000,200,5.6544
0.0066,0.0000,0.0000,0.0000,0.0065,0.0000,200,5.6544
0.0064,0.0000,0.0000,0.0000,0.0063,0.0001,200,5.6608
0.0064,0.0000,0.0000,0.0000,0.0063,0.0000,200,5.6609
0.0065,0.0000,0.0000,0.0000,0.0064,0.0000,200,5.6608
0.0064,0.0000,0.0000,0.0000,0.0064,0.0000,200,5.6609
0.0064,0.0000,0.0000,0.0000,0.0064,0.0001,200,5.6673
0.0065,0.0000,0.0000,0.0000,0.0064,0.0000,200,5.6674
0.0065,0.0000,0.0000,0.0000,0.0064,0.0000,200,5.6673
0.0066,0.0000,0.0000,0.0000,0.0065,0.0000,200,5.6673
0.0066,0.0000,0.0000,0.0000,0.0065,0.0001,200,5.6739
0.0066,0.0000,0.0000,0.0000,0.0066,0.0000,200,5.6738
0.0067,0.0000,0.0000,0.0000,0.0066,0.0001,200,5.6738
0.0067,0.0000,0.0000,0.0000,0.0066,0.0001,200,5.6738
0.0067,0.0000,0.0000,0.0000,0.0066,0.0001,200,5.6805
0.0067,0.0000,0.0000,0.0000,0.0066,0.0000,200,5.6805
0.0068,0.0000,0.0000,0.0000,0.0067,0.0001,200,5.6805
0.0068,0.0000,0.0000,0.0000,0.0067,0.0000,200,5.6805
0.0066,0.0000,0.0000,0.0000,0.0064,0.0002,200,5.6872
0.0066,0.0000,0.0000,0.0000,0.0066,0.0000,200,5.6873
0.0067,0.0000,0.0000,0.0000,0.0066,0.0000,200,5.6872
0.0071,0.0000,0.0000,0.0000,0.0070,0.0000,200,5.6872
0.0066,0.0000,0.0000,0.0000,0.0065,0.0001,200,5.6938
0.0065,0.0000,0.0000,0.0000,0.0064,0.0001,200,5.6940
0.0066,0.0000,0.0000,0.0000,0.0065,0.0000,200,5.6939
0.0063,0.0000,0.0000,0.0000,0.0062,0.0000,200,5.6943
0.0063,0.0000,0.0000,0.0000,0.0062,0.0001,200,5.7005
0.0064,0.0000,0.0000,0.0000,0.0063,0.0000,200,5.7005
0.0064,0.0000,0.0000,0.0000,0.0064,0.0000,200,5.7005
0.0063,0.0000,0.0000,0.0000,0.0063,0.0000,200,5.7006
0.0063,0.0000,0.0000,0.0000,0.0063,0.0001,200,5.7069
0.0064,0.0000,0.0000,0.0000,0.0063,0.0000,200,5.7069
0.0065,0.0000,0.0000,0.0000,0.0064,0.0000,200,5.7068
0.0064,0.0000,0.0000,0.0000,0.0064,0.0000,200,5.7069
0.0065,0.0000,0.0000,0.0000,0.0064,0.0001,200,5.7133
0.0065,0.0000,0.0000,0.0000,0.0064,0.0001,200,5.7133
0.0065,0.0000,0.0000,0.0000,0.0064,0.0000,200,5.7133
0.0075,0.0000,0.0000,0.0000,0.0074,0.0000,200,5.7133
0.0065,0.0000,0.0000,0.0000,0.0064,0.0001,200,5.7198
0.0065,0.0000,0.0000,0.0000,0.0064,0.0000,200,5.7198
0.0072,0.0000,0.0000,0.0000,0.0071,0.0000,200,5.7198
0.0065,0.0000,0.0000,0.0000,0.0064,0.0000,200,5.7208
0.0067,0.0000,0.0000,0.0000,0.0066,0.0000,200,5.7262
0.0067,0.0000,0.0000,0.0000,0.0066,0.0001,200,5.7263
0.0063,0.0000,0.0000,0.0000,0.0062,0.0000,200,5.7270
0.0064,0.0000,0.0000,0.0000,0.0063,0.0001,200,5.7273
0.0067,0.0000,0.0000,0.0000,0.0067,0.0000,200,5.7332
0.0071,0.0000,0.0000,0.0000,0.0070,0.0000,200,5.7330
0.0072,0.0000,0.0000,0.0000,0.0068,0.0004,200,5.7330
0.0069,0.0000,0.0000,0.0000,0.0068,0.0001,200,5.7336
0.0071,0.0000,0.0000,0.0000,0.0070,0.0001,200,5.7400
0.0071,0.0000,0.0000,0.0000,0.0070,0.0000,200,5.7400
0.0070,0.0000,0.0000,0.0003,0.0066,0.0000,200,5.7401
0.0065,0.0000,0.0000,0.0000,0.0065,0.0000,200,5.7406
0.0067,0.0000,0.0000,0.0000,0.0066,0.0001,200,5.7471
0.0067,0.0000,0.0000,0.0000,0.0067,0.0000,200,5.7471
0.0067,0.0000,0.0000,0.0000,0.0067,0.0000,200,5.7471
0.0067,0.0000,0.0000,0.0000,0.0066,0.0000,200,5.7471
0.0066,0.0000,0.0000,0.0000,0.0066,0.0001,200,5.7538
0.0067,0.0000,0.0000,0.0000,0.0066,0.0001,200,5.7538
0.0067,0.0000,0.0000,0.0000,0.0066,0.0001,200,5.7538
0.0067,0.0000,0.0000,0.0000,0.0066,0.0001,200,5.7538
0.0064,0.0000,0.0000,0.0000,0.0063,0.0000,200,5.7605
0.0064,0.0000,0.0000,0.0000,0.0063,0.0000,200,5.7605
0.0064,0.0000,0.0000,0.0000,0.0063,0.0000,200,5.7605
0.0064,0.0000,0.0000,0.0000,0.0063,0.0001,200,5.7605
0.0067,0.0000,0.0000,0.0000,0.0065,0.0001,200,5.7669
0.0068,0.0000,0.0000,0.0000,0.0067,0.0001,200,5.7669
0.0070,0.0000,0.0000,0.0000,0.0069,0.0001,200,5.7669
0.0071,0.0000,0.0000,0.0000,0.0071,0.0000,200,5.7669
0.0065,0.0000,0.0000,0.0000,0.0065,0.0000,200,5.7740
0.0069,0.0000,0.0000,0.0000,0.0068,0.0001,200,5.7737
0.0070,0.0000,0.0000,0.0000,0.0069,0.0001,200,5.7735
0.0067,0.0000,0.0000,0.0000,0.0066,0.0000,200,5.7739
0.0063,0.0000,0.0000,0.0000,0.0062,0.0001,200,5.7806
0.0064,0.0000,0.0000,0.0000,0.0063,0.0000,200,5.7806
0.0064,0.0000,0.0000,0.0000,0.0063,0.0000,200,5.7806
0.0064,0.0000,0.0000,0.0000,0.0063,0.0000,200,5.7806
0.0064,0.0000,0.0000,0.0000,0.0064,0.0000,200,5.7870
0.0065,0.0000,0.0000,0.0000,0.0064,0.0000,200,5.7869
0.0064,0.0000,0.0000,0.0000,0.0064,0.0001,200,5.7870
0.0071,0.0000,0.0000,0.0000,0.0071,0.0000,200,5.7870
0.0064,0.0000,0.0000,0.0000,0.0063,0.0001,200,5.7934
0.0064,0.0000,0.0000,0.0000,0.0064,0.0000,200,5.7934
0.0064,0.0000,0.0000,0.0000,0.0064,0.0000,200,5.7934
0.0062,0.0000,0.0000,0.0000,0.0061,0.0000,200,5.7941
0.0062,0.0000,0.0000,0.0000,0.0061,0.0000,200,5.7999
0.0062,0.0000,0.0000,0.0000,0.0062,0.0000,200,5.7998
0.0065,0.0000,0.0000,0.0000,0.0064,0.0000,200,5.7999
0.0065,0.0000,0.0000,0.0000,0.0064,0.0000,200,5.8003
0.0065,0.0000,0.0000,0.0000,0.0064,0.0001,200,5.8061
0.0063,0.0000,0.0000,0.0000,0.0062,0.0000,200,5.8063
0.0066,0.0000,0.0000,0.0000,0.0066,0.0000,200,5.8061
0.0067,0.0000,0.0000,0.0000,0.0066,0.0000,200,5.8068
0.0065,0.0000,0.0000,0.0000,0.0063,0.0001,200,5.8126
0.0064,0.0000,0.0000,0.0000,0.0064,0.0000,200,5.8126
0.0069,0.0000,0.0000,0.0000,0.0068,0.0000,200,5.8127
0.0063,0.0000,0.0000,0.0000,0.0062,0.0000,200,5.8135
0.0065,0.0000,0.0000,0.0000,0.0064,0.0001,200,5.8190
0.0065,0.0000,0.0000,0.0000,0.0065,0.0000,200,5.8190
0.0063,0.0000,0.0000,0.0000,0.0062,0.0001,200,5.8196
0.0062,0.0000,0.0000,0.0000,0.0061,0.0000,200,5.8198
0.0064,0.0000,0.0000,0.0000,0.0063,0.0001,200,5.8255
0.0062,0.0000,0.0000,0.0000,0.0062,0.0000,200,5.8259
0.0066,0.0000,0.0000,0.0000,0.0065,0.0000,200,5.8255
0.0064,0.0000,0.0000,0.0000,0.0063,0.0000,200,5.8260
0.0066,0.0000,0.0000,0.0000,0.0065,0.0001,200,5.8321
0.0067,0.0000,0.0000,0.0000,0.0065,0.0001,200,5.8320
0.0063,0.0000,0.0000,0.0000,0.0063,0.0000,200,5.8324
0.0066,0.0000,0.0000,0.0000,0.0065,0.0000,200,5.8321
0.0063,0.0000,0.0000,0.0000,0.0062,0.0001,200,5.8387
0.0063,0.0000,0.0000,0.0000,0.0062,0.0000,200,5.8387
0.0063,0.0000,0.0000,0.0000,0.0063,0.0000,200,5.8387
0.0064,0.0000,0.0000,0.0000,0.0063,0.0000,200,5.8387
0.0065,0.0000,0.0000,0.0000,0.0063,0.0002,200,5.8451
0.0068,0.0000,0.0000,0.0000,0.0067,0.0000,200,5.8450
0.0073,0.0000,0.0000,0.0000,0.0072,0.0001,200,5.8450
0.0085,0.0000,0.0000,0.0000,0.0084,0.0001,200,5.8450
0.0065,0.0000,0.0000,0.0000,0.0064,0.0001,200,5.8535
0.0082,0.0000,0.0000,0.0000,0.0081,0.0001,200,5.8518
0.0083,0.0000,0.0000,0.0000,0.0082,0.0000,200,5.8517
0.0078,0.0000,0.0000,0.0000,0.0078,0.0000,200,5.8522
0.0064,0.0000,0.0000,0.0000,0.0063,0.0000,200,5.8600
0.0063,0.0000,0.0000,0.0000,0.0063,0.0000,200,5.8601
0.0064,0.0000,0.0000,0.0000,0.0063,0.0000,200,5.8600
0.0064,0.0000,0.0000,0.0000,0.0063,0.0001,200,5.8600
0.0066,0.0000,0.0000,0.0000,0.0065,0.0001,200,5.8664
0.0066,0.0000,0.0000,0.0000,0.0065,0.0000,200,5.8664
0.0067,0.0000,0.0000,0.0000,0.0066,0.0000,200,5.8664
0.0071,0.0000,0.0000,0.0000,0.0070,0.0000,200,5.8664
0.0069,0.0000,0.0000,0.0000,0.0068,0.0000,200,5.8730
0.0067,0.0000,0.0000,0.0000,0.0067,0.0001,200,5.8731
0.0069,0.0000,0.0000,0.0000,0.0067,0.0001,200,5.8730
0.0067,0.0000,0.0000,0.0000,0.0067,0.0000,200,5.8735
0.0065,0.0000,0.0000,0.0000,0.0064,0.0001,200,5.8799
0.0068,0.0000,0.0000,0.0000,0.0067,0.0000,200,5.8799
0.0064,0.0000,0.0000,0.0000,0.0063,0.0000,200,5.8803
0.0070,0.0000,0.0000,0.0000,0.0069,0.0000,200,5.8799
0.0064,0.0000,0.0000,0.0000,0.0063,0.0001,200,5.8867
0.0066,0.0000,0.0000,0.0000,0.0065,0.0000,200,5.8867
0.0064,0.0000,0.0000,0.0000,0.0064,0.0000,200,5.8868
0.0069,0.0000,0.0000,0.0000,0.0069,0.0000,200,5.8864
0.0065,0.0000,0.0000,0.0000,0.0064,0.0001,200,5.8930
0.0063,0.0000,0.0000,0.0000,0.0063,0.0000,200,5.8933
0.0064,0.0000,0.0000,0.0000,0.0063,0.0001,200,5.8932
0.0065,0.0000,0.0000,0.0000,0.0064,0.0000,200,5.8933
0.0066,0.0000,0.0000,0.0000,0.0065,0.0001,200,5.8996
0.0065,0.0000,0.0000,0.0000,0.0064,0.0001,200,5.8996
0.0066,0.0000,0.0000,0.0000,0.0065,0.0000,200,5.8996
0.0064,0.0000,0.0000,0.0000,0.0063,0.0000,200,5.8998
0.0064,0.0000,0.0000,0.0000,0.0063,0.0001,200,5.9063
0.0065,0.0000,0.0000,0.0000,0.0064,0.0001,200,5.9062
0.0066,0.0000,0.0000,0.0000,0.0065,0.0000,200,5.9062
0.0066,0.0000,0.0000,0.0000,0.0065,0.0000,200,5.9062
0.0064,0.0000,0.0000,0.0000,0.0063,0.0001,200,5.9128
0.0065,0.0000,0.0000,0.0000,0.0064,0.0000,200,5.9128
0.0066,0.0000,0.0000,0.0000,0.0065,0.0000,200,5.9127
0.0066,0.0000,0.0000,0.0000,0.0065,0.0000,200,5.9127
0.0065,0.0000,0.0000,0.0000,0.0064,0.0001,200,5.9192
0.0065,0.0000,0.0000,0.0000,0.0064,0.0001,200,5.9192
0.0065,0.0000,0.0000,0.0000,0.0064,0.0000,200,5.9192
0.0065,0.0000,0.0000,0.0000,0.0065,0.0000,200,5.9192
0.0065,0.0000,0.0000,0.0000,0.0064,0.0001,200,5.9257
0.0065,0.0000,0.0000,0.0000,0.0064,0.0000,200,5.9257
0.0065,0.0000,0.0000,0.0000,0.0064,0.0001,200,5.9257
0.0067,0.0000,0.0000,0.0000,0.0066,0.0000,200,5.9257
0.0064,0.0000,0.0000,0.0000,0.0064,0.0001,200,5.9324
0.0066,0.0000,0.0000,0.0000,0.0065,0.0001,200,5.9322
0.0066,0.0000,0.0000,0.0000,0.0065,0.0000,200,5.9322
0.0084,0.0000,0.0000,0.0000,0.0083,0.0000,200,5.9322
0.0065,0.0000,0.0000,0.0000,0.0063,0.0001,200,5.9388
0.0065,0.0000,0.0000,0.0000,0.0064,0.0001,200,5.9388
0.0065,0.0000,0.0000,0.0000,0.0064,0.0000,200,5.9388
0.0063,0.0000,0.0000,0.0000,0.0062,0.0000,200,5.9406
0.0063,0.0000,0.0000,0.0000,0.0062,0.0001,200,5.9453
0.0064,0.0000,0.0000,0.0000,0.0064,0.0000,200,5.9453
0.0064,0.0000,0.0000,0.0000,0.0064,0.0000,200,5.9453
0.0067,0.0000,0.0000,0.0000,0.0066,0.0001,200,5.9469
0.0063,0.0000,0.0000,0.0000,0.0062,0.0001,200,5.9517
0.0063,0.0000,0.0000,0.0000,0.0063,0.0000,200,5.9517
0.0064,0.0000,0.0000,0.0000,0.0063,0.0000,200,5.9516
0.0063,0.0000,0.0000,0.0000,0.0062,0.0000,200,5.9536
0.0064,0.0000,0.0000,0.0000,0.0063,0.0000,200,5.9580
0.0065,0.0000,0.0000,0.0000,0.0064,0.0000,200,5.9580
0.0064,0.0000,0.0000,0.0000,0.0064,0.0000,200,5.9580
0.0065,0.0000,0.0000,0.0000,0.0064,0.0001,200,5.9599
0.0068,0.0000,0.0000,0.0000,0.0067,0.0001,200,5.9645
0.0069,0.0000,0.0000,0.0000,0.0069,0.0000,200,5.9645
0.0076,0.0000,0.0000,0.0000,0.0076,0.0000,200,5.9644
0.0063,0.0000,0.0000,0.0000,0.0062,0.0000,200,5.9663
0.0065,0.0000,0.0000,0.0000,0.0064,0.0001,200,5.9714
0.0065,0.0000,0.0000,0.0000,0.0064,0.0001,200,5.9713
0.0063,0.0000,0.0000,0.0000,0.0062,0.0001,200,5.9721
0.0062,0.0000,0.0000,0.0000,0.0061,0.0000,200,5.9726
0.0065,0.0000,0.0000,0.0000,0.0064,0.0000,200,5.9778
0.0065,0.0000,0.0000,0.0000,0.0065,0.0000,200,5.9778
0.0061,0.0000,0.0000,0.0000,0.0060,0.0001,200,5.9788
0.0068,0.0000,0.0000,0.0000,0.0067,0.0000,200,5.9783
0.0067,0.0000,0.0000,0.0000,0.0066,0.0000,200,5.9843
0.0068,0.0000,0.0000,0.0000,0.0065,0.0002,200,5.9843
0.0063,0.0000,0.0000,0.0000,0.0062,0.0000,200,5.9849
0.0063,0.0000,0.0000,0.0000,0.0062,0.0000,200,5.9851
0.0064,0.0000,0.0000,0.0000,0.0063,0.0001,200,5.9914
0.0067,0.0000,0.0000,0.0000,0.0065,0.0000,200,5.9911
0.0067,0.0000,0.0000,0.0000,0.0066,0.0000,200,5.9911
0.0067,0.0000,0.0000,0.0000,0.0067,0.0000,200,5.9912
0.0066,0.0000,0.0000,0.0000,0.0065,0.0000,200,5.9978
0.0064,0.0000,0.0000,0.0000,0.0063,0.0000,200,5.9980
0.0066,0.0000,0.0000,0.0000,0.0065,0.0000,200,5.9978
0.0066,0.0000,0.0000,0.0000,0.0066,0.0000,200,5.9978
0.0066,0.0000,0.0000,0.0000,0.0065,0.0001,200,6.0044
0.0065,0.0000,0.0000,0.0000,0.0065,0.0001,200,6.0045
0.0066,0.0000,0.0000,0.0000,0.0065,0.0000,200,6.0044
0.0067,0.0000,0.0000,0.0000,0.0066,0.0000,200,6.0044
0.0065,0.0000,0.0000,0.0000,0.0064,0.0001,200,6.0110
0.0065,0.0000,0.0000,0.0000,0.0064,0.0000,200,6.0110
0.0064,0.0000,0.0000,0.0000,0.0063,0.0000,200,6.0111
0.0065,0.0000,0.0000,0.0000,0.0064,0.0000,200,6.0110
0.0064,0.0000,0.0000,0.0000,0.0063,0.0001,200,6.0175
0.0065,0.0000,0.0000,0.0000,0.0064,0.0000,200,6.0175
0.0068,0.0000,0.0000,0.0000,0.0067,0.0000,200,6.0175
0.0068,0.0000,0.0000,0.0000,0.0067,0.0000,200,6.0175
0.0068,0.0000,0.0000,0.0000,0.0066,0.0001,200,6.0239
0.0067,0.0000,0.0000,0.0000,0.0067,0.0000,200,6.0240
0.0065,0.0000,0.0000,0.0000,0.0061,0.0001,200,6.0243
0.0093,0.0000,0.0000,0.0000,0.0064,0.0001,200,6.0243
0.0065,0.0000,0.0000,0.0000,0.0063,0.0001,200,6.0307
0.0067,0.0000,0.0000,0.0000,0.0066,0.0000,200,6.0307
0.0068,0.0000,0.0000,0.0000,0.0067,0.0000,200,6.0307
0.0066,0.0000,0.0000,0.0000,0.0065,0.0001,200,6.0335
0.0068,0.0000,0.0000,0.0000,0.0067,0.0001,200,6.0375
0.0073,0.0000,0.0000,0.0000,0.0072,0.0000,200,6.0371
0.0070,0.0000,0.0000,0.0000,0.0070,0.0000,200,6.0375
0.0077,0.0000,0.0000,0.0000,0.0076,0.0001,200,6.0401
0.0068,0.0000,0.0000,0.0000,0.0067,0.0001,200,6.0443
0.0067,0.0000,0.0000,0.0000,0.0066,0.0001,200,6.0445
0.0070,0.0000,0.0000,0.0000,0.0070,0.0000,200,6.0444
0.0095,0.0000,0.0000,0.0000,0.0094,0.0001,200,6.0479
0.0065,0.0000,0.0000,0.0000,0.0064,0.0000,200,6.0511
0.0064,0.0000,0.0000,0.0000,0.0064,0.0000,200,6.0512
0.0065,0.0000,0.0000,0.0000,0.0064,0.0000,200,6.0514
0.0071,0.0000,0.0000,0.0000,0.0070,0.0001,200,6.0575
0.0072,0.0000,0.0000,0.0000,0.0071,0.0001,200,6.0574
0.0068,0.0000,0.0000,0.0000,0.0067,0.0000,200,6.0579
0.0076,0.0000,0.0000,0.0000,0.0075,0.0000,200,6.0576
0.0083,0.0000,0.0000,0.0000,0.0081,0.0001,200,6.0646
0.0085,0.0000,0.0000,0.0000,0.0084,0.0001,200,6.0646
0.0085,0.0000,0.0000,0.0000,0.0085,0.0000,200,6.0647
0.0081,0.0000,0.0000,0.0000,0.0081,0.0000,200,6.0652
0.0068,0.0000,0.0000,0.0000,0.0067,0.0001,200,6.0733
0.0076,0.0000,0.0000,0.0000,0.0075,0.0000,200,6.0729
0.0073,0.0000,0.0000,0.0000,0.0073,0.0000,200,6.0732
0.0093,0.0000,0.0000,0.0000,0.0092,0.0001,200,6.0731
0.0086,0.0000,0.0000,0.0000,0.0085,0.0001,200,6.0805
0.0090,0.0000,0.0000,0.0000,0.0088,0.0001,200,6.0801
0.0087,0.0000,0.0000,0.0000,0.0085,0.0001,200,6.0805
0.0084,0.0000,0.0000,0.0000,0.0083,0.0001,200,6.0824
0.0069,0.0000,0.0000,0.0000,0.0068,0.0001,200,6.0891
0.0070,0.0000,0.0000,0.0000,0.0069,0.0000,200,6.0891
0.0087,0.0000,0.0000,0.0000,0.0086,0.0001,200,6.0908
0.0105,0.0000,0.0000,0.0000,0.0101,0.0000,200,6.0892
0.0079,0.0000,0.0000,0.0000,0.0078,0.0001,200,6.0960
0.0079,0.0000,0.0000,0.0000,0.0078,0.0000,200,6.0961
0.0068,0.0000,0.0000,0.0000,0.0067,0.0001,200,6.0995
0.0067,0.0000,0.0000,0.0000,0.0066,0.0000,200,6.0996
0.0078,0.0000,0.0000,0.0000,0.0077,0.0000,200,6.1040
0.0079,0.0000,0.0000,0.0000,0.0078,0.0000,200,6.1038
0.0065,0.0000,0.0000,0.0000,0.0064,0.0000,200,6.1063
0.0067,0.0000,0.0000,0.0000,0.0066,0.0000,200,6.1063
0.0070,0.0000,0.0000,0.0000,0.0069,0.0001,200,6.1118
0.0071,0.0000,0.0000,0.0000,0.0070,0.0000,200,6.1118
0.0065,0.0000,0.0000,0.0000,0.0064,0.0000,200,6.1130
0.0068,0.0000,0.0000,0.0000,0.0067,0.0000,200,6.1128
0.0068,0.0000,0.0000,0.0000,0.0066,0.0001,200,6.1188
0.0069,0.0000,0.0000,0.0000,0.0068,0.0000,200,6.1189
0.0062,0.0000,0.0000,0.0000,0.0062,0.0000,200,6.1196
0.0064,0.0000,0.0000,0.0000,0.0063,0.0000,200,6.1195
0.0065,0.0000,0.0000,0.0000,0.0064,0.0001,200,6.1255
0.0063,0.0000,0.0000,0.0000,0.0062,0.0000,200,6.1259
0.0063,0.0000,0.0000,0.0000,0.0062,0.0000,200,6.1259
0.0064,0.0000,0.0000,0.0000,0.0063,0.0000,200,6.1258
0.0064,0.0000,0.0000,0.0000,0.0063,0.0000,200,6.1322
0.0064,0.0000,0.0000,0.0000,0.0063,0.0001,200,6.1322
0.0064,0.0000,0.0000,0.0000,0.0064,0.0001,200,6.1321
0.0066,0.0000,0.0000,0.0000,0.0065,0.0000,200,6.1320
0.0066,0.0000,0.0000,0.0000,0.0065,0.0001,200,6.1386
0.0066,0.0000,0.0000,0.0000,0.0065,0.0000,200,6.1386
0.0066,0.0000,0.0000,0.0000,0.0065,0.0000,200,6.1386
0.0068,0.0000,0.0000,0.0000,0.0067,0.0000,200,6.1386
0.0063,0.0000,0.0000,0.0000,0.0063,0.0001,200,6.1453
0.0065,0.0000,0.0000,0.0000,0.0065,0.0000,200,6.1452
0.0065,0.0000,0.0000,0.0000,0.0065,0.0000,200,6.1452
0.0065,0.0000,0.0000,0.0000,0.0065,0.0000,200,6.1452
0.0065,0.0000,0.0000,0.0000,0.0064,0.0001,200,6.1517
0.0066,0.0000,0.0000,0.0000,0.0066,0.0000,200,6.1517
0.0067,0.0000,0.0000,0.0000,0.0066,0.0000,200,6.1517
0.0067,0.0000,0.0000,0.0000,0.0066,0.0000,200,6.1517
0.0065,0.0000,0.0000,0.0000,0.0064,0.0001,200,6.1584
0.0066,0.0000,0.0000,0.0000,0.0066,0.0000,200,6.1582
0.0066,0.0000,0.0000,0.0000,0.0066,0.0000,200,6.1584
0.0070,0.0000,0.0000,0.0000,0.0069,0.0000,200,6.1584
0.0064,0.0000,0.0000,0.0000,0.0063,0.0000,200,6.1649
0.0064,0.0000,0.0000,0.0000,0.0063,0.0000,200,6.1650
0.0065,0.0000,0.0000,0.0000,0.0064,0.0001,200,6.1649
0.0062,0.0000,0.0000,0.0000,0.0061,0.0000,200,6.1654
0.0063,0.0000,0.0000,0.0000,0.0062,0.0001,200,6.1716
0.0065,0.0000,0.0000,0.0000,0.0065,0.0000,200,6.1714
0.0066,0.0000,0.0000,0.0000,0.0065,0.0000,200,6.1713
0.0065,0.0000,0.0000,0.0000,0.0065,0.0000,200,6.1714
0.0065,0.0000,0.0000,0.0000,0.0064,0.0001,200,6.1779
0.0065,0.0000,0.0000,0.0000,0.0065,0.0000,200,6.1779
0.0066,0.0000,0.0000,0.0000,0.0065,0.0000,200,6.1779
0.0066,0.0000,0.0000,0.0000,0.0065,0.0000,200,6.1779
0.0066,0.0000,0.0000,0.0000,0.0065,0.0000,200,6.1845
0.0066,0.0000,0.0000,0.0000,0.0065,0.0001,200,6.1844
0.0066,0.0000,0.0000,0.0000,0.0065,0.0000,200,6.1845
0.0066,0.0000,0.0000,0.0000,0.0065,0.0001,200,6.1845
0.0066,0.0000,0.0000,0.0000,0.0065,0.0001,200,6.1910
0.0066,0.0000,0.0000,0.0000,0.0066,0.0001,200,6.1910
0.0072,0.0000,0.0000,0.0000,0.0071,0.0000,200,6.1910
0.0077,0.0000,0.0000,0.0000,0.0077,0.0000,200,6.1910
0.0076,0.0000,0.0000,0.0000,0.0074,0.0001,200,6.1977
0.0076,0.0000,0.0000,0.0000,0.0075,0.0000,200,6.1977
0.0065,0.0000,0.0000,0.0000,0.0064,0.0000,200,6.1988
0.0071,0.0000,0.0000,0.0000,0.0071,0.0000,200,6.1982
0.0066,0.0000,0.0000,0.0000,0.0065,0.0000,200,6.2053
0.0066,0.0000,0.0000,0.0000,0.0065,0.0000,200,6.2053
0.0066,0.0000,0.0000,0.0000,0.0065,0.0001,200,6.2052
0.0065,0.0000,0.0000,0.0000,0.0064,0.0001,200,6.2053
0.0064,0.0000,0.0000,0.0000,0.0063,0.0000,200,6.2118
0.0064,0.0000,0.0000,0.0000,0.0064,0.0000,200,6.2118
0.0064,0.0000,0.0000,0.0000,0.0063,0.0000,200,6.2118
0.0065,0.0000,0.0000,0.0000,0.0063,0.0001,200,6.2118
0.0065,0.0000,0.0000,0.0000,0.0064,0.0001,200,6.2183
0.0065,0.0000,0.0000,0.0000,0.0064,0.0000,200,6.2183
0.0065,0.0000,0.0000,0.0000,0.0064,0.0000,200,6.2183
0.0065,0.0000,0.0000,0.0000,0.0064,0.0001,200,6.2183
0.0064,0.0000,0.0000,0.0000,0.0063,0.0001,200,6.2248
0.0064,0.0000,0.0000,0.0000,0.0063,0.0001,200,6.2248
0.0064,0.0000,0.0000,0.0000,0.0064,0.0000,200,6.2248
0.0067,0.0000,0.0000,0.0000,0.0067,0.0000,200,6.2248
0.0066,0.0000,0.0000,0.0000,0.0066,0.0000,200,6.2312
0.0067,0.0000,0.0000,0.0000,0.0065,0.0001,200,6.2312
0.0066,0.0000,0.0000,0.0000,0.0066,0.0000,200,6.2312
0.0064,0.0000,0.0000,0.0000,0.0062,0.0001,200,6.2316
0.0064,0.0000,0.0000,0.0000,0.0063,0.0001,200,6.2379
0.0063,0.0000,0.0000,0.0000,0.0063,0.0001,200,6.2379
0.0065,0.0000,0.0000,0.0000,0.0064,0.0000,200,6.2379
0.0065,0.0000,0.0000,0.0000,0.0064,0.0000,200,6.2379
0.0065,0.0000,0.0000,0.0000,0.0064,0.0000,200,6.2443
0.0064,0.0000,0.0000,0.0000,0.0063,0.0000,200,6.2444
0.0064,0.0000,0.0000,0.0000,0.0063,0.0000,200,6.2444
0.0065,0.0000,0.0000,0.0000,0.0064,0.0001,200,6.2443
0.0065,0.0000,0.0000,0.0000,0.0064,0.0001,200,6.2508
0.0065,0.0000,0.0000,0.0000,0.0064,0.0000,200,6.2507
0.0065,0.0000,0.0000,0.0000,0.0064,0.0000,200,6.2508
0.0067,0.0000,0.0000,0.0000,0.0066,0.0000,200,6.2507
0.0066,0.0000,0.0000,0.0000,0.0065,0.0000,200,6.2573
0.0067,0.0000,0.0000,0.0000,0.0066,0.0000,200,6.2573
0.0067,0.0000,0.0000,0.0000,0.0067,0.0000,200,6.2573
0.0066,0.0000,0.0000,0.0000,0.0065,0.0000,200,6.2574
0.0066,0.0000,0.0000,0.0000,0.0064,0.0001,200,6.2639
0.0065,0.0000,0.0000,0.0000,0.0064,0.0000,200,6.2640
0.0064,0.0000,0.0000,0.0000,0.0064,0.0000,200,6.2640
0.0064,0.0000,0.0000,0.0000,0.0064,0.0000,200,6.2640
0.0065,0.0000,0.0000,0.0000,0.0064,0.0001,200,6.2704
0.0066,0.0000,0.0000,0.0000,0.0064,0.0001,200,6.2705
0.0066,0.0000,0.0000,0.0000,0.0065,0.0000,200,6.2705
0.0066,0.0000,0.0000,0.0000,0.0065,0.0000,200,6.2705
0.0064,0.0000,0.0000,0.0000,0.0063,0.0001,200,6.2771
0.0064,0.0000,0.0000,0.0000,0.0064,0.0001,200,6.2770
0.0064,0.0000,0.0000,0.0000,0.0063,0.0000,200,6.2770
0.0064,0.0000,0.0000,0.0000,0.0064,0.0000,200,6.2770
0.0065,0.0000,0.0000,0.0000,0.0064,0.0001,200,6.2835
0.0065,0.0000,0.0000,0.0000,0.0064,0.0001,200,6.2834
0.0065,0.0000,0.0000,0.0000,0.0065,0.0000,200,6.2834
0.0066,0.0000,0.0000,0.0000,0.0065,0.0000,200,6.2834
0.0064,0.0000,0.0000,0.0000,0.0063,0.0001,200,6.2900
0.0065,0.0000,0.0000,0.0000,0.0064,0.0000,200,6.2900
0.0065,0.0000,0.0000,0.0000,0.0064,0.0000,200,6.2900
0.0065,0.0000,0.0000,0.0000,0.0064,0.0000,200,6.2900
0.0064,0.0000,0.0000,0.0000,0.0063,0.0001,200,6.2964
0.0066,0.0000,0.0000,0.0000,0.0065,0.0000,200,6.2965
0.0066,0.0000,0.0000,0.0000,0.0065,0.0000,200,6.2964
0.0066,0.0000,0.0000,0.0000,0.0065,0.0000,200,6.2964
0.0066,0.0000,0.0000,0.0000,0.0065,0.0001,200,6.3030
0.0066,0.0000,0.0000,0.0000,0.0065,0.0001,200,6.3030
0.0081,0.0000,0.0000,0.0000,0.0080,0.0001,200,6.3029
0.0084,0.0000,0.0000,0.0000,0.0083,0.0000,200,6.3030
0.0069,0.0000,0.0000,0.0000,0.0068,0.0001,200,6.3109
0.0066,0.0000,0.0000,0.0000,0.0065,0.0001,200,6.3115
0.0085,0.0000,0.0000,0.0000,0.0081,0.0004,200,6.3096
0.0132,0.0000,0.0000,0.0000,0.0130,0.0001,200,6.3096
0.0064,0.0000,0.0000,0.0000,0.0063,0.0000,200,6.3178
0.0066,0.0000,0.0000,0.0000,0.0065,0.0000,200,6.3181
0.0082,0.0000,0.0000,0.0000,0.0081,0.0000,200,6.3180
0.0065,0.0000,0.0000,0.0000,0.0064,0.0000,200,6.3228
0.0064,0.0000,0.0000,0.0000,0.0064,0.0000,200,6.3243
0.0065,0.0000,0.0000,0.0000,0.0065,0.0000,200,6.3247
0.0064,0.0000,0.0000,0.0000,0.0063,0.0001,200,6.3262
0.0066,0.0000,0.0000,0.0000,0.0065,0.0001,200,6.3292
0.0063,0.0000,0.0000,0.0000,0.0062,0.0000,200,6.3312
0.0068,0.0000,0.0000,0.0000,0.0067,0.0000,200,6.3307
0.0065,0.0000,0.0000,0.0000,0.0063,0.0000,200,6.3326
0.0073,0.0000,0.0000,0.0000,0.0072,0.0001,200,6.3358
0.0064,0.0000,0.0000,0.0000,0.0063,0.0001,200,6.3375
0.0065,0.0000,0.0000,0.0000,0.0064,0.0000,200,6.3375
0.0066,0.0000,0.0000,0.0000,0.0065,0.0000,200,6.3391
0.0064,0.0000,0.0000,0.0000,0.0063,0.0000,200,6.3431
0.0062,0.0000,0.0000,0.0000,0.0061,0.0001,200,6.3440
0.0064,0.0000,0.0000,0.0000,0.0063,0.0000,200,6.3439
0.0064,0.0000,0.0000,0.0000,0.0063,0.0000,200,6.3457
0.0064,0.0000,0.0000,0.0000,0.0063,0.0001,200,6.3495
0.0062,0.0000,0.0000,0.0000,0.0061,0.0000,200,6.3503
0.0064,0.0000,0.0000,0.0000,0.0063,0.0000,200,6.3502
0.0063,0.0000,0.0000,0.0000,0.0062,0.0000,200,6.3520
0.0066,0.0000,0.0000,0.0000,0.0064,0.0001,200,6.3559
0.0063,0.0000,0.0000,0.0000,0.0063,0.0000,200,6.3566
0.0065,0.0000,0.0000,0.0000,0.0064,0.0000,200,6.3565
0.0063,0.0000,0.0000,0.0000,0.0062,0.0000,200,6.3583
0.0065,0.0000,0.0000,0.0000,0.0064,0.0001,200,6.3625
0.0063,0.0000,0.0000,0.0000,0.0063,0.0000,200,6.3630
0.0065,0.0000,0.0000,0.0000,0.0064,0.0000,200,6.3630
0.0064,0.0000,0.0000,0.0000,0.0063,0.0000,200,6.3646
0.0066,0.0000,0.0000,0.0000,0.0066,0.0001,200,6.3693
0.0064,0.0000,0.0000,0.0000,0.0064,0.0001,200,6.3695
0.0070,0.0000,0.0000,0.0000,0.0069,0.0000,200,6.3690
0.0067,0.0000,0.0000,0.0000,0.0066,0.0001,200,6.3710
0.0070,0.0000,0.0000,0.0000,0.0069,0.0001,200,6.3760
0.0070,0.0000,0.0000,0.0000,0.0069,0.0001,200,6.3760
0.0070,0.0000,0.0000,0.0000,0.0069,0.0001,200,6.3759
0.0064,0.0000,0.0000,0.0000,0.0063,0.0000,200,6.3777
0.0067,0.0000,0.0000,0.0000,0.0066,0.0000,200,6.3829
0.0067,0.0000,0.0000,0.0000,0.0066,0.0001,200,6.3829
0.0066,0.0000,0.0000,0.0000,0.0065,0.0001,200,6.3830
0.0062,0.0000,0.0000,0.0000,0.0061,0.0000,200,6.3841
0.0066,0.0000,0.0000,0.0000,0.0065,0.0001,200,6.3896
0.0066,0.0000,0.0000,0.0000,0.0065,0.0001,200,6.3896
0.0066,0.0000,0.0000,0.0000,0.0065,0.0001,200,6.3896
0.0061,0.0000,0.0000,0.0000,0.0060,0.0000,200,6.3903
0.0066,0.0000,0.0000,0.0000,0.0064,0.0001,200,6.3962
0.0066,0.0000,0.0000,0.0000,0.0065,0.0001,200,6.3962
0.0066,0.0000,0.0000,0.0000,0.0065,0.0000,200,6.3962
0.0064,0.0000,0.0000,0.0000,0.0064,0.0000,200,6.3964
0.0063,0.0000,0.0000,0.0000,0.0062,0.0001,200,6.4029
0.0064,0.0000,0.0000,0.0000,0.0063,0.0001,200,6.4028
0.0065,0.0000,0.0000,0.0000,0.0064,0.0000,200,6.4027
0.0065,0.0000,0.0000,0.0000,0.0064,0.0000,200,6.4027
0.0066,0.0000,0.0000,0.0000,0.0065,0.0000,200,6.4092
0.0066,0.0000,0.0000,0.0000,0.0065,0.0001,200,6.4092
0.0066,0.0000,0.0000,0.0000,0.0065,0.0001,200,6.4092
0.0066,0.0000,0.0000,0.0000,0.0065,0.0001,200,6.4092
0.0066,0.0000,0.0000,0.0000,0.0066,0.0000,200,6.4158
0.0067,0.0000,0.0000,0.0000,0.0065,0.0001,200,6.4158
0.0067,0.0000,0.0000,0.0000,0.0066,0.0000,200,6.4158
0.0069,0.0000,0.0000,0.0000,0.0068,0.0000,200,6.4158
0.0067,0.0000,0.0000,0.0000,0.0066,0.0001,200,6.4225
0.0067,0.0000,0.0000,0.0000,0.0066,0.0000,200,6.4225
0.0067,0.0000,0.0000,0.0000,0.0066,0.0001,200,6.4225
0.0069,0.0000,0.0000,0.0000,0.0068,0.0000,200,6.4227
0.0068,0.0000,0.0000,0.0000,0.0067,0.0001,200,6.4292
0.0070,0.0000,0.0000,0.0000,0.0069,0.0000,200,6.4291
0.0066,0.0000,0.0000,0.0000,0.0066,0.0000,200,6.4296
0.0071,0.0000,0.0000,0.0000,0.0070,0.0000,200,6.4292
0.0066,0.0000,0.0000,0.0000,0.0065,0.0001,200,6.4363
0.0075,0.0000,0.0000,0.0000,0.0074,0.0001,200,6.4360
0.0076,0.0000,0.0000,0.0000,0.0076,0.0000,200,6.4362
0.0078,0.0000,0.0000,0.0000,0.0078,0.0000,200,6.4361
0.0075,0.0000,0.0000,0.0000,0.0074,0.0001,200,6.4436
0.0082,0.0000,0.0000,0.0000,0.0081,0.0001,200,6.4428
0.0073,0.0000,0.0000,0.0000,0.0072,0.0000,200,6.4439
0.0072,0.0000,0.0000,0.0000,0.0072,0.0000,200,6.4440
0.0065,0.0000,0.0000,0.0000,0.0064,0.0001,200,6.4511
0.0064,0.0000,0.0000,0.0000,0.0063,0.0001,200,6.4512
0.0065,0.0000,0.0000,0.0000,0.0064,0.0001,200,6.4511
0.0065,0.0000,0.0000,0.0000,0.0064,0.0001,200,6.4511
0.0066,0.0000,0.0000,0.0000,0.0065,0.0001,200,6.4575
0.0066,0.0000,0.0000,0.0000,0.0065,0.0001,200,6.4575
0.0065,0.0000,0.0000,0.0000,0.0064,0.0001,200,6.4576
0.0067,0.0000,0.0000,0.0000,0.0065,0.0001,200,6.4575
0.0063,0.0000,0.0000,0.0000,0.0062,0.0001,200,6.4642
0.0064,0.0000,0.0000,0.0000,0.0063,0.0001,200,6.4641
0.0065,0.0000,0.0000,0.0000,0.0064,0.0000,200,6.4641
0.0065,0.0000,0.0000,0.0000,0.0064,0.0000,200,6.4641
0.0063,0.0000,0.0000,0.0000,0.0062,0.0001,200,6.4706
0.0064,0.0000,0.0000,0.0000,0.0063,0.0000,200,6.4706
0.0065,0.0000,0.0000,0.0000,0.0064,0.0000,200,6.4705
0.0065,0.0000,0.0000,0.0000,0.0064,0.0000,200,6.4705
0.0064,0.0000,0.0000,0.0000,0.0063,0.0000,200,6.4769
0.0064,0.0000,0.0000,0.0000,0.0064,0.0000,200,6.4769
0.0064,0.0000,0.0000,0.0000,0.0064,0.0000,200,6.4769
0.0067,0.0000,0.0000,0.0000,0.0067,0.0000,200,6.4769
0.0067,0.0000,0.0000,0.0000,0.0066,0.0001,200,6.4834
0.0064,0.0000,0.0000,0.0000,0.0064,0.0000,200,6.4837
0.0067,0.0000,0.0000,0.0000,0.0067,0.0000,200,6.4834
0.0072,0.0000,0.0000,0.0000,0.0071,0.0000,200,6.4834
0.0063,0.0000,0.0000,0.0000,0.0063,0.0000,200,6.4901
0.0064,0.0000,0.0000,0.0000,0.0062,0.0000,200,6.4901
0.0065,0.0000,0.0000,0.0000,0.0064,0.0000,200,6.4901
0.0078,0.0000,0.0000,0.0000,0.0077,0.0000,200,6.4905
0.0066,0.0000,0.0000,0.0000,0.0065,0.0001,200,6.4965
0.0066,0.0000,0.0000,0.0000,0.0065,0.0000,200,6.4966
0.0069,0.0000,0.0000,0.0000,0.0069,0.0000,200,6.4965
0.0064,0.0000,0.0000,0.0000,0.0063,0.0000,200,6.4983
0.0066,0.0000,0.0000,0.0000,0.0065,0.0000,200,6.5031
0.0064,0.0000,0.0000,0.0000,0.0063,0.0000,200,6.5034
0.0074,0.0000,0.0000,0.0000,0.0073,0.0000,200,6.5031
0.0062,0.0000,0.0000,0.0000,0.0061,0.0000,200,6.5047
0.0063,0.0000,0.0000,0.0000,0.0062,0.0000,200,6.5097
0.0063,0.0000,0.0000,0.0000,0.0063,0.0000,200,6.5098
0.0063,0.0000,0.0000,0.0000,0.0062,0.0000,200,6.5105
0.0062,0.0000,0.0000,0.0000,0.0061,0.0000,200,6.5109
0.0064,0.0000,0.0000,0.0000,0.0063,0.0001,200,6.5160
0.0063,0.0000,0.0000,0.0000,0.0062,0.0000,200,6.5161
0.0062,0.0000,0.0000,0.0000,0.0062,0.0000,200,6.5168
0.0060,0.0000,0.0000,0.0000,0.0060,0.0000,200,6.5171
0.0063,0.0000,0.0000,0.0000,0.0062,0.0000,200,6.5223
0.0063,0.0000,0.0000,0.0000,0.0063,0.0000,200,6.5224
0.0063,0.0000,0.0000,0.0000,0.0062,0.0000,200,6.5230
0.0062,0.0000,0.0000,0.0000,0.0061,0.0000,200,6.5231
0.0067,0.0000,0.0000,0.0000,0.0066,0.0000,200,6.5287
0.0068,0.0000,0.0000,0.0000,0.0067,0.0000,200,6.5286
0.0067,0.0000,0.0000,0.0000,0.0067,0.0000,200,6.5293
0.0070,0.0000,0.0000,0.0000,0.0069,0.0001,200,6.5293
0.0067,0.0000,0.0000,0.0000,0.0066,0.0000,200,6.5354
0.0067,0.0000,0.0000,0.0000,0.0066,0.0000,200,6.5354
0.0066,0.0000,0.0000,0.0000,0.0064,0.0001,200,6.5361
0.0064,0.0000,0.0000,0.0000,0.0064,0.0000,200,6.5362
0.0067,0.0000,0.0000,0.0000,0.0066,0.0001,200,6.5421
0.0066,0.0000,0.0000,0.0000,0.0065,0.0000,200,6.5427
0.0068,0.0000,0.0000,0.0000,0.0067,0.0000,200,6.5426
0.0073,0.0000,0.0000,0.0000,0.0072,0.0000,200,6.5421
0.0066,0.0000,0.0000,0.0000,0.0065,0.0001,200,6.5493
0.0074,0.0000,0.0000,0.0000,0.0073,0.0000,200,6.5488
0.0068,0.0000,0.0000,0.0000,0.0068,0.0000,200,6.5494
0.0091,0.0000,0.0000,0.0000,0.0090,0.0001,200,6.5494
0.0066,0.0000,0.0000,0.0000,0.0065,0.0001,200,6.5559
0.0072,0.0000,0.0000,0.0000,0.0071,0.0000,200,6.5562
0.0070,0.0000,0.0000,0.0000,0.0069,0.0001,200,6.5585
0.0094,0.0000,0.0000,0.0025,0.0068,0.0000,200,6.5562
0.0071,0.0000,0.0000,0.0000,0.0070,0.0001,200,6.5625
0.0066,0.0000,0.0000,0.0000,0.0065,0.0001,200,6.5634
0.0064,0.0000,0.0000,0.0000,0.0063,0.0001,200,6.5656
0.0065,0.0000,0.0000,0.0000,0.0064,0.0000,200,6.5655
0.0068,0.0000,0.0000,0.0000,0.0067,0.0000,200,6.5696
0.0065,0.0000,0.0000,0.0000,0.0062,0.0003,200,6.5699
0.0067,0.0000,0.0000,0.0000,0.0066,0.0000,200,6.5720
0.0069,0.0000,0.0000,0.0000,0.0066,0.0003,200,6.5720
0.0068,0.0000,0.0000,0.0000,0.0066,0.0001,200,6.5765
0.0070,0.0000,0.0000,0.0000,0.0069,0.0000,200,6.5764
0.0066,0.0000,0.0000,0.0000,0.0065,0.0001,200,6.5787
0.0067,0.0000,0.0000,0.0000,0.0066,0.0000,200,6.5789
0.0076,0.0000,0.0000,0.0000,0.0075,0.0001,200,6.5832
0.0074,0.0000,0.0000,0.0000,0.0073,0.0001,200,6.5834
0.0064,0.0000,0.0000,0.0000,0.0063,0.0000,200,6.5853
0.0064,0.0000,0.0000,0.0000,0.0064,0.0000,200,6.5857
0.0070,0.0000,0.0000,0.0000,0.0069,0.0000,200,6.5908
0.0070,0.0000,0.0000,0.0000,0.0069,0.0001,200,6.5908
0.0063,0.0000,0.0000,0.0000,0.0062,0.0000,200,6.5917
0.0064,0.0000,0.0000,0.0000,0.0063,0.0001,200,6.5921
0.0067,0.0000,0.0000,0.0000,0.0066,0.0001,200,6.5978
0.0064,0.0000,0.0000,0.0000,0.0064,0.0000,200,6.5980
0.0062,0.0000,0.0000,0.0000,0.0061,0.0000,200,6.5985
0.0070,0.0000,0.0000,0.0000,0.0069,0.0000,200,6.5978
0.0064,0.0000,0.0000,0.0000,0.0063,0.0000,200,6.6044
0.0064,0.0000,0.0000,0.0000,0.0063,0.0000,200,6.6044
0.0062,0.0000,0.0000,0.0000,0.0061,0.0000,200,6.6047
0.0062,0.0000,0.0000,0.0000,0.0061,0.0000,200,6.6048
0.0064,0.0000,0.0000,0.0000,0.0064,0.0000,200,6.6108
0.0065,0.0000,0.0000,0.0000,0.0064,0.0001,200,6.6108
0.0064,0.0000,0.0000,0.0000,0.0063,0.0001,200,6.6109
0.0064,0.0000,0.0000,0.0000,0.0064,0.0000,200,6.6109
0.0066,0.0000,0.0000,0.0000,0.0064,0.0001,200,6.6173
0.0066,0.0000,0.0000,0.0000,0.0066,0.0000,200,6.6173
0.0067,0.0000,0.0000,0.0000,0.0066,0.0001,200,6.6173
0.0068,0.0000,0.0000,0.0000,0.0066,0.0002,200,6.6173
0.0066,0.0000,0.0000,0.0000,0.0065,0.0001,200,6.6239
0.0065,0.0000,0.0000,0.0000,0.0064,0.0000,200,6.6241
0.0071,0.0000,0.0000,0.0000,0.0067,0.0000,200,6.6240
0.0072,0.0000,0.0000,0.0002,0.0067,0.0002,200,6.6239
0.0066,0.0000,0.0000,0.0000,0.0064,0.0001,200,6.6305
0.0066,0.0000,0.0000,0.0000,0.0066,0.0000,200,6.6306
0.0063,0.0000,0.0000,0.0000,0.0062,0.0000,200,6.6310
0.0063,0.0000,0.0000,0.0000,0.0063,0.0000,200,6.6311
0.0068,0.0000,0.0000,0.0000,0.0067,0.0001,200,6.6371
0.0065,0.0000,0.0000,0.0000,0.0064,0.0000,200,6.6375
0.0067,0.0000,0.0000,0.0000,0.0067,0.0000,200,6.6372
0.0074,0.0000,0.0000,0.0000,0.0074,0.0000,200,6.6373
0.0066,0.0000,0.0000,0.0000,0.0065,0.0001,200,6.6439
0.0067,0.0000,0.0000,0.0000,0.0066,0.0001,200,6.6439
0.0070,0.0000,0.0000,0.0000,0.0067,0.0003,200,6.6440
0.0063,0.0000,0.0000,0.0000,0.0062,0.0000,200,6.6448
0.0065,0.0000,0.0000,0.0000,0.0064,0.0001,200,6.6506
0.0062,0.0000,0.0000,0.0000,0.0061,0.0001,200,6.6510
0.0066,0.0000,0.0000,0.0000,0.0066,0.0000,200,6.6506
0.0065,0.0000,0.0000,0.0000,0.0064,0.0000,200,6.6509
0.0065,0.0000,0.0000,0.0000,0.0064,0.0001,200,6.6574
0.0066,0.0000,0.0000,0.0001,0.0065,0.0001,200,6.6572
0.0066,0.0000,0.0000,0.0000,0.0065,0.0001,200,6.6573
0.0068,0.0000,0.0000,0.0000,0.0068,0.0000,200,6.6571
0.0065,0.0000,0.0000,0.0000,0.0064,0.0000,200,6.6639
0.0065,0.0000,0.0000,0.0000,0.0064,0.0001,200,6.6639
0.0065,0.0000,0.0000,0.0000,0.0064,0.0001,200,6.6639
0.0070,0.0000,0.0000,0.0000,0.0069,0.0000,200,6.6639
0.0071,0.0000,0.0000,0.0000,0.0070,0.0001,200,6.6704
0.0074,0.0000,0.0000,0.0000,0.0073,0.0000,200,6.6704
0.0069,0.0000,0.0000,0.0000,0.0069,0.0000,200,6.6709
0.0082,0.0000,0.0000,0.0000,0.0081,0.0000,200,6.6704
0.0065,0.0000,0.0000,0.0000,0.0064,0.0001,200,6.6778
0.0068,0.0000,0.0000,0.0000,0.0068,0.0000,200,6.6775
0.0066,0.0000,0.0000,0.0000,0.0065,0.0000,200,6.6778
0.0062,0.0000,0.0000,0.0000,0.0061,0.0001,200,6.6786
0.0064,0.0000,0.0000,0.0000,0.0064,0.0000,200,6.6843
0.0064,0.0000,0.0000,0.0000,0.0063,0.0000,200,6.6844
0.0064,0.0000,0.0000,0.0000,0.0063,0.0001,200,6.6843
0.0073,0.0000,0.0000,0.0000,0.0072,0.0000,200,6.6848
0.0062,0.0000,0.0000,0.0000,0.0061,0.0001,200,6.6908
0.0063,0.0000,0.0000,0.0000,0.0062,0.0000,200,6.6908
0.0064,0.0000,0.0000,0.0000,0.0063,0.0001,200,6.6908
0.0065,0.0000,0.0000,0.0000,0.0064,0.0001,200,6.6921
0.0066,0.0000,0.0000,0.0000,0.0065,0.0001,200,6.6970
0.0067,0.0000,0.0000,0.0000,0.0066,0.0000,200,6.6970
0.0068,0.0000,0.0000,0.0000,0.0067,0.0000,200,6.6972
0.0064,0.0000,0.0000,0.0000,0.0063,0.0000,200,6.6986
0.0064,0.0000,0.0000,0.0000,0.0063,0.0001,200,6.7037
0.0063,0.0000,0.0000,0.0000,0.0062,0.0000,200,6.7040
0.0067,0.0000,0.0000,0.0000,0.0066,0.0000,200,6.7036
0.0063,0.0000,0.0000,0.0000,0.0063,0.0000,200,6.7050
0.0064,0.0000,0.0000,0.0000,0.0063,0.0000,200,6.7103
0.0065,0.0000,0.0000,0.0000,0.0064,0.0000,200,6.7101
0.0064,0.0000,0.0000,0.0000,0.0064,0.0001,200,6.7102
0.0063,0.0000,0.0000,0.0000,0.0062,0.0001,200,6.7114
0.0065,0.0000,0.0000,0.0000,0.0064,0.0001,200,6.7167
0.0065,0.0000,0.0000,0.0000,0.0064,0.0000,200,6.7167
0.0067,0.0000,0.0000,0.0000,0.0066,0.0001,200,6.7167
0.0064,0.0000,0.0000,0.0000,0.0064,0.0000,200,6.7177
0.0065,0.0000,0.0000,0.0000,0.0064,0.0001,200,6.7232
0.0066,0.0000,0.0000,0.0000,0.0065,0.0000,200,6.7234
0.0069,0.0000,0.0000,0.0000,0.0068,0.0000,200,6.7232
0.0062,0.0000,0.0000,0.0000,0.0062,0.0000,200,6.7241
0.0065,0.0000,0.0000,0.0000,0.0064,0.0000,200,6.7303
0.0070,0.0000,0.0000,0.0000,0.0069,0.0001,200,6.7297
0.0067,0.0000,0.0000,0.0000,0.0066,0.0001,200,6.7301
0.0069,0.0000,0.0000,0.0000,0.0068,0.0000,200,6.7300
0.0066,0.0000,0.0000,0.0000,0.0065,0.0001,200,6.7368
0.0066,0.0000,0.0000,0.0000,0.0066,0.0000,200,6.7368
0.0067,0.0000,0.0000,0.0000,0.0066,0.0000,200,6.7368
0.0067,0.0000,0.0000,0.0000,0.0067,0.0000,200,6.7368
0.0064,0.0000,0.0000,0.0000,0.0064,0.0001,200,6.7435
0.0065,0.0000,0.0000,0.0000,0.0064,0.0000,200,6.7435
0.0066,0.0000,0.0000,0.0000,0.0065,0.0000,200,6.7434
0.0066,0.0000,0.0000,0.0000,0.0065,0.0000,200,6.7434
0.0064,0.0000,0.0000,0.0000,0.0063,0.0001,200,6.7500
0.0065,0.0000,0.0000,0.0000,0.0064,0.0000,200,6.7500
0.0065,0.0000,0.0000,0.0000,0.0064,0.0000,200,6.7500
0.0065,0.0000,0.0000,0.0000,0.0064,0.0000,200,6.7500
0.0066,0.0000,0.0000,0.0000,0.0065,0.0001,200,6.7564
0.0066,0.0000,0.0000,0.0000,0.0065,0.0001,200,6.7565
0.0066,0.0000,0.0000,0.0000,0.0065,0.0000,200,6.7565
0.0066,0.0000,0.0000,0.0000,0.0065,0.0001,200,6.7565
0.0063,0.0000,0.0000,0.0000,0.0062,0.0001,200,6.7631
0.0064,0.0000,0.0000,0.0000,0.0063,0.0000,200,6.7631
0.0064,0.0000,0.0000,0.0000,0.0063,0.0000,200,6.7631
0.0074,0.0000,0.0000,0.0000,0.0073,0.0000,200,6.7631
0.0065,0.0000,0.0000,0.0000,0.0064,0.0001,200,6.7695
0.0065,0.0000,0.0000,0.0000,0.0064,0.0001,200,6.7695
0.0066,0.0000,0.0000,0.0000,0.0066,0.0000,200,6.7694
0.0065,0.0000,0.0000,0.0000,0.0065,0.0000,200,6.7705
0.0065,0.0000,0.0000,0.0000,0.0064,0.0001,200,6.7760
0.0065,0.0000,0.0000,0.0000,0.0064,0.0001,200,6.7761
0.0073,0.0000,0.0000,0.0000,0.0072,0.0000,200,6.7760
0.0063,0.0000,0.0000,0.0000,0.0063,0.0000,200,6.7770
0.0066,0.0000,0.0000,0.0000,0.0064,0.0001,200,6.7825
0.0066,0.0000,0.0000,0.0000,0.0065,0.0000,200,6.7825
0.0062,0.0000,0.0000,0.0000,0.0062,0.0000,200,6.7833
0.0078,0.0000,0.0000,0.0000,0.0078,0.0001,200,6.7833
0.0070,0.0000,0.0000,0.0000,0.0070,0.0001,200,6.7891
0.0071,0.0000,0.0000,0.0000,0.0070,0.0001,200,6.7891
0.0067,0.0000,0.0000,0.0000,0.0066,0.0000,200,6.7895
0.0064,0.0000,0.0000,0.0000,0.0063,0.0001,200,6.7912
0.0064,0.0000,0.0000,0.0000,0.0063,0.0001,200,6.7961
0.0064,0.0000,0.0000,0.0000,0.0063,0.0000,200,6.7962
0.0064,0.0000,0.0000,0.0000,0.0063,0.0000,200,6.7961
0.0063,0.0000,0.0000,0.0000,0.0062,0.0000,200,6.7976
0.0064,0.0000,0.0000,0.0000,0.0063,0.0001,200,6.8025
0.0063,0.0000,0.0000,0.0000,0.0063,0.0000,200,6.8026
0.0065,0.0000,0.0000,0.0000,0.0064,0.0000,200,6.8026
0.0062,0.0000,0.0000,0.0000,0.0061,0.0000,200,6.8039
0.0066,0.0000,0.0000,0.0000,0.0065,0.0001,200,6.8089
0.0064,0.0000,0.0000,0.0000,0.0064,0.0000,200,6.8091
0.0066,0.0000,0.0000,0.0000,0.0065,0.0000,200,6.8089
0.0061,0.0000,0.0000,0.0000,0.0061,0.0000,200,6.8101
0.0065,0.0000,0.0000,0.0000,0.0064,0.0001,200,6.8155
0.0065,0.0000,0.0000,0.0000,0.0065,0.0000,200,6.8155
0.0065,0.0000,0.0000,0.0000,0.0065,0.0000,200,6.8155
0.0063,0.0000,0.0000,0.0000,0.0062,0.0000,200,6.8162
0.0065,0.0000,0.0000,0.0000,0.0064,0.0000,200,6.8220
0.0065,0.0000,0.0000,0.0000,0.0065,0.0001,200,6.8220
0.0065,0.0000,0.0000,0.0000,0.0064,0.0001,200,6.8220
0.0061,0.0000,0.0000,0.0000,0.0061,0.0000,200,6.8225
0.0066,0.0000,0.0000,0.0000,0.0064,0.0001,200,6.8285
0.0065,0.0000,0.0000,0.0000,0.0064,0.0001,200,6.8286
0.0065,0.0000,0.0000,0.0000,0.0065,0.0000,200,6.8285
0.0066,0.0000,0.0000,0.0000,0.0065,0.0000,200,6.8285
0.0066,0.0000,0.0000,0.0000,0.0065,0.0001,200,6.8351
0.0065,0.0000,0.0000,0.0000,0.0065,0.0001,200,6.8351
0.0066,0.0000,0.0000,0.0000,0.0065,0.0000,200,6.8351
0.0066,0.0000,0.0000,0.0000,0.0066,0.0000,200,6.8351
0.0066,0.0000,0.0000,0.0000,0.0065,0.0001,200,6.8417
0.0066,0.0000,0.0000,0.0000,0.0065,0.0001,200,6.8417
0.0066,0.0000,0.0000,0.0000,0.0065,0.0001,200,6.8417
0.0067,0.0000,0.0000,0.0000,0.0065,0.0001,200,6.8416
0.0065,0.0000,0.0000,0.0000,0.0064,0.0000,200,6.8483
0.0065,0.0000,0.0000,0.0000,0.0064,0.0001,200,6.8483
0.0065,0.0000,0.0000,0.0000,0.0064,0.0001,200,6.8483
0.0066,0.0000,0.0000,0.0000,0.0065,0.0000,200,6.8483
0.0065,0.0000,0.0000,0.0000,0.0064,0.0001,200,6.8548
0.0065,0.0000,0.0000,0.0000,0.0064,0.0001,200,6.8548
0.0065,0.0000,0.0000,0.0000,0.0064,0.0000,200,6.8548
0.0066,0.0000,0.0000,0.0000,0.0065,0.0000,200,6.8548
0.0063,0.0000,0.0000,0.0000,0.0062,0.0001,200,6.8613
0.0065,0.0000,0.0000,0.0000,0.0065,0.0000,200,6.8614
0.0066,0.0000,0.0000,0.0000,0.0065,0.0000,200,6.8613
0.0067,0.0000,0.0000,0.0000,0.0066,0.0000,200,6.8613
0.0065,0.0000,0.0000,0.0000,0.0063,0.0001,200,6.8677
0.0063,0.0000,0.0000,0.0000,0.0062,0.0000,200,6.8680
0.0065,0.0000,0.0000,0.0000,0.0063,0.0000,200,6.8679
0.0068,0.0000,0.0000,0.0000,0.0067,0.0000,200,6.8679
0.0066,0.0000,0.0000,0.0000,0.0066,0.0000,200,6.8744
0.0069,0.0000,0.0000,0.0000,0.0068,0.0001,200,6.8741
0.0063,0.0000,0.0000,0.0000,0.0062,0.0001,200,6.8747
0.0069,0.0000,0.0000,0.0000,0.0068,0.0000,200,6.8743
0.0064,0.0000,0.0000,0.0000,0.0063,0.0000,200,6.8811
0.0065,0.0000,0.0000,0.0000,0.0064,0.0001,200,6.8810
0.0065,0.0000,0.0000,0.0000,0.0063,0.0001,200,6.8810
0.0065,0.0000,0.0000,0.0000,0.0064,0.0001,200,6.8810
0.0064,0.0000,0.0000,0.0000,0.0063,0.0001,200,6.8875
0.0064,0.0000,0.0000,0.0000,0.0064,0.0000,200,6.8875
0.0064,0.0000,0.0000,0.0000,0.0064,0.0000,200,6.8875
0.0064,0.0000,0.0000,0.0000,0.0064,0.0000,200,6.8876
0.0064,0.0000,0.0000,0.0000,0.0063,0.0001,200,6.8939
0.0064,0.0000,0.0000,0.0000,0.0063,0.0000,200,6.8940
0.0065,0.0000,0.0000,0.0000,0.0064,0.0000,200,6.8939
0.0065,0.0000,0.0000,0.0000,0.0064,0.0001,200,6.8939
0.0064,0.0000,0.0000,0.0000,0.0063,0.0001,200,6.9004
0.0067,0.0000,0.0000,0.0000,0.0066,0.0000,200,6.9004
0.0068,0.0000,0.0000,0.0000,0.0067,0.0000,200,6.9004
0.0075,0.0000,0.0000,0.0000,0.0074,0.0000,200,6.9004
0.0071,0.0000,0.0000,0.0000,0.0070,0.0001,200,6.9068
0.0069,0.0000,0.0000,0.0000,0.0068,0.0000,200,6.9070
0.0070,0.0000,0.0000,0.0000,0.0070,0.0000,200,6.9072
0.0064,0.0000,0.0000,0.0000,0.0064,0.0000,200,6.9079
0.0061,0.0000,0.0000,0.0000,0.0060,0.0000,200,6.9143
0.0065,0.0000,0.0000,0.0000,0.0064,0.0001,200,6.9139
0.0062,0.0000,0.0000,0.0000,0.0061,0.0001,200,6.9142
0.0064,0.0000,0.0000,0.0000,0.0064,0.0000,200,6.9139
0.0064,0.0000,0.0000,0.0000,0.0064,0.0000,200,6.9204
0.0065,0.0000,0.0000,0.0000,0.0064,0.0001,200,6.9204
0.0065,0.0000,0.0000,0.0000,0.0064,0.0000,200,6.9204
0.0065,0.0000,0.0000,0.0000,0.0065,0.0000,200,6.9204
0.0066,0.0000,0.0000,0.0000,0.0065,0.0001,200,6.9268
0.0066,0.0000,0.0000,0.0000,0.0065,0.0001,200,6.9268
0.0068,0.0000,0.0000,0.0000,0.0067,0.0000,200,6.9269
0.0068,0.0000,0.0000,0.0000,0.0068,0.0000,200,6.9268
0.0067,0.0000,0.0000,0.0000,0.0066,0.0001,200,6.9335
0.0068,0.0000,0.0000,0.0000,0.0067,0.0000,200,6.9335
0.0068,0.0000,0.0000,0.0000,0.0067,0.0000,200,6.9337
0.0068,0.0000,0.0000,0.0000,0.0067,0.0000,200,6.9337
0.0063,0.0000,0.0000,0.0000,0.0063,0.0000,200,6.9404
0.0066,0.0000,0.0000,0.0000,0.0065,0.0000,200,6.9402
0.0064,0.0000,0.0000,0.0000,0.0064,0.0000,200,6.9404
0.0069,0.0000,0.0000,0.0000,0.0068,0.0000,200,6.9402
0.0066,0.0000,0.0000,0.0000,0.0065,0.0001,200,6.9468
0.0066,0.0000,0.0000,0.0000,0.0065,0.0000,200,6.9468
0.0067,0.0000,0.0000,0.0000,0.0066,0.0000,200,6.9468
0.0066,0.0000,0.0000,0.0000,0.0065,0.0000,200,6.9471
0.0064,0.0000,0.0000,0.0000,0.0063,0.0000,200,6.9534
0.0064,0.0000,0.0000,0.0000,0.0063,0.0000,200,6.9534
0.0062,0.0000,0.0000,0.0000,0.0062,0.0000,200,6.9536
0.0064,0.0000,0.0000,0.0000,0.0063,0.0001,200,6.9534
0.0066,0.0000,0.0000,0.0000,0.0065,0.0001,200,6.9599
0.0073,0.0000,0.0000,0.0000,0.0072,0.0000,200,6.9598
0.0072,0.0000,0.0000,0.0000,0.0072,0.0000,200,6.9599
0.0073,0.0000,0.0000,0.0000,0.0072,0.0000,200,6.9598
0.0071,0.0000,0.0000,0.0000,0.0070,0.0001,200,6.9664
0.0065,0.0000,0.0000,0.0000,0.0064,0.0000,200,6.9671
0.0066,0.0000,0.0000,0.0000,0.0066,0.0000,200,6.9671
0.0067,0.0000,0.0000,0.0000,0.0066,0.0000,200,6.9671
0.0065,0.0000,0.0000,0.0000,0.0064,0.0001,200,6.9735
0.0062,0.0000,0.0000,0.0000,0.0062,0.0000,200,6.9738
0.0064,0.0000,0.0000,0.0000,0.0064,0.0000,200,6.9736
0.0064,0.0000,0.0000,0.0000,0.0063,0.0000,200,6.9737
0.0067,0.0000,0.0000,0.0000,0.0066,0.0001,200,6.9800
0.0068,0.0000,0.0000,0.0000,0.0067,0.0000,200,6.9800
0.0067,0.0000,0.0000,0.0000,0.0067,0.0000,200,6.9801
0.0068,0.0000,0.0000,0.0000,0.0068,0.0000,200,6.9800
0.0065,0.0000,0.0000,0.0000,0.0064,0.0000,200,6.9869
0.0066,0.0000,0.0000,0.0000,0.0065,0.0001,200,6.9868
0.0067,0.0000,0.0000,0.0000,0.0066,0.0001,200,6.9867
0.0065,0.0000,0.0000,0.0000,0.0064,0.0000,200,6.9869
0.0065,0.0000,0.0000,0.0000,0.0064,0.0001,200,6.9933
0.0065,0.0000,0.0000,0.0000,0.0064,0.0001,200,6.9933
0.0066,0.0000,0.0000,0.0000,0.0065,0.0001,200,6.9933
0.0077,0.0000,0.0000,0.0000,0.0076,0.0000,200,6.9934
0.0064,0.0000,0.0000,0.0000,0.0063,0.0001,200,6.9999
0.0063,0.0000,0.0000,0.0000,0.0063,0.0000,200,6.9999
0.0064,0.0000,0.0000,0.0000,0.0063,0.0000,200,6.9999
0.0064,0.0000,0.0000,0.0000,0.0063,0.0001,200,7.0010
0.0065,0.0000,0.0000,0.0000,0.0063,0.0001,200,7.0063
0.0065,0.0000,0.0000,0.0000,0.0064,0.0000,200,7.0063
0.0067,0.0000,0.0000,0.0000,0.0066,0.0000,200,7.0063
0.0066,0.0000,0.0000,0.0000,0.0066,0.0000,200,7.0074
0.0067,0.0000,0.0000,0.0000,0.0066,0.0001,200,7.0128
0.0069,0.0000,0.0000,0.0000,0.0069,0.0000,200,7.0127
0.0068,0.0000,0.0000,0.0000,0.0068,0.0000,200,7.0130
0.0063,0.0000,0.0000,0.0000,0.0062,0.0000,200,7.0141
0.0065,0.0000,0.0000,0.0000,0.0064,0.0001,200,7.0195
0.0063,0.0000,0.0000,0.0000,0.0063,0.0000,200,7.0197
0.0063,0.0000,0.0000,0.0000,0.0063,0.0000,200,7.0198
0.0079,0.0000,0.0000,0.0000,0.0074,0.0005,200,7.0203
0.0065,0.0000,0.0000,0.0000,0.0064,0.0001,200,7.0260
0.0064,0.0000,0.0000,0.0000,0.0063,0.0000,200,7.0261
0.0067,0.0000,0.0000,0.0004,0.0063,0.0000,200,7.0260
0.0064,0.0000,0.0000,0.0000,0.0063,0.0001,200,7.0283
0.0063,0.0000,0.0000,0.0000,0.0063,0.0001,200,7.0325
0.0064,0.0000,0.0000,0.0000,0.0063,0.0000,200,7.0325
0.0063,0.0000,0.0000,0.0000,0.0063,0.0000,200,7.0327
0.0061,0.0000,0.0000,0.0000,0.0060,0.0000,200,7.0347
0.0064,0.0000,0.0000,0.0000,0.0063,0.0001,200,7.0388
0.0063,0.0000,0.0000,0.0000,0.0063,0.0000,200,7.0391
0.0067,0.0000,0.0000,0.0000,0.0066,0.0000,200,7.0389
0.0062,0.0000,0.0000,0.0000,0.0061,0.0000,200,7.0407
0.0063,0.0000,0.0000,0.0000,0.0062,0.0000,200,7.0453
0.0062,0.0000,0.0000,0.0000,0.0062,0.0000,200,7.0454
0.0062,0.0000,0.0000,0.0000,0.0062,0.0000,200,7.0456
0.0063,0.0000,0.0000,0.0000,0.0062,0.0000,200,7.0469
0.0061,0.0000,0.0000,0.0000,0.0060,0.0000,200,7.0518
0.0063,0.0000,0.0000,0.0000,0.0062,0.0000,200,7.0516
0.0064,0.0000,0.0000,0.0000,0.0063,0.0000,200,7.0516
0.0064,0.0000,0.0000,0.0000,0.0062,0.0001,200,7.0532
0.0064,0.0000,0.0000,0.0000,0.0063,0.0001,200,7.0580
0.0068,0.0000,0.0000,0.0000,0.0067,0.0000,200,7.0579
0.0068,0.0000,0.0000,0.0000,0.0067,0.0000,200,7.0579
0.0061,0.0000,0.0000,0.0000,0.0061,0.0000,200,7.0596
0.0065,0.0000,0.0000,0.0000,0.0064,0.0000,200,7.0647
0.0067,0.0000,0.0000,0.0000,0.0066,0.0001,200,7.0644
0.0065,0.0000,0.0000,0.0000,0.0064,0.0000,200,7.0647
0.0061,0.0000,0.0000,0.0000,0.0060,0.0000,200,7.0657
0.0065,0.0000,0.0000,0.0000,0.0064,0.0000,200,7.0711
0.0065,0.0000,0.0000,0.0000,0.0064,0.0000,200,7.0711
0.0065,0.0000,0.0000,0.0000,0.0064,0.0001,200,7.0711
0.0061,0.0000,0.0000,0.0000,0.0061,0.0000,200,7.0718
0.0064,0.0000,0.0000,0.0000,0.0063,0.0001,200,7.0776
0.0066,0.0000,0.0000,0.0000,0.0065,0.0000,200,7.0776
0.0063,0.0000,0.0000,0.0000,0.0062,0.0000,200,7.0780
0.0068,0.0000,0.0000,0.0000,0.0068,0.0000,200,7.0776
0.0063,0.0000,0.0000,0.0000,0.0062,0.0001,200,7.0845
0.0067,0.0000,0.0000,0.0000,0.0067,0.0000,200,7.0841
0.0066,0.0000,0.0000,0.0000,0.0065,0.0000,200,7.0842
0.0067,0.0000,0.0000,0.0000,0.0066,0.0000,200,7.0842
0.0064,0.0000,0.0000,0.0000,0.0063,0.0001,200,7.0908
0.0065,0.0000,0.0000,0.0000,0.0064,0.0000,200,7.0908
0.0064,0.0000,0.0000,0.0000,0.0063,0.0000,200,7.0909
0.0064,0.0000,0.0000,0.0000,0.0064,0.0000,200,7.0908
0.0064,0.0000,0.0000,0.0000,0.0064,0.0001,200,7.0973
0.0064,0.0000,0.0000,0.0000,0.0063,0.0001,200,7.0973
0.0065,0.0000,0.0000,0.0000,0.0065,0.0000,200,7.0972
0.0065,0.0000,0.0000,0.0000,0.0063,0.0001,200,7.0973
0.0065,0.0000,0.0000,0.0000,0.0064,0.0000,200,7.1037
0.0065,0.0000,0.0000,0.0000,0.0064,0.0000,200,7.1037
0.0065,0.0000,0.0000,0.0000,0.0064,0.0001,200,7.1038
0.0066,0.0000,0.0000,0.0000,0.0064,0.0001,200,7.1037
0.0066,0.0000,0.0000,0.0000,0.0064,0.0001,200,7.1102
0.0066,0.0000,0.0000,0.0000,0.0065,0.0000,200,7.1102
0.0066,0.0000,0.0000,0.0000,0.0065,0.0000,200,7.1102
0.0066,0.0000,0.0000,0.0000,0.0065,0.0000,200,7.1103
0.0070,0.0000,0.0000,0.0000,0.0068,0.0001,200,7.1168
0.0069,0.0000,0.0000,0.0000,0.0068,0.0001,200,7.1168
0.0069,0.0000,0.0000,0.0000,0.0068,0.0000,200,7.1168
0.0069,0.0000,0.0000,0.0000,0.0068,0.0001,200,7.1168
0.0068,0.0000,0.0000,0.0000,0.0067,0.0001,200,7.1238
0.0069,0.0000,0.0000,0.0000,0.0068,0.0000,200,7.1238
0.0074,0.0000,0.0000,0.0000,0.0073,0.0000,200,7.1238
0.0074,0.0000,0.0000,0.0000,0.0073,0.0000,200,7.1238
0.0073,0.0000,0.0000,0.0000,0.0072,0.0001,200,7.1305
0.0068,0.0000,0.0000,0.0000,0.0067,0.0000,200,7.1312
0.0073,0.0000,0.0000,0.0000,0.0073,0.0000,200,7.1307
0.0069,0.0000,0.0000,0.0000,0.0068,0.0000,200,7.1312
0.0086,0.0000,0.0000,0.0000,0.0085,0.0001,200,7.1380
0.0086,0.0000,0.0000,0.0000,0.0085,0.0000,200,7.1380
0.0087,0.0000,0.0000,0.0000,0.0086,0.0001,200,7.1379
0.0087,0.0000,0.0000,0.0000,0.0085,0.0001,200,7.1380
0.0072,0.0000,0.0000,0.0000,0.0071,0.0001,200,7.1466
0.0075,0.0000,0.0000,0.0000,0.0074,0.0000,200,7.1466
0.0076,0.0000,0.0000,0.0000,0.0076,0.0000,200,7.1466
0.0092,0.0000,0.0000,0.0000,0.0091,0.0001,200,7.1466
0.0078,0.0000,0.0000,0.0000,0.0077,0.0001,200,7.1541
0.0083,0.0000,0.0000,0.0000,0.0082,0.0000,200,7.1538
0.0079,0.0000,0.0000,0.0000,0.0079,0.0000,200,7.1542
0.0071,0.0000,0.0000,0.0000,0.0070,0.0000,200,7.1558
0.0072,0.0000,0.0000,0.0000,0.0071,0.0001,200,7.1621
0.0066,0.0000,0.0000,0.0000,0.0065,0.0001,200,7.1629
0.0077,0.0000,0.0000,0.0000,0.0077,0.0000,200,7.1620
0.0076,0.0000,0.0000,0.0000,0.0076,0.0000,200,7.1621
0.0068,0.0000,0.0000,0.0000,0.0067,0.0001,200,7.1693
0.0069,0.0000,0.0000,0.0000,0.0068,0.0001,200,7.1697
0.0071,0.0000,0.0000,0.0000,0.0070,0.0000,200,7.1697
0.0073,0.0000,0.0000,0.0000,0.0072,0.0000,200,7.1696
0.0068,0.0000,0.0000,0.0000,0.0067,0.0001,200,7.1761
0.0064,0.0000,0.0000,0.0000,0.0063,0.0000,200,7.1768
0.0065,0.0000,0.0000,0.0000,0.0064,0.0000,200,7.1769
0.0069,0.0000,0.0000,0.0000,0.0066,0.0000,200,7.1766
0.0069,0.0000,0.0000,0.0000,0.0068,0.0000,200,7.1829
0.0065,0.0000,0.0000,0.0000,0.0064,0.0001,200,7.1833
0.0067,0.0000,0.0000,0.0000,0.0066,0.0001,200,7.1832
0.0064,0.0000,0.0000,0.0000,0.0063,0.0000,200,7.1835
0.0066,0.0000,0.0000,0.0000,0.0065,0.0001,200,7.1899
0.0067,0.0000,0.0000,0.0000,0.0066,0.0001,200,7.1898
0.0067,0.0000,0.0000,0.0000,0.0066,0.0000,200,7.1898
0.0068,0.0000,0.0000,0.0000,0.0068,0.0000,200,7.1898
0.0066,0.0000,0.0000,0.0000,0.0065,0.0001,200,7.1965
0.0065,0.0000,0.0000,0.0000,0.0064,0.0001,200,7.1966
0.0066,0.0000,0.0000,0.0000,0.0066,0.0000,200,7.1965
0.0066,0.0000,0.0000,0.0000,0.0065,0.0000,200,7.1965
0.0067,0.0000,0.0000,0.0000,0.0066,0.0001,200,7.2031
0.0067,0.0000,0.0000,0.0000,0.0067,0.0000,200,7.2031
0.0068,0.0000,0.0000,0.0000,0.0067,0.0000,200,7.2031
0.0068,0.0000,0.0000,0.0000,0.0068,0.0000,200,7.2031
0.0070,0.0000,0.0000,0.0000,0.0069,0.0001,200,7.2098
0.0071,0.0000,0.0000,0.0000,0.0070,0.0001,200,7.2100
0.0074,0.0000,0.0000,0.0000,0.0074,0.0000,200,7.2099
0.0079,0.0000,0.0000,0.0000,0.0078,0.0000,200,7.2099
0.0068,0.0000,0.0000,0.0000,0.0067,0.0001,200,7.2173
0.0072,0.0000,0.0000,0.0000,0.0072,0.0000,200,7.2170
0.0075,0.0000,0.0000,0.0000,0.0074,0.0000,200,7.2168
0.0087,0.0000,0.0000,0.0000,0.0086,0.0001,200,7.2178
0.0067,0.0000,0.0000,0.0000,0.0066,0.0001,200,7.2241
0.0068,0.0000,0.0000,0.0000,0.0067,0.0000,200,7.2243
0.0071,0.0000,0.0000,0.0000,0.0069,0.0001,200,7.2243
0.0073,0.0000,0.0000,0.0000,0.0072,0.0001,200,7.2265
0.0071,0.0000,0.0000,0.0000,0.0067,0.0003,200,7.2308
0.0069,0.0000,0.0000,0.0000,0.0068,0.0001,200,7.2311
0.0069,0.0000,0.0000,0.0000,0.0069,0.0000,200,7.2313
0.0079,0.0000,0.0000,0.0001,0.0075,0.0001,200,7.2338
0.0067,0.0000,0.0000,0.0000,0.0066,0.0001,200,7.2380
0.0067,0.0000,0.0000,0.0000,0.0066,0.0001,200,7.2383
0.0070,0.0000,0.0000,0.0000,0.0069,0.0000,200,7.2388
0.0075,0.0000,0.0000,0.0000,0.0074,0.0001,200,7.2417
0.0067,0.0000,0.0000,0.0000,0.0065,0.0001,200,7.2450
0.0071,0.0000,0.0000,0.0000,0.0070,0.0000,200,7.2447
0.0064,0.0000,0.0000,0.0000,0.0064,0.0000,200,7.2458
0.0067,0.0000,0.0000,0.0000,0.0066,0.0001,200,7.2492
0.0064,0.0000,0.0000,0.0000,0.0063,0.0001,200,7.2518
0.0068,0.0000,0.0000,0.0000,0.0067,0.0001,200,7.2517
0.0066,0.0000,0.0000,0.0000,0.0065,0.0000,200,7.2522
0.0063,0.0000,0.0000,0.0000,0.0062,0.0001,200,7.2559
0.0066,0.0000,0.0000,0.0000,0.0065,0.0000,200,7.2588
0.0069,0.0000,0.0000,0.0000,0.0068,0.0001,200,7.2584
0.0071,0.0000,0.0000,0.0000,0.0070,0.0000,200,7.2582
0.0063,0.0000,0.0000,0.0000,0.0062,0.0001,200,7.2622
0.0063,0.0000,0.0000,0.0000,0.0062,0.0001,200,7.2653
0.0064,0.0000,0.0000,0.0000,0.0064,0.0000,200,7.2653
0.0065,0.0000,0.0000,0.0000,0.0064,0.0000,200,7.2653
0.0078,0.0000,0.0000,0.0000,0.0077,0.0001,200,7.2685
0.0070,0.0000,0.0000,0.0000,0.0069,0.0000,200,7.2717
0.0071,0.0000,0.0000,0.0000,0.0070,0.0001,200,7.2716
0.0070,0.0000,0.0000,0.0000,0.0070,0.0000,200,7.2718
0.0067,0.0000,0.0000,0.0000,0.0065,0.0001,200,7.2764
0.0066,0.0000,0.0000,0.0000,0.0065,0.0000,200,7.2787
0.0065,0.0000,0.0000,0.0000,0.0065,0.0000,200,7.2788
0.0066,0.0000,0.0000,0.0000,0.0066,0.0000,200,7.2787
0.0063,0.0000,0.0000,0.0000,0.0062,0.0001,200,7.2830
0.0063,0.0000,0.0000,0.0000,0.0062,0.0001,200,7.2853
0.0064,0.0000,0.0000,0.0000,0.0063,0.0000,200,7.2853
0.0065,0.0000,0.0000,0.0000,0.0064,0.0000,200,7.2853
0.0065,0.0000,0.0000,0.0000,0.0064,0.0001,200,7.2894
0.0065,0.0000,0.0000,0.0000,0.0064,0.0001,200,7.2917
0.0066,0.0000,0.0000,0.0000,0.0066,0.0000,200,7.2918
0.0070,0.0000,0.0000,0.0000,0.0070,0.0000,200,7.2917
0.0065,0.0000,0.0000,0.0000,0.0064,0.0001,200,7.2959
0.0066,0.0000,0.0000,0.0000,0.0065,0.0001,200,7.2982
0.0062,0.0000,0.0000,0.0000,0.0062,0.0000,200,7.2987
0.0066,0.0000,0.0000,0.0000,0.0066,0.0000,200,7.2985
0.0075,0.0000,0.0000,0.0000,0.0074,0.0001,200,7.3024
0.0063,0.0000,0.0000,0.0000,0.0062,0.0000,200,7.3049
0.0064,0.0000,0.0000,0.0000,0.0063,0.0000,200,7.3048
0.0064,0.0000,0.0000,0.0000,0.0063,0.0000,200,7.3051
0.0066,0.0000,0.0000,0.0000,0.0065,0.0001,200,7.3099
0.0065,0.0000,0.0000,0.0000,0.0063,0.0001,200,7.3112
0.0065,0.0000,0.0000,0.0000,0.0065,0.0000,200,7.3112
0.0062,0.0000,0.0000,0.0000,0.0062,0.0000,200,7.3115
0.0067,0.0000,0.0000,0.0000,0.0065,0.0001,200,7.3164
0.0063,0.0000,0.0000,0.0000,0.0062,0.0000,200,7.3177
0.0064,0.0000,0.0000,0.0000,0.0063,0.0000,200,7.3177
0.0064,0.0000,0.0000,0.0000,0.0063,0.0000,200,7.3178
0.0065,0.0000,0.0000,0.0000,0.0064,0.0001,200,7.3231
0.0062,0.0000,0.0000,0.0000,0.0062,0.0000,200,7.3241
0.0064,0.0000,0.0000,0.0000,0.0063,0.0000,200,7.3241
0.0066,0.0000,0.0000,0.0000,0.0065,0.0001,200,7.3241
0.0067,0.0000,0.0000,0.0000,0.0066,0.0001,200,7.3296
0.0064,0.0000,0.0000,0.0000,0.0063,0.0000,200,7.3303
0.0063,0.0000,0.0000,0.0000,0.0062,0.0000,200,7.3305
0.0063,0.0000,0.0000,0.0000,0.0062,0.0000,200,7.3307
0.0069,0.0000,0.0000,0.0000,0.0067,0.0001,200,7.3363
0.0065,0.0000,0.0000,0.0000,0.0064,0.0000,200,7.3367
0.0062,0.0000,0.0000,0.0000,0.0061,0.0001,200,7.3370
0.0069,0.0000,0.0000,0.0000,0.0069,0.0000,200,7.3368
0.0065,0.0000,0.0000,0.0000,0.0064,0.0001,200,7.3432
0.0065,0.0000,0.0000,0.0000,0.0065,0.0000,200,7.3432
0.0065,0.0000,0.0000,0.0000,0.0064,0.0000,200,7.3432
0.0063,0.0000,0.0000,0.0000,0.0062,0.0000,200,7.3438
0.0066,0.0000,0.0000,0.0000,0.0065,0.0001,200,7.3497
0.0066,0.0000,0.0000,0.0000,0.0065,0.0000,200,7.3497
0.0063,0.0000,0.0000,0.0000,0.0062,0.0000,200,7.3500
0.0066,0.0000,0.0000,0.0000,0.0066,0.0000,200,7.3497
0.0068,0.0000,0.0000,0.0000,0.0067,0.0001,200,7.3563
0.0067,0.0000,0.0000,0.0000,0.0067,0.0001,200,7.3563
0.0068,0.0000,0.0000,0.0000,0.0067,0.0000,200,7.3563
0.0069,0.0000,0.0000,0.0000,0.0067,0.0001,200,7.3563
0.0065,0.0000,0.0000,0.0000,0.0064,0.0001,200,7.3631
0.0065,0.0000,0.0000,0.0000,0.0064,0.0001,200,7.3631
0.0066,0.0000,0.0000,0.0000,0.0066,0.0000,200,7.3631
0.0067,0.0000,0.0000,0.0000,0.0066,0.0000,200,7.3631
0.0064,0.0000,0.0000,0.0000,0.0064,0.0000,200,7.3697
0.0066,0.0000,0.0000,0.0000,0.0065,0.0000,200,7.3696
0.0065,0.0000,0.0000,0.0000,0.0064,0.0000,200,7.3697
0.0066,0.0000,0.0000,0.0000,0.0065,0.0001,200,7.3696
0.0064,0.0000,0.0000,0.0000,0.0063,0.0001,200,7.3762
0.0064,0.0000,0.0000,0.0000,0.0064,0.0000,200,7.3762
0.0066,0.0000,0.0000,0.0000,0.0065,0.0000,200,7.3762
0.0066,0.0000,0.0000,0.0000,0.0065,0.0000,200,7.3762
0.0066,0.0000,0.0000,0.0000,0.0065,0.0001,200,7.3826
0.0066,0.0000,0.0000,0.0000,0.0065,0.0000,200,7.3826
0.0065,0.0000,0.0000,0.0000,0.0064,0.0000,200,7.3828
0.0084,0.0000,0.0000,0.0000,0.0083,0.0001,200,7.3828
0.0072,0.0000,0.0000,0.0000,0.0071,0.0001,200,7.3893
0.0076,0.0000,0.0000,0.0000,0.0073,0.0002,200,7.3892
0.0069,0.0000,0.0000,0.0000,0.0068,0.0000,200,7.3912
0.0089,0.0000,0.0000,0.0000,0.0088,0.0000,200,7.3892
0.0069,0.0000,0.0000,0.0000,0.0068,0.0001,200,7.3965
0.0069,0.0000,0.0000,0.0000,0.0068,0.0000,200,7.3968
0.0063,0.0000,0.0000,0.0000,0.0062,0.0000,200,7.3981
0.0066,0.0000,0.0000,0.0000,0.0065,0.0000,200,7.3981
0.0068,0.0000,0.0000,0.0000,0.0067,0.0001,200,7.4033
0.0065,0.0000,0.0000,0.0000,0.0064,0.0000,200,7.4037
0.0063,0.0000,0.0000,0.0000,0.0062,0.0000,200,7.4043
0.0062,0.0000,0.0000,0.0000,0.0061,0.0000,200,7.4047
0.0065,0.0000,0.0000,0.0000,0.0064,0.0001,200,7.4101
0.0067,0.0000,0.0000,0.0000,0.0066,0.0000,200,7.4102
0.0063,0.0000,0.0000,0.0000,0.0062,0.0000,200,7.4106
0.0062,0.0000,0.0000,0.0000,0.0061,0.0000,200,7.4109
0.0065,0.0000,0.0000,0.0000,0.0063,0.0001,200,7.4167
0.0064,0.0000,0.0000,0.0000,0.0063,0.0000,200,7.4169
0.0064,0.0000,0.0000,0.0000,0.0063,0.0001,200,7.4169
0.0086,0.0000,0.0000,0.0000,0.0085,0.0001,200,7.4171
0.0063,0.0000,0.0000,0.0000,0.0062,0.0001,200,7.4232
0.0064,0.0000,0.0000,0.0000,0.0063,0.0001,200,7.4231
0.0062,0.0000,0.0000,0.0000,0.0061,0.0000,200,7.4233
0.0064,0.0000,0.0000,0.0000,0.0063,0.0000,200,7.4257
0.0064,0.0000,0.0000,0.0000,0.0063,0.0000,200,7.4295
0.0064,0.0000,0.0000,0.0000,0.0063,0.0000,200,7.4295
0.0064,0.0000,0.0000,0.0000,0.0063,0.0000,200,7.4295
0.0062,0.0000,0.0000,0.0000,0.0062,0.0000,200,7.4321
0.0063,0.0000,0.0000,0.0000,0.0062,0.0001,200,7.4359
0.0064,0.0000,0.0000,0.0000,0.0063,0.0000,200,7.4359
0.0064,0.0000,0.0000,0.0000,0.0063,0.0000,200,7.4359
0.0063,0.0000,0.0000,0.0000,0.0062,0.0001,200,7.4384
0.0064,0.0000,0.0000,0.0000,0.0063,0.0001,200,7.4423
0.0065,0.0000,0.0000,0.0000,0.0064,0.0000,200,7.4423
0.0065,0.0000,0.0000,0.0000,0.0065,0.0000,200,7.4423
0.0066,0.0000,0.0000,0.0000,0.0065,0.0001,200,7.4447
0.0064,0.0000,0.0000,0.0000,0.0063,0.0000,200,7.4488
0.0065,0.0000,0.0000,0.0000,0.0064,0.0000,200,7.4487
0.0064,0.0000,0.0000,0.0000,0.0063,0.0000,200,7.4488
0.0062,0.0000,0.0000,0.0000,0.0061,0.0000,200,7.4513
0.0063,0.0000,0.0000,0.0000,0.0062,0.0001,200,7.4552
0.0065,0.0000,0.0000,0.0000,0.0064,0.0000,200,7.4552
0.0065,0.0000,0.0000,0.0000,0.0064,0.0000,200,7.4552
0.0063,0.0000,0.0000,0.0000,0.0063,0.0000,200,7.4575
0.0064,0.0000,0.0000,0.0000,0.0063,0.0001,200,7.4615
0.0063,0.0000,0.0000,0.0000,0.0062,0.0000,200,7.4616
0.0064,0.0000,0.0000,0.0000,0.0064,0.0000,200,7.4616
0.0062,0.0000,0.0000,0.0000,0.0061,0.0001,200,7.4639
0.0064,0.0000,0.0000,0.0000,0.0064,0.0001,200,7.4679
0.0064,0.0000,0.0000,0.0000,0.0063,0.0000,200,7.4680
0.0066,0.0000,0.0000,0.0000,0.0065,0.0000,200,7.4679
0.0070,0.0000,0.0000,0.0000,0.0068,0.0001,200,7.4701
0.0063,0.0000,0.0000,0.0000,0.0062,0.0001,200,7.4744
0.0065,0.0000,0.0000,0.0000,0.0064,0.0000,200,7.4743
0.0064,0.0000,0.0000,0.0000,0.0063,0.0000,200,7.4745
0.0064,0.0000,0.0000,0.0000,0.0063,0.0001,200,7.4770
0.0062,0.0000,0.0000,0.0000,0.0061,0.0000,200,7.4808
0.0065,0.0000,0.0000,0.0000,0.0064,0.0000,200,7.4808
0.0066,0.0000,0.0000,0.0000,0.0065,0.0000,200,7.4808
0.0064,0.0000,0.0000,0.0000,0.0064,0.0000,200,7.4835
0.0064,0.0000,0.0000,0.0000,0.0063,0.0001,200,7.4870
0.0063,0.0000,0.0000,0.0000,0.0062,0.0000,200,7.4873
0.0063,0.0000,0.0000,0.0000,0.0062,0.0001,200,7.4873
0.0064,0.0000,0.0000,0.0000,0.0063,0.0001,200,7.4899
0.0062,0.0000,0.0000,0.0000,0.0061,0.0000,200,7.4936
0.0065,0.0000,0.0000,0.0000,0.0064,0.0000,200,7.4934
0.0063,0.0000,0.0000,0.0000,0.0063,0.0000,200,7.4936
0.0064,0.0000,0.0000,0.0000,0.0063,0.0001,200,7.4963
0.0064,0.0000,0.0000,0.0000,0.0063,0.0000,200,7.4999
0.0064,0.0000,0.0000,0.0000,0.0063,0.0000,200,7.4999
0.0065,0.0000,0.0000,0.0000,0.0064,0.0000,200,7.4999
0.0065,0.0000,0.0000,0.0000,0.0064,0.0001,200,7.5027
0.0074,0.0000,0.0000,0.0000,0.0073,0.0001,200,7.5064
0.0078,0.0000,0.0000,0.0000,0.0078,0.0000,200,7.5063
0.0079,0.0000,0.0000,0.0000,0.0078,0.0000,200,7.5063
0.0069,0.0000,0.0000,0.0000,0.0068,0.0001,200,7.5092
0.0067,0.0000,0.0000,0.0000,0.0066,0.0001,200,7.5137
0.0066,0.0000,0.0000,0.0000,0.0065,0.0000,200,7.5141
0.0070,0.0000,0.0000,0.0000,0.0069,0.0000,200,7.5142
0.0064,0.0000,0.0000,0.0000,0.0063,0.0001,200,7.5161
0.0062,0.0000,0.0000,0.0000,0.0062,0.0000,200,7.5207
0.0066,0.0000,0.0000,0.0000,0.0065,0.0000,200,7.5204
0.0062,0.0000,0.0000,0.0000,0.0061,0.0000,200,7.5211
0.0063,0.0000,0.0000,0.0000,0.0062,0.0000,200,7.5225
0.0064,0.0000,0.0000,0.0000,0.0063,0.0000,200,7.5270
0.0064,0.0000,0.0000,0.0000,0.0064,0.0001,200,7.5270
0.0066,0.0000,0.0000,0.0000,0.0065,0.0000,200,7.5273
0.0061,0.0000,0.0000,0.0000,0.0061,0.0000,200,7.5288
0.0066,0.0000,0.0000,0.0000,0.0065,0.0001,200,7.5334
0.0066,0.0000,0.0000,0.0000,0.0066,0.0000,200,7.5334
0.0066,0.0000,0.0000,0.0000,0.0066,0.0000,200,7.5339
0.0063,0.0000,0.0000,0.0000,0.0062,0.0000,200,7.5349
0.0065,0.0000,0.0000,0.0000,0.0064,0.0001,200,7.5400
0.0064,0.0000,0.0000,0.0000,0.0063,0.0001,200,7.5400
0.0062,0.0000,0.0000,0.0000,0.0061,0.0000,200,7.5412
0.0070,0.0000,0.0000,0.0000,0.0070,0.0000,200,7.5405
0.0065,0.0000,0.0000,0.0000,0.0064,0.0001,200,7.5464
0.0065,0.0000,0.0000,0.0000,0.0065,0.0000,200,7.5464
0.0064,0.0000,0.0000,0.0000,0.0063,0.0000,200,7.5474
0.0063,0.0000,0.0000,0.0000,0.0062,0.0000,200,7.5476
0.0066,0.0000,0.0000,0.0000,0.0065,0.0001,200,7.5529
0.0067,0.0000,0.0000,0.0000,0.0066,0.0001,200,7.5530
0.0061,0.0000,0.0000,0.0000,0.0060,0.0000,200,7.5538
0.0062,0.0000,0.0000,0.0000,0.0062,0.0000,200,7.5538
0.0063,0.0000,0.0000,0.0000,0.0062,0.0001,200,7.5596
0.0064,0.0000,0.0000,0.0000,0.0062,0.0001,200,7.5596
0.0061,0.0000,0.0000,0.0000,0.0061,0.0000,200,7.5599
0.0065,0.0000,0.0000,0.0000,0.0064,0.0000,200,7.5601
0.0063,0.0000,0.0000,0.0000,0.0062,0.0001,200,7.5659
0.0063,0.0000,0.0000,0.0000,0.0063,0.0000,200,7.5660
0.0065,0.0000,0.0000,0.0000,0.0064,0.0000,200,7.5659
0.0063,0.0000,0.0000,0.0000,0.0062,0.0000,200,7.5666
0.0065,0.0000,0.0000,0.0000,0.0064,0.0001,200,7.5722
0.0064,0.0000,0.0000,0.0000,0.0064,0.0000,200,7.5723
0.0065,0.0000,0.0000,0.0000,0.0064,0.0000,200,7.5724
0.0061,0.0000,0.0000,0.0000,0.0061,0.0000,200,7.5728
0.0063,0.0000,0.0000,0.0000,0.0062,0.0001,200,7.5789
0.0064,0.0000,0.0000,0.0000,0.0063,0.0000,200,7.5789
0.0067,0.0000,0.0000,0.0000,0.0067,0.0000,200,7.5787
0.0067,0.0000,0.0000,0.0000,0.0067,0.0000,200,7.5788
0.0065,0.0000,0.0000,0.0000,0.0064,0.0001,200,7.5853
0.0066,0.0000,0.0000,0.0000,0.0066,0.0000,200,7.5852
0.0064,0.0000,0.0000,0.0000,0.0063,0.0000,200,7.5854
0.0064,0.0000,0.0000,0.0000,0.0064,0.0000,200,7.5855
0.0064,0.0000,0.0000,0.0000,0.0063,0.0001,200,7.5919
0.0065,0.0000,0.0000,0.0000,0.0064,0.0000,200,7.5918
0.0067,0.0000,0.0000,0.0000,0.0067,0.0000,200,7.5918
0.0077,0.0000,0.0000,0.0000,0.0076,0.0001,200,7.5918
0.0067,0.0000,0.0000,0.0000,0.0066,0.0001,200,7.5984
0.0067,0.0000,0.0000,0.0000,0.0066,0.0001,200,7.5983
0.0065,0.0000,0.0000,0.0000,0.0064,0.0001,200,7.5986
0.0061,0.0000,0.0000,0.0000,0.0060,0.0000,200,7.5995
0.0063,0.0000,0.0000,0.0000,0.0062,0.0001,200,7.6050
0.0063,0.0000,0.0000,0.0000,0.0062,0.0000,200,7.6051
0.0064,0.0000,0.0000,0.0000,0.0064,0.0000,200,7.6050
0.0061,0.0000,0.0000,0.0000,0.0061,0.0000,200,7.6056
0.0064,0.0000,0.0000,0.0000,0.0063,0.0001,200,7.6115
0.0065,0.0000,0.0000,0.0000,0.0064,0.0001,200,7.6114
0.0065,0.0000,0.0000,0.0000,0.0064,0.0000,200,7.6114
0.0064,0.0000,0.0000,0.0000,0.0063,0.0000,200,7.6117
0.0064,0.0000,0.0000,0.0000,0.0063,0.0000,200,7.6181
0.0066,0.0000,0.0000,0.0000,0.0064,0.0001,200,7.6179
0.0066,0.0000,0.0000,0.0000,0.0065,0.0001,200,7.6179
0.0067,0.0000,0.0000,0.0000,0.0065,0.0001,200,7.6179
0.0065,0.0000,0.0000,0.0000,0.0064,0.0001,200,7.6244
0.0065,0.0000,0.0000,0.0000,0.0064,0.0000,200,7.6244
0.0065,0.0000,0.0000,0.0000,0.0064,0.0000,200,7.6244
0.0064,0.0000,0.0000,0.0000,0.0064,0.0000,200,7.6245
0.0064,0.0000,0.0000,0.0000,0.0063,0.0001,200,7.6309
0.0069,0.0000,0.0000,0.0000,0.0068,0.0000,200,7.6309
0.0069,0.0000,0.0000,0.0000,0.0068,0.0000,200,7.6309
0.0079,0.0000,0.0000,0.0000,0.0078,0.0000,200,7.6309
0.0076,0.0000,0.0000,0.0000,0.0075,0.0001,200,7.6374
0.0072,0.0000,0.0000,0.0000,0.0072,0.0000,200,7.6378
0.0076,0.0000,0.0000,0.0000,0.0075,0.0000,200,7.6378
0.0079,0.0000,0.0000,0.0000,0.0079,0.0000,200,7.6388
0.0065,0.0000,0.0000,0.0000,0.0064,0.0001,200,7.6450
0.0065,0.0000,0.0000,0.0000,0.0065,0.0000,200,7.6450
0.0063,0.0000,0.0000,0.0000,0.0062,0.0000,200,7.6455
0.0061,0.0000,0.0000,0.0000,0.0060,0.0000,200,7.6468
0.0066,0.0000,0.0000,0.0000,0.0065,0.0001,200,7.6516
0.0065,0.0000,0.0000,0.0000,0.0064,0.0001,200,7.6516
0.0064,0.0000,0.0000,0.0000,0.0063,0.0001,200,7.6517
0.0064,0.0000,0.0000,0.0000,0.0064,0.0000,200,7.6528
0.0065,0.0000,0.0000,0.0000,0.0064,0.0001,200,7.6581
0.0066,0.0000,0.0000,0.0000,0.0065,0.0000,200,7.6581
0.0065,0.0000,0.0000,0.0000,0.0065,0.0000,200,7.6582
0.0062,0.0000,0.0000,0.0000,0.0061,0.0000,200,7.6593
0.0064,0.0000,0.0000,0.0000,0.0063,0.0000,200,7.6647
0.0064,0.0000,0.0000,0.0000,0.0063,0.0000,200,7.6647
0.0067,0.0000,0.0000,0.0000,0.0066,0.0000,200,7.6647
0.0064,0.0000,0.0000,0.0000,0.0063,0.0000,200,7.6655
0.0066,0.0000,0.0000,0.0000,0.0065,0.0001,200,7.6711
0.0067,0.0000,0.0000,0.0000,0.0066,0.0000,200,7.6711
0.0064,0.0000,0.0000,0.0000,0.0064,0.0000,200,7.6714
0.0064,0.0000,0.0000,0.0000,0.0063,0.0000,200,7.6718
0.0065,0.0000,0.0000,0.0000,0.0064,0.0001,200,7.6778
0.0068,0.0000,0.0000,0.0000,0.0067,0.0000,200,7.6777
0.0069,0.0000,0.0000,0.0000,0.0068,0.0000,200,7.6778
0.0068,0.0000,0.0000,0.0000,0.0068,0.0000,200,7.6782
0.0067,0.0000,0.0000,0.0000,0.0066,0.0001,200,7.6846
0.0070,0.0000,0.0000,0.0000,0.0069,0.0001,200,7.6843
0.0068,0.0000,0.0000,0.0000,0.0067,0.0000,200,7.6845
0.0063,0.0000,0.0000,0.0000,0.0062,0.0000,200,7.6851
0.0068,0.0000,0.0000,0.0000,0.0064,0.0000,200,7.6913
0.0068,0.0000,0.0000,0.0000,0.0067,0.0000,200,7.6913
0.0067,0.0000,0.0000,0.0000,0.0066,0.0001,200,7.6914
0.0068,0.0000,0.0000,0.0000,0.0067,0.0000,200,7.6913
0.0064,0.0000,0.0000,0.0000,0.0064,0.0000,200,7.6981
0.0065,0.0000,0.0000,0.0000,0.0064,0.0000,200,7.6981
0.0064,0.0000,0.0000,0.0000,0.0064,0.0000,200,7.6981
0.0065,0.0000,0.0000,0.0000,0.0065,0.0000,200,7.6981
0.0065,0.0000,0.0000,0.0000,0.0064,0.0001,200,7.7045
0.0066,0.0000,0.0000,0.0000,0.0065,0.0000,200,7.7046
0.0066,0.0000,0.0000,0.0000,0.0065,0.0000,200,7.7046
0.0065,0.0000,0.0000,0.0000,0.0065,0.0000,200,7.7046
0.0064,0.0000,0.0000,0.0000,0.0064,0.0001,200,7.7111
0.0064,0.0000,0.0000,0.0000,0.0064,0.0000,200,7.7111
0.0065,0.0000,0.0000,0.0000,0.0064,0.0000,200,7.7111
0.0065,0.0000,0.0000,0.0000,0.0064,0.0001,200,7.7111
0.0064,0.0000,0.0000,0.0000,0.0063,0.0001,200,7.7176
0.0064,0.0000,0.0000,0.0000,0.0063,0.0000,200,7.7176
0.0064,0.0000,0.0000,0.0000,0.0064,0.0000,200,7.7176
0.0065,0.0000,0.0000,0.0000,0.0064,0.0000,200,7.7176
0.0065,0.0000,0.0000,0.0000,0.0064,0.0001,200,7.7240
0.0065,0.0000,0.0000,0.0000,0.0064,0.0000,200,7.7240
0.0066,0.0000,0.0000,0.0000,0.0066,0.0000,200,7.7239
0.0066,0.0000,0.0000,0.0000,0.0065,0.0000,200,7.7240
0.0066,0.0000,0.0000,0.0000,0.0065,0.0001,200,7.7305
0.0065,0.0000,0.0000,0.0000,0.0064,0.0001,200,7.7306
0.0066,0.0000,0.0000,0.0000,0.0065,0.0001,200,7.7305
0.0071,0.0000,0.0000,0.0000,0.0071,0.0000,200,7.7306
0.0065,0.0000,0.0000,0.0000,0.0064,0.0001,200,7.7371
0.0065,0.0000,0.0000,0.0000,0.0064,0.0000,200,7.7371
0.0067,0.0000,0.0000,0.0000,0.0066,0.0000,200,7.7371
0.0063,0.0000,0.0000,0.0000,0.0062,0.0000,200,7.7377
0.0066,0.0000,0.0000,0.0000,0.0064,0.0001,200,7.7436
0.0070,0.0000,0.0000,0.0000,0.0069,0.0000,200,7.7436
0.0067,0.0000,0.0000,0.0000,0.0066,0.0000,200,7.7440
0.0070,0.0000,0.0000,0.0000,0.0069,0.0000,200,7.7438
0.0067,0.0000,0.0000,0.0000,0.0066,0.0001,200,7.7502
0.0063,0.0000,0.0000,0.0000,0.0062,0.0000,200,7.7506
0.0063,0.0000,0.0000,0.0000,0.0063,0.0000,200,7.7507
0.0064,0.0000,0.0000,0.0000,0.0063,0.0000,200,7.7508
0.0066,0.0000,0.0000,0.0000,0.0065,0.0001,200,7.7568
0.0072,0.0000,0.0000,0.0000,0.0071,0.0001,200,7.7572
0.0075,0.0000,0.0000,0.0000,0.0075,0.0000,200,7.7569
0.0074,0.0000,0.0000,0.0000,0.0073,0.0001,200,7.7570
0.0066,0.0000,0.0000,0.0000,0.0065,0.0000,200,7.7635
0.0062,0.0000,0.0000,0.0000,0.0061,0.0000,200,7.7644
0.0063,0.0000,0.0000,0.0000,0.0061,0.0002,200,7.7644
0.0064,0.0000,0.0000,0.0000,0.0063,0.0000,200,7.7644
0.0067,0.0000,0.0000,0.0000,0.0066,0.0001,200,7.7701
0.0062,0.0000,0.0000,0.0000,0.0061,0.0000,200,7.7706
0.0063,0.0000,0.0000,0.0000,0.0062,0.0000,200,7.7707
0.0063,0.0000,0.0000,0.0000,0.0062,0.0000,200,7.7707
0.0066,0.0000,0.0000,0.0000,0.0066,0.0001,200,7.7770
0.0067,0.0000,0.0000,0.0000,0.0066,0.0000,200,7.7770
0.0069,0.0000,0.0000,0.0000,0.0068,0.0001,200,7.7768
0.0068,0.0000,0.0000,0.0000,0.0067,0.0001,200,7.7768
0.0066,0.0000,0.0000,0.0000,0.0065,0.0001,200,7.7837
0.0066,0.0000,0.0000,0.0000,0.0065,0.0000,200,7.7837
0.0066,0.0000,0.0000,0.0000,0.0065,0.0000,200,7.7837
0.0067,0.0000,0.0000,0.0000,0.0066,0.0000,200,7.7837
0.0066,0.0000,0.0000,0.0000,0.0065,0.0001,200,7.7903
0.0066,0.0000,0.0000,0.0000,0.0065,0.0000,200,7.7903
0.0066,0.0000,0.0000,0.0000,0.0066,0.0000,200,7.7902
0.0066,0.0000,0.0000,0.0000,0.0065,0.0000,200,7.7903
0.0066,0.0000,0.0000,0.0000,0.0065,0.0001,200,7.7969
0.0066,0.0000,0.0000,0.0000,0.0065,0.0001,200,7.7968
0.0069,0.0000,0.0000,0.0000,0.0064,0.0004,200,7.7969
0.0069,0.0000,0.0000,0.0000,0.0067,0.0002,200,7.7969
0.0067,0.0000,0.0000,0.0000,0.0062,0.0001,200,7.8035
0.0064,0.0000,0.0000,0.0000,0.0062,0.0001,200,7.8038
0.0064,0.0000,0.0000,0.0001,0.0062,0.0000,200,7.8038
0.0067,0.0000,0.0000,0.0000,0.0066,0.0001,200,7.8035
0.0063,0.0000,0.0000,0.0000,0.0062,0.0001,200,7.8102
0.0064,0.0000,0.0000,0.0000,0.0063,0.0000,200,7.8102
0.0064,0.0000,0.0000,0.0000,0.0063,0.0000,200,7.8102
0.0065,0.0000,0.0000,0.0000,0.0064,0.0000,200,7.8102
0.0064,0.0000,0.0000,0.0000,0.0063,0.0001,200,7.8166
0.0065,0.0000,0.0000,0.0000,0.0064,0.0001,200,7.8165
0.0065,0.0000,0.0000,0.0000,0.0065,0.0000,200,7.8166
0.0065,0.0000,0.0000,0.0000,0.0064,0.0000,200,7.8167
0.0065,0.0000,0.0000,0.0000,0.0064,0.0001,200,7.8230
0.0064,0.0000,0.0000,0.0000,0.0063,0.0001,200,7.8231
0.0065,0.0000,0.0000,0.0000,0.0064,0.0000,200,7.8231
0.0066,0.0000,0.0000,0.0000,0.0066,0.0000,200,7.8231
0.0064,0.0000,0.0000,0.0000,0.0062,0.0001,200,7.8295
0.0063,0.0000,0.0000,0.0000,0.0063,0.0000,200,7.8296
0.0064,0.0000,0.0000,0.0000,0.0063,0.0000,200,7.8295
0.0063,0.0000,0.0000,0.0000,0.0063,0.0000,200,7.8297
0.0064,0.0000,0.0000,0.0000,0.0064,0.0000,200,7.8359
0.0065,0.0000,0.0000,0.0000,0.0063,0.0001,200,7.8359
0.0064,0.0000,0.0000,0.0000,0.0064,0.0001,200,7.8360
0.0084,0.0000,0.0000,0.0000,0.0083,0.0001,200,7.8360
0.0064,0.0000,0.0000,0.0000,0.0063,0.0001,200,7.8424
0.0065,0.0000,0.0000,0.0000,0.0064,0.0000,200,7.8424
0.0065,0.0000,0.0000,0.0000,0.0064,0.0001,200,7.8424
0.0063,0.0000,0.0000,0.0000,0.0062,0.0000,200,7.8444
0.0065,0.0000,0.0000,0.0000,0.0064,0.0001,200,7.8489
0.0067,0.0000,0.0000,0.0000,0.0067,0.0000,200,7.8489
0.0069,0.0000,0.0000,0.0000,0.0068,0.0000,200,7.8488
0.0065,0.0000,0.0000,0.0000,0.0065,0.0000,200,7.8507
0.0063,0.0000,0.0000,0.0000,0.0062,0.0001,200,7.8556
0.0066,0.0000,0.0000,0.0000,0.0065,0.0000,200,7.8554
0.0063,0.0000,0.0000,0.0000,0.0062,0.0000,200,7.8557
0.0063,0.0000,0.0000,0.0000,0.0062,0.0000,200,7.8572
0.0061,0.0000,0.0000,0.0000,0.0060,0.0000,200,7.8619
0.0062,0.0000,0.0000,0.0000,0.0061,0.0000,200,7.8620
0.0062,0.0000,0.0000,0.0000,0.0062,0.0000,200,7.8620
0.0060,0.0000,0.0000,0.0000,0.0059,0.0000,200,7.8635
0.0064,0.0000,0.0000,0.0000,0.0063,0.0000,200,7.8680
0.0062,0.0000,0.0000,0.0000,0.0061,0.0000,200,7.8682
0.0062,0.0000,0.0000,0.0000,0.0062,0.0000,200,7.8682
0.0062,0.0000,0.0000,0.0000,0.0061,0.0001,200,7.8695
0.0064,0.0000,0.0000,0.0000,0.0063,0.0000,200,7.8744
0.0064,0.0000,0.0000,0.0000,0.0063,0.0000,200,7.8744
0.0064,0.0000,0.0000,0.0000,0.0063,0.0000,200,7.8744
0.0066,0.0000,0.0000,0.0000,0.0065,0.0001,200,7.8757
0.0074,0.0000,0.0000,0.0000,0.0073,0.0001,200,7.8808
0.0074,0.0000,0.0000,0.0000,0.0073,0.0000,200,7.8808
0.0075,0.0000,0.0000,0.0000,0.0075,0.0000,200,7.8808
0.0065,0.0000,0.0000,0.0000,0.0064,0.0000,200,7.8822
0.0067,0.0000,0.0000,0.0000,0.0066,0.0001,200,7.8881
0.0066,0.0000,0.0000,0.0000,0.0065,0.0000,200,7.8883
0.0069,0.0000,0.0000,0.0000,0.0068,0.0000,200,7.8881
0.0064,0.0000,0.0000,0.0000,0.0063,0.0001,200,7.8887
0.0067,0.0000,0.0000,0.0000,0.0066,0.0001,200,7.8949
0.0071,0.0000,0.0000,0.0000,0.0070,0.0000,200,7.8949
0.0069,0.0000,0.0000,0.0001,0.0068,0.0000,200,7.8952
0.0071,0.0000,0.0000,0.0000,0.0071,0.0000,200,7.8950
0.0073,0.0000,0.0000,0.0000,0.0071,0.0001,200,7.9016
0.0078,0.0000,0.0000,0.0000,0.0077,0.0000,200,7.9020
0.0077,0.0000,0.0000,0.0000,0.0077,0.0000,200,7.9021
0.0079,0.0000,0.0000,0.0000,0.0070,0.0008,200,7.9020
0.0075,0.0000,0.0000,0.0000,0.0074,0.0001,200,7.9089
0.0066,0.0000,0.0000,0.0000,0.0065,0.0000,200,7.9098
0.0068,0.0000,0.0000,0.0000,0.0067,0.0000,200,7.9098
0.0068,0.0000,0.0000,0.0000,0.0067,0.0000,200,7.9099
0.0066,0.0000,0.0000,0.0000,0.0064,0.0001,200,7.9166
0.0069,0.0000,0.0000,0.0000,0.0068,0.0000,200,7.9164
0.0069,0.0000,0.0000,0.0000,0.0069,0.0000,200,7.9164
0.0070,0.0000,0.0000,0.0000,0.0068,0.0002,200,7.9167
0.0068,0.0000,0.0000,0.0000,0.0067,0.0001,200,7.9231
0.0068,0.0000,0.0000,0.0000,0.0067,0.0000,200,7.9233
0.0067,0.0000,0.0000,0.0000,0.0066,0.0001,200,7.9233
0.0065,0.0000,0.0000,0.0000,0.0064,0.0000,200,7.9237
0.0067,0.0000,0.0000,0.0000,0.0066,0.0001,200,7.9300
0.0068,0.0000,0.0000,0.0000,0.0068,0.0000,200,7.9299
0.0067,0.0000,0.0000,0.0000,0.0066,0.0000,200,7.9301
0.0070,0.0000,0.0000,0.0000,0.0069,0.0000,200,7.9302
0.0068,0.0000,0.0000,0.0000,0.0067,0.0001,200,7.9367
0.0066,0.0000,0.0000,0.0000,0.0065,0.0000,200,7.9372
0.0070,0.0000,0.0000,0.0000,0.0069,0.0000,200,7.9368
0.0070,0.0000,0.0000,0.0000,0.0069,0.0000,200,7.9368
0.0068,0.0000,0.0000,0.0000,0.0067,0.0001,200,7.9437
0.0067,0.0000,0.0000,0.0000,0.0066,0.0001,200,7.9438
0.0068,0.0000,0.0000,0.0000,0.0068,0.0000,200,7.9437
0.0071,0.0000,0.0000,0.0000,0.0070,0.0000,200,7.9436
0.0067,0.0000,0.0000,0.0000,0.0066,0.0000,200,7.9506
0.0067,0.0000,0.0000,0.0000,0.0066,0.0001,200,7.9506
0.0068,0.0000,0.0000,0.0000,0.0067,0.0000,200,7.9506
0.0068,0.0000,0.0000,0.0000,0.0067,0.0000,200,7.9507
0.0065,0.0000,0.0000,0.0000,0.0064,0.0000,200,7.9573
0.0065,0.0000,0.0000,0.0000,0.0064,0.0001,200,7.9573
0.0065,0.0000,0.0000,0.0000,0.0064,0.0000,200,7.9573
0.0064,0.0000,0.0000,0.0000,0.0064,0.0000,200,7.9575
0.0064,0.0000,0.0000,0.0000,0.0063,0.0001,200,7.9638
0.0064,0.0000,0.0000,0.0000,0.0063,0.0000,200,7.9639
0.0065,0.0000,0.0000,0.0000,0.0064,0.0000,200,7.9638
0.0065,0.0000,0.0000,0.0000,0.0064,0.0000,200,7.9638
0.0065,0.0000,0.0000,0.0000,0.0064,0.0001,200,7.9703
0.0065,0.0000,0.0000,0.0000,0.0064,0.0000,200,7.9702
0.0066,0.0000,0.0000,0.0000,0.0065,0.0000,200,7.9703
0.0066,0.0000,0.0000,0.0000,0.0065,0.0000,200,7.9703
0.0064,0.0000,0.0000,0.0000,0.0063,0.0001,200,7.9768
0.0065,0.0000,0.0000,0.0000,0.0064,0.0001,200,7.9767
0.0065,0.0000,0.0000,0.0000,0.0064,0.0001,200,7.9767
0.0064,0.0000,0.0000,0.0000,0.0064,0.0000,200,7.9768
0.0064,0.0000,0.0000,0.0000,0.0063,0.0001,200,7.9833
0.0066,0.0000,0.0000,0.0000,0.0065,0.0000,200,7.9833
0.0075,0.0000,0.0000,0.0000,0.0074,0.0001,200,7.9832
0.0075,0.0000,0.0000,0.0000,0.0074,0.0000,200,7.9832
0.0072,0.0000,0.0000,0.0000,0.0071,0.0001,200,7.9896
0.0072,0.0000,0.0000,0.0000,0.0071,0.0000,200,7.9899
0.0064,0.0000,0.0000,0.0000,0.0063,0.0000,200,7.9908
0.0066,0.0000,0.0000,0.0000,0.0065,0.0000,200,7.9908
0.0065,0.0000,0.0000,0.0000,0.0064,0.0001,200,7.9969
0.0066,0.0000,0.0000,0.0000,0.0066,0.0000,200,7.9971
0.0063,0.0000,0.0000,0.0000,0.0063,0.0000,200,7.9974
0.0066,0.0000,0.0000,0.0000,0.0066,0.0000,200,7.9972
0.0067,0.0000,0.0000,0.0000,0.0067,0.0000,200,8.0037
0.0067,0.0000,0.0000,0.0000,0.0066,0.0002,200,8.0037
0.0067,0.0000,0.0000,0.0000,0.0066,0.0001,200,8.0038
0.0082,0.0000,0.0000,0.0000,0.0075,0.0006,200,8.0034
0.0066,0.0000,0.0000,0.0000,0.0065,0.0001,200,8.0105
0.0067,0.0000,0.0000,0.0000,0.0066,0.0000,200,8.0105
0.0071,0.0000,0.0000,0.0000,0.0070,0.0000,200,8.0105
0.0064,0.0000,0.0000,0.0000,0.0063,0.0000,200,8.0116
0.0069,0.0000,0.0000,0.0000,0.0068,0.0001,200,8.0171
0.0069,0.0000,0.0000,0.0000,0.0068,0.0001,200,8.0171
0.0064,0.0000,0.0000,0.0000,0.0063,0.0001,200,8.0176
0.0062,0.0000,0.0000,0.0000,0.0062,0.0000,200,8.0180
0.0065,0.0000,0.0000,0.0000,0.0064,0.0001,200,8.0240
0.0066,0.0000,0.0000,0.0000,0.0065,0.0000,200,8.0243
0.0069,0.0000,0.0000,0.0000,0.0068,0.0000,200,8.0240
0.0071,0.0000,0.0000,0.0000,0.0070,0.0000,200,8.0240
0.0066,0.0000,0.0000,0.0000,0.0065,0.0000,200,8.0308
0.0069,0.0000,0.0000,0.0000,0.0066,0.0002,200,8.0306
0.0065,0.0000,0.0000,0.0000,0.0065,0.0000,200,8.0309
0.0064,0.0000,0.0000,0.0000,0.0063,0.0000,200,8.0311
0.0064,0.0000,0.0000,0.0000,0.0063,0.0001,200,8.0375
0.0065,0.0000,0.0000,0.0000,0.0064,0.0000,200,8.0374
0.0064,0.0000,0.0000,0.0000,0.0063,0.0000,200,8.0375
0.0064,0.0000,0.0000,0.0000,0.0063,0.0000,200,8.0375
0.0063,0.0000,0.0000,0.0000,0.0062,0.0001,200,8.0439
0.0065,0.0000,0.0000,0.0000,0.0064,0.0000,200,8.0439
0.0065,0.0000,0.0000,0.0000,0.0063,0.0001,200,8.0439
0.0066,0.0000,0.0000,0.0000,0.0065,0.0000,200,8.0439
0.0066,0.0000,0.0000,0.0000,0.0065,0.0001,200,8.0503
0.0066,0.0000,0.0000,0.0000,0.0065,0.0001,200,8.0504
0.0065,0.0000,0.0000,0.0000,0.0064,0.0001,200,8.0504
0.0068,0.0000,0.0000,0.0000,0.0066,0.0001,200,8.0502
0.0065,0.0000,0.0000,0.0000,0.0064,0.0001,200,8.0569
0.0065,0.0000,0.0000,0.0000,0.0064,0.0001,200,8.0569
0.0064,0.0000,0.0000,0.0000,0.0064,0.0000,200,8.0570
0.0067,0.0000,0.0000,0.0000,0.0066,0.0000,200,8.0569
0.0067,0.0000,0.0000,0.0000,0.0065,0.0001,200,8.0634
0.0070,0.0000,0.0000,0.0000,0.0069,0.0000,200,8.0634
0.0068,0.0000,0.0000,0.0000,0.0067,0.0000,200,8.0636
0.0070,0.0000,0.0000,0.0000,0.0069,0.0001,200,8.0634
0.0063,0.0000,0.0000,0.0000,0.0063,0.0001,200,8.0704
0.0067,0.0000,0.0000,0.0000,0.0066,0.0001,200,8.0700
0.0063,0.0000,0.0000,0.0000,0.0063,0.0000,200,8.0704
0.0065,0.0000,0.0000,0.0000,0.0064,0.0000,200,8.0704
0.0064,0.0000,0.0000,0.0000,0.0063,0.0001,200,8.0767
0.0065,0.0000,0.0000,0.0000,0.0064,0.0000,200,8.0767
0.0065,0.0000,0.0000,0.0000,0.0064,0.0000,200,8.0767
0.0064,0.0000,0.0000,0.0000,0.0063,0.0000,200,8.0769
0.0066,0.0000,0.0000,0.0000,0.0065,0.0000,200,8.0832
0.0065,0.0000,0.0000,0.0000,0.0064,0.0000,200,8.0832
0.0066,0.0000,0.0000,0.0000,0.0065,0.0000,200,8.0832
0.0065,0.0000,0.0000,0.0000,0.0065,0.0000,200,8.0832
0.0065,0.0000,0.0000,0.0000,0.0064,0.0000,200,8.0898
0.0065,0.0000,0.0000,0.0000,0.0064,0.0001,200,8.0898
0.0065,0.0000,0.0000,0.0000,0.0064,0.0001,200,8.0898
0.0069,0.0000,0.0000,0.0000,0.0068,0.0000,200,8.0898
0.0068,0.0000,0.0000,0.0000,0.0067,0.0001,200,8.0962
0.0069,0.0000,0.0000,0.0000,0.0068,0.0000,200,8.0962
0.0073,0.0000,0.0000,0.0000,0.0072,0.0000,200,8.0962
0.0071,0.0000,0.0000,0.0000,0.0070,0.0000,200,8.0966
0.0065,0.0000,0.0000,0.0000,0.0064,0.0001,200,8.1030
0.0068,0.0000,0.0000,0.0000,0.0066,0.0002,200,8.1031
0.0063,0.0000,0.0000,0.0000,0.0063,0.0000,200,8.1037
0.0065,0.0000,0.0000,0.0000,0.0065,0.0000,200,8.1036
0.0066,0.0000,0.0000,0.0000,0.0065,0.0001,200,8.1095
0.0064,0.0000,0.0000,0.0000,0.0063,0.0001,200,8.1100
0.0063,0.0000,0.0000,0.0000,0.0062,0.0000,200,8.1101
0.0063,0.0000,0.0000,0.0000,0.0062,0.0000,200,8.1101
0.0064,0.0000,0.0000,0.0000,0.0063,0.0001,200,8.1163
0.0064,0.0000,0.0000,0.0000,0.0063,0.0001,200,8.1163
0.0065,0.0000,0.0000,0.0000,0.0065,0.0000,200,8.1162
0.0064,0.0000,0.0000,0.0000,0.0063,0.0000,200,8.1164
0.0065,0.0000,0.0000,0.0000,0.0064,0.0001,200,8.1227
0.0065,0.0000,0.0000,0.0000,0.0064,0.0000,200,8.1227
0.0065,0.0000,0.0000,0.0000,0.0065,0.0000,200,8.1227
0.0067,0.0000,0.0000,0.0000,0.0066,0.0000,200,8.1227
0.0064,0.0000,0.0000,0.0000,0.0064,0.0001,200,8.1294
0.0066,0.0000,0.0000,0.0000,0.0065,0.0001,200,8.1292
0.0066,0.0000,0.0000,0.0000,0.0065,0.0001,200,8.1292
0.0067,0.0000,0.0000,0.0000,0.0065,0.0001,200,8.1292
0.0064,0.0000,0.0000,0.0000,0.0063,0.0001,200,8.1359
0.0064,0.0000,0.0000,0.0000,0.0064,0.0000,200,8.1358
0.0064,0.0000,0.0000,0.0000,0.0063,0.0000,200,8.1359
0.0064,0.0000,0.0000,0.0000,0.0064,0.0000,200,8.1358
0.0065,0.0000,0.0000,0.0000,0.0064,0.0001,200,8.1423
0.0065,0.0000,0.0000,0.0000,0.0064,0.0000,200,8.1423
0.0066,0.0000,0.0000,0.0000,0.0065,0.0000,200,8.1423
0.0068,0.0000,0.0000,0.0000,0.0068,0.0000,200,8.1423
0.0064,0.0000,0.0000,0.0000,0.0063,0.0001,200,8.1489
0.0063,0.0000,0.0000,0.0000,0.0062,0.0000,200,8.1491
0.0068,0.0000,0.0000,0.0000,0.0067,0.0000,200,8.1488
0.0068,0.0000,0.0000,0.0000,0.0068,0.0000,200,8.1488
0.0065,0.0000,0.0000,0.0000,0.0064,0.0000,200,8.1553
0.0063,0.0000,0.0000,0.0000,0.0062,0.0000,200,8.1556
0.0062,0.0000,0.0000,0.0000,0.0061,0.0000,200,8.1556
0.0065,0.0000,0.0000,0.0000,0.0064,0.0000,200,8.1554
0.0065,0.0000,0.0000,0.0000,0.0064,0.0000,200,8.1618
0.0065,0.0000,0.0000,0.0000,0.0064,0.0001,200,8.1618
0.0066,0.0000,0.0000,0.0000,0.0065,0.0000,200,8.1618
0.0066,0.0000,0.0000,0.0000,0.0066,0.0000,200,8.1619
0.0065,0.0000,0.0000,0.0000,0.0064,0.0001,200,8.1683
0.0064,0.0000,0.0000,0.0000,0.0064,0.0000,200,8.1684
0.0063,0.0000,0.0000,0.0000,0.0063,0.0000,200,8.1685
0.0065,0.0000,0.0000,0.0000,0.0064,0.0000,200,8.1683
0.0065,0.0000,0.0000,0.0000,0.0064,0.0001,200,8.1748
0.0065,0.0000,0.0000,0.0000,0.0064,0.0000,200,8.1748
0.0066,0.0000,0.0000,0.0000,0.0065,0.0000,200,8.1748
0.0069,0.0000,0.0000,0.0000,0.0068,0.0000,200,8.1748
0.0069,0.0000,0.0000,0.0000,0.0068,0.0001,200,8.1818
0.0074,0.0000,0.0000,0.0000,0.0073,0.0001,200,8.1814
0.0074,0.0000,0.0000,0.0000,0.0073,0.0000,200,8.1814
0.0074,0.0000,0.0000,0.0000,0.0073,0.0001,200,8.1813
0.0068,0.0000,0.0000,0.0000,0.0066,0.0001,200,8.1886
0.0070,0.0000,0.0000,0.0000,0.0069,0.0000,200,8.1888
0.0071,0.0000,0.0000,0.0000,0.0070,0.0000,200,8.1888
0.0071,0.0000,0.0000,0.0000,0.0071,0.0000,200,8.1888
0.0070,0.0000,0.0000,0.0000,0.0068,0.0001,200,8.1954
0.0068,0.0000,0.0000,0.0000,0.0068,0.0001,200,8.1958
0.0069,0.0000,0.0000,0.0000,0.0069,0.0001,200,8.1957
0.0068,0.0000,0.0000,0.0000,0.0067,0.0001,200,8.1959
0.0099,0.0000,0.0000,0.0000,0.0098,0.0001,200,8.2027
0.0102,0.0000,0.0000,0.0000,0.0100,0.0001,200,8.2023
0.0099,0.0000,0.0000,0.0000,0.0098,0.0000,200,8.2027
0.0099,0.0000,0.0000,0.0000,0.0097,0.0001,200,8.2027
0.0068,0.0000,0.0000,0.0000,0.0067,0.0001,200,8.2125
0.0070,0.0000,0.0000,0.0000,0.0070,0.0000,200,8.2125
0.0076,0.0000,0.0000,0.0000,0.0072,0.0003,200,8.2125
0.0081,0.0000,0.0000,0.0000,0.0080,0.0001,200,8.2125
0.0070,0.0000,0.0000,0.0000,0.0068,0.0001,200,8.2193
0.0067,0.0000,0.0000,0.0000,0.0066,0.0001,200,8.2196
0.0069,0.0000,0.0000,0.0000,0.0068,0.0000,200,8.2201
0.0067,0.0000,0.0000,0.0000,0.0066,0.0000,200,8.2207
0.0071,0.0000,0.0000,0.0000,0.0070,0.0001,200,8.2263
0.0071,0.0000,0.0000,0.0000,0.0070,0.0000,200,8.2263
0.0064,0.0000,0.0000,0.0000,0.0064,0.0000,200,8.2270
0.0065,0.0000,0.0000,0.0000,0.0064,0.0000,200,8.2274
0.0068,0.0000,0.0000,0.0000,0.0067,0.0001,200,8.2335
0.0068,0.0000,0.0000,0.0000,0.0067,0.0001,200,8.2334
0.0068,0.0000,0.0000,0.0000,0.0067,0.0001,200,8.2334
0.0065,0.0000,0.0000,0.0000,0.0064,0.0000,200,8.2338
0.0066,0.0000,0.0000,0.0000,0.0065,0.0000,200,8.2403
0.0067,0.0000,0.0000,0.0000,0.0066,0.0001,200,8.2402
0.0067,0.0000,0.0000,0.0000,0.0066,0.0000,200,8.2402
0.0068,0.0000,0.0000,0.0000,0.0067,0.0000,200,8.2402
0.0064,0.0000,0.0000,0.0000,0.0063,0.0001,200,8.2470
0.0065,0.0000,0.0000,0.0000,0.0064,0.0000,200,8.2469
0.0065,0.0000,0.0000,0.0000,0.0064,0.0000,200,8.2469
0.0067,0.0000,0.0000,0.0000,0.0066,0.0000,200,8.2469
0.0062,0.0000,0.0000,0.0000,0.0061,0.0001,200,8.2536
0.0065,0.0000,0.0000,0.0000,0.0064,0.0000,200,8.2534
0.0065,0.0000,0.0000,0.0000,0.0064,0.0000,200,8.2534
0.0065,0.0000,0.0000,0.0000,0.0064,0.0001,200,8.2534
0.0065,0.0000,0.0000,0.0000,0.0064,0.0001,200,8.2598
0.0065,0.0000,0.0000,0.0000,0.0064,0.0001,200,8.2598
0.0064,0.0000,0.0000,0.0000,0.0063,0.0001,200,8.2599
0.0065,0.0000,0.0000,0.0000,0.0065,0.0000,200,8.2598
0.0065,0.0000,0.0000,0.0000,0.0064,0.0001,200,8.2663
0.0066,0.0000,0.0000,0.0000,0.0065,0.0000,200,8.2664
0.0067,0.0000,0.0000,0.0000,0.0067,0.0000,200,8.2663
0.0068,0.0000,0.0000,0.0000,0.0067,0.0000,200,8.2663
0.0066,0.0000,0.0000,0.0000,0.0065,0.0001,200,8.2729
0.0068,0.0000,0.0000,0.0000,0.0067,0.0000,200,8.2728
0.0065,0.0000,0.0000,0.0000,0.0065,0.0000,200,8.2731
0.0066,0.0000,0.0000,0.0000,0.0065,0.0000,200,8.2731
0.0066,0.0000,0.0000,0.0000,0.0065,0.0001,200,8.2795
0.0067,0.0000,0.0000,0.0000,0.0066,0.0000,200,8.2796
0.0067,0.0000,0.0000,0.0000,0.0066,0.0000,200,8.2796
0.0067,0.0000,0.0000,0.0000,0.0066,0.0000,200,8.2797
0.0063,0.0000,0.0000,0.0000,0.0063,0.0001,200,8.2863
0.0065,0.0000,0.0000,0.0000,0.0064,0.0001,200,8.2861
0.0063,0.0000,0.0000,0.0000,0.0062,0.0000,200,8.2863
0.0063,0.0000,0.0000,0.0000,0.0062,0.0000,200,8.2864
0.0064,0.0000,0.0000,0.0000,0.0063,0.0001,200,8.2926
0.0067,0.0000,0.0000,0.0000,0.0067,0.0000,200,8.2926
0.0067,0.0000,0.0000,0.0000,0.0067,0.0000,200,8.2926
0.0067,0.0000,0.0000,0.0000,0.0067,0.0000,200,8.2926
0.0063,0.0000,0.0000,0.0000,0.0062,0.0001,200,8.2994
0.0067,0.0000,0.0000,0.0000,0.0065,0.0001,200,8.2990
0.0063,0.0000,0.0000,0.0000,0.0062,0.0001,200,8.2994
0.0063,0.0000,0.0000,0.0000,0.0063,0.0000,200,8.2994
0.0068,0.0000,0.0000,0.0000,0.0067,0.0001,200,8.3057
0.0068,0.0000,0.0000,0.0000,0.0067,0.0000,200,8.3057
0.0069,0.0000,0.0000,0.0000,0.0068,0.0000,200,8.3057
0.0084,0.0000,0.0000,0.0000,0.0083,0.0000,200,8.3057
0.0066,0.0000,0.0000,0.0000,0.0065,0.0001,200,8.3125
0.0065,0.0000,0.0000,0.0000,0.0065,0.0000,200,8.3126
0.0067,0.0000,0.0000,0.0000,0.0066,0.0000,200,8.3125
0.0061,0.0000,0.0000,0.0000,0.0061,0.0000,200,8.3141
0.0066,0.0000,0.0000,0.0000,0.0065,0.0001,200,8.3191
0.0069,0.0000,0.0000,0.0000,0.0068,0.0000,200,8.3191
0.0068,0.0000,0.0000,0.0000,0.0068,0.0000,200,8.3191
0.0063,0.0000,0.0000,0.0000,0.0062,0.0000,200,8.3202
0.0065,0.0000,0.0000,0.0000,0.0064,0.0001,200,8.3257
0.0064,0.0000,0.0000,0.0000,0.0063,0.0000,200,8.3260
0.0064,0.0000,0.0000,0.0000,0.0063,0.0000,200,8.3260
0.0065,0.0000,0.0000,0.0000,0.0065,0.0000,200,8.3265
0.0064,0.0000,0.0000,0.0000,0.0063,0.0001,200,8.3323
0.0066,0.0000,0.0000,0.0000,0.0064,0.0002,200,8.3324
0.0068,0.0000,0.0000,0.0000,0.0067,0.0000,200,8.3322
0.0061,0.0000,0.0000,0.0000,0.0060,0.0000,200,8.3330
0.0065,0.0000,0.0000,0.0000,0.0064,0.0001,200,8.3387
0.0063,0.0000,0.0000,0.0000,0.0062,0.0000,200,8.3391
0.0065,0.0000,0.0000,0.0000,0.0063,0.0000,200,8.3390
0.0065,0.0000,0.0000,0.0000,0.0064,0.0000,200,8.3390
0.0066,0.0000,0.0000,0.0000,0.0065,0.0001,200,8.3452
0.0064,0.0000,0.0000,0.0000,0.0064,0.0000,200,8.3454
0.0065,0.0000,0.0000,0.0000,0.0064,0.0000,200,8.3454
0.0065,0.0000,0.0000,0.0000,0.0065,0.0000,200,8.3454
0.0066,0.0000,0.0000,0.0000,0.0065,0.0001,200,8.3519
0.0066,0.0000,0.0000,0.0000,0.0065,0.0001,200,8.3519
0.0066,0.0000,0.0000,0.0000,0.0065,0.0000,200,8.3520
0.0073,0.0000,0.0000,0.0000,0.0072,0.0000,200,8.3519
0.0067,0.0000,0.0000,0.0000,0.0066,0.0001,200,8.3585
0.0068,0.0000,0.0000,0.0000,0.0066,0.0000,200,8.3585
0.0068,0.0000,0.0000,0.0000,0.0067,0.0000,200,8.3585
0.0069,0.0000,0.0000,0.0000,0.0069,0.0000,200,8.3592
0.0070,0.0000,0.0000,0.0000,0.0068,0.0002,200,8.3652
0.0070,0.0000,0.0000,0.0000,0.0070,0.0000,200,8.3653
0.0066,0.0000,0.0000,0.0000,0.0066,0.0000,200,8.3662
0.0076,0.0000,0.0000,0.0000,0.0075,0.0000,200,8.3653
0.0067,0.0000,0.0000,0.0000,0.0066,0.0001,200,8.3723
0.0066,0.0000,0.0000,0.0000,0.0065,0.0000,200,8.3728
0.0071,0.0000,0.0000,0.0000,0.0070,0.0001,200,8.3723
0.0068,0.0000,0.0000,0.0000,0.0067,0.0001,200,8.3729
0.0068,0.0000,0.0000,0.0000,0.0067,0.0001,200,8.3790
0.0087,0.0000,0.0000,0.0000,0.0083,0.0003,200,8.3794
0.0096,0.0000,0.0000,0.0000,0.0094,0.0002,200,8.3794
0.0100,0.0000,0.0000,0.0000,0.0090,0.0010,200,8.3797
0.0071,0.0000,0.0000,0.0000,0.0069,0.0001,200,8.3858
0.0077,0.0000,0.0000,0.0001,0.0075,0.0001,200,8.3880
0.0069,0.0000,0.0000,0.0000,0.0067,0.0000,200,8.3890
0.0095,0.0000,0.0000,0.0000,0.0091,0.0001,200,8.3897
0.0067,0.0000,0.0000,0.0000,0.0066,0.0000,200,8.3928
0.0074,0.0000,0.0000,0.0000,0.0071,0.0003,200,8.3959
0.0078,0.0000,0.0000,0.0000,0.0077,0.0001,200,8.3957
0.0066,0.0000,0.0000,0.0000,0.0065,0.0001,200,8.3992
0.0083,0.0000,0.0000,0.0000,0.0082,0.0001,200,8.3995
0.0072,0.0000,0.0000,0.0001,0.0070,0.0001,200,8.4033
0.0072,0.0000,0.0000,0.0001,0.0071,0.0000,200,8.4036
0.0070,0.0000,0.0000,0.0000,0.0069,0.0001,200,8.4058
0.0069,0.0000,0.0000,0.0000,0.0068,0.0001,200,8.4079
0.0067,0.0000,0.0000,0.0000,0.0066,0.0001,200,8.4108
0.0076,0.0000,0.0000,0.0000,0.0075,0.0001,200,8.4104
0.0073,0.0000,0.0000,0.0000,0.0072,0.0001,200,8.4147
0.0096,0.0000,0.0000,0.0000,0.0094,0.0001,200,8.4175
0.0103,0.0000,0.0000,0.0000,0.0102,0.0001,200,8.4181
0.0069,0.0000,0.0000,0.0000,0.0069,0.0000,200,8.4220
0.0181,0.0000,0.0000,0.0000,0.0180,0.0001,200,8.4128
0.0078,0.0000,0.0000,0.0000,0.0077,0.0001,200,8.4271
0.0071,0.0000,0.0000,0.0000,0.0070,0.0000,200,8.4284
0.0071,0.0000,0.0000,0.0000,0.0070,0.0000,200,8.4290
0.0065,0.0000,0.0000,0.0000,0.0064,0.0000,200,8.4309
0.0065,0.0000,0.0000,0.0000,0.0065,0.0000,200,8.4349
0.0065,0.0000,0.0000,0.0000,0.0064,0.0000,200,8.4355
0.0063,0.0000,0.0000,0.0000,0.0062,0.0000,200,8.4361
0.0076,0.0000,0.0000,0.0000,0.0075,0.0000,200,8.4374
0.0064,0.0000,0.0000,0.0000,0.0063,0.0001,200,8.4414
0.0063,0.0000,0.0000,0.0000,0.0063,0.0000,200,8.4420
0.0065,0.0000,0.0000,0.0000,0.0064,0.0000,200,8.4424
0.0063,0.0000,0.0000,0.0000,0.0062,0.0000,200,8.4450
0.0064,0.0000,0.0000,0.0000,0.0064,0.0000,200,8.4478
0.0065,0.0000,0.0000,0.0000,0.0064,0.0000,200,8.4483
0.0062,0.0000,0.0000,0.0000,0.0061,0.0000,200,8.4489
0.0063,0.0000,0.0000,0.0000,0.0062,0.0000,200,8.4513
0.0063,0.0000,0.0000,0.0000,0.0062,0.0000,200,8.4543
0.0062,0.0000,0.0000,0.0000,0.0062,0.0000,200,8.4548
0.0062,0.0000,0.0000,0.0000,0.0062,0.0000,200,8.4551
0.0069,0.0000,0.0000,0.0000,0.0068,0.0001,200,8.4576
0.0065,0.0000,0.0000,0.0000,0.0064,0.0001,200,8.4606
0.0063,0.0000,0.0000,0.0000,0.0062,0.0000,200,8.4611
0.0062,0.0000,0.0000,0.0000,0.0061,0.0000,200,8.4613
0.0065,0.0000,0.0000,0.0000,0.0064,0.0001,200,8.4644
0.0064,0.0000,0.0000,0.0000,0.0063,0.0000,200,8.4671
0.0064,0.0000,0.0000,0.0000,0.0063,0.0000,200,8.4673
0.0062,0.0000,0.0000,0.0000,0.0062,0.0000,200,8.4675
0.0066,0.0000,0.0000,0.0000,0.0065,0.0001,200,8.4709
0.0064,0.0000,0.0000,0.0000,0.0063,0.0001,200,8.4735
0.0064,0.0000,0.0000,0.0000,0.0063,0.0000,200,8.4737
0.0064,0.0000,0.0000,0.0000,0.0064,0.0000,200,8.4737
0.0066,0.0000,0.0000,0.0000,0.0065,0.0001,200,8.4776
0.0064,0.0000,0.0000,0.0000,0.0063,0.0001,200,8.4799
0.0062,0.0000,0.0000,0.0000,0.0062,0.0000,200,8.4802
0.0064,0.0000,0.0000,0.0000,0.0063,0.0000,200,8.4801
0.0067,0.0000,0.0000,0.0000,0.0066,0.0001,200,8.4842
0.0063,0.0000,0.0000,0.0000,0.0063,0.0000,200,8.4865
0.0065,0.0000,0.0000,0.0000,0.0063,0.0001,200,8.4864
0.0067,0.0000,0.0000,0.0000,0.0066,0.0000,200,8.4864
0.0067,0.0000,0.0000,0.0000,0.0066,0.0001,200,8.4909
0.0064,0.0000,0.0000,0.0000,0.0063,0.0001,200,8.4928
0.0066,0.0000,0.0000,0.0000,0.0065,0.0000,200,8.4928
0.0064,0.0000,0.0000,0.0000,0.0064,0.0000,200,8.4930
0.0067,0.0000,0.0000,0.0000,0.0066,0.0001,200,8.4976
0.0065,0.0000,0.0000,0.0000,0.0064,0.0000,200,8.4993
0.0064,0.0000,0.0000,0.0000,0.0062,0.0002,200,8.4994
0.0065,0.0000,0.0000,0.0000,0.0063,0.0001,200,8.4995
0.0064,0.0000,0.0000,0.0000,0.0063,0.0000,200,8.5044
0.0065,0.0000,0.0000,0.0000,0.0063,0.0000,200,8.5057
0.0064,0.0000,0.0000,0.0000,0.0063,0.0000,200,8.5059
0.0064,0.0000,0.0000,0.0000,0.0063,0.0000,200,8.5059
0.0067,0.0000,0.0000,0.0000,0.0066,0.0001,200,8.5108
0.0063,0.0000,0.0000,0.0000,0.0062,0.0001,200,8.5122
0.0066,0.0000,0.0000,0.0000,0.0065,0.0000,200,8.5122
0.0065,0.0000,0.0000,0.0000,0.0064,0.0001,200,8.5123
0.0065,0.0000,0.0000,0.0000,0.0064,0.0001,200,8.5175
0.0062,0.0000,0.0000,0.0000,0.0061,0.0000,200,8.5188
0.0066,0.0000,0.0000,0.0000,0.0066,0.0000,200,8.5185
0.0065,0.0000,0.0000,0.0000,0.0064,0.0000,200,8.5188
0.0072,0.0000,0.0000,0.0000,0.0068,0.0004,200,8.5240
0.0062,0.0000,0.0000,0.0000,0.0061,0.0000,200,8.5250
0.0061,0.0000,0.0000,0.0000,0.0061,0.0000,200,8.5252
0.0062,0.0000,0.0000,0.0000,0.0062,0.0000,200,8.5252
0.0064,0.0000,0.0000,0.0000,0.0063,0.0001,200,8.5313
0.0065,0.0000,0.0000,0.0000,0.0064,0.0001,200,8.5313
0.0063,0.0000,0.0000,0.0000,0.0063,0.0000,200,8.5315
0.0066,0.0000,0.0000,0.0000,0.0065,0.0000,200,8.5313
0.0071,0.0000,0.0000,0.0000,0.0069,0.0001,200,8.5377
0.0076,0.0000,0.0000,0.0000,0.0075,0.0000,200,8.5379
0.0076,0.0000,0.0000,0.0000,0.0076,0.0000,200,8.5378
0.0077,0.0000,0.0000,0.0000,0.0076,0.0000,200,8.5378
0.0066,0.0000,0.0000,0.0000,0.0065,0.0001,200,8.5448
0.0065,0.0000,0.0000,0.0000,0.0064,0.0001,200,8.5454
0.0066,0.0000,0.0000,0.0000,0.0065,0.0001,200,8.5454
0.0067,0.0000,0.0000,0.0000,0.0066,0.0000,200,8.5455
0.0065,0.0000,0.0000,0.0000,0.0064,0.0001,200,8.5514
0.0063,0.0000,0.0000,0.0000,0.0063,0.0000,200,8.5519
0.0064,0.0000,0.0000,0.0000,0.0063,0.0000,200,8.5520
0.0063,0.0000,0.0000,0.0000,0.0063,0.0000,200,8.5522
0.0066,0.0000,0.0000,0.0000,0.0065,0.0001,200,8.5580
0.0064,0.0000,0.0000,0.0000,0.0064,0.0000,200,8.5583
0.0062,0.0000,0.0000,0.0000,0.0062,0.0000,200,8.5585
0.0063,0.0000,0.0000,0.0000,0.0063,0.0000,200,8.5584
0.0064,0.0000,0.0000,0.0000,0.0063,0.0001,200,8.5647
0.0065,0.0000,0.0000,0.0000,0.0064,0.0000,200,8.5647
0.0064,0.0000,0.0000,0.0000,0.0064,0.0000,200,8.5648
0.0066,0.0000,0.0000,0.0000,0.0065,0.0000,200,8.5646
0.0065,0.0000,0.0000,0.0000,0.0064,0.0001,200,8.5711
0.0065,0.0000,0.0000,0.0000,0.0064,0.0000,200,8.5712
0.0065,0.0000,0.0000,0.0000,0.0064,0.0000,200,8.5712
0.0065,0.0000,0.0000,0.0000,0.0065,0.0000,200,8.5712
0.0066,0.0000,0.0000,0.0000,0.0065,0.0001,200,8.5777
0.0066,0.0000,0.0000,0.0000,0.0065,0.0001,200,8.5777
0.0067,0.0000,0.0000,0.0000,0.0066,0.0000,200,8.5777
0.0067,0.0000,0.0000,0.0000,0.0066,0.0000,200,8.5777
0.0064,0.0000,0.0000,0.0000,0.0063,0.0001,200,8.5844
0.0066,0.0000,0.0000,0.0000,0.0065,0.0000,200,8.5843
0.0065,0.0000,0.0000,0.0000,0.0064,0.0000,200,8.5844
0.0066,0.0000,0.0000,0.0000,0.0065,0.0000,200,8.5843
0.0065,0.0000,0.0000,0.0000,0.0065,0.0000,200,8.5909
0.0066,0.0000,0.0000,0.0000,0.0065,0.0000,200,8.5908
0.0065,0.0000,0.0000,0.0000,0.0065,0.0001,200,8.5909
0.0065,0.0000,0.0000,0.0000,0.0064,0.0001,200,8.5909
0.0066,0.0000,0.0000,0.0000,0.0065,0.0001,200,8.5974
0.0066,0.0000,0.0000,0.0000,0.0065,0.0001,200,8.5974
0.0066,0.0000,0.0000,0.0000,0.0065,0.0001,200,8.5974
0.0067,0.0000,0.0000,0.0000,0.0066,0.0000,200,8.5974
0.0065,0.0000,0.0000,0.0000,0.0064,0.0001,200,8.6041
0.0065,0.0000,0.0000,0.0000,0.0064,0.0000,200,8.6041
0.0065,0.0000,0.0000,0.0000,0.0064,0.0000,200,8.6041
0.0079,0.0000,0.0000,0.0000,0.0079,0.0000,200,8.6041
0.0066,0.0000,0.0000,0.0000,0.0064,0.0001,200,8.6106
0.0066,0.0000,0.0000,0.0000,0.0065,0.0000,200,8.6106
0.0066,0.0000,0.0000,0.0000,0.0065,0.0000,200,8.6106
0.0062,0.0000,0.0000,0.0000,0.0061,0.0000,200,8.6120
0.0064,0.0000,0.0000,0.0000,0.0063,0.0001,200,8.6171
0.0064,0.0000,0.0000,0.0000,0.0064,0.0000,200,8.6172
0.0065,0.0000,0.0000,0.0000,0.0065,0.0000,200,8.6172
0.0063,0.0000,0.0000,0.0000,0.0062,0.0000,200,8.6182
0.0065,0.0000,0.0000,0.0000,0.0064,0.0001,200,8.6236
0.0065,0.0000,0.0000,0.0000,0.0064,0.0000,200,8.6236
0.0064,0.0000,0.0000,0.0000,0.0063,0.0000,200,8.6237
0.0062,0.0000,0.0000,0.0000,0.0061,0.0000,200,8.6245
0.0065,0.0000,0.0000,0.0000,0.0064,0.0000,200,8.6301
0.0065,0.0000,0.0000,0.0000,0.0064,0.0000,200,8.6301
0.0067,0.0000,0.0000,0.0000,0.0066,0.0000,200,8.6301
0.0063,0.0000,0.0000,0.0000,0.0062,0.0000,200,8.6307
0.0063,0.0000,0.0000,0.0000,0.0062,0.0000,200,8.6368
0.0065,0.0000,0.0000,0.0000,0.0063,0.0001,200,8.6366
0.0067,0.0000,0.0000,0.0000,0.0066,0.0000,200,8.6366
0.0063,0.0000,0.0000,0.0000,0.0062,0.0000,200,8.6370
0.0064,0.0000,0.0000,0.0000,0.0063,0.0001,200,8.6433
0.0064,0.0000,0.0000,0.0000,0.0064,0.0001,200,8.6432
0.0066,0.0000,0.0000,0.0000,0.0065,0.0001,200,8.6431
0.0067,0.0000,0.0000,0.0000,0.0063,0.0001,200,8.6430
0.0064,0.0000,0.0000,0.0000,0.0063,0.0001,200,8.6497
0.0064,0.0000,0.0000,0.0000,0.0063,0.0000,200,8.6497
0.0064,0.0000,0.0000,0.0000,0.0063,0.0000,200,8.6497
0.0064,0.0000,0.0000,0.0000,0.0064,0.0000,200,8.6497
0.0074,0.0000,0.0000,0.0000,0.0073,0.0000,200,8.6561
0.0074,0.0000,0.0000,0.0000,0.0073,0.0001,200,8.6561
0.0074,0.0000,0.0000,0.0000,0.0073,0.0001,200,8.6561
0.0074,0.0000,0.0000,0.0000,0.0073,0.0000,200,8.6561
0.0066,0.0000,0.0000,0.0000,0.0065,0.0000,200,8.6635
0.0066,0.0000,0.0000,0.0000,0.0065,0.0001,200,8.6635
0.0066,0.0000,0.0000,0.0000,0.0065,0.0001,200,8.6635
0.0066,0.0000,0.0000,0.0000,0.0065,0.0000,200,8.6635
0.0066,0.0000,0.0000,0.0000,0.0064,0.0001,200,8.6701
0.0066,0.0000,0.0000,0.0000,0.0065,0.0000,200,8.6701
0.0066,0.0000,0.0000,0.0000,0.0065,0.0000,200,8.6701
0.0068,0.0000,0.0000,0.0000,0.0067,0.0000,200,8.6701
0.0062,0.0000,0.0000,0.0000,0.0061,0.0000,200,8.6769
0.0064,0.0000,0.0000,0.0000,0.0063,0.0000,200,8.6767
0.0065,0.0000,0.0000,0.0000,0.0065,0.0000,200,8.6767
0.0065,0.0000,0.0000,0.0000,0.0065,0.0000,200,8.6767
0.0065,0.0000,0.0000,0.0000,0.0064,0.0000,200,8.6831
0.0064,0.0000,0.0000,0.0000,0.0063,0.0001,200,8.6832
0.0064,0.0000,0.0000,0.0000,0.0064,0.0000,200,8.6832
0.0066,0.0000,0.0000,0.0000,0.0064,0.0001,200,8.6831
0.0066,0.0000,0.0000,0.0000,0.0064,0.0001,200,8.6896
0.0065,0.0000,0.0000,0.0000,0.0064,0.0000,200,8.6897
0.0066,0.0000,0.0000,0.0000,0.0066,0.0000,200,8.6896
0.0067,0.0000,0.0000,0.0000,0.0066,0.0000,200,8.6896
0.0063,0.0000,0.0000,0.0000,0.0062,0.0001,200,8.6962
0.0063,0.0000,0.0000,0.0000,0.0063,0.0000,200,8.6963
0.0066,0.0000,0.0000,0.0000,0.0065,0.0000,200,8.6963
0.0067,0.0000,0.0000,0.0000,0.0067,0.0000,200,8.6961
0.0066,0.0000,0.0000,0.0000,0.0065,0.0000,200,8.7025
0.0063,0.0000,0.0000,0.0000,0.0062,0.0000,200,8.7028
0.0065,0.0000,0.0000,0.0000,0.0064,0.0001,200,8.7026
0.0063,0.0000,0.0000,0.0000,0.0062,0.0000,200,8.7029
0.0064,0.0000,0.0000,0.0000,0.0064,0.0001,200,8.7091
0.0065,0.0000,0.0000,0.0000,0.0064,0.0001,200,8.7091
0.0065,0.0000,0.0000,0.0000,0.0064,0.0001,200,8.7091
0.0066,0.0000,0.0000,0.0000,0.0065,0.0000,200,8.7091
0.0063,0.0000,0.0000,0.0000,0.0062,0.0001,200,8.7156
0.0064,0.0000,0.0000,0.0000,0.0063,0.0001,200,8.7156
0.0064,0.0000,0.0000,0.0000,0.0064,0.0000,200,8.7156
0.0066,0.0000,0.0000,0.0000,0.0066,0.0000,200,8.7156
0.0065,0.0000,0.0000,0.0000,0.0064,0.0001,200,8.7219
0.0064,0.0000,0.0000,0.0000,0.0063,0.0000,200,8.7220
0.0064,0.0000,0.0000,0.0000,0.0064,0.0000,200,8.7220
0.0065,0.0000,0.0000,0.0000,0.0064,0.0000,200,8.7223
0.0066,0.0000,0.0000,0.0000,0.0065,0.0001,200,8.7284
0.0066,0.0000,0.0000,0.0000,0.0065,0.0001,200,8.7284
0.0062,0.0000,0.0000,0.0000,0.0061,0.0000,200,8.7288
0.0066,0.0000,0.0000,0.0000,0.0065,0.0001,200,8.7284
0.0066,0.0000,0.0000,0.0000,0.0065,0.0001,200,8.7350
0.0066,0.0000,0.0000,0.0000,0.0065,0.0001,200,8.7350
0.0066,0.0000,0.0000,0.0000,0.0065,0.0000,200,8.7350
0.0066,0.0000,0.0000,0.0000,0.0065,0.0001,200,8.7350
0.0064,0.0000,0.0000,0.0000,0.0063,0.0001,200,8.7416
0.0065,0.0000,0.0000,0.0000,0.0064,0.0001,200,8.7416
0.0065,0.0000,0.0000,0.0000,0.0064,0.0001,200,8.7416
0.0068,0.0000,0.0000,0.0000,0.0067,0.0000,200,8.7416
0.0063,0.0000,0.0000,0.0000,0.0062,0.0000,200,8.7483
0.0066,0.0000,0.0000,0.0000,0.0065,0.0001,200,8.7481
0.0066,0.0000,0.0000,0.0000,0.0064,0.0001,200,8.7481
0.0066,0.0000,0.0000,0.0000,0.0066,0.0000,200,8.7481
0.0065,0.0000,0.0000,0.0000,0.0064,0.0001,200,8.7546
0.0065,0.0000,0.0000,0.0000,0.0064,0.0001,200,8.7547
0.0066,0.0000,0.0000,0.0000,0.0065,0.0001,200,8.7546
0.0065,0.0000,0.0000,0.0000,0.0064,0.0001,200,8.7546
0.0065,0.0000,0.0000,0.0000,0.0064,0.0001,200,8.7612
0.0066,0.0000,0.0000,0.0000,0.0064,0.0001,200,8.7612
0.0066,0.0000,0.0000,0.0000,0.0066,0.0000,200,8.7612
0.0066,0.0000,0.0000,0.0000,0.0066,0.0000,200,8.7612
0.0065,0.0000,0.0000,0.0000,0.0064,0.0001,200,8.7677
0.0064,0.0000,0.0000,0.0000,0.0063,0.0001,200,8.7678
0.0065,0.0000,0.0000,0.0000,0.0064,0.0001,200,8.7677
0.0066,0.0000,0.0000,0.0000,0.0065,0.0000,200,8.7678
0.0065,0.0000,0.0000,0.0000,0.0064,0.0001,200,8.7743
0.0066,0.0000,0.0000,0.0000,0.0065,0.0000,200,8.7742
0.0074,0.0000,0.0000,0.0000,0.0073,0.0000,200,8.7742
0.0073,0.0000,0.0000,0.0000,0.0073,0.0000,200,8.7744
0.0070,0.0000,0.0000,0.0000,0.0069,0.0001,200,8.7808
0.0070,0.0000,0.0000,0.0000,0.0069,0.0000,200,8.7808
0.0064,0.0000,0.0000,0.0000,0.0064,0.0000,200,8.7817
0.0066,0.0000,0.0000,0.0000,0.0066,0.0000,200,8.7816
0.0066,0.0000,0.0000,0.0000,0.0065,0.0001,200,8.7878
0.0062,0.0000,0.0000,0.0000,0.0062,0.0000,200,8.7882
0.0066,0.0000,0.0000,0.0000,0.0065,0.0000,200,8.7878
0.0064,0.0000,0.0000,0.0000,0.0064,0.0000,200,8.7882
0.0065,0.0000,0.0000,0.0000,0.0064,0.0001,200,8.7944
0.0066,0.0000,0.0000,0.0000,0.0065,0.0000,200,8.7944
0.0063,0.0000,0.0000,0.0000,0.0062,0.0000,200,8.7946
0.0065,0.0000,0.0000,0.0000,0.0065,0.0000,200,8.7944
0.0063,0.0000,0.0000,0.0000,0.0063,0.0000,200,8.8010
0.0064,0.0000,0.0000,0.0000,0.0063,0.0000,200,8.8009
0.0063,0.0000,0.0000,0.0000,0.0063,0.0000,200,8.8009
0.0064,0.0000,0.0000,0.0000,0.0064,0.0000,200,8.8010
0.0064,0.0000,0.0000,0.0000,0.0063,0.0001,200,8.8073
0.0063,0.0000,0.0000,0.0000,0.0063,0.0001,200,8.8074
0.0065,0.0000,0.0000,0.0000,0.0064,0.0000,200,8.8073
0.0065,0.0000,0.0000,0.0000,0.0064,0.0000,200,8.8073
0.0063,0.0000,0.0000,0.0000,0.0063,0.0000,200,8.8138
0.0063,0.0000,0.0000,0.0000,0.0062,0.0001,200,8.8138
0.0064,0.0000,0.0000,0.0000,0.0063,0.0001,200,8.8137
0.0065,0.0000,0.0000,0.0000,0.0064,0.0000,200,8.8137
0.0064,0.0000,0.0000,0.0000,0.0063,0.0001,200,8.8201
0.0064,0.0000,0.0000,0.0000,0.0064,0.0000,200,8.8202
0.0065,0.0000,0.0000,0.0000,0.0064,0.0000,200,8.8201
0.0065,0.0000,0.0000,0.0000,0.0064,0.0000,200,8.8201
0.0063,0.0000,0.0000,0.0000,0.0062,0.0001,200,8.8266
0.0063,0.0000,0.0000,0.0000,0.0063,0.0000,200,8.8266
0.0064,0.0000,0.0000,0.0000,0.0063,0.0000,200,8.8265
0.0064,0.0000,0.0000,0.0000,0.0063,0.0000,200,8.8266
0.0069,0.0000,0.0000,0.0000,0.0068,0.0000,200,8.8329
0.0070,0.0000,0.0000,0.0000,0.0069,0.0000,200,8.8329
0.0069,0.0000,0.0000,0.0000,0.0069,0.0001,200,8.8329
0.0069,0.0000,0.0000,0.0000,0.0068,0.0001,200,8.8329
0.0066,0.0000,0.0000,0.0000,0.0065,0.0001,200,8.8399
0.0066,0.0000,0.0000,0.0000,0.0065,0.0001,200,8.8399
0.0067,0.0000,0.0000,0.0000,0.0066,0.0000,200,8.8399
0.0067,0.0000,0.0000,0.0000,0.0066,0.0001,200,8.8399
0.0064,0.0000,0.0000,0.0000,0.0063,0.0001,200,8.8465
0.0065,0.0000,0.0000,0.0000,0.0065,0.0000,200,8.8465
0.0066,0.0000,0.0000,0.0000,0.0065,0.0000,200,8.8465
0.0068,0.0000,0.0000,0.0000,0.0067,0.0001,200,8.8465
0.0065,0.0000,0.0000,0.0000,0.0064,0.0001,200,8.8531
0.0067,0.0000,0.0000,0.0000,0.0066,0.0001,200,8.8529
0.0066,0.0000,0.0000,0.0000,0.0065,0.0000,200,8.8530
0.0064,0.0000,0.0000,0.0000,0.0063,0.0000,200,8.8533
0.0065,0.0000,0.0000,0.0000,0.0064,0.0001,200,8.8596
0.0065,0.0000,0.0000,0.0000,0.0065,0.0000,200,8.8598
0.0067,0.0000,0.0000,0.0000,0.0066,0.0000,200,8.8596
0.0067,0.0000,0.0000,0.0000,0.0066,0.0000,200,8.8596
0.0065,0.0000,0.0000,0.0000,0.0064,0.0001,200,8.8661
0.0065,0.0000,0.0000,0.0000,0.0064,0.0000,200,8.8663
0.0066,0.0000,0.0000,0.0000,0.0065,0.0000,200,8.8663
0.0066,0.0000,0.0000,0.0000,0.0066,0.0000,200,8.8663
0.0064,0.0000,0.0000,0.0000,0.0063,0.0001,200,8.8729
0.0065,0.0000,0.0000,0.0000,0.0064,0.0001,200,8.8728
0.0068,0.0000,0.0000,0.0000,0.0067,0.0000,200,8.8726
0.0064,0.0000,0.0000,0.0000,0.0064,0.0000,200,8.8729
0.0072,0.0000,0.0000,0.0000,0.0071,0.0001,200,8.8793
0.0073,0.0000,0.0000,0.0000,0.0072,0.0000,200,8.8794
0.0073,0.0000,0.0000,0.0000,0.0072,0.0000,200,8.8794
0.0074,0.0000,0.0000,0.0000,0.0073,0.0001,200,8.8793
0.0063,0.0000,0.0000,0.0000,0.0062,0.0001,200,8.8867
0.0063,0.0000,0.0000,0.0000,0.0062,0.0000,200,8.8867
0.0064,0.0000,0.0000,0.0000,0.0063,0.0000,200,8.8866
0.0066,0.0000,0.0000,0.0000,0.0065,0.0000,200,8.8865
0.0067,0.0000,0.0000,0.0000,0.0065,0.0001,200,8.8930
0.0068,0.0000,0.0000,0.0000,0.0067,0.0000,200,8.8930
0.0068,0.0000,0.0000,0.0000,0.0067,0.0000,200,8.8930
0.0068,0.0000,0.0000,0.0000,0.0067,0.0000,200,8.8931
0.0068,0.0000,0.0000,0.0000,0.0067,0.0001,200,8.8998
0.0070,0.0000,0.0000,0.0000,0.0070,0.0000,200,8.8998
0.0076,0.0000,0.0000,0.0000,0.0075,0.0000,200,8.8998
0.0078,0.0000,0.0000,0.0000,0.0077,0.0000,200,8.8997
0.0067,0.0000,0.0000,0.0000,0.0066,0.0001,200,8.9068
0.0070,0.0000,0.0000,0.0000,0.0069,0.0000,200,8.9065
0.0064,0.0000,0.0000,0.0000,0.0063,0.0000,200,8.9075
0.0068,0.0000,0.0000,0.0000,0.0067,0.0000,200,8.9074
0.0066,0.0000,0.0000,0.0000,0.0065,0.0000,200,8.9136
0.0063,0.0000,0.0000,0.0000,0.0062,0.0001,200,8.9139
0.0067,0.0000,0.0000,0.0000,0.0066,0.0001,200,8.9135
0.0064,0.0000,0.0000,0.0000,0.0063,0.0000,200,8.9142
0.0063,0.0000,0.0000,0.0000,0.0062,0.0001,200,8.9205
0.0067,0.0000,0.0000,0.0000,0.0066,0.0001,200,8.9202
0.0068,0.0000,0.0000,0.0000,0.0066,0.0001,200,8.9202
0.0068,0.0000,0.0000,0.0000,0.0067,0.0000,200,8.9202
0.0067,0.0000,0.0000,0.0000,0.0066,0.0001,200,8.9269
0.0067,0.0000,0.0000,0.0000,0.0063,0.0000,200,8.9269
0.0067,0.0000,0.0000,0.0000,0.0064,0.0000,200,8.9269
0.0067,0.0000,0.0000,0.0003,0.0063,0.0000,200,8.9269
0.0064,0.0000,0.0000,0.0000,0.0063,0.0001,200,8.9336
0.0064,0.0000,0.0000,0.0000,0.0063,0.0000,200,8.9336
0.0064,0.0000,0.0000,0.0000,0.0063,0.0001,200,8.9336
0.0064,0.0000,0.0000,0.0000,0.0063,0.0001,200,8.9336
0.0064,0.0000,0.0000,0.0000,0.0063,0.0001,200,8.9400
0.0065,0.0000,0.0000,0.0000,0.0064,0.0000,200,8.9400
0.0065,0.0000,0.0000,0.0000,0.0064,0.0000,200,8.9400
0.0066,0.0000,0.0000,0.0000,0.0065,0.0000,200,8.9400
0.0065,0.0000,0.0000,0.0000,0.0064,0.0001,200,8.9464
0.0066,0.0000,0.0000,0.0000,0.0065,0.0000,200,8.9464
0.0066,0.0000,0.0000,0.0000,0.0066,0.0000,200,8.9465
0.0066,0.0000,0.0000,0.0000,0.0065,0.0001,200,8.9465
0.0066,0.0000,0.0000,0.0000,0.0064,0.0001,200,8.9530
0.0064,0.0000,0.0000,0.0000,0.0063,0.0001,200,8.9532
0.0065,0.0000,0.0000,0.0000,0.0064,0.0001,200,8.9531
0.0066,0.0000,0.0000,0.0000,0.0065,0.0000,200,8.9530
0.0064,0.0000,0.0000,0.0000,0.0063,0.0001,200,8.9596
0.0064,0.0000,0.0000,0.0000,0.0064,0.0000,200,8.9596
0.0066,0.0000,0.0000,0.0000,0.0065,0.0000,200,8.9596
0.0066,0.0000,0.0000,0.0000,0.0065,0.0000,200,8.9596
0.0063,0.0000,0.0000,0.0000,0.0062,0.0001,200,8.9661
0.0064,0.0000,0.0000,0.0000,0.0063,0.0000,200,8.9660
0.0063,0.0000,0.0000,0.0000,0.0062,0.0001,200,8.9661
0.0064,0.0000,0.0000,0.0000,0.0063,0.0000,200,8.9660
0.0065,0.0000,0.0000,0.0000,0.0064,0.0001,200,8.9724
0.0065,0.0000,0.0000,0.0000,0.0064,0.0001,200,8.9724
0.0065,0.0000,0.0000,0.0000,0.0064,0.0000,200,8.9724
0.0065,0.0000,0.0000,0.0000,0.0065,0.0000,200,8.9724
0.0065,0.0000,0.0000,0.0000,0.0064,0.0000,200,8.9789
0.0065,0.0000,0.0000,0.0000,0.0064,0.0001,200,8.9789
0.0065,0.0000,0.0000,0.0000,0.0065,0.0000,200,8.9789
0.0066,0.0000,0.0000,0.0000,0.0065,0.0000,200,8.9789
0.0064,0.0000,0.0000,0.0000,0.0063,0.0001,200,8.9854
0.0064,0.0000,0.0000,0.0000,0.0063,0.0001,200,8.9854
0.0064,0.0000,0.0000,0.0000,0.0063,0.0000,200,8.9854
0.0066,0.0000,0.0000,0.0000,0.0065,0.0000,200,8.9854
0.0066,0.0000,0.0000,0.0000,0.0065,0.0001,200,8.9918
0.0064,0.0000,0.0000,0.0000,0.0063,0.0001,200,8.9920
0.0067,0.0000,0.0000,0.0000,0.0067,0.0000,200,8.9918
0.0069,0.0000,0.0000,0.0000,0.0068,0.0000,200,8.9918
0.0063,0.0000,0.0000,0.0000,0.0062,0.0001,200,8.9986
0.0064,0.0000,0.0000,0.0000,0.0063,0.0000,200,8.9987
0.0068,0.0000,0.0000,0.0000,0.0067,0.0000,200,8.9984
0.0070,0.0000,0.0000,0.0000,0.0070,0.0000,200,8.9984
0.0065,0.0000,0.0000,0.0000,0.0065,0.0000,200,9.0050
0.0065,0.0000,0.0000,0.0000,0.0064,0.0000,200,9.0051
0.0067,0.0000,0.0000,0.0000,0.0066,0.0001,200,9.0049
0.0062,0.0000,0.0000,0.0000,0.0062,0.0000,200,9.0054
0.0064,0.0000,0.0000,0.0000,0.0063,0.0001,200,9.0116
0.0065,0.0000,0.0000,0.0000,0.0064,0.0000,200,9.0116
0.0066,0.0000,0.0000,0.0000,0.0065,0.0001,200,9.0116
0.0066,0.0000,0.0000,0.0000,0.0066,0.0000,200,9.0116
0.0063,0.0000,0.0000,0.0000,0.0062,0.0001,200,9.0182
0.0065,0.0000,0.0000,0.0000,0.0064,0.0001,200,9.0180
0.0064,0.0000,0.0000,0.0000,0.0062,0.0002,200,9.0182
0.0068,0.0000,0.0000,0.0000,0.0067,0.0000,200,9.0181
0.0072,0.0000,0.0000,0.0000,0.0071,0.0001,200,9.0249
0.0076,0.0000,0.0000,0.0000,0.0075,0.0001,200,9.0245
0.0076,0.0000,0.0000,0.0000,0.0076,0.0000,200,9.0245
0.0076,0.0000,0.0000,0.0006,0.0070,0.0000,200,9.0246
0.0064,0.0000,0.0000,0.0000,0.0064,0.0000,200,9.0322
0.0065,0.0000,0.0000,0.0000,0.0064,0.0001,200,9.0321
0.0065,0.0000,0.0000,0.0000,0.0065,0.0000,200,9.0321
0.0065,0.0000,0.0000,0.0000,0.0064,0.0001,200,9.0321
0.0065,0.0000,0.0000,0.0000,0.0065,0.0000,200,9.0387
0.0065,0.0000,0.0000,0.0000,0.0064,0.0000,200,9.0386
0.0065,0.0000,0.0000,0.0000,0.0065,0.0000,200,9.0386
0.0066,0.0000,0.0000,0.0000,0.0065,0.0000,200,9.0386
0.0067,0.0000,0.0000,0.0000,0.0066,0.0000,200,9.0452
0.0067,0.0000,0.0000,0.0000,0.0066,0.0001,200,9.0452
0.0067,0.0000,0.0000,0.0000,0.0066,0.0001,200,9.0452
0.0068,0.0000,0.0000,0.0000,0.0067,0.0000,200,9.0452
0.0064,0.0000,0.0000,0.0000,0.0063,0.0001,200,9.0519
0.0065,0.0000,0.0000,0.0000,0.0064,0.0000,200,9.0519
0.0065,0.0000,0.0000,0.0000,0.0064,0.0000,200,9.0519
0.0064,0.0000,0.0000,0.0000,0.0064,0.0000,200,9.0520
0.0064,0.0000,0.0000,0.0000,0.0063,0.0000,200,9.0584
0.0064,0.0000,0.0000,0.0000,0.0063,0.0001,200,9.0584
0.0064,0.0000,0.0000,0.0000,0.0063,0.0001,200,9.0584
0.0065,0.0000,0.0000,0.0000,0.0064,0.0000,200,9.0584
0.0065,0.0000,0.0000,0.0000,0.0065,0.0000,200,9.0648
0.0064,0.0000,0.0000,0.0000,0.0064,0.0001,200,9.0649
0.0065,0.0000,0.0000,0.0000,0.0065,0.0000,200,9.0648
0.0065,0.0000,0.0000,0.0000,0.0064,0.0001,200,9.0648
0.0065,0.0000,0.0000,0.0000,0.0064,0.0001,200,9.0713
0.0065,0.0000,0.0000,0.0000,0.0064,0.0000,200,9.0713
0.0065,0.0000,0.0000,0.0000,0.0064,0.0000,200,9.0714
0.0065,0.0000,0.0000,0.0000,0.0064,0.0000,200,9.0713
0.0064,0.0000,0.0000,0.0000,0.0063,0.0000,200,9.0778
0.0064,0.0000,0.0000,0.0000,0.0063,0.0000,200,9.0778
0.0064,0.0000,0.0000,0.0000,0.0063,0.0000,200,9.0778
0.0064,0.0000,0.0000,0.0000,0.0064,0.0000,200,9.0778
0.0065,0.0000,0.0000,0.0000,0.0064,0.0000,200,9.0843
0.0065,0.0000,0.0000,0.0000,0.0065,0.0001,200,9.0842
0.0065,0.0000,0.0000,0.0000,0.0065,0.0001,200,9.0842
0.0066,0.0000,0.0000,0.0000,0.0065,0.0000,200,9.0842
0.0063,0.0000,0.0000,0.0000,0.0063,0.0000,200,9.0908
0.0063,0.0000,0.0000,0.0000,0.0063,0.0000,200,9.0908
0.0063,0.0000,0.0000,0.0000,0.0063,0.0000,200,9.0908
0.0065,0.0000,0.0000,0.0000,0.0065,0.0000,200,9.0908
0.0065,0.0000,0.0000,0.0000,0.0065,0.0001,200,9.0971
0.0065,0.0000,0.0000,0.0000,0.0064,0.0001,200,9.0971
0.0064,0.0000,0.0000,0.0000,0.0063,0.0000,200,9.0973
0.0066,0.0000,0.0000,0.0000,0.0065,0.0000,200,9.0971
0.0064,0.0000,0.0000,0.0000,0.0063,0.0001,200,9.1036
0.0064,0.0000,0.0000,0.0000,0.0063,0.0000,200,9.1036
0.0064,0.0000,0.0000,0.0000,0.0063,0.0000,200,9.1037
0.0065,0.0000,0.0000,0.0000,0.0065,0.0000,200,9.1037
0.0067,0.0000,0.0000,0.0000,0.0066,0.0000,200,9.1100
0.0066,0.0000,0.0000,0.0000,0.0066,0.0001,200,9.1101
0.0065,0.0000,0.0000,0.0000,0.0064,0.0000,200,9.1102
0.0067,0.0000,0.0000,0.0000,0.0066,0.0000,200,9.1101
0.0065,0.0000,0.0000,0.0000,0.0064,0.0001,200,9.1167
0.0065,0.0000,0.0000,0.0000,0.0064,0.0000,200,9.1167
0.0066,0.0000,0.0000,0.0000,0.0066,0.0000,200,9.1167
0.0066,0.0000,0.0000,0.0000,0.0066,0.0000,200,9.1167
0.0065,0.0000,0.0000,0.0000,0.0064,0.0001,200,9.1233
0.0066,0.0000,0.0000,0.0000,0.0065,0.0001,200,9.1232
0.0065,0.0000,0.0000,0.0000,0.0064,0.0000,200,9.1233
0.0066,0.0000,0.0000,0.0000,0.0065,0.0001,200,9.1232
0.0067,0.0000,0.0000,0.0000,0.0065,0.0001,200,9.1298
0.0067,0.0000,0.0000,0.0000,0.0066,0.0000,200,9.1298
0.0067,0.0000,0.0000,0.0000,0.0066,0.0000,200,9.1298
0.0068,0.0000,0.0000,0.0000,0.0067,0.0000,200,9.1298
0.0068,0.0000,0.0000,0.0000,0.0067,0.0001,200,9.1366
0.0073,0.0000,0.0000,0.0000,0.0072,0.0000,200,9.1365
0.0083,0.0000,0.0000,0.0000,0.0082,0.0000,200,9.1365
0.0083,0.0000,0.0000,0.0000,0.0082,0.0000,200,9.1365
0.0079,0.0000,0.0000,0.0000,0.0078,0.0001,200,9.1434
0.0075,0.0000,0.0000,0.0000,0.0074,0.0000,200,9.1438
0.0067,0.0000,0.0000,0.0000,0.0067,0.0000,200,9.1448
0.0067,0.0000,0.0000,0.0000,0.0067,0.0000,200,9.1448
0.0064,0.0000,0.0000,0.0000,0.0063,0.0001,200,9.1513
0.0065,0.0000,0.0000,0.0000,0.0064,0.0000,200,9.1513
0.0063,0.0000,0.0000,0.0000,0.0063,0.0000,200,9.1515
0.0063,0.0000,0.0000,0.0000,0.0062,0.0000,200,9.1515
0.0064,0.0000,0.0000,0.0000,0.0063,0.0001,200,9.1578
0.0064,0.0000,0.0000,0.0000,0.0063,0.0001,200,9.1577
0.0064,0.0000,0.0000,0.0000,0.0063,0.0001,200,9.1578
0.0064,0.0000,0.0000,0.0000,0.0064,0.0000,200,9.1578
0.0062,0.0000,0.0000,0.0000,0.0062,0.0001,200,9.1643
0.0064,0.0000,0.0000,0.0000,0.0063,0.0000,200,9.1642
0.0064,0.0000,0.0000,0.0000,0.0063,0.0000,200,9.1642
0.0064,0.0000,0.0000,0.0000,0.0063,0.0000,200,9.1642
0.0064,0.0000,0.0000,0.0000,0.0063,0.0001,200,9.1706
0.0065,0.0000,0.0000,0.0000,0.0064,0.0000,200,9.1705
0.0065,0.0000,0.0000,0.0000,0.0064,0.0000,200,9.1706
0.0067,0.0000,0.0000,0.0000,0.0066,0.0000,200,9.1706
0.0064,0.0000,0.0000,0.0000,0.0063,0.0001,200,9.1770
0.0064,0.0000,0.0000,0.0000,0.0064,0.0000,200,9.1771
0.0064,0.0000,0.0000,0.0000,0.0064,0.0000,200,9.1770
0.0063,0.0000,0.0000,0.0000,0.0063,0.0000,200,9.1772
0.0066,0.0000,0.0000,0.0000,0.0065,0.0001,200,9.1835
0.0066,0.0000,0.0000,0.0000,0.0065,0.0000,200,9.1835
0.0066,0.0000,0.0000,0.0000,0.0065,0.0000,200,9.1835
0.0067,0.0000,0.0000,0.0000,0.0066,0.0001,200,9.1835
0.0064,0.0000,0.0000,0.0000,0.0063,0.0000,200,9.1901
0.0065,0.0000,0.0000,0.0000,0.0064,0.0000,200,9.1901
0.0065,0.0000,0.0000,0.0000,0.0065,0.0000,200,9.1901
0.0065,0.0000,0.0000,0.0000,0.0065,0.0000,200,9.1901
0.0063,0.0000,0.0000,0.0000,0.0063,0.0001,200,9.1966
0.0064,0.0000,0.0000,0.0000,0.0063,0.0001,200,9.1966
0.0065,0.0000,0.0000,0.0000,0.0064,0.0000,200,9.1965
0.0065,0.0000,0.0000,0.0000,0.0064,0.0000,200,9.1967
0.0064,0.0000,0.0000,0.0000,0.0063,0.0001,200,9.2030
0.0064,0.0000,0.0000,0.0000,0.0063,0.0001,200,9.2030
0.0065,0.0000,0.0000,0.0000,0.0064,0.0000,200,9.2030
0.0064,0.0000,0.0000,0.0000,0.0062,0.0001,200,9.2031
0.0066,0.0000,0.0000,0.0000,0.0065,0.0001,200,9.2094
0.0067,0.0000,0.0000,0.0000,0.0067,0.0000,200,9.2095
0.0068,0.0000,0.0000,0.0000,0.0067,0.0000,200,9.2094
0.0068,0.0000,0.0000,0.0000,0.0067,0.0000,200,9.2095
0.0066,0.0000,0.0000,0.0000,0.0065,0.0001,200,9.2162
0.0066,0.0000,0.0000,0.0000,0.0065,0.0001,200,9.2163
0.0068,0.0000,0.0000,0.0000,0.0066,0.0001,200,9.2161
0.0098,0.0000,0.0000,0.0000,0.0097,0.0001,200,9.2163
0.0070,0.0000,0.0000,0.0000,0.0069,0.0001,200,9.2229
0.0085,0.0000,0.0000,0.0000,0.0084,0.0001,200,9.2229
0.0089,0.0000,0.0000,0.0000,0.0088,0.0000,200,9.2229
0.0065,0.0000,0.0000,0.0000,0.0064,0.0000,200,9.2261
0.0073,0.0000,0.0000,0.0000,0.0071,0.0001,200,9.2298
0.0067,0.0000,0.0000,0.0000,0.0066,0.0001,200,9.2317
0.0073,0.0000,0.0000,0.0000,0.0072,0.0000,200,9.2314
0.0069,0.0000,0.0000,0.0000,0.0067,0.0001,200,9.2326
0.0078,0.0000,0.0000,0.0000,0.0077,0.0001,200,9.2371
0.0066,0.0000,0.0000,0.0000,0.0066,0.0000,200,9.2384
0.0065,0.0000,0.0000,0.0000,0.0065,0.0000,200,9.2386
0.0075,0.0000,0.0000,0.0000,0.0073,0.0001,200,9.2395
0.0066,0.0000,0.0000,0.0000,0.0065,0.0001,200,9.2452
0.0068,0.0000,0.0000,0.0000,0.0067,0.0000,200,9.2450
0.0069,0.0000,0.0000,0.0000,0.0068,0.0000,200,9.2449
0.0067,0.0000,0.0000,0.0000,0.0066,0.0000,200,9.2470
0.0071,0.0000,0.0000,0.0000,0.0069,0.0001,200,9.2517
0.0071,0.0000,0.0000,0.0000,0.0070,0.0000,200,9.2518
0.0072,0.0000,0.0000,0.0000,0.0071,0.0000,200,9.2518
0.0088,0.0000,0.0000,0.0000,0.0087,0.0001,200,9.2536
0.0068,0.0000,0.0000,0.0000,0.0067,0.0001,200,9.2589
0.0070,0.0000,0.0000,0.0000,0.0069,0.0000,200,9.2588
0.0084,0.0000,0.0000,0.0000,0.0083,0.0001,200,9.2590
0.0068,0.0000,0.0000,0.0000,0.0066,0.0000,200,9.2624
0.0075,0.0000,0.0000,0.0000,0.0074,0.0001,200,9.2673
0.0100,0.0000,0.0000,0.0000,0.0100,0.0000,200,9.2657
0.0101,0.0000,0.0000,0.0000,0.0100,0.0000,200,9.2658
0.0099,0.0000,0.0000,0.0000,0.0098,0.0001,200,9.2692
0.0079,0.0000,0.0000,0.0000,0.0078,0.0001,200,9.2748
0.0109,0.0000,0.0000,0.0000,0.0108,0.0001,200,9.2759
0.0077,0.0000,0.0000,0.0000,0.0076,0.0000,200,9.2791
0.0111,0.0000,0.0000,0.0000,0.0111,0.0000,200,9.2758
0.0112,0.0000,0.0000,0.0000,0.0110,0.0001,200,9.2827
0.0072,0.0000,0.0000,0.0000,0.0071,0.0000,200,9.2868
0.0071,0.0000,0.0000,0.0000,0.0071,0.0000,200,9.2869
0.0073,0.0000,0.0000,0.0000,0.0072,0.0000,200,9.2868
0.0065,0.0000,0.0000,0.0000,0.0065,0.0001,200,9.2941
0.0066,0.0000,0.0000,0.0000,0.0065,0.0000,200,9.2940
0.0067,0.0000,0.0000,0.0000,0.0066,0.0000,200,9.2939
0.0067,0.0000,0.0000,0.0000,0.0067,0.0000,200,9.2940
0.0068,0.0000,0.0000,0.0000,0.0067,0.0001,200,9.3006
0.0068,0.0000,0.0000,0.0000,0.0067,0.0001,200,9.3007
0.0069,0.0000,0.0000,0.0000,0.0068,0.0000,200,9.3006
0.0070,0.0000,0.0000,0.0000,0.0069,0.0000,200,9.3006
0.0067,0.0000,0.0000,0.0000,0.0066,0.0001,200,9.3074
0.0067,0.0000,0.0000,0.0000,0.0067,0.0000,200,9.3075
0.0069,0.0000,0.0000,0.0000,0.0068,0.0000,200,9.3075
0.0069,0.0000,0.0000,0.0000,0.0068,0.0000,200,9.3076
0.0068,0.0000,0.0000,0.0000,0.0067,0.0001,200,9.3141
0.0069,0.0000,0.0000,0.0000,0.0068,0.0000,200,9.3142
0.0073,0.0000,0.0000,0.0000,0.0072,0.0001,200,9.3144
0.0096,0.0000,0.0000,0.0000,0.0096,0.0001,200,9.3145
0.0071,0.0000,0.0000,0.0000,0.0070,0.0001,200,9.3216
0.0078,0.0000,0.0000,0.0000,0.0078,0.0000,200,9.3210
0.0078,0.0000,0.0000,0.0000,0.0078,0.0000,200,9.3211
0.0065,0.0000,0.0000,0.0000,0.0064,0.0001,200,9.3242
0.0068,0.0000,0.0000,0.0000,0.0067,0.0001,200,9.3287
0.0067,0.0000,0.0000,0.0000,0.0066,0.0001,200,9.3288
0.0067,0.0000,0.0000,0.0000,0.0066,0.0001,200,9.3289
0.0069,0.0000,0.0000,0.0000,0.0068,0.0000,200,9.3307
0.0068,0.0000,0.0000,0.0000,0.0067,0.0001,200,9.3355
0.0070,0.0000,0.0000,0.0000,0.0070,0.0000,200,9.3355
0.0071,0.0000,0.0000,0.0000,0.0069,0.0000,200,9.3355
0.0065,0.0000,0.0000,0.0000,0.0064,0.0000,200,9.3375
0.0066,0.0000,0.0000,0.0000,0.0065,0.0000,200,9.3423
0.0064,0.0000,0.0000,0.0000,0.0064,0.0000,200,9.3426
0.0067,0.0000,0.0000,0.0000,0.0065,0.0001,200,9.3426
0.0064,0.0000,0.0000,0.0000,0.0063,0.0000,200,9.3441
0.0066,0.0000,0.0000,0.0000,0.0065,0.0000,200,9.3489
0.0064,0.0000,0.0000,0.0000,0.0063,0.0001,200,9.3490
0.0063,0.0000,0.0000,0.0000,0.0062,0.0000,200,9.3493
0.0062,0.0000,0.0000,0.0000,0.0061,0.0001,200,9.3504
0.0063,0.0000,0.0000,0.0000,0.0062,0.0000,200,9.3554
0.0063,0.0000,0.0000,0.0000,0.0062,0.0000,200,9.3555
0.0064,0.0000,0.0000,0.0000,0.0063,0.0000,200,9.3554
0.0066,0.0000,0.0000,0.0000,0.0065,0.0000,200,9.3566
0.0062,0.0000,0.0000,0.0000,0.0062,0.0000,200,9.3618
0.0063,0.0000,0.0000,0.0000,0.0063,0.0000,200,9.3618
0.0065,0.0000,0.0000,0.0000,0.0065,0.0000,200,9.3618
0.0063,0.0000,0.0000,0.0000,0.0062,0.0000,200,9.3631
0.0066,0.0000,0.0000,0.0000,0.0065,0.0001,200,9.3680
0.0064,0.0000,0.0000,0.0000,0.0063,0.0001,200,9.3683
0.0067,0.0000,0.0000,0.0000,0.0066,0.0000,200,9.3681
0.0064,0.0000,0.0000,0.0000,0.0063,0.0000,200,9.3694
0.0064,0.0000,0.0000,0.0000,0.0064,0.0001,200,9.3748
0.0066,0.0000,0.0000,0.0000,0.0065,0.0001,200,9.3746
0.0067,0.0000,0.0000,0.0000,0.0067,0.0000,200,9.3746
0.0064,0.0000,0.0000,0.0000,0.0063,0.0001,200,9.3758
0.0065,0.0000,0.0000,0.0000,0.0064,0.0000,200,9.3813
0.0067,0.0000,0.0000,0.0000,0.0066,0.0000,200,9.3813
0.0066,0.0000,0.0000,0.0000,0.0066,0.0001,200,9.3814
0.0062,0.0000,0.0000,0.0000,0.0061,0.0000,200,9.3822
0.0065,0.0000,0.0000,0.0000,0.0064,0.0001,200,9.3880
0.0066,0.0000,0.0000,0.0000,0.0065,0.0000,200,9.3880
0.0069,0.0000,0.0000,0.0000,0.0068,0.0000,200,9.3878
0.0077,0.0000,0.0000,0.0000,0.0076,0.0001,200,9.3883
0.0067,0.0000,0.0000,0.0000,0.0066,0.0001,200,9.3945
0.0065,0.0000,0.0000,0.0000,0.0064,0.0000,200,9.3946
0.0069,0.0000,0.0000,0.0000,0.0068,0.0000,200,9.3946
0.0064,0.0000,0.0000,0.0000,0.0063,0.0000,200,9.3960
0.0062,0.0000,0.0000,0.0000,0.0062,0.0000,200,9.4012
0.0063,0.0000,0.0000,0.0000,0.0063,0.0000,200,9.4011
0.0063,0.0000,0.0000,0.0000,0.0062,0.0001,200,9.4015
0.0063,0.0000,0.0000,0.0000,0.0062,0.0000,200,9.4024
0.0065,0.0000,0.0000,0.0000,0.0064,0.0001,200,9.4075
0.0063,0.0000,0.0000,0.0000,0.0062,0.0000,200,9.4078
0.0067,0.0000,0.0000,0.0000,0.0065,0.0000,200,9.4074
0.0062,0.0000,0.0000,0.0000,0.0061,0.0000,200,9.4087
0.0064,0.0000,0.0000,0.0000,0.0063,0.0001,200,9.4139
0.0063,0.0000,0.0000,0.0000,0.0062,0.0001,200,9.4141
0.0064,0.0000,0.0000,0.0000,0.0064,0.0000,200,9.4141
0.0063,0.0000,0.0000,0.0000,0.0062,0.0000,200,9.4149
0.0064,0.0000,0.0000,0.0000,0.0063,0.0000,200,9.4204
0.0065,0.0000,0.0000,0.0000,0.0064,0.0000,200,9.4204
0.0063,0.0000,0.0000,0.0000,0.0062,0.0000,200,9.4205
0.0062,0.0000,0.0000,0.0000,0.0061,0.0000,200,9.4212
0.0065,0.0000,0.0000,0.0000,0.0064,0.0001,200,9.4268
0.0066,0.0000,0.0000,0.0000,0.0065,0.0000,200,9.4268
0.0063,0.0000,0.0000,0.0000,0.0063,0.0000,200,9.4274
0.0069,0.0000,0.0000,0.0000,0.0068,0.0000,200,9.4268
0.0067,0.0000,0.0000,0.0000,0.0066,0.0001,200,9.4333
0.0064,0.0000,0.0000,0.0000,0.0063,0.0001,200,9.4337
0.0068,0.0000,0.0000,0.0000,0.0067,0.0001,200,9.4334
0.0066,0.0000,0.0000,0.0000,0.0065,0.0000,200,9.4337
0.0067,0.0000,0.0000,0.0000,0.0066,0.0001,200,9.4401
0.0065,0.0000,0.0000,0.0000,0.0064,0.0000,200,9.4403
0.0067,0.0000,0.0000,0.0000,0.0066,0.0000,200,9.4401
0.0065,0.0000,0.0000,0.0000,0.0064,0.0001,200,9.4403
0.0066,0.0000,0.0000,0.0000,0.0065,0.0001,200,9.4468
0.0066,0.0000,0.0000,0.0000,0.0065,0.0000,200,9.4468
0.0067,0.0000,0.0000,0.0000,0.0067,0.0000,200,9.4468
0.0068,0.0000,0.0000,0.0000,0.0067,0.0000,200,9.4468
0.0064,0.0000,0.0000,0.0000,0.0064,0.0001,200,9.4536
0.0067,0.0000,0.0000,0.0000,0.0066,0.0000,200,9.4534
0.0067,0.0000,0.0000,0.0000,0.0066,0.0000,200,9.4534
0.0066,0.0000,0.0000,0.0000,0.0065,0.0000,200,9.4535
0.0065,0.0000,0.0000,0.0000,0.0064,0.0001,200,9.4600
0.0066,0.0000,0.0000,0.0000,0.0065,0.0000,200,9.4600
0.0066,0.0000,0.0000,0.0000,0.0066,0.0000,200,9.4601
0.0068,0.0000,0.0000,0.0000,0.0068,0.0000,200,9.4601
0.0069,0.0000,0.0000,0.0000,0.0068,0.0001,200,9.4665
0.0068,0.0000,0.0000,0.0000,0.0068,0.0000,200,9.4666
0.0067,0.0000,0.0000,0.0000,0.0067,0.0000,200,9.4667
0.0066,0.0000,0.0000,0.0000,0.0065,0.0001,200,9.4668
0.0065,0.0000,0.0000,0.0000,0.0064,0.0001,200,9.4734
0.0065,0.0000,0.0000,0.0000,0.0064,0.0000,200,9.4734
0.0065,0.0000,0.0000,0.0000,0.0064,0.0000,200,9.4734
0.0065,0.0000,0.0000,0.0000,0.0064,0.0000,200,9.4735
0.0065,0.0000,0.0000,0.0000,0.0065,0.0000,200,9.4800
0.0066,0.0000,0.0000,0.0000,0.0065,0.0000,200,9.4799
0.0065,0.0000,0.0000,0.0000,0.0065,0.0000,200,9.4800
0.0066,0.0000,0.0000,0.0000,0.0065,0.0000,200,9.4800
0.0063,0.0000,0.0000,0.0000,0.0062,0.0001,200,9.4865
0.0064,0.0000,0.0000,0.0000,0.0063,0.0000,200,9.4865
0.0065,0.0000,0.0000,0.0000,0.0065,0.0000,200,9.4865
0.0065,0.0000,0.0000,0.0000,0.0065,0.0000,200,9.4865
0.0063,0.0000,0.0000,0.0000,0.0062,0.0001,200,9.4930
0.0064,0.0000,0.0000,0.0000,0.0063,0.0001,200,9.4929
0.0071,0.0000,0.0000,0.0000,0.0071,0.0000,200,9.4930
0.0073,0.0000,0.0000,0.0000,0.0073,0.0000,200,9.4929
0.0078,0.0000,0.0000,0.0000,0.0077,0.0001,200,9.4993
0.0078,0.0000,0.0000,0.0000,0.0077,0.0001,200,9.4993
0.0070,0.0000,0.0000,0.0000,0.0069,0.0001,200,9.5002
0.0066,0.0000,0.0000,0.0000,0.0064,0.0001,200,9.5071
0.0070,0.0000,0.0000,0.0000,0.0067,0.0002,200,9.5071
0.0070,0.0000,0.0000,0.0000,0.0065,0.0005,200,9.5071
0.0156,0.0000,0.0000,0.0000,0.0155,0.0001,200,9.5002
0.0071,0.0000,0.0000,0.0000,0.0067,0.0001,200,9.5137
0.0067,0.0000,0.0000,0.0000,0.0065,0.0001,200,9.5142
0.0067,0.0000,0.0000,0.0000,0.0066,0.0001,200,9.5142
0.0065,0.0000,0.0000,0.0000,0.0064,0.0000,200,9.5158
0.0064,0.0000,0.0000,0.0000,0.0063,0.0001,200,9.5208
0.0064,0.0000,0.0000,0.0000,0.0064,0.0000,200,9.5209
0.0065,0.0000,0.0000,0.0000,0.0065,0.0000,200,9.5208
0.0063,0.0000,0.0000,0.0000,0.0062,0.0000,200,9.5223
0.0065,0.0000,0.0000,0.0000,0.0064,0.0001,200,9.5272
0.0064,0.0000,0.0000,0.0000,0.0063,0.0000,200,9.5274
0.0064,0.0000,0.0000,0.0000,0.0064,0.0000,200,9.5273
0.0064,0.0000,0.0000,0.0000,0.0063,0.0000,200,9.5285
0.0065,0.0000,0.0000,0.0000,0.0064,0.0000,200,9.5337
0.0065,0.0000,0.0000,0.0000,0.0065,0.0000,200,9.5337
0.0065,0.0000,0.0000,0.0000,0.0064,0.0001,200,9.5338
0.0065,0.0000,0.0000,0.0000,0.0065,0.0000,200,9.5350
0.0064,0.0000,0.0000,0.0000,0.0063,0.0001,200,9.5403
0.0066,0.0000,0.0000,0.0000,0.0066,0.0000,200,9.5403
0.0067,0.0000,0.0000,0.0000,0.0066,0.0000,200,9.5403
0.0065,0.0000,0.0000,0.0000,0.0064,0.0000,200,9.5415
0.0065,0.0000,0.0000,0.0000,0.0064,0.0001,200,9.5467
0.0063,0.0000,0.0000,0.0000,0.0062,0.0001,200,9.5469
0.0063,0.0000,0.0000,0.0000,0.0062,0.0000,200,9.5469
0.0064,0.0000,0.0000,0.0000,0.0063,0.0000,200,9.5480
0.0064,0.0000,0.0000,0.0000,0.0063,0.0000,200,9.5532
0.0064,0.0000,0.0000,0.0000,0.0063,0.0000,200,9.5532
0.0064,0.0000,0.0000,0.0000,0.0064,0.0000,200,9.5532
0.0061,0.0000,0.0000,0.0000,0.0060,0.0000,200,9.5544
0.0065,0.0000,0.0000,0.0000,0.0064,0.0001,200,9.5596
0.0066,0.0000,0.0000,0.0000,0.0065,0.0000,200,9.5596
0.0067,0.0000,0.0000,0.0000,0.0066,0.0000,200,9.5596
0.0064,0.0000,0.0000,0.0000,0.0063,0.0000,200,9.5605
0.0065,0.0000,0.0000,0.0000,0.0064,0.0001,200,9.5661
0.0065,0.0000,0.0000,0.0000,0.0064,0.0000,200,9.5662
0.0063,0.0000,0.0000,0.0000,0.0063,0.0001,200,9.5663
0.0060,0.0000,0.0000,0.0000,0.0060,0.0000,200,9.5669
0.0065,0.0000,0.0000,0.0000,0.0064,0.0001,200,9.5726
0.0065,0.0000,0.0000,0.0000,0.0064,0.0000,200,9.5727
0.0065,0.0000,0.0000,0.0000,0.0064,0.0000,200,9.5727
0.0063,0.0000,0.0000,0.0000,0.0062,0.0000,200,9.5729
0.0066,0.0000,0.0000,0.0000,0.0065,0.0001,200,9.5792
0.0066,0.0000,0.0000,0.0000,0.0065,0.0000,200,9.5791
0.0066,0.0000,0.0000,0.0000,0.0066,0.0000,200,9.5791
0.0066,0.0000,0.0000,0.0000,0.0065,0.0001,200,9.5792
0.0068,0.0000,0.0000,0.0000,0.0067,0.0000,200,9.5858
0.0068,0.0000,0.0000,0.0000,0.0067,0.0000,200,9.5858
0.0068,0.0000,0.0000,0.0000,0.0067,0.0000,200,9.5858
0.0068,0.0000,0.0000,0.0000,0.0066,0.0001,200,9.5858
0.0065,0.0000,0.0000,0.0000,0.0064,0.0001,200,9.5925
0.0066,0.0000,0.0000,0.0000,0.0065,0.0000,200,9.5925
0.0066,0.0000,0.0000,0.0000,0.0065,0.0000,200,9.5925
0.0066,0.0000,0.0000,0.0000,0.0065,0.0000,200,9.5925
0.0065,0.0000,0.0000,0.0000,0.0064,0.0001,200,9.5991
0.0066,0.0000,0.0000,0.0000,0.0065,0.0001,200,9.5991
0.0066,0.0000,0.0000,0.0000,0.0065,0.0000,200,9.5991
0.0066,0.0000,0.0000,0.0000,0.0065,0.0000,200,9.5991
0.0065,0.0000,0.0000,0.0000,0.0064,0.0000,200,9.6056
0.0065,0.0000,0.0000,0.0000,0.0064,0.0000,200,9.6057
0.0065,0.0000,0.0000,0.0000,0.0064,0.0001,200,9.6057
0.0065,0.0000,0.0000,0.0000,0.0064,0.0001,200,9.6056
0.0065,0.0000,0.0000,0.0000,0.0064,0.0001,200,9.6122
0.0065,0.0000,0.0000,0.0000,0.0064,0.0001,200,9.6122
0.0065,0.0000,0.0000,0.0000,0.0064,0.0001,200,9.6122
0.0065,0.0000,0.0000,0.0000,0.0064,0.0001,200,9.6122
0.0068,0.0000,0.0000,0.0000,0.0067,0.0001,200,9.6187
0.0074,0.0000,0.0000,0.0000,0.0073,0.0000,200,9.6187
0.0074,0.0000,0.0000,0.0000,0.0073,0.0000,200,9.6187
0.0077,0.0000,0.0000,0.0000,0.0076,0.0000,200,9.6187
0.0068,0.0000,0.0000,0.0000,0.0067,0.0001,200,9.6260
0.0067,0.0000,0.0000,0.0000,0.0067,0.0000,200,9.6261
0.0074,0.0000,0.0000,0.0000,0.0073,0.0000,200,9.6255
0.0065,0.0000,0.0000,0.0000,0.0064,0.0000,200,9.6264
0.0065,0.0000,0.0000,0.0000,0.0064,0.0001,200,9.6329
0.0065,0.0000,0.0000,0.0000,0.0064,0.0000,200,9.6329
0.0066,0.0000,0.0000,0.0000,0.0065,0.0000,200,9.6328
0.0066,0.0000,0.0000,0.0000,0.0066,0.0000,200,9.6328
0.0066,0.0000,0.0000,0.0000,0.0065,0.0001,200,9.6394
0.0067,0.0000,0.0000,0.0000,0.0066,0.0000,200,9.6393
0.0067,0.0000,0.0000,0.0000,0.0066,0.0000,200,9.6394
0.0072,0.0000,0.0000,0.0000,0.0072,0.0000,200,9.6395
0.0064,0.0000,0.0000,0.0000,0.0063,0.0001,200,9.6460
0.0064,0.0000,0.0000,0.0000,0.0063,0.0001,200,9.6460
0.0065,0.0000,0.0000,0.0000,0.0065,0.0000,200,9.6460
0.0063,0.0000,0.0000,0.0000,0.0061,0.0001,200,9.6467
0.0066,0.0000,0.0000,0.0000,0.0065,0.0000,200,9.6524
0.0065,0.0000,0.0000,0.0000,0.0064,0.0001,200,9.6526
0.0062,0.0000,0.0000,0.0000,0.0061,0.0000,200,9.6529
0.0067,0.0000,0.0000,0.0000,0.0066,0.0000,200,9.6524
0.0066,0.0000,0.0000,0.0000,0.0065,0.0000,200,9.6591
0.0067,0.0000,0.0000,0.0000,0.0066,0.0001,200,9.6590
0.0067,0.0000,0.0000,0.0000,0.0066,0.0000,200,9.6590
0.0067,0.0000,0.0000,0.0000,0.0066,0.0000,200,9.6591
0.0066,0.0000,0.0000,0.0000,0.0065,0.0001,200,9.6657
0.0065,0.0000,0.0000,0.0000,0.0065,0.0000,200,9.6658
0.0066,0.0000,0.0000,0.0000,0.0065,0.0000,200,9.6657
0.0067,0.0000,0.0000,0.0000,0.0066,0.0000,200,9.6657
0.0065,0.0000,0.0000,0.0000,0.0064,0.0001,200,9.6723
0.0065,0.0000,0.0000,0.0000,0.0065,0.0000,200,9.6723
0.0065,0.0000,0.0000,0.0000,0.0065,0.0000,200,9.6724
0.0066,0.0000,0.0000,0.0000,0.0066,0.0000,200,9.6723
0.0065,0.0000,0.0000,0.0000,0.0064,0.0001,200,9.6788
0.0064,0.0000,0.0000,0.0000,0.0063,0.0001,200,9.6789
0.0064,0.0000,0.0000,0.0000,0.0063,0.0000,200,9.6789
0.0065,0.0000,0.0000,0.0000,0.0064,0.0001,200,9.6789
0.0064,0.0000,0.0000,0.0000,0.0063,0.0001,200,9.6853
0.0065,0.0000,0.0000,0.0000,0.0064,0.0001,200,9.6853
0.0065,0.0000,0.0000,0.0000,0.0065,0.0000,200,9.6853
0.0065,0.0000,0.0000,0.0000,0.0065,0.0000,200,9.6854
0.0066,0.0000,0.0000,0.0000,0.0066,0.0001,200,9.6919
0.0067,0.0000,0.0000,0.0000,0.0066,0.0000,200,9.6918
0.0066,0.0000,0.0000,0.0000,0.0065,0.0000,200,9.6919
0.0067,0.0000,0.0000,0.0000,0.0066,0.0000,200,9.6918
0.0064,0.0000,0.0000,0.0000,0.0063,0.0001,200,9.6985
0.0065,0.0000,0.0000,0.0000,0.0064,0.0000,200,9.6985
0.0065,0.0000,0.0000,0.0000,0.0064,0.0000,200,9.6985
0.0065,0.0000,0.0000,0.0000,0.0064,0.0000,200,9.6985
0.0064,0.0000,0.0000,0.0000,0.0063,0.0001,200,9.7050
0.0064,0.0000,0.0000,0.0000,0.0064,0.0000,200,9.7049
0.0064,0.0000,0.0000,0.0000,0.0063,0.0000,200,9.7050
0.0065,0.0000,0.0000,0.0000,0.0064,0.0000,200,9.7050
0.0063,0.0000,0.0000,0.0000,0.0062,0.0001,200,9.7115
0.0065,0.0000,0.0000,0.0000,0.0065,0.0000,200,9.7114
0.0066,0.0000,0.0000,0.0000,0.0065,0.0000,200,9.7113
0.0066,0.0000,0.0000,0.0000,0.0065,0.0000,200,9.7114
0.0065,0.0000,0.0000,0.0000,0.0064,0.0001,200,9.7177
0.0064,0.0000,0.0000,0.0000,0.0063,0.0000,200,9.7179
0.0064,0.0000,0.0000,0.0000,0.0063,0.0000,200,9.7180
0.0065,0.0000,0.0000,0.0000,0.0064,0.0000,200,9.7179
0.0064,0.0000,0.0000,0.0000,0.0063,0.0000,200,9.7244
0.0064,0.0000,0.0000,0.0000,0.0063,0.0000,200,9.7243
0.0065,0.0000,0.0000,0.0000,0.0064,0.0000,200,9.7242
0.0064,0.0000,0.0000,0.0000,0.0064,0.0000,200,9.7243
0.0065,0.0000,0.0000,0.0000,0.0063,0.0001,200,9.7307
0.0065,0.0000,0.0000,0.0000,0.0064,0.0000,200,9.7307
0.0065,0.0000,0.0000,0.0000,0.0064,0.0000,200,9.7307
0.0065,0.0000,0.0000,0.0000,0.0064,0.0000,200,9.7307
0.0065,0.0000,0.0000,0.0000,0.0065,0.0000,200,9.7372
0.0066,0.0000,0.0000,0.0000,0.0065,0.0000,200,9.7372
0.0065,0.0000,0.0000,0.0000,0.0065,0.0001,200,9.7372
0.0066,0.0000,0.0000,0.0000,0.0065,0.0000,200,9.7372
0.0064,0.0000,0.0000,0.0000,0.0063,0.0001,200,9.7438
0.0064,0.0000,0.0000,0.0000,0.0063,0.0000,200,9.7438
0.0065,0.0000,0.0000,0.0000,0.0064,0.0000,200,9.7438
0.0079,0.0000,0.0000,0.0000,0.0079,0.0000,200,9.7438
0.0071,0.0000,0.0000,0.0000,0.0069,0.0002,200,9.7502
0.0072,0.0000,0.0000,0.0000,0.0071,0.0000,200,9.7503
0.0074,0.0000,0.0000,0.0000,0.0073,0.0000,200,9.7502
0.0076,0.0000,0.0000,0.0000,0.0075,0.0000,200,9.7517
0.0063,0.0000,0.0000,0.0000,0.0062,0.0000,200,9.7575
0.0065,0.0000,0.0000,0.0001,0.0063,0.0000,200,9.7573
0.0066,0.0000,0.0000,0.0001,0.0064,0.0000,200,9.7574
0.0062,0.0000,0.0000,0.0000,0.0061,0.0000,200,9.7593
0.0065,0.0000,0.0000,0.0000,0.0064,0.0001,200,9.7638
0.0063,0.0000,0.0000,0.0000,0.0063,0.0000,200,9.7640
0.0065,0.0000,0.0000,0.0000,0.0064,0.0001,200,9.7638
0.0064,0.0000,0.0000,0.0000,0.0064,0.0000,200,9.7655
0.0065,0.0000,0.0000,0.0000,0.0064,0.0001,200,9.7703
0.0066,0.0000,0.0000,0.0000,0.0065,0.0000,200,9.7703
0.0066,0.0000,0.0000,0.0000,0.0065,0.0000,200,9.7703
0.0063,0.0000,0.0000,0.0000,0.0062,0.0000,200,9.7719
0.0064,0.0000,0.0000,0.0000,0.0063,0.0000,200,9.7768
0.0063,0.0000,0.0000,0.0000,0.0063,0.0000,200,9.7769
0.0064,0.0000,0.0000,0.0000,0.0064,0.0000,200,9.7769
0.0061,0.0000,0.0000,0.0000,0.0060,0.0000,200,9.7782
0.0065,0.0000,0.0000,0.0000,0.0064,0.0001,200,9.7833
0.0065,0.0000,0.0000,0.0000,0.0064,0.0001,200,9.7832
0.0066,0.0000,0.0000,0.0000,0.0066,0.0000,200,9.7833
0.0064,0.0000,0.0000,0.0000,0.0062,0.0002,200,9.7843
0.0068,0.0000,0.0000,0.0000,0.0067,0.0001,200,9.7898
0.0069,0.0000,0.0000,0.0000,0.0068,0.0000,200,9.7898
0.0067,0.0000,0.0000,0.0000,0.0066,0.0001,200,9.7899
0.0063,0.0000,0.0000,0.0000,0.0062,0.0001,200,9.7907
0.0065,0.0000,0.0000,0.0000,0.0064,0.0001,200,9.7967
0.0061,0.0000,0.0000,0.0000,0.0060,0.0000,200,9.7970
0.0065,0.0000,0.0000,0.0000,0.0064,0.0000,200,9.7967
0.0066,0.0000,0.0000,0.0000,0.0066,0.0000,200,9.7966
0.0064,0.0000,0.0000,0.0000,0.0063,0.0001,200,9.8032
0.0064,0.0000,0.0000,0.0000,0.0064,0.0000,200,9.8032
0.0065,0.0000,0.0000,0.0000,0.0064,0.0000,200,9.8031
0.0064,0.0000,0.0000,0.0000,0.0064,0.0000,200,9.8032
0.0066,0.0000,0.0000,0.0000,0.0065,0.0001,200,9.8096
0.0066,0.0000,0.0000,0.0000,0.0065,0.0000,200,9.8096
0.0066,0.0000,0.0000,0.0000,0.0065,0.0000,200,9.8097
0.0067,0.0000,0.0000,0.0000,0.0067,0.0000,200,9.8096
0.0064,0.0000,0.0000,0.0000,0.0063,0.0000,200,9.8163
0.0065,0.0000,0.0000,0.0000,0.0064,0.0001,200,9.8162
0.0065,0.0000,0.0000,0.0000,0.0064,0.0000,200,9.8162
0.0064,0.0000,0.0000,0.0000,0.0063,0.0001,200,9.8163
0.0065,0.0000,0.0000,0.0000,0.0064,0.0000,200,9.8227
0.0065,0.0000,0.0000,0.0000,0.0064,0.0000,200,9.8227
0.0065,0.0000,0.0000,0.0000,0.0064,0.0000,200,9.8227
0.0065,0.0000,0.0000,0.0000,0.0064,0.0001,200,9.8227
0.0065,0.0000,0.0000,0.0000,0.0064,0.0001,200,9.8292
0.0065,0.0000,0.0000,0.0000,0.0064,0.0000,200,9.8292
0.0065,0.0000,0.0000,0.0000,0.0064,0.0001,200,9.8292
0.0067,0.0000,0.0000,0.0000,0.0066,0.0000,200,9.8292
0.0063,0.0000,0.0000,0.0000,0.0062,0.0001,200,9.8359
0.0065,0.0000,0.0000,0.0000,0.0064,0.0001,200,9.8357
0.0066,0.0000,0.0000,0.0000,0.0065,0.0000,200,9.8357
0.0066,0.0000,0.0000,0.0000,0.0065,0.0000,200,9.8357
0.0065,0.0000,0.0000,0.0000,0.0064,0.0000,200,9.8423
0.0065,0.0000,0.0000,0.0000,0.0064,0.0000,200,9.8422
0.0065,0.0000,0.0000,0.0000,0.0064,0.0001,200,9.8423
0.0066,0.0000,0.0000,0.0000,0.0064,0.0001,200,9.8422
0.0065,0.0000,0.0000,0.0000,0.0064,0.0000,200,9.8488
0.0065,0.0000,0.0000,0.0000,0.0064,0.0001,200,9.8488
0.0065,0.0000,0.0000,0.0000,0.0064,0.0001,200,9.8488
0.0066,0.0000,0.0000,0.0000,0.0065,0.0000,200,9.8488
0.0066,0.0000,0.0000,0.0000,0.0065,0.0001,200,9.8553
0.0069,0.0000,0.0000,0.0000,0.0068,0.0000,200,9.8553
0.0070,0.0000,0.0000,0.0000,0.0070,0.0000,200,9.8553
0.0077,0.0000,0.0000,0.0000,0.0069,0.0008,200,9.8554
0.0066,0.0000,0.0000,0.0000,0.0065,0.0001,200,9.8619
0.0061,0.0000,0.0000,0.0000,0.0061,0.0000,200,9.8623
0.0064,0.0000,0.0000,0.0000,0.0063,0.0000,200,9.8622
0.0062,0.0000,0.0000,0.0000,0.0062,0.0001,200,9.8631
0.0063,0.0000,0.0000,0.0000,0.0063,0.0000,200,9.8686
0.0065,0.0000,0.0000,0.0000,0.0064,0.0000,200,9.8685
0.0067,0.0000,0.0000,0.0000,0.0067,0.0000,200,9.8685
0.0070,0.0000,0.0000,0.0000,0.0069,0.0000,200,9.8693
0.0072,0.0000,0.0000,0.0000,0.0071,0.0001,200,9.8749
0.0069,0.0000,0.0000,0.0000,0.0068,0.0000,200,9.8752
0.0076,0.0000,0.0000,0.0000,0.0075,0.0000,200,9.8749
0.0067,0.0000,0.0000,0.0000,0.0066,0.0000,200,9.8764
0.0067,0.0000,0.0000,0.0000,0.0066,0.0001,200,9.8821
0.0063,0.0000,0.0000,0.0000,0.0062,0.0000,200,9.8826
0.0067,0.0000,0.0000,0.0000,0.0067,0.0000,200,9.8821
0.0063,0.0000,0.0000,0.0000,0.0062,0.0000,200,9.8830
0.0064,0.0000,0.0000,0.0000,0.0063,0.0001,200,9.8888
0.0064,0.0000,0.0000,0.0000,0.0064,0.0000,200,9.8888
0.0065,0.0000,0.0000,0.0000,0.0064,0.0000,200,9.8888
0.0062,0.0000,0.0000,0.0000,0.0061,0.0000,200,9.8893
0.0065,0.0000,0.0000,0.0000,0.0064,0.0001,200,9.8952
0.0066,0.0000,0.0000,0.0000,0.0065,0.0000,200,9.8952
0.0067,0.0000,0.0000,0.0000,0.0066,0.0000,200,9.8952
0.0064,0.0000,0.0000,0.0000,0.0064,0.0000,200,9.8955
0.0064,0.0000,0.0000,0.0000,0.0063,0.0001,200,9.9019
0.0064,0.0000,0.0000,0.0000,0.0064,0.0000,200,9.9019
0.0065,0.0000,0.0000,0.0000,0.0064,0.0000,200,9.9018
0.0066,0.0000,0.0000,0.0000,0.0065,0.0000,200,9.9017
0.0063,0.0000,0.0000,0.0000,0.0063,0.0000,200,9.9083
0.0063,0.0000,0.0000,0.0000,0.0062,0.0001,200,9.9083
0.0065,0.0000,0.0000,0.0000,0.0064,0.0000,200,9.9083
0.0065,0.0000,0.0000,0.0000,0.0064,0.0000,200,9.9083
0.0063,0.0000,0.0000,0.0000,0.0062,0.0001,200,9.9148
0.0065,0.0000,0.0000,0.0000,0.0064,0.0000,200,9.9147
0.0065,0.0000,0.0000,0.0000,0.0065,0.0000,200,9.9146
0.0063,0.0000,0.0000,0.0000,0.0063,0.0000,200,9.9148
0.0065,0.0000,0.0000,0.0000,0.0064,0.0001,200,9.9211
0.0066,0.0000,0.0000,0.0000,0.0065,0.0000,200,9.9211
0.0065,0.0000,0.0000,0.0000,0.0065,0.0000,200,9.9212
0.0065,0.0000,0.0000,0.0000,0.0065,0.0000,200,9.9212
0.0064,0.0000,0.0000,0.0000,0.0063,0.0001,200,9.9277
0.0064,0.0000,0.0000,0.0000,0.0063,0.0001,200,9.9277
0.0064,0.0000,0.0000,0.0000,0.0063,0.0000,200,9.9277
0.0064,0.0000,0.0000,0.0000,0.0063,0.0000,200,9.9277
0.0064,0.0000,0.0000,0.0000,0.0063,0.0000,200,9.9341
0.0064,0.0000,0.0000,0.0000,0.0063,0.0000,200,9.9341
0.0065,0.0000,0.0000,0.0000,0.0064,0.0000,200,9.9341
0.0065,0.0000,0.0000,0.0000,0.0065,0.0000,200,9.9341
0.0068,0.0000,0.0000,0.0000,0.0067,0.0001,200,9.9405
0.0067,0.0000,0.0000,0.0000,0.0066,0.0001,200,9.9406
0.0069,0.0000,0.0000,0.0000,0.0068,0.0000,200,9.9405
0.0068,0.0000,0.0000,0.0000,0.0067,0.0000,200,9.9406
0.0063,0.0000,0.0000,0.0000,0.0062,0.0001,200,9.9473
0.0064,0.0000,0.0000,0.0000,0.0063,0.0000,200,9.9473
0.0063,0.0000,0.0000,0.0000,0.0063,0.0000,200,9.9474
0.0065,0.0000,0.0000,0.0000,0.0064,0.0000,200,9.9473
0.0065,0.0000,0.0000,0.0000,0.0064,0.0000,200,9.9536
0.0064,0.0000,0.0000,0.0000,0.0063,0.0000,200,9.9537
0.0064,0.0000,0.0000,0.0000,0.0063,0.0001,200,9.9537
0.0066,0.0000,0.0000,0.0000,0.0064,0.0001,200,9.9537
0.0066,0.0000,0.0000,0.0000,0.0065,0.0001,200,9.9601
0.0066,0.0000,0.0000,0.0000,0.0065,0.0001,200,9.9601
0.0067,0.0000,0.0000,0.0000,0.0066,0.0000,200,9.9601
0.0065,0.0000,0.0000,0.0000,0.0065,0.0000,200,9.9603
0.0065,0.0000,0.0000,0.0000,0.0064,0.0001,200,9.9667
0.0069,0.0000,0.0000,0.0000,0.0068,0.0000,200,9.9668
0.0069,0.0000,0.0000,0.0000,0.0069,0.0000,200,9.9668
0.0071,0.0000,0.0000,0.0000,0.0070,0.0000,200,9.9667
0.0069,0.0000,0.0000,0.0000,0.0068,0.0001,200,9.9732
0.0066,0.0000,0.0000,0.0000,0.0066,0.0000,200,9.9737
0.0066,0.0000,0.0000,0.0000,0.0066,0.0000,200,9.9737
0.0071,0.0000,0.0000,0.0000,0.0070,0.0000,200,9.9737
0.0067,0.0000,0.0000,0.0000,0.0066,0.0001,200,9.9801
0.0064,0.0000,0.0000,0.0000,0.0063,0.0001,200,9.9804
0.0065,0.0000,0.0000,0.0000,0.0064,0.0000,200,9.9804
0.0065,0.0000,0.0000,0.0000,0.0064,0.0000,200,9.9808
0.0065,0.0000,0.0000,0.0000,0.0064,0.0001,200,9.9868
0.0066,0.0000,0.0000,0.0000,0.0066,0.0000,200,9.9868
0.0062,0.0000,0.0000,0.0000,0.0061,0.0000,200,9.9873
0.0066,0.0000,0.0000,0.0000,0.0066,0.0000,200,9.9869
0.0065,0.0000,0.0000,0.0000,0.0064,0.0001,200,9.9933
0.0065,0.0000,0.0000,0.0000,0.0064,0.0000,200,9.9934
0.0067,0.0000,0.0000,0.0000,0.0067,0.0000,200,9.9935
0.0075,0.0000,0.0000,0.0000,0.0074,0.0000,200,9.9935
0.0071,0.0000,0.0000,0.0000,0.0070,0.0001,200,9.9999
0.0068,0.0000,0.0000,0.0000,0.0067,0.0001,200,10.0002
0.0076,0.0000,0.0000,0.0000,0.0075,0.0000,200,9.9998
0.0071,0.0000,0.0000,0.0000,0.0070,0.0000,200,10.0010
0.0065,0.0000,0.0000,0.0000,0.0064,0.0001,200,10.0070
0.0066,0.0000,0.0000,0.0000,0.0065,0.0000,200,10.0070
0.0063,0.0000,0.0000,0.0000,0.0063,0.0000,200,10.0074
0.0062,0.0000,0.0000,0.0000,0.0061,0.0000,200,10.0081
0.0066,0.0000,0.0000,0.0000,0.0065,0.0000,200,10.0136
0.0068,0.0000,0.0000,0.0000,0.0067,0.0000,200,10.0136
0.0067,0.0000,0.0000,0.0000,0.0064,0.0003,200,10.0137
0.0062,0.0000,0.0000,0.0000,0.0061,0.0000,200,10.0142
0.0063,0.0000,0.0000,0.0000,0.0062,0.0001,200,10.0204
0.0065,0.0000,0.0000,0.0000,0.0064,0.0000,200,10.0202
0.0065,0.0000,0.0000,0.0000,0.0064,0.0000,200,10.0204
0.0066,0.0000,0.0000,0.0000,0.0065,0.0000,200,10.0203
0.0063,0.0000,0.0000,0.0000,0.0062,0.0001,200,10.0269
0.0068,0.0000,0.0000,0.0000,0.0067,0.0000,200,10.0267
0.0066,0.0000,0.0000,0.0000,0.0065,0.0001,200,10.0269
0.0067,0.0000,0.0000,0.0000,0.0067,0.0000,200,10.0267
0.0065,0.0000,0.0000,0.0000,0.0064,0.0001,200,10.0332
0.0064,0.0000,0.0000,0.0000,0.0063,0.0000,200,10.0335
0.0065,0.0000,0.0000,0.0000,0.0064,0.0000,200,10.0335
0.0066,0.0000,0.0000,0.0000,0.0066,0.0000,200,10.0335
0.0065,0.0000,0.0000,0.0000,0.0064,0.0001,200,10.0398
0.0063,0.0000,0.0000,0.0000,0.0062,0.0000,200,10.0401
0.0065,0.0000,0.0000,0.0000,0.0063,0.0001,200,10.0400
0.0074,0.0000,0.0000,0.0000,0.0067,0.0006,200,10.0398
0.0068,0.0000,0.0000,0.0000,0.0067,0.0001,200,10.0464
0.0068,0.0000,0.0000,0.0000,0.0067,0.0001,200,10.0463
0.0068,0.0000,0.0000,0.0000,0.0067,0.0000,200,10.0464
0.0064,0.0000,0.0000,0.0000,0.0063,0.0001,200,10.0472
0.0066,0.0000,0.0000,0.0000,0.0065,0.0001,200,10.0531
0.0066,0.0000,0.0000,0.0000,0.0065,0.0000,200,10.0532
0.0066,0.0000,0.0000,0.0000,0.0066,0.0000,200,10.0531
0.0065,0.0000,0.0000,0.0000,0.0064,0.0000,200,10.0537
0.0065,0.0000,0.0000,0.0000,0.0064,0.0001,200,10.0598
0.0065,0.0000,0.0000,0.0000,0.0064,0.0001,200,10.0598
0.0066,0.0000,0.0000,0.0000,0.0064,0.0001,200,10.0597
0.0062,0.0000,0.0000,0.0000,0.0062,0.0000,200,10.0602
0.0064,0.0000,0.0000,0.0000,0.0063,0.0001,200,10.0664
0.0065,0.0000,0.0000,0.0000,0.0065,0.0000,200,10.0663
0.0065,0.0000,0.0000,0.0000,0.0064,0.0000,200,10.0663
0.0066,0.0000,0.0000,0.0000,0.0065,0.0000,200,10.0663
0.0064,0.0000,0.0000,0.0000,0.0064,0.0001,200,10.0728
0.0065,0.0000,0.0000,0.0000,0.0064,0.0001,200,10.0728
0.0064,0.0000,0.0000,0.0000,0.0064,0.0001,200,10.0728
0.0064,0.0000,0.0000,0.0000,0.0064,0.0000,200,10.0729
0.0065,0.0000,0.0000,0.0000,0.0065,0.0001,200,10.0793
0.0066,0.0000,0.0000,0.0000,0.0065,0.0001,200,10.0793
0.0066,0.0000,0.0000,0.0000,0.0065,0.0001,200,10.0793
0.0066,0.0000,0.0000,0.0001,0.0064,0.0001,200,10.0793
0.0066,0.0000,0.0000,0.0000,0.0065,0.0000,200,10.0858
0.0066,0.0000,0.0000,0.0000,0.0065,0.0001,200,10.0859
0.0066,0.0000,0.0000,0.0000,0.0065,0.0001,200,10.0858
0.0067,0.0000,0.0000,0.0000,0.0067,0.0000,200,10.0858
0.0067,0.0000,0.0000,0.0000,0.0065,0.0001,200,10.0925
0.0066,0.0000,0.0000,0.0000,0.0065,0.0000,200,10.0926
0.0067,0.0000,0.0000,0.0000,0.0066,0.0000,200,10.0925
0.0098,0.0000,0.0000,0.0000,0.0098,0.0000,200,10.0925
0.0065,0.0000,0.0000,0.0000,0.0064,0.0000,200,10.0992
0.0065,0.0000,0.0000,0.0000,0.0065,0.0000,200,10.0992
0.0066,0.0000,0.0000,0.0000,0.0064,0.0002,200,10.0991
0.0069,0.0000,0.0000,0.0000,0.0068,0.0001,200,10.1023
0.0063,0.0000,0.0000,0.0000,0.0062,0.0001,200,10.1057
0.0064,0.0000,0.0000,0.0000,0.0064,0.0000,200,10.1057
0.0064,0.0000,0.0000,0.0000,0.0063,0.0000,200,10.1058
0.0067,0.0000,0.0000,0.0000,0.0066,0.0001,200,10.1092
0.0065,0.0000,0.0000,0.0000,0.0064,0.0001,200,10.1121
0.0067,0.0000,0.0000,0.0000,0.0066,0.0000,200,10.1120
0.0067,0.0000,0.0000,0.0000,0.0066,0.0000,200,10.1121
0.0065,0.0000,0.0000,0.0000,0.0064,0.0001,200,10.1159
0.0070,0.0000,0.0000,0.0000,0.0069,0.0001,200,10.1188
0.0075,0.0000,0.0000,0.0000,0.0074,0.0000,200,10.1186
0.0073,0.0000,0.0000,0.0000,0.0073,0.0000,200,10.1187
0.0064,0.0000,0.0000,0.0000,0.0063,0.0000,200,10.1224
0.0068,0.0000,0.0000,0.0000,0.0068,0.0001,200,10.1261
0.0069,0.0000,0.0000,0.0000,0.0069,0.0000,200,10.1261
0.0074,0.0000,0.0000,0.0000,0.0073,0.0000,200,10.1258
0.0062,0.0000,0.0000,0.0000,0.0061,0.0001,200,10.1288
0.0063,0.0000,0.0000,0.0000,0.0063,0.0001,200,10.1330
0.0065,0.0000,0.0000,0.0000,0.0063,0.0001,200,10.1329
0.0074,0.0000,0.0000,0.0000,0.0073,0.0001,200,10.1333
0.0061,0.0000,0.0000,0.0000,0.0060,0.0000,200,10.1350
0.0064,0.0000,0.0000,0.0000,0.0063,0.0001,200,10.1394
0.0070,0.0000,0.0000,0.0000,0.0069,0.0001,200,10.1394
0.0062,0.0000,0.0000,0.0000,0.0061,0.0000,200,10.1410
0.0067,0.0000,0.0000,0.0000,0.0063,0.0003,200,10.1407
0.0063,0.0000,0.0000,0.0000,0.0062,0.0000,200,10.1458
0.0063,0.0000,0.0000,0.0000,0.0063,0.0000,200,10.1464
0.0063,0.0000,0.0000,0.0000,0.0062,0.0000,200,10.1472
0.0065,0.0000,0.0000,0.0000,0.0065,0.0000,200,10.1474
0.0064,0.0000,0.0000,0.0000,0.0064,0.0000,200,10.1521
0.0063,0.0000,0.0000,0.0000,0.0062,0.0000,200,10.1527
0.0068,0.0000,0.0000,0.0000,0.0067,0.0000,200,10.1535
0.0068,0.0000,0.0000,0.0000,0.0067,0.0000,200,10.1539
0.0064,0.0000,0.0000,0.0000,0.0063,0.0001,200,10.1585
0.0063,0.0000,0.0000,0.0000,0.0063,0.0001,200,10.1590
0.0064,0.0000,0.0000,0.0000,0.0063,0.0001,200,10.1603
0.0080,0.0000,0.0000,0.0000,0.0079,0.0000,200,10.1607
0.0065,0.0000,0.0000,0.0000,0.0064,0.0000,200,10.1649
0.0064,0.0000,0.0000,0.0000,0.0062,0.0001,200,10.1653
0.0063,0.0000,0.0000,0.0000,0.0062,0.0001,200,10.1667
0.0063,0.0000,0.0000,0.0000,0.0062,0.0000,200,10.1686
0.0065,0.0000,0.0000,0.0000,0.0064,0.0001,200,10.1715
0.0065,0.0000,0.0000,0.0000,0.0064,0.0001,200,10.1717
0.0062,0.0000,0.0000,0.0000,0.0061,0.0000,200,10.1729
0.0064,0.0000,0.0000,0.0000,0.0063,0.0000,200,10.1750
0.0066,0.0000,0.0000,0.0000,0.0066,0.0000,200,10.1780
0.0064,0.0000,0.0000,0.0000,0.0063,0.0000,200,10.1782
0.0061,0.0000,0.0000,0.0000,0.0061,0.0000,200,10.1791
0.0063,0.0000,0.0000,0.0000,0.0062,0.0001,200,10.1813
0.0063,0.0000,0.0000,0.0000,0.0062,0.0000,200,10.1846
0.0064,0.0000,0.0000,0.0000,0.0063,0.0000,200,10.1846
0.0061,0.0000,0.0000,0.0000,0.0060,0.0000,200,10.1852
0.0064,0.0000,0.0000,0.0000,0.0063,0.0001,200,10.1876
0.0063,0.0000,0.0000,0.0000,0.0063,0.0000,200,10.1910
0.0064,0.0000,0.0000,0.0000,0.0063,0.0000,200,10.1909
0.0066,0.0000,0.0000,0.0000,0.0065,0.0000,200,10.1913
0.0065,0.0000,0.0000,0.0000,0.0064,0.0001,200,10.1941
0.0064,0.0000,0.0000,0.0000,0.0063,0.0000,200,10.1973
0.0064,0.0000,0.0000,0.0000,0.0063,0.0000,200,10.1973
0.0063,0.0000,0.0000,0.0000,0.0062,0.0000,200,10.1979
0.0066,0.0000,0.0000,0.0000,0.0065,0.0000,200,10.2006
0.0065,0.0000,0.0000,0.0000,0.0064,0.0001,200,10.2037
0.0068,0.0000,0.0000,0.0000,0.0067,0.0000,200,10.2037
0.0065,0.0000,0.0000,0.0000,0.0065,0.0000,200,10.2042
0.0063,0.0000,0.0000,0.0000,0.0062,0.0000,200,10.2071
0.0064,0.0000,0.0000,0.0000,0.0063,0.0000,200,10.2102
0.0062,0.0000,0.0000,0.0000,0.0061,0.0000,200,10.2105
0.0064,0.0000,0.0000,0.0000,0.0063,0.0000,200,10.2107
0.0064,0.0000,0.0000,0.0000,0.0063,0.0001,200,10.2134
0.0068,0.0000,0.0000,0.0000,0.0067,0.0001,200,10.2167
0.0064,0.0000,0.0000,0.0000,0.0063,0.0001,200,10.2171
0.0072,0.0000,0.0000,0.0000,0.0071,0.0000,200,10.2166
0.0062,0.0000,0.0000,0.0000,0.0061,0.0000,200,10.2198
0.0066,0.0000,0.0000,0.0000,0.0065,0.0001,200,10.2235
0.0066,0.0000,0.0000,0.0000,0.0065,0.0000,200,10.2235
0.0063,0.0000,0.0000,0.0000,0.0063,0.0000,200,10.2238
0.0063,0.0000,0.0000,0.0000,0.0062,0.0000,200,10.2260
0.0064,0.0000,0.0000,0.0000,0.0063,0.0001,200,10.2301
0.0064,0.0000,0.0000,0.0000,0.0064,0.0000,200,10.2301
0.0065,0.0000,0.0000,0.0000,0.0064,0.0000,200,10.2301
0.0062,0.0000,0.0000,0.0000,0.0061,0.0000,200,10.2323
0.0063,0.0000,0.0000,0.0000,0.0063,0.0001,200,10.2366
0.0064,0.0000,0.0000,0.0000,0.0063,0.0000,200,10.2365
0.0064,0.0000,0.0000,0.0000,0.0063,0.0000,200,10.2365
0.0081,0.0000,0.0000,0.0000,0.0081,0.0000,200,10.2385
0.0063,0.0000,0.0000,0.0000,0.0063,0.0001,200,10.2429
0.0065,0.0000,0.0000,0.0000,0.0064,0.0000,200,10.2429
0.0067,0.0000,0.0000,0.0000,0.0067,0.0001,200,10.2429
0.0080,0.0000,0.0000,0.0000,0.0079,0.0001,200,10.2466
0.0065,0.0000,0.0000,0.0000,0.0065,0.0001,200,10.2494
0.0068,0.0000,0.0000,0.0000,0.0065,0.0003,200,10.2493
0.0075,0.0000,0.0000,0.0000,0.0074,0.0001,200,10.2497
0.0071,0.0000,0.0000,0.0000,0.0070,0.0001,200,10.2546
0.0068,0.0000,0.0000,0.0000,0.0067,0.0001,200,10.2559
0.0068,0.0000,0.0000,0.0000,0.0067,0.0000,200,10.2561
0.0070,0.0000,0.0000,0.0000,0.0068,0.0001,200,10.2572
0.0072,0.0000,0.0000,0.0000,0.0071,0.0001,200,10.2617
0.0062,0.0000,0.0000,0.0000,0.0062,0.0000,200,10.2629
0.0067,0.0000,0.0000,0.0000,0.0066,0.0000,200,10.2627
0.0064,0.0000,0.0000,0.0000,0.0063,0.0001,200,10.2642
0.0064,0.0000,0.0000,0.0000,0.0063,0.0000,200,10.2689
0.0064,0.0000,0.0000,0.0000,0.0063,0.0000,200,10.2691
0.0064,0.0000,0.0000,0.0000,0.0064,0.0000,200,10.2694
0.0061,0.0000,0.0000,0.0000,0.0061,0.0000,200,10.2706
0.0063,0.0000,0.0000,0.0000,0.0062,0.0000,200,10.2759
0.0067,0.0000,0.0000,0.0000,0.0066,0.0001,200,10.2755
0.0069,0.0000,0.0000,0.0000,0.0068,0.0001,200,10.2753
0.0061,0.0000,0.0000,0.0000,0.0060,0.0000,200,10.2767
0.0066,0.0000,0.0000,0.0000,0.0065,0.0001,200,10.2822
0.0066,0.0000,0.0000,0.0000,0.0065,0.0001,200,10.2822
0.0066,0.0000,0.0000,0.0000,0.0065,0.0001,200,10.2822
0.0061,0.0000,0.0000,0.0000,0.0061,0.0000,200,10.2828
0.0066,0.0000,0.0000,0.0000,0.0065,0.0001,200,10.2888
0.0066,0.0000,0.0000,0.0000,0.0065,0.0000,200,10.2889
0.0067,0.0000,0.0000,0.0000,0.0066,0.0000,200,10.2888
0.0069,0.0000,0.0000,0.0000,0.0068,0.0000,200,10.2888
0.0065,0.0000,0.0000,0.0000,0.0064,0.0001,200,10.2955
0.0066,0.0000,0.0000,0.0000,0.0065,0.0000,200,10.2954
0.0066,0.0000,0.0000,0.0000,0.0065,0.0001,200,10.2954
0.0065,0.0000,0.0000,0.0000,0.0064,0.0000,200,10.2957
0.0065,0.0000,0.0000,0.0000,0.0064,0.0001,200,10.3020
0.0066,0.0000,0.0000,0.0000,0.0065,0.0000,200,10.3020
0.0064,0.0000,0.0000,0.0000,0.0063,0.0000,200,10.3022
0.0066,0.0000,0.0000,0.0000,0.0065,0.0000,200,10.3020
0.0066,0.0000,0.0000,0.0000,0.0065,0.0001,200,10.3086
0.0066,0.0000,0.0000,0.0000,0.0065,0.0000,200,10.3085
0.0066,0.0000,0.0000,0.0000,0.0065,0.0001,200,10.3086
0.0066,0.0000,0.0000,0.0000,0.0065,0.0000,200,10.3086
0.0066,0.0000,0.0000,0.0000,0.0065,0.0001,200,10.3151
0.0066,0.0000,0.0000,0.0000,0.0066,0.0000,200,10.3151
0.0066,0.0000,0.0000,0.0000,0.0065,0.0000,200,10.3152
0.0066,0.0000,0.0000,0.0000,0.0066,0.0000,200,10.3151
0.0066,0.0000,0.0000,0.0000,0.0065,0.0001,200,10.3217
0.0067,0.0000,0.0000,0.0000,0.0067,0.0000,200,10.3217
0.0068,0.0000,0.0000,0.0000,0.0067,0.0000,200,10.3217
0.0068,0.0000,0.0000,0.0000,0.0067,0.0000,200,10.3217
0.0069,0.0000,0.0000,0.0000,0.0068,0.0001,200,10.3285
0.0068,0.0000,0.0000,0.0000,0.0067,0.0001,200,10.3285
0.0069,0.0000,0.0000,0.0000,0.0068,0.0001,200,10.3285
0.0071,0.0000,0.0000,0.0000,0.0068,0.0000,200,10.3283
0.0067,0.0000,0.0000,0.0000,0.0066,0.0000,200,10.3354
0.0067,0.0000,0.0000,0.0000,0.0066,0.0000,200,10.3354
0.0068,0.0000,0.0000,0.0000,0.0067,0.0000,200,10.3354
0.0068,0.0000,0.0000,0.0000,0.0067,0.0000,200,10.3354
0.0072,0.0000,0.0000,0.0000,0.0071,0.0001,200,10.3421
0.0071,0.0000,0.0000,0.0000,0.0071,0.0000,200,10.3422
0.0072,0.0000,0.0000,0.0000,0.0072,0.0000,200,10.3422
0.0077,0.0000,0.0000,0.0000,0.0077,0.0000,200,10.3421
0.0065,0.0000,0.0000,0.0000,0.0064,0.0001,200,10.3493
0.0067,0.0000,0.0000,0.0000,0.0067,0.0000,200,10.3492
0.0067,0.0000,0.0000,0.0000,0.0066,0.0000,200,10.3494
0.0111,0.0000,0.0000,0.0000,0.0109,0.0001,200,10.3498
0.0070,0.0000,0.0000,0.0000,0.0069,0.0000,200,10.3559
0.0067,0.0000,0.0000,0.0000,0.0067,0.0000,200,10.3561
0.0068,0.0000,0.0000,0.0000,0.0068,0.0000,200,10.3560
0.0068,0.0000,0.0000,0.0000,0.0067,0.0001,200,10.3609
0.0082,0.0000,0.0000,0.0000,0.0081,0.0001,200,10.3628
0.0084,0.0000,0.0000,0.0000,0.0083,0.0000,200,10.3628
0.0084,0.0000,0.0000,0.0000,0.0083,0.0000,200,10.3628
0.0081,0.0000,0.0000,0.0001,0.0078,0.0001,200,10.3677
0.0074,0.0000,0.0000,0.0000,0.0073,0.0000,200,10.3712
0.0074,0.0000,0.0000,0.0000,0.0073,0.0000,200,10.3712
0.0076,0.0000,0.0000,0.0000,0.0076,0.0000,200,10.3710
0.0071,0.0000,0.0000,0.0000,0.0070,0.0001,200,10.3758
0.0067,0.0000,0.0000,0.0000,0.0066,0.0001,200,10.3786
0.0068,0.0000,0.0000,0.0000,0.0068,0.0000,200,10.3787
0.0075,0.0000,0.0000,0.0000,0.0074,0.0000,200,10.3786
0.0066,0.0000,0.0000,0.0000,0.0065,0.0001,200,10.3829
0.0067,0.0000,0.0000,0.0000,0.0066,0.0001,200,10.3854
0.0064,0.0000,0.0000,0.0000,0.0063,0.0000,200,10.3861
0.0076,0.0000,0.0000,0.0000,0.0075,0.0000,200,10.3855
0.0065,0.0000,0.0000,0.0000,0.0064,0.0000,200,10.3895
0.0064,0.0000,0.0000,0.0000,0.0063,0.0000,200,10.3921
0.0063,0.0000,0.0000,0.0000,0.0062,0.0000,200,10.3925
0.0064,0.0000,0.0000,0.0000,0.0063,0.0001,200,10.3931
0.0062,0.0000,0.0000,0.0000,0.0062,0.0001,200,10.3960
0.0064,0.0000,0.0000,0.0000,0.0063,0.0000,200,10.3984
0.0069,0.0000,0.0000,0.0000,0.0068,0.0000,200,10.3987
0.0073,0.0000,0.0000,0.0000,0.0072,0.0000,200,10.3995
0.0061,0.0000,0.0000,0.0000,0.0061,0.0000,200,10.4022
0.0063,0.0000,0.0000,0.0000,0.0062,0.0000,200,10.4048
0.0074,0.0000,0.0000,0.0000,0.0074,0.0000,200,10.4056
0.0063,0.0000,0.0000,0.0000,0.0063,0.0000,200,10.4068
0.0061,0.0000,0.0000,0.0000,0.0060,0.0000,200,10.4084
0.0062,0.0000,0.0000,0.0000,0.0061,0.0000,200,10.4111
0.0062,0.0000,0.0000,0.0000,0.0062,0.0000,200,10.4131
0.0063,0.0000,0.0000,0.0000,0.0062,0.0000,200,10.4131
0.0061,0.0000,0.0000,0.0000,0.0060,0.0000,200,10.4144
0.0062,0.0000,0.0000,0.0000,0.0061,0.0000,200,10.4173
0.0062,0.0000,0.0000,0.0000,0.0062,0.0000,200,10.4194
0.0063,0.0000,0.0000,0.0000,0.0062,0.0000,200,10.4194
0.0064,0.0000,0.0000,0.0000,0.0063,0.0000,200,10.4206
0.0062,0.0000,0.0000,0.0000,0.0062,0.0000,200,10.4236
0.0064,0.0000,0.0000,0.0000,0.0062,0.0001,200,10.4256
0.0063,0.0000,0.0000,0.0000,0.0063,0.0000,200,10.4257
0.0061,0.0000,0.0000,0.0000,0.0061,0.0000,200,10.4269
0.0062,0.0000,0.0000,0.0000,0.0061,0.0000,200,10.4298
0.0063,0.0000,0.0000,0.0000,0.0062,0.0001,200,10.4320
0.0064,0.0000,0.0000,0.0000,0.0063,0.0000,200,10.4320
0.0061,0.0000,0.0000,0.0000,0.0060,0.0000,200,10.4330
0.0063,0.0000,0.0000,0.0000,0.0062,0.0000,200,10.4360
0.0063,0.0000,0.0000,0.0000,0.0062,0.0000,200,10.4383
0.0063,0.0000,0.0000,0.0000,0.0062,0.0000,200,10.4383
0.0065,0.0000,0.0000,0.0000,0.0064,0.0001,200,10.4392
0.0064,0.0000,0.0000,0.0000,0.0063,0.0001,200,10.4423
0.0063,0.0000,0.0000,0.0000,0.0063,0.0000,200,10.4446
0.0070,0.0000,0.0000,0.0000,0.0063,0.0007,200,10.4446
0.0066,0.0000,0.0000,0.0000,0.0065,0.0000,200,10.4456
0.0070,0.0000,0.0000,0.0000,0.0069,0.0001,200,10.4487
0.0064,0.0000,0.0000,0.0000,0.0063,0.0001,200,10.4509
0.0067,0.0000,0.0000,0.0000,0.0065,0.0001,200,10.4516
0.0064,0.0000,0.0000,0.0000,0.0063,0.0001,200,10.4523
0.0068,0.0000,0.0000,0.0000,0.0066,0.0001,200,10.4557
0.0066,0.0000,0.0000,0.0000,0.0065,0.0001,200,10.4573
0.0063,0.0000,0.0000,0.0000,0.0063,0.0000,200,10.4582
0.0062,0.0000,0.0000,0.0000,0.0061,0.0000,200,10.4587
0.0066,0.0000,0.0000,0.0000,0.0065,0.0001,200,10.4625
0.0063,0.0000,0.0000,0.0000,0.0062,0.0000,200,10.4639
0.0062,0.0000,0.0000,0.0000,0.0061,0.0000,200,10.4649
0.0065,0.0000,0.0000,0.0000,0.0064,0.0000,200,10.4646
0.0064,0.0000,0.0000,0.0000,0.0063,0.0000,200,10.4691
0.0064,0.0000,0.0000,0.0000,0.0063,0.0001,200,10.4702
0.0062,0.0000,0.0000,0.0000,0.0062,0.0000,200,10.4711
0.0067,0.0000,0.0000,0.0000,0.0066,0.0000,200,10.4711
0.0069,0.0000,0.0000,0.0000,0.0068,0.0001,200,10.4755
0.0064,0.0000,0.0000,0.0000,0.0062,0.0001,200,10.4767
0.0068,0.0000,0.0000,0.0000,0.0067,0.0001,200,10.4773
0.0066,0.0000,0.0000,0.0000,0.0066,0.0000,200,10.4778
0.0068,0.0000,0.0000,0.0000,0.0067,0.0001,200,10.4830
0.0076,0.0000,0.0000,0.0000,0.0075,0.0000,200,10.4824
0.0063,0.0000,0.0000,0.0000,0.0062,0.0000,200,10.4844
0.0068,0.0000,0.0000,0.0000,0.0067,0.0001,200,10.4898
0.0067,0.0000,0.0000,0.0000,0.0066,0.0001,200,10.4900
0.0061,0.0000,0.0000,0.0000,0.0061,0.0000,200,10.4907
0.0137,0.0000,0.0000,0.0000,0.0136,0.0000,200,10.4841
0.0066,0.0000,0.0000,0.0000,0.0065,0.0001,200,10.4966
0.0065,0.0000,0.0000,0.0000,0.0065,0.0001,200,10.4967
0.0064,0.0000,0.0000,0.0000,0.0063,0.0000,200,10.4968
0.0063,0.0000,0.0000,0.0000,0.0062,0.0000,200,10.4978
0.0066,0.0000,0.0000,0.0000,0.0065,0.0001,200,10.5032
0.0066,0.0000,0.0000,0.0000,0.0065,0.0000,200,10.5032
0.0066,0.0000,0.0000,0.0000,0.0065,0.0000,200,10.5032
0.0063,0.0000,0.0000,0.0000,0.0062,0.0000,200,10.5041
0.0065,0.0000,0.0000,0.0000,0.0064,0.0001,200,10.5098
0.0065,0.0000,0.0000,0.0000,0.0064,0.0001,200,10.5098
0.0060,0.0000,0.0000,0.0000,0.0060,0.0000,200,10.5103
0.0066,0.0000,0.0000,0.0000,0.0064,0.0001,200,10.5098
0.0064,0.0000,0.0000,0.0000,0.0063,0.0000,200,10.5164
0.0065,0.0000,0.0000,0.0000,0.0064,0.0000,200,10.5163
0.0065,0.0000,0.0000,0.0000,0.0063,0.0001,200,10.5163
0.0064,0.0000,0.0000,0.0000,0.0064,0.0000,200,10.5164
0.0065,0.0000,0.0000,0.0000,0.0064,0.0000,200,10.5228
0.0064,0.0000,0.0000,0.0000,0.0063,0.0001,200,10.5228
0.0065,0.0000,0.0000,0.0000,0.0065,0.0000,200,10.5228
0.0066,0.0000,0.0000,0.0000,0.0065,0.0000,200,10.5227
0.0063,0.0000,0.0000,0.0000,0.0062,0.0001,200,10.5293
0.0064,0.0000,0.0000,0.0000,0.0063,0.0000,200,10.5292
0.0064,0.0000,0.0000,0.0000,0.0063,0.0000,200,10.5292
0.0063,0.0000,0.0000,0.0000,0.0063,0.0001,200,10.5293
0.0065,0.0000,0.0000,0.0000,0.0064,0.0001,200,10.5357
0.0066,0.0000,0.0000,0.0000,0.0065,0.0000,200,10.5356
0.0065,0.0000,0.0000,0.0000,0.0065,0.0000,200,10.5357
0.0066,0.0000,0.0000,0.0000,0.0064,0.0001,200,10.5357
0.0066,0.0000,0.0000,0.0000,0.0065,0.0001,200,10.5421
0.0066,0.0000,0.0000,0.0000,0.0064,0.0001,200,10.5422
0.0065,0.0000,0.0000,0.0000,0.0064,0.0001,200,10.5422
0.0069,0.0000,0.0000,0.0000,0.0068,0.0000,200,10.5422
0.0065,0.0000,0.0000,0.0000,0.0065,0.0000,200,10.5488
0.0065,0.0000,0.0000,0.0000,0.0065,0.0000,200,10.5488
0.0066,0.0000,0.0000,0.0000,0.0064,0.0001,200,10.5488
0.0064,0.0000,0.0000,0.0000,0.0064,0.0000,200,10.5491
0.0065,0.0000,0.0000,0.0000,0.0064,0.0001,200,10.5555
0.0067,0.0000,0.0000,0.0000,0.0066,0.0000,200,10.5553
0.0067,0.0000,0.0000,0.0000,0.0066,0.0000,200,10.5553
0.0067,0.0000,0.0000,0.0000,0.0066,0.0000,200,10.5553
0.0065,0.0000,0.0000,0.0000,0.0064,0.0001,200,10.5620
0.0065,0.0000,0.0000,0.0000,0.0065,0.0000,200,10.5619
0.0065,0.0000,0.0000,0.0000,0.0065,0.0000,200,10.5620
0.0066,0.0000,0.0000,0.0000,0.0066,0.0000,200,10.5620
0.0065,0.0000,0.0000,0.0000,0.0064,0.0001,200,10.5685
0.0066,0.0000,0.0000,0.0000,0.0065,0.0000,200,10.5685
0.0064,0.0000,0.0000,0.0000,0.0064,0.0000,200,10.5686
0.0067,0.0000,0.0000,0.0000,0.0066,0.0000,200,10.5685
0.0065,0.0000,0.0000,0.0000,0.0064,0.0001,200,10.5750
0.0065,0.0000,0.0000,0.0000,0.0064,0.0000,200,10.5750
0.0065,0.0000,0.0000,0.0000,0.0064,0.0000,200,10.5750
0.0064,0.0000,0.0000,0.0000,0.0063,0.0000,200,10.5752
0.0067,0.0000,0.0000,0.0000,0.0066,0.0001,200,10.5815
0.0067,0.0000,0.0000,0.0000,0.0066,0.0001,200,10.5815
0.0073,0.0000,0.0000,0.0000,0.0072,0.0000,200,10.5815
0.0075,0.0000,0.0000,0.0000,0.0074,0.0000,200,10.5816
0.0064,0.0000,0.0000,0.0000,0.0063,0.0001,200,10.5888
0.0071,0.0000,0.0000,0.0000,0.0070,0.0001,200,10.5882
0.0074,0.0000,0.0000,0.0000,0.0072,0.0002,200,10.5882
0.0066,0.0000,0.0000,0.0000,0.0066,0.0000,200,10.5890
0.0064,0.0000,0.0000,0.0000,0.0064,0.0001,200,10.5953
0.0067,0.0000,0.0000,0.0004,0.0063,0.0000,200,10.5953
0.0064,0.0000,0.0000,0.0000,0.0063,0.0000,200,10.5957
0.0066,0.0000,0.0000,0.0000,0.0065,0.0000,200,10.5957
0.0064,0.0000,0.0000,0.0000,0.0063,0.0001,200,10.6017
0.0061,0.0000,0.0000,0.0000,0.0061,0.0000,200,10.6020
0.0062,0.0000,0.0000,0.0000,0.0062,0.0000,200,10.6021
0.0063,0.0000,0.0000,0.0000,0.0062,0.0000,200,10.6023
0.0064,0.0000,0.0000,0.0000,0.0063,0.0000,200,10.6083
0.0065,0.0000,0.0000,0.0000,0.0065,0.0001,200,10.6082
0.0066,0.0000,0.0000,0.0000,0.0066,0.0000,200,10.6081
0.0062,0.0000,0.0000,0.0000,0.0062,0.0000,200,10.6086
0.0066,0.0000,0.0000,0.0000,0.0065,0.0001,200,10.6147
0.0065,0.0000,0.0000,0.0000,0.0064,0.0000,200,10.6148
0.0071,0.0000,0.0000,0.0000,0.0071,0.0000,200,10.6147
0.0073,0.0000,0.0000,0.0000,0.0072,0.0000,200,10.6147
0.0071,0.0000,0.0000,0.0000,0.0070,0.0001,200,10.6213
0.0065,0.0000,0.0000,0.0000,0.0065,0.0000,200,10.6219
0.0072,0.0000,0.0000,0.0000,0.0071,0.0000,200,10.6213
0.0098,0.0000,0.0000,0.0000,0.0097,0.0001,200,10.6220
0.0067,0.0000,0.0000,0.0000,0.0066,0.0000,200,10.6284
0.0066,0.0000,0.0000,0.0000,0.0066,0.0001,200,10.6285
0.0070,0.0000,0.0000,0.0000,0.0069,0.0000,200,10.6284
0.0066,0.0000,0.0000,0.0000,0.0065,0.0001,200,10.6318
0.0067,0.0000,0.0000,0.0000,0.0066,0.0001,200,10.6351
0.0072,0.0000,0.0000,0.0000,0.0070,0.0001,200,10.6351
0.0070,0.0000,0.0000,0.0000,0.0069,0.0000,200,10.6354
0.0068,0.0000,0.0000,0.0000,0.0067,0.0001,200,10.6384
0.0070,0.0000,0.0000,0.0000,0.0068,0.0001,200,10.6418
0.0066,0.0000,0.0000,0.0000,0.0065,0.0000,200,10.6424
0.0073,0.0000,0.0000,0.0000,0.0072,0.0000,200,10.6423
0.0069,0.0000,0.0000,0.0000,0.0067,0.0001,200,10.6453
0.0071,0.0000,0.0000,0.0000,0.0070,0.0001,200,10.6490
0.0072,0.0000,0.0000,0.0000,0.0071,0.0000,200,10.6488
0.0070,0.0000,0.0000,0.0000,0.0069,0.0001,200,10.6496
0.0066,0.0000,0.0000,0.0001,0.0065,0.0000,200,10.6521
0.0066,0.0000,0.0000,0.0000,0.0065,0.0001,200,10.6560
0.0067,0.0000,0.0000,0.0000,0.0067,0.0000,200,10.6561
0.0077,0.0000,0.0000,0.0004,0.0073,0.0001,200,10.6566
0.0066,0.0000,0.0000,0.0000,0.0065,0.0000,200,10.6588
0.0066,0.0000,0.0000,0.0000,0.0065,0.0001,200,10.6627
0.0065,0.0000,0.0000,0.0000,0.0065,0.0000,200,10.6628
0.0064,0.0000,0.0000,0.0000,0.0064,0.0000,200,10.6643
0.0064,0.0000,0.0000,0.0000,0.0064,0.0000,200,10.6653
0.0065,0.0000,0.0000,0.0000,0.0065,0.0000,200,10.6693
0.0066,0.0000,0.0000,0.0000,0.0065,0.0000,200,10.6693
0.0063,0.0000,0.0000,0.0000,0.0062,0.0000,200,10.6708
0.0063,0.0000,0.0000,0.0000,0.0063,0.0000,200,10.6718
0.0067,0.0000,0.0000,0.0000,0.0066,0.0000,200,10.6759
0.0068,0.0000,0.0000,0.0000,0.0067,0.0000,200,10.6759
0.0063,0.0000,0.0000,0.0000,0.0062,0.0000,200,10.6771
0.0068,0.0000,0.0000,0.0000,0.0068,0.0000,200,10.6781
0.0066,0.0000,0.0000,0.0000,0.0065,0.0001,200,10.6825
0.0066,0.0000,0.0000,0.0000,0.0065,0.0001,200,10.6827
0.0062,0.0000,0.0000,0.0000,0.0061,0.0000,200,10.6833
0.0063,0.0000,0.0000,0.0000,0.0062,0.0000,200,10.6850
0.0063,0.0000,0.0000,0.0000,0.0062,0.0001,200,10.6893
0.0068,0.0000,0.0000,0.0000,0.0067,0.0000,200,10.6895
0.0073,0.0000,0.0000,0.0000,0.0073,0.0000,200,10.6891
0.0069,0.0000,0.0000,0.0000,0.0069,0.0000,200,10.6913
0.0064,0.0000,0.0000,0.0000,0.0063,0.0000,200,10.6956
0.0067,0.0000,0.0000,0.0000,0.0067,0.0000,200,10.6965
0.0069,0.0000,0.0000,0.0000,0.0069,0.0000,200,10.6963
0.0081,0.0000,0.0000,0.0000,0.0080,0.0001,200,10.6982
0.0063,0.0000,0.0000,0.0000,0.0063,0.0000,200,10.7020
0.0062,0.0000,0.0000,0.0000,0.0061,0.0001,200,10.7032
0.0063,0.0000,0.0000,0.0000,0.0062,0.0000,200,10.7033
0.0064,0.0000,0.0000,0.0000,0.0063,0.0000,200,10.7063
0.0062,0.0000,0.0000,0.0000,0.0061,0.0000,200,10.7083
0.0061,0.0000,0.0000,0.0000,0.0060,0.0001,200,10.7096
0.0064,0.0000,0.0000,0.0000,0.0063,0.0000,200,10.7094
0.0062,0.0000,0.0000,0.0000,0.0061,0.0000,200,10.7127
0.0062,0.0000,0.0000,0.0000,0.0061,0.0000,200,10.7145
0.0062,0.0000,0.0000,0.0000,0.0062,0.0000,200,10.7158
0.0065,0.0000,0.0000,0.0000,0.0064,0.0000,200,10.7156
0.0062,0.0000,0.0000,0.0000,0.0061,0.0000,200,10.7189
0.0063,0.0000,0.0000,0.0000,0.0062,0.0000,200,10.7207
0.0065,0.0000,0.0000,0.0000,0.0064,0.0000,200,10.7220
0.0064,0.0000,0.0000,0.0000,0.0064,0.0000,200,10.7221
0.0062,0.0000,0.0000,0.0000,0.0061,0.0000,200,10.7250
0.0062,0.0000,0.0000,0.0000,0.0061,0.0000,200,10.7271
0.0062,0.0000,0.0000,0.0000,0.0061,0.0000,200,10.7285
0.0063,0.0000,0.0000,0.0000,0.0063,0.0000,200,10.7285
0.0062,0.0000,0.0000,0.0000,0.0061,0.0000,200,10.7312
0.0062,0.0000,0.0000,0.0000,0.0061,0.0000,200,10.7333
0.0064,0.0000,0.0000,0.0000,0.0063,0.0000,200,10.7347
0.0070,0.0000,0.0000,0.0000,0.0070,0.0000,200,10.7348
0.0061,0.0000,0.0000,0.0000,0.0061,0.0000,200,10.7374
0.0061,0.0000,0.0000,0.0000,0.0061,0.0000,200,10.7395
0.0067,0.0000,0.0000,0.0000,0.0067,0.0000,200,10.7411
0.0063,0.0000,0.0000,0.0000,0.0062,0.0001,200,10.7419
0.0063,0.0000,0.0000,0.0000,0.0062,0.0000,200,10.7435
0.0060,0.0000,0.0000,0.0000,0.0060,0.0000,200,10.7456
0.0063,0.0000,0.0000,0.0000,0.0063,0.0000,200,10.7478
0.0061,0.0000,0.0000,0.0000,0.0060,0.0000,200,10.7482
0.0064,0.0000,0.0000,0.0000,0.0063,0.0000,200,10.7499
0.0061,0.0000,0.0000,0.0000,0.0060,0.0000,200,10.7517
0.0065,0.0000,0.0000,0.0000,0.0064,0.0001,200,10.7542
0.0064,0.0000,0.0000,0.0000,0.0064,0.0000,200,10.7543
0.0063,0.0000,0.0000,0.0000,0.0062,0.0000,200,10.7563
0.0064,0.0000,0.0000,0.0000,0.0063,0.0001,200,10.7578
0.0063,0.0000,0.0000,0.0000,0.0062,0.0001,200,10.7607
0.0064,0.0000,0.0000,0.0000,0.0064,0.0000,200,10.7607
0.0073,0.0000,0.0000,0.0000,0.0071,0.0002,200,10.7626
0.0064,0.0000,0.0000,0.0000,0.0063,0.0000,200,10.7641
0.0065,0.0000,0.0000,0.0000,0.0064,0.0001,200,10.7670
0.0065,0.0000,0.0000,0.0000,0.0064,0.0001,200,10.7671
0.0074,0.0000,0.0000,0.0000,0.0073,0.0001,200,10.7699
0.0083,0.0000,0.0000,0.0000,0.0082,0.0001,200,10.7705
0.0065,0.0000,0.0000,0.0000,0.0064,0.0000,200,10.7736
0.0065,0.0000,0.0000,0.0000,0.0065,0.0000,200,10.7736
0.0065,0.0000,0.0000,0.0000,0.0064,0.0001,200,10.7773
0.0064,0.0000,0.0000,0.0000,0.0063,0.0000,200,10.7788
0.0063,0.0000,0.0000,0.0000,0.0062,0.0000,200,10.7801
0.0064,0.0000,0.0000,0.0000,0.0063,0.0001,200,10.7801
0.0065,0.0000,0.0000,0.0000,0.0064,0.0001,200,10.7839
0.0067,0.0000,0.0000,0.0000,0.0067,0.0000,200,10.7864
0.0066,0.0000,0.0000,0.0000,0.0065,0.0000,200,10.7865
0.0080,0.0000,0.0000,0.0000,0.0080,0.0000,200,10.7852
0.0065,0.0000,0.0000,0.0000,0.0064,0.0001,200,10.7904
0.0065,0.0000,0.0000,0.0000,0.0064,0.0000,200,10.7931
0.0065,0.0000,0.0000,0.0000,0.0064,0.0000,200,10.7931
0.0072,0.0000,0.0000,0.0000,0.0071,0.0000,200,10.7932
0.0065,0.0000,0.0000,0.0000,0.0064,0.0001,200,10.7969
0.0065,0.0000,0.0000,0.0000,0.0065,0.0001,200,10.7996
0.0067,0.0000,0.0000,0.0000,0.0066,0.0000,200,10.7996
0.0062,0.0000,0.0000,0.0000,0.0061,0.0000,200,10.8004
0.0068,0.0000,0.0000,0.0000,0.0067,0.0000,200,10.8034
0.0062,0.0000,0.0000,0.0000,0.0061,0.0000,200,10.8061
0.0062,0.0000,0.0000,0.0000,0.0061,0.0000,200,10.8063
0.0078,0.0000,0.0000,0.0000,0.0077,0.0001,200,10.8066
0.0062,0.0000,0.0000,0.0000,0.0061,0.0000,200,10.8102
0.0064,0.0000,0.0000,0.0000,0.0063,0.0001,200,10.8123
0.0071,0.0000,0.0000,0.0000,0.0070,0.0000,200,10.8125
0.0064,0.0000,0.0000,0.0000,0.0064,0.0000,200,10.8144
0.0062,0.0000,0.0000,0.0000,0.0062,0.0001,200,10.8164
0.0067,0.0000,0.0000,0.0000,0.0066,0.0001,200,10.8187
0.0063,0.0000,0.0000,0.0000,0.0062,0.0000,200,10.8196
0.0061,0.0000,0.0000,0.0000,0.0061,0.0000,200,10.8208
0.0061,0.0000,0.0000,0.0000,0.0061,0.0000,200,10.8227
0.0065,0.0000,0.0000,0.0000,0.0064,0.0000,200,10.8255
0.0062,0.0000,0.0000,0.0000,0.0061,0.0000,200,10.8258
0.0062,0.0000,0.0000,0.0000,0.0062,0.0000,200,10.8269
0.0061,0.0000,0.0000,0.0000,0.0060,0.0000,200,10.8288
0.0063,0.0000,0.0000,0.0000,0.0062,0.0001,200,10.8320
0.0064,0.0000,0.0000,0.0000,0.0063,0.0001,200,10.8320
0.0061,0.0000,0.0000,0.0000,0.0060,0.0000,200,10.8332
0.0063,0.0000,0.0000,0.0000,0.0062,0.0001,200,10.8349
0.0066,0.0000,0.0000,0.0000,0.0065,0.0000,200,10.8383
0.0064,0.0000,0.0000,0.0000,0.0063,0.0001,200,10.8384
0.0063,0.0000,0.0000,0.0000,0.0062,0.0000,200,10.8393
0.0067,0.0000,0.0000,0.0000,0.0066,0.0001,200,10.8412
0.0064,0.0000,0.0000,0.0000,0.0063,0.0001,200,10.8448
0.0066,0.0000,0.0000,0.0000,0.0065,0.0000,200,10.8448
0.0065,0.0000,0.0000,0.0000,0.0064,0.0000,200,10.8456
0.0064,0.0000,0.0000,0.0000,0.0063,0.0000,200,10.8479
0.0065,0.0000,0.0000,0.0000,0.0064,0.0000,200,10.8513
0.0064,0.0000,0.0000,0.0000,0.0063,0.0000,200,10.8514
0.0063,0.0000,0.0000,0.0000,0.0062,0.0000,200,10.8521
0.0062,0.0000,0.0000,0.0000,0.0061,0.0000,200,10.8542
0.0065,0.0000,0.0000,0.0000,0.0064,0.0000,200,10.8578
0.0065,0.0000,0.0000,0.0000,0.0064,0.0000,200,10.8578
0.0064,0.0000,0.0000,0.0000,0.0063,0.0000,200,10.8584
0.0062,0.0000,0.0000,0.0000,0.0061,0.0001,200,10.8605
0.0066,0.0000,0.0000,0.0000,0.0065,0.0000,200,10.8643
0.0066,0.0000,0.0000,0.0000,0.0065,0.0001,200,10.8643
0.0063,0.0000,0.0000,0.0000,0.0062,0.0000,200,10.8647
0.0062,0.0000,0.0000,0.0000,0.0062,0.0000,200,10.8667
0.0065,0.0000,0.0000,0.0000,0.0064,0.0000,200,10.8710
0.0066,0.0000,0.0000,0.0000,0.0065,0.0000,200,10.8709
0.0067,0.0000,0.0000,0.0000,0.0066,0.0000,200,10.8709
0.0069,0.0000,0.0000,0.0000,0.0068,0.0000,200,10.8729
0.0063,0.0000,0.0000,0.0000,0.0063,0.0000,200,10.8776
0.0065,0.0000,0.0000,0.0000,0.0064,0.0000,200,10.8775
0.0065,0.0000,0.0000,0.0000,0.0064,0.0000,200,10.8775
0.0063,0.0000,0.0000,0.0000,0.0062,0.0001,200,10.8798
0.0063,0.0000,0.0000,0.0000,0.0063,0.0000,200,10.8840
0.0064,0.0000,0.0000,0.0000,0.0063,0.0000,200,10.8840
0.0064,0.0000,0.0000,0.0000,0.0064,0.0000,200,10.8839
0.0062,0.0000,0.0000,0.0000,0.0061,0.0000,200,10.8860
0.0063,0.0000,0.0000,0.0000,0.0062,0.0001,200,10.8903
0.0063,0.0000,0.0000,0.0000,0.0063,0.0000,200,10.8904
0.0064,0.0000,0.0000,0.0000,0.0063,0.0000,200,10.8903
0.0065,0.0000,0.0000,0.0000,0.0064,0.0001,200,10.8923
0.0064,0.0000,0.0000,0.0000,0.0063,0.0001,200,10.8966
0.0064,0.0000,0.0000,0.0000,0.0063,0.0000,200,10.8967
0.0064,0.0000,0.0000,0.0000,0.0063,0.0000,200,10.8967
0.0064,0.0000,0.0000,0.0000,0.0063,0.0001,200,10.8988
0.0065,0.0000,0.0000,0.0000,0.0064,0.0001,200,10.9031
0.0066,0.0000,0.0000,0.0000,0.0065,0.0001,200,10.9031
0.0067,0.0000,0.0000,0.0000,0.0065,0.0002,200,10.9030
0.0065,0.0000,0.0000,0.0000,0.0065,0.0000,200,10.9052
0.0064,0.0000,0.0000,0.0000,0.0063,0.0001,200,10.9096
0.0066,0.0000,0.0000,0.0000,0.0065,0.0000,200,10.9096
0.0064,0.0000,0.0000,0.0000,0.0064,0.0000,200,10.9098
0.0063,0.0000,0.0000,0.0000,0.0062,0.0000,200,10.9117
0.0064,0.0000,0.0000,0.0000,0.0063,0.0001,200,10.9162
0.0065,0.0000,0.0000,0.0000,0.0064,0.0000,200,10.9161
0.0064,0.0000,0.0000,0.0000,0.0063,0.0000,200,10.9162
0.0070,0.0000,0.0000,0.0000,0.0069,0.0000,200,10.9180
0.0066,0.0000,0.0000,0.0000,0.0064,0.0001,200,10.9226
0.0067,0.0000,0.0000,0.0000,0.0066,0.0000,200,10.9226
0.0070,0.0000,0.0000,0.0000,0.0069,0.0000,200,10.9226
0.0064,0.0000,0.0000,0.0000,0.0063,0.0000,200,10.9250
0.0064,0.0000,0.0000,0.0000,0.0063,0.0001,200,10.9293
0.0066,0.0000,0.0000,0.0000,0.0065,0.0000,200,10.9291
0.0062,0.0000,0.0000,0.0000,0.0062,0.0000,200,10.9295
0.0061,0.0000,0.0000,0.0000,0.0060,0.0000,200,10.9314
0.0064,0.0000,0.0000,0.0000,0.0063,0.0001,200,10.9357
0.0064,0.0000,0.0000,0.0000,0.0063,0.0000,200,10.9358
0.0064,0.0000,0.0000,0.0000,0.0063,0.0000,200,10.9357
0.0063,0.0000,0.0000,0.0000,0.0063,0.0000,200,10.9375
0.0064,0.0000,0.0000,0.0000,0.0063,0.0000,200,10.9421
0.0064,0.0000,0.0000,0.0000,0.0063,0.0001,200,10.9421
0.0063,0.0000,0.0000,0.0000,0.0063,0.0001,200,10.9422
0.0062,0.0000,0.0000,0.0000,0.0062,0.0000,200,10.9438
0.0063,0.0000,0.0000,0.0000,0.0062,0.0000,200,10.9485
0.0063,0.0000,0.0000,0.0000,0.0062,0.0000,200,10.9485
0.0068,0.0000,0.0000,0.0000,0.0067,0.0000,200,10.9485
0.0062,0.0000,0.0000,0.0000,0.0061,0.0000,200,10.9500
0.0063,0.0000,0.0000,0.0000,0.0062,0.0000,200,10.9548
0.0063,0.0000,0.0000,0.0000,0.0062,0.0000,200,10.9548
0.0063,0.0000,0.0000,0.0000,0.0062,0.0000,200,10.9553
0.0063,0.0000,0.0000,0.0000,0.0062,0.0000,200,10.9562
0.0063,0.0000,0.0000,0.0000,0.0062,0.0001,200,10.9610
0.0065,0.0000,0.0000,0.0000,0.0065,0.0000,200,10.9611
0.0063,0.0000,0.0000,0.0000,0.0063,0.0000,200,10.9616
0.0062,0.0000,0.0000,0.0000,0.0062,0.0000,200,10.9625
0.0065,0.0000,0.0000,0.0000,0.0065,0.0001,200,10.9676
0.0068,0.0000,0.0000,0.0000,0.0067,0.0001,200,10.9674
0.0063,0.0000,0.0000,0.0000,0.0062,0.0000,200,10.9680
0.0062,0.0000,0.0000,0.0000,0.0061,0.0000,200,10.9687
0.0064,0.0000,0.0000,0.0000,0.0063,0.0000,200,10.9741
0.0063,0.0000,0.0000,0.0000,0.0063,0.0000,200,10.9743
0.0065,0.0000,0.0000,0.0000,0.0064,0.0000,200,10.9741
0.0061,0.0000,0.0000,0.0000,0.0061,0.0000,200,10.9749
0.0066,0.0000,0.0000,0.0000,0.0065,0.0001,200,10.9805
0.0066,0.0000,0.0000,0.0000,0.0064,0.0001,200,10.9806
0.0062,0.0000,0.0000,0.0000,0.0061,0.0000,200,10.9810
0.0070,0.0000,0.0000,0.0000,0.0069,0.0000,200,10.9806
0.0066,0.0000,0.0000,0.0000,0.0065,0.0001,200,10.9872
0.0066,0.0000,0.0000,0.0000,0.0065,0.0000,200,10.9872
0.0066,0.0000,0.0000,0.0000,0.0065,0.0000,200,10.9872
0.0062,0.0000,0.0000,0.0000,0.0062,0.0000,200,10.9876
0.0066,0.0000,0.0000,0.0000,0.0065,0.0001,200,10.9938
0.0066,0.0000,0.0000,0.0000,0.0065,0.0001,200,10.9938
0.0066,0.0000,0.0000,0.0000,0.0065,0.0001,200,10.9938
0.0065,0.0000,0.0000,0.0000,0.0064,0.0001,200,10.9939
0.0066,0.0000,0.0000,0.0000,0.0064,0.0001,200,11.0004
0.0066,0.0000,0.0000,0.0000,0.0065,0.0000,200,11.0004
0.0066,0.0000,0.0000,0.0000,0.0065,0.0001,200,11.0004
0.0067,0.0000,0.0000,0.0000,0.0066,0.0000,200,11.0004
0.0065,0.0000,0.0000,0.0000,0.0064,0.0001,200,11.0070
0.0065,0.0000,0.0000,0.0000,0.0064,0.0001,200,11.0069
0.0064,0.0000,0.0000,0.0000,0.0064,0.0000,200,11.0070
0.0065,0.0000,0.0000,0.0000,0.0064,0.0001,200,11.0070
0.0066,0.0000,0.0000,0.0000,0.0065,0.0001,200,11.0135
0.0070,0.0000,0.0000,0.0000,0.0068,0.0000,200,11.0135
0.0070,0.0000,0.0000,0.0000,0.0069,0.0000,200,11.0135
0.0072,0.0000,0.0000,0.0000,0.0071,0.0000,200,11.0135
0.0068,0.0000,0.0000,0.0000,0.0067,0.0001,200,11.0204
0.0068,0.0000,0.0000,0.0000,0.0067,0.0000,200,11.0205
0.0066,0.0000,0.0000,0.0000,0.0066,0.0000,200,11.0206
0.0072,0.0000,0.0000,0.0000,0.0071,0.0000,200,11.0201
0.0064,0.0000,0.0000,0.0000,0.0063,0.0001,200,11.0272
0.0064,0.0000,0.0000,0.0000,0.0063,0.0000,200,11.0273
0.0064,0.0000,0.0000,0.0000,0.0063,0.0000,200,11.0273
0.0064,0.0000,0.0000,0.0000,0.0063,0.0001,200,11.0273
0.0064,0.0000,0.0000,0.0000,0.0063,0.0001,200,11.0337
0.0067,0.0000,0.0000,0.0000,0.0066,0.0000,200,11.0337
0.0067,0.0000,0.0000,0.0000,0.0066,0.0000,200,11.0336
0.0067,0.0000,0.0000,0.0000,0.0066,0.0000,200,11.0337
0.0067,0.0000,0.0000,0.0000,0.0066,0.0000,200,11.0401
0.0064,0.0000,0.0000,0.0000,0.0064,0.0000,200,11.0403
0.0064,0.0000,0.0000,0.0000,0.0064,0.0001,200,11.0403
0.0065,0.0000,0.0000,0.0000,0.0064,0.0000,200,11.0403
0.0064,0.0000,0.0000,0.0000,0.0063,0.0001,200,11.0468
0.0065,0.0000,0.0000,0.0000,0.0064,0.0000,200,11.0468
0.0065,0.0000,0.0000,0.0000,0.0064,0.0000,200,11.0468
0.0065,0.0000,0.0000,0.0000,0.0064,0.0000,200,11.0468
0.0065,0.0000,0.0000,0.0000,0.0064,0.0001,200,11.0533
0.0067,0.0000,0.0000,0.0000,0.0066,0.0001,200,11.0533
0.0067,0.0000,0.0000,0.0000,0.0066,0.0000,200,11.0533
0.0068,0.0000,0.0000,0.0000,0.0068,0.0000,200,11.0532
0.0065,0.0000,0.0000,0.0000,0.0064,0.0001,200,11.0599
0.0064,0.0000,0.0000,0.0000,0.0063,0.0001,200,11.0601
0.0065,0.0000,0.0000,0.0000,0.0064,0.0001,200,11.0600
0.0068,0.0000,0.0000,0.0000,0.0067,0.0000,200,11.0597
0.0064,0.0000,0.0000,0.0000,0.0063,0.0001,200,11.0664
0.0065,0.0000,0.0000,0.0000,0.0064,0.0000,200,11.0664
0.0066,0.0000,0.0000,0.0000,0.0065,0.0000,200,11.0665
0.0080,0.0000,0.0000,0.0000,0.0080,0.0000,200,11.0665
0.0064,0.0000,0.0000,0.0000,0.0063,0.0000,200,11.0729
0.0064,0.0000,0.0000,0.0000,0.0063,0.0001,200,11.0729
0.0063,0.0000,0.0000,0.0000,0.0063,0.0000,200,11.0731
0.0063,0.0000,0.0000,0.0000,0.0063,0.0001,200,11.0745
0.0065,0.0000,0.0000,0.0000,0.0064,0.0001,200,11.0793
0.0067,0.0000,0.0000,0.0001,0.0066,0.0000,200,11.0793
0.0068,0.0000,0.0000,0.0000,0.0068,0.0000,200,11.0794
0.0062,0.0000,0.0000,0.0000,0.0061,0.0000,200,11.0809
0.0063,0.0000,0.0000,0.0000,0.0062,0.0001,200,11.0860
0.0066,0.0000,0.0000,0.0000,0.0065,0.0000,200,11.0858
0.0062,0.0000,0.0000,0.0000,0.0061,0.0000,200,11.0862
0.0062,0.0000,0.0000,0.0000,0.0062,0.0000,200,11.0871
0.0064,0.0000,0.0000,0.0000,0.0063,0.0001,200,11.0923
0.0064,0.0000,0.0000,0.0000,0.0063,0.0000,200,11.0924
0.0065,0.0000,0.0000,0.0000,0.0064,0.0000,200,11.0924
0.0061,0.0000,0.0000,0.0000,0.0061,0.0000,200,11.0933
0.0065,0.0000,0.0000,0.0000,0.0064,0.0001,200,11.0988
0.0065,0.0000,0.0000,0.0000,0.0064,0.0000,200,11.0987
0.0065,0.0000,0.0000,0.0000,0.0064,0.0000,200,11.0988
0.0063,0.0000,0.0000,0.0000,0.0063,0.0000,200,11.0995
0.0065,0.0000,0.0000,0.0000,0.0064,0.0001,200,11.1052
0.0064,0.0000,0.0000,0.0000,0.0063,0.0001,200,11.1053
0.0065,0.0000,0.0000,0.0000,0.0064,0.0000,200,11.1052
0.0061,0.0000,0.0000,0.0000,0.0060,0.0000,200,11.1058
0.0063,0.0000,0.0000,0.0000,0.0062,0.0000,200,11.1119
0.0065,0.0000,0.0000,0.0000,0.0064,0.0000,200,11.1117
0.0066,0.0000,0.0000,0.0000,0.0064,0.0002,200,11.1117
0.0067,0.0000,0.0000,0.0000,0.0066,0.0000,200,11.1117
0.0065,0.0000,0.0000,0.0000,0.0064,0.0001,200,11.1182
0.0063,0.0000,0.0000,0.0000,0.0062,0.0001,200,11.1184
0.0064,0.0000,0.0000,0.0000,0.0063,0.0001,200,11.1183
0.0067,0.0000,0.0000,0.0000,0.0066,0.0000,200,11.1182
0.0064,0.0000,0.0000,0.0000,0.0063,0.0001,200,11.1248
0.0065,0.0000,0.0000,0.0000,0.0064,0.0000,200,11.1248
0.0065,0.0000,0.0000,0.0000,0.0065,0.0000,200,11.1248
0.0064,0.0000,0.0000,0.0000,0.0063,0.0000,200,11.1249
0.0065,0.0000,0.0000,0.0000,0.0065,0.0001,200,11.1313
0.0068,0.0000,0.0000,0.0000,0.0067,0.0000,200,11.1312
0.0066,0.0000,0.0000,0.0000,0.0066,0.0000,200,11.1313
0.0095,0.0000,0.0000,0.0000,0.0094,0.0001,200,11.1312
0.0065,0.0000,0.0000,0.0000,0.0064,0.0000,200,11.1380
0.0066,0.0000,0.0000,0.0000,0.0065,0.0000,200,11.1378
0.0065,0.0000,0.0000,0.0000,0.0064,0.0000,200,11.1380
0.0070,0.0000,0.0000,0.0000,0.0069,0.0001,200,11.1408
0.0064,0.0000,0.0000,0.0000,0.0063,0.0000,200,11.1445
0.0064,0.0000,0.0000,0.0000,0.0063,0.0000,200,11.1445
0.0064,0.0000,0.0000,0.0000,0.0063,0.0000,200,11.1445
0.0063,0.0000,0.0000,0.0000,0.0062,0.0000,200,11.1478
0.0065,0.0000,0.0000,0.0000,0.0064,0.0001,200,11.1509
0.0065,0.0000,0.0000,0.0000,0.0064,0.0001,200,11.1509
0.0065,0.0000,0.0000,0.0000,0.0065,0.0000,200,11.1509
0.0064,0.0000,0.0000,0.0000,0.0063,0.0001,200,11.1540
0.0064,0.0000,0.0000,0.0000,0.0063,0.0000,200,11.1574
0.0066,0.0000,0.0000,0.0000,0.0065,0.0000,200,11.1574
0.0066,0.0000,0.0000,0.0000,0.0065,0.0000,200,11.1574
0.0065,0.0000,0.0000,0.0000,0.0064,0.0001,200,11.1605
0.0064,0.0000,0.0000,0.0000,0.0063,0.0001,200,11.1638
0.0070,0.0000,0.0000,0.0000,0.0067,0.0001,200,11.1641
0.0072,0.0000,0.0000,0.0001,0.0069,0.0000,200,11.1640
0.0061,0.0000,0.0000,0.0000,0.0061,0.0000,200,11.1669
0.0068,0.0000,0.0000,0.0000,0.0067,0.0001,200,11.1702
0.0063,0.0000,0.0000,0.0000,0.0062,0.0000,200,11.1710
0.0063,0.0000,0.0000,0.0000,0.0063,0.0000,200,11.1711
0.0072,0.0000,0.0000,0.0000,0.0071,0.0001,200,11.1730
0.0064,0.0000,0.0000,0.0000,0.0063,0.0000,200,11.1770
0.0062,0.0000,0.0000,0.0000,0.0061,0.0000,200,11.1773
0.0062,0.0000,0.0000,0.0000,0.0062,0.0000,200,11.1775
0.0064,0.0000,0.0000,0.0000,0.0063,0.0001,200,11.1803
0.0069,0.0000,0.0000,0.0000,0.0068,0.0000,200,11.1835
0.0067,0.0000,0.0000,0.0000,0.0066,0.0000,200,11.1837
0.0070,0.0000,0.0000,0.0000,0.0070,0.0000,200,11.1834
0.0064,0.0000,0.0000,0.0000,0.0063,0.0001,200,11.1866
0.0063,0.0000,0.0000,0.0000,0.0062,0.0000,200,11.1904
0.0063,0.0000,0.0000,0.0000,0.0062,0.0000,200,11.1904
0.0067,0.0000,0.0000,0.0000,0.0066,0.0000,200,11.1904
0.0064,0.0000,0.0000,0.0000,0.0063,0.0001,200,11.1930
0.0063,0.0000,0.0000,0.0000,0.0063,0.0000,200,11.1967
0.0064,0.0000,0.0000,0.0000,0.0063,0.0000,200,11.1967
0.0064,0.0000,0.0000,0.0000,0.0062,0.0001,200,11.1971
0.0063,0.0000,0.0000,0.0000,0.0062,0.0000,200,11.1994
0.0065,0.0000,0.0000,0.0000,0.0064,0.0000,200,11.2031
0.0062,0.0000,0.0000,0.0000,0.0062,0.0000,200,11.2035
0.0069,0.0000,0.0000,0.0000,0.0068,0.0001,200,11.2031
0.0065,0.0000,0.0000,0.0000,0.0064,0.0001,200,11.2057
0.0066,0.0000,0.0000,0.0000,0.0065,0.0001,200,11.2098
0.0064,0.0000,0.0000,0.0000,0.0064,0.0000,200,11.2100
0.0069,0.0000,0.0000,0.0000,0.0069,0.0000,200,11.2096
0.0065,0.0000,0.0000,0.0000,0.0064,0.0001,200,11.2122
0.0066,0.0000,0.0000,0.0000,0.0065,0.0001,200,11.2164
0.0067,0.0000,0.0000,0.0000,0.0066,0.0000,200,11.2165
0.0069,0.0000,0.0000,0.0000,0.0068,0.0000,200,11.2163
0.0068,0.0000,0.0000,0.0000,0.0067,0.0001,200,11.2188
0.0065,0.0000,0.0000,0.0000,0.0064,0.0001,200,11.2232
0.0066,0.0000,0.0000,0.0000,0.0066,0.0000,200,11.2232
0.0069,0.0000,0.0000,0.0000,0.0068,0.0000,200,11.2230
0.0066,0.0000,0.0000,0.0000,0.0065,0.0001,200,11.2256
0.0093,0.0000,0.0000,0.0000,0.0092,0.0000,200,11.2298
0.0093,0.0000,0.0000,0.0000,0.0092,0.0000,200,11.2298
0.0093,0.0000,0.0000,0.0000,0.0091,0.0002,200,11.2299
0.0088,0.0000,0.0000,0.0000,0.0086,0.0001,200,11.2322
0.0068,0.0000,0.0000,0.0000,0.0067,0.0000,200,11.2391
0.0068,0.0000,0.0000,0.0000,0.0066,0.0002,200,11.2391
0.0091,0.0000,0.0000,0.0000,0.0090,0.0001,200,11.2392
0.0074,0.0000,0.0000,0.0000,0.0073,0.0000,200,11.2410
0.0070,0.0000,0.0000,0.0000,0.0069,0.0000,200,11.2458
0.0069,0.0000,0.0000,0.0000,0.0068,0.0001,200,11.2459
0.0066,0.0000,0.0000,0.0000,0.0065,0.0000,200,11.2483
0.0072,0.0000,0.0000,0.0000,0.0072,0.0000,200,11.2483
0.0064,0.0000,0.0000,0.0000,0.0063,0.0000,200,11.2528
0.0065,0.0000,0.0000,0.0000,0.0064,0.0000,200,11.2528
0.0062,0.0000,0.0000,0.0000,0.0062,0.0000,200,11.2549
0.0072,0.0000,0.0000,0.0000,0.0072,0.0000,200,11.2556
0.0063,0.0000,0.0000,0.0000,0.0062,0.0000,200,11.2592
0.0067,0.0000,0.0000,0.0000,0.0066,0.0000,200,11.2593
0.0066,0.0000,0.0000,0.0000,0.0066,0.0000,200,11.2612
0.0081,0.0000,0.0000,0.0000,0.0080,0.0001,200,11.2628
0.0064,0.0000,0.0000,0.0000,0.0064,0.0000,200,11.2655
0.0064,0.0000,0.0000,0.0000,0.0063,0.0000,200,11.2660
0.0065,0.0000,0.0000,0.0000,0.0064,0.0000,200,11.2678
0.0066,0.0000,0.0000,0.0000,0.0065,0.0000,200,11.2709
0.0080,0.0000,0.0000,0.0000,0.0080,0.0000,200,11.2720
0.0078,0.0000,0.0000,0.0000,0.0077,0.0000,200,11.2724
0.0064,0.0000,0.0000,0.0000,0.0063,0.0000,200,11.2743
0.0065,0.0000,0.0000,0.0000,0.0064,0.0000,200,11.2775
0.0063,0.0000,0.0000,0.0000,0.0062,0.0000,200,11.2801
0.0064,0.0000,0.0000,0.0000,0.0063,0.0000,200,11.2800
0.0061,0.0000,0.0000,0.0000,0.0061,0.0000,200,11.2807
0.0065,0.0000,0.0000,0.0000,0.0064,0.0001,200,11.2840
0.0063,0.0000,0.0000,0.0000,0.0063,0.0000,200,11.2864
0.0065,0.0000,0.0000,0.0000,0.0064,0.0000,200,11.2864
0.0062,0.0000,0.0000,0.0000,0.0061,0.0000,200,11.2868
0.0066,0.0000,0.0000,0.0000,0.0065,0.0001,200,11.2905
0.0063,0.0000,0.0000,0.0000,0.0062,0.0000,200,11.2927
0.0062,0.0000,0.0000,0.0000,0.0061,0.0000,200,11.2929
0.0061,0.0000,0.0000,0.0000,0.0061,0.0000,200,11.2930
0.0066,0.0000,0.0000,0.0000,0.0065,0.0001,200,11.2971
0.0060,0.0000,0.0000,0.0000,0.0060,0.0000,200,11.2991
0.0063,0.0000,0.0000,0.0000,0.0062,0.0000,200,11.2991
0.0065,0.0000,0.0000,0.0000,0.0060,0.0004,200,11.2990
0.0064,0.0000,0.0000,0.0000,0.0063,0.0001,200,11.3038
0.0064,0.0000,0.0000,0.0000,0.0064,0.0000,200,11.3052
0.0062,0.0000,0.0000,0.0000,0.0061,0.0000,200,11.3054
0.0062,0.0000,0.0000,0.0000,0.0061,0.0001,200,11.3055
0.0066,0.0000,0.0000,0.0000,0.0065,0.0001,200,11.3102
0.0063,0.0000,0.0000,0.0000,0.0062,0.0000,200,11.3116
0.0063,0.0000,0.0000,0.0000,0.0062,0.0000,200,11.3117
0.0064,0.0000,0.0000,0.0000,0.0064,0.0000,200,11.3116
0.0064,0.0000,0.0000,0.0000,0.0063,0.0001,200,11.3168
0.0065,0.0000,0.0000,0.0000,0.0064,0.0000,200,11.3179
0.0064,0.0000,0.0000,0.0000,0.0063,0.0000,200,11.3180
0.0065,0.0000,0.0000,0.0000,0.0064,0.0000,200,11.3180
0.0066,0.0000,0.0000,0.0000,0.0065,0.0001,200,11.3233
0.0064,0.0000,0.0000,0.0000,0.0063,0.0000,200,11.3244
0.0064,0.0000,0.0000,0.0000,0.0064,0.0000,200,11.3244
0.0064,0.0000,0.0000,0.0000,0.0063,0.0000,200,11.3245
0.0067,0.0000,0.0000,0.0000,0.0065,0.0001,200,11.3299
0.0063,0.0000,0.0000,0.0000,0.0062,0.0000,200,11.3308
0.0064,0.0000,0.0000,0.0000,0.0063,0.0000,200,11.3308
0.0074,0.0000,0.0000,0.0000,0.0073,0.0000,200,11.3308
0.0065,0.0000,0.0000,0.0000,0.0064,0.0000,200,11.3365
0.0062,0.0000,0.0000,0.0000,0.0061,0.0000,200,11.3371
0.0063,0.0000,0.0000,0.0000,0.0062,0.0000,200,11.3372
0.0062,0.0000,0.0000,0.0000,0.0061,0.0000,200,11.3381
0.0066,0.0000,0.0000,0.0000,0.0065,0.0001,200,11.3430
0.0064,0.0000,0.0000,0.0000,0.0063,0.0000,200,11.3433
0.0069,0.0000,0.0000,0.0000,0.0068,0.0001,200,11.3435
0.0064,0.0000,0.0000,0.0000,0.0063,0.0000,200,11.3443
0.0065,0.0000,0.0000,0.0000,0.0063,0.0001,200,11.3497
0.0066,0.0000,0.0000,0.0000,0.0065,0.0000,200,11.3497
0.0065,0.0000,0.0000,0.0000,0.0063,0.0001,200,11.3504
0.0063,0.0000,0.0000,0.0000,0.0062,0.0000,200,11.3507
0.0067,0.0000,0.0000,0.0000,0.0066,0.0001,200,11.3561
0.0067,0.0000,0.0000,0.0000,0.0067,0.0000,200,11.3562
0.0062,0.0000,0.0000,0.0000,0.0061,0.0000,200,11.3569
0.0064,0.0000,0.0000,0.0000,0.0063,0.0000,200,11.3569
0.0065,0.0000,0.0000,0.0000,0.0064,0.0001,200,11.3628
0.0064,0.0000,0.0000,0.0000,0.0063,0.0000,200,11.3630
0.0063,0.0000,0.0000,0.0000,0.0062,0.0000,200,11.3632
0.0062,0.0000,0.0000,0.0000,0.0061,0.0000,200,11.3633
0.0063,0.0000,0.0000,0.0000,0.0062,0.0000,200,11.3695
0.0064,0.0000,0.0000,0.0000,0.0063,0.0001,200,11.3693
0.0064,0.0000,0.0000,0.0000,0.0063,0.0001,200,11.3693
0.0064,0.0000,0.0000,0.0000,0.0064,0.0000,200,11.3694
0.0064,0.0000,0.0000,0.0000,0.0063,0.0001,200,11.3757
0.0066,0.0000,0.0000,0.0000,0.0065,0.0000,200,11.3757
0.0065,0.0000,0.0000,0.0000,0.0064,0.0000,200,11.3759
0.0066,0.0000,0.0000,0.0000,0.0065,0.0000,200,11.3758
0.0066,0.0000,0.0000,0.0000,0.0065,0.0001,200,11.3821
0.0066,0.0000,0.0000,0.0000,0.0065,0.0000,200,11.3823
0.0068,0.0000,0.0000,0.0000,0.0067,0.0000,200,11.3823
0.0071,0.0000,0.0000,0.0000,0.0070,0.0000,200,11.3823
0.0069,0.0000,0.0000,0.0000,0.0068,0.0001,200,11.3894
0.0081,0.0000,0.0000,0.0000,0.0073,0.0007,200,11.3889
0.0086,0.0000,0.0000,0.0000,0.0085,0.0000,200,11.3887
0.0083,0.0000,0.0000,0.0000,0.0082,0.0000,200,11.3891
0.0069,0.0000,0.0000,0.0000,0.0067,0.0001,200,11.3964
0.0067,0.0000,0.0000,0.0000,0.0066,0.0000,200,11.3970
0.0066,0.0000,0.0000,0.0000,0.0065,0.0000,200,11.3973
0.0066,0.0000,0.0000,0.0000,0.0066,0.0000,200,11.3974
0.0067,0.0000,0.0000,0.0000,0.0067,0.0000,200,11.4039
0.0067,0.0000,0.0000,0.0000,0.0066,0.0000,200,11.4040
0.0074,0.0000,0.0000,0.0000,0.0068,0.0005,200,11.4037
0.0086,0.0000,0.0000,0.0000,0.0085,0.0001,200,11.4032
0.0066,0.0000,0.0000,0.0000,0.0065,0.0000,200,11.4107
0.0067,0.0000,0.0000,0.0000,0.0064,0.0002,200,11.4107
0.0081,0.0000,0.0000,0.0000,0.0079,0.0001,200,11.4119
0.0089,0.0000,0.0000,0.0000,0.0088,0.0001,200,11.4111
0.0097,0.0000,0.0000,0.0000,0.0096,0.0001,200,11.4173
0.0097,0.0000,0.0000,0.0000,0.0097,0.0000,200,11.4173
0.0072,0.0000,0.0000,0.0000,0.0071,0.0000,200,11.4199
0.0072,0.0000,0.0000,0.0000,0.0071,0.0000,200,11.4199
0.0074,0.0000,0.0000,0.0000,0.0073,0.0001,200,11.4270
0.0074,0.0000,0.0000,0.0000,0.0074,0.0000,200,11.4271
0.0077,0.0000,0.0000,0.0000,0.0076,0.0001,200,11.4271
0.0092,0.0000,0.0000,0.0001,0.0090,0.0000,200,11.4271
0.0073,0.0000,0.0000,0.0000,0.0073,0.0000,200,11.4344
0.0072,0.0000,0.0000,0.0000,0.0071,0.0001,200,11.4345
0.0070,0.0000,0.0000,0.0000,0.0069,0.0001,200,11.4348
0.0093,0.0000,0.0000,0.0000,0.0092,0.0001,200,11.4362
0.0067,0.0000,0.0000,0.0000,0.0066,0.0001,200,11.4418
0.0073,0.0000,0.0000,0.0000,0.0072,0.0000,200,11.4418
0.0074,0.0000,0.0000,0.0000,0.0073,0.0000,200,11.4418
0.0072,0.0000,0.0000,0.0000,0.0071,0.0000,200,11.4455
0.0066,0.0000,0.0000,0.0000,0.0064,0.0001,200,11.4485
0.0064,0.0000,0.0000,0.0000,0.0063,0.0000,200,11.4491
0.0066,0.0000,0.0000,0.0000,0.0066,0.0000,200,11.4492
0.0065,0.0000,0.0000,0.0000,0.0064,0.0001,200,11.4528
0.0066,0.0000,0.0000,0.0000,0.0065,0.0001,200,11.4551
0.0064,0.0000,0.0000,0.0000,0.0063,0.0000,200,11.4555
0.0062,0.0000,0.0000,0.0000,0.0062,0.0001,200,11.4558
0.0066,0.0000,0.0000,0.0000,0.0065,0.0001,200,11.4593
0.0064,0.0000,0.0000,0.0000,0.0063,0.0001,200,11.4616
0.0064,0.0000,0.0000,0.0000,0.0063,0.0000,200,11.4618
0.0064,0.0000,0.0000,0.0000,0.0063,0.0000,200,11.4620
0.0072,0.0000,0.0000,0.0000,0.0071,0.0001,200,11.4659
0.0067,0.0000,0.0000,0.0000,0.0066,0.0001,200,11.4682
0.0070,0.0000,0.0000,0.0000,0.0069,0.0000,200,11.4681
0.0066,0.0000,0.0000,0.0000,0.0066,0.0000,200,11.4684
0.0075,0.0000,0.0000,0.0000,0.0074,0.0001,200,11.4731
0.0066,0.0000,0.0000,0.0000,0.0066,0.0000,200,11.4750
0.0068,0.0000,0.0000,0.0000,0.0067,0.0001,200,11.4749
0.0066,0.0000,0.0000,0.0000,0.0065,0.0000,200,11.4751
0.0069,0.0000,0.0000,0.0001,0.0067,0.0001,200,11.4806
0.0062,0.0000,0.0000,0.0000,0.0062,0.0000,200,11.4817
0.0064,0.0000,0.0000,0.0000,0.0063,0.0000,200,11.4817
0.0065,0.0000,0.0000,0.0000,0.0065,0.0000,200,11.4817
0.0063,0.0000,0.0000,0.0000,0.0062,0.0000,200,11.4879
0.0067,0.0000,0.0000,0.0000,0.0066,0.0000,200,11.4875
0.0062,0.0000,0.0000,0.0000,0.0061,0.0000,200,11.4880
0.0062,0.0000,0.0000,0.0000,0.0062,0.0000,200,11.4882
0.0064,0.0000,0.0000,0.0000,0.0063,0.0001,200,11.4942
0.0062,0.0000,0.0000,0.0000,0.0061,0.0001,200,11.4944
0.0064,0.0000,0.0000,0.0000,0.0064,0.0001,200,11.4942
0.0065,0.0000,0.0000,0.0000,0.0063,0.0000,200,11.4942
0.0065,0.0000,0.0000,0.0000,0.0064,0.0001,200,11.5006
0.0066,0.0000,0.0000,0.0000,0.0064,0.0001,200,11.5006
0.0066,0.0000,0.0000,0.0000,0.0064,0.0001,200,11.5006
0.0068,0.0000,0.0000,0.0000,0.0067,0.0000,200,11.5006
0.0063,0.0000,0.0000,0.0000,0.0062,0.0001,200,11.5074
0.0066,0.0000,0.0000,0.0000,0.0065,0.0001,200,11.5072
0.0066,0.0000,0.0000,0.0000,0.0064,0.0000,200,11.5072
0.0066,0.0000,0.0000,0.0000,0.0065,0.0000,200,11.5072
0.0071,0.0000,0.0000,0.0000,0.0070,0.0000,200,11.5137
0.0071,0.0000,0.0000,0.0000,0.0070,0.0001,200,11.5137
0.0071,0.0000,0.0000,0.0000,0.0067,0.0004,200,11.5138
0.0072,0.0000,0.0000,0.0000,0.0071,0.0000,200,11.5137
0.0067,0.0000,0.0000,0.0000,0.0066,0.0001,200,11.5209
0.0069,0.0000,0.0000,0.0000,0.0069,0.0000,200,11.5209
0.0074,0.0000,0.0000,0.0000,0.0072,0.0002,200,11.5209
0.0077,0.0000,0.0000,0.0000,0.0076,0.0001,200,11.5209
0.0066,0.0000,0.0000,0.0000,0.0065,0.0001,200,11.5278
0.0066,0.0000,0.0000,0.0000,0.0065,0.0000,200,11.5283
0.0063,0.0000,0.0000,0.0000,0.0063,0.0000,200,11.5287
0.0091,0.0000,0.0000,0.0000,0.0090,0.0000,200,11.5276
0.0066,0.0000,0.0000,0.0000,0.0065,0.0001,200,11.5344
0.0062,0.0000,0.0000,0.0000,0.0062,0.0000,200,11.5349
0.0063,0.0000,0.0000,0.0000,0.0063,0.0000,200,11.5350
0.0062,0.0000,0.0000,0.0000,0.0061,0.0000,200,11.5366
0.0064,0.0000,0.0000,0.0000,0.0063,0.0001,200,11.5410
0.0064,0.0000,0.0000,0.0000,0.0063,0.0000,200,11.5412
0.0063,0.0000,0.0000,0.0000,0.0063,0.0000,200,11.5414
0.0062,0.0000,0.0000,0.0000,0.0062,0.0000,200,11.5429
0.0065,0.0000,0.0000,0.0000,0.0064,0.0001,200,11.5474
0.0064,0.0000,0.0000,0.0000,0.0063,0.0000,200,11.5476
0.0063,0.0000,0.0000,0.0000,0.0063,0.0000,200,11.5477
0.0061,0.0000,0.0000,0.0000,0.0060,0.0000,200,11.5491
0.0063,0.0000,0.0000,0.0000,0.0062,0.0000,200,11.5540
0.0064,0.0000,0.0000,0.0000,0.0062,0.0001,200,11.5539
0.0063,0.0000,0.0000,0.0000,0.0062,0.0000,200,11.5540
0.0063,0.0000,0.0000,0.0000,0.0062,0.0000,200,11.5552
0.0063,0.0000,0.0000,0.0000,0.0062,0.0000,200,11.5603
0.0063,0.0000,0.0000,0.0000,0.0062,0.0000,200,11.5603
0.0064,0.0000,0.0000,0.0000,0.0064,0.0000,200,11.5603
0.0061,0.0000,0.0000,0.0000,0.0060,0.0001,200,11.5615
0.0063,0.0000,0.0000,0.0000,0.0062,0.0000,200,11.5666
0.0064,0.0000,0.0000,0.0000,0.0063,0.0000,200,11.5666
0.0063,0.0000,0.0000,0.0000,0.0063,0.0000,200,11.5667
0.0062,0.0000,0.0000,0.0000,0.0061,0.0000,200,11.5676
0.0064,0.0000,0.0000,0.0000,0.0063,0.0000,200,11.5730
0.0065,0.0000,0.0000,0.0000,0.0064,0.0000,200,11.5729
0.0063,0.0000,0.0000,0.0000,0.0063,0.0000,200,11.5731
0.0062,0.0000,0.0000,0.0000,0.0061,0.0000,200,11.5738
0.0068,0.0000,0.0000,0.0000,0.0067,0.0000,200,11.5794
0.0062,0.0000,0.0000,0.0000,0.0061,0.0000,200,11.5800
0.0068,0.0000,0.0000,0.0000,0.0067,0.0000,200,11.5794
0.0069,0.0000,0.0000,0.0000,0.0068,0.0000,200,11.5794
0.0065,0.0000,0.0000,0.0000,0.0064,0.0001,200,11.5862
0.0066,0.0000,0.0000,0.0000,0.0065,0.0000,200,11.5862
0.0065,0.0000,0.0000,0.0000,0.0065,0.0000,200,11.5863
0.0066,0.0000,0.0000,0.0000,0.0066,0.0000,200,11.5862
0.0063,0.0000,0.0000,0.0000,0.0062,0.0001,200,11.5928
0.0064,0.0000,0.0000,0.0000,0.0064,0.0000,200,11.5927
0.0064,0.0000,0.0000,0.0000,0.0063,0.0000,200,11.5928
0.0063,0.0000,0.0000,0.0000,0.0063,0.0000,200,11.5928
0.0066,0.0000,0.0000,0.0000,0.0065,0.0001,200,11.5992
0.0066,0.0000,0.0000,0.0000,0.0066,0.0000,200,11.5992
0.0066,0.0000,0.0000,0.0000,0.0066,0.0000,200,11.5992
0.0070,0.0000,0.0000,0.0000,0.0069,0.0000,200,11.5991
0.0066,0.0000,0.0000,0.0000,0.0065,0.0001,200,11.6058
0.0062,0.0000,0.0000,0.0000,0.0062,0.0000,200,11.6062
0.0066,0.0000,0.0000,0.0000,0.0066,0.0000,200,11.6058
0.0067,0.0000,0.0000,0.0000,0.0066,0.0000,200,11.6058
0.0066,0.0000,0.0000,0.0000,0.0065,0.0000,200,11.6124
0.0065,0.0000,0.0000,0.0001,0.0064,0.0001,200,11.6124
0.0065,0.0000,0.0000,0.0000,0.0065,0.0000,200,11.6124
0.0065,0.0000,0.0000,0.0000,0.0065,0.0000,200,11.6125
0.0066,0.0000,0.0000,0.0000,0.0064,0.0001,200,11.6189
0.0066,0.0000,0.0000,0.0001,0.0064,0.0000,200,11.6189
0.0066,0.0000,0.0000,0.0000,0.0065,0.0000,200,11.6189
0.0073,0.0000,0.0000,0.0000,0.0072,0.0000,200,11.6190
0.0065,0.0000,0.0000,0.0000,0.0064,0.0001,200,11.6256
0.0065,0.0000,0.0000,0.0000,0.0065,0.0000,200,11.6255
0.0066,0.0000,0.0000,0.0000,0.0065,0.0000,200,11.6255
0.0061,0.0000,0.0000,0.0000,0.0060,0.0000,200,11.6263
0.0070,0.0000,0.0000,0.0000,0.0068,0.0001,200,11.6320
0.0068,0.0000,0.0000,0.0000,0.0068,0.0001,200,11.6322
0.0072,0.0000,0.0000,0.0000,0.0072,0.0000,200,11.6321
0.0072,0.0000,0.0000,0.0000,0.0072,0.0000,200,11.6323
0.0069,0.0000,0.0000,0.0000,0.0067,0.0001,200,11.6390
0.0066,0.0000,0.0000,0.0000,0.0065,0.0000,200,11.6393
0.0064,0.0000,0.0000,0.0000,0.0064,0.0000,200,11.6395
0.0075,0.0000,0.0000,0.0000,0.0074,0.0000,200,11.6390
0.0065,0.0000,0.0000,0.0000,0.0064,0.0001,200,11.6459
0.0066,0.0000,0.0000,0.0000,0.0065,0.0000,200,11.6459
0.0065,0.0000,0.0000,0.0000,0.0064,0.0000,200,11.6460
0.0061,0.0000,0.0000,0.0000,0.0061,0.0000,200,11.6465
0.0064,0.0000,0.0000,0.0000,0.0063,0.0001,200,11.6526
0.0066,0.0000,0.0000,0.0000,0.0064,0.0001,200,11.6524
0.0066,0.0000,0.0000,0.0000,0.0065,0.0000,200,11.6525
0.0066,0.0000,0.0000,0.0000,0.0066,0.0000,200,11.6525
0.0064,0.0000,0.0000,0.0000,0.0064,0.0001,200,11.6590
0.0065,0.0000,0.0000,0.0000,0.0064,0.0001,200,11.6590
0.0064,0.0000,0.0000,0.0000,0.0063,0.0000,200,11.6591
0.0065,0.0000,0.0000,0.0000,0.0064,0.0000,200,11.6590
0.0065,0.0000,0.0000,0.0000,0.0065,0.0000,200,11.6655
0.0066,0.0000,0.0000,0.0000,0.0065,0.0000,200,11.6655
0.0065,0.0000,0.0000,0.0000,0.0065,0.0001,200,11.6655
0.0066,0.0000,0.0000,0.0000,0.0064,0.0001,200,11.6655
0.0065,0.0000,0.0000,0.0000,0.0064,0.0001,200,11.6721
0.0065,0.0000,0.0000,0.0000,0.0063,0.0000,200,11.6721
0.0065,0.0000,0.0000,0.0000,0.0064,0.0000,200,11.6721
0.0065,0.0000,0.0000,0.0000,0.0065,0.0000,200,11.6721
0.0065,0.0000,0.0000,0.0000,0.0064,0.0001,200,11.6785
0.0065,0.0000,0.0000,0.0000,0.0064,0.0001,200,11.6785
0.0065,0.0000,0.0000,0.0000,0.0065,0.0000,200,11.6786
0.0066,0.0000,0.0000,0.0000,0.0065,0.0000,200,11.6785
0.0064,0.0000,0.0000,0.0000,0.0063,0.0001,200,11.6851
0.0065,0.0000,0.0000,0.0000,0.0064,0.0000,200,11.6850
0.0064,0.0000,0.0000,0.0000,0.0064,0.0000,200,11.6851
0.0065,0.0000,0.0000,0.0000,0.0064,0.0001,200,11.6850
0.0065,0.0000,0.0000,0.0000,0.0064,0.0000,200,11.6915
0.0064,0.0000,0.0000,0.0000,0.0064,0.0000,200,11.6916
0.0065,0.0000,0.0000,0.0000,0.0064,0.0000,200,11.6916
0.0065,0.0000,0.0000,0.0000,0.0064,0.0000,200,11.6915
0.0064,0.0000,0.0000,0.0000,0.0063,0.0001,200,11.6980
0.0066,0.0000,0.0000,0.0000,0.0065,0.0000,200,11.6980
0.0066,0.0000,0.0000,0.0000,0.0066,0.0000,200,11.6980
0.0067,0.0000,0.0000,0.0000,0.0066,0.0000,200,11.6980
0.0063,0.0000,0.0000,0.0000,0.0062,0.0001,200,11.7047
0.0064,0.0000,0.0000,0.0000,0.0063,0.0000,200,11.7046
0.0064,0.0000,0.0000,0.0000,0.0063,0.0000,200,11.7047
0.0066,0.0000,0.0000,0.0000,0.0066,0.0000,200,11.7044
0.0063,0.0000,0.0000,0.0000,0.0062,0.0000,200,11.7109
0.0063,0.0000,0.0000,0.0000,0.0062,0.0000,200,11.7109
0.0064,0.0000,0.0000,0.0000,0.0063,0.0000,200,11.7110
0.0064,0.0000,0.0000,0.0000,0.0063,0.0000,200,11.7110
0.0066,0.0000,0.0000,0.0000,0.0065,0.0001,200,11.7172
0.0065,0.0000,0.0000,0.0000,0.0064,0.0000,200,11.7174
0.0067,0.0000,0.0000,0.0000,0.0066,0.0000,200,11.7172
0.0065,0.0000,0.0000,0.0000,0.0065,0.0000,200,11.7174
0.0065,0.0000,0.0000,0.0000,0.0064,0.0001,200,11.7239
0.0065,0.0000,0.0000,0.0000,0.0065,0.0001,200,11.7239
0.0066,0.0000,0.0000,0.0000,0.0065,0.0001,200,11.7238
0.0067,0.0000,0.0000,0.0000,0.0066,0.0000,200,11.7238
0.0065,0.0000,0.0000,0.0000,0.0064,0.0001,200,11.7304
0.0065,0.0000,0.0000,0.0000,0.0064,0.0001,200,11.7304
0.0066,0.0000,0.0000,0.0000,0.0065,0.0000,200,11.7304
0.0065,0.0000,0.0000,0.0000,0.0065,0.0000,200,11.7305
0.0065,0.0000,0.0000,0.0000,0.0064,0.0001,200,11.7370
0.0065,0.0000,0.0000,0.0000,0.0064,0.0001,200,11.7370
0.0065,0.0000,0.0000,0.0000,0.0064,0.0001,200,11.7370
0.0065,0.0000,0.0000,0.0000,0.0064,0.0000,200,11.7371
0.0065,0.0000,0.0000,0.0000,0.0064,0.0001,200,11.7435
0.0066,0.0000,0.0000,0.0000,0.0066,0.0000,200,11.7435
0.0067,0.0000,0.0000,0.0000,0.0066,0.0001,200,11.7435
0.0067,0.0000,0.0000,0.0000,0.0067,0.0000,200,11.7435
0.0067,0.0000,0.0000,0.0000,0.0066,0.0001,200,11.7500
0.0070,0.0000,0.0000,0.0000,0.0069,0.0000,200,11.7501
0.0069,0.0000,0.0000,0.0000,0.0068,0.0000,200,11.7503
0.0072,0.0000,0.0000,0.0000,0.0068,0.0003,200,11.7502
0.0069,0.0000,0.0000,0.0000,0.0067,0.0001,200,11.7567
0.0075,0.0000,0.0000,0.0000,0.0071,0.0001,200,11.7571
0.0079,0.0000,0.0000,0.0002,0.0076,0.0001,200,11.7571
0.0083,0.0000,0.0000,0.0000,0.0080,0.0000,200,11.7573
0.0069,0.0000,0.0000,0.0000,0.0067,0.0001,200,11.7636
0.0064,0.0000,0.0000,0.0000,0.0063,0.0001,200,11.7647
0.0063,0.0000,0.0000,0.0000,0.0062,0.0000,200,11.7650
0.0084,0.0000,0.0000,0.0000,0.0083,0.0001,200,11.7656
0.0063,0.0000,0.0000,0.0000,0.0062,0.0000,200,11.7704
0.0062,0.0000,0.0000,0.0000,0.0062,0.0000,200,11.7711
0.0062,0.0000,0.0000,0.0000,0.0062,0.0000,200,11.7712
0.0063,0.0000,0.0000,0.0000,0.0062,0.0001,200,11.7740
0.0065,0.0000,0.0000,0.0000,0.0064,0.0001,200,11.7767
0.0061,0.0000,0.0000,0.0000,0.0061,0.0000,200,11.7773
0.0062,0.0000,0.0000,0.0000,0.0061,0.0000,200,11.7775
0.0063,0.0000,0.0000,0.0000,0.0062,0.0001,200,11.7803
0.0063,0.0000,0.0000,0.0000,0.0062,0.0001,200,11.7834
0.0066,0.0000,0.0000,0.0000,0.0065,0.0000,200,11.7833
0.0063,0.0000,0.0000,0.0000,0.0062,0.0000,200,11.7837
0.0067,0.0000,0.0000,0.0000,0.0064,0.0003,200,11.7866
0.0063,0.0000,0.0000,0.0000,0.0063,0.0001,200,11.7897
0.0066,0.0000,0.0000,0.0000,0.0065,0.0000,200,11.7899
0.0065,0.0000,0.0000,0.0000,0.0065,0.0000,200,11.7900
0.0064,0.0000,0.0000,0.0000,0.0063,0.0001,200,11.7933
0.0067,0.0000,0.0000,0.0000,0.0066,0.0000,200,11.7961
0.0063,0.0000,0.0000,0.0000,0.0062,0.0001,200,11.7965
0.0065,0.0000,0.0000,0.0000,0.0064,0.0000,200,11.7965
0.0071,0.0000,0.0000,0.0000,0.0070,0.0001,200,11.7997
0.0064,0.0000,0.0000,0.0000,0.0064,0.0001,200,11.8028
0.0067,0.0000,0.0000,0.0000,0.0066,0.0000,200,11.8028
0.0065,0.0000,0.0000,0.0000,0.0064,0.0000,200,11.8029
0.0066,0.0000,0.0000,0.0000,0.0065,0.0001,200,11.8068
0.0064,0.0000,0.0000,0.0000,0.0063,0.0001,200,11.8093
0.0063,0.0000,0.0000,0.0000,0.0063,0.0000,200,11.8094
0.0064,0.0000,0.0000,0.0000,0.0063,0.0001,200,11.8094
0.0065,0.0000,0.0000,0.0000,0.0064,0.0001,200,11.8134
0.0063,0.0000,0.0000,0.0000,0.0062,0.0000,200,11.8157
0.0063,0.0000,0.0000,0.0000,0.0063,0.0000,200,11.8158
0.0063,0.0000,0.0000,0.0000,0.0062,0.0000,200,11.8158
0.0066,0.0000,0.0000,0.0000,0.0065,0.0001,200,11.8199
0.0063,0.0000,0.0000,0.0000,0.0062,0.0000,200,11.8220
0.0064,0.0000,0.0000,0.0000,0.0063,0.0000,200,11.8221
0.0069,0.0000,0.0000,0.0000,0.0068,0.0000,200,11.8221
0.0067,0.0000,0.0000,0.0000,0.0066,0.0001,200,11.8265
0.0066,0.0000,0.0000,0.0000,0.0065,0.0000,200,11.8282
0.0064,0.0000,0.0000,0.0000,0.0063,0.0000,200,11.8285
0.0061,0.0000,0.0000,0.0000,0.0060,0.0000,200,11.8289
0.0066,0.0000,0.0000,0.0000,0.0065,0.0001,200,11.8332
0.0062,0.0000,0.0000,0.0000,0.0061,0.0000,200,11.8348
0.0061,0.0000,0.0000,0.0000,0.0060,0.0000,200,11.8351
0.0065,0.0000,0.0000,0.0000,0.0065,0.0000,200,11.8348
0.0065,0.0000,0.0000,0.0000,0.0064,0.0000,200,11.8397
0.0064,0.0000,0.0000,0.0000,0.0062,0.0001,200,11.8410
0.0061,0.0000,0.0000,0.0000,0.0061,0.0000,200,11.8413
0.0076,0.0000,0.0000,0.0000,0.0075,0.0001,200,11.8412
0.0065,0.0000,0.0000,0.0000,0.0064,0.0001,200,11.8462
0.0064,0.0000,0.0000,0.0000,0.0063,0.0001,200,11.8475
0.0065,0.0000,0.0000,0.0000,0.0064,0.0000,200,11.8474
0.0062,0.0000,0.0000,0.0000,0.0062,0.0000,200,11.8488
0.0064,0.0000,0.0000,0.0000,0.0063,0.0001,200,11.8527
0.0063,0.0000,0.0000,0.0000,0.0062,0.0000,200,11.8538
0.0065,0.0000,0.0000,0.0000,0.0064,0.0000,200,11.8539
0.0061,0.0000,0.0000,0.0000,0.0060,0.0000,200,11.8551
0.0070,0.0000,0.0000,0.0000,0.0066,0.0004,200,11.8591
0.0062,0.0000,0.0000,0.0000,0.0061,0.0000,200,11.8603
0.0066,0.0000,0.0000,0.0000,0.0063,0.0002,200,11.8601
0.0075,0.0000,0.0000,0.0000,0.0073,0.0001,200,11.8612
0.0065,0.0000,0.0000,0.0000,0.0063,0.0001,200,11.8661
0.0063,0.0000,0.0000,0.0000,0.0062,0.0000,200,11.8666
0.0062,0.0000,0.0000,0.0000,0.0061,0.0000,200,11.8667
0.0064,0.0000,0.0000,0.0000,0.0063,0.0000,200,11.8686
0.0065,0.0000,0.0000,0.0000,0.0063,0.0000,200,11.8727
0.0067,0.0000,0.0000,0.0000,0.0066,0.0000,200,11.8728
0.0076,0.0000,0.0000,0.0000,0.0075,0.0000,200,11.8728
0.0066,0.0000,0.0000,0.0000,0.0064,0.0001,200,11.8750
0.0080,0.0000,0.0000,0.0000,0.0079,0.0001,200,11.8791
0.0068,0.0000,0.0000,0.0000,0.0068,0.0000,200,11.8804
0.0080,0.0000,0.0000,0.0000,0.0079,0.0000,200,11.8795
0.0063,0.0000,0.0000,0.0000,0.0062,0.0000,200,11.8816
0.0066,0.0000,0.0000,0.0000,0.0065,0.0001,200,11.8871
0.0063,0.0000,0.0000,0.0000,0.0063,0.0000,200,11.8875
0.0066,0.0000,0.0000,0.0000,0.0065,0.0000,200,11.8872
0.0062,0.0000,0.0000,0.0000,0.0061,0.0000,200,11.8879
0.0064,0.0000,0.0000,0.0000,0.0063,0.0001,200,11.8938
0.0066,0.0000,0.0000,0.0000,0.0065,0.0000,200,11.8938
0.0067,0.0000,0.0000,0.0000,0.0066,0.0000,200,11.8937
0.0063,0.0000,0.0000,0.0000,0.0063,0.0000,200,11.8941
0.0064,0.0000,0.0000,0.0000,0.0063,0.0001,200,11.9004
0.0064,0.0000,0.0000,0.0000,0.0063,0.0001,200,11.9004
0.0067,0.0000,0.0000,0.0000,0.0066,0.0000,200,11.9002
0.0065,0.0000,0.0000,0.0001,0.0064,0.0000,200,11.9004
0.0064,0.0000,0.0000,0.0000,0.0064,0.0000,200,11.9069
0.0064,0.0000,0.0000,0.0000,0.0064,0.0000,200,11.9069
0.0065,0.0000,0.0000,0.0000,0.0064,0.0000,200,11.9068
0.0066,0.0000,0.0000,0.0000,0.0065,0.0000,200,11.9068
0.0065,0.0000,0.0000,0.0000,0.0064,0.0001,200,11.9133
0.0066,0.0000,0.0000,0.0000,0.0065,0.0000,200,11.9133
0.0066,0.0000,0.0000,0.0000,0.0065,0.0000,200,11.9134
0.0066,0.0000,0.0000,0.0000,0.0065,0.0000,200,11.9133
0.0065,0.0000,0.0000,0.0000,0.0065,0.0001,200,11.9199
0.0065,0.0000,0.0000,0.0000,0.0064,0.0000,200,11.9200
0.0067,0.0000,0.0000,0.0000,0.0066,0.0001,200,11.9198
0.0066,0.0000,0.0000,0.0000,0.0065,0.0000,200,11.9199
0.0066,0.0000,0.0000,0.0000,0.0066,0.0000,200,11.9265
0.0066,0.0000,0.0000,0.0000,0.0065,0.0001,200,11.9265
0.0066,0.0000,0.0000,0.0000,0.0065,0.0001,200,11.9265
0.0067,0.0000,0.0000,0.0000,0.0066,0.0000,200,11.9265
0.0067,0.0000,0.0000,0.0000,0.0066,0.0000,200,11.9331
0.0067,0.0000,0.0000,0.0000,0.0066,0.0000,200,11.9331
0.0067,0.0000,0.0000,0.0000,0.0066,0.0000,200,11.9331
0.0067,0.0000,0.0000,0.0000,0.0066,0.0001,200,11.9331
0.0064,0.0000,0.0000,0.0000,0.0063,0.0001,200,11.9398
0.0065,0.0000,0.0000,0.0000,0.0064,0.0000,200,11.9398
0.0065,0.0000,0.0000,0.0000,0.0064,0.0000,200,11.9398
0.0065,0.0000,0.0000,0.0000,0.0065,0.0000,200,11.9398
0.0065,0.0000,0.0000,0.0000,0.0064,0.0000,200,11.9463
0.0065,0.0000,0.0000,0.0000,0.0064,0.0000,200,11.9462
0.0064,0.0000,0.0000,0.0000,0.0063,0.0000,200,11.9464
0.0065,0.0000,0.0000,0.0000,0.0064,0.0001,200,11.9463
0.0063,0.0000,0.0000,0.0000,0.0062,0.0001,200,11.9528
0.0063,0.0000,0.0000,0.0000,0.0062,0.0000,200,11.9528
0.0063,0.0000,0.0000,0.0000,0.0062,0.0000,200,11.9528
0.0064,0.0000,0.0000,0.0000,0.0063,0.0000,200,11.9528
0.0061,0.0000,0.0000,0.0000,0.0060,0.0000,200,11.9591
0.0064,0.0000,0.0000,0.0000,0.0063,0.0000,200,11.9591
0.0064,0.0000,0.0000,0.0000,0.0063,0.0000,200,11.9591
0.0063,0.0000,0.0000,0.0000,0.0063,0.0000,200,11.9592
0.0064,0.0000,0.0000,0.0000,0.0063,0.0001,200,11.9652
0.0063,0.0000,0.0000,0.0000,0.0062,0.0000,200,11.9654
0.0063,0.0000,0.0000,0.0000,0.0062,0.0000,200,11.9655
0.0100,0.0000,0.0000,0.0000,0.0099,0.0001,200,11.9655
0.0061,0.0000,0.0000,0.0000,0.0060,0.0000,200,11.9717
0.0063,0.0000,0.0000,0.0000,0.0063,0.0000,200,11.9716
0.0062,0.0000,0.0000,0.0000,0.0061,0.0000,200,11.9717
0.0065,0.0000,0.0000,0.0000,0.0064,0.0000,200,11.9755
0.0064,0.0000,0.0000,0.0000,0.0063,0.0001,200,11.9779
0.0065,0.0000,0.0000,0.0000,0.0064,0.0000,200,11.9778
0.0064,0.0000,0.0000,0.0000,0.0063,0.0001,200,11.9779
0.0065,0.0000,0.0000,0.0000,0.0064,0.0001,200,11.9820
0.0070,0.0000,0.0000,0.0000,0.0069,0.0000,200,11.9843
0.0069,0.0000,0.0000,0.0001,0.0068,0.0001,200,11.9844
0.0071,0.0000,0.0000,0.0000,0.0066,0.0005,200,11.9843
0.0083,0.0000,0.0000,0.0000,0.0082,0.0001,200,11.9885
0.0080,0.0000,0.0000,0.0000,0.0079,0.0001,200,11.9913
0.0082,0.0000,0.0000,0.0000,0.0081,0.0001,200,11.9914
0.0114,0.0000,0.0000,0.0000,0.0113,0.0001,200,11.9913
0.0066,0.0000,0.0000,0.0000,0.0065,0.0001,200,11.9968
0.0065,0.0000,0.0000,0.0000,0.0064,0.0001,200,11.9996
0.0071,0.0000,0.0000,0.0000,0.0069,0.0002,200,11.9993
0.0071,0.0000,0.0000,0.0000,0.0070,0.0001,200,12.0027
0.0067,0.0000,0.0000,0.0000,0.0066,0.0000,200,12.0034
0.0067,0.0000,0.0000,0.0000,0.0065,0.0001,200,12.0061
0.0066,0.0000,0.0000,0.0000,0.0065,0.0000,200,12.0064
0.0070,0.0000,0.0000,0.0000,0.0069,0.0001,200,12.0098
0.0067,0.0000,0.0000,0.0000,0.0066,0.0001,200,12.0101
0.0071,0.0000,0.0000,0.0000,0.0070,0.0001,200,12.0128
0.0070,0.0000,0.0000,0.0000,0.0070,0.0000,200,12.0130
0.0067,0.0000,0.0000,0.0000,0.0066,0.0001,200,12.0168
0.0070,0.0000,0.0000,0.0000,0.0070,0.0000,200,12.0168
0.0063,0.0000,0.0000,0.0000,0.0062,0.0001,200,12.0201
0.0066,0.0000,0.0000,0.0000,0.0065,0.0000,200,12.0199
0.0067,0.0000,0.0000,0.0000,0.0066,0.0001,200,12.0238
0.0072,0.0000,0.0000,0.0000,0.0070,0.0001,200,12.0235
0.0065,0.0000,0.0000,0.0000,0.0064,0.0000,200,12.0264
0.0065,0.0000,0.0000,0.0000,0.0064,0.0000,200,12.0264
0.0074,0.0000,0.0000,0.0000,0.0073,0.0001,200,12.0305
0.0080,0.0000,0.0000,0.0000,0.0079,0.0000,200,12.0307
0.0065,0.0000,0.0000,0.0000,0.0064,0.0000,200,12.0329
0.0066,0.0000,0.0000,0.0000,0.0065,0.0000,200,12.0329
0.0068,0.0000,0.0000,0.0000,0.0067,0.0001,200,12.0379
0.0066,0.0000,0.0000,0.0000,0.0065,0.0000,200,12.0387
0.0070,0.0000,0.0000,0.0000,0.0069,0.0000,200,12.0395
0.0071,0.0000,0.0000,0.0000,0.0071,0.0000,200,12.0394
0.0066,0.0000,0.0000,0.0000,0.0065,0.0001,200,12.0448
0.0071,0.0000,0.0000,0.0000,0.0070,0.0000,200,12.0453
0.0063,0.0000,0.0000,0.0000,0.0062,0.0000,200,12.0465
0.0063,0.0000,0.0000,0.0000,0.0063,0.0000,200,12.0465
0.0066,0.0000,0.0000,0.0000,0.0065,0.0001,200,12.0514
0.0068,0.0000,0.0000,0.0000,0.0067,0.0000,200,12.0524
0.0066,0.0000,0.0000,0.0000,0.0066,0.0000,200,12.0528
0.0071,0.0000,0.0000,0.0000,0.0070,0.0001,200,12.0528
0.0064,0.0000,0.0000,0.0000,0.0062,0.0001,200,12.0580
0.0066,0.0000,0.0000,0.0000,0.0065,0.0001,200,12.0592
0.0065,0.0000,0.0000,0.0000,0.0064,0.0001,200,12.0595
0.0063,0.0000,0.0000,0.0000,0.0062,0.0000,200,12.0600
0.0069,0.0000,0.0000,0.0000,0.0068,0.0001,200,12.0645
0.0065,0.0000,0.0000,0.0000,0.0063,0.0001,200,12.0660
0.0062,0.0000,0.0000,0.0000,0.0062,0.0000,200,12.0663
0.0067,0.0000,0.0000,0.0000,0.0066,0.0000,200,12.0658
0.0066,0.0000,0.0000,0.0000,0.0065,0.0001,200,12.0714
0.0063,0.0000,0.0000,0.0000,0.0062,0.0000,200,12.0725
0.0063,0.0000,0.0000,0.0000,0.0062,0.0000,200,12.0725
0.0063,0.0000,0.0000,0.0000,0.0063,0.0000,200,12.0725
0.0069,0.0000,0.0000,0.0000,0.0067,0.0001,200,12.0780
0.0062,0.0000,0.0000,0.0000,0.0061,0.0000,200,12.0789
0.0063,0.0000,0.0000,0.0000,0.0062,0.0001,200,12.0788
0.0064,0.0000,0.0000,0.0000,0.0063,0.0001,200,12.0788
0.0064,0.0000,0.0000,0.0000,0.0064,0.0000,200,12.0850
0.0063,0.0000,0.0000,0.0000,0.0062,0.0000,200,12.0852
0.0066,0.0000,0.0000,0.0000,0.0065,0.0001,200,12.0849
0.0066,0.0000,0.0000,0.0001,0.0065,0.0000,200,12.0851
0.0062,0.0000,0.0000,0.0000,0.0061,0.0000,200,12.0917
0.0065,0.0000,0.0000,0.0000,0.0064,0.0000,200,12.0915
0.0065,0.0000,0.0000,0.0000,0.0064,0.0000,200,12.0915
0.0065,0.0000,0.0000,0.0000,0.0064,0.0001,200,12.0915
0.0066,0.0000,0.0000,0.0000,0.0065,0.0001,200,12.0980
0.0066,0.0000,0.0000,0.0000,0.0065,0.0000,200,12.0980
0.0066,0.0000,0.0000,0.0000,0.0065,0.0000,200,12.0980
0.0067,0.0000,0.0000,0.0000,0.0066,0.0000,200,12.0980
0.0064,0.0000,0.0000,0.0000,0.0063,0.0001,200,12.1045
0.0064,0.0000,0.0000,0.0000,0.0063,0.0000,200,12.1046
0.0065,0.0000,0.0000,0.0000,0.0064,0.0000,200,12.1046
0.0088,0.0000,0.0000,0.0000,0.0077,0.0010,200,12.1045
0.0069,0.0000,0.0000,0.0000,0.0068,0.0001,200,12.1110
0.0071,0.0000,0.0000,0.0000,0.0070,0.0000,200,12.1110
0.0072,0.0000,0.0000,0.0000,0.0072,0.0000,200,12.1111
0.0075,0.0000,0.0000,0.0000,0.0073,0.0000,200,12.1133
0.0068,0.0000,0.0000,0.0000,0.0067,0.0001,200,12.1179
0.0066,0.0000,0.0000,0.0000,0.0065,0.0001,200,12.1181
0.0065,0.0000,0.0000,0.0000,0.0064,0.0000,200,12.1183
0.0064,0.0000,0.0000,0.0000,0.0063,0.0001,200,12.1208
0.0066,0.0000,0.0000,0.0000,0.0065,0.0001,200,12.1247
0.0065,0.0000,0.0000,0.0000,0.0064,0.0000,200,12.1248
0.0066,0.0000,0.0000,0.0000,0.0066,0.0000,200,12.1247
0.0070,0.0000,0.0000,0.0000,0.0069,0.0000,200,12.1271
0.0064,0.0000,0.0000,0.0000,0.0063,0.0001,200,12.1313
0.0064,0.0000,0.0000,0.0000,0.0064,0.0000,200,12.1313
0.0064,0.0000,0.0000,0.0000,0.0063,0.0000,200,12.1313
0.0065,0.0000,0.0000,0.0000,0.0064,0.0001,200,12.1342
0.0064,0.0000,0.0000,0.0000,0.0063,0.0001,200,12.1377
0.0064,0.0000,0.0000,0.0000,0.0064,0.0000,200,12.1377
0.0066,0.0000,0.0000,0.0000,0.0065,0.0000,200,12.1376
0.0064,0.0000,0.0000,0.0000,0.0063,0.0001,200,12.1407
0.0065,0.0000,0.0000,0.0000,0.0064,0.0001,200,12.1441
0.0065,0.0000,0.0000,0.0000,0.0064,0.0000,200,12.1441
0.0064,0.0000,0.0000,0.0000,0.0063,0.0001,200,12.1442
0.0065,0.0000,0.0000,0.0000,0.0064,0.0001,200,12.1471
0.0064,0.0000,0.0000,0.0000,0.0063,0.0001,200,12.1506
0.0065,0.0000,0.0000,0.0000,0.0064,0.0000,200,12.1506
0.0065,0.0000,0.0000,0.0000,0.0064,0.0000,200,12.1506
0.0064,0.0000,0.0000,0.0000,0.0063,0.0001,200,12.1535
0.0070,0.0000,0.0000,0.0000,0.0069,0.0001,200,12.1570
0.0070,0.0000,0.0000,0.0000,0.0069,0.0000,200,12.1570
0.0069,0.0000,0.0000,0.0000,0.0068,0.0000,200,12.1571
0.0062,0.0000,0.0000,0.0000,0.0061,0.0000,200,12.1600
0.0063,0.0000,0.0000,0.0000,0.0062,0.0000,200,12.1640
0.0063,0.0000,0.0000,0.0000,0.0063,0.0000,200,12.1640
0.0065,0.0000,0.0000,0.0000,0.0064,0.0000,200,12.1640
0.0065,0.0000,0.0000,0.0000,0.0064,0.0000,200,12.1662
0.0064,0.0000,0.0000,0.0000,0.0063,0.0001,200,12.1703
0.0065,0.0000,0.0000,0.0000,0.0064,0.0000,200,12.1702
0.0063,0.0000,0.0000,0.0000,0.0062,0.0000,200,12.1705
0.0064,0.0000,0.0000,0.0000,0.0063,0.0001,200,12.1727
0.0064,0.0000,0.0000,0.0000,0.0063,0.0000,200,12.1767
0.0064,0.0000,0.0000,0.0000,0.0063,0.0001,200,12.1767
0.0064,0.0000,0.0000,0.0000,0.0064,0.0000,200,12.1767
0.0063,0.0000,0.0000,0.0000,0.0062,0.0000,200,12.1791
0.0065,0.0000,0.0000,0.0000,0.0064,0.0001,200,12.1831
0.0065,0.0000,0.0000,0.0000,0.0064,0.0000,200,12.1831
0.0065,0.0000,0.0000,0.0001,0.0063,0.0000,200,12.1831
0.0063,0.0000,0.0000,0.0000,0.0062,0.0001,200,12.1854
0.0065,0.0000,0.0000,0.0000,0.0064,0.0000,200,12.1896
0.0066,0.0000,0.0000,0.0000,0.0064,0.0001,200,12.1896
0.0069,0.0000,0.0000,0.0000,0.0068,0.0000,200,12.1896
0.0063,0.0000,0.0000,0.0000,0.0062,0.0000,200,12.1917
0.0063,0.0000,0.0000,0.0000,0.0063,0.0000,200,12.1961
0.0063,0.0000,0.0000,0.0000,0.0062,0.0000,200,12.1965
0.0066,0.0000,0.0000,0.0000,0.0066,0.0000,200,12.1961
0.0061,0.0000,0.0000,0.0000,0.0061,0.0000,200,12.1980
0.0062,0.0000,0.0000,0.0000,0.0061,0.0001,200,12.2027
0.0062,0.0000,0.0000,0.0000,0.0061,0.0000,200,12.2028
0.0065,0.0000,0.0000,0.0000,0.0064,0.0000,200,12.2025
0.0061,0.0000,0.0000,0.0000,0.0061,0.0001,200,12.2041
0.0067,0.0000,0.0000,0.0000,0.0066,0.0001,200,12.2089
0.0067,0.0000,0.0000,0.0000,0.0066,0.0000,200,12.2090
0.0067,0.0000,0.0000,0.0000,0.0066,0.0000,200,12.2090
0.0068,0.0000,0.0000,0.0000,0.0067,0.0001,200,12.2102
0.0063,0.0000,0.0000,0.0000,0.0062,0.0001,200,12.2157
0.0064,0.0000,0.0000,0.0000,0.0063,0.0000,200,12.2157
0.0064,0.0000,0.0000,0.0000,0.0064,0.0000,200,12.2156
0.0065,0.0000,0.0000,0.0000,0.0064,0.0000,200,12.2170
0.0073,0.0000,0.0000,0.0000,0.0072,0.0001,200,12.2221
0.0073,0.0000,0.0000,0.0000,0.0072,0.0000,200,12.2221
0.0074,0.0000,0.0000,0.0000,0.0072,0.0001,200,12.2220
0.0065,0.0000,0.0000,0.0000,0.0064,0.0001,200,12.2235
0.0068,0.0000,0.0000,0.0000,0.0067,0.0001,200,12.2294
0.0068,0.0000,0.0000,0.0000,0.0068,0.0000,200,12.2293
0.0069,0.0000,0.0000,0.0000,0.0069,0.0000,200,12.2294
0.0070,0.0000,0.0000,0.0001,0.0068,0.0000,200,12.2300
0.0065,0.0000,0.0000,0.0000,0.0064,0.0001,200,12.2362
0.0066,0.0000,0.0000,0.0000,0.0065,0.0000,200,12.2362
0.0066,0.0000,0.0000,0.0000,0.0064,0.0001,200,12.2363
0.0061,0.0000,0.0000,0.0000,0.0060,0.0000,200,12.2370
0.0065,0.0000,0.0000,0.0000,0.0064,0.0000,200,12.2427
0.0064,0.0000,0.0000,0.0000,0.0063,0.0000,200,12.2428
0.0061,0.0000,0.0000,0.0000,0.0060,0.0000,200,12.2431
0.0085,0.0000,0.0000,0.0000,0.0084,0.0001,200,12.2428
0.0066,0.0000,0.0000,0.0000,0.0065,0.0001,200,12.2492
0.0066,0.0000,0.0000,0.0000,0.0065,0.0001,200,12.2492
0.0066,0.0000,0.0000,0.0000,0.0065,0.0001,200,12.2492
0.0065,0.0000,0.0000,0.0000,0.0064,0.0000,200,12.2513
0.0065,0.0000,0.0000,0.0000,0.0064,0.0001,200,12.2558
0.0065,0.0000,0.0000,0.0000,0.0064,0.0000,200,12.2558
0.0066,0.0000,0.0000,0.0000,0.0065,0.0000,200,12.2558
0.0072,0.0000,0.0000,0.0000,0.0071,0.0001,200,12.2578
0.0065,0.0000,0.0000,0.0000,0.0064,0.0001,200,12.2623
0.0064,0.0000,0.0000,0.0000,0.0064,0.0000,200,12.2624
0.0065,0.0000,0.0000,0.0000,0.0064,0.0000,200,12.2623
0.0066,0.0000,0.0000,0.0000,0.0065,0.0001,200,12.2650
0.0064,0.0000,0.0000,0.0000,0.0063,0.0000,200,12.2688
0.0064,0.0000,0.0000,0.0000,0.0063,0.0000,200,12.2688
0.0065,0.0000,0.0000,0.0000,0.0064,0.0000,200,12.2688
0.0064,0.0000,0.0000,0.0000,0.0063,0.0001,200,12.2716
0.0062,0.0000,0.0000,0.0000,0.0061,0.0000,200,12.2753
0.0065,0.0000,0.0000,0.0000,0.0064,0.0000,200,12.2752
0.0065,0.0000,0.0000,0.0000,0.0064,0.0000,200,12.2752
0.0061,0.0000,0.0000,0.0000,0.0061,0.0000,200,12.2780
0.0064,0.0000,0.0000,0.0000,0.0063,0.0000,200,12.2815
0.0066,0.0000,0.0000,0.0000,0.0065,0.0000,200,12.2816
0.0066,0.0000,0.0000,0.0000,0.0065,0.0000,200,12.2817
0.0061,0.0000,0.0000,0.0000,0.0061,0.0000,200,12.2841
0.0064,0.0000,0.0000,0.0000,0.0063,0.0001,200,12.2878
0.0061,0.0000,0.0000,0.0000,0.0061,0.0000,200,12.2882
0.0063,0.0000,0.0000,0.0000,0.0062,0.0000,200,12.2882
0.0062,0.0000,0.0000,0.0000,0.0061,0.0000,200,12.2902
0.0065,0.0000,0.0000,0.0000,0.0064,0.0001,200,12.2942
0.0064,0.0000,0.0000,0.0000,0.0063,0.0000,200,12.2944
0.0063,0.0000,0.0000,0.0000,0.0062,0.0000,200,12.2945
0.0062,0.0000,0.0000,0.0000,0.0061,0.0000,200,12.2964
0.0065,0.0000,0.0000,0.0000,0.0064,0.0000,200,12.3007
0.0064,0.0000,0.0000,0.0000,0.0063,0.0000,200,12.3008
0.0064,0.0000,0.0000,0.0000,0.0064,0.0001,200,12.3008
0.0063,0.0000,0.0000,0.0000,0.0062,0.0000,200,12.3026
0.0064,0.0000,0.0000,0.0000,0.0063,0.0001,200,12.3072
0.0064,0.0000,0.0000,0.0000,0.0063,0.0000,200,12.3072
0.0064,0.0000,0.0000,0.0000,0.0063,0.0001,200,12.3072
0.0064,0.0000,0.0000,0.0000,0.0063,0.0000,200,12.3089
0.0064,0.0000,0.0000,0.0000,0.0063,0.0000,200,12.3137
0.0064,0.0000,0.0000,0.0000,0.0063,0.0000,200,12.3136
0.0065,0.0000,0.0000,0.0000,0.0064,0.0000,200,12.3136
0.0064,0.0000,0.0000,0.0000,0.0063,0.0001,200,12.3153
0.0064,0.0000,0.0000,0.0000,0.0063,0.0001,200,12.3201
0.0066,0.0000,0.0000,0.0000,0.0066,0.0000,200,12.3201
0.0067,0.0000,0.0000,0.0000,0.0066,0.0001,200,12.3201
0.0064,0.0000,0.0000,0.0000,0.0063,0.0000,200,12.3217
0.0065,0.0000,0.0000,0.0000,0.0064,0.0000,200,12.3265
0.0063,0.0000,0.0000,0.0000,0.0062,0.0000,200,12.3267
0.0062,0.0000,0.0000,0.0000,0.0062,0.0000,200,12.3268
0.0062,0.0000,0.0000,0.0000,0.0061,0.0001,200,12.3281
0.0063,0.0000,0.0000,0.0000,0.0062,0.0001,200,12.3330
0.0065,0.0000,0.0000,0.0000,0.0064,0.0002,200,12.3330
0.0067,0.0000,0.0000,0.0000,0.0062,0.0006,200,12.3330
0.0064,0.0000,0.0000,0.0000,0.0063,0.0000,200,12.3343
0.0065,0.0000,0.0000,0.0001,0.0063,0.0000,200,12.3395
0.0063,0.0000,0.0000,0.0000,0.0062,0.0000,200,12.3398
0.0070,0.0000,0.0000,0.0007,0.0063,0.0000,200,12.3392
0.0062,0.0000,0.0000,0.0000,0.0061,0.0001,200,12.3407
0.0065,0.0000,0.0000,0.0000,0.0064,0.0001,200,12.3461
0.0063,0.0000,0.0000,0.0000,0.0062,0.0000,200,12.3463
0.0065,0.0000,0.0000,0.0000,0.0064,0.0000,200,12.3460
0.0116,0.0000,0.0000,0.0000,0.0114,0.0001,200,12.3469
0.0067,0.0000,0.0000,0.0000,0.0066,0.0001,200,12.3525
0.0068,0.0000,0.0000,0.0000,0.0067,0.0000,200,12.3526
0.0081,0.0000,0.0000,0.0000,0.0080,0.0001,200,12.3526
0.0065,0.0000,0.0000,0.0000,0.0064,0.0001,200,12.3585
0.0061,0.0000,0.0000,0.0000,0.0060,0.0000,200,12.3593
0.0063,0.0000,0.0000,0.0000,0.0062,0.0000,200,12.3592
0.0064,0.0000,0.0000,0.0000,0.0063,0.0000,200,12.3607
0.0065,0.0000,0.0000,0.0000,0.0064,0.0001,200,12.3649
0.0062,0.0000,0.0000,0.0000,0.0061,0.0000,200,12.3654
0.0063,0.0000,0.0000,0.0000,0.0062,0.0000,200,12.3655
0.0063,0.0000,0.0000,0.0000,0.0062,0.0000,200,12.3671
0.0065,0.0000,0.0000,0.0000,0.0063,0.0001,200,12.3714
0.0063,0.0000,0.0000,0.0000,0.0062,0.0000,200,12.3716
0.0062,0.0000,0.0000,0.0000,0.0061,0.0000,200,12.3718
0.0064,0.0000,0.0000,0.0000,0.0063,0.0000,200,12.3733
0.0064,0.0000,0.0000,0.0000,0.0063,0.0001,200,12.3779
0.0064,0.0000,0.0000,0.0000,0.0064,0.0000,200,12.3779
0.0067,0.0000,0.0000,0.0000,0.0066,0.0000,200,12.3779
0.0071,0.0000,0.0000,0.0000,0.0070,0.0001,200,12.3797
0.0065,0.0000,0.0000,0.0000,0.0064,0.0001,200,12.3843
0.0066,0.0000,0.0000,0.0000,0.0065,0.0000,200,12.3843
0.0076,0.0000,0.0000,0.0000,0.0075,0.0000,200,12.3846
0.0063,0.0000,0.0000,0.0000,0.0062,0.0000,200,12.3868
0.0063,0.0000,0.0000,0.0000,0.0062,0.0000,200,12.3908
0.0064,0.0000,0.0000,0.0000,0.0062,0.0000,200,12.3908
0.0064,0.0000,0.0000,0.0000,0.0063,0.0000,200,12.3922
0.0063,0.0000,0.0000,0.0000,0.0063,0.0000,200,12.3931
0.0065,0.0000,0.0000,0.0000,0.0064,0.0001,200,12.3972
0.0065,0.0000,0.0000,0.0000,0.0064,0.0001,200,12.3972
0.0063,0.0000,0.0000,0.0000,0.0062,0.0000,200,12.3986
0.0063,0.0000,0.0000,0.0000,0.0062,0.0000,200,12.3994
0.0067,0.0000,0.0000,0.0000,0.0065,0.0001,200,12.4037
0.0069,0.0000,0.0000,0.0000,0.0068,0.0001,200,12.4037
0.0065,0.0000,0.0000,0.0000,0.0064,0.0000,200,12.4049
0.0062,0.0000,0.0000,0.0000,0.0062,0.0000,200,12.4058
0.0065,0.0000,0.0000,0.0000,0.0064,0.0000,200,12.4103
0.0064,0.0000,0.0000,0.0000,0.0063,0.0000,200,12.4106
0.0063,0.0000,0.0000,0.0000,0.0062,0.0000,200,12.4114
0.0063,0.0000,0.0000,0.0000,0.0063,0.0000,200,12.4120
0.0063,0.0000,0.0000,0.0000,0.0062,0.0001,200,12.4170
0.0066,0.0000,0.0000,0.0000,0.0065,0.0000,200,12.4168
0.0062,0.0000,0.0000,0.0000,0.0062,0.0000,200,12.4177
0.0061,0.0000,0.0000,0.0000,0.0060,0.0000,200,12.4183
0.0064,0.0000,0.0000,0.0000,0.0063,0.0001,200,12.4234
0.0065,0.0000,0.0000,0.0000,0.0065,0.0000,200,12.4233
0.0062,0.0000,0.0000,0.0000,0.0061,0.0000,200,12.4239
0.0063,0.0000,0.0000,0.0000,0.0062,0.0001,200,12.4244
0.0065,0.0000,0.0000,0.0000,0.0064,0.0001,200,12.4298
0.0065,0.0000,0.0000,0.0000,0.0064,0.0000,200,12.4298
0.0063,0.0000,0.0000,0.0000,0.0062,0.0000,200,12.4301
0.0066,0.0000,0.0000,0.0000,0.0065,0.0000,200,12.4308
0.0065,0.0000,0.0000,0.0000,0.0064,0.0001,200,12.4363
0.0067,0.0000,0.0000,0.0000,0.0067,0.0000,200,12.4363
0.0068,0.0000,0.0000,0.0000,0.0067,0.0000,200,12.4363
0.0067,0.0000,0.0000,0.0000,0.0066,0.0000,200,12.4373
0.0064,0.0000,0.0000,0.0000,0.0063,0.0001,200,12.4431
0.0066,0.0000,0.0000,0.0000,0.0065,0.0001,200,12.4429
0.0075,0.0000,0.0000,0.0000,0.0075,0.0000,200,12.4431
0.0066,0.0000,0.0000,0.0000,0.0065,0.0000,200,12.4440
0.0066,0.0000,0.0000,0.0000,0.0065,0.0001,200,12.4495
0.0067,0.0000,0.0000,0.0000,0.0066,0.0000,200,12.4495
0.0063,0.0000,0.0000,0.0000,0.0062,0.0001,200,12.4506
0.0064,0.0000,0.0000,0.0000,0.0063,0.0000,200,12.4506
0.0073,0.0000,0.0000,0.0000,0.0072,0.0001,200,12.4561
0.0074,0.0000,0.0000,0.0000,0.0073,0.0000,200,12.4562
0.0069,0.0000,0.0000,0.0000,0.0068,0.0000,200,12.4570
0.0073,0.0000,0.0000,0.0000,0.0072,0.0000,200,12.4570
0.0069,0.0000,0.0000,0.0000,0.0068,0.0001,200,12.4636
0.0068,0.0000,0.0000,0.0000,0.0067,0.0000,200,12.4639
0.0085,0.0000,0.0000,0.0000,0.0084,0.0001,200,12.4642
0.0094,0.0000,0.0000,0.0000,0.0093,0.0000,200,12.4634
0.0068,0.0000,0.0000,0.0000,0.0067,0.0001,200,12.4727
0.0091,0.0000,0.0000,0.0000,0.0090,0.0000,200,12.4705
0.0089,0.0000,0.0000,0.0000,0.0088,0.0000,200,12.4707
0.0116,0.0000,0.0000,0.0000,0.0108,0.0008,200,12.4728
0.0065,0.0000,0.0000,0.0000,0.0064,0.0001,200,12.4796
0.0066,0.0000,0.0000,0.0000,0.0065,0.0000,200,12.4795
0.0066,0.0000,0.0000,0.0000,0.0066,0.0000,200,12.4795
0.0069,0.0000,0.0000,0.0000,0.0067,0.0001,200,12.4844
0.0091,0.0000,0.0000,0.0000,0.0090,0.0001,200,12.4861
0.0092,0.0000,0.0000,0.0000,0.0091,0.0001,200,12.4861
0.0092,0.0000,0.0000,0.0000,0.0091,0.0000,200,12.4862
0.0070,0.0000,0.0000,0.0000,0.0068,0.0001,200,12.4913
0.0068,0.0000,0.0000,0.0000,0.0067,0.0001,200,12.4952
0.0068,0.0000,0.0000,0.0000,0.0067,0.0000,200,12.4952
0.0070,0.0000,0.0000,0.0000,0.0068,0.0000,200,12.4953
0.0076,0.0000,0.0000,0.0000,0.0075,0.0001,200,12.4982
0.0068,0.0000,0.0000,0.0000,0.0067,0.0001,200,12.5021
0.0070,0.0000,0.0000,0.0000,0.0066,0.0003,200,12.5023
0.0085,0.0000,0.0000,0.0000,0.0084,0.0001,200,12.5021
0.0071,0.0000,0.0000,0.0000,0.0070,0.0001,200,12.5058
0.0068,0.0000,0.0000,0.0000,0.0067,0.0001,200,12.5089
0.0065,0.0000,0.0000,0.0000,0.0064,0.0000,200,12.5093
0.0071,0.0000,0.0000,0.0000,0.0070,0.0000,200,12.5106
0.0069,0.0000,0.0000,0.0000,0.0067,0.0001,200,12.5130
0.0068,0.0000,0.0000,0.0000,0.0067,0.0001,200,12.5157
0.0069,0.0000,0.0000,0.0000,0.0069,0.0000,200,12.5158
0.0081,0.0000,0.0000,0.0000,0.0080,0.0001,200,12.5177
0.0065,0.0000,0.0000,0.0000,0.0064,0.0000,200,12.5198
0.0064,0.0000,0.0000,0.0000,0.0063,0.0000,200,12.5226
0.0065,0.0000,0.0000,0.0000,0.0064,0.0000,200,12.5227
0.0067,0.0000,0.0000,0.0000,0.0066,0.0001,200,12.5258
0.0062,0.0000,0.0000,0.0000,0.0061,0.0000,200,12.5263
0.0064,0.0000,0.0000,0.0000,0.0063,0.0000,200,12.5290
0.0063,0.0000,0.0000,0.0000,0.0062,0.0000,200,12.5292
0.0063,0.0000,0.0000,0.0000,0.0062,0.0001,200,12.5325
0.0065,0.0000,0.0000,0.0000,0.0064,0.0000,200,12.5325
0.0071,0.0000,0.0000,0.0000,0.0070,0.0000,200,12.5354
0.0071,0.0000,0.0000,0.0000,0.0070,0.0000,200,12.5355
0.0062,0.0000,0.0000,0.0000,0.0061,0.0001,200,12.5390
0.0065,0.0000,0.0000,0.0000,0.0065,0.0000,200,12.5388
0.0065,0.0000,0.0000,0.0000,0.0064,0.0000,200,12.5424
0.0065,0.0000,0.0000,0.0000,0.0065,0.0000,200,12.5426
0.0064,0.0000,0.0000,0.0000,0.0063,0.0001,200,12.5453
0.0065,0.0000,0.0000,0.0000,0.0064,0.0001,200,12.5452
0.0063,0.0000,0.0000,0.0000,0.0062,0.0001,200,12.5489
0.0063,0.0000,0.0000,0.0000,0.0062,0.0000,200,12.5491
0.0063,0.0000,0.0000,0.0000,0.0062,0.0000,200,12.5517
0.0062,0.0000,0.0000,0.0000,0.0062,0.0000,200,12.5517
0.0063,0.0000,0.0000,0.0000,0.0062,0.0001,200,12.5552
0.0065,0.0000,0.0000,0.0000,0.0064,0.0001,200,12.5554
0.0063,0.0000,0.0000,0.0000,0.0062,0.0000,200,12.5580
0.0064,0.0000,0.0000,0.0000,0.0063,0.0001,200,12.5579
0.0065,0.0000,0.0000,0.0000,0.0064,0.0001,200,12.5615
0.0065,0.0000,0.0000,0.0000,0.0063,0.0001,200,12.5619
0.0063,0.0000,0.0000,0.0000,0.0062,0.0001,200,12.5643
0.0063,0.0000,0.0000,0.0000,0.0063,0.0000,200,12.5643
0.0062,0.0000,0.0000,0.0000,0.0061,0.0000,200,12.5680
0.0064,0.0000,0.0000,0.0000,0.0063,0.0000,200,12.5684
0.0063,0.0000,0.0000,0.0000,0.0062,0.0000,200,12.5706
0.0063,0.0000,0.0000,0.0000,0.0063,0.0000,200,12.5706
0.0063,0.0000,0.0000,0.0000,0.0062,0.0000,200,12.5742
0.0063,0.0000,0.0000,0.0000,0.0062,0.0000,200,12.5748
0.0062,0.0000,0.0000,0.0000,0.0062,0.0000,200,12.5769
0.0063,0.0000,0.0000,0.0000,0.0063,0.0000,200,12.5770
0.0067,0.0000,0.0000,0.0000,0.0066,0.0001,200,12.5805
0.0062,0.0000,0.0000,0.0000,0.0061,0.0000,200,12.5810
0.0064,0.0000,0.0000,0.0000,0.0063,0.0000,200,12.5832
0.0062,0.0000,0.0000,0.0000,0.0062,0.0000,200,12.5833
0.0063,0.0000,0.0000,0.0000,0.0062,0.0000,200,12.5872
0.0063,0.0000,0.0000,0.0000,0.0062,0.0000,200,12.5872
0.0062,0.0000,0.0000,0.0000,0.0061,0.0000,200,12.5895
0.0074,0.0000,0.0000,0.0000,0.0073,0.0001,200,12.5895
0.0064,0.0000,0.0000,0.0000,0.0062,0.0001,200,12.5935
0.0064,0.0000,0.0000,0.0000,0.0063,0.0000,200,12.5935
0.0078,0.0000,0.0000,0.0000,0.0077,0.0001,200,12.5957
0.0067,0.0000,0.0000,0.0000,0.0066,0.0000,200,12.5970
0.0063,0.0000,0.0000,0.0000,0.0062,0.0001,200,12.5999
0.0065,0.0000,0.0000,0.0000,0.0064,0.0000,200,12.5999
0.0066,0.0000,0.0000,0.0000,0.0065,0.0000,200,12.6035
0.0064,0.0000,0.0000,0.0000,0.0064,0.0000,200,12.6037
0.0075,0.0000,0.0000,0.0000,0.0074,0.0000,200,12.6062
0.0073,0.0000,0.0000,0.0000,0.0072,0.0000,200,12.6064
0.0063,0.0000,0.0000,0.0000,0.0062,0.0000,200,12.6101
0.0063,0.0000,0.0000,0.0000,0.0063,0.0000,200,12.6101
0.0064,0.0000,0.0000,0.0000,0.0063,0.0001,200,12.6137
0.0064,0.0000,0.0000,0.0000,0.0063,0.0000,200,12.6137
0.0062,0.0000,0.0000,0.0000,0.0061,0.0000,200,12.6164
0.0063,0.0000,0.0000,0.0000,0.0063,0.0000,200,12.6164
0.0062,0.0000,0.0000,0.0000,0.0062,0.0001,200,12.6201
0.0064,0.0000,0.0000,0.0000,0.0064,0.0000,200,12.6201
0.0063,0.0000,0.0000,0.0000,0.0062,0.0000,200,12.6227
0.0064,0.0000,0.0000,0.0000,0.0063,0.0000,200,12.6226
0.0064,0.0000,0.0000,0.0000,0.0063,0.0001,200,12.6264
0.0063,0.0000,0.0000,0.0000,0.0062,0.0000,200,12.6265
0.0064,0.0000,0.0000,0.0000,0.0063,0.0000,200,12.6290
0.0064,0.0000,0.0000,0.0000,0.0063,0.0000,200,12.6290
0.0070,0.0000,0.0000,0.0000,0.0069,0.0000,200,12.6327
0.0069,0.0000,0.0000,0.0000,0.0068,0.0001,200,12.6328
0.0063,0.0000,0.0000,0.0000,0.0062,0.0000,200,12.6354
0.0063,0.0000,0.0000,0.0000,0.0062,0.0000,200,12.6354
0.0063,0.0000,0.0000,0.0000,0.0062,0.0001,200,12.6397
0.0063,0.0000,0.0000,0.0000,0.0063,0.0000,200,12.6397
0.0063,0.0000,0.0000,0.0000,0.0063,0.0000,200,12.6417
0.0064,0.0000,0.0000,0.0000,0.0063,0.0000,200,12.6417
0.0064,0.0000,0.0000,0.0000,0.0063,0.0001,200,12.6460
0.0064,0.0000,0.0000,0.0000,0.0063,0.0000,200,12.6461
0.0063,0.0000,0.0000,0.0000,0.0063,0.0000,200,12.6480
0.0063,0.0000,0.0000,0.0000,0.0063,0.0000,200,12.6481
0.0065,0.0000,0.0000,0.0000,0.0064,0.0001,200,12.6524
0.0066,0.0000,0.0000,0.0000,0.0065,0.0000,200,12.6524
0.0062,0.0000,0.0000,0.0000,0.0062,0.0000,200,12.6544
0.0062,0.0000,0.0000,0.0000,0.0062,0.0000,200,12.6544
0.0062,0.0000,0.0000,0.0000,0.0061,0.0001,200,12.6589
0.0064,0.0000,0.0000,0.0000,0.0063,0.0000,200,12.6590
0.0063,0.0000,0.0000,0.0000,0.0062,0.0000,200,12.6606
0.0064,0.0000,0.0000,0.0000,0.0063,0.0000,200,12.6606
0.0062,0.0000,0.0000,0.0000,0.0062,0.0000,200,12.6654
0.0064,0.0000,0.0000,0.0000,0.0063,0.0001,200,12.6652
0.0062,0.0000,0.0000,0.0000,0.0061,0.0001,200,12.6670
0.0064,0.0000,0.0000,0.0000,0.0064,0.0000,200,12.6669
0.0064,0.0000,0.0000,0.0000,0.0063,0.0000,200,12.6716
0.0064,0.0000,0.0000,0.0000,0.0063,0.0000,200,12.6716
0.0063,0.0000,0.0000,0.0000,0.0062,0.0001,200,12.6732
0.0062,0.0000,0.0000,0.0000,0.0061,0.0000,200,12.6733
0.0065,0.0000,0.0000,0.0000,0.0063,0.0001,200,12.6780
0.0065,0.0000,0.0000,0.0000,0.0064,0.0001,200,12.6780
0.0063,0.0000,0.0000,0.0000,0.0062,0.0000,200,12.6795
0.0063,0.0000,0.0000,0.0000,0.0062,0.0000,200,12.6795
0.0065,0.0000,0.0000,0.0000,0.0065,0.0000,200,12.6845
0.0065,0.0000,0.0000,0.0000,0.0065,0.0001,200,12.6845
0.0063,0.0000,0.0000,0.0000,0.0062,0.0001,200,12.6858
0.0063,0.0000,0.0000,0.0000,0.0063,0.0000,200,12.6858
0.0064,0.0000,0.0000,0.0000,0.0063,0.0001,200,12.6911
0.0064,0.0000,0.0000,0.0000,0.0063,0.0000,200,12.6911
0.0063,0.0000,0.0000,0.0000,0.0063,0.0000,200,12.6921
0.0063,0.0000,0.0000,0.0000,0.0063,0.0000,200,12.6921
0.0065,0.0000,0.0000,0.0000,0.0064,0.0000,200,12.6974
0.0065,0.0000,0.0000,0.0000,0.0064,0.0000,200,12.6975
0.0062,0.0000,0.0000,0.0000,0.0061,0.0000,200,12.6985
0.0062,0.0000,0.0000,0.0000,0.0062,0.0000,200,12.6984
0.0066,0.0000,0.0000,0.0000,0.0064,0.0001,200,12.7040
0.0066,0.0000,0.0000,0.0000,0.0065,0.0000,200,12.7040
0.0062,0.0000,0.0000,0.0000,0.0061,0.0000,200,12.7047
0.0063,0.0000,0.0000,0.0000,0.0063,0.0000,200,12.7047
0.0068,0.0000,0.0000,0.0000,0.0067,0.0001,200,12.7106
0.0067,0.0000,0.0000,0.0000,0.0067,0.0000,200,12.7108
0.0077,0.0000,0.0000,0.0000,0.0076,0.0000,200,12.7105
0.0074,0.0000,0.0000,0.0000,0.0074,0.0000,200,12.7110
0.0067,0.0000,0.0000,0.0000,0.0066,0.0001,200,12.7176
0.0070,0.0000,0.0000,0.0000,0.0070,0.0000,200,12.7174
0.0066,0.0000,0.0000,0.0000,0.0066,0.0001,200,12.7184
0.0069,0.0000,0.0000,0.0000,0.0068,0.0000,200,12.7182
0.0064,0.0000,0.0000,0.0000,0.0063,0.0000,200,12.7243
0.0063,0.0000,0.0000,0.0000,0.0063,0.0000,200,12.7244
0.0062,0.0000,0.0000,0.0000,0.0061,0.0000,200,12.7251
0.0063,0.0000,0.0000,0.0000,0.0062,0.0000,200,12.7251
0.0065,0.0000,0.0000,0.0000,0.0064,0.0001,200,12.7307
0.0066,0.0000,0.0000,0.0000,0.0065,0.0001,200,12.7307
0.0064,0.0000,0.0000,0.0000,0.0063,0.0001,200,12.7314
0.0067,0.0000,0.0000,0.0000,0.0066,0.0000,200,12.7313
0.0066,0.0000,0.0000,0.0000,0.0065,0.0001,200,12.7372
0.0068,0.0000,0.0000,0.0000,0.0067,0.0000,200,12.7372
0.0061,0.0000,0.0000,0.0000,0.0061,0.0000,200,12.7380
0.0064,0.0000,0.0000,0.0000,0.0064,0.0000,200,12.7378
0.0063,0.0000,0.0000,0.0000,0.0062,0.0001,200,12.7440
0.0062,0.0000,0.0000,0.0000,0.0062,0.0000,200,12.7441
0.0067,0.0000,0.0000,0.0000,0.0066,0.0000,200,12.7438
0.0069,0.0000,0.0000,0.0000,0.0068,0.0000,200,12.7442
0.0064,0.0000,0.0000,0.0000,0.0063,0.0000,200,12.7504
0.0063,0.0000,0.0000,0.0000,0.0063,0.0000,200,12.7505
0.0066,0.0000,0.0000,0.0000,0.0065,0.0000,200,12.7503
0.0063,0.0000,0.0000,0.0000,0.0063,0.0000,200,12.7511
0.0064,0.0000,0.0000,0.0000,0.0063,0.0001,200,12.7568
0.0067,0.0000,0.0000,0.0000,0.0066,0.0000,200,12.7567
0.0066,0.0000,0.0000,0.0000,0.0065,0.0000,200,12.7568
0.0064,0.0000,0.0000,0.0000,0.0063,0.0001,200,12.7575
0.0064,0.0000,0.0000,0.0000,0.0063,0.0001,200,12.7634
0.0066,0.0000,0.0000,0.0000,0.0065,0.0001,200,12.7632
0.0070,0.0000,0.0000,0.0000,0.0069,0.0000,200,12.7634
0.0067,0.0000,0.0000,0.0000,0.0067,0.0001,200,12.7639
0.0066,0.0000,0.0000,0.0000,0.0064,0.0001,200,12.7698
0.0066,0.0000,0.0000,0.0000,0.0065,0.0000,200,12.7698
0.0062,0.0000,0.0000,0.0000,0.0061,0.0000,200,12.7704
0.0065,0.0000,0.0000,0.0000,0.0064,0.0000,200,12.7706
0.0065,0.0000,0.0000,0.0000,0.0064,0.0001,200,12.7764
0.0066,0.0000,0.0000,0.0000,0.0066,0.0000,200,12.7764
0.0065,0.0000,0.0000,0.0000,0.0064,0.0000,200,12.7766
0.0063,0.0000,0.0000,0.0000,0.0062,0.0000,200,12.7771
0.0061,0.0000,0.0000,0.0000,0.0060,0.0001,200,12.7834
0.0068,0.0000,0.0000,0.0000,0.0067,0.0000,200,12.7829
0.0067,0.0000,0.0000,0.0000,0.0066,0.0000,200,12.7830
0.0067,0.0000,0.0000,0.0000,0.0066,0.0000,200,12.7831
0.0064,0.0000,0.0000,0.0000,0.0063,0.0001,200,12.7896
0.0063,0.0000,0.0000,0.0000,0.0062,0.0000,200,12.7898
0.0063,0.0000,0.0000,0.0000,0.0063,0.0000,200,12.7897
0.0064,0.0000,0.0000,0.0000,0.0063,0.0000,200,12.7897
0.0065,0.0000,0.0000,0.0000,0.0064,0.0000,200,12.7960
0.0065,0.0000,0.0000,0.0000,0.0064,0.0001,200,12.7960
0.0065,0.0000,0.0000,0.0000,0.0064,0.0001,200,12.7961
0.0066,0.0000,0.0000,0.0000,0.0064,0.0002,200,12.7961
0.0065,0.0000,0.0000,0.0000,0.0064,0.0000,200,12.8025
0.0065,0.0000,0.0000,0.0000,0.0064,0.0000,200,12.8025
0.0064,0.0000,0.0000,0.0000,0.0064,0.0000,200,12.8026
0.0066,0.0000,0.0000,0.0000,0.0065,0.0000,200,12.8025
0.0065,0.0000,0.0000,0.0000,0.0064,0.0001,200,12.8091
0.0065,0.0000,0.0000,0.0000,0.0064,0.0000,200,12.8091
0.0064,0.0000,0.0000,0.0000,0.0064,0.0000,200,12.8091
0.0066,0.0000,0.0000,0.0000,0.0064,0.0001,200,12.8091
0.0063,0.0000,0.0000,0.0000,0.0062,0.0001,200,12.8156
0.0064,0.0000,0.0000,0.0000,0.0063,0.0001,200,12.8156
0.0064,0.0000,0.0000,0.0001,0.0062,0.0001,200,12.8156
0.0068,0.0000,0.0000,0.0000,0.0067,0.0000,200,12.8156
0.0066,0.0000,0.0000,0.0000,0.0065,0.0001,200,12.8220
0.0066,0.0000,0.0000,0.0000,0.0065,0.0000,200,12.8220
0.0066,0.0000,0.0000,0.0000,0.0066,0.0000,200,12.8220
0.0081,0.0000,0.0000,0.0000,0.0080,0.0001,200,12.8224
0.0064,0.0000,0.0000,0.0000,0.0063,0.0001,200,12.8286
0.0065,0.0000,0.0000,0.0000,0.0064,0.0000,200,12.8286
0.0066,0.0000,0.0000,0.0000,0.0065,0.0000,200,12.8286
0.0064,0.0000,0.0000,0.0000,0.0063,0.0001,200,12.8305
0.0071,0.0000,0.0000,0.0000,0.0070,0.0001,200,12.8352
0.0077,0.0000,0.0000,0.0000,0.0076,0.0000,200,12.8350
0.0064,0.0000,0.0000,0.0000,0.0063,0.0001,200,12.8368
0.0087,0.0000,0.0000,0.0000,0.0087,0.0001,200,12.8351
0.0069,0.0000,0.0000,0.0000,0.0067,0.0001,200,12.8423
0.0065,0.0000,0.0000,0.0000,0.0064,0.0000,200,12.8427
0.0063,0.0000,0.0000,0.0000,0.0062,0.0000,200,12.8433
0.0063,0.0000,0.0000,0.0000,0.0062,0.0000,200,12.8438
0.0064,0.0000,0.0000,0.0000,0.0063,0.0001,200,12.8492
0.0067,0.0000,0.0000,0.0000,0.0067,0.0000,200,12.8491
0.0064,0.0000,0.0000,0.0000,0.0063,0.0000,200,12.8496
0.0064,0.0000,0.0000,0.0000,0.0064,0.0000,200,12.8501
0.0066,0.0000,0.0000,0.0000,0.0065,0.0001,200,12.8556
0.0063,0.0000,0.0000,0.0000,0.0063,0.0000,200,12.8559
0.0064,0.0000,0.0000,0.0000,0.0064,0.0000,200,12.8560
0.0063,0.0000,0.0000,0.0000,0.0063,0.0000,200,12.8566
0.0065,0.0000,0.0000,0.0000,0.0064,0.0001,200,12.8622
0.0064,0.0000,0.0000,0.0000,0.0063,0.0001,200,12.8624
0.0067,0.0000,0.0000,0.0000,0.0066,0.0000,200,12.8622
0.0063,0.0000,0.0000,0.0000,0.0061,0.0001,200,12.8629
0.0064,0.0000,0.0000,0.0000,0.0063,0.0001,200,12.8688
0.0064,0.0000,0.0000,0.0000,0.0063,0.0000,200,12.8689
0.0062,0.0000,0.0000,0.0000,0.0062,0.0000,200,12.8692
0.0066,0.0000,0.0000,0.0000,0.0065,0.0000,200,12.8688
0.0064,0.0000,0.0000,0.0000,0.0063,0.0000,200,12.8754
0.0066,0.0000,0.0000,0.0000,0.0065,0.0000,200,12.8752
0.0064,0.0000,0.0000,0.0000,0.0063,0.0000,200,12.8754
0.0066,0.0000,0.0000,0.0000,0.0066,0.0000,200,12.8752
0.0065,0.0000,0.0000,0.0000,0.0064,0.0001,200,12.8818
0.0065,0.0000,0.0000,0.0000,0.0065,0.0000,200,12.8818
0.0065,0.0000,0.0000,0.0000,0.0065,0.0000,200,12.8819
0.0067,0.0000,0.0000,0.0000,0.0066,0.0000,200,12.8818
0.0064,0.0000,0.0000,0.0000,0.0063,0.0001,200,12.8884
0.0064,0.0000,0.0000,0.0000,0.0063,0.0000,200,12.8883
0.0063,0.0000,0.0000,0.0000,0.0063,0.0000,200,12.8885
0.0065,0.0000,0.0000,0.0000,0.0063,0.0001,200,12.8883
0.0064,0.0000,0.0000,0.0000,0.0063,0.0001,200,12.8948
0.0065,0.0000,0.0000,0.0000,0.0064,0.0000,200,12.8948
0.0065,0.0000,0.0000,0.0000,0.0064,0.0000,200,12.8948
0.0065,0.0000,0.0000,0.0000,0.0065,0.0000,200,12.8948
0.0064,0.0000,0.0000,0.0000,0.0064,0.0000,200,12.9013
0.0064,0.0000,0.0000,0.0000,0.0063,0.0001,200,12.9013
0.0065,0.0000,0.0000,0.0000,0.0063,0.0001,200,12.9013
0.0067,0.0000,0.0000,0.0000,0.0066,0.0000,200,12.9012
0.0063,0.0000,0.0000,0.0000,0.0062,0.0001,200,12.9078
0.0063,0.0000,0.0000,0.0000,0.0062,0.0000,200,12.9078
0.0064,0.0000,0.0000,0.0000,0.0063,0.0000,200,12.9077
0.0064,0.0000,0.0000,0.0000,0.0063,0.0000,200,12.9077
0.0066,0.0000,0.0000,0.0000,0.0064,0.0002,200,12.9141
0.0067,0.0000,0.0000,0.0000,0.0066,0.0000,200,12.9141
0.0067,0.0000,0.0000,0.0000,0.0065,0.0002,200,12.9141
0.0069,0.0000,0.0000,0.0002,0.0066,0.0000,200,12.9141
0.0066,0.0000,0.0000,0.0000,0.0065,0.0000,200,12.9208
0.0066,0.0000,0.0000,0.0000,0.0065,0.0001,200,12.9208
0.0067,0.0000,0.0000,0.0000,0.0066,0.0000,200,12.9207
0.0064,0.0000,0.0000,0.0000,0.0063,0.0001,200,12.9210
0.0066,0.0000,0.0000,0.0000,0.0065,0.0000,200,12.9274
0.0066,0.0000,0.0000,0.0000,0.0065,0.0000,200,12.9274
0.0066,0.0000,0.0000,0.0000,0.0065,0.0001,200,12.9274
0.0067,0.0000,0.0000,0.0000,0.0065,0.0001,200,12.9274
0.0064,0.0000,0.0000,0.0000,0.0062,0.0001,200,12.9340
0.0064,0.0000,0.0000,0.0000,0.0063,0.0000,200,12.9340
0.0065,0.0000,0.0000,0.0000,0.0064,0.0000,200,12.9340
0.0064,0.0000,0.0000,0.0000,0.0064,0.0000,200,12.9340
0.0064,0.0000,0.0000,0.0000,0.0063,0.0001,200,12.9404
0.0064,0.0000,0.0000,0.0000,0.0063,0.0000,200,12.9405
0.0064,0.0000,0.0000,0.0000,0.0064,0.0000,200,12.9404
0.0067,0.0000,0.0000,0.0000,0.0066,0.0000,200,12.9405
0.0063,0.0000,0.0000,0.0000,0.0062,0.0001,200,12.9468
0.0064,0.0000,0.0000,0.0000,0.0063,0.0001,200,12.9468
0.0063,0.0000,0.0000,0.0000,0.0063,0.0000,200,12.9468
0.0064,0.0000,0.0000,0.0000,0.0063,0.0000,200,12.9471
0.0066,0.0000,0.0000,0.0000,0.0065,0.0001,200,12.9532
0.0063,0.0000,0.0000,0.0000,0.0062,0.0001,200,12.9535
0.0066,0.0000,0.0000,0.0000,0.0065,0.0001,200,12.9532
0.0081,0.0000,0.0000,0.0000,0.0080,0.0001,200,12.9532
0.0073,0.0000,0.0000,0.0000,0.0072,0.0001,200,12.9598
0.0073,0.0000,0.0000,0.0000,0.0073,0.0000,200,12.9598
0.0077,0.0000,0.0000,0.0000,0.0076,0.0000,200,12.9598
0.0068,0.0000,0.0000,0.0000,0.0067,0.0000,200,12.9613
0.0068,0.0000,0.0000,0.0000,0.0067,0.0001,200,12.9671
0.0064,0.0000,0.0000,0.0000,0.0063,0.0001,200,12.9675
0.0068,0.0000,0.0000,0.0000,0.0067,0.0001,200,12.9671
0.0067,0.0000,0.0000,0.0000,0.0067,0.0000,200,12.9680
0.0063,0.0000,0.0000,0.0000,0.0062,0.0001,200,12.9739
0.0063,0.0000,0.0000,0.0000,0.0063,0.0000,200,12.9739
0.0064,0.0000,0.0000,0.0000,0.0064,0.0000,200,12.9739
0.0066,0.0000,0.0000,0.0000,0.0065,0.0001,200,12.9748
0.0065,0.0000,0.0000,0.0000,0.0064,0.0001,200,12.9802
0.0064,0.0000,0.0000,0.0000,0.0063,0.0000,200,12.9803
0.0065,0.0000,0.0000,0.0000,0.0064,0.0000,200,12.9802
0.0063,0.0000,0.0000,0.0000,0.0062,0.0000,200,12.9814
0.0065,0.0000,0.0000,0.0000,0.0064,0.0001,200,12.9867
0.0065,0.0000,0.0000,0.0000,0.0064,0.0000,200,12.9867
0.0066,0.0000,0.0000,0.0000,0.0065,0.0000,200,12.9867
0.0062,0.0000,0.0000,0.0000,0.0061,0.0000,200,12.9877
0.0066,0.0000,0.0000,0.0000,0.0066,0.0001,200,12.9932
0.0067,0.0000,0.0000,0.0000,0.0066,0.0000,200,12.9931
0.0067,0.0000,0.0000,0.0000,0.0066,0.0000,200,12.9933
0.0065,0.0000,0.0000,0.0000,0.0064,0.0000,200,12.9939
0.0063,0.0000,0.0000,0.0000,0.0062,0.0001,200,12.9999
0.0067,0.0000,0.0000,0.0000,0.0066,0.0000,200,12.9998
0.0067,0.0000,0.0000,0.0000,0.0066,0.0000,200,12.9998
0.0063,0.0000,0.0000,0.0000,0.0062,0.0000,200,13.0003
0.0069,0.0000,0.0000,0.0000,0.0068,0.0001,200,13.0063
0.0066,0.0000,0.0000,0.0000,0.0065,0.0001,200,13.0065
0.0066,0.0000,0.0000,0.0000,0.0065,0.0001,200,13.0065
0.0067,0.0000,0.0000,0.0000,0.0066,0.0000,200,13.0066
0.0065,0.0000,0.0000,0.0000,0.0064,0.0001,200,13.0131
0.0065,0.0000,0.0000,0.0000,0.0065,0.0000,200,13.0131
0.0063,0.0000,0.0000,0.0000,0.0063,0.0000,200,13.0133
0.0066,0.0000,0.0000,0.0000,0.0065,0.0000,200,13.0131
0.0066,0.0000,0.0000,0.0000,0.0065,0.0001,200,13.0197
0.0066,0.0000,0.0000,0.0000,0.0065,0.0000,200,13.0196
0.0066,0.0000,0.0000,0.0000,0.0065,0.0000,200,13.0197
0.0065,0.0000,0.0000,0.0000,0.0064,0.0001,200,13.0197
0.0063,0.0000,0.0000,0.0000,0.0062,0.0001,200,13.0263
0.0064,0.0000,0.0000,0.0000,0.0063,0.0000,200,13.0263
0.0064,0.0000,0.0000,0.0000,0.0064,0.0000,200,13.0263
0.0064,0.0000,0.0000,0.0000,0.0064,0.0000,200,13.0263
0.0065,0.0000,0.0000,0.0000,0.0064,0.0001,200,13.0326
0.0065,0.0000,0.0000,0.0000,0.0064,0.0001,200,13.0326
0.0064,0.0000,0.0000,0.0000,0.0064,0.0001,200,13.0327
0.0065,0.0000,0.0000,0.0000,0.0064,0.0000,200,13.0327
0.0065,0.0000,0.0000,0.0000,0.0065,0.0000,200,13.0391
0.0065,0.0000,0.0000,0.0000,0.0065,0.0000,200,13.0391
0.0065,0.0000,0.0000,0.0000,0.0065,0.0001,200,13.0391
0.0066,0.0000,0.0000,0.0000,0.0065,0.0000,200,13.0391
0.0065,0.0000,0.0000,0.0000,0.0064,0.0001,200,13.0457
0.0065,0.0000,0.0000,0.0000,0.0064,0.0000,200,13.0457
0.0065,0.0000,0.0000,0.0000,0.0064,0.0000,200,13.0457
0.0065,0.0000,0.0000,0.0000,0.0065,0.0000,200,13.0457
0.0065,0.0000,0.0000,0.0000,0.0064,0.0001,200,13.0521
0.0066,0.0000,0.0000,0.0000,0.0065,0.0000,200,13.0522
0.0065,0.0000,0.0000,0.0000,0.0064,0.0000,200,13.0522
0.0066,0.0000,0.0000,0.0000,0.0065,0.0000,200,13.0522
0.0064,0.0000,0.0000,0.0000,0.0063,0.0001,200,13.0587
0.0064,0.0000,0.0000,0.0000,0.0064,0.0000,200,13.0587
0.0065,0.0000,0.0000,0.0000,0.0064,0.0000,200,13.0587
0.0064,0.0000,0.0000,0.0000,0.0064,0.0000,200,13.0588
0.0064,0.0000,0.0000,0.0000,0.0063,0.0001,200,13.0652
0.0065,0.0000,0.0000,0.0000,0.0065,0.0000,200,13.0652
0.0068,0.0000,0.0000,0.0000,0.0067,0.0000,200,13.0651
0.0068,0.0000,0.0000,0.0000,0.0068,0.0000,200,13.0652
0.0067,0.0000,0.0000,0.0000,0.0066,0.0001,200,13.0717
0.0065,0.0000,0.0000,0.0000,0.0064,0.0000,200,13.0719
0.0066,0.0000,0.0000,0.0000,0.0065,0.0001,200,13.0717
0.0064,0.0000,0.0000,0.0000,0.0063,0.0000,200,13.0720
0.0065,0.0000,0.0000,0.0000,0.0064,0.0000,200,13.0784
0.0065,0.0000,0.0000,0.0000,0.0064,0.0001,200,13.0783
0.0065,0.0000,0.0000,0.0000,0.0064,0.0001,200,13.0783
0.0066,0.0000,0.0000,0.0000,0.0065,0.0000,200,13.0784
0.0072,0.0000,0.0000,0.0000,0.0071,0.0001,200,13.0848
0.0072,0.0000,0.0000,0.0000,0.0071,0.0001,200,13.0848
0.0072,0.0000,0.0000,0.0000,0.0071,0.0000,200,13.0849
0.0075,0.0000,0.0000,0.0000,0.0074,0.0000,200,13.0848
0.0066,0.0000,0.0000,0.0000,0.0065,0.0001,200,13.0921
0.0066,0.0000,0.0000,0.0000,0.0065,0.0001,200,13.0921
0.0067,0.0000,0.0000,0.0000,0.0066,0.0000,200,13.0921
0.0065,0.0000,0.0000,0.0000,0.0065,0.0000,200,13.0923
0.0065,0.0000,0.0000,0.0000,0.0063,0.0001,200,13.0987
0.0065,0.0000,0.0000,0.0000,0.0064,0.0000,200,13.0987
0.0064,0.0000,0.0000,0.0000,0.0064,0.0000,200,13.0988
0.0064,0.0000,0.0000,0.0000,0.0063,0.0000,200,13.0988
0.0066,0.0000,0.0000,0.0000,0.0065,0.0001,200,13.1052
0.0067,0.0000,0.0000,0.0000,0.0066,0.0000,200,13.1052
0.0066,0.0000,0.0000,0.0000,0.0066,0.0000,200,13.1052
0.0067,0.0000,0.0000,0.0000,0.0067,0.0000,200,13.1052
0.0066,0.0000,0.0000,0.0000,0.0065,0.0001,200,13.1118
0.0067,0.0000,0.0000,0.0000,0.0066,0.0000,200,13.1118
0.0068,0.0000,0.0000,0.0000,0.0068,0.0000,200,13.1118
0.0068,0.0000,0.0000,0.0000,0.0068,0.0000,200,13.1119
0.0063,0.0000,0.0000,0.0000,0.0062,0.0001,200,13.1187
0.0065,0.0000,0.0000,0.0000,0.0065,0.0000,200,13.1185
0.0066,0.0000,0.0000,0.0000,0.0065,0.0000,200,13.1185
0.0069,0.0000,0.0000,0.0000,0.0069,0.0000,200,13.1187
0.0065,0.0000,0.0000,0.0000,0.0064,0.0001,200,13.1250
0.0065,0.0000,0.0000,0.0000,0.0064,0.0000,200,13.1250
0.0065,0.0000,0.0000,0.0000,0.0064,0.0000,200,13.1250
0.0062,0.0000,0.0000,0.0000,0.0062,0.0000,200,13.1256
0.0063,0.0000,0.0000,0.0000,0.0062,0.0000,200,13.1315
0.0064,0.0000,0.0000,0.0000,0.0063,0.0000,200,13.1315
0.0065,0.0000,0.0000,0.0000,0.0065,0.0000,200,13.1315
0.0062,0.0000,0.0000,0.0000,0.0062,0.0000,200,13.1318
0.0063,0.0000,0.0000,0.0000,0.0063,0.0000,200,13.1380
0.0063,0.0000,0.0000,0.0000,0.0063,0.0001,200,13.1380
0.0065,0.0000,0.0000,0.0000,0.0065,0.0000,200,13.1379
0.0066,0.0000,0.0000,0.0000,0.0064,0.0001,200,13.1378
0.0063,0.0000,0.0000,0.0000,0.0062,0.0001,200,13.1444
0.0064,0.0000,0.0000,0.0000,0.0063,0.0000,200,13.1444
0.0064,0.0000,0.0000,0.0000,0.0064,0.0000,200,13.1444
0.0065,0.0000,0.0000,0.0000,0.0064,0.0000,200,13.1444
0.0063,0.0000,0.0000,0.0000,0.0062,0.0001,200,13.1509
0.0064,0.0000,0.0000,0.0000,0.0063,0.0001,200,13.1508
0.0064,0.0000,0.0000,0.0000,0.0063,0.0000,200,13.1509
0.0065,0.0000,0.0000,0.0000,0.0064,0.0000,200,13.1508
0.0065,0.0000,0.0000,0.0000,0.0064,0.0001,200,13.1572
0.0065,0.0000,0.0000,0.0000,0.0064,0.0000,200,13.1573
0.0065,0.0000,0.0000,0.0000,0.0065,0.0000,200,13.1572
0.0065,0.0000,0.0000,0.0000,0.0064,0.0000,200,13.1572
0.0066,0.0000,0.0000,0.0000,0.0065,0.0000,200,13.1637
0.0066,0.0000,0.0000,0.0000,0.0064,0.0002,200,13.1637
0.0066,0.0000,0.0000,0.0000,0.0066,0.0000,200,13.1637
0.0066,0.0000,0.0000,0.0000,0.0066,0.0000,200,13.1637
0.0065,0.0000,0.0000,0.0000,0.0064,0.0001,200,13.1702
0.0064,0.0000,0.0000,0.0000,0.0064,0.0000,200,13.1704
0.0065,0.0000,0.0000,0.0000,0.0064,0.0000,200,13.1703
0.0065,0.0000,0.0000,0.0000,0.0064,0.0000,200,13.1704
0.0064,0.0000,0.0000,0.0000,0.0064,0.0001,200,13.1768
0.0065,0.0000,0.0000,0.0000,0.0064,0.0001,200,13.1768
0.0064,0.0000,0.0000,0.0000,0.0063,0.0001,200,13.1768
0.0066,0.0000,0.0000,0.0000,0.0065,0.0000,200,13.1768
0.0064,0.0000,0.0000,0.0000,0.0063,0.0001,200,13.1832
0.0064,0.0000,0.0000,0.0000,0.0063,0.0000,200,13.1833
0.0063,0.0000,0.0000,0.0000,0.0063,0.0000,200,13.1834
0.0065,0.0000,0.0000,0.0000,0.0064,0.0000,200,13.1833
0.0065,0.0000,0.0000,0.0000,0.0065,0.0000,200,13.1897
0.0064,0.0000,0.0000,0.0000,0.0064,0.0000,200,13.1898
0.0066,0.0000,0.0000,0.0000,0.0065,0.0001,200,13.1896
0.0065,0.0000,0.0000,0.0000,0.0064,0.0001,200,13.1898
0.0065,0.0000,0.0000,0.0000,0.0064,0.0000,200,13.1962
0.0064,0.0000,0.0000,0.0000,0.0064,0.0000,200,13.1963
0.0065,0.0000,0.0000,0.0000,0.0064,0.0001,200,13.1962
0.0065,0.0000,0.0000,0.0000,0.0065,0.0000,200,13.1962
0.0064,0.0000,0.0000,0.0000,0.0063,0.0001,200,13.2027
0.0064,0.0000,0.0000,0.0000,0.0063,0.0000,200,13.2027
0.0069,0.0000,0.0000,0.0000,0.0069,0.0000,200,13.2027
0.0091,0.0000,0.0000,0.0000,0.0090,0.0001,200,13.2027
0.0071,0.0000,0.0000,0.0000,0.0070,0.0001,200,13.2091
0.0077,0.0000,0.0000,0.0000,0.0076,0.0001,200,13.2092
0.0076,0.0000,0.0000,0.0000,0.0075,0.0000,200,13.2097
0.0083,0.0000,0.0000,0.0000,0.0082,0.0001,200,13.2118
0.0071,0.0000,0.0000,0.0000,0.0070,0.0001,200,13.2163
0.0067,0.0000,0.0000,0.0000,0.0066,0.0000,200,13.2173
0.0072,0.0000,0.0000,0.0000,0.0071,0.0000,200,13.2169
0.0081,0.0000,0.0000,0.0000,0.0080,0.0001,200,13.2201
0.0069,0.0000,0.0000,0.0000,0.0068,0.0001,200,13.2240
0.0070,0.0000,0.0000,0.0000,0.0069,0.0000,200,13.2240
0.0076,0.0000,0.0000,0.0000,0.0075,0.0000,200,13.2234
0.0075,0.0000,0.0000,0.0000,0.0073,0.0001,200,13.2282
0.0065,0.0000,0.0000,0.0000,0.0064,0.0001,200,13.2310
0.0066,0.0000,0.0000,0.0000,0.0065,0.0000,200,13.2309
0.0067,0.0000,0.0000,0.0000,0.0066,0.0000,200,13.2310
0.0071,0.0000,0.0000,0.0000,0.0070,0.0001,200,13.2357
0.0064,0.0000,0.0000,0.0000,0.0063,0.0001,200,13.2375
0.0064,0.0000,0.0000,0.0000,0.0064,0.0000,200,13.2377
0.0067,0.0000,0.0000,0.0000,0.0067,0.0000,200,13.2376
0.0077,0.0000,0.0000,0.0000,0.0075,0.0001,200,13.2428
0.0068,0.0000,0.0000,0.0000,0.0067,0.0000,200,13.2443
0.0079,0.0000,0.0000,0.0000,0.0078,0.0000,200,13.2438
0.0076,0.0000,0.0000,0.0000,0.0076,0.0000,200,13.2441
0.0068,0.0000,0.0000,0.0000,0.0067,0.0001,200,13.2505
0.0066,0.0000,0.0000,0.0000,0.0064,0.0001,200,13.2511
0.0065,0.0000,0.0000,0.0000,0.0064,0.0000,200,13.2518
0.0065,0.0000,0.0000,0.0000,0.0065,0.0000,200,13.2517
0.0066,0.0000,0.0000,0.0000,0.0065,0.0001,200,13.2577
0.0071,0.0000,0.0000,0.0000,0.0070,0.0000,200,13.2572
0.0062,0.0000,0.0000,0.0000,0.0061,0.0000,200,13.2582
0.0062,0.0000,0.0000,0.0000,0.0062,0.0000,200,13.2583
0.0066,0.0000,0.0000,0.0000,0.0065,0.0001,200,13.2643
0.0064,0.0000,0.0000,0.0000,0.0063,0.0001,200,13.2645
0.0066,0.0000,0.0000,0.0000,0.0065,0.0001,200,13.2643
0.0065,0.0000,0.0000,0.0000,0.0065,0.0000,200,13.2644
0.0066,0.0000,0.0000,0.0000,0.0065,0.0001,200,13.2709
0.0066,0.0000,0.0000,0.0000,0.0065,0.0001,200,13.2709
0.0067,0.0000,0.0000,0.0000,0.0066,0.0000,200,13.2709
0.0069,0.0000,0.0000,0.0000,0.0068,0.0000,200,13.2709
0.0065,0.0000,0.0000,0.0000,0.0064,0.0001,200,13.2776
0.0066,0.0000,0.0000,0.0000,0.0064,0.0000,200,13.2775
0.0066,0.0000,0.0000,0.0000,0.0065,0.0001,200,13.2775
0.0068,0.0000,0.0000,0.0000,0.0067,0.0000,200,13.2778
0.0065,0.0000,0.0000,0.0000,0.0064,0.0001,200,13.2841
0.0065,0.0000,0.0000,0.0000,0.0064,0.0000,200,13.2841
0.0065,0.0000,0.0000,0.0000,0.0064,0.0000,200,13.2841
0.0077,0.0000,0.0000,0.0000,0.0076,0.0000,200,13.2846
0.0062,0.0000,0.0000,0.0000,0.0061,0.0000,200,13.2906
0.0063,0.0000,0.0000,0.0000,0.0062,0.0000,200,13.2905
0.0062,0.0000,0.0000,0.0000,0.0062,0.0000,200,13.2906
0.0060,0.0000,0.0000,0.0000,0.0060,0.0000,200,13.2923
0.0063,0.0000,0.0000,0.0000,0.0062,0.0001,200,13.2967
0.0063,0.0000,0.0000,0.0000,0.0062,0.0000,200,13.2968
0.0063,0.0000,0.0000,0.0000,0.0063,0.0000,200,13.2968
0.0061,0.0000,0.0000,0.0000,0.0061,0.0000,200,13.2983
0.0063,0.0000,0.0000,0.0000,0.0062,0.0001,200,13.3030
0.0063,0.0000,0.0000,0.0000,0.0063,0.0000,200,13.3031
0.0065,0.0000,0.0000,0.0000,0.0064,0.0000,200,13.3031
0.0061,0.0000,0.0000,0.0000,0.0060,0.0000,200,13.3044
0.0063,0.0000,0.0000,0.0000,0.0063,0.0001,200,13.3095
0.0064,0.0000,0.0000,0.0000,0.0063,0.0000,200,13.3094
0.0064,0.0000,0.0000,0.0000,0.0064,0.0000,200,13.3095
0.0062,0.0000,0.0000,0.0000,0.0061,0.0001,200,13.3106
0.0066,0.0000,0.0000,0.0000,0.0065,0.0000,200,13.3158
0.0066,0.0000,0.0000,0.0000,0.0064,0.0000,200,13.3158
0.0065,0.0000,0.0000,0.0000,0.0064,0.0000,200,13.3159
0.0103,0.0000,0.0000,0.0000,0.0102,0.0001,200,13.3168
0.0068,0.0000,0.0000,0.0000,0.0067,0.0000,200,13.3224
0.0069,0.0000,0.0000,0.0000,0.0067,0.0002,200,13.3224
0.0069,0.0000,0.0000,0.0000,0.0069,0.0000,200,13.3224
0.0078,0.0000,0.0000,0.0000,0.0075,0.0002,200,13.3271
0.0065,0.0000,0.0000,0.0000,0.0064,0.0000,200,13.3292
0.0065,0.0000,0.0000,0.0000,0.0065,0.0000,200,13.3293
0.0076,0.0000,0.0000,0.0000,0.0076,0.0001,200,13.3293
0.0068,0.0000,0.0000,0.0000,0.0066,0.0001,200,13.3349
0.0072,0.0000,0.0000,0.0000,0.0072,0.0000,200,13.3358
0.0071,0.0000,0.0000,0.0000,0.0071,0.0000,200,13.3370
0.0093,0.0000,0.0000,0.0000,0.0092,0.0000,200,13.3356
0.0067,0.0000,0.0000,0.0000,0.0066,0.0001,200,13.3416
0.0065,0.0000,0.0000,0.0000,0.0064,0.0001,200,13.3430
0.0067,0.0000,0.0000,0.0000,0.0066,0.0001,200,13.3441
0.0065,0.0000,0.0000,0.0000,0.0064,0.0001,200,13.3449
0.0070,0.0000,0.0000,0.0000,0.0069,0.0001,200,13.3483
0.0066,0.0000,0.0000,0.0000,0.0065,0.0001,200,13.3495
0.0072,0.0000,0.0000,0.0000,0.0071,0.0000,200,13.3508
0.0068,0.0000,0.0000,0.0000,0.0067,0.0000,200,13.3515
0.0065,0.0000,0.0000,0.0000,0.0064,0.0001,200,13.3553
0.0071,0.0000,0.0000,0.0000,0.0071,0.0001,200,13.3561
0.0073,0.0000,0.0000,0.0000,0.0072,0.0001,200,13.3583
0.0077,0.0000,0.0000,0.0000,0.0076,0.0000,200,13.3580
0.0067,0.0000,0.0000,0.0000,0.0066,0.0001,200,13.3618
0.0065,0.0000,0.0000,0.0000,0.0064,0.0000,200,13.3632
0.0079,0.0000,0.0000,0.0000,0.0078,0.0001,200,13.3657
0.0082,0.0000,0.0000,0.0000,0.0081,0.0000,200,13.3656
0.0066,0.0000,0.0000,0.0000,0.0065,0.0000,200,13.3686
0.0064,0.0000,0.0000,0.0000,0.0063,0.0000,200,13.3697
0.0065,0.0000,0.0000,0.0000,0.0064,0.0000,200,13.3735
0.0065,0.0000,0.0000,0.0000,0.0064,0.0000,200,13.3738
0.0066,0.0000,0.0000,0.0000,0.0065,0.0001,200,13.3752
0.0061,0.0000,0.0000,0.0000,0.0061,0.0000,200,13.3761
0.0064,0.0000,0.0000,0.0000,0.0063,0.0001,200,13.3802
0.0066,0.0000,0.0000,0.0000,0.0066,0.0000,200,13.3800
0.0062,0.0000,0.0000,0.0000,0.0062,0.0000,200,13.3817
0.0060,0.0000,0.0000,0.0000,0.0059,0.0000,200,13.3822
0.0065,0.0000,0.0000,0.0000,0.0064,0.0000,200,13.3866
0.0064,0.0000,0.0000,0.0000,0.0063,0.0000,200,13.3867
0.0061,0.0000,0.0000,0.0000,0.0061,0.0000,200,13.3879
0.0061,0.0000,0.0000,0.0000,0.0060,0.0000,200,13.3881
0.0064,0.0000,0.0000,0.0000,0.0064,0.0000,200,13.3931
0.0064,0.0000,0.0000,0.0000,0.0064,0.0000,200,13.3931
0.0062,0.0000,0.0000,0.0000,0.0061,0.0000,200,13.3941
0.0062,0.0000,0.0000,0.0000,0.0061,0.0000,200,13.3943
0.0065,0.0000,0.0000,0.0000,0.0064,0.0001,200,13.3996
0.0066,0.0000,0.0000,0.0000,0.0065,0.0000,200,13.3996
0.0062,0.0000,0.0000,0.0000,0.0061,0.0000,200,13.4004
0.0065,0.0000,0.0000,0.0000,0.0064,0.0000,200,13.4003
0.0067,0.0000,0.0000,0.0000,0.0066,0.0001,200,13.4061
0.0067,0.0000,0.0000,0.0000,0.0066,0.0001,200,13.4061
0.0063,0.0000,0.0000,0.0000,0.0062,0.0001,200,13.4066
0.0062,0.0000,0.0000,0.0000,0.0062,0.0000,200,13.4068
0.0065,0.0000,0.0000,0.0000,0.0064,0.0001,200,13.4129
0.0063,0.0000,0.0000,0.0000,0.0062,0.0001,200,13.4130
0.0066,0.0000,0.0000,0.0000,0.0065,0.0000,200,13.4128
0.0066,0.0000,0.0000,0.0000,0.0065,0.0000,200,13.4128
0.0064,0.0000,0.0000,0.0000,0.0064,0.0000,200,13.4194
0.0065,0.0000,0.0000,0.0000,0.0064,0.0001,200,13.4194
0.0065,0.0000,0.0000,0.0000,0.0064,0.0000,200,13.4194
0.0065,0.0000,0.0000,0.0000,0.0064,0.0001,200,13.4194
0.0064,0.0000,0.0000,0.0000,0.0063,0.0001,200,13.4258
0.0064,0.0000,0.0000,0.0000,0.0064,0.0000,200,13.4258
0.0066,0.0000,0.0000,0.0000,0.0066,0.0000,200,13.4258
0.0066,0.0000,0.0000,0.0000,0.0065,0.0000,200,13.4259
0.0064,0.0000,0.0000,0.0000,0.0064,0.0000,200,13.4324
0.0064,0.0000,0.0000,0.0000,0.0063,0.0001,200,13.4325
0.0067,0.0000,0.0000,0.0000,0.0066,0.0001,200,13.4322
0.0066,0.0000,0.0000,0.0000,0.0066,0.0000,200,13.4323
0.0065,0.0000,0.0000,0.0000,0.0064,0.0000,200,13.4389
0.0065,0.0000,0.0000,0.0000,0.0065,0.0000,200,13.4389
0.0066,0.0000,0.0000,0.0000,0.0065,0.0000,200,13.4389
0.0066,0.0000,0.0000,0.0000,0.0066,0.0000,200,13.4389
0.0064,0.0000,0.0000,0.0000,0.0063,0.0000,200,13.4455
0.0065,0.0000,0.0000,0.0000,0.0064,0.0001,200,13.4453
0.0064,0.0000,0.0000,0.0000,0.0063,0.0001,200,13.4455
0.0066,0.0000,0.0000,0.0000,0.0066,0.0000,200,13.4454
0.0065,0.0000,0.0000,0.0000,0.0064,0.0001,200,13.4519
0.0064,0.0000,0.0000,0.0000,0.0063,0.0001,200,13.4520
0.0065,0.0000,0.0000,0.0000,0.0064,0.0000,200,13.4519
0.0065,0.0000,0.0000,0.0000,0.0065,0.0000,200,13.4519
0.0072,0.0000,0.0000,0.0000,0.0071,0.0001,200,13.4584
0.0072,0.0000,0.0000,0.0000,0.0071,0.0001,200,13.4584
0.0073,0.0000,0.0000,0.0000,0.0073,0.0000,200,13.4584
0.0074,0.0000,0.0000,0.0000,0.0073,0.0000,200,13.4584
0.0065,0.0000,0.0000,0.0000,0.0064,0.0001,200,13.4656
0.0064,0.0000,0.0000,0.0000,0.0064,0.0000,200,13.4658
0.0064,0.0000,0.0000,0.0000,0.0063,0.0001,200,13.4658
0.0065,0.0000,0.0000,0.0000,0.0065,0.0000,200,13.4656
0.0066,0.0000,0.0000,0.0000,0.0066,0.0000,200,13.4722
0.0066,0.0000,0.0000,0.0000,0.0066,0.0000,200,13.4722
0.0066,0.0000,0.0000,0.0000,0.0066,0.0000,200,13.4722
0.0067,0.0000,0.0000,0.0000,0.0065,0.0001,200,13.4722
0.0064,0.0000,0.0000,0.0000,0.0063,0.0001,200,13.4788
0.0065,0.0000,0.0000,0.0000,0.0065,0.0000,200,13.4788
0.0065,0.0000,0.0000,0.0000,0.0065,0.0000,200,13.4788
0.0066,0.0000,0.0000,0.0000,0.0065,0.0000,200,13.4788
0.0065,0.0000,0.0000,0.0000,0.0064,0.0001,200,13.4852
0.0064,0.0000,0.0000,0.0000,0.0063,0.0001,200,13.4854
0.0064,0.0000,0.0000,0.0000,0.0063,0.0000,200,13.4854
0.0063,0.0000,0.0000,0.0000,0.0063,0.0000,200,13.4854
0.0062,0.0000,0.0000,0.0000,0.0061,0.0001,200,13.4918
0.0063,0.0000,0.0000,0.0000,0.0062,0.0000,200,13.4917
0.0063,0.0000,0.0000,0.0000,0.0063,0.0000,200,13.4917
0.0069,0.0000,0.0000,0.0000,0.0068,0.0000,200,13.4917
0.0064,0.0000,0.0000,0.0000,0.0063,0.0001,200,13.4980
0.0065,0.0000,0.0000,0.0000,0.0063,0.0000,200,13.4980
0.0064,0.0000,0.0000,0.0000,0.0064,0.0000,200,13.4980
0.0066,0.0000,0.0000,0.0000,0.0065,0.0000,200,13.4986
0.0065,0.0000,0.0000,0.0000,0.0064,0.0000,200,13.5044
0.0064,0.0000,0.0000,0.0000,0.0064,0.0001,200,13.5045
0.0071,0.0000,0.0000,0.0000,0.0070,0.0000,200,13.5045
0.0065,0.0000,0.0000,0.0000,0.0064,0.0000,200,13.5052
0.0070,0.0000,0.0000,0.0000,0.0068,0.0001,200,13.5109
0.0072,0.0000,0.0000,0.0000,0.0070,0.0002,200,13.5109
0.0066,0.0000,0.0000,0.0000,0.0065,0.0000,200,13.5116
0.0067,0.0000,0.0000,0.0001,0.0061,0.0001,200,13.5117
0.0068,0.0000,0.0000,0.0000,0.0067,0.0001,200,13.5182
0.0069,0.0000,0.0000,0.0000,0.0068,0.0000,200,13.5182
0.0066,0.0000,0.0000,0.0000,0.0066,0.0000,200,13.5184
0.0072,0.0000,0.0000,0.0000,0.0071,0.0000,200,13.5179
0.0066,0.0000,0.0000,0.0000,0.0065,0.0001,200,13.5251
0.0069,0.0000,0.0000,0.0000,0.0068,0.0000,200,13.5249
0.0070,0.0000,0.0000,0.0000,0.0070,0.0000,200,13.5250
0.0075,0.0000,0.0000,0.0000,0.0074,0.0001,200,13.5250
0.0070,0.0000,0.0000,0.0000,0.0069,0.0001,200,13.5319
0.0074,0.0000,0.0000,0.0000,0.0073,0.0000,200,13.5316
0.0066,0.0000,0.0000,0.0000,0.0065,0.0000,200,13.5325
0.0075,0.0000,0.0000,0.0000,0.0075,0.0000,200,13.5320
0.0067,0.0000,0.0000,0.0000,0.0066,0.0001,200,13.5391
0.0069,0.0000,0.0000,0.0000,0.0068,0.0000,200,13.5390
0.0071,0.0000,0.0000,0.0000,0.0070,0.0000,200,13.5388
0.0066,0.0000,0.0000,0.0000,0.0066,0.0000,200,13.5395
0.0071,0.0000,0.0000,0.0000,0.0070,0.0001,200,13.5457
0.0071,0.0000,0.0000,0.0000,0.0070,0.0000,200,13.5459
0.0072,0.0000,0.0000,0.0000,0.0071,0.0000,200,13.5458
0.0071,0.0000,0.0000,0.0000,0.0070,0.0000,200,13.5462
0.0068,0.0000,0.0000,0.0000,0.0066,0.0001,200,13.5529
0.0067,0.0000,0.0000,0.0000,0.0067,0.0000,200,13.5530
0.0067,0.0000,0.0000,0.0000,0.0066,0.0000,200,13.5531
0.0065,0.0000,0.0000,0.0000,0.0065,0.0000,200,13.5533
0.0067,0.0000,0.0000,0.0000,0.0066,0.0001,200,13.5597
0.0070,0.0000,0.0000,0.0000,0.0069,0.0000,200,13.5597
0.0071,0.0000,0.0000,0.0000,0.0070,0.0000,200,13.5596
0.0074,0.0000,0.0000,0.0005,0.0068,0.0000,200,13.5598
0.0070,0.0000,0.0000,0.0000,0.0069,0.0001,200,13.5667
0.0074,0.0000,0.0000,0.0000,0.0073,0.0000,200,13.5664
0.0071,0.0000,0.0000,0.0000,0.0071,0.0000,200,13.5667
0.0067,0.0000,0.0000,0.0000,0.0066,0.0000,200,13.5672
0.0070,0.0000,0.0000,0.0000,0.0068,0.0001,200,13.5737
0.0069,0.0000,0.0000,0.0000,0.0068,0.0000,200,13.5738
0.0069,0.0000,0.0000,0.0000,0.0068,0.0000,200,13.5739
0.0069,0.0000,0.0000,0.0000,0.0068,0.0001,200,13.5738
0.0076,0.0000,0.0000,0.0000,0.0075,0.0001,200,13.5807
0.0076,0.0000,0.0000,0.0000,0.0075,0.0001,200,13.5807
0.0080,0.0000,0.0000,0.0000,0.0079,0.0000,200,13.5807
0.0087,0.0000,0.0000,0.0000,0.0085,0.0000,200,13.5808
0.0067,0.0000,0.0000,0.0000,0.0066,0.0001,200,13.5883
0.0063,0.0000,0.0000,0.0000,0.0062,0.0000,200,13.5887
0.0067,0.0000,0.0000,0.0000,0.0066,0.0000,200,13.5883
0.0062,0.0000,0.0000,0.0000,0.0062,0.0001,200,13.5894
0.0066,0.0000,0.0000,0.0000,0.0065,0.0001,200,13.5950
0.0066,0.0000,0.0000,0.0000,0.0065,0.0000,200,13.5950
0.0069,0.0000,0.0000,0.0000,0.0068,0.0000,200,13.5950
0.0064,0.0000,0.0000,0.0000,0.0063,0.0000,200,13.5957
0.0069,0.0000,0.0000,0.0000,0.0068,0.0001,200,13.6016
0.0069,0.0000,0.0000,0.0000,0.0068,0.0000,200,13.6016
0.0064,0.0000,0.0000,0.0000,0.0064,0.0000,200,13.6020
0.0066,0.0000,0.0000,0.0000,0.0065,0.0000,200,13.6019
0.0064,0.0000,0.0000,0.0000,0.0063,0.0001,200,13.6084
0.0064,0.0000,0.0000,0.0000,0.0064,0.0000,200,13.6085
0.0065,0.0000,0.0000,0.0000,0.0064,0.0001,200,13.6085
0.0065,0.0000,0.0000,0.0000,0.0064,0.0000,200,13.6085
0.0065,0.0000,0.0000,0.0000,0.0064,0.0000,200,13.6149
0.0065,0.0000,0.0000,0.0000,0.0064,0.0000,200,13.6149
0.0066,0.0000,0.0000,0.0000,0.0065,0.0000,200,13.6149
0.0065,0.0000,0.0000,0.0000,0.0064,0.0000,200,13.6150
0.0064,0.0000,0.0000,0.0000,0.0063,0.0001,200,13.6214
0.0064,0.0000,0.0000,0.0000,0.0064,0.0000,200,13.6214
0.0066,0.0000,0.0000,0.0000,0.0066,0.0000,200,13.6214
0.0066,0.0000,0.0000,0.0000,0.0065,0.0000,200,13.6214
0.0062,0.0000,0.0000,0.0000,0.0061,0.0001,200,13.6280
0.0063,0.0000,0.0000,0.0000,0.0063,0.0000,200,13.6279
0.0063,0.0000,0.0000,0.0000,0.0062,0.0000,200,13.6280
0.0066,0.0000,0.0000,0.0000,0.0065,0.0000,200,13.6278
0.0064,0.0000,0.0000,0.0000,0.0062,0.0001,200,13.6342
0.0064,0.0000,0.0000,0.0000,0.0064,0.0000,200,13.6343
0.0066,0.0000,0.0000,0.0000,0.0065,0.0000,200,13.6342
0.0064,0.0000,0.0000,0.0000,0.0063,0.0000,200,13.6344
0.0065,0.0000,0.0000,0.0000,0.0064,0.0001,200,13.6408
0.0067,0.0000,0.0000,0.0000,0.0066,0.0000,200,13.6406
0.0065,0.0000,0.0000,0.0000,0.0065,0.0000,200,13.6408
0.0065,0.0000,0.0000,0.0000,0.0065,0.0000,200,13.6408
0.0064,0.0000,0.0000,0.0000,0.0064,0.0000,200,13.6473
0.0065,0.0000,0.0000,0.0000,0.0064,0.0000,200,13.6473
0.0065,0.0000,0.0000,0.0000,0.0064,0.0000,200,13.6473
0.0065,0.0000,0.0000,0.0000,0.0065,0.0000,200,13.6473
0.0065,0.0000,0.0000,0.0000,0.0063,0.0001,200,13.6538
0.0067,0.0000,0.0000,0.0000,0.0067,0.0000,200,13.6538
0.0067,0.0000,0.0000,0.0000,0.0067,0.0000,200,13.6538
0.0068,0.0000,0.0000,0.0000,0.0067,0.0000,200,13.6538
0.0065,0.0000,0.0000,0.0000,0.0064,0.0001,200,13.6605
0.0068,0.0000,0.0000,0.0000,0.0067,0.0001,200,13.6603
0.0065,0.0000,0.0000,0.0000,0.0064,0.0001,200,13.6605
0.0066,0.0000,0.0000,0.0000,0.0065,0.0000,200,13.6605
0.0064,0.0000,0.0000,0.0000,0.0063,0.0001,200,13.6670
0.0064,0.0000,0.0000,0.0000,0.0063,0.0000,200,13.6670
0.0064,0.0000,0.0000,0.0000,0.0063,0.0000,200,13.6671
0.0064,0.0000,0.0000,0.0000,0.0064,0.0000,200,13.6671
0.0065,0.0000,0.0000,0.0000,0.0063,0.0001,200,13.6735
0.0065,0.0000,0.0000,0.0000,0.0065,0.0000,200,13.6735
0.0066,0.0000,0.0000,0.0000,0.0065,0.0000,200,13.6734
0.0066,0.0000,0.0000,0.0000,0.0065,0.0000,200,13.6735
0.0067,0.0000,0.0000,0.0000,0.0066,0.0000,200,13.6800
0.0067,0.0000,0.0000,0.0000,0.0066,0.0001,200,13.6800
0.0066,0.0000,0.0000,0.0000,0.0066,0.0001,200,13.6801
0.0067,0.0000,0.0000,0.0000,0.0066,0.0001,200,13.6801
0.0063,0.0000,0.0000,0.0000,0.0062,0.0001,200,13.6867
0.0064,0.0000,0.0000,0.0000,0.0063,0.0000,200,13.6867
0.0064,0.0000,0.0000,0.0000,0.0064,0.0000,200,13.6867
0.0067,0.0000,0.0000,0.0000,0.0066,0.0000,200,13.6867
0.0062,0.0000,0.0000,0.0000,0.0061,0.0000,200,13.6934
0.0064,0.0000,0.0000,0.0000,0.0063,0.0001,200,13.6931
0.0066,0.0000,0.0000,0.0000,0.0064,0.0001,200,13.6930
0.0066,0.0000,0.0000,0.0000,0.0065,0.0000,200,13.6932
0.0064,0.0000,0.0000,0.0000,0.0063,0.0001,200,13.6995
0.0064,0.0000,0.0000,0.0000,0.0063,0.0000,200,13.6995
0.0064,0.0000,0.0000,0.0001,0.0063,0.0000,200,13.6995
0.0077,0.0000,0.0000,0.0000,0.0076,0.0001,200,13.6997
0.0073,0.0000,0.0000,0.0000,0.0072,0.0001,200,13.7059
0.0080,0.0000,0.0000,0.0000,0.0079,0.0000,200,13.7059
0.0080,0.0000,0.0000,0.0000,0.0080,0.0000,200,13.7059
0.0066,0.0000,0.0000,0.0000,0.0066,0.0000,200,13.7074
0.0070,0.0000,0.0000,0.0000,0.0068,0.0001,200,13.7133
0.0064,0.0000,0.0000,0.0000,0.0063,0.0000,200,13.7139
0.0063,0.0000,0.0000,0.0000,0.0062,0.0000,200,13.7141
0.0065,0.0000,0.0000,0.0000,0.0064,0.0000,200,13.7140
0.0062,0.0000,0.0000,0.0000,0.0062,0.0000,200,13.7205
0.0065,0.0000,0.0000,0.0000,0.0064,0.0000,200,13.7202
0.0064,0.0000,0.0000,0.0000,0.0063,0.0001,200,13.7203
0.0064,0.0000,0.0000,0.0000,0.0063,0.0000,200,13.7204
0.0066,0.0000,0.0000,0.0000,0.0065,0.0001,200,13.7267
0.0066,0.0000,0.0000,0.0000,0.0065,0.0001,200,13.7267
0.0066,0.0000,0.0000,0.0000,0.0065,0.0000,200,13.7267
0.0066,0.0000,0.0000,0.0000,0.0065,0.0000,200,13.7267
0.0065,0.0000,0.0000,0.0000,0.0064,0.0001,200,13.7333
0.0065,0.0000,0.0000,0.0000,0.0064,0.0000,200,13.7333
0.0065,0.0000,0.0000,0.0000,0.0064,0.0000,200,13.7333
0.0066,0.0000,0.0000,0.0000,0.0065,0.0000,200,13.7333
0.0066,0.0000,0.0000,0.0000,0.0065,0.0000,200,13.7398
0.0065,0.0000,0.0000,0.0000,0.0064,0.0000,200,13.7399
0.0066,0.0000,0.0000,0.0000,0.0065,0.0000,200,13.7398
0.0066,0.0000,0.0000,0.0000,0.0066,0.0000,200,13.7398
0.0064,0.0000,0.0000,0.0000,0.0063,0.0001,200,13.7464
0.0064,0.0000,0.0000,0.0000,0.0063,0.0000,200,13.7464
0.0064,0.0000,0.0000,0.0000,0.0063,0.0000,200,13.7464
0.0072,0.0000,0.0000,0.0000,0.0071,0.0000,200,13.7464
0.0063,0.0000,0.0000,0.0000,0.0062,0.0000,200,13.7528
0.0064,0.0000,0.0000,0.0000,0.0063,0.0000,200,13.7528
0.0064,0.0000,0.0000,0.0000,0.0064,0.0000,200,13.7528
0.0062,0.0000,0.0000,0.0000,0.0062,0.0000,200,13.7536
0.0064,0.0000,0.0000,0.0000,0.0063,0.0000,200,13.7591
0.0064,0.0000,0.0000,0.0000,0.0063,0.0000,200,13.7591
0.0063,0.0000,0.0000,0.0000,0.0063,0.0000,200,13.7592
0.0063,0.0000,0.0000,0.0000,0.0062,0.0000,200,13.7598
0.0064,0.0000,0.0000,0.0000,0.0063,0.0001,200,13.7655
0.0066,0.0000,0.0000,0.0000,0.0065,0.0000,200,13.7655
0.0070,0.0000,0.0000,0.0000,0.0070,0.0000,200,13.7655
0.0074,0.0000,0.0000,0.0000,0.0073,0.0000,200,13.7662
0.0064,0.0000,0.0000,0.0000,0.0063,0.0001,200,13.7719
0.0064,0.0000,0.0000,0.0000,0.0063,0.0000,200,13.7720
0.0061,0.0000,0.0000,0.0000,0.0061,0.0000,200,13.7725
0.0062,0.0000,0.0000,0.0000,0.0061,0.0000,200,13.7736
0.0062,0.0000,0.0000,0.0000,0.0061,0.0000,200,13.7787
0.0065,0.0000,0.0000,0.0000,0.0064,0.0000,200,13.7784
0.0071,0.0000,0.0000,0.0000,0.0070,0.0000,200,13.7784
0.0062,0.0000,0.0000,0.0000,0.0062,0.0000,200,13.7798
0.0065,0.0000,0.0000,0.0000,0.0064,0.0001,200,13.7849
0.0065,0.0000,0.0000,0.0000,0.0064,0.0000,200,13.7849
0.0063,0.0000,0.0000,0.0000,0.0062,0.0000,200,13.7854
0.0061,0.0000,0.0000,0.0000,0.0061,0.0000,200,13.7861
0.0065,0.0000,0.0000,0.0000,0.0064,0.0000,200,13.7913
0.0065,0.0000,0.0000,0.0000,0.0064,0.0000,200,13.7914
0.0064,0.0000,0.0000,0.0000,0.0063,0.0000,200,13.7917
0.0062,0.0000,0.0000,0.0000,0.0062,0.0000,200,13.7922
0.0066,0.0000,0.0000,0.0000,0.0065,0.0001,200,13.7979
0.0062,0.0000,0.0000,0.0000,0.0062,0.0000,200,13.7984
0.0068,0.0000,0.0000,0.0000,0.0067,0.0000,200,13.7979
0.0066,0.0000,0.0000,0.0000,0.0065,0.0000,200,13.7981
0.0063,0.0000,0.0000,0.0000,0.0062,0.0000,200,13.8046
0.0062,0.0000,0.0000,0.0000,0.0061,0.0000,200,13.8047
0.0063,0.0000,0.0000,0.0000,0.0062,0.0000,200,13.8046
0.0064,0.0000,0.0000,0.0000,0.0063,0.0001,200,13.8045
0.0064,0.0000,0.0000,0.0000,0.0063,0.0001,200,13.8109
0.0065,0.0000,0.0000,0.0000,0.0063,0.0001,200,13.8109
0.0066,0.0000,0.0000,0.0000,0.0066,0.0000,200,13.8109
0.0066,0.0000,0.0000,0.0000,0.0066,0.0000,200,13.8109
0.0072,0.0000,0.0000,0.0000,0.0071,0.0001,200,13.8173
0.0072,0.0000,0.0000,0.0000,0.0072,0.0000,200,13.8174
0.0071,0.0000,0.0000,0.0000,0.0070,0.0000,200,13.8175
0.0071,0.0000,0.0000,0.0000,0.0071,0.0000,200,13.8176
0.0065,0.0000,0.0000,0.0000,0.0064,0.0001,200,13.8246
0.0066,0.0000,0.0000,0.0000,0.0065,0.0001,200,13.8245
0.0066,0.0000,0.0000,0.0000,0.0066,0.0000,200,13.8247
0.0071,0.0000,0.0000,0.0000,0.0070,0.0000,200,13.8246
0.0072,0.0000,0.0000,0.0000,0.0071,0.0001,200,13.8311
0.0074,0.0000,0.0000,0.0000,0.0073,0.0001,200,13.8311
0.0072,0.0000,0.0000,0.0000,0.0072,0.0000,200,13.8317
0.0076,0.0000,0.0000,0.0000,0.0076,0.0000,200,13.8313
0.0066,0.0000,0.0000,0.0000,0.0064,0.0001,200,13.8383
0.0066,0.0000,0.0000,0.0000,0.0065,0.0000,200,13.8385
0.0062,0.0000,0.0000,0.0000,0.0061,0.0000,200,13.8389
0.0063,0.0000,0.0000,0.0000,0.0062,0.0000,200,13.8389
0.0068,0.0000,0.0000,0.0000,0.0067,0.0001,200,13.8448
0.0064,0.0000,0.0000,0.0000,0.0064,0.0000,200,13.8452
0.0067,0.0000,0.0000,0.0000,0.0067,0.0000,200,13.8450
0.0069,0.0000,0.0000,0.0000,0.0068,0.0000,200,13.8451
0.0066,0.0000,0.0000,0.0000,0.0065,0.0000,200,13.8517
0.0068,0.0000,0.0000,0.0000,0.0067,0.0000,200,13.8516
0.0073,0.0000,0.0000,0.0000,0.0072,0.0000,200,13.8517
0.0070,0.0000,0.0000,0.0003,0.0067,0.0000,200,13.8520
0.0066,0.0000,0.0000,0.0000,0.0065,0.0001,200,13.8584
0.0066,0.0000,0.0000,0.0000,0.0065,0.0001,200,13.8583
0.0061,0.0000,0.0000,0.0000,0.0061,0.0000,200,13.8590
0.0062,0.0000,0.0000,0.0000,0.0061,0.0000,200,13.8590
0.0066,0.0000,0.0000,0.0000,0.0065,0.0000,200,13.8651
0.0066,0.0000,0.0000,0.0000,0.0065,0.0000,200,13.8651
0.0068,0.0000,0.0000,0.0000,0.0067,0.0001,200,13.8649
0.0068,0.0000,0.0000,0.0000,0.0067,0.0001,200,13.8649
0.0066,0.0000,0.0000,0.0000,0.0066,0.0000,200,13.8717
0.0066,0.0000,0.0000,0.0000,0.0066,0.0001,200,13.8717
0.0067,0.0000,0.0000,0.0000,0.0066,0.0000,200,13.8717
0.0067,0.0000,0.0000,0.0000,0.0067,0.0000,200,13.8717
0.0065,0.0000,0.0000,0.0000,0.0064,0.0001,200,13.8783
0.0064,0.0000,0.0000,0.0000,0.0063,0.0001,200,13.8784
0.0065,0.0000,0.0000,0.0000,0.0064,0.0000,200,13.8783
0.0065,0.0000,0.0000,0.0000,0.0064,0.0000,200,13.8784
0.0064,0.0000,0.0000,0.0000,0.0063,0.0001,200,13.8848
0.0064,0.0000,0.0000,0.0000,0.0063,0.0001,200,13.8848
0.0064,0.0000,0.0000,0.0000,0.0063,0.0001,200,13.8849
0.0064,0.0000,0.0000,0.0000,0.0063,0.0000,200,13.8849
0.0067,0.0000,0.0000,0.0000,0.0066,0.0001,200,13.8912
0.0067,0.0000,0.0000,0.0000,0.0066,0.0001,200,13.8912
0.0067,0.0000,0.0000,0.0000,0.0066,0.0001,200,13.8912
0.0067,0.0000,0.0000,0.0000,0.0066,0.0001,200,13.8913
0.0066,0.0000,0.0000,0.0000,0.0065,0.0001,200,13.8979
0.0066,0.0000,0.0000,0.0000,0.0065,0.0000,200,13.8979
0.0067,0.0000,0.0000,0.0000,0.0066,0.0000,200,13.8979
0.0067,0.0000,0.0000,0.0000,0.0066,0.0000,200,13.8979
0.0065,0.0000,0.0000,0.0000,0.0064,0.0001,200,13.9046
0.0064,0.0000,0.0000,0.0000,0.0063,0.0001,200,13.9046
0.0066,0.0000,0.0000,0.0000,0.0066,0.0000,200,13.9045
0.0066,0.0000,0.0000,0.0000,0.0066,0.0000,200,13.9045
0.0065,0.0000,0.0000,0.0000,0.0064,0.0001,200,13.9111
0.0066,0.0000,0.0000,0.0000,0.0065,0.0001,200,13.9111
0.0065,0.0000,0.0000,0.0000,0.0065,0.0001,200,13.9111
0.0066,0.0000,0.0000,0.0000,0.0064,0.0001,200,13.9111
0.0064,0.0000,0.0000,0.0000,0.0063,0.0000,200,13.9176
0.0063,0.0000,0.0000,0.0000,0.0063,0.0000,200,13.9177
0.0064,0.0000,0.0000,0.0000,0.0063,0.0000,200,13.9177
0.0064,0.0000,0.0000,0.0000,0.0063,0.0000,200,13.9177
0.0065,0.0000,0.0000,0.0000,0.0064,0.0000,200,13.9240
0.0065,0.0000,0.0000,0.0000,0.0064,0.0000,200,13.9240
0.0065,0.0000,0.0000,0.0000,0.0064,0.0000,200,13.9240
0.0065,0.0000,0.0000,0.0000,0.0064,0.0000,200,13.9241
0.0065,0.0000,0.0000,0.0000,0.0064,0.0001,200,13.9305
0.0065,0.0000,0.0000,0.0000,0.0064,0.0001,200,13.9305
0.0065,0.0000,0.0000,0.0000,0.0065,0.0000,200,13.9305
0.0066,0.0000,0.0000,0.0000,0.0065,0.0000,200,13.9305
0.0066,0.0000,0.0000,0.0000,0.0065,0.0000,200,13.9370
0.0066,0.0000,0.0000,0.0000,0.0065,0.0001,200,13.9371
0.0066,0.0000,0.0000,0.0000,0.0066,0.0000,200,13.9370
0.0066,0.0000,0.0000,0.0000,0.0066,0.0000,200,13.9371
0.0065,0.0000,0.0000,0.0000,0.0064,0.0001,200,13.9437
0.0066,0.0000,0.0000,0.0000,0.0065,0.0000,200,13.9436
0.0067,0.0000,0.0000,0.0000,0.0066,0.0000,200,13.9436
0.0067,0.0000,0.0000,0.0000,0.0066,0.0000,200,13.9437
0.0064,0.0000,0.0000,0.0000,0.0064,0.0000,200,13.9504
0.0067,0.0000,0.0000,0.0000,0.0065,0.0002,200,13.9502
0.0068,0.0000,0.0000,0.0000,0.0067,0.0001,200,13.9504
0.0075,0.0000,0.0000,0.0000,0.0074,0.0000,200,13.9501
0.0070,0.0000,0.0000,0.0000,0.0069,0.0001,200,13.9568
0.0071,0.0000,0.0000,0.0000,0.0070,0.0000,200,13.9572
0.0066,0.0000,0.0000,0.0000,0.0065,0.0000,200,13.9577
0.0077,0.0000,0.0000,0.0000,0.0076,0.0000,200,13.9569
0.0066,0.0000,0.0000,0.0000,0.0065,0.0001,200,13.9639
0.0063,0.0000,0.0000,0.0000,0.0063,0.0000,200,13.9642
0.0061,0.0000,0.0000,0.0000,0.0060,0.0000,200,13.9646
0.0065,0.0000,0.0000,0.0000,0.0064,0.0000,200,13.9642
0.0066,0.0000,0.0000,0.0000,0.0065,0.0001,200,13.9705
0.0063,0.0000,0.0000,0.0000,0.0063,0.0000,200,13.9707
0.0064,0.0000,0.0000,0.0000,0.0064,0.0000,200,13.9706
0.0065,0.0000,0.0000,0.0000,0.0064,0.0000,200,13.9706
0.0064,0.0000,0.0000,0.0000,0.0063,0.0001,200,13.9771
0.0064,0.0000,0.0000,0.0000,0.0063,0.0000,200,13.9771
0.0065,0.0000,0.0000,0.0000,0.0064,0.0000,200,13.9771
0.0065,0.0000,0.0000,0.0000,0.0065,0.0000,200,13.9770
0.0063,0.0000,0.0000,0.0000,0.0062,0.0000,200,13.9836
0.0064,0.0000,0.0000,0.0000,0.0063,0.0001,200,13.9835
0.0064,0.0000,0.0000,0.0000,0.0063,0.0000,200,13.9836
0.0065,0.0000,0.0000,0.0000,0.0064,0.0001,200,13.9835
0.0067,0.0000,0.0000,0.0000,0.0066,0.0000,200,13.9899
0.0066,0.0000,0.0000,0.0000,0.0065,0.0000,200,13.9900
0.0066,0.0000,0.0000,0.0000,0.0065,0.0001,200,13.9900
0.0067,0.0000,0.0000,0.0000,0.0065,0.0001,200,13.9899
0.0065,0.0000,0.0000,0.0000,0.0064,0.0001,200,13.9966
0.0065,0.0000,0.0000,0.0000,0.0064,0.0001,200,13.9966
0.0066,0.0000,0.0000,0.0000,0.0066,0.0000,200,13.9966
0.0066,0.0000,0.0000,0.0000,0.0066,0.0000,200,13.9966
0.0063,0.0000,0.0000,0.0000,0.0062,0.0001,200,14.0032
0.0064,0.0000,0.0000,0.0000,0.0063,0.0001,200,14.0031
0.0063,0.0000,0.0000,0.0000,0.0063,0.0000,200,14.0032
0.0064,0.0000,0.0000,0.0000,0.0063,0.0000,200,14.0031
0.0065,0.0000,0.0000,0.0000,0.0064,0.0001,200,14.0095
0.0067,0.0000,0.0000,0.0000,0.0066,0.0000,200,14.0095
0.0072,0.0000,0.0000,0.0000,0.0072,0.0000,200,14.0095
0.0074,0.0000,0.0000,0.0000,0.0073,0.0000,200,14.0095
0.0067,0.0000,0.0000,0.0000,0.0065,0.0001,200,14.0160
0.0065,0.0000,0.0000,0.0000,0.0065,0.0000,200,14.0162
0.0063,0.0000,0.0000,0.0000,0.0063,0.0000,200,14.0167
0.0065,0.0000,0.0000,0.0000,0.0065,0.0000,200,14.0169
0.0064,0.0000,0.0000,0.0000,0.0064,0.0001,200,14.0227
0.0064,0.0000,0.0000,0.0000,0.0064,0.0000,200,14.0227
0.0063,0.0000,0.0000,0.0000,0.0062,0.0000,200,14.0231
0.0062,0.0000,0.0000,0.0000,0.0062,0.0000,200,14.0234
0.0066,0.0000,0.0000,0.0000,0.0065,0.0001,200,14.0292
0.0067,0.0000,0.0000,0.0000,0.0066,0.0000,200,14.0291
0.0062,0.0000,0.0000,0.0000,0.0061,0.0000,200,14.0296
0.0065,0.0000,0.0000,0.0000,0.0064,0.0000,200,14.0293
0.0065,0.0000,0.0000,0.0000,0.0064,0.0000,200,14.0358
0.0065,0.0000,0.0000,0.0000,0.0064,0.0001,200,14.0358
0.0065,0.0000,0.0000,0.0000,0.0064,0.0001,200,14.0358
0.0065,0.0000,0.0000,0.0000,0.0064,0.0000,200,14.0358
0.0065,0.0000,0.0000,0.0000,0.0064,0.0000,200,14.0423
0.0065,0.0000,0.0000,0.0000,0.0064,0.0001,200,14.0423
0.0066,0.0000,0.0000,0.0000,0.0065,0.0000,200,14.0423
0.0066,0.0000,0.0000,0.0000,0.0065,0.0000,200,14.0423
0.0064,0.0000,0.0000,0.0000,0.0063,0.0000,200,14.0489
0.0064,0.0000,0.0000,0.0000,0.0063,0.0000,200,14.0489
0.0064,0.0000,0.0000,0.0000,0.0064,0.0000,200,14.0489
0.0065,0.0000,0.0000,0.0000,0.0064,0.0000,200,14.0488
0.0066,0.0000,0.0000,0.0000,0.0065,0.0000,200,14.0553
0.0066,0.0000,0.0000,0.0000,0.0066,0.0001,200,14.0553
0.0066,0.0000,0.0000,0.0000,0.0066,0.0000,200,14.0553
0.0066,0.0000,0.0000,0.0000,0.0066,0.0001,200,14.0553
0.0064,0.0000,0.0000,0.0000,0.0063,0.0001,200,14.0619
0.0065,0.0000,0.0000,0.0000,0.0063,0.0001,200,14.0619
0.0065,0.0000,0.0000,0.0000,0.0064,0.0000,200,14.0619
0.0065,0.0000,0.0000,0.0000,0.0064,0.0001,200,14.0619
0.0065,0.0000,0.0000,0.0000,0.0064,0.0001,200,14.0684
0.0065,0.0000,0.0000,0.0000,0.0065,0.0000,200,14.0684
0.0066,0.0000,0.0000,0.0000,0.0065,0.0000,200,14.0684
0.0067,0.0000,0.0000,0.0000,0.0066,0.0000,200,14.0684
0.0063,0.0000,0.0000,0.0000,0.0062,0.0001,200,14.0751
0.0064,0.0000,0.0000,0.0000,0.0063,0.0001,200,14.0750
0.0070,0.0000,0.0000,0.0000,0.0069,0.0000,200,14.0749
0.0082,0.0000,0.0000,0.0000,0.0081,0.0000,200,14.0749
0.0073,0.0000,0.0000,0.0000,0.0072,0.0000,200,14.0814
0.0073,0.0000,0.0000,0.0000,0.0072,0.0001,200,14.0814
0.0069,0.0000,0.0000,0.0000,0.0068,0.0000,200,14.0819
0.0065,0.0000,0.0000,0.0000,0.0065,0.0000,200,14.0831
0.0064,0.0000,0.0000,0.0000,0.0063,0.0001,200,14.0887
0.0065,0.0000,0.0000,0.0000,0.0064,0.0000,200,14.0887
0.0068,0.0000,0.0000,0.0000,0.0067,0.0000,200,14.0888
0.0067,0.0000,0.0000,0.0000,0.0065,0.0000,200,14.0897
0.0065,0.0000,0.0000,0.0000,0.0064,0.0001,200,14.0951
0.0065,0.0000,0.0000,0.0000,0.0064,0.0001,200,14.0952
0.0062,0.0000,0.0000,0.0000,0.0062,0.0000,200,14.0955
0.0061,0.0000,0.0000,0.0000,0.0061,0.0000,200,14.0963
0.0064,0.0000,0.0000,0.0000,0.0063,0.0001,200,14.1017
0.0064,0.0000,0.0000,0.0000,0.0063,0.0000,200,14.1018
0.0066,0.0000,0.0000,0.0000,0.0065,0.0000,200,14.1017
0.0066,0.0000,0.0000,0.0000,0.0065,0.0000,200,14.1025
0.0067,0.0000,0.0000,0.0000,0.0066,0.0001,200,14.1081
0.0067,0.0000,0.0000,0.0000,0.0066,0.0001,200,14.1081
0.0066,0.0000,0.0000,0.0000,0.0065,0.0001,200,14.1083
0.0063,0.0000,0.0000,0.0000,0.0063,0.0001,200,14.1090
0.0069,0.0000,0.0000,0.0000,0.0068,0.0001,200,14.1149
0.0068,0.0000,0.0000,0.0000,0.0067,0.0001,200,14.1149
0.0069,0.0000,0.0000,0.0000,0.0068,0.0000,200,14.1149
0.0065,0.0000,0.0000,0.0000,0.0064,0.0000,200,14.1154
0.0065,0.0000,0.0000,0.0000,0.0064,0.0001,200,14.1217
0.0063,0.0000,0.0000,0.0000,0.0063,0.0001,200,14.1219
0.0066,0.0000,0.0000,0.0000,0.0065,0.0000,200,14.1217
0.0066,0.0000,0.0000,0.0000,0.0065,0.0000,200,14.1217
0.0066,0.0000,0.0000,0.0000,0.0065,0.0000,200,14.1283
0.0067,0.0000,0.0000,0.0000,0.0066,0.0001,200,14.1282
0.0067,0.0000,0.0000,0.0000,0.0066,0.0001,200,14.1282
0.0066,0.0000,0.0000,0.0000,0.0065,0.0001,200,14.1283
0.0066,0.0000,0.0000,0.0000,0.0065,0.0001,200,14.1349
0.0067,0.0000,0.0000,0.0000,0.0066,0.0000,200,14.1349
0.0067,0.0000,0.0000,0.0000,0.0066,0.0000,200,14.1349
0.0067,0.0000,0.0000,0.0000,0.0067,0.0000,200,14.1349
0.0063,0.0000,0.0000,0.0000,0.0062,0.0001,200,14.1415
0.0063,0.0000,0.0000,0.0000,0.0062,0.0000,200,14.1416
0.0064,0.0000,0.0000,0.0000,0.0064,0.0000,200,14.1416
0.0065,0.0000,0.0000,0.0000,0.0065,0.0000,200,14.1414
0.0068,0.0000,0.0000,0.0000,0.0067,0.0001,200,14.1479
0.0067,0.0000,0.0000,0.0000,0.0067,0.0000,200,14.1480
0.0068,0.0000,0.0000,0.0000,0.0067,0.0000,200,14.1480
0.0069,0.0000,0.0000,0.0000,0.0069,0.0000,200,14.1479
0.0066,0.0000,0.0000,0.0000,0.0065,0.0000,200,14.1547
0.0067,0.0000,0.0000,0.0000,0.0066,0.0001,200,14.1547
0.0067,0.0000,0.0000,0.0000,0.0066,0.0000,200,14.1547
0.0067,0.0000,0.0000,0.0000,0.0066,0.0000,200,14.1548
0.0063,0.0000,0.0000,0.0000,0.0062,0.0001,200,14.1615
0.0065,0.0000,0.0000,0.0000,0.0064,0.0000,200,14.1613
0.0064,0.0000,0.0000,0.0000,0.0064,0.0000,200,14.1614
0.0065,0.0000,0.0000,0.0000,0.0065,0.0000,200,14.1613
0.0063,0.0000,0.0000,0.0000,0.0062,0.0001,200,14.1678
0.0063,0.0000,0.0000,0.0000,0.0063,0.0000,200,14.1678
0.0064,0.0000,0.0000,0.0000,0.0063,0.0000,200,14.1678
0.0063,0.0000,0.0000,0.0000,0.0063,0.0000,200,14.1679
0.0064,0.0000,0.0000,0.0000,0.0063,0.0001,200,14.1742
0.0065,0.0000,0.0000,0.0000,0.0064,0.0000,200,14.1742
0.0065,0.0000,0.0000,0.0000,0.0064,0.0000,200,14.1741
0.0066,0.0000,0.0000,0.0000,0.0065,0.0000,200,14.1741
0.0064,0.0000,0.0000,0.0000,0.0063,0.0000,200,14.1807
0.0065,0.0000,0.0000,0.0000,0.0064,0.0000,200,14.1806
0.0064,0.0000,0.0000,0.0000,0.0064,0.0001,200,14.1807
0.0065,0.0000,0.0000,0.0000,0.0064,0.0001,200,14.1807
0.0065,0.0000,0.0000,0.0000,0.0064,0.0000,200,14.1871
0.0065,0.0000,0.0000,0.0000,0.0064,0.0000,200,14.1871
0.0065,0.0000,0.0000,0.0000,0.0064,0.0001,200,14.1871
0.0065,0.0000,0.0000,0.0000,0.0064,0.0001,200,14.1871
0.0065,0.0000,0.0000,0.0000,0.0064,0.0001,200,14.1936
0.0065,0.0000,0.0000,0.0000,0.0064,0.0000,200,14.1936
0.0065,0.0000,0.0000,0.0000,0.0064,0.0000,200,14.1936
0.0093,0.0000,0.0000,0.0000,0.0092,0.0001,200,14.1936
0.0073,0.0000,0.0000,0.0000,0.0072,0.0001,200,14.2001
0.0076,0.0000,0.0000,0.0000,0.0074,0.0000,200,14.2001
0.0076,0.0000,0.0000,0.0000,0.0076,0.0000,200,14.2001
0.0066,0.0000,0.0000,0.0000,0.0065,0.0000,200,14.2030
0.0064,0.0000,0.0000,0.0000,0.0063,0.0001,200,14.2075
0.0062,0.0000,0.0000,0.0000,0.0061,0.0000,200,14.2078
0.0064,0.0000,0.0000,0.0000,0.0063,0.0000,200,14.2077
0.0061,0.0000,0.0000,0.0000,0.0060,0.0001,200,14.2095
0.0063,0.0000,0.0000,0.0000,0.0062,0.0000,200,14.2142
0.0066,0.0000,0.0000,0.0000,0.0066,0.0000,200,14.2139
0.0066,0.0000,0.0000,0.0000,0.0065,0.0000,200,14.2140
0.0062,0.0000,0.0000,0.0000,0.0062,0.0000,200,14.2157
0.0064,0.0000,0.0000,0.0000,0.0063,0.0001,200,14.2206
0.0066,0.0000,0.0000,0.0000,0.0065,0.0000,200,14.2205
0.0067,0.0000,0.0000,0.0000,0.0067,0.0000,200,14.2204
0.0062,0.0000,0.0000,0.0000,0.0061,0.0001,200,14.2219
0.0065,0.0000,0.0000,0.0000,0.0064,0.0000,200,14.2269
0.0064,0.0000,0.0000,0.0000,0.0063,0.0001,200,14.2271
0.0063,0.0000,0.0000,0.0000,0.0062,0.0000,200,14.2271
0.0063,0.0000,0.0000,0.0000,0.0062,0.0000,200,14.2281
0.0064,0.0000,0.0000,0.0000,0.0063,0.0001,200,14.2334
0.0064,0.0000,0.0000,0.0000,0.0064,0.0000,200,14.2334
0.0065,0.0000,0.0000,0.0000,0.0064,0.0000,200,14.2334
0.0061,0.0000,0.0000,0.0000,0.0060,0.0000,200,14.2344
0.0065,0.0000,0.0000,0.0000,0.0064,0.0000,200,14.2399
0.0065,0.0000,0.0000,0.0000,0.0064,0.0000,200,14.2399
0.0065,0.0000,0.0000,0.0000,0.0064,0.0000,200,14.2399
0.0063,0.0000,0.0000,0.0000,0.0063,0.0000,200,14.2404
0.0066,0.0000,0.0000,0.0000,0.0065,0.0000,200,14.2464
0.0062,0.0000,0.0000,0.0000,0.0061,0.0000,200,14.2468
0.0066,0.0000,0.0000,0.0000,0.0065,0.0000,200,14.2464
0.0066,0.0000,0.0000,0.0000,0.0065,0.0001,200,14.2464
0.0066,0.0000,0.0000,0.0000,0.0065,0.0000,200,14.2529
0.0066,0.0000,0.0000,0.0000,0.0065,0.0001,200,14.2529
0.0066,0.0000,0.0000,0.0000,0.0065,0.0001,200,14.2529
0.0066,0.0000,0.0000,0.0000,0.0065,0.0000,200,14.2529
0.0063,0.0000,0.0000,0.0000,0.0062,0.0001,200,14.2595
0.0064,0.0000,0.0000,0.0000,0.0064,0.0000,200,14.2595
0.0064,0.0000,0.0000,0.0000,0.0064,0.0000,200,14.2595
0.0064,0.0000,0.0000,0.0000,0.0064,0.0001,200,14.2595
0.0063,0.0000,0.0000,0.0000,0.0062,0.0001,200,14.2660
0.0064,0.0000,0.0000,0.0000,0.0063,0.0001,200,14.2659
0.0063,0.0000,0.0000,0.0000,0.0062,0.0000,200,14.2660
0.0063,0.0000,0.0000,0.0000,0.0062,0.0000,200,14.2660
0.0065,0.0000,0.0000,0.0000,0.0064,0.0001,200,14.2722
0.0065,0.0000,0.0000,0.0000,0.0064,0.0000,200,14.2722
0.0065,0.0000,0.0000,0.0000,0.0064,0.0000,200,14.2722
0.0065,0.0000,0.0000,0.0000,0.0065,0.0000,200,14.2722
0.0063,0.0000,0.0000,0.0000,0.0062,0.0001,200,14.2787
0.0063,0.0000,0.0000,0.0000,0.0062,0.0001,200,14.2787
0.0063,0.0000,0.0000,0.0000,0.0062,0.0001,200,14.2788
0.0064,0.0000,0.0000,0.0000,0.0064,0.0000,200,14.2788
0.0063,0.0000,0.0000,0.0000,0.0062,0.0001,200,14.2851
0.0064,0.0000,0.0000,0.0000,0.0063,0.0000,200,14.2851
0.0064,0.0000,0.0000,0.0000,0.0063,0.0000,200,14.2851
0.0063,0.0000,0.0000,0.0000,0.0063,0.0000,200,14.2852
0.0065,0.0000,0.0000,0.0000,0.0065,0.0000,200,14.2914
0.0066,0.0000,0.0000,0.0000,0.0065,0.0000,200,14.2914
0.0066,0.0000,0.0000,0.0000,0.0066,0.0000,200,14.2915
0.0067,0.0000,0.0000,0.0000,0.0066,0.0000,200,14.2914
0.0064,0.0000,0.0000,0.0000,0.0063,0.0001,200,14.2980
0.0067,0.0000,0.0000,0.0000,0.0066,0.0000,200,14.2981
0.0067,0.0000,0.0000,0.0000,0.0066,0.0000,200,14.2981
0.0088,0.0000,0.0000,0.0000,0.0088,0.0001,200,14.2980
0.0066,0.0000,0.0000,0.0000,0.0065,0.0001,200,14.3048
0.0070,0.0000,0.0000,0.0000,0.0069,0.0001,200,14.3044
0.0068,0.0000,0.0000,0.0000,0.0067,0.0000,200,14.3048
0.0067,0.0000,0.0000,0.0000,0.0066,0.0000,200,14.3068
0.0065,0.0000,0.0000,0.0000,0.0064,0.0001,200,14.3114
0.0064,0.0000,0.0000,0.0000,0.0061,0.0000,200,14.3115
0.0065,0.0000,0.0000,0.0000,0.0065,0.0000,200,14.3114
0.0063,0.0000,0.0000,0.0000,0.0063,0.0000,200,14.3135
0.0066,0.0000,0.0000,0.0000,0.0065,0.0001,200,14.3180
0.0075,0.0000,0.0000,0.0000,0.0075,0.0000,200,14.3180
0.0075,0.0000,0.0000,0.0000,0.0075,0.0000,200,14.3180
0.0064,0.0000,0.0000,0.0000,0.0064,0.0000,200,14.3199
0.0069,0.0000,0.0000,0.0000,0.0068,0.0000,200,14.3255
0.0079,0.0000,0.0000,0.0007,0.0071,0.0000,200,14.3246
0.0070,0.0000,0.0000,0.0000,0.0069,0.0000,200,14.3255
0.0078,0.0000,0.0000,0.0000,0.0077,0.0000,200,14.3263
0.0066,0.0000,0.0000,0.0000,0.0065,0.0001,200,14.3324
0.0066,0.0000,0.0000,0.0000,0.0065,0.0000,200,14.3324
0.0067,0.0000,0.0000,0.0000,0.0067,0.0000,200,14.3325
0.0062,0.0000,0.0000,0.0000,0.0061,0.0001,200,14.3341
0.0064,0.0000,0.0000,0.0000,0.0063,0.0001,200,14.3390
0.0065,0.0000,0.0000,0.0000,0.0065,0.0000,200,14.3390
0.0065,0.0000,0.0000,0.0000,0.0064,0.0001,200,14.3392
0.0064,0.0000,0.0000,0.0000,0.0063,0.0000,200,14.3403
0.0065,0.0000,0.0000,0.0000,0.0064,0.0001,200,14.3454
0.0063,0.0000,0.0000,0.0000,0.0062,0.0000,200,14.3457
0.0066,0.0000,0.0000,0.0000,0.0065,0.0000,200,14.3455
0.0063,0.0000,0.0000,0.0000,0.0062,0.0000,200,14.3467
0.0064,0.0000,0.0000,0.0000,0.0064,0.0000,200,14.3521
0.0067,0.0000,0.0000,0.0000,0.0066,0.0000,200,14.3519
0.0066,0.0000,0.0000,0.0000,0.0065,0.0000,200,14.3520
0.0063,0.0000,0.0000,0.0000,0.0062,0.0000,200,14.3530
0.0064,0.0000,0.0000,0.0000,0.0063,0.0001,200,14.3585
0.0065,0.0000,0.0000,0.0000,0.0064,0.0000,200,14.3586
0.0066,0.0000,0.0000,0.0000,0.0065,0.0000,200,14.3586
0.0062,0.0000,0.0000,0.0000,0.0061,0.0000,200,14.3593
0.0065,0.0000,0.0000,0.0000,0.0064,0.0001,200,14.3650
0.0061,0.0000,0.0000,0.0000,0.0061,0.0000,200,14.3654
0.0065,0.0000,0.0000,0.0000,0.0064,0.0000,200,14.3651
0.0064,0.0000,0.0000,0.0000,0.0063,0.0000,200,14.3652
0.0065,0.0000,0.0000,0.0000,0.0064,0.0001,200,14.3715
0.0065,0.0000,0.0000,0.0000,0.0064,0.0001,200,14.3716
0.0064,0.0000,0.0000,0.0000,0.0064,0.0000,200,14.3716
0.0065,0.0000,0.0000,0.0000,0.0064,0.0000,200,14.3716
0.0064,0.0000,0.0000,0.0000,0.0063,0.0000,200,14.3780
0.0064,0.0000,0.0000,0.0000,0.0063,0.0000,200,14.3780
0.0064,0.0000,0.0000,0.0000,0.0063,0.0001,200,14.3780
0.0064,0.0000,0.0000,0.0000,0.0064,0.0000,200,14.3780
0.0065,0.0000,0.0000,0.0000,0.0064,0.0000,200,14.3844
0.0065,0.0000,0.0000,0.0000,0.0064,0.0000,200,14.3844
0.0065,0.0000,0.0000,0.0000,0.0064,0.0001,200,14.3844
0.0065,0.0000,0.0000,0.0000,0.0063,0.0001,200,14.3845
0.0065,0.0000,0.0000,0.0000,0.0064,0.0001,200,14.3909
0.0065,0.0000,0.0000,0.0000,0.0064,0.0001,200,14.3909
0.0065,0.0000,0.0000,0.0000,0.0065,0.0000,200,14.3909
0.0066,0.0000,0.0000,0.0000,0.0065,0.0000,200,14.3909
0.0065,0.0000,0.0000,0.0000,0.0065,0.0000,200,14.3974
0.0065,0.0000,0.0000,0.0000,0.0064,0.0001,200,14.3974
0.0066,0.0000,0.0000,0.0000,0.0065,0.0000,200,14.3975
0.0066,0.0000,0.0000,0.0000,0.0065,0.0000,200,14.3974
0.0064,0.0000,0.0000,0.0000,0.0063,0.0000,200,14.4040
0.0064,0.0000,0.0000,0.0000,0.0064,0.0000,200,14.4040
0.0064,0.0000,0.0000,0.0000,0.0063,0.0001,200,14.4040
0.0065,0.0000,0.0000,0.0000,0.0064,0.0000,200,14.4040
0.0064,0.0000,0.0000,0.0000,0.0063,0.0001,200,14.4104
0.0065,0.0000,0.0000,0.0000,0.0065,0.0000,200,14.4104
0.0066,0.0000,0.0000,0.0000,0.0065,0.0000,200,14.4104
0.0065,0.0000,0.0000,0.0000,0.0065,0.0000,200,14.4104
0.0064,0.0000,0.0000,0.0000,0.0063,0.0000,200,14.4169
0.0063,0.0000,0.0000,0.0000,0.0062,0.0000,200,14.4170
0.0064,0.0000,0.0000,0.0000,0.0064,0.0000,200,14.4169
0.0068,0.0000,0.0000,0.0000,0.0067,0.0000,200,14.4172
0.0064,0.0000,0.0000,0.0000,0.0063,0.0001,200,14.4234
0.0065,0.0000,0.0000,0.0000,0.0064,0.0000,200,14.4233
0.0065,0.0000,0.0000,0.0000,0.0064,0.0000,200,14.4233
0.0063,0.0000,0.0000,0.0000,0.0062,0.0000,200,14.4240
0.0065,0.0000,0.0000,0.0000,0.0064,0.0001,200,14.4298
0.0066,0.0000,0.0000,0.0000,0.0064,0.0000,200,14.4298
0.0065,0.0000,0.0000,0.0000,0.0065,0.0000,200,14.4298
0.0063,0.0000,0.0000,0.0000,0.0062,0.0001,200,14.4303
0.0064,0.0000,0.0000,0.0000,0.0063,0.0001,200,14.4363
0.0065,0.0000,0.0000,0.0000,0.0064,0.0000,200,14.4363
0.0062,0.0000,0.0000,0.0000,0.0061,0.0000,200,14.4367
0.0065,0.0000,0.0000,0.0000,0.0065,0.0000,200,14.4363
0.0073,0.0000,0.0000,0.0000,0.0072,0.0000,200,14.4428
0.0074,0.0000,0.0000,0.0000,0.0072,0.0001,200,14.4428
0.0074,0.0000,0.0000,0.0000,0.0073,0.0001,200,14.4427
0.0073,0.0000,0.0000,0.0000,0.0073,0.0000,200,14.4429
0.0066,0.0000,0.0000,0.0000,0.0065,0.0001,200,14.4502
0.0065,0.0000,0.0000,0.0000,0.0064,0.0001,200,14.4502
0.0068,0.0000,0.0000,0.0000,0.0067,0.0001,200,14.4501
0.0068,0.0000,0.0000,0.0000,0.0067,0.0000,200,14.4501
0.0065,0.0000,0.0000,0.0000,0.0063,0.0001,200,14.4567
0.0063,0.0000,0.0000,0.0000,0.0063,0.0000,200,14.4569
0.0063,0.0000,0.0000,0.0000,0.0062,0.0000,200,14.4569
0.0066,0.0000,0.0000,0.0000,0.0065,0.0000,200,14.4567
0.0065,0.0000,0.0000,0.0000,0.0064,0.0001,200,14.4632
0.0065,0.0000,0.0000,0.0000,0.0064,0.0001,200,14.4632
0.0064,0.0000,0.0000,0.0000,0.0063,0.0000,200,14.4633
0.0067,0.0000,0.0000,0.0000,0.0067,0.0000,200,14.4632
0.0066,0.0000,0.0000,0.0000,0.0065,0.0001,200,14.4697
0.0066,0.0000,0.0000,0.0000,0.0065,0.0001,200,14.4697
0.0064,0.0000,0.0000,0.0000,0.0063,0.0000,200,14.4700
0.0066,0.0000,0.0000,0.0000,0.0065,0.0001,200,14.4697
0.0065,0.0000,0.0000,0.0000,0.0064,0.0001,200,14.4763
0.0065,0.0000,0.0000,0.0000,0.0064,0.0001,200,14.4764
0.0065,0.0000,0.0000,0.0000,0.0064,0.0001,200,14.4763
0.0067,0.0000,0.0000,0.0000,0.0066,0.0000,200,14.4764
0.0065,0.0000,0.0000,0.0000,0.0063,0.0001,200,14.4829
0.0063,0.0000,0.0000,0.0000,0.0063,0.0000,200,14.4830
0.0065,0.0000,0.0000,0.0000,0.0064,0.0000,200,14.4829
0.0066,0.0000,0.0000,0.0000,0.0065,0.0000,200,14.4829
0.0073,0.0000,0.0000,0.0000,0.0073,0.0000,200,14.4894
0.0074,0.0000,0.0000,0.0000,0.0073,0.0000,200,14.4893
0.0074,0.0000,0.0000,0.0000,0.0073,0.0001,200,14.4893
0.0074,0.0000,0.0000,0.0000,0.0073,0.0001,200,14.4894
0.0065,0.0000,0.0000,0.0000,0.0064,0.0001,200,14.4967
0.0068,0.0000,0.0000,0.0000,0.0067,0.0001,200,14.4967
0.0069,0.0000,0.0000,0.0000,0.0068,0.0000,200,14.4967
0.0070,0.0000,0.0000,0.0000,0.0069,0.0000,200,14.4967
0.0067,0.0000,0.0000,0.0000,0.0066,0.0001,200,14.5033
0.0064,0.0000,0.0000,0.0000,0.0063,0.0000,200,14.5036
0.0063,0.0000,0.0000,0.0000,0.0061,0.0001,200,14.5037
0.0065,0.0000,0.0000,0.0000,0.0065,0.0000,200,14.5035
0.0065,0.0000,0.0000,0.0000,0.0064,0.0000,200,14.5100
0.0066,0.0000,0.0000,0.0000,0.0065,0.0000,200,14.5100
0.0066,0.0000,0.0000,0.0000,0.0065,0.0000,200,14.5100
0.0066,0.0000,0.0000,0.0000,0.0065,0.0000,200,14.5100
0.0065,0.0000,0.0000,0.0000,0.0064,0.0000,200,14.5165
0.0065,0.0000,0.0000,0.0000,0.0064,0.0001,200,14.5166
0.0065,0.0000,0.0000,0.0000,0.0064,0.0001,200,14.5165
0.0067,0.0000,0.0000,0.0000,0.0066,0.0000,200,14.5165
0.0063,0.0000,0.0000,0.0000,0.0062,0.0001,200,14.5233
0.0065,0.0000,0.0000,0.0000,0.0064,0.0000,200,14.5231
0.0066,0.0000,0.0000,0.0000,0.0065,0.0000,200,14.5231
0.0066,0.0000,0.0000,0.0000,0.0065,0.0001,200,14.5231
0.0065,0.0000,0.0000,0.0000,0.0064,0.0001,200,14.5295
0.0066,0.0000,0.0000,0.0000,0.0065,0.0000,200,14.5297
0.0067,0.0000,0.0000,0.0000,0.0066,0.0000,200,14.5296
0.0068,0.0000,0.0000,0.0000,0.0067,0.0000,200,14.5295
0.0066,0.0000,0.0000,0.0000,0.0066,0.0001,200,14.5363
0.0066,0.0000,0.0000,0.0000,0.0065,0.0000,200,14.5363
0.0068,0.0000,0.0000,0.0000,0.0068,0.0000,200,14.5361
0.0067,0.0000,0.0000,0.0000,0.0066,0.0000,200,14.5363
0.0069,0.0000,0.0000,0.0000,0.0068,0.0001,200,14.5429
0.0070,0.0000,0.0000,0.0000,0.0069,0.0000,200,14.5429
0.0070,0.0000,0.0000,0.0000,0.0069,0.0000,200,14.5429
0.0070,0.0000,0.0000,0.0000,0.0069,0.0000,200,14.5429
0.0067,0.0000,0.0000,0.0000,0.0066,0.0000,200,14.5498
0.0067,0.0000,0.0000,0.0000,0.0066,0.0000,200,14.5499
0.0067,0.0000,0.0000,0.0000,0.0066,0.0000,200,14.5499
0.0067,0.0000,0.0000,0.0000,0.0066,0.0000,200,14.5499
0.0074,0.0000,0.0000,0.0000,0.0073,0.0001,200,14.5566
0.0075,0.0000,0.0000,0.0000,0.0074,0.0000,200,14.5565
0.0074,0.0000,0.0000,0.0000,0.0073,0.0000,200,14.5566
0.0091,0.0000,0.0000,0.0000,0.0090,0.0000,200,14.5566
0.0063,0.0000,0.0000,0.0000,0.0062,0.0000,200,14.5640
0.0063,0.0000,0.0000,0.0000,0.0062,0.0000,200,14.5640
0.0063,0.0000,0.0000,0.0000,0.0062,0.0000,200,14.5640
0.0063,0.0000,0.0000,0.0000,0.0063,0.0000,200,14.5657
0.0063,0.0000,0.0000,0.0000,0.0062,0.0000,200,14.5703
0.0064,0.0000,0.0000,0.0000,0.0063,0.0000,200,14.5703
0.0064,0.0000,0.0000,0.0000,0.0063,0.0000,200,14.5703
0.0063,0.0000,0.0000,0.0000,0.0062,0.0000,200,14.5720
0.0062,0.0000,0.0000,0.0000,0.0062,0.0000,200,14.5766
0.0063,0.0000,0.0000,0.0000,0.0062,0.0000,200,14.5767
0.0063,0.0000,0.0000,0.0000,0.0063,0.0000,200,14.5767
0.0062,0.0000,0.0000,0.0000,0.0061,0.0000,200,14.5783
0.0063,0.0000,0.0000,0.0000,0.0062,0.0001,200,14.5828
0.0063,0.0000,0.0000,0.0000,0.0062,0.0000,200,14.5830
0.0062,0.0000,0.0000,0.0000,0.0061,0.0000,200,14.5831
0.0062,0.0000,0.0000,0.0000,0.0061,0.0001,200,14.5845
0.0064,0.0000,0.0000,0.0000,0.0063,0.0001,200,14.5892
0.0065,0.0000,0.0000,0.0000,0.0064,0.0001,200,14.5891
0.0065,0.0000,0.0000,0.0000,0.0065,0.0000,200,14.5892
0.0094,0.0000,0.0000,0.0000,0.0093,0.0001,200,14.5908
0.0065,0.0000,0.0000,0.0000,0.0064,0.0000,200,14.5956
0.0069,0.0000,0.0000,0.0000,0.0067,0.0001,200,14.5958
0.0073,0.0000,0.0000,0.0000,0.0072,0.0000,200,14.5956
0.0069,0.0000,0.0000,0.0000,0.0068,0.0001,200,14.6002
0.0076,0.0000,0.0000,0.0000,0.0075,0.0001,200,14.6022
0.0069,0.0000,0.0000,0.0000,0.0068,0.0001,200,14.6029
0.0071,0.0000,0.0000,0.0000,0.0070,0.0001,200,14.6027
0.0066,0.0000,0.0000,0.0000,0.0065,0.0001,200,14.6071
0.0069,0.0000,0.0000,0.0000,0.0067,0.0001,200,14.6098
0.0071,0.0000,0.0000,0.0000,0.0070,0.0000,200,14.6098
0.0078,0.0000,0.0000,0.0000,0.0077,0.0000,200,14.6098
0.0072,0.0000,0.0000,0.0000,0.0071,0.0001,200,14.6137
0.0067,0.0000,0.0000,0.0000,0.0066,0.0001,200,14.6169
0.0069,0.0000,0.0000,0.0000,0.0069,0.0000,200,14.6167
0.0067,0.0000,0.0000,0.0000,0.0066,0.0001,200,14.6176
0.0076,0.0000,0.0000,0.0000,0.0075,0.0001,200,14.6209
0.0074,0.0000,0.0000,0.0000,0.0073,0.0000,200,14.6235
0.0074,0.0000,0.0000,0.0000,0.0072,0.0001,200,14.6236
0.0069,0.0000,0.0000,0.0000,0.0068,0.0001,200,14.6243
0.0076,0.0000,0.0000,0.0000,0.0075,0.0001,200,14.6285
0.0068,0.0000,0.0000,0.0000,0.0067,0.0000,200,14.6310
0.0070,0.0000,0.0000,0.0000,0.0068,0.0000,200,14.6309
0.0068,0.0000,0.0000,0.0000,0.0068,0.0000,200,14.6312
0.0068,0.0000,0.0000,0.0000,0.0067,0.0001,200,14.6361
0.0067,0.0000,0.0000,0.0000,0.0066,0.0001,200,14.6380
0.0071,0.0000,0.0000,0.0000,0.0070,0.0000,200,14.6378
0.0069,0.0000,0.0000,0.0000,0.0069,0.0000,200,14.6380
0.0069,0.0000,0.0000,0.0000,0.0067,0.0001,200,14.6429
0.0075,0.0000,0.0000,0.0000,0.0074,0.0001,200,14.6447
0.0074,0.0000,0.0000,0.0000,0.0073,0.0000,200,14.6448
0.0073,0.0000,0.0000,0.0000,0.0073,0.0000,200,14.6449
0.0072,0.0000,0.0000,0.0000,0.0071,0.0001,200,14.6497
0.0075,0.0000,0.0000,0.0000,0.0074,0.0001,200,14.6522
0.0075,0.0000,0.0000,0.0000,0.0074,0.0001,200,14.6522
0.0087,0.0000,0.0000,0.0000,0.0076,0.0011,200,14.6522
0.0067,0.0000,0.0000,0.0000,0.0066,0.0001,200,14.6569
0.0076,0.0000,0.0000,0.0000,0.0075,0.0001,200,14.6597
0.0068,0.0000,0.0000,0.0000,0.0066,0.0000,200,14.6609
0.0100,0.0000,0.0000,0.0000,0.0088,0.0012,200,14.6597
0.0091,0.0000,0.0000,0.0000,0.0089,0.0001,200,14.6637
0.0064,0.0000,0.0000,0.0000,0.0063,0.0001,200,14.6674
0.0069,0.0000,0.0000,0.0000,0.0068,0.0000,200,14.6677
0.0069,0.0000,0.0000,0.0000,0.0068,0.0000,200,14.6697
0.0070,0.0000,0.0000,0.0000,0.0069,0.0001,200,14.6728
0.0067,0.0000,0.0000,0.0000,0.0066,0.0000,200,14.6738
0.0064,0.0000,0.0000,0.0000,0.0063,0.0000,200,14.6746
0.0066,0.0000,0.0000,0.0000,0.0065,0.0001,200,14.6767
0.0073,0.0000,0.0000,0.0000,0.0072,0.0001,200,14.6798
0.0070,0.0000,0.0000,0.0000,0.0069,0.0000,200,14.6805
0.0067,0.0000,0.0000,0.0000,0.0066,0.0000,200,14.6810
0.0074,0.0000,0.0000,0.0000,0.0073,0.0001,200,14.6833
0.0071,0.0000,0.0000,0.0000,0.0070,0.0001,200,14.6871
0.0073,0.0000,0.0000,0.0000,0.0073,0.0000,200,14.6875
0.0084,0.0000,0.0000,0.0000,0.0083,0.0000,200,14.6876
0.0087,0.0000,0.0000,0.0000,0.0085,0.0002,200,14.6907
0.0075,0.0000,0.0000,0.0000,0.0074,0.0001,200,14.6942
0.0074,0.0000,0.0000,0.0000,0.0073,0.0001,200,14.6948
0.0064,0.0000,0.0000,0.0000,0.0064,0.0000,200,14.6960
0.0073,0.0000,0.0000,0.0000,0.0071,0.0001,200,14.6994
0.0064,0.0000,0.0000,0.0000,0.0063,0.0001,200,14.7024
0.0066,0.0000,0.0000,0.0000,0.0065,0.0000,200,14.7022
0.0071,0.0000,0.0000,0.0000,0.0070,0.0000,200,14.7017
0.0067,0.0000,0.0000,0.0000,0.0066,0.0001,200,14.7067
0.0065,0.0000,0.0000,0.0000,0.0064,0.0001,200,14.7088
0.0067,0.0000,0.0000,0.0000,0.0066,0.0000,200,14.7088
0.0068,0.0000,0.0000,0.0000,0.0067,0.0000,200,14.7088
0.0074,0.0000,0.0000,0.0000,0.0072,0.0001,200,14.7134
0.0067,0.0000,0.0000,0.0000,0.0066,0.0000,200,14.7155
0.0067,0.0000,0.0000,0.0000,0.0067,0.0000,200,14.7156
0.0070,0.0000,0.0000,0.0000,0.0069,0.0000,200,14.7153
0.0071,0.0000,0.0000,0.0000,0.0070,0.0001,200,14.7208
0.0066,0.0000,0.0000,0.0000,0.0065,0.0000,200,14.7223
0.0066,0.0000,0.0000,0.0000,0.0065,0.0000,200,14.7223
0.0071,0.0000,0.0000,0.0000,0.0070,0.0000,200,14.7222
0.0069,0.0000,0.0000,0.0000,0.0068,0.0001,200,14.7279
0.0065,0.0000,0.0000,0.0000,0.0064,0.0000,200,14.7293
0.0070,0.0000,0.0000,0.0000,0.0069,0.0000,200,14.7289
0.0088,0.0000,0.0000,0.0000,0.0087,0.0001,200,14.7288
0.0067,0.0000,0.0000,0.0000,0.0066,0.0001,200,14.7349
0.0074,0.0000,0.0000,0.0000,0.0072,0.0001,200,14.7358
0.0076,0.0000,0.0000,0.0000,0.0075,0.0001,200,14.7359
0.0073,0.0000,0.0000,0.0000,0.0073,0.0000,200,14.7377
0.0064,0.0000,0.0000,0.0000,0.0063,0.0000,200,14.7416
0.0070,0.0000,0.0000,0.0000,0.0069,0.0001,200,14.7434
0.0073,0.0000,0.0000,0.0000,0.0071,0.0001,200,14.7432
0.0073,0.0000,0.0000,0.0000,0.0072,0.0001,200,14.7450
0.0064,0.0000,0.0000,0.0000,0.0063,0.0001,200,14.7480
0.0065,0.0000,0.0000,0.0000,0.0064,0.0001,200,14.7504
0.0076,0.0000,0.0000,0.0000,0.0075,0.0000,200,14.7504
0.0063,0.0000,0.0000,0.0000,0.0062,0.0000,200,14.7523
0.0064,0.0000,0.0000,0.0000,0.0063,0.0000,200,14.7543
0.0063,0.0000,0.0000,0.0000,0.0062,0.0000,200,14.7569
0.0064,0.0000,0.0000,0.0000,0.0063,0.0000,200,14.7581
0.0063,0.0000,0.0000,0.0000,0.0063,0.0000,200,14.7586
0.0062,0.0000,0.0000,0.0000,0.0061,0.0000,200,14.7608
0.0064,0.0000,0.0000,0.0000,0.0063,0.0000,200,14.7632
0.0063,0.0000,0.0000,0.0000,0.0063,0.0000,200,14.7644
0.0062,0.0000,0.0000,0.0000,0.0062,0.0000,200,14.7650
0.0063,0.0000,0.0000,0.0000,0.0062,0.0000,200,14.7669
0.0061,0.0000,0.0000,0.0000,0.0060,0.0000,200,14.7696
0.0063,0.0000,0.0000,0.0000,0.0063,0.0000,200,14.7707
0.0066,0.0000,0.0000,0.0000,0.0065,0.0001,200,14.7712
0.0064,0.0000,0.0000,0.0000,0.0062,0.0001,200,14.7733
0.0065,0.0000,0.0000,0.0000,0.0065,0.0001,200,14.7757
0.0067,0.0000,0.0000,0.0000,0.0066,0.0001,200,14.7771
0.0073,0.0000,0.0000,0.0000,0.0072,0.0001,200,14.7778
0.0063,0.0000,0.0000,0.0000,0.0062,0.0000,200,14.7796
0.0064,0.0000,0.0000,0.0000,0.0064,0.0001,200,14.7822
0.0062,0.0000,0.0000,0.0000,0.0061,0.0000,200,14.7838
0.0064,0.0000,0.0000,0.0000,0.0063,0.0000,200,14.7851
0.0063,0.0000,0.0000,0.0000,0.0063,0.0000,200,14.7859
0.0064,0.0000,0.0000,0.0000,0.0064,0.0000,200,14.7886
0.0062,0.0000,0.0000,0.0000,0.0061,0.0000,200,14.7900
0.0063,0.0000,0.0000,0.0000,0.0062,0.0001,200,14.7915
0.0063,0.0000,0.0000,0.0000,0.0062,0.0000,200,14.7922
0.0064,0.0000,0.0000,0.0000,0.0064,0.0000,200,14.7951
0.0064,0.0000,0.0000,0.0000,0.0063,0.0000,200,14.7961
0.0063,0.0000,0.0000,0.0000,0.0062,0.0000,200,14.7978
0.0062,0.0000,0.0000,0.0000,0.0061,0.0000,200,14.7985
0.0064,0.0000,0.0000,0.0000,0.0063,0.0000,200,14.8015
0.0062,0.0000,0.0000,0.0000,0.0061,0.0000,200,14.8025
0.0064,0.0000,0.0000,0.0000,0.0063,0.0000,200,14.8041
0.0072,0.0000,0.0000,0.0000,0.0071,0.0000,200,14.8047
0.0067,0.0000,0.0000,0.0000,0.0066,0.0000,200,14.8079
0.0078,0.0000,0.0000,0.0000,0.0077,0.0001,200,14.8087
0.0065,0.0000,0.0000,0.0000,0.0064,0.0000,200,14.8105
0.0061,0.0000,0.0000,0.0000,0.0060,0.0000,200,14.8119
0.0069,0.0000,0.0000,0.0000,0.0068,0.0001,200,14.8146
0.0066,0.0000,0.0000,0.0000,0.0065,0.0001,200,14.8165
0.0063,0.0000,0.0000,0.0000,0.0063,0.0000,200,14.8170
0.0062,0.0000,0.0000,0.0000,0.0062,0.0000,200,14.8180
0.0064,0.0000,0.0000,0.0000,0.0063,0.0000,200,14.8215
0.0065,0.0000,0.0000,0.0001,0.0064,0.0000,200,14.8231
0.0063,0.0000,0.0000,0.0000,0.0062,0.0000,200,14.8233
0.0065,0.0000,0.0000,0.0000,0.0064,0.0000,200,14.8242
0.0062,0.0000,0.0000,0.0000,0.0061,0.0000,200,14.8279
0.0062,0.0000,0.0000,0.0000,0.0061,0.0000,200,14.8296
0.0064,0.0000,0.0000,0.0000,0.0063,0.0000,200,14.8296
0.0063,0.0000,0.0000,0.0000,0.0062,0.0000,200,14.8307
0.0072,0.0000,0.0000,0.0000,0.0071,0.0001,200,14.8341
0.0064,0.0000,0.0000,0.0000,0.0063,0.0001,200,14.8360
0.0066,0.0000,0.0000,0.0000,0.0066,0.0000,200,14.8358
0.0062,0.0000,0.0000,0.0000,0.0061,0.0000,200,14.8370
0.0067,0.0000,0.0000,0.0000,0.0066,0.0001,200,14.8413
0.0066,0.0000,0.0000,0.0000,0.0065,0.0000,200,14.8424
0.0065,0.0000,0.0000,0.0000,0.0065,0.0000,200,14.8425
0.0062,0.0000,0.0000,0.0000,0.0061,0.0000,200,14.8431
0.0067,0.0000,0.0000,0.0000,0.0065,0.0001,200,14.8480
0.0064,0.0000,0.0000,0.0000,0.0063,0.0000,200,14.8490
0.0061,0.0000,0.0000,0.0000,0.0060,0.0000,200,14.8493
0.0065,0.0000,0.0000,0.0000,0.0065,0.0000,200,14.8490
0.0065,0.0000,0.0000,0.0000,0.0064,0.0001,200,14.8546
0.0066,0.0000,0.0000,0.0000,0.0065,0.0000,200,14.8554
0.0065,0.0000,0.0000,0.0000,0.0065,0.0000,200,14.8555
0.0067,0.0000,0.0000,0.0000,0.0067,0.0000,200,14.8554
0.0069,0.0000,0.0000,0.0000,0.0067,0.0001,200,14.8611
0.0064,0.0000,0.0000,0.0000,0.0063,0.0000,200,14.8620
0.0064,0.0000,0.0000,0.0000,0.0063,0.0000,200,14.8621
0.0072,0.0000,0.0000,0.0000,0.0071,0.0000,200,14.8620
0.0067,0.0000,0.0000,0.0000,0.0065,0.0001,200,14.8680
0.0063,0.0000,0.0000,0.0000,0.0062,0.0000,200,14.8685
0.0064,0.0000,0.0000,0.0000,0.0063,0.0000,200,14.8684
0.0062,0.0000,0.0000,0.0000,0.0062,0.0000,200,14.8692
0.0065,0.0000,0.0000,0.0000,0.0064,0.0001,200,14.8748
0.0066,0.0000,0.0000,0.0000,0.0065,0.0000,200,14.8747
0.0066,0.0000,0.0000,0.0000,0.0065,0.0000,200,14.8748
0.0061,0.0000,0.0000,0.0000,0.0060,0.0000,200,14.8755
0.0066,0.0000,0.0000,0.0000,0.0065,0.0001,200,14.8813
0.0066,0.0000,0.0000,0.0000,0.0066,0.0000,200,14.8813
0.0064,0.0000,0.0000,0.0000,0.0063,0.0000,200,14.8816
0.0066,0.0000,0.0000,0.0000,0.0066,0.0000,200,14.8813
0.0064,0.0000,0.0000,0.0000,0.0063,0.0001,200,14.8879
0.0065,0.0000,0.0000,0.0000,0.0065,0.0000,200,14.8879
0.0065,0.0000,0.0000,0.0000,0.0065,0.0000,200,14.8880
0.0065,0.0000,0.0000,0.0000,0.0065,0.0000,200,14.8880
0.0064,0.0000,0.0000,0.0000,0.0063,0.0001,200,14.8945
0.0065,0.0000,0.0000,0.0000,0.0064,0.0001,200,14.8944
0.0064,0.0000,0.0000,0.0000,0.0064,0.0000,200,14.8945
0.0065,0.0000,0.0000,0.0000,0.0064,0.0000,200,14.8945
0.0065,0.0000,0.0000,0.0000,0.0064,0.0001,200,14.9009
0.0065,0.0000,0.0000,0.0000,0.0064,0.0000,200,14.9009
0.0065,0.0000,0.0000,0.0000,0.0065,0.0000,200,14.9009
0.0065,0.0000,0.0000,0.0000,0.0064,0.0000,200,14.9009
0.0065,0.0000,0.0000,0.0000,0.0064,0.0001,200,14.9074
0.0065,0.0000,0.0000,0.0000,0.0064,0.0001,200,14.9074
0.0066,0.0000,0.0000,0.0000,0.0065,0.0000,200,14.9074
0.0066,0.0000,0.0000,0.0000,0.0065,0.0000,200,14.9074
0.0066,0.0000,0.0000,0.0000,0.0065,0.0001,200,14.9140
0.0066,0.0000,0.0000,0.0000,0.0066,0.0000,200,14.9140
0.0066,0.0000,0.0000,0.0000,0.0065,0.0000,200,14.9140
0.0066,0.0000,0.0000,0.0000,0.0066,0.0000,200,14.9140
0.0066,0.0000,0.0000,0.0000,0.0065,0.0001,200,14.9206
0.0066,0.0000,0.0000,0.0000,0.0065,0.0000,200,14.9206
0.0066,0.0000,0.0000,0.0000,0.0065,0.0001,200,14.9206
0.0077,0.0000,0.0000,0.0000,0.0076,0.0000,200,14.9206
0.0065,0.0000,0.0000,0.0000,0.0064,0.0001,200,14.9272
0.0065,0.0000,0.0000,0.0000,0.0064,0.0000,200,14.9272
0.0065,0.0000,0.0000,0.0000,0.0064,0.0000,200,14.9272
0.0063,0.0000,0.0000,0.0000,0.0062,0.0000,200,14.9283
0.0064,0.0000,0.0000,0.0000,0.0063,0.0001,200,14.9337
0.0064,0.0000,0.0000,0.0000,0.0064,0.0000,200,14.9337
0.0065,0.0000,0.0000,0.0000,0.0063,0.0000,200,14.9336
0.0063,0.0000,0.0000,0.0000,0.0062,0.0000,200,14.9345
0.0065,0.0000,0.0000,0.0000,0.0064,0.0001,200,14.9401
0.0066,0.0000,0.0000,0.0000,0.0065,0.0001,200,14.9401
0.0066,0.0000,0.0000,0.0000,0.0066,0.0000,200,14.9401
0.0064,0.0000,0.0000,0.0000,0.0063,0.0000,200,14.9408
0.0063,0.0000,0.0000,0.0000,0.0062,0.0000,200,14.9467
0.0063,0.0000,0.0000,0.0000,0.0063,0.0000,200,14.9467
0.0065,0.0000,0.0000,0.0000,0.0064,0.0000,200,14.9466
0.0066,0.0000,0.0000,0.0000,0.0065,0.0000,200,14.9472
0.0065,0.0000,0.0000,0.0000,0.0064,0.0001,200,14.9530
0.0066,0.0000,0.0000,0.0000,0.0066,0.0000,200,14.9531
0.0066,0.0000,0.0000,0.0000,0.0066,0.0000,200,14.9531
0.0063,0.0000,0.0000,0.0000,0.0062,0.0001,200,14.9538
0.0066,0.0000,0.0000,0.0000,0.0065,0.0001,200,14.9595
0.0064,0.0000,0.0000,0.0000,0.0063,0.0000,200,14.9597
0.0064,0.0000,0.0000,0.0000,0.0063,0.0000,200,14.9597
0.0062,0.0000,0.0000,0.0000,0.0061,0.0000,200,14.9601
0.0064,0.0000,0.0000,0.0000,0.0063,0.0001,200,14.9661
0.0062,0.0000,0.0000,0.0000,0.0062,0.0000,200,14.9663
0.0065,0.0000,0.0000,0.0000,0.0064,0.0000,200,14.9661
0.0065,0.0000,0.0000,0.0000,0.0065,0.0000,200,14.9661
0.0065,0.0000,0.0000,0.0000,0.0064,0.0001,200,14.9725
0.0065,0.0000,0.0000,0.0000,0.0064,0.0000,200,14.9726
0.0066,0.0000,0.0000,0.0002,0.0063,0.0000,200,14.9725
0.0065,0.0000,0.0000,0.0000,0.0064,0.0000,200,14.9726
0.0067,0.0000,0.0000,0.0000,0.0066,0.0001,200,14.9790
0.0066,0.0000,0.0000,0.0000,0.0066,0.0000,200,14.9791
0.0067,0.0000,0.0000,0.0000,0.0066,0.0000,200,14.9791
0.0067,0.0000,0.0000,0.0000,0.0066,0.0000,200,14.9791
0.0063,0.0000,0.0000,0.0000,0.0062,0.0000,200,14.9858
0.0063,0.0000,0.0000,0.0000,0.0063,0.0000,200,14.9858
0.0063,0.0000,0.0000,0.0000,0.0062,0.0000,200,14.9858
0.0064,0.0000,0.0000,0.0000,0.0064,0.0000,200,14.9857
0.0065,0.0000,0.0000,0.0000,0.0064,0.0001,200,14.9921
0.0064,0.0000,0.0000,0.0000,0.0064,0.0000,200,14.9922
0.0065,0.0000,0.0000,0.0000,0.0065,0.0000,200,14.9921
0.0066,0.0000,0.0000,0.0000,0.0065,0.0000,200,14.9921
0.0065,0.0000,0.0000,0.0000,0.0064,0.0001,200,14.9986
0.0065,0.0000,0.0000,0.0000,0.0064,0.0001,200,14.9986
0.0065,0.0000,0.0000,0.0000,0.0064,0.0001,200,14.9987
0.0065,0.0000,0.0000,0.0000,0.0065,0.0000,200,14.9986
0.0067,0.0000,0.0000,0.0000,0.0066,0.0000,200,15.0051
0.0067,0.0000,0.0000,0.0000,0.0065,0.0002,200,15.0052
0.0068,0.0000,0.0000,0.0000,0.0067,0.0000,200,15.0051
0.0068,0.0000,0.0000,0.0000,0.0068,0.0000,200,15.0051
0.0067,0.0000,0.0000,0.0000,0.0066,0.0001,200,15.0118
0.0068,0.0000,0.0000,0.0000,0.0067,0.0000,200,15.0119
0.0068,0.0000,0.0000,0.0000,0.0067,0.0000,200,15.0119
0.0070,0.0000,0.0000,0.0000,0.0069,0.0001,200,15.0119
0.0069,0.0000,0.0000,0.0000,0.0068,0.0000,200,15.0185
0.0068,0.0000,0.0000,0.0000,0.0067,0.0001,200,15.0187
0.0066,0.0000,0.0000,0.0000,0.0063,0.0002,200,15.0189
0.0068,0.0000,0.0000,0.0000,0.0066,0.0002,200,15.0187
0.0066,0.0000,0.0000,0.0000,0.0065,0.0001,200,15.0254
0.0066,0.0000,0.0000,0.0000,0.0065,0.0000,200,15.0255
0.0067,0.0000,0.0000,0.0000,0.0067,0.0000,200,15.0254
0.0073,0.0000,0.0000,0.0000,0.0072,0.0000,200,15.0254
0.0068,0.0000,0.0000,0.0000,0.0067,0.0001,200,15.0322
0.0071,0.0000,0.0000,0.0000,0.0070,0.0000,200,15.0321
0.0072,0.0000,0.0000,0.0000,0.0071,0.0000,200,15.0320
0.0091,0.0000,0.0000,0.0000,0.0090,0.0001,200,15.0327
0.0075,0.0000,0.0000,0.0000,0.0074,0.0001,200,15.0392
0.0076,0.0000,0.0000,0.0000,0.0075,0.0000,200,15.0392
0.0080,0.0000,0.0000,0.0000,0.0079,0.0000,200,15.0390
0.0068,0.0000,0.0000,0.0000,0.0067,0.0001,200,15.0418
0.0064,0.0000,0.0000,0.0000,0.0063,0.0001,200,15.0470
0.0067,0.0000,0.0000,0.0000,0.0067,0.0000,200,15.0468
0.0069,0.0000,0.0000,0.0000,0.0068,0.0000,200,15.0467
0.0065,0.0000,0.0000,0.0000,0.0064,0.0001,200,15.0485
0.0065,0.0000,0.0000,0.0000,0.0064,0.0001,200,15.0535
0.0071,0.0000,0.0000,0.0000,0.0070,0.0001,200,15.0536
0.0075,0.0000,0.0000,0.0000,0.0074,0.0000,200,15.0534
0.0075,0.0000,0.0000,0.0000,0.0074,0.0001,200,15.0550
0.0067,0.0000,0.0000,0.0000,0.0066,0.0001,200,15.0600
0.0066,0.0000,0.0000,0.0000,0.0065,0.0000,200,15.0607
0.0067,0.0000,0.0000,0.0000,0.0066,0.0000,200,15.0609
0.0073,0.0000,0.0000,0.0000,0.0072,0.0001,200,15.0624
0.0064,0.0000,0.0000,0.0000,0.0063,0.0000,200,15.0668
0.0065,0.0000,0.0000,0.0000,0.0063,0.0001,200,15.0673
0.0063,0.0000,0.0000,0.0000,0.0063,0.0000,200,15.0675
0.0065,0.0000,0.0000,0.0000,0.0064,0.0001,200,15.0698
0.0063,0.0000,0.0000,0.0000,0.0062,0.0000,200,15.0739
0.0070,0.0000,0.0000,0.0000,0.0069,0.0000,200,15.0732
0.0065,0.0000,0.0000,0.0000,0.0064,0.0000,200,15.0738
0.0066,0.0000,0.0000,0.0000,0.0065,0.0000,200,15.0763
0.0067,0.0000,0.0000,0.0000,0.0065,0.0001,200,15.0802
0.0066,0.0000,0.0000,0.0000,0.0065,0.0000,200,15.0803
0.0067,0.0000,0.0000,0.0000,0.0066,0.0000,200,15.0802
0.0067,0.0000,0.0000,0.0000,0.0066,0.0001,200,15.0829
0.0066,0.0000,0.0000,0.0000,0.0065,0.0001,200,15.0869
0.0067,0.0000,0.0000,0.0000,0.0066,0.0000,200,15.0869
0.0067,0.0000,0.0000,0.0000,0.0066,0.0001,200,15.0869
0.0068,0.0000,0.0000,0.0000,0.0067,0.0000,200,15.0895
0.0067,0.0000,0.0000,0.0000,0.0066,0.0001,200,15.0934
0.0066,0.0000,0.0000,0.0000,0.0064,0.0002,200,15.0936
0.0067,0.0000,0.0000,0.0000,0.0065,0.0002,200,15.0936
0.0065,0.0000,0.0000,0.0000,0.0064,0.0001,200,15.0964
0.0067,0.0000,0.0000,0.0000,0.0066,0.0001,200,15.1002
0.0068,0.0000,0.0000,0.0000,0.0067,0.0000,200,15.1001
0.0066,0.0000,0.0000,0.0000,0.0066,0.0001,200,15.1003
0.0067,0.0000,0.0000,0.0000,0.0066,0.0001,200,15.1029
0.0068,0.0000,0.0000,0.0000,0.0067,0.0000,200,15.1069
0.0068,0.0000,0.0000,0.0000,0.0067,0.0001,200,15.1069
0.0068,0.0000,0.0000,0.0000,0.0067,0.0001,200,15.1069
0.0066,0.0000,0.0000,0.0000,0.0065,0.0001,200,15.1096
0.0067,0.0000,0.0000,0.0000,0.0066,0.0001,200,15.1138
0.0067,0.0000,0.0000,0.0000,0.0066,0.0000,200,15.1137
0.0069,0.0000,0.0000,0.0000,0.0068,0.0000,200,15.1137
0.0065,0.0000,0.0000,0.0000,0.0064,0.0001,200,15.1162
0.0066,0.0000,0.0000,0.0000,0.0065,0.0001,200,15.1204
0.0067,0.0000,0.0000,0.0000,0.0066,0.0001,200,15.1204
0.0066,0.0000,0.0000,0.0000,0.0065,0.0000,200,15.1206
0.0074,0.0000,0.0000,0.0000,0.0073,0.0001,200,15.1227
0.0067,0.0000,0.0000,0.0000,0.0066,0.0000,200,15.1272
0.0067,0.0000,0.0000,0.0000,0.0066,0.0000,200,15.1272
0.0069,0.0000,0.0000,0.0000,0.0069,0.0000,200,15.1270
0.0067,0.0000,0.0000,0.0000,0.0066,0.0001,200,15.1301
0.0065,0.0000,0.0000,0.0000,0.0064,0.0001,200,15.1339
0.0068,0.0000,0.0000,0.0000,0.0067,0.0000,200,15.1339
0.0068,0.0000,0.0000,0.0000,0.0067,0.0000,200,15.1340
0.0065,0.0000,0.0000,0.0000,0.0063,0.0001,200,15.1369
0.0066,0.0000,0.0000,0.0000,0.0065,0.0001,200,15.1404
0.0065,0.0000,0.0000,0.0000,0.0065,0.0000,200,15.1407
0.0065,0.0000,0.0000,0.0000,0.0065,0.0000,200,15.1407
0.0067,0.0000,0.0000,0.0000,0.0066,0.0001,200,15.1434
0.0069,0.0000,0.0000,0.0000,0.0068,0.0000,200,15.1470
0.0067,0.0000,0.0000,0.0000,0.0066,0.0001,200,15.1472
0.0068,0.0000,0.0000,0.0000,0.0067,0.0000,200,15.1473
0.0072,0.0000,0.0000,0.0000,0.0071,0.0000,200,15.1501
0.0064,0.0000,0.0000,0.0001,0.0063,0.0001,200,15.1539
0.0065,0.0000,0.0000,0.0000,0.0064,0.0000,200,15.1540
0.0067,0.0000,0.0000,0.0000,0.0066,0.0001,200,15.1539
0.0065,0.0000,0.0000,0.0000,0.0064,0.0001,200,15.1573
0.0067,0.0000,0.0000,0.0000,0.0067,0.0000,200,15.1605
0.0066,0.0000,0.0000,0.0000,0.0065,0.0000,200,15.1607
0.0069,0.0000,0.0000,0.0000,0.0069,0.0000,200,15.1603
0.0065,0.0000,0.0000,0.0000,0.0064,0.0001,200,15.1639
0.0072,0.0000,0.0000,0.0000,0.0071,0.0001,200,15.1673
0.0080,0.0000,0.0000,0.0000,0.0076,0.0003,200,15.1673
0.0083,0.0000,0.0000,0.0000,0.0082,0.0000,200,15.1673
0.0065,0.0000,0.0000,0.0000,0.0064,0.0001,200,15.1704
0.0073,0.0000,0.0000,0.0000,0.0072,0.0001,200,15.1756
0.0084,0.0000,0.0000,0.0000,0.0083,0.0000,200,15.1745
0.0065,0.0000,0.0000,0.0000,0.0064,0.0000,200,15.1769
0.0085,0.0000,0.0000,0.0000,0.0084,0.0000,200,15.1753
0.0068,0.0000,0.0000,0.0000,0.0067,0.0001,200,15.1829
0.0069,0.0000,0.0000,0.0000,0.0068,0.0000,200,15.1828
0.0066,0.0000,0.0000,0.0000,0.0066,0.0000,200,15.1834
0.0063,0.0000,0.0000,0.0000,0.0063,0.0000,200,15.1838
0.0068,0.0000,0.0000,0.0000,0.0068,0.0001,200,15.1900
0.0071,0.0000,0.0000,0.0000,0.0070,0.0000,200,15.1897
0.0067,0.0000,0.0000,0.0000,0.0066,0.0001,200,15.1901
0.0072,0.0000,0.0000,0.0000,0.0072,0.0000,200,15.1897
0.0069,0.0000,0.0000,0.0000,0.0068,0.0001,200,15.1968
0.0071,0.0000,0.0000,0.0000,0.0070,0.0000,200,15.1968
0.0072,0.0000,0.0000,0.0000,0.0071,0.0000,200,15.1968
0.0076,0.0000,0.0000,0.0000,0.0075,0.0001,200,15.1969
0.0068,0.0000,0.0000,0.0000,0.0067,0.0000,200,15.2039
0.0069,0.0000,0.0000,0.0000,0.0068,0.0000,200,15.2040
0.0072,0.0000,0.0000,0.0000,0.0067,0.0004,200,15.2038
0.0092,0.0000,0.0000,0.0000,0.0090,0.0001,200,15.2045
0.0070,0.0000,0.0000,0.0000,0.0068,0.0001,200,15.2107
0.0068,0.0000,0.0000,0.0000,0.0068,0.0001,200,15.2109
0.0069,0.0000,0.0000,0.0000,0.0069,0.0000,200,15.2109
0.0071,0.0000,0.0000,0.0002,0.0067,0.0001,200,15.2137
0.0067,0.0000,0.0000,0.0000,0.0065,0.0001,200,15.2177
0.0067,0.0000,0.0000,0.0000,0.0066,0.0000,200,15.2177
0.0068,0.0000,0.0000,0.0000,0.0067,0.0000,200,15.2179
0.0074,0.0000,0.0000,0.0000,0.0073,0.0001,200,15.2208
0.0074,0.0000,0.0000,0.0000,0.0073,0.0001,200,15.2244
0.0075,0.0000,0.0000,0.0000,0.0074,0.0000,200,15.2244
0.0082,0.0000,0.0000,0.0000,0.0081,0.0001,200,15.2282
0.0117,0.0000,0.0000,0.0000,0.0116,0.0001,200,15.2247
0.0074,0.0000,0.0000,0.0000,0.0073,0.0000,200,15.2319
0.0075,0.0000,0.0000,0.0000,0.0073,0.0002,200,15.2318
0.0072,0.0000,0.0000,0.0000,0.0071,0.0001,200,15.2364
0.0078,0.0000,0.0000,0.0000,0.0077,0.0000,200,15.2364
0.0067,0.0000,0.0000,0.0000,0.0066,0.0001,200,15.2393
0.0071,0.0000,0.0000,0.0000,0.0070,0.0000,200,15.2393
0.0071,0.0000,0.0000,0.0000,0.0069,0.0001,200,15.2436
0.0066,0.0000,0.0000,0.0000,0.0065,0.0000,200,15.2442
0.0066,0.0000,0.0000,0.0000,0.0064,0.0001,200,15.2464
0.0079,0.0000,0.0000,0.0000,0.0072,0.0000,200,15.2460
0.0081,0.0000,0.0000,0.0002,0.0077,0.0001,200,15.2507
0.0067,0.0000,0.0000,0.0000,0.0066,0.0000,200,15.2529
0.0091,0.0000,0.0000,0.0000,0.0090,0.0000,200,15.2508
0.0074,0.0000,0.0000,0.0000,0.0073,0.0001,200,15.2539
0.0071,0.0000,0.0000,0.0000,0.0070,0.0001,200,15.2587
0.0067,0.0000,0.0000,0.0000,0.0066,0.0000,200,15.2597
0.0066,0.0000,0.0000,0.0000,0.0065,0.0000,200,15.2599
0.0066,0.0000,0.0000,0.0000,0.0066,0.0000,200,15.2613
0.0069,0.0000,0.0000,0.0000,0.0068,0.0001,200,15.2658
0.0064,0.0000,0.0000,0.0000,0.0063,0.0000,200,15.2664
0.0066,0.0000,0.0000,0.0000,0.0065,0.0000,200,15.2665
0.0068,0.0000,0.0000,0.0000,0.0067,0.0001,200,15.2679
0.0070,0.0000,0.0000,0.0000,0.0069,0.0001,200,15.2727
0.0070,0.0000,0.0000,0.0000,0.0070,0.0000,200,15.2728
0.0067,0.0000,0.0000,0.0000,0.0066,0.0000,200,15.2731
0.0072,0.0000,0.0000,0.0000,0.0070,0.0002,200,15.2748
0.0067,0.0000,0.0000,0.0000,0.0066,0.0001,200,15.2798
0.0068,0.0000,0.0000,0.0000,0.0067,0.0001,200,15.2798
0.0075,0.0000,0.0000,0.0000,0.0074,0.0001,200,15.2798
0.0065,0.0000,0.0000,0.0000,0.0064,0.0000,200,15.2820
0.0069,0.0000,0.0000,0.0000,0.0068,0.0001,200,15.2866
0.0071,0.0000,0.0000,0.0000,0.0070,0.0000,200,15.2865
0.0067,0.0000,0.0000,0.0000,0.0066,0.0001,200,15.2873
0.0065,0.0000,0.0000,0.0000,0.0064,0.0000,200,15.2885
0.0068,0.0000,0.0000,0.0000,0.0067,0.0000,200,15.2936
0.0069,0.0000,0.0000,0.0000,0.0068,0.0001,200,15.2936
0.0075,0.0000,0.0000,0.0000,0.0074,0.0000,200,15.2949
0.0085,0.0000,0.0000,0.0013,0.0071,0.0001,200,15.2940
0.0073,0.0000,0.0000,0.0000,0.0072,0.0001,200,15.3004
0.0073,0.0000,0.0000,0.0000,0.0072,0.0001,200,15.3004
0.0075,0.0000,0.0000,0.0000,0.0074,0.0001,200,15.3024
0.0080,0.0000,0.0000,0.0000,0.0078,0.0000,200,15.3025
0.0072,0.0000,0.0000,0.0000,0.0070,0.0001,200,15.3077
0.0072,0.0000,0.0000,0.0000,0.0071,0.0000,200,15.3077
0.0071,0.0000,0.0000,0.0000,0.0070,0.0000,200,15.3100
0.0072,0.0000,0.0000,0.0000,0.0071,0.0000,200,15.3105
0.0070,0.0000,0.0000,0.0000,0.0069,0.0001,200,15.3149
0.0071,0.0000,0.0000,0.0000,0.0069,0.0002,200,15.3149
0.0072,0.0000,0.0000,0.0000,0.0071,0.0000,200,15.3170
0.0067,0.0000,0.0000,0.0000,0.0066,0.0000,200,15.3177
0.0069,0.0000,0.0000,0.0000,0.0067,0.0001,200,15.3221
0.0070,0.0000,0.0000,0.0000,0.0069,0.0000,200,15.3219
0.0066,0.0000,0.0000,0.0000,0.0065,0.0001,200,15.3242
0.0065,0.0000,0.0000,0.0000,0.0064,0.0000,200,15.3244
0.0068,0.0000,0.0000,0.0000,0.0066,0.0001,200,15.3289
0.0070,0.0000,0.0000,0.0000,0.0068,0.0001,200,15.3289
0.0069,0.0000,0.0000,0.0000,0.0068,0.0001,200,15.3309
0.0079,0.0000,0.0000,0.0000,0.0079,0.0000,200,15.3308
0.0069,0.0000,0.0000,0.0000,0.0068,0.0001,200,15.3357
0.0077,0.0000,0.0000,0.0000,0.0076,0.0000,200,15.3359
0.0066,0.0000,0.0000,0.0000,0.0065,0.0001,200,15.3378
0.0065,0.0000,0.0000,0.0000,0.0064,0.0000,200,15.3387
0.0068,0.0000,0.0000,0.0000,0.0066,0.0001,200,15.3426
0.0064,0.0000,0.0000,0.0000,0.0063,0.0000,200,15.3436
0.0065,0.0000,0.0000,0.0000,0.0064,0.0000,200,15.3444
0.0077,0.0000,0.0000,0.0000,0.0077,0.0000,200,15.3453
0.0067,0.0000,0.0000,0.0000,0.0066,0.0001,200,15.3494
0.0069,0.0000,0.0000,0.0000,0.0068,0.0000,200,15.3500
0.0064,0.0000,0.0000,0.0000,0.0064,0.0000,200,15.3509
0.0069,0.0000,0.0000,0.0000,0.0069,0.0001,200,15.3530
0.0071,0.0000,0.0000,0.0000,0.0069,0.0001,200,15.3561
0.0066,0.0000,0.0000,0.0000,0.0065,0.0001,200,15.3568
0.0064,0.0000,0.0000,0.0000,0.0064,0.0000,200,15.3573
0.0067,0.0000,0.0000,0.0000,0.0066,0.0001,200,15.3600
0.0075,0.0000,0.0000,0.0000,0.0074,0.0001,200,15.3638
0.0081,0.0000,0.0000,0.0000,0.0080,0.0001,200,15.3632
0.0078,0.0000,0.0000,0.0000,0.0077,0.0001,200,15.3634
0.0079,0.0000,0.0000,0.0000,0.0076,0.0001,200,15.3667
0.0068,0.0000,0.0000,0.0000,0.0067,0.0001,200,15.3713
0.0069,0.0000,0.0000,0.0000,0.0068,0.0001,200,15.3713
0.0070,0.0000,0.0000,0.0000,0.0070,0.0000,200,15.3713
0.0068,0.0000,0.0000,0.0000,0.0067,0.0001,200,15.3746
0.0067,0.0000,0.0000,0.0000,0.0065,0.0002,200,15.3780
0.0068,0.0000,0.0000,0.0000,0.0067,0.0000,200,15.3782
0.0067,0.0000,0.0000,0.0000,0.0067,0.0000,200,15.3783
0.0067,0.0000,0.0000,0.0000,0.0066,0.0001,200,15.3814
0.0065,0.0000,0.0000,0.0000,0.0064,0.0001,200,15.3850
0.0068,0.0000,0.0000,0.0000,0.0067,0.0000,200,15.3847
0.0066,0.0000,0.0000,0.0000,0.0065,0.0000,200,15.3850
0.0067,0.0000,0.0000,0.0000,0.0066,0.0001,200,15.3880
0.0069,0.0000,0.0000,0.0000,0.0067,0.0001,200,15.3915
0.0068,0.0000,0.0000,0.0000,0.0067,0.0001,200,15.3916
0.0069,0.0000,0.0000,0.0000,0.0068,0.0000,200,15.3916
0.0067,0.0000,0.0000,0.0000,0.0066,0.0001,200,15.3947
0.0068,0.0000,0.0000,0.0000,0.0067,0.0001,200,15.3984
0.0069,0.0000,0.0000,0.0000,0.0068,0.0000,200,15.3984
0.0070,0.0000,0.0000,0.0000,0.0068,0.0002,200,15.3984
0.0067,0.0000,0.0000,0.0000,0.0066,0.0001,200,15.4014
0.0066,0.0000,0.0000,0.0000,0.0065,0.0001,200,15.4053
0.0066,0.0000,0.0000,0.0000,0.0065,0.0000,200,15.4054
0.0068,0.0000,0.0000,0.0000,0.0067,0.0001,200,15.4053
0.0066,0.0000,0.0000,0.0000,0.0064,0.0001,200,15.4081
0.0067,0.0000,0.0000,0.0000,0.0066,0.0000,200,15.4120
0.0069,0.0000,0.0000,0.0000,0.0067,0.0002,200,15.4119
0.0068,0.0000,0.0000,0.0000,0.0067,0.0000,200,15.4121
0.0070,0.0000,0.0000,0.0000,0.0069,0.0001,200,15.4147
0.0068,0.0000,0.0000,0.0000,0.0067,0.0001,200,15.4188
0.0068,0.0000,0.0000,0.0000,0.0067,0.0001,200,15.4189
0.0072,0.0000,0.0000,0.0000,0.0071,0.0000,200,15.4187
0.0069,0.0000,0.0000,0.0000,0.0068,0.0001,200,15.4217
0.0067,0.0000,0.0000,0.0000,0.0065,0.0001,200,15.4257
0.0076,0.0000,0.0000,0.0000,0.0074,0.0001,200,15.4257
0.0082,0.0000,0.0000,0.0000,0.0082,0.0000,200,15.4259
0.0074,0.0000,0.0000,0.0000,0.0072,0.0001,200,15.4286
0.0076,0.0000,0.0000,0.0000,0.0075,0.0001,200,15.4323
0.0074,0.0000,0.0000,0.0000,0.0073,0.0001,200,15.4341
0.0085,0.0000,0.0000,0.0000,0.0084,0.0000,200,15.4333
0.0065,0.0000,0.0000,0.0000,0.0064,0.0001,200,15.4359
0.0067,0.0000,0.0000,0.0000,0.0066,0.0001,200,15.4399
0.0065,0.0000,0.0000,0.0000,0.0064,0.0001,200,15.4415
0.0065,0.0000,0.0000,0.0000,0.0064,0.0000,200,15.4417
0.0065,0.0000,0.0000,0.0000,0.0064,0.0000,200,15.4425
0.0068,0.0000,0.0000,0.0000,0.0067,0.0000,200,15.4466
0.0064,0.0000,0.0000,0.0000,0.0063,0.0001,200,15.4480
0.0064,0.0000,0.0000,0.0000,0.0064,0.0000,200,15.4482
0.0066,0.0000,0.0000,0.0000,0.0065,0.0000,200,15.4489
0.0063,0.0000,0.0000,0.0000,0.0062,0.0001,200,15.4534
0.0061,0.0000,0.0000,0.0000,0.0061,0.0000,200,15.4546
0.0064,0.0000,0.0000,0.0000,0.0063,0.0000,200,15.4544
0.0062,0.0000,0.0000,0.0000,0.0062,0.0000,200,15.4555
0.0068,0.0000,0.0000,0.0000,0.0067,0.0001,200,15.4597
0.0064,0.0000,0.0000,0.0000,0.0063,0.0000,200,15.4607
0.0063,0.0000,0.0000,0.0000,0.0062,0.0000,200,15.4608
0.0061,0.0000,0.0000,0.0000,0.0061,0.0000,200,15.4617
0.0068,0.0000,0.0000,0.0000,0.0067,0.0001,200,15.4664
0.0063,0.0000,0.0000,0.0000,0.0063,0.0000,200,15.4671
0.0064,0.0000,0.0000,0.0000,0.0063,0.0000,200,15.4671
0.0062,0.0000,0.0000,0.0000,0.0061,0.0000,200,15.4679
0.0069,0.0000,0.0000,0.0000,0.0068,0.0000,200,15.4735
0.0069,0.0000,0.0000,0.0000,0.0068,0.0001,200,15.4734
0.0071,0.0000,0.0000,0.0000,0.0070,0.0001,200,15.4732
0.0065,0.0000,0.0000,0.0000,0.0064,0.0000,200,15.4740
0.0067,0.0000,0.0000,0.0000,0.0067,0.0000,200,15.4804
0.0067,0.0000,0.0000,0.0000,0.0066,0.0001,200,15.4804
0.0066,0.0000,0.0000,0.0000,0.0065,0.0001,200,15.4805
0.0069,0.0000,0.0000,0.0000,0.0068,0.0000,200,15.4804
0.0064,0.0000,0.0000,0.0000,0.0063,0.0000,200,15.4871
0.0065,0.0000,0.0000,0.0000,0.0064,0.0000,200,15.4871
0.0065,0.0000,0.0000,0.0000,0.0064,0.0000,200,15.4871
0.0075,0.0000,0.0000,0.0001,0.0073,0.0000,200,15.4873
0.0065,0.0000,0.0000,0.0000,0.0064,0.0001,200,15.4935
0.0065,0.0000,0.0000,0.0000,0.0064,0.0000,200,15.4936
0.0065,0.0000,0.0000,0.0000,0.0064,0.0000,200,15.4936
0.0063,0.0000,0.0000,0.0000,0.0062,0.0000,200,15.4947
0.0065,0.0000,0.0000,0.0000,0.0064,0.0001,200,15.5000
0.0065,0.0000,0.0000,0.0000,0.0064,0.0000,200,15.5001
0.0065,0.0000,0.0000,0.0000,0.0064,0.0000,200,15.5001
0.0066,0.0000,0.0000,0.0000,0.0065,0.0000,200,15.5010
0.0063,0.0000,0.0000,0.0000,0.0062,0.0000,200,15.5065
0.0063,0.0000,0.0000,0.0000,0.0063,0.0000,200,15.5065
0.0063,0.0000,0.0000,0.0000,0.0063,0.0000,200,15.5065
0.0062,0.0000,0.0000,0.0000,0.0061,0.0001,200,15.5076
0.0065,0.0000,0.0000,0.0000,0.0064,0.0001,200,15.5129
0.0065,0.0000,0.0000,0.0000,0.0064,0.0000,200,15.5129
0.0067,0.0000,0.0000,0.0000,0.0066,0.0000,200,15.5128
0.0063,0.0000,0.0000,0.0000,0.0062,0.0000,200,15.5138
0.0065,0.0000,0.0000,0.0000,0.0064,0.0001,200,15.5194
0.0065,0.0000,0.0000,0.0000,0.0065,0.0000,200,15.5194
0.0065,0.0000,0.0000,0.0000,0.0064,0.0000,200,15.5196
0.0064,0.0000,0.0000,0.0000,0.0063,0.0000,200,15.5201
0.0065,0.0000,0.0000,0.0000,0.0065,0.0000,200,15.5259
0.0064,0.0000,0.0000,0.0000,0.0064,0.0000,200,15.5260
0.0066,0.0000,0.0000,0.0000,0.0065,0.0000,200,15.5259
0.0064,0.0000,0.0000,0.0000,0.0063,0.0000,200,15.5265
0.0064,0.0000,0.0000,0.0000,0.0063,0.0001,200,15.5325
0.0065,0.0000,0.0000,0.0000,0.0064,0.0000,200,15.5325
0.0065,0.0000,0.0000,0.0000,0.0064,0.0000,200,15.5325
0.0070,0.0000,0.0000,0.0000,0.0069,0.0000,200,15.5328
0.0066,0.0000,0.0000,0.0000,0.0065,0.0001,200,15.5389
0.0066,0.0000,0.0000,0.0000,0.0066,0.0000,200,15.5389
0.0067,0.0000,0.0000,0.0000,0.0066,0.0000,200,15.5389
0.0078,0.0000,0.0000,0.0000,0.0077,0.0001,200,15.5398
0.0069,0.0000,0.0000,0.0000,0.0068,0.0001,200,15.5456
0.0070,0.0000,0.0000,0.0000,0.0069,0.0000,200,15.5456
0.0076,0.0000,0.0000,0.0000,0.0075,0.0000,200,15.5456
0.0065,0.0000,0.0000,0.0000,0.0064,0.0000,200,15.5476
0.0066,0.0000,0.0000,0.0000,0.0065,0.0001,200,15.5526
0.0067,0.0000,0.0000,0.0000,0.0065,0.0001,200,15.5525
0.0086,0.0000,0.0000,0.0000,0.0086,0.0000,200,15.5532
0.0078,0.0000,0.0000,0.0000,0.0077,0.0000,200,15.5541
0.0068,0.0000,0.0000,0.0000,0.0068,0.0000,200,15.5592
0.0069,0.0000,0.0000,0.0000,0.0066,0.0002,200,15.5592
0.0069,0.0000,0.0000,0.0000,0.0065,0.0003,200,15.5618
0.0068,0.0000,0.0000,0.0000,0.0066,0.0002,200,15.5618
0.0071,0.0000,0.0000,0.0001,0.0067,0.0000,200,15.5660
0.0070,0.0000,0.0000,0.0000,0.0069,0.0001,200,15.5661
0.0065,0.0000,0.0000,0.0000,0.0064,0.0000,200,15.5687
0.0065,0.0000,0.0000,0.0000,0.0064,0.0001,200,15.5687
0.0077,0.0000,0.0000,0.0000,0.0076,0.0001,200,15.5731
0.0077,0.0000,0.0000,0.0000,0.0076,0.0000,200,15.5731
0.0072,0.0000,0.0000,0.0000,0.0071,0.0001,200,15.5752
0.0095,0.0000,0.0000,0.0000,0.0094,0.0001,200,15.5752
0.0076,0.0000,0.0000,0.0000,0.0074,0.0001,200,15.5807
0.0077,0.0000,0.0000,0.0000,0.0077,0.0000,200,15.5808
0.0080,0.0000,0.0000,0.0000,0.0079,0.0001,200,15.5824
0.0063,0.0000,0.0000,0.0000,0.0062,0.0000,200,15.5847
0.0063,0.0000,0.0000,0.0000,0.0062,0.0001,200,15.5883
0.0063,0.0000,0.0000,0.0000,0.0063,0.0000,200,15.5885
0.0064,0.0000,0.0000,0.0000,0.0063,0.0000,200,15.5904
0.0061,0.0000,0.0000,0.0000,0.0060,0.0000,200,15.5910
0.0064,0.0000,0.0000,0.0000,0.0063,0.0001,200,15.5946
0.0064,0.0000,0.0000,0.0000,0.0063,0.0000,200,15.5948
0.0065,0.0000,0.0000,0.0000,0.0064,0.0001,200,15.5968
0.0063,0.0000,0.0000,0.0000,0.0062,0.0000,200,15.5971
0.0065,0.0000,0.0000,0.0000,0.0064,0.0001,200,15.6011
0.0064,0.0000,0.0000,0.0000,0.0064,0.0000,200,15.6012
0.0067,0.0000,0.0000,0.0000,0.0067,0.0000,200,15.6032
0.0066,0.0000,0.0000,0.0000,0.0066,0.0000,200,15.6034
0.0067,0.0000,0.0000,0.0000,0.0065,0.0001,200,15.6076
0.0067,0.0000,0.0000,0.0000,0.0066,0.0000,200,15.6076
0.0063,0.0000,0.0000,0.0000,0.0062,0.0000,200,15.6100
0.0063,0.0000,0.0000,0.0000,0.0061,0.0002,200,15.6100
0.0068,0.0000,0.0000,0.0000,0.0066,0.0002,200,15.6143
0.0068,0.0000,0.0000,0.0000,0.0067,0.0001,200,15.6143
0.0063,0.0000,0.0000,0.0000,0.0062,0.0000,200,15.6162
0.0063,0.0000,0.0000,0.0000,0.0063,0.0000,200,15.6163
0.0064,0.0000,0.0000,0.0000,0.0063,0.0001,200,15.6211
0.0067,0.0000,0.0000,0.0000,0.0066,0.0000,200,15.6211
0.0063,0.0000,0.0000,0.0000,0.0062,0.0000,200,15.6225
0.0064,0.0000,0.0000,0.0000,0.0063,0.0000,200,15.6226
0.0067,0.0000,0.0000,0.0000,0.0065,0.0001,200,15.6275
0.0065,0.0000,0.0000,0.0000,0.0064,0.0000,200,15.6278
0.0062,0.0000,0.0000,0.0000,0.0061,0.0000,200,15.6290
0.0065,0.0000,0.0000,0.0000,0.0064,0.0000,200,15.6288
0.0067,0.0000,0.0000,0.0000,0.0066,0.0001,200,15.6342
0.0066,0.0000,0.0000,0.0000,0.0065,0.0001,200,15.6343
0.0062,0.0000,0.0000,0.0000,0.0062,0.0000,200,15.6352
0.0064,0.0000,0.0000,0.0000,0.0063,0.0000,200,15.6353
0.0066,0.0000,0.0000,0.0000,0.0065,0.0001,200,15.6408
0.0066,0.0000,0.0000,0.0000,0.0065,0.0000,200,15.6408
0.0062,0.0000,0.0000,0.0000,0.0061,0.0000,200,15.6414
0.0065,0.0000,0.0000,0.0000,0.0064,0.0000,200,15.6417
0.0069,0.0000,0.0000,0.0000,0.0068,0.0001,200,15.6474
0.0069,0.0000,0.0000,0.0000,0.0068,0.0000,200,15.6476
0.0071,0.0000,0.0000,0.0000,0.0070,0.0000,200,15.6475
0.0065,0.0000,0.0000,0.0000,0.0065,0.0000,200,15.6482
0.0066,0.0000,0.0000,0.0000,0.0065,0.0000,200,15.6546
0.0069,0.0000,0.0000,0.0000,0.0066,0.0003,200,15.6544
0.0067,0.0000,0.0000,0.0000,0.0066,0.0000,200,15.6547
0.0070,0.0000,0.0000,0.0000,0.0069,0.0000,200,15.6545
0.0070,0.0000,0.0000,0.0002,0.0067,0.0000,200,15.6613
0.0069,0.0000,0.0000,0.0000,0.0068,0.0001,200,15.6614
0.0071,0.0000,0.0000,0.0000,0.0070,0.0001,200,15.6612
0.0069,0.0000,0.0000,0.0000,0.0068,0.0001,200,15.6615
0.0070,0.0000,0.0000,0.0000,0.0069,0.0001,200,15.6683
0.0070,0.0000,0.0000,0.0000,0.0069,0.0001,200,15.6683
0.0091,0.0000,0.0000,0.0000,0.0090,0.0000,200,15.6683
0.0092,0.0000,0.0000,0.0000,0.0090,0.0002,200,15.6683
0.0084,0.0000,0.0000,0.0000,0.0081,0.0002,200,15.6753
0.0084,0.0000,0.0000,0.0000,0.0083,0.0000,200,15.6753
0.0073,0.0000,0.0000,0.0000,0.0072,0.0000,200,15.6775
0.0074,0.0000,0.0000,0.0000,0.0074,0.0000,200,15.6774
0.0073,0.0000,0.0000,0.0000,0.0072,0.0001,200,15.6838
0.0076,0.0000,0.0000,0.0000,0.0070,0.0003,200,15.6837
0.0064,0.0000,0.0000,0.0000,0.0063,0.0000,200,15.6849
0.0066,0.0000,0.0000,0.0000,0.0066,0.0000,200,15.6848
0.0069,0.0000,0.0000,0.0000,0.0068,0.0000,200,15.6915
0.0071,0.0000,0.0000,0.0000,0.0070,0.0001,200,15.6913
0.0074,0.0000,0.0000,0.0000,0.0072,0.0001,200,15.6911
0.0105,0.0000,0.0000,0.0000,0.0104,0.0001,200,15.6913
0.0067,0.0000,0.0000,0.0000,0.0066,0.0000,200,15.6984
0.0067,0.0000,0.0000,0.0000,0.0066,0.0001,200,15.6984
0.0072,0.0000,0.0000,0.0000,0.0071,0.0000,200,15.6984
0.0067,0.0000,0.0000,0.0000,0.0066,0.0001,200,15.7018
0.0065,0.0000,0.0000,0.0000,0.0065,0.0000,200,15.7055
0.0070,0.0000,0.0000,0.0000,0.0069,0.0000,200,15.7051
0.0070,0.0000,0.0000,0.0000,0.0069,0.0001,200,15.7051
0.0066,0.0000,0.0000,0.0000,0.0065,0.0001,200,15.7085
0.0067,0.0000,0.0000,0.0000,0.0066,0.0001,200,15.7121
0.0067,0.0000,0.0000,0.0000,0.0066,0.0001,200,15.7121
0.0070,0.0000,0.0000,0.0000,0.0069,0.0000,200,15.7121
0.0077,0.0000,0.0000,0.0000,0.0076,0.0001,200,15.7152
0.0062,0.0000,0.0000,0.0000,0.0061,0.0000,200,15.7191
0.0065,0.0000,0.0000,0.0000,0.0064,0.0000,200,15.7188
0.0067,0.0000,0.0000,0.0000,0.0066,0.0000,200,15.7188
0.0068,0.0000,0.0000,0.0000,0.0067,0.0001,200,15.7229
0.0063,0.0000,0.0000,0.0000,0.0062,0.0001,200,15.7253
0.0065,0.0000,0.0000,0.0000,0.0065,0.0000,200,15.7253
0.0064,0.0000,0.0000,0.0000,0.0063,0.0000,200,15.7255
0.0065,0.0000,0.0000,0.0000,0.0064,0.0001,200,15.7297
0.0063,0.0000,0.0000,0.0000,0.0062,0.0000,200,15.7317
0.0063,0.0000,0.0000,0.0000,0.0062,0.0000,200,15.7318
0.0063,0.0000,0.0000,0.0000,0.0062,0.0000,200,15.7318
0.0069,0.0000,0.0000,0.0000,0.0068,0.0001,200,15.7363
0.0061,0.0000,0.0000,0.0000,0.0060,0.0001,200,15.7381
0.0064,0.0000,0.0000,0.0000,0.0063,0.0000,200,15.7379
0.0063,0.0000,0.0000,0.0000,0.0062,0.0000,200,15.7381
0.0065,0.0000,0.0000,0.0000,0.0064,0.0001,200,15.7432
0.0062,0.0000,0.0000,0.0000,0.0061,0.0000,200,15.7442
0.0062,0.0000,0.0000,0.0000,0.0062,0.0000,200,15.7443
0.0066,0.0000,0.0000,0.0000,0.0066,0.0000,200,15.7444
0.0066,0.0000,0.0000,0.0000,0.0065,0.0001,200,15.7497
0.0063,0.0000,0.0000,0.0000,0.0063,0.0000,200,15.7504
0.0062,0.0000,0.0000,0.0000,0.0061,0.0000,200,15.7505
0.0061,0.0000,0.0000,0.0000,0.0060,0.0000,200,15.7510
0.0065,0.0000,0.0000,0.0000,0.0064,0.0001,200,15.7562
0.0062,0.0000,0.0000,0.0000,0.0062,0.0000,200,15.7567
0.0064,0.0000,0.0000,0.0000,0.0063,0.0000,200,15.7567
0.0062,0.0000,0.0000,0.0000,0.0061,0.0001,200,15.7571
0.0067,0.0000,0.0000,0.0000,0.0066,0.0001,200,15.7627
0.0064,0.0000,0.0000,0.0000,0.0063,0.0001,200,15.7630
0.0068,0.0000,0.0000,0.0001,0.0063,0.0001,200,15.7631
0.0067,0.0000,0.0000,0.0000,0.0066,0.0000,200,15.7634
0.0066,0.0000,0.0000,0.0000,0.0064,0.0001,200,15.7694
0.0066,0.0000,0.0000,0.0000,0.0065,0.0000,200,15.7694
0.0063,0.0000,0.0000,0.0000,0.0062,0.0000,200,15.7699
0.0063,0.0000,0.0000,0.0000,0.0062,0.0001,200,15.7700
0.0065,0.0000,0.0000,0.0000,0.0064,0.0001,200,15.7760
0.0063,0.0000,0.0000,0.0000,0.0062,0.0000,200,15.7762
0.0065,0.0000,0.0000,0.0000,0.0064,0.0000,200,15.7760
0.0061,0.0000,0.0000,0.0000,0.0061,0.0000,200,15.7764
0.0066,0.0000,0.0000,0.0000,0.0065,0.0001,200,15.7825
0.0066,0.0000,0.0000,0.0000,0.0065,0.0001,200,15.7825
0.0066,0.0000,0.0000,0.0000,0.0065,0.0000,200,15.7825
0.0067,0.0000,0.0000,0.0000,0.0066,0.0000,200,15.7825
0.0075,0.0000,0.0000,0.0000,0.0074,0.0001,200,15.7891
0.0074,0.0000,0.0000,0.0000,0.0074,0.0001,200,15.7892
0.0076,0.0000,0.0000,0.0000,0.0074,0.0001,200,15.7891
0.0076,0.0000,0.0000,0.0000,0.0074,0.0001,200,15.7891
0.0066,0.0000,0.0000,0.0000,0.0064,0.0001,200,15.7966
0.0066,0.0000,0.0000,0.0000,0.0065,0.0000,200,15.7966
0.0066,0.0000,0.0000,0.0000,0.0065,0.0000,200,15.7966
0.0066,0.0000,0.0000,0.0000,0.0065,0.0000,200,15.7966
0.0065,0.0000,0.0000,0.0000,0.0064,0.0001,200,15.8032
0.0069,0.0000,0.0000,0.0000,0.0068,0.0000,200,15.8032
0.0069,0.0000,0.0000,0.0000,0.0068,0.0000,200,15.8032
0.0072,0.0000,0.0000,0.0000,0.0072,0.0000,200,15.8032
0.0067,0.0000,0.0000,0.0000,0.0066,0.0001,200,15.8098
0.0064,0.0000,0.0000,0.0000,0.0064,0.0000,200,15.8101
0.0068,0.0000,0.0000,0.0000,0.0067,0.0000,200,15.8101
0.0072,0.0000,0.0000,0.0000,0.0071,0.0000,200,15.8105
0.0064,0.0000,0.0000,0.0000,0.0063,0.0000,200,15.8165
0.0064,0.0000,0.0000,0.0000,0.0063,0.0000,200,15.8165
0.0062,0.0000,0.0000,0.0000,0.0061,0.0000,200,15.8169
0.0061,0.0000,0.0000,0.0000,0.0060,0.0000,200,15.8176
0.0065,0.0000,0.0000,0.0000,0.0064,0.0001,200,15.8229
0.0064,0.0000,0.0000,0.0000,0.0063,0.0000,200,15.8231
0.0066,0.0000,0.0000,0.0000,0.0066,0.0000,200,15.8229
0.0061,0.0000,0.0000,0.0000,0.0061,0.0000,200,15.8237
0.0065,0.0000,0.0000,0.0000,0.0064,0.0000,200,15.8295
0.0065,0.0000,0.0000,0.0000,0.0064,0.0001,200,15.8295
0.0066,0.0000,0.0000,0.0000,0.0065,0.0000,200,15.8294
0.0062,0.0000,0.0000,0.0000,0.0062,0.0000,200,15.8299
0.0066,0.0000,0.0000,0.0000,0.0065,0.0001,200,15.8360
0.0066,0.0000,0.0000,0.0000,0.0065,0.0000,200,15.8360
0.0065,0.0000,0.0000,0.0000,0.0064,0.0001,200,15.8361
0.0066,0.0000,0.0000,0.0000,0.0065,0.0000,200,15.8360
0.0066,0.0000,0.0000,0.0000,0.0065,0.0000,200,15.8426
0.0067,0.0000,0.0000,0.0000,0.0066,0.0000,200,15.8426
0.0067,0.0000,0.0000,0.0000,0.0067,0.0000,200,15.8426
0.0067,0.0000,0.0000,0.0000,0.0067,0.0000,200,15.8426
0.0067,0.0000,0.0000,0.0000,0.0066,0.0001,200,15.8492
0.0067,0.0000,0.0000,0.0000,0.0066,0.0000,200,15.8493
0.0066,0.0000,0.0000,0.0000,0.0066,0.0000,200,15.8493
0.0067,0.0000,0.0000,0.0000,0.0067,0.0000,200,15.8492
0.0064,0.0000,0.0000,0.0000,0.0063,0.0001,200,15.8559
0.0064,0.0000,0.0000,0.0000,0.0063,0.0001,200,15.8559
0.0064,0.0000,0.0000,0.0000,0.0063,0.0001,200,15.8559
0.0065,0.0000,0.0000,0.0000,0.0064,0.0000,200,15.8559
0.0064,0.0000,0.0000,0.0000,0.0063,0.0001,200,15.8624
0.0064,0.0000,0.0000,0.0000,0.0063,0.0001,200,15.8624
0.0065,0.0000,0.0000,0.0000,0.0064,0.0000,200,15.8624
0.0066,0.0000,0.0000,0.0000,0.0065,0.0000,200,15.8624
0.0066,0.0000,0.0000,0.0000,0.0065,0.0001,200,15.8688
0.0066,0.0000,0.0000,0.0000,0.0065,0.0000,200,15.8689
0.0066,0.0000,0.0000,0.0000,0.0065,0.0000,200,15.8689
0.0068,0.0000,0.0000,0.0000,0.0067,0.0000,200,15.8688
0.0064,0.0000,0.0000,0.0000,0.0063,0.0001,200,15.8755
0.0066,0.0000,0.0000,0.0000,0.0065,0.0000,200,15.8754
0.0065,0.0000,0.0000,0.0000,0.0064,0.0000,200,15.8755
0.0065,0.0000,0.0000,0.0000,0.0064,0.0000,200,15.8756
0.0066,0.0000,0.0000,0.0000,0.0065,0.0001,200,15.8820
0.0066,0.0000,0.0000,0.0000,0.0065,0.0000,200,15.8820
0.0066,0.0000,0.0000,0.0000,0.0065,0.0001,200,15.8820
0.0066,0.0000,0.0000,0.0000,0.0065,0.0001,200,15.8820
0.0064,0.0000,0.0000,0.0000,0.0063,0.0001,200,15.8886
0.0065,0.0000,0.0000,0.0000,0.0064,0.0000,200,15.8886
0.0066,0.0000,0.0000,0.0000,0.0065,0.0000,200,15.8886
0.0066,0.0000,0.0000,0.0000,0.0064,0.0002,200,15.8886
0.0062,0.0000,0.0000,0.0000,0.0061,0.0001,200,15.8952
0.0064,0.0000,0.0000,0.0000,0.0063,0.0000,200,15.8950
0.0064,0.0000,0.0000,0.0000,0.0063,0.0000,200,15.8951
0.0063,0.0000,0.0000,0.0000,0.0063,0.0000,200,15.8952
0.0064,0.0000,0.0000,0.0000,0.0063,0.0001,200,15.9015
0.0066,0.0000,0.0000,0.0000,0.0066,0.0000,200,15.9015
0.0066,0.0000,0.0000,0.0000,0.0066,0.0000,200,15.9015
0.0067,0.0000,0.0000,0.0000,0.0067,0.0000,200,15.9014
0.0065,0.0000,0.0000,0.0000,0.0064,0.0000,200,15.9081
0.0065,0.0000,0.0000,0.0000,0.0064,0.0001,200,15.9081
0.0068,0.0000,0.0000,0.0000,0.0067,0.0000,200,15.9079
0.0065,0.0000,0.0000,0.0000,0.0064,0.0001,200,15.9082
0.0073,0.0000,0.0000,0.0000,0.0072,0.0001,200,15.9147
0.0074,0.0000,0.0000,0.0000,0.0073,0.0000,200,15.9146
0.0075,0.0000,0.0000,0.0000,0.0074,0.0000,200,15.9146
0.0076,0.0000,0.0000,0.0000,0.0075,0.0000,200,15.9147
0.0065,0.0000,0.0000,0.0000,0.0065,0.0000,200,15.9220
0.0064,0.0000,0.0000,0.0000,0.0063,0.0001,200,15.9222
0.0066,0.0000,0.0000,0.0000,0.0065,0.0000,200,15.9220
0.0063,0.0000,0.0000,0.0000,0.0062,0.0001,200,15.9223
0.0064,0.0000,0.0000,0.0000,0.0063,0.0000,200,15.9286
0.0064,0.0000,0.0000,0.0000,0.0064,0.0000,200,15.9286
0.0064,0.0000,0.0000,0.0000,0.0064,0.0000,200,15.9286
0.0064,0.0000,0.0000,0.0000,0.0064,0.0000,200,15.9286
0.0065,0.0000,0.0000,0.0000,0.0064,0.0001,200,15.9350
0.0065,0.0000,0.0000,0.0000,0.0064,0.0001,200,15.9350
0.0065,0.0000,0.0000,0.0000,0.0065,0.0000,200,15.9350
0.0078,0.0000,0.0000,0.0000,0.0077,0.0000,200,15.9350
0.0065,0.0000,0.0000,0.0000,0.0064,0.0000,200,15.9415
0.0065,0.0000,0.0000,0.0000,0.0064,0.0001,200,15.9415
0.0066,0.0000,0.0000,0.0000,0.0065,0.0000,200,15.9415
0.0063,0.0000,0.0000,0.0000,0.0062,0.0000,200,15.9428
0.0065,0.0000,0.0000,0.0000,0.0064,0.0001,200,15.9481
0.0066,0.0000,0.0000,0.0000,0.0065,0.0000,200,15.9480
0.0066,0.0000,0.0000,0.0000,0.0065,0.0000,200,15.9480
0.0064,0.0000,0.0000,0.0000,0.0063,0.0000,200,15.9491
0.0065,0.0000,0.0000,0.0000,0.0064,0.0001,200,15.9546
0.0065,0.0000,0.0000,0.0000,0.0064,0.0000,200,15.9546
0.0067,0.0000,0.0000,0.0000,0.0066,0.0000,200,15.9546
0.0062,0.0000,0.0000,0.0000,0.0061,0.0000,200,15.9556
0.0065,0.0000,0.0000,0.0000,0.0064,0.0001,200,15.9610
0.0064,0.0000,0.0000,0.0000,0.0064,0.0000,200,15.9613
0.0066,0.0000,0.0000,0.0000,0.0065,0.0000,200,15.9611
0.0065,0.0000,0.0000,0.0000,0.0064,0.0000,200,15.9617
0.0065,0.0000,0.0000,0.0000,0.0064,0.0001,200,15.9676
0.0064,0.0000,0.0000,0.0000,0.0063,0.0000,200,15.9677
0.0063,0.0000,0.0000,0.0000,0.0063,0.0000,200,15.9677
0.0060,0.0000,0.0000,0.0000,0.0059,0.0000,200,15.9682
0.0064,0.0000,0.0000,0.0000,0.0063,0.0001,200,15.9740
0.0063,0.0000,0.0000,0.0000,0.0062,0.0000,200,15.9742
0.0065,0.0000,0.0000,0.0000,0.0064,0.0000,200,15.9741
0.0065,0.0000,0.0000,0.0000,0.0063,0.0002,200,15.9740
0.0065,0.0000,0.0000,0.0000,0.0064,0.0001,200,15.9804
0.0065,0.0000,0.0000,0.0000,0.0064,0.0000,200,15.9805
0.0064,0.0000,0.0000,0.0000,0.0064,0.0000,200,15.9806
0.0065,0.0000,0.0000,0.0000,0.0064,0.0000,200,15.9805
0.0064,0.0000,0.0000,0.0000,0.0063,0.0001,200,15.9870
0.0065,0.0000,0.0000,0.0000,0.0064,0.0000,200,15.9869
0.0064,0.0000,0.0000,0.0000,0.0063,0.0001,200,15.9870
0.0099,0.0000,0.0000,0.0000,0.0098,0.0001,200,15.9870
0.0063,0.0000,0.0000,0.0000,0.0062,0.0000,200,15.9934
0.0064,0.0000,0.0000,0.0000,0.0063,0.0000,200,15.9934
0.0067,0.0000,0.0000,0.0000,0.0066,0.0000,200,15.9934
0.0063,0.0000,0.0000,0.0000,0.0062,0.0000,200,15.9969
0.0063,0.0000,0.0000,0.0000,0.0062,0.0001,200,15.9997
0.0065,0.0000,0.0000,0.0000,0.0064,0.0000,200,15.9998
0.0064,0.0000,0.0000,0.0000,0.0063,0.0000,200,16.0001
0.0063,0.0000,0.0000,0.0000,0.0062,0.0000,200,16.0032
0.0065,0.0000,0.0000,0.0000,0.0064,0.0001,200,16.0060
0.0064,0.0000,0.0000,0.0000,0.0063,0.0000,200,16.0063
0.0063,0.0000,0.0000,0.0000,0.0062,0.0000,200,16.0065
0.0064,0.0000,0.0000,0.0000,0.0063,0.0000,200,16.0094
0.0063,0.0000,0.0000,0.0000,0.0063,0.0000,200,16.0127
0.0062,0.0000,0.0000,0.0000,0.0062,0.0000,200,16.0128
0.0067,0.0000,0.0000,0.0000,0.0066,0.0000,200,16.0125
0.0063,0.0000,0.0000,0.0000,0.0062,0.0000,200,16.0158
0.0064,0.0000,0.0000,0.0000,0.0063,0.0001,200,16.0190
0.0064,0.0000,0.0000,0.0000,0.0064,0.0000,200,16.0190
0.0062,0.0000,0.0000,0.0000,0.0062,0.0000,200,16.0192
0.0063,0.0000,0.0000,0.0000,0.0062,0.0001,200,16.0220
0.0064,0.0000,0.0000,0.0000,0.0063,0.0001,200,16.0255
0.0065,0.0000,0.0000,0.0000,0.0065,0.0000,200,16.0255
0.0066,0.0000,0.0000,0.0000,0.0065,0.0000,200,16.0254
0.0063,0.0000,0.0000,0.0000,0.0062,0.0001,200,16.0284
0.0064,0.0000,0.0000,0.0000,0.0063,0.0001,200,16.0319
0.0063,0.0000,0.0000,0.0000,0.0063,0.0000,200,16.0320
0.0064,0.0000,0.0000,0.0000,0.0064,0.0000,200,16.0320
0.0071,0.0000,0.0000,0.0000,0.0070,0.0001,200,16.0347
0.0065,0.0000,0.0000,0.0000,0.0064,0.0001,200,16.0383
0.0071,0.0000,0.0000,0.0000,0.0070,0.0000,200,16.0384
0.0080,0.0000,0.0000,0.0000,0.0079,0.0000,200,16.0384
0.0064,0.0000,0.0000,0.0000,0.0063,0.0000,200,16.0418
0.0066,0.0000,0.0000,0.0000,0.0065,0.0000,200,16.0447
0.0063,0.0000,0.0000,0.0000,0.0062,0.0000,200,16.0455
0.0061,0.0000,0.0000,0.0000,0.0060,0.0000,200,16.0464
0.0062,0.0000,0.0000,0.0000,0.0061,0.0000,200,16.0482
0.0065,0.0000,0.0000,0.0000,0.0064,0.0001,200,16.0513
0.0062,0.0000,0.0000,0.0000,0.0062,0.0000,200,16.0518
0.0062,0.0000,0.0000,0.0000,0.0061,0.0001,200,16.0525
0.0060,0.0000,0.0000,0.0000,0.0060,0.0000,200,16.0544
0.0063,0.0000,0.0000,0.0000,0.0062,0.0001,200,16.0580
0.0066,0.0000,0.0000,0.0000,0.0065,0.0000,200,16.0578
0.0062,0.0000,0.0000,0.0000,0.0062,0.0000,200,16.0586
0.0062,0.0000,0.0000,0.0000,0.0061,0.0000,200,16.0604
0.0066,0.0000,0.0000,0.0000,0.0064,0.0001,200,16.0643
0.0065,0.0000,0.0000,0.0000,0.0064,0.0000,200,16.0644
0.0062,0.0000,0.0000,0.0000,0.0062,0.0000,200,16.0649
0.0062,0.0000,0.0000,0.0000,0.0062,0.0001,200,16.0666
0.0064,0.0000,0.0000,0.0000,0.0063,0.0000,200,16.0710
0.0063,0.0000,0.0000,0.0000,0.0062,0.0000,200,16.0711
0.0064,0.0000,0.0000,0.0000,0.0064,0.0000,200,16.0709
0.0065,0.0000,0.0000,0.0000,0.0064,0.0000,200,16.0728
0.0062,0.0000,0.0000,0.0000,0.0062,0.0001,200,16.0774
0.0063,0.0000,0.0000,0.0000,0.0063,0.0000,200,16.0774
0.0063,0.0000,0.0000,0.0000,0.0062,0.0000,200,16.0774
0.0062,0.0000,0.0000,0.0000,0.0061,0.0000,200,16.0793
0.0064,0.0000,0.0000,0.0000,0.0063,0.0001,200,16.0837
0.0064,0.0000,0.0000,0.0000,0.0063,0.0000,200,16.0837
0.0065,0.0000,0.0000,0.0000,0.0064,0.0000,200,16.0836
0.0064,0.0000,0.0000,0.0000,0.0063,0.0000,200,16.0854
0.0063,0.0000,0.0000,0.0000,0.0063,0.0000,200,16.0901
0.0064,0.0000,0.0000,0.0000,0.0063,0.0000,200,16.0901
0.0064,0.0000,0.0000,0.0000,0.0063,0.0001,200,16.0901
0.0063,0.0000,0.0000,0.0000,0.0062,0.0001,200,16.0919
0.0066,0.0000,0.0000,0.0000,0.0065,0.0001,200,16.0964
0.0066,0.0000,0.0000,0.0000,0.0065,0.0000,200,16.0964
0.0066,0.0000,0.0000,0.0000,0.0066,0.0000,200,16.0964
0.0063,0.0000,0.0000,0.0000,0.0063,0.0000,200,16.0982
0.0065,0.0000,0.0000,0.0000,0.0064,0.0001,200,16.1031
0.0065,0.0000,0.0000,0.0000,0.0064,0.0001,200,16.1031
0.0067,0.0000,0.0000,0.0000,0.0066,0.0000,200,16.1030
0.0063,0.0000,0.0000,0.0000,0.0062,0.0000,200,16.1045
0.0062,0.0000,0.0000,0.0000,0.0061,0.0000,200,16.1095
0.0063,0.0000,0.0000,0.0000,0.0062,0.0000,200,16.1095
0.0062,0.0000,0.0000,0.0000,0.0061,0.0000,200,16.1097
0.0063,0.0000,0.0000,0.0000,0.0062,0.0000,200,16.1109
0.0061,0.0000,0.0000,0.0000,0.0060,0.0001,200,16.1159
0.0062,0.0000,0.0000,0.0000,0.0061,0.0000,200,16.1158
0.0064,0.0000,0.0000,0.0000,0.0064,0.0000,200,16.1157
0.0063,0.0000,0.0000,0.0000,0.0062,0.0000,200,16.1172
0.0065,0.0000,0.0000,0.0000,0.0064,0.0001,200,16.1220
0.0064,0.0000,0.0000,0.0000,0.0063,0.0000,200,16.1222
0.0066,0.0000,0.0000,0.0000,0.0065,0.0000,200,16.1220
0.0063,0.0000,0.0000,0.0000,0.0062,0.0000,200,16.1234
0.0064,0.0000,0.0000,0.0000,0.0063,0.0001,200,16.1286
0.0067,0.0000,0.0000,0.0000,0.0066,0.0000,200,16.1285
0.0068,0.0000,0.0000,0.0000,0.0067,0.0000,200,16.1285
0.0063,0.0000,0.0000,0.0000,0.0062,0.0001,200,16.1297
0.0064,0.0000,0.0000,0.0000,0.0063,0.0001,200,16.1350
0.0066,0.0000,0.0000,0.0000,0.0066,0.0000,200,16.1352
0.0068,0.0000,0.0000,0.0000,0.0068,0.0000,200,16.1352
0.0069,0.0000,0.0000,0.0000,0.0068,0.0001,200,16.1414
0.0124,0.0000,0.0000,0.0000,0.0123,0.0000,200,16.1360
0.0067,0.0000,0.0000,0.0000,0.0067,0.0000,200,16.1419
0.0083,0.0000,0.0000,0.0000,0.0083,0.0001,200,16.1420
0.0074,0.0000,0.0000,0.0000,0.0073,0.0001,200,16.1484
0.0075,0.0000,0.0000,0.0000,0.0074,0.0000,200,16.1483
0.0072,0.0000,0.0000,0.0000,0.0070,0.0001,200,16.1486
0.0065,0.0000,0.0000,0.0000,0.0064,0.0000,200,16.1504
0.0068,0.0000,0.0000,0.0000,0.0067,0.0001,200,16.1557
0.0068,0.0000,0.0000,0.0000,0.0068,0.0001,200,16.1558
0.0069,0.0000,0.0000,0.0000,0.0068,0.0001,200,16.1558
0.0067,0.0000,0.0000,0.0000,0.0066,0.0000,200,16.1569
0.0068,0.0000,0.0000,0.0000,0.0067,0.0001,200,16.1626
0.0069,0.0000,0.0000,0.0000,0.0068,0.0000,200,16.1626
0.0069,0.0000,0.0000,0.0000,0.0068,0.0000,200,16.1626
0.0091,0.0000,0.0000,0.0000,0.0090,0.0001,200,16.1636
0.0068,0.0000,0.0000,0.0000,0.0067,0.0001,200,16.1695
0.0069,0.0000,0.0000,0.0000,0.0068,0.0000,200,16.1695
0.0069,0.0000,0.0000,0.0000,0.0068,0.0000,200,16.1695
0.0066,0.0000,0.0000,0.0000,0.0065,0.0001,200,16.1727
0.0067,0.0000,0.0000,0.0000,0.0066,0.0001,200,16.1764
0.0066,0.0000,0.0000,0.0000,0.0065,0.0000,200,16.1764
0.0068,0.0000,0.0000,0.0000,0.0067,0.0000,200,16.1763
0.0079,0.0000,0.0000,0.0000,0.0078,0.0001,200,16.1793
0.0066,0.0000,0.0000,0.0000,0.0065,0.0000,200,16.1830
0.0067,0.0000,0.0000,0.0000,0.0066,0.0000,200,16.1831
0.0070,0.0000,0.0000,0.0000,0.0069,0.0001,200,16.1830
0.0066,0.0000,0.0000,0.0000,0.0065,0.0001,200,16.1872
0.0062,0.0000,0.0000,0.0000,0.0061,0.0000,200,16.1898
0.0064,0.0000,0.0000,0.0000,0.0064,0.0000,200,16.1896
0.0079,0.0000,0.0000,0.0000,0.0078,0.0000,200,16.1901
0.0062,0.0000,0.0000,0.0000,0.0062,0.0000,200,16.1938
0.0064,0.0000,0.0000,0.0000,0.0063,0.0001,200,16.1960
0.0064,0.0000,0.0000,0.0000,0.0063,0.0000,200,16.1960
0.0061,0.0000,0.0000,0.0000,0.0060,0.0000,200,16.1979
0.0063,0.0000,0.0000,0.0000,0.0062,0.0001,200,16.2001
0.0062,0.0000,0.0000,0.0000,0.0061,0.0000,200,16.2024
0.0064,0.0000,0.0000,0.0000,0.0063,0.0000,200,16.2024
0.0062,0.0000,0.0000,0.0000,0.0061,0.0000,200,16.2041
0.0064,0.0000,0.0000,0.0000,0.0063,0.0000,200,16.2064
0.0064,0.0000,0.0000,0.0000,0.0063,0.0000,200,16.2088
0.0067,0.0000,0.0000,0.0000,0.0064,0.0002,200,16.2085
0.0063,0.0000,0.0000,0.0000,0.0062,0.0001,200,16.2102
0.0066,0.0000,0.0000,0.0000,0.0065,0.0001,200,16.2128
0.0064,0.0000,0.0000,0.0000,0.0063,0.0001,200,16.2151
0.0065,0.0000,0.0000,0.0000,0.0063,0.0000,200,16.2152
0.0062,0.0000,0.0000,0.0000,0.0062,0.0000,200,16.2165
0.0063,0.0000,0.0000,0.0000,0.0061,0.0000,200,16.2194
0.0062,0.0000,0.0000,0.0000,0.0061,0.0000,200,16.2215
0.0061,0.0000,0.0000,0.0000,0.0060,0.0000,200,16.2217
0.0063,0.0000,0.0000,0.0000,0.0062,0.0000,200,16.2228
0.0065,0.0000,0.0000,0.0000,0.0063,0.0001,200,16.2256
0.0062,0.0000,0.0000,0.0000,0.0061,0.0000,200,16.2277
0.0062,0.0000,0.0000,0.0000,0.0060,0.0002,200,16.2277
0.0061,0.0000,0.0000,0.0000,0.0060,0.0000,200,16.2291
0.0063,0.0000,0.0000,0.0000,0.0062,0.0001,200,16.2321
0.0064,0.0000,0.0000,0.0000,0.0063,0.0000,200,16.2339
0.0063,0.0000,0.0000,0.0000,0.0063,0.0000,200,16.2340
0.0062,0.0000,0.0000,0.0000,0.0062,0.0000,200,16.2351
0.0063,0.0000,0.0000,0.0000,0.0063,0.0000,200,16.2384
0.0063,0.0000,0.0000,0.0000,0.0062,0.0000,200,16.2402
0.0063,0.0000,0.0000,0.0000,0.0063,0.0000,200,16.2403
0.0063,0.0000,0.0000,0.0000,0.0062,0.0000,200,16.2414
0.0063,0.0000,0.0000,0.0000,0.0062,0.0001,200,16.2448
0.0066,0.0000,0.0000,0.0000,0.0065,0.0001,200,16.2466
0.0069,0.0000,0.0000,0.0000,0.0068,0.0001,200,16.2465
0.0062,0.0000,0.0000,0.0000,0.0061,0.0000,200,16.2477
0.0064,0.0000,0.0000,0.0000,0.0063,0.0000,200,16.2511
0.0064,0.0000,0.0000,0.0000,0.0063,0.0001,200,16.2532
0.0065,0.0000,0.0000,0.0000,0.0064,0.0000,200,16.2534
0.0063,0.0000,0.0000,0.0000,0.0062,0.0000,200,16.2539
0.0063,0.0000,0.0000,0.0000,0.0062,0.0001,200,16.2574
0.0064,0.0000,0.0000,0.0000,0.0063,0.0001,200,16.2596
0.0063,0.0000,0.0000,0.0000,0.0062,0.0000,200,16.2599
0.0068,0.0000,0.0000,0.0000,0.0067,0.0000,200,16.2602
0.0062,0.0000,0.0000,0.0000,0.0061,0.0000,200,16.2637
0.0066,0.0000,0.0000,0.0000,0.0065,0.0001,200,16.2660
0.0069,0.0000,0.0000,0.0000,0.0068,0.0000,200,16.2662
0.0063,0.0000,0.0000,0.0000,0.0062,0.0000,200,16.2670
0.0073,0.0000,0.0000,0.0000,0.0072,0.0001,200,16.2699
0.0065,0.0000,0.0000,0.0000,0.0064,0.0001,200,16.2726
0.0065,0.0000,0.0000,0.0000,0.0064,0.0001,200,16.2731
0.0066,0.0000,0.0000,0.0000,0.0065,0.0000,200,16.2733
0.0063,0.0000,0.0000,0.0000,0.0062,0.0001,200,16.2772
0.0065,0.0000,0.0000,0.0000,0.0064,0.0000,200,16.2790
0.0063,0.0000,0.0000,0.0000,0.0062,0.0000,200,16.2796
0.0062,0.0000,0.0000,0.0000,0.0061,0.0001,200,16.2799
0.0078,0.0000,0.0000,0.0000,0.0077,0.0001,200,16.2835
0.0063,0.0000,0.0000,0.0000,0.0063,0.0000,200,16.2855
0.0063,0.0000,0.0000,0.0000,0.0062,0.0000,200,16.2859
0.0065,0.0000,0.0000,0.0000,0.0064,0.0000,200,16.2861
0.0069,0.0000,0.0000,0.0000,0.0068,0.0001,200,16.2912
0.0063,0.0000,0.0000,0.0000,0.0063,0.0000,200,16.2918
0.0064,0.0000,0.0000,0.0000,0.0063,0.0000,200,16.2922
0.0064,0.0000,0.0000,0.0000,0.0063,0.0001,200,16.2926
0.0068,0.0000,0.0000,0.0000,0.0065,0.0002,200,16.2981
0.0063,0.0000,0.0000,0.0000,0.0062,0.0001,200,16.2986
0.0068,0.0000,0.0000,0.0000,0.0064,0.0003,200,16.2982
0.0064,0.0000,0.0000,0.0000,0.0061,0.0002,200,16.2990
0.0069,0.0000,0.0000,0.0004,0.0063,0.0001,200,16.3049
0.0066,0.0000,0.0000,0.0000,0.0065,0.0000,200,16.3053
0.0071,0.0000,0.0000,0.0005,0.0065,0.0000,200,16.3049
0.0075,0.0000,0.0000,0.0004,0.0070,0.0000,200,16.3049
0.0067,0.0000,0.0000,0.0000,0.0065,0.0001,200,16.3120
0.0068,0.0000,0.0000,0.0000,0.0067,0.0000,200,16.3119
0.0063,0.0000,0.0000,0.0000,0.0062,0.0000,200,16.3124
0.0068,0.0000,0.0000,0.0000,0.0067,0.0000,200,16.3119
0.0065,0.0000,0.0000,0.0000,0.0064,0.0001,200,16.3187
0.0066,0.0000,0.0000,0.0000,0.0065,0.0000,200,16.3187
0.0066,0.0000,0.0000,0.0000,0.0063,0.0003,200,16.3187
0.0070,0.0000,0.0000,0.0000,0.0068,0.0001,200,16.3187
0.0065,0.0000,0.0000,0.0000,0.0064,0.0001,200,16.3251
0.0064,0.0000,0.0000,0.0000,0.0063,0.0000,200,16.3253
0.0064,0.0000,0.0000,0.0000,0.0064,0.0000,200,16.3252
0.0066,0.0000,0.0000,0.0000,0.0065,0.0000,200,16.3257
0.0065,0.0000,0.0000,0.0000,0.0064,0.0000,200,16.3316
0.0064,0.0000,0.0000,0.0000,0.0064,0.0000,200,16.3317
0.0064,0.0000,0.0000,0.0000,0.0064,0.0000,200,16.3317
0.0061,0.0000,0.0000,0.0000,0.0060,0.0000,200,16.3323
0.0065,0.0000,0.0000,0.0000,0.0065,0.0001,200,16.3381
0.0062,0.0000,0.0000,0.0000,0.0061,0.0001,200,16.3384
0.0066,0.0000,0.0000,0.0000,0.0065,0.0000,200,16.3381
0.0066,0.0000,0.0000,0.0000,0.0065,0.0000,200,16.3381
0.0064,0.0000,0.0000,0.0000,0.0063,0.0000,200,16.3447
0.0064,0.0000,0.0000,0.0000,0.0063,0.0001,200,16.3447
0.0065,0.0000,0.0000,0.0000,0.0064,0.0000,200,16.3447
0.0065,0.0000,0.0000,0.0000,0.0064,0.0000,200,16.3447
0.0065,0.0000,0.0000,0.0000,0.0064,0.0001,200,16.3511
0.0066,0.0000,0.0000,0.0000,0.0065,0.0001,200,16.3511
0.0065,0.0000,0.0000,0.0000,0.0065,0.0000,200,16.3512
0.0073,0.0000,0.0000,0.0000,0.0073,0.0000,200,16.3512
0.0065,0.0000,0.0000,0.0000,0.0064,0.0001,200,16.3576
0.0065,0.0000,0.0000,0.0000,0.0064,0.0000,200,16.3577
0.0065,0.0000,0.0000,0.0000,0.0064,0.0000,200,16.3577
0.0079,0.0000,0.0000,0.0000,0.0079,0.0001,200,16.3585
0.0066,0.0000,0.0000,0.0000,0.0065,0.0001,200,16.3641
0.0068,0.0000,0.0000,0.0000,0.0067,0.0000,200,16.3642
0.0068,0.0000,0.0000,0.0000,0.0067,0.0000,200,16.3642
0.0063,0.0000,0.0000,0.0000,0.0062,0.0000,200,16.3664
0.0064,0.0000,0.0000,0.0000,0.0063,0.0001,200,16.3707
0.0062,0.0000,0.0000,0.0000,0.0062,0.0000,200,16.3710
0.0063,0.0000,0.0000,0.0000,0.0062,0.0000,200,16.3709
0.0062,0.0000,0.0000,0.0000,0.0061,0.0000,200,16.3727
0.0063,0.0000,0.0000,0.0000,0.0062,0.0001,200,16.3771
0.0063,0.0000,0.0000,0.0000,0.0062,0.0001,200,16.3772
0.0066,0.0000,0.0000,0.0000,0.0065,0.0000,200,16.3772
0.0063,0.0000,0.0000,0.0000,0.0062,0.0001,200,16.3789
0.0064,0.0000,0.0000,0.0000,0.0063,0.0001,200,16.3835
0.0062,0.0000,0.0000,0.0000,0.0062,0.0000,200,16.3838
0.0066,0.0000,0.0000,0.0000,0.0065,0.0000,200,16.3834
0.0063,0.0000,0.0000,0.0000,0.0062,0.0000,200,16.3852
0.0063,0.0000,0.0000,0.0000,0.0062,0.0000,200,16.3900
0.0064,0.0000,0.0000,0.0000,0.0063,0.0000,200,16.3899
0.0063,0.0000,0.0000,0.0000,0.0062,0.0000,200,16.3900
0.0063,0.0000,0.0000,0.0000,0.0062,0.0000,200,16.3915
0.0063,0.0000,0.0000,0.0000,0.0062,0.0001,200,16.3963
0.0065,0.0000,0.0000,0.0000,0.0064,0.0000,200,16.3963
0.0065,0.0000,0.0000,0.0000,0.0064,0.0000,200,16.3963
0.0068,0.0000,0.0000,0.0000,0.0067,0.0000,200,16.3978
0.0065,0.0000,0.0000,0.0000,0.0064,0.0001,200,16.4027
0.0063,0.0000,0.0000,0.0000,0.0062,0.0000,200,16.4029
0.0065,0.0000,0.0000,0.0000,0.0064,0.0000,200,16.4028
0.0068,0.0000,0.0000,0.0000,0.0067,0.0000,200,16.4046
0.0065,0.0000,0.0000,0.0000,0.0064,0.0001,200,16.4092
0.0063,0.0000,0.0000,0.0000,0.0062,0.0001,200,16.4093
0.0066,0.0000,0.0000,0.0000,0.0065,0.0000,200,16.4092
0.0062,0.0000,0.0000,0.0000,0.0061,0.0000,200,16.4114
0.0064,0.0000,0.0000,0.0001,0.0063,0.0000,200,16.4157
0.0065,0.0000,0.0000,0.0000,0.0064,0.0000,200,16.4156
0.0066,0.0000,0.0000,0.0000,0.0065,0.0000,200,16.4156
0.0062,0.0000,0.0000,0.0000,0.0061,0.0001,200,16.4176
0.0064,0.0000,0.0000,0.0000,0.0063,0.0000,200,16.4221
0.0063,0.0000,0.0000,0.0000,0.0063,0.0000,200,16.4222
0.0064,0.0000,0.0000,0.0000,0.0063,0.0001,200,16.4221
0.0062,0.0000,0.0000,0.0000,0.0061,0.0000,200,16.4238
0.0063,0.0000,0.0000,0.0000,0.0062,0.0001,200,16.4286
0.0063,0.0000,0.0000,0.0000,0.0063,0.0000,200,16.4286
0.0064,0.0000,0.0000,0.0000,0.0063,0.0000,200,16.4286
0.0063,0.0000,0.0000,0.0000,0.0062,0.0000,200,16.4300
0.0062,0.0000,0.0000,0.0000,0.0061,0.0000,200,16.4348
0.0062,0.0000,0.0000,0.0000,0.0062,0.0000,200,16.4349
0.0062,0.0000,0.0000,0.0000,0.0061,0.0000,200,16.4349
0.0064,0.0000,0.0000,0.0000,0.0063,0.0001,200,16.4363
0.0064,0.0000,0.0000,0.0000,0.0063,0.0001,200,16.4411
0.0065,0.0000,0.0000,0.0000,0.0064,0.0000,200,16.4411
0.0065,0.0000,0.0000,0.0000,0.0064,0.0000,200,16.4411
0.0075,0.0000,0.0000,0.0000,0.0074,0.0001,200,16.4427
0.0065,0.0000,0.0000,0.0000,0.0064,0.0000,200,16.4476
0.0065,0.0000,0.0000,0.0000,0.0065,0.0000,200,16.4476
0.0066,0.0000,0.0000,0.0000,0.0065,0.0000,200,16.4475
0.0066,0.0000,0.0000,0.0000,0.0065,0.0000,200,16.4501
0.0064,0.0000,0.0000,0.0000,0.0063,0.0000,200,16.4541
0.0063,0.0000,0.0000,0.0000,0.0062,0.0000,200,16.4541
0.0063,0.0000,0.0000,0.0000,0.0063,0.0000,200,16.4541
0.0065,0.0000,0.0000,0.0000,0.0064,0.0001,200,16.4567
0.0064,0.0000,0.0000,0.0000,0.0063,0.0001,200,16.4604
0.0066,0.0000,0.0000,0.0000,0.0065,0.0000,200,16.4604
0.0067,0.0000,0.0000,0.0000,0.0067,0.0000,200,16.4604
0.0064,0.0000,0.0000,0.0000,0.0063,0.0000,200,16.4632
0.0063,0.0000,0.0000,0.0000,0.0062,0.0001,200,16.4670
0.0066,0.0000,0.0000,0.0000,0.0065,0.0000,200,16.4668
0.0063,0.0000,0.0000,0.0000,0.0062,0.0000,200,16.4672
0.0062,0.0000,0.0000,0.0000,0.0061,0.0000,200,16.4696
0.0064,0.0000,0.0000,0.0000,0.0063,0.0000,200,16.4734
0.0064,0.0000,0.0000,0.0000,0.0064,0.0000,200,16.4734
0.0065,0.0000,0.0000,0.0000,0.0064,0.0001,200,16.4734
0.0063,0.0000,0.0000,0.0000,0.0062,0.0001,200,16.4758
0.0064,0.0000,0.0000,0.0000,0.0063,0.0001,200,16.4798
0.0065,0.0000,0.0000,0.0000,0.0064,0.0000,200,16.4798
0.0065,0.0000,0.0000,0.0000,0.0064,0.0000,200,16.4798
0.0067,0.0000,0.0000,0.0000,0.0066,0.0000,200,16.4821
0.0063,0.0000,0.0000,0.0000,0.0061,0.0001,200,16.4863
0.0063,0.0000,0.0000,0.0000,0.0062,0.0000,200,16.4863
0.0063,0.0000,0.0000,0.0000,0.0062,0.0000,200,16.4863
0.0064,0.0000,0.0000,0.0000,0.0063,0.0000,200,16.4888
0.0064,0.0000,0.0000,0.0000,0.0063,0.0001,200,16.4926
0.0065,0.0000,0.0000,0.0000,0.0065,0.0000,200,16.4926
0.0066,0.0000,0.0000,0.0000,0.0066,0.0000,200,16.4926
0.0062,0.0000,0.0000,0.0000,0.0061,0.0001,200,16.4952
0.0065,0.0000,0.0000,0.0000,0.0064,0.0001,200,16.4990
0.0063,0.0000,0.0000,0.0000,0.0062,0.0000,200,16.4992
0.0064,0.0000,0.0000,0.0000,0.0063,0.0000,200,16.4991
0.0063,0.0000,0.0000,0.0000,0.0063,0.0000,200,16.5014
0.0062,0.0000,0.0000,0.0000,0.0062,0.0000,200,16.5055
0.0063,0.0000,0.0000,0.0000,0.0061,0.0000,200,16.5054
0.0063,0.0000,0.0000,0.0000,0.0063,0.0000,200,16.5055
0.0063,0.0000,0.0000,0.0000,0.0063,0.0001,200,16.5077
0.0063,0.0000,0.0000,0.0000,0.0062,0.0001,200,16.5118
0.0064,0.0000,0.0000,0.0000,0.0064,0.0000,200,16.5117
0.0064,0.0000,0.0000,0.0000,0.0063,0.0000,200,16.5117
0.0065,0.0000,0.0000,0.0000,0.0064,0.0001,200,16.5141
0.0064,0.0000,0.0000,0.0000,0.0063,0.0000,200,16.5181
0.0064,0.0000,0.0000,0.0000,0.0064,0.0000,200,16.5181
0.0064,0.0000,0.0000,0.0000,0.0064,0.0000,200,16.5181
0.0064,0.0000,0.0000,0.0000,0.0063,0.0001,200,16.5206
0.0066,0.0000,0.0000,0.0000,0.0065,0.0001,200,16.5246
0.0066,0.0000,0.0000,0.0000,0.0066,0.0000,200,16.5246
0.0068,0.0000,0.0000,0.0000,0.0066,0.0001,200,16.5246
0.0067,0.0000,0.0000,0.0000,0.0067,0.0000,200,16.5270
0.0068,0.0000,0.0000,0.0000,0.0067,0.0000,200,16.5312
0.0067,0.0000,0.0000,0.0000,0.0066,0.0001,200,16.5312
0.0067,0.0000,0.0000,0.0000,0.0067,0.0000,200,16.5313
0.0062,0.0000,0.0000,0.0000,0.0061,0.0000,200,16.5337
0.0063,0.0000,0.0000,0.0000,0.0062,0.0001,200,16.5381
0.0065,0.0000,0.0000,0.0000,0.0064,0.0000,200,16.5379
0.0066,0.0000,0.0000,0.0000,0.0065,0.0000,200,16.5379
0.0063,0.0000,0.0000,0.0000,0.0062,0.0000,200,16.5399
0.0064,0.0000,0.0000,0.0000,0.0063,0.0001,200,16.5445
0.0066,0.0000,0.0000,0.0000,0.0065,0.0000,200,16.5444
0.0066,0.0000,0.0000,0.0000,0.0065,0.0000,200,16.5444
0.0063,0.0000,0.0000,0.0000,0.0062,0.0000,200,16.5462
0.0065,0.0000,0.0000,0.0000,0.0064,0.0001,200,16.5509
0.0065,0.0000,0.0000,0.0000,0.0064,0.0000,200,16.5510
0.0064,0.0000,0.0000,0.0000,0.0064,0.0000,200,16.5510
0.0061,0.0000,0.0000,0.0000,0.0061,0.0001,200,16.5525
0.0066,0.0000,0.0000,0.0000,0.0065,0.0001,200,16.5575
0.0066,0.0000,0.0000,0.0000,0.0065,0.0000,200,16.5574
0.0066,0.0000,0.0000,0.0000,0.0065,0.0000,200,16.5575
0.0062,0.0000,0.0000,0.0000,0.0061,0.0000,200,16.5587
0.0064,0.0000,0.0000,0.0000,0.0063,0.0001,200,16.5640
0.0065,0.0000,0.0000,0.0000,0.0064,0.0000,200,16.5640
0.0065,0.0000,0.0000,0.0000,0.0064,0.0000,200,16.5640
0.0062,0.0000,0.0000,0.0000,0.0061,0.0001,200,16.5648
0.0064,0.0000,0.0000,0.0000,0.0063,0.0001,200,16.5705
0.0065,0.0000,0.0000,0.0000,0.0065,0.0000,200,16.5705
0.0062,0.0000,0.0000,0.0000,0.0061,0.0000,200,16.5710
0.0068,0.0000,0.0000,0.0000,0.0067,0.0000,200,16.5704
0.0068,0.0000,0.0000,0.0000,0.0067,0.0001,200,16.5770
0.0067,0.0000,0.0000,0.0000,0.0066,0.0000,200,16.5772
0.0068,0.0000,0.0000,0.0000,0.0068,0.0000,200,16.5771
0.0075,0.0000,0.0000,0.0000,0.0075,0.0001,200,16.5772
0.0067,0.0000,0.0000,0.0000,0.0066,0.0001,200,16.5838
0.0069,0.0000,0.0000,0.0000,0.0068,0.0000,200,16.5837
0.0067,0.0000,0.0000,0.0000,0.0066,0.0000,200,16.5839
0.0075,0.0000,0.0000,0.0000,0.0074,0.0001,200,16.5847
0.0067,0.0000,0.0000,0.0000,0.0066,0.0001,200,16.5906
0.0068,0.0000,0.0000,0.0000,0.0067,0.0001,200,16.5906
0.0068,0.0000,0.0000,0.0000,0.0068,0.0000,200,16.5906
0.0068,0.0000,0.0000,0.0000,0.0067,0.0000,200,16.5922
0.0068,0.0000,0.0000,0.0000,0.0067,0.0000,200,16.5974
0.0067,0.0000,0.0000,0.0000,0.0066,0.0001,200,16.5975
0.0068,0.0000,0.0000,0.0000,0.0067,0.0000,200,16.5973
0.0064,0.0000,0.0000,0.0000,0.0063,0.0000,200,16.5990
0.0065,0.0000,0.0000,0.0000,0.0064,0.0001,200,16.6042
0.0067,0.0000,0.0000,0.0000,0.0066,0.0000,200,16.6042
0.0067,0.0000,0.0000,0.0000,0.0066,0.0001,200,16.6042
0.0062,0.0000,0.0000,0.0000,0.0061,0.0000,200,16.6054
0.0063,0.0000,0.0000,0.0000,0.0062,0.0000,200,16.6109
0.0065,0.0000,0.0000,0.0000,0.0064,0.0000,200,16.6107
0.0063,0.0000,0.0000,0.0000,0.0062,0.0000,200,16.6109
0.0068,0.0000,0.0000,0.0000,0.0060,0.0008,200,16.6116
0.0066,0.0000,0.0000,0.0000,0.0065,0.0000,200,16.6172
0.0067,0.0000,0.0000,0.0000,0.0066,0.0000,200,16.6172
0.0067,0.0000,0.0000,0.0000,0.0066,0.0000,200,16.6171
0.0069,0.0000,0.0000,0.0000,0.0068,0.0000,200,16.6183
0.0063,0.0000,0.0000,0.0000,0.0062,0.0001,200,16.6238
0.0064,0.0000,0.0000,0.0000,0.0063,0.0000,200,16.6238
0.0064,0.0000,0.0000,0.0000,0.0063,0.0000,200,16.6238
0.0072,0.0000,0.0000,0.0000,0.0071,0.0001,200,16.6252
0.0064,0.0000,0.0000,0.0000,0.0063,0.0000,200,16.6302
0.0064,0.0000,0.0000,0.0000,0.0063,0.0000,200,16.6302
0.0064,0.0000,0.0000,0.0000,0.0063,0.0000,200,16.6302
0.0064,0.0000,0.0000,0.0000,0.0063,0.0000,200,16.6324
0.0064,0.0000,0.0000,0.0000,0.0063,0.0001,200,16.6366
0.0064,0.0000,0.0000,0.0000,0.0063,0.0000,200,16.6366
0.0064,0.0000,0.0000,0.0000,0.0063,0.0000,200,16.6366
0.0064,0.0000,0.0000,0.0000,0.0063,0.0001,200,16.6388
0.0067,0.0000,0.0000,0.0000,0.0066,0.0001,200,16.6430
0.0073,0.0000,0.0000,0.0000,0.0072,0.0000,200,16.6430
0.0074,0.0000,0.0000,0.0000,0.0073,0.0000,200,16.6430
0.0065,0.0000,0.0000,0.0000,0.0064,0.0001,200,16.6503
0.0065,0.0000,0.0000,0.0000,0.0064,0.0001,200,16.6568
0.0064,0.0000,0.0000,0.0000,0.0063,0.0001,200,16.6633
0.0065,0.0000,0.0000,0.0000,0.0064,0.0000,200,16.6697
0.0065,0.0000,0.0000,0.0000,0.0064,0.0001,200,16.6762
0.0064,0.0000,0.0000,0.0000,0.0063,0.0001,200,16.6827
0.0066,0.0000,0.0000,0.0000,0.0064,0.0001,200,16.6891
0.0068,0.0000,0.0000,0.0000,0.0067,0.0001,200,16.6957
