response-time,DNS+dialup,DNS,Request-write,Response-delay,Response-read,status-code,offset
0.0138,0.0002,0.0001,0.0001,0.0132,0.0001,200,0.0003
0.0148,0.0007,0.0003,0.0001,0.0138,0.0001,200,0.0001
0.0162,0.0003,0.0001,0.0001,0.0156,0.0001,200,0.0002
0.0177,0.0004,0.0001,0.0001,0.0171,0.0001,200,0.0002
0.0152,0.0000,0.0000,0.0000,0.0151,0.0001,200,0.0164
0.0142,0.0000,0.0000,0.0000,0.0141,0.0001,200,0.0179
0.0183,0.0000,0.0000,0.0000,0.0182,0.0001,200,0.0141
0.0181,0.0000,0.0000,0.0000,0.0180,0.0000,200,0.0149
0.0391,0.0000,0.0000,0.0000,0.0390,0.0001,200,0.0324
0.0385,0.0000,0.0000,0.0000,0.0384,0.0001,200,0.0330
0.0401,0.0000,0.0000,0.0000,0.0400,0.0001,200,0.0316
0.0402,0.0000,0.0000,0.0000,0.0401,0.0001,200,0.0320
0.0073,0.0000,0.0000,0.0000,0.0071,0.0002,200,0.0715
0.0071,0.0000,0.0000,0.0000,0.0070,0.0001,200,0.0717
0.0067,0.0000,0.0000,0.0000,0.0067,0.0000,200,0.0722
0.0075,0.0000,0.0000,0.0000,0.0074,0.0000,200,0.0715
0.0069,0.0000,0.0000,0.0000,0.0068,0.0001,200,0.0790
0.0071,0.0000,0.0000,0.0000,0.0070,0.0001,200,0.0789
0.0073,0.0000,0.0000,0.0000,0.0072,0.0001,200,0.0790
0.0075,0.0000,0.0000,0.0000,0.0074,0.0000,200,0.0788
0.0069,0.0000,0.0000,0.0000,0.0068,0.0001,200,0.0863
0.0069,0.0000,0.0000,0.0000,0.0068,0.0001,200,0.0863
0.0073,0.0000,0.0000,0.0001,0.0071,0.0000,200,0.0859
0.0073,0.0000,0.0000,0.0000,0.0072,0.0000,200,0.0860
0.0073,0.0000,0.0000,0.0000,0.0072,0.0001,200,0.0932
0.0074,0.0000,0.0000,0.0000,0.0073,0.0001,200,0.0931
0.0074,0.0000,0.0000,0.0000,0.0073,0.0001,200,0.0932
0.0074,0.0000,0.0000,0.0000,0.0072,0.0002,200,0.0933
0.0071,0.0000,0.0000,0.0000,0.0070,0.0001,200,0.1006
0.0074,0.0000,0.0000,0.0000,0.0072,0.0002,200,0.1006
0.0074,0.0000,0.0000,0.0000,0.0073,0.0000,200,0.1006
0.0073,0.0000,0.0000,0.0000,0.0071,0.0001,200,0.1007
0.0073,0.0000,0.0000,0.0000,0.0072,0.0001,200,0.1077
0.0088,0.0000,0.0000,0.0000,0.0086,0.0001,200,0.1080
0.0091,0.0000,0.0000,0.0000,0.0083,0.0007,200,0.1080
0.0091,0.0000,0.0000,0.0000,0.0091,0.0000,200,0.1080
0.0090,0.0000,0.0000,0.0000,0.0088,0.0001,200,0.1150
0.0092,0.0000,0.0000,0.0000,0.0089,0.0001,200,0.1168
0.0090,0.0000,0.0000,0.0000,0.0084,0.0003,200,0.1170
0.0090,0.0000,0.0000,0.0000,0.0087,0.0002,200,0.1172
0.0080,0.0000,0.0000,0.0000,0.0078,0.0001,200,0.1260
0.0081,0.0000,0.0000,0.0000,0.0080,0.0001,200,0.1260
0.0102,0.0000,0.0000,0.0000,0.0101,0.0000,200,0.1240
0.0094,0.0000,0.0000,0.0000,0.0093,0.0001,200,0.1261
0.0085,0.0000,0.0000,0.0000,0.0084,0.0001,200,0.1340
0.0086,0.0000,0.0000,0.0000,0.0084,0.0001,200,0.1340
0.0086,0.0000,0.0000,0.0000,0.0085,0.0000,200,0.1342
0.0100,0.0000,0.0000,0.0000,0.0099,0.0001,200,0.1356
0.0071,0.0000,0.0000,0.0000,0.0070,0.0001,200,0.1426
0.0071,0.0000,0.0000,0.0000,0.0071,0.0000,200,0.1428
0.0091,0.0000,0.0000,0.0000,0.0089,0.0001,200,0.1455
0.0129,0.0000,0.0000,0.0000,0.0127,0.0001,200,0.1426
0.0072,0.0000,0.0000,0.0001,0.0071,0.0000,200,0.1497
0.0070,0.0000,0.0000,0.0000,0.0069,0.0001,200,0.1499
0.0070,0.0000,0.0000,0.0000,0.0068,0.0001,200,0.1547
0.0068,0.0000,0.0000,0.0000,0.0067,0.0000,200,0.1555
0.0067,0.0000,0.0000,0.0000,0.0066,0.0001,200,0.1569
0.0075,0.0000,0.0000,0.0000,0.0074,0.0001,200,0.1569
0.0069,0.0000,0.0000,0.0000,0.0068,0.0001,200,0.1616
0.0067,0.0000,0.0000,0.0002,0.0065,0.0001,200,0.1623
0.0068,0.0000,0.0000,0.0000,0.0067,0.0001,200,0.1636
0.0065,0.0000,0.0000,0.0000,0.0064,0.0000,200,0.1644
0.0067,0.0000,0.0000,0.0000,0.0065,0.0000,200,0.1685
0.0086,0.0000,0.0000,0.0000,0.0085,0.0001,200,0.1690
0.0084,0.0000,0.0000,0.0000,0.0083,0.0000,200,0.1704
0.0079,0.0000,0.0000,0.0000,0.0078,0.0000,200,0.1709
0.0074,0.0000,0.0000,0.0000,0.0073,0.0001,200,0.1752
0.0098,0.0000,0.0000,0.0000,0.0097,0.0001,200,0.1776
0.0112,0.0000,0.0000,0.0000,0.0111,0.0001,200,0.1788
0.0074,0.0000,0.0000,0.0000,0.0073,0.0000,200,0.1826
0.0112,0.0000,0.0000,0.0000,0.0112,0.0000,200,0.1788
0.0073,0.0000,0.0000,0.0001,0.0071,0.0001,200,0.1874
0.0066,0.0000,0.0000,0.0000,0.0064,0.0001,200,0.1900
0.0066,0.0000,0.0000,0.0000,0.0065,0.0000,200,0.1900
0.0066,0.0000,0.0000,0.0000,0.0065,0.0000,200,0.1900
0.0065,0.0000,0.0000,0.0000,0.0064,0.0001,200,0.1947
0.0079,0.0000,0.0000,0.0000,0.0078,0.0000,200,0.1966
0.0079,0.0000,0.0000,0.0000,0.0078,0.0000,200,0.1966
0.0079,0.0000,0.0000,0.0000,0.0079,0.0001,200,0.1966
0.0068,0.0000,0.0000,0.0000,0.0067,0.0001,200,0.2012
0.0071,0.0000,0.0000,0.0000,0.0071,0.0000,200,0.2045
0.0071,0.0000,0.0000,0.0000,0.0070,0.0001,200,0.2045
0.0072,0.0000,0.0000,0.0000,0.0072,0.0000,200,0.2045
0.0064,0.0000,0.0000,0.0000,0.0063,0.0001,200,0.2080
0.0062,0.0000,0.0000,0.0000,0.0061,0.0000,200,0.2117
0.0064,0.0000,0.0000,0.0000,0.0063,0.0000,200,0.2118
0.0065,0.0000,0.0000,0.0000,0.0064,0.0000,200,0.2117
0.0062,0.0000,0.0000,0.0000,0.0061,0.0000,200,0.2144
0.0063,0.0000,0.0000,0.0000,0.0063,0.0000,200,0.2178
0.0061,0.0000,0.0000,0.0000,0.0060,0.0000,200,0.2181
0.0061,0.0000,0.0000,0.0000,0.0060,0.0000,200,0.2181
0.0070,0.0000,0.0000,0.0000,0.0069,0.0001,200,0.2206
0.0062,0.0000,0.0000,0.0000,0.0061,0.0000,200,0.2242
0.0063,0.0000,0.0000,0.0000,0.0063,0.0000,200,0.2242
0.0064,0.0000,0.0000,0.0000,0.0063,0.0000,200,0.2242
0.0064,0.0000,0.0000,0.0000,0.0063,0.0001,200,0.2276
0.0062,0.0000,0.0000,0.0000,0.0061,0.0000,200,0.2304
0.0060,0.0000,0.0000,0.0000,0.0060,0.0000,200,0.2306
0.0061,0.0000,0.0000,0.0000,0.0061,0.0000,200,0.2305
0.0064,0.0000,0.0000,0.0000,0.0063,0.0001,200,0.2339
0.0062,0.0000,0.0000,0.0000,0.0061,0.0000,200,0.2366
0.0062,0.0000,0.0000,0.0000,0.0062,0.0000,200,0.2366
0.0062,0.0000,0.0000,0.0000,0.0062,0.0000,200,0.2366
0.0064,0.0000,0.0000,0.0000,0.0063,0.0000,200,0.2403
0.0062,0.0000,0.0000,0.0000,0.0062,0.0000,200,0.2429
0.0063,0.0000,0.0000,0.0000,0.0062,0.0000,200,0.2428
0.0063,0.0000,0.0000,0.0000,0.0062,0.0000,200,0.2428
0.0064,0.0000,0.0000,0.0000,0.0062,0.0002,200,0.2467
0.0063,0.0000,0.0000,0.0000,0.0062,0.0000,200,0.2491
0.0065,0.0000,0.0000,0.0000,0.0064,0.0000,200,0.2491
0.0075,0.0000,0.0000,0.0000,0.0074,0.0001,200,0.2491
0.0076,0.0000,0.0000,0.0000,0.0075,0.0000,200,0.2532
0.0061,0.0000,0.0000,0.0000,0.0060,0.0000,200,0.2554
0.0061,0.0000,0.0000,0.0000,0.0061,0.0000,200,0.2556
0.0060,0.0000,0.0000,0.0000,0.0060,0.0000,200,0.2566
0.0062,0.0000,0.0000,0.0000,0.0061,0.0000,200,0.2608
0.0060,0.0000,0.0000,0.0000,0.0060,0.0000,200,0.2615
0.0060,0.0000,0.0000,0.0000,0.0059,0.0000,200,0.2617
0.0060,0.0000,0.0000,0.0000,0.0059,0.0000,200,0.2626
0.0063,0.0000,0.0000,0.0000,0.0062,0.0000,200,0.2670
0.0072,0.0000,0.0000,0.0000,0.0072,0.0000,200,0.2675
0.0062,0.0000,0.0000,0.0000,0.0061,0.0000,200,0.2686
0.0071,0.0000,0.0000,0.0000,0.0070,0.0000,200,0.2677
0.0065,0.0000,0.0000,0.0000,0.0064,0.0001,200,0.2733
0.0061,0.0000,0.0000,0.0000,0.0060,0.0001,200,0.2748
0.0062,0.0000,0.0000,0.0000,0.0061,0.0001,200,0.2748
0.0062,0.0000,0.0000,0.0000,0.0062,0.0000,200,0.2748
0.0064,0.0000,0.0000,0.0000,0.0063,0.0000,200,0.2798
0.0062,0.0000,0.0000,0.0001,0.0061,0.0000,200,0.2809
0.0062,0.0000,0.0000,0.0000,0.0062,0.0000,200,0.2810
0.0063,0.0000,0.0000,0.0000,0.0063,0.0000,200,0.2810
0.0065,0.0000,0.0000,0.0000,0.0064,0.0001,200,0.2862
0.0062,0.0000,0.0000,0.0000,0.0061,0.0000,200,0.2871
0.0062,0.0000,0.0000,0.0000,0.0061,0.0000,200,0.2872
0.0062,0.0000,0.0000,0.0000,0.0062,0.0000,200,0.2873
0.0066,0.0000,0.0000,0.0000,0.0065,0.0001,200,0.2926
0.0061,0.0000,0.0000,0.0000,0.0060,0.0000,200,0.2934
0.0063,0.0000,0.0000,0.0000,0.0062,0.0000,200,0.2933
0.0060,0.0000,0.0000,0.0000,0.0060,0.0000,200,0.2936
0.0062,0.0000,0.0000,0.0000,0.0061,0.0001,200,0.2995
0.0062,0.0000,0.0000,0.0000,0.0061,0.0001,200,0.2996
0.0065,0.0000,0.0000,0.0000,0.0064,0.0001,200,0.2992
0.0063,0.0000,0.0000,0.0000,0.0063,0.0000,200,0.2995
0.0070,0.0000,0.0000,0.0000,0.0069,0.0001,200,0.3058
0.0071,0.0000,0.0000,0.0000,0.0070,0.0000,200,0.3057
0.0071,0.0000,0.0000,0.0000,0.0070,0.0001,200,0.3057
0.0072,0.0000,0.0000,0.0000,0.0072,0.0000,200,0.3057
0.0066,0.0000,0.0000,0.0000,0.0065,0.0001,200,0.3128
0.0065,0.0000,0.0000,0.0000,0.0064,0.0001,200,0.3129
0.0067,0.0000,0.0000,0.0000,0.0066,0.0000,200,0.3128
0.0101,0.0000,0.0000,0.0000,0.0100,0.0001,200,0.3129
0.0067,0.0000,0.0000,0.0000,0.0066,0.0000,200,0.3194
0.0067,0.0000,0.0000,0.0000,0.0066,0.0000,200,0.3195
0.0066,0.0000,0.0000,0.0000,0.0066,0.0000,200,0.3195
0.0068,0.0000,0.0000,0.0000,0.0067,0.0001,200,0.3230
0.0066,0.0000,0.0000,0.0000,0.0065,0.0001,200,0.3262
0.0068,0.0000,0.0000,0.0000,0.0067,0.0000,200,0.3262
0.0069,0.0000,0.0000,0.0000,0.0068,0.0000,200,0.3262
0.0070,0.0000,0.0000,0.0000,0.0068,0.0001,200,0.3297
0.0066,0.0000,0.0000,0.0000,0.0065,0.0001,200,0.3329
0.0095,0.0000,0.0000,0.0000,0.0094,0.0001,200,0.3331
0.0104,0.0000,0.0000,0.0000,0.0104,0.0000,200,0.3327
0.0078,0.0000,0.0000,0.0000,0.0077,0.0001,200,0.3396
0.0107,0.0000,0.0000,0.0000,0.0106,0.0000,200,0.3367
0.0065,0.0000,0.0000,0.0000,0.0064,0.0001,200,0.3432
0.0078,0.0000,0.0000,0.0000,0.0077,0.0000,200,0.3425
0.0067,0.0000,0.0000,0.0000,0.0066,0.0001,200,0.3473
0.0068,0.0000,0.0000,0.0000,0.0067,0.0000,200,0.3473
0.0072,0.0000,0.0000,0.0000,0.0070,0.0001,200,0.3497
0.0066,0.0000,0.0000,0.0000,0.0066,0.0000,200,0.3503
0.0067,0.0000,0.0000,0.0000,0.0066,0.0001,200,0.3542
0.0094,0.0000,0.0000,0.0000,0.0092,0.0001,200,0.3541
0.0070,0.0000,0.0000,0.0000,0.0069,0.0001,200,0.3569
0.0117,0.0000,0.0000,0.0000,0.0115,0.0001,200,0.3568
0.0094,0.0000,0.0000,0.0000,0.0093,0.0000,200,0.3608
0.0068,0.0000,0.0000,0.0000,0.0067,0.0000,200,0.3635
0.0090,0.0000,0.0000,0.0000,0.0089,0.0001,200,0.3685
0.0077,0.0000,0.0000,0.0000,0.0076,0.0000,200,0.3702
0.0077,0.0000,0.0000,0.0000,0.0077,0.0000,200,0.3702
0.0141,0.0000,0.0000,0.0000,0.0141,0.0000,200,0.3639
0.0075,0.0000,0.0000,0.0000,0.0074,0.0001,200,0.3780
0.0077,0.0000,0.0000,0.0000,0.0076,0.0000,200,0.3780
0.0083,0.0000,0.0000,0.0000,0.0082,0.0000,200,0.3775
0.0103,0.0000,0.0000,0.0000,0.0102,0.0001,200,0.3779
0.0067,0.0000,0.0000,0.0000,0.0067,0.0001,200,0.3858
0.0068,0.0000,0.0000,0.0000,0.0067,0.0000,200,0.3857
0.0113,0.0000,0.0000,0.0000,0.0112,0.0001,200,0.3855
0.0088,0.0000,0.0000,0.0000,0.0087,0.0000,200,0.3882
0.0084,0.0000,0.0000,0.0000,0.0083,0.0001,200,0.3925
0.0086,0.0000,0.0000,0.0000,0.0085,0.0000,200,0.3925
0.0066,0.0000,0.0000,0.0000,0.0065,0.0001,200,0.3968
0.0107,0.0000,0.0000,0.0000,0.0106,0.0000,200,0.3969
0.0067,0.0000,0.0000,0.0000,0.0066,0.0001,200,0.4009
0.0080,0.0000,0.0000,0.0000,0.0079,0.0001,200,0.4011
0.0077,0.0000,0.0000,0.0000,0.0076,0.0001,200,0.4034
0.0067,0.0000,0.0000,0.0000,0.0066,0.0001,200,0.4076
0.0070,0.0000,0.0000,0.0000,0.0069,0.0000,200,0.4076
0.0082,0.0000,0.0000,0.0000,0.0082,0.0000,200,0.4091
0.0064,0.0000,0.0000,0.0000,0.0063,0.0000,200,0.4111
0.0091,0.0000,0.0000,0.0000,0.0090,0.0001,200,0.4146
0.0094,0.0000,0.0000,0.0000,0.0093,0.0001,200,0.4143
0.0067,0.0000,0.0000,0.0000,0.0065,0.0001,200,0.4175
0.0069,0.0000,0.0000,0.0000,0.0069,0.0000,200,0.4173
0.0069,0.0000,0.0000,0.0000,0.0068,0.0001,200,0.4236
0.0071,0.0000,0.0000,0.0000,0.0066,0.0004,200,0.4236
0.0065,0.0000,0.0000,0.0000,0.0064,0.0000,200,0.4243
0.0087,0.0000,0.0000,0.0006,0.0080,0.0001,200,0.4242
0.0066,0.0000,0.0000,0.0000,0.0065,0.0001,200,0.4305
0.0066,0.0000,0.0000,0.0000,0.0066,0.0000,200,0.4307
0.0067,0.0000,0.0000,0.0000,0.0067,0.0000,200,0.4307
0.0063,0.0000,0.0000,0.0000,0.0062,0.0001,200,0.4329
0.0065,0.0000,0.0000,0.0000,0.0064,0.0001,200,0.4375
0.0070,0.0000,0.0000,0.0000,0.0069,0.0000,200,0.4371
0.0068,0.0000,0.0000,0.0000,0.0068,0.0000,200,0.4374
0.0113,0.0000,0.0000,0.0000,0.0103,0.0009,200,0.4391
0.0070,0.0000,0.0000,0.0000,0.0069,0.0000,200,0.4441
0.0073,0.0000,0.0000,0.0000,0.0072,0.0000,200,0.4439
0.0077,0.0000,0.0000,0.0000,0.0076,0.0000,200,0.4442
0.0073,0.0000,0.0000,0.0000,0.0072,0.0001,200,0.4511
0.0074,0.0000,0.0000,0.0000,0.0073,0.0000,200,0.4512
0.0082,0.0000,0.0000,0.0000,0.0071,0.0010,200,0.4505
0.0069,0.0000,0.0000,0.0000,0.0068,0.0000,200,0.4519
0.0073,0.0000,0.0000,0.0000,0.0072,0.0001,200,0.4586
0.0075,0.0000,0.0000,0.0000,0.0075,0.0000,200,0.4585
0.0113,0.0000,0.0000,0.0000,0.0112,0.0001,200,0.4587
0.0112,0.0000,0.0000,0.0000,0.0111,0.0001,200,0.4587
0.0071,0.0000,0.0000,0.0000,0.0070,0.0000,200,0.4660
0.0073,0.0000,0.0000,0.0000,0.0071,0.0002,200,0.4659
0.0076,0.0000,0.0000,0.0000,0.0075,0.0001,200,0.4700
0.0077,0.0000,0.0000,0.0000,0.0076,0.0000,200,0.4700
0.0078,0.0000,0.0000,0.0000,0.0077,0.0000,200,0.4731
0.0078,0.0000,0.0000,0.0000,0.0077,0.0000,200,0.4732
0.0063,0.0000,0.0000,0.0000,0.0062,0.0001,200,0.4775
0.0064,0.0000,0.0000,0.0000,0.0063,0.0000,200,0.4777
0.0064,0.0000,0.0000,0.0000,0.0063,0.0000,200,0.4809
0.0064,0.0000,0.0000,0.0000,0.0063,0.0000,200,0.4810
0.0061,0.0000,0.0000,0.0000,0.0061,0.0000,200,0.4838
0.0061,0.0000,0.0000,0.0000,0.0060,0.0000,200,0.4840
0.0062,0.0000,0.0000,0.0000,0.0061,0.0000,200,0.4873
0.0062,0.0000,0.0000,0.0000,0.0061,0.0000,200,0.4873
0.0063,0.0000,0.0000,0.0000,0.0062,0.0000,200,0.4900
0.0062,0.0000,0.0000,0.0000,0.0061,0.0000,200,0.4901
0.0064,0.0000,0.0000,0.0000,0.0063,0.0001,200,0.4936
0.0064,0.0000,0.0000,0.0000,0.0063,0.0001,200,0.4936
0.0064,0.0000,0.0000,0.0000,0.0063,0.0001,200,0.4963
0.0065,0.0000,0.0000,0.0000,0.0064,0.0000,200,0.4963
0.0065,0.0000,0.0000,0.0000,0.0064,0.0001,200,0.4999
0.0066,0.0000,0.0000,0.0000,0.0065,0.0000,200,0.5000
0.0075,0.0000,0.0000,0.0000,0.0074,0.0000,200,0.5027
0.0074,0.0000,0.0000,0.0000,0.0074,0.0001,200,0.5028
0.0069,0.0000,0.0000,0.0000,0.0067,0.0001,200,0.5064
0.0067,0.0000,0.0000,0.0000,0.0067,0.0000,200,0.5066
0.0064,0.0000,0.0000,0.0000,0.0063,0.0000,200,0.5102
0.0064,0.0000,0.0000,0.0000,0.0063,0.0000,200,0.5102
0.0063,0.0000,0.0000,0.0000,0.0062,0.0001,200,0.5133
0.0070,0.0000,0.0000,0.0000,0.0069,0.0001,200,0.5133
0.0066,0.0000,0.0000,0.0000,0.0063,0.0001,200,0.5166
0.0069,0.0000,0.0000,0.0000,0.0067,0.0001,200,0.5166
0.0063,0.0000,0.0000,0.0000,0.0062,0.0001,200,0.5196
0.0061,0.0000,0.0000,0.0000,0.0060,0.0000,200,0.5203
0.0065,0.0000,0.0000,0.0000,0.0064,0.0001,200,0.5235
0.0070,0.0000,0.0000,0.0000,0.0070,0.0000,200,0.5233
0.0062,0.0000,0.0000,0.0000,0.0061,0.0000,200,0.5259
0.0062,0.0000,0.0000,0.0000,0.0061,0.0000,200,0.5264
0.0063,0.0000,0.0000,0.0000,0.0062,0.0000,200,0.5300
0.0061,0.0000,0.0000,0.0000,0.0060,0.0000,200,0.5303
0.0062,0.0000,0.0000,0.0000,0.0061,0.0001,200,0.5321
0.0061,0.0000,0.0000,0.0000,0.0061,0.0000,200,0.5325
0.0062,0.0000,0.0000,0.0000,0.0061,0.0001,200,0.5364
0.0063,0.0000,0.0000,0.0000,0.0063,0.0000,200,0.5363
0.0060,0.0000,0.0000,0.0000,0.0060,0.0000,200,0.5387
0.0064,0.0000,0.0000,0.0000,0.0063,0.0000,200,0.5383
0.0064,0.0000,0.0000,0.0000,0.0063,0.0001,200,0.5425
0.0065,0.0000,0.0000,0.0000,0.0064,0.0000,200,0.5426
0.0064,0.0000,0.0000,0.0000,0.0063,0.0001,200,0.5447
0.0064,0.0000,0.0000,0.0000,0.0063,0.0001,200,0.5447
0.0062,0.0000,0.0000,0.0000,0.0061,0.0000,200,0.5489
0.0061,0.0000,0.0000,0.0000,0.0060,0.0000,200,0.5491
0.0060,0.0000,0.0000,0.0000,0.0060,0.0000,200,0.5512
0.0063,0.0000,0.0000,0.0000,0.0062,0.0000,200,0.5511
0.0061,0.0000,0.0000,0.0000,0.0060,0.0000,200,0.5551
0.0061,0.0000,0.0000,0.0000,0.0060,0.0000,200,0.5552
0.0061,0.0000,0.0000,0.0000,0.0060,0.0000,200,0.5574
0.0066,0.0000,0.0000,0.0000,0.0065,0.0000,200,0.5572
0.0061,0.0000,0.0000,0.0000,0.0060,0.0000,200,0.5612
0.0061,0.0000,0.0000,0.0000,0.0061,0.0000,200,0.5612
0.0062,0.0000,0.0000,0.0000,0.0061,0.0001,200,0.5635
0.0061,0.0000,0.0000,0.0000,0.0060,0.0000,200,0.5638
0.0060,0.0000,0.0000,0.0000,0.0059,0.0000,200,0.5674
0.0060,0.0000,0.0000,0.0000,0.0060,0.0000,200,0.5674
0.0061,0.0000,0.0000,0.0000,0.0060,0.0000,200,0.5697
0.0061,0.0000,0.0000,0.0000,0.0060,0.0000,200,0.5699
0.0062,0.0000,0.0000,0.0000,0.0061,0.0000,200,0.5734
0.0061,0.0000,0.0000,0.0000,0.0061,0.0000,200,0.5734
0.0061,0.0000,0.0000,0.0000,0.0060,0.0000,200,0.5760
0.0064,0.0000,0.0000,0.0000,0.0063,0.0000,200,0.5758
0.0061,0.0000,0.0000,0.0000,0.0061,0.0000,200,0.5795
0.0063,0.0000,0.0000,0.0000,0.0063,0.0000,200,0.5795
0.0066,0.0000,0.0000,0.0000,0.0065,0.0000,200,0.5821
0.0065,0.0000,0.0000,0.0000,0.0064,0.0000,200,0.5822
0.0063,0.0000,0.0000,0.0000,0.0062,0.0001,200,0.5857
0.0066,0.0000,0.0000,0.0000,0.0066,0.0000,200,0.5859
0.0062,0.0000,0.0000,0.0000,0.0062,0.0000,200,0.5887
0.0063,0.0000,0.0000,0.0000,0.0062,0.0000,200,0.5887
0.0062,0.0000,0.0000,0.0000,0.0061,0.0000,200,0.5920
0.0061,0.0000,0.0000,0.0000,0.0060,0.0000,200,0.5925
0.0060,0.0000,0.0000,0.0000,0.0060,0.0001,200,0.5949
0.0065,0.0000,0.0000,0.0000,0.0064,0.0001,200,0.5949
0.0061,0.0000,0.0000,0.0000,0.0060,0.0000,200,0.5987
0.0065,0.0000,0.0000,0.0000,0.0065,0.0000,200,0.5982
0.0063,0.0000,0.0000,0.0000,0.0062,0.0001,200,0.6010
0.0060,0.0000,0.0000,0.0000,0.0060,0.0000,200,0.6015
0.0063,0.0000,0.0000,0.0000,0.0062,0.0001,200,0.6048
0.0064,0.0000,0.0000,0.0000,0.0063,0.0000,200,0.6048
0.0066,0.0000,0.0000,0.0000,0.0065,0.0001,200,0.6073
0.0072,0.0000,0.0000,0.0000,0.0071,0.0000,200,0.6075
0.0064,0.0000,0.0000,0.0000,0.0063,0.0001,200,0.6111
0.0065,0.0000,0.0000,0.0000,0.0064,0.0000,200,0.6112
0.0064,0.0000,0.0000,0.0000,0.0063,0.0001,200,0.6147
0.0073,0.0000,0.0000,0.0000,0.0073,0.0000,200,0.6139
0.0065,0.0000,0.0000,0.0000,0.0064,0.0001,200,0.6176
0.0075,0.0000,0.0000,0.0000,0.0074,0.0000,200,0.6175
0.0060,0.0000,0.0000,0.0000,0.0060,0.0000,200,0.6213
0.0062,0.0000,0.0000,0.0000,0.0062,0.0000,200,0.6211
0.0070,0.0000,0.0000,0.0000,0.0069,0.0001,200,0.6241
0.0063,0.0000,0.0000,0.0000,0.0062,0.0000,200,0.6249
0.0060,0.0000,0.0000,0.0000,0.0059,0.0000,200,0.6273
0.0064,0.0000,0.0000,0.0000,0.0063,0.0000,200,0.6273
0.0065,0.0000,0.0000,0.0000,0.0064,0.0001,200,0.6312
0.0066,0.0000,0.0000,0.0000,0.0066,0.0000,200,0.6311
0.0061,0.0000,0.0000,0.0000,0.0060,0.0000,200,0.6333
0.0060,0.0000,0.0000,0.0000,0.0059,0.0000,200,0.6337
0.0063,0.0000,0.0000,0.0000,0.0062,0.0001,200,0.6378
0.0064,0.0000,0.0000,0.0000,0.0063,0.0001,200,0.6377
0.0062,0.0000,0.0000,0.0000,0.0061,0.0001,200,0.6394
0.0061,0.0000,0.0000,0.0000,0.0060,0.0000,200,0.6397
0.0066,0.0000,0.0000,0.0000,0.0065,0.0000,200,0.6441
0.0066,0.0000,0.0000,0.0000,0.0065,0.0000,200,0.6441
0.0072,0.0000,0.0000,0.0000,0.0071,0.0000,200,0.6456
0.0070,0.0000,0.0000,0.0000,0.0070,0.0000,200,0.6458
0.0064,0.0000,0.0000,0.0000,0.0064,0.0000,200,0.6507
0.0077,0.0000,0.0000,0.0000,0.0076,0.0000,200,0.6507
0.0060,0.0000,0.0000,0.0000,0.0060,0.0000,200,0.6528
0.0063,0.0000,0.0000,0.0000,0.0062,0.0000,200,0.6528
0.0061,0.0000,0.0000,0.0000,0.0060,0.0001,200,0.6571
0.0062,0.0000,0.0000,0.0000,0.0062,0.0000,200,0.6583
0.0062,0.0000,0.0000,0.0000,0.0061,0.0000,200,0.6588
0.0061,0.0000,0.0000,0.0000,0.0060,0.0000,200,0.6591
0.0061,0.0000,0.0000,0.0000,0.0060,0.0000,200,0.6633
0.0062,0.0000,0.0000,0.0000,0.0061,0.0000,200,0.6645
0.0061,0.0000,0.0000,0.0000,0.0061,0.0000,200,0.6650
0.0064,0.0000,0.0000,0.0000,0.0063,0.0000,200,0.6652
0.0061,0.0000,0.0000,0.0000,0.0060,0.0001,200,0.6694
0.0062,0.0000,0.0000,0.0000,0.0062,0.0000,200,0.6711
0.0067,0.0000,0.0000,0.0000,0.0066,0.0000,200,0.6707
0.0072,0.0000,0.0000,0.0000,0.0071,0.0001,200,0.6715
0.0061,0.0000,0.0000,0.0000,0.0060,0.0001,200,0.6755
0.0065,0.0000,0.0000,0.0000,0.0064,0.0001,200,0.6774
0.0065,0.0000,0.0000,0.0001,0.0064,0.0000,200,0.6774
0.0063,0.0000,0.0000,0.0000,0.0062,0.0001,200,0.6787
0.0062,0.0000,0.0000,0.0000,0.0061,0.0000,200,0.6816
0.0061,0.0000,0.0000,0.0000,0.0060,0.0000,200,0.6839
0.0066,0.0000,0.0000,0.0000,0.0062,0.0003,200,0.6839
0.0061,0.0000,0.0000,0.0000,0.0060,0.0000,200,0.6850
0.0064,0.0000,0.0000,0.0000,0.0063,0.0000,200,0.6878
0.0064,0.0000,0.0000,0.0000,0.0063,0.0000,200,0.6900
0.0065,0.0000,0.0000,0.0000,0.0064,0.0000,200,0.6905
0.0061,0.0000,0.0000,0.0000,0.0061,0.0000,200,0.6911
0.0061,0.0000,0.0000,0.0000,0.0061,0.0000,200,0.6941
0.0067,0.0000,0.0000,0.0000,0.0066,0.0001,200,0.6963
0.0062,0.0000,0.0000,0.0000,0.0061,0.0000,200,0.6969
0.0060,0.0000,0.0000,0.0000,0.0059,0.0000,200,0.6972
0.0062,0.0000,0.0000,0.0000,0.0062,0.0000,200,0.7003
0.0062,0.0000,0.0000,0.0000,0.0061,0.0001,200,0.7031
0.0064,0.0000,0.0000,0.0000,0.0063,0.0000,200,0.7030
0.0063,0.0000,0.0000,0.0000,0.0063,0.0000,200,0.7032
0.0063,0.0000,0.0000,0.0000,0.0062,0.0001,200,0.7065
0.0069,0.0000,0.0000,0.0000,0.0068,0.0001,200,0.7095
0.0071,0.0000,0.0000,0.0000,0.0070,0.0000,200,0.7093
0.0070,0.0000,0.0000,0.0000,0.0069,0.0001,200,0.7094
0.0062,0.0000,0.0000,0.0000,0.0061,0.0000,200,0.7128
0.0061,0.0000,0.0000,0.0000,0.0060,0.0000,200,0.7164
0.0062,0.0000,0.0000,0.0000,0.0061,0.0000,200,0.7164
0.0062,0.0000,0.0000,0.0000,0.0061,0.0000,200,0.7164
0.0061,0.0000,0.0000,0.0000,0.0060,0.0000,200,0.7190
0.0062,0.0000,0.0000,0.0000,0.0062,0.0000,200,0.7226
0.0062,0.0000,0.0000,0.0000,0.0061,0.0000,200,0.7226
0.0063,0.0000,0.0000,0.0000,0.0062,0.0000,200,0.7225
0.0062,0.0000,0.0000,0.0000,0.0061,0.0001,200,0.7251
0.0067,0.0000,0.0000,0.0000,0.0066,0.0000,200,0.7289
0.0067,0.0000,0.0000,0.0000,0.0066,0.0000,200,0.7289
0.0068,0.0000,0.0000,0.0000,0.0067,0.0000,200,0.7289
0.0062,0.0000,0.0000,0.0000,0.0062,0.0000,200,0.7313
0.0073,0.0000,0.0000,0.0000,0.0072,0.0001,200,0.7356
0.0077,0.0000,0.0000,0.0000,0.0076,0.0000,200,0.7356
0.0078,0.0000,0.0000,0.0000,0.0078,0.0000,200,0.7356
0.0060,0.0000,0.0000,0.0000,0.0060,0.0000,200,0.7375
0.0066,0.0000,0.0000,0.0000,0.0065,0.0001,200,0.7429
0.0061,0.0000,0.0000,0.0000,0.0061,0.0000,200,0.7434
0.0066,0.0000,0.0000,0.0000,0.0065,0.0000,200,0.7432
0.0062,0.0000,0.0000,0.0000,0.0062,0.0000,200,0.7436
0.0064,0.0000,0.0000,0.0000,0.0064,0.0001,200,0.7495
0.0065,0.0000,0.0000,0.0000,0.0064,0.0000,200,0.7495
0.0062,0.0000,0.0000,0.0000,0.0061,0.0000,200,0.7498
0.0062,0.0000,0.0000,0.0000,0.0062,0.0000,200,0.7498
0.0064,0.0000,0.0000,0.0000,0.0063,0.0001,200,0.7560
0.0065,0.0000,0.0000,0.0000,0.0064,0.0000,200,0.7560
0.0065,0.0000,0.0000,0.0000,0.0064,0.0000,200,0.7559
0.0070,0.0000,0.0000,0.0000,0.0070,0.0000,200,0.7560
0.0064,0.0000,0.0000,0.0000,0.0063,0.0001,200,0.7625
0.0064,0.0000,0.0000,0.0000,0.0063,0.0000,200,0.7625
0.0065,0.0000,0.0000,0.0000,0.0064,0.0000,200,0.7624
0.0061,0.0000,0.0000,0.0000,0.0061,0.0000,200,0.7630
0.0066,0.0000,0.0000,0.0000,0.0064,0.0001,200,0.7689
0.0066,0.0000,0.0000,0.0000,0.0066,0.0000,200,0.7689
0.0067,0.0000,0.0000,0.0000,0.0066,0.0000,200,0.7688
0.0065,0.0000,0.0000,0.0000,0.0064,0.0000,200,0.7691
0.0067,0.0000,0.0000,0.0000,0.0066,0.0001,200,0.7754
0.0068,0.0000,0.0000,0.0000,0.0067,0.0001,200,0.7756
0.0069,0.0000,0.0000,0.0000,0.0069,0.0000,200,0.7756
0.0071,0.0000,0.0000,0.0000,0.0070,0.0001,200,0.7755
0.0064,0.0000,0.0000,0.0000,0.0063,0.0001,200,0.7825
0.0067,0.0000,0.0000,0.0000,0.0066,0.0000,200,0.7822
0.0065,0.0000,0.0000,0.0000,0.0064,0.0000,200,0.7824
0.0064,0.0000,0.0000,0.0000,0.0064,0.0000,200,0.7827
0.0065,0.0000,0.0000,0.0000,0.0064,0.0000,200,0.7889
0.0064,0.0000,0.0000,0.0000,0.0063,0.0000,200,0.7889
0.0065,0.0000,0.0000,0.0000,0.0064,0.0000,200,0.7889
0.0062,0.0000,0.0000,0.0000,0.0062,0.0000,200,0.7891
0.0065,0.0000,0.0000,0.0000,0.0064,0.0001,200,0.7953
0.0065,0.0000,0.0000,0.0000,0.0064,0.0001,200,0.7953
0.0066,0.0000,0.0000,0.0000,0.0064,0.0001,200,0.7953
0.0066,0.0000,0.0000,0.0000,0.0064,0.0001,200,0.7953
0.0064,0.0000,0.0000,0.0000,0.0063,0.0000,200,0.8018
0.0064,0.0000,0.0000,0.0000,0.0063,0.0001,200,0.8019
0.0064,0.0000,0.0000,0.0000,0.0063,0.0000,200,0.8019
0.0065,0.0000,0.0000,0.0000,0.0064,0.0000,200,0.8019
0.0066,0.0000,0.0000,0.0000,0.0065,0.0001,200,0.8083
0.0066,0.0000,0.0000,0.0000,0.0065,0.0001,200,0.8083
0.0067,0.0000,0.0000,0.0000,0.0067,0.0000,200,0.8083
0.0068,0.0000,0.0000,0.0000,0.0067,0.0000,200,0.8083
0.0065,0.0000,0.0000,0.0000,0.0064,0.0001,200,0.8149
0.0064,0.0000,0.0000,0.0000,0.0063,0.0000,200,0.8151
0.0065,0.0000,0.0000,0.0000,0.0064,0.0001,200,0.8149
0.0065,0.0000,0.0000,0.0000,0.0064,0.0000,200,0.8151
0.0062,0.0000,0.0000,0.0000,0.0061,0.0001,200,0.8215
0.0063,0.0000,0.0000,0.0000,0.0062,0.0000,200,0.8215
0.0064,0.0000,0.0000,0.0000,0.0063,0.0000,200,0.8215
0.0066,0.0000,0.0000,0.0000,0.0065,0.0000,200,0.8215
0.0069,0.0000,0.0000,0.0000,0.0068,0.0001,200,0.8277
0.0069,0.0000,0.0000,0.0000,0.0068,0.0001,200,0.8277
0.0070,0.0000,0.0000,0.0000,0.0070,0.0000,200,0.8281
0.0074,0.0000,0.0000,0.0000,0.0073,0.0000,200,0.8279
0.0076,0.0000,0.0000,0.0000,0.0076,0.0001,200,0.8346
0.0076,0.0000,0.0000,0.0000,0.0076,0.0000,200,0.8346
0.0087,0.0000,0.0000,0.0000,0.0086,0.0000,200,0.8352
0.0089,0.0000,0.0000,0.0000,0.0089,0.0000,200,0.8352
0.0069,0.0000,0.0000,0.0000,0.0068,0.0001,200,0.8423
0.0069,0.0000,0.0000,0.0000,0.0068,0.0001,200,0.8423
0.0061,0.0000,0.0000,0.0000,0.0060,0.0000,200,0.8441
0.0098,0.0000,0.0000,0.0000,0.0097,0.0000,200,0.8439
0.0062,0.0000,0.0000,0.0000,0.0061,0.0000,200,0.8492
0.0063,0.0000,0.0000,0.0000,0.0062,0.0000,200,0.8492
0.0062,0.0000,0.0000,0.0000,0.0061,0.0000,200,0.8501
0.0062,0.0000,0.0000,0.0000,0.0061,0.0000,200,0.8537
0.0064,0.0000,0.0000,0.0000,0.0062,0.0002,200,0.8553
0.0064,0.0000,0.0000,0.0000,0.0063,0.0000,200,0.8554
0.0062,0.0000,0.0000,0.0000,0.0062,0.0000,200,0.8563
0.0066,0.0000,0.0000,0.0000,0.0065,0.0001,200,0.8599
0.0063,0.0000,0.0000,0.0000,0.0062,0.0000,200,0.8617
0.0064,0.0000,0.0000,0.0000,0.0064,0.0000,200,0.8618
0.0063,0.0000,0.0000,0.0000,0.0062,0.0000,200,0.8625
0.0065,0.0000,0.0000,0.0000,0.0063,0.0001,200,0.8665
0.0062,0.0000,0.0000,0.0000,0.0062,0.0000,200,0.8680
0.0063,0.0000,0.0000,0.0000,0.0062,0.0000,200,0.8682
0.0061,0.0000,0.0000,0.0000,0.0061,0.0000,200,0.8688
0.0071,0.0000,0.0000,0.0000,0.0070,0.0001,200,0.8730
0.0063,0.0000,0.0000,0.0000,0.0062,0.0000,200,0.8743
0.0062,0.0000,0.0000,0.0000,0.0062,0.0000,200,0.8745
0.0060,0.0000,0.0000,0.0000,0.0060,0.0000,200,0.8749
0.0071,0.0000,0.0000,0.0000,0.0070,0.0001,200,0.8801
0.0073,0.0000,0.0000,0.0000,0.0072,0.0000,200,0.8805
0.0069,0.0000,0.0000,0.0000,0.0069,0.0000,200,0.8809
0.0072,0.0000,0.0000,0.0000,0.0071,0.0000,200,0.8807
0.0067,0.0000,0.0000,0.0000,0.0066,0.0001,200,0.8872
0.0065,0.0000,0.0000,0.0000,0.0064,0.0001,200,0.8878
0.0064,0.0000,0.0000,0.0000,0.0064,0.0000,200,0.8879
0.0065,0.0000,0.0000,0.0000,0.0065,0.0000,200,0.8879
0.0062,0.0000,0.0000,0.0000,0.0061,0.0000,200,0.8943
0.0062,0.0000,0.0000,0.0000,0.0061,0.0001,200,0.8943
0.0067,0.0000,0.0000,0.0000,0.0065,0.0002,200,0.8939
0.0062,0.0000,0.0000,0.0000,0.0062,0.0000,200,0.8944
0.0063,0.0000,0.0000,0.0000,0.0062,0.0001,200,0.9006
0.0064,0.0000,0.0000,0.0000,0.0063,0.0000,200,0.9006
0.0064,0.0000,0.0000,0.0000,0.0063,0.0000,200,0.9006
0.0065,0.0000,0.0000,0.0000,0.0064,0.0000,200,0.9005
0.0064,0.0000,0.0000,0.0000,0.0063,0.0001,200,0.9070
0.0064,0.0000,0.0000,0.0000,0.0064,0.0000,200,0.9069
0.0064,0.0000,0.0000,0.0000,0.0064,0.0000,200,0.9070
0.0064,0.0000,0.0000,0.0000,0.0064,0.0000,200,0.9070
0.0063,0.0000,0.0000,0.0000,0.0062,0.0000,200,0.9134
0.0063,0.0000,0.0000,0.0000,0.0062,0.0000,200,0.9134
0.0063,0.0000,0.0000,0.0000,0.0062,0.0000,200,0.9133
0.0064,0.0000,0.0000,0.0000,0.0063,0.0000,200,0.9134
0.0064,0.0000,0.0000,0.0000,0.0063,0.0001,200,0.9196
0.0062,0.0000,0.0000,0.0000,0.0062,0.0000,200,0.9198
0.0064,0.0000,0.0000,0.0000,0.0063,0.0001,200,0.9196
0.0067,0.0000,0.0000,0.0000,0.0066,0.0000,200,0.9196
0.0065,0.0000,0.0000,0.0000,0.0064,0.0001,200,0.9260
0.0067,0.0000,0.0000,0.0000,0.0066,0.0000,200,0.9260
0.0065,0.0000,0.0000,0.0000,0.0064,0.0000,200,0.9263
0.0068,0.0000,0.0000,0.0000,0.0067,0.0000,200,0.9260
0.0064,0.0000,0.0000,0.0000,0.0064,0.0000,200,0.9327
0.0066,0.0000,0.0000,0.0000,0.0065,0.0000,200,0.9326
0.0064,0.0000,0.0000,0.0000,0.0064,0.0000,200,0.9328
0.0064,0.0000,0.0000,0.0000,0.0064,0.0000,200,0.9328
0.0064,0.0000,0.0000,0.0000,0.0063,0.0001,200,0.9392
0.0067,0.0000,0.0000,0.0000,0.0067,0.0000,200,0.9392
0.0068,0.0000,0.0000,0.0000,0.0068,0.0000,200,0.9392
0.0070,0.0000,0.0000,0.0000,0.0069,0.0000,200,0.9391
0.0063,0.0000,0.0000,0.0000,0.0062,0.0001,200,0.9460
0.0071,0.0000,0.0000,0.0000,0.0071,0.0001,200,0.9459
0.0076,0.0000,0.0000,0.0000,0.0075,0.0000,200,0.9456
0.0072,0.0000,0.0000,0.0000,0.0072,0.0000,200,0.9461
0.0076,0.0000,0.0000,0.0000,0.0075,0.0000,200,0.9524
0.0068,0.0000,0.0000,0.0000,0.0067,0.0000,200,0.9532
0.0067,0.0000,0.0000,0.0000,0.0066,0.0000,200,0.9533
0.0071,0.0000,0.0000,0.0000,0.0070,0.0000,200,0.9531
0.0063,0.0000,0.0000,0.0000,0.0063,0.0000,200,0.9602
0.0065,0.0000,0.0000,0.0000,0.0064,0.0001,200,0.9600
0.0066,0.0000,0.0000,0.0000,0.0066,0.0000,200,0.9600
0.0066,0.0000,0.0000,0.0000,0.0066,0.0000,200,0.9600
0.0064,0.0000,0.0000,0.0000,0.0063,0.0001,200,0.9666
0.0066,0.0000,0.0000,0.0000,0.0065,0.0000,200,0.9665
0.0066,0.0000,0.0000,0.0000,0.0066,0.0000,200,0.9665
0.0066,0.0000,0.0000,0.0000,0.0066,0.0000,200,0.9666
0.0065,0.0000,0.0000,0.0000,0.0064,0.0001,200,0.9730
0.0064,0.0000,0.0000,0.0000,0.0064,0.0000,200,0.9731
0.0064,0.0000,0.0000,0.0000,0.0063,0.0000,200,0.9731
0.0070,0.0000,0.0000,0.0000,0.0069,0.0000,200,0.9732
0.0065,0.0000,0.0000,0.0000,0.0064,0.0000,200,0.9795
0.0066,0.0000,0.0000,0.0000,0.0065,0.0000,200,0.9795
0.0066,0.0000,0.0000,0.0000,0.0064,0.0002,200,0.9795
0.0060,0.0000,0.0000,0.0000,0.0060,0.0000,200,0.9802
0.0066,0.0000,0.0000,0.0000,0.0065,0.0001,200,0.9860
0.0065,0.0000,0.0000,0.0000,0.0064,0.0000,200,0.9861
0.0066,0.0000,0.0000,0.0000,0.0065,0.0000,200,0.9861
0.0064,0.0000,0.0000,0.0000,0.0064,0.0000,200,0.9863
0.0069,0.0000,0.0000,0.0000,0.0068,0.0001,200,0.9927
0.0071,0.0000,0.0000,0.0000,0.0070,0.0000,200,0.9926
0.0071,0.0000,0.0000,0.0000,0.0070,0.0000,200,0.9926
0.0071,0.0000,0.0000,0.0000,0.0068,0.0003,200,0.9927
0.0066,0.0000,0.0000,0.0000,0.0065,0.0001,200,0.9996
0.0067,0.0000,0.0000,0.0000,0.0066,0.0000,200,0.9996
0.0065,0.0000,0.0000,0.0000,0.0065,0.0000,200,0.9998
0.0067,0.0000,0.0000,0.0000,0.0066,0.0000,200,0.9997
0.0064,0.0000,0.0000,0.0000,0.0063,0.0001,200,1.0063
0.0065,0.0000,0.0000,0.0000,0.0064,0.0001,200,1.0062
0.0065,0.0000,0.0000,0.0000,0.0064,0.0001,200,1.0063
0.0065,0.0000,0.0000,0.0000,0.0063,0.0001,200,1.0063
0.0065,0.0000,0.0000,0.0000,0.0064,0.0000,200,1.0128
0.0065,0.0000,0.0000,0.0000,0.0065,0.0000,200,1.0128
0.0065,0.0000,0.0000,0.0000,0.0064,0.0000,200,1.0128
0.0066,0.0000,0.0000,0.0000,0.0065,0.0001,200,1.0128
0.0062,0.0000,0.0000,0.0000,0.0061,0.0001,200,1.0193
0.0063,0.0000,0.0000,0.0000,0.0063,0.0000,200,1.0193
0.0065,0.0000,0.0000,0.0000,0.0063,0.0001,200,1.0193
0.0065,0.0000,0.0000,0.0000,0.0064,0.0000,200,1.0193
0.0065,0.0000,0.0000,0.0000,0.0064,0.0001,200,1.0258
0.0067,0.0000,0.0000,0.0000,0.0066,0.0001,200,1.0255
0.0066,0.0000,0.0000,0.0000,0.0064,0.0001,200,1.0257
0.0076,0.0000,0.0000,0.0000,0.0075,0.0000,200,1.0258
0.0065,0.0000,0.0000,0.0000,0.0064,0.0000,200,1.0334
0.0077,0.0000,0.0000,0.0000,0.0076,0.0001,200,1.0322
0.0076,0.0000,0.0000,0.0000,0.0075,0.0001,200,1.0323
0.0077,0.0000,0.0000,0.0000,0.0076,0.0001,200,1.0322
0.0066,0.0000,0.0000,0.0000,0.0065,0.0001,200,1.0399
0.0066,0.0000,0.0000,0.0000,0.0065,0.0001,200,1.0399
0.0067,0.0000,0.0000,0.0000,0.0066,0.0000,200,1.0399
0.0066,0.0000,0.0000,0.0000,0.0065,0.0001,200,1.0399
0.0064,0.0000,0.0000,0.0000,0.0063,0.0000,200,1.0465
0.0064,0.0000,0.0000,0.0000,0.0063,0.0000,200,1.0465
0.0063,0.0000,0.0000,0.0000,0.0063,0.0000,200,1.0466
0.0080,0.0000,0.0000,0.0000,0.0079,0.0001,200,1.0466
0.0066,0.0000,0.0000,0.0000,0.0065,0.0001,200,1.0529
0.0065,0.0000,0.0000,0.0000,0.0065,0.0000,200,1.0529
0.0066,0.0000,0.0000,0.0000,0.0065,0.0001,200,1.0529
0.0065,0.0000,0.0000,0.0000,0.0064,0.0000,200,1.0545
0.0068,0.0000,0.0000,0.0000,0.0066,0.0001,200,1.0595
0.0070,0.0000,0.0000,0.0000,0.0069,0.0000,200,1.0595
0.0071,0.0000,0.0000,0.0000,0.0070,0.0000,200,1.0595
0.0062,0.0000,0.0000,0.0000,0.0061,0.0001,200,1.0610
0.0071,0.0000,0.0000,0.0000,0.0071,0.0000,200,1.0664
0.0074,0.0000,0.0000,0.0000,0.0074,0.0000,200,1.0662
0.0072,0.0000,0.0000,0.0000,0.0072,0.0000,200,1.0666
0.0068,0.0000,0.0000,0.0000,0.0067,0.0000,200,1.0672
0.0065,0.0000,0.0000,0.0000,0.0064,0.0001,200,1.0737
0.0062,0.0000,0.0000,0.0000,0.0061,0.0001,200,1.0740
0.0069,0.0000,0.0000,0.0000,0.0068,0.0000,200,1.0736
0.0067,0.0000,0.0000,0.0000,0.0065,0.0002,200,1.0738
0.0070,0.0000,0.0000,0.0000,0.0069,0.0001,200,1.0805
0.0073,0.0000,0.0000,0.0001,0.0069,0.0001,200,1.0802
0.0070,0.0000,0.0000,0.0000,0.0069,0.0001,200,1.0805
0.0074,0.0000,0.0000,0.0001,0.0069,0.0001,200,1.0802
0.0064,0.0000,0.0000,0.0000,0.0063,0.0001,200,1.0876
0.0065,0.0000,0.0000,0.0000,0.0064,0.0000,200,1.0875
0.0065,0.0000,0.0000,0.0000,0.0064,0.0000,200,1.0875
0.0065,0.0000,0.0000,0.0000,0.0065,0.0000,200,1.0875
0.0062,0.0000,0.0000,0.0000,0.0061,0.0001,200,1.0941
0.0063,0.0000,0.0000,0.0000,0.0062,0.0001,200,1.0940
0.0065,0.0000,0.0000,0.0000,0.0065,0.0000,200,1.0940
0.0066,0.0000,0.0000,0.0000,0.0065,0.0000,200,1.0940
0.0065,0.0000,0.0000,0.0000,0.0064,0.0001,200,1.1003
0.0065,0.0000,0.0000,0.0000,0.0064,0.0001,200,1.1003
0.0062,0.0000,0.0000,0.0000,0.0062,0.0000,200,1.1006
0.0063,0.0000,0.0000,0.0000,0.0062,0.0001,200,1.1006
0.0062,0.0000,0.0000,0.0000,0.0062,0.0001,200,1.1068
0.0063,0.0000,0.0000,0.0000,0.0062,0.0000,200,1.1068
0.0063,0.0000,0.0000,0.0000,0.0062,0.0001,200,1.1068
0.0063,0.0000,0.0000,0.0000,0.0063,0.0000,200,1.1068
0.0063,0.0000,0.0000,0.0000,0.0061,0.0000,200,1.1131
0.0062,0.0000,0.0000,0.0000,0.0061,0.0000,200,1.1132
0.0063,0.0000,0.0000,0.0000,0.0063,0.0000,200,1.1131
0.0063,0.0000,0.0000,0.0000,0.0063,0.0000,200,1.1131
0.0062,0.0000,0.0000,0.0000,0.0061,0.0001,200,1.1194
0.0063,0.0000,0.0000,0.0000,0.0062,0.0001,200,1.1193
0.0063,0.0000,0.0000,0.0000,0.0062,0.0001,200,1.1193
0.0063,0.0000,0.0000,0.0000,0.0062,0.0000,200,1.1194
0.0063,0.0000,0.0000,0.0000,0.0062,0.0000,200,1.1256
0.0063,0.0000,0.0000,0.0000,0.0062,0.0001,200,1.1256
0.0063,0.0000,0.0000,0.0000,0.0062,0.0000,200,1.1257
0.0064,0.0000,0.0000,0.0000,0.0063,0.0000,200,1.1256
0.0066,0.0000,0.0000,0.0000,0.0064,0.0001,200,1.1319
0.0065,0.0000,0.0000,0.0000,0.0064,0.0000,200,1.1320
0.0066,0.0000,0.0000,0.0000,0.0065,0.0000,200,1.1319
0.0067,0.0000,0.0000,0.0000,0.0066,0.0000,200,1.1319
0.0063,0.0000,0.0000,0.0000,0.0062,0.0000,200,1.1385
0.0063,0.0000,0.0000,0.0000,0.0062,0.0000,200,1.1385
0.0069,0.0000,0.0000,0.0000,0.0068,0.0001,200,1.1386
0.0070,0.0000,0.0000,0.0000,0.0069,0.0000,200,1.1385
0.0063,0.0000,0.0000,0.0000,0.0062,0.0001,200,1.1448
0.0064,0.0000,0.0000,0.0000,0.0063,0.0000,200,1.1448
0.0062,0.0000,0.0000,0.0000,0.0061,0.0001,200,1.1455
0.0065,0.0000,0.0000,0.0000,0.0064,0.0000,200,1.1455
0.0064,0.0000,0.0000,0.0000,0.0063,0.0000,200,1.1512
0.0065,0.0000,0.0000,0.0000,0.0064,0.0000,200,1.1511
0.0061,0.0000,0.0000,0.0000,0.0061,0.0000,200,1.1517
0.0062,0.0000,0.0000,0.0000,0.0061,0.0000,200,1.1519
0.0064,0.0000,0.0000,0.0000,0.0063,0.0001,200,1.1576
0.0064,0.0000,0.0000,0.0000,0.0064,0.0000,200,1.1576
0.0061,0.0000,0.0000,0.0000,0.0061,0.0000,200,1.1581
0.0065,0.0000,0.0000,0.0000,0.0065,0.0000,200,1.1578
0.0063,0.0000,0.0000,0.0000,0.0062,0.0001,200,1.1642
0.0065,0.0000,0.0000,0.0000,0.0064,0.0000,200,1.1640
0.0065,0.0000,0.0000,0.0000,0.0065,0.0000,200,1.1640
0.0063,0.0000,0.0000,0.0000,0.0063,0.0000,200,1.1643
0.0065,0.0000,0.0000,0.0000,0.0064,0.0000,200,1.1706
0.0065,0.0000,0.0000,0.0000,0.0064,0.0001,200,1.1706
0.0065,0.0000,0.0000,0.0000,0.0065,0.0000,200,1.1706
0.0065,0.0000,0.0000,0.0000,0.0065,0.0000,200,1.1706
0.0063,0.0000,0.0000,0.0000,0.0062,0.0001,200,1.1771
0.0079,0.0000,0.0000,0.0000,0.0077,0.0002,200,1.1771
0.0080,0.0000,0.0000,0.0000,0.0080,0.0000,200,1.1771
0.0080,0.0000,0.0000,0.0000,0.0080,0.0000,200,1.1771
0.0071,0.0000,0.0000,0.0000,0.0070,0.0001,200,1.1835
0.0066,0.0000,0.0000,0.0000,0.0065,0.0000,200,1.1850
0.0065,0.0000,0.0000,0.0000,0.0064,0.0000,200,1.1852
0.0065,0.0000,0.0000,0.0001,0.0064,0.0000,200,1.1851
0.0064,0.0000,0.0000,0.0000,0.0063,0.0001,200,1.1905
0.0068,0.0000,0.0000,0.0000,0.0068,0.0000,200,1.1917
0.0069,0.0000,0.0000,0.0000,0.0069,0.0000,200,1.1916
0.0068,0.0000,0.0000,0.0000,0.0067,0.0000,200,1.1917
0.0068,0.0000,0.0000,0.0000,0.0067,0.0001,200,1.1969
0.0064,0.0000,0.0000,0.0000,0.0062,0.0001,200,1.1985
0.0064,0.0000,0.0000,0.0000,0.0061,0.0002,200,1.1985
0.0065,0.0000,0.0000,0.0000,0.0064,0.0000,200,1.1985
0.0065,0.0000,0.0000,0.0000,0.0064,0.0001,200,1.2037
0.0064,0.0000,0.0000,0.0000,0.0063,0.0000,200,1.2049
0.0064,0.0000,0.0000,0.0000,0.0063,0.0000,200,1.2049
0.0066,0.0000,0.0000,0.0000,0.0065,0.0000,200,1.2049
0.0072,0.0000,0.0000,0.0000,0.0071,0.0001,200,1.2102
0.0062,0.0000,0.0000,0.0000,0.0061,0.0000,200,1.2113
0.0061,0.0000,0.0000,0.0000,0.0060,0.0000,200,1.2115
0.0066,0.0000,0.0000,0.0000,0.0064,0.0001,200,1.2113
0.0064,0.0000,0.0000,0.0000,0.0063,0.0001,200,1.2175
0.0065,0.0000,0.0000,0.0000,0.0064,0.0000,200,1.2174
0.0065,0.0000,0.0000,0.0000,0.0065,0.0000,200,1.2174
0.0062,0.0000,0.0000,0.0000,0.0061,0.0000,200,1.2179
0.0065,0.0000,0.0000,0.0000,0.0065,0.0001,200,1.2240
0.0064,0.0000,0.0000,0.0000,0.0064,0.0000,200,1.2241
0.0066,0.0000,0.0000,0.0000,0.0066,0.0000,200,1.2239
0.0066,0.0000,0.0000,0.0000,0.0066,0.0000,200,1.2239
0.0065,0.0000,0.0000,0.0000,0.0064,0.0001,200,1.2305
0.0066,0.0000,0.0000,0.0000,0.0065,0.0000,200,1.2305
0.0067,0.0000,0.0000,0.0000,0.0066,0.0000,200,1.2305
0.0067,0.0000,0.0000,0.0000,0.0066,0.0000,200,1.2305
0.0064,0.0000,0.0000,0.0000,0.0063,0.0000,200,1.2370
0.0063,0.0000,0.0000,0.0000,0.0062,0.0000,200,1.2371
0.0062,0.0000,0.0000,0.0000,0.0061,0.0001,200,1.2372
0.0073,0.0000,0.0000,0.0000,0.0072,0.0001,200,1.2372
0.0064,0.0000,0.0000,0.0000,0.0063,0.0000,200,1.2434
0.0064,0.0000,0.0000,0.0000,0.0063,0.0000,200,1.2434
0.0064,0.0000,0.0000,0.0000,0.0063,0.0000,200,1.2434
0.0061,0.0000,0.0000,0.0000,0.0060,0.0000,200,1.2445
0.0063,0.0000,0.0000,0.0000,0.0062,0.0001,200,1.2498
0.0066,0.0000,0.0000,0.0000,0.0065,0.0000,200,1.2497
0.0062,0.0000,0.0000,0.0000,0.0062,0.0000,200,1.2505
0.0077,0.0000,0.0000,0.0000,0.0077,0.0000,200,1.2497
0.0065,0.0000,0.0000,0.0000,0.0064,0.0001,200,1.2561
0.0063,0.0000,0.0000,0.0000,0.0062,0.0001,200,1.2563
0.0060,0.0000,0.0000,0.0000,0.0060,0.0000,200,1.2568
0.0063,0.0000,0.0000,0.0000,0.0063,0.0001,200,1.2575
0.0062,0.0000,0.0000,0.0000,0.0061,0.0001,200,1.2626
0.0062,0.0000,0.0000,0.0000,0.0061,0.0000,200,1.2627
0.0062,0.0000,0.0000,0.0000,0.0061,0.0000,200,1.2628
0.0062,0.0000,0.0000,0.0000,0.0061,0.0000,200,1.2638
0.0065,0.0000,0.0000,0.0000,0.0064,0.0001,200,1.2689
0.0064,0.0000,0.0000,0.0000,0.0063,0.0001,200,1.2689
0.0064,0.0000,0.0000,0.0000,0.0063,0.0000,200,1.2690
0.0067,0.0000,0.0000,0.0000,0.0066,0.0000,200,1.2700
0.0063,0.0000,0.0000,0.0000,0.0062,0.0000,200,1.2753
0.0063,0.0000,0.0000,0.0000,0.0062,0.0000,200,1.2753
0.0062,0.0000,0.0000,0.0000,0.0062,0.0000,200,1.2754
0.0063,0.0000,0.0000,0.0000,0.0063,0.0001,200,1.2767
0.0065,0.0000,0.0000,0.0000,0.0064,0.0000,200,1.2816
0.0065,0.0000,0.0000,0.0000,0.0064,0.0001,200,1.2816
0.0066,0.0000,0.0000,0.0000,0.0065,0.0001,200,1.2816
0.0060,0.0000,0.0000,0.0000,0.0059,0.0000,200,1.2831
0.0064,0.0000,0.0000,0.0000,0.0063,0.0001,200,1.2881
0.0065,0.0000,0.0000,0.0000,0.0064,0.0000,200,1.2881
0.0065,0.0000,0.0000,0.0000,0.0065,0.0000,200,1.2882
0.0080,0.0000,0.0000,0.0000,0.0079,0.0001,200,1.2891
0.0062,0.0000,0.0000,0.0000,0.0061,0.0000,200,1.2945
0.0060,0.0000,0.0000,0.0000,0.0060,0.0000,200,1.2947
0.0061,0.0000,0.0000,0.0000,0.0061,0.0000,200,1.2946
0.0062,0.0000,0.0000,0.0000,0.0061,0.0000,200,1.2970
0.0068,0.0000,0.0000,0.0000,0.0067,0.0000,200,1.3008
0.0069,0.0000,0.0000,0.0000,0.0068,0.0001,200,1.3007
0.0068,0.0000,0.0000,0.0000,0.0067,0.0000,200,1.3008
0.0066,0.0000,0.0000,0.0000,0.0065,0.0001,200,1.3033
0.0062,0.0000,0.0000,0.0000,0.0061,0.0000,200,1.3076
0.0063,0.0000,0.0000,0.0000,0.0062,0.0000,200,1.3076
0.0067,0.0000,0.0000,0.0000,0.0067,0.0000,200,1.3076
0.0060,0.0000,0.0000,0.0000,0.0060,0.0000,200,1.3099
0.0062,0.0000,0.0000,0.0000,0.0061,0.0000,200,1.3138
0.0062,0.0000,0.0000,0.0000,0.0061,0.0000,200,1.3138
0.0060,0.0000,0.0000,0.0000,0.0059,0.0000,200,1.3143
0.0063,0.0000,0.0000,0.0000,0.0062,0.0000,200,1.3159
0.0062,0.0000,0.0000,0.0000,0.0062,0.0000,200,1.3200
0.0063,0.0000,0.0000,0.0000,0.0062,0.0000,200,1.3200
0.0073,0.0000,0.0000,0.0000,0.0072,0.0000,200,1.3203
0.0061,0.0000,0.0000,0.0000,0.0060,0.0000,200,1.3222
0.0061,0.0000,0.0000,0.0000,0.0060,0.0000,200,1.3263
0.0062,0.0000,0.0000,0.0000,0.0061,0.0000,200,1.3263
0.0062,0.0000,0.0000,0.0000,0.0061,0.0000,200,1.3276
0.0061,0.0000,0.0000,0.0000,0.0061,0.0000,200,1.3283
0.0064,0.0000,0.0000,0.0000,0.0063,0.0001,200,1.3324
0.0063,0.0000,0.0000,0.0000,0.0062,0.0000,200,1.3325
0.0062,0.0000,0.0000,0.0000,0.0062,0.0000,200,1.3338
0.0064,0.0000,0.0000,0.0000,0.0063,0.0000,200,1.3345
0.0065,0.0000,0.0000,0.0000,0.0064,0.0000,200,1.3387
0.0065,0.0000,0.0000,0.0000,0.0065,0.0000,200,1.3388
0.0076,0.0000,0.0000,0.0000,0.0075,0.0001,200,1.3409
0.0084,0.0000,0.0000,0.0000,0.0084,0.0001,200,1.3401
0.0064,0.0000,0.0000,0.0000,0.0063,0.0000,200,1.3453
0.0063,0.0000,0.0000,0.0000,0.0062,0.0000,200,1.3453
0.0067,0.0000,0.0000,0.0000,0.0066,0.0001,200,1.3485
0.0067,0.0000,0.0000,0.0000,0.0066,0.0001,200,1.3485
0.0063,0.0000,0.0000,0.0000,0.0062,0.0000,200,1.3516
0.0063,0.0000,0.0000,0.0000,0.0063,0.0000,200,1.3516
0.0063,0.0000,0.0000,0.0000,0.0062,0.0000,200,1.3553
0.0063,0.0000,0.0000,0.0000,0.0062,0.0000,200,1.3553
0.0063,0.0000,0.0000,0.0000,0.0062,0.0001,200,1.3579
0.0063,0.0000,0.0000,0.0000,0.0062,0.0000,200,1.3580
0.0062,0.0000,0.0000,0.0000,0.0061,0.0001,200,1.3616
0.0062,0.0000,0.0000,0.0000,0.0061,0.0000,200,1.3615
0.0062,0.0000,0.0000,0.0000,0.0061,0.0000,200,1.3642
0.0073,0.0000,0.0000,0.0000,0.0072,0.0001,200,1.3643
0.0063,0.0000,0.0000,0.0000,0.0062,0.0001,200,1.3677
0.0064,0.0000,0.0000,0.0000,0.0064,0.0000,200,1.3677
0.0064,0.0000,0.0000,0.0000,0.0063,0.0000,200,1.3704
0.0061,0.0000,0.0000,0.0000,0.0061,0.0000,200,1.3715
0.0060,0.0000,0.0000,0.0000,0.0060,0.0000,200,1.3742
0.0063,0.0000,0.0000,0.0000,0.0062,0.0000,200,1.3740
0.0068,0.0000,0.0000,0.0000,0.0067,0.0000,200,1.3768
0.0062,0.0000,0.0000,0.0000,0.0061,0.0000,200,1.3777
0.0064,0.0000,0.0000,0.0000,0.0063,0.0001,200,1.3802
0.0068,0.0000,0.0000,0.0000,0.0067,0.0000,200,1.3803
0.0062,0.0000,0.0000,0.0000,0.0061,0.0000,200,1.3836
0.0063,0.0000,0.0000,0.0000,0.0062,0.0000,200,1.3839
0.0065,0.0000,0.0000,0.0000,0.0064,0.0001,200,1.3866
0.0061,0.0000,0.0000,0.0000,0.0061,0.0000,200,1.3871
0.0064,0.0000,0.0000,0.0000,0.0064,0.0001,200,1.3897
0.0062,0.0000,0.0000,0.0000,0.0062,0.0000,200,1.3901
0.0064,0.0000,0.0000,0.0000,0.0063,0.0001,200,1.3932
0.0065,0.0000,0.0000,0.0000,0.0064,0.0000,200,1.3932
0.0064,0.0000,0.0000,0.0000,0.0063,0.0000,200,1.3963
0.0065,0.0000,0.0000,0.0000,0.0065,0.0000,200,1.3962
0.0063,0.0000,0.0000,0.0000,0.0062,0.0001,200,1.3996
0.0070,0.0000,0.0000,0.0000,0.0069,0.0000,200,1.3997
0.0061,0.0000,0.0000,0.0000,0.0061,0.0000,200,1.4027
0.0063,0.0000,0.0000,0.0000,0.0062,0.0000,200,1.4027
0.0068,0.0000,0.0000,0.0000,0.0067,0.0001,200,1.4067
0.0077,0.0000,0.0000,0.0000,0.0077,0.0000,200,1.4058
0.0061,0.0000,0.0000,0.0000,0.0060,0.0000,200,1.4090
0.0064,0.0000,0.0000,0.0000,0.0063,0.0000,200,1.4089
0.0064,0.0000,0.0000,0.0000,0.0063,0.0001,200,1.4135
0.0064,0.0000,0.0000,0.0000,0.0063,0.0000,200,1.4136
0.0062,0.0000,0.0000,0.0000,0.0061,0.0000,200,1.4153
0.0065,0.0000,0.0000,0.0000,0.0064,0.0000,200,1.4151
0.0063,0.0000,0.0000,0.0000,0.0062,0.0000,200,1.4200
0.0063,0.0000,0.0000,0.0000,0.0062,0.0000,200,1.4199
0.0063,0.0000,0.0000,0.0000,0.0062,0.0000,200,1.4215
0.0063,0.0000,0.0000,0.0000,0.0062,0.0000,200,1.4215
0.0063,0.0000,0.0000,0.0000,0.0062,0.0001,200,1.4262
0.0063,0.0000,0.0000,0.0000,0.0062,0.0000,200,1.4263
0.0062,0.0000,0.0000,0.0000,0.0061,0.0000,200,1.4277
0.0061,0.0000,0.0000,0.0000,0.0061,0.0000,200,1.4278
0.0063,0.0000,0.0000,0.0000,0.0062,0.0000,200,1.4325
0.0063,0.0000,0.0000,0.0000,0.0062,0.0000,200,1.4325
0.0062,0.0000,0.0000,0.0000,0.0061,0.0000,200,1.4339
0.0062,0.0000,0.0000,0.0000,0.0061,0.0000,200,1.4339
0.0065,0.0000,0.0000,0.0000,0.0064,0.0000,200,1.4388
0.0066,0.0000,0.0000,0.0000,0.0063,0.0002,200,1.4388
0.0061,0.0000,0.0000,0.0000,0.0060,0.0000,200,1.4401
0.0061,0.0000,0.0000,0.0000,0.0061,0.0000,200,1.4401
0.0064,0.0000,0.0000,0.0000,0.0063,0.0000,200,1.4454
0.0065,0.0000,0.0000,0.0000,0.0064,0.0001,200,1.4453
0.0063,0.0000,0.0000,0.0000,0.0063,0.0000,200,1.4462
0.0064,0.0000,0.0000,0.0000,0.0063,0.0000,200,1.4462
0.0065,0.0000,0.0000,0.0000,0.0064,0.0001,200,1.4517
0.0066,0.0000,0.0000,0.0000,0.0065,0.0000,200,1.4517
0.0069,0.0000,0.0000,0.0000,0.0068,0.0001,200,1.4526
0.0094,0.0000,0.0000,0.0000,0.0092,0.0002,200,1.4526
0.0065,0.0000,0.0000,0.0000,0.0064,0.0000,200,1.4582
0.0071,0.0000,0.0000,0.0000,0.0071,0.0001,200,1.4583
0.0066,0.0000,0.0000,0.0000,0.0066,0.0000,200,1.4595
0.0072,0.0000,0.0000,0.0002,0.0070,0.0001,200,1.4620
0.0064,0.0000,0.0000,0.0000,0.0064,0.0000,200,1.4648
0.0078,0.0000,0.0000,0.0000,0.0078,0.0000,200,1.4654
0.0073,0.0000,0.0000,0.0000,0.0073,0.0000,200,1.4661
0.0066,0.0000,0.0000,0.0000,0.0065,0.0001,200,1.4693
0.0080,0.0000,0.0000,0.0000,0.0079,0.0001,200,1.4712
0.0075,0.0000,0.0000,0.0000,0.0074,0.0001,200,1.4734
0.0091,0.0000,0.0000,0.0000,0.0089,0.0001,200,1.4733
0.0076,0.0000,0.0000,0.0000,0.0075,0.0001,200,1.4759
0.0070,0.0000,0.0000,0.0000,0.0069,0.0001,200,1.4809
0.0088,0.0000,0.0000,0.0000,0.0088,0.0000,200,1.4792
0.0072,0.0000,0.0000,0.0000,0.0071,0.0000,200,1.4824
0.0063,0.0000,0.0000,0.0000,0.0062,0.0000,200,1.4834
0.0073,0.0000,0.0000,0.0000,0.0072,0.0000,200,1.4881
0.0074,0.0000,0.0000,0.0000,0.0073,0.0001,200,1.4879
0.0063,0.0000,0.0000,0.0000,0.0061,0.0001,200,1.4896
0.0062,0.0000,0.0000,0.0000,0.0061,0.0000,200,1.4897
0.0067,0.0000,0.0000,0.0000,0.0066,0.0001,200,1.4953
0.0071,0.0000,0.0000,0.0000,0.0070,0.0000,200,1.4953
0.0067,0.0000,0.0000,0.0000,0.0066,0.0000,200,1.4959
0.0067,0.0000,0.0000,0.0000,0.0067,0.0000,200,1.4959
0.0070,0.0000,0.0000,0.0000,0.0068,0.0001,200,1.5020
0.0065,0.0000,0.0000,0.0000,0.0065,0.0000,200,1.5026
0.0066,0.0000,0.0000,0.0000,0.0066,0.0000,200,1.5025
0.0068,0.0000,0.0000,0.0000,0.0068,0.0000,200,1.5024
0.0063,0.0000,0.0000,0.0000,0.0062,0.0001,200,1.5092
0.0064,0.0000,0.0000,0.0000,0.0064,0.0000,200,1.5091
0.0068,0.0000,0.0000,0.0000,0.0066,0.0002,200,1.5092
0.0072,0.0000,0.0000,0.0000,0.0072,0.0000,200,1.5090
0.0067,0.0000,0.0000,0.0000,0.0066,0.0001,200,1.5155
0.0070,0.0000,0.0000,0.0000,0.0070,0.0000,200,1.5155
0.0095,0.0000,0.0000,0.0000,0.0094,0.0001,200,1.5162
0.0122,0.0000,0.0000,0.0000,0.0121,0.0001,200,1.5160
0.0089,0.0000,0.0000,0.0004,0.0084,0.0001,200,1.5226
0.0098,0.0000,0.0000,0.0000,0.0097,0.0000,200,1.5222
0.0088,0.0000,0.0000,0.0000,0.0087,0.0001,200,1.5257
0.0067,0.0000,0.0000,0.0000,0.0066,0.0000,200,1.5282
0.0071,0.0000,0.0000,0.0000,0.0070,0.0001,200,1.5314
0.0081,0.0000,0.0000,0.0000,0.0080,0.0001,200,1.5320
0.0069,0.0000,0.0000,0.0000,0.0067,0.0001,200,1.5345
0.0067,0.0000,0.0000,0.0000,0.0067,0.0000,200,1.5349
0.0066,0.0000,0.0000,0.0000,0.0065,0.0001,200,1.5385
0.0081,0.0000,0.0000,0.0000,0.0080,0.0001,200,1.5416
0.0098,0.0000,0.0000,0.0000,0.0097,0.0000,200,1.5401
0.0102,0.0000,0.0000,0.0000,0.0101,0.0000,200,1.5414
0.0065,0.0000,0.0000,0.0000,0.0064,0.0000,200,1.5452
0.0069,0.0000,0.0000,0.0000,0.0068,0.0001,200,1.5497
0.0070,0.0000,0.0000,0.0000,0.0069,0.0000,200,1.5499
0.0071,0.0000,0.0000,0.0000,0.0071,0.0001,200,1.5517
0.0072,0.0000,0.0000,0.0000,0.0071,0.0001,200,1.5516
0.0075,0.0000,0.0000,0.0000,0.0074,0.0001,200,1.5569
0.0078,0.0000,0.0000,0.0000,0.0077,0.0001,200,1.5567
0.0064,0.0000,0.0000,0.0000,0.0063,0.0001,200,1.5588
0.0072,0.0000,0.0000,0.0000,0.0071,0.0000,200,1.5588
0.0070,0.0000,0.0000,0.0000,0.0067,0.0002,200,1.5644
0.0091,0.0000,0.0000,0.0000,0.0090,0.0001,200,1.5644
0.0083,0.0000,0.0000,0.0000,0.0082,0.0001,200,1.5652
0.0089,0.0000,0.0000,0.0000,0.0088,0.0001,200,1.5660
0.0071,0.0000,0.0000,0.0000,0.0070,0.0001,200,1.5714
0.0067,0.0000,0.0000,0.0000,0.0066,0.0001,200,1.5735
0.0074,0.0000,0.0000,0.0000,0.0073,0.0000,200,1.5735
0.0080,0.0000,0.0000,0.0000,0.0077,0.0003,200,1.5749
0.0068,0.0000,0.0000,0.0000,0.0067,0.0001,200,1.5785
0.0071,0.0000,0.0000,0.0000,0.0069,0.0001,200,1.5802
0.0068,0.0000,0.0000,0.0000,0.0067,0.0000,200,1.5809
0.0071,0.0000,0.0000,0.0001,0.0070,0.0001,200,1.5828
0.0068,0.0000,0.0000,0.0000,0.0068,0.0001,200,1.5854
0.0068,0.0000,0.0000,0.0000,0.0067,0.0000,200,1.5873
0.0068,0.0000,0.0000,0.0000,0.0067,0.0000,200,1.5877
0.0066,0.0000,0.0000,0.0000,0.0065,0.0001,200,1.5922
0.0097,0.0000,0.0000,0.0000,0.0096,0.0000,200,1.5899
0.0066,0.0000,0.0000,0.0000,0.0065,0.0000,200,1.5941
0.0071,0.0000,0.0000,0.0000,0.0070,0.0000,200,1.5945
0.0067,0.0000,0.0000,0.0000,0.0066,0.0001,200,1.5996
0.0079,0.0000,0.0000,0.0000,0.0079,0.0000,200,1.5988
0.0063,0.0000,0.0000,0.0000,0.0063,0.0000,200,1.6006
0.0074,0.0000,0.0000,0.0000,0.0073,0.0001,200,1.6016
0.0067,0.0000,0.0000,0.0000,0.0066,0.0001,200,1.6063
0.0097,0.0000,0.0000,0.0000,0.0096,0.0001,200,1.6067
0.0095,0.0000,0.0000,0.0000,0.0094,0.0000,200,1.6070
0.0083,0.0000,0.0000,0.0000,0.0082,0.0000,200,1.6089
0.0064,0.0000,0.0000,0.0000,0.0063,0.0001,200,1.6130
0.0080,0.0000,0.0000,0.0000,0.0079,0.0000,200,1.6164
0.0079,0.0000,0.0000,0.0000,0.0078,0.0000,200,1.6165
0.0071,0.0000,0.0000,0.0000,0.0071,0.0000,200,1.6172
0.0063,0.0000,0.0000,0.0000,0.0062,0.0000,200,1.6194
0.0072,0.0000,0.0000,0.0000,0.0070,0.0001,200,1.6244
0.0074,0.0000,0.0000,0.0000,0.0073,0.0000,200,1.6244
0.0074,0.0000,0.0000,0.0000,0.0073,0.0000,200,1.6244
0.0062,0.0000,0.0000,0.0000,0.0061,0.0000,200,1.6258
0.0068,0.0000,0.0000,0.0000,0.0067,0.0001,200,1.6318
0.0066,0.0000,0.0000,0.0000,0.0065,0.0001,200,1.6320
0.0068,0.0000,0.0000,0.0000,0.0068,0.0000,200,1.6318
0.0091,0.0000,0.0000,0.0000,0.0090,0.0001,200,1.6315
0.0067,0.0000,0.0000,0.0000,0.0066,0.0001,200,1.6386
0.0070,0.0000,0.0000,0.0000,0.0068,0.0002,200,1.6386
0.0074,0.0000,0.0000,0.0000,0.0071,0.0003,200,1.6387
0.0096,0.0000,0.0000,0.0000,0.0094,0.0001,200,1.6407
0.0065,0.0000,0.0000,0.0001,0.0063,0.0001,200,1.6453
0.0069,0.0000,0.0000,0.0001,0.0065,0.0001,200,1.6456
0.0065,0.0000,0.0000,0.0000,0.0065,0.0000,200,1.6460
0.0066,0.0000,0.0000,0.0000,0.0064,0.0001,200,1.6503
0.0067,0.0000,0.0000,0.0000,0.0066,0.0001,200,1.6518
0.0062,0.0000,0.0000,0.0000,0.0062,0.0000,200,1.6526
0.0064,0.0000,0.0000,0.0000,0.0063,0.0000,200,1.6525
0.0072,0.0000,0.0000,0.0000,0.0071,0.0001,200,1.6569
0.0069,0.0000,0.0000,0.0001,0.0067,0.0001,200,1.6585
0.0077,0.0000,0.0000,0.0000,0.0076,0.0000,200,1.6588
0.0082,0.0000,0.0000,0.0000,0.0081,0.0000,200,1.6589
0.0075,0.0000,0.0000,0.0000,0.0074,0.0001,200,1.6654
0.0066,0.0000,0.0000,0.0000,0.0065,0.0000,200,1.6665
0.0107,0.0000,0.0000,0.0000,0.0106,0.0001,200,1.6641
0.0095,0.0000,0.0000,0.0000,0.0094,0.0001,200,1.6671
0.0074,0.0000,0.0000,0.0000,0.0073,0.0001,200,1.6747
0.0093,0.0000,0.0000,0.0000,0.0092,0.0000,200,1.6731
0.0094,0.0000,0.0000,0.0000,0.0093,0.0000,200,1.6729
0.0064,0.0000,0.0000,0.0000,0.0063,0.0000,200,1.6766
0.0070,0.0000,0.0000,0.0000,0.0069,0.0001,200,1.6824
0.0071,0.0000,0.0000,0.0000,0.0071,0.0000,200,1.6824
0.0066,0.0000,0.0000,0.0000,0.0065,0.0000,200,1.6830
0.0075,0.0000,0.0000,0.0000,0.0075,0.0000,200,1.6821
0.0070,0.0000,0.0000,0.0000,0.0069,0.0001,200,1.6897
0.0073,0.0000,0.0000,0.0000,0.0072,0.0001,200,1.6895
0.0083,0.0000,0.0000,0.0000,0.0082,0.0000,200,1.6895
0.0106,0.0000,0.0000,0.0000,0.0105,0.0001,200,1.6894
0.0065,0.0000,0.0000,0.0001,0.0063,0.0000,200,1.6968
0.0066,0.0000,0.0000,0.0000,0.0065,0.0000,200,1.6966
0.0060,0.0000,0.0000,0.0000,0.0059,0.0000,200,1.6977
0.0063,0.0000,0.0000,0.0000,0.0062,0.0000,200,1.7000
0.0063,0.0000,0.0000,0.0000,0.0063,0.0000,200,1.7033
0.0060,0.0000,0.0000,0.0000,0.0060,0.0000,200,1.7037
0.0070,0.0000,0.0000,0.0000,0.0069,0.0000,200,1.7033
0.0066,0.0000,0.0000,0.0000,0.0065,0.0000,200,1.7063
0.0060,0.0000,0.0000,0.0000,0.0060,0.0000,200,1.7098
0.0062,0.0000,0.0000,0.0000,0.0061,0.0000,200,1.7096
0.0069,0.0000,0.0000,0.0000,0.0068,0.0000,200,1.7103
0.0088,0.0000,0.0000,0.0000,0.0087,0.0001,200,1.7129
0.0061,0.0000,0.0000,0.0000,0.0060,0.0000,200,1.7158
0.0069,0.0000,0.0000,0.0000,0.0068,0.0000,200,1.7158
0.0065,0.0000,0.0000,0.0000,0.0065,0.0000,200,1.7171
0.0062,0.0000,0.0000,0.0000,0.0061,0.0000,200,1.7217
0.0061,0.0000,0.0000,0.0000,0.0060,0.0000,200,1.7219
0.0061,0.0000,0.0000,0.0000,0.0061,0.0001,200,1.7227
0.0062,0.0000,0.0000,0.0000,0.0061,0.0000,200,1.7237
0.0064,0.0000,0.0000,0.0000,0.0063,0.0001,200,1.7280
0.0064,0.0000,0.0000,0.0000,0.0063,0.0001,200,1.7279
0.0062,0.0000,0.0000,0.0000,0.0061,0.0000,200,1.7289
0.0075,0.0000,0.0000,0.0000,0.0074,0.0000,200,1.7298
0.0064,0.0000,0.0000,0.0000,0.0063,0.0001,200,1.7343
0.0065,0.0000,0.0000,0.0000,0.0064,0.0000,200,1.7343
0.0060,0.0000,0.0000,0.0000,0.0059,0.0000,200,1.7350
0.0064,0.0000,0.0000,0.0000,0.0063,0.0000,200,1.7374
0.0063,0.0000,0.0000,0.0000,0.0062,0.0001,200,1.7408
0.0061,0.0000,0.0000,0.0000,0.0061,0.0000,200,1.7410
0.0065,0.0000,0.0000,0.0000,0.0064,0.0000,200,1.7408
0.0065,0.0000,0.0000,0.0000,0.0064,0.0001,200,1.7437
0.0061,0.0000,0.0000,0.0000,0.0060,0.0000,200,1.7473
0.0064,0.0000,0.0000,0.0000,0.0063,0.0000,200,1.7471
0.0065,0.0000,0.0000,0.0000,0.0064,0.0000,200,1.7471
0.0066,0.0000,0.0000,0.0000,0.0065,0.0001,200,1.7502
0.0065,0.0000,0.0000,0.0000,0.0064,0.0001,200,1.7534
0.0066,0.0000,0.0000,0.0000,0.0066,0.0000,200,1.7536
0.0065,0.0000,0.0000,0.0000,0.0063,0.0001,200,1.7568
0.0101,0.0000,0.0000,0.0000,0.0100,0.0000,200,1.7534
0.0069,0.0000,0.0000,0.0000,0.0068,0.0001,200,1.7599
0.0069,0.0000,0.0000,0.0000,0.0068,0.0001,200,1.7603
0.0062,0.0000,0.0000,0.0000,0.0061,0.0000,200,1.7633
0.0086,0.0000,0.0000,0.0000,0.0086,0.0000,200,1.7635
0.0063,0.0000,0.0000,0.0000,0.0062,0.0000,200,1.7669
0.0063,0.0000,0.0000,0.0000,0.0062,0.0000,200,1.7672
0.0062,0.0000,0.0000,0.0000,0.0061,0.0000,200,1.7696
0.0062,0.0000,0.0000,0.0000,0.0061,0.0000,200,1.7721
0.0068,0.0000,0.0000,0.0000,0.0067,0.0001,200,1.7732
0.0065,0.0000,0.0000,0.0000,0.0065,0.0000,200,1.7735
0.0069,0.0000,0.0000,0.0000,0.0067,0.0001,200,1.7758
0.0060,0.0000,0.0000,0.0000,0.0060,0.0000,200,1.7783
0.0061,0.0000,0.0000,0.0000,0.0060,0.0000,200,1.7800
0.0062,0.0000,0.0000,0.0000,0.0061,0.0000,200,1.7800
0.0063,0.0000,0.0000,0.0000,0.0062,0.0001,200,1.7827
0.0059,0.0000,0.0000,0.0000,0.0059,0.0000,200,1.7844
0.0074,0.0000,0.0000,0.0000,0.0073,0.0000,200,1.7861
0.0074,0.0000,0.0000,0.0000,0.0074,0.0000,200,1.7862
0.0062,0.0000,0.0000,0.0000,0.0061,0.0000,200,1.7890
0.0062,0.0000,0.0000,0.0000,0.0061,0.0000,200,1.7903
0.0064,0.0000,0.0000,0.0000,0.0064,0.0000,200,1.7936
0.0065,0.0000,0.0000,0.0000,0.0064,0.0000,200,1.7935
0.0063,0.0000,0.0000,0.0000,0.0062,0.0000,200,1.7952
0.0060,0.0000,0.0000,0.0000,0.0060,0.0000,200,1.7965
0.0061,0.0000,0.0000,0.0000,0.0061,0.0000,200,1.8000
0.0063,0.0000,0.0000,0.0000,0.0063,0.0000,200,1.8000
0.0061,0.0000,0.0000,0.0000,0.0060,0.0000,200,1.8015
0.0067,0.0000,0.0000,0.0000,0.0066,0.0001,200,1.8025
0.0061,0.0000,0.0000,0.0000,0.0061,0.0000,200,1.8064
0.0064,0.0000,0.0000,0.0000,0.0063,0.0000,200,1.8062
0.0062,0.0000,0.0000,0.0000,0.0061,0.0000,200,1.8076
0.0066,0.0000,0.0000,0.0000,0.0065,0.0001,200,1.8093
0.0062,0.0000,0.0000,0.0000,0.0062,0.0001,200,1.8126
0.0065,0.0000,0.0000,0.0000,0.0064,0.0000,200,1.8125
0.0075,0.0000,0.0000,0.0000,0.0074,0.0000,200,1.8138
0.0062,0.0000,0.0000,0.0000,0.0061,0.0000,200,1.8159
0.0066,0.0000,0.0000,0.0000,0.0065,0.0000,200,1.8190
0.0068,0.0000,0.0000,0.0000,0.0067,0.0001,200,1.8188
0.0061,0.0000,0.0000,0.0000,0.0060,0.0000,200,1.8213
0.0062,0.0000,0.0000,0.0000,0.0061,0.0000,200,1.8221
0.0064,0.0000,0.0000,0.0000,0.0063,0.0001,200,1.8256
0.0063,0.0000,0.0000,0.0000,0.0063,0.0000,200,1.8256
0.0062,0.0000,0.0000,0.0000,0.0061,0.0001,200,1.8273
0.0062,0.0000,0.0000,0.0000,0.0061,0.0000,200,1.8283
0.0063,0.0000,0.0000,0.0000,0.0062,0.0001,200,1.8320
0.0064,0.0000,0.0000,0.0000,0.0063,0.0000,200,1.8319
0.0062,0.0000,0.0000,0.0000,0.0061,0.0000,200,1.8335
0.0060,0.0000,0.0000,0.0000,0.0060,0.0000,200,1.8344
0.0063,0.0000,0.0000,0.0000,0.0062,0.0001,200,1.8383
0.0065,0.0000,0.0000,0.0000,0.0064,0.0000,200,1.8383
0.0064,0.0000,0.0000,0.0000,0.0063,0.0000,200,1.8397
0.0061,0.0000,0.0000,0.0000,0.0060,0.0000,200,1.8405
0.0063,0.0000,0.0000,0.0000,0.0062,0.0001,200,1.8446
0.0061,0.0000,0.0000,0.0000,0.0061,0.0000,200,1.8448
0.0062,0.0000,0.0000,0.0000,0.0061,0.0000,200,1.8460
0.0060,0.0000,0.0000,0.0000,0.0059,0.0000,200,1.8466
0.0064,0.0000,0.0000,0.0000,0.0063,0.0001,200,1.8509
0.0065,0.0000,0.0000,0.0000,0.0063,0.0001,200,1.8509
0.0062,0.0000,0.0000,0.0000,0.0061,0.0000,200,1.8522
0.0060,0.0000,0.0000,0.0000,0.0060,0.0000,200,1.8525
0.0064,0.0000,0.0000,0.0000,0.0063,0.0001,200,1.8574
0.0065,0.0000,0.0000,0.0000,0.0064,0.0000,200,1.8573
0.0061,0.0000,0.0000,0.0000,0.0060,0.0000,200,1.8586
0.0064,0.0000,0.0000,0.0000,0.0063,0.0000,200,1.8583
0.0064,0.0000,0.0000,0.0000,0.0063,0.0001,200,1.8638
0.0065,0.0000,0.0000,0.0000,0.0064,0.0000,200,1.8638
0.0060,0.0000,0.0000,0.0000,0.0060,0.0000,200,1.8648
0.0068,0.0000,0.0000,0.0000,0.0068,0.0000,200,1.8646
0.0066,0.0000,0.0000,0.0000,0.0065,0.0001,200,1.8702
0.0060,0.0000,0.0000,0.0000,0.0060,0.0000,200,1.8708
0.0067,0.0000,0.0000,0.0000,0.0067,0.0000,200,1.8702
0.0068,0.0000,0.0000,0.0000,0.0067,0.0001,200,1.8715
0.0067,0.0000,0.0000,0.0000,0.0066,0.0001,200,1.8768
0.0067,0.0000,0.0000,0.0000,0.0066,0.0000,200,1.8768
0.0066,0.0000,0.0000,0.0000,0.0066,0.0000,200,1.8769
0.0085,0.0000,0.0000,0.0000,0.0084,0.0000,200,1.8782
0.0062,0.0000,0.0000,0.0000,0.0062,0.0000,200,1.8835
0.0062,0.0000,0.0000,0.0000,0.0062,0.0000,200,1.8835
0.0063,0.0000,0.0000,0.0000,0.0062,0.0000,200,1.8835
0.0062,0.0000,0.0000,0.0000,0.0062,0.0000,200,1.8868
0.0063,0.0000,0.0000,0.0000,0.0062,0.0000,200,1.8897
0.0063,0.0000,0.0000,0.0000,0.0062,0.0000,200,1.8897
0.0063,0.0000,0.0000,0.0000,0.0062,0.0000,200,1.8898
0.0062,0.0000,0.0000,0.0000,0.0061,0.0000,200,1.8930
0.0063,0.0000,0.0000,0.0000,0.0062,0.0001,200,1.8960
0.0064,0.0000,0.0000,0.0000,0.0063,0.0000,200,1.8960
0.0064,0.0000,0.0000,0.0000,0.0063,0.0000,200,1.8961
0.0062,0.0000,0.0000,0.0000,0.0061,0.0001,200,1.8992
0.0074,0.0000,0.0000,0.0000,0.0073,0.0000,200,1.9024
0.0075,0.0000,0.0000,0.0000,0.0074,0.0000,200,1.9023
0.0074,0.0000,0.0000,0.0000,0.0074,0.0000,200,1.9024
0.0074,0.0000,0.0000,0.0000,0.0073,0.0001,200,1.9054
0.0063,0.0000,0.0000,0.0000,0.0062,0.0001,200,1.9097
0.0066,0.0000,0.0000,0.0000,0.0064,0.0001,200,1.9099
0.0066,0.0000,0.0000,0.0000,0.0066,0.0000,200,1.9098
0.0063,0.0000,0.0000,0.0000,0.0062,0.0000,200,1.9128
0.0062,0.0000,0.0000,0.0000,0.0061,0.0000,200,1.9161
0.0060,0.0000,0.0000,0.0000,0.0059,0.0000,200,1.9164
0.0061,0.0000,0.0000,0.0000,0.0060,0.0000,200,1.9164
0.0063,0.0000,0.0000,0.0000,0.0062,0.0001,200,1.9191
0.0062,0.0000,0.0000,0.0000,0.0061,0.0001,200,1.9223
0.0061,0.0000,0.0000,0.0000,0.0060,0.0000,200,1.9225
0.0062,0.0000,0.0000,0.0000,0.0061,0.0000,200,1.9224
0.0070,0.0000,0.0000,0.0000,0.0069,0.0001,200,1.9254
0.0061,0.0000,0.0000,0.0000,0.0061,0.0000,200,1.9286
0.0062,0.0000,0.0000,0.0000,0.0061,0.0000,200,1.9286
0.0063,0.0000,0.0000,0.0000,0.0062,0.0000,200,1.9285
0.0062,0.0000,0.0000,0.0000,0.0062,0.0000,200,1.9324
0.0063,0.0000,0.0000,0.0000,0.0062,0.0000,200,1.9347
0.0062,0.0000,0.0000,0.0000,0.0062,0.0000,200,1.9348
0.0063,0.0000,0.0000,0.0000,0.0062,0.0000,200,1.9348
0.0064,0.0000,0.0000,0.0000,0.0063,0.0001,200,1.9387
0.0062,0.0000,0.0000,0.0000,0.0062,0.0000,200,1.9410
0.0062,0.0000,0.0000,0.0000,0.0062,0.0000,200,1.9410
0.0062,0.0000,0.0000,0.0000,0.0061,0.0000,200,1.9410
0.0064,0.0000,0.0000,0.0000,0.0063,0.0000,200,1.9451
0.0061,0.0000,0.0000,0.0000,0.0060,0.0000,200,1.9472
0.0062,0.0000,0.0000,0.0000,0.0061,0.0000,200,1.9473
0.0066,0.0000,0.0000,0.0000,0.0066,0.0000,200,1.9473
0.0063,0.0000,0.0000,0.0000,0.0062,0.0000,200,1.9515
0.0062,0.0000,0.0000,0.0000,0.0061,0.0001,200,1.9533
0.0062,0.0000,0.0000,0.0000,0.0062,0.0000,200,1.9534
0.0061,0.0000,0.0000,0.0000,0.0060,0.0000,200,1.9539
0.0062,0.0000,0.0000,0.0000,0.0062,0.0000,200,1.9578
0.0062,0.0000,0.0000,0.0000,0.0061,0.0000,200,1.9595
0.0062,0.0000,0.0000,0.0000,0.0062,0.0000,200,1.9596
0.0060,0.0000,0.0000,0.0000,0.0059,0.0000,200,1.9600
0.0066,0.0000,0.0000,0.0000,0.0065,0.0001,200,1.9640
0.0062,0.0000,0.0000,0.0000,0.0061,0.0001,200,1.9657
0.0061,0.0000,0.0000,0.0000,0.0061,0.0000,200,1.9659
0.0062,0.0000,0.0000,0.0000,0.0061,0.0000,200,1.9660
0.0068,0.0000,0.0000,0.0000,0.0067,0.0001,200,1.9705
0.0066,0.0000,0.0000,0.0000,0.0065,0.0001,200,1.9719
0.0063,0.0000,0.0000,0.0000,0.0062,0.0000,200,1.9722
0.0066,0.0000,0.0000,0.0000,0.0065,0.0000,200,1.9720
0.0068,0.0000,0.0000,0.0000,0.0067,0.0001,200,1.9773
0.0061,0.0000,0.0000,0.0000,0.0061,0.0000,200,1.9785
0.0063,0.0000,0.0000,0.0000,0.0063,0.0000,200,1.9784
0.0065,0.0000,0.0000,0.0000,0.0064,0.0000,200,1.9784
0.0065,0.0000,0.0000,0.0000,0.0065,0.0001,200,1.9841
0.0064,0.0000,0.0000,0.0000,0.0063,0.0000,200,1.9848
0.0063,0.0000,0.0000,0.0000,0.0063,0.0000,200,1.9849
0.0072,0.0000,0.0000,0.0000,0.0071,0.0000,200,1.9847
0.0065,0.0000,0.0000,0.0000,0.0064,0.0000,200,1.9906
0.0061,0.0000,0.0000,0.0000,0.0061,0.0000,200,1.9911
0.0063,0.0000,0.0000,0.0000,0.0063,0.0001,200,1.9913
0.0066,0.0000,0.0000,0.0000,0.0065,0.0000,200,1.9918
0.0075,0.0000,0.0000,0.0000,0.0074,0.0000,200,1.9971
0.0072,0.0000,0.0000,0.0000,0.0071,0.0000,200,1.9976
0.0065,0.0000,0.0000,0.0000,0.0064,0.0000,200,1.9984
0.0077,0.0000,0.0000,0.0000,0.0073,0.0003,200,1.9972
0.0069,0.0000,0.0000,0.0000,0.0068,0.0001,200,2.0047
0.0070,0.0000,0.0000,0.0000,0.0069,0.0000,200,2.0048
0.0071,0.0000,0.0000,0.0000,0.0070,0.0000,200,2.0048
0.0071,0.0000,0.0000,0.0000,0.0070,0.0000,200,2.0049
0.0062,0.0000,0.0000,0.0000,0.0061,0.0000,200,2.0120
0.0066,0.0000,0.0000,0.0000,0.0065,0.0000,200,2.0116
0.0064,0.0000,0.0000,0.0000,0.0064,0.0001,200,2.0117
0.0069,0.0000,0.0000,0.0000,0.0068,0.0000,200,2.0119
0.0067,0.0000,0.0000,0.0000,0.0065,0.0001,200,2.0182
0.0068,0.0000,0.0000,0.0000,0.0067,0.0000,200,2.0182
0.0069,0.0000,0.0000,0.0000,0.0069,0.0000,200,2.0182
0.0063,0.0000,0.0000,0.0000,0.0062,0.0000,200,2.0188
0.0063,0.0000,0.0000,0.0000,0.0061,0.0001,200,2.0250
0.0065,0.0000,0.0000,0.0000,0.0064,0.0000,200,2.0248
0.0076,0.0000,0.0000,0.0000,0.0076,0.0001,200,2.0251
0.0078,0.0000,0.0000,0.0000,0.0077,0.0000,200,2.0251
0.0064,0.0000,0.0000,0.0000,0.0064,0.0000,200,2.0314
0.0065,0.0000,0.0000,0.0000,0.0064,0.0001,200,2.0313
0.0069,0.0000,0.0000,0.0000,0.0068,0.0000,200,2.0329
0.0072,0.0000,0.0000,0.0000,0.0071,0.0000,200,2.0327
0.0067,0.0000,0.0000,0.0000,0.0066,0.0001,200,2.0378
0.0067,0.0000,0.0000,0.0000,0.0066,0.0000,200,2.0378
0.0063,0.0000,0.0000,0.0000,0.0062,0.0000,200,2.0399
0.0070,0.0000,0.0000,0.0000,0.0069,0.0000,200,2.0398
0.0065,0.0000,0.0000,0.0000,0.0064,0.0001,200,2.0445
0.0065,0.0000,0.0000,0.0000,0.0064,0.0001,200,2.0445
0.0061,0.0000,0.0000,0.0000,0.0060,0.0000,200,2.0461
0.0067,0.0000,0.0000,0.0000,0.0066,0.0000,200,2.0468
0.0066,0.0000,0.0000,0.0000,0.0065,0.0000,200,2.0510
0.0066,0.0000,0.0000,0.0000,0.0065,0.0000,200,2.0510
0.0066,0.0000,0.0000,0.0000,0.0065,0.0000,200,2.0522
0.0064,0.0000,0.0000,0.0000,0.0063,0.0000,200,2.0535
0.0064,0.0000,0.0000,0.0000,0.0064,0.0000,200,2.0576
0.0067,0.0000,0.0000,0.0000,0.0066,0.0000,200,2.0576
0.0069,0.0000,0.0000,0.0000,0.0068,0.0000,200,2.0588
0.0061,0.0000,0.0000,0.0000,0.0060,0.0000,200,2.0599
0.0063,0.0000,0.0000,0.0000,0.0062,0.0001,200,2.0640
0.0062,0.0000,0.0000,0.0000,0.0061,0.0000,200,2.0643
0.0061,0.0000,0.0000,0.0000,0.0061,0.0001,200,2.0657
0.0064,0.0000,0.0000,0.0000,0.0063,0.0000,200,2.0659
0.0064,0.0000,0.0000,0.0000,0.0063,0.0001,200,2.0704
0.0063,0.0000,0.0000,0.0000,0.0062,0.0001,200,2.0705
0.0066,0.0000,0.0000,0.0000,0.0065,0.0001,200,2.0718
0.0063,0.0000,0.0000,0.0000,0.0062,0.0000,200,2.0723
0.0064,0.0000,0.0000,0.0000,0.0062,0.0000,200,2.0768
0.0064,0.0000,0.0000,0.0000,0.0063,0.0000,200,2.0768
0.0062,0.0000,0.0000,0.0000,0.0061,0.0000,200,2.0785
0.0062,0.0000,0.0000,0.0000,0.0061,0.0000,200,2.0786
0.0061,0.0000,0.0000,0.0000,0.0060,0.0000,200,2.0831
0.0062,0.0000,0.0000,0.0000,0.0061,0.0000,200,2.0831
0.0061,0.0000,0.0000,0.0000,0.0060,0.0000,200,2.0847
0.0061,0.0000,0.0000,0.0000,0.0060,0.0000,200,2.0848
0.0062,0.0000,0.0000,0.0000,0.0061,0.0001,200,2.0893
0.0063,0.0000,0.0000,0.0000,0.0062,0.0000,200,2.0893
0.0062,0.0000,0.0000,0.0000,0.0061,0.0000,200,2.0908
0.0061,0.0000,0.0000,0.0000,0.0061,0.0000,200,2.0909
0.0061,0.0000,0.0000,0.0000,0.0061,0.0001,200,2.0956
0.0063,0.0000,0.0000,0.0000,0.0062,0.0000,200,2.0955
0.0062,0.0000,0.0000,0.0000,0.0061,0.0000,200,2.0969
0.0063,0.0000,0.0000,0.0000,0.0063,0.0000,200,2.0970
0.0063,0.0000,0.0000,0.0000,0.0062,0.0000,200,2.1017
0.0065,0.0000,0.0000,0.0000,0.0064,0.0001,200,2.1033
0.0068,0.0000,0.0000,0.0000,0.0067,0.0000,200,2.1032
0.0083,0.0000,0.0000,0.0000,0.0082,0.0000,200,2.1017
0.0066,0.0000,0.0000,0.0000,0.0065,0.0001,200,2.1080
0.0080,0.0000,0.0000,0.0000,0.0079,0.0000,200,2.1100
0.0080,0.0000,0.0000,0.0000,0.0079,0.0000,200,2.1100
0.0081,0.0000,0.0000,0.0000,0.0081,0.0000,200,2.1098
0.0065,0.0000,0.0000,0.0000,0.0064,0.0001,200,2.1146
0.0063,0.0000,0.0000,0.0000,0.0062,0.0001,200,2.1179
0.0063,0.0000,0.0000,0.0000,0.0062,0.0000,200,2.1180
0.0063,0.0000,0.0000,0.0000,0.0063,0.0000,200,2.1180
0.0062,0.0000,0.0000,0.0000,0.0061,0.0000,200,2.1211
0.0062,0.0000,0.0000,0.0000,0.0061,0.0001,200,2.1242
0.0062,0.0000,0.0000,0.0000,0.0061,0.0001,200,2.1242
0.0061,0.0000,0.0000,0.0000,0.0061,0.0001,200,2.1243
0.0062,0.0000,0.0000,0.0000,0.0062,0.0000,200,2.1273
0.0064,0.0000,0.0000,0.0000,0.0063,0.0000,200,2.1304
0.0065,0.0000,0.0000,0.0000,0.0063,0.0001,200,2.1304
0.0065,0.0000,0.0000,0.0000,0.0064,0.0000,200,2.1304
0.0073,0.0000,0.0000,0.0000,0.0073,0.0001,200,2.1335
0.0062,0.0000,0.0000,0.0000,0.0061,0.0000,200,2.1369
0.0062,0.0000,0.0000,0.0000,0.0061,0.0000,200,2.1369
0.0062,0.0000,0.0000,0.0000,0.0061,0.0000,200,2.1369
0.0063,0.0000,0.0000,0.0000,0.0062,0.0001,200,2.1409
0.0061,0.0000,0.0000,0.0000,0.0061,0.0000,200,2.1431
0.0061,0.0000,0.0000,0.0000,0.0061,0.0000,200,2.1431
0.0061,0.0000,0.0000,0.0000,0.0061,0.0000,200,2.1431
0.0062,0.0000,0.0000,0.0000,0.0061,0.0001,200,2.1471
0.0063,0.0000,0.0000,0.0000,0.0063,0.0000,200,2.1492
0.0063,0.0000,0.0000,0.0000,0.0062,0.0000,200,2.1492
0.0063,0.0000,0.0000,0.0000,0.0063,0.0000,200,2.1492
0.0064,0.0000,0.0000,0.0000,0.0063,0.0001,200,2.1533
0.0062,0.0000,0.0000,0.0000,0.0061,0.0000,200,2.1556
0.0063,0.0000,0.0000,0.0000,0.0062,0.0000,200,2.1556
0.0063,0.0000,0.0000,0.0000,0.0063,0.0000,200,2.1556
0.0063,0.0000,0.0000,0.0000,0.0062,0.0001,200,2.1597
0.0062,0.0000,0.0000,0.0000,0.0061,0.0000,200,2.1619
0.0063,0.0000,0.0000,0.0000,0.0063,0.0000,200,2.1617
0.0063,0.0000,0.0000,0.0000,0.0063,0.0000,200,2.1618
0.0064,0.0000,0.0000,0.0000,0.0062,0.0001,200,2.1660
0.0060,0.0000,0.0000,0.0000,0.0060,0.0000,200,2.1681
0.0061,0.0000,0.0000,0.0000,0.0061,0.0000,200,2.1681
0.0062,0.0000,0.0000,0.0000,0.0061,0.0000,200,2.1681
0.0064,0.0000,0.0000,0.0000,0.0063,0.0001,200,2.1724
0.0061,0.0000,0.0000,0.0000,0.0060,0.0000,200,2.1741
0.0060,0.0000,0.0000,0.0000,0.0060,0.0000,200,2.1743
0.0081,0.0000,0.0000,0.0000,0.0080,0.0001,200,2.1743
0.0063,0.0000,0.0000,0.0000,0.0062,0.0000,200,2.1788
0.0061,0.0000,0.0000,0.0000,0.0060,0.0000,200,2.1802
0.0062,0.0000,0.0000,0.0000,0.0062,0.0000,200,2.1803
0.0064,0.0000,0.0000,0.0000,0.0063,0.0000,200,2.1824
0.0063,0.0000,0.0000,0.0000,0.0062,0.0000,200,2.1851
0.0060,0.0000,0.0000,0.0000,0.0060,0.0000,200,2.1865
0.0062,0.0000,0.0000,0.0000,0.0061,0.0000,200,2.1863
0.0060,0.0000,0.0000,0.0000,0.0059,0.0000,200,2.1887
0.0068,0.0000,0.0000,0.0000,0.0067,0.0001,200,2.1914
0.0061,0.0000,0.0000,0.0000,0.0060,0.0000,200,2.1925
0.0063,0.0000,0.0000,0.0000,0.0063,0.0000,200,2.1925
0.0062,0.0000,0.0000,0.0000,0.0061,0.0000,200,2.1948
0.0066,0.0000,0.0000,0.0000,0.0065,0.0000,200,2.1982
0.0061,0.0000,0.0000,0.0000,0.0060,0.0000,200,2.1986
0.0060,0.0000,0.0000,0.0000,0.0059,0.0000,200,2.1989
0.0061,0.0000,0.0000,0.0000,0.0061,0.0000,200,2.2010
0.0064,0.0000,0.0000,0.0000,0.0063,0.0000,200,2.2047
0.0064,0.0000,0.0000,0.0000,0.0063,0.0000,200,2.2048
0.0063,0.0000,0.0000,0.0000,0.0062,0.0000,200,2.2049
0.0063,0.0000,0.0000,0.0000,0.0062,0.0001,200,2.2071
0.0062,0.0000,0.0000,0.0000,0.0061,0.0001,200,2.2111
0.0062,0.0000,0.0000,0.0000,0.0062,0.0000,200,2.2111
0.0062,0.0000,0.0000,0.0000,0.0062,0.0000,200,2.2111
0.0062,0.0000,0.0000,0.0000,0.0062,0.0001,200,2.2134
0.0064,0.0000,0.0000,0.0000,0.0063,0.0001,200,2.2174
0.0074,0.0000,0.0000,0.0000,0.0073,0.0001,200,2.2174
0.0077,0.0000,0.0000,0.0000,0.0076,0.0000,200,2.2173
0.0063,0.0000,0.0000,0.0000,0.0062,0.0000,200,2.2197
0.0067,0.0000,0.0000,0.0000,0.0066,0.0001,200,2.2238
0.0064,0.0000,0.0000,0.0000,0.0063,0.0000,200,2.2248
0.0063,0.0000,0.0000,0.0000,0.0063,0.0000,200,2.2250
0.0060,0.0000,0.0000,0.0000,0.0059,0.0000,200,2.2259
0.0063,0.0000,0.0000,0.0000,0.0063,0.0000,200,2.2305
0.0064,0.0000,0.0000,0.0000,0.0063,0.0001,200,2.2312
0.0063,0.0000,0.0000,0.0000,0.0062,0.0001,200,2.2313
0.0062,0.0000,0.0000,0.0000,0.0061,0.0000,200,2.2319
0.0068,0.0000,0.0000,0.0002,0.0065,0.0001,200,2.2368
0.0063,0.0000,0.0000,0.0000,0.0062,0.0000,200,2.2376
0.0066,0.0000,0.0000,0.0001,0.0064,0.0000,200,2.2377
0.0061,0.0000,0.0000,0.0000,0.0060,0.0000,200,2.2382
0.0062,0.0000,0.0000,0.0000,0.0061,0.0001,200,2.2439
0.0066,0.0000,0.0000,0.0000,0.0065,0.0000,200,2.2436
0.0062,0.0000,0.0000,0.0000,0.0061,0.0000,200,2.2443
0.0063,0.0000,0.0000,0.0000,0.0063,0.0000,200,2.2443
0.0065,0.0000,0.0000,0.0000,0.0064,0.0001,200,2.2502
0.0066,0.0000,0.0000,0.0000,0.0065,0.0000,200,2.2501
0.0062,0.0000,0.0000,0.0000,0.0061,0.0000,200,2.2506
0.0068,0.0000,0.0000,0.0000,0.0067,0.0000,200,2.2505
0.0061,0.0000,0.0000,0.0000,0.0061,0.0000,200,2.2568
0.0062,0.0000,0.0000,0.0000,0.0062,0.0000,200,2.2567
0.0062,0.0000,0.0000,0.0000,0.0062,0.0000,200,2.2567
0.0061,0.0000,0.0000,0.0000,0.0060,0.0000,200,2.2572
0.0063,0.0000,0.0000,0.0000,0.0063,0.0000,200,2.2630
0.0063,0.0000,0.0000,0.0000,0.0063,0.0000,200,2.2630
0.0064,0.0000,0.0000,0.0000,0.0064,0.0000,200,2.2629
0.0064,0.0000,0.0000,0.0000,0.0064,0.0000,200,2.2633
0.0065,0.0000,0.0000,0.0000,0.0064,0.0000,200,2.2693
0.0064,0.0000,0.0000,0.0000,0.0063,0.0000,200,2.2694
0.0065,0.0000,0.0000,0.0000,0.0064,0.0000,200,2.2693
0.0061,0.0000,0.0000,0.0000,0.0060,0.0001,200,2.2697
0.0063,0.0000,0.0000,0.0000,0.0063,0.0000,200,2.2758
0.0064,0.0000,0.0000,0.0000,0.0063,0.0001,200,2.2758
0.0064,0.0000,0.0000,0.0000,0.0064,0.0000,200,2.2758
0.0064,0.0000,0.0000,0.0000,0.0063,0.0001,200,2.2758
0.0062,0.0000,0.0000,0.0000,0.0061,0.0001,200,2.2822
0.0063,0.0000,0.0000,0.0000,0.0062,0.0000,200,2.2822
0.0064,0.0000,0.0000,0.0000,0.0063,0.0000,200,2.2822
0.0064,0.0000,0.0000,0.0000,0.0063,0.0000,200,2.2822
0.0063,0.0000,0.0000,0.0000,0.0062,0.0000,200,2.2885
0.0063,0.0000,0.0000,0.0000,0.0062,0.0000,200,2.2885
0.0062,0.0000,0.0000,0.0000,0.0062,0.0000,200,2.2886
0.0065,0.0000,0.0000,0.0000,0.0063,0.0001,200,2.2884
0.0064,0.0000,0.0000,0.0000,0.0063,0.0001,200,2.2948
0.0063,0.0000,0.0000,0.0000,0.0063,0.0000,200,2.2949
0.0064,0.0000,0.0000,0.0000,0.0063,0.0001,200,2.2948
0.0067,0.0000,0.0000,0.0000,0.0066,0.0000,200,2.2948
0.0064,0.0000,0.0000,0.0000,0.0063,0.0000,200,2.3012
0.0061,0.0000,0.0000,0.0000,0.0060,0.0000,200,2.3015
0.0064,0.0000,0.0000,0.0000,0.0063,0.0001,200,2.3012
0.0065,0.0000,0.0000,0.0000,0.0065,0.0000,200,2.3012
0.0065,0.0000,0.0000,0.0000,0.0064,0.0001,200,2.3076
0.0065,0.0000,0.0000,0.0000,0.0063,0.0001,200,2.3076
0.0064,0.0000,0.0000,0.0000,0.0064,0.0000,200,2.3077
0.0066,0.0000,0.0000,0.0000,0.0065,0.0000,200,2.3076
0.0065,0.0000,0.0000,0.0000,0.0064,0.0001,200,2.3141
0.0064,0.0000,0.0000,0.0000,0.0064,0.0000,200,2.3142
0.0065,0.0000,0.0000,0.0000,0.0065,0.0000,200,2.3141
0.0066,0.0000,0.0000,0.0000,0.0065,0.0000,200,2.3142
0.0064,0.0000,0.0000,0.0000,0.0063,0.0000,200,2.3206
0.0063,0.0000,0.0000,0.0000,0.0063,0.0000,200,2.3206
0.0064,0.0000,0.0000,0.0000,0.0064,0.0000,200,2.3206
0.0071,0.0000,0.0000,0.0000,0.0070,0.0000,200,2.3207
0.0065,0.0000,0.0000,0.0000,0.0065,0.0001,200,2.3270
0.0067,0.0000,0.0000,0.0000,0.0067,0.0000,200,2.3269
0.0068,0.0000,0.0000,0.0000,0.0067,0.0000,200,2.3269
0.0063,0.0000,0.0000,0.0000,0.0062,0.0001,200,2.3278
0.0064,0.0000,0.0000,0.0000,0.0063,0.0001,200,2.3337
0.0066,0.0000,0.0000,0.0000,0.0065,0.0001,200,2.3336
0.0066,0.0000,0.0000,0.0000,0.0064,0.0001,200,2.3337
0.0072,0.0000,0.0000,0.0000,0.0071,0.0001,200,2.3341
0.0065,0.0000,0.0000,0.0000,0.0064,0.0000,200,2.3402
0.0066,0.0000,0.0000,0.0000,0.0065,0.0000,200,2.3402
0.0069,0.0000,0.0000,0.0000,0.0068,0.0000,200,2.3402
0.0068,0.0000,0.0000,0.0000,0.0067,0.0000,200,2.3414
0.0063,0.0000,0.0000,0.0000,0.0062,0.0001,200,2.3471
0.0069,0.0000,0.0000,0.0000,0.0068,0.0000,200,2.3467
0.0070,0.0000,0.0000,0.0000,0.0069,0.0000,200,2.3467
0.0068,0.0000,0.0000,0.0000,0.0067,0.0001,200,2.3481
0.0072,0.0000,0.0000,0.0000,0.0071,0.0001,200,2.3537
0.0075,0.0000,0.0000,0.0000,0.0074,0.0000,200,2.3534
0.0076,0.0000,0.0000,0.0000,0.0075,0.0000,200,2.3537
0.0065,0.0000,0.0000,0.0000,0.0064,0.0000,200,2.3549
0.0065,0.0000,0.0000,0.0000,0.0064,0.0001,200,2.3608
0.0064,0.0000,0.0000,0.0000,0.0063,0.0000,200,2.3609
0.0065,0.0000,0.0000,0.0000,0.0065,0.0000,200,2.3613
0.0066,0.0000,0.0000,0.0000,0.0066,0.0000,200,2.3613
0.0066,0.0000,0.0000,0.0000,0.0065,0.0001,200,2.3673
0.0067,0.0000,0.0000,0.0000,0.0066,0.0000,200,2.3678
0.0067,0.0000,0.0000,0.0000,0.0067,0.0000,200,2.3679
0.0074,0.0000,0.0000,0.0000,0.0073,0.0000,200,2.3673
0.0064,0.0000,0.0000,0.0000,0.0063,0.0000,200,2.3739
0.0063,0.0000,0.0000,0.0000,0.0062,0.0000,200,2.3745
0.0062,0.0000,0.0000,0.0000,0.0061,0.0000,200,2.3746
0.0062,0.0000,0.0000,0.0000,0.0062,0.0000,200,2.3747
0.0064,0.0000,0.0000,0.0000,0.0063,0.0001,200,2.3803
0.0062,0.0000,0.0000,0.0000,0.0061,0.0000,200,2.3808
0.0064,0.0000,0.0000,0.0000,0.0064,0.0000,200,2.3808
0.0067,0.0000,0.0000,0.0000,0.0066,0.0000,200,2.3810
0.0066,0.0000,0.0000,0.0000,0.0065,0.0001,200,2.3870
0.0068,0.0000,0.0000,0.0000,0.0067,0.0001,200,2.3867
0.0063,0.0000,0.0000,0.0000,0.0062,0.0001,200,2.3872
0.0066,0.0000,0.0000,0.0000,0.0065,0.0000,200,2.3877
0.0067,0.0000,0.0000,0.0000,0.0066,0.0001,200,2.3935
0.0067,0.0000,0.0000,0.0000,0.0066,0.0000,200,2.3935
0.0067,0.0000,0.0000,0.0000,0.0066,0.0000,200,2.3935
0.0070,0.0000,0.0000,0.0000,0.0070,0.0000,200,2.3943
0.0063,0.0000,0.0000,0.0000,0.0062,0.0001,200,2.4002
0.0063,0.0000,0.0000,0.0000,0.0063,0.0000,200,2.4002
0.0063,0.0000,0.0000,0.0000,0.0063,0.0000,200,2.4002
0.0062,0.0000,0.0000,0.0000,0.0061,0.0000,200,2.4013
0.0064,0.0000,0.0000,0.0000,0.0063,0.0001,200,2.4066
0.0066,0.0000,0.0000,0.0000,0.0065,0.0000,200,2.4066
0.0067,0.0000,0.0000,0.0000,0.0067,0.0000,200,2.4066
0.0060,0.0000,0.0000,0.0000,0.0060,0.0000,200,2.4075
0.0069,0.0000,0.0000,0.0000,0.0068,0.0001,200,2.4132
0.0068,0.0000,0.0000,0.0000,0.0068,0.0000,200,2.4135
0.0075,0.0000,0.0000,0.0000,0.0074,0.0000,200,2.4130
0.0079,0.0000,0.0000,0.0000,0.0069,0.0000,200,2.4133
0.0064,0.0000,0.0000,0.0000,0.0063,0.0001,200,2.4201
0.0063,0.0000,0.0000,0.0000,0.0063,0.0000,200,2.4205
0.0064,0.0000,0.0000,0.0000,0.0064,0.0000,200,2.4204
0.0059,0.0000,0.0000,0.0000,0.0059,0.0000,200,2.4212
0.0064,0.0000,0.0000,0.0000,0.0063,0.0001,200,2.4264
0.0062,0.0000,0.0000,0.0000,0.0062,0.0000,200,2.4268
0.0065,0.0000,0.0000,0.0000,0.0064,0.0000,200,2.4268
0.0061,0.0000,0.0000,0.0000,0.0061,0.0000,200,2.4272
0.0066,0.0000,0.0000,0.0000,0.0065,0.0001,200,2.4328
0.0065,0.0000,0.0000,0.0000,0.0065,0.0000,200,2.4330
0.0070,0.0000,0.0000,0.0000,0.0070,0.0000,200,2.4333
0.0072,0.0000,0.0000,0.0000,0.0071,0.0000,200,2.4333
0.0069,0.0000,0.0000,0.0000,0.0068,0.0001,200,2.4394
0.0070,0.0000,0.0000,0.0000,0.0069,0.0000,200,2.4396
0.0064,0.0000,0.0000,0.0000,0.0064,0.0000,200,2.4405
0.0067,0.0000,0.0000,0.0000,0.0067,0.0000,200,2.4403
0.0065,0.0000,0.0000,0.0000,0.0063,0.0001,200,2.4463
0.0061,0.0000,0.0000,0.0000,0.0060,0.0000,200,2.4469
0.0064,0.0000,0.0000,0.0000,0.0064,0.0000,200,2.4466
0.0062,0.0000,0.0000,0.0000,0.0061,0.0001,200,2.4470
0.0065,0.0000,0.0000,0.0000,0.0064,0.0001,200,2.4528
0.0063,0.0000,0.0000,0.0000,0.0062,0.0000,200,2.4530
0.0062,0.0000,0.0000,0.0000,0.0062,0.0000,200,2.4532
0.0064,0.0000,0.0000,0.0000,0.0063,0.0000,200,2.4530
0.0063,0.0000,0.0000,0.0000,0.0062,0.0001,200,2.4593
0.0063,0.0000,0.0000,0.0000,0.0062,0.0000,200,2.4594
0.0063,0.0000,0.0000,0.0000,0.0062,0.0000,200,2.4594
0.0064,0.0000,0.0000,0.0000,0.0063,0.0000,200,2.4593
0.0063,0.0000,0.0000,0.0000,0.0063,0.0000,200,2.4657
0.0063,0.0000,0.0000,0.0000,0.0063,0.0000,200,2.4657
0.0063,0.0000,0.0000,0.0000,0.0062,0.0000,200,2.4657
0.0064,0.0000,0.0000,0.0000,0.0063,0.0000,200,2.4656
0.0063,0.0000,0.0000,0.0000,0.0062,0.0001,200,2.4720
0.0063,0.0000,0.0000,0.0000,0.0062,0.0000,200,2.4720
0.0063,0.0000,0.0000,0.0000,0.0062,0.0000,200,2.4720
0.0077,0.0000,0.0000,0.0000,0.0077,0.0000,200,2.4720
0.0064,0.0000,0.0000,0.0000,0.0063,0.0001,200,2.4783
0.0065,0.0000,0.0000,0.0000,0.0064,0.0000,200,2.4783
0.0066,0.0000,0.0000,0.0000,0.0065,0.0000,200,2.4783
0.0061,0.0000,0.0000,0.0000,0.0061,0.0000,200,2.4797
0.0065,0.0000,0.0000,0.0000,0.0064,0.0001,200,2.4847
0.0063,0.0000,0.0000,0.0000,0.0062,0.0001,200,2.4849
0.0066,0.0000,0.0000,0.0000,0.0066,0.0000,200,2.4848
0.0064,0.0000,0.0000,0.0000,0.0063,0.0001,200,2.4859
0.0065,0.0000,0.0000,0.0000,0.0063,0.0001,200,2.4912
0.0066,0.0000,0.0000,0.0000,0.0065,0.0000,200,2.4912
0.0063,0.0000,0.0000,0.0000,0.0063,0.0000,200,2.4914
0.0063,0.0000,0.0000,0.0000,0.0062,0.0000,200,2.4922
0.0068,0.0000,0.0000,0.0000,0.0066,0.0001,200,2.4977
0.0077,0.0000,0.0000,0.0000,0.0076,0.0000,200,2.4978
0.0077,0.0000,0.0000,0.0000,0.0077,0.0000,200,2.4978
0.0070,0.0000,0.0000,0.0000,0.0069,0.0000,200,2.4985
0.0063,0.0000,0.0000,0.0000,0.0062,0.0001,200,2.5045
0.0063,0.0000,0.0000,0.0000,0.0062,0.0000,200,2.5055
0.0064,0.0000,0.0000,0.0000,0.0063,0.0000,200,2.5055
0.0077,0.0000,0.0000,0.0000,0.0076,0.0000,200,2.5055
0.0064,0.0000,0.0000,0.0000,0.0063,0.0001,200,2.5108
0.0062,0.0000,0.0000,0.0000,0.0061,0.0000,200,2.5118
0.0062,0.0000,0.0000,0.0000,0.0061,0.0000,200,2.5119
0.0062,0.0000,0.0000,0.0000,0.0061,0.0000,200,2.5132
0.0067,0.0000,0.0000,0.0000,0.0066,0.0001,200,2.5172
0.0064,0.0000,0.0000,0.0000,0.0064,0.0000,200,2.5180
0.0065,0.0000,0.0000,0.0000,0.0063,0.0002,200,2.5180
0.0069,0.0000,0.0000,0.0000,0.0068,0.0001,200,2.5194
0.0061,0.0000,0.0000,0.0000,0.0061,0.0001,200,2.5245
0.0069,0.0000,0.0000,0.0000,0.0068,0.0000,200,2.5238
0.0070,0.0000,0.0000,0.0000,0.0070,0.0000,200,2.5245
0.0080,0.0000,0.0000,0.0000,0.0079,0.0001,200,2.5263
0.0061,0.0000,0.0000,0.0000,0.0060,0.0000,200,2.5306
0.0070,0.0000,0.0000,0.0000,0.0069,0.0000,200,2.5307
0.0061,0.0000,0.0000,0.0000,0.0060,0.0000,200,2.5316
0.0063,0.0000,0.0000,0.0000,0.0062,0.0001,200,2.5343
0.0061,0.0000,0.0000,0.0000,0.0060,0.0000,200,2.5367
0.0060,0.0000,0.0000,0.0000,0.0059,0.0000,200,2.5376
0.0060,0.0000,0.0000,0.0000,0.0060,0.0000,200,2.5376
0.0069,0.0000,0.0000,0.0000,0.0068,0.0001,200,2.5406
0.0070,0.0000,0.0000,0.0000,0.0069,0.0000,200,2.5437
0.0070,0.0000,0.0000,0.0000,0.0069,0.0000,200,2.5437
0.0079,0.0000,0.0000,0.0000,0.0078,0.0001,200,2.5428
0.0066,0.0000,0.0000,0.0000,0.0065,0.0001,200,2.5475
0.0064,0.0000,0.0000,0.0000,0.0063,0.0001,200,2.5507
0.0065,0.0000,0.0000,0.0000,0.0064,0.0000,200,2.5507
0.0065,0.0000,0.0000,0.0000,0.0065,0.0000,200,2.5507
0.0065,0.0000,0.0000,0.0000,0.0064,0.0000,200,2.5542
0.0062,0.0000,0.0000,0.0000,0.0061,0.0001,200,2.5571
0.0064,0.0000,0.0000,0.0000,0.0063,0.0000,200,2.5570
0.0062,0.0000,0.0000,0.0000,0.0062,0.0000,200,2.5572
0.0062,0.0000,0.0000,0.0000,0.0061,0.0000,200,2.5607
0.0062,0.0000,0.0000,0.0000,0.0061,0.0000,200,2.5635
0.0062,0.0000,0.0000,0.0000,0.0061,0.0000,200,2.5634
0.0068,0.0000,0.0000,0.0000,0.0068,0.0000,200,2.5633
0.0061,0.0000,0.0000,0.0000,0.0060,0.0001,200,2.5668
0.0061,0.0000,0.0000,0.0000,0.0061,0.0000,200,2.5696
0.0062,0.0000,0.0000,0.0000,0.0061,0.0000,200,2.5696
0.0062,0.0000,0.0000,0.0000,0.0061,0.0000,200,2.5702
0.0062,0.0000,0.0000,0.0000,0.0061,0.0000,200,2.5729
0.0061,0.0000,0.0000,0.0000,0.0061,0.0000,200,2.5758
0.0061,0.0000,0.0000,0.0000,0.0061,0.0000,200,2.5758
0.0060,0.0000,0.0000,0.0000,0.0059,0.0000,200,2.5763
0.0061,0.0000,0.0000,0.0000,0.0060,0.0001,200,2.5791
0.0062,0.0000,0.0000,0.0000,0.0061,0.0001,200,2.5819
0.0064,0.0000,0.0000,0.0000,0.0063,0.0000,200,2.5819
0.0071,0.0000,0.0000,0.0000,0.0070,0.0001,200,2.5824
0.0060,0.0000,0.0000,0.0000,0.0059,0.0000,200,2.5853
0.0061,0.0000,0.0000,0.0000,0.0060,0.0000,200,2.5883
0.0062,0.0000,0.0000,0.0000,0.0062,0.0000,200,2.5881
0.0068,0.0000,0.0000,0.0000,0.0067,0.0000,200,2.5895
0.0060,0.0000,0.0000,0.0000,0.0060,0.0000,200,2.5912
0.0064,0.0000,0.0000,0.0000,0.0063,0.0000,200,2.5943
0.0064,0.0000,0.0000,0.0000,0.0063,0.0000,200,2.5943
0.0064,0.0000,0.0000,0.0000,0.0063,0.0000,200,2.5962
0.0061,0.0000,0.0000,0.0000,0.0061,0.0000,200,2.5973
0.0063,0.0000,0.0000,0.0000,0.0063,0.0000,200,2.6007
0.0064,0.0000,0.0000,0.0000,0.0063,0.0000,200,2.6007
0.0063,0.0000,0.0000,0.0000,0.0062,0.0000,200,2.6027
0.0062,0.0000,0.0000,0.0000,0.0061,0.0000,200,2.6034
0.0064,0.0000,0.0000,0.0000,0.0063,0.0000,200,2.6071
0.0064,0.0000,0.0000,0.0000,0.0063,0.0000,200,2.6071
0.0063,0.0000,0.0000,0.0000,0.0062,0.0000,200,2.6089
0.0061,0.0000,0.0000,0.0000,0.0060,0.0000,200,2.6096
0.0064,0.0000,0.0000,0.0000,0.0064,0.0000,200,2.6135
0.0064,0.0000,0.0000,0.0000,0.0064,0.0000,200,2.6135
0.0062,0.0000,0.0000,0.0000,0.0061,0.0001,200,2.6152
0.0063,0.0000,0.0000,0.0000,0.0063,0.0000,200,2.6157
0.0062,0.0000,0.0000,0.0000,0.0062,0.0000,200,2.6199
0.0063,0.0000,0.0000,0.0000,0.0061,0.0000,200,2.6199
0.0074,0.0000,0.0000,0.0000,0.0073,0.0000,200,2.6215
0.0068,0.0000,0.0000,0.0000,0.0067,0.0000,200,2.6220
0.0064,0.0000,0.0000,0.0000,0.0063,0.0001,200,2.6262
0.0064,0.0000,0.0000,0.0000,0.0063,0.0000,200,2.6262
0.0063,0.0000,0.0000,0.0000,0.0062,0.0000,200,2.6288
0.0065,0.0000,0.0000,0.0000,0.0064,0.0000,200,2.6288
0.0063,0.0000,0.0000,0.0000,0.0062,0.0000,200,2.6325
0.0063,0.0000,0.0000,0.0000,0.0062,0.0000,200,2.6326
0.0062,0.0000,0.0000,0.0000,0.0062,0.0001,200,2.6351
0.0061,0.0000,0.0000,0.0000,0.0060,0.0000,200,2.6353
0.0064,0.0000,0.0000,0.0000,0.0064,0.0000,200,2.6388
0.0064,0.0000,0.0000,0.0000,0.0064,0.0000,200,2.6388
0.0061,0.0000,0.0000,0.0000,0.0061,0.0001,200,2.6414
0.0062,0.0000,0.0000,0.0000,0.0061,0.0000,200,2.6413
0.0063,0.0000,0.0000,0.0000,0.0062,0.0001,200,2.6453
0.0063,0.0000,0.0000,0.0000,0.0062,0.0000,200,2.6453
0.0083,0.0000,0.0000,0.0000,0.0082,0.0001,200,2.6475
0.0085,0.0000,0.0000,0.0000,0.0084,0.0000,200,2.6475
0.0062,0.0000,0.0000,0.0000,0.0061,0.0001,200,2.6515
0.0062,0.0000,0.0000,0.0000,0.0062,0.0000,200,2.6515
0.0062,0.0000,0.0000,0.0000,0.0061,0.0001,200,2.6559
0.0062,0.0000,0.0000,0.0000,0.0061,0.0001,200,2.6560
0.0062,0.0000,0.0000,0.0000,0.0061,0.0000,200,2.6577
0.0063,0.0000,0.0000,0.0000,0.0062,0.0000,200,2.6578
0.0064,0.0000,0.0000,0.0000,0.0063,0.0000,200,2.6621
0.0062,0.0000,0.0000,0.0000,0.0061,0.0000,200,2.6623
0.0063,0.0000,0.0000,0.0000,0.0062,0.0001,200,2.6639
0.0061,0.0000,0.0000,0.0000,0.0061,0.0000,200,2.6640
0.0063,0.0000,0.0000,0.0000,0.0062,0.0001,200,2.6685
0.0063,0.0000,0.0000,0.0000,0.0062,0.0000,200,2.6685
0.0061,0.0000,0.0000,0.0000,0.0061,0.0000,200,2.6702
0.0064,0.0000,0.0000,0.0000,0.0064,0.0000,200,2.6702
0.0062,0.0000,0.0000,0.0000,0.0061,0.0000,200,2.6748
0.0063,0.0000,0.0000,0.0000,0.0061,0.0000,200,2.6747
0.0061,0.0000,0.0000,0.0000,0.0060,0.0001,200,2.6763
0.0061,0.0000,0.0000,0.0000,0.0060,0.0000,200,2.6766
0.0063,0.0000,0.0000,0.0000,0.0063,0.0000,200,2.6810
0.0063,0.0000,0.0000,0.0000,0.0063,0.0000,200,2.6810
0.0062,0.0000,0.0000,0.0000,0.0062,0.0000,200,2.6824
0.0060,0.0000,0.0000,0.0000,0.0060,0.0000,200,2.6827
0.0063,0.0000,0.0000,0.0000,0.0062,0.0000,200,2.6873
0.0063,0.0000,0.0000,0.0000,0.0062,0.0000,200,2.6874
0.0061,0.0000,0.0000,0.0000,0.0060,0.0000,200,2.6887
0.0061,0.0000,0.0000,0.0000,0.0060,0.0000,200,2.6887
0.0063,0.0000,0.0000,0.0000,0.0062,0.0000,200,2.6936
0.0063,0.0000,0.0000,0.0000,0.0062,0.0001,200,2.6936
0.0061,0.0000,0.0000,0.0000,0.0060,0.0000,200,2.6947
0.0061,0.0000,0.0000,0.0000,0.0061,0.0000,200,2.6948
0.0063,0.0000,0.0000,0.0000,0.0062,0.0000,200,2.7000
0.0064,0.0000,0.0000,0.0000,0.0063,0.0000,200,2.7000
0.0062,0.0000,0.0000,0.0000,0.0061,0.0000,200,2.7009
0.0062,0.0000,0.0000,0.0000,0.0061,0.0000,200,2.7008
0.0068,0.0000,0.0000,0.0000,0.0067,0.0001,200,2.7063
0.0069,0.0000,0.0000,0.0000,0.0068,0.0000,200,2.7063
0.0065,0.0000,0.0000,0.0000,0.0065,0.0000,200,2.7071
0.0065,0.0000,0.0000,0.0000,0.0065,0.0000,200,2.7071
0.0066,0.0000,0.0000,0.0000,0.0065,0.0001,200,2.7132
0.0062,0.0000,0.0000,0.0000,0.0061,0.0000,200,2.7136
0.0063,0.0000,0.0000,0.0000,0.0062,0.0001,200,2.7136
0.0077,0.0000,0.0000,0.0000,0.0076,0.0001,200,2.7131
0.0074,0.0000,0.0000,0.0000,0.0072,0.0001,200,2.7199
0.0077,0.0000,0.0000,0.0000,0.0076,0.0000,200,2.7197
0.0082,0.0000,0.0000,0.0000,0.0081,0.0000,200,2.7197
0.0079,0.0000,0.0000,0.0000,0.0078,0.0001,200,2.7209
0.0067,0.0000,0.0000,0.0000,0.0065,0.0001,200,2.7272
0.0075,0.0000,0.0000,0.0000,0.0074,0.0000,200,2.7280
0.0081,0.0000,0.0000,0.0000,0.0080,0.0000,200,2.7274
0.0075,0.0000,0.0000,0.0000,0.0069,0.0006,200,2.7288
0.0076,0.0000,0.0000,0.0000,0.0075,0.0001,200,2.7339
0.0070,0.0000,0.0000,0.0001,0.0066,0.0001,200,2.7355
0.0072,0.0000,0.0000,0.0000,0.0071,0.0000,200,2.7363
0.0117,0.0000,0.0000,0.0003,0.0081,0.0001,200,2.7355
0.0071,0.0000,0.0000,0.0000,0.0069,0.0001,200,2.7415
0.0071,0.0000,0.0000,0.0000,0.0070,0.0000,200,2.7425
0.0096,0.0000,0.0000,0.0000,0.0096,0.0000,200,2.7435
0.0065,0.0000,0.0000,0.0000,0.0064,0.0000,200,2.7472
0.0094,0.0000,0.0000,0.0000,0.0093,0.0001,200,2.7486
0.0096,0.0000,0.0000,0.0000,0.0094,0.0000,200,2.7496
0.0075,0.0000,0.0000,0.0000,0.0074,0.0001,200,2.7532
0.0077,0.0000,0.0000,0.0000,0.0076,0.0001,200,2.7537
0.0076,0.0000,0.0000,0.0000,0.0075,0.0001,200,2.7580
0.0070,0.0000,0.0000,0.0000,0.0069,0.0000,200,2.7592
0.0066,0.0000,0.0000,0.0000,0.0065,0.0001,200,2.7607
0.0093,0.0000,0.0000,0.0000,0.0090,0.0002,200,2.7614
0.0063,0.0000,0.0000,0.0000,0.0062,0.0001,200,2.7656
0.0074,0.0000,0.0000,0.0000,0.0073,0.0001,200,2.7662
0.0102,0.0000,0.0000,0.0000,0.0102,0.0001,200,2.7674
0.0076,0.0000,0.0000,0.0000,0.0075,0.0001,200,2.7707
0.0069,0.0000,0.0000,0.0000,0.0068,0.0000,200,2.7719
0.0079,0.0000,0.0000,0.0000,0.0069,0.0009,200,2.7736
0.0065,0.0000,0.0000,0.0000,0.0064,0.0001,200,2.7776
0.0068,0.0000,0.0000,0.0000,0.0067,0.0001,200,2.7788
0.0095,0.0000,0.0000,0.0001,0.0093,0.0001,200,2.7783
0.0066,0.0000,0.0000,0.0000,0.0065,0.0000,200,2.7814
0.0066,0.0000,0.0000,0.0000,0.0065,0.0001,200,2.7841
0.0069,0.0000,0.0000,0.0000,0.0068,0.0001,200,2.7856
0.0064,0.0000,0.0000,0.0000,0.0063,0.0000,200,2.7878
0.0062,0.0000,0.0000,0.0000,0.0061,0.0000,200,2.7880
0.0065,0.0000,0.0000,0.0000,0.0064,0.0001,200,2.7925
0.0085,0.0000,0.0000,0.0000,0.0084,0.0000,200,2.7907
0.0081,0.0000,0.0000,0.0000,0.0080,0.0001,200,2.7942
0.0083,0.0000,0.0000,0.0000,0.0082,0.0000,200,2.7942
0.0071,0.0000,0.0000,0.0000,0.0070,0.0000,200,2.7990
0.0069,0.0000,0.0000,0.0000,0.0068,0.0001,200,2.7992
0.0065,0.0000,0.0000,0.0000,0.0064,0.0000,200,2.8023
0.0072,0.0000,0.0000,0.0000,0.0071,0.0000,200,2.8025
0.0068,0.0000,0.0000,0.0000,0.0068,0.0000,200,2.8060
0.0068,0.0000,0.0000,0.0000,0.0068,0.0000,200,2.8060
0.0064,0.0000,0.0000,0.0000,0.0063,0.0001,200,2.8088
0.0075,0.0000,0.0000,0.0000,0.0075,0.0000,200,2.8097
0.0069,0.0000,0.0000,0.0000,0.0068,0.0001,200,2.8129
0.0071,0.0000,0.0000,0.0000,0.0070,0.0000,200,2.8129
0.0062,0.0000,0.0000,0.0000,0.0062,0.0000,200,2.8153
0.0062,0.0000,0.0000,0.0000,0.0061,0.0000,200,2.8172
0.0068,0.0000,0.0000,0.0000,0.0068,0.0000,200,2.8200
0.0070,0.0000,0.0000,0.0000,0.0069,0.0001,200,2.8198
0.0067,0.0000,0.0000,0.0000,0.0066,0.0001,200,2.8216
0.0077,0.0000,0.0000,0.0000,0.0076,0.0000,200,2.8234
0.0064,0.0000,0.0000,0.0000,0.0063,0.0000,200,2.8268
0.0071,0.0000,0.0000,0.0000,0.0070,0.0000,200,2.8268
0.0064,0.0000,0.0000,0.0000,0.0063,0.0000,200,2.8282
0.0066,0.0000,0.0000,0.0000,0.0065,0.0000,200,2.8310
0.0066,0.0000,0.0000,0.0000,0.0064,0.0001,200,2.8332
0.0073,0.0000,0.0000,0.0000,0.0071,0.0001,200,2.8347
0.0081,0.0000,0.0000,0.0000,0.0081,0.0000,200,2.8339
0.0071,0.0000,0.0000,0.0000,0.0070,0.0001,200,2.8376
0.0072,0.0000,0.0000,0.0000,0.0071,0.0001,200,2.8419
0.0072,0.0000,0.0000,0.0000,0.0071,0.0000,200,2.8420
0.0073,0.0000,0.0000,0.0000,0.0072,0.0001,200,2.8448
0.0064,0.0000,0.0000,0.0000,0.0063,0.0001,200,2.8492
0.0159,0.0000,0.0000,0.0000,0.0158,0.0000,200,2.8398
0.0065,0.0000,0.0000,0.0000,0.0064,0.0000,200,2.8492
0.0074,0.0000,0.0000,0.0000,0.0072,0.0001,200,2.8521
0.0066,0.0000,0.0000,0.0000,0.0065,0.0001,200,2.8556
0.0066,0.0000,0.0000,0.0000,0.0066,0.0000,200,2.8557
0.0067,0.0000,0.0000,0.0000,0.0066,0.0000,200,2.8556
0.0081,0.0000,0.0000,0.0000,0.0080,0.0001,200,2.8595
0.0096,0.0000,0.0000,0.0000,0.0095,0.0001,200,2.8623
0.0105,0.0000,0.0000,0.0000,0.0104,0.0000,200,2.8623
0.0105,0.0000,0.0000,0.0000,0.0105,0.0000,200,2.8622
0.0108,0.0000,0.0000,0.0000,0.0107,0.0001,200,2.8676
0.0070,0.0000,0.0000,0.0000,0.0069,0.0001,200,2.8719
0.0062,0.0000,0.0000,0.0000,0.0061,0.0000,200,2.8728
0.0066,0.0000,0.0000,0.0003,0.0063,0.0000,200,2.8727
0.0063,0.0000,0.0000,0.0000,0.0062,0.0000,200,2.8789
0.0068,0.0000,0.0000,0.0000,0.0067,0.0000,200,2.8784
0.0063,0.0000,0.0000,0.0000,0.0063,0.0000,200,2.8790
0.0072,0.0000,0.0000,0.0000,0.0072,0.0000,200,2.8793
0.0062,0.0000,0.0000,0.0000,0.0061,0.0000,200,2.8852
0.0061,0.0000,0.0000,0.0000,0.0061,0.0000,200,2.8853
0.0062,0.0000,0.0000,0.0000,0.0061,0.0000,200,2.8852
0.0063,0.0000,0.0000,0.0000,0.0062,0.0001,200,2.8865
0.0068,0.0000,0.0000,0.0000,0.0067,0.0001,200,2.8914
0.0072,0.0000,0.0000,0.0000,0.0072,0.0000,200,2.8914
0.0074,0.0000,0.0000,0.0000,0.0073,0.0000,200,2.8914
0.0062,0.0000,0.0000,0.0000,0.0062,0.0000,200,2.8928
0.0065,0.0000,0.0000,0.0000,0.0064,0.0001,200,2.8982
0.0061,0.0000,0.0000,0.0000,0.0060,0.0000,200,2.8987
0.0061,0.0000,0.0000,0.0000,0.0061,0.0000,200,2.8988
0.0061,0.0000,0.0000,0.0000,0.0060,0.0000,200,2.8991
0.0063,0.0000,0.0000,0.0000,0.0062,0.0000,200,2.9047
0.0063,0.0000,0.0000,0.0000,0.0062,0.0000,200,2.9047
0.0061,0.0000,0.0000,0.0000,0.0061,0.0000,200,2.9051
0.0075,0.0000,0.0000,0.0000,0.0074,0.0001,200,2.9049
0.0065,0.0000,0.0000,0.0000,0.0064,0.0000,200,2.9110
0.0065,0.0000,0.0000,0.0000,0.0064,0.0001,200,2.9111
0.0069,0.0000,0.0000,0.0000,0.0067,0.0001,200,2.9113
0.0064,0.0000,0.0000,0.0000,0.0063,0.0000,200,2.9124
0.0065,0.0000,0.0000,0.0000,0.0064,0.0001,200,2.9175
0.0066,0.0000,0.0000,0.0000,0.0065,0.0000,200,2.9175
0.0065,0.0000,0.0000,0.0000,0.0064,0.0000,200,2.9182
0.0069,0.0000,0.0000,0.0000,0.0068,0.0000,200,2.9188
0.0063,0.0000,0.0000,0.0000,0.0062,0.0001,200,2.9241
0.0066,0.0000,0.0000,0.0000,0.0065,0.0000,200,2.9240
0.0063,0.0000,0.0000,0.0000,0.0062,0.0000,200,2.9257
0.0073,0.0000,0.0000,0.0000,0.0073,0.0000,200,2.9247
0.0066,0.0000,0.0000,0.0000,0.0065,0.0001,200,2.9305
0.0065,0.0000,0.0000,0.0000,0.0065,0.0000,200,2.9305
0.0064,0.0000,0.0000,0.0000,0.0063,0.0000,200,2.9320
0.0064,0.0000,0.0000,0.0000,0.0064,0.0000,200,2.9320
0.0064,0.0000,0.0000,0.0000,0.0063,0.0001,200,2.9371
0.0064,0.0000,0.0000,0.0000,0.0063,0.0000,200,2.9371
0.0061,0.0000,0.0000,0.0000,0.0060,0.0000,200,2.9384
0.0062,0.0000,0.0000,0.0000,0.0061,0.0000,200,2.9384
0.0065,0.0000,0.0000,0.0000,0.0064,0.0001,200,2.9434
0.0064,0.0000,0.0000,0.0000,0.0064,0.0001,200,2.9435
0.0062,0.0000,0.0000,0.0000,0.0061,0.0000,200,2.9445
0.0061,0.0000,0.0000,0.0000,0.0061,0.0000,200,2.9446
0.0064,0.0000,0.0000,0.0000,0.0063,0.0001,200,2.9499
0.0064,0.0000,0.0000,0.0000,0.0064,0.0000,200,2.9499
0.0060,0.0000,0.0000,0.0000,0.0059,0.0000,200,2.9507
0.0062,0.0000,0.0000,0.0000,0.0061,0.0000,200,2.9507
0.0065,0.0000,0.0000,0.0000,0.0064,0.0001,200,2.9564
0.0063,0.0000,0.0000,0.0000,0.0063,0.0000,200,2.9566
0.0074,0.0000,0.0000,0.0000,0.0074,0.0001,200,2.9569
0.0106,0.0000,0.0000,0.0011,0.0093,0.0001,200,2.9564
0.0063,0.0000,0.0000,0.0000,0.0062,0.0001,200,2.9629
0.0064,0.0000,0.0000,0.0000,0.0063,0.0000,200,2.9630
0.0062,0.0000,0.0000,0.0000,0.0061,0.0000,200,2.9643
0.0066,0.0000,0.0000,0.0000,0.0065,0.0001,200,2.9669
0.0064,0.0000,0.0000,0.0000,0.0063,0.0000,200,2.9694
0.0066,0.0000,0.0000,0.0000,0.0065,0.0001,200,2.9692
0.0063,0.0000,0.0000,0.0000,0.0063,0.0001,200,2.9705
0.0065,0.0000,0.0000,0.0000,0.0064,0.0000,200,2.9735
0.0064,0.0000,0.0000,0.0000,0.0063,0.0000,200,2.9758
0.0064,0.0000,0.0000,0.0000,0.0063,0.0000,200,2.9757
0.0063,0.0000,0.0000,0.0000,0.0062,0.0000,200,2.9768
0.0062,0.0000,0.0000,0.0000,0.0061,0.0001,200,2.9800
0.0061,0.0000,0.0000,0.0000,0.0061,0.0000,200,2.9822
0.0062,0.0000,0.0000,0.0000,0.0061,0.0000,200,2.9822
0.0076,0.0000,0.0000,0.0000,0.0075,0.0000,200,2.9832
0.0060,0.0000,0.0000,0.0000,0.0059,0.0000,200,2.9862
0.0062,0.0000,0.0000,0.0000,0.0061,0.0000,200,2.9883
0.0062,0.0000,0.0000,0.0000,0.0062,0.0000,200,2.9883
0.0063,0.0000,0.0000,0.0000,0.0062,0.0000,200,2.9907
0.0061,0.0000,0.0000,0.0000,0.0060,0.0000,200,2.9922
0.0061,0.0000,0.0000,0.0000,0.0060,0.0000,200,2.9945
0.0062,0.0000,0.0000,0.0000,0.0061,0.0000,200,2.9945
0.0061,0.0000,0.0000,0.0000,0.0060,0.0000,200,2.9970
0.0060,0.0000,0.0000,0.0000,0.0059,0.0000,200,2.9983
0.0061,0.0000,0.0000,0.0000,0.0060,0.0001,200,3.0006
0.0064,0.0000,0.0000,0.0000,0.0063,0.0000,200,3.0006
0.0062,0.0000,0.0000,0.0000,0.0061,0.0000,200,3.0031
0.0061,0.0000,0.0000,0.0000,0.0060,0.0001,200,3.0043
0.0074,0.0000,0.0000,0.0000,0.0073,0.0000,200,3.0070
0.0077,0.0000,0.0000,0.0000,0.0076,0.0000,200,3.0068
0.0061,0.0000,0.0000,0.0000,0.0060,0.0000,200,3.0092
0.0060,0.0000,0.0000,0.0000,0.0060,0.0000,200,3.0103
0.0063,0.0000,0.0000,0.0001,0.0061,0.0000,200,3.0144
0.0065,0.0000,0.0000,0.0001,0.0064,0.0000,200,3.0145
0.0061,0.0000,0.0000,0.0000,0.0060,0.0000,200,3.0153
0.0062,0.0000,0.0000,0.0000,0.0061,0.0001,200,3.0164
0.0065,0.0000,0.0000,0.0000,0.0064,0.0001,200,3.0210
0.0068,0.0000,0.0000,0.0000,0.0068,0.0000,200,3.0207
0.0062,0.0000,0.0000,0.0000,0.0061,0.0000,200,3.0214
0.0062,0.0000,0.0000,0.0000,0.0061,0.0000,200,3.0225
0.0064,0.0000,0.0000,0.0000,0.0063,0.0001,200,3.0275
0.0064,0.0000,0.0000,0.0000,0.0063,0.0000,200,3.0275
0.0063,0.0000,0.0000,0.0000,0.0063,0.0000,200,3.0276
0.0068,0.0000,0.0000,0.0000,0.0067,0.0000,200,3.0287
0.0064,0.0000,0.0000,0.0000,0.0063,0.0001,200,3.0339
0.0065,0.0000,0.0000,0.0000,0.0064,0.0000,200,3.0339
0.0066,0.0000,0.0000,0.0000,0.0065,0.0000,200,3.0339
0.0061,0.0000,0.0000,0.0000,0.0060,0.0000,200,3.0355
0.0062,0.0000,0.0000,0.0000,0.0062,0.0000,200,3.0404
0.0064,0.0000,0.0000,0.0000,0.0063,0.0000,200,3.0403
0.0062,0.0000,0.0000,0.0000,0.0062,0.0000,200,3.0405
0.0061,0.0000,0.0000,0.0000,0.0061,0.0000,200,3.0416
0.0064,0.0000,0.0000,0.0000,0.0064,0.0000,200,3.0467
0.0064,0.0000,0.0000,0.0000,0.0064,0.0000,200,3.0467
0.0064,0.0000,0.0000,0.0000,0.0063,0.0001,200,3.0467
0.0063,0.0000,0.0000,0.0000,0.0062,0.0001,200,3.0477
0.0063,0.0000,0.0000,0.0000,0.0062,0.0001,200,3.0531
0.0064,0.0000,0.0000,0.0000,0.0064,0.0000,200,3.0531
0.0065,0.0000,0.0000,0.0000,0.0064,0.0000,200,3.0531
0.0063,0.0000,0.0000,0.0000,0.0062,0.0000,200,3.0541
0.0062,0.0000,0.0000,0.0000,0.0061,0.0001,200,3.0595
0.0063,0.0000,0.0000,0.0000,0.0063,0.0000,200,3.0596
0.0065,0.0000,0.0000,0.0000,0.0065,0.0000,200,3.0594
0.0074,0.0000,0.0000,0.0000,0.0073,0.0001,200,3.0603
0.0067,0.0000,0.0000,0.0000,0.0066,0.0001,200,3.0657
0.0065,0.0000,0.0000,0.0000,0.0064,0.0000,200,3.0660
0.0064,0.0000,0.0000,0.0000,0.0063,0.0000,200,3.0678
0.0083,0.0000,0.0000,0.0000,0.0081,0.0000,200,3.0659
0.0063,0.0000,0.0000,0.0000,0.0062,0.0000,200,3.0725
0.0063,0.0000,0.0000,0.0000,0.0062,0.0000,200,3.0725
0.0060,0.0000,0.0000,0.0000,0.0060,0.0000,200,3.0741
0.0063,0.0000,0.0000,0.0000,0.0062,0.0000,200,3.0742
0.0063,0.0000,0.0000,0.0000,0.0062,0.0001,200,3.0788
0.0064,0.0000,0.0000,0.0000,0.0064,0.0000,200,3.0787
0.0063,0.0000,0.0000,0.0000,0.0062,0.0000,200,3.0802
0.0061,0.0000,0.0000,0.0000,0.0060,0.0000,200,3.0804
0.0062,0.0000,0.0000,0.0000,0.0061,0.0001,200,3.0851
0.0063,0.0000,0.0000,0.0000,0.0062,0.0000,200,3.0852
0.0062,0.0000,0.0000,0.0000,0.0061,0.0001,200,3.0865
0.0062,0.0000,0.0000,0.0000,0.0062,0.0000,200,3.0865
0.0062,0.0000,0.0000,0.0000,0.0061,0.0001,200,3.0914
0.0063,0.0000,0.0000,0.0000,0.0062,0.0000,200,3.0913
0.0065,0.0000,0.0000,0.0000,0.0064,0.0000,200,3.0928
0.0066,0.0000,0.0000,0.0000,0.0065,0.0000,200,3.0927
0.0065,0.0000,0.0000,0.0000,0.0064,0.0000,200,3.0976
0.0065,0.0000,0.0000,0.0000,0.0064,0.0000,200,3.0976
0.0063,0.0000,0.0000,0.0000,0.0062,0.0000,200,3.0992
0.0064,0.0000,0.0000,0.0000,0.0064,0.0000,200,3.0992
0.0066,0.0000,0.0000,0.0000,0.0065,0.0000,200,3.1041
0.0066,0.0000,0.0000,0.0000,0.0065,0.0000,200,3.1041
0.0061,0.0000,0.0000,0.0000,0.0060,0.0000,200,3.1057
0.0063,0.0000,0.0000,0.0000,0.0063,0.0000,200,3.1056
0.0064,0.0000,0.0000,0.0000,0.0063,0.0001,200,3.1107
0.0064,0.0000,0.0000,0.0000,0.0063,0.0000,200,3.1107
0.0060,0.0000,0.0000,0.0000,0.0060,0.0000,200,3.1118
0.0061,0.0000,0.0000,0.0000,0.0060,0.0000,200,3.1119
0.0064,0.0000,0.0000,0.0000,0.0063,0.0000,200,3.1170
0.0064,0.0000,0.0000,0.0000,0.0063,0.0001,200,3.1171
0.0062,0.0000,0.0000,0.0000,0.0061,0.0000,200,3.1178
0.0066,0.0000,0.0000,0.0000,0.0065,0.0000,200,3.1180
0.0062,0.0000,0.0000,0.0000,0.0061,0.0000,200,3.1235
0.0062,0.0000,0.0000,0.0000,0.0062,0.0000,200,3.1235
0.0061,0.0000,0.0000,0.0000,0.0060,0.0000,200,3.1240
0.0059,0.0000,0.0000,0.0000,0.0059,0.0000,200,3.1245
0.0061,0.0000,0.0000,0.0000,0.0061,0.0000,200,3.1297
0.0061,0.0000,0.0000,0.0000,0.0061,0.0000,200,3.1297
0.0060,0.0000,0.0000,0.0000,0.0059,0.0000,200,3.1301
0.0060,0.0000,0.0000,0.0000,0.0060,0.0000,200,3.1305
0.0061,0.0000,0.0000,0.0000,0.0060,0.0000,200,3.1360
0.0063,0.0000,0.0000,0.0000,0.0062,0.0001,200,3.1358
0.0063,0.0000,0.0000,0.0000,0.0062,0.0001,200,3.1358
0.0061,0.0000,0.0000,0.0000,0.0060,0.0000,200,3.1365
0.0064,0.0000,0.0000,0.0000,0.0063,0.0001,200,3.1421
0.0063,0.0000,0.0000,0.0000,0.0062,0.0000,200,3.1426
0.0068,0.0000,0.0000,0.0000,0.0067,0.0001,200,3.1421
0.0068,0.0000,0.0000,0.0000,0.0068,0.0000,200,3.1421
0.0067,0.0000,0.0000,0.0000,0.0066,0.0001,200,3.1486
0.0065,0.0000,0.0000,0.0000,0.0064,0.0001,200,3.1489
0.0065,0.0000,0.0000,0.0000,0.0065,0.0000,200,3.1490
0.0066,0.0000,0.0000,0.0000,0.0066,0.0000,200,3.1489
0.0065,0.0000,0.0000,0.0000,0.0064,0.0001,200,3.1555
0.0068,0.0000,0.0000,0.0000,0.0067,0.0000,200,3.1552
0.0066,0.0000,0.0000,0.0000,0.0065,0.0000,200,3.1555
0.0065,0.0000,0.0000,0.0000,0.0065,0.0000,200,3.1555
0.0064,0.0000,0.0000,0.0000,0.0063,0.0001,200,3.1619
0.0066,0.0000,0.0000,0.0000,0.0065,0.0000,200,3.1620
0.0066,0.0000,0.0000,0.0000,0.0066,0.0000,200,3.1621
0.0067,0.0000,0.0000,0.0000,0.0066,0.0000,200,3.1621
0.0064,0.0000,0.0000,0.0000,0.0064,0.0001,200,3.1687
0.0065,0.0000,0.0000,0.0000,0.0064,0.0001,200,3.1687
0.0068,0.0000,0.0000,0.0000,0.0068,0.0000,200,3.1684
0.0067,0.0000,0.0000,0.0000,0.0066,0.0000,200,3.1686
0.0069,0.0000,0.0000,0.0000,0.0068,0.0001,200,3.1751
0.0069,0.0000,0.0000,0.0000,0.0069,0.0000,200,3.1752
0.0083,0.0000,0.0000,0.0001,0.0082,0.0000,200,3.1752
0.0083,0.0000,0.0000,0.0000,0.0083,0.0000,200,3.1753
0.0076,0.0000,0.0000,0.0000,0.0075,0.0001,200,3.1820
0.0075,0.0000,0.0000,0.0000,0.0075,0.0000,200,3.1821
0.0070,0.0000,0.0000,0.0000,0.0069,0.0000,200,3.1835
0.0068,0.0000,0.0000,0.0000,0.0066,0.0001,200,3.1897
0.0069,0.0000,0.0000,0.0000,0.0069,0.0000,200,3.1896
0.0062,0.0000,0.0000,0.0000,0.0061,0.0000,200,3.1905
0.0173,0.0000,0.0000,0.0000,0.0172,0.0001,200,3.1836
0.0064,0.0000,0.0000,0.0000,0.0063,0.0001,200,3.1964
0.0063,0.0000,0.0000,0.0000,0.0063,0.0000,200,3.1966
0.0062,0.0000,0.0000,0.0000,0.0062,0.0000,200,3.1967
0.0067,0.0000,0.0000,0.0000,0.0066,0.0001,200,3.2009
0.0067,0.0000,0.0000,0.0000,0.0066,0.0001,200,3.2029
0.0066,0.0000,0.0000,0.0000,0.0066,0.0001,200,3.2029
0.0068,0.0000,0.0000,0.0000,0.0067,0.0000,200,3.2030
0.0067,0.0000,0.0000,0.0000,0.0066,0.0001,200,3.2077
0.0065,0.0000,0.0000,0.0000,0.0064,0.0000,200,3.2095
0.0072,0.0000,0.0000,0.0000,0.0071,0.0000,200,3.2095
0.0070,0.0000,0.0000,0.0000,0.0069,0.0000,200,3.2097
0.0065,0.0000,0.0000,0.0000,0.0064,0.0001,200,3.2143
0.0070,0.0000,0.0000,0.0000,0.0069,0.0001,200,3.2161
0.0064,0.0000,0.0000,0.0000,0.0064,0.0000,200,3.2167
0.0065,0.0000,0.0000,0.0000,0.0065,0.0000,200,3.2167
0.0069,0.0000,0.0000,0.0000,0.0067,0.0002,200,3.2209
0.0067,0.0000,0.0000,0.0000,0.0066,0.0001,200,3.2231
0.0068,0.0000,0.0000,0.0000,0.0068,0.0000,200,3.2232
0.0069,0.0000,0.0000,0.0000,0.0068,0.0000,200,3.2231
0.0070,0.0000,0.0000,0.0000,0.0067,0.0003,200,3.2278
0.0066,0.0000,0.0000,0.0000,0.0065,0.0001,200,3.2298
0.0087,0.0000,0.0000,0.0000,0.0086,0.0001,200,3.2300
0.0087,0.0000,0.0000,0.0000,0.0087,0.0000,200,3.2300
0.0076,0.0000,0.0000,0.0000,0.0074,0.0002,200,3.2348
0.0091,0.0000,0.0000,0.0000,0.0089,0.0001,200,3.2364
0.0083,0.0000,0.0000,0.0000,0.0082,0.0001,200,3.2387
0.0088,0.0000,0.0000,0.0000,0.0088,0.0000,200,3.2388
0.0071,0.0000,0.0000,0.0000,0.0070,0.0001,200,3.2424
0.0076,0.0000,0.0000,0.0000,0.0075,0.0001,200,3.2455
0.0066,0.0000,0.0000,0.0000,0.0066,0.0000,200,3.2470
0.0066,0.0000,0.0000,0.0000,0.0065,0.0001,200,3.2496
0.0088,0.0000,0.0000,0.0000,0.0087,0.0000,200,3.2476
0.0082,0.0000,0.0000,0.0000,0.0081,0.0001,200,3.2537
0.0090,0.0000,0.0000,0.0000,0.0089,0.0000,200,3.2531
0.0080,0.0000,0.0000,0.0000,0.0079,0.0001,200,3.2561
0.0116,0.0000,0.0000,0.0000,0.0116,0.0001,200,3.2564
0.0064,0.0000,0.0000,0.0000,0.0062,0.0000,200,3.2619
0.0066,0.0000,0.0000,0.0000,0.0066,0.0000,200,3.2620
0.0077,0.0000,0.0000,0.0000,0.0076,0.0001,200,3.2641
0.0068,0.0000,0.0000,0.0000,0.0067,0.0001,200,3.2681
0.0068,0.0000,0.0000,0.0000,0.0067,0.0000,200,3.2682
0.0098,0.0000,0.0000,0.0000,0.0098,0.0001,200,3.2687
0.0068,0.0000,0.0000,0.0000,0.0067,0.0000,200,3.2718
0.0070,0.0000,0.0000,0.0000,0.0069,0.0001,200,3.2748
0.0069,0.0000,0.0000,0.0000,0.0068,0.0000,200,3.2750
0.0070,0.0000,0.0000,0.0000,0.0065,0.0004,200,3.2785
0.0073,0.0000,0.0000,0.0000,0.0072,0.0001,200,3.2786
0.0083,0.0000,0.0000,0.0000,0.0082,0.0001,200,3.2819
0.0085,0.0000,0.0000,0.0000,0.0085,0.0000,200,3.2818
0.0069,0.0000,0.0000,0.0000,0.0067,0.0001,200,3.2855
0.0101,0.0000,0.0000,0.0002,0.0096,0.0000,200,3.2859
0.0065,0.0000,0.0000,0.0000,0.0064,0.0000,200,3.2902
0.0064,0.0000,0.0000,0.0000,0.0064,0.0000,200,3.2903
0.0068,0.0000,0.0000,0.0000,0.0066,0.0001,200,3.2924
0.0063,0.0000,0.0000,0.0000,0.0062,0.0000,200,3.2968
0.0063,0.0000,0.0000,0.0000,0.0062,0.0000,200,3.2968
0.0071,0.0000,0.0000,0.0000,0.0070,0.0001,200,3.2959
0.0067,0.0000,0.0000,0.0000,0.0066,0.0001,200,3.2991
0.0066,0.0000,0.0000,0.0000,0.0065,0.0001,200,3.3031
0.0066,0.0000,0.0000,0.0000,0.0065,0.0000,200,3.3030
0.0066,0.0000,0.0000,0.0000,0.0065,0.0000,200,3.3030
0.0065,0.0000,0.0000,0.0000,0.0064,0.0001,200,3.3059
0.0073,0.0000,0.0000,0.0000,0.0071,0.0001,200,3.3096
0.0073,0.0000,0.0000,0.0000,0.0072,0.0000,200,3.3096
0.0073,0.0000,0.0000,0.0000,0.0073,0.0000,200,3.3096
0.0071,0.0000,0.0000,0.0000,0.0070,0.0001,200,3.3124
0.0068,0.0000,0.0000,0.0000,0.0068,0.0000,200,3.3170
0.0069,0.0000,0.0000,0.0000,0.0068,0.0000,200,3.3169
0.0069,0.0000,0.0000,0.0000,0.0068,0.0001,200,3.3169
0.0062,0.0000,0.0000,0.0000,0.0062,0.0000,200,3.3195
0.0067,0.0000,0.0000,0.0000,0.0066,0.0001,200,3.3238
0.0067,0.0000,0.0000,0.0000,0.0066,0.0001,200,3.3238
0.0068,0.0000,0.0000,0.0000,0.0067,0.0000,200,3.3238
0.0094,0.0000,0.0000,0.0000,0.0093,0.0000,200,3.3257
0.0080,0.0000,0.0000,0.0000,0.0079,0.0001,200,3.3306
0.0082,0.0000,0.0000,0.0000,0.0081,0.0000,200,3.3305
0.0082,0.0000,0.0000,0.0000,0.0082,0.0000,200,3.3305
0.0067,0.0000,0.0000,0.0000,0.0067,0.0001,200,3.3351
0.0073,0.0000,0.0000,0.0000,0.0072,0.0001,200,3.3387
0.0073,0.0000,0.0000,0.0000,0.0072,0.0001,200,3.3386
0.0073,0.0000,0.0000,0.0000,0.0072,0.0002,200,3.3387
0.0070,0.0000,0.0000,0.0000,0.0069,0.0001,200,3.3419
0.0073,0.0000,0.0000,0.0000,0.0072,0.0001,200,3.3460
0.0074,0.0000,0.0000,0.0000,0.0073,0.0001,200,3.3459
0.0074,0.0000,0.0000,0.0000,0.0073,0.0000,200,3.3459
0.0080,0.0000,0.0000,0.0000,0.0079,0.0001,200,3.3489
0.0070,0.0000,0.0000,0.0000,0.0069,0.0001,200,3.3533
0.0071,0.0000,0.0000,0.0000,0.0071,0.0000,200,3.3533
0.0074,0.0000,0.0000,0.0000,0.0073,0.0000,200,3.3533
0.0069,0.0000,0.0000,0.0000,0.0068,0.0001,200,3.3569
0.0064,0.0000,0.0000,0.0000,0.0064,0.0000,200,3.3607
0.0067,0.0000,0.0000,0.0000,0.0067,0.0000,200,3.3605
0.0069,0.0000,0.0000,0.0000,0.0067,0.0002,200,3.3604
0.0078,0.0000,0.0000,0.0000,0.0077,0.0001,200,3.3638
0.0069,0.0000,0.0000,0.0000,0.0068,0.0000,200,3.3672
0.0082,0.0000,0.0000,0.0000,0.0081,0.0001,200,3.3672
0.0106,0.0000,0.0000,0.0000,0.0101,0.0005,200,3.3673
0.0091,0.0000,0.0000,0.0001,0.0089,0.0001,200,3.3717
0.0089,0.0000,0.0000,0.0000,0.0088,0.0000,200,3.3741
0.0075,0.0000,0.0000,0.0000,0.0074,0.0001,200,3.3754
0.0076,0.0000,0.0000,0.0000,0.0075,0.0001,200,3.3779
0.0067,0.0000,0.0000,0.0000,0.0066,0.0001,200,3.3808
0.0067,0.0000,0.0000,0.0000,0.0066,0.0001,200,3.3830
0.0074,0.0000,0.0000,0.0000,0.0073,0.0001,200,3.3855
0.0064,0.0000,0.0000,0.0000,0.0063,0.0001,200,3.3875
0.0066,0.0000,0.0000,0.0000,0.0065,0.0001,200,3.3897
0.0145,0.0000,0.0000,0.0000,0.0144,0.0001,200,3.3830
0.0068,0.0000,0.0000,0.0000,0.0067,0.0000,200,3.3929
0.0071,0.0000,0.0000,0.0000,0.0070,0.0001,200,3.3939
0.0068,0.0000,0.0000,0.0000,0.0067,0.0001,200,3.3963
0.0068,0.0000,0.0000,0.0000,0.0067,0.0001,200,3.3996
0.0105,0.0000,0.0000,0.0000,0.0105,0.0000,200,3.3975
0.0072,0.0000,0.0000,0.0000,0.0069,0.0003,200,3.4010
0.0089,0.0000,0.0000,0.0000,0.0088,0.0001,200,3.4031
0.0064,0.0000,0.0000,0.0000,0.0063,0.0000,200,3.4082
0.0083,0.0000,0.0000,0.0000,0.0080,0.0002,200,3.4064
0.0068,0.0000,0.0000,0.0000,0.0068,0.0000,200,3.4080
0.0094,0.0000,0.0000,0.0000,0.0093,0.0001,200,3.4120
0.0066,0.0000,0.0000,0.0000,0.0066,0.0000,200,3.4149
0.0069,0.0000,0.0000,0.0000,0.0068,0.0000,200,3.4147
0.0102,0.0000,0.0000,0.0000,0.0100,0.0001,200,3.4146
0.0072,0.0000,0.0000,0.0000,0.0071,0.0001,200,3.4215
0.0071,0.0000,0.0000,0.0000,0.0070,0.0001,200,3.4216
0.0073,0.0000,0.0000,0.0000,0.0072,0.0000,200,3.4214
0.0081,0.0000,0.0000,0.0000,0.0080,0.0001,200,3.4248
0.0073,0.0000,0.0000,0.0000,0.0072,0.0001,200,3.4287
0.0075,0.0000,0.0000,0.0000,0.0075,0.0000,200,3.4287
0.0098,0.0000,0.0000,0.0000,0.0097,0.0001,200,3.4287
0.0065,0.0000,0.0000,0.0000,0.0064,0.0000,200,3.4329
0.0067,0.0000,0.0000,0.0000,0.0066,0.0000,200,3.4360
0.0072,0.0000,0.0000,0.0000,0.0071,0.0001,200,3.4363
0.0067,0.0000,0.0000,0.0000,0.0066,0.0001,200,3.4395
0.0077,0.0000,0.0000,0.0000,0.0076,0.0000,200,3.4385
0.0069,0.0000,0.0000,0.0000,0.0068,0.0001,200,3.4426
0.0065,0.0000,0.0000,0.0000,0.0064,0.0000,200,3.4435
0.0070,0.0000,0.0000,0.0000,0.0069,0.0001,200,3.4461
0.0069,0.0000,0.0000,0.0000,0.0068,0.0001,200,3.4462
0.0069,0.0000,0.0000,0.0000,0.0068,0.0001,200,3.4495
0.0068,0.0000,0.0000,0.0000,0.0067,0.0000,200,3.4499
0.0066,0.0000,0.0000,0.0000,0.0064,0.0001,200,3.4531
0.0074,0.0000,0.0000,0.0000,0.0072,0.0001,200,3.4531
0.0072,0.0000,0.0000,0.0003,0.0068,0.0000,200,3.4564
0.0072,0.0000,0.0000,0.0000,0.0072,0.0000,200,3.4567
0.0067,0.0000,0.0000,0.0000,0.0066,0.0001,200,3.4597
0.0065,0.0000,0.0000,0.0000,0.0064,0.0001,200,3.4605
0.0070,0.0000,0.0000,0.0000,0.0069,0.0001,200,3.4635
0.0070,0.0000,0.0000,0.0000,0.0070,0.0000,200,3.4639
0.0067,0.0000,0.0000,0.0000,0.0065,0.0001,200,3.4669
0.0074,0.0000,0.0000,0.0000,0.0073,0.0000,200,3.4664
0.0069,0.0000,0.0000,0.0000,0.0068,0.0001,200,3.4709
0.0074,0.0000,0.0000,0.0000,0.0073,0.0000,200,3.4706
0.0075,0.0000,0.0000,0.0000,0.0074,0.0001,200,3.4736
0.0075,0.0000,0.0000,0.0000,0.0074,0.0000,200,3.4738
0.0064,0.0000,0.0000,0.0000,0.0063,0.0000,200,3.4778
0.0087,0.0000,0.0000,0.0000,0.0085,0.0002,200,3.4780
0.0091,0.0000,0.0000,0.0000,0.0090,0.0001,200,3.4812
0.0092,0.0000,0.0000,0.0000,0.0091,0.0000,200,3.4811
0.0065,0.0000,0.0000,0.0000,0.0064,0.0000,200,3.4843
0.0065,0.0000,0.0000,0.0000,0.0064,0.0001,200,3.4867
0.0068,0.0000,0.0000,0.0000,0.0067,0.0001,200,3.4903
0.0069,0.0000,0.0000,0.0000,0.0068,0.0000,200,3.4903
0.0065,0.0000,0.0000,0.0000,0.0065,0.0000,200,3.4907
0.0069,0.0000,0.0000,0.0000,0.0068,0.0001,200,3.4931
0.0067,0.0000,0.0000,0.0000,0.0066,0.0000,200,3.4972
0.0066,0.0000,0.0000,0.0000,0.0066,0.0001,200,3.4972
0.0068,0.0000,0.0000,0.0000,0.0067,0.0001,200,3.4971
0.0069,0.0000,0.0000,0.0000,0.0068,0.0001,200,3.5000
0.0077,0.0000,0.0000,0.0000,0.0076,0.0001,200,3.5039
0.0091,0.0000,0.0000,0.0000,0.0090,0.0001,200,3.5039
0.0097,0.0000,0.0000,0.0000,0.0097,0.0000,200,3.5039
0.0068,0.0000,0.0000,0.0000,0.0067,0.0000,200,3.5070
0.0070,0.0000,0.0000,0.0000,0.0069,0.0001,200,3.5116
0.0066,0.0000,0.0000,0.0000,0.0065,0.0000,200,3.5129
0.0070,0.0000,0.0000,0.0000,0.0069,0.0000,200,3.5137
0.0070,0.0000,0.0000,0.0000,0.0068,0.0002,200,3.5137
0.0077,0.0000,0.0000,0.0000,0.0068,0.0008,200,3.5196
0.0067,0.0000,0.0000,0.0000,0.0066,0.0000,200,3.5207
0.0088,0.0000,0.0000,0.0000,0.0088,0.0000,200,3.5186
0.0074,0.0000,0.0000,0.0000,0.0073,0.0001,200,3.5208
0.0069,0.0000,0.0000,0.0000,0.0068,0.0001,200,3.5274
0.0072,0.0000,0.0000,0.0000,0.0071,0.0000,200,3.5272
0.0070,0.0000,0.0000,0.0000,0.0070,0.0000,200,3.5274
0.0066,0.0000,0.0000,0.0000,0.0065,0.0000,200,3.5282
0.0074,0.0000,0.0000,0.0000,0.0073,0.0001,200,3.5345
0.0070,0.0000,0.0000,0.0000,0.0069,0.0001,200,3.5348
0.0075,0.0000,0.0000,0.0000,0.0075,0.0000,200,3.5344
0.0076,0.0000,0.0000,0.0000,0.0076,0.0000,200,3.5343
0.0067,0.0000,0.0000,0.0000,0.0065,0.0001,200,3.5418
0.0069,0.0000,0.0000,0.0001,0.0067,0.0000,200,3.5418
0.0068,0.0000,0.0000,0.0000,0.0068,0.0000,200,3.5419
0.0071,0.0000,0.0000,0.0000,0.0070,0.0000,200,3.5419
0.0067,0.0000,0.0000,0.0000,0.0066,0.0001,200,3.5485
0.0067,0.0000,0.0000,0.0000,0.0066,0.0000,200,3.5487
0.0065,0.0000,0.0000,0.0000,0.0064,0.0001,200,3.5490
0.0068,0.0000,0.0000,0.0000,0.0067,0.0000,200,3.5488
0.0067,0.0000,0.0000,0.0000,0.0066,0.0001,200,3.5554
0.0069,0.0000,0.0000,0.0000,0.0069,0.0000,200,3.5555
0.0074,0.0000,0.0000,0.0000,0.0072,0.0001,200,3.5552
0.0075,0.0000,0.0000,0.0000,0.0071,0.0004,200,3.5555
0.0066,0.0000,0.0000,0.0000,0.0065,0.0001,200,3.5626
0.0073,0.0000,0.0000,0.0000,0.0072,0.0001,200,3.5621
0.0067,0.0000,0.0000,0.0000,0.0066,0.0000,200,3.5631
0.0082,0.0000,0.0000,0.0002,0.0078,0.0000,200,3.5625
0.0069,0.0000,0.0000,0.0000,0.0068,0.0001,200,3.5692
0.0066,0.0000,0.0000,0.0000,0.0065,0.0000,200,3.5698
0.0072,0.0000,0.0000,0.0000,0.0072,0.0000,200,3.5693
0.0122,0.0000,0.0000,0.0000,0.0121,0.0001,200,3.5706
0.0075,0.0000,0.0000,0.0000,0.0074,0.0001,200,3.5762
0.0102,0.0000,0.0000,0.0000,0.0102,0.0000,200,3.5766
0.0104,0.0000,0.0000,0.0000,0.0103,0.0001,200,3.5764
0.0069,0.0000,0.0000,0.0000,0.0068,0.0000,200,3.5836
0.0078,0.0000,0.0000,0.0000,0.0077,0.0001,200,3.5828
0.0068,0.0000,0.0000,0.0000,0.0067,0.0001,200,3.5868
0.0070,0.0000,0.0000,0.0000,0.0069,0.0000,200,3.5868
0.0068,0.0000,0.0000,0.0000,0.0067,0.0001,200,3.5906
0.0068,0.0000,0.0000,0.0000,0.0067,0.0000,200,3.5906
0.0072,0.0000,0.0000,0.0000,0.0070,0.0001,200,3.5938
0.0081,0.0000,0.0000,0.0001,0.0079,0.0000,200,3.5937
0.0064,0.0000,0.0000,0.0000,0.0063,0.0001,200,3.5974
0.0075,0.0000,0.0000,0.0000,0.0074,0.0000,200,3.5973
0.0085,0.0000,0.0000,0.0000,0.0084,0.0001,200,3.6010
0.0068,0.0000,0.0000,0.0000,0.0068,0.0000,200,3.6037
0.0089,0.0000,0.0000,0.0000,0.0088,0.0000,200,3.6018
0.0096,0.0000,0.0000,0.0000,0.0094,0.0001,200,3.6095
0.0145,0.0000,0.0000,0.0000,0.0144,0.0000,200,3.6048
0.0088,0.0000,0.0000,0.0000,0.0087,0.0000,200,3.6106
0.0112,0.0000,0.0000,0.0000,0.0111,0.0001,200,3.6107
0.0068,0.0000,0.0000,0.0000,0.0067,0.0001,200,3.6191
0.0066,0.0000,0.0000,0.0000,0.0066,0.0000,200,3.6194
0.0067,0.0000,0.0000,0.0000,0.0066,0.0000,200,3.6193
0.0068,0.0000,0.0000,0.0000,0.0067,0.0001,200,3.6219
0.0064,0.0000,0.0000,0.0000,0.0063,0.0001,200,3.6260
0.0103,0.0000,0.0000,0.0000,0.0101,0.0001,200,3.6259
0.0077,0.0000,0.0000,0.0000,0.0076,0.0000,200,3.6287
0.0111,0.0000,0.0000,0.0000,0.0110,0.0001,200,3.6260
0.0070,0.0000,0.0000,0.0000,0.0069,0.0001,200,3.6371
0.0080,0.0000,0.0000,0.0000,0.0079,0.0000,200,3.6362
0.0079,0.0000,0.0000,0.0000,0.0078,0.0000,200,3.6364
0.0138,0.0000,0.0000,0.0000,0.0137,0.0001,200,3.6324
0.0065,0.0000,0.0000,0.0000,0.0064,0.0000,200,3.6443
0.0065,0.0000,0.0000,0.0000,0.0064,0.0001,200,3.6442
0.0066,0.0000,0.0000,0.0000,0.0065,0.0001,200,3.6441
0.0083,0.0000,0.0000,0.0000,0.0082,0.0001,200,3.6462
0.0071,0.0000,0.0000,0.0000,0.0070,0.0000,200,3.6507
0.0071,0.0000,0.0000,0.0000,0.0071,0.0000,200,3.6507
0.0072,0.0000,0.0000,0.0000,0.0071,0.0001,200,3.6507
0.0070,0.0000,0.0000,0.0000,0.0069,0.0001,200,3.6545
0.0065,0.0000,0.0000,0.0000,0.0064,0.0001,200,3.6579
0.0066,0.0000,0.0000,0.0000,0.0065,0.0000,200,3.6579
0.0067,0.0000,0.0000,0.0000,0.0066,0.0001,200,3.6578
0.0065,0.0000,0.0000,0.0000,0.0064,0.0001,200,3.6615
0.0066,0.0000,0.0000,0.0000,0.0065,0.0001,200,3.6645
0.0066,0.0000,0.0000,0.0000,0.0066,0.0000,200,3.6645
0.0067,0.0000,0.0000,0.0000,0.0066,0.0000,200,3.6644
0.0086,0.0000,0.0000,0.0000,0.0085,0.0001,200,3.6680
0.0068,0.0000,0.0000,0.0000,0.0067,0.0001,200,3.6710
0.0069,0.0000,0.0000,0.0000,0.0069,0.0000,200,3.6711
0.0082,0.0000,0.0000,0.0000,0.0081,0.0000,200,3.6711
0.0066,0.0000,0.0000,0.0000,0.0065,0.0001,200,3.6766
0.0064,0.0000,0.0000,0.0000,0.0063,0.0000,200,3.6781
0.0068,0.0000,0.0000,0.0000,0.0064,0.0000,200,3.6779
0.0066,0.0000,0.0000,0.0000,0.0064,0.0001,200,3.6793
0.0074,0.0000,0.0000,0.0000,0.0073,0.0001,200,3.6832
0.0061,0.0000,0.0000,0.0000,0.0061,0.0000,200,3.6847
0.0064,0.0000,0.0000,0.0000,0.0064,0.0000,200,3.6845
0.0071,0.0000,0.0000,0.0000,0.0070,0.0001,200,3.6858
0.0073,0.0000,0.0000,0.0000,0.0072,0.0001,200,3.6908
0.0076,0.0000,0.0000,0.0000,0.0075,0.0000,200,3.6906
0.0077,0.0000,0.0000,0.0000,0.0076,0.0001,200,3.6909
0.0065,0.0000,0.0000,0.0000,0.0064,0.0000,200,3.6929
0.0069,0.0000,0.0000,0.0000,0.0067,0.0001,200,3.6981
0.0068,0.0000,0.0000,0.0000,0.0068,0.0000,200,3.6982
0.0064,0.0000,0.0000,0.0000,0.0063,0.0000,200,3.6986
0.0092,0.0000,0.0000,0.0000,0.0091,0.0001,200,3.6994
0.0065,0.0000,0.0000,0.0000,0.0064,0.0000,200,3.7051
0.0064,0.0000,0.0000,0.0000,0.0063,0.0001,200,3.7051
0.0065,0.0000,0.0000,0.0000,0.0064,0.0000,200,3.7051
0.0064,0.0000,0.0000,0.0000,0.0063,0.0001,200,3.7086
0.0063,0.0000,0.0000,0.0000,0.0062,0.0000,200,3.7115
0.0068,0.0000,0.0000,0.0000,0.0067,0.0000,200,3.7116
0.0071,0.0000,0.0000,0.0000,0.0071,0.0001,200,3.7115
0.0062,0.0000,0.0000,0.0000,0.0061,0.0000,200,3.7150
0.0062,0.0000,0.0000,0.0000,0.0061,0.0001,200,3.7178
0.0060,0.0000,0.0000,0.0000,0.0060,0.0000,200,3.7183
0.0062,0.0000,0.0000,0.0000,0.0061,0.0000,200,3.7186
0.0061,0.0000,0.0000,0.0000,0.0061,0.0000,200,3.7212
0.0061,0.0000,0.0000,0.0000,0.0060,0.0000,200,3.7240
0.0062,0.0000,0.0000,0.0000,0.0061,0.0000,200,3.7244
0.0059,0.0000,0.0000,0.0000,0.0059,0.0000,200,3.7248
0.0063,0.0000,0.0000,0.0000,0.0062,0.0001,200,3.7273
0.0062,0.0000,0.0000,0.0000,0.0061,0.0000,200,3.7301
0.0060,0.0000,0.0000,0.0000,0.0059,0.0000,200,3.7308
0.0063,0.0000,0.0000,0.0000,0.0063,0.0000,200,3.7305
0.0063,0.0000,0.0000,0.0000,0.0062,0.0001,200,3.7336
0.0061,0.0000,0.0000,0.0000,0.0060,0.0000,200,3.7363
0.0061,0.0000,0.0000,0.0000,0.0060,0.0000,200,3.7368
0.0063,0.0000,0.0000,0.0000,0.0062,0.0000,200,3.7368
0.0063,0.0000,0.0000,0.0000,0.0062,0.0000,200,3.7400
0.0061,0.0000,0.0000,0.0000,0.0060,0.0000,200,3.7423
0.0060,0.0000,0.0000,0.0000,0.0060,0.0001,200,3.7429
0.0060,0.0000,0.0000,0.0000,0.0059,0.0000,200,3.7430
0.0063,0.0000,0.0000,0.0000,0.0062,0.0000,200,3.7463
0.0061,0.0000,0.0000,0.0000,0.0060,0.0000,200,3.7484
0.0061,0.0000,0.0000,0.0000,0.0061,0.0000,200,3.7490
0.0066,0.0000,0.0000,0.0000,0.0066,0.0000,200,3.7489
0.0064,0.0000,0.0000,0.0000,0.0064,0.0000,200,3.7526
0.0061,0.0000,0.0000,0.0000,0.0060,0.0000,200,3.7545
0.0072,0.0000,0.0000,0.0000,0.0071,0.0000,200,3.7551
0.0067,0.0000,0.0000,0.0000,0.0067,0.0000,200,3.7556
0.0064,0.0000,0.0000,0.0000,0.0063,0.0000,200,3.7590
0.0069,0.0000,0.0000,0.0000,0.0068,0.0001,200,3.7606
0.0065,0.0000,0.0000,0.0000,0.0064,0.0000,200,3.7623
0.0073,0.0000,0.0000,0.0000,0.0072,0.0000,200,3.7623
0.0062,0.0000,0.0000,0.0000,0.0061,0.0001,200,3.7654
0.0065,0.0000,0.0000,0.0000,0.0064,0.0000,200,3.7675
0.0066,0.0000,0.0000,0.0000,0.0065,0.0000,200,3.7688
0.0062,0.0000,0.0000,0.0000,0.0062,0.0000,200,3.7696
0.0062,0.0000,0.0000,0.0000,0.0062,0.0000,200,3.7716
0.0064,0.0000,0.0000,0.0000,0.0063,0.0000,200,3.7739
0.0063,0.0000,0.0000,0.0000,0.0062,0.0000,200,3.7754
0.0060,0.0000,0.0000,0.0000,0.0059,0.0000,200,3.7758
0.0063,0.0000,0.0000,0.0000,0.0063,0.0000,200,3.7778
0.0062,0.0000,0.0000,0.0000,0.0061,0.0001,200,3.7803
0.0061,0.0000,0.0000,0.0000,0.0060,0.0001,200,3.7817
0.0061,0.0000,0.0000,0.0000,0.0060,0.0000,200,3.7818
0.0062,0.0000,0.0000,0.0000,0.0061,0.0000,200,3.7841
0.0063,0.0000,0.0000,0.0000,0.0063,0.0001,200,3.7865
0.0062,0.0000,0.0000,0.0000,0.0061,0.0000,200,3.7878
0.0061,0.0000,0.0000,0.0000,0.0061,0.0000,200,3.7879
0.0061,0.0000,0.0000,0.0000,0.0060,0.0000,200,3.7904
0.0063,0.0000,0.0000,0.0000,0.0062,0.0000,200,3.7929
0.0061,0.0000,0.0000,0.0000,0.0060,0.0000,200,3.7940
0.0061,0.0000,0.0000,0.0000,0.0061,0.0000,200,3.7940
0.0063,0.0000,0.0000,0.0000,0.0062,0.0001,200,3.7964
0.0062,0.0000,0.0000,0.0000,0.0061,0.0001,200,3.7992
0.0060,0.0000,0.0000,0.0000,0.0060,0.0000,200,3.8001
0.0061,0.0000,0.0000,0.0000,0.0061,0.0000,200,3.8001
0.0064,0.0000,0.0000,0.0000,0.0063,0.0001,200,3.8028
0.0063,0.0000,0.0000,0.0000,0.0062,0.0001,200,3.8054
0.0061,0.0000,0.0000,0.0000,0.0061,0.0000,200,3.8061
0.0061,0.0000,0.0000,0.0000,0.0061,0.0000,200,3.8063
0.0064,0.0000,0.0000,0.0000,0.0063,0.0001,200,3.8092
0.0067,0.0000,0.0000,0.0000,0.0066,0.0001,200,3.8117
0.0063,0.0000,0.0000,0.0000,0.0063,0.0000,200,3.8123
0.0063,0.0000,0.0000,0.0000,0.0062,0.0001,200,3.8124
0.0063,0.0000,0.0000,0.0000,0.0062,0.0000,200,3.8156
0.0062,0.0000,0.0000,0.0000,0.0061,0.0001,200,3.8184
0.0062,0.0000,0.0000,0.0000,0.0062,0.0000,200,3.8186
0.0062,0.0000,0.0000,0.0000,0.0061,0.0000,200,3.8187
0.0065,0.0000,0.0000,0.0000,0.0064,0.0001,200,3.8219
0.0062,0.0000,0.0000,0.0000,0.0061,0.0001,200,3.8247
0.0061,0.0000,0.0000,0.0000,0.0061,0.0000,200,3.8248
0.0063,0.0000,0.0000,0.0000,0.0062,0.0001,200,3.8248
0.0070,0.0000,0.0000,0.0000,0.0069,0.0001,200,3.8283
0.0062,0.0000,0.0000,0.0000,0.0061,0.0000,200,3.8309
0.0063,0.0000,0.0000,0.0000,0.0063,0.0000,200,3.8310
0.0070,0.0000,0.0000,0.0000,0.0069,0.0000,200,3.8311
0.0064,0.0000,0.0000,0.0000,0.0062,0.0001,200,3.8354
0.0061,0.0000,0.0000,0.0000,0.0060,0.0000,200,3.8371
0.0067,0.0000,0.0000,0.0000,0.0066,0.0000,200,3.8373
0.0059,0.0000,0.0000,0.0000,0.0059,0.0000,200,3.8381
0.0061,0.0000,0.0000,0.0000,0.0061,0.0000,200,3.8417
0.0061,0.0000,0.0000,0.0000,0.0060,0.0000,200,3.8431
0.0060,0.0000,0.0000,0.0000,0.0060,0.0000,200,3.8440
0.0078,0.0000,0.0000,0.0001,0.0062,0.0001,200,3.8441
0.0061,0.0000,0.0000,0.0000,0.0061,0.0000,200,3.8479
0.0065,0.0000,0.0000,0.0000,0.0064,0.0000,200,3.8493
0.0061,0.0000,0.0000,0.0000,0.0060,0.0000,200,3.8500
0.0066,0.0000,0.0000,0.0000,0.0065,0.0000,200,3.8519
0.0062,0.0000,0.0000,0.0000,0.0061,0.0000,200,3.8540
0.0062,0.0000,0.0000,0.0000,0.0061,0.0000,200,3.8558
0.0060,0.0000,0.0000,0.0000,0.0059,0.0000,200,3.8561
0.0061,0.0000,0.0000,0.0000,0.0060,0.0000,200,3.8585
0.0063,0.0000,0.0000,0.0000,0.0062,0.0000,200,3.8602
0.0061,0.0000,0.0000,0.0000,0.0060,0.0001,200,3.8621
0.0063,0.0000,0.0000,0.0000,0.0063,0.0000,200,3.8619
0.0062,0.0000,0.0000,0.0000,0.0061,0.0000,200,3.8646
0.0063,0.0000,0.0000,0.0000,0.0062,0.0000,200,3.8665
0.0062,0.0000,0.0000,0.0000,0.0061,0.0001,200,3.8683
0.0064,0.0000,0.0000,0.0000,0.0064,0.0000,200,3.8682
0.0064,0.0000,0.0000,0.0000,0.0063,0.0001,200,3.8707
0.0077,0.0000,0.0000,0.0000,0.0076,0.0001,200,3.8728
0.0065,0.0000,0.0000,0.0000,0.0065,0.0000,200,3.8746
0.0069,0.0000,0.0000,0.0000,0.0068,0.0000,200,3.8744
0.0095,0.0000,0.0000,0.0000,0.0093,0.0001,200,3.8772
0.0064,0.0000,0.0000,0.0000,0.0063,0.0000,200,3.8804
0.0063,0.0000,0.0000,0.0000,0.0062,0.0001,200,3.8811
0.0062,0.0000,0.0000,0.0000,0.0061,0.0000,200,3.8813
0.0070,0.0000,0.0000,0.0000,0.0069,0.0001,200,3.8866
0.0063,0.0000,0.0000,0.0000,0.0063,0.0000,200,3.8875
0.0070,0.0000,0.0000,0.0000,0.0069,0.0001,200,3.8875
0.0091,0.0000,0.0000,0.0000,0.0090,0.0001,200,3.8868
0.0065,0.0000,0.0000,0.0000,0.0064,0.0000,200,3.8944
0.0072,0.0000,0.0000,0.0000,0.0069,0.0003,200,3.8938
0.0087,0.0000,0.0000,0.0000,0.0086,0.0000,200,3.8936
0.0067,0.0000,0.0000,0.0000,0.0063,0.0003,200,3.8960
0.0065,0.0000,0.0000,0.0000,0.0063,0.0001,200,3.9009
0.0066,0.0000,0.0000,0.0000,0.0065,0.0000,200,3.9010
0.0065,0.0000,0.0000,0.0000,0.0064,0.0001,200,3.9023
0.0064,0.0000,0.0000,0.0000,0.0063,0.0001,200,3.9027
0.0066,0.0000,0.0000,0.0000,0.0065,0.0001,200,3.9076
0.0068,0.0000,0.0000,0.0000,0.0068,0.0000,200,3.9074
0.0101,0.0000,0.0000,0.0000,0.0100,0.0001,200,3.9091
0.0103,0.0000,0.0000,0.0000,0.0102,0.0001,200,3.9088
0.0076,0.0000,0.0000,0.0000,0.0075,0.0001,200,3.9141
0.0078,0.0000,0.0000,0.0000,0.0077,0.0000,200,3.9142
0.0074,0.0000,0.0000,0.0000,0.0073,0.0001,200,3.9192
0.0093,0.0000,0.0000,0.0000,0.0092,0.0001,200,3.9192
0.0074,0.0000,0.0000,0.0000,0.0073,0.0000,200,3.9217
0.0071,0.0000,0.0000,0.0000,0.0071,0.0000,200,3.9220
0.0087,0.0000,0.0000,0.0000,0.0086,0.0001,200,3.9266
0.0068,0.0000,0.0000,0.0000,0.0067,0.0000,200,3.9285
0.0068,0.0000,0.0000,0.0000,0.0067,0.0000,200,3.9291
0.0070,0.0000,0.0000,0.0000,0.0069,0.0001,200,3.9291
0.0068,0.0000,0.0000,0.0000,0.0067,0.0000,200,3.9353
0.0069,0.0000,0.0000,0.0000,0.0066,0.0003,200,3.9353
0.0065,0.0000,0.0000,0.0000,0.0064,0.0001,200,3.9359
0.0068,0.0000,0.0000,0.0001,0.0066,0.0000,200,3.9361
0.0067,0.0000,0.0000,0.0000,0.0066,0.0001,200,3.9422
0.0071,0.0000,0.0000,0.0000,0.0070,0.0000,200,3.9421
0.0068,0.0000,0.0000,0.0000,0.0067,0.0000,200,3.9424
0.0065,0.0000,0.0000,0.0000,0.0064,0.0000,200,3.9429
0.0071,0.0000,0.0000,0.0000,0.0071,0.0000,200,3.9490
0.0070,0.0000,0.0000,0.0000,0.0069,0.0000,200,3.9492
0.0068,0.0000,0.0000,0.0000,0.0067,0.0000,200,3.9494
0.0109,0.0000,0.0000,0.0000,0.0109,0.0001,200,3.9492
0.0066,0.0000,0.0000,0.0000,0.0065,0.0001,200,3.9562
0.0069,0.0000,0.0000,0.0000,0.0069,0.0000,200,3.9561
0.0100,0.0000,0.0000,0.0000,0.0099,0.0001,200,3.9561
0.0066,0.0000,0.0000,0.0000,0.0065,0.0000,200,3.9630
0.0068,0.0000,0.0000,0.0000,0.0067,0.0001,200,3.9628
0.0078,0.0000,0.0000,0.0000,0.0077,0.0001,200,3.9661
0.0067,0.0000,0.0000,0.0000,0.0066,0.0001,200,3.9696
0.0082,0.0000,0.0000,0.0000,0.0081,0.0000,200,3.9696
0.0184,0.0000,0.0000,0.0000,0.0183,0.0000,200,3.9602
0.0082,0.0000,0.0000,0.0000,0.0081,0.0001,200,3.9739
0.0062,0.0000,0.0000,0.0000,0.0061,0.0000,200,3.9763
0.0066,0.0000,0.0000,0.0000,0.0065,0.0001,200,3.9786
0.0075,0.0000,0.0000,0.0000,0.0075,0.0000,200,3.9778
0.0062,0.0000,0.0000,0.0000,0.0062,0.0001,200,3.9824
0.0071,0.0000,0.0000,0.0000,0.0070,0.0000,200,3.9820
0.0062,0.0000,0.0000,0.0000,0.0061,0.0000,200,3.9852
0.0064,0.0000,0.0000,0.0000,0.0063,0.0000,200,3.9853
0.0074,0.0000,0.0000,0.0000,0.0073,0.0001,200,3.9887
0.0074,0.0000,0.0000,0.0000,0.0073,0.0000,200,3.9891
0.0063,0.0000,0.0000,0.0000,0.0062,0.0000,200,3.9914
0.0065,0.0000,0.0000,0.0000,0.0065,0.0000,200,3.9918
0.0079,0.0000,0.0000,0.0000,0.0069,0.0010,200,3.9966
0.0069,0.0000,0.0000,0.0000,0.0069,0.0000,200,3.9977
0.0087,0.0000,0.0000,0.0000,0.0087,0.0000,200,3.9961
0.0079,0.0000,0.0000,0.0000,0.0078,0.0001,200,3.9983
0.0069,0.0000,0.0000,0.0000,0.0068,0.0001,200,4.0048
0.0073,0.0000,0.0000,0.0000,0.0072,0.0000,200,4.0046
0.0074,0.0000,0.0000,0.0001,0.0072,0.0000,200,4.0045
0.0064,0.0000,0.0000,0.0000,0.0063,0.0000,200,4.0062
0.0068,0.0000,0.0000,0.0000,0.0067,0.0001,200,4.0119
0.0069,0.0000,0.0000,0.0000,0.0069,0.0000,200,4.0119
0.0078,0.0000,0.0000,0.0000,0.0077,0.0000,200,4.0117
0.0077,0.0000,0.0000,0.0000,0.0076,0.0001,200,4.0126
0.0068,0.0000,0.0000,0.0000,0.0067,0.0001,200,4.0186
0.0068,0.0000,0.0000,0.0000,0.0068,0.0000,200,4.0188
0.0075,0.0000,0.0000,0.0000,0.0074,0.0000,200,4.0194
0.0068,0.0000,0.0000,0.0000,0.0066,0.0000,200,4.0203
0.0065,0.0000,0.0000,0.0000,0.0064,0.0001,200,4.0254
0.0063,0.0000,0.0000,0.0000,0.0063,0.0000,200,4.0256
0.0064,0.0000,0.0000,0.0000,0.0063,0.0001,200,4.0270
0.0064,0.0000,0.0000,0.0000,0.0063,0.0001,200,4.0271
0.0066,0.0000,0.0000,0.0000,0.0065,0.0001,200,4.0319
0.0062,0.0000,0.0000,0.0001,0.0061,0.0000,200,4.0334
0.0062,0.0000,0.0000,0.0000,0.0061,0.0000,200,4.0335
0.0082,0.0000,0.0000,0.0000,0.0081,0.0000,200,4.0319
0.0065,0.0000,0.0000,0.0000,0.0064,0.0001,200,4.0385
0.0064,0.0000,0.0000,0.0000,0.0063,0.0000,200,4.0396
0.0064,0.0000,0.0000,0.0000,0.0063,0.0000,200,4.0396
0.0062,0.0000,0.0000,0.0000,0.0062,0.0000,200,4.0401
0.0065,0.0000,0.0000,0.0000,0.0064,0.0001,200,4.0450
0.0061,0.0000,0.0000,0.0000,0.0060,0.0000,200,4.0460
0.0065,0.0000,0.0000,0.0000,0.0064,0.0000,200,4.0460
0.0064,0.0000,0.0000,0.0000,0.0064,0.0000,200,4.0463
0.0064,0.0000,0.0000,0.0000,0.0063,0.0001,200,4.0521
0.0061,0.0000,0.0000,0.0000,0.0061,0.0000,200,4.0525
0.0071,0.0000,0.0000,0.0000,0.0070,0.0000,200,4.0515
0.0063,0.0000,0.0000,0.0000,0.0063,0.0000,200,4.0528
0.0063,0.0000,0.0000,0.0000,0.0062,0.0001,200,4.0586
0.0064,0.0000,0.0000,0.0000,0.0063,0.0000,200,4.0586
0.0065,0.0000,0.0000,0.0000,0.0064,0.0000,200,4.0585
0.0062,0.0000,0.0000,0.0000,0.0062,0.0000,200,4.0591
0.0066,0.0000,0.0000,0.0000,0.0065,0.0000,200,4.0649
0.0063,0.0000,0.0000,0.0000,0.0062,0.0000,200,4.0653
0.0066,0.0000,0.0000,0.0000,0.0066,0.0000,200,4.0650
0.0066,0.0000,0.0000,0.0000,0.0066,0.0000,200,4.0650
0.0063,0.0000,0.0000,0.0000,0.0062,0.0001,200,4.0716
0.0063,0.0000,0.0000,0.0000,0.0063,0.0001,200,4.0716
0.0065,0.0000,0.0000,0.0000,0.0064,0.0000,200,4.0716
0.0066,0.0000,0.0000,0.0000,0.0066,0.0000,200,4.0716
0.0062,0.0000,0.0000,0.0000,0.0061,0.0000,200,4.0781
0.0063,0.0000,0.0000,0.0000,0.0062,0.0000,200,4.0780
0.0064,0.0000,0.0000,0.0000,0.0063,0.0001,200,4.0778
0.0063,0.0000,0.0000,0.0000,0.0063,0.0000,200,4.0783
0.0064,0.0000,0.0000,0.0000,0.0062,0.0002,200,4.0842
0.0065,0.0000,0.0000,0.0000,0.0064,0.0000,200,4.0842
0.0065,0.0000,0.0000,0.0000,0.0064,0.0000,200,4.0842
0.0077,0.0000,0.0000,0.0000,0.0076,0.0000,200,4.0846
0.0066,0.0000,0.0000,0.0001,0.0064,0.0001,200,4.0907
0.0066,0.0000,0.0000,0.0000,0.0065,0.0001,200,4.0907
0.0067,0.0000,0.0000,0.0000,0.0064,0.0000,200,4.0906
0.0063,0.0000,0.0000,0.0000,0.0063,0.0000,200,4.0923
0.0063,0.0000,0.0000,0.0000,0.0062,0.0001,200,4.0973
0.0062,0.0000,0.0000,0.0000,0.0061,0.0000,200,4.0974
0.0063,0.0000,0.0000,0.0000,0.0062,0.0000,200,4.0973
0.0069,0.0000,0.0000,0.0000,0.0068,0.0000,200,4.0986
0.0066,0.0000,0.0000,0.0000,0.0065,0.0001,200,4.1036
0.0066,0.0000,0.0000,0.0000,0.0065,0.0001,200,4.1036
0.0066,0.0000,0.0000,0.0000,0.0065,0.0000,200,4.1036
0.0074,0.0000,0.0000,0.0000,0.0073,0.0001,200,4.1055
0.0068,0.0000,0.0000,0.0000,0.0066,0.0002,200,4.1102
0.0069,0.0000,0.0000,0.0000,0.0069,0.0000,200,4.1102
0.0086,0.0000,0.0000,0.0000,0.0085,0.0000,200,4.1102
0.0073,0.0000,0.0000,0.0000,0.0072,0.0000,200,4.1130
0.0064,0.0000,0.0000,0.0000,0.0063,0.0000,200,4.1171
0.0065,0.0000,0.0000,0.0000,0.0065,0.0000,200,4.1170
0.0066,0.0000,0.0000,0.0000,0.0065,0.0000,200,4.1187
0.0065,0.0000,0.0000,0.0000,0.0065,0.0000,200,4.1203
0.0065,0.0000,0.0000,0.0000,0.0064,0.0000,200,4.1235
0.0066,0.0000,0.0000,0.0000,0.0066,0.0000,200,4.1235
0.0060,0.0000,0.0000,0.0000,0.0059,0.0000,200,4.1253
0.0061,0.0000,0.0000,0.0000,0.0060,0.0000,200,4.1268
0.0063,0.0000,0.0000,0.0000,0.0062,0.0001,200,4.1301
0.0066,0.0000,0.0000,0.0000,0.0065,0.0000,200,4.1300
0.0061,0.0000,0.0000,0.0000,0.0060,0.0001,200,4.1313
0.0061,0.0000,0.0000,0.0000,0.0060,0.0000,200,4.1329
0.0061,0.0000,0.0000,0.0000,0.0060,0.0000,200,4.1364
0.0068,0.0000,0.0000,0.0000,0.0067,0.0000,200,4.1365
0.0063,0.0000,0.0000,0.0000,0.0062,0.0000,200,4.1374
0.0060,0.0000,0.0000,0.0000,0.0059,0.0000,200,4.1390
0.0062,0.0000,0.0000,0.0000,0.0062,0.0001,200,4.1425
0.0062,0.0000,0.0000,0.0000,0.0062,0.0000,200,4.1433
0.0063,0.0000,0.0000,0.0000,0.0062,0.0000,200,4.1437
0.0066,0.0000,0.0000,0.0000,0.0065,0.0000,200,4.1450
0.0062,0.0000,0.0000,0.0000,0.0062,0.0000,200,4.1488
0.0062,0.0000,0.0000,0.0000,0.0061,0.0000,200,4.1495
0.0061,0.0000,0.0000,0.0000,0.0060,0.0000,200,4.1499
0.0061,0.0000,0.0000,0.0000,0.0060,0.0000,200,4.1516
0.0063,0.0000,0.0000,0.0000,0.0062,0.0000,200,4.1550
0.0061,0.0000,0.0000,0.0000,0.0061,0.0000,200,4.1557
0.0061,0.0000,0.0000,0.0000,0.0060,0.0000,200,4.1560
0.0063,0.0000,0.0000,0.0000,0.0062,0.0000,200,4.1577
0.0063,0.0000,0.0000,0.0000,0.0062,0.0001,200,4.1613
0.0066,0.0000,0.0000,0.0000,0.0064,0.0001,200,4.1618
0.0065,0.0000,0.0000,0.0000,0.0065,0.0000,200,4.1621
0.0063,0.0000,0.0000,0.0000,0.0062,0.0000,200,4.1640
0.0062,0.0000,0.0000,0.0000,0.0061,0.0000,200,4.1676
0.0063,0.0000,0.0000,0.0000,0.0062,0.0000,200,4.1684
0.0062,0.0000,0.0000,0.0000,0.0062,0.0000,200,4.1686
0.0060,0.0000,0.0000,0.0000,0.0060,0.0000,200,4.1702
0.0063,0.0000,0.0000,0.0000,0.0062,0.0000,200,4.1738
0.0060,0.0000,0.0000,0.0000,0.0060,0.0000,200,4.1749
0.0062,0.0000,0.0000,0.0000,0.0062,0.0000,200,4.1747
0.0069,0.0000,0.0000,0.0000,0.0068,0.0001,200,4.1762
0.0065,0.0000,0.0000,0.0000,0.0064,0.0001,200,4.1801
0.0060,0.0000,0.0000,0.0000,0.0059,0.0000,200,4.1809
0.0062,0.0000,0.0000,0.0000,0.0062,0.0000,200,4.1809
0.0065,0.0000,0.0000,0.0000,0.0064,0.0001,200,4.1831
0.0066,0.0000,0.0000,0.0000,0.0065,0.0000,200,4.1866
0.0063,0.0000,0.0000,0.0000,0.0063,0.0000,200,4.1869
0.0061,0.0000,0.0000,0.0000,0.0061,0.0000,200,4.1871
0.0062,0.0000,0.0000,0.0000,0.0061,0.0000,200,4.1896
0.0070,0.0000,0.0000,0.0000,0.0069,0.0000,200,4.1933
0.0070,0.0000,0.0000,0.0000,0.0069,0.0000,200,4.1932
0.0070,0.0000,0.0000,0.0000,0.0069,0.0000,200,4.1932
0.0071,0.0000,0.0000,0.0000,0.0070,0.0001,200,4.1957
0.0066,0.0000,0.0000,0.0000,0.0065,0.0001,200,4.2002
0.0068,0.0000,0.0000,0.0000,0.0067,0.0000,200,4.2002
0.0068,0.0000,0.0000,0.0000,0.0067,0.0000,200,4.2002
0.0069,0.0000,0.0000,0.0000,0.0069,0.0000,200,4.2028
0.0061,0.0000,0.0000,0.0000,0.0061,0.0000,200,4.2070
0.0061,0.0000,0.0000,0.0000,0.0061,0.0000,200,4.2070
0.0064,0.0000,0.0000,0.0000,0.0063,0.0000,200,4.2068
0.0064,0.0000,0.0000,0.0000,0.0063,0.0000,200,4.2098
0.0063,0.0000,0.0000,0.0000,0.0062,0.0001,200,4.2131
0.0063,0.0000,0.0000,0.0000,0.0062,0.0000,200,4.2131
0.0062,0.0000,0.0000,0.0000,0.0062,0.0000,200,4.2132
0.0064,0.0000,0.0000,0.0000,0.0063,0.0001,200,4.2161
0.0063,0.0000,0.0000,0.0000,0.0062,0.0000,200,4.2194
0.0063,0.0000,0.0000,0.0000,0.0062,0.0000,200,4.2195
0.0063,0.0000,0.0000,0.0000,0.0062,0.0000,200,4.2195
0.0065,0.0000,0.0000,0.0000,0.0064,0.0001,200,4.2225
0.0068,0.0000,0.0000,0.0000,0.0067,0.0001,200,4.2257
0.0068,0.0000,0.0000,0.0000,0.0067,0.0001,200,4.2257
0.0069,0.0000,0.0000,0.0000,0.0068,0.0000,200,4.2257
0.0065,0.0000,0.0000,0.0000,0.0064,0.0001,200,4.2290
0.0062,0.0000,0.0000,0.0000,0.0062,0.0000,200,4.2326
0.0063,0.0000,0.0000,0.0000,0.0063,0.0000,200,4.2325
0.0063,0.0000,0.0000,0.0000,0.0063,0.0000,200,4.2325
0.0064,0.0000,0.0000,0.0000,0.0063,0.0001,200,4.2355
0.0061,0.0000,0.0000,0.0000,0.0060,0.0000,200,4.2389
0.0063,0.0000,0.0000,0.0000,0.0062,0.0000,200,4.2389
0.0063,0.0000,0.0000,0.0000,0.0063,0.0000,200,4.2388
0.0064,0.0000,0.0000,0.0000,0.0063,0.0001,200,4.2419
0.0064,0.0000,0.0000,0.0000,0.0063,0.0000,200,4.2449
0.0063,0.0000,0.0000,0.0000,0.0063,0.0000,200,4.2451
0.0064,0.0000,0.0000,0.0000,0.0063,0.0000,200,4.2451
0.0063,0.0000,0.0000,0.0000,0.0062,0.0000,200,4.2483
0.0060,0.0000,0.0000,0.0000,0.0060,0.0000,200,4.2515
0.0065,0.0000,0.0000,0.0000,0.0065,0.0000,200,4.2513
0.0063,0.0000,0.0000,0.0000,0.0063,0.0000,200,4.2515
0.0065,0.0000,0.0000,0.0000,0.0064,0.0000,200,4.2546
0.0065,0.0000,0.0000,0.0000,0.0064,0.0000,200,4.2575
0.0062,0.0000,0.0000,0.0000,0.0061,0.0000,200,4.2578
0.0063,0.0000,0.0000,0.0000,0.0061,0.0002,200,4.2579
0.0061,0.0000,0.0000,0.0000,0.0061,0.0000,200,4.2611
0.0062,0.0000,0.0000,0.0000,0.0061,0.0000,200,4.2640
0.0063,0.0000,0.0000,0.0000,0.0063,0.0000,200,4.2640
0.0063,0.0000,0.0000,0.0000,0.0063,0.0000,200,4.2641
0.0063,0.0000,0.0000,0.0000,0.0062,0.0000,200,4.2672
0.0063,0.0000,0.0000,0.0000,0.0062,0.0001,200,4.2702
0.0065,0.0000,0.0000,0.0000,0.0064,0.0000,200,4.2703
0.0064,0.0000,0.0000,0.0000,0.0064,0.0001,200,4.2704
0.0061,0.0000,0.0000,0.0000,0.0060,0.0000,200,4.2735
0.0063,0.0000,0.0000,0.0000,0.0062,0.0001,200,4.2765
0.0061,0.0000,0.0000,0.0000,0.0060,0.0000,200,4.2769
0.0062,0.0000,0.0000,0.0000,0.0061,0.0000,200,4.2768
0.0063,0.0000,0.0000,0.0000,0.0062,0.0001,200,4.2796
0.0065,0.0000,0.0000,0.0002,0.0062,0.0000,200,4.2828
0.0064,0.0000,0.0000,0.0000,0.0063,0.0000,200,4.2829
0.0063,0.0000,0.0000,0.0000,0.0062,0.0000,200,4.2830
0.0067,0.0000,0.0000,0.0000,0.0066,0.0000,200,4.2859
0.0063,0.0000,0.0000,0.0000,0.0063,0.0001,200,4.2893
0.0064,0.0000,0.0000,0.0000,0.0063,0.0000,200,4.2893
0.0064,0.0000,0.0000,0.0000,0.0064,0.0000,200,4.2893
0.0063,0.0000,0.0000,0.0000,0.0062,0.0000,200,4.2925
0.0064,0.0000,0.0000,0.0000,0.0063,0.0000,200,4.2956
0.0063,0.0000,0.0000,0.0000,0.0063,0.0000,200,4.2957
0.0063,0.0000,0.0000,0.0000,0.0063,0.0000,200,4.2957
0.0063,0.0000,0.0000,0.0000,0.0062,0.0001,200,4.2988
0.0062,0.0000,0.0000,0.0000,0.0061,0.0001,200,4.3020
0.0062,0.0000,0.0000,0.0000,0.0062,0.0000,200,4.3020
0.0063,0.0000,0.0000,0.0000,0.0062,0.0000,200,4.3020
0.0064,0.0000,0.0000,0.0000,0.0063,0.0000,200,4.3051
0.0062,0.0000,0.0000,0.0000,0.0061,0.0001,200,4.3083
0.0064,0.0000,0.0000,0.0000,0.0063,0.0000,200,4.3082
0.0062,0.0000,0.0000,0.0000,0.0062,0.0000,200,4.3083
0.0064,0.0000,0.0000,0.0000,0.0063,0.0000,200,4.3115
0.0064,0.0000,0.0000,0.0000,0.0063,0.0000,200,4.3145
0.0064,0.0000,0.0000,0.0000,0.0063,0.0000,200,4.3145
0.0068,0.0000,0.0000,0.0000,0.0068,0.0000,200,4.3145
0.0062,0.0000,0.0000,0.0000,0.0061,0.0001,200,4.3178
0.0064,0.0000,0.0000,0.0000,0.0063,0.0001,200,4.3209
0.0064,0.0000,0.0000,0.0000,0.0063,0.0001,200,4.3209
0.0062,0.0000,0.0000,0.0000,0.0062,0.0000,200,4.3214
0.0063,0.0000,0.0000,0.0000,0.0062,0.0001,200,4.3241
0.0064,0.0000,0.0000,0.0000,0.0063,0.0000,200,4.3273
0.0064,0.0000,0.0000,0.0000,0.0063,0.0000,200,4.3273
0.0063,0.0000,0.0000,0.0000,0.0063,0.0000,200,4.3276
0.0062,0.0000,0.0000,0.0000,0.0061,0.0000,200,4.3304
0.0068,0.0000,0.0000,0.0000,0.0067,0.0001,200,4.3336
0.0072,0.0000,0.0000,0.0000,0.0071,0.0000,200,4.3339
0.0077,0.0000,0.0000,0.0000,0.0076,0.0000,200,4.3336
0.0061,0.0000,0.0000,0.0000,0.0060,0.0000,200,4.3366
0.0065,0.0000,0.0000,0.0000,0.0063,0.0001,200,4.3404
0.0064,0.0000,0.0000,0.0000,0.0062,0.0000,200,4.3411
0.0062,0.0000,0.0000,0.0000,0.0061,0.0000,200,4.3413
0.0061,0.0000,0.0000,0.0000,0.0060,0.0000,200,4.3427
0.0066,0.0000,0.0000,0.0000,0.0065,0.0001,200,4.3468
0.0061,0.0000,0.0000,0.0000,0.0061,0.0000,200,4.3475
0.0062,0.0000,0.0000,0.0000,0.0061,0.0000,200,4.3474
0.0062,0.0000,0.0000,0.0000,0.0061,0.0001,200,4.3488
0.0064,0.0000,0.0000,0.0000,0.0063,0.0001,200,4.3535
0.0064,0.0000,0.0000,0.0000,0.0064,0.0000,200,4.3536
0.0064,0.0000,0.0000,0.0000,0.0063,0.0000,200,4.3536
0.0064,0.0000,0.0000,0.0000,0.0063,0.0001,200,4.3550
0.0064,0.0000,0.0000,0.0000,0.0063,0.0001,200,4.3600
0.0065,0.0000,0.0000,0.0000,0.0064,0.0001,200,4.3600
0.0066,0.0000,0.0000,0.0000,0.0066,0.0000,200,4.3599
0.0065,0.0000,0.0000,0.0001,0.0064,0.0000,200,4.3614
0.0065,0.0000,0.0000,0.0000,0.0064,0.0001,200,4.3665
0.0066,0.0000,0.0000,0.0000,0.0065,0.0000,200,4.3665
0.0075,0.0000,0.0000,0.0000,0.0074,0.0000,200,4.3665
0.0061,0.0000,0.0000,0.0000,0.0060,0.0000,200,4.3680
0.0067,0.0000,0.0000,0.0000,0.0066,0.0000,200,4.3730
0.0067,0.0000,0.0000,0.0000,0.0066,0.0001,200,4.3731
0.0064,0.0000,0.0000,0.0000,0.0063,0.0001,200,4.3741
0.0077,0.0000,0.0000,0.0000,0.0076,0.0000,200,4.3740
0.0069,0.0000,0.0000,0.0001,0.0065,0.0000,200,4.3798
0.0070,0.0000,0.0000,0.0001,0.0065,0.0001,200,4.3798
0.0063,0.0000,0.0000,0.0000,0.0062,0.0000,200,4.3804
0.0073,0.0000,0.0000,0.0000,0.0072,0.0001,200,4.3817
0.0068,0.0000,0.0000,0.0000,0.0067,0.0001,200,4.3868
0.0069,0.0000,0.0000,0.0000,0.0069,0.0000,200,4.3867
0.0069,0.0000,0.0000,0.0000,0.0069,0.0000,200,4.3867
0.0063,0.0000,0.0000,0.0000,0.0062,0.0001,200,4.3889
0.0071,0.0000,0.0000,0.0000,0.0070,0.0001,200,4.3935
0.0070,0.0000,0.0000,0.0000,0.0069,0.0001,200,4.3936
0.0068,0.0000,0.0000,0.0000,0.0067,0.0000,200,4.3952
0.0084,0.0000,0.0000,0.0000,0.0083,0.0000,200,4.3936
0.0064,0.0000,0.0000,0.0000,0.0063,0.0001,200,4.4007
0.0069,0.0000,0.0000,0.0000,0.0068,0.0000,200,4.4007
0.0067,0.0000,0.0000,0.0000,0.0067,0.0000,200,4.4020
0.0067,0.0000,0.0000,0.0000,0.0067,0.0000,200,4.4020
0.0063,0.0000,0.0000,0.0000,0.0062,0.0001,200,4.4070
0.0061,0.0000,0.0000,0.0000,0.0060,0.0000,200,4.4075
0.0061,0.0000,0.0000,0.0000,0.0060,0.0000,200,4.4087
0.0064,0.0000,0.0000,0.0000,0.0063,0.0000,200,4.4088
0.0066,0.0000,0.0000,0.0000,0.0065,0.0000,200,4.4133
0.0063,0.0000,0.0000,0.0000,0.0063,0.0000,200,4.4136
0.0063,0.0000,0.0000,0.0000,0.0062,0.0001,200,4.4148
0.0061,0.0000,0.0000,0.0000,0.0060,0.0000,200,4.4152
0.0063,0.0000,0.0000,0.0000,0.0062,0.0001,200,4.4199
0.0064,0.0000,0.0000,0.0000,0.0064,0.0000,200,4.4199
0.0064,0.0000,0.0000,0.0000,0.0063,0.0000,200,4.4211
0.0062,0.0000,0.0000,0.0000,0.0062,0.0000,200,4.4212
0.0065,0.0000,0.0000,0.0000,0.0064,0.0000,200,4.4263
0.0066,0.0000,0.0000,0.0000,0.0065,0.0000,200,4.4263
0.0061,0.0000,0.0000,0.0000,0.0061,0.0000,200,4.4275
0.0063,0.0000,0.0000,0.0000,0.0062,0.0001,200,4.4275
0.0065,0.0000,0.0000,0.0000,0.0064,0.0001,200,4.4328
0.0065,0.0000,0.0000,0.0000,0.0065,0.0000,200,4.4328
0.0062,0.0000,0.0000,0.0000,0.0062,0.0000,200,4.4336
0.0063,0.0000,0.0000,0.0000,0.0063,0.0000,200,4.4338
0.0065,0.0000,0.0000,0.0000,0.0064,0.0001,200,4.4398
0.0065,0.0000,0.0000,0.0000,0.0064,0.0000,200,4.4401
0.0085,0.0000,0.0000,0.0000,0.0084,0.0000,200,4.4394
0.0085,0.0000,0.0000,0.0000,0.0084,0.0000,200,4.4394
0.0068,0.0000,0.0000,0.0000,0.0067,0.0000,200,4.4463
0.0065,0.0000,0.0000,0.0000,0.0065,0.0000,200,4.4466
0.0066,0.0000,0.0000,0.0000,0.0065,0.0000,200,4.4478
0.0070,0.0000,0.0000,0.0000,0.0068,0.0001,200,4.4478
0.0063,0.0000,0.0000,0.0000,0.0062,0.0000,200,4.4531
0.0064,0.0000,0.0000,0.0000,0.0063,0.0000,200,4.4532
0.0063,0.0000,0.0000,0.0000,0.0062,0.0000,200,4.4544
0.0061,0.0000,0.0000,0.0000,0.0060,0.0000,200,4.4548
0.0061,0.0000,0.0000,0.0000,0.0060,0.0001,200,4.4596
0.0064,0.0000,0.0000,0.0000,0.0064,0.0000,200,4.4594
0.0062,0.0000,0.0000,0.0000,0.0061,0.0000,200,4.4609
0.0065,0.0000,0.0000,0.0000,0.0064,0.0000,200,4.4607
0.0062,0.0000,0.0000,0.0000,0.0061,0.0001,200,4.4657
0.0062,0.0000,0.0000,0.0000,0.0061,0.0000,200,4.4658
0.0061,0.0000,0.0000,0.0000,0.0060,0.0000,200,4.4670
0.0061,0.0000,0.0000,0.0000,0.0061,0.0000,200,4.4671
0.0064,0.0000,0.0000,0.0000,0.0063,0.0001,200,4.4719
0.0065,0.0000,0.0000,0.0000,0.0064,0.0000,200,4.4720
0.0060,0.0000,0.0000,0.0000,0.0060,0.0000,200,4.4731
0.0061,0.0000,0.0000,0.0000,0.0060,0.0000,200,4.4733
0.0064,0.0000,0.0000,0.0000,0.0064,0.0000,200,4.4783
0.0064,0.0000,0.0000,0.0000,0.0064,0.0000,200,4.4785
0.0063,0.0000,0.0000,0.0000,0.0062,0.0001,200,4.4791
0.0062,0.0000,0.0000,0.0000,0.0061,0.0000,200,4.4793
0.0063,0.0000,0.0000,0.0000,0.0062,0.0001,200,4.4848
0.0062,0.0000,0.0000,0.0000,0.0062,0.0000,200,4.4849
0.0061,0.0000,0.0000,0.0000,0.0060,0.0000,200,4.4855
0.0061,0.0000,0.0000,0.0000,0.0061,0.0000,200,4.4854
0.0060,0.0000,0.0000,0.0000,0.0059,0.0000,200,4.4916
0.0064,0.0000,0.0000,0.0000,0.0063,0.0000,200,4.4911
0.0065,0.0000,0.0000,0.0000,0.0064,0.0000,200,4.4911
0.0060,0.0000,0.0000,0.0000,0.0060,0.0000,200,4.4916
0.0065,0.0000,0.0000,0.0000,0.0064,0.0000,200,4.4975
0.0065,0.0000,0.0000,0.0000,0.0064,0.0001,200,4.4975
0.0065,0.0000,0.0000,0.0000,0.0064,0.0001,200,4.4976
0.0066,0.0000,0.0000,0.0000,0.0066,0.0000,200,4.4976
0.0064,0.0000,0.0000,0.0000,0.0063,0.0000,200,4.5041
0.0064,0.0000,0.0000,0.0000,0.0063,0.0000,200,4.5041
0.0062,0.0000,0.0000,0.0000,0.0062,0.0000,200,4.5042
0.0064,0.0000,0.0000,0.0000,0.0063,0.0000,200,4.5041
0.0064,0.0000,0.0000,0.0000,0.0063,0.0001,200,4.5105
0.0065,0.0000,0.0000,0.0000,0.0064,0.0000,200,4.5105
0.0065,0.0000,0.0000,0.0000,0.0064,0.0000,200,4.5105
0.0065,0.0000,0.0000,0.0000,0.0065,0.0000,200,4.5105
0.0062,0.0000,0.0000,0.0000,0.0061,0.0000,200,4.5170
0.0062,0.0000,0.0000,0.0000,0.0062,0.0000,200,4.5170
0.0063,0.0000,0.0000,0.0000,0.0062,0.0000,200,4.5170
0.0070,0.0000,0.0000,0.0000,0.0070,0.0000,200,4.5169
0.0064,0.0000,0.0000,0.0000,0.0063,0.0000,200,4.5232
0.0064,0.0000,0.0000,0.0000,0.0064,0.0000,200,4.5232
0.0064,0.0000,0.0000,0.0000,0.0062,0.0002,200,4.5233
0.0064,0.0000,0.0000,0.0000,0.0064,0.0000,200,4.5239
0.0063,0.0000,0.0000,0.0000,0.0062,0.0001,200,4.5297
0.0064,0.0000,0.0000,0.0000,0.0063,0.0000,200,4.5296
0.0065,0.0000,0.0000,0.0000,0.0065,0.0000,200,4.5296
0.0061,0.0000,0.0000,0.0000,0.0060,0.0000,200,4.5304
0.0066,0.0000,0.0000,0.0000,0.0066,0.0000,200,4.5360
0.0062,0.0000,0.0000,0.0000,0.0061,0.0000,200,4.5365
0.0067,0.0000,0.0000,0.0000,0.0066,0.0000,200,4.5360
0.0066,0.0000,0.0000,0.0000,0.0064,0.0001,200,4.5362
0.0063,0.0000,0.0000,0.0000,0.0062,0.0001,200,4.5426
0.0062,0.0000,0.0000,0.0000,0.0061,0.0000,200,4.5427
0.0063,0.0000,0.0000,0.0000,0.0062,0.0000,200,4.5427
0.0063,0.0000,0.0000,0.0000,0.0063,0.0000,200,4.5427
0.0063,0.0000,0.0000,0.0000,0.0062,0.0001,200,4.5489
0.0071,0.0000,0.0000,0.0000,0.0070,0.0000,200,4.5489
0.0071,0.0000,0.0000,0.0000,0.0071,0.0000,200,4.5489
0.0072,0.0000,0.0000,0.0000,0.0071,0.0000,200,4.5490
0.0065,0.0000,0.0000,0.0000,0.0065,0.0001,200,4.5561
0.0074,0.0000,0.0000,0.0000,0.0073,0.0001,200,4.5552
0.0066,0.0000,0.0000,0.0000,0.0066,0.0000,200,4.5560
0.0065,0.0000,0.0000,0.0000,0.0065,0.0000,200,4.5561
0.0063,0.0000,0.0000,0.0000,0.0062,0.0001,200,4.5626
0.0063,0.0000,0.0000,0.0000,0.0063,0.0000,200,4.5626
0.0063,0.0000,0.0000,0.0000,0.0063,0.0000,200,4.5626
0.0064,0.0000,0.0000,0.0000,0.0063,0.0000,200,4.5626
0.0065,0.0000,0.0000,0.0000,0.0064,0.0001,200,4.5690
0.0065,0.0000,0.0000,0.0000,0.0064,0.0001,200,4.5690
0.0066,0.0000,0.0000,0.0000,0.0065,0.0000,200,4.5690
0.0066,0.0000,0.0000,0.0000,0.0064,0.0002,200,4.5689
0.0065,0.0000,0.0000,0.0000,0.0064,0.0001,200,4.5754
0.0066,0.0000,0.0000,0.0000,0.0065,0.0001,200,4.5756
0.0067,0.0000,0.0000,0.0000,0.0067,0.0000,200,4.5754
0.0067,0.0000,0.0000,0.0000,0.0066,0.0000,200,4.5756
0.0065,0.0000,0.0000,0.0000,0.0064,0.0001,200,4.5821
0.0066,0.0000,0.0000,0.0000,0.0066,0.0000,200,4.5820
0.0065,0.0000,0.0000,0.0000,0.0064,0.0000,200,4.5821
0.0068,0.0000,0.0000,0.0000,0.0067,0.0000,200,4.5823
0.0064,0.0000,0.0000,0.0000,0.0063,0.0001,200,4.5887
0.0064,0.0000,0.0000,0.0000,0.0064,0.0000,200,4.5886
0.0064,0.0000,0.0000,0.0000,0.0063,0.0000,200,4.5886
0.0060,0.0000,0.0000,0.0000,0.0059,0.0001,200,4.5890
0.0065,0.0000,0.0000,0.0000,0.0064,0.0000,200,4.5950
0.0065,0.0000,0.0000,0.0000,0.0064,0.0000,200,4.5950
0.0065,0.0000,0.0000,0.0000,0.0064,0.0000,200,4.5950
0.0065,0.0000,0.0000,0.0000,0.0064,0.0000,200,4.5950
0.0063,0.0000,0.0000,0.0000,0.0062,0.0001,200,4.6015
0.0065,0.0000,0.0000,0.0000,0.0064,0.0000,200,4.6015
0.0065,0.0000,0.0000,0.0000,0.0064,0.0000,200,4.6015
0.0065,0.0000,0.0000,0.0000,0.0065,0.0000,200,4.6015
0.0063,0.0000,0.0000,0.0000,0.0062,0.0001,200,4.6080
0.0062,0.0000,0.0000,0.0000,0.0062,0.0000,200,4.6081
0.0065,0.0000,0.0000,0.0000,0.0064,0.0000,200,4.6079
0.0064,0.0000,0.0000,0.0000,0.0062,0.0001,200,4.6080
0.0065,0.0000,0.0000,0.0000,0.0064,0.0000,200,4.6143
0.0065,0.0000,0.0000,0.0000,0.0064,0.0000,200,4.6143
0.0065,0.0000,0.0000,0.0000,0.0064,0.0000,200,4.6144
0.0066,0.0000,0.0000,0.0000,0.0064,0.0001,200,4.6143
0.0065,0.0000,0.0000,0.0000,0.0064,0.0000,200,4.6208
0.0065,0.0000,0.0000,0.0000,0.0064,0.0001,200,4.6209
0.0066,0.0000,0.0000,0.0000,0.0065,0.0001,200,4.6208
0.0067,0.0000,0.0000,0.0000,0.0066,0.0000,200,4.6208
0.0063,0.0000,0.0000,0.0000,0.0062,0.0001,200,4.6274
0.0063,0.0000,0.0000,0.0000,0.0062,0.0000,200,4.6274
0.0063,0.0000,0.0000,0.0000,0.0062,0.0000,200,4.6275
0.0064,0.0000,0.0000,0.0000,0.0063,0.0000,200,4.6274
0.0062,0.0000,0.0000,0.0000,0.0061,0.0001,200,4.6338
0.0063,0.0000,0.0000,0.0000,0.0063,0.0000,200,4.6338
0.0065,0.0000,0.0000,0.0000,0.0064,0.0000,200,4.6337
0.0071,0.0000,0.0000,0.0000,0.0071,0.0000,200,4.6337
0.0063,0.0000,0.0000,0.0000,0.0062,0.0001,200,4.6400
0.0062,0.0000,0.0000,0.0000,0.0062,0.0000,200,4.6402
0.0063,0.0000,0.0000,0.0000,0.0063,0.0000,200,4.6401
0.0060,0.0000,0.0000,0.0000,0.0060,0.0000,200,4.6409
0.0062,0.0000,0.0000,0.0000,0.0061,0.0000,200,4.6464
0.0063,0.0000,0.0000,0.0000,0.0062,0.0000,200,4.6463
0.0061,0.0000,0.0000,0.0000,0.0061,0.0000,200,4.6465
0.0074,0.0000,0.0000,0.0000,0.0074,0.0000,200,4.6469
0.0062,0.0000,0.0000,0.0000,0.0061,0.0000,200,4.6526
0.0062,0.0000,0.0000,0.0000,0.0061,0.0001,200,4.6526
0.0063,0.0000,0.0000,0.0000,0.0062,0.0000,200,4.6526
0.0062,0.0000,0.0000,0.0000,0.0061,0.0000,200,4.6543
0.0062,0.0000,0.0000,0.0000,0.0062,0.0000,200,4.6588
0.0062,0.0000,0.0000,0.0000,0.0062,0.0000,200,4.6589
0.0063,0.0000,0.0000,0.0000,0.0063,0.0000,200,4.6588
0.0069,0.0000,0.0000,0.0000,0.0068,0.0001,200,4.6606
0.0063,0.0000,0.0000,0.0000,0.0062,0.0000,200,4.6651
0.0063,0.0000,0.0000,0.0000,0.0063,0.0000,200,4.6651
0.0073,0.0000,0.0000,0.0000,0.0072,0.0001,200,4.6652
0.0073,0.0000,0.0000,0.0000,0.0072,0.0000,200,4.6675
0.0061,0.0000,0.0000,0.0000,0.0061,0.0000,200,4.6714
0.0062,0.0000,0.0000,0.0000,0.0061,0.0000,200,4.6714
0.0063,0.0000,0.0000,0.0000,0.0062,0.0000,200,4.6725
0.0061,0.0000,0.0000,0.0000,0.0060,0.0000,200,4.6747
0.0061,0.0000,0.0000,0.0000,0.0061,0.0000,200,4.6775
0.0061,0.0000,0.0000,0.0000,0.0060,0.0000,200,4.6776
0.0061,0.0000,0.0000,0.0000,0.0061,0.0000,200,4.6787
0.0062,0.0000,0.0000,0.0000,0.0061,0.0000,200,4.6809
0.0061,0.0000,0.0000,0.0000,0.0061,0.0000,200,4.6837
0.0061,0.0000,0.0000,0.0000,0.0061,0.0000,200,4.6837
0.0061,0.0000,0.0000,0.0000,0.0060,0.0000,200,4.6849
0.0068,0.0000,0.0000,0.0000,0.0067,0.0001,200,4.6871
0.0063,0.0000,0.0000,0.0000,0.0062,0.0000,200,4.6898
0.0062,0.0000,0.0000,0.0000,0.0062,0.0000,200,4.6898
0.0061,0.0000,0.0000,0.0000,0.0060,0.0000,200,4.6910
0.0063,0.0000,0.0000,0.0000,0.0062,0.0000,200,4.6939
0.0062,0.0000,0.0000,0.0000,0.0061,0.0000,200,4.6961
0.0065,0.0000,0.0000,0.0000,0.0064,0.0000,200,4.6961
0.0060,0.0000,0.0000,0.0000,0.0059,0.0000,200,4.6971
0.0064,0.0000,0.0000,0.0000,0.0061,0.0002,200,4.7002
0.0061,0.0000,0.0000,0.0000,0.0060,0.0000,200,4.7023
0.0060,0.0000,0.0000,0.0000,0.0059,0.0001,200,4.7026
0.0060,0.0000,0.0000,0.0000,0.0060,0.0000,200,4.7031
0.0064,0.0000,0.0000,0.0000,0.0062,0.0000,200,4.7066
0.0061,0.0000,0.0000,0.0000,0.0060,0.0000,200,4.7083
0.0062,0.0000,0.0000,0.0000,0.0061,0.0001,200,4.7086
0.0068,0.0000,0.0000,0.0000,0.0067,0.0000,200,4.7091
0.0063,0.0000,0.0000,0.0000,0.0062,0.0000,200,4.7129
0.0069,0.0000,0.0000,0.0000,0.0069,0.0000,200,4.7145
0.0066,0.0000,0.0000,0.0000,0.0065,0.0000,200,4.7148
0.0061,0.0000,0.0000,0.0000,0.0061,0.0000,200,4.7159
0.0063,0.0000,0.0000,0.0000,0.0063,0.0000,200,4.7192
0.0063,0.0000,0.0000,0.0000,0.0062,0.0000,200,4.7214
0.0063,0.0000,0.0000,0.0000,0.0062,0.0000,200,4.7214
0.0062,0.0000,0.0000,0.0000,0.0062,0.0000,200,4.7220
0.0062,0.0000,0.0000,0.0000,0.0062,0.0000,200,4.7256
0.0063,0.0000,0.0000,0.0000,0.0062,0.0000,200,4.7277
0.0063,0.0000,0.0000,0.0000,0.0063,0.0000,200,4.7277
0.0060,0.0000,0.0000,0.0000,0.0059,0.0000,200,4.7282
0.0063,0.0000,0.0000,0.0000,0.0062,0.0000,200,4.7318
0.0062,0.0000,0.0000,0.0000,0.0062,0.0000,200,4.7340
0.0063,0.0000,0.0000,0.0000,0.0062,0.0000,200,4.7340
0.0060,0.0000,0.0000,0.0000,0.0059,0.0000,200,4.7342
0.0064,0.0000,0.0000,0.0000,0.0063,0.0001,200,4.7381
0.0063,0.0000,0.0000,0.0000,0.0062,0.0001,200,4.7402
0.0064,0.0000,0.0000,0.0000,0.0064,0.0000,200,4.7402
0.0064,0.0000,0.0000,0.0000,0.0064,0.0000,200,4.7402
0.0062,0.0000,0.0000,0.0000,0.0061,0.0000,200,4.7445
0.0062,0.0000,0.0000,0.0000,0.0061,0.0000,200,4.7465
0.0061,0.0000,0.0000,0.0000,0.0060,0.0000,200,4.7467
0.0062,0.0000,0.0000,0.0000,0.0062,0.0000,200,4.7467
0.0061,0.0000,0.0000,0.0000,0.0060,0.0000,200,4.7507
0.0062,0.0000,0.0000,0.0000,0.0061,0.0000,200,4.7527
0.0062,0.0000,0.0000,0.0000,0.0061,0.0000,200,4.7527
0.0061,0.0000,0.0000,0.0000,0.0061,0.0000,200,4.7529
0.0063,0.0000,0.0000,0.0000,0.0062,0.0001,200,4.7568
0.0061,0.0000,0.0000,0.0000,0.0060,0.0001,200,4.7589
0.0062,0.0000,0.0000,0.0000,0.0061,0.0000,200,4.7590
0.0065,0.0000,0.0000,0.0000,0.0064,0.0000,200,4.7589
0.0063,0.0000,0.0000,0.0000,0.0062,0.0001,200,4.7630
0.0061,0.0000,0.0000,0.0000,0.0061,0.0000,200,4.7650
0.0061,0.0000,0.0000,0.0000,0.0061,0.0000,200,4.7652
0.0063,0.0000,0.0000,0.0000,0.0062,0.0000,200,4.7654
0.0064,0.0000,0.0000,0.0000,0.0063,0.0001,200,4.7693
0.0067,0.0000,0.0000,0.0000,0.0066,0.0000,200,4.7713
0.0065,0.0000,0.0000,0.0000,0.0064,0.0000,200,4.7716
0.0070,0.0000,0.0000,0.0000,0.0069,0.0000,200,4.7712
0.0065,0.0000,0.0000,0.0000,0.0064,0.0001,200,4.7757
0.0065,0.0000,0.0000,0.0000,0.0064,0.0000,200,4.7781
0.0065,0.0000,0.0000,0.0000,0.0065,0.0000,200,4.7781
0.0067,0.0000,0.0000,0.0000,0.0066,0.0000,200,4.7780
0.0062,0.0000,0.0000,0.0000,0.0061,0.0001,200,4.7822
0.0063,0.0000,0.0000,0.0000,0.0062,0.0000,200,4.7846
0.0065,0.0000,0.0000,0.0000,0.0065,0.0000,200,4.7847
0.0067,0.0000,0.0000,0.0000,0.0065,0.0001,200,4.7846
0.0065,0.0000,0.0000,0.0000,0.0064,0.0001,200,4.7884
0.0063,0.0000,0.0000,0.0000,0.0063,0.0001,200,4.7912
0.0068,0.0000,0.0000,0.0000,0.0067,0.0000,200,4.7909
0.0066,0.0000,0.0000,0.0000,0.0065,0.0000,200,4.7913
0.0067,0.0000,0.0000,0.0000,0.0066,0.0001,200,4.7949
0.0063,0.0000,0.0000,0.0000,0.0062,0.0000,200,4.7976
0.0062,0.0000,0.0000,0.0000,0.0062,0.0000,200,4.7977
0.0061,0.0000,0.0000,0.0000,0.0061,0.0000,200,4.7979
0.0062,0.0000,0.0000,0.0000,0.0061,0.0000,200,4.8017
0.0061,0.0000,0.0000,0.0000,0.0060,0.0000,200,4.8040
0.0063,0.0000,0.0000,0.0000,0.0062,0.0000,200,4.8039
0.0062,0.0000,0.0000,0.0000,0.0062,0.0000,200,4.8039
0.0064,0.0000,0.0000,0.0000,0.0063,0.0001,200,4.8078
0.0065,0.0000,0.0000,0.0000,0.0064,0.0000,200,4.8101
0.0064,0.0000,0.0000,0.0000,0.0064,0.0000,200,4.8102
0.0065,0.0000,0.0000,0.0000,0.0064,0.0000,200,4.8101
0.0065,0.0000,0.0000,0.0000,0.0064,0.0001,200,4.8142
0.0062,0.0000,0.0000,0.0000,0.0061,0.0000,200,4.8166
0.0062,0.0000,0.0000,0.0000,0.0061,0.0000,200,4.8166
0.0070,0.0000,0.0000,0.0000,0.0069,0.0000,200,4.8165
0.0065,0.0000,0.0000,0.0000,0.0064,0.0001,200,4.8206
0.0065,0.0000,0.0000,0.0000,0.0064,0.0001,200,4.8228
0.0066,0.0000,0.0000,0.0000,0.0065,0.0000,200,4.8235
0.0074,0.0000,0.0000,0.0000,0.0071,0.0003,200,4.8228
0.0070,0.0000,0.0000,0.0000,0.0068,0.0001,200,4.8271
0.0065,0.0000,0.0000,0.0000,0.0064,0.0000,200,4.8293
0.0071,0.0000,0.0000,0.0000,0.0070,0.0001,200,4.8303
0.0075,0.0000,0.0000,0.0000,0.0074,0.0000,200,4.8301
0.0069,0.0000,0.0000,0.0000,0.0068,0.0001,200,4.8341
0.0066,0.0000,0.0000,0.0000,0.0065,0.0001,200,4.8358
0.0065,0.0000,0.0000,0.0000,0.0064,0.0000,200,4.8373
0.0069,0.0000,0.0000,0.0000,0.0068,0.0001,200,4.8376
0.0066,0.0000,0.0000,0.0000,0.0065,0.0000,200,4.8410
0.0066,0.0000,0.0000,0.0000,0.0064,0.0001,200,4.8424
0.0062,0.0000,0.0000,0.0000,0.0061,0.0001,200,4.8445
0.0070,0.0000,0.0000,0.0000,0.0069,0.0000,200,4.8438
0.0083,0.0000,0.0000,0.0000,0.0082,0.0001,200,4.8489
0.0096,0.0000,0.0000,0.0000,0.0095,0.0001,200,4.8476
0.0065,0.0000,0.0000,0.0000,0.0064,0.0001,200,4.8507
0.0067,0.0000,0.0000,0.0000,0.0066,0.0000,200,4.8508
0.0066,0.0000,0.0000,0.0000,0.0065,0.0001,200,4.8572
0.0066,0.0000,0.0000,0.0000,0.0065,0.0000,200,4.8572
0.0067,0.0000,0.0000,0.0000,0.0066,0.0000,200,4.8572
0.0100,0.0000,0.0000,0.0000,0.0099,0.0001,200,4.8575
0.0063,0.0000,0.0000,0.0000,0.0063,0.0001,200,4.8639
0.0066,0.0000,0.0000,0.0000,0.0065,0.0000,200,4.8638
0.0067,0.0000,0.0000,0.0000,0.0066,0.0000,200,4.8638
0.0066,0.0000,0.0000,0.0000,0.0065,0.0001,200,4.8675
0.0065,0.0000,0.0000,0.0000,0.0064,0.0001,200,4.8704
0.0069,0.0000,0.0000,0.0000,0.0068,0.0000,200,4.8702
0.0068,0.0000,0.0000,0.0000,0.0067,0.0000,200,4.8705
0.0065,0.0000,0.0000,0.0000,0.0064,0.0001,200,4.8741
0.0069,0.0000,0.0000,0.0000,0.0068,0.0001,200,4.8769
0.0069,0.0000,0.0000,0.0000,0.0069,0.0000,200,4.8772
0.0082,0.0000,0.0000,0.0000,0.0081,0.0001,200,4.8772
0.0107,0.0000,0.0000,0.0000,0.0093,0.0014,200,4.8806
0.0077,0.0000,0.0000,0.0000,0.0076,0.0001,200,4.8838
0.0069,0.0000,0.0000,0.0000,0.0069,0.0000,200,4.8853
0.0087,0.0000,0.0000,0.0000,0.0086,0.0000,200,4.8842
0.0072,0.0000,0.0000,0.0000,0.0071,0.0001,200,4.8913
0.0076,0.0000,0.0000,0.0000,0.0075,0.0001,200,4.8915
0.0087,0.0000,0.0000,0.0000,0.0086,0.0001,200,4.8923
0.0116,0.0000,0.0000,0.0000,0.0114,0.0001,200,4.8929
0.0080,0.0000,0.0000,0.0000,0.0074,0.0001,200,4.8985
0.0089,0.0000,0.0000,0.0000,0.0088,0.0001,200,4.8991
0.0104,0.0000,0.0000,0.0000,0.0103,0.0001,200,4.9010
0.0077,0.0000,0.0000,0.0001,0.0075,0.0000,200,4.9045
0.0083,0.0000,0.0000,0.0000,0.0081,0.0001,200,4.9080
0.0099,0.0000,0.0000,0.0000,0.0098,0.0000,200,4.9065
0.0065,0.0000,0.0000,0.0000,0.0064,0.0000,200,4.9113
0.0101,0.0000,0.0000,0.0000,0.0099,0.0001,200,4.9122
0.0069,0.0000,0.0000,0.0000,0.0068,0.0000,200,4.9163
0.0069,0.0000,0.0000,0.0000,0.0068,0.0000,200,4.9163
0.0066,0.0000,0.0000,0.0000,0.0065,0.0001,200,4.9179
0.0068,0.0000,0.0000,0.0000,0.0067,0.0001,200,4.9222
0.0067,0.0000,0.0000,0.0000,0.0066,0.0001,200,4.9232
0.0068,0.0000,0.0000,0.0000,0.0067,0.0001,200,4.9233
0.0063,0.0000,0.0000,0.0000,0.0062,0.0000,200,4.9245
0.0066,0.0000,0.0000,0.0000,0.0065,0.0001,200,4.9299
0.0075,0.0000,0.0000,0.0000,0.0072,0.0000,200,4.9291
0.0067,0.0000,0.0000,0.0000,0.0066,0.0000,200,4.9301
0.0068,0.0000,0.0000,0.0000,0.0068,0.0000,200,4.9307
0.0066,0.0000,0.0000,0.0000,0.0065,0.0001,200,4.9365
0.0065,0.0000,0.0000,0.0000,0.0065,0.0000,200,4.9368
0.0064,0.0000,0.0000,0.0000,0.0064,0.0001,200,4.9376
0.0083,0.0000,0.0000,0.0000,0.0082,0.0000,200,4.9365
0.0065,0.0000,0.0000,0.0000,0.0064,0.0000,200,4.9431
0.0063,0.0000,0.0000,0.0000,0.0062,0.0001,200,4.9433
0.0067,0.0000,0.0000,0.0000,0.0067,0.0000,200,4.9440
0.0111,0.0000,0.0000,0.0000,0.0103,0.0008,200,4.9448
0.0068,0.0000,0.0000,0.0000,0.0067,0.0000,200,4.9496
0.0069,0.0000,0.0000,0.0000,0.0069,0.0000,200,4.9496
0.0062,0.0000,0.0000,0.0000,0.0062,0.0000,200,4.9508
0.0072,0.0000,0.0000,0.0000,0.0070,0.0001,200,4.9559
0.0063,0.0000,0.0000,0.0000,0.0062,0.0000,200,4.9570
0.0068,0.0000,0.0000,0.0000,0.0067,0.0000,200,4.9565
0.0070,0.0000,0.0000,0.0000,0.0069,0.0001,200,4.9564
0.0064,0.0000,0.0000,0.0000,0.0063,0.0001,200,4.9631
0.0063,0.0000,0.0000,0.0000,0.0063,0.0000,200,4.9633
0.0065,0.0000,0.0000,0.0000,0.0065,0.0000,200,4.9633
0.0082,0.0000,0.0000,0.0000,0.0081,0.0001,200,4.9635
0.0064,0.0000,0.0000,0.0000,0.0063,0.0001,200,4.9696
0.0066,0.0000,0.0000,0.0000,0.0065,0.0000,200,4.9695
0.0065,0.0000,0.0000,0.0000,0.0064,0.0000,200,4.9698
0.0066,0.0000,0.0000,0.0000,0.0065,0.0000,200,4.9717
0.0077,0.0000,0.0000,0.0000,0.0076,0.0001,200,4.9760
0.0076,0.0000,0.0000,0.0000,0.0075,0.0000,200,4.9763
0.0078,0.0000,0.0000,0.0000,0.0077,0.0000,200,4.9761
0.0095,0.0000,0.0000,0.0000,0.0092,0.0002,200,4.9783
0.0069,0.0000,0.0000,0.0000,0.0068,0.0000,200,4.9838
0.0068,0.0000,0.0000,0.0000,0.0068,0.0000,200,4.9839
0.0070,0.0000,0.0000,0.0000,0.0069,0.0000,200,4.9839
0.0065,0.0000,0.0000,0.0000,0.0064,0.0001,200,4.9877
0.0064,0.0000,0.0000,0.0000,0.0063,0.0001,200,4.9906
0.0065,0.0000,0.0000,0.0000,0.0065,0.0000,200,4.9907
0.0066,0.0000,0.0000,0.0000,0.0065,0.0000,200,4.9908
0.0070,0.0000,0.0000,0.0000,0.0069,0.0001,200,4.9943
0.0063,0.0000,0.0000,0.0000,0.0062,0.0001,200,4.9972
0.0064,0.0000,0.0000,0.0001,0.0063,0.0000,200,4.9974
0.0075,0.0000,0.0000,0.0000,0.0074,0.0001,200,5.0013
0.0117,0.0000,0.0000,0.0000,0.0117,0.0000,200,4.9971
0.0062,0.0000,0.0000,0.0000,0.0061,0.0000,200,5.0038
0.0066,0.0000,0.0000,0.0000,0.0065,0.0000,200,5.0035
0.0069,0.0000,0.0000,0.0000,0.0069,0.0001,200,5.0088
0.0108,0.0000,0.0000,0.0000,0.0108,0.0001,200,5.0088
0.0097,0.0000,0.0000,0.0000,0.0096,0.0000,200,5.0100
0.0096,0.0000,0.0000,0.0000,0.0095,0.0001,200,5.0101
0.0067,0.0000,0.0000,0.0000,0.0066,0.0001,200,5.0157
0.0067,0.0000,0.0000,0.0000,0.0065,0.0001,200,5.0197
0.0068,0.0000,0.0000,0.0000,0.0067,0.0000,200,5.0197
0.0068,0.0000,0.0000,0.0000,0.0067,0.0000,200,5.0197
0.0065,0.0000,0.0000,0.0000,0.0064,0.0001,200,5.0224
0.0081,0.0000,0.0000,0.0000,0.0071,0.0009,200,5.0263
0.0087,0.0000,0.0000,0.0000,0.0086,0.0001,200,5.0289
0.0171,0.0000,0.0000,0.0000,0.0170,0.0001,200,5.0265
0.0094,0.0000,0.0000,0.0000,0.0093,0.0000,200,5.0345
0.0174,0.0000,0.0000,0.0000,0.0173,0.0001,200,5.0264
0.0098,0.0000,0.0000,0.0000,0.0091,0.0006,200,5.0376
0.0069,0.0000,0.0000,0.0000,0.0068,0.0001,200,5.0439
0.0102,0.0000,0.0000,0.0000,0.0101,0.0001,200,5.0438
0.0106,0.0000,0.0000,0.0000,0.0106,0.0000,200,5.0436
0.0078,0.0000,0.0000,0.0000,0.0074,0.0004,200,5.0474
0.0069,0.0000,0.0000,0.0000,0.0068,0.0001,200,5.0508
0.0065,0.0000,0.0000,0.0000,0.0064,0.0000,200,5.0552
0.0075,0.0000,0.0000,0.0000,0.0075,0.0000,200,5.0542
0.0078,0.0000,0.0000,0.0000,0.0075,0.0003,200,5.0540
0.0067,0.0000,0.0000,0.0000,0.0066,0.0001,200,5.0577
0.0065,0.0000,0.0000,0.0000,0.0064,0.0001,200,5.0617
0.0065,0.0000,0.0000,0.0000,0.0065,0.0000,200,5.0618
0.0070,0.0000,0.0000,0.0000,0.0069,0.0000,200,5.0618
0.0077,0.0000,0.0000,0.0000,0.0075,0.0001,200,5.0645
0.0102,0.0000,0.0000,0.0000,0.0101,0.0001,200,5.0682
0.0097,0.0000,0.0000,0.0000,0.0096,0.0001,200,5.0688
0.0101,0.0000,0.0000,0.0000,0.0100,0.0001,200,5.0683
0.0064,0.0000,0.0000,0.0000,0.0064,0.0000,200,5.0721
0.0065,0.0000,0.0000,0.0000,0.0064,0.0000,200,5.0785
0.0065,0.0000,0.0000,0.0000,0.0065,0.0000,200,5.0784
0.0066,0.0000,0.0000,0.0000,0.0066,0.0000,200,5.0784
0.0066,0.0000,0.0000,0.0000,0.0066,0.0000,200,5.0784
0.0066,0.0000,0.0000,0.0000,0.0065,0.0000,200,5.0851
0.0068,0.0000,0.0000,0.0000,0.0067,0.0000,200,5.0850
0.0067,0.0000,0.0000,0.0000,0.0067,0.0000,200,5.0851
0.0068,0.0000,0.0000,0.0000,0.0066,0.0003,200,5.0850
0.0067,0.0000,0.0000,0.0000,0.0066,0.0001,200,5.0918
0.0068,0.0000,0.0000,0.0000,0.0067,0.0000,200,5.0918
0.0067,0.0000,0.0000,0.0000,0.0067,0.0000,200,5.0918
0.0069,0.0000,0.0000,0.0000,0.0069,0.0000,200,5.0917
0.0064,0.0000,0.0000,0.0000,0.0063,0.0000,200,5.0986
0.0065,0.0000,0.0000,0.0000,0.0064,0.0000,200,5.0986
0.0069,0.0000,0.0000,0.0000,0.0068,0.0000,200,5.0985
0.0100,0.0000,0.0000,0.0000,0.0097,0.0001,200,5.0986
0.0062,0.0000,0.0000,0.0000,0.0062,0.0001,200,5.1054
0.0067,0.0000,0.0000,0.0000,0.0067,0.0000,200,5.1050
0.0068,0.0000,0.0000,0.0000,0.0067,0.0000,200,5.1050
0.0070,0.0000,0.0000,0.0000,0.0069,0.0001,200,5.1086
0.0065,0.0000,0.0000,0.0000,0.0064,0.0001,200,5.1118
0.0084,0.0000,0.0000,0.0000,0.0083,0.0001,200,5.1116
0.0087,0.0000,0.0000,0.0000,0.0086,0.0000,200,5.1117
0.0067,0.0000,0.0000,0.0000,0.0066,0.0001,200,5.1156
0.0072,0.0000,0.0000,0.0000,0.0070,0.0001,200,5.1183
0.0068,0.0000,0.0000,0.0000,0.0067,0.0001,200,5.1204
0.0077,0.0000,0.0000,0.0000,0.0076,0.0000,200,5.1200
0.0072,0.0000,0.0000,0.0000,0.0071,0.0000,200,5.1223
0.0065,0.0000,0.0000,0.0000,0.0064,0.0001,200,5.1255
0.0068,0.0000,0.0000,0.0000,0.0067,0.0000,200,5.1272
0.0065,0.0000,0.0000,0.0000,0.0065,0.0000,200,5.1277
0.0073,0.0000,0.0000,0.0000,0.0072,0.0001,200,5.1295
0.0068,0.0000,0.0000,0.0000,0.0066,0.0000,200,5.1320
0.0066,0.0000,0.0000,0.0000,0.0065,0.0001,200,5.1342
0.0074,0.0000,0.0000,0.0000,0.0074,0.0000,200,5.1340
0.0075,0.0000,0.0000,0.0000,0.0074,0.0001,200,5.1368
0.0068,0.0000,0.0000,0.0000,0.0066,0.0002,200,5.1388
0.0082,0.0000,0.0000,0.0000,0.0081,0.0001,200,5.1415
0.0090,0.0000,0.0000,0.0000,0.0089,0.0000,200,5.1408
0.0073,0.0000,0.0000,0.0000,0.0072,0.0000,200,5.1443
0.0071,0.0000,0.0000,0.0000,0.0070,0.0000,200,5.1456
0.0066,0.0000,0.0000,0.0000,0.0065,0.0001,200,5.1496
0.0067,0.0000,0.0000,0.0000,0.0066,0.0000,200,5.1498
0.0090,0.0000,0.0000,0.0000,0.0089,0.0000,200,5.1515
0.0078,0.0000,0.0000,0.0000,0.0078,0.0000,200,5.1527
0.0090,0.0000,0.0000,0.0000,0.0090,0.0001,200,5.1565
0.0093,0.0000,0.0000,0.0000,0.0092,0.0001,200,5.1562
0.0068,0.0000,0.0000,0.0000,0.0067,0.0001,200,5.1605
0.0068,0.0000,0.0000,0.0000,0.0067,0.0001,200,5.1605
0.0077,0.0000,0.0000,0.0000,0.0076,0.0001,200,5.1655
0.0087,0.0000,0.0000,0.0000,0.0086,0.0001,200,5.1655
0.0074,0.0000,0.0000,0.0000,0.0073,0.0000,200,5.1674
0.0075,0.0000,0.0000,0.0000,0.0075,0.0000,200,5.1673
0.0069,0.0000,0.0000,0.0000,0.0068,0.0001,200,5.1733
0.0068,0.0000,0.0000,0.0000,0.0068,0.0000,200,5.1742
0.0063,0.0000,0.0000,0.0000,0.0062,0.0000,200,5.1749
0.0065,0.0000,0.0000,0.0000,0.0065,0.0000,200,5.1747
0.0074,0.0000,0.0000,0.0000,0.0073,0.0001,200,5.1802
0.0067,0.0000,0.0000,0.0000,0.0067,0.0000,200,5.1812
0.0069,0.0000,0.0000,0.0000,0.0068,0.0000,200,5.1811
0.0068,0.0000,0.0000,0.0000,0.0067,0.0000,200,5.1813
0.0068,0.0000,0.0000,0.0000,0.0067,0.0001,200,5.1876
0.0066,0.0000,0.0000,0.0000,0.0066,0.0000,200,5.1879
0.0081,0.0000,0.0000,0.0000,0.0080,0.0000,200,5.1879
0.0081,0.0000,0.0000,0.0000,0.0080,0.0000,200,5.1881
0.0075,0.0000,0.0000,0.0000,0.0073,0.0001,200,5.1944
0.0087,0.0000,0.0000,0.0000,0.0086,0.0000,200,5.1945
0.0071,0.0000,0.0000,0.0000,0.0071,0.0000,200,5.1960
0.0070,0.0000,0.0000,0.0000,0.0070,0.0000,200,5.1962
0.0074,0.0000,0.0000,0.0000,0.0073,0.0001,200,5.2019
0.0064,0.0000,0.0000,0.0000,0.0063,0.0001,200,5.2032
0.0065,0.0000,0.0000,0.0000,0.0063,0.0000,200,5.2032
0.0069,0.0000,0.0000,0.0000,0.0068,0.0000,200,5.2032
0.0067,0.0000,0.0000,0.0000,0.0066,0.0001,200,5.2093
0.0073,0.0000,0.0000,0.0000,0.0072,0.0000,200,5.2098
0.0070,0.0000,0.0000,0.0000,0.0069,0.0000,200,5.2101
0.0075,0.0000,0.0000,0.0000,0.0074,0.0000,200,5.2096
0.0065,0.0000,0.0000,0.0000,0.0064,0.0001,200,5.2160
0.0061,0.0000,0.0000,0.0000,0.0061,0.0000,200,5.2171
0.0064,0.0000,0.0000,0.0000,0.0063,0.0000,200,5.2170
0.0073,0.0000,0.0000,0.0000,0.0072,0.0000,200,5.2170
0.0064,0.0000,0.0000,0.0000,0.0062,0.0001,200,5.2225
0.0062,0.0000,0.0000,0.0000,0.0061,0.0000,200,5.2232
0.0067,0.0000,0.0000,0.0000,0.0067,0.0000,200,5.2234
0.0059,0.0000,0.0000,0.0000,0.0059,0.0000,200,5.2243
0.0063,0.0000,0.0000,0.0000,0.0062,0.0001,200,5.2289
0.0060,0.0000,0.0000,0.0000,0.0060,0.0000,200,5.2294
0.0060,0.0000,0.0000,0.0000,0.0059,0.0001,200,5.2301
0.0060,0.0000,0.0000,0.0000,0.0060,0.0000,200,5.2303
0.0063,0.0000,0.0000,0.0000,0.0062,0.0001,200,5.2354
0.0066,0.0000,0.0000,0.0000,0.0065,0.0001,200,5.2352
0.0060,0.0000,0.0000,0.0000,0.0059,0.0000,200,5.2363
0.0063,0.0000,0.0000,0.0000,0.0062,0.0000,200,5.2361
0.0066,0.0000,0.0000,0.0000,0.0064,0.0001,200,5.2418
0.0066,0.0000,0.0000,0.0000,0.0065,0.0000,200,5.2418
0.0061,0.0000,0.0000,0.0000,0.0060,0.0000,200,5.2423
0.0076,0.0000,0.0000,0.0000,0.0075,0.0000,200,5.2424
0.0064,0.0000,0.0000,0.0000,0.0063,0.0000,200,5.2484
0.0064,0.0000,0.0000,0.0000,0.0064,0.0000,200,5.2484
0.0064,0.0000,0.0000,0.0000,0.0064,0.0000,200,5.2483
0.0069,0.0000,0.0000,0.0000,0.0068,0.0000,200,5.2499
0.0063,0.0000,0.0000,0.0000,0.0062,0.0001,200,5.2548
0.0063,0.0000,0.0000,0.0000,0.0063,0.0000,200,5.2548
0.0064,0.0000,0.0000,0.0000,0.0063,0.0000,200,5.2547
0.0061,0.0000,0.0000,0.0000,0.0061,0.0000,200,5.2568
0.0063,0.0000,0.0000,0.0000,0.0062,0.0001,200,5.2611
0.0064,0.0000,0.0000,0.0000,0.0063,0.0000,200,5.2611
0.0074,0.0000,0.0000,0.0000,0.0073,0.0000,200,5.2611
0.0060,0.0000,0.0000,0.0000,0.0060,0.0000,200,5.2629
0.0062,0.0000,0.0000,0.0000,0.0061,0.0000,200,5.2675
0.0063,0.0000,0.0000,0.0000,0.0062,0.0000,200,5.2674
0.0062,0.0000,0.0000,0.0000,0.0061,0.0001,200,5.2685
0.0065,0.0000,0.0000,0.0000,0.0064,0.0000,200,5.2690
0.0063,0.0000,0.0000,0.0000,0.0062,0.0001,200,5.2737
0.0063,0.0000,0.0000,0.0000,0.0063,0.0000,200,5.2737
0.0062,0.0000,0.0000,0.0000,0.0061,0.0000,200,5.2747
0.0061,0.0000,0.0000,0.0000,0.0060,0.0000,200,5.2754
0.0063,0.0000,0.0000,0.0000,0.0062,0.0000,200,5.2800
0.0063,0.0000,0.0000,0.0000,0.0062,0.0000,200,5.2800
0.0066,0.0000,0.0000,0.0000,0.0065,0.0000,200,5.2809
0.0069,0.0000,0.0000,0.0000,0.0068,0.0001,200,5.2815
0.0066,0.0000,0.0000,0.0000,0.0065,0.0001,200,5.2863
0.0071,0.0000,0.0000,0.0000,0.0070,0.0001,200,5.2863
0.0064,0.0000,0.0000,0.0000,0.0063,0.0001,200,5.2875
0.0063,0.0000,0.0000,0.0000,0.0062,0.0000,200,5.2885
0.0066,0.0000,0.0000,0.0000,0.0065,0.0001,200,5.2929
0.0064,0.0000,0.0000,0.0000,0.0063,0.0000,200,5.2935
0.0062,0.0000,0.0000,0.0000,0.0061,0.0000,200,5.2940
0.0061,0.0000,0.0000,0.0000,0.0061,0.0000,200,5.2947
0.0065,0.0000,0.0000,0.0000,0.0064,0.0001,200,5.2995
0.0062,0.0000,0.0000,0.0000,0.0061,0.0000,200,5.2998
0.0060,0.0000,0.0000,0.0000,0.0060,0.0000,200,5.3002
0.0061,0.0000,0.0000,0.0000,0.0060,0.0000,200,5.3008
0.0066,0.0000,0.0000,0.0000,0.0065,0.0000,200,5.3060
0.0067,0.0000,0.0000,0.0000,0.0065,0.0001,200,5.3060
0.0065,0.0000,0.0000,0.0000,0.0064,0.0000,200,5.3062
0.0075,0.0000,0.0000,0.0000,0.0075,0.0000,200,5.3069
0.0064,0.0000,0.0000,0.0000,0.0063,0.0000,200,5.3126
0.0064,0.0000,0.0000,0.0000,0.0063,0.0000,200,5.3127
0.0064,0.0000,0.0000,0.0000,0.0063,0.0000,200,5.3126
0.0071,0.0000,0.0000,0.0000,0.0070,0.0000,200,5.3145
0.0062,0.0000,0.0000,0.0000,0.0061,0.0000,200,5.3191
0.0062,0.0000,0.0000,0.0000,0.0061,0.0000,200,5.3191
0.0063,0.0000,0.0000,0.0000,0.0063,0.0000,200,5.3191
0.0062,0.0000,0.0000,0.0000,0.0061,0.0001,200,5.3216
0.0063,0.0000,0.0000,0.0000,0.0062,0.0001,200,5.3252
0.0062,0.0000,0.0000,0.0000,0.0062,0.0000,200,5.3254
0.0063,0.0000,0.0000,0.0000,0.0063,0.0000,200,5.3252
0.0069,0.0000,0.0000,0.0000,0.0068,0.0001,200,5.3278
0.0063,0.0000,0.0000,0.0000,0.0062,0.0001,200,5.3316
0.0064,0.0000,0.0000,0.0000,0.0063,0.0000,200,5.3315
0.0067,0.0000,0.0000,0.0000,0.0067,0.0000,200,5.3316
0.0062,0.0000,0.0000,0.0000,0.0061,0.0000,200,5.3347
0.0066,0.0000,0.0000,0.0000,0.0065,0.0001,200,5.3380
0.0069,0.0000,0.0000,0.0000,0.0068,0.0000,200,5.3379
0.0068,0.0000,0.0000,0.0000,0.0068,0.0000,200,5.3383
0.0062,0.0000,0.0000,0.0000,0.0061,0.0000,200,5.3409
0.0063,0.0000,0.0000,0.0000,0.0062,0.0001,200,5.3447
0.0066,0.0000,0.0000,0.0000,0.0066,0.0000,200,5.3446
0.0062,0.0000,0.0000,0.0000,0.0061,0.0000,200,5.3451
0.0063,0.0000,0.0000,0.0000,0.0062,0.0001,200,5.3471
0.0067,0.0000,0.0000,0.0000,0.0066,0.0001,200,5.3510
0.0066,0.0000,0.0000,0.0000,0.0066,0.0000,200,5.3512
0.0084,0.0000,0.0000,0.0000,0.0083,0.0000,200,5.3514
0.0064,0.0000,0.0000,0.0000,0.0063,0.0000,200,5.3533
0.0069,0.0000,0.0000,0.0000,0.0068,0.0000,200,5.3577
0.0067,0.0000,0.0000,0.0000,0.0067,0.0000,200,5.3579
0.0063,0.0000,0.0000,0.0000,0.0062,0.0000,200,5.3597
0.0065,0.0000,0.0000,0.0000,0.0065,0.0000,200,5.3597
0.0061,0.0000,0.0000,0.0000,0.0060,0.0000,200,5.3646
0.0061,0.0000,0.0000,0.0000,0.0061,0.0000,200,5.3646
0.0063,0.0000,0.0000,0.0000,0.0062,0.0001,200,5.3663
0.0068,0.0000,0.0000,0.0000,0.0067,0.0000,200,5.3660
0.0064,0.0000,0.0000,0.0000,0.0063,0.0001,200,5.3707
0.0065,0.0000,0.0000,0.0000,0.0065,0.0000,200,5.3707
0.0073,0.0000,0.0000,0.0000,0.0072,0.0000,200,5.3726
0.0071,0.0000,0.0000,0.0000,0.0071,0.0000,200,5.3727
0.0064,0.0000,0.0000,0.0000,0.0063,0.0001,200,5.3771
0.0063,0.0000,0.0000,0.0000,0.0063,0.0000,200,5.3772
0.0063,0.0000,0.0000,0.0000,0.0063,0.0000,200,5.3799
0.0064,0.0000,0.0000,0.0000,0.0063,0.0000,200,5.3799
0.0063,0.0000,0.0000,0.0000,0.0062,0.0000,200,5.3836
0.0065,0.0000,0.0000,0.0000,0.0064,0.0000,200,5.3835
0.0064,0.0000,0.0000,0.0000,0.0063,0.0001,200,5.3862
0.0071,0.0000,0.0000,0.0000,0.0070,0.0000,200,5.3862
0.0063,0.0000,0.0000,0.0000,0.0062,0.0000,200,5.3898
0.0061,0.0000,0.0000,0.0000,0.0061,0.0000,200,5.3900
0.0065,0.0000,0.0000,0.0000,0.0064,0.0001,200,5.3926
0.0062,0.0000,0.0000,0.0000,0.0062,0.0000,200,5.3933
0.0061,0.0000,0.0000,0.0000,0.0060,0.0000,200,5.3962
0.0061,0.0000,0.0000,0.0000,0.0061,0.0000,200,5.3962
0.0064,0.0000,0.0000,0.0000,0.0063,0.0000,200,5.3991
0.0060,0.0000,0.0000,0.0000,0.0059,0.0000,200,5.3996
0.0063,0.0000,0.0000,0.0000,0.0062,0.0000,200,5.4022
0.0065,0.0000,0.0000,0.0000,0.0064,0.0000,200,5.4023
0.0076,0.0000,0.0000,0.0000,0.0075,0.0001,200,5.4055
0.0079,0.0000,0.0000,0.0000,0.0079,0.0000,200,5.4056
0.0064,0.0000,0.0000,0.0000,0.0063,0.0001,200,5.4086
0.0062,0.0000,0.0000,0.0000,0.0062,0.0000,200,5.4088
0.0066,0.0000,0.0000,0.0000,0.0065,0.0001,200,5.4131
0.0072,0.0000,0.0000,0.0000,0.0072,0.0000,200,5.4135
0.0068,0.0000,0.0000,0.0000,0.0067,0.0000,200,5.4150
0.0070,0.0000,0.0000,0.0000,0.0069,0.0000,200,5.4150
0.0064,0.0000,0.0000,0.0000,0.0063,0.0001,200,5.4197
0.0061,0.0000,0.0000,0.0000,0.0060,0.0000,200,5.4207
0.0067,0.0000,0.0000,0.0000,0.0067,0.0000,200,5.4218
0.0065,0.0000,0.0000,0.0000,0.0065,0.0000,200,5.4220
0.0064,0.0000,0.0000,0.0000,0.0063,0.0001,200,5.4261
0.0062,0.0000,0.0000,0.0000,0.0061,0.0001,200,5.4268
0.0063,0.0000,0.0000,0.0000,0.0062,0.0000,200,5.4285
0.0064,0.0000,0.0000,0.0000,0.0063,0.0000,200,5.4285
0.0065,0.0000,0.0000,0.0000,0.0064,0.0000,200,5.4325
0.0061,0.0000,0.0000,0.0000,0.0060,0.0000,200,5.4330
0.0064,0.0000,0.0000,0.0000,0.0063,0.0000,200,5.4348
0.0063,0.0000,0.0000,0.0000,0.0063,0.0000,200,5.4349
0.0062,0.0000,0.0000,0.0000,0.0061,0.0000,200,5.4390
0.0064,0.0000,0.0000,0.0000,0.0063,0.0000,200,5.4390
0.0062,0.0000,0.0000,0.0000,0.0061,0.0000,200,5.4412
0.0065,0.0000,0.0000,0.0000,0.0063,0.0002,200,5.4412
0.0063,0.0000,0.0000,0.0000,0.0062,0.0001,200,5.4452
0.0063,0.0000,0.0000,0.0000,0.0062,0.0000,200,5.4454
0.0070,0.0000,0.0000,0.0000,0.0069,0.0001,200,5.4478
0.0075,0.0000,0.0000,0.0000,0.0074,0.0000,200,5.4474
0.0062,0.0000,0.0000,0.0000,0.0061,0.0000,200,5.4515
0.0063,0.0000,0.0000,0.0000,0.0063,0.0000,200,5.4517
0.0068,0.0000,0.0000,0.0000,0.0067,0.0001,200,5.4549
0.0071,0.0000,0.0000,0.0000,0.0070,0.0001,200,5.4547
0.0070,0.0000,0.0000,0.0000,0.0069,0.0000,200,5.4578
0.0067,0.0000,0.0000,0.0000,0.0067,0.0001,200,5.4580
0.0069,0.0000,0.0000,0.0000,0.0068,0.0001,200,5.4617
0.0091,0.0000,0.0000,0.0000,0.0090,0.0001,200,5.4619
0.0064,0.0000,0.0000,0.0000,0.0063,0.0000,200,5.4647
0.0069,0.0000,0.0000,0.0000,0.0068,0.0000,200,5.4647
0.0078,0.0000,0.0000,0.0000,0.0077,0.0001,200,5.4686
0.0063,0.0000,0.0000,0.0000,0.0062,0.0000,200,5.4711
0.0068,0.0000,0.0000,0.0000,0.0067,0.0000,200,5.4709
0.0080,0.0000,0.0000,0.0000,0.0080,0.0001,200,5.4717
0.0067,0.0000,0.0000,0.0000,0.0066,0.0001,200,5.4763
0.0062,0.0000,0.0000,0.0000,0.0062,0.0000,200,5.4774
0.0064,0.0000,0.0000,0.0000,0.0064,0.0000,200,5.4777
0.0066,0.0000,0.0000,0.0000,0.0065,0.0000,200,5.4797
0.0067,0.0000,0.0000,0.0000,0.0065,0.0001,200,5.4831
0.0068,0.0000,0.0000,0.0000,0.0067,0.0001,200,5.4836
0.0064,0.0000,0.0000,0.0000,0.0063,0.0000,200,5.4842
0.0065,0.0000,0.0000,0.0002,0.0063,0.0001,200,5.4863
0.0069,0.0000,0.0000,0.0000,0.0068,0.0001,200,5.4897
0.0065,0.0000,0.0000,0.0000,0.0064,0.0000,200,5.4906
0.0068,0.0000,0.0000,0.0000,0.0067,0.0000,200,5.4904
0.0064,0.0000,0.0000,0.0000,0.0063,0.0001,200,5.4928
0.0066,0.0000,0.0000,0.0000,0.0064,0.0001,200,5.4966
0.0064,0.0000,0.0000,0.0000,0.0064,0.0000,200,5.4971
0.0064,0.0000,0.0000,0.0000,0.0063,0.0000,200,5.4972
0.0069,0.0000,0.0000,0.0000,0.0068,0.0001,200,5.4993
0.0074,0.0000,0.0000,0.0000,0.0073,0.0001,200,5.5035
0.0086,0.0000,0.0000,0.0000,0.0085,0.0000,200,5.5032
0.0082,0.0000,0.0000,0.0000,0.0082,0.0000,200,5.5036
0.0073,0.0000,0.0000,0.0000,0.0071,0.0001,200,5.5062
0.0076,0.0000,0.0000,0.0000,0.0075,0.0001,200,5.5109
0.0079,0.0000,0.0000,0.0000,0.0078,0.0001,200,5.5118
0.0080,0.0000,0.0000,0.0000,0.0079,0.0001,200,5.5118
0.0068,0.0000,0.0000,0.0000,0.0067,0.0000,200,5.5135
0.0066,0.0000,0.0000,0.0000,0.0065,0.0000,200,5.5185
0.0062,0.0000,0.0000,0.0000,0.0061,0.0001,200,5.5203
0.0071,0.0000,0.0000,0.0000,0.0070,0.0001,200,5.5198
0.0101,0.0000,0.0000,0.0000,0.0100,0.0001,200,5.5197
0.0068,0.0000,0.0000,0.0000,0.0066,0.0001,200,5.5251
0.0064,0.0000,0.0000,0.0000,0.0063,0.0000,200,5.5265
0.0064,0.0000,0.0000,0.0000,0.0063,0.0000,200,5.5269
0.0069,0.0000,0.0000,0.0000,0.0068,0.0000,200,5.5297
0.0065,0.0000,0.0000,0.0000,0.0063,0.0001,200,5.5319
0.0077,0.0000,0.0000,0.0000,0.0077,0.0000,200,5.5329
0.0073,0.0000,0.0000,0.0000,0.0073,0.0000,200,5.5333
0.0061,0.0000,0.0000,0.0000,0.0060,0.0000,200,5.5366
0.0061,0.0000,0.0000,0.0000,0.0061,0.0000,200,5.5383
0.0061,0.0000,0.0000,0.0000,0.0060,0.0000,200,5.5406
0.0061,0.0000,0.0000,0.0000,0.0060,0.0000,200,5.5406
0.0061,0.0000,0.0000,0.0000,0.0060,0.0000,200,5.5427
0.0062,0.0000,0.0000,0.0000,0.0061,0.0000,200,5.5445
0.0061,0.0000,0.0000,0.0000,0.0061,0.0000,200,5.5467
0.0061,0.0000,0.0000,0.0000,0.0060,0.0000,200,5.5467
0.0061,0.0000,0.0000,0.0000,0.0060,0.0001,200,5.5488
0.0065,0.0000,0.0000,0.0000,0.0061,0.0003,200,5.5507
0.0064,0.0000,0.0000,0.0000,0.0063,0.0000,200,5.5528
0.0064,0.0000,0.0000,0.0000,0.0063,0.0000,200,5.5528
0.0061,0.0000,0.0000,0.0000,0.0060,0.0000,200,5.5549
0.0064,0.0000,0.0000,0.0000,0.0063,0.0000,200,5.5572
0.0068,0.0000,0.0000,0.0000,0.0067,0.0000,200,5.5592
0.0069,0.0000,0.0000,0.0000,0.0068,0.0000,200,5.5592
0.0061,0.0000,0.0000,0.0000,0.0060,0.0000,200,5.5610
0.0062,0.0000,0.0000,0.0000,0.0061,0.0000,200,5.5636
0.0068,0.0000,0.0000,0.0000,0.0067,0.0001,200,5.5671
0.0079,0.0000,0.0000,0.0000,0.0078,0.0001,200,5.5660
0.0079,0.0000,0.0000,0.0000,0.0078,0.0001,200,5.5660
0.0067,0.0000,0.0000,0.0000,0.0066,0.0000,200,5.5698
0.0065,0.0000,0.0000,0.0000,0.0064,0.0001,200,5.5739
0.0066,0.0000,0.0000,0.0000,0.0065,0.0000,200,5.5739
0.0066,0.0000,0.0000,0.0000,0.0065,0.0001,200,5.5739
0.0062,0.0000,0.0000,0.0000,0.0061,0.0000,200,5.5765
0.0064,0.0000,0.0000,0.0000,0.0063,0.0001,200,5.5805
0.0067,0.0000,0.0000,0.0000,0.0066,0.0000,200,5.5805
0.0067,0.0000,0.0000,0.0000,0.0067,0.0000,200,5.5804
0.0066,0.0000,0.0000,0.0000,0.0065,0.0001,200,5.5827
0.0073,0.0000,0.0000,0.0000,0.0073,0.0000,200,5.5872
0.0073,0.0000,0.0000,0.0000,0.0072,0.0001,200,5.5872
0.0077,0.0000,0.0000,0.0000,0.0076,0.0001,200,5.5868
0.0065,0.0000,0.0000,0.0000,0.0063,0.0001,200,5.5892
0.0067,0.0000,0.0000,0.0000,0.0066,0.0000,200,5.5945
0.0068,0.0000,0.0000,0.0000,0.0067,0.0000,200,5.5945
0.0070,0.0000,0.0000,0.0000,0.0069,0.0000,200,5.5945
0.0068,0.0000,0.0000,0.0000,0.0068,0.0000,200,5.5957
0.0064,0.0000,0.0000,0.0000,0.0063,0.0000,200,5.6012
0.0064,0.0000,0.0000,0.0000,0.0063,0.0000,200,5.6013
0.0061,0.0000,0.0000,0.0000,0.0061,0.0000,200,5.6015
0.0062,0.0000,0.0000,0.0000,0.0062,0.0000,200,5.6025
0.0066,0.0000,0.0000,0.0000,0.0065,0.0001,200,5.6076
0.0067,0.0000,0.0000,0.0000,0.0066,0.0000,200,5.6076
0.0067,0.0000,0.0000,0.0000,0.0066,0.0000,200,5.6076
0.0061,0.0000,0.0000,0.0000,0.0061,0.0000,200,5.6088
0.0065,0.0000,0.0000,0.0000,0.0064,0.0001,200,5.6143
0.0065,0.0000,0.0000,0.0000,0.0064,0.0000,200,5.6143
0.0065,0.0000,0.0000,0.0000,0.0065,0.0000,200,5.6143
0.0062,0.0000,0.0000,0.0000,0.0061,0.0000,200,5.6149
0.0065,0.0000,0.0000,0.0000,0.0064,0.0000,200,5.6208
0.0065,0.0000,0.0000,0.0000,0.0064,0.0000,200,5.6208
0.0062,0.0000,0.0000,0.0000,0.0061,0.0000,200,5.6211
0.0064,0.0000,0.0000,0.0000,0.0064,0.0000,200,5.6209
0.0064,0.0000,0.0000,0.0000,0.0063,0.0001,200,5.6273
0.0064,0.0000,0.0000,0.0000,0.0064,0.0000,200,5.6273
0.0064,0.0000,0.0000,0.0000,0.0064,0.0000,200,5.6273
0.0064,0.0000,0.0000,0.0000,0.0064,0.0000,200,5.6273
0.0064,0.0000,0.0000,0.0000,0.0063,0.0001,200,5.6337
0.0064,0.0000,0.0000,0.0000,0.0063,0.0001,200,5.6337
0.0069,0.0000,0.0000,0.0000,0.0068,0.0000,200,5.6337
0.0071,0.0000,0.0000,0.0000,0.0071,0.0000,200,5.6337
0.0075,0.0000,0.0000,0.0000,0.0074,0.0001,200,5.6401
0.0070,0.0000,0.0000,0.0000,0.0069,0.0001,200,5.6406
0.0068,0.0000,0.0000,0.0000,0.0067,0.0000,200,5.6408
0.0075,0.0000,0.0000,0.0000,0.0074,0.0001,200,5.6401
0.0064,0.0000,0.0000,0.0000,0.0063,0.0001,200,5.6476
0.0065,0.0000,0.0000,0.0000,0.0065,0.0000,200,5.6476
0.0065,0.0000,0.0000,0.0000,0.0065,0.0000,200,5.6476
0.0066,0.0000,0.0000,0.0000,0.0065,0.0000,200,5.6476
0.0064,0.0000,0.0000,0.0000,0.0063,0.0001,200,5.6540
0.0063,0.0000,0.0000,0.0000,0.0062,0.0000,200,5.6542
0.0063,0.0000,0.0000,0.0000,0.0062,0.0000,200,5.6542
0.0063,0.0000,0.0000,0.0000,0.0062,0.0000,200,5.6542
0.0063,0.0000,0.0000,0.0000,0.0062,0.0000,200,5.6605
0.0063,0.0000,0.0000,0.0000,0.0062,0.0000,200,5.6604
0.0063,0.0000,0.0000,0.0000,0.0062,0.0000,200,5.6604
0.0064,0.0000,0.0000,0.0000,0.0063,0.0000,200,5.6604
0.0063,0.0000,0.0000,0.0000,0.0062,0.0001,200,5.6668
0.0063,0.0000,0.0000,0.0000,0.0062,0.0001,200,5.6667
0.0064,0.0000,0.0000,0.0000,0.0063,0.0000,200,5.6667
0.0064,0.0000,0.0000,0.0000,0.0062,0.0001,200,5.6667
0.0062,0.0000,0.0000,0.0000,0.0061,0.0001,200,5.6731
0.0062,0.0000,0.0000,0.0000,0.0062,0.0000,200,5.6731
0.0063,0.0000,0.0000,0.0000,0.0062,0.0000,200,5.6731
0.0063,0.0000,0.0000,0.0000,0.0063,0.0000,200,5.6731
0.0062,0.0000,0.0000,0.0000,0.0061,0.0001,200,5.6794
0.0062,0.0000,0.0000,0.0000,0.0062,0.0001,200,5.6793
0.0062,0.0000,0.0000,0.0000,0.0061,0.0000,200,5.6794
0.0063,0.0000,0.0000,0.0000,0.0062,0.0000,200,5.6793
0.0063,0.0000,0.0000,0.0000,0.0062,0.0001,200,5.6855
0.0063,0.0000,0.0000,0.0000,0.0063,0.0000,200,5.6855
0.0063,0.0000,0.0000,0.0000,0.0062,0.0000,200,5.6855
0.0063,0.0000,0.0000,0.0000,0.0062,0.0000,200,5.6855
0.0063,0.0000,0.0000,0.0000,0.0063,0.0001,200,5.6919
0.0064,0.0000,0.0000,0.0000,0.0063,0.0000,200,5.6919
0.0065,0.0000,0.0000,0.0000,0.0064,0.0000,200,5.6919
0.0065,0.0000,0.0000,0.0000,0.0065,0.0000,200,5.6918
0.0064,0.0000,0.0000,0.0000,0.0063,0.0001,200,5.6982
0.0064,0.0000,0.0000,0.0000,0.0063,0.0000,200,5.6984
0.0066,0.0000,0.0000,0.0000,0.0065,0.0000,200,5.6982
0.0068,0.0000,0.0000,0.0000,0.0068,0.0000,200,5.6983
0.0063,0.0000,0.0000,0.0000,0.0062,0.0001,200,5.7047
0.0063,0.0000,0.0000,0.0000,0.0062,0.0000,200,5.7048
0.0064,0.0000,0.0000,0.0000,0.0063,0.0000,200,5.7046
0.0060,0.0000,0.0000,0.0000,0.0060,0.0000,200,5.7052
0.0064,0.0000,0.0000,0.0000,0.0063,0.0001,200,5.7110
0.0065,0.0000,0.0000,0.0000,0.0063,0.0001,200,5.7110
0.0064,0.0000,0.0000,0.0000,0.0064,0.0000,200,5.7110
0.0063,0.0000,0.0000,0.0000,0.0063,0.0000,200,5.7112
0.0065,0.0000,0.0000,0.0000,0.0064,0.0000,200,5.7174
0.0065,0.0000,0.0000,0.0000,0.0064,0.0000,200,5.7175
0.0064,0.0000,0.0000,0.0000,0.0063,0.0000,200,5.7175
0.0065,0.0000,0.0000,0.0000,0.0064,0.0001,200,5.7175
0.0064,0.0000,0.0000,0.0000,0.0063,0.0001,200,5.7239
0.0065,0.0000,0.0000,0.0000,0.0065,0.0000,200,5.7240
0.0066,0.0000,0.0000,0.0000,0.0065,0.0000,200,5.7239
0.0066,0.0000,0.0000,0.0000,0.0065,0.0000,200,5.7239
0.0063,0.0000,0.0000,0.0000,0.0062,0.0000,200,5.7305
0.0065,0.0000,0.0000,0.0000,0.0064,0.0001,200,5.7303
0.0063,0.0000,0.0000,0.0000,0.0063,0.0001,200,5.7305
0.0065,0.0000,0.0000,0.0000,0.0065,0.0000,200,5.7305
0.0064,0.0000,0.0000,0.0000,0.0063,0.0000,200,5.7368
0.0064,0.0000,0.0000,0.0000,0.0063,0.0000,200,5.7368
0.0062,0.0000,0.0000,0.0000,0.0061,0.0001,200,5.7370
0.0064,0.0000,0.0000,0.0000,0.0063,0.0001,200,5.7368
0.0065,0.0000,0.0000,0.0000,0.0064,0.0000,200,5.7432
0.0065,0.0000,0.0000,0.0000,0.0063,0.0000,200,5.7432
0.0064,0.0000,0.0000,0.0000,0.0064,0.0000,200,5.7432
0.0065,0.0000,0.0000,0.0000,0.0064,0.0001,200,5.7432
0.0064,0.0000,0.0000,0.0000,0.0063,0.0001,200,5.7497
0.0065,0.0000,0.0000,0.0000,0.0064,0.0000,200,5.7497
0.0065,0.0000,0.0000,0.0000,0.0064,0.0000,200,5.7497
0.0073,0.0000,0.0000,0.0000,0.0072,0.0000,200,5.7497
0.0062,0.0000,0.0000,0.0000,0.0062,0.0001,200,5.7561
0.0062,0.0000,0.0000,0.0000,0.0062,0.0000,200,5.7562
0.0064,0.0000,0.0000,0.0000,0.0063,0.0001,200,5.7560
0.0062,0.0000,0.0000,0.0000,0.0061,0.0000,200,5.7569
0.0064,0.0000,0.0000,0.0000,0.0062,0.0001,200,5.7624
0.0065,0.0000,0.0000,0.0000,0.0064,0.0000,200,5.7624
0.0066,0.0000,0.0000,0.0000,0.0066,0.0000,200,5.7625
0.0060,0.0000,0.0000,0.0000,0.0060,0.0000,200,5.7631
0.0065,0.0000,0.0000,0.0000,0.0064,0.0001,200,5.7687
0.0062,0.0000,0.0000,0.0000,0.0062,0.0000,200,5.7691
0.0061,0.0000,0.0000,0.0000,0.0061,0.0000,200,5.7692
0.0064,0.0000,0.0000,0.0000,0.0063,0.0000,200,5.7689
0.0065,0.0000,0.0000,0.0000,0.0064,0.0000,200,5.7753
0.0066,0.0000,0.0000,0.0000,0.0065,0.0001,200,5.7753
0.0067,0.0000,0.0000,0.0000,0.0066,0.0000,200,5.7753
0.0070,0.0000,0.0000,0.0000,0.0070,0.0000,200,5.7753
0.0067,0.0000,0.0000,0.0000,0.0066,0.0001,200,5.7818
0.0066,0.0000,0.0000,0.0000,0.0065,0.0000,200,5.7823
0.0070,0.0000,0.0000,0.0000,0.0070,0.0000,200,5.7820
0.0079,0.0000,0.0000,0.0000,0.0078,0.0001,200,5.7818
0.0066,0.0000,0.0000,0.0000,0.0065,0.0001,200,5.7885
0.0063,0.0000,0.0000,0.0000,0.0062,0.0000,200,5.7890
0.0064,0.0000,0.0000,0.0000,0.0063,0.0000,200,5.7889
0.0062,0.0000,0.0000,0.0000,0.0061,0.0000,200,5.7898
0.0064,0.0000,0.0000,0.0000,0.0063,0.0000,200,5.7953
0.0064,0.0000,0.0000,0.0000,0.0064,0.0000,200,5.7953
0.0065,0.0000,0.0000,0.0000,0.0064,0.0000,200,5.7952
0.0061,0.0000,0.0000,0.0000,0.0061,0.0000,200,5.7960
0.0063,0.0000,0.0000,0.0000,0.0062,0.0000,200,5.8017
0.0063,0.0000,0.0000,0.0000,0.0062,0.0000,200,5.8017
0.0063,0.0000,0.0000,0.0000,0.0062,0.0001,200,5.8017
0.0077,0.0000,0.0000,0.0000,0.0077,0.0000,200,5.8021
0.0064,0.0000,0.0000,0.0000,0.0063,0.0001,200,5.8080
0.0065,0.0000,0.0000,0.0000,0.0064,0.0000,200,5.8080
0.0065,0.0000,0.0000,0.0000,0.0065,0.0000,200,5.8080
0.0063,0.0000,0.0000,0.0000,0.0062,0.0000,200,5.8099
0.0063,0.0000,0.0000,0.0000,0.0062,0.0001,200,5.8144
0.0066,0.0000,0.0000,0.0000,0.0066,0.0000,200,5.8144
0.0066,0.0000,0.0000,0.0000,0.0066,0.0000,200,5.8145
0.0061,0.0000,0.0000,0.0000,0.0060,0.0000,200,5.8161
0.0062,0.0000,0.0000,0.0000,0.0062,0.0000,200,5.8208
0.0062,0.0000,0.0000,0.0000,0.0062,0.0000,200,5.8211
0.0061,0.0000,0.0000,0.0000,0.0061,0.0000,200,5.8212
0.0061,0.0000,0.0000,0.0000,0.0060,0.0000,200,5.8223
0.0066,0.0000,0.0000,0.0000,0.0065,0.0001,200,5.8270
0.0063,0.0000,0.0000,0.0000,0.0063,0.0000,200,5.8273
0.0070,0.0000,0.0000,0.0002,0.0067,0.0000,200,5.8273
0.0075,0.0000,0.0000,0.0000,0.0074,0.0000,200,5.8284
0.0064,0.0000,0.0000,0.0000,0.0064,0.0000,200,5.8336
0.0065,0.0000,0.0000,0.0000,0.0063,0.0000,200,5.8336
0.0060,0.0000,0.0000,0.0000,0.0059,0.0000,200,5.8358
0.0080,0.0000,0.0000,0.0000,0.0079,0.0000,200,5.8343
0.0066,0.0000,0.0000,0.0000,0.0065,0.0001,200,5.8401
0.0067,0.0000,0.0000,0.0000,0.0066,0.0000,200,5.8401
0.0061,0.0000,0.0000,0.0000,0.0061,0.0000,200,5.8423
0.0066,0.0000,0.0000,0.0000,0.0066,0.0000,200,5.8418
0.0065,0.0000,0.0000,0.0000,0.0064,0.0001,200,5.8467
0.0065,0.0000,0.0000,0.0000,0.0064,0.0000,200,5.8468
0.0064,0.0000,0.0000,0.0000,0.0062,0.0001,200,5.8484
0.0064,0.0000,0.0000,0.0000,0.0063,0.0000,200,5.8485
0.0066,0.0000,0.0000,0.0000,0.0065,0.0001,200,5.8532
0.0065,0.0000,0.0000,0.0000,0.0064,0.0000,200,5.8533
0.0069,0.0000,0.0000,0.0000,0.0068,0.0000,200,5.8549
0.0069,0.0000,0.0000,0.0000,0.0069,0.0000,200,5.8548
0.0064,0.0000,0.0000,0.0000,0.0063,0.0001,200,5.8598
0.0065,0.0000,0.0000,0.0000,0.0064,0.0000,200,5.8598
0.0061,0.0000,0.0000,0.0000,0.0060,0.0000,200,5.8617
0.0062,0.0000,0.0000,0.0000,0.0062,0.0000,200,5.8617
0.0064,0.0000,0.0000,0.0000,0.0063,0.0001,200,5.8663
0.0064,0.0000,0.0000,0.0000,0.0063,0.0000,200,5.8663
0.0066,0.0000,0.0000,0.0000,0.0065,0.0000,200,5.8678
0.0065,0.0000,0.0000,0.0000,0.0065,0.0000,200,5.8679
0.0061,0.0000,0.0000,0.0000,0.0061,0.0001,200,5.8727
0.0062,0.0000,0.0000,0.0000,0.0061,0.0000,200,5.8726
0.0062,0.0000,0.0000,0.0000,0.0061,0.0000,200,5.8745
0.0062,0.0000,0.0000,0.0000,0.0062,0.0000,200,5.8745
0.0063,0.0000,0.0000,0.0000,0.0062,0.0000,200,5.8788
0.0063,0.0000,0.0000,0.0000,0.0062,0.0000,200,5.8788
0.0067,0.0000,0.0000,0.0000,0.0066,0.0001,200,5.8807
0.0071,0.0000,0.0000,0.0000,0.0070,0.0001,200,5.8807
0.0065,0.0000,0.0000,0.0000,0.0063,0.0000,200,5.8851
0.0065,0.0000,0.0000,0.0000,0.0063,0.0002,200,5.8851
0.0063,0.0000,0.0000,0.0000,0.0062,0.0000,200,5.8874
0.0061,0.0000,0.0000,0.0000,0.0060,0.0000,200,5.8879
0.0062,0.0000,0.0000,0.0000,0.0061,0.0000,200,5.8917
0.0063,0.0000,0.0000,0.0000,0.0062,0.0000,200,5.8916
0.0065,0.0000,0.0000,0.0000,0.0065,0.0000,200,5.8940
0.0069,0.0000,0.0000,0.0000,0.0068,0.0000,200,5.8936
0.0064,0.0000,0.0000,0.0000,0.0063,0.0000,200,5.8978
0.0066,0.0000,0.0000,0.0000,0.0066,0.0000,200,5.8978
0.0063,0.0000,0.0000,0.0000,0.0061,0.0002,200,5.9005
0.0064,0.0000,0.0000,0.0000,0.0063,0.0000,200,5.9005
0.0063,0.0000,0.0000,0.0000,0.0062,0.0001,200,5.9042
0.0062,0.0000,0.0000,0.0000,0.0061,0.0000,200,5.9045
0.0065,0.0000,0.0000,0.0001,0.0063,0.0000,200,5.9068
0.0065,0.0000,0.0000,0.0000,0.0063,0.0002,200,5.9069
0.0065,0.0000,0.0000,0.0000,0.0064,0.0001,200,5.9106
0.0065,0.0000,0.0000,0.0000,0.0064,0.0000,200,5.9107
0.0064,0.0000,0.0000,0.0000,0.0063,0.0000,200,5.9132
0.0064,0.0000,0.0000,0.0000,0.0063,0.0000,200,5.9134
0.0064,0.0000,0.0000,0.0000,0.0063,0.0000,200,5.9171
0.0064,0.0000,0.0000,0.0000,0.0063,0.0001,200,5.9171
0.0062,0.0000,0.0000,0.0000,0.0062,0.0000,200,5.9198
0.0064,0.0000,0.0000,0.0000,0.0063,0.0000,200,5.9196
0.0063,0.0000,0.0000,0.0000,0.0062,0.0001,200,5.9235
0.0063,0.0000,0.0000,0.0000,0.0063,0.0000,200,5.9235
0.0065,0.0000,0.0000,0.0000,0.0064,0.0000,200,5.9260
0.0065,0.0000,0.0000,0.0000,0.0064,0.0000,200,5.9260
0.0067,0.0000,0.0000,0.0000,0.0066,0.0000,200,5.9298
0.0066,0.0000,0.0000,0.0000,0.0066,0.0000,200,5.9298
0.0063,0.0000,0.0000,0.0000,0.0062,0.0001,200,5.9325
0.0065,0.0000,0.0000,0.0000,0.0065,0.0000,200,5.9325
0.0064,0.0000,0.0000,0.0000,0.0063,0.0001,200,5.9365
0.0064,0.0000,0.0000,0.0000,0.0064,0.0000,200,5.9365
0.0061,0.0000,0.0000,0.0000,0.0060,0.0000,200,5.9390
0.0065,0.0000,0.0000,0.0000,0.0064,0.0000,200,5.9388
0.0065,0.0000,0.0000,0.0000,0.0064,0.0001,200,5.9429
0.0065,0.0000,0.0000,0.0000,0.0065,0.0000,200,5.9429
0.0069,0.0000,0.0000,0.0000,0.0068,0.0001,200,5.9452
0.0071,0.0000,0.0000,0.0000,0.0071,0.0000,200,5.9451
0.0065,0.0000,0.0000,0.0000,0.0064,0.0000,200,5.9495
0.0065,0.0000,0.0000,0.0000,0.0064,0.0001,200,5.9495
0.0065,0.0000,0.0000,0.0000,0.0064,0.0001,200,5.9521
0.0075,0.0000,0.0000,0.0000,0.0075,0.0000,200,5.9522
0.0064,0.0000,0.0000,0.0000,0.0063,0.0001,200,5.9560
0.0065,0.0000,0.0000,0.0000,0.0064,0.0000,200,5.9560
0.0064,0.0000,0.0000,0.0000,0.0063,0.0001,200,5.9586
0.0061,0.0000,0.0000,0.0000,0.0060,0.0001,200,5.9597
0.0065,0.0000,0.0000,0.0000,0.0063,0.0002,200,5.9625
0.0066,0.0000,0.0000,0.0000,0.0066,0.0000,200,5.9624
0.0067,0.0000,0.0000,0.0000,0.0066,0.0001,200,5.9651
0.0065,0.0000,0.0000,0.0000,0.0064,0.0000,200,5.9659
0.0073,0.0000,0.0000,0.0000,0.0072,0.0001,200,5.9689
0.0075,0.0000,0.0000,0.0000,0.0074,0.0001,200,5.9690
0.0063,0.0000,0.0000,0.0000,0.0062,0.0001,200,5.9718
0.0065,0.0000,0.0000,0.0000,0.0065,0.0000,200,5.9724
0.0063,0.0000,0.0000,0.0000,0.0062,0.0000,200,5.9765
0.0065,0.0000,0.0000,0.0000,0.0064,0.0000,200,5.9763
0.0062,0.0000,0.0000,0.0000,0.0061,0.0000,200,5.9780
0.0061,0.0000,0.0000,0.0000,0.0061,0.0000,200,5.9789
0.0064,0.0000,0.0000,0.0000,0.0063,0.0001,200,5.9828
0.0064,0.0000,0.0000,0.0000,0.0063,0.0001,200,5.9828
0.0062,0.0000,0.0000,0.0000,0.0061,0.0000,200,5.9842
0.0060,0.0000,0.0000,0.0000,0.0060,0.0000,200,5.9850
0.0064,0.0000,0.0000,0.0000,0.0063,0.0001,200,5.9892
0.0064,0.0000,0.0000,0.0000,0.0064,0.0000,200,5.9892
0.0061,0.0000,0.0000,0.0000,0.0060,0.0000,200,5.9904
0.0061,0.0000,0.0000,0.0000,0.0060,0.0000,200,5.9910
0.0066,0.0000,0.0000,0.0000,0.0065,0.0001,200,5.9956
0.0068,0.0000,0.0000,0.0000,0.0067,0.0000,200,5.9956
0.0061,0.0000,0.0000,0.0000,0.0061,0.0001,200,5.9965
0.0063,0.0000,0.0000,0.0000,0.0062,0.0000,200,5.9971
0.0065,0.0000,0.0000,0.0000,0.0064,0.0000,200,6.0022
0.0063,0.0000,0.0000,0.0000,0.0063,0.0000,200,6.0023
0.0062,0.0000,0.0000,0.0000,0.0061,0.0000,200,6.0026
0.0062,0.0000,0.0000,0.0000,0.0061,0.0001,200,6.0034
0.0065,0.0000,0.0000,0.0000,0.0064,0.0000,200,6.0087
0.0064,0.0000,0.0000,0.0000,0.0063,0.0000,200,6.0088
0.0065,0.0000,0.0000,0.0000,0.0064,0.0000,200,6.0087
0.0063,0.0000,0.0000,0.0000,0.0062,0.0000,200,6.0096
0.0063,0.0000,0.0000,0.0000,0.0062,0.0001,200,6.0151
0.0064,0.0000,0.0000,0.0000,0.0064,0.0000,200,6.0151
0.0066,0.0000,0.0000,0.0000,0.0065,0.0000,200,6.0151
0.0062,0.0000,0.0000,0.0000,0.0061,0.0000,200,6.0158
0.0061,0.0000,0.0000,0.0000,0.0060,0.0000,200,6.0218
0.0063,0.0000,0.0000,0.0000,0.0062,0.0000,200,6.0216
0.0064,0.0000,0.0000,0.0000,0.0064,0.0000,200,6.0215
0.0061,0.0000,0.0000,0.0000,0.0060,0.0000,200,6.0220
0.0061,0.0000,0.0000,0.0000,0.0061,0.0000,200,6.0281
0.0064,0.0000,0.0000,0.0000,0.0063,0.0001,200,6.0279
0.0064,0.0000,0.0000,0.0000,0.0063,0.0000,200,6.0279
0.0065,0.0000,0.0000,0.0000,0.0064,0.0000,200,6.0278
0.0063,0.0000,0.0000,0.0000,0.0062,0.0001,200,6.0343
0.0064,0.0000,0.0000,0.0000,0.0063,0.0000,200,6.0342
0.0064,0.0000,0.0000,0.0000,0.0063,0.0000,200,6.0342
0.0064,0.0000,0.0000,0.0000,0.0063,0.0000,200,6.0343
0.0064,0.0000,0.0000,0.0000,0.0063,0.0000,200,6.0406
0.0064,0.0000,0.0000,0.0000,0.0063,0.0000,200,6.0406
0.0064,0.0000,0.0000,0.0000,0.0063,0.0000,200,6.0407
0.0063,0.0000,0.0000,0.0000,0.0063,0.0000,200,6.0407
0.0063,0.0000,0.0000,0.0000,0.0062,0.0001,200,6.0470
0.0066,0.0000,0.0000,0.0000,0.0065,0.0001,200,6.0470
0.0066,0.0000,0.0000,0.0000,0.0065,0.0001,200,6.0470
0.0066,0.0000,0.0000,0.0000,0.0065,0.0000,200,6.0470
0.0068,0.0000,0.0000,0.0000,0.0064,0.0001,200,6.0534
0.0065,0.0000,0.0000,0.0000,0.0064,0.0000,200,6.0536
0.0065,0.0000,0.0000,0.0000,0.0063,0.0001,200,6.0536
0.0066,0.0000,0.0000,0.0000,0.0065,0.0000,200,6.0536
0.0064,0.0000,0.0000,0.0000,0.0063,0.0001,200,6.0602
0.0065,0.0000,0.0000,0.0000,0.0064,0.0000,200,6.0601
0.0065,0.0000,0.0000,0.0000,0.0064,0.0000,200,6.0601
0.0065,0.0000,0.0000,0.0000,0.0064,0.0000,200,6.0601
0.0066,0.0000,0.0000,0.0000,0.0065,0.0001,200,6.0666
0.0066,0.0000,0.0000,0.0000,0.0065,0.0000,200,6.0666
0.0066,0.0000,0.0000,0.0000,0.0065,0.0001,200,6.0666
0.0080,0.0000,0.0000,0.0000,0.0079,0.0001,200,6.0666
0.0062,0.0000,0.0000,0.0000,0.0061,0.0000,200,6.0732
0.0065,0.0000,0.0000,0.0000,0.0064,0.0000,200,6.0732
0.0067,0.0000,0.0000,0.0000,0.0066,0.0000,200,6.0732
0.0064,0.0000,0.0000,0.0000,0.0063,0.0000,200,6.0746
0.0069,0.0000,0.0000,0.0000,0.0068,0.0001,200,6.0797
0.0072,0.0000,0.0000,0.0000,0.0071,0.0000,200,6.0794
0.0067,0.0000,0.0000,0.0000,0.0066,0.0000,200,6.0810
0.0066,0.0000,0.0000,0.0000,0.0066,0.0001,200,6.0866
0.0068,0.0000,0.0000,0.0000,0.0067,0.0000,200,6.0866
0.0062,0.0000,0.0000,0.0000,0.0061,0.0000,200,6.0877
0.0160,0.0000,0.0000,0.0000,0.0160,0.0000,200,6.0798
0.0063,0.0000,0.0000,0.0000,0.0063,0.0000,200,6.0932
0.0063,0.0000,0.0000,0.0000,0.0061,0.0000,200,6.0934
0.0062,0.0000,0.0000,0.0000,0.0062,0.0000,200,6.0938
0.0062,0.0000,0.0000,0.0000,0.0061,0.0001,200,6.0959
0.0063,0.0000,0.0000,0.0000,0.0062,0.0001,200,6.0997
0.0064,0.0000,0.0000,0.0000,0.0063,0.0000,200,6.0996
0.0060,0.0000,0.0000,0.0000,0.0059,0.0000,200,6.1001
0.0073,0.0000,0.0000,0.0000,0.0072,0.0000,200,6.1021
0.0063,0.0000,0.0000,0.0000,0.0062,0.0000,200,6.1059
0.0063,0.0000,0.0000,0.0000,0.0062,0.0001,200,6.1060
0.0086,0.0000,0.0000,0.0000,0.0086,0.0000,200,6.1061
0.0061,0.0000,0.0000,0.0000,0.0060,0.0000,200,6.1094
0.0064,0.0000,0.0000,0.0000,0.0063,0.0000,200,6.1123
0.0070,0.0000,0.0000,0.0000,0.0069,0.0000,200,6.1123
0.0061,0.0000,0.0000,0.0000,0.0060,0.0000,200,6.1147
0.0061,0.0000,0.0000,0.0000,0.0060,0.0000,200,6.1155
0.0062,0.0000,0.0000,0.0000,0.0061,0.0000,200,6.1187
0.0060,0.0000,0.0000,0.0000,0.0060,0.0000,200,6.1193
0.0064,0.0000,0.0000,0.0000,0.0063,0.0001,200,6.1208
0.0062,0.0000,0.0000,0.0000,0.0061,0.0000,200,6.1216
0.0063,0.0000,0.0000,0.0000,0.0062,0.0000,200,6.1249
0.0062,0.0000,0.0000,0.0000,0.0061,0.0000,200,6.1253
0.0065,0.0000,0.0000,0.0000,0.0064,0.0000,200,6.1272
0.0061,0.0000,0.0000,0.0000,0.0060,0.0000,200,6.1278
0.0063,0.0000,0.0000,0.0000,0.0062,0.0001,200,6.1311
0.0061,0.0000,0.0000,0.0000,0.0061,0.0000,200,6.1315
0.0063,0.0000,0.0000,0.0000,0.0063,0.0000,200,6.1338
0.0065,0.0000,0.0000,0.0000,0.0064,0.0000,200,6.1337
0.0064,0.0000,0.0000,0.0000,0.0063,0.0001,200,6.1374
0.0062,0.0000,0.0000,0.0000,0.0061,0.0000,200,6.1377
0.0066,0.0000,0.0000,0.0000,0.0065,0.0000,200,6.1402
0.0066,0.0000,0.0000,0.0000,0.0065,0.0001,200,6.1402
0.0064,0.0000,0.0000,0.0000,0.0063,0.0001,200,6.1439
0.0067,0.0000,0.0000,0.0000,0.0066,0.0000,200,6.1438
0.0062,0.0000,0.0000,0.0000,0.0061,0.0000,200,6.1468
0.0064,0.0000,0.0000,0.0000,0.0063,0.0000,200,6.1468
0.0062,0.0000,0.0000,0.0000,0.0061,0.0000,200,6.1503
0.0062,0.0000,0.0000,0.0000,0.0061,0.0000,200,6.1505
0.0060,0.0000,0.0000,0.0000,0.0059,0.0000,200,6.1531
0.0061,0.0000,0.0000,0.0000,0.0061,0.0000,200,6.1530
0.0062,0.0000,0.0000,0.0000,0.0061,0.0001,200,6.1565
0.0066,0.0000,0.0000,0.0000,0.0065,0.0000,200,6.1567
0.0060,0.0000,0.0000,0.0000,0.0060,0.0000,200,6.1592
0.0062,0.0000,0.0000,0.0000,0.0062,0.0000,200,6.1591
0.0064,0.0000,0.0000,0.0000,0.0063,0.0001,200,6.1627
0.0062,0.0000,0.0000,0.0000,0.0062,0.0000,200,6.1633
0.0063,0.0000,0.0000,0.0000,0.0062,0.0000,200,6.1652
0.0061,0.0000,0.0000,0.0000,0.0061,0.0000,200,6.1654
0.0065,0.0000,0.0000,0.0000,0.0064,0.0001,200,6.1691
0.0061,0.0000,0.0000,0.0000,0.0060,0.0000,200,6.1695
0.0068,0.0000,0.0000,0.0000,0.0068,0.0000,200,6.1715
0.0069,0.0000,0.0000,0.0000,0.0068,0.0000,200,6.1715
0.0061,0.0000,0.0000,0.0000,0.0061,0.0000,200,6.1756
0.0063,0.0000,0.0000,0.0000,0.0062,0.0000,200,6.1755
0.0063,0.0000,0.0000,0.0000,0.0062,0.0000,200,6.1783
0.0064,0.0000,0.0000,0.0000,0.0064,0.0000,200,6.1783
0.0063,0.0000,0.0000,0.0000,0.0062,0.0001,200,6.1818
0.0064,0.0000,0.0000,0.0000,0.0063,0.0000,200,6.1818
0.0062,0.0000,0.0000,0.0000,0.0062,0.0001,200,6.1846
0.0062,0.0000,0.0000,0.0000,0.0062,0.0000,200,6.1848
0.0063,0.0000,0.0000,0.0000,0.0062,0.0000,200,6.1882
0.0063,0.0000,0.0000,0.0000,0.0063,0.0001,200,6.1881
0.0062,0.0000,0.0000,0.0000,0.0061,0.0000,200,6.1909
0.0062,0.0000,0.0000,0.0000,0.0062,0.0000,200,6.1910
0.0063,0.0000,0.0000,0.0000,0.0062,0.0001,200,6.1944
0.0064,0.0000,0.0000,0.0000,0.0064,0.0000,200,6.1944
0.0076,0.0000,0.0000,0.0000,0.0074,0.0001,200,6.1970
0.0096,0.0000,0.0000,0.0000,0.0095,0.0001,200,6.1972
0.0061,0.0000,0.0000,0.0000,0.0060,0.0000,200,6.2009
0.0063,0.0000,0.0000,0.0000,0.0062,0.0000,200,6.2007
0.0069,0.0000,0.0000,0.0000,0.0068,0.0001,200,6.2046
0.0063,0.0000,0.0000,0.0000,0.0062,0.0000,200,6.2069
0.0065,0.0000,0.0000,0.0000,0.0064,0.0000,200,6.2068
0.0063,0.0000,0.0000,0.0000,0.0063,0.0000,200,6.2070
0.0071,0.0000,0.0000,0.0000,0.0070,0.0001,200,6.2115
0.0061,0.0000,0.0000,0.0000,0.0061,0.0000,200,6.2133
0.0065,0.0000,0.0000,0.0000,0.0064,0.0000,200,6.2132
0.0068,0.0000,0.0000,0.0000,0.0068,0.0000,200,6.2134
0.0071,0.0000,0.0000,0.0000,0.0070,0.0001,200,6.2186
0.0070,0.0000,0.0000,0.0000,0.0069,0.0000,200,6.2195
0.0068,0.0000,0.0000,0.0000,0.0068,0.0000,200,6.2197
0.0071,0.0000,0.0000,0.0000,0.0070,0.0001,200,6.2202
0.0068,0.0000,0.0000,0.0000,0.0067,0.0001,200,6.2257
0.0065,0.0000,0.0000,0.0000,0.0065,0.0000,200,6.2265
0.0069,0.0000,0.0000,0.0000,0.0068,0.0001,200,6.2265
0.0090,0.0000,0.0000,0.0000,0.0089,0.0001,200,6.2273
0.0073,0.0000,0.0000,0.0000,0.0072,0.0001,200,6.2326
0.0070,0.0000,0.0000,0.0000,0.0069,0.0000,200,6.2330
0.0088,0.0000,0.0000,0.0000,0.0087,0.0001,200,6.2334
0.0076,0.0000,0.0000,0.0000,0.0075,0.0000,200,6.2363
0.0072,0.0000,0.0000,0.0000,0.0071,0.0001,200,6.2400
0.0081,0.0000,0.0000,0.0000,0.0080,0.0001,200,6.2399
0.0064,0.0000,0.0000,0.0000,0.0064,0.0000,200,6.2422
0.0069,0.0000,0.0000,0.0000,0.0067,0.0001,200,6.2439
0.0074,0.0000,0.0000,0.0000,0.0073,0.0000,200,6.2472
0.0066,0.0000,0.0000,0.0000,0.0065,0.0001,200,6.2480
0.0082,0.0000,0.0000,0.0000,0.0081,0.0001,200,6.2486
0.0065,0.0000,0.0000,0.0000,0.0065,0.0000,200,6.2508
0.0064,0.0000,0.0000,0.0000,0.0063,0.0001,200,6.2546
0.0067,0.0000,0.0000,0.0000,0.0066,0.0000,200,6.2547
0.0066,0.0000,0.0000,0.0000,0.0065,0.0000,200,6.2573
0.0074,0.0000,0.0000,0.0000,0.0065,0.0009,200,6.2568
0.0090,0.0000,0.0000,0.0000,0.0089,0.0001,200,6.2610
0.0090,0.0000,0.0000,0.0000,0.0089,0.0000,200,6.2613
0.0065,0.0000,0.0000,0.0000,0.0064,0.0000,200,6.2639
0.0083,0.0000,0.0000,0.0000,0.0082,0.0001,200,6.2642
0.0069,0.0000,0.0000,0.0000,0.0067,0.0001,200,6.2700
0.0067,0.0000,0.0000,0.0000,0.0066,0.0000,200,6.2704
0.0069,0.0000,0.0000,0.0000,0.0069,0.0000,200,6.2703
0.0067,0.0000,0.0000,0.0000,0.0066,0.0001,200,6.2725
0.0076,0.0000,0.0000,0.0000,0.0076,0.0000,200,6.2769
0.0074,0.0000,0.0000,0.0000,0.0074,0.0001,200,6.2771
0.0073,0.0000,0.0000,0.0000,0.0073,0.0000,200,6.2772
0.0073,0.0000,0.0000,0.0000,0.0072,0.0001,200,6.2793
0.0072,0.0000,0.0000,0.0000,0.0071,0.0001,200,6.2846
0.0073,0.0000,0.0000,0.0000,0.0072,0.0000,200,6.2845
0.0078,0.0000,0.0000,0.0000,0.0076,0.0000,200,6.2845
0.0069,0.0000,0.0000,0.0000,0.0064,0.0001,200,6.2866
0.0066,0.0000,0.0000,0.0000,0.0065,0.0001,200,6.2918
0.0062,0.0000,0.0000,0.0000,0.0062,0.0000,200,6.2923
0.0070,0.0000,0.0000,0.0000,0.0069,0.0000,200,6.2918
0.0065,0.0000,0.0000,0.0000,0.0064,0.0001,200,6.2935
0.0068,0.0000,0.0000,0.0000,0.0067,0.0000,200,6.2987
0.0071,0.0000,0.0000,0.0000,0.0070,0.0000,200,6.2984
0.0071,0.0000,0.0000,0.0000,0.0070,0.0000,200,6.2985
0.0063,0.0000,0.0000,0.0000,0.0062,0.0000,200,6.3000
0.0065,0.0000,0.0000,0.0000,0.0064,0.0001,200,6.3063
0.0072,0.0000,0.0000,0.0000,0.0071,0.0001,200,6.3056
0.0073,0.0000,0.0000,0.0000,0.0073,0.0000,200,6.3055
0.0074,0.0000,0.0000,0.0000,0.0074,0.0000,200,6.3055
0.0067,0.0000,0.0000,0.0000,0.0065,0.0001,200,6.3128
0.0069,0.0000,0.0000,0.0000,0.0069,0.0000,200,6.3128
0.0069,0.0000,0.0000,0.0000,0.0069,0.0000,200,6.3130
0.0099,0.0000,0.0000,0.0000,0.0098,0.0001,200,6.3128
0.0072,0.0000,0.0000,0.0000,0.0071,0.0001,200,6.3195
0.0084,0.0000,0.0000,0.0000,0.0083,0.0000,200,6.3197
0.0083,0.0000,0.0000,0.0000,0.0081,0.0001,200,6.3199
0.0072,0.0000,0.0000,0.0000,0.0071,0.0001,200,6.3227
0.0067,0.0000,0.0000,0.0000,0.0066,0.0001,200,6.3267
0.0086,0.0000,0.0000,0.0000,0.0086,0.0000,200,6.3282
0.0068,0.0000,0.0000,0.0000,0.0067,0.0001,200,6.3300
0.0087,0.0000,0.0000,0.0000,0.0086,0.0001,200,6.3281
0.0072,0.0000,0.0000,0.0001,0.0071,0.0001,200,6.3334
0.0067,0.0000,0.0000,0.0000,0.0065,0.0001,200,6.3368
0.0067,0.0000,0.0000,0.0000,0.0066,0.0000,200,6.3368
0.0067,0.0000,0.0000,0.0000,0.0066,0.0000,200,6.3368
0.0081,0.0000,0.0000,0.0000,0.0079,0.0001,200,6.3406
0.0063,0.0000,0.0000,0.0000,0.0062,0.0000,200,6.3435
0.0065,0.0000,0.0000,0.0000,0.0065,0.0000,200,6.3434
0.0079,0.0000,0.0000,0.0000,0.0078,0.0001,200,6.3435
0.0069,0.0000,0.0000,0.0000,0.0067,0.0001,200,6.3487
0.0072,0.0000,0.0000,0.0000,0.0071,0.0000,200,6.3500
0.0077,0.0000,0.0000,0.0000,0.0076,0.0000,200,6.3498
0.0069,0.0000,0.0000,0.0000,0.0068,0.0000,200,6.3514
0.0070,0.0000,0.0000,0.0000,0.0068,0.0001,200,6.3555
0.0079,0.0000,0.0000,0.0000,0.0077,0.0001,200,6.3571
0.0068,0.0000,0.0000,0.0000,0.0067,0.0000,200,6.3583
0.0091,0.0000,0.0000,0.0000,0.0091,0.0001,200,6.3575
0.0068,0.0000,0.0000,0.0000,0.0067,0.0001,200,6.3625
0.0075,0.0000,0.0000,0.0000,0.0074,0.0001,200,6.3650
0.0075,0.0000,0.0000,0.0000,0.0075,0.0000,200,6.3651
0.0082,0.0000,0.0000,0.0000,0.0081,0.0001,200,6.3667
0.0086,0.0000,0.0000,0.0000,0.0085,0.0001,200,6.3693
0.0063,0.0000,0.0000,0.0000,0.0063,0.0000,200,6.3725
0.0065,0.0000,0.0000,0.0000,0.0064,0.0000,200,6.3726
0.0076,0.0000,0.0000,0.0000,0.0075,0.0001,200,6.3749
0.0078,0.0000,0.0000,0.0000,0.0077,0.0000,200,6.3780
0.0068,0.0000,0.0000,0.0000,0.0067,0.0001,200,6.3790
0.0107,0.0000,0.0000,0.0000,0.0106,0.0001,200,6.3788
0.0094,0.0000,0.0000,0.0000,0.0093,0.0001,200,6.3825
0.0062,0.0000,0.0000,0.0000,0.0062,0.0000,200,6.3858
0.0064,0.0000,0.0000,0.0000,0.0063,0.0000,200,6.3858
0.0068,0.0000,0.0000,0.0000,0.0067,0.0001,200,6.3895
0.0066,0.0000,0.0000,0.0000,0.0065,0.0000,200,6.3919
0.0065,0.0000,0.0000,0.0000,0.0065,0.0000,200,6.3921
0.0066,0.0000,0.0000,0.0000,0.0066,0.0000,200,6.3922
0.0067,0.0000,0.0000,0.0000,0.0065,0.0001,200,6.3963
0.0062,0.0000,0.0000,0.0000,0.0061,0.0001,200,6.3986
0.0065,0.0000,0.0000,0.0000,0.0064,0.0000,200,6.3985
0.0062,0.0000,0.0000,0.0000,0.0061,0.0000,200,6.3988
0.0069,0.0000,0.0000,0.0000,0.0068,0.0001,200,6.4030
0.0064,0.0000,0.0000,0.0000,0.0063,0.0000,200,6.4048
0.0061,0.0000,0.0000,0.0000,0.0061,0.0000,200,6.4050
0.0088,0.0000,0.0000,0.0000,0.0088,0.0001,200,6.4050
0.0065,0.0000,0.0000,0.0000,0.0064,0.0001,200,6.4099
0.0062,0.0000,0.0000,0.0000,0.0062,0.0000,200,6.4111
0.0069,0.0000,0.0000,0.0000,0.0068,0.0000,200,6.4111
0.0068,0.0000,0.0000,0.0000,0.0067,0.0000,200,6.4138
0.0065,0.0000,0.0000,0.0000,0.0063,0.0001,200,6.4165
0.0067,0.0000,0.0000,0.0000,0.0066,0.0000,200,6.4174
0.0065,0.0000,0.0000,0.0000,0.0065,0.0000,200,6.4180
0.0070,0.0000,0.0000,0.0000,0.0069,0.0001,200,6.4206
0.0066,0.0000,0.0000,0.0000,0.0065,0.0000,200,6.4229
0.0065,0.0000,0.0000,0.0000,0.0064,0.0001,200,6.4245
0.0072,0.0000,0.0000,0.0000,0.0072,0.0000,200,6.4240
0.0074,0.0000,0.0000,0.0000,0.0073,0.0001,200,6.4276
0.0063,0.0000,0.0000,0.0000,0.0062,0.0001,200,6.4295
0.0063,0.0000,0.0000,0.0000,0.0062,0.0001,200,6.4310
0.0062,0.0000,0.0000,0.0000,0.0061,0.0000,200,6.4313
0.0064,0.0000,0.0000,0.0000,0.0063,0.0001,200,6.4350
0.0063,0.0000,0.0000,0.0000,0.0062,0.0000,200,6.4359
0.0063,0.0000,0.0000,0.0000,0.0062,0.0000,200,6.4374
0.0063,0.0000,0.0000,0.0000,0.0062,0.0000,200,6.4375
0.0085,0.0000,0.0000,0.0000,0.0084,0.0001,200,6.4421
0.0092,0.0000,0.0000,0.0000,0.0091,0.0000,200,6.4415
0.0082,0.0000,0.0000,0.0000,0.0081,0.0001,200,6.4437
0.0083,0.0000,0.0000,0.0000,0.0083,0.0000,200,6.4438
0.0068,0.0000,0.0000,0.0000,0.0067,0.0001,200,6.4507
0.0069,0.0000,0.0000,0.0000,0.0068,0.0000,200,6.4506
0.0064,0.0000,0.0000,0.0000,0.0064,0.0000,200,6.4521
0.0068,0.0000,0.0000,0.0000,0.0067,0.0000,200,6.4519
0.0067,0.0000,0.0000,0.0000,0.0066,0.0001,200,6.4574
0.0066,0.0000,0.0000,0.0000,0.0065,0.0000,200,6.4576
0.0063,0.0000,0.0000,0.0000,0.0062,0.0001,200,6.4587
0.0065,0.0000,0.0000,0.0000,0.0065,0.0000,200,6.4585
0.0065,0.0000,0.0000,0.0000,0.0064,0.0001,200,6.4641
0.0066,0.0000,0.0000,0.0000,0.0066,0.0000,200,6.4642
0.0062,0.0000,0.0000,0.0000,0.0061,0.0000,200,6.4649
0.0062,0.0000,0.0000,0.0000,0.0062,0.0000,200,6.4650
0.0062,0.0000,0.0000,0.0000,0.0062,0.0000,200,6.4708
0.0063,0.0000,0.0000,0.0000,0.0062,0.0000,200,6.4706
0.0061,0.0000,0.0000,0.0000,0.0061,0.0000,200,6.4711
0.0060,0.0000,0.0000,0.0000,0.0060,0.0000,200,6.4713
0.0063,0.0000,0.0000,0.0000,0.0062,0.0001,200,6.4770
0.0061,0.0000,0.0000,0.0000,0.0061,0.0000,200,6.4773
0.0062,0.0000,0.0000,0.0000,0.0062,0.0000,200,6.4773
0.0065,0.0000,0.0000,0.0000,0.0064,0.0000,200,6.4770
0.0065,0.0000,0.0000,0.0000,0.0064,0.0001,200,6.4833
0.0063,0.0000,0.0000,0.0000,0.0063,0.0000,200,6.4835
0.0063,0.0000,0.0000,0.0000,0.0063,0.0000,200,6.4835
0.0063,0.0000,0.0000,0.0000,0.0063,0.0000,200,6.4835
0.0063,0.0000,0.0000,0.0000,0.0063,0.0000,200,6.4898
0.0064,0.0000,0.0000,0.0000,0.0063,0.0000,200,6.4898
0.0063,0.0000,0.0000,0.0000,0.0063,0.0000,200,6.4898
0.0073,0.0000,0.0000,0.0000,0.0072,0.0000,200,6.4898
0.0064,0.0000,0.0000,0.0000,0.0063,0.0001,200,6.4961
0.0065,0.0000,0.0000,0.0000,0.0064,0.0000,200,6.4961
0.0065,0.0000,0.0000,0.0000,0.0065,0.0000,200,6.4961
0.0062,0.0000,0.0000,0.0000,0.0062,0.0000,200,6.4970
0.0062,0.0000,0.0000,0.0000,0.0061,0.0001,200,6.5026
0.0064,0.0000,0.0000,0.0000,0.0063,0.0000,200,6.5025
0.0063,0.0000,0.0000,0.0000,0.0062,0.0000,200,6.5026
0.0063,0.0000,0.0000,0.0000,0.0062,0.0000,200,6.5033
0.0062,0.0000,0.0000,0.0000,0.0061,0.0000,200,6.5089
0.0063,0.0000,0.0000,0.0000,0.0062,0.0001,200,6.5088
0.0062,0.0000,0.0000,0.0000,0.0062,0.0001,200,6.5089
0.0062,0.0000,0.0000,0.0000,0.0061,0.0000,200,6.5095
0.0065,0.0000,0.0000,0.0000,0.0064,0.0001,200,6.5152
0.0065,0.0000,0.0000,0.0000,0.0064,0.0001,200,6.5152
0.0066,0.0000,0.0000,0.0000,0.0065,0.0000,200,6.5152
0.0062,0.0000,0.0000,0.0000,0.0062,0.0000,200,6.5157
0.0065,0.0000,0.0000,0.0000,0.0063,0.0000,200,6.5216
0.0065,0.0000,0.0000,0.0000,0.0062,0.0002,200,6.5217
0.0070,0.0000,0.0000,0.0000,0.0069,0.0000,200,6.5216
0.0068,0.0000,0.0000,0.0000,0.0067,0.0000,200,6.5219
0.0071,0.0000,0.0000,0.0000,0.0070,0.0001,200,6.5281
0.0068,0.0000,0.0000,0.0000,0.0068,0.0000,200,6.5287
0.0074,0.0000,0.0000,0.0000,0.0074,0.0000,200,6.5282
0.0071,0.0000,0.0000,0.0000,0.0071,0.0000,200,6.5286
0.0067,0.0000,0.0000,0.0000,0.0067,0.0001,200,6.5358
0.0071,0.0000,0.0000,0.0000,0.0070,0.0000,200,6.5356
0.0076,0.0000,0.0000,0.0000,0.0075,0.0000,200,6.5352
0.0073,0.0000,0.0000,0.0000,0.0070,0.0002,200,6.5356
0.0066,0.0000,0.0000,0.0000,0.0065,0.0001,200,6.5428
0.0071,0.0000,0.0000,0.0000,0.0070,0.0000,200,6.5425
0.0068,0.0000,0.0000,0.0000,0.0067,0.0000,200,6.5428
0.0073,0.0000,0.0000,0.0000,0.0073,0.0000,200,6.5427
0.0065,0.0000,0.0000,0.0000,0.0064,0.0001,200,6.5496
0.0069,0.0000,0.0000,0.0000,0.0069,0.0000,200,6.5494
0.0069,0.0000,0.0000,0.0000,0.0069,0.0000,200,6.5496
0.0069,0.0000,0.0000,0.0000,0.0068,0.0000,200,6.5501
0.0067,0.0000,0.0000,0.0000,0.0066,0.0001,200,6.5564
0.0071,0.0000,0.0000,0.0000,0.0070,0.0000,200,6.5565
0.0102,0.0000,0.0000,0.0000,0.0100,0.0001,200,6.5561
0.0096,0.0000,0.0000,0.0000,0.0095,0.0000,200,6.5570
0.0071,0.0000,0.0000,0.0000,0.0070,0.0001,200,6.5631
0.0102,0.0000,0.0000,0.0000,0.0101,0.0000,200,6.5636
0.0075,0.0000,0.0000,0.0000,0.0074,0.0000,200,6.5663
0.0074,0.0000,0.0000,0.0000,0.0073,0.0000,200,6.5665
0.0102,0.0000,0.0000,0.0000,0.0101,0.0001,200,6.5702
0.0070,0.0000,0.0000,0.0000,0.0070,0.0000,200,6.5739
0.0072,0.0000,0.0000,0.0000,0.0071,0.0001,200,6.5738
0.0097,0.0000,0.0000,0.0000,0.0096,0.0001,200,6.5738
0.0067,0.0000,0.0000,0.0000,0.0066,0.0001,200,6.5805
0.0066,0.0000,0.0000,0.0000,0.0065,0.0000,200,6.5810
0.0069,0.0000,0.0000,0.0000,0.0068,0.0000,200,6.5809
0.0065,0.0000,0.0000,0.0000,0.0064,0.0001,200,6.5835
0.0073,0.0000,0.0000,0.0000,0.0072,0.0001,200,6.5872
0.0068,0.0000,0.0000,0.0000,0.0068,0.0001,200,6.5877
0.0067,0.0000,0.0000,0.0000,0.0066,0.0000,200,6.5878
0.0073,0.0000,0.0000,0.0000,0.0072,0.0001,200,6.5900
0.0065,0.0000,0.0000,0.0000,0.0064,0.0001,200,6.5945
0.0067,0.0000,0.0000,0.0000,0.0066,0.0001,200,6.5945
0.0086,0.0000,0.0000,0.0000,0.0085,0.0001,200,6.5945
0.0075,0.0000,0.0000,0.0000,0.0074,0.0001,200,6.5973
0.0067,0.0000,0.0000,0.0000,0.0066,0.0001,200,6.6012
0.0072,0.0000,0.0000,0.0000,0.0071,0.0000,200,6.6010
0.0068,0.0000,0.0000,0.0000,0.0067,0.0001,200,6.6031
0.0070,0.0000,0.0000,0.0000,0.0069,0.0000,200,6.6049
0.0068,0.0000,0.0000,0.0000,0.0067,0.0001,200,6.6099
0.0087,0.0000,0.0000,0.0000,0.0086,0.0001,200,6.6079
0.0086,0.0000,0.0000,0.0000,0.0085,0.0000,200,6.6082
0.0073,0.0000,0.0000,0.0000,0.0072,0.0001,200,6.6119
0.0074,0.0000,0.0000,0.0000,0.0074,0.0000,200,6.6167
0.0079,0.0000,0.0000,0.0000,0.0073,0.0005,200,6.6167
0.0082,0.0000,0.0000,0.0000,0.0081,0.0000,200,6.6168
0.0071,0.0000,0.0000,0.0000,0.0070,0.0000,200,6.6191
0.0071,0.0000,0.0000,0.0000,0.0070,0.0001,200,6.6246
0.0081,0.0000,0.0000,0.0007,0.0073,0.0000,200,6.6241
0.0074,0.0000,0.0000,0.0000,0.0073,0.0000,200,6.6250
0.0062,0.0000,0.0000,0.0000,0.0061,0.0001,200,6.6262
0.0073,0.0000,0.0000,0.0000,0.0072,0.0001,200,6.6317
0.0067,0.0000,0.0000,0.0000,0.0066,0.0001,200,6.6323
0.0066,0.0000,0.0000,0.0000,0.0066,0.0000,200,6.6324
0.0094,0.0000,0.0000,0.0000,0.0092,0.0001,200,6.6322
0.0066,0.0000,0.0000,0.0000,0.0065,0.0000,200,6.6390
0.0085,0.0000,0.0000,0.0000,0.0084,0.0001,200,6.6390
0.0086,0.0000,0.0000,0.0000,0.0085,0.0000,200,6.6390
0.0073,0.0000,0.0000,0.0000,0.0072,0.0000,200,6.6416
0.0063,0.0000,0.0000,0.0000,0.0062,0.0001,200,6.6456
0.0080,0.0000,0.0000,0.0000,0.0079,0.0000,200,6.6476
0.0081,0.0000,0.0000,0.0000,0.0080,0.0000,200,6.6475
0.0067,0.0000,0.0000,0.0000,0.0067,0.0000,200,6.6488
0.0065,0.0000,0.0000,0.0000,0.0064,0.0001,200,6.6519
0.0064,0.0000,0.0000,0.0000,0.0063,0.0001,200,6.6556
0.0066,0.0000,0.0000,0.0000,0.0065,0.0000,200,6.6556
0.0069,0.0000,0.0000,0.0000,0.0068,0.0000,200,6.6556
0.0069,0.0000,0.0000,0.0000,0.0068,0.0001,200,6.6584
0.0065,0.0000,0.0000,0.0000,0.0064,0.0001,200,6.6620
0.0062,0.0000,0.0000,0.0000,0.0062,0.0000,200,6.6625
0.0067,0.0000,0.0000,0.0000,0.0066,0.0000,200,6.6622
0.0065,0.0000,0.0000,0.0000,0.0064,0.0001,200,6.6653
0.0066,0.0000,0.0000,0.0000,0.0065,0.0001,200,6.6685
0.0063,0.0000,0.0000,0.0000,0.0062,0.0000,200,6.6689
0.0067,0.0000,0.0000,0.0000,0.0067,0.0001,200,6.6687
0.0067,0.0000,0.0000,0.0000,0.0066,0.0001,200,6.6718
0.0066,0.0000,0.0000,0.0000,0.0065,0.0001,200,6.6755
0.0071,0.0000,0.0000,0.0000,0.0070,0.0001,200,6.6752
0.0083,0.0000,0.0000,0.0000,0.0072,0.0011,200,6.6752
0.0069,0.0000,0.0000,0.0000,0.0068,0.0001,200,6.6785
0.0063,0.0000,0.0000,0.0000,0.0063,0.0000,200,6.6822
0.0065,0.0000,0.0000,0.0000,0.0064,0.0000,200,6.6821
0.0069,0.0000,0.0000,0.0000,0.0068,0.0000,200,6.6835
0.0071,0.0000,0.0000,0.0000,0.0070,0.0000,200,6.6854
0.0066,0.0000,0.0000,0.0000,0.0065,0.0000,200,6.6886
0.0066,0.0000,0.0000,0.0000,0.0064,0.0002,200,6.6886
0.0078,0.0000,0.0000,0.0000,0.0077,0.0001,200,6.6904
0.0065,0.0000,0.0000,0.0000,0.0064,0.0001,200,6.6925
0.0063,0.0000,0.0000,0.0000,0.0063,0.0000,200,6.6952
0.0064,0.0000,0.0000,0.0000,0.0064,0.0000,200,6.6952
0.0071,0.0000,0.0000,0.0000,0.0069,0.0001,200,6.6982
0.0067,0.0000,0.0000,0.0000,0.0066,0.0000,200,6.6990
0.0063,0.0000,0.0000,0.0000,0.0062,0.0001,200,6.7016
0.0075,0.0000,0.0000,0.0000,0.0074,0.0001,200,6.7015
0.0078,0.0000,0.0000,0.0000,0.0077,0.0001,200,6.7053
0.0081,0.0000,0.0000,0.0000,0.0080,0.0000,200,6.7057
0.0085,0.0000,0.0000,0.0000,0.0083,0.0001,200,6.7079
0.0074,0.0000,0.0000,0.0000,0.0073,0.0000,200,6.7090
0.0064,0.0000,0.0000,0.0000,0.0063,0.0001,200,6.7131
0.0097,0.0000,0.0000,0.0000,0.0087,0.0010,200,6.7137
0.0071,0.0000,0.0000,0.0000,0.0070,0.0000,200,6.7164
0.0073,0.0000,0.0000,0.0000,0.0072,0.0000,200,6.7163
0.0063,0.0000,0.0000,0.0000,0.0062,0.0001,200,6.7195
0.0070,0.0000,0.0000,0.0000,0.0069,0.0000,200,6.7235
0.0070,0.0000,0.0000,0.0000,0.0069,0.0001,200,6.7235
0.0069,0.0000,0.0000,0.0000,0.0068,0.0001,200,6.7236
0.0070,0.0000,0.0000,0.0000,0.0069,0.0001,200,6.7258
0.0066,0.0000,0.0000,0.0000,0.0065,0.0001,200,6.7305
0.0065,0.0000,0.0000,0.0000,0.0064,0.0001,200,6.7305
0.0071,0.0000,0.0000,0.0000,0.0070,0.0000,200,6.7305
0.0087,0.0000,0.0000,0.0000,0.0086,0.0001,200,6.7328
0.0065,0.0000,0.0000,0.0000,0.0064,0.0001,200,6.7370
0.0070,0.0000,0.0000,0.0000,0.0069,0.0000,200,6.7375
0.0075,0.0000,0.0000,0.0000,0.0074,0.0000,200,6.7370
0.0066,0.0000,0.0000,0.0000,0.0064,0.0001,200,6.7416
0.0063,0.0000,0.0000,0.0000,0.0061,0.0001,200,6.7435
0.0070,0.0000,0.0000,0.0000,0.0069,0.0000,200,6.7445
0.0070,0.0000,0.0000,0.0000,0.0070,0.0000,200,6.7445
0.0065,0.0000,0.0000,0.0000,0.0064,0.0001,200,6.7481
0.0068,0.0000,0.0000,0.0000,0.0067,0.0001,200,6.7498
0.0063,0.0000,0.0000,0.0000,0.0063,0.0000,200,6.7515
0.0064,0.0000,0.0000,0.0000,0.0063,0.0001,200,6.7515
0.0076,0.0000,0.0000,0.0000,0.0075,0.0001,200,6.7546
0.0070,0.0000,0.0000,0.0000,0.0069,0.0000,200,6.7566
0.0066,0.0000,0.0000,0.0000,0.0065,0.0001,200,6.7579
0.0067,0.0000,0.0000,0.0000,0.0067,0.0000,200,6.7579
0.0066,0.0000,0.0000,0.0000,0.0065,0.0001,200,6.7636
0.0079,0.0000,0.0000,0.0000,0.0079,0.0000,200,6.7622
0.0065,0.0000,0.0000,0.0000,0.0064,0.0000,200,6.7645
0.0070,0.0000,0.0000,0.0000,0.0069,0.0000,200,6.7646
0.0066,0.0000,0.0000,0.0000,0.0065,0.0001,200,6.7701
0.0065,0.0000,0.0000,0.0000,0.0064,0.0001,200,6.7702
0.0066,0.0000,0.0000,0.0000,0.0065,0.0000,200,6.7709
0.0076,0.0000,0.0000,0.0000,0.0073,0.0003,200,6.7716
0.0067,0.0000,0.0000,0.0000,0.0065,0.0001,200,6.7767
0.0070,0.0000,0.0000,0.0000,0.0068,0.0002,200,6.7767
0.0093,0.0000,0.0000,0.0000,0.0092,0.0000,200,6.7775
0.0076,0.0000,0.0000,0.0000,0.0075,0.0000,200,6.7792
0.0070,0.0000,0.0000,0.0000,0.0069,0.0001,200,6.7834
0.0067,0.0000,0.0000,0.0000,0.0066,0.0001,200,6.7837
0.0066,0.0000,0.0000,0.0000,0.0065,0.0001,200,6.7868
0.0096,0.0000,0.0000,0.0000,0.0090,0.0001,200,6.7868
0.0075,0.0000,0.0000,0.0000,0.0074,0.0001,200,6.7904
0.0076,0.0000,0.0000,0.0000,0.0075,0.0000,200,6.7904
0.0089,0.0000,0.0000,0.0001,0.0088,0.0001,200,6.7934
0.0066,0.0000,0.0000,0.0000,0.0065,0.0000,200,6.7963
0.0067,0.0000,0.0000,0.0000,0.0066,0.0000,200,6.7978
0.0066,0.0000,0.0000,0.0000,0.0065,0.0000,200,6.7980
0.0078,0.0000,0.0000,0.0000,0.0077,0.0001,200,6.8023
0.0073,0.0000,0.0000,0.0000,0.0072,0.0000,200,6.8029
0.0063,0.0000,0.0000,0.0000,0.0062,0.0000,200,6.8045
0.0067,0.0000,0.0000,0.0000,0.0066,0.0001,200,6.8045
0.0067,0.0000,0.0000,0.0000,0.0066,0.0001,200,6.8102
0.0068,0.0000,0.0000,0.0000,0.0067,0.0001,200,6.8101
0.0067,0.0000,0.0000,0.0000,0.0067,0.0000,200,6.8107
0.0063,0.0000,0.0000,0.0001,0.0062,0.0000,200,6.8112
0.0067,0.0000,0.0000,0.0000,0.0065,0.0001,200,6.8169
0.0070,0.0000,0.0000,0.0000,0.0069,0.0000,200,6.8169
0.0067,0.0000,0.0000,0.0000,0.0067,0.0000,200,6.8175
0.0067,0.0000,0.0000,0.0000,0.0066,0.0000,200,6.8176
0.0083,0.0000,0.0000,0.0000,0.0080,0.0001,200,6.8236
0.0077,0.0000,0.0000,0.0000,0.0075,0.0002,200,6.8242
0.0077,0.0000,0.0000,0.0000,0.0075,0.0002,200,6.8242
0.0087,0.0000,0.0000,0.0000,0.0086,0.0000,200,6.8239
0.0072,0.0000,0.0000,0.0001,0.0069,0.0001,200,6.8319
0.0072,0.0000,0.0000,0.0000,0.0072,0.0000,200,6.8319
0.0072,0.0000,0.0000,0.0000,0.0071,0.0000,200,6.8320
0.0085,0.0000,0.0000,0.0000,0.0069,0.0000,200,6.8326
0.0063,0.0000,0.0000,0.0000,0.0061,0.0001,200,6.8390
0.0064,0.0000,0.0000,0.0000,0.0063,0.0000,200,6.8392
0.0086,0.0000,0.0000,0.0000,0.0086,0.0000,200,6.8391
0.0068,0.0000,0.0000,0.0000,0.0068,0.0000,200,6.8410
0.0071,0.0000,0.0000,0.0000,0.0069,0.0002,200,6.8453
0.0071,0.0000,0.0000,0.0000,0.0070,0.0000,200,6.8456
0.0072,0.0000,0.0000,0.0000,0.0070,0.0002,200,6.8478
0.0073,0.0000,0.0000,0.0000,0.0065,0.0008,200,6.8479
0.0070,0.0000,0.0000,0.0000,0.0068,0.0001,200,6.8524
0.0069,0.0000,0.0000,0.0000,0.0068,0.0000,200,6.8527
0.0068,0.0000,0.0000,0.0000,0.0067,0.0001,200,6.8551
0.0074,0.0000,0.0000,0.0001,0.0072,0.0000,200,6.8550
0.0068,0.0000,0.0000,0.0000,0.0067,0.0001,200,6.8595
0.0071,0.0000,0.0000,0.0000,0.0070,0.0000,200,6.8594
0.0069,0.0000,0.0000,0.0000,0.0065,0.0001,200,6.8620
0.0066,0.0000,0.0000,0.0000,0.0065,0.0001,200,6.8623
0.0066,0.0000,0.0000,0.0000,0.0065,0.0001,200,6.8665
0.0071,0.0000,0.0000,0.0000,0.0070,0.0001,200,6.8688
0.0072,0.0000,0.0000,0.0000,0.0071,0.0000,200,6.8689
0.0103,0.0000,0.0000,0.0000,0.0101,0.0000,200,6.8664
0.0064,0.0000,0.0000,0.0000,0.0064,0.0000,200,6.8762
0.0095,0.0000,0.0000,0.0000,0.0093,0.0001,200,6.8731
0.0061,0.0000,0.0000,0.0000,0.0061,0.0000,200,6.8766
0.0071,0.0000,0.0000,0.0000,0.0070,0.0000,200,6.8759
0.0065,0.0000,0.0000,0.0000,0.0064,0.0001,200,6.8826
0.0064,0.0000,0.0000,0.0000,0.0063,0.0001,200,6.8830
0.0079,0.0000,0.0000,0.0000,0.0078,0.0000,200,6.8826
0.0079,0.0000,0.0000,0.0000,0.0079,0.0000,200,6.8828
0.0070,0.0000,0.0000,0.0000,0.0069,0.0001,200,6.8891
0.0068,0.0000,0.0000,0.0000,0.0067,0.0000,200,6.8894
0.0064,0.0000,0.0000,0.0000,0.0063,0.0000,200,6.8905
0.0069,0.0000,0.0000,0.0000,0.0068,0.0000,200,6.8907
0.0065,0.0000,0.0000,0.0000,0.0065,0.0000,200,6.8961
0.0065,0.0000,0.0000,0.0000,0.0064,0.0001,200,6.8962
0.0067,0.0000,0.0000,0.0000,0.0065,0.0002,200,6.8969
0.0062,0.0000,0.0000,0.0000,0.0062,0.0000,200,6.8976
0.0076,0.0000,0.0000,0.0000,0.0074,0.0001,200,6.9026
0.0080,0.0000,0.0000,0.0000,0.0072,0.0007,200,6.9027
0.0075,0.0000,0.0000,0.0000,0.0074,0.0000,200,6.9036
0.0074,0.0000,0.0000,0.0000,0.0074,0.0000,200,6.9038
0.0071,0.0000,0.0000,0.0000,0.0070,0.0001,200,6.9102
0.0065,0.0000,0.0000,0.0000,0.0064,0.0000,200,6.9111
0.0069,0.0000,0.0000,0.0000,0.0068,0.0000,200,6.9107
0.0065,0.0000,0.0000,0.0000,0.0064,0.0000,200,6.9113
0.0066,0.0000,0.0000,0.0000,0.0065,0.0000,200,6.9176
0.0066,0.0000,0.0000,0.0000,0.0065,0.0000,200,6.9176
0.0065,0.0000,0.0000,0.0000,0.0064,0.0000,200,6.9177
0.0069,0.0000,0.0000,0.0000,0.0068,0.0000,200,6.9173
0.0073,0.0000,0.0000,0.0000,0.0072,0.0000,200,6.9241
0.0072,0.0000,0.0000,0.0000,0.0071,0.0000,200,6.9242
0.0073,0.0000,0.0000,0.0000,0.0073,0.0000,200,6.9241
0.0073,0.0000,0.0000,0.0000,0.0071,0.0001,200,6.9242
0.0066,0.0000,0.0000,0.0000,0.0064,0.0002,200,6.9314
0.0067,0.0000,0.0000,0.0001,0.0066,0.0000,200,6.9314
0.0068,0.0000,0.0000,0.0000,0.0067,0.0001,200,6.9314
0.0067,0.0000,0.0000,0.0000,0.0067,0.0000,200,6.9315
0.0066,0.0000,0.0000,0.0000,0.0065,0.0000,200,6.9382
0.0066,0.0000,0.0000,0.0000,0.0065,0.0001,200,6.9382
0.0067,0.0000,0.0000,0.0000,0.0066,0.0001,200,6.9382
0.0069,0.0000,0.0000,0.0000,0.0067,0.0001,200,6.9380
0.0066,0.0000,0.0000,0.0000,0.0065,0.0001,200,6.9449
0.0067,0.0000,0.0000,0.0000,0.0066,0.0000,200,6.9449
0.0068,0.0000,0.0000,0.0000,0.0067,0.0000,200,6.9449
0.0075,0.0000,0.0000,0.0000,0.0074,0.0001,200,6.9449
0.0066,0.0000,0.0000,0.0000,0.0065,0.0001,200,6.9515
0.0068,0.0000,0.0000,0.0000,0.0068,0.0001,200,6.9516
0.0068,0.0000,0.0000,0.0000,0.0068,0.0000,200,6.9517
0.0063,0.0000,0.0000,0.0000,0.0062,0.0000,200,6.9523
0.0066,0.0000,0.0000,0.0000,0.0065,0.0001,200,6.9585
0.0065,0.0000,0.0000,0.0000,0.0064,0.0000,200,6.9586
0.0067,0.0000,0.0000,0.0000,0.0066,0.0000,200,6.9584
0.0070,0.0000,0.0000,0.0000,0.0069,0.0000,200,6.9581
0.0076,0.0000,0.0000,0.0000,0.0075,0.0001,200,6.9651
0.0083,0.0000,0.0000,0.0000,0.0082,0.0000,200,6.9651
0.0083,0.0000,0.0000,0.0000,0.0082,0.0001,200,6.9651
0.0091,0.0000,0.0000,0.0000,0.0090,0.0000,200,6.9651
0.0062,0.0000,0.0000,0.0000,0.0062,0.0001,200,6.9734
0.0071,0.0000,0.0000,0.0000,0.0070,0.0000,200,6.9727
0.0064,0.0000,0.0000,0.0000,0.0064,0.0000,200,6.9734
0.0065,0.0000,0.0000,0.0000,0.0064,0.0001,200,6.9742
0.0065,0.0000,0.0000,0.0000,0.0064,0.0001,200,6.9797
0.0067,0.0000,0.0000,0.0000,0.0067,0.0000,200,6.9798
0.0067,0.0000,0.0000,0.0000,0.0066,0.0000,200,6.9798
0.0064,0.0000,0.0000,0.0000,0.0063,0.0000,200,6.9807
0.0067,0.0000,0.0000,0.0000,0.0066,0.0001,200,6.9862
0.0067,0.0000,0.0000,0.0000,0.0066,0.0000,200,6.9865
0.0066,0.0000,0.0000,0.0000,0.0065,0.0001,200,6.9871
0.0082,0.0000,0.0000,0.0000,0.0081,0.0000,200,6.9865
0.0065,0.0000,0.0000,0.0000,0.0064,0.0001,200,6.9930
0.0067,0.0000,0.0000,0.0000,0.0066,0.0000,200,6.9932
0.0063,0.0000,0.0000,0.0000,0.0062,0.0000,200,6.9938
0.0067,0.0000,0.0000,0.0000,0.0066,0.0000,200,6.9947
0.0069,0.0000,0.0000,0.0000,0.0068,0.0001,200,6.9995
0.0066,0.0000,0.0000,0.0000,0.0065,0.0000,200,6.9999
0.0065,0.0000,0.0000,0.0000,0.0065,0.0000,200,7.0001
0.0065,0.0000,0.0000,0.0000,0.0064,0.0000,200,7.0014
0.0069,0.0000,0.0000,0.0000,0.0069,0.0000,200,7.0066
0.0071,0.0000,0.0000,0.0000,0.0070,0.0000,200,7.0065
0.0073,0.0000,0.0000,0.0000,0.0072,0.0000,200,7.0063
0.0066,0.0000,0.0000,0.0000,0.0064,0.0002,200,7.0078
0.0067,0.0000,0.0000,0.0000,0.0066,0.0001,200,7.0136
0.0067,0.0000,0.0000,0.0000,0.0066,0.0000,200,7.0136
0.0067,0.0000,0.0000,0.0000,0.0065,0.0001,200,7.0136
0.0068,0.0000,0.0000,0.0000,0.0067,0.0001,200,7.0145
0.0071,0.0000,0.0000,0.0000,0.0066,0.0001,200,7.0203
0.0071,0.0000,0.0000,0.0000,0.0067,0.0001,200,7.0202
0.0070,0.0000,0.0000,0.0000,0.0066,0.0001,200,7.0203
0.0063,0.0000,0.0000,0.0001,0.0062,0.0000,200,7.0213
0.0066,0.0000,0.0000,0.0000,0.0065,0.0000,200,7.0273
0.0068,0.0000,0.0000,0.0000,0.0067,0.0000,200,7.0273
0.0068,0.0000,0.0000,0.0000,0.0067,0.0000,200,7.0273
0.0065,0.0000,0.0000,0.0000,0.0065,0.0000,200,7.0276
0.0065,0.0000,0.0000,0.0000,0.0064,0.0001,200,7.0339
0.0066,0.0000,0.0000,0.0000,0.0066,0.0000,200,7.0341
0.0067,0.0000,0.0000,0.0000,0.0066,0.0001,200,7.0341
0.0067,0.0000,0.0000,0.0000,0.0065,0.0001,200,7.0341
0.0067,0.0000,0.0000,0.0000,0.0066,0.0001,200,7.0405
0.0065,0.0000,0.0000,0.0000,0.0064,0.0000,200,7.0408
0.0066,0.0000,0.0000,0.0000,0.0066,0.0000,200,7.0407
0.0067,0.0000,0.0000,0.0001,0.0066,0.0000,200,7.0408
0.0064,0.0000,0.0000,0.0000,0.0064,0.0001,200,7.0473
0.0063,0.0000,0.0000,0.0000,0.0063,0.0000,200,7.0475
0.0067,0.0000,0.0000,0.0000,0.0066,0.0000,200,7.0472
0.0066,0.0000,0.0000,0.0000,0.0065,0.0000,200,7.0474
0.0065,0.0000,0.0000,0.0000,0.0064,0.0001,200,7.0538
0.0067,0.0000,0.0000,0.0000,0.0066,0.0001,200,7.0539
0.0067,0.0000,0.0000,0.0000,0.0067,0.0000,200,7.0539
0.0068,0.0000,0.0000,0.0000,0.0067,0.0001,200,7.0540
0.0063,0.0000,0.0000,0.0000,0.0063,0.0001,200,7.0607
0.0066,0.0000,0.0000,0.0000,0.0065,0.0000,200,7.0605
0.0066,0.0000,0.0000,0.0000,0.0065,0.0000,200,7.0606
0.0069,0.0000,0.0000,0.0000,0.0068,0.0000,200,7.0603
0.0064,0.0000,0.0000,0.0000,0.0063,0.0001,200,7.0671
0.0063,0.0000,0.0000,0.0000,0.0063,0.0000,200,7.0672
0.0064,0.0000,0.0000,0.0000,0.0064,0.0000,200,7.0672
0.0065,0.0000,0.0000,0.0000,0.0065,0.0000,200,7.0671
0.0063,0.0000,0.0000,0.0000,0.0062,0.0001,200,7.0735
0.0069,0.0000,0.0000,0.0000,0.0068,0.0000,200,7.0737
0.0069,0.0000,0.0000,0.0000,0.0069,0.0000,200,7.0736
0.0070,0.0000,0.0000,0.0000,0.0069,0.0000,200,7.0736
0.0067,0.0000,0.0000,0.0000,0.0066,0.0001,200,7.0799
0.0061,0.0000,0.0000,0.0000,0.0061,0.0000,200,7.0806
0.0062,0.0000,0.0000,0.0000,0.0062,0.0000,200,7.0805
0.0064,0.0000,0.0000,0.0000,0.0063,0.0000,200,7.0806
0.0067,0.0000,0.0000,0.0000,0.0066,0.0001,200,7.0866
0.0070,0.0000,0.0000,0.0000,0.0069,0.0000,200,7.0867
0.0078,0.0000,0.0000,0.0000,0.0077,0.0000,200,7.0869
0.0081,0.0000,0.0000,0.0000,0.0080,0.0000,200,7.0867
0.0073,0.0000,0.0000,0.0000,0.0072,0.0001,200,7.0933
0.0073,0.0000,0.0000,0.0000,0.0072,0.0000,200,7.0936
0.0080,0.0000,0.0000,0.0000,0.0079,0.0000,200,7.0947
0.0082,0.0000,0.0000,0.0000,0.0081,0.0001,200,7.0948
0.0067,0.0000,0.0000,0.0000,0.0066,0.0001,200,7.1006
0.0084,0.0000,0.0000,0.0000,0.0083,0.0000,200,7.1009
0.0066,0.0000,0.0000,0.0000,0.0066,0.0000,200,7.1027
0.0063,0.0000,0.0000,0.0000,0.0062,0.0000,200,7.1030
0.0067,0.0000,0.0000,0.0000,0.0066,0.0001,200,7.1074
0.0065,0.0000,0.0000,0.0000,0.0065,0.0000,200,7.1094
0.0067,0.0000,0.0000,0.0000,0.0066,0.0000,200,7.1093
0.0069,0.0000,0.0000,0.0000,0.0068,0.0001,200,7.1093
0.0069,0.0000,0.0000,0.0000,0.0068,0.0001,200,7.1140
0.0067,0.0000,0.0000,0.0000,0.0066,0.0000,200,7.1160
0.0069,0.0000,0.0000,0.0000,0.0068,0.0000,200,7.1159
0.0065,0.0000,0.0000,0.0000,0.0065,0.0000,200,7.1163
0.0070,0.0000,0.0000,0.0000,0.0069,0.0001,200,7.1209
0.0066,0.0000,0.0000,0.0000,0.0065,0.0000,200,7.1226
0.0064,0.0000,0.0000,0.0000,0.0064,0.0000,200,7.1228
0.0065,0.0000,0.0000,0.0000,0.0065,0.0000,200,7.1228
0.0070,0.0000,0.0000,0.0000,0.0069,0.0001,200,7.1279
0.0065,0.0000,0.0000,0.0000,0.0064,0.0001,200,7.1292
0.0065,0.0000,0.0000,0.0000,0.0064,0.0000,200,7.1293
0.0068,0.0000,0.0000,0.0000,0.0068,0.0000,200,7.1292
0.0067,0.0000,0.0000,0.0000,0.0066,0.0001,200,7.1349
0.0063,0.0000,0.0000,0.0000,0.0061,0.0001,200,7.1358
0.0065,0.0000,0.0000,0.0000,0.0064,0.0000,200,7.1361
0.0069,0.0000,0.0000,0.0000,0.0068,0.0000,200,7.1358
0.0070,0.0000,0.0000,0.0000,0.0069,0.0001,200,7.1416
0.0066,0.0000,0.0000,0.0000,0.0065,0.0000,200,7.1426
0.0065,0.0000,0.0000,0.0000,0.0065,0.0000,200,7.1427
0.0073,0.0000,0.0000,0.0000,0.0073,0.0000,200,7.1421
0.0070,0.0000,0.0000,0.0000,0.0069,0.0001,200,7.1486
0.0065,0.0000,0.0000,0.0000,0.0064,0.0000,200,7.1492
0.0065,0.0000,0.0000,0.0000,0.0064,0.0000,200,7.1492
0.0063,0.0000,0.0000,0.0000,0.0062,0.0000,200,7.1494
0.0064,0.0000,0.0000,0.0000,0.0063,0.0001,200,7.1557
0.0066,0.0000,0.0000,0.0000,0.0066,0.0000,200,7.1557
0.0066,0.0000,0.0000,0.0000,0.0066,0.0000,200,7.1557
0.0068,0.0000,0.0000,0.0000,0.0067,0.0000,200,7.1556
0.0071,0.0000,0.0000,0.0000,0.0070,0.0001,200,7.1623
0.0071,0.0000,0.0000,0.0000,0.0071,0.0000,200,7.1623
0.0073,0.0000,0.0000,0.0000,0.0072,0.0000,200,7.1621
0.0077,0.0000,0.0000,0.0000,0.0076,0.0000,200,7.1623
0.0067,0.0000,0.0000,0.0000,0.0066,0.0001,200,7.1695
0.0069,0.0000,0.0000,0.0000,0.0068,0.0000,200,7.1695
0.0064,0.0000,0.0000,0.0000,0.0064,0.0001,200,7.1700
0.0070,0.0000,0.0000,0.0000,0.0069,0.0000,200,7.1695
0.0067,0.0000,0.0000,0.0000,0.0066,0.0001,200,7.1765
0.0072,0.0000,0.0000,0.0000,0.0071,0.0000,200,7.1762
0.0071,0.0000,0.0000,0.0000,0.0069,0.0001,200,7.1764
0.0070,0.0000,0.0000,0.0000,0.0070,0.0000,200,7.1764
0.0069,0.0000,0.0000,0.0000,0.0067,0.0002,200,7.1834
0.0068,0.0000,0.0000,0.0000,0.0067,0.0000,200,7.1834
0.0074,0.0000,0.0000,0.0000,0.0070,0.0003,200,7.1832
0.0072,0.0000,0.0000,0.0000,0.0071,0.0000,200,7.1834
0.0068,0.0000,0.0000,0.0000,0.0066,0.0001,200,7.1906
0.0071,0.0000,0.0000,0.0003,0.0068,0.0001,200,7.1903
0.0069,0.0000,0.0000,0.0000,0.0068,0.0000,200,7.1906
0.0091,0.0000,0.0000,0.0000,0.0083,0.0001,200,7.1905
0.0070,0.0000,0.0000,0.0000,0.0069,0.0001,200,7.1976
0.0074,0.0000,0.0000,0.0000,0.0071,0.0000,200,7.1974
0.0066,0.0000,0.0000,0.0000,0.0065,0.0001,200,7.1996
0.0093,0.0000,0.0000,0.0000,0.0089,0.0004,200,7.1974
0.0070,0.0000,0.0000,0.0000,0.0069,0.0001,200,7.2046
0.0068,0.0000,0.0000,0.0000,0.0067,0.0001,200,7.2062
0.0069,0.0000,0.0000,0.0000,0.0068,0.0000,200,7.2067
0.0067,0.0000,0.0000,0.0000,0.0065,0.0002,200,7.2116
0.0073,0.0000,0.0000,0.0000,0.0072,0.0001,200,7.2136
0.0162,0.0000,0.0000,0.0000,0.0161,0.0000,200,7.2048
0.0079,0.0000,0.0000,0.0000,0.0070,0.0000,200,7.2130
0.0075,0.0000,0.0000,0.0000,0.0071,0.0003,200,7.2183
0.0071,0.0000,0.0000,0.0000,0.0070,0.0000,200,7.2209
0.0071,0.0000,0.0000,0.0000,0.0070,0.0001,200,7.2209
0.0071,0.0000,0.0000,0.0000,0.0070,0.0001,200,7.2209
0.0068,0.0000,0.0000,0.0000,0.0067,0.0001,200,7.2258
0.0067,0.0000,0.0000,0.0000,0.0066,0.0000,200,7.2280
0.0067,0.0000,0.0000,0.0000,0.0066,0.0000,200,7.2280
0.0067,0.0000,0.0000,0.0000,0.0067,0.0000,200,7.2280
0.0067,0.0000,0.0000,0.0000,0.0066,0.0001,200,7.2326
0.0069,0.0000,0.0000,0.0000,0.0068,0.0001,200,7.2347
0.0068,0.0000,0.0000,0.0000,0.0067,0.0000,200,7.2348
0.0070,0.0000,0.0000,0.0000,0.0069,0.0000,200,7.2347
0.0076,0.0000,0.0000,0.0000,0.0075,0.0001,200,7.2393
0.0065,0.0000,0.0000,0.0000,0.0064,0.0000,200,7.2417
0.0066,0.0000,0.0000,0.0000,0.0065,0.0000,200,7.2416
0.0067,0.0000,0.0000,0.0000,0.0066,0.0000,200,7.2416
0.0064,0.0000,0.0000,0.0000,0.0063,0.0001,200,7.2482
0.0078,0.0000,0.0000,0.0000,0.0077,0.0000,200,7.2469
0.0066,0.0000,0.0000,0.0000,0.0065,0.0000,200,7.2482
0.0069,0.0000,0.0000,0.0000,0.0069,0.0000,200,7.2482
0.0071,0.0000,0.0000,0.0000,0.0070,0.0000,200,7.2548
0.0066,0.0000,0.0000,0.0000,0.0066,0.0000,200,7.2552
0.0073,0.0000,0.0000,0.0000,0.0072,0.0000,200,7.2546
0.0085,0.0000,0.0000,0.0000,0.0085,0.0000,200,7.2548
0.0065,0.0000,0.0000,0.0000,0.0064,0.0001,200,7.2618
0.0066,0.0000,0.0000,0.0000,0.0065,0.0001,200,7.2618
0.0066,0.0000,0.0000,0.0000,0.0065,0.0000,200,7.2619
0.0062,0.0000,0.0000,0.0000,0.0061,0.0000,200,7.2633
0.0066,0.0000,0.0000,0.0000,0.0065,0.0001,200,7.2684
0.0065,0.0000,0.0000,0.0000,0.0064,0.0001,200,7.2685
0.0065,0.0000,0.0000,0.0000,0.0065,0.0001,200,7.2685
0.0063,0.0000,0.0000,0.0000,0.0062,0.0001,200,7.2695
0.0066,0.0000,0.0000,0.0000,0.0065,0.0001,200,7.2750
0.0064,0.0000,0.0000,0.0000,0.0064,0.0000,200,7.2758
0.0072,0.0000,0.0000,0.0000,0.0071,0.0000,200,7.2750
0.0073,0.0000,0.0000,0.0000,0.0073,0.0001,200,7.2750
0.0070,0.0000,0.0000,0.0000,0.0069,0.0001,200,7.2822
0.0078,0.0000,0.0000,0.0000,0.0077,0.0000,200,7.2816
0.0080,0.0000,0.0000,0.0000,0.0079,0.0001,200,7.2822
0.0102,0.0000,0.0000,0.0000,0.0102,0.0001,200,7.2823
0.0066,0.0000,0.0000,0.0000,0.0065,0.0001,200,7.2892
0.0067,0.0000,0.0000,0.0000,0.0066,0.0001,200,7.2894
0.0066,0.0000,0.0000,0.0000,0.0065,0.0000,200,7.2902
0.0070,0.0000,0.0000,0.0000,0.0069,0.0000,200,7.2926
0.0068,0.0000,0.0000,0.0000,0.0067,0.0001,200,7.2958
0.0066,0.0000,0.0000,0.0000,0.0065,0.0000,200,7.2961
0.0070,0.0000,0.0000,0.0000,0.0070,0.0000,200,7.2967
0.0072,0.0000,0.0000,0.0000,0.0071,0.0000,200,7.2996
0.0063,0.0000,0.0000,0.0000,0.0062,0.0000,200,7.3026
0.0069,0.0000,0.0000,0.0000,0.0068,0.0001,200,7.3027
0.0068,0.0000,0.0000,0.0000,0.0067,0.0001,200,7.3037
0.0066,0.0000,0.0000,0.0000,0.0065,0.0001,200,7.3068
0.0069,0.0000,0.0000,0.0000,0.0068,0.0001,200,7.3089
0.0062,0.0000,0.0000,0.0000,0.0061,0.0000,200,7.3096
0.0074,0.0000,0.0000,0.0000,0.0073,0.0001,200,7.3106
0.0066,0.0000,0.0000,0.0000,0.0064,0.0001,200,7.3134
0.0063,0.0000,0.0000,0.0000,0.0062,0.0001,200,7.3158
0.0070,0.0000,0.0000,0.0000,0.0069,0.0000,200,7.3158
0.0064,0.0000,0.0000,0.0000,0.0063,0.0000,200,7.3180
0.0066,0.0000,0.0000,0.0000,0.0064,0.0000,200,7.3200
0.0069,0.0000,0.0000,0.0000,0.0068,0.0000,200,7.3221
0.0062,0.0000,0.0000,0.0000,0.0062,0.0000,200,7.3228
0.0065,0.0000,0.0000,0.0000,0.0064,0.0001,200,7.3244
0.0062,0.0000,0.0000,0.0000,0.0061,0.0000,200,7.3266
0.0064,0.0000,0.0000,0.0000,0.0063,0.0001,200,7.3289
0.0068,0.0000,0.0000,0.0000,0.0066,0.0001,200,7.3290
0.0109,0.0000,0.0000,0.0000,0.0108,0.0001,200,7.3309
0.0092,0.0000,0.0000,0.0000,0.0092,0.0000,200,7.3327
0.0070,0.0000,0.0000,0.0000,0.0069,0.0000,200,7.3353
0.0067,0.0000,0.0000,0.0000,0.0066,0.0001,200,7.3358
0.0069,0.0000,0.0000,0.0000,0.0068,0.0001,200,7.3420
0.0066,0.0000,0.0000,0.0000,0.0065,0.0001,200,7.3423
0.0065,0.0000,0.0000,0.0000,0.0065,0.0000,200,7.3424
0.0072,0.0000,0.0000,0.0000,0.0071,0.0000,200,7.3418
0.0072,0.0000,0.0000,0.0000,0.0071,0.0001,200,7.3490
0.0073,0.0000,0.0000,0.0000,0.0072,0.0000,200,7.3489
0.0072,0.0000,0.0000,0.0000,0.0072,0.0000,200,7.3490
0.0073,0.0000,0.0000,0.0000,0.0072,0.0000,200,7.3489
0.0073,0.0000,0.0000,0.0000,0.0072,0.0001,200,7.3562
0.0072,0.0000,0.0000,0.0000,0.0071,0.0001,200,7.3562
0.0073,0.0000,0.0000,0.0000,0.0073,0.0000,200,7.3562
0.0073,0.0000,0.0000,0.0000,0.0073,0.0000,200,7.3562
0.0066,0.0000,0.0000,0.0000,0.0065,0.0001,200,7.3635
0.0067,0.0000,0.0000,0.0000,0.0067,0.0000,200,7.3635
0.0069,0.0000,0.0000,0.0000,0.0068,0.0000,200,7.3635
0.0070,0.0000,0.0000,0.0000,0.0069,0.0000,200,7.3635
0.0068,0.0000,0.0000,0.0000,0.0067,0.0001,200,7.3701
0.0067,0.0000,0.0000,0.0000,0.0067,0.0000,200,7.3702
0.0066,0.0000,0.0000,0.0000,0.0066,0.0000,200,7.3704
0.0111,0.0000,0.0000,0.0000,0.0109,0.0001,200,7.3705
0.0073,0.0000,0.0000,0.0000,0.0073,0.0000,200,7.3770
0.0078,0.0000,0.0000,0.0000,0.0077,0.0000,200,7.3769
0.0077,0.0000,0.0000,0.0000,0.0077,0.0000,200,7.3770
0.0070,0.0000,0.0000,0.0000,0.0069,0.0001,200,7.3815
0.0067,0.0000,0.0000,0.0000,0.0066,0.0000,200,7.3846
0.0066,0.0000,0.0000,0.0000,0.0065,0.0001,200,7.3847
0.0070,0.0000,0.0000,0.0000,0.0066,0.0003,200,7.3843
0.0067,0.0000,0.0000,0.0000,0.0066,0.0001,200,7.3886
0.0066,0.0000,0.0000,0.0000,0.0066,0.0001,200,7.3913
0.0069,0.0000,0.0000,0.0000,0.0068,0.0000,200,7.3913
0.0072,0.0000,0.0000,0.0000,0.0071,0.0000,200,7.3913
0.0076,0.0000,0.0000,0.0000,0.0075,0.0001,200,7.3953
0.0067,0.0000,0.0000,0.0000,0.0067,0.0000,200,7.3982
0.0069,0.0000,0.0000,0.0001,0.0067,0.0001,200,7.3980
0.0085,0.0000,0.0000,0.0000,0.0084,0.0001,200,7.3985
0.0069,0.0000,0.0000,0.0000,0.0068,0.0001,200,7.4029
0.0083,0.0000,0.0000,0.0000,0.0082,0.0001,200,7.4049
0.0083,0.0000,0.0000,0.0000,0.0082,0.0001,200,7.4049
0.0067,0.0000,0.0000,0.0000,0.0066,0.0000,200,7.4069
0.0067,0.0000,0.0000,0.0000,0.0066,0.0001,200,7.4098
0.0067,0.0000,0.0000,0.0000,0.0066,0.0001,200,7.4132
0.0068,0.0000,0.0000,0.0000,0.0067,0.0000,200,7.4132
0.0064,0.0000,0.0000,0.0000,0.0064,0.0000,200,7.4136
0.0068,0.0000,0.0000,0.0000,0.0067,0.0001,200,7.4165
0.0066,0.0000,0.0000,0.0000,0.0066,0.0001,200,7.4200
0.0067,0.0000,0.0000,0.0000,0.0066,0.0000,200,7.4200
0.0069,0.0000,0.0000,0.0000,0.0068,0.0000,200,7.4199
0.0083,0.0000,0.0000,0.0000,0.0082,0.0001,200,7.4233
0.0065,0.0000,0.0000,0.0000,0.0064,0.0000,200,7.4268
0.0069,0.0000,0.0000,0.0000,0.0068,0.0000,200,7.4267
0.0071,0.0000,0.0000,0.0000,0.0070,0.0000,200,7.4267
0.0068,0.0000,0.0000,0.0000,0.0067,0.0001,200,7.4316
0.0064,0.0000,0.0000,0.0000,0.0063,0.0001,200,7.4335
0.0071,0.0000,0.0000,0.0000,0.0070,0.0000,200,7.4333
0.0069,0.0000,0.0000,0.0000,0.0069,0.0000,200,7.4337
0.0065,0.0000,0.0000,0.0000,0.0064,0.0000,200,7.4384
0.0066,0.0000,0.0000,0.0000,0.0065,0.0001,200,7.4405
0.0067,0.0000,0.0000,0.0000,0.0067,0.0000,200,7.4406
0.0075,0.0000,0.0000,0.0000,0.0073,0.0002,200,7.4400
0.0070,0.0000,0.0000,0.0000,0.0069,0.0001,200,7.4449
0.0092,0.0000,0.0000,0.0000,0.0092,0.0001,200,7.4475
0.0097,0.0000,0.0000,0.0000,0.0096,0.0001,200,7.4470
0.0094,0.0000,0.0000,0.0000,0.0094,0.0000,200,7.4474
0.0080,0.0000,0.0000,0.0000,0.0079,0.0001,200,7.4519
0.0070,0.0000,0.0000,0.0000,0.0069,0.0000,200,7.4568
0.0072,0.0000,0.0000,0.0000,0.0070,0.0000,200,7.4567
0.0072,0.0000,0.0000,0.0000,0.0069,0.0003,200,7.4567
0.0072,0.0000,0.0000,0.0000,0.0071,0.0001,200,7.4599
0.0067,0.0000,0.0000,0.0000,0.0066,0.0001,200,7.4638
0.0065,0.0000,0.0000,0.0000,0.0064,0.0001,200,7.4640
0.0066,0.0000,0.0000,0.0000,0.0066,0.0000,200,7.4639
0.0077,0.0000,0.0000,0.0000,0.0076,0.0001,200,7.4671
0.0074,0.0000,0.0000,0.0000,0.0073,0.0000,200,7.4705
0.0074,0.0000,0.0000,0.0000,0.0073,0.0001,200,7.4705
0.0074,0.0000,0.0000,0.0000,0.0073,0.0000,200,7.4705
0.0075,0.0000,0.0000,0.0000,0.0070,0.0005,200,7.4748
0.0070,0.0000,0.0000,0.0000,0.0068,0.0001,200,7.4778
0.0074,0.0000,0.0000,0.0000,0.0073,0.0000,200,7.4778
0.0100,0.0000,0.0000,0.0000,0.0099,0.0001,200,7.4779
0.0067,0.0000,0.0000,0.0000,0.0065,0.0000,200,7.4824
0.0066,0.0000,0.0000,0.0000,0.0065,0.0000,200,7.4852
0.0071,0.0000,0.0000,0.0000,0.0068,0.0002,200,7.4848
0.0077,0.0000,0.0000,0.0000,0.0076,0.0001,200,7.4879
0.0068,0.0000,0.0000,0.0000,0.0067,0.0000,200,7.4890
0.0066,0.0000,0.0000,0.0000,0.0065,0.0001,200,7.4918
0.0072,0.0000,0.0000,0.0000,0.0071,0.0001,200,7.4919
0.0067,0.0000,0.0000,0.0000,0.0066,0.0001,200,7.4956
0.0072,0.0000,0.0000,0.0000,0.0071,0.0000,200,7.4958
0.0066,0.0000,0.0000,0.0000,0.0065,0.0000,200,7.4984
0.0069,0.0000,0.0000,0.0000,0.0068,0.0000,200,7.4991
0.0067,0.0000,0.0000,0.0000,0.0066,0.0001,200,7.5023
0.0065,0.0000,0.0000,0.0000,0.0064,0.0001,200,7.5030
0.0077,0.0000,0.0000,0.0000,0.0076,0.0001,200,7.5049
0.0068,0.0000,0.0000,0.0000,0.0067,0.0000,200,7.5060
0.0065,0.0000,0.0000,0.0000,0.0064,0.0001,200,7.5091
0.0090,0.0000,0.0000,0.0000,0.0088,0.0001,200,7.5094
0.0071,0.0000,0.0000,0.0000,0.0070,0.0001,200,7.5126
0.0069,0.0000,0.0000,0.0000,0.0068,0.0000,200,7.5128
0.0077,0.0000,0.0000,0.0000,0.0076,0.0001,200,7.5156
0.0070,0.0000,0.0000,0.0000,0.0069,0.0001,200,7.5184
0.0069,0.0000,0.0000,0.0000,0.0069,0.0000,200,7.5197
0.0077,0.0000,0.0000,0.0000,0.0072,0.0005,200,7.5197
0.0066,0.0000,0.0000,0.0000,0.0065,0.0001,200,7.5255
0.0090,0.0000,0.0000,0.0000,0.0089,0.0000,200,7.5233
0.0062,0.0000,0.0000,0.0000,0.0062,0.0000,200,7.5266
0.0078,0.0000,0.0000,0.0000,0.0077,0.0000,200,7.5274
0.0080,0.0000,0.0000,0.0000,0.0078,0.0001,200,7.5321
0.0072,0.0000,0.0000,0.0000,0.0071,0.0001,200,7.5329
0.0065,0.0000,0.0000,0.0000,0.0064,0.0001,200,7.5352
0.0073,0.0000,0.0000,0.0000,0.0072,0.0001,200,7.5401
0.0073,0.0000,0.0000,0.0000,0.0072,0.0001,200,7.5401
0.0066,0.0000,0.0000,0.0000,0.0065,0.0001,200,7.5418
0.0173,0.0000,0.0000,0.0000,0.0172,0.0000,200,7.5323
0.0113,0.0000,0.0000,0.0000,0.0112,0.0001,200,7.5474
0.0091,0.0000,0.0000,0.0000,0.0090,0.0001,200,7.5496
0.0114,0.0000,0.0000,0.0020,0.0093,0.0000,200,7.5474
0.0104,0.0000,0.0000,0.0000,0.0102,0.0002,200,7.5484
0.0070,0.0000,0.0000,0.0000,0.0069,0.0001,200,7.5587
0.0070,0.0000,0.0000,0.0000,0.0069,0.0001,200,7.5588
0.0071,0.0000,0.0000,0.0000,0.0070,0.0001,200,7.5587
0.0112,0.0000,0.0000,0.0000,0.0111,0.0001,200,7.5587
0.0071,0.0000,0.0000,0.0000,0.0070,0.0000,200,7.5658
0.0070,0.0000,0.0000,0.0000,0.0070,0.0001,200,7.5658
0.0071,0.0000,0.0000,0.0000,0.0070,0.0001,200,7.5658
0.0066,0.0000,0.0000,0.0000,0.0065,0.0001,200,7.5699
0.0069,0.0000,0.0000,0.0000,0.0068,0.0000,200,7.5729
0.0070,0.0000,0.0000,0.0000,0.0067,0.0003,200,7.5729
0.0071,0.0000,0.0000,0.0000,0.0070,0.0000,200,7.5729
0.0066,0.0000,0.0000,0.0000,0.0065,0.0001,200,7.5765
0.0066,0.0000,0.0000,0.0000,0.0065,0.0001,200,7.5799
0.0068,0.0000,0.0000,0.0000,0.0067,0.0000,200,7.5800
0.0071,0.0000,0.0000,0.0000,0.0070,0.0000,200,7.5798
0.0068,0.0000,0.0000,0.0000,0.0066,0.0001,200,7.5831
0.0065,0.0000,0.0000,0.0000,0.0064,0.0001,200,7.5865
0.0063,0.0000,0.0000,0.0000,0.0062,0.0000,200,7.5869
0.0064,0.0000,0.0000,0.0000,0.0064,0.0000,200,7.5868
0.0079,0.0000,0.0000,0.0000,0.0077,0.0001,200,7.5899
0.0080,0.0000,0.0000,0.0000,0.0079,0.0001,200,7.5932
0.0087,0.0000,0.0000,0.0000,0.0087,0.0001,200,7.5931
0.0089,0.0000,0.0000,0.0000,0.0088,0.0000,200,7.5931
0.0074,0.0000,0.0000,0.0000,0.0073,0.0001,200,7.5978
0.0066,0.0000,0.0000,0.0000,0.0065,0.0000,200,7.6020
0.0076,0.0000,0.0000,0.0000,0.0075,0.0000,200,7.6012
0.0077,0.0000,0.0000,0.0000,0.0076,0.0001,200,7.6018
0.0065,0.0000,0.0000,0.0000,0.0063,0.0001,200,7.6052
0.0091,0.0000,0.0000,0.0000,0.0090,0.0001,200,7.6088
0.0093,0.0000,0.0000,0.0000,0.0092,0.0000,200,7.6086
0.0063,0.0000,0.0000,0.0000,0.0063,0.0000,200,7.6117
0.0086,0.0000,0.0000,0.0000,0.0085,0.0000,200,7.6095
0.0068,0.0000,0.0000,0.0000,0.0067,0.0001,200,7.6179
0.0068,0.0000,0.0000,0.0000,0.0067,0.0001,200,7.6181
0.0070,0.0000,0.0000,0.0000,0.0070,0.0000,200,7.6180
0.0098,0.0000,0.0000,0.0000,0.0091,0.0006,200,7.6179
0.0070,0.0000,0.0000,0.0000,0.0068,0.0001,200,7.6247
0.0069,0.0000,0.0000,0.0000,0.0068,0.0000,200,7.6249
0.0068,0.0000,0.0000,0.0000,0.0068,0.0000,200,7.6250
0.0076,0.0000,0.0000,0.0000,0.0075,0.0001,200,7.6276
0.0075,0.0000,0.0000,0.0000,0.0074,0.0001,200,7.6317
0.0075,0.0000,0.0000,0.0000,0.0075,0.0000,200,7.6318
0.0075,0.0000,0.0000,0.0000,0.0074,0.0000,200,7.6318
0.0079,0.0000,0.0000,0.0000,0.0078,0.0001,200,7.6353
0.0068,0.0000,0.0000,0.0000,0.0067,0.0001,200,7.6393
0.0070,0.0000,0.0000,0.0000,0.0069,0.0000,200,7.6392
0.0072,0.0000,0.0000,0.0000,0.0071,0.0001,200,7.6393
0.0069,0.0000,0.0000,0.0000,0.0067,0.0001,200,7.6432
0.0075,0.0000,0.0000,0.0000,0.0074,0.0001,200,7.6462
0.0072,0.0000,0.0000,0.0000,0.0071,0.0001,200,7.6465
0.0088,0.0000,0.0000,0.0000,0.0087,0.0000,200,7.6461
0.0082,0.0000,0.0000,0.0000,0.0080,0.0001,200,7.6500
0.0065,0.0000,0.0000,0.0000,0.0064,0.0001,200,7.6537
0.0067,0.0000,0.0000,0.0000,0.0066,0.0001,200,7.6537
0.0068,0.0000,0.0000,0.0000,0.0065,0.0003,200,7.6549
0.0074,0.0000,0.0000,0.0000,0.0073,0.0001,200,7.6582
0.0069,0.0000,0.0000,0.0000,0.0069,0.0000,200,7.6602
0.0073,0.0000,0.0000,0.0000,0.0073,0.0000,200,7.6604
0.0066,0.0000,0.0000,0.0000,0.0065,0.0000,200,7.6617
0.0067,0.0000,0.0000,0.0000,0.0066,0.0001,200,7.6656
0.0066,0.0000,0.0000,0.0000,0.0065,0.0000,200,7.6671
0.0070,0.0000,0.0000,0.0000,0.0068,0.0001,200,7.6678
0.0067,0.0000,0.0000,0.0000,0.0066,0.0000,200,7.6683
0.0071,0.0000,0.0000,0.0000,0.0070,0.0001,200,7.6723
0.0084,0.0000,0.0000,0.0000,0.0083,0.0001,200,7.6737
0.0076,0.0000,0.0000,0.0000,0.0075,0.0000,200,7.6749
0.0078,0.0000,0.0000,0.0000,0.0077,0.0000,200,7.6748
0.0073,0.0000,0.0000,0.0000,0.0072,0.0001,200,7.6794
0.0066,0.0000,0.0000,0.0000,0.0065,0.0001,200,7.6826
0.0081,0.0000,0.0000,0.0001,0.0079,0.0001,200,7.6822
0.0077,0.0000,0.0000,0.0000,0.0077,0.0000,200,7.6825
0.0066,0.0000,0.0000,0.0000,0.0064,0.0001,200,7.6867
0.0065,0.0000,0.0000,0.0000,0.0064,0.0001,200,7.6892
0.0067,0.0000,0.0000,0.0000,0.0066,0.0000,200,7.6902
0.0067,0.0000,0.0000,0.0000,0.0066,0.0000,200,7.6902
0.0087,0.0000,0.0000,0.0000,0.0085,0.0001,200,7.6932
0.0077,0.0000,0.0000,0.0000,0.0076,0.0001,200,7.6970
0.0077,0.0000,0.0000,0.0000,0.0076,0.0001,200,7.6970
0.0091,0.0000,0.0000,0.0001,0.0085,0.0000,200,7.6957
0.0067,0.0000,0.0000,0.0000,0.0066,0.0001,200,7.7019
0.0064,0.0000,0.0000,0.0000,0.0063,0.0001,200,7.7048
0.0066,0.0000,0.0000,0.0000,0.0066,0.0000,200,7.7047
0.0067,0.0000,0.0000,0.0000,0.0066,0.0000,200,7.7047
0.0071,0.0000,0.0000,0.0000,0.0070,0.0001,200,7.7086
0.0065,0.0000,0.0000,0.0000,0.0064,0.0001,200,7.7111
0.0064,0.0000,0.0000,0.0000,0.0063,0.0000,200,7.7113
0.0085,0.0000,0.0000,0.0000,0.0084,0.0001,200,7.7113
0.0089,0.0000,0.0000,0.0000,0.0088,0.0001,200,7.7157
0.0071,0.0000,0.0000,0.0000,0.0070,0.0000,200,7.7176
0.0071,0.0000,0.0000,0.0000,0.0070,0.0000,200,7.7177
0.0071,0.0000,0.0000,0.0000,0.0070,0.0001,200,7.7198
0.0074,0.0000,0.0000,0.0000,0.0073,0.0001,200,7.7247
0.0079,0.0000,0.0000,0.0000,0.0077,0.0002,200,7.7247
0.0079,0.0000,0.0000,0.0000,0.0078,0.0000,200,7.7247
0.0070,0.0000,0.0000,0.0000,0.0068,0.0001,200,7.7269
0.0066,0.0000,0.0000,0.0000,0.0065,0.0001,200,7.7321
0.0063,0.0000,0.0000,0.0000,0.0063,0.0000,200,7.7326
0.0066,0.0000,0.0000,0.0000,0.0065,0.0000,200,7.7326
0.0064,0.0000,0.0000,0.0001,0.0062,0.0001,200,7.7340
0.0070,0.0000,0.0000,0.0000,0.0069,0.0000,200,7.7389
0.0067,0.0000,0.0000,0.0000,0.0067,0.0000,200,7.7392
0.0072,0.0000,0.0000,0.0000,0.0070,0.0002,200,7.7388
0.0086,0.0000,0.0000,0.0000,0.0084,0.0002,200,7.7403
0.0065,0.0000,0.0000,0.0000,0.0063,0.0002,200,7.7459
0.0066,0.0000,0.0000,0.0000,0.0066,0.0000,200,7.7459
0.0069,0.0000,0.0000,0.0000,0.0068,0.0000,200,7.7460
0.0075,0.0000,0.0000,0.0000,0.0074,0.0001,200,7.7490
0.0074,0.0000,0.0000,0.0000,0.0073,0.0001,200,7.7525
0.0073,0.0000,0.0000,0.0000,0.0073,0.0000,200,7.7526
0.0066,0.0000,0.0000,0.0000,0.0065,0.0001,200,7.7565
0.0106,0.0000,0.0000,0.0000,0.0106,0.0001,200,7.7529
0.0065,0.0000,0.0000,0.0000,0.0064,0.0001,200,7.7599
0.0065,0.0000,0.0000,0.0000,0.0065,0.0000,200,7.7599
0.0065,0.0000,0.0000,0.0000,0.0064,0.0001,200,7.7636
0.0070,0.0000,0.0000,0.0000,0.0069,0.0000,200,7.7631
0.0063,0.0000,0.0000,0.0000,0.0062,0.0001,200,7.7663
0.0063,0.0000,0.0000,0.0000,0.0062,0.0000,200,7.7664
0.0073,0.0000,0.0000,0.0000,0.0072,0.0000,200,7.7701
0.0073,0.0000,0.0000,0.0001,0.0071,0.0000,200,7.7701
0.0063,0.0000,0.0000,0.0000,0.0062,0.0000,200,7.7727
0.0066,0.0000,0.0000,0.0000,0.0065,0.0000,200,7.7727
0.0069,0.0000,0.0000,0.0000,0.0068,0.0001,200,7.7774
0.0071,0.0000,0.0000,0.0000,0.0070,0.0001,200,7.7774
0.0062,0.0000,0.0000,0.0000,0.0061,0.0001,200,7.7790
0.0062,0.0000,0.0000,0.0000,0.0061,0.0000,200,7.7793
0.0068,0.0000,0.0000,0.0000,0.0067,0.0001,200,7.7845
0.0071,0.0000,0.0000,0.0000,0.0070,0.0000,200,7.7843
0.0063,0.0000,0.0000,0.0000,0.0062,0.0000,200,7.7852
0.0075,0.0000,0.0000,0.0000,0.0074,0.0001,200,7.7855
0.0073,0.0000,0.0000,0.0000,0.0066,0.0006,200,7.7913
0.0073,0.0000,0.0000,0.0000,0.0072,0.0000,200,7.7914
0.0072,0.0000,0.0000,0.0000,0.0071,0.0000,200,7.7914
0.0078,0.0000,0.0000,0.0000,0.0077,0.0001,200,7.7930
0.0070,0.0000,0.0000,0.0000,0.0069,0.0001,200,7.7986
0.0071,0.0000,0.0000,0.0000,0.0069,0.0000,200,7.7986
0.0070,0.0000,0.0000,0.0004,0.0065,0.0001,200,7.7986
0.0081,0.0000,0.0000,0.0000,0.0080,0.0001,200,7.8007
0.0071,0.0000,0.0000,0.0000,0.0070,0.0001,200,7.8056
0.0071,0.0000,0.0000,0.0000,0.0070,0.0001,200,7.8056
0.0071,0.0000,0.0000,0.0000,0.0070,0.0001,200,7.8056
0.0067,0.0000,0.0000,0.0000,0.0066,0.0000,200,7.8088
0.0069,0.0000,0.0000,0.0000,0.0068,0.0001,200,7.8127
0.0070,0.0000,0.0000,0.0000,0.0069,0.0000,200,7.8127
0.0070,0.0000,0.0000,0.0000,0.0069,0.0000,200,7.8127
0.0065,0.0000,0.0000,0.0000,0.0064,0.0001,200,7.8155
0.0069,0.0000,0.0000,0.0000,0.0068,0.0001,200,7.8197
0.0069,0.0000,0.0000,0.0000,0.0069,0.0000,200,7.8198
0.0071,0.0000,0.0000,0.0000,0.0071,0.0000,200,7.8196
0.0065,0.0000,0.0000,0.0000,0.0063,0.0001,200,7.8220
0.0075,0.0000,0.0000,0.0000,0.0074,0.0001,200,7.8267
0.0076,0.0000,0.0000,0.0000,0.0075,0.0001,200,7.8265
0.0075,0.0000,0.0000,0.0000,0.0075,0.0000,200,7.8266
0.0091,0.0000,0.0000,0.0000,0.0090,0.0001,200,7.8285
0.0066,0.0000,0.0000,0.0000,0.0065,0.0001,200,7.8342
0.0068,0.0000,0.0000,0.0000,0.0067,0.0000,200,7.8342
0.0068,0.0000,0.0000,0.0000,0.0067,0.0000,200,7.8342
0.0079,0.0000,0.0000,0.0000,0.0078,0.0001,200,7.8376
0.0070,0.0000,0.0000,0.0000,0.0069,0.0001,200,7.8410
0.0074,0.0000,0.0000,0.0000,0.0073,0.0000,200,7.8408
0.0085,0.0000,0.0000,0.0000,0.0084,0.0001,200,7.8410
0.0082,0.0000,0.0000,0.0000,0.0081,0.0001,200,7.8455
0.0068,0.0000,0.0000,0.0000,0.0067,0.0000,200,7.8480
0.0072,0.0000,0.0000,0.0000,0.0071,0.0000,200,7.8482
0.0066,0.0000,0.0000,0.0000,0.0065,0.0000,200,7.8495
0.0069,0.0000,0.0000,0.0000,0.0068,0.0001,200,7.8537
0.0067,0.0000,0.0000,0.0000,0.0066,0.0000,200,7.8548
0.0063,0.0000,0.0000,0.0000,0.0062,0.0000,200,7.8554
0.0063,0.0000,0.0000,0.0000,0.0062,0.0001,200,7.8561
0.0064,0.0000,0.0000,0.0000,0.0063,0.0001,200,7.8606
0.0063,0.0000,0.0000,0.0000,0.0062,0.0000,200,7.8615
0.0063,0.0000,0.0000,0.0000,0.0063,0.0000,200,7.8616
0.0071,0.0000,0.0000,0.0000,0.0070,0.0001,200,7.8624
0.0066,0.0000,0.0000,0.0000,0.0065,0.0001,200,7.8670
0.0063,0.0000,0.0000,0.0000,0.0062,0.0000,200,7.8678
0.0072,0.0000,0.0000,0.0000,0.0071,0.0001,200,7.8679
0.0083,0.0000,0.0000,0.0000,0.0082,0.0000,200,7.8695
0.0062,0.0000,0.0000,0.0000,0.0062,0.0000,200,7.8736
0.0060,0.0000,0.0000,0.0000,0.0059,0.0000,200,7.8741
0.0062,0.0000,0.0000,0.0000,0.0061,0.0000,200,7.8752
0.0063,0.0000,0.0000,0.0000,0.0062,0.0000,200,7.8778
0.0065,0.0000,0.0000,0.0000,0.0064,0.0000,200,7.8801
0.0068,0.0000,0.0000,0.0000,0.0068,0.0000,200,7.8798
0.0071,0.0000,0.0000,0.0000,0.0070,0.0001,200,7.8813
0.0064,0.0000,0.0000,0.0000,0.0062,0.0001,200,7.8841
0.0064,0.0000,0.0000,0.0000,0.0063,0.0000,200,7.8866
0.0065,0.0000,0.0000,0.0000,0.0064,0.0000,200,7.8867
0.0062,0.0000,0.0000,0.0000,0.0061,0.0000,200,7.8885
0.0062,0.0000,0.0000,0.0000,0.0061,0.0000,200,7.8905
0.0064,0.0000,0.0000,0.0000,0.0063,0.0000,200,7.8930
0.0064,0.0000,0.0000,0.0000,0.0063,0.0000,200,7.8932
0.0063,0.0000,0.0000,0.0000,0.0062,0.0000,200,7.8947
0.0062,0.0000,0.0000,0.0000,0.0061,0.0000,200,7.8967
0.0063,0.0000,0.0000,0.0000,0.0062,0.0000,200,7.8994
0.0061,0.0000,0.0000,0.0000,0.0061,0.0000,200,7.8996
0.0064,0.0000,0.0000,0.0000,0.0063,0.0000,200,7.9010
0.0063,0.0000,0.0000,0.0000,0.0062,0.0001,200,7.9029
0.0062,0.0000,0.0000,0.0000,0.0062,0.0000,200,7.9057
0.0063,0.0000,0.0000,0.0000,0.0062,0.0000,200,7.9056
0.0065,0.0000,0.0000,0.0001,0.0064,0.0000,200,7.9092
0.0084,0.0000,0.0000,0.0000,0.0083,0.0000,200,7.9074
0.0064,0.0000,0.0000,0.0000,0.0063,0.0001,200,7.9119
0.0064,0.0000,0.0000,0.0000,0.0063,0.0000,200,7.9120
0.0062,0.0000,0.0000,0.0000,0.0061,0.0001,200,7.9158
0.0063,0.0000,0.0000,0.0000,0.0062,0.0000,200,7.9157
0.0063,0.0000,0.0000,0.0000,0.0062,0.0001,200,7.9183
0.0063,0.0000,0.0000,0.0000,0.0062,0.0000,200,7.9183
0.0063,0.0000,0.0000,0.0000,0.0063,0.0000,200,7.9220
0.0063,0.0000,0.0000,0.0000,0.0062,0.0000,200,7.9220
0.0064,0.0000,0.0000,0.0000,0.0063,0.0001,200,7.9246
0.0066,0.0000,0.0000,0.0000,0.0065,0.0000,200,7.9246
0.0062,0.0000,0.0000,0.0000,0.0061,0.0001,200,7.9283
0.0062,0.0000,0.0000,0.0000,0.0062,0.0000,200,7.9283
0.0063,0.0000,0.0000,0.0000,0.0062,0.0000,200,7.9310
0.0063,0.0000,0.0000,0.0000,0.0063,0.0000,200,7.9312
0.0061,0.0000,0.0000,0.0000,0.0060,0.0000,200,7.9346
0.0061,0.0000,0.0000,0.0000,0.0060,0.0000,200,7.9346
0.0061,0.0000,0.0000,0.0000,0.0060,0.0001,200,7.9375
0.0064,0.0000,0.0000,0.0000,0.0063,0.0001,200,7.9373
0.0063,0.0000,0.0000,0.0000,0.0062,0.0001,200,7.9407
0.0066,0.0000,0.0000,0.0000,0.0066,0.0000,200,7.9407
0.0062,0.0000,0.0000,0.0000,0.0061,0.0000,200,7.9435
0.0062,0.0000,0.0000,0.0000,0.0061,0.0000,200,7.9437
0.0063,0.0000,0.0000,0.0000,0.0062,0.0000,200,7.9470
0.0071,0.0000,0.0000,0.0000,0.0070,0.0000,200,7.9473
0.0063,0.0000,0.0000,0.0000,0.0062,0.0000,200,7.9497
0.0064,0.0000,0.0000,0.0000,0.0063,0.0001,200,7.9499
0.0061,0.0000,0.0000,0.0000,0.0061,0.0000,200,7.9533
0.0062,0.0000,0.0000,0.0000,0.0061,0.0000,200,7.9544
0.0062,0.0000,0.0000,0.0000,0.0061,0.0000,200,7.9560
0.0066,0.0000,0.0000,0.0000,0.0065,0.0000,200,7.9563
0.0062,0.0000,0.0000,0.0000,0.0062,0.0000,200,7.9594
0.0061,0.0000,0.0000,0.0000,0.0060,0.0000,200,7.9606
0.0065,0.0000,0.0000,0.0000,0.0065,0.0001,200,7.9629
0.0076,0.0000,0.0000,0.0000,0.0075,0.0000,200,7.9622
0.0060,0.0000,0.0000,0.0000,0.0059,0.0001,200,7.9667
0.0072,0.0000,0.0000,0.0000,0.0071,0.0000,200,7.9656
0.0063,0.0000,0.0000,0.0000,0.0062,0.0001,200,7.9694
0.0061,0.0000,0.0000,0.0000,0.0060,0.0000,200,7.9697
0.0065,0.0000,0.0000,0.0000,0.0064,0.0000,200,7.9728
0.0065,0.0000,0.0000,0.0000,0.0064,0.0001,200,7.9728
0.0062,0.0000,0.0000,0.0000,0.0061,0.0000,200,7.9758
0.0063,0.0000,0.0000,0.0000,0.0063,0.0000,200,7.9757
0.0063,0.0000,0.0000,0.0000,0.0062,0.0001,200,7.9793
0.0065,0.0000,0.0000,0.0000,0.0064,0.0000,200,7.9793
0.0062,0.0000,0.0000,0.0000,0.0061,0.0000,200,7.9820
0.0061,0.0000,0.0000,0.0000,0.0061,0.0000,200,7.9821
0.0062,0.0000,0.0000,0.0000,0.0061,0.0000,200,7.9856
0.0061,0.0000,0.0000,0.0000,0.0061,0.0000,200,7.9858
0.0063,0.0000,0.0000,0.0000,0.0062,0.0000,200,7.9882
0.0068,0.0000,0.0000,0.0000,0.0067,0.0000,200,7.9882
0.0062,0.0000,0.0000,0.0000,0.0061,0.0001,200,7.9918
0.0061,0.0000,0.0000,0.0000,0.0061,0.0000,200,7.9919
0.0066,0.0000,0.0000,0.0000,0.0065,0.0001,200,7.9945
0.0062,0.0000,0.0000,0.0000,0.0061,0.0000,200,7.9950
0.0062,0.0000,0.0000,0.0000,0.0061,0.0000,200,7.9980
0.0062,0.0000,0.0000,0.0000,0.0062,0.0000,200,7.9981
0.0061,0.0000,0.0000,0.0000,0.0060,0.0000,200,8.0011
0.0062,0.0000,0.0000,0.0000,0.0061,0.0000,200,8.0012
0.0061,0.0000,0.0000,0.0000,0.0061,0.0001,200,8.0043
0.0063,0.0000,0.0000,0.0000,0.0062,0.0001,200,8.0042
0.0063,0.0000,0.0000,0.0000,0.0061,0.0001,200,8.0073
0.0064,0.0000,0.0000,0.0000,0.0064,0.0000,200,8.0072
0.0063,0.0000,0.0000,0.0000,0.0062,0.0000,200,8.0104
0.0063,0.0000,0.0000,0.0000,0.0062,0.0000,200,8.0104
0.0067,0.0000,0.0000,0.0000,0.0066,0.0000,200,8.0136
0.0067,0.0000,0.0000,0.0000,0.0066,0.0001,200,8.0136
0.0061,0.0000,0.0000,0.0000,0.0060,0.0000,200,8.0167
0.0061,0.0000,0.0000,0.0000,0.0060,0.0000,200,8.0167
0.0062,0.0000,0.0000,0.0000,0.0061,0.0000,200,8.0203
0.0063,0.0000,0.0000,0.0000,0.0062,0.0000,200,8.0203
0.0061,0.0000,0.0000,0.0000,0.0060,0.0000,200,8.0228
0.0062,0.0000,0.0000,0.0000,0.0061,0.0000,200,8.0228
0.0062,0.0000,0.0000,0.0000,0.0061,0.0001,200,8.0265
0.0062,0.0000,0.0000,0.0000,0.0061,0.0000,200,8.0266
0.0062,0.0000,0.0000,0.0000,0.0061,0.0000,200,8.0290
0.0064,0.0000,0.0000,0.0000,0.0064,0.0000,200,8.0289
0.0063,0.0000,0.0000,0.0000,0.0062,0.0001,200,8.0328
0.0065,0.0000,0.0000,0.0000,0.0064,0.0000,200,8.0328
0.0063,0.0000,0.0000,0.0000,0.0062,0.0001,200,8.0352
0.0062,0.0000,0.0000,0.0000,0.0062,0.0000,200,8.0353
0.0065,0.0000,0.0000,0.0000,0.0063,0.0001,200,8.0391
0.0065,0.0000,0.0000,0.0000,0.0064,0.0001,200,8.0392
0.0061,0.0000,0.0000,0.0000,0.0060,0.0000,200,8.0415
0.0068,0.0000,0.0000,0.0000,0.0067,0.0000,200,8.0415
0.0063,0.0000,0.0000,0.0000,0.0062,0.0000,200,8.0456
0.0062,0.0000,0.0000,0.0000,0.0061,0.0000,200,8.0458
0.0063,0.0000,0.0000,0.0000,0.0062,0.0000,200,8.0476
0.0062,0.0000,0.0000,0.0000,0.0061,0.0000,200,8.0483
0.0062,0.0000,0.0000,0.0000,0.0062,0.0000,200,8.0519
0.0063,0.0000,0.0000,0.0000,0.0062,0.0000,200,8.0519
0.0064,0.0000,0.0000,0.0000,0.0063,0.0000,200,8.0539
0.0061,0.0000,0.0000,0.0000,0.0061,0.0000,200,8.0545
0.0065,0.0000,0.0000,0.0000,0.0064,0.0000,200,8.0582
0.0065,0.0000,0.0000,0.0000,0.0064,0.0000,200,8.0582
0.0062,0.0000,0.0000,0.0000,0.0061,0.0000,200,8.0603
0.0060,0.0000,0.0000,0.0000,0.0060,0.0000,200,8.0606
0.0065,0.0000,0.0000,0.0000,0.0064,0.0001,200,8.0646
0.0066,0.0000,0.0000,0.0000,0.0066,0.0000,200,8.0646
0.0063,0.0000,0.0000,0.0000,0.0062,0.0000,200,8.0665
0.0061,0.0000,0.0000,0.0000,0.0061,0.0000,200,8.0666
0.0066,0.0000,0.0000,0.0000,0.0065,0.0001,200,8.0712
0.0071,0.0000,0.0000,0.0000,0.0070,0.0001,200,8.0728
0.0087,0.0000,0.0000,0.0000,0.0087,0.0000,200,8.0713
0.0072,0.0000,0.0000,0.0000,0.0072,0.0000,200,8.0728
0.0066,0.0000,0.0000,0.0000,0.0065,0.0001,200,8.0778
0.0075,0.0000,0.0000,0.0000,0.0065,0.0010,200,8.0799
0.0074,0.0000,0.0000,0.0000,0.0074,0.0000,200,8.0800
0.0074,0.0000,0.0000,0.0000,0.0074,0.0000,200,8.0800
0.0065,0.0000,0.0000,0.0000,0.0064,0.0001,200,8.0844
0.0064,0.0000,0.0000,0.0000,0.0063,0.0000,200,8.0874
0.0065,0.0000,0.0000,0.0000,0.0064,0.0000,200,8.0874
0.0065,0.0000,0.0000,0.0000,0.0063,0.0002,200,8.0874
0.0063,0.0000,0.0000,0.0000,0.0062,0.0001,200,8.0909
0.0063,0.0000,0.0000,0.0000,0.0063,0.0000,200,8.0939
0.0065,0.0000,0.0000,0.0000,0.0064,0.0000,200,8.0940
0.0067,0.0000,0.0000,0.0000,0.0066,0.0000,200,8.0938
0.0061,0.0000,0.0000,0.0000,0.0060,0.0000,200,8.0973
0.0063,0.0000,0.0000,0.0000,0.0062,0.0000,200,8.1002
0.0060,0.0000,0.0000,0.0000,0.0060,0.0000,200,8.1005
0.0061,0.0000,0.0000,0.0000,0.0061,0.0000,200,8.1004
0.0063,0.0000,0.0000,0.0000,0.0062,0.0001,200,8.1034
0.0068,0.0000,0.0000,0.0000,0.0067,0.0000,200,8.1066
0.0068,0.0000,0.0000,0.0000,0.0067,0.0000,200,8.1065
0.0070,0.0000,0.0000,0.0000,0.0067,0.0002,200,8.1065
0.0064,0.0000,0.0000,0.0000,0.0063,0.0001,200,8.1097
0.0062,0.0000,0.0000,0.0000,0.0061,0.0001,200,8.1134
0.0064,0.0000,0.0000,0.0000,0.0064,0.0000,200,8.1133
0.0064,0.0000,0.0000,0.0000,0.0064,0.0000,200,8.1133
0.0070,0.0000,0.0000,0.0000,0.0069,0.0000,200,8.1161
0.0064,0.0000,0.0000,0.0000,0.0064,0.0000,200,8.1198
0.0065,0.0000,0.0000,0.0000,0.0064,0.0000,200,8.1198
0.0067,0.0000,0.0000,0.0000,0.0063,0.0003,200,8.1197
0.0063,0.0000,0.0000,0.0000,0.0062,0.0001,200,8.1231
0.0062,0.0000,0.0000,0.0000,0.0061,0.0001,200,8.1262
0.0063,0.0000,0.0000,0.0000,0.0062,0.0000,200,8.1262
0.0063,0.0000,0.0000,0.0000,0.0062,0.0000,200,8.1263
0.0064,0.0000,0.0000,0.0000,0.0062,0.0001,200,8.1294
0.0060,0.0000,0.0000,0.0000,0.0059,0.0000,200,8.1326
0.0062,0.0000,0.0000,0.0000,0.0062,0.0000,200,8.1324
0.0062,0.0000,0.0000,0.0000,0.0061,0.0000,200,8.1325
0.0066,0.0000,0.0000,0.0000,0.0064,0.0001,200,8.1357
0.0064,0.0000,0.0000,0.0000,0.0063,0.0001,200,8.1387
0.0064,0.0000,0.0000,0.0000,0.0063,0.0000,200,8.1386
0.0064,0.0000,0.0000,0.0000,0.0063,0.0000,200,8.1386
0.0065,0.0000,0.0000,0.0000,0.0064,0.0001,200,8.1423
0.0061,0.0000,0.0000,0.0000,0.0060,0.0000,200,8.1450
0.0061,0.0000,0.0000,0.0000,0.0061,0.0000,200,8.1450
0.0062,0.0000,0.0000,0.0000,0.0062,0.0000,200,8.1450
0.0065,0.0000,0.0000,0.0000,0.0064,0.0001,200,8.1487
0.0061,0.0000,0.0000,0.0000,0.0061,0.0000,200,8.1512
0.0061,0.0000,0.0000,0.0000,0.0060,0.0000,200,8.1512
0.0062,0.0000,0.0000,0.0000,0.0061,0.0000,200,8.1512
0.0064,0.0000,0.0000,0.0000,0.0063,0.0001,200,8.1552
0.0060,0.0000,0.0000,0.0000,0.0060,0.0000,200,8.1573
0.0062,0.0000,0.0000,0.0000,0.0061,0.0000,200,8.1573
0.0070,0.0000,0.0000,0.0000,0.0069,0.0000,200,8.1574
0.0062,0.0000,0.0000,0.0000,0.0061,0.0000,200,8.1617
0.0060,0.0000,0.0000,0.0000,0.0060,0.0000,200,8.1633
0.0062,0.0000,0.0000,0.0000,0.0061,0.0000,200,8.1635
0.0060,0.0000,0.0000,0.0000,0.0059,0.0000,200,8.1644
0.0061,0.0000,0.0000,0.0000,0.0060,0.0000,200,8.1679
0.0062,0.0000,0.0000,0.0000,0.0061,0.0000,200,8.1694
0.0060,0.0000,0.0000,0.0000,0.0059,0.0000,200,8.1696
0.0060,0.0000,0.0000,0.0000,0.0059,0.0000,200,8.1703
0.0062,0.0000,0.0000,0.0000,0.0061,0.0000,200,8.1740
0.0061,0.0000,0.0000,0.0000,0.0061,0.0000,200,8.1756
0.0062,0.0000,0.0000,0.0000,0.0061,0.0000,200,8.1756
0.0076,0.0000,0.0000,0.0000,0.0076,0.0000,200,8.1763
0.0066,0.0000,0.0000,0.0000,0.0065,0.0001,200,8.1802
0.0060,0.0000,0.0000,0.0000,0.0060,0.0000,200,8.1817
0.0078,0.0000,0.0000,0.0000,0.0078,0.0000,200,8.1818
0.0086,0.0000,0.0000,0.0000,0.0085,0.0000,200,8.1839
0.0063,0.0000,0.0000,0.0000,0.0063,0.0000,200,8.1867
0.0063,0.0000,0.0000,0.0000,0.0062,0.0000,200,8.1877
0.0060,0.0000,0.0000,0.0000,0.0059,0.0000,200,8.1896
0.0063,0.0000,0.0000,0.0000,0.0062,0.0001,200,8.1925
0.0061,0.0000,0.0000,0.0000,0.0061,0.0000,200,8.1931
0.0060,0.0000,0.0000,0.0000,0.0059,0.0000,200,8.1940
0.0061,0.0000,0.0000,0.0000,0.0060,0.0000,200,8.1956
0.0062,0.0000,0.0000,0.0000,0.0061,0.0000,200,8.1988
0.0064,0.0000,0.0000,0.0000,0.0063,0.0000,200,8.1992
0.0061,0.0000,0.0000,0.0000,0.0060,0.0000,200,8.2000
0.0060,0.0000,0.0000,0.0000,0.0059,0.0000,200,8.2017
0.0063,0.0000,0.0000,0.0000,0.0062,0.0000,200,8.2050
0.0063,0.0000,0.0000,0.0000,0.0062,0.0000,200,8.2056
0.0060,0.0000,0.0000,0.0000,0.0060,0.0000,200,8.2061
0.0060,0.0000,0.0000,0.0000,0.0059,0.0000,200,8.2077
0.0064,0.0000,0.0000,0.0000,0.0063,0.0001,200,8.2113
0.0060,0.0000,0.0000,0.0000,0.0059,0.0001,200,8.2121
0.0063,0.0000,0.0000,0.0000,0.0062,0.0000,200,8.2119
0.0060,0.0000,0.0000,0.0000,0.0060,0.0000,200,8.2137
0.0062,0.0000,0.0000,0.0000,0.0062,0.0000,200,8.2181
0.0062,0.0000,0.0000,0.0000,0.0061,0.0000,200,8.2181
0.0067,0.0000,0.0000,0.0000,0.0066,0.0001,200,8.2177
0.0060,0.0000,0.0000,0.0000,0.0060,0.0000,200,8.2198
0.0064,0.0000,0.0000,0.0000,0.0063,0.0000,200,8.2243
0.0064,0.0000,0.0000,0.0000,0.0063,0.0000,200,8.2244
0.0065,0.0000,0.0000,0.0000,0.0064,0.0000,200,8.2243
0.0065,0.0000,0.0000,0.0000,0.0064,0.0001,200,8.2258
0.0063,0.0000,0.0000,0.0000,0.0062,0.0001,200,8.2307
0.0063,0.0000,0.0000,0.0000,0.0062,0.0001,200,8.2308
0.0063,0.0000,0.0000,0.0000,0.0062,0.0000,200,8.2308
0.0085,0.0000,0.0000,0.0000,0.0084,0.0001,200,8.2323
0.0064,0.0000,0.0000,0.0000,0.0063,0.0001,200,8.2371
0.0065,0.0000,0.0000,0.0000,0.0065,0.0000,200,8.2370
0.0065,0.0000,0.0000,0.0000,0.0064,0.0000,200,8.2370
0.0063,0.0000,0.0000,0.0000,0.0062,0.0001,200,8.2408
0.0063,0.0000,0.0000,0.0000,0.0062,0.0000,200,8.2435
0.0063,0.0000,0.0000,0.0000,0.0062,0.0000,200,8.2435
0.0063,0.0000,0.0000,0.0000,0.0063,0.0000,200,8.2436
0.0062,0.0000,0.0000,0.0000,0.0061,0.0000,200,8.2471
0.0064,0.0000,0.0000,0.0000,0.0063,0.0001,200,8.2498
0.0064,0.0000,0.0000,0.0000,0.0064,0.0000,200,8.2498
0.0064,0.0000,0.0000,0.0000,0.0064,0.0000,200,8.2499
0.0064,0.0000,0.0000,0.0000,0.0063,0.0001,200,8.2533
0.0061,0.0000,0.0000,0.0000,0.0061,0.0001,200,8.2562
0.0062,0.0000,0.0000,0.0000,0.0062,0.0000,200,8.2563
0.0064,0.0000,0.0000,0.0001,0.0062,0.0000,200,8.2562
0.0064,0.0000,0.0000,0.0000,0.0063,0.0000,200,8.2596
0.0062,0.0000,0.0000,0.0000,0.0060,0.0001,200,8.2625
0.0062,0.0000,0.0000,0.0000,0.0061,0.0000,200,8.2626
0.0064,0.0000,0.0000,0.0000,0.0063,0.0000,200,8.2624
0.0068,0.0000,0.0000,0.0002,0.0065,0.0001,200,8.2660
0.0060,0.0000,0.0000,0.0000,0.0060,0.0000,200,8.2688
0.0062,0.0000,0.0000,0.0000,0.0061,0.0001,200,8.2688
0.0064,0.0000,0.0000,0.0000,0.0063,0.0000,200,8.2688
0.0064,0.0000,0.0000,0.0000,0.0063,0.0000,200,8.2728
0.0062,0.0000,0.0000,0.0000,0.0062,0.0000,200,8.2748
0.0060,0.0000,0.0000,0.0000,0.0059,0.0000,200,8.2752
0.0068,0.0000,0.0000,0.0000,0.0067,0.0000,200,8.2750
0.0062,0.0000,0.0000,0.0000,0.0061,0.0000,200,8.2792
0.0062,0.0000,0.0000,0.0000,0.0061,0.0000,200,8.2811
0.0061,0.0000,0.0000,0.0000,0.0061,0.0000,200,8.2811
0.0077,0.0000,0.0000,0.0000,0.0076,0.0001,200,8.2818
0.0062,0.0000,0.0000,0.0000,0.0061,0.0000,200,8.2853
0.0069,0.0000,0.0000,0.0000,0.0068,0.0000,200,8.2873
0.0069,0.0000,0.0000,0.0000,0.0068,0.0001,200,8.2872
0.0066,0.0000,0.0000,0.0000,0.0065,0.0000,200,8.2895
0.0061,0.0000,0.0000,0.0000,0.0060,0.0000,200,8.2916
0.0062,0.0000,0.0000,0.0000,0.0061,0.0001,200,8.2942
0.0063,0.0000,0.0000,0.0000,0.0062,0.0000,200,8.2942
0.0062,0.0000,0.0000,0.0000,0.0061,0.0000,200,8.2961
0.0059,0.0000,0.0000,0.0000,0.0058,0.0000,200,8.2976
0.0062,0.0000,0.0000,0.0000,0.0061,0.0000,200,8.3005
0.0064,0.0000,0.0000,0.0000,0.0062,0.0001,200,8.3003
0.0062,0.0000,0.0000,0.0000,0.0062,0.0000,200,8.3023
0.0059,0.0000,0.0000,0.0000,0.0059,0.0000,200,8.3035
0.0065,0.0000,0.0000,0.0000,0.0064,0.0000,200,8.3067
0.0065,0.0000,0.0000,0.0000,0.0064,0.0000,200,8.3067
0.0062,0.0000,0.0000,0.0000,0.0061,0.0000,200,8.3085
0.0061,0.0000,0.0000,0.0000,0.0060,0.0000,200,8.3095
0.0062,0.0000,0.0000,0.0000,0.0061,0.0001,200,8.3131
0.0062,0.0000,0.0000,0.0000,0.0061,0.0000,200,8.3132
0.0066,0.0000,0.0000,0.0000,0.0065,0.0000,200,8.3156
0.0075,0.0000,0.0000,0.0000,0.0074,0.0000,200,8.3147
0.0061,0.0000,0.0000,0.0000,0.0060,0.0001,200,8.3194
0.0062,0.0000,0.0000,0.0000,0.0061,0.0000,200,8.3193
0.0062,0.0000,0.0000,0.0000,0.0061,0.0000,200,8.3221
0.0062,0.0000,0.0000,0.0000,0.0061,0.0000,200,8.3222
0.0062,0.0000,0.0000,0.0000,0.0061,0.0000,200,8.3255
0.0062,0.0000,0.0000,0.0000,0.0062,0.0000,200,8.3255
0.0071,0.0000,0.0000,0.0000,0.0070,0.0001,200,8.3283
0.0072,0.0000,0.0000,0.0000,0.0071,0.0000,200,8.3283
0.0061,0.0000,0.0000,0.0000,0.0061,0.0000,200,8.3317
0.0063,0.0000,0.0000,0.0000,0.0062,0.0000,200,8.3317
0.0066,0.0000,0.0000,0.0000,0.0065,0.0001,200,8.3354
0.0065,0.0000,0.0000,0.0000,0.0065,0.0000,200,8.3355
0.0062,0.0000,0.0000,0.0000,0.0062,0.0001,200,8.3378
0.0069,0.0000,0.0000,0.0000,0.0069,0.0000,200,8.3380
0.0063,0.0000,0.0000,0.0000,0.0062,0.0001,200,8.3421
0.0066,0.0000,0.0000,0.0000,0.0065,0.0000,200,8.3420
0.0066,0.0000,0.0000,0.0000,0.0065,0.0001,200,8.3441
0.0063,0.0000,0.0000,0.0000,0.0062,0.0001,200,8.3449
0.0063,0.0000,0.0000,0.0000,0.0063,0.0000,200,8.3486
0.0066,0.0000,0.0000,0.0000,0.0063,0.0000,200,8.3484
0.0064,0.0000,0.0000,0.0000,0.0063,0.0000,200,8.3506
0.0062,0.0000,0.0000,0.0000,0.0062,0.0000,200,8.3513
0.0062,0.0000,0.0000,0.0000,0.0062,0.0000,200,8.3549
0.0064,0.0000,0.0000,0.0000,0.0063,0.0000,200,8.3549
0.0065,0.0000,0.0000,0.0000,0.0064,0.0000,200,8.3571
0.0064,0.0000,0.0000,0.0000,0.0064,0.0000,200,8.3575
0.0062,0.0000,0.0000,0.0000,0.0061,0.0001,200,8.3613
0.0064,0.0000,0.0000,0.0000,0.0063,0.0000,200,8.3612
0.0063,0.0000,0.0000,0.0000,0.0063,0.0000,200,8.3636
0.0061,0.0000,0.0000,0.0000,0.0060,0.0000,200,8.3639
0.0064,0.0000,0.0000,0.0000,0.0063,0.0000,200,8.3675
0.0065,0.0000,0.0000,0.0000,0.0064,0.0000,200,8.3675
0.0066,0.0000,0.0000,0.0000,0.0066,0.0000,200,8.3700
0.0068,0.0000,0.0000,0.0000,0.0067,0.0001,200,8.3699
0.0065,0.0000,0.0000,0.0000,0.0064,0.0001,200,8.3740
0.0066,0.0000,0.0000,0.0000,0.0065,0.0000,200,8.3739
0.0066,0.0000,0.0000,0.0000,0.0065,0.0000,200,8.3767
0.0068,0.0000,0.0000,0.0000,0.0066,0.0002,200,8.3767
0.0066,0.0000,0.0000,0.0000,0.0065,0.0001,200,8.3805
0.0070,0.0000,0.0000,0.0000,0.0069,0.0001,200,8.3804
0.0061,0.0000,0.0000,0.0000,0.0061,0.0000,200,8.3835
0.0065,0.0000,0.0000,0.0000,0.0063,0.0002,200,8.3832
0.0070,0.0000,0.0000,0.0000,0.0069,0.0001,200,8.3871
0.0069,0.0000,0.0000,0.0000,0.0068,0.0000,200,8.3874
0.0074,0.0000,0.0000,0.0000,0.0073,0.0001,200,8.3896
0.0073,0.0000,0.0000,0.0000,0.0072,0.0000,200,8.3897
0.0068,0.0000,0.0000,0.0000,0.0067,0.0000,200,8.3941
0.0065,0.0000,0.0000,0.0000,0.0064,0.0000,200,8.3943
0.0065,0.0000,0.0000,0.0000,0.0064,0.0000,200,8.3970
0.0065,0.0000,0.0000,0.0000,0.0064,0.0001,200,8.3970
0.0066,0.0000,0.0000,0.0000,0.0064,0.0001,200,8.4009
0.0071,0.0000,0.0000,0.0000,0.0070,0.0000,200,8.4009
0.0082,0.0000,0.0000,0.0000,0.0081,0.0000,200,8.4035
0.0082,0.0000,0.0000,0.0000,0.0081,0.0000,200,8.4035
0.0067,0.0000,0.0000,0.0000,0.0066,0.0001,200,8.4080
0.0073,0.0000,0.0000,0.0000,0.0071,0.0001,200,8.4075
0.0064,0.0000,0.0000,0.0000,0.0063,0.0001,200,8.4117
0.0064,0.0000,0.0000,0.0000,0.0064,0.0000,200,8.4116
0.0063,0.0000,0.0000,0.0000,0.0062,0.0001,200,8.4147
0.0064,0.0000,0.0000,0.0000,0.0063,0.0000,200,8.4147
0.0062,0.0000,0.0000,0.0000,0.0061,0.0000,200,8.4180
0.0062,0.0000,0.0000,0.0000,0.0061,0.0000,200,8.4181
0.0062,0.0000,0.0000,0.0000,0.0061,0.0001,200,8.4210
0.0061,0.0000,0.0000,0.0000,0.0061,0.0000,200,8.4211
0.0061,0.0000,0.0000,0.0000,0.0060,0.0000,200,8.4243
0.0064,0.0000,0.0000,0.0000,0.0063,0.0000,200,8.4243
0.0060,0.0000,0.0000,0.0000,0.0059,0.0000,200,8.4272
0.0061,0.0000,0.0000,0.0000,0.0061,0.0000,200,8.4272
0.0078,0.0000,0.0000,0.0000,0.0077,0.0001,200,8.4304
0.0082,0.0000,0.0000,0.0000,0.0081,0.0000,200,8.4306
0.0064,0.0000,0.0000,0.0000,0.0063,0.0000,200,8.4334
0.0067,0.0000,0.0000,0.0000,0.0066,0.0000,200,8.4332
0.0067,0.0000,0.0000,0.0000,0.0066,0.0001,200,8.4382
0.0064,0.0000,0.0000,0.0000,0.0063,0.0000,200,8.4398
0.0073,0.0000,0.0000,0.0000,0.0073,0.0000,200,8.4388
0.0065,0.0000,0.0000,0.0000,0.0064,0.0000,200,8.4399
0.0064,0.0000,0.0000,0.0000,0.0063,0.0001,200,8.4449
0.0062,0.0000,0.0000,0.0000,0.0061,0.0000,200,8.4463
0.0065,0.0000,0.0000,0.0000,0.0065,0.0000,200,8.4462
0.0066,0.0000,0.0000,0.0000,0.0065,0.0000,200,8.4462
0.0064,0.0000,0.0000,0.0000,0.0063,0.0001,200,8.4513
0.0062,0.0000,0.0000,0.0000,0.0061,0.0000,200,8.4527
0.0068,0.0000,0.0000,0.0000,0.0067,0.0000,200,8.4527
0.0069,0.0000,0.0000,0.0000,0.0069,0.0000,200,8.4526
0.0070,0.0000,0.0000,0.0000,0.0069,0.0000,200,8.4578
0.0063,0.0000,0.0000,0.0000,0.0062,0.0000,200,8.4589
0.0061,0.0000,0.0000,0.0000,0.0061,0.0000,200,8.4595
0.0064,0.0000,0.0000,0.0000,0.0063,0.0000,200,8.4595
0.0062,0.0000,0.0000,0.0000,0.0061,0.0000,200,8.4647
0.0061,0.0000,0.0000,0.0000,0.0061,0.0000,200,8.4652
0.0063,0.0000,0.0000,0.0000,0.0062,0.0000,200,8.4656
0.0061,0.0000,0.0000,0.0000,0.0060,0.0000,200,8.4659
0.0064,0.0000,0.0000,0.0000,0.0064,0.0000,200,8.4709
0.0066,0.0000,0.0000,0.0000,0.0066,0.0000,200,8.4713
0.0063,0.0000,0.0000,0.0000,0.0063,0.0000,200,8.4720
0.0065,0.0000,0.0000,0.0000,0.0064,0.0000,200,8.4720
0.0064,0.0000,0.0000,0.0000,0.0063,0.0001,200,8.4774
0.0063,0.0000,0.0000,0.0000,0.0062,0.0000,200,8.4780
0.0063,0.0000,0.0000,0.0000,0.0062,0.0000,200,8.4783
0.0063,0.0000,0.0000,0.0000,0.0063,0.0000,200,8.4784
0.0065,0.0000,0.0000,0.0000,0.0063,0.0001,200,8.4838
0.0064,0.0000,0.0000,0.0000,0.0063,0.0001,200,8.4843
0.0061,0.0000,0.0000,0.0000,0.0060,0.0000,200,8.4846
0.0062,0.0000,0.0000,0.0000,0.0062,0.0000,200,8.4848
0.0068,0.0000,0.0000,0.0000,0.0067,0.0001,200,8.4903
0.0064,0.0000,0.0000,0.0000,0.0063,0.0000,200,8.4907
0.0064,0.0000,0.0000,0.0000,0.0063,0.0000,200,8.4907
0.0062,0.0000,0.0000,0.0000,0.0062,0.0000,200,8.4910
0.0064,0.0000,0.0000,0.0000,0.0063,0.0001,200,8.4971
0.0065,0.0000,0.0000,0.0000,0.0064,0.0000,200,8.4971
0.0065,0.0000,0.0000,0.0000,0.0064,0.0000,200,8.4971
0.0064,0.0000,0.0000,0.0000,0.0064,0.0000,200,8.4972
0.0064,0.0000,0.0000,0.0000,0.0063,0.0001,200,8.5035
0.0063,0.0000,0.0000,0.0000,0.0062,0.0000,200,8.5036
0.0063,0.0000,0.0000,0.0000,0.0063,0.0000,200,8.5036
0.0064,0.0000,0.0000,0.0000,0.0064,0.0000,200,8.5036
0.0066,0.0000,0.0000,0.0000,0.0065,0.0001,200,8.5099
0.0066,0.0000,0.0000,0.0000,0.0066,0.0000,200,8.5099
0.0066,0.0000,0.0000,0.0000,0.0066,0.0000,200,8.5099
0.0068,0.0000,0.0000,0.0000,0.0068,0.0000,200,8.5100
0.0065,0.0000,0.0000,0.0000,0.0064,0.0001,200,8.5165
0.0065,0.0000,0.0000,0.0000,0.0064,0.0000,200,8.5165
0.0065,0.0000,0.0000,0.0000,0.0064,0.0000,200,8.5165
0.0062,0.0000,0.0000,0.0000,0.0062,0.0000,200,8.5168
0.0063,0.0000,0.0000,0.0000,0.0062,0.0001,200,8.5231
0.0063,0.0000,0.0000,0.0000,0.0063,0.0000,200,8.5230
0.0063,0.0000,0.0000,0.0000,0.0062,0.0000,200,8.5230
0.0064,0.0000,0.0000,0.0000,0.0063,0.0000,200,8.5230
0.0064,0.0000,0.0000,0.0000,0.0063,0.0001,200,8.5293
0.0064,0.0000,0.0000,0.0000,0.0064,0.0000,200,8.5294
0.0064,0.0000,0.0000,0.0000,0.0064,0.0000,200,8.5293
0.0065,0.0000,0.0000,0.0000,0.0064,0.0000,200,8.5293
0.0064,0.0000,0.0000,0.0000,0.0064,0.0001,200,8.5358
0.0064,0.0000,0.0000,0.0000,0.0064,0.0001,200,8.5358
0.0066,0.0000,0.0000,0.0000,0.0065,0.0000,200,8.5358
0.0065,0.0000,0.0000,0.0000,0.0065,0.0000,200,8.5358
0.0062,0.0000,0.0000,0.0000,0.0062,0.0000,200,8.5423
0.0063,0.0000,0.0000,0.0000,0.0062,0.0000,200,8.5423
0.0064,0.0000,0.0000,0.0000,0.0064,0.0000,200,8.5422
0.0065,0.0000,0.0000,0.0000,0.0064,0.0000,200,8.5422
0.0063,0.0000,0.0000,0.0000,0.0063,0.0001,200,8.5487
0.0063,0.0000,0.0000,0.0000,0.0062,0.0001,200,8.5487
0.0064,0.0000,0.0000,0.0000,0.0063,0.0001,200,8.5486
0.0065,0.0000,0.0000,0.0000,0.0064,0.0000,200,8.5486
0.0063,0.0000,0.0000,0.0000,0.0062,0.0000,200,8.5550
0.0062,0.0000,0.0000,0.0000,0.0062,0.0000,200,8.5550
0.0063,0.0000,0.0000,0.0000,0.0061,0.0001,200,8.5550
0.0063,0.0000,0.0000,0.0000,0.0062,0.0000,200,8.5550
0.0065,0.0000,0.0000,0.0000,0.0064,0.0000,200,8.5613
0.0065,0.0000,0.0000,0.0000,0.0064,0.0000,200,8.5613
0.0065,0.0000,0.0000,0.0000,0.0064,0.0000,200,8.5613
0.0065,0.0000,0.0000,0.0000,0.0064,0.0000,200,8.5613
0.0065,0.0000,0.0000,0.0000,0.0064,0.0001,200,8.5677
0.0065,0.0000,0.0000,0.0000,0.0064,0.0001,200,8.5677
0.0066,0.0000,0.0000,0.0000,0.0066,0.0000,200,8.5677
0.0067,0.0000,0.0000,0.0000,0.0066,0.0000,200,8.5678
0.0062,0.0000,0.0000,0.0000,0.0062,0.0001,200,8.5744
0.0062,0.0000,0.0000,0.0000,0.0061,0.0000,200,8.5744
0.0063,0.0000,0.0000,0.0000,0.0063,0.0000,200,8.5743
0.0070,0.0000,0.0000,0.0000,0.0070,0.0000,200,8.5743
0.0064,0.0000,0.0000,0.0000,0.0063,0.0000,200,8.5806
0.0064,0.0000,0.0000,0.0000,0.0063,0.0001,200,8.5806
0.0064,0.0000,0.0000,0.0000,0.0063,0.0001,200,8.5806
0.0062,0.0000,0.0000,0.0000,0.0061,0.0000,200,8.5813
0.0064,0.0000,0.0000,0.0000,0.0063,0.0001,200,8.5870
0.0066,0.0000,0.0000,0.0000,0.0065,0.0000,200,8.5870
0.0066,0.0000,0.0000,0.0000,0.0066,0.0000,200,8.5870
0.0065,0.0000,0.0000,0.0000,0.0064,0.0000,200,8.5875
0.0066,0.0000,0.0000,0.0000,0.0065,0.0001,200,8.5936
0.0063,0.0000,0.0000,0.0000,0.0062,0.0000,200,8.5940
0.0066,0.0000,0.0000,0.0000,0.0065,0.0000,200,8.5936
0.0068,0.0000,0.0000,0.0000,0.0064,0.0003,200,8.5934
0.0070,0.0000,0.0000,0.0000,0.0068,0.0001,200,8.6002
0.0070,0.0000,0.0000,0.0000,0.0069,0.0000,200,8.6002
0.0070,0.0000,0.0000,0.0000,0.0069,0.0000,200,8.6002
0.0081,0.0000,0.0000,0.0000,0.0080,0.0000,200,8.6002
0.0064,0.0000,0.0000,0.0000,0.0063,0.0001,200,8.6072
0.0064,0.0000,0.0000,0.0000,0.0063,0.0000,200,8.6072
0.0066,0.0000,0.0000,0.0000,0.0065,0.0000,200,8.6071
0.0060,0.0000,0.0000,0.0000,0.0060,0.0000,200,8.6083
0.0065,0.0000,0.0000,0.0000,0.0064,0.0001,200,8.6137
0.0065,0.0000,0.0000,0.0000,0.0065,0.0001,200,8.6136
0.0067,0.0000,0.0000,0.0000,0.0067,0.0000,200,8.6136
0.0071,0.0000,0.0000,0.0000,0.0070,0.0000,200,8.6144
0.0064,0.0000,0.0000,0.0000,0.0063,0.0001,200,8.6203
0.0066,0.0000,0.0000,0.0000,0.0065,0.0000,200,8.6202
0.0066,0.0000,0.0000,0.0000,0.0065,0.0000,200,8.6202
0.0073,0.0000,0.0000,0.0000,0.0072,0.0000,200,8.6215
0.0062,0.0000,0.0000,0.0000,0.0061,0.0000,200,8.6267
0.0062,0.0000,0.0000,0.0000,0.0061,0.0001,200,8.6268
0.0063,0.0000,0.0000,0.0000,0.0062,0.0000,200,8.6268
0.0061,0.0000,0.0000,0.0000,0.0061,0.0000,200,8.6287
0.0063,0.0000,0.0000,0.0000,0.0061,0.0001,200,8.6330
0.0064,0.0000,0.0000,0.0001,0.0063,0.0000,200,8.6330
0.0063,0.0000,0.0000,0.0000,0.0063,0.0000,200,8.6331
0.0063,0.0000,0.0000,0.0000,0.0062,0.0001,200,8.6349
0.0066,0.0000,0.0000,0.0000,0.0065,0.0000,200,8.6392
0.0064,0.0000,0.0000,0.0000,0.0063,0.0000,200,8.6394
0.0064,0.0000,0.0000,0.0000,0.0063,0.0000,200,8.6394
0.0062,0.0000,0.0000,0.0000,0.0061,0.0000,200,8.6412
0.0063,0.0000,0.0000,0.0000,0.0062,0.0001,200,8.6458
0.0063,0.0000,0.0000,0.0000,0.0062,0.0000,200,8.6458
0.0063,0.0000,0.0000,0.0000,0.0062,0.0000,200,8.6458
0.0060,0.0000,0.0000,0.0000,0.0059,0.0000,200,8.6473
0.0063,0.0000,0.0000,0.0000,0.0062,0.0000,200,8.6521
0.0063,0.0000,0.0000,0.0000,0.0062,0.0000,200,8.6521
0.0063,0.0000,0.0000,0.0000,0.0062,0.0000,200,8.6520
0.0061,0.0000,0.0000,0.0000,0.0060,0.0001,200,8.6534
0.0063,0.0000,0.0000,0.0000,0.0062,0.0001,200,8.6583
0.0064,0.0000,0.0000,0.0000,0.0064,0.0000,200,8.6583
0.0064,0.0000,0.0000,0.0000,0.0064,0.0000,200,8.6584
0.0063,0.0000,0.0000,0.0000,0.0063,0.0000,200,8.6595
0.0065,0.0000,0.0000,0.0000,0.0064,0.0001,200,8.6647
0.0064,0.0000,0.0000,0.0000,0.0063,0.0000,200,8.6648
0.0069,0.0000,0.0000,0.0000,0.0069,0.0000,200,8.6648
0.0063,0.0000,0.0000,0.0000,0.0062,0.0000,200,8.6658
0.0065,0.0000,0.0000,0.0000,0.0064,0.0001,200,8.6711
0.0069,0.0000,0.0000,0.0000,0.0069,0.0000,200,8.6712
0.0065,0.0000,0.0000,0.0000,0.0065,0.0000,200,8.6717
0.0065,0.0000,0.0000,0.0000,0.0065,0.0000,200,8.6721
0.0064,0.0000,0.0000,0.0000,0.0063,0.0001,200,8.6777
0.0062,0.0000,0.0000,0.0000,0.0061,0.0000,200,8.6781
0.0065,0.0000,0.0000,0.0000,0.0065,0.0000,200,8.6782
0.0062,0.0000,0.0000,0.0000,0.0062,0.0000,200,8.6786
0.0066,0.0000,0.0000,0.0000,0.0065,0.0001,200,8.6841
0.0064,0.0000,0.0000,0.0000,0.0064,0.0000,200,8.6843
0.0064,0.0000,0.0000,0.0000,0.0063,0.0000,200,8.6847
0.0063,0.0000,0.0000,0.0000,0.0062,0.0000,200,8.6849
0.0066,0.0000,0.0000,0.0000,0.0065,0.0001,200,8.6907
0.0062,0.0000,0.0000,0.0000,0.0061,0.0000,200,8.6911
0.0066,0.0000,0.0000,0.0000,0.0065,0.0000,200,8.6907
0.0063,0.0000,0.0000,0.0000,0.0062,0.0000,200,8.6911
0.0065,0.0000,0.0000,0.0000,0.0064,0.0000,200,8.6973
0.0089,0.0000,0.0000,0.0000,0.0088,0.0001,200,8.6974
0.0091,0.0000,0.0000,0.0000,0.0064,0.0027,200,8.6973
0.0102,0.0000,0.0000,0.0000,0.0101,0.0000,200,8.6973
0.0079,0.0000,0.0000,0.0000,0.0078,0.0001,200,8.7038
0.0097,0.0000,0.0000,0.0000,0.0096,0.0001,200,8.7063
0.0096,0.0000,0.0000,0.0000,0.0095,0.0000,200,8.7075
0.0108,0.0000,0.0000,0.0000,0.0108,0.0000,200,8.7064
0.0071,0.0000,0.0000,0.0000,0.0070,0.0001,200,8.7117
0.0075,0.0000,0.0000,0.0000,0.0068,0.0007,200,8.7160
0.0067,0.0000,0.0000,0.0000,0.0067,0.0000,200,8.7171
0.0086,0.0000,0.0000,0.0000,0.0085,0.0001,200,8.7173
0.0087,0.0000,0.0000,0.0000,0.0086,0.0001,200,8.7238
0.0138,0.0000,0.0000,0.0000,0.0137,0.0000,200,8.7188
0.0092,0.0000,0.0000,0.0000,0.0091,0.0000,200,8.7235
0.0092,0.0000,0.0000,0.0000,0.0091,0.0001,200,8.7259
0.0069,0.0000,0.0000,0.0000,0.0068,0.0001,200,8.7325
0.0076,0.0000,0.0000,0.0000,0.0075,0.0000,200,8.7326
0.0152,0.0000,0.0000,0.0000,0.0151,0.0001,200,8.7327
0.0129,0.0000,0.0000,0.0000,0.0128,0.0000,200,8.7351
0.0078,0.0000,0.0000,0.0000,0.0078,0.0000,200,8.7402
0.0087,0.0000,0.0000,0.0000,0.0083,0.0003,200,8.7394
0.0118,0.0000,0.0000,0.0000,0.0117,0.0001,200,8.7479
0.0118,0.0000,0.0000,0.0000,0.0117,0.0000,200,8.7481
0.0122,0.0000,0.0000,0.0000,0.0121,0.0000,200,8.7480
0.0131,0.0000,0.0000,0.0000,0.0130,0.0000,200,8.7480
0.0110,0.0000,0.0000,0.0000,0.0108,0.0001,200,8.7611
0.0128,0.0000,0.0000,0.0000,0.0127,0.0000,200,8.7599
0.0162,0.0000,0.0000,0.0000,0.0161,0.0001,200,8.7601
0.0113,0.0000,0.0000,0.0000,0.0112,0.0001,200,8.7721
0.0075,0.0000,0.0000,0.0000,0.0074,0.0000,200,8.7763
0.0116,0.0000,0.0000,0.0000,0.0115,0.0000,200,8.7728
0.0248,0.0000,0.0000,0.0000,0.0247,0.0000,200,8.7597
0.0071,0.0000,0.0000,0.0000,0.0070,0.0001,200,8.7838
0.0123,0.0000,0.0000,0.0000,0.0122,0.0001,200,8.7845
0.0125,0.0000,0.0000,0.0000,0.0124,0.0000,200,8.7844
0.0135,0.0000,0.0000,0.0000,0.0120,0.0004,200,8.7834
0.0067,0.0000,0.0000,0.0000,0.0066,0.0001,200,8.7910
0.0068,0.0000,0.0000,0.0000,0.0066,0.0001,200,8.7968
0.0068,0.0000,0.0000,0.0000,0.0068,0.0000,200,8.7969
0.0065,0.0000,0.0000,0.0000,0.0064,0.0000,200,8.7977
0.0086,0.0000,0.0000,0.0000,0.0085,0.0000,200,8.7969
0.0069,0.0000,0.0000,0.0000,0.0068,0.0001,200,8.8035
0.0067,0.0000,0.0000,0.0000,0.0066,0.0001,200,8.8042
0.0066,0.0000,0.0000,0.0000,0.0065,0.0001,200,8.8055
0.0111,0.0000,0.0000,0.0000,0.0110,0.0001,200,8.8037
0.0078,0.0000,0.0000,0.0000,0.0076,0.0001,200,8.8109
0.0067,0.0000,0.0000,0.0000,0.0066,0.0000,200,8.8120
0.0084,0.0000,0.0000,0.0000,0.0084,0.0000,200,8.8105
0.0098,0.0000,0.0000,0.0000,0.0097,0.0001,200,8.8148
0.0089,0.0000,0.0000,0.0000,0.0088,0.0001,200,8.8186
0.0087,0.0000,0.0000,0.0000,0.0087,0.0000,200,8.8189
0.0090,0.0000,0.0000,0.0000,0.0090,0.0000,200,8.8187
0.0069,0.0000,0.0000,0.0000,0.0068,0.0001,200,8.8246
0.0078,0.0000,0.0000,0.0000,0.0077,0.0001,200,8.8278
0.0080,0.0000,0.0000,0.0000,0.0079,0.0000,200,8.8276
0.0081,0.0000,0.0000,0.0000,0.0080,0.0000,200,8.8275
0.0087,0.0000,0.0000,0.0000,0.0086,0.0001,200,8.8315
0.0070,0.0000,0.0000,0.0000,0.0069,0.0001,200,8.8356
0.0078,0.0000,0.0000,0.0001,0.0069,0.0001,200,8.8356
0.0079,0.0000,0.0000,0.0000,0.0065,0.0000,200,8.8356
0.0068,0.0000,0.0000,0.0000,0.0067,0.0001,200,8.8402
0.0068,0.0000,0.0000,0.0000,0.0066,0.0002,200,8.8426
0.0066,0.0000,0.0000,0.0000,0.0065,0.0000,200,8.8435
0.0116,0.0000,0.0000,0.0002,0.0113,0.0000,200,8.8434
0.0080,0.0000,0.0000,0.0000,0.0080,0.0000,200,8.8470
0.0066,0.0000,0.0000,0.0000,0.0064,0.0001,200,8.8494
0.0079,0.0000,0.0000,0.0000,0.0079,0.0000,200,8.8501
0.0068,0.0000,0.0000,0.0000,0.0067,0.0001,200,8.8550
0.0063,0.0000,0.0000,0.0000,0.0062,0.0001,200,8.8559
0.0075,0.0000,0.0000,0.0000,0.0074,0.0000,200,8.8549
0.0068,0.0000,0.0000,0.0000,0.0067,0.0001,200,8.8580
0.0066,0.0000,0.0000,0.0000,0.0065,0.0001,200,8.8618
0.0065,0.0000,0.0000,0.0000,0.0064,0.0000,200,8.8624
0.0071,0.0000,0.0000,0.0000,0.0071,0.0000,200,8.8622
0.0090,0.0000,0.0000,0.0000,0.0089,0.0001,200,8.8648
0.0073,0.0000,0.0000,0.0000,0.0072,0.0000,200,8.8684
0.0075,0.0000,0.0000,0.0000,0.0074,0.0000,200,8.8689
0.0076,0.0000,0.0000,0.0000,0.0075,0.0001,200,8.8693
0.0086,0.0000,0.0000,0.0000,0.0085,0.0001,200,8.8738
0.0068,0.0000,0.0000,0.0000,0.0068,0.0000,200,8.8757
0.0076,0.0000,0.0000,0.0000,0.0075,0.0001,200,8.8764
0.0092,0.0000,0.0000,0.0009,0.0083,0.0001,200,8.8769
0.0067,0.0000,0.0000,0.0000,0.0066,0.0001,200,8.8825
0.0068,0.0000,0.0000,0.0000,0.0068,0.0000,200,8.8825
0.0063,0.0000,0.0000,0.0000,0.0063,0.0000,200,8.8840
0.0071,0.0000,0.0000,0.0000,0.0070,0.0001,200,8.8862
0.0068,0.0000,0.0000,0.0000,0.0067,0.0001,200,8.8893
0.0070,0.0000,0.0000,0.0000,0.0069,0.0000,200,8.8892
0.0064,0.0000,0.0000,0.0000,0.0063,0.0000,200,8.8903
0.0079,0.0000,0.0000,0.0000,0.0065,0.0014,200,8.8933
0.0064,0.0000,0.0000,0.0000,0.0063,0.0001,200,8.8962
0.0062,0.0000,0.0000,0.0000,0.0060,0.0001,200,8.8967
0.0067,0.0000,0.0000,0.0000,0.0066,0.0000,200,8.8962
0.0067,0.0000,0.0000,0.0000,0.0066,0.0001,200,8.9012
0.0068,0.0000,0.0000,0.0000,0.0065,0.0003,200,8.9026
0.0067,0.0000,0.0000,0.0000,0.0065,0.0002,200,8.9029
0.0069,0.0000,0.0000,0.0000,0.0069,0.0000,200,8.9029
0.0063,0.0000,0.0000,0.0000,0.0062,0.0001,200,8.9079
0.0063,0.0000,0.0000,0.0000,0.0062,0.0001,200,8.9094
0.0063,0.0000,0.0000,0.0000,0.0062,0.0000,200,8.9096
0.0062,0.0000,0.0000,0.0000,0.0061,0.0000,200,8.9098
0.0064,0.0000,0.0000,0.0000,0.0063,0.0001,200,8.9143
0.0061,0.0000,0.0000,0.0000,0.0060,0.0000,200,8.9160
0.0064,0.0000,0.0000,0.0000,0.0063,0.0000,200,8.9157
0.0063,0.0000,0.0000,0.0000,0.0063,0.0000,200,8.9159
0.0063,0.0000,0.0000,0.0000,0.0062,0.0000,200,8.9206
0.0060,0.0000,0.0000,0.0000,0.0059,0.0000,200,8.9221
0.0060,0.0000,0.0000,0.0000,0.0060,0.0000,200,8.9222
0.0061,0.0000,0.0000,0.0000,0.0061,0.0000,200,8.9221
0.0063,0.0000,0.0000,0.0000,0.0062,0.0000,200,8.9269
0.0063,0.0000,0.0000,0.0000,0.0062,0.0001,200,8.9281
0.0061,0.0000,0.0000,0.0000,0.0060,0.0000,200,8.9282
0.0063,0.0000,0.0000,0.0000,0.0063,0.0000,200,8.9282
0.0063,0.0000,0.0000,0.0000,0.0062,0.0000,200,8.9332
0.0064,0.0000,0.0000,0.0000,0.0062,0.0001,200,8.9343
0.0064,0.0000,0.0000,0.0000,0.0063,0.0000,200,8.9345
0.0065,0.0000,0.0000,0.0000,0.0065,0.0000,200,8.9343
0.0063,0.0000,0.0000,0.0000,0.0062,0.0000,200,8.9395
0.0062,0.0000,0.0000,0.0000,0.0062,0.0001,200,8.9407
0.0063,0.0000,0.0000,0.0000,0.0062,0.0000,200,8.9409
0.0065,0.0000,0.0000,0.0000,0.0064,0.0000,200,8.9409
0.0063,0.0000,0.0000,0.0000,0.0063,0.0001,200,8.9457
0.0062,0.0000,0.0000,0.0000,0.0061,0.0000,200,8.9470
0.0060,0.0000,0.0000,0.0000,0.0059,0.0000,200,8.9471
0.0060,0.0000,0.0000,0.0000,0.0059,0.0000,200,8.9473
0.0064,0.0000,0.0000,0.0000,0.0063,0.0001,200,8.9521
0.0074,0.0000,0.0000,0.0000,0.0073,0.0000,200,8.9533
0.0076,0.0000,0.0000,0.0000,0.0076,0.0000,200,8.9531
0.0076,0.0000,0.0000,0.0000,0.0076,0.0000,200,8.9531
0.0063,0.0000,0.0000,0.0000,0.0062,0.0001,200,8.9585
0.0060,0.0000,0.0000,0.0000,0.0059,0.0000,200,8.9608
0.0074,0.0000,0.0000,0.0000,0.0073,0.0000,200,8.9607
0.0076,0.0000,0.0000,0.0000,0.0076,0.0000,200,8.9608
0.0060,0.0000,0.0000,0.0000,0.0060,0.0000,200,8.9647
0.0062,0.0000,0.0000,0.0000,0.0062,0.0000,200,8.9668
0.0064,0.0000,0.0000,0.0000,0.0062,0.0001,200,8.9681
0.0062,0.0000,0.0000,0.0000,0.0061,0.0000,200,8.9684
0.0061,0.0000,0.0000,0.0000,0.0061,0.0000,200,8.9708
0.0064,0.0000,0.0000,0.0000,0.0063,0.0000,200,8.9730
0.0060,0.0000,0.0000,0.0000,0.0059,0.0000,200,8.9745
0.0060,0.0000,0.0000,0.0000,0.0060,0.0000,200,8.9746
0.0060,0.0000,0.0000,0.0000,0.0060,0.0000,200,8.9769
0.0063,0.0000,0.0000,0.0000,0.0062,0.0001,200,8.9794
0.0062,0.0000,0.0000,0.0000,0.0062,0.0000,200,8.9805
0.0061,0.0000,0.0000,0.0000,0.0061,0.0000,200,8.9806
0.0061,0.0000,0.0000,0.0000,0.0060,0.0000,200,8.9830
0.0064,0.0000,0.0000,0.0000,0.0063,0.0000,200,8.9857
0.0061,0.0000,0.0000,0.0000,0.0060,0.0000,200,8.9867
0.0061,0.0000,0.0000,0.0000,0.0060,0.0000,200,8.9867
0.0061,0.0000,0.0000,0.0000,0.0060,0.0001,200,8.9890
0.0064,0.0000,0.0000,0.0000,0.0063,0.0001,200,8.9921
0.0060,0.0000,0.0000,0.0000,0.0059,0.0000,200,8.9928
0.0061,0.0000,0.0000,0.0000,0.0061,0.0000,200,8.9928
0.0062,0.0000,0.0000,0.0000,0.0061,0.0001,200,8.9951
0.0063,0.0000,0.0000,0.0000,0.0063,0.0000,200,8.9985
0.0061,0.0000,0.0000,0.0000,0.0060,0.0000,200,8.9988
0.0061,0.0000,0.0000,0.0000,0.0061,0.0000,200,8.9989
0.0076,0.0000,0.0000,0.0000,0.0075,0.0001,200,9.0014
0.0062,0.0000,0.0000,0.0000,0.0061,0.0001,200,9.0050
0.0065,0.0000,0.0000,0.0000,0.0064,0.0000,200,9.0049
0.0065,0.0000,0.0000,0.0000,0.0065,0.0000,200,9.0048
0.0064,0.0000,0.0000,0.0000,0.0063,0.0001,200,9.0089
0.0061,0.0000,0.0000,0.0000,0.0060,0.0000,200,9.0114
0.0061,0.0000,0.0000,0.0000,0.0061,0.0000,200,9.0113
0.0064,0.0000,0.0000,0.0000,0.0064,0.0000,200,9.0112
0.0065,0.0000,0.0000,0.0000,0.0064,0.0001,200,9.0153
0.0061,0.0000,0.0000,0.0000,0.0060,0.0000,200,9.0176
0.0062,0.0000,0.0000,0.0000,0.0061,0.0000,200,9.0175
0.0062,0.0000,0.0000,0.0000,0.0061,0.0001,200,9.0175
0.0064,0.0000,0.0000,0.0000,0.0063,0.0001,200,9.0218
0.0063,0.0000,0.0000,0.0000,0.0062,0.0000,200,9.0237
0.0063,0.0000,0.0000,0.0000,0.0062,0.0000,200,9.0237
0.0065,0.0000,0.0000,0.0000,0.0064,0.0000,200,9.0237
0.0063,0.0000,0.0000,0.0000,0.0062,0.0000,200,9.0282
0.0062,0.0000,0.0000,0.0000,0.0061,0.0001,200,9.0300
0.0063,0.0000,0.0000,0.0000,0.0062,0.0000,200,9.0300
0.0062,0.0000,0.0000,0.0000,0.0061,0.0000,200,9.0302
0.0064,0.0000,0.0000,0.0000,0.0063,0.0001,200,9.0345
0.0061,0.0000,0.0000,0.0000,0.0061,0.0000,200,9.0364
0.0063,0.0000,0.0000,0.0000,0.0062,0.0000,200,9.0362
0.0070,0.0000,0.0000,0.0000,0.0070,0.0000,200,9.0363
0.0064,0.0000,0.0000,0.0000,0.0063,0.0001,200,9.0409
0.0062,0.0000,0.0000,0.0000,0.0061,0.0000,200,9.0425
0.0062,0.0000,0.0000,0.0000,0.0061,0.0000,200,9.0425
0.0064,0.0000,0.0000,0.0000,0.0063,0.0000,200,9.0433
0.0062,0.0000,0.0000,0.0000,0.0061,0.0001,200,9.0474
0.0060,0.0000,0.0000,0.0000,0.0060,0.0000,200,9.0487
0.0061,0.0000,0.0000,0.0000,0.0060,0.0000,200,9.0487
0.0060,0.0000,0.0000,0.0000,0.0060,0.0000,200,9.0497
0.0063,0.0000,0.0000,0.0000,0.0062,0.0000,200,9.0536
0.0062,0.0000,0.0000,0.0000,0.0061,0.0000,200,9.0547
0.0063,0.0000,0.0000,0.0000,0.0063,0.0000,200,9.0548
0.0061,0.0000,0.0000,0.0000,0.0060,0.0000,200,9.0557
0.0064,0.0000,0.0000,0.0000,0.0063,0.0001,200,9.0599
0.0062,0.0000,0.0000,0.0000,0.0061,0.0000,200,9.0609
0.0062,0.0000,0.0000,0.0000,0.0061,0.0000,200,9.0611
0.0060,0.0000,0.0000,0.0000,0.0060,0.0000,200,9.0618
0.0066,0.0000,0.0000,0.0000,0.0065,0.0001,200,9.0663
0.0063,0.0000,0.0000,0.0000,0.0062,0.0001,200,9.0671
0.0062,0.0000,0.0000,0.0000,0.0062,0.0000,200,9.0673
0.0063,0.0000,0.0000,0.0000,0.0062,0.0001,200,9.0678
0.0067,0.0000,0.0000,0.0000,0.0066,0.0001,200,9.0729
0.0063,0.0000,0.0000,0.0000,0.0063,0.0000,200,9.0735
0.0075,0.0000,0.0000,0.0000,0.0074,0.0001,200,9.0735
0.0071,0.0000,0.0000,0.0000,0.0070,0.0000,200,9.0741
0.0074,0.0000,0.0000,0.0000,0.0073,0.0000,200,9.0796
0.0072,0.0000,0.0000,0.0000,0.0071,0.0000,200,9.0798
0.0062,0.0000,0.0000,0.0000,0.0061,0.0000,200,9.0812
0.0070,0.0000,0.0000,0.0000,0.0069,0.0000,200,9.0810
0.0066,0.0000,0.0000,0.0000,0.0065,0.0001,200,9.0869
0.0063,0.0000,0.0000,0.0000,0.0062,0.0000,200,9.0874
0.0067,0.0000,0.0000,0.0000,0.0067,0.0000,200,9.0869
0.0061,0.0000,0.0000,0.0000,0.0061,0.0000,200,9.0880
0.0064,0.0000,0.0000,0.0000,0.0063,0.0000,200,9.0937
0.0065,0.0000,0.0000,0.0000,0.0064,0.0001,200,9.0935
0.0064,0.0000,0.0000,0.0000,0.0063,0.0000,200,9.0937
0.0064,0.0000,0.0000,0.0000,0.0063,0.0000,200,9.0941
0.0065,0.0000,0.0000,0.0000,0.0064,0.0001,200,9.1000
0.0066,0.0000,0.0000,0.0000,0.0065,0.0000,200,9.1000
0.0066,0.0000,0.0000,0.0000,0.0065,0.0000,200,9.1000
0.0066,0.0000,0.0000,0.0000,0.0065,0.0000,200,9.1005
0.0065,0.0000,0.0000,0.0000,0.0063,0.0001,200,9.1065
0.0064,0.0000,0.0000,0.0000,0.0063,0.0000,200,9.1066
0.0065,0.0000,0.0000,0.0000,0.0065,0.0000,200,9.1066
0.0064,0.0000,0.0000,0.0000,0.0063,0.0000,200,9.1071
0.0066,0.0000,0.0000,0.0000,0.0065,0.0001,200,9.1130
0.0066,0.0000,0.0000,0.0000,0.0065,0.0001,200,9.1130
0.0062,0.0000,0.0000,0.0000,0.0061,0.0000,200,9.1135
0.0074,0.0000,0.0000,0.0000,0.0074,0.0000,200,9.1132
0.0062,0.0000,0.0000,0.0000,0.0062,0.0000,200,9.1196
0.0062,0.0000,0.0000,0.0000,0.0061,0.0000,200,9.1197
0.0062,0.0000,0.0000,0.0000,0.0062,0.0000,200,9.1196
0.0062,0.0000,0.0000,0.0000,0.0061,0.0000,200,9.1206
0.0064,0.0000,0.0000,0.0000,0.0063,0.0001,200,9.1258
0.0064,0.0000,0.0000,0.0000,0.0063,0.0001,200,9.1258
0.0065,0.0000,0.0000,0.0000,0.0065,0.0000,200,9.1258
0.0062,0.0000,0.0000,0.0000,0.0062,0.0000,200,9.1268
0.0063,0.0000,0.0000,0.0000,0.0062,0.0000,200,9.1322
0.0061,0.0000,0.0000,0.0000,0.0061,0.0000,200,9.1324
0.0062,0.0000,0.0000,0.0000,0.0062,0.0000,200,9.1323
0.0061,0.0000,0.0000,0.0000,0.0060,0.0000,200,9.1330
0.0063,0.0000,0.0000,0.0000,0.0063,0.0000,200,9.1385
0.0063,0.0000,0.0000,0.0000,0.0063,0.0000,200,9.1385
0.0064,0.0000,0.0000,0.0000,0.0063,0.0000,200,9.1385
0.0060,0.0000,0.0000,0.0000,0.0060,0.0000,200,9.1391
0.0064,0.0000,0.0000,0.0000,0.0063,0.0001,200,9.1448
0.0066,0.0000,0.0000,0.0000,0.0065,0.0000,200,9.1448
0.0063,0.0000,0.0000,0.0000,0.0062,0.0000,200,9.1451
0.0065,0.0000,0.0000,0.0000,0.0065,0.0000,200,9.1449
0.0065,0.0000,0.0000,0.0000,0.0064,0.0001,200,9.1512
0.0063,0.0000,0.0000,0.0000,0.0063,0.0000,200,9.1514
0.0064,0.0000,0.0000,0.0000,0.0064,0.0000,200,9.1514
0.0064,0.0000,0.0000,0.0000,0.0063,0.0000,200,9.1514
0.0062,0.0000,0.0000,0.0001,0.0060,0.0001,200,9.1578
0.0064,0.0000,0.0000,0.0000,0.0063,0.0000,200,9.1577
0.0063,0.0000,0.0000,0.0000,0.0063,0.0000,200,9.1577
0.0064,0.0000,0.0000,0.0000,0.0062,0.0002,200,9.1578
0.0062,0.0000,0.0000,0.0000,0.0062,0.0001,200,9.1641
0.0064,0.0000,0.0000,0.0000,0.0063,0.0001,200,9.1640
0.0064,0.0000,0.0000,0.0000,0.0063,0.0000,200,9.1641
0.0066,0.0000,0.0000,0.0000,0.0065,0.0000,200,9.1640
0.0065,0.0000,0.0000,0.0000,0.0064,0.0000,200,9.1705
0.0066,0.0000,0.0000,0.0000,0.0065,0.0001,200,9.1704
0.0078,0.0000,0.0000,0.0000,0.0077,0.0001,200,9.1706
0.0085,0.0000,0.0000,0.0000,0.0084,0.0000,200,9.1704
0.0074,0.0000,0.0000,0.0000,0.0073,0.0001,200,9.1770
0.0074,0.0000,0.0000,0.0000,0.0074,0.0000,200,9.1770
0.0066,0.0000,0.0000,0.0000,0.0066,0.0000,200,9.1785
0.0062,0.0000,0.0000,0.0000,0.0061,0.0000,200,9.1789
0.0069,0.0000,0.0000,0.0000,0.0068,0.0001,200,9.1844
0.0069,0.0000,0.0000,0.0000,0.0068,0.0001,200,9.1844
0.0063,0.0000,0.0000,0.0000,0.0063,0.0000,200,9.1851
0.0065,0.0000,0.0000,0.0000,0.0064,0.0001,200,9.1851
0.0063,0.0000,0.0000,0.0000,0.0062,0.0001,200,9.1913
0.0062,0.0000,0.0000,0.0000,0.0061,0.0001,200,9.1914
0.0064,0.0000,0.0000,0.0000,0.0063,0.0000,200,9.1913
0.0063,0.0000,0.0000,0.0000,0.0062,0.0001,200,9.1916
0.0064,0.0000,0.0000,0.0000,0.0062,0.0001,200,9.1976
0.0065,0.0000,0.0000,0.0000,0.0064,0.0000,200,9.1976
0.0062,0.0000,0.0000,0.0000,0.0062,0.0000,200,9.1979
0.0066,0.0000,0.0000,0.0000,0.0066,0.0000,200,9.1977
0.0064,0.0000,0.0000,0.0000,0.0063,0.0001,200,9.2039
0.0061,0.0000,0.0000,0.0000,0.0061,0.0000,200,9.2043
0.0063,0.0000,0.0000,0.0000,0.0062,0.0001,200,9.2041
0.0064,0.0000,0.0000,0.0000,0.0063,0.0000,200,9.2041
0.0063,0.0000,0.0000,0.0000,0.0062,0.0001,200,9.2104
0.0063,0.0000,0.0000,0.0000,0.0062,0.0000,200,9.2104
0.0063,0.0000,0.0000,0.0000,0.0062,0.0000,200,9.2104
0.0063,0.0000,0.0000,0.0000,0.0062,0.0000,200,9.2105
0.0063,0.0000,0.0000,0.0000,0.0063,0.0000,200,9.2168
0.0064,0.0000,0.0000,0.0000,0.0063,0.0000,200,9.2167
0.0064,0.0000,0.0000,0.0000,0.0063,0.0000,200,9.2167
0.0065,0.0000,0.0000,0.0000,0.0063,0.0001,200,9.2167
0.0062,0.0000,0.0000,0.0000,0.0061,0.0001,200,9.2231
0.0062,0.0000,0.0000,0.0000,0.0061,0.0000,200,9.2232
0.0062,0.0000,0.0000,0.0000,0.0061,0.0000,200,9.2231
0.0073,0.0000,0.0000,0.0000,0.0072,0.0000,200,9.2231
0.0063,0.0000,0.0000,0.0000,0.0062,0.0001,200,9.2293
0.0063,0.0000,0.0000,0.0000,0.0063,0.0000,200,9.2293
0.0065,0.0000,0.0000,0.0000,0.0064,0.0000,200,9.2293
0.0061,0.0000,0.0000,0.0000,0.0060,0.0000,200,9.2304
0.0062,0.0000,0.0000,0.0000,0.0062,0.0000,200,9.2358
0.0065,0.0000,0.0000,0.0000,0.0064,0.0000,200,9.2357
0.0070,0.0000,0.0000,0.0000,0.0069,0.0000,200,9.2357
0.0063,0.0000,0.0000,0.0000,0.0063,0.0000,200,9.2365
0.0066,0.0000,0.0000,0.0000,0.0065,0.0001,200,9.2421
0.0061,0.0000,0.0000,0.0000,0.0060,0.0000,200,9.2426
0.0066,0.0000,0.0000,0.0000,0.0065,0.0000,200,9.2421
0.0064,0.0000,0.0000,0.0000,0.0064,0.0000,200,9.2428
0.0065,0.0000,0.0000,0.0000,0.0065,0.0000,200,9.2487
0.0060,0.0000,0.0000,0.0000,0.0060,0.0000,200,9.2492
0.0065,0.0000,0.0000,0.0000,0.0065,0.0000,200,9.2487
0.0066,0.0000,0.0000,0.0000,0.0063,0.0002,200,9.2487
0.0064,0.0000,0.0000,0.0000,0.0063,0.0000,200,9.2552
0.0063,0.0000,0.0000,0.0000,0.0062,0.0001,200,9.2553
0.0064,0.0000,0.0000,0.0000,0.0063,0.0000,200,9.2552
0.0064,0.0000,0.0000,0.0000,0.0063,0.0000,200,9.2552
0.0063,0.0000,0.0000,0.0000,0.0062,0.0001,200,9.2616
0.0064,0.0000,0.0000,0.0000,0.0063,0.0000,200,9.2616
0.0064,0.0000,0.0000,0.0000,0.0064,0.0000,200,9.2616
0.0065,0.0000,0.0000,0.0000,0.0064,0.0001,200,9.2616
0.0063,0.0000,0.0000,0.0000,0.0062,0.0001,200,9.2681
0.0064,0.0000,0.0000,0.0000,0.0063,0.0001,200,9.2680
0.0064,0.0000,0.0000,0.0000,0.0063,0.0001,200,9.2680
0.0067,0.0000,0.0000,0.0000,0.0066,0.0000,200,9.2679
0.0067,0.0000,0.0000,0.0000,0.0066,0.0001,200,9.2744
0.0068,0.0000,0.0000,0.0000,0.0067,0.0000,200,9.2744
0.0066,0.0000,0.0000,0.0000,0.0066,0.0000,200,9.2746
0.0069,0.0000,0.0000,0.0000,0.0069,0.0000,200,9.2744
0.0065,0.0000,0.0000,0.0000,0.0064,0.0001,200,9.2812
0.0065,0.0000,0.0000,0.0000,0.0064,0.0000,200,9.2813
0.0067,0.0000,0.0000,0.0000,0.0066,0.0000,200,9.2812
0.0068,0.0000,0.0000,0.0000,0.0067,0.0000,200,9.2811
0.0064,0.0000,0.0000,0.0000,0.0063,0.0001,200,9.2879
0.0066,0.0000,0.0000,0.0000,0.0065,0.0000,200,9.2877
0.0065,0.0000,0.0000,0.0000,0.0064,0.0000,200,9.2878
0.0066,0.0000,0.0000,0.0000,0.0065,0.0000,200,9.2879
0.0063,0.0000,0.0000,0.0000,0.0063,0.0001,200,9.2945
0.0065,0.0000,0.0000,0.0000,0.0064,0.0001,200,9.2943
0.0065,0.0000,0.0000,0.0000,0.0065,0.0000,200,9.2943
0.0066,0.0000,0.0000,0.0000,0.0065,0.0000,200,9.2943
0.0067,0.0000,0.0000,0.0000,0.0066,0.0000,200,9.3008
0.0067,0.0000,0.0000,0.0000,0.0066,0.0001,200,9.3008
0.0067,0.0000,0.0000,0.0000,0.0066,0.0001,200,9.3008
0.0067,0.0000,0.0000,0.0000,0.0066,0.0001,200,9.3008
0.0066,0.0000,0.0000,0.0000,0.0065,0.0001,200,9.3075
0.0066,0.0000,0.0000,0.0000,0.0065,0.0001,200,9.3075
0.0070,0.0000,0.0000,0.0000,0.0070,0.0000,200,9.3076
0.0083,0.0000,0.0000,0.0000,0.0082,0.0000,200,9.3075
0.0064,0.0000,0.0000,0.0000,0.0063,0.0001,200,9.3141
0.0065,0.0000,0.0000,0.0000,0.0065,0.0000,200,9.3141
0.0063,0.0000,0.0000,0.0000,0.0062,0.0000,200,9.3146
0.0062,0.0000,0.0000,0.0000,0.0061,0.0000,200,9.3158
0.0065,0.0000,0.0000,0.0000,0.0064,0.0000,200,9.3207
0.0067,0.0000,0.0000,0.0000,0.0066,0.0000,200,9.3206
0.0065,0.0000,0.0000,0.0000,0.0064,0.0000,200,9.3209
0.0061,0.0000,0.0000,0.0000,0.0061,0.0000,200,9.3220
0.0063,0.0000,0.0000,0.0000,0.0062,0.0000,200,9.3273
0.0065,0.0000,0.0000,0.0000,0.0064,0.0001,200,9.3271
0.0064,0.0000,0.0000,0.0000,0.0063,0.0000,200,9.3273
0.0060,0.0000,0.0000,0.0000,0.0059,0.0000,200,9.3281
0.0065,0.0000,0.0000,0.0000,0.0064,0.0001,200,9.3336
0.0060,0.0000,0.0000,0.0000,0.0059,0.0000,200,9.3341
0.0065,0.0000,0.0000,0.0000,0.0064,0.0000,200,9.3336
0.0066,0.0000,0.0000,0.0000,0.0066,0.0000,200,9.3336
0.0065,0.0000,0.0000,0.0000,0.0064,0.0001,200,9.3401
0.0063,0.0000,0.0000,0.0000,0.0062,0.0001,200,9.3403
0.0065,0.0000,0.0000,0.0000,0.0064,0.0000,200,9.3401
0.0066,0.0000,0.0000,0.0000,0.0065,0.0000,200,9.3401
0.0063,0.0000,0.0000,0.0000,0.0062,0.0000,200,9.3466
0.0063,0.0000,0.0000,0.0000,0.0062,0.0001,200,9.3466
0.0062,0.0000,0.0000,0.0000,0.0061,0.0000,200,9.3467
0.0064,0.0000,0.0000,0.0000,0.0063,0.0000,200,9.3466
0.0064,0.0000,0.0000,0.0000,0.0063,0.0001,200,9.3529
0.0063,0.0000,0.0000,0.0000,0.0063,0.0001,200,9.3529
0.0065,0.0000,0.0000,0.0000,0.0064,0.0000,200,9.3528
0.0065,0.0000,0.0000,0.0000,0.0065,0.0000,200,9.3529
0.0064,0.0000,0.0000,0.0000,0.0063,0.0001,200,9.3593
0.0062,0.0000,0.0000,0.0000,0.0062,0.0000,200,9.3594
0.0064,0.0000,0.0000,0.0000,0.0062,0.0001,200,9.3593
0.0065,0.0000,0.0000,0.0000,0.0063,0.0000,200,9.3592
0.0062,0.0000,0.0000,0.0000,0.0061,0.0001,200,9.3656
0.0063,0.0000,0.0000,0.0000,0.0062,0.0000,200,9.3656
0.0062,0.0000,0.0000,0.0000,0.0061,0.0000,200,9.3657
0.0062,0.0000,0.0000,0.0000,0.0062,0.0000,200,9.3657
0.0064,0.0000,0.0000,0.0000,0.0063,0.0001,200,9.3719
0.0065,0.0000,0.0000,0.0000,0.0064,0.0000,200,9.3719
0.0067,0.0000,0.0000,0.0000,0.0066,0.0000,200,9.3719
0.0068,0.0000,0.0000,0.0000,0.0067,0.0000,200,9.3718
0.0066,0.0000,0.0000,0.0000,0.0065,0.0001,200,9.3784
0.0072,0.0000,0.0000,0.0002,0.0069,0.0001,200,9.3786
0.0079,0.0000,0.0000,0.0000,0.0078,0.0000,200,9.3783
0.0106,0.0000,0.0000,0.0001,0.0103,0.0000,200,9.3786
0.0062,0.0000,0.0000,0.0000,0.0062,0.0000,200,9.3850
0.0064,0.0000,0.0000,0.0000,0.0064,0.0000,200,9.3858
0.0060,0.0000,0.0000,0.0000,0.0060,0.0000,200,9.3862
0.0066,0.0000,0.0000,0.0000,0.0065,0.0001,200,9.3892
0.0062,0.0000,0.0000,0.0000,0.0061,0.0001,200,9.3912
0.0061,0.0000,0.0000,0.0000,0.0060,0.0001,200,9.3923
0.0064,0.0000,0.0000,0.0000,0.0063,0.0000,200,9.3923
0.0069,0.0000,0.0000,0.0000,0.0068,0.0001,200,9.3958
0.0072,0.0000,0.0000,0.0000,0.0070,0.0001,200,9.3974
0.0062,0.0000,0.0000,0.0000,0.0061,0.0001,200,9.3984
0.0061,0.0000,0.0000,0.0000,0.0061,0.0000,200,9.3986
0.0063,0.0000,0.0000,0.0000,0.0063,0.0000,200,9.4027
0.0078,0.0000,0.0000,0.0000,0.0078,0.0000,200,9.4047
0.0080,0.0000,0.0000,0.0000,0.0079,0.0000,200,9.4046
0.0081,0.0000,0.0000,0.0000,0.0081,0.0000,200,9.4045
0.0062,0.0000,0.0000,0.0000,0.0062,0.0001,200,9.4091
0.0065,0.0000,0.0000,0.0000,0.0064,0.0001,200,9.4126
0.0065,0.0000,0.0000,0.0000,0.0064,0.0000,200,9.4127
0.0066,0.0000,0.0000,0.0000,0.0065,0.0000,200,9.4126
0.0061,0.0000,0.0000,0.0000,0.0060,0.0001,200,9.4153
0.0062,0.0000,0.0000,0.0000,0.0061,0.0000,200,9.4191
0.0063,0.0000,0.0000,0.0000,0.0063,0.0000,200,9.4191
0.0072,0.0000,0.0000,0.0000,0.0071,0.0000,200,9.4191
0.0060,0.0000,0.0000,0.0000,0.0060,0.0000,200,9.4214
0.0062,0.0000,0.0000,0.0000,0.0061,0.0001,200,9.4253
0.0062,0.0000,0.0000,0.0000,0.0061,0.0001,200,9.4254
0.0063,0.0000,0.0000,0.0000,0.0062,0.0001,200,9.4263
0.0060,0.0000,0.0000,0.0000,0.0060,0.0000,200,9.4275
0.0062,0.0000,0.0000,0.0000,0.0061,0.0001,200,9.4316
0.0064,0.0000,0.0000,0.0000,0.0063,0.0000,200,9.4315
0.0064,0.0000,0.0000,0.0000,0.0063,0.0000,200,9.4326
0.0061,0.0000,0.0000,0.0000,0.0061,0.0000,200,9.4335
0.0065,0.0000,0.0000,0.0000,0.0064,0.0001,200,9.4379
0.0066,0.0000,0.0000,0.0000,0.0065,0.0001,200,9.4379
0.0062,0.0000,0.0000,0.0000,0.0062,0.0000,200,9.4389
0.0061,0.0000,0.0000,0.0000,0.0061,0.0000,200,9.4397
0.0066,0.0000,0.0000,0.0000,0.0065,0.0000,200,9.4444
0.0066,0.0000,0.0000,0.0000,0.0065,0.0001,200,9.4444
0.0063,0.0000,0.0000,0.0000,0.0062,0.0000,200,9.4452
0.0061,0.0000,0.0000,0.0000,0.0060,0.0000,200,9.4458
0.0068,0.0000,0.0000,0.0000,0.0067,0.0001,200,9.4510
0.0064,0.0000,0.0000,0.0000,0.0063,0.0001,200,9.4514
0.0069,0.0000,0.0000,0.0000,0.0067,0.0001,200,9.4510
0.0067,0.0000,0.0000,0.0000,0.0067,0.0001,200,9.4519
0.0068,0.0000,0.0000,0.0000,0.0066,0.0001,200,9.4578
0.0070,0.0000,0.0000,0.0000,0.0069,0.0000,200,9.4578
0.0070,0.0000,0.0000,0.0000,0.0070,0.0000,200,9.4579
0.0067,0.0000,0.0000,0.0000,0.0066,0.0000,200,9.4586
0.0075,0.0000,0.0000,0.0000,0.0073,0.0000,200,9.4646
0.0072,0.0000,0.0000,0.0001,0.0070,0.0001,200,9.4649
0.0070,0.0000,0.0000,0.0000,0.0070,0.0000,200,9.4654
0.0079,0.0000,0.0000,0.0000,0.0078,0.0000,200,9.4649
0.0068,0.0000,0.0000,0.0000,0.0067,0.0001,200,9.4721
0.0069,0.0000,0.0000,0.0000,0.0068,0.0000,200,9.4721
0.0066,0.0000,0.0000,0.0000,0.0065,0.0000,200,9.4724
0.0063,0.0000,0.0000,0.0000,0.0063,0.0000,200,9.4728
0.0068,0.0000,0.0000,0.0000,0.0067,0.0001,200,9.4789
0.0067,0.0000,0.0000,0.0000,0.0066,0.0001,200,9.4790
0.0069,0.0000,0.0000,0.0000,0.0069,0.0000,200,9.4792
0.0095,0.0000,0.0000,0.0000,0.0094,0.0001,200,9.4790
0.0070,0.0000,0.0000,0.0000,0.0069,0.0001,200,9.4857
0.0069,0.0000,0.0000,0.0000,0.0067,0.0001,200,9.4861
0.0073,0.0000,0.0000,0.0000,0.0073,0.0000,200,9.4857
0.0065,0.0000,0.0000,0.0000,0.0064,0.0001,200,9.4885
0.0079,0.0000,0.0000,0.0000,0.0078,0.0001,200,9.4927
0.0076,0.0000,0.0000,0.0002,0.0074,0.0001,200,9.4930
0.0076,0.0000,0.0000,0.0000,0.0075,0.0001,200,9.4930
0.0074,0.0000,0.0000,0.0000,0.0073,0.0000,200,9.4950
0.0065,0.0000,0.0000,0.0000,0.0064,0.0001,200,9.5006
0.0067,0.0000,0.0000,0.0000,0.0066,0.0000,200,9.5006
0.0075,0.0000,0.0000,0.0000,0.0074,0.0000,200,9.5006
0.0090,0.0000,0.0000,0.0000,0.0089,0.0001,200,9.5023
0.0065,0.0000,0.0000,0.0000,0.0065,0.0000,200,9.5073
0.0068,0.0000,0.0000,0.0000,0.0068,0.0000,200,9.5071
0.0068,0.0000,0.0000,0.0000,0.0067,0.0001,200,9.5081
0.0079,0.0000,0.0000,0.0001,0.0077,0.0001,200,9.5114
0.0067,0.0000,0.0000,0.0000,0.0066,0.0001,200,9.5138
0.0067,0.0000,0.0000,0.0000,0.0066,0.0000,200,9.5139
0.0069,0.0000,0.0000,0.0000,0.0069,0.0000,200,9.5149
0.0072,0.0000,0.0000,0.0000,0.0070,0.0001,200,9.5193
0.0067,0.0000,0.0000,0.0000,0.0066,0.0000,200,9.5206
0.0063,0.0000,0.0000,0.0000,0.0062,0.0000,200,9.5219
0.0071,0.0000,0.0000,0.0000,0.0070,0.0001,200,9.5264
0.0076,0.0000,0.0000,0.0000,0.0076,0.0000,200,9.5272
0.0073,0.0000,0.0000,0.0000,0.0072,0.0000,200,9.5281
0.0151,0.0000,0.0000,0.0000,0.0151,0.0000,200,9.5205
0.0068,0.0000,0.0000,0.0000,0.0067,0.0001,200,9.5336
0.0064,0.0000,0.0000,0.0000,0.0063,0.0001,200,9.5354
0.0063,0.0000,0.0000,0.0000,0.0063,0.0000,200,9.5357
0.0075,0.0000,0.0000,0.0000,0.0074,0.0000,200,9.5349
0.0068,0.0000,0.0000,0.0000,0.0066,0.0001,200,9.5404
0.0064,0.0000,0.0000,0.0000,0.0063,0.0000,200,9.5418
0.0063,0.0000,0.0000,0.0000,0.0062,0.0000,200,9.5420
0.0063,0.0000,0.0000,0.0000,0.0063,0.0000,200,9.5424
0.0067,0.0000,0.0000,0.0000,0.0066,0.0001,200,9.5471
0.0063,0.0000,0.0000,0.0000,0.0063,0.0000,200,9.5482
0.0066,0.0000,0.0000,0.0000,0.0066,0.0000,200,9.5483
0.0062,0.0000,0.0000,0.0000,0.0062,0.0000,200,9.5487
0.0068,0.0000,0.0000,0.0000,0.0067,0.0001,200,9.5538
0.0063,0.0000,0.0000,0.0000,0.0062,0.0000,200,9.5549
0.0065,0.0000,0.0000,0.0000,0.0064,0.0001,200,9.5549
0.0072,0.0000,0.0000,0.0000,0.0071,0.0000,200,9.5545
0.0067,0.0000,0.0000,0.0000,0.0066,0.0001,200,9.5606
0.0062,0.0000,0.0000,0.0000,0.0062,0.0000,200,9.5612
0.0063,0.0000,0.0000,0.0000,0.0062,0.0000,200,9.5615
0.0060,0.0000,0.0000,0.0000,0.0060,0.0000,200,9.5617
0.0066,0.0000,0.0000,0.0000,0.0065,0.0001,200,9.5674
0.0071,0.0000,0.0000,0.0000,0.0069,0.0001,200,9.5674
0.0067,0.0000,0.0000,0.0000,0.0067,0.0000,200,9.5678
0.0069,0.0000,0.0000,0.0000,0.0069,0.0000,200,9.5678
0.0067,0.0000,0.0000,0.0000,0.0066,0.0001,200,9.5740
0.0061,0.0000,0.0000,0.0000,0.0060,0.0000,200,9.5747
0.0063,0.0000,0.0000,0.0000,0.0062,0.0000,200,9.5745
0.0066,0.0000,0.0000,0.0000,0.0065,0.0000,200,9.5745
0.0063,0.0000,0.0000,0.0000,0.0062,0.0001,200,9.5808
0.0064,0.0000,0.0000,0.0000,0.0063,0.0001,200,9.5807
0.0064,0.0000,0.0000,0.0000,0.0064,0.0000,200,9.5808
0.0075,0.0000,0.0000,0.0000,0.0074,0.0000,200,9.5811
0.0063,0.0000,0.0000,0.0000,0.0062,0.0001,200,9.5871
0.0065,0.0000,0.0000,0.0000,0.0065,0.0000,200,9.5872
0.0067,0.0000,0.0000,0.0000,0.0066,0.0000,200,9.5871
0.0063,0.0000,0.0000,0.0000,0.0062,0.0001,200,9.5886
0.0069,0.0000,0.0000,0.0000,0.0068,0.0001,200,9.5938
0.0071,0.0000,0.0000,0.0000,0.0071,0.0000,200,9.5937
0.0074,0.0000,0.0000,0.0000,0.0074,0.0000,200,9.5934
0.0069,0.0000,0.0000,0.0000,0.0069,0.0000,200,9.5949
0.0067,0.0000,0.0000,0.0000,0.0065,0.0001,200,9.6007
0.0071,0.0000,0.0000,0.0000,0.0070,0.0000,200,9.6009
0.0072,0.0000,0.0000,0.0000,0.0071,0.0000,200,9.6009
0.0064,0.0000,0.0000,0.0000,0.0063,0.0000,200,9.6018
0.0070,0.0000,0.0000,0.0000,0.0069,0.0001,200,9.6073
0.0064,0.0000,0.0000,0.0000,0.0064,0.0000,200,9.6082
0.0067,0.0000,0.0000,0.0000,0.0066,0.0001,200,9.6080
0.0066,0.0000,0.0000,0.0000,0.0066,0.0000,200,9.6081
0.0063,0.0000,0.0000,0.0000,0.0063,0.0001,200,9.6146
0.0063,0.0000,0.0000,0.0000,0.0062,0.0001,200,9.6147
0.0066,0.0000,0.0000,0.0000,0.0066,0.0000,200,9.6144
0.0065,0.0000,0.0000,0.0000,0.0064,0.0000,200,9.6146
0.0064,0.0000,0.0000,0.0000,0.0063,0.0001,200,9.6210
0.0065,0.0000,0.0000,0.0000,0.0065,0.0000,200,9.6210
0.0066,0.0000,0.0000,0.0000,0.0065,0.0000,200,9.6210
0.0065,0.0000,0.0000,0.0000,0.0065,0.0000,200,9.6211
0.0062,0.0000,0.0000,0.0000,0.0062,0.0001,200,9.6276
0.0063,0.0000,0.0000,0.0000,0.0062,0.0000,200,9.6275
0.0063,0.0000,0.0000,0.0000,0.0062,0.0000,200,9.6275
0.0065,0.0000,0.0000,0.0000,0.0063,0.0001,200,9.6274
0.0064,0.0000,0.0000,0.0000,0.0063,0.0001,200,9.6339
0.0065,0.0000,0.0000,0.0000,0.0064,0.0001,200,9.6338
0.0065,0.0000,0.0000,0.0000,0.0064,0.0001,200,9.6338
0.0077,0.0000,0.0000,0.0000,0.0076,0.0000,200,9.6338
0.0067,0.0000,0.0000,0.0000,0.0066,0.0000,200,9.6403
0.0067,0.0000,0.0000,0.0000,0.0065,0.0000,200,9.6403
0.0067,0.0000,0.0000,0.0000,0.0066,0.0001,200,9.6403
0.0067,0.0000,0.0000,0.0000,0.0066,0.0000,200,9.6415
0.0063,0.0000,0.0000,0.0000,0.0062,0.0001,200,9.6470
0.0064,0.0000,0.0000,0.0000,0.0063,0.0000,200,9.6470
0.0065,0.0000,0.0000,0.0000,0.0064,0.0000,200,9.6470
0.0062,0.0000,0.0000,0.0000,0.0062,0.0000,200,9.6482
0.0063,0.0000,0.0000,0.0000,0.0062,0.0000,200,9.6534
0.0064,0.0000,0.0000,0.0000,0.0063,0.0000,200,9.6533
0.0062,0.0000,0.0000,0.0000,0.0062,0.0000,200,9.6534
0.0061,0.0000,0.0000,0.0000,0.0060,0.0000,200,9.6545
0.0065,0.0000,0.0000,0.0000,0.0064,0.0001,200,9.6597
0.0065,0.0000,0.0000,0.0000,0.0064,0.0001,200,9.6597
0.0065,0.0000,0.0000,0.0000,0.0065,0.0000,200,9.6597
0.0063,0.0000,0.0000,0.0000,0.0062,0.0000,200,9.6606
0.0069,0.0000,0.0000,0.0000,0.0068,0.0000,200,9.6661
0.0068,0.0000,0.0000,0.0000,0.0068,0.0000,200,9.6662
0.0062,0.0000,0.0000,0.0000,0.0061,0.0000,200,9.6669
0.0070,0.0000,0.0000,0.0000,0.0069,0.0000,200,9.6661
0.0065,0.0000,0.0000,0.0000,0.0064,0.0001,200,9.6731
0.0066,0.0000,0.0000,0.0000,0.0065,0.0000,200,9.6731
0.0074,0.0000,0.0000,0.0000,0.0073,0.0001,200,9.6731
0.0083,0.0000,0.0000,0.0000,0.0082,0.0000,200,9.6731
0.0065,0.0000,0.0000,0.0000,0.0064,0.0001,200,9.6796
0.0068,0.0000,0.0000,0.0000,0.0067,0.0000,200,9.6797
0.0072,0.0000,0.0000,0.0000,0.0071,0.0000,200,9.6804
0.0063,0.0000,0.0000,0.0000,0.0062,0.0000,200,9.6814
0.0072,0.0000,0.0000,0.0000,0.0071,0.0001,200,9.6861
0.0068,0.0000,0.0000,0.0000,0.0067,0.0000,200,9.6865
0.0065,0.0000,0.0000,0.0000,0.0064,0.0000,200,9.6876
0.0067,0.0000,0.0000,0.0000,0.0066,0.0001,200,9.6876
0.0066,0.0000,0.0000,0.0000,0.0065,0.0001,200,9.6933
0.0068,0.0000,0.0000,0.0000,0.0067,0.0000,200,9.6933
0.0063,0.0000,0.0000,0.0000,0.0063,0.0000,200,9.6941
0.0074,0.0000,0.0000,0.0000,0.0073,0.0000,200,9.6944
0.0064,0.0000,0.0000,0.0000,0.0063,0.0000,200,9.7001
0.0074,0.0000,0.0000,0.0000,0.0073,0.0000,200,9.6999
0.0074,0.0000,0.0000,0.0000,0.0073,0.0000,200,9.7004
0.0072,0.0000,0.0000,0.0000,0.0071,0.0000,200,9.7017
0.0062,0.0000,0.0000,0.0000,0.0061,0.0000,200,9.7065
0.0061,0.0000,0.0000,0.0000,0.0060,0.0000,200,9.7073
0.0059,0.0000,0.0000,0.0000,0.0059,0.0000,200,9.7078
0.0064,0.0000,0.0000,0.0000,0.0063,0.0000,200,9.7089
0.0066,0.0000,0.0000,0.0000,0.0066,0.0000,200,9.7127
0.0064,0.0000,0.0000,0.0000,0.0064,0.0000,200,9.7134
0.0088,0.0000,0.0000,0.0000,0.0087,0.0000,200,9.7137
0.0072,0.0000,0.0000,0.0000,0.0071,0.0000,200,9.7153
0.0069,0.0000,0.0000,0.0000,0.0068,0.0001,200,9.7198
0.0074,0.0000,0.0000,0.0000,0.0073,0.0000,200,9.7194
0.0064,0.0000,0.0000,0.0000,0.0063,0.0001,200,9.7225
0.0066,0.0000,0.0000,0.0000,0.0065,0.0000,200,9.7225
0.0064,0.0000,0.0000,0.0000,0.0063,0.0001,200,9.7268
0.0065,0.0000,0.0000,0.0000,0.0064,0.0000,200,9.7267
0.0061,0.0000,0.0000,0.0000,0.0060,0.0000,200,9.7291
0.0063,0.0000,0.0000,0.0000,0.0062,0.0000,200,9.7289
0.0074,0.0000,0.0000,0.0000,0.0073,0.0001,200,9.7331
0.0073,0.0000,0.0000,0.0000,0.0072,0.0001,200,9.7332
0.0068,0.0000,0.0000,0.0000,0.0067,0.0000,200,9.7352
0.0069,0.0000,0.0000,0.0000,0.0067,0.0002,200,9.7352
0.0069,0.0000,0.0000,0.0000,0.0068,0.0001,200,9.7405
0.0070,0.0000,0.0000,0.0000,0.0069,0.0000,200,9.7405
0.0086,0.0000,0.0000,0.0000,0.0085,0.0001,200,9.7421
0.0089,0.0000,0.0000,0.0000,0.0088,0.0000,200,9.7420
0.0065,0.0000,0.0000,0.0000,0.0064,0.0000,200,9.7474
0.0065,0.0000,0.0000,0.0000,0.0064,0.0000,200,9.7475
0.0064,0.0000,0.0000,0.0000,0.0063,0.0000,200,9.7507
0.0063,0.0000,0.0000,0.0000,0.0062,0.0000,200,9.7509
0.0063,0.0000,0.0000,0.0000,0.0062,0.0000,200,9.7540
0.0063,0.0000,0.0000,0.0000,0.0062,0.0000,200,9.7540
0.0064,0.0000,0.0000,0.0000,0.0063,0.0000,200,9.7571
0.0064,0.0000,0.0000,0.0000,0.0063,0.0001,200,9.7571
0.0083,0.0000,0.0000,0.0000,0.0082,0.0001,200,9.7603
0.0084,0.0000,0.0000,0.0000,0.0084,0.0000,200,9.7603
0.0067,0.0000,0.0000,0.0000,0.0066,0.0001,200,9.7635
0.0073,0.0000,0.0000,0.0000,0.0072,0.0001,200,9.7635
0.0078,0.0000,0.0000,0.0000,0.0077,0.0001,200,9.7686
0.0069,0.0000,0.0000,0.0000,0.0068,0.0000,200,9.7703
0.0084,0.0000,0.0000,0.0000,0.0084,0.0000,200,9.7687
0.0065,0.0000,0.0000,0.0000,0.0064,0.0000,200,9.7708
0.0065,0.0000,0.0000,0.0000,0.0064,0.0001,200,9.7772
0.0064,0.0000,0.0000,0.0000,0.0064,0.0001,200,9.7772
0.0065,0.0000,0.0000,0.0000,0.0064,0.0000,200,9.7773
0.0073,0.0000,0.0000,0.0000,0.0073,0.0000,200,9.7764
0.0067,0.0000,0.0000,0.0000,0.0066,0.0001,200,9.7837
0.0067,0.0000,0.0000,0.0000,0.0066,0.0001,200,9.7837
0.0068,0.0000,0.0000,0.0000,0.0067,0.0001,200,9.7836
0.0077,0.0000,0.0000,0.0000,0.0076,0.0001,200,9.7836
0.0070,0.0000,0.0000,0.0000,0.0069,0.0001,200,9.7904
0.0070,0.0000,0.0000,0.0000,0.0069,0.0000,200,9.7904
0.0071,0.0000,0.0000,0.0000,0.0070,0.0000,200,9.7904
0.0064,0.0000,0.0000,0.0000,0.0063,0.0001,200,9.7913
0.0064,0.0000,0.0000,0.0001,0.0063,0.0001,200,9.7978
0.0068,0.0000,0.0000,0.0000,0.0067,0.0000,200,9.7974
0.0068,0.0000,0.0000,0.0000,0.0068,0.0000,200,9.7974
0.0078,0.0000,0.0000,0.0000,0.0077,0.0000,200,9.7974
0.0066,0.0000,0.0000,0.0000,0.0065,0.0001,200,9.8042
0.0069,0.0000,0.0000,0.0000,0.0069,0.0000,200,9.8042
0.0069,0.0000,0.0000,0.0000,0.0069,0.0000,200,9.8042
0.0062,0.0000,0.0000,0.0000,0.0061,0.0000,200,9.8052
0.0067,0.0000,0.0000,0.0000,0.0065,0.0001,200,9.8108
0.0064,0.0000,0.0000,0.0000,0.0063,0.0001,200,9.8112
0.0065,0.0000,0.0000,0.0000,0.0064,0.0000,200,9.8112
0.0063,0.0000,0.0000,0.0000,0.0062,0.0000,200,9.8114
0.0062,0.0000,0.0000,0.0000,0.0061,0.0001,200,9.8176
0.0062,0.0000,0.0000,0.0000,0.0061,0.0000,200,9.8177
0.0064,0.0000,0.0000,0.0000,0.0063,0.0000,200,9.8175
0.0064,0.0000,0.0000,0.0000,0.0063,0.0000,200,9.8175
0.0062,0.0000,0.0000,0.0000,0.0061,0.0001,200,9.8238
0.0063,0.0000,0.0000,0.0000,0.0062,0.0000,200,9.8238
0.0062,0.0000,0.0000,0.0000,0.0062,0.0000,200,9.8239
0.0063,0.0000,0.0000,0.0000,0.0063,0.0000,200,9.8239
0.0068,0.0000,0.0000,0.0000,0.0067,0.0001,200,9.8301
0.0067,0.0000,0.0000,0.0000,0.0066,0.0000,200,9.8302
0.0068,0.0000,0.0000,0.0000,0.0067,0.0001,200,9.8301
0.0080,0.0000,0.0000,0.0000,0.0079,0.0000,200,9.8300
0.0066,0.0000,0.0000,0.0000,0.0066,0.0000,200,9.8369
0.0066,0.0000,0.0000,0.0000,0.0065,0.0000,200,9.8369
0.0066,0.0000,0.0000,0.0000,0.0065,0.0000,200,9.8369
0.0060,0.0000,0.0000,0.0000,0.0060,0.0000,200,9.8380
0.0064,0.0000,0.0000,0.0000,0.0063,0.0000,200,9.8435
0.0064,0.0000,0.0000,0.0000,0.0063,0.0000,200,9.8435
0.0064,0.0000,0.0000,0.0000,0.0063,0.0000,200,9.8435
0.0075,0.0000,0.0000,0.0000,0.0075,0.0001,200,9.8440
0.0062,0.0000,0.0000,0.0000,0.0060,0.0001,200,9.8499
0.0062,0.0000,0.0000,0.0000,0.0061,0.0001,200,9.8499
0.0062,0.0000,0.0000,0.0000,0.0062,0.0000,200,9.8499
0.0065,0.0000,0.0000,0.0000,0.0064,0.0001,200,9.8516
0.0064,0.0000,0.0000,0.0000,0.0064,0.0001,200,9.8561
0.0066,0.0000,0.0000,0.0000,0.0065,0.0000,200,9.8561
0.0068,0.0000,0.0000,0.0000,0.0067,0.0000,200,9.8561
0.0062,0.0000,0.0000,0.0000,0.0061,0.0000,200,9.8581
0.0065,0.0000,0.0000,0.0000,0.0064,0.0001,200,9.8625
0.0065,0.0000,0.0000,0.0000,0.0065,0.0000,200,9.8627
0.0063,0.0000,0.0000,0.0000,0.0063,0.0000,200,9.8629
0.0063,0.0000,0.0000,0.0000,0.0062,0.0001,200,9.8642
0.0063,0.0000,0.0000,0.0000,0.0062,0.0000,200,9.8691
0.0063,0.0000,0.0000,0.0000,0.0063,0.0000,200,9.8692
0.0064,0.0000,0.0000,0.0000,0.0063,0.0000,200,9.8692
0.0063,0.0000,0.0000,0.0000,0.0062,0.0000,200,9.8706
0.0066,0.0000,0.0000,0.0000,0.0065,0.0001,200,9.8754
0.0065,0.0000,0.0000,0.0000,0.0064,0.0001,200,9.8755
0.0064,0.0000,0.0000,0.0000,0.0064,0.0000,200,9.8756
0.0063,0.0000,0.0000,0.0000,0.0062,0.0000,200,9.8768
0.0062,0.0000,0.0000,0.0000,0.0061,0.0001,200,9.8820
0.0063,0.0000,0.0000,0.0000,0.0062,0.0000,200,9.8820
0.0063,0.0000,0.0000,0.0000,0.0063,0.0000,200,9.8820
0.0061,0.0000,0.0000,0.0000,0.0060,0.0000,200,9.8831
0.0061,0.0000,0.0000,0.0000,0.0061,0.0000,200,9.8883
0.0063,0.0000,0.0000,0.0000,0.0062,0.0000,200,9.8882
0.0062,0.0000,0.0000,0.0000,0.0062,0.0000,200,9.8883
0.0061,0.0000,0.0000,0.0000,0.0060,0.0000,200,9.8892
0.0064,0.0000,0.0000,0.0000,0.0063,0.0001,200,9.8945
0.0064,0.0000,0.0000,0.0000,0.0063,0.0001,200,9.8945
0.0064,0.0000,0.0000,0.0000,0.0064,0.0000,200,9.8945
0.0064,0.0000,0.0000,0.0000,0.0063,0.0001,200,9.8953
0.0062,0.0000,0.0000,0.0000,0.0061,0.0000,200,9.9009
0.0063,0.0000,0.0000,0.0000,0.0062,0.0001,200,9.9009
0.0064,0.0000,0.0000,0.0000,0.0063,0.0000,200,9.9009
0.0069,0.0000,0.0000,0.0000,0.0069,0.0000,200,9.9017
0.0072,0.0000,0.0000,0.0000,0.0071,0.0001,200,9.9071
0.0072,0.0000,0.0000,0.0000,0.0071,0.0000,200,9.9072
0.0062,0.0000,0.0000,0.0000,0.0061,0.0000,200,9.9086
0.0076,0.0000,0.0000,0.0000,0.0070,0.0006,200,9.9073
0.0068,0.0000,0.0000,0.0000,0.0067,0.0000,200,9.9148
0.0074,0.0000,0.0000,0.0000,0.0074,0.0000,200,9.9143
0.0068,0.0000,0.0000,0.0000,0.0068,0.0000,200,9.9150
0.0075,0.0000,0.0000,0.0000,0.0074,0.0000,200,9.9144
0.0070,0.0000,0.0000,0.0000,0.0070,0.0001,200,9.9218
0.0071,0.0000,0.0000,0.0000,0.0071,0.0000,200,9.9218
0.0073,0.0000,0.0000,0.0000,0.0073,0.0000,200,9.9216
0.0073,0.0000,0.0000,0.0000,0.0073,0.0000,200,9.9217
0.0068,0.0000,0.0000,0.0000,0.0067,0.0000,200,9.9290
0.0069,0.0000,0.0000,0.0000,0.0068,0.0000,200,9.9289
0.0071,0.0000,0.0000,0.0000,0.0066,0.0005,200,9.9289
0.0073,0.0000,0.0000,0.0000,0.0073,0.0000,200,9.9290
0.0066,0.0000,0.0000,0.0000,0.0065,0.0000,200,9.9360
0.0064,0.0000,0.0000,0.0000,0.0063,0.0000,200,9.9363
0.0069,0.0000,0.0000,0.0000,0.0066,0.0003,200,9.9358
0.0070,0.0000,0.0000,0.0000,0.0069,0.0000,200,9.9358
0.0088,0.0000,0.0000,0.0000,0.0087,0.0001,200,9.9426
0.0089,0.0000,0.0000,0.0000,0.0088,0.0001,200,9.9427
0.0089,0.0000,0.0000,0.0000,0.0088,0.0000,200,9.9427
0.0090,0.0000,0.0000,0.0000,0.0090,0.0000,200,9.9428
0.0072,0.0000,0.0000,0.0000,0.0072,0.0000,200,9.9516
0.0072,0.0000,0.0000,0.0000,0.0071,0.0000,200,9.9516
0.0070,0.0000,0.0000,0.0000,0.0069,0.0001,200,9.9518
0.0083,0.0000,0.0000,0.0000,0.0082,0.0000,200,9.9514
0.0073,0.0000,0.0000,0.0004,0.0065,0.0001,200,9.9588
0.0074,0.0000,0.0000,0.0000,0.0070,0.0000,200,9.9588
0.0065,0.0000,0.0000,0.0000,0.0065,0.0000,200,9.9597
0.0075,0.0000,0.0000,0.0000,0.0071,0.0000,200,9.9588
0.0073,0.0000,0.0000,0.0000,0.0072,0.0001,200,9.9661
0.0073,0.0000,0.0000,0.0000,0.0072,0.0001,200,9.9662
0.0073,0.0000,0.0000,0.0000,0.0073,0.0000,200,9.9662
0.0073,0.0000,0.0000,0.0000,0.0073,0.0000,200,9.9663
0.0068,0.0000,0.0000,0.0000,0.0067,0.0001,200,9.9735
0.0070,0.0000,0.0000,0.0000,0.0069,0.0000,200,9.9735
0.0072,0.0000,0.0000,0.0000,0.0071,0.0000,200,9.9736
0.0074,0.0000,0.0000,0.0000,0.0072,0.0001,200,9.9735
0.0066,0.0000,0.0000,0.0000,0.0066,0.0001,200,9.9807
0.0065,0.0000,0.0000,0.0000,0.0064,0.0000,200,9.9809
0.0071,0.0000,0.0000,0.0000,0.0070,0.0001,200,9.9803
0.0089,0.0000,0.0000,0.0000,0.0088,0.0001,200,9.9804
0.0070,0.0000,0.0000,0.0000,0.0069,0.0001,200,9.9874
0.0070,0.0000,0.0000,0.0000,0.0069,0.0001,200,9.9874
0.0075,0.0000,0.0000,0.0000,0.0070,0.0004,200,9.9874
0.0066,0.0000,0.0000,0.0000,0.0065,0.0001,200,9.9894
0.0073,0.0000,0.0000,0.0000,0.0070,0.0002,200,9.9944
0.0068,0.0000,0.0000,0.0000,0.0068,0.0000,200,9.9949
0.0073,0.0000,0.0000,0.0000,0.0073,0.0000,200,9.9944
0.0072,0.0000,0.0000,0.0000,0.0071,0.0001,200,9.9960
0.0078,0.0000,0.0000,0.0000,0.0077,0.0001,200,10.0017
0.0078,0.0000,0.0000,0.0000,0.0077,0.0001,200,10.0018
0.0079,0.0000,0.0000,0.0000,0.0078,0.0000,200,10.0017
0.0072,0.0000,0.0000,0.0000,0.0070,0.0001,200,10.0032
0.0069,0.0000,0.0000,0.0000,0.0068,0.0000,200,10.0096
0.0071,0.0000,0.0000,0.0000,0.0068,0.0003,200,10.0095
0.0086,0.0000,0.0000,0.0000,0.0085,0.0000,200,10.0095
0.0077,0.0000,0.0000,0.0000,0.0076,0.0001,200,10.0104
0.0065,0.0000,0.0000,0.0000,0.0064,0.0000,200,10.0167
0.0068,0.0000,0.0000,0.0000,0.0067,0.0000,200,10.0165
0.0097,0.0000,0.0000,0.0000,0.0096,0.0001,200,10.0181
0.0105,0.0000,0.0000,0.0000,0.0096,0.0009,200,10.0181
0.0073,0.0000,0.0000,0.0000,0.0073,0.0001,200,10.0233
0.0076,0.0000,0.0000,0.0000,0.0076,0.0000,200,10.0232
0.0081,0.0000,0.0000,0.0000,0.0080,0.0001,200,10.0278
0.0087,0.0000,0.0000,0.0000,0.0086,0.0000,200,10.0286
0.0066,0.0000,0.0000,0.0000,0.0065,0.0000,200,10.0308
0.0067,0.0000,0.0000,0.0000,0.0066,0.0000,200,10.0307
0.0068,0.0000,0.0000,0.0000,0.0067,0.0001,200,10.0373
0.0068,0.0000,0.0000,0.0000,0.0067,0.0001,200,10.0373
0.0069,0.0000,0.0000,0.0000,0.0069,0.0000,200,10.0373
0.0083,0.0000,0.0000,0.0000,0.0083,0.0000,200,10.0359
0.0064,0.0000,0.0000,0.0000,0.0063,0.0001,200,10.0441
0.0065,0.0000,0.0000,0.0000,0.0065,0.0000,200,10.0441
0.0068,0.0000,0.0000,0.0000,0.0067,0.0001,200,10.0443
0.0073,0.0000,0.0000,0.0000,0.0073,0.0000,200,10.0443
0.0067,0.0000,0.0000,0.0000,0.0066,0.0001,200,10.0507
0.0069,0.0000,0.0000,0.0000,0.0068,0.0000,200,10.0510
0.0074,0.0000,0.0000,0.0000,0.0073,0.0000,200,10.0506
0.0072,0.0000,0.0000,0.0000,0.0071,0.0000,200,10.0516
0.0072,0.0000,0.0000,0.0000,0.0071,0.0001,200,10.0574
0.0067,0.0000,0.0000,0.0000,0.0066,0.0001,200,10.0579
0.0066,0.0000,0.0000,0.0000,0.0066,0.0000,200,10.0580
0.0072,0.0000,0.0000,0.0000,0.0071,0.0000,200,10.0588
0.0066,0.0000,0.0000,0.0000,0.0065,0.0001,200,10.0646
0.0066,0.0000,0.0000,0.0000,0.0065,0.0000,200,10.0646
0.0071,0.0000,0.0000,0.0000,0.0070,0.0000,200,10.0646
0.0068,0.0000,0.0000,0.0000,0.0068,0.0000,200,10.0660
0.0080,0.0000,0.0000,0.0000,0.0079,0.0001,200,10.0712
0.0077,0.0000,0.0000,0.0000,0.0076,0.0000,200,10.0717
0.0066,0.0000,0.0000,0.0000,0.0066,0.0000,200,10.0729
0.0124,0.0000,0.0000,0.0000,0.0123,0.0000,200,10.0712
0.0066,0.0000,0.0000,0.0000,0.0065,0.0000,200,10.0792
0.0066,0.0000,0.0000,0.0000,0.0066,0.0000,200,10.0793
0.0083,0.0000,0.0000,0.0000,0.0082,0.0001,200,10.0795
0.0062,0.0000,0.0000,0.0000,0.0061,0.0000,200,10.0836
0.0063,0.0000,0.0000,0.0000,0.0062,0.0000,200,10.0858
0.0064,0.0000,0.0000,0.0000,0.0063,0.0000,200,10.0860
0.0064,0.0000,0.0000,0.0000,0.0063,0.0000,200,10.0878
0.0080,0.0000,0.0000,0.0000,0.0079,0.0000,200,10.0898
0.0063,0.0000,0.0000,0.0000,0.0063,0.0000,200,10.0921
0.0062,0.0000,0.0000,0.0000,0.0061,0.0000,200,10.0923
0.0060,0.0000,0.0000,0.0000,0.0060,0.0000,200,10.0942
0.0064,0.0000,0.0000,0.0000,0.0063,0.0001,200,10.0978
0.0061,0.0000,0.0000,0.0000,0.0060,0.0000,200,10.0984
0.0060,0.0000,0.0000,0.0000,0.0059,0.0000,200,10.0985
0.0077,0.0000,0.0000,0.0000,0.0076,0.0001,200,10.1002
0.0061,0.0000,0.0000,0.0000,0.0061,0.0000,200,10.1045
0.0065,0.0000,0.0000,0.0000,0.0064,0.0000,200,10.1042
0.0062,0.0000,0.0000,0.0000,0.0062,0.0000,200,10.1045
0.0063,0.0000,0.0000,0.0000,0.0062,0.0001,200,10.1079
0.0064,0.0000,0.0000,0.0000,0.0063,0.0000,200,10.1107
0.0063,0.0000,0.0000,0.0000,0.0063,0.0000,200,10.1108
0.0064,0.0000,0.0000,0.0000,0.0063,0.0000,200,10.1108
0.0062,0.0000,0.0000,0.0000,0.0061,0.0001,200,10.1142
0.0063,0.0000,0.0000,0.0000,0.0062,0.0000,200,10.1170
0.0062,0.0000,0.0000,0.0000,0.0061,0.0000,200,10.1171
0.0062,0.0000,0.0000,0.0000,0.0061,0.0001,200,10.1171
0.0069,0.0000,0.0000,0.0000,0.0068,0.0001,200,10.1204
0.0063,0.0000,0.0000,0.0000,0.0062,0.0000,200,10.1233
0.0063,0.0000,0.0000,0.0000,0.0062,0.0000,200,10.1233
0.0063,0.0000,0.0000,0.0000,0.0062,0.0000,200,10.1233
0.0065,0.0000,0.0000,0.0000,0.0064,0.0001,200,10.1273
0.0063,0.0000,0.0000,0.0000,0.0062,0.0001,200,10.1296
0.0064,0.0000,0.0000,0.0000,0.0064,0.0000,200,10.1296
0.0066,0.0000,0.0000,0.0000,0.0066,0.0000,200,10.1296
0.0064,0.0000,0.0000,0.0000,0.0063,0.0001,200,10.1338
0.0063,0.0000,0.0000,0.0000,0.0062,0.0000,200,10.1361
0.0064,0.0000,0.0000,0.0000,0.0063,0.0000,200,10.1359
0.0065,0.0000,0.0000,0.0000,0.0064,0.0000,200,10.1363
0.0071,0.0000,0.0000,0.0000,0.0070,0.0000,200,10.1402
0.0065,0.0000,0.0000,0.0000,0.0064,0.0001,200,10.1423
0.0066,0.0000,0.0000,0.0000,0.0066,0.0000,200,10.1423
0.0062,0.0000,0.0000,0.0000,0.0062,0.0000,200,10.1427
0.0064,0.0000,0.0000,0.0000,0.0063,0.0001,200,10.1473
0.0062,0.0000,0.0000,0.0000,0.0062,0.0000,200,10.1490
0.0063,0.0000,0.0000,0.0000,0.0062,0.0000,200,10.1490
0.0067,0.0000,0.0000,0.0000,0.0062,0.0000,200,10.1488
0.0065,0.0000,0.0000,0.0000,0.0064,0.0001,200,10.1538
0.0063,0.0000,0.0000,0.0000,0.0063,0.0000,200,10.1552
0.0064,0.0000,0.0000,0.0000,0.0064,0.0000,200,10.1555
0.0071,0.0000,0.0000,0.0000,0.0069,0.0000,200,10.1553
0.0063,0.0000,0.0000,0.0000,0.0062,0.0001,200,10.1603
0.0061,0.0000,0.0000,0.0000,0.0060,0.0000,200,10.1615
0.0062,0.0000,0.0000,0.0000,0.0061,0.0000,200,10.1619
0.0068,0.0000,0.0000,0.0000,0.0067,0.0001,200,10.1623
0.0066,0.0000,0.0000,0.0000,0.0065,0.0001,200,10.1666
0.0061,0.0000,0.0000,0.0000,0.0060,0.0000,200,10.1677
0.0060,0.0000,0.0000,0.0000,0.0059,0.0000,200,10.1681
0.0064,0.0000,0.0000,0.0001,0.0063,0.0000,200,10.1691
0.0063,0.0000,0.0000,0.0000,0.0063,0.0000,200,10.1732
0.0061,0.0000,0.0000,0.0000,0.0060,0.0000,200,10.1737
0.0060,0.0000,0.0000,0.0000,0.0059,0.0000,200,10.1741
0.0065,0.0000,0.0000,0.0000,0.0064,0.0000,200,10.1756
0.0062,0.0000,0.0000,0.0000,0.0061,0.0001,200,10.1795
0.0059,0.0000,0.0000,0.0000,0.0059,0.0000,200,10.1800
0.0062,0.0000,0.0000,0.0000,0.0061,0.0000,200,10.1798
0.0062,0.0000,0.0000,0.0000,0.0061,0.0000,200,10.1820
0.0063,0.0000,0.0000,0.0000,0.0062,0.0000,200,10.1860
0.0065,0.0000,0.0000,0.0000,0.0064,0.0000,200,10.1857
0.0063,0.0000,0.0000,0.0000,0.0062,0.0000,200,10.1860
0.0071,0.0000,0.0000,0.0000,0.0070,0.0000,200,10.1882
0.0062,0.0000,0.0000,0.0000,0.0062,0.0000,200,10.1922
0.0063,0.0000,0.0000,0.0000,0.0061,0.0001,200,10.1922
0.0064,0.0000,0.0000,0.0000,0.0063,0.0000,200,10.1922
0.0062,0.0000,0.0000,0.0000,0.0061,0.0001,200,10.1954
0.0064,0.0000,0.0000,0.0000,0.0063,0.0001,200,10.1985
0.0064,0.0000,0.0000,0.0000,0.0063,0.0000,200,10.1985
0.0070,0.0000,0.0000,0.0000,0.0069,0.0000,200,10.1986
0.0066,0.0000,0.0000,0.0000,0.0065,0.0001,200,10.2016
0.0066,0.0000,0.0000,0.0000,0.0065,0.0001,200,10.2048
0.0069,0.0000,0.0000,0.0000,0.0068,0.0000,200,10.2048
0.0062,0.0000,0.0000,0.0000,0.0062,0.0000,200,10.2056
0.0063,0.0000,0.0000,0.0000,0.0062,0.0000,200,10.2082
0.0065,0.0000,0.0000,0.0000,0.0064,0.0000,200,10.2114
0.0062,0.0000,0.0000,0.0000,0.0061,0.0001,200,10.2117
0.0062,0.0000,0.0000,0.0000,0.0062,0.0000,200,10.2118
0.0063,0.0000,0.0000,0.0000,0.0062,0.0001,200,10.2146
0.0063,0.0000,0.0000,0.0000,0.0062,0.0000,200,10.2179
0.0068,0.0000,0.0000,0.0000,0.0067,0.0000,200,10.2179
0.0067,0.0000,0.0000,0.0000,0.0066,0.0000,200,10.2180
0.0063,0.0000,0.0000,0.0000,0.0062,0.0001,200,10.2209
0.0061,0.0000,0.0000,0.0000,0.0060,0.0000,200,10.2242
0.0061,0.0000,0.0000,0.0000,0.0060,0.0000,200,10.2247
0.0066,0.0000,0.0000,0.0000,0.0065,0.0000,200,10.2247
0.0062,0.0000,0.0000,0.0000,0.0061,0.0000,200,10.2272
0.0063,0.0000,0.0000,0.0000,0.0062,0.0001,200,10.2303
0.0060,0.0000,0.0000,0.0000,0.0060,0.0000,200,10.2308
0.0063,0.0000,0.0000,0.0000,0.0062,0.0000,200,10.2313
0.0063,0.0000,0.0000,0.0000,0.0062,0.0001,200,10.2334
0.0063,0.0000,0.0000,0.0000,0.0062,0.0001,200,10.2368
0.0065,0.0000,0.0000,0.0000,0.0065,0.0000,200,10.2367
0.0061,0.0000,0.0000,0.0000,0.0060,0.0000,200,10.2376
0.0069,0.0000,0.0000,0.0000,0.0069,0.0001,200,10.2396
0.0063,0.0000,0.0000,0.0000,0.0062,0.0000,200,10.2432
0.0063,0.0000,0.0000,0.0000,0.0062,0.0000,200,10.2432
0.0061,0.0000,0.0000,0.0000,0.0061,0.0000,200,10.2437
0.0074,0.0000,0.0000,0.0000,0.0073,0.0001,200,10.2466
0.0063,0.0000,0.0000,0.0000,0.0062,0.0001,200,10.2494
0.0065,0.0000,0.0000,0.0000,0.0064,0.0000,200,10.2494
0.0062,0.0000,0.0000,0.0000,0.0061,0.0000,200,10.2498
0.0065,0.0000,0.0000,0.0000,0.0064,0.0001,200,10.2540
0.0063,0.0000,0.0000,0.0000,0.0062,0.0000,200,10.2557
0.0061,0.0000,0.0000,0.0000,0.0061,0.0000,200,10.2559
0.0061,0.0000,0.0000,0.0000,0.0061,0.0000,200,10.2560
0.0063,0.0000,0.0000,0.0000,0.0062,0.0001,200,10.2605
0.0061,0.0000,0.0000,0.0000,0.0061,0.0001,200,10.2620
0.0062,0.0000,0.0000,0.0000,0.0061,0.0000,200,10.2620
0.0062,0.0000,0.0000,0.0000,0.0061,0.0000,200,10.2622
0.0063,0.0000,0.0000,0.0000,0.0062,0.0000,200,10.2668
0.0062,0.0000,0.0000,0.0000,0.0061,0.0000,200,10.2682
0.0063,0.0000,0.0000,0.0000,0.0063,0.0000,200,10.2682
0.0072,0.0000,0.0000,0.0000,0.0070,0.0002,200,10.2684
0.0061,0.0000,0.0000,0.0000,0.0061,0.0000,200,10.2731
0.0061,0.0000,0.0000,0.0000,0.0060,0.0001,200,10.2744
0.0060,0.0000,0.0000,0.0000,0.0060,0.0000,200,10.2745
0.0061,0.0000,0.0000,0.0000,0.0060,0.0000,200,10.2757
0.0061,0.0000,0.0000,0.0000,0.0060,0.0000,200,10.2792
0.0062,0.0000,0.0000,0.0000,0.0061,0.0000,200,10.2805
0.0066,0.0000,0.0000,0.0000,0.0065,0.0000,200,10.2804
0.0061,0.0000,0.0000,0.0000,0.0060,0.0000,200,10.2818
0.0075,0.0000,0.0000,0.0000,0.0074,0.0001,200,10.2853
0.0067,0.0000,0.0000,0.0000,0.0066,0.0000,200,10.2867
0.0064,0.0000,0.0000,0.0000,0.0064,0.0001,200,10.2870
0.0062,0.0000,0.0000,0.0000,0.0061,0.0000,200,10.2879
0.0069,0.0000,0.0000,0.0000,0.0067,0.0001,200,10.2927
0.0063,0.0000,0.0000,0.0000,0.0062,0.0000,200,10.2934
0.0062,0.0000,0.0000,0.0000,0.0062,0.0000,200,10.2934
0.0061,0.0000,0.0000,0.0000,0.0060,0.0000,200,10.2941
0.0063,0.0000,0.0000,0.0000,0.0062,0.0001,200,10.2997
0.0064,0.0000,0.0000,0.0000,0.0063,0.0000,200,10.2997
0.0060,0.0000,0.0000,0.0000,0.0059,0.0000,200,10.3002
0.0078,0.0000,0.0000,0.0000,0.0077,0.0001,200,10.2996
0.0062,0.0000,0.0000,0.0000,0.0061,0.0001,200,10.3061
0.0063,0.0000,0.0000,0.0000,0.0063,0.0000,200,10.3060
0.0062,0.0000,0.0000,0.0000,0.0061,0.0000,200,10.3062
0.0063,0.0000,0.0000,0.0000,0.0063,0.0000,200,10.3074
0.0063,0.0000,0.0000,0.0000,0.0062,0.0001,200,10.3123
0.0064,0.0000,0.0000,0.0000,0.0063,0.0000,200,10.3123
0.0063,0.0000,0.0000,0.0000,0.0062,0.0000,200,10.3124
0.0070,0.0000,0.0000,0.0000,0.0069,0.0001,200,10.3138
0.0064,0.0000,0.0000,0.0000,0.0063,0.0000,200,10.3186
0.0064,0.0000,0.0000,0.0000,0.0063,0.0000,200,10.3186
0.0064,0.0000,0.0000,0.0000,0.0063,0.0000,200,10.3186
0.0064,0.0000,0.0000,0.0000,0.0063,0.0001,200,10.3207
0.0063,0.0000,0.0000,0.0000,0.0062,0.0001,200,10.3250
0.0063,0.0000,0.0000,0.0000,0.0063,0.0000,200,10.3250
0.0063,0.0000,0.0000,0.0000,0.0063,0.0000,200,10.3250
0.0062,0.0000,0.0000,0.0000,0.0062,0.0000,200,10.3271
0.0064,0.0000,0.0000,0.0000,0.0062,0.0001,200,10.3313
0.0064,0.0000,0.0000,0.0000,0.0063,0.0000,200,10.3313
0.0064,0.0000,0.0000,0.0000,0.0063,0.0000,200,10.3314
0.0064,0.0000,0.0000,0.0000,0.0063,0.0000,200,10.3334
0.0064,0.0000,0.0000,0.0000,0.0063,0.0001,200,10.3378
0.0065,0.0000,0.0000,0.0000,0.0064,0.0000,200,10.3377
0.0065,0.0000,0.0000,0.0000,0.0064,0.0000,200,10.3377
0.0063,0.0000,0.0000,0.0000,0.0062,0.0001,200,10.3397
0.0065,0.0000,0.0000,0.0000,0.0064,0.0000,200,10.3442
0.0065,0.0000,0.0000,0.0000,0.0064,0.0001,200,10.3441
0.0065,0.0000,0.0000,0.0000,0.0064,0.0001,200,10.3442
0.0064,0.0000,0.0000,0.0000,0.0063,0.0001,200,10.3460
0.0063,0.0000,0.0000,0.0000,0.0063,0.0000,200,10.3507
0.0064,0.0000,0.0000,0.0000,0.0064,0.0000,200,10.3506
0.0066,0.0000,0.0000,0.0000,0.0065,0.0000,200,10.3506
0.0066,0.0000,0.0000,0.0000,0.0065,0.0001,200,10.3524
0.0064,0.0000,0.0000,0.0000,0.0063,0.0000,200,10.3572
0.0066,0.0000,0.0000,0.0000,0.0064,0.0000,200,10.3570
0.0066,0.0000,0.0000,0.0000,0.0065,0.0000,200,10.3571
0.0066,0.0000,0.0000,0.0000,0.0065,0.0001,200,10.3590
0.0064,0.0000,0.0000,0.0000,0.0063,0.0001,200,10.3636
0.0065,0.0000,0.0000,0.0000,0.0063,0.0001,200,10.3636
0.0065,0.0000,0.0000,0.0000,0.0065,0.0000,200,10.3636
0.0064,0.0000,0.0000,0.0000,0.0063,0.0000,200,10.3656
0.0064,0.0000,0.0000,0.0000,0.0063,0.0001,200,10.3702
0.0065,0.0000,0.0000,0.0000,0.0064,0.0000,200,10.3701
0.0074,0.0000,0.0000,0.0000,0.0073,0.0000,200,10.3700
0.0064,0.0000,0.0000,0.0000,0.0063,0.0001,200,10.3720
0.0067,0.0000,0.0000,0.0000,0.0066,0.0001,200,10.3766
0.0063,0.0000,0.0000,0.0000,0.0062,0.0001,200,10.3774
0.0073,0.0000,0.0000,0.0000,0.0072,0.0000,200,10.3766
0.0063,0.0000,0.0000,0.0000,0.0062,0.0000,200,10.3785
0.0065,0.0000,0.0000,0.0000,0.0064,0.0001,200,10.3833
0.0068,0.0000,0.0000,0.0000,0.0066,0.0001,200,10.3839
0.0070,0.0000,0.0000,0.0000,0.0069,0.0000,200,10.3837
0.0063,0.0000,0.0000,0.0000,0.0062,0.0000,200,10.3847
0.0064,0.0000,0.0000,0.0000,0.0064,0.0000,200,10.3907
0.0073,0.0000,0.0000,0.0000,0.0072,0.0001,200,10.3898
0.0067,0.0000,0.0000,0.0000,0.0065,0.0001,200,10.3911
0.0073,0.0000,0.0000,0.0000,0.0072,0.0000,200,10.3907
0.0071,0.0000,0.0000,0.0000,0.0070,0.0000,200,10.3977
0.0076,0.0000,0.0000,0.0000,0.0075,0.0001,200,10.3971
0.0076,0.0000,0.0000,0.0000,0.0076,0.0000,200,10.3971
0.0069,0.0000,0.0000,0.0000,0.0068,0.0001,200,10.3979
0.0067,0.0000,0.0000,0.0000,0.0066,0.0001,200,10.4048
0.0067,0.0000,0.0000,0.0000,0.0066,0.0000,200,10.4048
0.0068,0.0000,0.0000,0.0000,0.0067,0.0000,200,10.4048
0.0070,0.0000,0.0000,0.0000,0.0069,0.0000,200,10.4048
0.0067,0.0000,0.0000,0.0000,0.0066,0.0001,200,10.4114
0.0067,0.0000,0.0000,0.0000,0.0067,0.0000,200,10.4115
0.0070,0.0000,0.0000,0.0000,0.0069,0.0001,200,10.4115
0.0080,0.0000,0.0000,0.0000,0.0063,0.0000,200,10.4117
0.0066,0.0000,0.0000,0.0000,0.0065,0.0000,200,10.4182
0.0062,0.0000,0.0000,0.0000,0.0061,0.0000,200,10.4185
0.0065,0.0000,0.0000,0.0000,0.0063,0.0002,200,10.4183
0.0062,0.0000,0.0000,0.0000,0.0061,0.0000,200,10.4198
0.0066,0.0000,0.0000,0.0000,0.0065,0.0000,200,10.4247
0.0066,0.0000,0.0000,0.0000,0.0065,0.0000,200,10.4247
0.0066,0.0000,0.0000,0.0000,0.0064,0.0001,200,10.4247
0.0065,0.0000,0.0000,0.0000,0.0064,0.0001,200,10.4260
0.0064,0.0000,0.0000,0.0000,0.0063,0.0000,200,10.4314
0.0065,0.0000,0.0000,0.0000,0.0062,0.0001,200,10.4313
0.0064,0.0000,0.0000,0.0000,0.0064,0.0000,200,10.4313
0.0064,0.0000,0.0000,0.0000,0.0062,0.0000,200,10.4325
0.0065,0.0000,0.0000,0.0000,0.0064,0.0001,200,10.4378
0.0065,0.0000,0.0000,0.0000,0.0064,0.0000,200,10.4378
0.0066,0.0000,0.0000,0.0000,0.0065,0.0000,200,10.4378
0.0061,0.0000,0.0000,0.0000,0.0060,0.0000,200,10.4389
0.0064,0.0000,0.0000,0.0000,0.0063,0.0001,200,10.4443
0.0064,0.0000,0.0000,0.0000,0.0064,0.0000,200,10.4443
0.0065,0.0000,0.0000,0.0000,0.0063,0.0000,200,10.4443
0.0068,0.0000,0.0000,0.0000,0.0067,0.0000,200,10.4450
0.0063,0.0000,0.0000,0.0000,0.0062,0.0000,200,10.4507
0.0064,0.0000,0.0000,0.0000,0.0063,0.0000,200,10.4507
0.0064,0.0000,0.0000,0.0000,0.0063,0.0000,200,10.4507
0.0062,0.0000,0.0000,0.0000,0.0062,0.0000,200,10.4517
0.0063,0.0000,0.0000,0.0000,0.0062,0.0001,200,10.4571
0.0063,0.0000,0.0000,0.0000,0.0062,0.0001,200,10.4571
0.0063,0.0000,0.0000,0.0000,0.0062,0.0000,200,10.4571
0.0061,0.0000,0.0000,0.0000,0.0060,0.0000,200,10.4580
0.0064,0.0000,0.0000,0.0000,0.0063,0.0000,200,10.4633
0.0063,0.0000,0.0000,0.0000,0.0063,0.0000,200,10.4634
0.0064,0.0000,0.0000,0.0000,0.0063,0.0000,200,10.4633
0.0062,0.0000,0.0000,0.0000,0.0062,0.0000,200,10.4640
0.0064,0.0000,0.0000,0.0000,0.0063,0.0001,200,10.4697
0.0064,0.0000,0.0000,0.0000,0.0063,0.0000,200,10.4697
0.0064,0.0000,0.0000,0.0000,0.0063,0.0000,200,10.4697
0.0062,0.0000,0.0000,0.0000,0.0061,0.0000,200,10.4703
0.0064,0.0000,0.0000,0.0000,0.0063,0.0000,200,10.4761
0.0064,0.0000,0.0000,0.0000,0.0063,0.0000,200,10.4761
0.0064,0.0000,0.0000,0.0000,0.0063,0.0000,200,10.4761
0.0061,0.0000,0.0000,0.0000,0.0060,0.0000,200,10.4764
0.0063,0.0000,0.0000,0.0000,0.0062,0.0000,200,10.4825
0.0063,0.0000,0.0000,0.0000,0.0062,0.0001,200,10.4825
0.0063,0.0000,0.0000,0.0000,0.0062,0.0000,200,10.4825
0.0063,0.0000,0.0000,0.0000,0.0063,0.0000,200,10.4825
0.0062,0.0000,0.0000,0.0000,0.0061,0.0001,200,10.4888
0.0063,0.0000,0.0000,0.0000,0.0063,0.0000,200,10.4888
0.0064,0.0000,0.0000,0.0000,0.0063,0.0000,200,10.4888
0.0064,0.0000,0.0000,0.0000,0.0064,0.0000,200,10.4888
0.0062,0.0000,0.0000,0.0000,0.0061,0.0001,200,10.4952
0.0062,0.0000,0.0000,0.0000,0.0061,0.0001,200,10.4952
0.0062,0.0000,0.0000,0.0000,0.0061,0.0001,200,10.4953
0.0065,0.0000,0.0000,0.0000,0.0064,0.0000,200,10.4950
0.0064,0.0000,0.0000,0.0000,0.0063,0.0001,200,10.5014
0.0064,0.0000,0.0000,0.0000,0.0063,0.0000,200,10.5014
0.0064,0.0000,0.0000,0.0000,0.0063,0.0000,200,10.5014
0.0063,0.0000,0.0000,0.0000,0.0063,0.0000,200,10.5015
0.0074,0.0000,0.0000,0.0000,0.0073,0.0001,200,10.5078
0.0074,0.0000,0.0000,0.0000,0.0073,0.0001,200,10.5078
0.0074,0.0000,0.0000,0.0000,0.0073,0.0001,200,10.5078
0.0075,0.0000,0.0000,0.0000,0.0074,0.0000,200,10.5078
0.0066,0.0000,0.0000,0.0000,0.0065,0.0001,200,10.5152
0.0067,0.0000,0.0000,0.0000,0.0067,0.0000,200,10.5152
0.0071,0.0000,0.0000,0.0000,0.0070,0.0000,200,10.5153
0.0072,0.0000,0.0000,0.0000,0.0071,0.0001,200,10.5152
0.0064,0.0000,0.0000,0.0000,0.0063,0.0001,200,10.5218
0.0061,0.0000,0.0000,0.0000,0.0060,0.0001,200,10.5224
0.0065,0.0000,0.0000,0.0000,0.0064,0.0001,200,10.5219
0.0063,0.0000,0.0000,0.0000,0.0062,0.0000,200,10.5224
0.0065,0.0000,0.0000,0.0000,0.0064,0.0000,200,10.5283
0.0063,0.0000,0.0000,0.0000,0.0062,0.0000,200,10.5284
0.0063,0.0000,0.0000,0.0000,0.0062,0.0001,200,10.5285
0.0065,0.0000,0.0000,0.0000,0.0061,0.0003,200,10.5287
0.0067,0.0000,0.0000,0.0000,0.0064,0.0001,200,10.5347
0.0067,0.0000,0.0000,0.0002,0.0064,0.0001,200,10.5347
0.0068,0.0000,0.0000,0.0000,0.0065,0.0000,200,10.5347
0.0064,0.0000,0.0000,0.0000,0.0063,0.0000,200,10.5351
0.0063,0.0000,0.0000,0.0000,0.0062,0.0001,200,10.5414
0.0063,0.0000,0.0000,0.0000,0.0062,0.0000,200,10.5416
0.0062,0.0000,0.0000,0.0000,0.0062,0.0000,200,10.5416
0.0068,0.0000,0.0000,0.0003,0.0064,0.0000,200,10.5415
0.0064,0.0000,0.0000,0.0000,0.0063,0.0001,200,10.5478
0.0063,0.0000,0.0000,0.0000,0.0063,0.0001,200,10.5478
0.0064,0.0000,0.0000,0.0000,0.0064,0.0000,200,10.5478
0.0060,0.0000,0.0000,0.0000,0.0060,0.0000,200,10.5483
0.0062,0.0000,0.0000,0.0000,0.0061,0.0001,200,10.5543
0.0062,0.0000,0.0000,0.0000,0.0062,0.0001,200,10.5543
0.0064,0.0000,0.0000,0.0000,0.0063,0.0000,200,10.5542
0.0065,0.0000,0.0000,0.0000,0.0064,0.0000,200,10.5542
0.0063,0.0000,0.0000,0.0000,0.0063,0.0000,200,10.5605
0.0064,0.0000,0.0000,0.0000,0.0063,0.0000,200,10.5605
0.0064,0.0000,0.0000,0.0000,0.0063,0.0000,200,10.5605
0.0062,0.0000,0.0000,0.0000,0.0062,0.0000,200,10.5607
0.0064,0.0000,0.0000,0.0000,0.0063,0.0000,200,10.5669
0.0063,0.0000,0.0000,0.0000,0.0063,0.0000,200,10.5669
0.0064,0.0000,0.0000,0.0000,0.0063,0.0000,200,10.5669
0.0064,0.0000,0.0000,0.0000,0.0063,0.0000,200,10.5669
0.0064,0.0000,0.0000,0.0000,0.0063,0.0000,200,10.5732
0.0064,0.0000,0.0000,0.0000,0.0063,0.0001,200,10.5732
0.0064,0.0000,0.0000,0.0000,0.0063,0.0000,200,10.5732
0.0064,0.0000,0.0000,0.0000,0.0064,0.0000,200,10.5732
0.0064,0.0000,0.0000,0.0000,0.0063,0.0000,200,10.5796
0.0065,0.0000,0.0000,0.0000,0.0064,0.0000,200,10.5796
0.0065,0.0000,0.0000,0.0000,0.0063,0.0002,200,10.5797
0.0068,0.0000,0.0000,0.0000,0.0067,0.0000,200,10.5796
0.0063,0.0000,0.0000,0.0000,0.0062,0.0001,200,10.5860
0.0063,0.0000,0.0000,0.0000,0.0062,0.0000,200,10.5862
0.0065,0.0000,0.0000,0.0000,0.0064,0.0000,200,10.5861
0.0063,0.0000,0.0000,0.0000,0.0062,0.0000,200,10.5864
0.0064,0.0000,0.0000,0.0000,0.0063,0.0001,200,10.5923
0.0064,0.0000,0.0000,0.0000,0.0063,0.0000,200,10.5924
0.0062,0.0000,0.0000,0.0000,0.0061,0.0000,200,10.5926
0.0062,0.0000,0.0000,0.0000,0.0061,0.0000,200,10.5926
0.0063,0.0000,0.0000,0.0000,0.0062,0.0000,200,10.5987
0.0062,0.0000,0.0000,0.0000,0.0061,0.0001,200,10.5988
0.0062,0.0000,0.0000,0.0000,0.0061,0.0001,200,10.5988
0.0063,0.0000,0.0000,0.0000,0.0063,0.0000,200,10.5988
0.0064,0.0000,0.0000,0.0000,0.0063,0.0001,200,10.6050
0.0064,0.0000,0.0000,0.0000,0.0063,0.0000,200,10.6050
0.0064,0.0000,0.0000,0.0000,0.0063,0.0001,200,10.6051
0.0063,0.0000,0.0000,0.0000,0.0062,0.0001,200,10.6051
0.0062,0.0000,0.0000,0.0000,0.0061,0.0001,200,10.6114
0.0062,0.0000,0.0000,0.0000,0.0061,0.0000,200,10.6114
0.0062,0.0000,0.0000,0.0000,0.0062,0.0000,200,10.6114
0.0062,0.0000,0.0000,0.0000,0.0062,0.0000,200,10.6115
0.0066,0.0000,0.0000,0.0000,0.0065,0.0001,200,10.6177
0.0067,0.0000,0.0000,0.0000,0.0066,0.0000,200,10.6176
0.0066,0.0000,0.0000,0.0000,0.0066,0.0000,200,10.6177
0.0069,0.0000,0.0000,0.0000,0.0068,0.0000,200,10.6176
0.0065,0.0000,0.0000,0.0000,0.0064,0.0001,200,10.6242
0.0063,0.0000,0.0000,0.0000,0.0063,0.0000,200,10.6245
0.0065,0.0000,0.0000,0.0000,0.0064,0.0001,200,10.6243
0.0070,0.0000,0.0000,0.0000,0.0070,0.0000,200,10.6243
0.0062,0.0000,0.0000,0.0000,0.0061,0.0000,200,10.6308
0.0062,0.0000,0.0000,0.0000,0.0061,0.0000,200,10.6308
0.0062,0.0000,0.0000,0.0000,0.0062,0.0000,200,10.6308
0.0064,0.0000,0.0000,0.0000,0.0064,0.0000,200,10.6313
0.0063,0.0000,0.0000,0.0000,0.0062,0.0001,200,10.6370
0.0063,0.0000,0.0000,0.0000,0.0062,0.0000,200,10.6370
0.0063,0.0000,0.0000,0.0000,0.0063,0.0000,200,10.6370
0.0061,0.0000,0.0000,0.0000,0.0060,0.0000,200,10.6378
0.0062,0.0000,0.0000,0.0000,0.0061,0.0001,200,10.6433
0.0062,0.0000,0.0000,0.0000,0.0062,0.0000,200,10.6433
0.0063,0.0000,0.0000,0.0000,0.0063,0.0000,200,10.6434
0.0061,0.0000,0.0000,0.0000,0.0061,0.0000,200,10.6438
0.0064,0.0000,0.0000,0.0000,0.0063,0.0001,200,10.6495
0.0062,0.0000,0.0000,0.0000,0.0061,0.0000,200,10.6497
0.0066,0.0000,0.0000,0.0000,0.0065,0.0000,200,10.6495
0.0089,0.0000,0.0000,0.0000,0.0088,0.0000,200,10.6500
0.0060,0.0000,0.0000,0.0000,0.0059,0.0000,200,10.6561
0.0063,0.0000,0.0000,0.0000,0.0062,0.0000,200,10.6559
0.0070,0.0000,0.0000,0.0000,0.0066,0.0003,200,10.6559
0.0062,0.0000,0.0000,0.0000,0.0061,0.0000,200,10.6588
0.0069,0.0000,0.0000,0.0000,0.0068,0.0001,200,10.6622
0.0072,0.0000,0.0000,0.0000,0.0071,0.0000,200,10.6621
0.0064,0.0000,0.0000,0.0000,0.0063,0.0001,200,10.6629
0.0061,0.0000,0.0000,0.0000,0.0060,0.0000,200,10.6650
0.0062,0.0000,0.0000,0.0000,0.0062,0.0001,200,10.6693
0.0063,0.0000,0.0000,0.0000,0.0063,0.0000,200,10.6694
0.0066,0.0000,0.0000,0.0000,0.0065,0.0000,200,10.6691
0.0060,0.0000,0.0000,0.0000,0.0060,0.0000,200,10.6712
0.0064,0.0000,0.0000,0.0000,0.0063,0.0001,200,10.6755
0.0062,0.0000,0.0000,0.0000,0.0062,0.0000,200,10.6757
0.0063,0.0000,0.0000,0.0000,0.0062,0.0000,200,10.6757
0.0063,0.0000,0.0000,0.0000,0.0062,0.0000,200,10.6772
0.0064,0.0000,0.0000,0.0000,0.0063,0.0000,200,10.6819
0.0064,0.0000,0.0000,0.0000,0.0064,0.0000,200,10.6820
0.0064,0.0000,0.0000,0.0000,0.0064,0.0000,200,10.6820
0.0066,0.0000,0.0000,0.0000,0.0065,0.0000,200,10.6835
0.0067,0.0000,0.0000,0.0000,0.0066,0.0000,200,10.6884
0.0068,0.0000,0.0000,0.0000,0.0067,0.0000,200,10.6884
0.0069,0.0000,0.0000,0.0000,0.0066,0.0002,200,10.6884
0.0063,0.0000,0.0000,0.0000,0.0063,0.0000,200,10.6900
0.0069,0.0000,0.0000,0.0000,0.0067,0.0001,200,10.6952
0.0070,0.0000,0.0000,0.0000,0.0069,0.0001,200,10.6951
0.0070,0.0000,0.0000,0.0000,0.0069,0.0000,200,10.6952
0.0064,0.0000,0.0000,0.0000,0.0063,0.0000,200,10.6964
0.0066,0.0000,0.0000,0.0000,0.0065,0.0000,200,10.7021
0.0065,0.0000,0.0000,0.0000,0.0064,0.0001,200,10.7022
0.0066,0.0000,0.0000,0.0000,0.0065,0.0001,200,10.7021
0.0073,0.0000,0.0000,0.0000,0.0073,0.0000,200,10.7028
0.0064,0.0000,0.0000,0.0000,0.0063,0.0000,200,10.7087
0.0064,0.0000,0.0000,0.0000,0.0063,0.0000,200,10.7087
0.0065,0.0000,0.0000,0.0000,0.0064,0.0000,200,10.7087
0.0062,0.0000,0.0000,0.0000,0.0061,0.0000,200,10.7101
0.0064,0.0000,0.0000,0.0000,0.0063,0.0001,200,10.7151
0.0064,0.0000,0.0000,0.0000,0.0064,0.0000,200,10.7152
0.0066,0.0000,0.0000,0.0000,0.0066,0.0000,200,10.7151
0.0066,0.0000,0.0000,0.0000,0.0065,0.0000,200,10.7163
0.0066,0.0000,0.0000,0.0000,0.0065,0.0001,200,10.7216
0.0067,0.0000,0.0000,0.0000,0.0066,0.0001,200,10.7215
0.0066,0.0000,0.0000,0.0000,0.0065,0.0000,200,10.7217
0.0068,0.0000,0.0000,0.0000,0.0067,0.0000,200,10.7229
0.0061,0.0000,0.0000,0.0000,0.0060,0.0001,200,10.7282
0.0061,0.0000,0.0000,0.0000,0.0061,0.0000,200,10.7282
0.0062,0.0000,0.0000,0.0000,0.0061,0.0000,200,10.7283
0.0087,0.0000,0.0000,0.0000,0.0086,0.0001,200,10.7297
0.0065,0.0000,0.0000,0.0000,0.0064,0.0000,200,10.7343
0.0070,0.0000,0.0000,0.0000,0.0069,0.0000,200,10.7343
0.0069,0.0000,0.0000,0.0000,0.0068,0.0000,200,10.7345
0.0064,0.0000,0.0000,0.0000,0.0063,0.0000,200,10.7385
0.0063,0.0000,0.0000,0.0000,0.0062,0.0000,200,10.7408
0.0062,0.0000,0.0000,0.0000,0.0061,0.0000,200,10.7413
0.0065,0.0000,0.0000,0.0000,0.0065,0.0000,200,10.7413
0.0062,0.0000,0.0000,0.0000,0.0061,0.0001,200,10.7449
0.0061,0.0000,0.0000,0.0000,0.0061,0.0000,200,10.7471
0.0064,0.0000,0.0000,0.0000,0.0063,0.0000,200,10.7476
0.0064,0.0000,0.0000,0.0000,0.0063,0.0000,200,10.7479
0.0062,0.0000,0.0000,0.0000,0.0062,0.0000,200,10.7511
0.0063,0.0000,0.0000,0.0000,0.0063,0.0001,200,10.7532
0.0062,0.0000,0.0000,0.0000,0.0062,0.0001,200,10.7539
0.0066,0.0000,0.0000,0.0000,0.0065,0.0000,200,10.7543
0.0062,0.0000,0.0000,0.0000,0.0061,0.0000,200,10.7574
0.0066,0.0000,0.0000,0.0000,0.0065,0.0000,200,10.7601
0.0072,0.0000,0.0000,0.0000,0.0072,0.0000,200,10.7595
0.0061,0.0000,0.0000,0.0000,0.0060,0.0001,200,10.7608
0.0061,0.0000,0.0000,0.0000,0.0061,0.0000,200,10.7636
0.0062,0.0000,0.0000,0.0000,0.0061,0.0001,200,10.7668
0.0064,0.0000,0.0000,0.0000,0.0063,0.0000,200,10.7668
0.0062,0.0000,0.0000,0.0000,0.0061,0.0000,200,10.7670
0.0063,0.0000,0.0000,0.0000,0.0062,0.0001,200,10.7697
0.0063,0.0000,0.0000,0.0000,0.0062,0.0001,200,10.7731
0.0063,0.0000,0.0000,0.0000,0.0062,0.0001,200,10.7732
0.0064,0.0000,0.0000,0.0000,0.0063,0.0001,200,10.7730
0.0066,0.0000,0.0000,0.0000,0.0065,0.0001,200,10.7761
0.0061,0.0000,0.0000,0.0000,0.0061,0.0000,200,10.7794
0.0062,0.0000,0.0000,0.0000,0.0061,0.0000,200,10.7794
0.0062,0.0000,0.0000,0.0000,0.0061,0.0000,200,10.7794
0.0062,0.0000,0.0000,0.0000,0.0061,0.0001,200,10.7826
0.0062,0.0000,0.0000,0.0000,0.0061,0.0000,200,10.7856
0.0063,0.0000,0.0000,0.0000,0.0062,0.0000,200,10.7856
0.0063,0.0000,0.0000,0.0000,0.0063,0.0000,200,10.7856
0.0064,0.0000,0.0000,0.0000,0.0063,0.0001,200,10.7889
0.0063,0.0000,0.0000,0.0000,0.0063,0.0000,200,10.7919
0.0065,0.0000,0.0000,0.0000,0.0064,0.0000,200,10.7918
0.0064,0.0000,0.0000,0.0000,0.0063,0.0000,200,10.7919
0.0064,0.0000,0.0000,0.0000,0.0063,0.0001,200,10.7953
0.0062,0.0000,0.0000,0.0000,0.0062,0.0001,200,10.7982
0.0070,0.0000,0.0000,0.0000,0.0070,0.0000,200,10.7982
0.0072,0.0000,0.0000,0.0000,0.0071,0.0000,200,10.7983
0.0063,0.0000,0.0000,0.0000,0.0062,0.0000,200,10.8017
0.0064,0.0000,0.0000,0.0000,0.0063,0.0001,200,10.8045
0.0064,0.0000,0.0000,0.0000,0.0064,0.0000,200,10.8052
0.0062,0.0000,0.0000,0.0000,0.0061,0.0000,200,10.8055
0.0064,0.0000,0.0000,0.0000,0.0063,0.0000,200,10.8080
0.0063,0.0000,0.0000,0.0000,0.0062,0.0000,200,10.8108
0.0061,0.0000,0.0000,0.0000,0.0060,0.0000,200,10.8117
0.0062,0.0000,0.0000,0.0000,0.0061,0.0000,200,10.8117
0.0063,0.0000,0.0000,0.0000,0.0062,0.0001,200,10.8144
0.0061,0.0000,0.0000,0.0000,0.0060,0.0001,200,10.8171
0.0061,0.0000,0.0000,0.0000,0.0060,0.0000,200,10.8178
0.0061,0.0000,0.0000,0.0000,0.0061,0.0000,200,10.8178
0.0064,0.0000,0.0000,0.0000,0.0062,0.0001,200,10.8207
0.0062,0.0000,0.0000,0.0000,0.0061,0.0001,200,10.8232
0.0061,0.0000,0.0000,0.0000,0.0060,0.0000,200,10.8239
0.0062,0.0000,0.0000,0.0000,0.0061,0.0000,200,10.8240
0.0063,0.0000,0.0000,0.0000,0.0062,0.0001,200,10.8271
0.0061,0.0000,0.0000,0.0000,0.0060,0.0000,200,10.8294
0.0062,0.0000,0.0000,0.0000,0.0061,0.0000,200,10.8300
0.0065,0.0000,0.0000,0.0000,0.0064,0.0000,200,10.8301
0.0062,0.0000,0.0000,0.0000,0.0061,0.0001,200,10.8334
0.0061,0.0000,0.0000,0.0000,0.0060,0.0000,200,10.8355
0.0066,0.0000,0.0000,0.0000,0.0065,0.0000,200,10.8362
0.0078,0.0000,0.0000,0.0000,0.0077,0.0001,200,10.8366
0.0062,0.0000,0.0000,0.0000,0.0061,0.0000,200,10.8397
0.0066,0.0000,0.0000,0.0000,0.0066,0.0000,200,10.8416
0.0065,0.0000,0.0000,0.0000,0.0064,0.0000,200,10.8427
0.0064,0.0000,0.0000,0.0000,0.0063,0.0000,200,10.8444
0.0061,0.0000,0.0000,0.0000,0.0061,0.0000,200,10.8458
0.0062,0.0000,0.0000,0.0000,0.0061,0.0000,200,10.8483
0.0060,0.0000,0.0000,0.0000,0.0060,0.0000,200,10.8492
0.0060,0.0000,0.0000,0.0000,0.0059,0.0000,200,10.8508
0.0059,0.0000,0.0000,0.0000,0.0059,0.0000,200,10.8520
0.0061,0.0000,0.0000,0.0000,0.0060,0.0000,200,10.8545
0.0061,0.0000,0.0000,0.0000,0.0061,0.0000,200,10.8552
0.0061,0.0000,0.0000,0.0000,0.0060,0.0000,200,10.8569
0.0063,0.0000,0.0000,0.0000,0.0062,0.0000,200,10.8579
0.0061,0.0000,0.0000,0.0000,0.0060,0.0000,200,10.8605
0.0059,0.0000,0.0000,0.0000,0.0058,0.0001,200,10.8614
0.0060,0.0000,0.0000,0.0000,0.0059,0.0000,200,10.8629
0.0061,0.0000,0.0000,0.0000,0.0060,0.0000,200,10.8642
0.0063,0.0000,0.0000,0.0000,0.0062,0.0000,200,10.8666
0.0060,0.0000,0.0000,0.0000,0.0059,0.0001,200,10.8673
0.0061,0.0000,0.0000,0.0000,0.0060,0.0000,200,10.8689
0.0061,0.0000,0.0000,0.0000,0.0060,0.0000,200,10.8703
0.0065,0.0000,0.0000,0.0000,0.0064,0.0001,200,10.8729
0.0065,0.0000,0.0000,0.0000,0.0064,0.0001,200,10.8733
0.0063,0.0000,0.0000,0.0000,0.0062,0.0000,200,10.8751
0.0060,0.0000,0.0000,0.0000,0.0059,0.0000,200,10.8764
0.0063,0.0000,0.0000,0.0000,0.0062,0.0000,200,10.8795
0.0062,0.0000,0.0000,0.0000,0.0061,0.0000,200,10.8798
0.0062,0.0000,0.0000,0.0000,0.0061,0.0000,200,10.8813
0.0066,0.0000,0.0000,0.0000,0.0065,0.0000,200,10.8824
0.0065,0.0000,0.0000,0.0000,0.0064,0.0000,200,10.8860
0.0069,0.0000,0.0000,0.0000,0.0068,0.0000,200,10.8857
0.0062,0.0000,0.0000,0.0000,0.0061,0.0000,200,10.8875
0.0060,0.0000,0.0000,0.0000,0.0060,0.0000,200,10.8890
0.0062,0.0000,0.0000,0.0000,0.0062,0.0000,200,10.8925
0.0062,0.0000,0.0000,0.0000,0.0062,0.0000,200,10.8926
0.0062,0.0000,0.0000,0.0000,0.0061,0.0001,200,10.8938
0.0060,0.0000,0.0000,0.0000,0.0059,0.0000,200,10.8950
0.0062,0.0000,0.0000,0.0000,0.0061,0.0000,200,10.8988
0.0064,0.0000,0.0000,0.0000,0.0063,0.0000,200,10.8988
0.0066,0.0000,0.0000,0.0000,0.0065,0.0000,200,10.8999
0.0060,0.0000,0.0000,0.0000,0.0060,0.0000,200,10.9010
0.0066,0.0000,0.0000,0.0000,0.0065,0.0000,200,10.9050
0.0065,0.0000,0.0000,0.0000,0.0064,0.0001,200,10.9052
0.0072,0.0000,0.0000,0.0000,0.0072,0.0000,200,10.9065
0.0069,0.0000,0.0000,0.0000,0.0068,0.0000,200,10.9070
0.0064,0.0000,0.0000,0.0000,0.0063,0.0001,200,10.9116
0.0064,0.0000,0.0000,0.0000,0.0063,0.0000,200,10.9116
0.0063,0.0000,0.0000,0.0000,0.0063,0.0000,200,10.9138
0.0062,0.0000,0.0000,0.0000,0.0061,0.0000,200,10.9139
0.0066,0.0000,0.0000,0.0000,0.0065,0.0001,200,10.9180
0.0067,0.0000,0.0000,0.0000,0.0066,0.0000,200,10.9180
0.0063,0.0000,0.0000,0.0000,0.0063,0.0000,200,10.9201
0.0064,0.0000,0.0000,0.0000,0.0063,0.0000,200,10.9201
0.0067,0.0000,0.0000,0.0000,0.0066,0.0001,200,10.9246
0.0068,0.0000,0.0000,0.0000,0.0067,0.0000,200,10.9247
0.0062,0.0000,0.0000,0.0000,0.0061,0.0001,200,10.9265
0.0063,0.0000,0.0000,0.0000,0.0062,0.0000,200,10.9265
0.0065,0.0000,0.0000,0.0000,0.0065,0.0001,200,10.9315
0.0067,0.0000,0.0000,0.0000,0.0066,0.0000,200,10.9314
0.0061,0.0000,0.0000,0.0000,0.0060,0.0000,200,10.9327
0.0063,0.0000,0.0000,0.0000,0.0062,0.0000,200,10.9327
0.0064,0.0000,0.0000,0.0000,0.0063,0.0000,200,10.9380
0.0064,0.0000,0.0000,0.0000,0.0063,0.0000,200,10.9380
0.0062,0.0000,0.0000,0.0000,0.0061,0.0000,200,10.9388
0.0061,0.0000,0.0000,0.0000,0.0061,0.0000,200,10.9390
0.0064,0.0000,0.0000,0.0000,0.0063,0.0001,200,10.9444
0.0063,0.0000,0.0000,0.0000,0.0062,0.0001,200,10.9451
0.0065,0.0000,0.0000,0.0000,0.0065,0.0000,200,10.9450
0.0072,0.0000,0.0000,0.0000,0.0071,0.0000,200,10.9444
0.0071,0.0000,0.0000,0.0000,0.0070,0.0001,200,10.9508
0.0065,0.0000,0.0000,0.0000,0.0065,0.0000,200,10.9516
0.0066,0.0000,0.0000,0.0000,0.0066,0.0000,200,10.9515
0.0067,0.0000,0.0000,0.0000,0.0067,0.0000,200,10.9515
0.0064,0.0000,0.0000,0.0000,0.0063,0.0001,200,10.9580
0.0063,0.0000,0.0000,0.0000,0.0062,0.0001,200,10.9581
0.0063,0.0000,0.0000,0.0000,0.0063,0.0000,200,10.9581
0.0063,0.0000,0.0000,0.0000,0.0063,0.0000,200,10.9582
0.0062,0.0000,0.0000,0.0000,0.0062,0.0000,200,10.9645
0.0063,0.0000,0.0000,0.0000,0.0062,0.0001,200,10.9645
0.0064,0.0000,0.0000,0.0000,0.0064,0.0000,200,10.9644
0.0065,0.0000,0.0000,0.0000,0.0063,0.0000,200,10.9644
0.0063,0.0000,0.0000,0.0000,0.0062,0.0001,200,10.9708
0.0064,0.0000,0.0000,0.0000,0.0063,0.0001,200,10.9708
0.0062,0.0000,0.0000,0.0000,0.0062,0.0000,200,10.9709
0.0064,0.0000,0.0000,0.0000,0.0063,0.0000,200,10.9708
0.0065,0.0000,0.0000,0.0000,0.0064,0.0001,200,10.9771
0.0065,0.0000,0.0000,0.0000,0.0065,0.0000,200,10.9771
0.0066,0.0000,0.0000,0.0000,0.0065,0.0000,200,10.9771
0.0066,0.0000,0.0000,0.0000,0.0065,0.0000,200,10.9771
0.0064,0.0000,0.0000,0.0000,0.0064,0.0001,200,10.9837
0.0066,0.0000,0.0000,0.0000,0.0065,0.0000,200,10.9836
0.0065,0.0000,0.0000,0.0000,0.0065,0.0000,200,10.9837
0.0066,0.0000,0.0000,0.0000,0.0065,0.0000,200,10.9837
0.0062,0.0000,0.0000,0.0000,0.0062,0.0000,200,10.9903
0.0063,0.0000,0.0000,0.0000,0.0063,0.0000,200,10.9902
0.0063,0.0000,0.0000,0.0000,0.0062,0.0000,200,10.9902
0.0063,0.0000,0.0000,0.0000,0.0062,0.0001,200,10.9902
0.0064,0.0000,0.0000,0.0000,0.0063,0.0001,200,10.9965
0.0063,0.0000,0.0000,0.0000,0.0062,0.0001,200,10.9965
0.0064,0.0000,0.0000,0.0000,0.0064,0.0000,200,10.9965
0.0066,0.0000,0.0000,0.0000,0.0065,0.0000,200,10.9965
0.0065,0.0000,0.0000,0.0000,0.0064,0.0000,200,11.0029
0.0065,0.0000,0.0000,0.0000,0.0064,0.0000,200,11.0029
0.0062,0.0000,0.0000,0.0000,0.0062,0.0000,200,11.0031
0.0064,0.0000,0.0000,0.0000,0.0063,0.0001,200,11.0030
0.0065,0.0000,0.0000,0.0000,0.0064,0.0000,200,11.0094
0.0065,0.0000,0.0000,0.0000,0.0064,0.0000,200,11.0093
0.0065,0.0000,0.0000,0.0000,0.0064,0.0001,200,11.0093
0.0066,0.0000,0.0000,0.0000,0.0064,0.0001,200,11.0093
0.0065,0.0000,0.0000,0.0000,0.0064,0.0001,200,11.0159
0.0064,0.0000,0.0000,0.0000,0.0063,0.0000,200,11.0159
0.0065,0.0000,0.0000,0.0000,0.0065,0.0000,200,11.0158
0.0066,0.0000,0.0000,0.0000,0.0065,0.0000,200,11.0159
0.0064,0.0000,0.0000,0.0000,0.0063,0.0001,200,11.0223
0.0063,0.0000,0.0000,0.0000,0.0063,0.0000,200,11.0224
0.0066,0.0000,0.0000,0.0000,0.0065,0.0000,200,11.0223
0.0066,0.0000,0.0000,0.0000,0.0065,0.0000,200,11.0224
0.0062,0.0000,0.0000,0.0000,0.0062,0.0000,200,11.0289
0.0064,0.0000,0.0000,0.0000,0.0064,0.0000,200,11.0287
0.0063,0.0000,0.0000,0.0000,0.0062,0.0000,200,11.0289
0.0065,0.0000,0.0000,0.0000,0.0064,0.0000,200,11.0287
0.0066,0.0000,0.0000,0.0000,0.0065,0.0001,200,11.0352
0.0066,0.0000,0.0000,0.0000,0.0065,0.0000,200,11.0352
0.0066,0.0000,0.0000,0.0000,0.0065,0.0001,200,11.0352
0.0067,0.0000,0.0000,0.0000,0.0066,0.0000,200,11.0352
0.0064,0.0000,0.0000,0.0000,0.0064,0.0000,200,11.0418
0.0064,0.0000,0.0000,0.0000,0.0064,0.0000,200,11.0418
0.0064,0.0000,0.0000,0.0000,0.0063,0.0000,200,11.0419
0.0064,0.0000,0.0000,0.0000,0.0064,0.0000,200,11.0418
0.0069,0.0000,0.0000,0.0000,0.0069,0.0001,200,11.0482
0.0073,0.0000,0.0000,0.0000,0.0072,0.0000,200,11.0482
0.0074,0.0000,0.0000,0.0000,0.0073,0.0001,200,11.0482
0.0081,0.0000,0.0000,0.0000,0.0075,0.0006,200,11.0482
0.0073,0.0000,0.0000,0.0002,0.0069,0.0001,200,11.0552
0.0068,0.0000,0.0000,0.0000,0.0067,0.0001,200,11.0556
0.0071,0.0000,0.0000,0.0000,0.0070,0.0000,200,11.0555
0.0069,0.0000,0.0000,0.0000,0.0068,0.0000,200,11.0563
0.0065,0.0000,0.0000,0.0000,0.0064,0.0000,200,11.0624
0.0063,0.0000,0.0000,0.0000,0.0063,0.0000,200,11.0626
0.0065,0.0000,0.0000,0.0000,0.0064,0.0000,200,11.0624
0.0060,0.0000,0.0000,0.0000,0.0059,0.0000,200,11.0632
0.0064,0.0000,0.0000,0.0000,0.0063,0.0001,200,11.0689
0.0062,0.0000,0.0000,0.0000,0.0062,0.0000,200,11.0692
0.0066,0.0000,0.0000,0.0000,0.0065,0.0000,200,11.0689
0.0066,0.0000,0.0000,0.0000,0.0066,0.0000,200,11.0689
0.0066,0.0000,0.0000,0.0000,0.0065,0.0001,200,11.0753
0.0064,0.0000,0.0000,0.0000,0.0063,0.0001,200,11.0755
0.0065,0.0000,0.0000,0.0000,0.0064,0.0001,200,11.0755
0.0064,0.0000,0.0000,0.0000,0.0064,0.0000,200,11.0756
0.0106,0.0000,0.0000,0.0000,0.0105,0.0001,200,11.0819
0.0108,0.0000,0.0000,0.0000,0.0107,0.0000,200,11.0819
0.0108,0.0000,0.0000,0.0000,0.0107,0.0000,200,11.0819
0.0107,0.0000,0.0000,0.0000,0.0107,0.0000,200,11.0820
0.0070,0.0000,0.0000,0.0000,0.0069,0.0001,200,11.0927
0.0071,0.0000,0.0000,0.0000,0.0070,0.0001,200,11.0925
0.0070,0.0000,0.0000,0.0000,0.0069,0.0000,200,11.0927
0.0070,0.0000,0.0000,0.0000,0.0069,0.0001,200,11.0927
0.0071,0.0000,0.0000,0.0000,0.0070,0.0001,200,11.0997
0.0074,0.0000,0.0000,0.0000,0.0074,0.0000,200,11.0997
0.0076,0.0000,0.0000,0.0000,0.0075,0.0000,200,11.0997
0.0076,0.0000,0.0000,0.0000,0.0075,0.0000,200,11.0997
0.0071,0.0000,0.0000,0.0000,0.0069,0.0002,200,11.1068
0.0068,0.0000,0.0000,0.0000,0.0068,0.0000,200,11.1072
0.0068,0.0000,0.0000,0.0000,0.0067,0.0000,200,11.1073
0.0069,0.0000,0.0000,0.0000,0.0069,0.0000,200,11.1073
0.0066,0.0000,0.0000,0.0000,0.0065,0.0001,200,11.1142
0.0078,0.0000,0.0000,0.0000,0.0071,0.0000,200,11.1139
0.0076,0.0000,0.0000,0.0000,0.0076,0.0000,200,11.1141
0.0078,0.0000,0.0000,0.0000,0.0077,0.0000,200,11.1140
0.0074,0.0000,0.0000,0.0000,0.0072,0.0001,200,11.1207
0.0064,0.0000,0.0000,0.0000,0.0063,0.0000,200,11.1217
0.0065,0.0000,0.0000,0.0000,0.0064,0.0000,200,11.1217
0.0088,0.0000,0.0000,0.0000,0.0087,0.0001,200,11.1217
0.0066,0.0000,0.0000,0.0000,0.0065,0.0001,200,11.1281
0.0066,0.0000,0.0000,0.0000,0.0065,0.0001,200,11.1281
0.0067,0.0000,0.0000,0.0000,0.0066,0.0000,200,11.1282
0.0073,0.0000,0.0000,0.0000,0.0072,0.0001,200,11.1305
0.0073,0.0000,0.0000,0.0000,0.0071,0.0001,200,11.1347
0.0072,0.0000,0.0000,0.0000,0.0072,0.0000,200,11.1349
0.0075,0.0000,0.0000,0.0000,0.0074,0.0000,200,11.1347
0.0068,0.0000,0.0000,0.0000,0.0067,0.0001,200,11.1378
0.0065,0.0000,0.0000,0.0000,0.0064,0.0001,200,11.1420
0.0064,0.0000,0.0000,0.0001,0.0062,0.0000,200,11.1423
0.0078,0.0000,0.0000,0.0000,0.0077,0.0001,200,11.1421
0.0069,0.0000,0.0000,0.0000,0.0068,0.0001,200,11.1446
0.0071,0.0000,0.0000,0.0000,0.0069,0.0001,200,11.1485
0.0070,0.0000,0.0000,0.0000,0.0069,0.0001,200,11.1486
0.0104,0.0000,0.0000,0.0000,0.0103,0.0001,200,11.1499
0.0088,0.0000,0.0000,0.0000,0.0087,0.0000,200,11.1515
0.0065,0.0000,0.0000,0.0000,0.0064,0.0001,200,11.1556
0.0065,0.0000,0.0000,0.0000,0.0064,0.0000,200,11.1556
0.0068,0.0000,0.0000,0.0000,0.0067,0.0001,200,11.1604
0.0070,0.0000,0.0000,0.0000,0.0070,0.0000,200,11.1603
0.0069,0.0000,0.0000,0.0000,0.0068,0.0000,200,11.1621
0.0070,0.0000,0.0000,0.0000,0.0069,0.0000,200,11.1621
0.0073,0.0000,0.0000,0.0000,0.0072,0.0000,200,11.1674
0.0077,0.0000,0.0000,0.0000,0.0074,0.0003,200,11.1671
0.0064,0.0000,0.0000,0.0000,0.0063,0.0000,200,11.1690
0.0110,0.0000,0.0000,0.0000,0.0109,0.0001,200,11.1691
0.0066,0.0000,0.0000,0.0000,0.0065,0.0001,200,11.1747
0.0098,0.0000,0.0000,0.0000,0.0097,0.0001,200,11.1748
0.0109,0.0000,0.0000,0.0000,0.0108,0.0001,200,11.1753
0.0072,0.0000,0.0000,0.0000,0.0071,0.0000,200,11.1801
0.0064,0.0000,0.0000,0.0000,0.0063,0.0000,200,11.1813
0.0070,0.0000,0.0000,0.0000,0.0069,0.0001,200,11.1847
0.0066,0.0000,0.0000,0.0000,0.0065,0.0001,200,11.1862
0.0064,0.0000,0.0000,0.0000,0.0063,0.0001,200,11.1876
0.0069,0.0000,0.0000,0.0000,0.0069,0.0000,200,11.1873
0.0069,0.0000,0.0000,0.0000,0.0068,0.0001,200,11.1917
0.0066,0.0000,0.0000,0.0000,0.0066,0.0000,200,11.1929
0.0065,0.0000,0.0000,0.0001,0.0064,0.0000,200,11.1941
0.0064,0.0000,0.0000,0.0000,0.0064,0.0000,200,11.1942
0.0077,0.0000,0.0000,0.0000,0.0072,0.0005,200,11.1986
0.0070,0.0000,0.0000,0.0000,0.0069,0.0000,200,11.2007
0.0097,0.0000,0.0000,0.0000,0.0096,0.0001,200,11.1995
0.0097,0.0000,0.0000,0.0000,0.0096,0.0000,200,11.2006
0.0067,0.0000,0.0000,0.0000,0.0066,0.0001,200,11.2063
0.0064,0.0000,0.0000,0.0000,0.0063,0.0001,200,11.2076
0.0066,0.0000,0.0000,0.0000,0.0066,0.0000,200,11.2092
0.0064,0.0000,0.0000,0.0000,0.0064,0.0000,200,11.2103
0.0071,0.0000,0.0000,0.0000,0.0069,0.0001,200,11.2130
0.0066,0.0000,0.0000,0.0000,0.0064,0.0001,200,11.2140
0.0068,0.0000,0.0000,0.0000,0.0067,0.0001,200,11.2159
0.0068,0.0000,0.0000,0.0000,0.0067,0.0000,200,11.2167
0.0068,0.0000,0.0000,0.0000,0.0066,0.0001,200,11.2200
0.0066,0.0000,0.0000,0.0000,0.0065,0.0000,200,11.2207
0.0067,0.0000,0.0000,0.0000,0.0066,0.0000,200,11.2235
0.0075,0.0000,0.0000,0.0000,0.0074,0.0001,200,11.2227
0.0064,0.0000,0.0000,0.0000,0.0063,0.0001,200,11.2268
0.0065,0.0000,0.0000,0.0000,0.0064,0.0000,200,11.2272
0.0069,0.0000,0.0000,0.0000,0.0068,0.0001,200,11.2302
0.0076,0.0000,0.0000,0.0000,0.0075,0.0000,200,11.2302
0.0066,0.0000,0.0000,0.0000,0.0065,0.0000,200,11.2338
0.0071,0.0000,0.0000,0.0000,0.0070,0.0000,200,11.2332
0.0071,0.0000,0.0000,0.0000,0.0070,0.0001,200,11.2371
0.0065,0.0000,0.0000,0.0000,0.0065,0.0000,200,11.2378
0.0065,0.0000,0.0000,0.0000,0.0064,0.0001,200,11.2403
0.0072,0.0000,0.0000,0.0000,0.0071,0.0000,200,11.2403
0.0063,0.0000,0.0000,0.0000,0.0062,0.0001,200,11.2442
0.0064,0.0000,0.0000,0.0000,0.0063,0.0000,200,11.2443
0.0067,0.0000,0.0000,0.0000,0.0066,0.0001,200,11.2468
0.0063,0.0000,0.0000,0.0000,0.0062,0.0000,200,11.2475
0.0063,0.0000,0.0000,0.0000,0.0062,0.0001,200,11.2505
0.0063,0.0000,0.0000,0.0000,0.0063,0.0000,200,11.2507
0.0063,0.0000,0.0000,0.0000,0.0062,0.0000,200,11.2535
0.0061,0.0000,0.0000,0.0000,0.0061,0.0000,200,11.2538
0.0061,0.0000,0.0000,0.0000,0.0061,0.0000,200,11.2570
0.0063,0.0000,0.0000,0.0000,0.0062,0.0000,200,11.2569
0.0060,0.0000,0.0000,0.0000,0.0060,0.0000,200,11.2599
0.0062,0.0000,0.0000,0.0000,0.0061,0.0000,200,11.2598
0.0062,0.0000,0.0000,0.0000,0.0061,0.0001,200,11.2631
0.0066,0.0000,0.0000,0.0000,0.0065,0.0000,200,11.2632
0.0061,0.0000,0.0000,0.0000,0.0060,0.0000,200,11.2660
0.0062,0.0000,0.0000,0.0000,0.0061,0.0000,200,11.2660
0.0064,0.0000,0.0000,0.0000,0.0063,0.0001,200,11.2693
0.0062,0.0000,0.0000,0.0000,0.0061,0.0000,200,11.2697
0.0061,0.0000,0.0000,0.0000,0.0060,0.0000,200,11.2721
0.0060,0.0000,0.0000,0.0000,0.0060,0.0000,200,11.2722
0.0061,0.0000,0.0000,0.0000,0.0061,0.0000,200,11.2760
0.0063,0.0000,0.0000,0.0000,0.0062,0.0000,200,11.2758
0.0062,0.0000,0.0000,0.0000,0.0061,0.0001,200,11.2782
0.0062,0.0000,0.0000,0.0000,0.0062,0.0000,200,11.2782
0.0064,0.0000,0.0000,0.0000,0.0063,0.0001,200,11.2821
0.0064,0.0000,0.0000,0.0000,0.0063,0.0001,200,11.2821
0.0062,0.0000,0.0000,0.0000,0.0061,0.0000,200,11.2845
0.0062,0.0000,0.0000,0.0000,0.0062,0.0000,200,11.2844
0.0063,0.0000,0.0000,0.0000,0.0062,0.0000,200,11.2885
0.0065,0.0000,0.0000,0.0000,0.0064,0.0000,200,11.2885
0.0061,0.0000,0.0000,0.0000,0.0060,0.0000,200,11.2907
0.0062,0.0000,0.0000,0.0000,0.0061,0.0000,200,11.2906
0.0062,0.0000,0.0000,0.0000,0.0061,0.0000,200,11.2968
0.0083,0.0000,0.0000,0.0000,0.0082,0.0000,200,11.2947
0.0081,0.0000,0.0000,0.0000,0.0081,0.0000,200,11.2949
0.0067,0.0000,0.0000,0.0000,0.0066,0.0000,200,11.2967
0.0065,0.0000,0.0000,0.0000,0.0063,0.0001,200,11.3030
0.0065,0.0000,0.0000,0.0000,0.0064,0.0000,200,11.3030
0.0066,0.0000,0.0000,0.0000,0.0065,0.0000,200,11.3030
0.0062,0.0000,0.0000,0.0000,0.0062,0.0000,200,11.3034
0.0064,0.0000,0.0000,0.0000,0.0063,0.0000,200,11.3095
0.0064,0.0000,0.0000,0.0000,0.0063,0.0000,200,11.3095
0.0063,0.0000,0.0000,0.0000,0.0062,0.0000,200,11.3096
0.0063,0.0000,0.0000,0.0000,0.0062,0.0001,200,11.3096
0.0064,0.0000,0.0000,0.0000,0.0063,0.0001,200,11.3159
0.0063,0.0000,0.0000,0.0000,0.0062,0.0001,200,11.3160
0.0064,0.0000,0.0000,0.0000,0.0064,0.0000,200,11.3159
0.0064,0.0000,0.0000,0.0000,0.0064,0.0000,200,11.3159
0.0064,0.0000,0.0000,0.0000,0.0064,0.0000,200,11.3223
0.0065,0.0000,0.0000,0.0000,0.0063,0.0001,200,11.3223
0.0065,0.0000,0.0000,0.0000,0.0064,0.0000,200,11.3223
0.0064,0.0000,0.0000,0.0000,0.0064,0.0000,200,11.3224
0.0064,0.0000,0.0000,0.0000,0.0062,0.0001,200,11.3288
0.0065,0.0000,0.0000,0.0000,0.0064,0.0001,200,11.3288
0.0066,0.0000,0.0000,0.0000,0.0065,0.0000,200,11.3288
0.0066,0.0000,0.0000,0.0000,0.0065,0.0000,200,11.3288
0.0066,0.0000,0.0000,0.0000,0.0065,0.0001,200,11.3351
0.0064,0.0000,0.0000,0.0000,0.0064,0.0000,200,11.3353
0.0064,0.0000,0.0000,0.0000,0.0063,0.0000,200,11.3354
0.0065,0.0000,0.0000,0.0000,0.0064,0.0000,200,11.3353
0.0065,0.0000,0.0000,0.0000,0.0065,0.0001,200,11.3418
0.0065,0.0000,0.0000,0.0000,0.0064,0.0001,200,11.3418
0.0066,0.0000,0.0000,0.0000,0.0066,0.0000,200,11.3418
0.0067,0.0000,0.0000,0.0000,0.0066,0.0000,200,11.3417
0.0065,0.0000,0.0000,0.0000,0.0064,0.0001,200,11.3483
0.0064,0.0000,0.0000,0.0000,0.0064,0.0000,200,11.3484
0.0067,0.0000,0.0000,0.0000,0.0066,0.0000,200,11.3483
0.0066,0.0000,0.0000,0.0000,0.0066,0.0000,200,11.3484
0.0067,0.0000,0.0000,0.0000,0.0066,0.0001,200,11.3548
0.0067,0.0000,0.0000,0.0000,0.0066,0.0000,200,11.3550
0.0074,0.0000,0.0000,0.0000,0.0074,0.0000,200,11.3548
0.0073,0.0000,0.0000,0.0000,0.0072,0.0000,200,11.3550
0.0065,0.0000,0.0000,0.0000,0.0064,0.0001,200,11.3616
0.0068,0.0000,0.0000,0.0000,0.0067,0.0000,200,11.3617
0.0065,0.0000,0.0000,0.0000,0.0064,0.0001,200,11.3623
0.0065,0.0000,0.0000,0.0000,0.0065,0.0000,200,11.3623
0.0067,0.0000,0.0000,0.0000,0.0066,0.0001,200,11.3681
0.0063,0.0000,0.0000,0.0000,0.0063,0.0000,200,11.3685
0.0064,0.0000,0.0000,0.0000,0.0064,0.0000,200,11.3688
0.0066,0.0000,0.0000,0.0000,0.0065,0.0000,200,11.3688
0.0067,0.0000,0.0000,0.0000,0.0065,0.0002,200,11.3748
0.0063,0.0000,0.0000,0.0000,0.0062,0.0001,200,11.3752
0.0067,0.0000,0.0000,0.0000,0.0066,0.0000,200,11.3748
0.0062,0.0000,0.0000,0.0000,0.0062,0.0000,200,11.3754
0.0065,0.0000,0.0000,0.0000,0.0065,0.0000,200,11.3815
0.0066,0.0000,0.0000,0.0000,0.0065,0.0000,200,11.3815
0.0065,0.0000,0.0000,0.0000,0.0064,0.0001,200,11.3816
0.0065,0.0000,0.0000,0.0000,0.0065,0.0001,200,11.3815
0.0065,0.0000,0.0000,0.0000,0.0064,0.0001,200,11.3881
0.0065,0.0000,0.0000,0.0000,0.0064,0.0000,200,11.3881
0.0069,0.0000,0.0000,0.0000,0.0068,0.0000,200,11.3881
0.0069,0.0000,0.0000,0.0000,0.0069,0.0000,200,11.3881
0.0065,0.0000,0.0000,0.0000,0.0064,0.0001,200,11.3946
0.0066,0.0000,0.0000,0.0000,0.0065,0.0001,200,11.3946
0.0064,0.0000,0.0000,0.0000,0.0064,0.0000,200,11.3950
0.0067,0.0000,0.0000,0.0000,0.0067,0.0000,200,11.3950
0.0066,0.0000,0.0000,0.0000,0.0064,0.0001,200,11.4011
0.0065,0.0000,0.0000,0.0000,0.0064,0.0000,200,11.4013
0.0063,0.0000,0.0000,0.0000,0.0062,0.0000,200,11.4015
0.0062,0.0000,0.0000,0.0000,0.0061,0.0000,200,11.4017
0.0065,0.0000,0.0000,0.0000,0.0064,0.0001,200,11.4077
0.0066,0.0000,0.0000,0.0000,0.0065,0.0000,200,11.4077
0.0068,0.0000,0.0000,0.0000,0.0068,0.0000,200,11.4078
0.0076,0.0000,0.0000,0.0000,0.0075,0.0001,200,11.4079
0.0068,0.0000,0.0000,0.0000,0.0067,0.0000,200,11.4143
0.0065,0.0000,0.0000,0.0000,0.0064,0.0000,200,11.4146
0.0069,0.0000,0.0000,0.0000,0.0069,0.0000,200,11.4141
0.0064,0.0000,0.0000,0.0001,0.0062,0.0000,200,11.4155
0.0065,0.0000,0.0000,0.0000,0.0064,0.0001,200,11.4211
0.0068,0.0000,0.0000,0.0000,0.0067,0.0000,200,11.4211
0.0068,0.0000,0.0000,0.0000,0.0068,0.0000,200,11.4211
0.0061,0.0000,0.0000,0.0000,0.0061,0.0000,200,11.4218
0.0062,0.0000,0.0000,0.0000,0.0061,0.0001,200,11.4280
0.0063,0.0000,0.0000,0.0000,0.0062,0.0000,200,11.4279
0.0064,0.0000,0.0000,0.0000,0.0063,0.0000,200,11.4278
0.0067,0.0000,0.0000,0.0000,0.0066,0.0000,200,11.4276
0.0063,0.0000,0.0000,0.0000,0.0063,0.0000,200,11.4342
0.0063,0.0000,0.0000,0.0000,0.0062,0.0000,200,11.4343
0.0064,0.0000,0.0000,0.0000,0.0063,0.0000,200,11.4342
0.0064,0.0000,0.0000,0.0000,0.0063,0.0000,200,11.4342
0.0064,0.0000,0.0000,0.0000,0.0062,0.0001,200,11.4406
0.0064,0.0000,0.0000,0.0000,0.0063,0.0001,200,11.4406
0.0065,0.0000,0.0000,0.0000,0.0064,0.0000,200,11.4406
0.0067,0.0000,0.0000,0.0000,0.0066,0.0000,200,11.4406
0.0066,0.0000,0.0000,0.0000,0.0065,0.0001,200,11.4470
0.0066,0.0000,0.0000,0.0000,0.0065,0.0001,200,11.4469
0.0066,0.0000,0.0000,0.0000,0.0065,0.0000,200,11.4470
0.0065,0.0000,0.0000,0.0000,0.0065,0.0000,200,11.4472
0.0067,0.0000,0.0000,0.0000,0.0066,0.0001,200,11.4538
0.0070,0.0000,0.0000,0.0000,0.0069,0.0000,200,11.4535
0.0070,0.0000,0.0000,0.0000,0.0070,0.0000,200,11.4536
0.0099,0.0000,0.0000,0.0000,0.0097,0.0001,200,11.4535
0.0065,0.0000,0.0000,0.0000,0.0064,0.0001,200,11.4606
0.0069,0.0000,0.0000,0.0000,0.0068,0.0000,200,11.4605
0.0070,0.0000,0.0000,0.0000,0.0068,0.0001,200,11.4605
0.0078,0.0000,0.0000,0.0000,0.0077,0.0001,200,11.4635
0.0077,0.0000,0.0000,0.0000,0.0076,0.0001,200,11.4674
0.0081,0.0000,0.0000,0.0000,0.0081,0.0000,200,11.4672
0.0102,0.0000,0.0000,0.0000,0.0100,0.0001,200,11.4675
0.0071,0.0000,0.0000,0.0000,0.0070,0.0000,200,11.4713
0.0072,0.0000,0.0000,0.0000,0.0071,0.0001,200,11.4753
0.0075,0.0000,0.0000,0.0000,0.0074,0.0000,200,11.4751
0.0075,0.0000,0.0000,0.0000,0.0074,0.0000,200,11.4776
0.0068,0.0000,0.0000,0.0000,0.0067,0.0000,200,11.4784
0.0071,0.0000,0.0000,0.0000,0.0070,0.0001,200,11.4825
0.0073,0.0000,0.0000,0.0000,0.0073,0.0000,200,11.4826
0.0073,0.0000,0.0000,0.0000,0.0071,0.0001,200,11.4852
0.0075,0.0000,0.0000,0.0000,0.0075,0.0000,200,11.4851
0.0066,0.0000,0.0000,0.0000,0.0065,0.0001,200,11.4900
0.0070,0.0000,0.0000,0.0000,0.0070,0.0000,200,11.4896
0.0074,0.0000,0.0000,0.0000,0.0073,0.0001,200,11.4927
0.0080,0.0000,0.0000,0.0000,0.0079,0.0000,200,11.4924
0.0067,0.0000,0.0000,0.0000,0.0066,0.0000,200,11.4965
0.0088,0.0000,0.0000,0.0000,0.0076,0.0012,200,11.4966
0.0067,0.0000,0.0000,0.0000,0.0066,0.0000,200,11.5001
0.0080,0.0000,0.0000,0.0000,0.0078,0.0001,200,11.5005
0.0077,0.0000,0.0000,0.0000,0.0076,0.0001,200,11.5032
0.0101,0.0000,0.0000,0.0000,0.0100,0.0001,200,11.5054
0.0090,0.0000,0.0000,0.0000,0.0089,0.0000,200,11.5067
0.0073,0.0000,0.0000,0.0000,0.0072,0.0000,200,11.5085
0.0090,0.0000,0.0000,0.0000,0.0089,0.0001,200,11.5108
0.0067,0.0000,0.0000,0.0000,0.0065,0.0001,200,11.5155
0.0071,0.0000,0.0000,0.0000,0.0070,0.0000,200,11.5157
0.0072,0.0000,0.0000,0.0000,0.0072,0.0000,200,11.5157
0.0073,0.0000,0.0000,0.0000,0.0072,0.0001,200,11.5199
0.0067,0.0000,0.0000,0.0000,0.0066,0.0001,200,11.5230
0.0069,0.0000,0.0000,0.0000,0.0068,0.0001,200,11.5228
0.0074,0.0000,0.0000,0.0000,0.0073,0.0001,200,11.5222
0.0067,0.0000,0.0000,0.0000,0.0066,0.0001,200,11.5272
0.0071,0.0000,0.0000,0.0000,0.0070,0.0000,200,11.5296
0.0071,0.0000,0.0000,0.0000,0.0070,0.0001,200,11.5296
0.0071,0.0000,0.0000,0.0000,0.0070,0.0000,200,11.5297
0.0072,0.0000,0.0000,0.0000,0.0071,0.0001,200,11.5368
0.0073,0.0000,0.0000,0.0000,0.0073,0.0000,200,11.5368
0.0103,0.0000,0.0000,0.0000,0.0102,0.0000,200,11.5338
0.0075,0.0000,0.0000,0.0000,0.0074,0.0000,200,11.5368
0.0069,0.0000,0.0000,0.0000,0.0068,0.0001,200,11.5441
0.0070,0.0000,0.0000,0.0000,0.0070,0.0000,200,11.5442
0.0072,0.0000,0.0000,0.0000,0.0070,0.0002,200,11.5441
0.0115,0.0000,0.0000,0.0000,0.0114,0.0000,200,11.5440
0.0065,0.0000,0.0000,0.0000,0.0064,0.0001,200,11.5513
0.0068,0.0000,0.0000,0.0000,0.0068,0.0000,200,11.5513
0.0072,0.0000,0.0000,0.0000,0.0071,0.0000,200,11.5510
0.0068,0.0000,0.0000,0.0000,0.0066,0.0001,200,11.5555
0.0089,0.0000,0.0000,0.0000,0.0087,0.0001,200,11.5581
0.0106,0.0000,0.0000,0.0000,0.0106,0.0000,200,11.5582
0.0112,0.0000,0.0000,0.0000,0.0108,0.0004,200,11.5579
0.0069,0.0000,0.0000,0.0000,0.0068,0.0000,200,11.5623
0.0068,0.0000,0.0000,0.0000,0.0066,0.0001,200,11.5688
0.0090,0.0000,0.0000,0.0000,0.0089,0.0000,200,11.5670
0.0069,0.0000,0.0000,0.0000,0.0069,0.0000,200,11.5692
0.0071,0.0000,0.0000,0.0000,0.0070,0.0000,200,11.5690
0.0066,0.0000,0.0000,0.0000,0.0065,0.0001,200,11.5761
0.0068,0.0000,0.0000,0.0000,0.0068,0.0000,200,11.5760
0.0073,0.0000,0.0000,0.0000,0.0072,0.0000,200,11.5756
0.0068,0.0000,0.0000,0.0000,0.0067,0.0000,200,11.5761
0.0065,0.0000,0.0000,0.0000,0.0064,0.0001,200,11.5829
0.0067,0.0000,0.0000,0.0000,0.0066,0.0000,200,11.5827
0.0066,0.0000,0.0000,0.0000,0.0065,0.0000,200,11.5828
0.0068,0.0000,0.0000,0.0000,0.0067,0.0000,200,11.5829
0.0067,0.0000,0.0000,0.0000,0.0066,0.0001,200,11.5893
0.0066,0.0000,0.0000,0.0000,0.0065,0.0000,200,11.5896
0.0068,0.0000,0.0000,0.0000,0.0068,0.0000,200,11.5894
0.0076,0.0000,0.0000,0.0000,0.0075,0.0001,200,11.5894
0.0068,0.0000,0.0000,0.0000,0.0067,0.0001,200,11.5961
0.0069,0.0000,0.0000,0.0000,0.0068,0.0000,200,11.5962
0.0074,0.0000,0.0000,0.0000,0.0073,0.0000,200,11.5970
0.0095,0.0000,0.0000,0.0000,0.0095,0.0001,200,11.5962
0.0076,0.0000,0.0000,0.0000,0.0075,0.0001,200,11.6031
0.0074,0.0000,0.0000,0.0000,0.0073,0.0000,200,11.6044
0.0069,0.0000,0.0000,0.0000,0.0068,0.0001,200,11.6058
0.0110,0.0000,0.0000,0.0000,0.0109,0.0001,200,11.6029
0.0070,0.0000,0.0000,0.0000,0.0069,0.0001,200,11.6107
0.0071,0.0000,0.0000,0.0000,0.0070,0.0001,200,11.6118
0.0078,0.0000,0.0000,0.0000,0.0077,0.0001,200,11.6138
0.0092,0.0000,0.0000,0.0000,0.0091,0.0000,200,11.6127
0.0093,0.0000,0.0000,0.0000,0.0091,0.0001,200,11.6177
0.0104,0.0000,0.0000,0.0000,0.0103,0.0001,200,11.6190
0.0119,0.0000,0.0000,0.0000,0.0118,0.0001,200,11.6218
0.0127,0.0000,0.0000,0.0000,0.0126,0.0000,200,11.6217
0.0075,0.0000,0.0000,0.0000,0.0075,0.0000,200,11.6269
0.0096,0.0000,0.0000,0.0000,0.0095,0.0001,200,11.6294
0.0066,0.0000,0.0000,0.0000,0.0064,0.0001,200,11.6337
0.0064,0.0000,0.0000,0.0000,0.0063,0.0000,200,11.6345
0.0073,0.0000,0.0000,0.0000,0.0072,0.0001,200,11.6344
0.0068,0.0000,0.0000,0.0000,0.0067,0.0001,200,11.6390
0.0061,0.0000,0.0000,0.0000,0.0060,0.0000,200,11.6409
0.0068,0.0000,0.0000,0.0000,0.0067,0.0000,200,11.6403
0.0069,0.0000,0.0000,0.0000,0.0068,0.0001,200,11.6417
0.0080,0.0000,0.0000,0.0000,0.0079,0.0001,200,11.6458
0.0069,0.0000,0.0000,0.0000,0.0068,0.0000,200,11.6470
0.0068,0.0000,0.0000,0.0000,0.0068,0.0000,200,11.6471
0.0095,0.0000,0.0000,0.0000,0.0093,0.0001,200,11.6486
0.0071,0.0000,0.0000,0.0000,0.0070,0.0000,200,11.6539
0.0073,0.0000,0.0000,0.0000,0.0072,0.0000,200,11.6538
0.0087,0.0000,0.0000,0.0000,0.0086,0.0001,200,11.6539
0.0093,0.0000,0.0000,0.0025,0.0066,0.0002,200,11.6581
0.0064,0.0000,0.0000,0.0000,0.0062,0.0001,200,11.6611
0.0070,0.0000,0.0000,0.0000,0.0069,0.0001,200,11.6626
0.0086,0.0000,0.0000,0.0000,0.0085,0.0001,200,11.6610
0.0067,0.0000,0.0000,0.0000,0.0066,0.0001,200,11.6674
0.0074,0.0000,0.0000,0.0000,0.0073,0.0001,200,11.6674
0.0066,0.0000,0.0000,0.0000,0.0065,0.0001,200,11.6696
0.0068,0.0000,0.0000,0.0000,0.0067,0.0001,200,11.6696
0.0070,0.0000,0.0000,0.0000,0.0067,0.0002,200,11.6741
0.0066,0.0000,0.0000,0.0000,0.0065,0.0000,200,11.6749
0.0066,0.0000,0.0000,0.0000,0.0065,0.0001,200,11.6762
0.0066,0.0000,0.0000,0.0000,0.0065,0.0001,200,11.6765
0.0074,0.0000,0.0000,0.0000,0.0073,0.0001,200,11.6811
0.0073,0.0000,0.0000,0.0000,0.0072,0.0000,200,11.6815
0.0070,0.0000,0.0000,0.0000,0.0069,0.0001,200,11.6830
0.0079,0.0000,0.0000,0.0003,0.0075,0.0001,200,11.6828
0.0081,0.0000,0.0000,0.0000,0.0079,0.0001,200,11.6885
0.0068,0.0000,0.0000,0.0000,0.0067,0.0000,200,11.6901
0.0082,0.0000,0.0000,0.0000,0.0082,0.0000,200,11.6888
0.0067,0.0000,0.0000,0.0000,0.0066,0.0001,200,11.6908
0.0071,0.0000,0.0000,0.0000,0.0070,0.0000,200,11.6966
0.0068,0.0000,0.0000,0.0000,0.0067,0.0001,200,11.6968
0.0067,0.0000,0.0000,0.0000,0.0066,0.0000,200,11.6970
0.0089,0.0000,0.0000,0.0000,0.0088,0.0001,200,11.6975
0.0064,0.0000,0.0000,0.0000,0.0063,0.0000,200,11.7037
0.0064,0.0000,0.0000,0.0000,0.0063,0.0000,200,11.7037
0.0073,0.0000,0.0000,0.0000,0.0072,0.0000,200,11.7037
0.0084,0.0000,0.0000,0.0000,0.0083,0.0001,200,11.7064
0.0065,0.0000,0.0000,0.0000,0.0064,0.0000,200,11.7101
0.0072,0.0000,0.0000,0.0000,0.0072,0.0000,200,11.7101
0.0096,0.0000,0.0000,0.0000,0.0095,0.0001,200,11.7110
0.0067,0.0000,0.0000,0.0000,0.0066,0.0001,200,11.7165
0.0085,0.0000,0.0000,0.0000,0.0085,0.0000,200,11.7148
0.0062,0.0000,0.0000,0.0000,0.0062,0.0001,200,11.7173
0.0073,0.0000,0.0000,0.0000,0.0072,0.0001,200,11.7233
0.0082,0.0000,0.0000,0.0000,0.0082,0.0001,200,11.7236
0.0120,0.0000,0.0000,0.0000,0.0119,0.0000,200,11.7206
0.0094,0.0000,0.0000,0.0000,0.0093,0.0000,200,11.7233
0.0070,0.0000,0.0000,0.0000,0.0069,0.0001,200,11.7306
0.0065,0.0000,0.0000,0.0000,0.0065,0.0001,200,11.7326
0.0074,0.0000,0.0000,0.0000,0.0073,0.0001,200,11.7318
0.0066,0.0000,0.0000,0.0000,0.0065,0.0000,200,11.7326
0.0069,0.0000,0.0000,0.0000,0.0068,0.0001,200,11.7376
0.0068,0.0000,0.0000,0.0000,0.0066,0.0001,200,11.7392
0.0069,0.0000,0.0000,0.0000,0.0068,0.0000,200,11.7392
0.0087,0.0000,0.0000,0.0005,0.0082,0.0001,200,11.7392
0.0070,0.0000,0.0000,0.0000,0.0069,0.0001,200,11.7445
0.0067,0.0000,0.0000,0.0000,0.0066,0.0000,200,11.7459
0.0066,0.0000,0.0000,0.0000,0.0065,0.0000,200,11.7460
0.0065,0.0000,0.0000,0.0000,0.0064,0.0000,200,11.7479
0.0069,0.0000,0.0000,0.0000,0.0068,0.0001,200,11.7526
0.0081,0.0000,0.0000,0.0000,0.0080,0.0000,200,11.7516
0.0071,0.0000,0.0000,0.0000,0.0071,0.0000,200,11.7526
0.0106,0.0000,0.0000,0.0000,0.0105,0.0001,200,11.7544
0.0092,0.0000,0.0000,0.0000,0.0090,0.0001,200,11.7595
0.0092,0.0000,0.0000,0.0000,0.0091,0.0000,200,11.7597
0.0108,0.0000,0.0000,0.0000,0.0108,0.0001,200,11.7597
0.0084,0.0000,0.0000,0.0000,0.0082,0.0001,200,11.7650
0.0073,0.0000,0.0000,0.0000,0.0072,0.0001,200,11.7688
0.0077,0.0000,0.0000,0.0000,0.0076,0.0000,200,11.7687
0.0073,0.0000,0.0000,0.0000,0.0072,0.0001,200,11.7706
0.0067,0.0000,0.0000,0.0000,0.0066,0.0001,200,11.7734
0.0063,0.0000,0.0000,0.0000,0.0062,0.0000,200,11.7764
0.0068,0.0000,0.0000,0.0000,0.0064,0.0003,200,11.7761
0.0065,0.0000,0.0000,0.0000,0.0064,0.0000,200,11.7778
0.0080,0.0000,0.0000,0.0000,0.0078,0.0001,200,11.7800
0.0071,0.0000,0.0000,0.0000,0.0070,0.0001,200,11.7829
0.0073,0.0000,0.0000,0.0000,0.0073,0.0000,200,11.7827
0.0065,0.0000,0.0000,0.0000,0.0064,0.0000,200,11.7843
0.0069,0.0000,0.0000,0.0000,0.0068,0.0000,200,11.7880
0.0063,0.0000,0.0000,0.0000,0.0063,0.0000,200,11.7900
0.0065,0.0000,0.0000,0.0000,0.0065,0.0000,200,11.7901
0.0062,0.0000,0.0000,0.0000,0.0062,0.0000,200,11.7908
0.0067,0.0000,0.0000,0.0000,0.0065,0.0001,200,11.7949
0.0065,0.0000,0.0000,0.0000,0.0064,0.0000,200,11.7964
0.0063,0.0000,0.0000,0.0000,0.0062,0.0000,200,11.7966
0.0076,0.0000,0.0000,0.0000,0.0075,0.0001,200,11.7970
0.0068,0.0000,0.0000,0.0000,0.0067,0.0000,200,11.8016
0.0064,0.0000,0.0000,0.0000,0.0063,0.0001,200,11.8029
0.0065,0.0000,0.0000,0.0000,0.0064,0.0000,200,11.8029
0.0063,0.0000,0.0000,0.0000,0.0062,0.0001,200,11.8046
0.0066,0.0000,0.0000,0.0000,0.0065,0.0001,200,11.8084
0.0062,0.0000,0.0000,0.0000,0.0060,0.0001,200,11.8093
0.0063,0.0000,0.0000,0.0000,0.0063,0.0000,200,11.8094
0.0061,0.0000,0.0000,0.0000,0.0061,0.0000,200,11.8109
0.0067,0.0000,0.0000,0.0000,0.0066,0.0001,200,11.8154
0.0078,0.0000,0.0000,0.0000,0.0077,0.0000,200,11.8150
0.0071,0.0000,0.0000,0.0000,0.0070,0.0000,200,11.8158
0.0070,0.0000,0.0000,0.0000,0.0069,0.0000,200,11.8170
0.0069,0.0000,0.0000,0.0000,0.0068,0.0001,200,11.8221
0.0062,0.0000,0.0000,0.0000,0.0061,0.0000,200,11.8228
0.0077,0.0000,0.0000,0.0000,0.0076,0.0001,200,11.8228
0.0067,0.0000,0.0000,0.0000,0.0067,0.0000,200,11.8240
0.0066,0.0000,0.0000,0.0000,0.0065,0.0001,200,11.8290
0.0066,0.0000,0.0000,0.0000,0.0065,0.0000,200,11.8290
0.0072,0.0000,0.0000,0.0000,0.0072,0.0000,200,11.8305
0.0071,0.0000,0.0000,0.0000,0.0070,0.0000,200,11.8307
0.0065,0.0000,0.0000,0.0000,0.0064,0.0000,200,11.8356
0.0065,0.0000,0.0000,0.0000,0.0064,0.0000,200,11.8356
0.0062,0.0000,0.0000,0.0000,0.0061,0.0000,200,11.8378
0.0063,0.0000,0.0000,0.0000,0.0062,0.0000,200,11.8378
0.0065,0.0000,0.0000,0.0000,0.0064,0.0001,200,11.8421
0.0065,0.0000,0.0000,0.0000,0.0064,0.0001,200,11.8421
0.0061,0.0000,0.0000,0.0000,0.0061,0.0000,200,11.8441
0.0064,0.0000,0.0000,0.0000,0.0063,0.0000,200,11.8440
0.0066,0.0000,0.0000,0.0000,0.0063,0.0002,200,11.8486
0.0066,0.0000,0.0000,0.0000,0.0065,0.0000,200,11.8486
0.0063,0.0000,0.0000,0.0000,0.0062,0.0000,200,11.8502
0.0063,0.0000,0.0000,0.0000,0.0062,0.0000,200,11.8504
0.0065,0.0000,0.0000,0.0000,0.0064,0.0001,200,11.8551
0.0065,0.0000,0.0000,0.0000,0.0064,0.0000,200,11.8552
0.0061,0.0000,0.0000,0.0000,0.0060,0.0000,200,11.8565
0.0061,0.0000,0.0000,0.0000,0.0060,0.0000,200,11.8567
0.0066,0.0000,0.0000,0.0000,0.0065,0.0001,200,11.8617
0.0064,0.0000,0.0000,0.0000,0.0063,0.0001,200,11.8626
0.0073,0.0000,0.0000,0.0000,0.0072,0.0000,200,11.8617
0.0076,0.0000,0.0000,0.0000,0.0075,0.0000,200,11.8627
0.0065,0.0000,0.0000,0.0000,0.0065,0.0000,200,11.8689
0.0065,0.0000,0.0000,0.0000,0.0064,0.0000,200,11.8690
0.0072,0.0000,0.0000,0.0000,0.0071,0.0000,200,11.8683
0.0062,0.0000,0.0000,0.0000,0.0061,0.0000,200,11.8703
0.0065,0.0000,0.0000,0.0000,0.0064,0.0001,200,11.8755
0.0065,0.0000,0.0000,0.0000,0.0064,0.0001,200,11.8755
0.0065,0.0000,0.0000,0.0000,0.0065,0.0000,200,11.8755
0.0064,0.0000,0.0000,0.0000,0.0064,0.0000,200,11.8765
0.0065,0.0000,0.0000,0.0000,0.0065,0.0000,200,11.8820
0.0066,0.0000,0.0000,0.0000,0.0065,0.0000,200,11.8820
0.0066,0.0000,0.0000,0.0000,0.0066,0.0000,200,11.8820
0.0061,0.0000,0.0000,0.0000,0.0061,0.0000,200,11.8830
0.0062,0.0000,0.0000,0.0000,0.0061,0.0001,200,11.8886
0.0063,0.0000,0.0000,0.0000,0.0062,0.0000,200,11.8886
0.0063,0.0000,0.0000,0.0000,0.0063,0.0000,200,11.8886
0.0065,0.0000,0.0000,0.0000,0.0064,0.0000,200,11.8891
0.0064,0.0000,0.0000,0.0000,0.0063,0.0001,200,11.8948
0.0065,0.0000,0.0000,0.0000,0.0065,0.0000,200,11.8949
0.0066,0.0000,0.0000,0.0000,0.0065,0.0000,200,11.8949
0.0061,0.0000,0.0000,0.0000,0.0060,0.0000,200,11.8956
0.0063,0.0000,0.0000,0.0000,0.0062,0.0001,200,11.9015
0.0061,0.0000,0.0000,0.0000,0.0060,0.0000,200,11.9017
0.0065,0.0000,0.0000,0.0000,0.0064,0.0000,200,11.9013
0.0089,0.0000,0.0000,0.0000,0.0075,0.0000,200,11.9014
0.0063,0.0000,0.0000,0.0000,0.0063,0.0000,200,11.9077
0.0064,0.0000,0.0000,0.0000,0.0062,0.0002,200,11.9077
0.0066,0.0000,0.0000,0.0000,0.0065,0.0000,200,11.9077
0.0063,0.0000,0.0000,0.0000,0.0062,0.0001,200,11.9103
0.0065,0.0000,0.0000,0.0000,0.0065,0.0001,200,11.9142
0.0064,0.0000,0.0000,0.0000,0.0063,0.0000,200,11.9143
0.0067,0.0000,0.0000,0.0000,0.0067,0.0000,200,11.9141
0.0062,0.0000,0.0000,0.0000,0.0061,0.0000,200,11.9165
0.0069,0.0000,0.0000,0.0000,0.0068,0.0000,200,11.9207
0.0068,0.0000,0.0000,0.0000,0.0067,0.0000,200,11.9208
0.0068,0.0000,0.0000,0.0000,0.0068,0.0000,200,11.9207
0.0068,0.0000,0.0000,0.0000,0.0066,0.0001,200,11.9227
0.0064,0.0000,0.0000,0.0000,0.0063,0.0000,200,11.9276
0.0063,0.0000,0.0000,0.0000,0.0063,0.0000,200,11.9276
0.0066,0.0000,0.0000,0.0000,0.0066,0.0000,200,11.9276
0.0066,0.0000,0.0000,0.0000,0.0065,0.0001,200,11.9295
0.0070,0.0000,0.0000,0.0000,0.0069,0.0000,200,11.9339
0.0070,0.0000,0.0000,0.0000,0.0068,0.0001,200,11.9339
0.0067,0.0000,0.0000,0.0000,0.0066,0.0000,200,11.9342
0.0063,0.0000,0.0000,0.0000,0.0062,0.0000,200,11.9360
0.0066,0.0000,0.0000,0.0000,0.0065,0.0001,200,11.9409
0.0066,0.0000,0.0000,0.0000,0.0066,0.0001,200,11.9409
0.0067,0.0000,0.0000,0.0000,0.0066,0.0000,200,11.9409
0.0060,0.0000,0.0000,0.0000,0.0059,0.0000,200,11.9424
0.0066,0.0000,0.0000,0.0000,0.0065,0.0000,200,11.9475
0.0066,0.0000,0.0000,0.0000,0.0065,0.0001,200,11.9476
0.0066,0.0000,0.0000,0.0000,0.0065,0.0001,200,11.9475
0.0060,0.0000,0.0000,0.0000,0.0060,0.0000,200,11.9484
0.0062,0.0000,0.0000,0.0000,0.0061,0.0001,200,11.9542
0.0062,0.0000,0.0000,0.0000,0.0061,0.0000,200,11.9542
0.0063,0.0000,0.0000,0.0000,0.0063,0.0000,200,11.9542
0.0061,0.0000,0.0000,0.0000,0.0061,0.0000,200,11.9544
0.0062,0.0000,0.0000,0.0000,0.0061,0.0001,200,11.9605
0.0063,0.0000,0.0000,0.0000,0.0063,0.0000,200,11.9604
0.0064,0.0000,0.0000,0.0000,0.0063,0.0000,200,11.9604
0.0066,0.0000,0.0000,0.0000,0.0066,0.0000,200,11.9605
0.0065,0.0000,0.0000,0.0000,0.0064,0.0000,200,11.9667
0.0065,0.0000,0.0000,0.0000,0.0064,0.0001,200,11.9667
0.0064,0.0000,0.0000,0.0000,0.0064,0.0000,200,11.9668
0.0074,0.0000,0.0000,0.0000,0.0073,0.0000,200,11.9671
0.0064,0.0000,0.0000,0.0000,0.0063,0.0001,200,11.9732
0.0064,0.0000,0.0000,0.0000,0.0064,0.0000,200,11.9732
0.0065,0.0000,0.0000,0.0000,0.0065,0.0000,200,11.9732
0.0062,0.0000,0.0000,0.0000,0.0061,0.0000,200,11.9745
0.0063,0.0000,0.0000,0.0000,0.0063,0.0000,200,11.9796
0.0063,0.0000,0.0000,0.0000,0.0063,0.0000,200,11.9797
0.0065,0.0000,0.0000,0.0000,0.0064,0.0000,200,11.9796
0.0062,0.0000,0.0000,0.0000,0.0061,0.0000,200,11.9807
0.0064,0.0000,0.0000,0.0000,0.0063,0.0001,200,11.9860
0.0065,0.0000,0.0000,0.0000,0.0064,0.0000,200,11.9860
0.0065,0.0000,0.0000,0.0000,0.0064,0.0000,200,11.9860
0.0059,0.0000,0.0000,0.0000,0.0059,0.0000,200,11.9869
0.0064,0.0000,0.0000,0.0000,0.0063,0.0000,200,11.9924
0.0063,0.0000,0.0000,0.0000,0.0063,0.0001,200,11.9925
0.0064,0.0000,0.0000,0.0000,0.0063,0.0001,200,11.9924
0.0066,0.0000,0.0000,0.0000,0.0065,0.0000,200,11.9928
0.0063,0.0000,0.0000,0.0000,0.0062,0.0001,200,11.9988
0.0063,0.0000,0.0000,0.0000,0.0063,0.0000,200,11.9988
0.0065,0.0000,0.0000,0.0000,0.0064,0.0000,200,11.9988
0.0062,0.0000,0.0000,0.0000,0.0061,0.0000,200,11.9994
0.0060,0.0000,0.0000,0.0000,0.0059,0.0000,200,12.0055
0.0064,0.0000,0.0000,0.0000,0.0063,0.0000,200,12.0051
0.0062,0.0000,0.0000,0.0000,0.0061,0.0001,200,12.0053
0.0065,0.0000,0.0000,0.0000,0.0064,0.0000,200,12.0052
0.0063,0.0000,0.0000,0.0000,0.0063,0.0001,200,12.0115
0.0064,0.0000,0.0000,0.0000,0.0063,0.0000,200,12.0115
0.0062,0.0000,0.0000,0.0000,0.0061,0.0000,200,12.0116
0.0069,0.0000,0.0000,0.0000,0.0069,0.0000,200,12.0115
0.0064,0.0000,0.0000,0.0000,0.0063,0.0000,200,12.0178
0.0065,0.0000,0.0000,0.0000,0.0064,0.0000,200,12.0178
0.0065,0.0000,0.0000,0.0000,0.0065,0.0000,200,12.0178
0.0061,0.0000,0.0000,0.0000,0.0060,0.0000,200,12.0184
0.0063,0.0000,0.0000,0.0000,0.0062,0.0000,200,12.0243
0.0062,0.0000,0.0000,0.0000,0.0061,0.0000,200,12.0244
0.0063,0.0000,0.0000,0.0000,0.0062,0.0000,200,12.0243
0.0065,0.0000,0.0000,0.0000,0.0064,0.0000,200,12.0245
0.0065,0.0000,0.0000,0.0000,0.0063,0.0001,200,12.0306
0.0066,0.0000,0.0000,0.0000,0.0066,0.0000,200,12.0306
0.0067,0.0000,0.0000,0.0000,0.0066,0.0000,200,12.0306
0.0068,0.0000,0.0000,0.0000,0.0067,0.0000,200,12.0310
0.0067,0.0000,0.0000,0.0000,0.0066,0.0001,200,12.0372
0.0070,0.0000,0.0000,0.0000,0.0069,0.0000,200,12.0370
0.0068,0.0000,0.0000,0.0000,0.0068,0.0000,200,12.0378
0.0074,0.0000,0.0000,0.0000,0.0074,0.0000,200,12.0372
0.0072,0.0000,0.0000,0.0000,0.0071,0.0001,200,12.0439
0.0065,0.0000,0.0000,0.0000,0.0064,0.0001,200,12.0446
0.0065,0.0000,0.0000,0.0000,0.0064,0.0000,200,12.0446
0.0071,0.0000,0.0000,0.0000,0.0071,0.0000,200,12.0440
0.0064,0.0000,0.0000,0.0000,0.0062,0.0001,200,12.0511
0.0064,0.0000,0.0000,0.0000,0.0062,0.0001,200,12.0511
0.0064,0.0000,0.0000,0.0000,0.0064,0.0000,200,12.0511
0.0064,0.0000,0.0000,0.0000,0.0064,0.0000,200,12.0512
0.0062,0.0000,0.0000,0.0000,0.0061,0.0001,200,12.0576
0.0064,0.0000,0.0000,0.0000,0.0062,0.0000,200,12.0575
0.0063,0.0000,0.0000,0.0000,0.0063,0.0000,200,12.0576
0.0065,0.0000,0.0000,0.0000,0.0064,0.0000,200,12.0575
0.0063,0.0000,0.0000,0.0000,0.0063,0.0000,200,12.0638
0.0063,0.0000,0.0000,0.0000,0.0062,0.0000,200,12.0639
0.0064,0.0000,0.0000,0.0000,0.0063,0.0000,200,12.0638
0.0070,0.0000,0.0000,0.0000,0.0069,0.0000,200,12.0640
0.0064,0.0000,0.0000,0.0000,0.0063,0.0001,200,12.0702
0.0065,0.0000,0.0000,0.0000,0.0064,0.0000,200,12.0702
0.0062,0.0000,0.0000,0.0000,0.0061,0.0000,200,12.0710
0.0071,0.0000,0.0000,0.0000,0.0070,0.0001,200,12.0702
0.0064,0.0000,0.0000,0.0000,0.0063,0.0001,200,12.0766
0.0064,0.0000,0.0000,0.0000,0.0063,0.0000,200,12.0767
0.0064,0.0000,0.0000,0.0000,0.0063,0.0000,200,12.0771
0.0063,0.0000,0.0000,0.0000,0.0062,0.0000,200,12.0773
0.0064,0.0000,0.0000,0.0000,0.0063,0.0001,200,12.0830
0.0064,0.0000,0.0000,0.0000,0.0063,0.0001,200,12.0831
0.0061,0.0000,0.0000,0.0000,0.0060,0.0000,200,12.0835
0.0067,0.0000,0.0000,0.0000,0.0067,0.0000,200,12.0836
0.0063,0.0000,0.0000,0.0000,0.0062,0.0001,200,12.0894
0.0063,0.0000,0.0000,0.0000,0.0062,0.0000,200,12.0896
0.0065,0.0000,0.0000,0.0000,0.0064,0.0000,200,12.0894
0.0060,0.0000,0.0000,0.0000,0.0060,0.0000,200,12.0903
0.0066,0.0000,0.0000,0.0000,0.0065,0.0001,200,12.0958
0.0064,0.0000,0.0000,0.0000,0.0064,0.0000,200,12.0959
0.0066,0.0000,0.0000,0.0000,0.0065,0.0000,200,12.0959
0.0062,0.0000,0.0000,0.0000,0.0061,0.0000,200,12.0963
0.0064,0.0000,0.0000,0.0000,0.0063,0.0001,200,12.1024
0.0063,0.0000,0.0000,0.0000,0.0062,0.0000,200,12.1025
0.0066,0.0000,0.0000,0.0000,0.0065,0.0000,200,12.1023
0.0065,0.0000,0.0000,0.0000,0.0064,0.0000,200,12.1024
0.0064,0.0000,0.0000,0.0000,0.0063,0.0000,200,12.1088
0.0064,0.0000,0.0000,0.0000,0.0062,0.0001,200,12.1088
0.0064,0.0000,0.0000,0.0000,0.0064,0.0000,200,12.1089
0.0065,0.0000,0.0000,0.0000,0.0064,0.0000,200,12.1089
0.0070,0.0000,0.0000,0.0000,0.0069,0.0001,200,12.1152
0.0070,0.0000,0.0000,0.0000,0.0069,0.0000,200,12.1154
0.0072,0.0000,0.0000,0.0000,0.0071,0.0000,200,12.1153
0.0074,0.0000,0.0000,0.0000,0.0073,0.0000,200,12.1152
0.0065,0.0000,0.0000,0.0000,0.0065,0.0001,200,12.1225
0.0069,0.0000,0.0000,0.0000,0.0068,0.0000,200,12.1222
0.0064,0.0000,0.0000,0.0000,0.0064,0.0000,200,12.1226
0.0064,0.0000,0.0000,0.0000,0.0064,0.0000,200,12.1227
0.0065,0.0000,0.0000,0.0000,0.0064,0.0001,200,12.1290
0.0065,0.0000,0.0000,0.0000,0.0064,0.0001,200,12.1291
0.0066,0.0000,0.0000,0.0000,0.0065,0.0000,200,12.1291
0.0067,0.0000,0.0000,0.0000,0.0066,0.0000,200,12.1291
0.0063,0.0000,0.0000,0.0000,0.0063,0.0001,200,12.1356
0.0064,0.0000,0.0000,0.0000,0.0063,0.0001,200,12.1356
0.0066,0.0000,0.0000,0.0000,0.0065,0.0000,200,12.1358
0.0069,0.0000,0.0000,0.0000,0.0068,0.0000,200,12.1356
0.0065,0.0000,0.0000,0.0000,0.0064,0.0001,200,12.1420
0.0065,0.0000,0.0000,0.0000,0.0064,0.0001,200,12.1420
0.0061,0.0000,0.0000,0.0000,0.0060,0.0000,200,12.1424
0.0063,0.0000,0.0000,0.0000,0.0063,0.0000,200,12.1424
0.0065,0.0000,0.0000,0.0000,0.0063,0.0001,200,12.1485
0.0067,0.0000,0.0000,0.0000,0.0067,0.0000,200,12.1487
0.0071,0.0000,0.0000,0.0000,0.0070,0.0000,200,12.1485
0.0073,0.0000,0.0000,0.0000,0.0072,0.0000,200,12.1485
0.0068,0.0000,0.0000,0.0000,0.0067,0.0001,200,12.1556
0.0066,0.0000,0.0000,0.0000,0.0065,0.0001,200,12.1558
0.0069,0.0000,0.0000,0.0000,0.0069,0.0000,200,12.1555
0.0076,0.0000,0.0000,0.0000,0.0076,0.0000,200,12.1549
0.0064,0.0000,0.0000,0.0001,0.0062,0.0000,200,12.1624
0.0062,0.0000,0.0000,0.0000,0.0061,0.0000,200,12.1626
0.0064,0.0000,0.0000,0.0000,0.0063,0.0000,200,12.1624
0.0064,0.0000,0.0000,0.0000,0.0063,0.0000,200,12.1624
0.0064,0.0000,0.0000,0.0000,0.0063,0.0000,200,12.1687
0.0064,0.0000,0.0000,0.0000,0.0063,0.0000,200,12.1688
0.0064,0.0000,0.0000,0.0000,0.0063,0.0000,200,12.1688
0.0064,0.0000,0.0000,0.0000,0.0063,0.0000,200,12.1688
0.0064,0.0000,0.0000,0.0000,0.0063,0.0001,200,12.1752
0.0064,0.0000,0.0000,0.0000,0.0063,0.0000,200,12.1752
0.0064,0.0000,0.0000,0.0000,0.0063,0.0000,200,12.1752
0.0066,0.0000,0.0000,0.0000,0.0065,0.0000,200,12.1751
0.0063,0.0000,0.0000,0.0000,0.0062,0.0000,200,12.1817
0.0065,0.0000,0.0000,0.0000,0.0064,0.0000,200,12.1815
0.0065,0.0000,0.0000,0.0000,0.0064,0.0000,200,12.1816
0.0065,0.0000,0.0000,0.0000,0.0064,0.0001,200,12.1815
0.0065,0.0000,0.0000,0.0000,0.0064,0.0000,200,12.1880
0.0065,0.0000,0.0000,0.0000,0.0064,0.0000,200,12.1880
0.0065,0.0000,0.0000,0.0000,0.0064,0.0001,200,12.1880
0.0065,0.0000,0.0000,0.0000,0.0064,0.0001,200,12.1881
0.0065,0.0000,0.0000,0.0000,0.0065,0.0000,200,12.1945
0.0065,0.0000,0.0000,0.0000,0.0064,0.0000,200,12.1946
0.0065,0.0000,0.0000,0.0000,0.0065,0.0000,200,12.1945
0.0066,0.0000,0.0000,0.0000,0.0065,0.0001,200,12.1945
0.0065,0.0000,0.0000,0.0000,0.0064,0.0001,200,12.2011
0.0065,0.0000,0.0000,0.0000,0.0064,0.0000,200,12.2011
0.0066,0.0000,0.0000,0.0000,0.0065,0.0000,200,12.2011
0.0067,0.0000,0.0000,0.0000,0.0066,0.0000,200,12.2011
0.0063,0.0000,0.0000,0.0000,0.0062,0.0000,200,12.2078
0.0064,0.0000,0.0000,0.0000,0.0064,0.0000,200,12.2076
0.0064,0.0000,0.0000,0.0000,0.0063,0.0000,200,12.2076
0.0064,0.0000,0.0000,0.0000,0.0063,0.0000,200,12.2076
0.0063,0.0000,0.0000,0.0000,0.0062,0.0001,200,12.2140
0.0063,0.0000,0.0000,0.0000,0.0062,0.0001,200,12.2140
0.0064,0.0000,0.0000,0.0000,0.0063,0.0000,200,12.2140
0.0065,0.0000,0.0000,0.0000,0.0065,0.0000,200,12.2140
0.0063,0.0000,0.0000,0.0000,0.0062,0.0001,200,12.2204
0.0064,0.0000,0.0000,0.0000,0.0064,0.0000,200,12.2203
0.0064,0.0000,0.0000,0.0000,0.0064,0.0000,200,12.2203
0.0063,0.0000,0.0000,0.0000,0.0062,0.0000,200,12.2206
0.0066,0.0000,0.0000,0.0000,0.0065,0.0000,200,12.2268
0.0066,0.0000,0.0000,0.0000,0.0065,0.0000,200,12.2268
0.0069,0.0000,0.0000,0.0000,0.0066,0.0003,200,12.2268
0.0068,0.0000,0.0000,0.0000,0.0064,0.0003,200,12.2269
0.0065,0.0000,0.0000,0.0000,0.0062,0.0001,200,12.2334
0.0069,0.0000,0.0000,0.0000,0.0068,0.0000,200,12.2336
0.0071,0.0000,0.0000,0.0001,0.0068,0.0000,200,12.2336
0.0074,0.0000,0.0000,0.0000,0.0071,0.0000,200,12.2334
0.0066,0.0000,0.0000,0.0000,0.0065,0.0001,200,12.2399
0.0062,0.0000,0.0000,0.0000,0.0061,0.0000,200,12.2405
0.0061,0.0000,0.0000,0.0000,0.0061,0.0000,200,12.2408
0.0065,0.0000,0.0000,0.0000,0.0063,0.0000,200,12.2407
0.0068,0.0000,0.0000,0.0000,0.0067,0.0001,200,12.2465
0.0065,0.0000,0.0000,0.0000,0.0064,0.0000,200,12.2469
0.0070,0.0000,0.0000,0.0000,0.0070,0.0000,200,12.2467
0.0094,0.0000,0.0000,0.0000,0.0093,0.0001,200,12.2472
0.0067,0.0000,0.0000,0.0000,0.0065,0.0001,200,12.2533
0.0065,0.0000,0.0000,0.0000,0.0064,0.0000,200,12.2537
0.0069,0.0000,0.0000,0.0000,0.0068,0.0000,200,12.2534
0.0067,0.0000,0.0000,0.0000,0.0065,0.0001,200,12.2566
0.0065,0.0000,0.0000,0.0000,0.0063,0.0001,200,12.2603
0.0087,0.0000,0.0000,0.0000,0.0086,0.0001,200,12.2602
0.0066,0.0000,0.0000,0.0000,0.0065,0.0000,200,12.2633
0.0102,0.0000,0.0000,0.0000,0.0101,0.0000,200,12.2600
0.0067,0.0000,0.0000,0.0000,0.0066,0.0001,200,12.2667
0.0067,0.0000,0.0000,0.0000,0.0066,0.0001,200,12.2702
0.0081,0.0000,0.0000,0.0000,0.0080,0.0001,200,12.2689
0.0096,0.0000,0.0000,0.0000,0.0095,0.0001,200,12.2699
0.0100,0.0000,0.0000,0.0000,0.0099,0.0001,200,12.2734
0.0066,0.0000,0.0000,0.0000,0.0065,0.0000,200,12.2770
0.0069,0.0000,0.0000,0.0000,0.0069,0.0000,200,12.2769
0.0065,0.0000,0.0000,0.0000,0.0064,0.0000,200,12.2795
0.0069,0.0000,0.0000,0.0000,0.0068,0.0001,200,12.2834
0.0074,0.0000,0.0000,0.0000,0.0073,0.0001,200,12.2836
0.0074,0.0000,0.0000,0.0000,0.0073,0.0000,200,12.2838
0.0063,0.0000,0.0000,0.0000,0.0062,0.0000,200,12.2860
0.0069,0.0000,0.0000,0.0000,0.0068,0.0001,200,12.2903
0.0069,0.0000,0.0000,0.0000,0.0068,0.0000,200,12.2912
0.0075,0.0000,0.0000,0.0000,0.0074,0.0000,200,12.2911
0.0069,0.0000,0.0000,0.0000,0.0069,0.0000,200,12.2923
0.0064,0.0000,0.0000,0.0000,0.0063,0.0001,200,12.2973
0.0082,0.0000,0.0000,0.0000,0.0079,0.0003,200,12.2980
0.0078,0.0000,0.0000,0.0000,0.0076,0.0001,200,12.2985
0.0103,0.0000,0.0000,0.0000,0.0102,0.0001,200,12.2992
0.0063,0.0000,0.0000,0.0000,0.0062,0.0001,200,12.3037
0.0065,0.0000,0.0000,0.0000,0.0064,0.0000,200,12.3063
0.0071,0.0000,0.0000,0.0003,0.0068,0.0000,200,12.3062
0.0070,0.0000,0.0000,0.0000,0.0069,0.0001,200,12.3095
0.0066,0.0000,0.0000,0.0000,0.0065,0.0000,200,12.3099
0.0069,0.0000,0.0000,0.0000,0.0068,0.0001,200,12.3128
0.0063,0.0000,0.0000,0.0000,0.0063,0.0000,200,12.3134
0.0066,0.0000,0.0000,0.0000,0.0065,0.0001,200,12.3197
0.0098,0.0000,0.0000,0.0000,0.0098,0.0000,200,12.3165
0.0099,0.0000,0.0000,0.0000,0.0098,0.0000,200,12.3165
0.0072,0.0000,0.0000,0.0000,0.0071,0.0000,200,12.3197
0.0073,0.0000,0.0000,0.0000,0.0073,0.0000,200,12.3264
0.0074,0.0000,0.0000,0.0000,0.0073,0.0001,200,12.3264
0.0081,0.0000,0.0000,0.0000,0.0080,0.0000,200,12.3263
0.0076,0.0000,0.0000,0.0000,0.0075,0.0000,200,12.3269
0.0076,0.0000,0.0000,0.0000,0.0075,0.0001,200,12.3337
0.0069,0.0000,0.0000,0.0000,0.0069,0.0001,200,12.3345
0.0077,0.0000,0.0000,0.0000,0.0077,0.0000,200,12.3337
0.0072,0.0000,0.0000,0.0000,0.0071,0.0000,200,12.3343
0.0067,0.0000,0.0000,0.0000,0.0066,0.0001,200,12.3414
0.0067,0.0000,0.0000,0.0000,0.0067,0.0000,200,12.3415
0.0068,0.0000,0.0000,0.0000,0.0068,0.0000,200,12.3415
0.0070,0.0000,0.0000,0.0000,0.0070,0.0000,200,12.3413
0.0067,0.0000,0.0000,0.0000,0.0067,0.0000,200,12.3484
0.0070,0.0000,0.0000,0.0000,0.0069,0.0000,200,12.3481
0.0069,0.0000,0.0000,0.0000,0.0066,0.0003,200,12.3482
0.0070,0.0000,0.0000,0.0000,0.0069,0.0000,200,12.3483
0.0069,0.0000,0.0000,0.0000,0.0068,0.0001,200,12.3551
0.0084,0.0000,0.0000,0.0000,0.0083,0.0001,200,12.3551
0.0084,0.0000,0.0000,0.0000,0.0084,0.0000,200,12.3551
0.0114,0.0000,0.0000,0.0000,0.0113,0.0001,200,12.3553
0.0086,0.0000,0.0000,0.0000,0.0084,0.0002,200,12.3620
0.0081,0.0000,0.0000,0.0000,0.0080,0.0001,200,12.3636
0.0088,0.0000,0.0000,0.0000,0.0086,0.0001,200,12.3636
0.0076,0.0000,0.0000,0.0000,0.0075,0.0001,200,12.3668
0.0069,0.0000,0.0000,0.0000,0.0068,0.0001,200,12.3707
0.0069,0.0000,0.0000,0.0000,0.0068,0.0000,200,12.3717
0.0072,0.0000,0.0000,0.0000,0.0071,0.0001,200,12.3723
0.0066,0.0000,0.0000,0.0000,0.0063,0.0002,200,12.3744
0.0070,0.0000,0.0000,0.0000,0.0069,0.0001,200,12.3776
0.0066,0.0000,0.0000,0.0000,0.0065,0.0001,200,12.3810
0.0092,0.0000,0.0000,0.0000,0.0091,0.0000,200,12.3786
0.0083,0.0000,0.0000,0.0000,0.0082,0.0000,200,12.3796
0.0076,0.0000,0.0000,0.0000,0.0075,0.0001,200,12.3846
0.0071,0.0000,0.0000,0.0000,0.0070,0.0001,200,12.3876
0.0072,0.0000,0.0000,0.0000,0.0072,0.0000,200,12.3877
0.0071,0.0000,0.0000,0.0000,0.0071,0.0000,200,12.3879
0.0074,0.0000,0.0000,0.0000,0.0072,0.0001,200,12.3922
0.0073,0.0000,0.0000,0.0000,0.0072,0.0001,200,12.3947
0.0072,0.0000,0.0000,0.0000,0.0071,0.0000,200,12.3950
0.0073,0.0000,0.0000,0.0000,0.0072,0.0000,200,12.3950
0.0070,0.0000,0.0000,0.0000,0.0069,0.0001,200,12.3996
0.0065,0.0000,0.0000,0.0000,0.0064,0.0000,200,12.4020
0.0065,0.0000,0.0000,0.0000,0.0064,0.0000,200,12.4022
0.0067,0.0000,0.0000,0.0000,0.0066,0.0000,200,12.4023
0.0069,0.0000,0.0000,0.0000,0.0068,0.0001,200,12.4066
0.0062,0.0000,0.0000,0.0000,0.0061,0.0001,200,12.4087
0.0066,0.0000,0.0000,0.0000,0.0065,0.0001,200,12.4085
0.0063,0.0000,0.0000,0.0000,0.0062,0.0000,200,12.4090
0.0064,0.0000,0.0000,0.0000,0.0063,0.0001,200,12.4135
0.0063,0.0000,0.0000,0.0000,0.0062,0.0000,200,12.4151
0.0062,0.0000,0.0000,0.0000,0.0061,0.0000,200,12.4152
0.0066,0.0000,0.0000,0.0000,0.0064,0.0001,200,12.4149
0.0065,0.0000,0.0000,0.0000,0.0064,0.0001,200,12.4199
0.0063,0.0000,0.0000,0.0000,0.0062,0.0000,200,12.4215
0.0064,0.0000,0.0000,0.0000,0.0063,0.0001,200,12.4214
0.0065,0.0000,0.0000,0.0000,0.0063,0.0001,200,12.4214
0.0065,0.0000,0.0000,0.0000,0.0064,0.0001,200,12.4263
0.0067,0.0000,0.0000,0.0000,0.0067,0.0000,200,12.4278
0.0067,0.0000,0.0000,0.0000,0.0067,0.0000,200,12.4278
0.0069,0.0000,0.0000,0.0000,0.0068,0.0000,200,12.4277
0.0064,0.0000,0.0000,0.0000,0.0063,0.0001,200,12.4328
0.0063,0.0000,0.0000,0.0000,0.0063,0.0000,200,12.4346
0.0064,0.0000,0.0000,0.0000,0.0063,0.0000,200,12.4346
0.0063,0.0000,0.0000,0.0000,0.0062,0.0000,200,12.4346
0.0066,0.0000,0.0000,0.0000,0.0065,0.0001,200,12.4392
0.0063,0.0000,0.0000,0.0000,0.0062,0.0000,200,12.4409
0.0063,0.0000,0.0000,0.0000,0.0062,0.0000,200,12.4409
0.0064,0.0000,0.0000,0.0000,0.0063,0.0000,200,12.4409
0.0066,0.0000,0.0000,0.0000,0.0064,0.0001,200,12.4458
0.0062,0.0000,0.0000,0.0000,0.0061,0.0001,200,12.4473
0.0063,0.0000,0.0000,0.0000,0.0063,0.0000,200,12.4472
0.0063,0.0000,0.0000,0.0000,0.0063,0.0000,200,12.4472
0.0064,0.0000,0.0000,0.0000,0.0062,0.0001,200,12.4523
0.0062,0.0000,0.0000,0.0000,0.0061,0.0000,200,12.4535
0.0062,0.0000,0.0000,0.0000,0.0062,0.0000,200,12.4535
0.0064,0.0000,0.0000,0.0000,0.0063,0.0000,200,12.4536
0.0063,0.0000,0.0000,0.0000,0.0062,0.0001,200,12.4587
0.0060,0.0000,0.0000,0.0000,0.0059,0.0000,200,12.4596
0.0065,0.0000,0.0000,0.0000,0.0064,0.0001,200,12.4600
0.0068,0.0000,0.0000,0.0000,0.0067,0.0000,200,12.4598
0.0064,0.0000,0.0000,0.0000,0.0063,0.0001,200,12.4650
0.0062,0.0000,0.0000,0.0000,0.0061,0.0000,200,12.4656
0.0068,0.0000,0.0000,0.0000,0.0067,0.0000,200,12.4665
0.0069,0.0000,0.0000,0.0000,0.0068,0.0000,200,12.4665
0.0063,0.0000,0.0000,0.0000,0.0062,0.0001,200,12.4714
0.0063,0.0000,0.0000,0.0000,0.0063,0.0000,200,12.4719
0.0062,0.0000,0.0000,0.0000,0.0061,0.0000,200,12.4734
0.0070,0.0000,0.0000,0.0000,0.0070,0.0000,200,12.4733
0.0063,0.0000,0.0000,0.0000,0.0063,0.0001,200,12.4777
0.0065,0.0000,0.0000,0.0000,0.0064,0.0000,200,12.4782
0.0093,0.0000,0.0000,0.0000,0.0092,0.0001,200,12.4795
0.0085,0.0000,0.0000,0.0000,0.0085,0.0000,200,12.4804
0.0062,0.0000,0.0000,0.0000,0.0061,0.0000,200,12.4841
0.0061,0.0000,0.0000,0.0000,0.0060,0.0000,200,12.4847
0.0062,0.0000,0.0000,0.0000,0.0061,0.0000,200,12.4888
0.0063,0.0000,0.0000,0.0000,0.0062,0.0000,200,12.4889
0.0064,0.0000,0.0000,0.0000,0.0062,0.0002,200,12.4908
0.0073,0.0000,0.0000,0.0000,0.0072,0.0000,200,12.4903
0.0063,0.0000,0.0000,0.0000,0.0062,0.0000,200,12.4952
0.0078,0.0000,0.0000,0.0000,0.0077,0.0000,200,12.4950
0.0067,0.0000,0.0000,0.0000,0.0066,0.0001,200,12.4972
0.0064,0.0000,0.0000,0.0000,0.0063,0.0000,200,12.4976
0.0063,0.0000,0.0000,0.0000,0.0062,0.0000,200,12.5015
0.0062,0.0000,0.0000,0.0000,0.0061,0.0000,200,12.5028
0.0062,0.0000,0.0000,0.0000,0.0062,0.0000,200,12.5040
0.0062,0.0000,0.0000,0.0000,0.0062,0.0000,200,12.5040
0.0063,0.0000,0.0000,0.0000,0.0062,0.0001,200,12.5078
0.0060,0.0000,0.0000,0.0000,0.0059,0.0000,200,12.5090
0.0062,0.0000,0.0000,0.0000,0.0061,0.0000,200,12.5102
0.0064,0.0000,0.0000,0.0000,0.0064,0.0000,200,12.5102
0.0063,0.0000,0.0000,0.0000,0.0062,0.0000,200,12.5141
0.0061,0.0000,0.0000,0.0000,0.0061,0.0000,200,12.5150
0.0061,0.0000,0.0000,0.0000,0.0060,0.0000,200,12.5164
0.0062,0.0000,0.0000,0.0000,0.0061,0.0000,200,12.5167
0.0064,0.0000,0.0000,0.0000,0.0063,0.0000,200,12.5204
0.0062,0.0000,0.0000,0.0000,0.0062,0.0000,200,12.5211
0.0062,0.0000,0.0000,0.0000,0.0061,0.0000,200,12.5225
0.0060,0.0000,0.0000,0.0000,0.0059,0.0000,200,12.5229
0.0065,0.0000,0.0000,0.0000,0.0064,0.0001,200,12.5268
0.0062,0.0000,0.0000,0.0000,0.0061,0.0000,200,12.5274
0.0063,0.0000,0.0000,0.0000,0.0061,0.0001,200,12.5287
0.0062,0.0000,0.0000,0.0000,0.0061,0.0000,200,12.5288
0.0066,0.0000,0.0000,0.0000,0.0065,0.0001,200,12.5332
0.0065,0.0000,0.0000,0.0000,0.0065,0.0000,200,12.5335
0.0062,0.0000,0.0000,0.0000,0.0061,0.0001,200,12.5350
0.0064,0.0000,0.0000,0.0000,0.0063,0.0000,200,12.5350
0.0065,0.0000,0.0000,0.0000,0.0064,0.0000,200,12.5401
0.0067,0.0000,0.0000,0.0000,0.0066,0.0000,200,12.5399
0.0066,0.0000,0.0000,0.0000,0.0065,0.0000,200,12.5414
0.0068,0.0000,0.0000,0.0000,0.0067,0.0000,200,12.5412
0.0065,0.0000,0.0000,0.0000,0.0064,0.0001,200,12.5466
0.0065,0.0000,0.0000,0.0000,0.0064,0.0000,200,12.5466
0.0061,0.0000,0.0000,0.0000,0.0060,0.0000,200,12.5480
0.0061,0.0000,0.0000,0.0000,0.0061,0.0000,200,12.5480
0.0065,0.0000,0.0000,0.0000,0.0064,0.0001,200,12.5531
0.0066,0.0000,0.0000,0.0000,0.0065,0.0000,200,12.5530
0.0061,0.0000,0.0000,0.0000,0.0061,0.0000,200,12.5541
0.0065,0.0000,0.0000,0.0000,0.0064,0.0000,200,12.5541
0.0065,0.0000,0.0000,0.0000,0.0064,0.0001,200,12.5596
0.0065,0.0000,0.0000,0.0000,0.0064,0.0001,200,12.5596
0.0063,0.0000,0.0000,0.0000,0.0062,0.0001,200,12.5602
0.0062,0.0000,0.0000,0.0000,0.0061,0.0000,200,12.5605
0.0064,0.0000,0.0000,0.0000,0.0063,0.0001,200,12.5661
0.0064,0.0000,0.0000,0.0000,0.0063,0.0000,200,12.5661
0.0060,0.0000,0.0000,0.0000,0.0060,0.0000,200,12.5667
0.0063,0.0000,0.0000,0.0000,0.0063,0.0000,200,12.5665
0.0065,0.0000,0.0000,0.0000,0.0064,0.0001,200,12.5725
0.0066,0.0000,0.0000,0.0000,0.0065,0.0000,200,12.5725
0.0065,0.0000,0.0000,0.0000,0.0065,0.0000,200,12.5729
0.0078,0.0000,0.0000,0.0000,0.0077,0.0001,200,12.5727
0.0066,0.0000,0.0000,0.0000,0.0065,0.0001,200,12.5790
0.0065,0.0000,0.0000,0.0000,0.0064,0.0000,200,12.5791
0.0065,0.0000,0.0000,0.0000,0.0064,0.0001,200,12.5794
0.0064,0.0000,0.0000,0.0000,0.0064,0.0000,200,12.5805
0.0065,0.0000,0.0000,0.0000,0.0064,0.0000,200,12.5856
0.0065,0.0000,0.0000,0.0000,0.0065,0.0000,200,12.5856
0.0068,0.0000,0.0000,0.0000,0.0067,0.0000,200,12.5859
0.0062,0.0000,0.0000,0.0000,0.0061,0.0000,200,12.5870
0.0064,0.0000,0.0000,0.0000,0.0063,0.0000,200,12.5921
0.0063,0.0000,0.0000,0.0000,0.0063,0.0001,200,12.5921
0.0068,0.0000,0.0000,0.0000,0.0067,0.0000,200,12.5927
0.0076,0.0000,0.0000,0.0000,0.0075,0.0000,200,12.5931
0.0063,0.0000,0.0000,0.0000,0.0063,0.0000,200,12.5985
0.0063,0.0000,0.0000,0.0000,0.0063,0.0000,200,12.5985
0.0097,0.0000,0.0000,0.0000,0.0096,0.0001,200,12.5995
0.0090,0.0000,0.0000,0.0000,0.0089,0.0000,200,12.6008
0.0064,0.0000,0.0000,0.0000,0.0063,0.0000,200,12.6048
0.0064,0.0000,0.0000,0.0000,0.0063,0.0000,200,12.6048
0.0062,0.0000,0.0000,0.0000,0.0061,0.0000,200,12.6097
0.0068,0.0000,0.0000,0.0000,0.0066,0.0001,200,12.6092
0.0061,0.0000,0.0000,0.0000,0.0061,0.0000,200,12.6112
0.0062,0.0000,0.0000,0.0000,0.0062,0.0000,200,12.6112
0.0062,0.0000,0.0000,0.0000,0.0061,0.0001,200,12.6159
0.0062,0.0000,0.0000,0.0000,0.0061,0.0000,200,12.6160
0.0060,0.0000,0.0000,0.0000,0.0059,0.0000,200,12.6174
0.0061,0.0000,0.0000,0.0000,0.0060,0.0000,200,12.6173
0.0063,0.0000,0.0000,0.0000,0.0062,0.0001,200,12.6221
0.0063,0.0000,0.0000,0.0000,0.0062,0.0001,200,12.6222
0.0063,0.0000,0.0000,0.0000,0.0063,0.0000,200,12.6234
0.0064,0.0000,0.0000,0.0000,0.0063,0.0000,200,12.6234
0.0066,0.0000,0.0000,0.0000,0.0065,0.0001,200,12.6284
0.0066,0.0000,0.0000,0.0000,0.0065,0.0000,200,12.6284
0.0063,0.0000,0.0000,0.0000,0.0062,0.0000,200,12.6298
0.0064,0.0000,0.0000,0.0000,0.0063,0.0000,200,12.6297
0.0063,0.0000,0.0000,0.0000,0.0062,0.0000,200,12.6350
0.0063,0.0000,0.0000,0.0000,0.0062,0.0000,200,12.6350
0.0061,0.0000,0.0000,0.0000,0.0060,0.0000,200,12.6360
0.0084,0.0000,0.0000,0.0000,0.0083,0.0000,200,12.6361
0.0063,0.0000,0.0000,0.0000,0.0062,0.0000,200,12.6413
0.0064,0.0000,0.0000,0.0000,0.0064,0.0000,200,12.6413
0.0060,0.0000,0.0000,0.0000,0.0059,0.0000,200,12.6421
0.0070,0.0000,0.0000,0.0000,0.0069,0.0001,200,12.6445
0.0062,0.0000,0.0000,0.0000,0.0061,0.0001,200,12.6476
0.0062,0.0000,0.0000,0.0000,0.0062,0.0000,200,12.6478
0.0062,0.0000,0.0000,0.0000,0.0061,0.0001,200,12.6481
0.0063,0.0000,0.0000,0.0000,0.0062,0.0001,200,12.6516
0.0062,0.0000,0.0000,0.0000,0.0061,0.0001,200,12.6540
0.0065,0.0000,0.0000,0.0000,0.0064,0.0000,200,12.6539
0.0062,0.0000,0.0000,0.0000,0.0061,0.0000,200,12.6543
0.0065,0.0000,0.0000,0.0000,0.0064,0.0000,200,12.6578
0.0062,0.0000,0.0000,0.0000,0.0061,0.0001,200,12.6602
0.0065,0.0000,0.0000,0.0000,0.0064,0.0000,200,12.6603
0.0064,0.0000,0.0000,0.0000,0.0064,0.0000,200,12.6605
0.0064,0.0000,0.0000,0.0000,0.0063,0.0001,200,12.6643
0.0063,0.0000,0.0000,0.0000,0.0062,0.0000,200,12.6664
0.0060,0.0000,0.0000,0.0000,0.0059,0.0000,200,12.6668
0.0060,0.0000,0.0000,0.0000,0.0059,0.0000,200,12.6669
0.0063,0.0000,0.0000,0.0000,0.0062,0.0000,200,12.6707
0.0064,0.0000,0.0000,0.0000,0.0062,0.0001,200,12.6727
0.0063,0.0000,0.0000,0.0000,0.0062,0.0000,200,12.6729
0.0065,0.0000,0.0000,0.0000,0.0063,0.0002,200,12.6727
0.0062,0.0000,0.0000,0.0000,0.0061,0.0001,200,12.6770
0.0065,0.0000,0.0000,0.0000,0.0065,0.0000,200,12.6792
0.0065,0.0000,0.0000,0.0000,0.0064,0.0000,200,12.6792
0.0072,0.0000,0.0000,0.0000,0.0071,0.0000,200,12.6791
0.0063,0.0000,0.0000,0.0000,0.0062,0.0001,200,12.6832
0.0062,0.0000,0.0000,0.0000,0.0061,0.0001,200,12.6857
0.0062,0.0000,0.0000,0.0000,0.0062,0.0000,200,12.6857
0.0061,0.0000,0.0000,0.0000,0.0060,0.0000,200,12.6863
0.0063,0.0000,0.0000,0.0000,0.0062,0.0001,200,12.6895
0.0065,0.0000,0.0000,0.0000,0.0064,0.0001,200,12.6919
0.0061,0.0000,0.0000,0.0000,0.0061,0.0000,200,12.6924
0.0066,0.0000,0.0000,0.0000,0.0066,0.0000,200,12.6919
0.0068,0.0000,0.0000,0.0000,0.0066,0.0001,200,12.6958
0.0062,0.0000,0.0000,0.0000,0.0061,0.0001,200,12.6985
0.0063,0.0000,0.0000,0.0000,0.0062,0.0000,200,12.6984
0.0063,0.0000,0.0000,0.0000,0.0062,0.0000,200,12.6985
0.0063,0.0000,0.0000,0.0000,0.0062,0.0001,200,12.7026
0.0063,0.0000,0.0000,0.0000,0.0062,0.0001,200,12.7046
0.0062,0.0000,0.0000,0.0000,0.0062,0.0000,200,12.7048
0.0066,0.0000,0.0000,0.0000,0.0065,0.0001,200,12.7047
0.0063,0.0000,0.0000,0.0000,0.0062,0.0001,200,12.7089
0.0068,0.0000,0.0000,0.0000,0.0068,0.0000,200,12.7110
0.0067,0.0000,0.0000,0.0000,0.0066,0.0000,200,12.7114
0.0074,0.0000,0.0000,0.0000,0.0073,0.0000,200,12.7109
0.0065,0.0000,0.0000,0.0000,0.0064,0.0001,200,12.7152
0.0064,0.0000,0.0000,0.0000,0.0063,0.0000,200,12.7179
0.0068,0.0000,0.0000,0.0000,0.0067,0.0000,200,12.7181
0.0063,0.0000,0.0000,0.0000,0.0062,0.0000,200,12.7193
0.0062,0.0000,0.0000,0.0000,0.0062,0.0000,200,12.7216
0.0061,0.0000,0.0000,0.0000,0.0060,0.0000,200,12.7243
0.0061,0.0000,0.0000,0.0000,0.0060,0.0000,200,12.7248
0.0061,0.0000,0.0000,0.0000,0.0060,0.0000,200,12.7256
0.0062,0.0000,0.0000,0.0000,0.0062,0.0000,200,12.7279
0.0063,0.0000,0.0000,0.0000,0.0062,0.0000,200,12.7304
0.0063,0.0000,0.0000,0.0000,0.0062,0.0000,200,12.7309
0.0062,0.0000,0.0000,0.0000,0.0061,0.0000,200,12.7317
0.0064,0.0000,0.0000,0.0000,0.0063,0.0001,200,12.7341
0.0064,0.0000,0.0000,0.0000,0.0063,0.0001,200,12.7367
0.0062,0.0000,0.0000,0.0000,0.0061,0.0001,200,12.7372
0.0064,0.0000,0.0000,0.0000,0.0064,0.0000,200,12.7378
0.0065,0.0000,0.0000,0.0000,0.0064,0.0001,200,12.7405
0.0065,0.0000,0.0000,0.0000,0.0064,0.0000,200,12.7431
0.0065,0.0000,0.0000,0.0000,0.0065,0.0000,200,12.7434
0.0065,0.0000,0.0000,0.0000,0.0063,0.0001,200,12.7443
0.0068,0.0000,0.0000,0.0000,0.0067,0.0001,200,12.7470
0.0064,0.0000,0.0000,0.0000,0.0063,0.0001,200,12.7497
0.0062,0.0000,0.0000,0.0000,0.0062,0.0000,200,12.7500
0.0064,0.0000,0.0000,0.0000,0.0063,0.0001,200,12.7507
0.0065,0.0000,0.0000,0.0000,0.0064,0.0001,200,12.7539
0.0065,0.0000,0.0000,0.0002,0.0063,0.0001,200,12.7561
0.0066,0.0000,0.0000,0.0000,0.0065,0.0000,200,12.7562
0.0065,0.0000,0.0000,0.0000,0.0064,0.0001,200,12.7571
0.0063,0.0000,0.0000,0.0000,0.0062,0.0000,200,12.7604
0.0063,0.0000,0.0000,0.0000,0.0062,0.0000,200,12.7626
0.0065,0.0000,0.0000,0.0000,0.0064,0.0001,200,12.7628
0.0061,0.0000,0.0000,0.0000,0.0060,0.0000,200,12.7636
0.0063,0.0000,0.0000,0.0000,0.0062,0.0000,200,12.7667
0.0062,0.0000,0.0000,0.0000,0.0061,0.0000,200,12.7690
0.0061,0.0000,0.0000,0.0000,0.0060,0.0000,200,12.7693
0.0062,0.0000,0.0000,0.0000,0.0061,0.0000,200,12.7697
0.0060,0.0000,0.0000,0.0000,0.0059,0.0000,200,12.7729
0.0063,0.0000,0.0000,0.0000,0.0062,0.0001,200,12.7752
0.0062,0.0000,0.0000,0.0000,0.0062,0.0000,200,12.7754
0.0061,0.0000,0.0000,0.0000,0.0060,0.0000,200,12.7759
0.0060,0.0000,0.0000,0.0000,0.0060,0.0000,200,12.7789
0.0062,0.0000,0.0000,0.0000,0.0061,0.0000,200,12.7815
0.0062,0.0000,0.0000,0.0000,0.0061,0.0000,200,12.7816
0.0059,0.0000,0.0000,0.0000,0.0059,0.0000,200,12.7820
0.0062,0.0000,0.0000,0.0000,0.0061,0.0001,200,12.7850
0.0062,0.0000,0.0000,0.0000,0.0061,0.0000,200,12.7877
0.0061,0.0000,0.0000,0.0000,0.0061,0.0000,200,12.7878
0.0061,0.0000,0.0000,0.0000,0.0061,0.0000,200,12.7879
0.0063,0.0000,0.0000,0.0000,0.0062,0.0000,200,12.7911
0.0064,0.0000,0.0000,0.0000,0.0063,0.0001,200,12.7939
0.0065,0.0000,0.0000,0.0000,0.0064,0.0000,200,12.7939
0.0064,0.0000,0.0000,0.0000,0.0063,0.0000,200,12.7940
0.0063,0.0000,0.0000,0.0000,0.0062,0.0001,200,12.7975
0.0063,0.0000,0.0000,0.0000,0.0062,0.0001,200,12.8004
0.0064,0.0000,0.0000,0.0000,0.0063,0.0000,200,12.8004
0.0064,0.0000,0.0000,0.0000,0.0063,0.0000,200,12.8004
0.0091,0.0000,0.0000,0.0000,0.0077,0.0001,200,12.8038
0.0063,0.0000,0.0000,0.0000,0.0063,0.0000,200,12.8068
0.0065,0.0000,0.0000,0.0000,0.0065,0.0000,200,12.8068
0.0066,0.0000,0.0000,0.0000,0.0066,0.0000,200,12.8067
0.0070,0.0000,0.0000,0.0000,0.0069,0.0001,200,12.8128
0.0065,0.0000,0.0000,0.0000,0.0065,0.0000,200,12.8133
0.0069,0.0000,0.0000,0.0000,0.0068,0.0001,200,12.8131
0.0070,0.0000,0.0000,0.0000,0.0069,0.0001,200,12.8133
0.0066,0.0000,0.0000,0.0000,0.0065,0.0001,200,12.8198
0.0062,0.0000,0.0000,0.0000,0.0061,0.0000,200,12.8203
0.0068,0.0000,0.0000,0.0000,0.0067,0.0000,200,12.8198
0.0066,0.0000,0.0000,0.0000,0.0066,0.0000,200,12.8200
0.0066,0.0000,0.0000,0.0000,0.0065,0.0001,200,12.8264
0.0064,0.0000,0.0000,0.0000,0.0063,0.0000,200,12.8266
0.0064,0.0000,0.0000,0.0000,0.0064,0.0000,200,12.8266
0.0076,0.0000,0.0000,0.0000,0.0075,0.0001,200,12.8265
0.0081,0.0000,0.0000,0.0000,0.0080,0.0001,200,12.8330
0.0081,0.0000,0.0000,0.0000,0.0080,0.0000,200,12.8330
0.0074,0.0000,0.0000,0.0000,0.0073,0.0000,200,12.8341
0.0085,0.0000,0.0000,0.0000,0.0084,0.0000,200,12.8330
0.0068,0.0000,0.0000,0.0000,0.0067,0.0001,200,12.8411
0.0069,0.0000,0.0000,0.0000,0.0069,0.0000,200,12.8411
0.0066,0.0000,0.0000,0.0000,0.0065,0.0000,200,12.8415
0.0066,0.0000,0.0000,0.0000,0.0065,0.0001,200,12.8415
0.0065,0.0000,0.0000,0.0000,0.0064,0.0001,200,12.8479
0.0070,0.0000,0.0000,0.0000,0.0069,0.0000,200,12.8480
0.0074,0.0000,0.0000,0.0000,0.0073,0.0000,200,12.8481
0.0105,0.0000,0.0000,0.0000,0.0105,0.0001,200,12.8480
0.0069,0.0000,0.0000,0.0000,0.0068,0.0000,200,12.8545
0.0065,0.0000,0.0000,0.0000,0.0065,0.0000,200,12.8550
0.0067,0.0000,0.0000,0.0000,0.0066,0.0001,200,12.8586
0.0100,0.0000,0.0000,0.0000,0.0100,0.0000,200,12.8555
0.0063,0.0000,0.0000,0.0000,0.0062,0.0000,200,12.8616
0.0065,0.0000,0.0000,0.0000,0.0064,0.0000,200,12.8614
0.0067,0.0000,0.0000,0.0000,0.0066,0.0001,200,12.8678
0.0068,0.0000,0.0000,0.0000,0.0066,0.0001,200,12.8678
0.0103,0.0000,0.0000,0.0000,0.0102,0.0001,200,12.8655
0.0105,0.0000,0.0000,0.0000,0.0104,0.0001,200,12.8653
0.0072,0.0000,0.0000,0.0000,0.0072,0.0000,200,12.8746
0.0073,0.0000,0.0000,0.0000,0.0072,0.0000,200,12.8745
0.0062,0.0000,0.0000,0.0000,0.0062,0.0000,200,12.8758
0.0063,0.0000,0.0000,0.0000,0.0062,0.0000,200,12.8758
0.0062,0.0000,0.0000,0.0000,0.0061,0.0000,200,12.8819
0.0062,0.0000,0.0000,0.0000,0.0061,0.0000,200,12.8820
0.0064,0.0000,0.0000,0.0000,0.0063,0.0000,200,12.8819
0.0061,0.0000,0.0000,0.0000,0.0060,0.0000,200,12.8822
0.0064,0.0000,0.0000,0.0000,0.0063,0.0001,200,12.8881
0.0063,0.0000,0.0000,0.0000,0.0063,0.0000,200,12.8882
0.0063,0.0000,0.0000,0.0000,0.0063,0.0000,200,12.8882
0.0064,0.0000,0.0000,0.0000,0.0063,0.0000,200,12.8882
0.0066,0.0000,0.0000,0.0000,0.0065,0.0001,200,12.8944
0.0065,0.0000,0.0000,0.0000,0.0065,0.0000,200,12.8946
0.0066,0.0000,0.0000,0.0000,0.0064,0.0001,200,12.8946
0.0066,0.0000,0.0000,0.0000,0.0066,0.0000,200,12.8946
0.0067,0.0000,0.0000,0.0000,0.0066,0.0001,200,12.9011
0.0066,0.0000,0.0000,0.0000,0.0066,0.0000,200,12.9011
0.0066,0.0000,0.0000,0.0000,0.0066,0.0000,200,12.9012
0.0066,0.0000,0.0000,0.0000,0.0065,0.0000,200,12.9011
0.0064,0.0000,0.0000,0.0000,0.0063,0.0000,200,12.9078
0.0064,0.0000,0.0000,0.0000,0.0063,0.0001,200,12.9078
0.0064,0.0000,0.0000,0.0000,0.0063,0.0001,200,12.9077
0.0083,0.0000,0.0000,0.0000,0.0083,0.0000,200,12.9077
0.0065,0.0000,0.0000,0.0000,0.0064,0.0000,200,12.9141
0.0065,0.0000,0.0000,0.0000,0.0064,0.0000,200,12.9141
0.0065,0.0000,0.0000,0.0000,0.0065,0.0000,200,12.9141
0.0062,0.0000,0.0000,0.0000,0.0061,0.0000,200,12.9161
0.0064,0.0000,0.0000,0.0000,0.0063,0.0001,200,12.9206
0.0064,0.0000,0.0000,0.0000,0.0064,0.0000,200,12.9206
0.0064,0.0000,0.0000,0.0000,0.0063,0.0000,200,12.9207
0.0066,0.0000,0.0000,0.0000,0.0065,0.0001,200,12.9223
0.0064,0.0000,0.0000,0.0000,0.0063,0.0001,200,12.9270
0.0064,0.0000,0.0000,0.0000,0.0063,0.0001,200,12.9270
0.0065,0.0000,0.0000,0.0000,0.0064,0.0000,200,12.9270
0.0063,0.0000,0.0000,0.0000,0.0062,0.0000,200,12.9288
0.0065,0.0000,0.0000,0.0000,0.0064,0.0001,200,12.9334
0.0065,0.0000,0.0000,0.0000,0.0064,0.0000,200,12.9335
0.0066,0.0000,0.0000,0.0000,0.0065,0.0000,200,12.9334
0.0063,0.0000,0.0000,0.0000,0.0062,0.0000,200,12.9351
0.0063,0.0000,0.0000,0.0000,0.0062,0.0001,200,12.9400
0.0063,0.0000,0.0000,0.0000,0.0062,0.0000,200,12.9400
0.0064,0.0000,0.0000,0.0000,0.0063,0.0000,200,12.9400
0.0063,0.0000,0.0000,0.0000,0.0062,0.0001,200,12.9414
0.0066,0.0000,0.0000,0.0000,0.0065,0.0001,200,12.9463
0.0066,0.0000,0.0000,0.0000,0.0066,0.0000,200,12.9465
0.0080,0.0000,0.0000,0.0000,0.0079,0.0001,200,12.9462
0.0067,0.0000,0.0000,0.0000,0.0066,0.0000,200,12.9477
0.0064,0.0000,0.0000,0.0000,0.0063,0.0001,200,12.9531
0.0072,0.0000,0.0000,0.0000,0.0071,0.0001,200,12.9529
0.0065,0.0000,0.0000,0.0000,0.0064,0.0000,200,12.9544
0.0074,0.0000,0.0000,0.0000,0.0073,0.0000,200,12.9542
0.0067,0.0000,0.0000,0.0000,0.0067,0.0000,200,12.9595
0.0065,0.0000,0.0000,0.0000,0.0064,0.0000,200,12.9601
0.0067,0.0000,0.0000,0.0000,0.0066,0.0001,200,12.9616
0.0077,0.0000,0.0000,0.0000,0.0076,0.0000,200,12.9608
0.0062,0.0000,0.0000,0.0000,0.0061,0.0001,200,12.9662
0.0074,0.0000,0.0000,0.0000,0.0074,0.0000,200,12.9666
0.0062,0.0000,0.0000,0.0000,0.0061,0.0000,200,12.9685
0.0063,0.0000,0.0000,0.0001,0.0062,0.0000,200,12.9684
0.0079,0.0000,0.0000,0.0000,0.0078,0.0001,200,12.9724
0.0063,0.0000,0.0000,0.0000,0.0062,0.0000,200,12.9741
0.0061,0.0000,0.0000,0.0000,0.0060,0.0000,200,12.9747
0.0062,0.0000,0.0000,0.0000,0.0062,0.0000,200,12.9747
0.0066,0.0000,0.0000,0.0000,0.0065,0.0000,200,12.9803
0.0065,0.0000,0.0000,0.0000,0.0064,0.0000,200,12.9803
0.0059,0.0000,0.0000,0.0000,0.0059,0.0000,200,12.9809
0.0061,0.0000,0.0000,0.0000,0.0061,0.0000,200,12.9808
0.0064,0.0000,0.0000,0.0000,0.0063,0.0001,200,12.9869
0.0065,0.0000,0.0000,0.0000,0.0064,0.0000,200,12.9869
0.0066,0.0000,0.0000,0.0000,0.0065,0.0000,200,12.9869
0.0069,0.0000,0.0000,0.0000,0.0069,0.0000,200,12.9869
0.0067,0.0000,0.0000,0.0000,0.0066,0.0001,200,12.9934
0.0063,0.0000,0.0000,0.0000,0.0063,0.0000,200,12.9938
0.0067,0.0000,0.0000,0.0000,0.0066,0.0000,200,12.9935
0.0068,0.0000,0.0000,0.0000,0.0067,0.0000,200,12.9933
0.0064,0.0000,0.0000,0.0000,0.0064,0.0000,200,13.0001
0.0064,0.0000,0.0000,0.0000,0.0063,0.0001,200,13.0001
0.0066,0.0000,0.0000,0.0000,0.0065,0.0000,200,13.0002
0.0068,0.0000,0.0000,0.0000,0.0067,0.0000,200,13.0002
0.0066,0.0000,0.0000,0.0000,0.0065,0.0001,200,13.0066
0.0066,0.0000,0.0000,0.0000,0.0065,0.0000,200,13.0066
0.0065,0.0000,0.0000,0.0000,0.0064,0.0000,200,13.0068
0.0063,0.0000,0.0000,0.0000,0.0063,0.0000,200,13.0069
0.0065,0.0000,0.0000,0.0000,0.0064,0.0000,200,13.0132
0.0066,0.0000,0.0000,0.0000,0.0065,0.0001,200,13.0131
0.0065,0.0000,0.0000,0.0000,0.0064,0.0000,200,13.0132
0.0065,0.0000,0.0000,0.0000,0.0064,0.0001,200,13.0132
0.0064,0.0000,0.0000,0.0000,0.0063,0.0001,200,13.0197
0.0065,0.0000,0.0000,0.0000,0.0064,0.0000,200,13.0197
0.0065,0.0000,0.0000,0.0000,0.0065,0.0000,200,13.0197
0.0066,0.0000,0.0000,0.0000,0.0065,0.0000,200,13.0197
0.0065,0.0000,0.0000,0.0000,0.0063,0.0002,200,13.0261
0.0063,0.0000,0.0000,0.0000,0.0062,0.0000,200,13.0263
0.0065,0.0000,0.0000,0.0000,0.0065,0.0000,200,13.0263
0.0067,0.0000,0.0000,0.0000,0.0067,0.0000,200,13.0262
0.0067,0.0000,0.0000,0.0000,0.0066,0.0001,200,13.0326
0.0067,0.0000,0.0000,0.0000,0.0066,0.0000,200,13.0326
0.0064,0.0000,0.0000,0.0000,0.0063,0.0000,200,13.0329
0.0066,0.0000,0.0000,0.0000,0.0065,0.0000,200,13.0328
0.0063,0.0000,0.0000,0.0000,0.0061,0.0001,200,13.0393
0.0063,0.0000,0.0000,0.0000,0.0062,0.0000,200,13.0393
0.0064,0.0000,0.0000,0.0000,0.0063,0.0000,200,13.0393
0.0067,0.0000,0.0000,0.0000,0.0066,0.0000,200,13.0393
0.0062,0.0000,0.0000,0.0000,0.0061,0.0001,200,13.0456
0.0064,0.0000,0.0000,0.0000,0.0063,0.0000,200,13.0457
0.0065,0.0000,0.0000,0.0000,0.0065,0.0000,200,13.0456
0.0062,0.0000,0.0000,0.0000,0.0062,0.0000,200,13.0460
0.0064,0.0000,0.0000,0.0000,0.0063,0.0000,200,13.0522
0.0067,0.0000,0.0000,0.0000,0.0066,0.0000,200,13.0518
0.0063,0.0000,0.0000,0.0000,0.0062,0.0000,200,13.0522
0.0064,0.0000,0.0000,0.0000,0.0064,0.0000,200,13.0521
0.0063,0.0000,0.0000,0.0000,0.0062,0.0000,200,13.0585
0.0064,0.0000,0.0000,0.0000,0.0063,0.0000,200,13.0585
0.0064,0.0000,0.0000,0.0000,0.0064,0.0000,200,13.0585
0.0064,0.0000,0.0000,0.0000,0.0064,0.0000,200,13.0585
0.0063,0.0000,0.0000,0.0000,0.0063,0.0001,200,13.0649
0.0063,0.0000,0.0000,0.0000,0.0062,0.0001,200,13.0649
0.0066,0.0000,0.0000,0.0000,0.0066,0.0000,200,13.0648
0.0065,0.0000,0.0000,0.0000,0.0065,0.0000,200,13.0649
0.0064,0.0000,0.0000,0.0000,0.0063,0.0001,200,13.0712
0.0067,0.0000,0.0000,0.0000,0.0066,0.0000,200,13.0712
0.0071,0.0000,0.0000,0.0000,0.0071,0.0000,200,13.0715
0.0103,0.0000,0.0000,0.0000,0.0102,0.0000,200,13.0715
0.0064,0.0000,0.0000,0.0000,0.0063,0.0001,200,13.0786
0.0074,0.0000,0.0000,0.0000,0.0073,0.0001,200,13.0776
0.0085,0.0000,0.0000,0.0000,0.0075,0.0010,200,13.0780
0.0063,0.0000,0.0000,0.0000,0.0062,0.0000,200,13.0818
0.0065,0.0000,0.0000,0.0000,0.0064,0.0000,200,13.0850
0.0065,0.0000,0.0000,0.0000,0.0065,0.0000,200,13.0850
0.0063,0.0000,0.0000,0.0000,0.0062,0.0000,200,13.0865
0.0060,0.0000,0.0000,0.0000,0.0060,0.0000,200,13.0881
0.0063,0.0000,0.0000,0.0000,0.0062,0.0000,200,13.0915
0.0063,0.0000,0.0000,0.0000,0.0062,0.0000,200,13.0915
0.0061,0.0000,0.0000,0.0000,0.0060,0.0000,200,13.0928
0.0060,0.0000,0.0000,0.0000,0.0059,0.0000,200,13.0941
0.0063,0.0000,0.0000,0.0000,0.0062,0.0001,200,13.0978
0.0063,0.0000,0.0000,0.0000,0.0063,0.0000,200,13.0978
0.0062,0.0000,0.0000,0.0000,0.0061,0.0000,200,13.0989
0.0060,0.0000,0.0000,0.0000,0.0059,0.0000,200,13.1001
0.0064,0.0000,0.0000,0.0000,0.0063,0.0001,200,13.1041
0.0064,0.0000,0.0000,0.0000,0.0064,0.0000,200,13.1041
0.0061,0.0000,0.0000,0.0000,0.0060,0.0000,200,13.1051
0.0062,0.0000,0.0000,0.0000,0.0062,0.0000,200,13.1061
0.0063,0.0000,0.0000,0.0000,0.0062,0.0000,200,13.1105
0.0063,0.0000,0.0000,0.0000,0.0062,0.0000,200,13.1106
0.0061,0.0000,0.0000,0.0000,0.0060,0.0000,200,13.1112
0.0060,0.0000,0.0000,0.0000,0.0060,0.0001,200,13.1123
0.0064,0.0000,0.0000,0.0000,0.0063,0.0001,200,13.1169
0.0065,0.0000,0.0000,0.0000,0.0064,0.0000,200,13.1169
0.0061,0.0000,0.0000,0.0000,0.0060,0.0000,200,13.1172
0.0066,0.0000,0.0000,0.0000,0.0066,0.0000,200,13.1184
0.0064,0.0000,0.0000,0.0000,0.0063,0.0001,200,13.1233
0.0064,0.0000,0.0000,0.0000,0.0063,0.0001,200,13.1233
0.0064,0.0000,0.0000,0.0000,0.0063,0.0001,200,13.1234
0.0063,0.0000,0.0000,0.0000,0.0062,0.0000,200,13.1250
0.0063,0.0000,0.0000,0.0000,0.0063,0.0001,200,13.1297
0.0064,0.0000,0.0000,0.0000,0.0063,0.0000,200,13.1297
0.0066,0.0000,0.0000,0.0000,0.0066,0.0000,200,13.1297
0.0062,0.0000,0.0000,0.0000,0.0061,0.0000,200,13.1313
0.0066,0.0000,0.0000,0.0000,0.0065,0.0001,200,13.1361
0.0065,0.0000,0.0000,0.0000,0.0065,0.0000,200,13.1364
0.0068,0.0000,0.0000,0.0000,0.0068,0.0000,200,13.1361
0.0062,0.0000,0.0000,0.0000,0.0061,0.0000,200,13.1375
0.0066,0.0000,0.0000,0.0000,0.0064,0.0001,200,13.1427
0.0064,0.0000,0.0000,0.0000,0.0063,0.0000,200,13.1429
0.0065,0.0000,0.0000,0.0000,0.0064,0.0000,200,13.1429
0.0063,0.0000,0.0000,0.0000,0.0063,0.0000,200,13.1436
0.0064,0.0000,0.0000,0.0000,0.0063,0.0001,200,13.1493
0.0067,0.0000,0.0000,0.0000,0.0066,0.0000,200,13.1493
0.0070,0.0000,0.0000,0.0000,0.0069,0.0000,200,13.1494
0.0064,0.0000,0.0000,0.0000,0.0064,0.0000,200,13.1500
0.0067,0.0000,0.0000,0.0000,0.0066,0.0001,200,13.1560
0.0063,0.0000,0.0000,0.0000,0.0063,0.0000,200,13.1564
0.0071,0.0000,0.0000,0.0000,0.0071,0.0000,200,13.1556
0.0071,0.0000,0.0000,0.0000,0.0070,0.0000,200,13.1564
0.0064,0.0000,0.0000,0.0000,0.0063,0.0001,200,13.1627
0.0063,0.0000,0.0000,0.0000,0.0063,0.0000,200,13.1628
0.0064,0.0000,0.0000,0.0000,0.0064,0.0000,200,13.1627
0.0062,0.0000,0.0000,0.0000,0.0062,0.0000,200,13.1635
0.0064,0.0000,0.0000,0.0000,0.0063,0.0001,200,13.1691
0.0064,0.0000,0.0000,0.0000,0.0063,0.0000,200,13.1691
0.0064,0.0000,0.0000,0.0000,0.0063,0.0000,200,13.1692
0.0062,0.0000,0.0000,0.0000,0.0061,0.0000,200,13.1697
0.0064,0.0000,0.0000,0.0000,0.0063,0.0001,200,13.1755
0.0064,0.0000,0.0000,0.0000,0.0064,0.0000,200,13.1755
0.0064,0.0000,0.0000,0.0000,0.0064,0.0000,200,13.1755
0.0064,0.0000,0.0000,0.0000,0.0063,0.0000,200,13.1759
0.0062,0.0000,0.0000,0.0000,0.0061,0.0000,200,13.1819
0.0062,0.0000,0.0000,0.0000,0.0061,0.0000,200,13.1819
0.0062,0.0000,0.0000,0.0000,0.0061,0.0001,200,13.1819
0.0061,0.0000,0.0000,0.0000,0.0060,0.0000,200,13.1823
0.0066,0.0000,0.0000,0.0000,0.0065,0.0001,200,13.1882
0.0069,0.0000,0.0000,0.0000,0.0067,0.0000,200,13.1881
0.0067,0.0000,0.0000,0.0000,0.0066,0.0000,200,13.1883
0.0069,0.0000,0.0000,0.0000,0.0069,0.0000,200,13.1881
0.0068,0.0000,0.0000,0.0000,0.0066,0.0001,200,13.1948
0.0066,0.0000,0.0000,0.0000,0.0065,0.0000,200,13.1950
0.0065,0.0000,0.0000,0.0000,0.0065,0.0000,200,13.1951
0.0074,0.0000,0.0000,0.0000,0.0074,0.0001,200,13.1950
0.0063,0.0000,0.0000,0.0000,0.0062,0.0001,200,13.2016
0.0063,0.0000,0.0000,0.0000,0.0063,0.0000,200,13.2016
0.0064,0.0000,0.0000,0.0000,0.0063,0.0000,200,13.2015
0.0062,0.0000,0.0000,0.0000,0.0061,0.0000,200,13.2024
0.0065,0.0000,0.0000,0.0000,0.0064,0.0001,200,13.2079
0.0065,0.0000,0.0000,0.0000,0.0064,0.0001,200,13.2079
0.0065,0.0000,0.0000,0.0000,0.0064,0.0001,200,13.2079
0.0061,0.0000,0.0000,0.0000,0.0060,0.0000,200,13.2086
0.0064,0.0000,0.0000,0.0000,0.0063,0.0000,200,13.2144
0.0064,0.0000,0.0000,0.0000,0.0063,0.0001,200,13.2144
0.0062,0.0000,0.0000,0.0000,0.0061,0.0000,200,13.2147
0.0066,0.0000,0.0000,0.0000,0.0065,0.0000,200,13.2144
0.0064,0.0000,0.0000,0.0000,0.0063,0.0001,200,13.2209
0.0065,0.0000,0.0000,0.0000,0.0064,0.0000,200,13.2208
0.0065,0.0000,0.0000,0.0000,0.0064,0.0000,200,13.2210
0.0067,0.0000,0.0000,0.0000,0.0066,0.0000,200,13.2209
0.0066,0.0000,0.0000,0.0000,0.0065,0.0001,200,13.2274
0.0067,0.0000,0.0000,0.0000,0.0066,0.0000,200,13.2272
0.0065,0.0000,0.0000,0.0001,0.0064,0.0000,200,13.2276
0.0066,0.0000,0.0000,0.0001,0.0064,0.0000,200,13.2275
0.0066,0.0000,0.0000,0.0000,0.0065,0.0000,200,13.2340
0.0066,0.0000,0.0000,0.0000,0.0066,0.0000,200,13.2340
0.0065,0.0000,0.0000,0.0000,0.0065,0.0000,200,13.2341
0.0065,0.0000,0.0000,0.0000,0.0065,0.0001,200,13.2341
0.0066,0.0000,0.0000,0.0000,0.0065,0.0001,200,13.2406
0.0065,0.0000,0.0000,0.0000,0.0065,0.0001,200,13.2406
0.0066,0.0000,0.0000,0.0000,0.0065,0.0001,200,13.2406
0.0066,0.0000,0.0000,0.0000,0.0065,0.0000,200,13.2406
0.0065,0.0000,0.0000,0.0000,0.0064,0.0000,200,13.2472
0.0065,0.0000,0.0000,0.0000,0.0064,0.0000,200,13.2472
0.0066,0.0000,0.0000,0.0000,0.0065,0.0000,200,13.2472
0.0066,0.0000,0.0000,0.0000,0.0065,0.0000,200,13.2472
0.0065,0.0000,0.0000,0.0000,0.0064,0.0000,200,13.2537
0.0065,0.0000,0.0000,0.0000,0.0064,0.0000,200,13.2537
0.0064,0.0000,0.0000,0.0000,0.0063,0.0000,200,13.2538
0.0064,0.0000,0.0000,0.0000,0.0063,0.0000,200,13.2538
0.0065,0.0000,0.0000,0.0000,0.0064,0.0001,200,13.2602
0.0065,0.0000,0.0000,0.0000,0.0065,0.0000,200,13.2602
0.0065,0.0000,0.0000,0.0000,0.0065,0.0000,200,13.2602
0.0065,0.0000,0.0000,0.0000,0.0065,0.0000,200,13.2602
0.0063,0.0000,0.0000,0.0000,0.0062,0.0001,200,13.2667
0.0064,0.0000,0.0000,0.0000,0.0063,0.0000,200,13.2667
0.0064,0.0000,0.0000,0.0000,0.0063,0.0000,200,13.2667
0.0064,0.0000,0.0000,0.0000,0.0063,0.0001,200,13.2667
0.0065,0.0000,0.0000,0.0000,0.0063,0.0001,200,13.2730
0.0065,0.0000,0.0000,0.0000,0.0064,0.0000,200,13.2731
0.0066,0.0000,0.0000,0.0000,0.0065,0.0000,200,13.2731
0.0067,0.0000,0.0000,0.0000,0.0066,0.0000,200,13.2731
0.0064,0.0000,0.0000,0.0000,0.0063,0.0001,200,13.2795
0.0062,0.0000,0.0000,0.0000,0.0061,0.0000,200,13.2798
0.0063,0.0000,0.0000,0.0000,0.0062,0.0000,200,13.2797
0.0064,0.0000,0.0000,0.0000,0.0064,0.0000,200,13.2795
0.0068,0.0000,0.0000,0.0000,0.0067,0.0000,200,13.2859
0.0068,0.0000,0.0000,0.0000,0.0067,0.0000,200,13.2860
0.0067,0.0000,0.0000,0.0000,0.0067,0.0000,200,13.2860
0.0068,0.0000,0.0000,0.0000,0.0067,0.0001,200,13.2860
0.0067,0.0000,0.0000,0.0000,0.0065,0.0001,200,13.2927
0.0068,0.0000,0.0000,0.0000,0.0065,0.0000,200,13.2927
0.0068,0.0000,0.0000,0.0000,0.0065,0.0000,200,13.2927
0.0097,0.0000,0.0000,0.0000,0.0094,0.0001,200,13.2927
0.0062,0.0000,0.0000,0.0000,0.0062,0.0001,200,13.2995
0.0063,0.0000,0.0000,0.0000,0.0062,0.0000,200,13.2995
0.0063,0.0000,0.0000,0.0000,0.0062,0.0000,200,13.2995
0.0061,0.0000,0.0000,0.0000,0.0060,0.0001,200,13.3024
0.0074,0.0000,0.0000,0.0000,0.0073,0.0000,200,13.3058
0.0076,0.0000,0.0000,0.0000,0.0075,0.0000,200,13.3058
0.0076,0.0000,0.0000,0.0000,0.0075,0.0000,200,13.3058
0.0065,0.0000,0.0000,0.0000,0.0064,0.0001,200,13.3086
0.0064,0.0000,0.0000,0.0000,0.0063,0.0001,200,13.3132
0.0064,0.0000,0.0000,0.0000,0.0064,0.0000,200,13.3133
0.0084,0.0000,0.0000,0.0000,0.0083,0.0000,200,13.3134
0.0067,0.0000,0.0000,0.0000,0.0066,0.0000,200,13.3151
0.0063,0.0000,0.0000,0.0000,0.0062,0.0001,200,13.3196
0.0068,0.0000,0.0000,0.0000,0.0066,0.0002,200,13.3198
0.0071,0.0000,0.0000,0.0000,0.0069,0.0001,200,13.3218
0.0074,0.0000,0.0000,0.0000,0.0073,0.0000,200,13.3218
0.0062,0.0000,0.0000,0.0000,0.0062,0.0000,200,13.3259
0.0070,0.0000,0.0000,0.0000,0.0069,0.0000,200,13.3266
0.0065,0.0000,0.0000,0.0001,0.0064,0.0000,200,13.3288
0.0062,0.0000,0.0000,0.0000,0.0062,0.0000,200,13.3291
0.0063,0.0000,0.0000,0.0000,0.0062,0.0000,200,13.3321
0.0064,0.0000,0.0000,0.0000,0.0063,0.0000,200,13.3336
0.0071,0.0000,0.0000,0.0000,0.0071,0.0000,200,13.3354
0.0071,0.0000,0.0000,0.0000,0.0070,0.0000,200,13.3354
0.0065,0.0000,0.0000,0.0000,0.0064,0.0000,200,13.3384
0.0062,0.0000,0.0000,0.0000,0.0061,0.0000,200,13.3399
0.0065,0.0000,0.0000,0.0000,0.0064,0.0001,200,13.3425
0.0065,0.0000,0.0000,0.0000,0.0064,0.0000,200,13.3425
0.0066,0.0000,0.0000,0.0000,0.0065,0.0001,200,13.3449
0.0065,0.0000,0.0000,0.0000,0.0064,0.0000,200,13.3461
0.0064,0.0000,0.0000,0.0000,0.0063,0.0001,200,13.3490
0.0067,0.0000,0.0000,0.0000,0.0066,0.0000,200,13.3490
0.0067,0.0000,0.0000,0.0000,0.0066,0.0001,200,13.3526
0.0091,0.0000,0.0000,0.0000,0.0090,0.0000,200,13.3515
0.0080,0.0000,0.0000,0.0000,0.0078,0.0000,200,13.3554
0.0077,0.0000,0.0000,0.0000,0.0076,0.0000,200,13.3556
0.0065,0.0000,0.0000,0.0000,0.0064,0.0001,200,13.3592
0.0065,0.0000,0.0000,0.0000,0.0064,0.0001,200,13.3606
0.0068,0.0000,0.0000,0.0000,0.0067,0.0001,200,13.3634
0.0068,0.0000,0.0000,0.0000,0.0067,0.0001,200,13.3634
0.0064,0.0000,0.0000,0.0000,0.0063,0.0001,200,13.3658
0.0074,0.0000,0.0000,0.0000,0.0073,0.0000,200,13.3671
0.0064,0.0000,0.0000,0.0000,0.0063,0.0000,200,13.3702
0.0064,0.0000,0.0000,0.0000,0.0063,0.0001,200,13.3702
0.0069,0.0000,0.0000,0.0000,0.0068,0.0001,200,13.3722
0.0061,0.0000,0.0000,0.0000,0.0060,0.0000,200,13.3745
0.0065,0.0000,0.0000,0.0000,0.0064,0.0001,200,13.3766
0.0067,0.0000,0.0000,0.0000,0.0066,0.0000,200,13.3766
0.0064,0.0000,0.0000,0.0000,0.0063,0.0000,200,13.3791
0.0062,0.0000,0.0000,0.0000,0.0062,0.0000,200,13.3806
0.0063,0.0000,0.0000,0.0000,0.0063,0.0000,200,13.3832
0.0066,0.0000,0.0000,0.0000,0.0065,0.0000,200,13.3830
0.0062,0.0000,0.0000,0.0000,0.0061,0.0000,200,13.3855
0.0061,0.0000,0.0000,0.0000,0.0060,0.0000,200,13.3869
0.0062,0.0000,0.0000,0.0000,0.0061,0.0000,200,13.3896
0.0062,0.0000,0.0000,0.0000,0.0061,0.0000,200,13.3896
0.0062,0.0000,0.0000,0.0000,0.0062,0.0000,200,13.3917
0.0061,0.0000,0.0000,0.0000,0.0060,0.0000,200,13.3929
0.0062,0.0000,0.0000,0.0000,0.0062,0.0000,200,13.3957
0.0075,0.0000,0.0000,0.0000,0.0063,0.0012,200,13.3957
0.0062,0.0000,0.0000,0.0000,0.0061,0.0001,200,13.3979
0.0062,0.0000,0.0000,0.0000,0.0061,0.0000,200,13.3990
0.0063,0.0000,0.0000,0.0000,0.0062,0.0001,200,13.4020
0.0063,0.0000,0.0000,0.0000,0.0063,0.0000,200,13.4032
0.0074,0.0000,0.0000,0.0000,0.0074,0.0000,200,13.4042
0.0064,0.0000,0.0000,0.0000,0.0063,0.0000,200,13.4052
0.0062,0.0000,0.0000,0.0000,0.0061,0.0001,200,13.4083
0.0062,0.0000,0.0000,0.0000,0.0062,0.0000,200,13.4095
0.0063,0.0000,0.0000,0.0000,0.0062,0.0000,200,13.4116
0.0063,0.0000,0.0000,0.0000,0.0063,0.0000,200,13.4116
0.0080,0.0000,0.0000,0.0000,0.0079,0.0001,200,13.4145
0.0068,0.0000,0.0000,0.0000,0.0067,0.0002,200,13.4158
0.0065,0.0000,0.0000,0.0000,0.0064,0.0001,200,13.4179
0.0065,0.0000,0.0000,0.0000,0.0064,0.0000,200,13.4179
0.0067,0.0000,0.0000,0.0000,0.0066,0.0001,200,13.4226
0.0068,0.0000,0.0000,0.0000,0.0067,0.0000,200,13.4225
0.0066,0.0000,0.0000,0.0000,0.0066,0.0000,200,13.4244
0.0075,0.0000,0.0000,0.0000,0.0074,0.0000,200,13.4244
0.0069,0.0000,0.0000,0.0000,0.0068,0.0001,200,13.4293
0.0069,0.0000,0.0000,0.0000,0.0069,0.0000,200,13.4293
0.0070,0.0000,0.0000,0.0000,0.0069,0.0001,200,13.4319
0.0079,0.0000,0.0000,0.0000,0.0078,0.0001,200,13.4310
0.0065,0.0000,0.0000,0.0000,0.0064,0.0001,200,13.4361
0.0078,0.0000,0.0000,0.0000,0.0078,0.0001,200,13.4362
0.0080,0.0000,0.0000,0.0000,0.0079,0.0001,200,13.4389
0.0081,0.0000,0.0000,0.0000,0.0080,0.0000,200,13.4389
0.0067,0.0000,0.0000,0.0000,0.0066,0.0001,200,13.4427
0.0074,0.0000,0.0000,0.0000,0.0073,0.0000,200,13.4441
0.0065,0.0000,0.0000,0.0000,0.0065,0.0000,200,13.4470
0.0066,0.0000,0.0000,0.0000,0.0066,0.0000,200,13.4469
0.0067,0.0000,0.0000,0.0000,0.0066,0.0000,200,13.4494
0.0063,0.0000,0.0000,0.0000,0.0062,0.0000,200,13.4515
0.0070,0.0000,0.0000,0.0000,0.0069,0.0001,200,13.4535
0.0071,0.0000,0.0000,0.0000,0.0070,0.0000,200,13.4535
0.0066,0.0000,0.0000,0.0000,0.0064,0.0001,200,13.4560
0.0068,0.0000,0.0000,0.0000,0.0067,0.0000,200,13.4578
0.0070,0.0000,0.0000,0.0000,0.0069,0.0001,200,13.4605
0.0083,0.0000,0.0000,0.0000,0.0083,0.0000,200,13.4606
0.0064,0.0000,0.0000,0.0000,0.0064,0.0000,200,13.4626
0.0073,0.0000,0.0000,0.0000,0.0072,0.0001,200,13.4646
0.0069,0.0000,0.0000,0.0000,0.0066,0.0002,200,13.4675
0.0069,0.0000,0.0000,0.0000,0.0068,0.0001,200,13.4690
0.0070,0.0000,0.0000,0.0000,0.0070,0.0000,200,13.4689
0.0067,0.0000,0.0000,0.0000,0.0066,0.0001,200,13.4719
0.0067,0.0000,0.0000,0.0000,0.0066,0.0001,200,13.4744
0.0087,0.0000,0.0000,0.0000,0.0086,0.0001,200,13.4760
0.0090,0.0000,0.0000,0.0000,0.0088,0.0001,200,13.4759
0.0069,0.0000,0.0000,0.0000,0.0064,0.0005,200,13.4786
0.0080,0.0000,0.0000,0.0000,0.0079,0.0001,200,13.4811
0.0066,0.0000,0.0000,0.0000,0.0065,0.0001,200,13.4847
0.0101,0.0000,0.0000,0.0000,0.0100,0.0001,200,13.4855
0.0067,0.0000,0.0000,0.0000,0.0066,0.0001,200,13.4891
0.0076,0.0000,0.0000,0.0000,0.0075,0.0001,200,13.4913
0.0142,0.0000,0.0000,0.0000,0.0136,0.0000,200,13.4849
0.0072,0.0000,0.0000,0.0000,0.0071,0.0001,200,13.4956
0.0076,0.0000,0.0000,0.0000,0.0076,0.0000,200,13.4959
0.0071,0.0000,0.0000,0.0000,0.0070,0.0001,200,13.4989
0.0094,0.0000,0.0000,0.0000,0.0093,0.0001,200,13.4991
0.0066,0.0000,0.0000,0.0000,0.0065,0.0000,200,13.5028
0.0064,0.0000,0.0000,0.0000,0.0063,0.0001,200,13.5035
0.0064,0.0000,0.0000,0.0000,0.0063,0.0001,200,13.5060
0.0073,0.0000,0.0000,0.0000,0.0071,0.0001,200,13.5094
0.0083,0.0000,0.0000,0.0000,0.0082,0.0000,200,13.5085
0.0071,0.0000,0.0000,0.0000,0.0070,0.0000,200,13.5099
0.0073,0.0000,0.0000,0.0000,0.0072,0.0001,200,13.5125
0.0071,0.0000,0.0000,0.0000,0.0070,0.0001,200,13.5167
0.0070,0.0000,0.0000,0.0000,0.0070,0.0000,200,13.5168
0.0082,0.0000,0.0000,0.0000,0.0082,0.0001,200,13.5170
0.0066,0.0000,0.0000,0.0000,0.0065,0.0001,200,13.5198
0.0102,0.0000,0.0000,0.0000,0.0101,0.0001,200,13.5238
0.0076,0.0000,0.0000,0.0000,0.0075,0.0001,200,13.5264
0.0103,0.0000,0.0000,0.0000,0.0101,0.0001,200,13.5237
0.0099,0.0000,0.0000,0.0000,0.0098,0.0001,200,13.5252
0.0074,0.0000,0.0000,0.0000,0.0073,0.0001,200,13.5340
0.0076,0.0000,0.0000,0.0000,0.0075,0.0000,200,13.5340
0.0076,0.0000,0.0000,0.0000,0.0076,0.0000,200,13.5340
0.0108,0.0000,0.0000,0.0000,0.0104,0.0001,200,13.5352
0.0068,0.0000,0.0000,0.0000,0.0068,0.0000,200,13.5417
0.0071,0.0000,0.0000,0.0000,0.0070,0.0001,200,13.5414
0.0074,0.0000,0.0000,0.0000,0.0074,0.0000,200,13.5416
0.0066,0.0000,0.0000,0.0000,0.0065,0.0001,200,13.5459
0.0064,0.0000,0.0000,0.0000,0.0063,0.0000,200,13.5485
0.0073,0.0000,0.0000,0.0000,0.0068,0.0002,200,13.5490
0.0082,0.0000,0.0000,0.0000,0.0082,0.0000,200,13.5485
0.0081,0.0000,0.0000,0.0000,0.0073,0.0007,200,13.5525
0.0075,0.0000,0.0000,0.0000,0.0073,0.0000,200,13.5564
0.0075,0.0000,0.0000,0.0000,0.0074,0.0000,200,13.5567
0.0096,0.0000,0.0000,0.0000,0.0095,0.0000,200,13.5549
0.0069,0.0000,0.0000,0.0000,0.0067,0.0001,200,13.5606
0.0065,0.0000,0.0000,0.0000,0.0064,0.0001,200,13.5642
0.0066,0.0000,0.0000,0.0000,0.0066,0.0000,200,13.5645
0.0078,0.0000,0.0000,0.0000,0.0077,0.0000,200,13.5639
0.0074,0.0000,0.0000,0.0000,0.0073,0.0001,200,13.5675
0.0068,0.0000,0.0000,0.0000,0.0067,0.0001,200,13.5708
0.0065,0.0000,0.0000,0.0000,0.0064,0.0000,200,13.5716
0.0070,0.0000,0.0000,0.0000,0.0069,0.0000,200,13.5711
0.0066,0.0000,0.0000,0.0000,0.0065,0.0001,200,13.5749
0.0068,0.0000,0.0000,0.0000,0.0067,0.0001,200,13.5776
0.0066,0.0000,0.0000,0.0000,0.0065,0.0000,200,13.5781
0.0074,0.0000,0.0000,0.0000,0.0073,0.0000,200,13.5782
0.0102,0.0000,0.0000,0.0000,0.0101,0.0001,200,13.5816
0.0074,0.0000,0.0000,0.0000,0.0073,0.0001,200,13.5844
0.0070,0.0000,0.0000,0.0000,0.0069,0.0001,200,13.5856
0.0100,0.0000,0.0000,0.0000,0.0100,0.0001,200,13.5847
0.0070,0.0000,0.0000,0.0000,0.0069,0.0001,200,13.5918
0.0063,0.0000,0.0000,0.0000,0.0063,0.0000,200,13.5926
0.0076,0.0000,0.0000,0.0000,0.0075,0.0000,200,13.5918
0.0064,0.0000,0.0000,0.0000,0.0064,0.0000,200,13.5948
0.0066,0.0000,0.0000,0.0000,0.0066,0.0000,200,13.5989
0.0068,0.0000,0.0000,0.0000,0.0067,0.0000,200,13.5988
0.0069,0.0000,0.0000,0.0000,0.0068,0.0000,200,13.5994
0.0070,0.0000,0.0000,0.0000,0.0069,0.0001,200,13.6012
0.0068,0.0000,0.0000,0.0000,0.0067,0.0001,200,13.6056
0.0071,0.0000,0.0000,0.0000,0.0071,0.0001,200,13.6056
0.0074,0.0000,0.0000,0.0000,0.0073,0.0000,200,13.6063
0.0094,0.0000,0.0000,0.0000,0.0093,0.0001,200,13.6082
0.0071,0.0000,0.0000,0.0000,0.0070,0.0001,200,13.6127
0.0064,0.0000,0.0000,0.0000,0.0063,0.0000,200,13.6137
0.0077,0.0000,0.0000,0.0000,0.0076,0.0001,200,13.6124
0.0068,0.0000,0.0000,0.0000,0.0067,0.0001,200,13.6176
0.0067,0.0000,0.0000,0.0000,0.0066,0.0000,200,13.6198
0.0065,0.0000,0.0000,0.0000,0.0065,0.0000,200,13.6201
0.0083,0.0000,0.0000,0.0000,0.0068,0.0015,200,13.6201
0.0066,0.0000,0.0000,0.0000,0.0065,0.0001,200,13.6244
0.0063,0.0000,0.0000,0.0000,0.0062,0.0001,200,13.6267
0.0066,0.0000,0.0000,0.0000,0.0065,0.0000,200,13.6265
0.0085,0.0000,0.0000,0.0000,0.0084,0.0001,200,13.6285
0.0064,0.0000,0.0000,0.0000,0.0063,0.0000,200,13.6310
0.0063,0.0000,0.0000,0.0000,0.0062,0.0000,200,13.6329
0.0063,0.0000,0.0000,0.0000,0.0062,0.0000,200,13.6331
0.0066,0.0000,0.0000,0.0000,0.0065,0.0001,200,13.6369
0.0064,0.0000,0.0000,0.0000,0.0063,0.0000,200,13.6373
0.0062,0.0000,0.0000,0.0000,0.0061,0.0000,200,13.6392
0.0062,0.0000,0.0000,0.0000,0.0061,0.0000,200,13.6393
0.0066,0.0000,0.0000,0.0000,0.0065,0.0001,200,13.6435
0.0065,0.0000,0.0000,0.0000,0.0064,0.0001,200,13.6437
0.0061,0.0000,0.0000,0.0000,0.0061,0.0000,200,13.6455
0.0062,0.0000,0.0000,0.0000,0.0061,0.0000,200,13.6455
0.0064,0.0000,0.0000,0.0000,0.0063,0.0001,200,13.6502
0.0065,0.0000,0.0000,0.0000,0.0065,0.0000,200,13.6502
0.0069,0.0000,0.0000,0.0000,0.0069,0.0000,200,13.6516
0.0070,0.0000,0.0000,0.0000,0.0069,0.0000,200,13.6516
0.0064,0.0000,0.0000,0.0000,0.0063,0.0000,200,13.6566
0.0063,0.0000,0.0000,0.0000,0.0062,0.0000,200,13.6567
0.0061,0.0000,0.0000,0.0000,0.0060,0.0001,200,13.6586
0.0062,0.0000,0.0000,0.0000,0.0061,0.0000,200,13.6586
0.0064,0.0000,0.0000,0.0000,0.0063,0.0001,200,13.6630
0.0064,0.0000,0.0000,0.0000,0.0063,0.0001,200,13.6630
0.0065,0.0000,0.0000,0.0000,0.0064,0.0001,200,13.6647
0.0066,0.0000,0.0000,0.0000,0.0065,0.0000,200,13.6647
0.0075,0.0000,0.0000,0.0000,0.0074,0.0001,200,13.6694
0.0075,0.0000,0.0000,0.0000,0.0075,0.0000,200,13.6694
0.0066,0.0000,0.0000,0.0000,0.0065,0.0000,200,13.6713
0.0069,0.0000,0.0000,0.0000,0.0068,0.0000,200,13.6712
0.0065,0.0000,0.0000,0.0000,0.0064,0.0001,200,13.6769
0.0066,0.0000,0.0000,0.0000,0.0066,0.0000,200,13.6770
0.0063,0.0000,0.0000,0.0000,0.0063,0.0000,200,13.6778
0.0064,0.0000,0.0000,0.0000,0.0064,0.0000,200,13.6781
0.0063,0.0000,0.0000,0.0000,0.0062,0.0001,200,13.6835
0.0063,0.0000,0.0000,0.0000,0.0062,0.0000,200,13.6836
0.0061,0.0000,0.0000,0.0000,0.0061,0.0000,200,13.6842
0.0064,0.0000,0.0000,0.0000,0.0063,0.0001,200,13.6845
0.0065,0.0000,0.0000,0.0000,0.0064,0.0001,200,13.6898
0.0067,0.0000,0.0000,0.0000,0.0066,0.0001,200,13.6898
0.0063,0.0000,0.0000,0.0000,0.0062,0.0000,200,13.6903
0.0063,0.0000,0.0000,0.0000,0.0062,0.0000,200,13.6909
0.0064,0.0000,0.0000,0.0000,0.0064,0.0000,200,13.6966
0.0067,0.0000,0.0000,0.0000,0.0065,0.0001,200,13.6963
0.0066,0.0000,0.0000,0.0001,0.0064,0.0000,200,13.6965
0.0071,0.0000,0.0000,0.0000,0.0070,0.0000,200,13.6972
0.0064,0.0000,0.0000,0.0000,0.0063,0.0001,200,13.7030
0.0065,0.0000,0.0000,0.0000,0.0064,0.0000,200,13.7030
0.0065,0.0000,0.0000,0.0000,0.0063,0.0002,200,13.7030
0.0063,0.0000,0.0000,0.0000,0.0063,0.0000,200,13.7043
0.0064,0.0000,0.0000,0.0000,0.0063,0.0001,200,13.7095
0.0065,0.0000,0.0000,0.0000,0.0064,0.0000,200,13.7094
0.0065,0.0000,0.0000,0.0000,0.0065,0.0000,200,13.7095
0.0060,0.0000,0.0000,0.0000,0.0060,0.0000,200,13.7107
0.0065,0.0000,0.0000,0.0000,0.0064,0.0001,200,13.7159
0.0065,0.0000,0.0000,0.0000,0.0064,0.0001,200,13.7159
0.0065,0.0000,0.0000,0.0000,0.0064,0.0001,200,13.7160
0.0060,0.0000,0.0000,0.0000,0.0059,0.0000,200,13.7167
0.0063,0.0000,0.0000,0.0000,0.0062,0.0001,200,13.7227
0.0065,0.0000,0.0000,0.0000,0.0065,0.0000,200,13.7225
0.0065,0.0000,0.0000,0.0000,0.0065,0.0000,200,13.7225
0.0067,0.0000,0.0000,0.0000,0.0067,0.0000,200,13.7225
0.0065,0.0000,0.0000,0.0000,0.0065,0.0001,200,13.7290
0.0066,0.0000,0.0000,0.0000,0.0065,0.0001,200,13.7290
0.0067,0.0000,0.0000,0.0000,0.0066,0.0000,200,13.7290
0.0064,0.0000,0.0000,0.0000,0.0064,0.0000,200,13.7293
0.0065,0.0000,0.0000,0.0000,0.0064,0.0001,200,13.7356
0.0065,0.0000,0.0000,0.0000,0.0064,0.0000,200,13.7355
0.0064,0.0000,0.0000,0.0000,0.0063,0.0000,200,13.7357
0.0065,0.0000,0.0000,0.0000,0.0064,0.0000,200,13.7357
0.0063,0.0000,0.0000,0.0000,0.0062,0.0000,200,13.7421
0.0062,0.0000,0.0000,0.0000,0.0062,0.0000,200,13.7421
0.0063,0.0000,0.0000,0.0000,0.0062,0.0000,200,13.7420
0.0064,0.0000,0.0000,0.0000,0.0063,0.0000,200,13.7421
0.0064,0.0000,0.0000,0.0000,0.0063,0.0001,200,13.7484
0.0064,0.0000,0.0000,0.0000,0.0063,0.0001,200,13.7484
0.0064,0.0000,0.0000,0.0000,0.0063,0.0000,200,13.7485
0.0065,0.0000,0.0000,0.0000,0.0064,0.0000,200,13.7484
0.0065,0.0000,0.0000,0.0000,0.0064,0.0001,200,13.7548
0.0065,0.0000,0.0000,0.0000,0.0064,0.0001,200,13.7549
0.0066,0.0000,0.0000,0.0000,0.0066,0.0000,200,13.7548
0.0066,0.0000,0.0000,0.0000,0.0065,0.0000,200,13.7548
0.0066,0.0000,0.0000,0.0000,0.0065,0.0001,200,13.7613
0.0066,0.0000,0.0000,0.0000,0.0066,0.0000,200,13.7613
0.0066,0.0000,0.0000,0.0000,0.0065,0.0000,200,13.7614
0.0067,0.0000,0.0000,0.0000,0.0066,0.0000,200,13.7614
0.0069,0.0000,0.0000,0.0000,0.0067,0.0001,200,13.7679
0.0068,0.0000,0.0000,0.0000,0.0068,0.0000,200,13.7680
0.0071,0.0000,0.0000,0.0000,0.0070,0.0000,200,13.7679
0.0070,0.0000,0.0000,0.0000,0.0070,0.0000,200,13.7681
0.0064,0.0000,0.0000,0.0000,0.0063,0.0001,200,13.7748
0.0062,0.0000,0.0000,0.0000,0.0062,0.0000,200,13.7750
0.0061,0.0000,0.0000,0.0000,0.0061,0.0000,200,13.7751
0.0064,0.0000,0.0000,0.0000,0.0064,0.0000,200,13.7748
0.0063,0.0000,0.0000,0.0000,0.0062,0.0001,200,13.7812
0.0064,0.0000,0.0000,0.0000,0.0063,0.0000,200,13.7812
0.0063,0.0000,0.0000,0.0000,0.0063,0.0000,200,13.7812
0.0064,0.0000,0.0000,0.0000,0.0063,0.0000,200,13.7812
0.0064,0.0000,0.0000,0.0000,0.0063,0.0001,200,13.7876
0.0064,0.0000,0.0000,0.0000,0.0063,0.0001,200,13.7876
0.0065,0.0000,0.0000,0.0000,0.0064,0.0000,200,13.7876
0.0065,0.0000,0.0000,0.0000,0.0064,0.0000,200,13.7876
0.0064,0.0000,0.0000,0.0000,0.0063,0.0000,200,13.7940
0.0064,0.0000,0.0000,0.0000,0.0064,0.0000,200,13.7940
0.0064,0.0000,0.0000,0.0000,0.0063,0.0000,200,13.7941
0.0064,0.0000,0.0000,0.0000,0.0063,0.0000,200,13.7941
0.0065,0.0000,0.0000,0.0000,0.0064,0.0001,200,13.8004
0.0065,0.0000,0.0000,0.0000,0.0064,0.0001,200,13.8005
0.0065,0.0000,0.0000,0.0000,0.0065,0.0000,200,13.8005
0.0066,0.0000,0.0000,0.0000,0.0065,0.0001,200,13.8004
0.0062,0.0000,0.0000,0.0000,0.0061,0.0000,200,13.8071
0.0063,0.0000,0.0000,0.0000,0.0062,0.0000,200,13.8070
0.0063,0.0000,0.0000,0.0000,0.0063,0.0000,200,13.8069
0.0064,0.0000,0.0000,0.0000,0.0064,0.0000,200,13.8069
0.0064,0.0000,0.0000,0.0000,0.0063,0.0001,200,13.8134
0.0065,0.0000,0.0000,0.0000,0.0065,0.0000,200,13.8133
0.0077,0.0000,0.0000,0.0000,0.0075,0.0002,200,13.8133
0.0078,0.0000,0.0000,0.0000,0.0076,0.0002,200,13.8133
0.0064,0.0000,0.0000,0.0000,0.0063,0.0001,200,13.8198
0.0064,0.0000,0.0000,0.0001,0.0063,0.0001,200,13.8210
0.0065,0.0000,0.0000,0.0000,0.0064,0.0000,200,13.8210
0.0078,0.0000,0.0000,0.0001,0.0065,0.0000,200,13.8198
0.0064,0.0000,0.0000,0.0000,0.0063,0.0000,200,13.8262
0.0061,0.0000,0.0000,0.0000,0.0060,0.0000,200,13.8275
0.0061,0.0000,0.0000,0.0000,0.0060,0.0001,200,13.8275
0.0061,0.0000,0.0000,0.0000,0.0060,0.0000,200,13.8276
0.0063,0.0000,0.0000,0.0000,0.0062,0.0001,200,13.8326
0.0062,0.0000,0.0000,0.0000,0.0061,0.0000,200,13.8336
0.0062,0.0000,0.0000,0.0000,0.0061,0.0000,200,13.8336
0.0061,0.0000,0.0000,0.0000,0.0061,0.0000,200,13.8337
0.0065,0.0000,0.0000,0.0000,0.0064,0.0001,200,13.8389
0.0063,0.0000,0.0000,0.0000,0.0062,0.0000,200,13.8398
0.0062,0.0000,0.0000,0.0000,0.0062,0.0000,200,13.8398
0.0068,0.0000,0.0000,0.0000,0.0067,0.0000,200,13.8398
0.0066,0.0000,0.0000,0.0000,0.0065,0.0001,200,13.8454
0.0062,0.0000,0.0000,0.0000,0.0061,0.0000,200,13.8465
0.0066,0.0000,0.0000,0.0000,0.0066,0.0000,200,13.8461
0.0067,0.0000,0.0000,0.0000,0.0066,0.0000,200,13.8460
0.0063,0.0000,0.0000,0.0000,0.0062,0.0001,200,13.8520
0.0062,0.0000,0.0000,0.0000,0.0061,0.0000,200,13.8527
0.0063,0.0000,0.0000,0.0000,0.0062,0.0000,200,13.8527
0.0064,0.0000,0.0000,0.0000,0.0063,0.0000,200,13.8527
0.0064,0.0000,0.0000,0.0000,0.0063,0.0001,200,13.8583
0.0061,0.0000,0.0000,0.0000,0.0060,0.0000,200,13.8590
0.0062,0.0000,0.0000,0.0000,0.0062,0.0000,200,13.8591
0.0077,0.0000,0.0000,0.0000,0.0077,0.0000,200,13.8589
0.0065,0.0000,0.0000,0.0000,0.0064,0.0001,200,13.8647
0.0061,0.0000,0.0000,0.0000,0.0060,0.0000,200,13.8653
0.0076,0.0000,0.0000,0.0000,0.0074,0.0002,200,13.8651
0.0063,0.0000,0.0000,0.0000,0.0063,0.0000,200,13.8666
0.0066,0.0000,0.0000,0.0000,0.0065,0.0000,200,13.8713
0.0068,0.0000,0.0000,0.0000,0.0067,0.0001,200,13.8712
0.0065,0.0000,0.0000,0.0000,0.0064,0.0000,200,13.8727
0.0068,0.0000,0.0000,0.0000,0.0067,0.0000,200,13.8729
0.0063,0.0000,0.0000,0.0000,0.0063,0.0000,200,13.8779
0.0063,0.0000,0.0000,0.0000,0.0063,0.0000,200,13.8780
0.0061,0.0000,0.0000,0.0000,0.0061,0.0000,200,13.8792
0.0061,0.0000,0.0000,0.0000,0.0060,0.0000,200,13.8797
0.0063,0.0000,0.0000,0.0000,0.0062,0.0000,200,13.8843
0.0063,0.0000,0.0000,0.0000,0.0062,0.0001,200,13.8843
0.0063,0.0000,0.0000,0.0000,0.0062,0.0000,200,13.8853
0.0060,0.0000,0.0000,0.0000,0.0060,0.0000,200,13.8858
0.0066,0.0000,0.0000,0.0000,0.0064,0.0001,200,13.8906
0.0067,0.0000,0.0000,0.0000,0.0066,0.0000,200,13.8906
0.0062,0.0000,0.0000,0.0000,0.0061,0.0001,200,13.8919
0.0065,0.0000,0.0000,0.0000,0.0064,0.0000,200,13.8916
0.0065,0.0000,0.0000,0.0000,0.0064,0.0000,200,13.8972
0.0064,0.0000,0.0000,0.0000,0.0064,0.0000,200,13.8973
0.0065,0.0000,0.0000,0.0002,0.0063,0.0000,200,13.8981
0.0065,0.0000,0.0000,0.0000,0.0065,0.0000,200,13.8981
0.0064,0.0000,0.0000,0.0000,0.0064,0.0001,200,13.9036
0.0065,0.0000,0.0000,0.0000,0.0064,0.0000,200,13.9037
0.0063,0.0000,0.0000,0.0000,0.0062,0.0000,200,13.9046
0.0063,0.0000,0.0000,0.0000,0.0062,0.0000,200,13.9046
0.0067,0.0000,0.0000,0.0000,0.0066,0.0000,200,13.9102
0.0068,0.0000,0.0000,0.0000,0.0067,0.0000,200,13.9101
0.0065,0.0000,0.0000,0.0000,0.0064,0.0000,200,13.9108
0.0083,0.0000,0.0000,0.0000,0.0083,0.0000,200,13.9109
0.0065,0.0000,0.0000,0.0000,0.0064,0.0000,200,13.9169
0.0066,0.0000,0.0000,0.0000,0.0065,0.0000,200,13.9168
0.0061,0.0000,0.0000,0.0000,0.0061,0.0000,200,13.9173
0.0062,0.0000,0.0000,0.0000,0.0061,0.0001,200,13.9193
0.0064,0.0000,0.0000,0.0000,0.0063,0.0001,200,13.9233
0.0063,0.0000,0.0000,0.0000,0.0062,0.0001,200,13.9235
0.0065,0.0000,0.0000,0.0000,0.0063,0.0002,200,13.9234
0.0064,0.0000,0.0000,0.0000,0.0064,0.0001,200,13.9254
0.0064,0.0000,0.0000,0.0000,0.0063,0.0001,200,13.9298
0.0065,0.0000,0.0000,0.0000,0.0063,0.0001,200,13.9298
0.0064,0.0000,0.0000,0.0000,0.0063,0.0000,200,13.9299
0.0063,0.0000,0.0000,0.0000,0.0062,0.0001,200,13.9319
0.0065,0.0000,0.0000,0.0000,0.0064,0.0001,200,13.9362
0.0067,0.0000,0.0000,0.0000,0.0066,0.0000,200,13.9362
0.0069,0.0000,0.0000,0.0000,0.0069,0.0000,200,13.9363
0.0066,0.0000,0.0000,0.0000,0.0064,0.0002,200,13.9382
0.0066,0.0000,0.0000,0.0000,0.0064,0.0001,200,13.9427
0.0062,0.0000,0.0000,0.0000,0.0062,0.0000,200,13.9432
0.0066,0.0000,0.0000,0.0000,0.0065,0.0000,200,13.9428
0.0063,0.0000,0.0000,0.0000,0.0062,0.0001,200,13.9448
0.0065,0.0000,0.0000,0.0000,0.0064,0.0001,200,13.9493
0.0065,0.0000,0.0000,0.0000,0.0065,0.0000,200,13.9494
0.0065,0.0000,0.0000,0.0000,0.0065,0.0000,200,13.9494
0.0061,0.0000,0.0000,0.0000,0.0060,0.0000,200,13.9511
0.0068,0.0000,0.0000,0.0000,0.0067,0.0001,200,13.9558
0.0066,0.0000,0.0000,0.0000,0.0066,0.0001,200,13.9559
0.0070,0.0000,0.0000,0.0000,0.0070,0.0000,200,13.9559
0.0064,0.0000,0.0000,0.0000,0.0064,0.0000,200,13.9572
0.0069,0.0000,0.0000,0.0000,0.0067,0.0001,200,13.9629
0.0074,0.0000,0.0000,0.0000,0.0073,0.0000,200,13.9626
0.0074,0.0000,0.0000,0.0000,0.0073,0.0000,200,13.9625
0.0068,0.0000,0.0000,0.0000,0.0067,0.0001,200,13.9636
0.0064,0.0000,0.0000,0.0000,0.0064,0.0001,200,13.9699
0.0064,0.0000,0.0000,0.0000,0.0063,0.0001,200,13.9700
0.0067,0.0000,0.0000,0.0000,0.0066,0.0000,200,13.9698
0.0061,0.0000,0.0000,0.0000,0.0061,0.0000,200,13.9704
0.0065,0.0000,0.0000,0.0000,0.0064,0.0000,200,13.9764
0.0063,0.0000,0.0000,0.0000,0.0063,0.0000,200,13.9765
0.0064,0.0000,0.0000,0.0000,0.0063,0.0001,200,13.9765
0.0066,0.0000,0.0000,0.0001,0.0065,0.0000,200,13.9764
0.0064,0.0000,0.0000,0.0000,0.0063,0.0001,200,13.9828
0.0064,0.0000,0.0000,0.0000,0.0063,0.0001,200,13.9828
0.0070,0.0000,0.0000,0.0000,0.0070,0.0000,200,13.9828
0.0070,0.0000,0.0000,0.0000,0.0069,0.0001,200,13.9829
0.0072,0.0000,0.0000,0.0000,0.0071,0.0001,200,13.9892
0.0065,0.0000,0.0000,0.0000,0.0065,0.0000,200,13.9900
0.0075,0.0000,0.0000,0.0000,0.0075,0.0000,200,13.9892
0.0070,0.0000,0.0000,0.0000,0.0070,0.0000,200,13.9899
0.0063,0.0000,0.0000,0.0000,0.0063,0.0000,200,13.9969
0.0068,0.0000,0.0000,0.0000,0.0067,0.0000,200,13.9965
0.0068,0.0000,0.0000,0.0000,0.0067,0.0000,200,13.9965
0.0065,0.0000,0.0000,0.0000,0.0064,0.0001,200,13.9968
0.0064,0.0000,0.0000,0.0000,0.0063,0.0001,200,14.0033
0.0067,0.0000,0.0000,0.0000,0.0066,0.0000,200,14.0033
0.0067,0.0000,0.0000,0.0000,0.0066,0.0001,200,14.0033
0.0074,0.0000,0.0000,0.0000,0.0074,0.0000,200,14.0033
0.0066,0.0000,0.0000,0.0000,0.0065,0.0001,200,14.0100
0.0070,0.0000,0.0000,0.0000,0.0069,0.0000,200,14.0097
0.0068,0.0000,0.0000,0.0000,0.0067,0.0000,200,14.0099
0.0062,0.0000,0.0000,0.0000,0.0061,0.0000,200,14.0107
0.0069,0.0000,0.0000,0.0000,0.0068,0.0001,200,14.0166
0.0068,0.0000,0.0000,0.0000,0.0067,0.0001,200,14.0167
0.0068,0.0000,0.0000,0.0000,0.0066,0.0001,200,14.0167
0.0066,0.0000,0.0000,0.0000,0.0065,0.0001,200,14.0169
0.0067,0.0000,0.0000,0.0000,0.0066,0.0001,200,14.0234
0.0067,0.0000,0.0000,0.0000,0.0066,0.0000,200,14.0235
0.0067,0.0000,0.0000,0.0000,0.0066,0.0000,200,14.0235
0.0067,0.0000,0.0000,0.0000,0.0066,0.0000,200,14.0234
0.0065,0.0000,0.0000,0.0000,0.0064,0.0001,200,14.0301
0.0065,0.0000,0.0000,0.0000,0.0064,0.0000,200,14.0301
0.0065,0.0000,0.0000,0.0000,0.0064,0.0000,200,14.0301
0.0065,0.0000,0.0000,0.0000,0.0064,0.0000,200,14.0301
0.0067,0.0000,0.0000,0.0000,0.0067,0.0000,200,14.0366
0.0067,0.0000,0.0000,0.0000,0.0066,0.0000,200,14.0366
0.0067,0.0000,0.0000,0.0000,0.0066,0.0000,200,14.0366
0.0067,0.0000,0.0000,0.0000,0.0066,0.0000,200,14.0366
0.0064,0.0000,0.0000,0.0000,0.0062,0.0001,200,14.0433
0.0064,0.0000,0.0000,0.0000,0.0063,0.0000,200,14.0433
0.0064,0.0000,0.0000,0.0000,0.0063,0.0000,200,14.0433
0.0087,0.0000,0.0000,0.0000,0.0086,0.0001,200,14.0433
0.0066,0.0000,0.0000,0.0000,0.0065,0.0001,200,14.0497
0.0066,0.0000,0.0000,0.0000,0.0065,0.0001,200,14.0497
0.0073,0.0000,0.0000,0.0000,0.0073,0.0000,200,14.0497
0.0066,0.0000,0.0000,0.0000,0.0065,0.0000,200,14.0520
0.0066,0.0000,0.0000,0.0000,0.0064,0.0001,200,14.0563
0.0066,0.0000,0.0000,0.0000,0.0065,0.0000,200,14.0563
0.0064,0.0000,0.0000,0.0000,0.0064,0.0000,200,14.0571
0.0064,0.0000,0.0000,0.0000,0.0064,0.0000,200,14.0586
0.0066,0.0000,0.0000,0.0000,0.0065,0.0001,200,14.0629
0.0066,0.0000,0.0000,0.0000,0.0066,0.0000,200,14.0630
0.0062,0.0000,0.0000,0.0000,0.0061,0.0000,200,14.0635
0.0063,0.0000,0.0000,0.0000,0.0062,0.0001,200,14.0650
0.0063,0.0000,0.0000,0.0000,0.0062,0.0001,200,14.0696
0.0066,0.0000,0.0000,0.0000,0.0065,0.0000,200,14.0695
0.0065,0.0000,0.0000,0.0000,0.0065,0.0000,200,14.0696
0.0063,0.0000,0.0000,0.0000,0.0062,0.0001,200,14.0713
0.0064,0.0000,0.0000,0.0000,0.0063,0.0001,200,14.0759
0.0064,0.0000,0.0000,0.0000,0.0063,0.0000,200,14.0761
0.0063,0.0000,0.0000,0.0000,0.0063,0.0000,200,14.0762
0.0063,0.0000,0.0000,0.0000,0.0062,0.0001,200,14.0776
0.0065,0.0000,0.0000,0.0000,0.0064,0.0001,200,14.0823
0.0063,0.0000,0.0000,0.0000,0.0062,0.0001,200,14.0824
0.0064,0.0000,0.0000,0.0000,0.0063,0.0000,200,14.0825
0.0071,0.0000,0.0000,0.0000,0.0070,0.0001,200,14.0839
0.0073,0.0000,0.0000,0.0000,0.0072,0.0001,200,14.0888
0.0074,0.0000,0.0000,0.0000,0.0073,0.0000,200,14.0888
0.0081,0.0000,0.0000,0.0000,0.0081,0.0000,200,14.0889
0.0065,0.0000,0.0000,0.0000,0.0064,0.0000,200,14.0910
0.0069,0.0000,0.0000,0.0000,0.0068,0.0001,200,14.0962
0.0067,0.0000,0.0000,0.0000,0.0066,0.0000,200,14.0970
0.0064,0.0000,0.0000,0.0000,0.0063,0.0000,200,14.0975
0.0094,0.0000,0.0000,0.0000,0.0093,0.0001,200,14.0961
0.0067,0.0000,0.0000,0.0000,0.0066,0.0001,200,14.1031
0.0062,0.0000,0.0000,0.0000,0.0062,0.0000,200,14.1037
0.0063,0.0000,0.0000,0.0000,0.0063,0.0000,200,14.1039
0.0064,0.0000,0.0000,0.0000,0.0063,0.0000,200,14.1055
0.0065,0.0000,0.0000,0.0000,0.0064,0.0000,200,14.1098
0.0061,0.0000,0.0000,0.0000,0.0060,0.0000,200,14.1102
0.0063,0.0000,0.0000,0.0000,0.0062,0.0000,200,14.1100
0.0062,0.0000,0.0000,0.0000,0.0062,0.0000,200,14.1119
0.0065,0.0000,0.0000,0.0000,0.0064,0.0000,200,14.1163
0.0065,0.0000,0.0000,0.0000,0.0065,0.0000,200,14.1162
0.0065,0.0000,0.0000,0.0000,0.0063,0.0002,200,14.1163
0.0068,0.0000,0.0000,0.0000,0.0067,0.0001,200,14.1181
0.0065,0.0000,0.0000,0.0000,0.0064,0.0001,200,14.1228
0.0067,0.0000,0.0000,0.0000,0.0067,0.0000,200,14.1228
0.0068,0.0000,0.0000,0.0000,0.0066,0.0000,200,14.1228
0.0063,0.0000,0.0000,0.0000,0.0062,0.0000,200,14.1249
0.0066,0.0000,0.0000,0.0000,0.0065,0.0001,200,14.1293
0.0066,0.0000,0.0000,0.0000,0.0063,0.0000,200,14.1295
0.0067,0.0000,0.0000,0.0000,0.0066,0.0000,200,14.1295
0.0068,0.0000,0.0000,0.0000,0.0067,0.0001,200,14.1311
0.0066,0.0000,0.0000,0.0000,0.0066,0.0000,200,14.1361
0.0069,0.0000,0.0000,0.0000,0.0068,0.0000,200,14.1359
0.0072,0.0000,0.0000,0.0000,0.0072,0.0000,200,14.1362
0.0089,0.0000,0.0000,0.0000,0.0088,0.0001,200,14.1380
0.0062,0.0000,0.0000,0.0000,0.0061,0.0000,200,14.1428
0.0062,0.0000,0.0000,0.0000,0.0062,0.0000,200,14.1428
0.0062,0.0000,0.0000,0.0000,0.0061,0.0000,200,14.1434
0.0064,0.0000,0.0000,0.0000,0.0063,0.0001,200,14.1469
0.0063,0.0000,0.0000,0.0000,0.0062,0.0000,200,14.1490
0.0063,0.0000,0.0000,0.0000,0.0062,0.0000,200,14.1490
0.0066,0.0000,0.0000,0.0000,0.0065,0.0000,200,14.1496
0.0066,0.0000,0.0000,0.0000,0.0064,0.0001,200,14.1533
0.0065,0.0000,0.0000,0.0000,0.0064,0.0000,200,14.1562
0.0074,0.0000,0.0000,0.0000,0.0073,0.0001,200,14.1553
0.0074,0.0000,0.0000,0.0000,0.0074,0.0000,200,14.1553
0.0064,0.0000,0.0000,0.0000,0.0063,0.0001,200,14.1599
0.0065,0.0000,0.0000,0.0000,0.0064,0.0001,200,14.1627
0.0068,0.0000,0.0000,0.0000,0.0067,0.0000,200,14.1627
0.0069,0.0000,0.0000,0.0000,0.0068,0.0000,200,14.1627
0.0062,0.0000,0.0000,0.0000,0.0061,0.0001,200,14.1663
0.0064,0.0000,0.0000,0.0000,0.0064,0.0000,200,14.1695
0.0063,0.0000,0.0000,0.0000,0.0063,0.0000,200,14.1696
0.0070,0.0000,0.0000,0.0000,0.0069,0.0000,200,14.1692
0.0066,0.0000,0.0000,0.0000,0.0062,0.0003,200,14.1725
0.0062,0.0000,0.0000,0.0000,0.0062,0.0001,200,14.1759
0.0063,0.0000,0.0000,0.0000,0.0062,0.0000,200,14.1759
0.0062,0.0000,0.0000,0.0000,0.0062,0.0000,200,14.1763
0.0068,0.0000,0.0000,0.0000,0.0067,0.0001,200,14.1791
0.0062,0.0000,0.0000,0.0000,0.0061,0.0000,200,14.1822
0.0060,0.0000,0.0000,0.0000,0.0059,0.0000,200,14.1825
0.0063,0.0000,0.0000,0.0000,0.0063,0.0000,200,14.1822
0.0067,0.0000,0.0000,0.0000,0.0066,0.0000,200,14.1859
0.0062,0.0000,0.0000,0.0000,0.0061,0.0001,200,14.1885
0.0063,0.0000,0.0000,0.0000,0.0062,0.0000,200,14.1885
0.0065,0.0000,0.0000,0.0000,0.0064,0.0000,200,14.1884
0.0063,0.0000,0.0000,0.0000,0.0063,0.0001,200,14.1925
0.0067,0.0000,0.0000,0.0000,0.0066,0.0001,200,14.1948
0.0069,0.0000,0.0000,0.0000,0.0069,0.0000,200,14.1946
0.0067,0.0000,0.0000,0.0000,0.0067,0.0000,200,14.1949
0.0062,0.0000,0.0000,0.0000,0.0061,0.0001,200,14.1989
0.0063,0.0000,0.0000,0.0000,0.0062,0.0000,200,14.2016
0.0071,0.0000,0.0000,0.0000,0.0070,0.0000,200,14.2015
0.0070,0.0000,0.0000,0.0000,0.0070,0.0000,200,14.2016
0.0069,0.0000,0.0000,0.0000,0.0068,0.0001,200,14.2051
0.0073,0.0000,0.0000,0.0000,0.0072,0.0001,200,14.2079
0.0069,0.0000,0.0000,0.0000,0.0068,0.0000,200,14.2086
0.0070,0.0000,0.0000,0.0000,0.0069,0.0000,200,14.2086
0.0077,0.0000,0.0000,0.0000,0.0075,0.0001,200,14.2121
0.0062,0.0000,0.0000,0.0000,0.0061,0.0001,200,14.2155
0.0065,0.0000,0.0000,0.0000,0.0064,0.0000,200,14.2152
0.0062,0.0000,0.0000,0.0000,0.0061,0.0000,200,14.2156
0.0066,0.0000,0.0000,0.0000,0.0065,0.0001,200,14.2197
0.0060,0.0000,0.0000,0.0000,0.0059,0.0000,200,14.2217
0.0061,0.0000,0.0000,0.0000,0.0061,0.0000,200,14.2217
0.0062,0.0000,0.0000,0.0000,0.0061,0.0000,200,14.2217
0.0067,0.0000,0.0000,0.0000,0.0066,0.0001,200,14.2263
0.0067,0.0000,0.0000,0.0000,0.0066,0.0000,200,14.2278
0.0068,0.0000,0.0000,0.0000,0.0067,0.0000,200,14.2278
0.0067,0.0000,0.0000,0.0000,0.0066,0.0000,200,14.2279
0.0065,0.0000,0.0000,0.0000,0.0064,0.0001,200,14.2330
0.0066,0.0000,0.0000,0.0000,0.0065,0.0001,200,14.2346
0.0067,0.0000,0.0000,0.0000,0.0066,0.0000,200,14.2346
0.0067,0.0000,0.0000,0.0000,0.0067,0.0000,200,14.2346
0.0065,0.0000,0.0000,0.0000,0.0064,0.0001,200,14.2395
0.0062,0.0000,0.0000,0.0000,0.0062,0.0000,200,14.2411
0.0062,0.0000,0.0000,0.0000,0.0061,0.0000,200,14.2413
0.0065,0.0000,0.0000,0.0000,0.0064,0.0000,200,14.2413
0.0064,0.0000,0.0000,0.0000,0.0063,0.0001,200,14.2460
0.0063,0.0000,0.0000,0.0000,0.0062,0.0000,200,14.2475
0.0064,0.0000,0.0000,0.0000,0.0063,0.0001,200,14.2474
0.0061,0.0000,0.0000,0.0000,0.0060,0.0000,200,14.2478
0.0066,0.0000,0.0000,0.0000,0.0065,0.0001,200,14.2524
0.0063,0.0000,0.0000,0.0000,0.0062,0.0000,200,14.2538
0.0063,0.0000,0.0000,0.0000,0.0063,0.0000,200,14.2538
0.0063,0.0000,0.0000,0.0000,0.0062,0.0000,200,14.2539
0.0065,0.0000,0.0000,0.0000,0.0064,0.0001,200,14.2590
0.0069,0.0000,0.0000,0.0000,0.0069,0.0001,200,14.2602
0.0071,0.0000,0.0000,0.0000,0.0070,0.0000,200,14.2601
0.0071,0.0000,0.0000,0.0000,0.0070,0.0000,200,14.2601
0.0068,0.0000,0.0000,0.0000,0.0067,0.0001,200,14.2655
0.0061,0.0000,0.0000,0.0000,0.0061,0.0000,200,14.2672
0.0062,0.0000,0.0000,0.0000,0.0061,0.0000,200,14.2672
0.0063,0.0000,0.0000,0.0000,0.0063,0.0000,200,14.2671
0.0063,0.0000,0.0000,0.0000,0.0062,0.0001,200,14.2723
0.0062,0.0000,0.0000,0.0000,0.0062,0.0000,200,14.2733
0.0062,0.0000,0.0000,0.0000,0.0062,0.0000,200,14.2734
0.0063,0.0000,0.0000,0.0000,0.0062,0.0000,200,14.2734
0.0065,0.0000,0.0000,0.0000,0.0064,0.0001,200,14.2787
0.0064,0.0000,0.0000,0.0000,0.0064,0.0000,200,14.2796
0.0063,0.0000,0.0000,0.0000,0.0062,0.0000,200,14.2797
0.0063,0.0000,0.0000,0.0000,0.0063,0.0000,200,14.2797
0.0065,0.0000,0.0000,0.0000,0.0064,0.0001,200,14.2852
0.0062,0.0000,0.0000,0.0000,0.0062,0.0000,200,14.2860
0.0064,0.0000,0.0000,0.0000,0.0064,0.0000,200,14.2860
0.0066,0.0000,0.0000,0.0000,0.0066,0.0000,200,14.2860
0.0069,0.0000,0.0000,0.0000,0.0068,0.0001,200,14.2917
0.0061,0.0000,0.0000,0.0000,0.0060,0.0000,200,14.2926
0.0065,0.0000,0.0000,0.0000,0.0064,0.0000,200,14.2922
0.0063,0.0000,0.0000,0.0000,0.0063,0.0000,200,14.2924
0.0064,0.0000,0.0000,0.0000,0.0063,0.0001,200,14.2986
0.0064,0.0000,0.0000,0.0000,0.0063,0.0000,200,14.2987
0.0063,0.0000,0.0000,0.0000,0.0063,0.0000,200,14.2988
0.0066,0.0000,0.0000,0.0000,0.0065,0.0000,200,14.2987
0.0065,0.0000,0.0000,0.0000,0.0063,0.0001,200,14.3049
0.0064,0.0000,0.0000,0.0000,0.0063,0.0001,200,14.3051
0.0062,0.0000,0.0000,0.0000,0.0061,0.0000,200,14.3053
0.0064,0.0000,0.0000,0.0000,0.0064,0.0000,200,14.3051
0.0068,0.0000,0.0000,0.0000,0.0067,0.0001,200,14.3114
0.0068,0.0000,0.0000,0.0000,0.0067,0.0000,200,14.3115
0.0071,0.0000,0.0000,0.0000,0.0070,0.0000,200,14.3115
0.0072,0.0000,0.0000,0.0000,0.0071,0.0000,200,14.3114
0.0065,0.0000,0.0000,0.0000,0.0064,0.0001,200,14.3183
0.0062,0.0000,0.0000,0.0000,0.0062,0.0000,200,14.3186
0.0062,0.0000,0.0000,0.0000,0.0061,0.0000,200,14.3187
0.0067,0.0000,0.0000,0.0000,0.0067,0.0000,200,14.3183
0.0064,0.0000,0.0000,0.0000,0.0063,0.0001,200,14.3248
0.0063,0.0000,0.0000,0.0000,0.0062,0.0000,200,14.3250
0.0065,0.0000,0.0000,0.0000,0.0065,0.0000,200,14.3248
0.0066,0.0000,0.0000,0.0000,0.0066,0.0000,200,14.3248
0.0065,0.0000,0.0000,0.0000,0.0064,0.0001,200,14.3313
0.0065,0.0000,0.0000,0.0000,0.0064,0.0000,200,14.3314
0.0066,0.0000,0.0000,0.0000,0.0064,0.0002,200,14.3312
0.0065,0.0000,0.0000,0.0000,0.0062,0.0003,200,14.3314
0.0064,0.0000,0.0000,0.0000,0.0063,0.0000,200,14.3379
0.0063,0.0000,0.0000,0.0000,0.0062,0.0000,200,14.3380
0.0065,0.0000,0.0000,0.0000,0.0064,0.0000,200,14.3378
0.0066,0.0000,0.0000,0.0000,0.0063,0.0003,200,14.3378
0.0067,0.0000,0.0000,0.0000,0.0064,0.0001,200,14.3443
0.0067,0.0000,0.0000,0.0000,0.0064,0.0001,200,14.3443
0.0067,0.0000,0.0000,0.0002,0.0065,0.0000,200,14.3443
0.0065,0.0000,0.0000,0.0000,0.0064,0.0001,200,14.3445
0.0066,0.0000,0.0000,0.0000,0.0065,0.0001,200,14.3510
0.0066,0.0000,0.0000,0.0000,0.0065,0.0000,200,14.3510
0.0067,0.0000,0.0000,0.0001,0.0065,0.0001,200,14.3510
0.0070,0.0000,0.0000,0.0000,0.0065,0.0004,200,14.3510
0.0065,0.0000,0.0000,0.0000,0.0064,0.0000,200,14.3577
0.0066,0.0000,0.0000,0.0000,0.0065,0.0000,200,14.3576
0.0066,0.0000,0.0000,0.0000,0.0065,0.0000,200,14.3576
0.0068,0.0000,0.0000,0.0000,0.0068,0.0000,200,14.3580
0.0065,0.0000,0.0000,0.0000,0.0064,0.0001,200,14.3642
0.0065,0.0000,0.0000,0.0000,0.0065,0.0000,200,14.3642
0.0066,0.0000,0.0000,0.0000,0.0065,0.0001,200,14.3642
0.0062,0.0000,0.0000,0.0000,0.0062,0.0000,200,14.3648
0.0069,0.0000,0.0000,0.0000,0.0068,0.0001,200,14.3707
0.0069,0.0000,0.0000,0.0000,0.0068,0.0001,200,14.3707
0.0069,0.0000,0.0000,0.0000,0.0068,0.0000,200,14.3707
0.0071,0.0000,0.0000,0.0000,0.0070,0.0000,200,14.3710
0.0073,0.0000,0.0000,0.0000,0.0072,0.0001,200,14.3776
0.0069,0.0000,0.0000,0.0000,0.0069,0.0000,200,14.3781
0.0075,0.0000,0.0000,0.0000,0.0074,0.0000,200,14.3776
0.0094,0.0000,0.0000,0.0000,0.0094,0.0000,200,14.3777
0.0065,0.0000,0.0000,0.0000,0.0064,0.0000,200,14.3850
0.0066,0.0000,0.0000,0.0000,0.0065,0.0001,200,14.3849
0.0067,0.0000,0.0000,0.0000,0.0066,0.0000,200,14.3850
0.0062,0.0000,0.0000,0.0000,0.0061,0.0000,200,14.3871
0.0066,0.0000,0.0000,0.0000,0.0065,0.0001,200,14.3915
0.0065,0.0000,0.0000,0.0000,0.0064,0.0000,200,14.3917
0.0068,0.0000,0.0000,0.0000,0.0068,0.0000,200,14.3915
0.0073,0.0000,0.0000,0.0000,0.0073,0.0000,200,14.3932
0.0064,0.0000,0.0000,0.0000,0.0063,0.0001,200,14.3984
0.0067,0.0000,0.0000,0.0000,0.0066,0.0000,200,14.3981
0.0066,0.0000,0.0000,0.0000,0.0065,0.0001,200,14.3982
0.0063,0.0000,0.0000,0.0000,0.0062,0.0000,200,14.4006
0.0065,0.0000,0.0000,0.0000,0.0064,0.0000,200,14.4048
0.0065,0.0000,0.0000,0.0000,0.0064,0.0000,200,14.4049
0.0066,0.0000,0.0000,0.0000,0.0065,0.0000,200,14.4048
0.0062,0.0000,0.0000,0.0000,0.0061,0.0000,200,14.4069
0.0072,0.0000,0.0000,0.0000,0.0072,0.0000,200,14.4114
0.0072,0.0000,0.0000,0.0000,0.0071,0.0000,200,14.4114
0.0073,0.0000,0.0000,0.0000,0.0072,0.0000,200,14.4113
0.0061,0.0000,0.0000,0.0000,0.0060,0.0000,200,14.4130
0.0068,0.0000,0.0000,0.0000,0.0067,0.0001,200,14.4186
0.0068,0.0000,0.0000,0.0000,0.0067,0.0001,200,14.4186
0.0068,0.0000,0.0000,0.0000,0.0068,0.0000,200,14.4186
0.0064,0.0000,0.0000,0.0000,0.0063,0.0000,200,14.4191
0.0065,0.0000,0.0000,0.0000,0.0065,0.0000,200,14.4255
0.0066,0.0000,0.0000,0.0000,0.0065,0.0000,200,14.4254
0.0067,0.0000,0.0000,0.0000,0.0065,0.0000,200,14.4254
0.0067,0.0000,0.0000,0.0000,0.0065,0.0001,200,14.4254
0.0065,0.0000,0.0000,0.0000,0.0064,0.0001,200,14.4320
0.0065,0.0000,0.0000,0.0000,0.0065,0.0000,200,14.4320
0.0066,0.0000,0.0000,0.0000,0.0066,0.0000,200,14.4320
0.0066,0.0000,0.0000,0.0000,0.0065,0.0001,200,14.4321
0.0064,0.0000,0.0000,0.0000,0.0064,0.0001,200,14.4387
0.0065,0.0000,0.0000,0.0000,0.0064,0.0000,200,14.4387
0.0065,0.0000,0.0000,0.0000,0.0065,0.0001,200,14.4386
0.0066,0.0000,0.0000,0.0000,0.0066,0.0000,200,14.4386
0.0065,0.0000,0.0000,0.0000,0.0064,0.0001,200,14.4452
0.0066,0.0000,0.0000,0.0000,0.0066,0.0000,200,14.4451
0.0067,0.0000,0.0000,0.0000,0.0066,0.0000,200,14.4451
0.0067,0.0000,0.0000,0.0000,0.0066,0.0000,200,14.4451
0.0064,0.0000,0.0000,0.0000,0.0063,0.0000,200,14.4518
0.0064,0.0000,0.0000,0.0000,0.0063,0.0001,200,14.4518
0.0064,0.0000,0.0000,0.0000,0.0064,0.0000,200,14.4518
0.0065,0.0000,0.0000,0.0000,0.0064,0.0001,200,14.4517
0.0065,0.0000,0.0000,0.0000,0.0064,0.0000,200,14.4582
0.0065,0.0000,0.0000,0.0000,0.0064,0.0000,200,14.4582
0.0065,0.0000,0.0000,0.0000,0.0064,0.0001,200,14.4582
0.0072,0.0000,0.0000,0.0000,0.0071,0.0000,200,14.4582
0.0068,0.0000,0.0000,0.0000,0.0068,0.0000,200,14.4646
0.0068,0.0000,0.0000,0.0000,0.0067,0.0000,200,14.4647
0.0068,0.0000,0.0000,0.0000,0.0068,0.0000,200,14.4646
0.0083,0.0000,0.0000,0.0000,0.0080,0.0001,200,14.4654
0.0065,0.0000,0.0000,0.0000,0.0064,0.0001,200,14.4715
0.0065,0.0000,0.0000,0.0000,0.0064,0.0000,200,14.4715
0.0065,0.0000,0.0000,0.0000,0.0065,0.0000,200,14.4715
0.0062,0.0000,0.0000,0.0000,0.0061,0.0001,200,14.4736
0.0063,0.0000,0.0000,0.0000,0.0062,0.0000,200,14.4780
0.0063,0.0000,0.0000,0.0000,0.0062,0.0000,200,14.4780
0.0064,0.0000,0.0000,0.0000,0.0064,0.0000,200,14.4780
0.0064,0.0000,0.0000,0.0000,0.0063,0.0000,200,14.4799
0.0064,0.0000,0.0000,0.0000,0.0063,0.0000,200,14.4843
0.0064,0.0000,0.0000,0.0000,0.0063,0.0000,200,14.4844
0.0067,0.0000,0.0000,0.0000,0.0066,0.0000,200,14.4843
0.0063,0.0000,0.0000,0.0000,0.0062,0.0001,200,14.4863
0.0066,0.0000,0.0000,0.0000,0.0065,0.0001,200,14.4907
0.0064,0.0000,0.0000,0.0000,0.0064,0.0000,200,14.4910
0.0064,0.0000,0.0000,0.0000,0.0063,0.0001,200,14.4925
0.0091,0.0000,0.0000,0.0000,0.0090,0.0001,200,14.4908
0.0072,0.0000,0.0000,0.0000,0.0070,0.0001,200,14.4973
0.0070,0.0000,0.0000,0.0000,0.0069,0.0001,200,14.4974
0.0063,0.0000,0.0000,0.0000,0.0062,0.0000,200,14.4990
0.0065,0.0000,0.0000,0.0000,0.0064,0.0000,200,14.4998
0.0071,0.0000,0.0000,0.0000,0.0070,0.0001,200,14.5044
0.0072,0.0000,0.0000,0.0000,0.0071,0.0001,200,14.5044
0.0065,0.0000,0.0000,0.0000,0.0065,0.0000,200,14.5053
0.0062,0.0000,0.0000,0.0000,0.0062,0.0000,200,14.5063
0.0068,0.0000,0.0000,0.0000,0.0067,0.0001,200,14.5115
0.0067,0.0000,0.0000,0.0000,0.0066,0.0000,200,14.5116
0.0066,0.0000,0.0000,0.0000,0.0065,0.0001,200,14.5118
0.0066,0.0000,0.0000,0.0000,0.0066,0.0000,200,14.5126
0.0066,0.0000,0.0000,0.0000,0.0065,0.0000,200,14.5184
0.0066,0.0000,0.0000,0.0000,0.0065,0.0000,200,14.5184
0.0067,0.0000,0.0000,0.0000,0.0064,0.0002,200,14.5184
0.0063,0.0000,0.0000,0.0000,0.0063,0.0000,200,14.5192
0.0067,0.0000,0.0000,0.0000,0.0066,0.0001,200,14.5249
0.0072,0.0000,0.0000,0.0000,0.0071,0.0000,200,14.5256
0.0080,0.0000,0.0000,0.0000,0.0079,0.0000,200,14.5250
0.0082,0.0000,0.0000,0.0000,0.0069,0.0012,200,14.5250
0.0073,0.0000,0.0000,0.0000,0.0072,0.0001,200,14.5316
0.0066,0.0000,0.0000,0.0000,0.0066,0.0000,200,14.5327
0.0065,0.0000,0.0000,0.0000,0.0064,0.0000,200,14.5332
0.0095,0.0000,0.0000,0.0000,0.0095,0.0001,200,14.5330
0.0060,0.0000,0.0000,0.0000,0.0060,0.0000,200,14.5394
0.0065,0.0000,0.0000,0.0000,0.0064,0.0000,200,14.5389
0.0090,0.0000,0.0000,0.0000,0.0089,0.0000,200,14.5397
0.0064,0.0000,0.0000,0.0000,0.0063,0.0000,200,14.5425
0.0067,0.0000,0.0000,0.0000,0.0066,0.0000,200,14.5454
0.0067,0.0000,0.0000,0.0000,0.0066,0.0000,200,14.5454
0.0063,0.0000,0.0000,0.0000,0.0062,0.0000,200,14.5487
0.0062,0.0000,0.0000,0.0000,0.0061,0.0000,200,14.5490
0.0064,0.0000,0.0000,0.0000,0.0063,0.0000,200,14.5521
0.0064,0.0000,0.0000,0.0000,0.0063,0.0000,200,14.5521
0.0063,0.0000,0.0000,0.0000,0.0062,0.0001,200,14.5550
0.0062,0.0000,0.0000,0.0000,0.0062,0.0000,200,14.5551
0.0068,0.0000,0.0000,0.0000,0.0067,0.0000,200,14.5584
0.0068,0.0000,0.0000,0.0000,0.0067,0.0001,200,14.5584
0.0062,0.0000,0.0000,0.0000,0.0062,0.0001,200,14.5614
0.0064,0.0000,0.0000,0.0000,0.0063,0.0001,200,14.5612
0.0064,0.0000,0.0000,0.0000,0.0064,0.0000,200,14.5652
0.0065,0.0000,0.0000,0.0000,0.0064,0.0000,200,14.5652
0.0061,0.0000,0.0000,0.0000,0.0060,0.0000,200,14.5676
0.0063,0.0000,0.0000,0.0000,0.0062,0.0000,200,14.5676
0.0064,0.0000,0.0000,0.0000,0.0063,0.0001,200,14.5717
0.0064,0.0000,0.0000,0.0000,0.0064,0.0000,200,14.5717
0.0064,0.0000,0.0000,0.0000,0.0063,0.0001,200,14.5737
0.0062,0.0000,0.0000,0.0000,0.0062,0.0000,200,14.5739
0.0066,0.0000,0.0000,0.0000,0.0065,0.0001,200,14.5781
0.0066,0.0000,0.0000,0.0000,0.0065,0.0000,200,14.5782
0.0064,0.0000,0.0000,0.0000,0.0063,0.0001,200,14.5801
0.0067,0.0000,0.0000,0.0000,0.0065,0.0001,200,14.5801
0.0065,0.0000,0.0000,0.0000,0.0064,0.0001,200,14.5847
0.0067,0.0000,0.0000,0.0000,0.0066,0.0001,200,14.5848
0.0064,0.0000,0.0000,0.0000,0.0063,0.0000,200,14.5865
0.0068,0.0000,0.0000,0.0000,0.0067,0.0000,200,14.5868
0.0064,0.0000,0.0000,0.0000,0.0063,0.0001,200,14.5912
0.0061,0.0000,0.0000,0.0000,0.0060,0.0001,200,14.5915
0.0062,0.0000,0.0000,0.0000,0.0061,0.0000,200,14.5928
0.0061,0.0000,0.0000,0.0000,0.0060,0.0000,200,14.5936
0.0064,0.0000,0.0000,0.0000,0.0063,0.0000,200,14.5976
0.0064,0.0000,0.0000,0.0000,0.0063,0.0000,200,14.5976
0.0061,0.0000,0.0000,0.0000,0.0060,0.0000,200,14.5990
0.0081,0.0000,0.0000,0.0000,0.0081,0.0000,200,14.5997
0.0063,0.0000,0.0000,0.0000,0.0063,0.0000,200,14.6040
0.0064,0.0000,0.0000,0.0000,0.0063,0.0000,200,14.6039
0.0061,0.0000,0.0000,0.0000,0.0060,0.0000,200,14.6051
0.0063,0.0000,0.0000,0.0000,0.0062,0.0001,200,14.6078
0.0068,0.0000,0.0000,0.0000,0.0067,0.0000,200,14.6103
0.0072,0.0000,0.0000,0.0000,0.0071,0.0000,200,14.6103
0.0063,0.0000,0.0000,0.0000,0.0063,0.0000,200,14.6112
0.0065,0.0000,0.0000,0.0000,0.0064,0.0000,200,14.6141
0.0063,0.0000,0.0000,0.0000,0.0062,0.0001,200,14.6171
0.0061,0.0000,0.0000,0.0000,0.0060,0.0000,200,14.6175
0.0063,0.0000,0.0000,0.0000,0.0062,0.0000,200,14.6175
0.0065,0.0000,0.0000,0.0000,0.0064,0.0001,200,14.6206
0.0069,0.0000,0.0000,0.0000,0.0068,0.0000,200,14.6236
0.0071,0.0000,0.0000,0.0000,0.0070,0.0000,200,14.6234
0.0067,0.0000,0.0000,0.0000,0.0066,0.0000,200,14.6238
0.0076,0.0000,0.0000,0.0000,0.0075,0.0001,200,14.6271
0.0064,0.0000,0.0000,0.0000,0.0063,0.0001,200,14.6305
0.0065,0.0000,0.0000,0.0000,0.0064,0.0000,200,14.6305
0.0067,0.0000,0.0000,0.0000,0.0066,0.0000,200,14.6305
0.0079,0.0000,0.0000,0.0000,0.0078,0.0001,200,14.6347
0.0065,0.0000,0.0000,0.0000,0.0065,0.0001,200,14.6370
0.0067,0.0000,0.0000,0.0000,0.0066,0.0000,200,14.6369
0.0089,0.0000,0.0000,0.0000,0.0088,0.0001,200,14.6372
0.0079,0.0000,0.0000,0.0000,0.0078,0.0001,200,14.6436
0.0090,0.0000,0.0000,0.0002,0.0088,0.0000,200,14.6427
0.0101,0.0000,0.0000,0.0000,0.0100,0.0001,200,14.6461
0.0131,0.0000,0.0000,0.0000,0.0129,0.0001,200,14.6516
0.0298,0.0000,0.0000,0.0000,0.0297,0.0001,200,14.6436
0.0174,0.0000,0.0000,0.0000,0.0174,0.0000,200,14.6562
0.0093,0.0000,0.0000,0.0000,0.0092,0.0000,200,14.6646
0.0069,0.0000,0.0000,0.0000,0.0068,0.0001,200,14.6739
0.0086,0.0000,0.0000,0.0003,0.0083,0.0000,200,14.6734
0.0306,0.0000,0.0000,0.0000,0.0305,0.0000,200,14.6517
0.0088,0.0000,0.0000,0.0000,0.0087,0.0000,200,14.6736
0.0069,0.0000,0.0000,0.0000,0.0068,0.0001,200,14.6808
0.0105,0.0000,0.0000,0.0000,0.0104,0.0001,200,14.6820
0.0101,0.0000,0.0000,0.0000,0.0101,0.0000,200,14.6824
0.0103,0.0000,0.0000,0.0000,0.0102,0.0000,200,14.6823
0.0088,0.0000,0.0000,0.0000,0.0087,0.0001,200,14.6878
0.0067,0.0000,0.0000,0.0000,0.0066,0.0000,200,14.6925
0.0069,0.0000,0.0000,0.0000,0.0068,0.0000,200,14.6925
0.0069,0.0000,0.0000,0.0000,0.0068,0.0001,200,14.6925
0.0083,0.0000,0.0000,0.0000,0.0082,0.0001,200,14.6966
0.0069,0.0000,0.0000,0.0000,0.0068,0.0001,200,14.6992
0.0074,0.0000,0.0000,0.0000,0.0073,0.0000,200,14.6994
0.0078,0.0000,0.0000,0.0000,0.0078,0.0000,200,14.6994
0.0067,0.0000,0.0000,0.0000,0.0066,0.0001,200,14.7049
0.0072,0.0000,0.0000,0.0000,0.0071,0.0001,200,14.7061
0.0066,0.0000,0.0000,0.0000,0.0066,0.0000,200,14.7073
0.0108,0.0000,0.0000,0.0000,0.0107,0.0001,200,14.7068
0.0068,0.0000,0.0000,0.0000,0.0067,0.0001,200,14.7116
0.0076,0.0000,0.0000,0.0000,0.0075,0.0001,200,14.7133
0.0071,0.0000,0.0000,0.0000,0.0071,0.0000,200,14.7139
0.0069,0.0000,0.0000,0.0000,0.0067,0.0001,200,14.7176
0.0087,0.0000,0.0000,0.0001,0.0086,0.0001,200,14.7183
0.0067,0.0000,0.0000,0.0000,0.0066,0.0001,200,14.7209
0.0068,0.0000,0.0000,0.0000,0.0067,0.0000,200,14.7210
0.0076,0.0000,0.0000,0.0000,0.0075,0.0001,200,14.7245
0.0078,0.0000,0.0000,0.0000,0.0078,0.0000,200,14.7278
0.0081,0.0000,0.0000,0.0000,0.0080,0.0001,200,14.7276
0.0087,0.0000,0.0000,0.0000,0.0086,0.0000,200,14.7271
0.0072,0.0000,0.0000,0.0000,0.0071,0.0001,200,14.7321
0.0069,0.0000,0.0000,0.0000,0.0068,0.0001,200,14.7357
0.0069,0.0000,0.0000,0.0000,0.0068,0.0000,200,14.7358
0.0071,0.0000,0.0000,0.0000,0.0069,0.0001,200,14.7357
0.0074,0.0000,0.0000,0.0000,0.0072,0.0002,200,14.7393
0.0064,0.0000,0.0000,0.0000,0.0063,0.0001,200,14.7425
0.0068,0.0000,0.0000,0.0000,0.0068,0.0000,200,14.7427
0.0069,0.0000,0.0000,0.0000,0.0069,0.0000,200,14.7427
0.0074,0.0000,0.0000,0.0001,0.0072,0.0001,200,14.7468
0.0071,0.0000,0.0000,0.0000,0.0070,0.0001,200,14.7489
0.0063,0.0000,0.0000,0.0000,0.0063,0.0000,200,14.7497
0.0074,0.0000,0.0000,0.0000,0.0073,0.0000,200,14.7495
0.0074,0.0000,0.0000,0.0000,0.0072,0.0001,200,14.7541
0.0063,0.0000,0.0000,0.0000,0.0062,0.0000,200,14.7560
0.0067,0.0000,0.0000,0.0000,0.0067,0.0000,200,14.7560
0.0076,0.0000,0.0000,0.0000,0.0061,0.0015,200,14.7569
0.0067,0.0000,0.0000,0.0000,0.0066,0.0001,200,14.7623
0.0064,0.0000,0.0000,0.0000,0.0064,0.0000,200,14.7627
0.0079,0.0000,0.0000,0.0000,0.0078,0.0000,200,14.7615
0.0087,0.0000,0.0000,0.0000,0.0086,0.0001,200,14.7645
0.0067,0.0000,0.0000,0.0000,0.0066,0.0001,200,14.7690
0.0067,0.0000,0.0000,0.0000,0.0066,0.0001,200,14.7694
0.0087,0.0000,0.0000,0.0000,0.0086,0.0000,200,14.7691
0.0065,0.0000,0.0000,0.0000,0.0064,0.0001,200,14.7732
0.0069,0.0000,0.0000,0.0000,0.0068,0.0001,200,14.7758
0.0066,0.0000,0.0000,0.0000,0.0066,0.0000,200,14.7761
0.0074,0.0000,0.0000,0.0000,0.0073,0.0001,200,14.7778
0.0064,0.0000,0.0000,0.0000,0.0063,0.0000,200,14.7797
0.0070,0.0000,0.0000,0.0000,0.0069,0.0001,200,14.7826
0.0083,0.0000,0.0000,0.0000,0.0082,0.0001,200,14.7827
0.0068,0.0000,0.0000,0.0000,0.0067,0.0000,200,14.7852
0.0063,0.0000,0.0000,0.0000,0.0062,0.0001,200,14.7861
0.0071,0.0000,0.0000,0.0000,0.0070,0.0001,200,14.7897
0.0077,0.0000,0.0000,0.0000,0.0070,0.0006,200,14.7911
0.0075,0.0000,0.0000,0.0000,0.0074,0.0000,200,14.7921
0.0074,0.0000,0.0000,0.0000,0.0073,0.0001,200,14.7924
0.0085,0.0000,0.0000,0.0000,0.0084,0.0001,200,14.7968
0.0069,0.0000,0.0000,0.0000,0.0068,0.0000,200,14.7987
0.0065,0.0000,0.0000,0.0000,0.0064,0.0001,200,14.7995
0.0076,0.0000,0.0000,0.0000,0.0075,0.0001,200,14.7998
0.0068,0.0000,0.0000,0.0000,0.0067,0.0001,200,14.8053
0.0069,0.0000,0.0000,0.0000,0.0069,0.0000,200,14.8056
0.0065,0.0000,0.0000,0.0000,0.0064,0.0001,200,14.8061
0.0065,0.0000,0.0000,0.0000,0.0064,0.0001,200,14.8074
0.0065,0.0000,0.0000,0.0000,0.0064,0.0001,200,14.8121
0.0069,0.0000,0.0000,0.0000,0.0068,0.0000,200,14.8126
0.0071,0.0000,0.0000,0.0000,0.0068,0.0003,200,14.8126
0.0073,0.0000,0.0000,0.0000,0.0072,0.0000,200,14.8139
0.0072,0.0000,0.0000,0.0000,0.0070,0.0001,200,14.8186
0.0064,0.0000,0.0000,0.0000,0.0063,0.0000,200,14.8195
0.0063,0.0000,0.0000,0.0000,0.0063,0.0000,200,14.8197
0.0069,0.0000,0.0000,0.0000,0.0068,0.0001,200,14.8212
0.0067,0.0000,0.0000,0.0000,0.0066,0.0001,200,14.8260
0.0069,0.0000,0.0000,0.0000,0.0069,0.0000,200,14.8259
0.0072,0.0000,0.0000,0.0000,0.0068,0.0004,200,14.8258
0.0085,0.0000,0.0000,0.0000,0.0084,0.0001,200,14.8281
0.0069,0.0000,0.0000,0.0000,0.0068,0.0001,200,14.8328
0.0067,0.0000,0.0000,0.0000,0.0066,0.0001,200,14.8330
0.0070,0.0000,0.0000,0.0000,0.0069,0.0000,200,14.8327
0.0070,0.0000,0.0000,0.0000,0.0069,0.0001,200,14.8366
0.0070,0.0000,0.0000,0.0000,0.0068,0.0001,200,14.8397
0.0072,0.0000,0.0000,0.0000,0.0071,0.0000,200,14.8397
0.0072,0.0000,0.0000,0.0000,0.0071,0.0000,200,14.8397
0.0072,0.0000,0.0000,0.0000,0.0071,0.0001,200,14.8436
0.0069,0.0000,0.0000,0.0000,0.0069,0.0000,200,14.8469
0.0069,0.0000,0.0000,0.0001,0.0067,0.0001,200,14.8469
0.0071,0.0000,0.0000,0.0000,0.0070,0.0001,200,14.8466
0.0072,0.0000,0.0000,0.0000,0.0071,0.0001,200,14.8507
0.0065,0.0000,0.0000,0.0000,0.0064,0.0001,200,14.8538
0.0069,0.0000,0.0000,0.0000,0.0069,0.0000,200,14.8538
0.0070,0.0000,0.0000,0.0000,0.0069,0.0000,200,14.8538
0.0074,0.0000,0.0000,0.0000,0.0073,0.0001,200,14.8579
0.0071,0.0000,0.0000,0.0000,0.0070,0.0001,200,14.8607
0.0071,0.0000,0.0000,0.0000,0.0071,0.0000,200,14.8608
0.0077,0.0000,0.0000,0.0000,0.0076,0.0000,200,14.8603
0.0074,0.0000,0.0000,0.0000,0.0073,0.0001,200,14.8653
0.0063,0.0000,0.0000,0.0000,0.0062,0.0000,200,14.8678
0.0063,0.0000,0.0000,0.0000,0.0062,0.0000,200,14.8679
0.0063,0.0000,0.0000,0.0000,0.0062,0.0000,200,14.8680
0.0063,0.0000,0.0000,0.0000,0.0062,0.0001,200,14.8728
0.0061,0.0000,0.0000,0.0000,0.0060,0.0001,200,14.8741
0.0074,0.0000,0.0000,0.0000,0.0073,0.0001,200,14.8742
0.0077,0.0000,0.0000,0.0000,0.0077,0.0000,200,14.8742
0.0064,0.0000,0.0000,0.0000,0.0063,0.0000,200,14.8791
0.0066,0.0000,0.0000,0.0000,0.0064,0.0000,200,14.8802
0.0069,0.0000,0.0000,0.0000,0.0068,0.0000,200,14.8816
0.0074,0.0000,0.0000,0.0000,0.0073,0.0000,200,14.8819
0.0062,0.0000,0.0000,0.0000,0.0062,0.0000,200,14.8855
0.0062,0.0000,0.0000,0.0000,0.0061,0.0000,200,14.8868
0.0063,0.0000,0.0000,0.0000,0.0062,0.0000,200,14.8886
0.0071,0.0000,0.0000,0.0000,0.0070,0.0000,200,14.8893
0.0064,0.0000,0.0000,0.0000,0.0062,0.0001,200,14.8918
0.0063,0.0000,0.0000,0.0000,0.0062,0.0000,200,14.8930
0.0062,0.0000,0.0000,0.0000,0.0061,0.0000,200,14.8948
0.0062,0.0000,0.0000,0.0000,0.0062,0.0000,200,14.8963
0.0065,0.0000,0.0000,0.0000,0.0064,0.0000,200,14.8982
0.0064,0.0000,0.0000,0.0000,0.0064,0.0001,200,14.8993
0.0063,0.0000,0.0000,0.0000,0.0062,0.0000,200,14.9010
0.0061,0.0000,0.0000,0.0000,0.0061,0.0000,200,14.9025
0.0066,0.0000,0.0000,0.0000,0.0065,0.0000,200,14.9047
0.0061,0.0000,0.0000,0.0000,0.0061,0.0000,200,14.9057
0.0072,0.0000,0.0000,0.0000,0.0070,0.0001,200,14.9073
0.0061,0.0000,0.0000,0.0000,0.0060,0.0000,200,14.9087
0.0062,0.0000,0.0000,0.0000,0.0061,0.0001,200,14.9112
0.0078,0.0000,0.0000,0.0000,0.0077,0.0000,200,14.9119
0.0063,0.0000,0.0000,0.0000,0.0062,0.0000,200,14.9144
0.0064,0.0000,0.0000,0.0000,0.0063,0.0000,200,14.9147
0.0068,0.0000,0.0000,0.0000,0.0067,0.0000,200,14.9175
0.0064,0.0000,0.0000,0.0000,0.0063,0.0000,200,14.9197
0.0068,0.0000,0.0000,0.0000,0.0066,0.0001,200,14.9211
0.0069,0.0000,0.0000,0.0000,0.0069,0.0000,200,14.9208
0.0068,0.0000,0.0000,0.0000,0.0067,0.0001,200,14.9242
0.0061,0.0000,0.0000,0.0000,0.0061,0.0000,200,14.9261
0.0066,0.0000,0.0000,0.0000,0.0065,0.0001,200,14.9281
0.0068,0.0000,0.0000,0.0000,0.0067,0.0000,200,14.9280
0.0066,0.0000,0.0000,0.0000,0.0066,0.0000,200,14.9310
0.0071,0.0000,0.0000,0.0000,0.0070,0.0001,200,14.9322
0.0063,0.0000,0.0000,0.0000,0.0062,0.0000,200,14.9347
0.0062,0.0000,0.0000,0.0000,0.0062,0.0000,200,14.9347
0.0064,0.0000,0.0000,0.0000,0.0063,0.0001,200,14.9377
0.0071,0.0000,0.0000,0.0000,0.0068,0.0003,200,14.9393
0.0065,0.0000,0.0000,0.0000,0.0064,0.0000,200,14.9410
0.0065,0.0000,0.0000,0.0000,0.0064,0.0000,200,14.9410
0.0063,0.0000,0.0000,0.0000,0.0062,0.0001,200,14.9441
0.0075,0.0000,0.0000,0.0000,0.0074,0.0001,200,14.9463
0.0065,0.0000,0.0000,0.0000,0.0065,0.0000,200,14.9475
0.0069,0.0000,0.0000,0.0000,0.0068,0.0000,200,14.9475
0.0062,0.0000,0.0000,0.0000,0.0061,0.0000,200,14.9504
0.0064,0.0000,0.0000,0.0000,0.0063,0.0000,200,14.9540
0.0066,0.0000,0.0000,0.0000,0.0065,0.0001,200,14.9538
0.0061,0.0000,0.0000,0.0000,0.0060,0.0000,200,14.9544
0.0063,0.0000,0.0000,0.0000,0.0062,0.0001,200,14.9566
0.0062,0.0000,0.0000,0.0000,0.0060,0.0001,200,14.9604
0.0063,0.0000,0.0000,0.0000,0.0062,0.0000,200,14.9604
0.0063,0.0000,0.0000,0.0000,0.0062,0.0000,200,14.9605
0.0064,0.0000,0.0000,0.0000,0.0063,0.0001,200,14.9629
0.0065,0.0000,0.0000,0.0000,0.0064,0.0000,200,14.9667
0.0066,0.0000,0.0000,0.0000,0.0065,0.0000,200,14.9666
0.0065,0.0000,0.0000,0.0000,0.0064,0.0000,200,14.9667
0.0063,0.0000,0.0000,0.0000,0.0062,0.0000,200,14.9693
0.0065,0.0000,0.0000,0.0000,0.0064,0.0001,200,14.9732
0.0065,0.0000,0.0000,0.0000,0.0065,0.0000,200,14.9732
0.0066,0.0000,0.0000,0.0000,0.0065,0.0001,200,14.9732
0.0061,0.0000,0.0000,0.0000,0.0060,0.0000,200,14.9755
0.0064,0.0000,0.0000,0.0000,0.0063,0.0001,200,14.9797
0.0065,0.0000,0.0000,0.0000,0.0065,0.0000,200,14.9798
0.0067,0.0000,0.0000,0.0000,0.0066,0.0000,200,14.9797
0.0062,0.0000,0.0000,0.0000,0.0061,0.0001,200,14.9816
0.0062,0.0000,0.0000,0.0000,0.0062,0.0000,200,14.9863
0.0061,0.0000,0.0000,0.0000,0.0061,0.0000,200,14.9864
0.0064,0.0000,0.0000,0.0000,0.0063,0.0000,200,14.9861
0.0064,0.0000,0.0000,0.0000,0.0063,0.0001,200,14.9878
0.0063,0.0000,0.0000,0.0000,0.0062,0.0000,200,14.9925
0.0063,0.0000,0.0000,0.0000,0.0062,0.0001,200,14.9925
0.0064,0.0000,0.0000,0.0000,0.0062,0.0001,200,14.9925
0.0073,0.0000,0.0000,0.0000,0.0072,0.0001,200,14.9942
0.0065,0.0000,0.0000,0.0000,0.0063,0.0000,200,14.9988
0.0065,0.0000,0.0000,0.0000,0.0064,0.0000,200,14.9988
0.0064,0.0000,0.0000,0.0000,0.0063,0.0000,200,14.9989
0.0064,0.0000,0.0000,0.0000,0.0063,0.0000,200,15.0015
0.0069,0.0000,0.0000,0.0000,0.0068,0.0001,200,15.0053
0.0070,0.0000,0.0000,0.0000,0.0069,0.0000,200,15.0053
0.0073,0.0000,0.0000,0.0000,0.0072,0.0000,200,15.0053
0.0062,0.0000,0.0000,0.0000,0.0061,0.0000,200,15.0080
0.0066,0.0000,0.0000,0.0000,0.0065,0.0001,200,15.0122
0.0065,0.0000,0.0000,0.0000,0.0064,0.0000,200,15.0125
0.0068,0.0000,0.0000,0.0000,0.0067,0.0000,200,15.0122
0.0065,0.0000,0.0000,0.0000,0.0064,0.0000,200,15.0142
0.0070,0.0000,0.0000,0.0000,0.0069,0.0001,200,15.0188
0.0068,0.0000,0.0000,0.0000,0.0067,0.0001,200,15.0190
0.0068,0.0000,0.0000,0.0000,0.0067,0.0000,200,15.0190
0.0063,0.0000,0.0000,0.0000,0.0062,0.0001,200,15.0207
0.0071,0.0000,0.0000,0.0000,0.0070,0.0001,200,15.0258
0.0075,0.0000,0.0000,0.0000,0.0074,0.0000,200,15.0258
0.0064,0.0000,0.0000,0.0000,0.0063,0.0000,200,15.0270
0.0083,0.0000,0.0000,0.0000,0.0083,0.0000,200,15.0258
0.0068,0.0000,0.0000,0.0000,0.0067,0.0001,200,15.0329
0.0068,0.0000,0.0000,0.0000,0.0067,0.0000,200,15.0333
0.0068,0.0000,0.0000,0.0000,0.0068,0.0000,200,15.0334
0.0064,0.0000,0.0000,0.0000,0.0063,0.0000,200,15.0341
0.0065,0.0000,0.0000,0.0000,0.0063,0.0001,200,15.0401
0.0061,0.0000,0.0000,0.0000,0.0060,0.0000,200,15.0406
0.0069,0.0000,0.0000,0.0000,0.0068,0.0000,200,15.0397
0.0074,0.0000,0.0000,0.0000,0.0073,0.0000,200,15.0402
0.0064,0.0000,0.0000,0.0000,0.0063,0.0001,200,15.0465
0.0063,0.0000,0.0000,0.0000,0.0063,0.0000,200,15.0466
0.0065,0.0000,0.0000,0.0000,0.0064,0.0000,200,15.0466
0.0062,0.0000,0.0000,0.0000,0.0062,0.0000,200,15.0476
0.0064,0.0000,0.0000,0.0000,0.0063,0.0001,200,15.0530
0.0065,0.0000,0.0000,0.0000,0.0064,0.0000,200,15.0529
0.0063,0.0000,0.0000,0.0000,0.0063,0.0000,200,15.0531
0.0063,0.0000,0.0000,0.0000,0.0062,0.0000,200,15.0539
0.0066,0.0000,0.0000,0.0000,0.0064,0.0001,200,15.0594
0.0066,0.0000,0.0000,0.0000,0.0065,0.0000,200,15.0595
0.0066,0.0000,0.0000,0.0000,0.0066,0.0000,200,15.0594
0.0062,0.0000,0.0000,0.0000,0.0061,0.0000,200,15.0601
0.0063,0.0000,0.0000,0.0000,0.0063,0.0001,200,15.0661
0.0063,0.0000,0.0000,0.0000,0.0062,0.0000,200,15.0663
0.0067,0.0000,0.0000,0.0000,0.0067,0.0000,200,15.0660
0.0067,0.0000,0.0000,0.0000,0.0067,0.0000,200,15.0660
0.0066,0.0000,0.0000,0.0000,0.0065,0.0001,200,15.0724
0.0065,0.0000,0.0000,0.0000,0.0064,0.0000,200,15.0726
0.0068,0.0000,0.0000,0.0000,0.0068,0.0000,200,15.0727
0.0067,0.0000,0.0000,0.0000,0.0067,0.0000,200,15.0728
0.0067,0.0000,0.0000,0.0000,0.0066,0.0001,200,15.0790
0.0064,0.0000,0.0000,0.0000,0.0063,0.0000,200,15.0795
0.0068,0.0000,0.0000,0.0000,0.0068,0.0000,200,15.0791
0.0068,0.0000,0.0000,0.0000,0.0067,0.0000,200,15.0795
0.0070,0.0000,0.0000,0.0000,0.0069,0.0001,200,15.0857
0.0067,0.0000,0.0000,0.0000,0.0066,0.0000,200,15.0863
0.0070,0.0000,0.0000,0.0000,0.0069,0.0000,200,15.0860
0.0071,0.0000,0.0000,0.0000,0.0070,0.0000,200,15.0859
0.0072,0.0000,0.0000,0.0000,0.0071,0.0001,200,15.0927
0.0070,0.0000,0.0000,0.0000,0.0069,0.0000,200,15.0929
0.0076,0.0000,0.0000,0.0000,0.0072,0.0003,200,15.0929
0.0092,0.0000,0.0000,0.0000,0.0091,0.0000,200,15.0929
0.0074,0.0000,0.0000,0.0000,0.0073,0.0001,200,15.0999
0.0076,0.0000,0.0000,0.0000,0.0075,0.0000,200,15.0999
0.0065,0.0000,0.0000,0.0000,0.0064,0.0001,200,15.1022
0.0094,0.0000,0.0000,0.0000,0.0093,0.0000,200,15.1006
0.0077,0.0000,0.0000,0.0000,0.0076,0.0000,200,15.1073
0.0064,0.0000,0.0000,0.0000,0.0063,0.0000,200,15.1087
0.0078,0.0000,0.0000,0.0000,0.0074,0.0004,200,15.1075
0.0067,0.0000,0.0000,0.0000,0.0066,0.0001,200,15.1099
0.0074,0.0000,0.0000,0.0000,0.0073,0.0001,200,15.1153
0.0084,0.0000,0.0000,0.0000,0.0083,0.0001,200,15.1151
0.0071,0.0000,0.0000,0.0000,0.0070,0.0000,200,15.1166
0.0096,0.0000,0.0000,0.0000,0.0095,0.0001,200,15.1150
0.0069,0.0000,0.0000,0.0000,0.0068,0.0001,200,15.1227
0.0105,0.0000,0.0000,0.0000,0.0103,0.0001,200,15.1234
0.0103,0.0000,0.0000,0.0000,0.0103,0.0000,200,15.1237
0.0095,0.0000,0.0000,0.0000,0.0094,0.0000,200,15.1246
0.0066,0.0000,0.0000,0.0000,0.0065,0.0001,200,15.1297
0.0078,0.0000,0.0000,0.0000,0.0077,0.0001,200,15.1340
0.0077,0.0000,0.0000,0.0000,0.0076,0.0001,200,15.1340
0.0079,0.0000,0.0000,0.0000,0.0078,0.0001,200,15.1339
0.0071,0.0000,0.0000,0.0000,0.0070,0.0001,200,15.1363
0.0067,0.0000,0.0000,0.0000,0.0066,0.0001,200,15.1418
0.0067,0.0000,0.0000,0.0000,0.0067,0.0000,200,15.1418
0.0082,0.0000,0.0000,0.0000,0.0081,0.0001,200,15.1418
0.0071,0.0000,0.0000,0.0000,0.0071,0.0000,200,15.1433
0.0067,0.0000,0.0000,0.0000,0.0066,0.0001,200,15.1485
0.0069,0.0000,0.0000,0.0000,0.0068,0.0000,200,15.1485
0.0081,0.0000,0.0000,0.0000,0.0080,0.0001,200,15.1500
0.0098,0.0000,0.0000,0.0000,0.0097,0.0001,200,15.1505
0.0073,0.0000,0.0000,0.0000,0.0072,0.0001,200,15.1554
0.0106,0.0000,0.0000,0.0000,0.0105,0.0000,200,15.1552
0.0076,0.0000,0.0000,0.0000,0.0075,0.0001,200,15.1581
0.0069,0.0000,0.0000,0.0000,0.0068,0.0000,200,15.1603
0.0069,0.0000,0.0000,0.0000,0.0067,0.0001,200,15.1627
0.0065,0.0000,0.0000,0.0000,0.0064,0.0001,200,15.1672
0.0083,0.0000,0.0000,0.0000,0.0082,0.0001,200,15.1657
0.0084,0.0000,0.0000,0.0000,0.0083,0.0000,200,15.1657
0.0090,0.0000,0.0000,0.0000,0.0089,0.0001,200,15.1696
0.0081,0.0000,0.0000,0.0000,0.0079,0.0001,200,15.1736
0.0078,0.0000,0.0000,0.0000,0.0078,0.0000,200,15.1740
0.0077,0.0000,0.0000,0.0000,0.0077,0.0000,200,15.1741
0.0080,0.0000,0.0000,0.0000,0.0079,0.0001,200,15.1786
0.0072,0.0000,0.0000,0.0000,0.0072,0.0001,200,15.1818
0.0072,0.0000,0.0000,0.0000,0.0072,0.0000,200,15.1819
0.0074,0.0000,0.0000,0.0000,0.0073,0.0000,200,15.1817
0.0100,0.0000,0.0000,0.0000,0.0099,0.0001,200,15.1890
0.0125,0.0000,0.0000,0.0000,0.0123,0.0001,200,15.1866
0.0100,0.0000,0.0000,0.0000,0.0100,0.0000,200,15.1891
0.0110,0.0000,0.0000,0.0000,0.0109,0.0001,200,15.1891
0.0104,0.0000,0.0000,0.0000,0.0104,0.0001,200,15.1991
0.0095,0.0000,0.0000,0.0000,0.0094,0.0001,200,15.2001
0.0106,0.0000,0.0000,0.0000,0.0105,0.0000,200,15.1991
0.0107,0.0000,0.0000,0.0000,0.0105,0.0000,200,15.1991
0.0086,0.0000,0.0000,0.0000,0.0085,0.0001,200,15.2095
0.0087,0.0000,0.0000,0.0000,0.0087,0.0000,200,15.2095
0.0086,0.0000,0.0000,0.0000,0.0086,0.0000,200,15.2097
0.0087,0.0000,0.0000,0.0000,0.0087,0.0000,200,15.2097
0.0076,0.0000,0.0000,0.0000,0.0076,0.0001,200,15.2184
0.0079,0.0000,0.0000,0.0000,0.0078,0.0000,200,15.2182
0.0078,0.0000,0.0000,0.0000,0.0077,0.0000,200,15.2183
0.0080,0.0000,0.0000,0.0000,0.0080,0.0000,200,15.2183
0.0071,0.0000,0.0000,0.0000,0.0070,0.0000,200,15.2261
0.0071,0.0000,0.0000,0.0000,0.0070,0.0001,200,15.2261
0.0068,0.0000,0.0000,0.0000,0.0067,0.0001,200,15.2264
0.0073,0.0000,0.0000,0.0000,0.0069,0.0003,200,15.2260
0.0068,0.0000,0.0000,0.0000,0.0067,0.0001,200,15.2333
0.0070,0.0000,0.0000,0.0000,0.0069,0.0000,200,15.2332
0.0071,0.0000,0.0000,0.0000,0.0070,0.0000,200,15.2332
0.0071,0.0000,0.0000,0.0000,0.0070,0.0000,200,15.2332
0.0068,0.0000,0.0000,0.0000,0.0067,0.0001,200,15.2402
0.0069,0.0000,0.0000,0.0000,0.0068,0.0000,200,15.2403
0.0070,0.0000,0.0000,0.0000,0.0070,0.0000,200,15.2403
0.0073,0.0000,0.0000,0.0000,0.0072,0.0000,200,15.2401
0.0071,0.0000,0.0000,0.0000,0.0069,0.0001,200,15.2470
0.0070,0.0000,0.0000,0.0000,0.0070,0.0000,200,15.2473
0.0098,0.0000,0.0000,0.0000,0.0097,0.0001,200,15.2472
0.0097,0.0000,0.0000,0.0000,0.0096,0.0000,200,15.2474
0.0075,0.0000,0.0000,0.0000,0.0074,0.0001,200,15.2541
0.0094,0.0000,0.0000,0.0000,0.0093,0.0001,200,15.2543
0.0068,0.0000,0.0000,0.0000,0.0068,0.0000,200,15.2571
0.0070,0.0000,0.0000,0.0000,0.0069,0.0000,200,15.2570
0.0089,0.0000,0.0000,0.0000,0.0088,0.0001,200,15.2615
0.0068,0.0000,0.0000,0.0000,0.0067,0.0000,200,15.2639
0.0071,0.0000,0.0000,0.0000,0.0070,0.0000,200,15.2637
0.0088,0.0000,0.0000,0.0000,0.0087,0.0001,200,15.2639
0.0068,0.0000,0.0000,0.0000,0.0067,0.0001,200,15.2704
0.0065,0.0000,0.0000,0.0000,0.0064,0.0001,200,15.2708
0.0068,0.0000,0.0000,0.0000,0.0067,0.0000,200,15.2707
0.0069,0.0000,0.0000,0.0000,0.0068,0.0001,200,15.2727
0.0084,0.0000,0.0000,0.0000,0.0081,0.0001,200,15.2773
0.0085,0.0000,0.0000,0.0000,0.0084,0.0000,200,15.2773
0.0069,0.0000,0.0000,0.0000,0.0068,0.0001,200,15.2796
0.0124,0.0000,0.0000,0.0000,0.0123,0.0001,200,15.2775
0.0076,0.0000,0.0000,0.0000,0.0076,0.0001,200,15.2858
0.0077,0.0000,0.0000,0.0000,0.0076,0.0001,200,15.2857
0.0069,0.0000,0.0000,0.0000,0.0068,0.0001,200,15.2865
0.0073,0.0000,0.0000,0.0000,0.0072,0.0001,200,15.2899
0.0076,0.0000,0.0000,0.0000,0.0075,0.0001,200,15.2934
0.0077,0.0000,0.0000,0.0000,0.0076,0.0000,200,15.2934
0.0078,0.0000,0.0000,0.0000,0.0077,0.0000,200,15.2934
0.0066,0.0000,0.0000,0.0000,0.0065,0.0001,200,15.2972
0.0074,0.0000,0.0000,0.0000,0.0070,0.0004,200,15.3012
0.0077,0.0000,0.0000,0.0000,0.0076,0.0000,200,15.3010
0.0076,0.0000,0.0000,0.0000,0.0075,0.0000,200,15.3012
0.0071,0.0000,0.0000,0.0000,0.0070,0.0001,200,15.3038
0.0066,0.0000,0.0000,0.0000,0.0065,0.0001,200,15.3088
0.0073,0.0000,0.0000,0.0000,0.0072,0.0000,200,15.3085
0.0072,0.0000,0.0000,0.0000,0.0072,0.0000,200,15.3087
0.0076,0.0000,0.0000,0.0000,0.0075,0.0001,200,15.3109
0.0064,0.0000,0.0000,0.0000,0.0063,0.0001,200,15.3159
0.0071,0.0000,0.0000,0.0000,0.0070,0.0000,200,15.3154
0.0070,0.0000,0.0000,0.0000,0.0069,0.0000,200,15.3159
0.0077,0.0000,0.0000,0.0000,0.0076,0.0001,200,15.3185
0.0072,0.0000,0.0000,0.0000,0.0071,0.0001,200,15.3224
0.0072,0.0000,0.0000,0.0000,0.0072,0.0000,200,15.3225
0.0080,0.0000,0.0000,0.0000,0.0079,0.0000,200,15.3228
0.0072,0.0000,0.0000,0.0000,0.0071,0.0001,200,15.3263
0.0069,0.0000,0.0000,0.0000,0.0068,0.0001,200,15.3297
0.0072,0.0000,0.0000,0.0000,0.0071,0.0000,200,15.3295
0.0076,0.0000,0.0000,0.0000,0.0075,0.0001,200,15.3308
0.0064,0.0000,0.0000,0.0000,0.0063,0.0000,200,15.3335
0.0074,0.0000,0.0000,0.0000,0.0073,0.0001,200,15.3367
0.0064,0.0000,0.0000,0.0000,0.0063,0.0000,200,15.3399
0.0079,0.0000,0.0000,0.0000,0.0078,0.0000,200,15.3385
0.0098,0.0000,0.0000,0.0000,0.0098,0.0000,200,15.3366
0.0101,0.0000,0.0000,0.0000,0.0100,0.0001,200,15.3441
0.0078,0.0000,0.0000,0.0000,0.0077,0.0000,200,15.3464
0.0080,0.0000,0.0000,0.0000,0.0079,0.0000,200,15.3463
0.0080,0.0000,0.0000,0.0000,0.0079,0.0000,200,15.3464
0.0067,0.0000,0.0000,0.0000,0.0066,0.0001,200,15.3543
0.0072,0.0000,0.0000,0.0000,0.0071,0.0000,200,15.3542
0.0072,0.0000,0.0000,0.0000,0.0070,0.0002,200,15.3544
0.0096,0.0000,0.0000,0.0000,0.0095,0.0001,200,15.3542
0.0071,0.0000,0.0000,0.0000,0.0069,0.0002,200,15.3614
0.0086,0.0000,0.0000,0.0001,0.0084,0.0001,200,15.3616
0.0100,0.0000,0.0000,0.0000,0.0099,0.0001,200,15.3610
0.0071,0.0000,0.0000,0.0000,0.0070,0.0000,200,15.3639
0.0066,0.0000,0.0000,0.0000,0.0065,0.0001,200,15.3710
0.0093,0.0000,0.0000,0.0000,0.0091,0.0001,200,15.3709
0.0104,0.0000,0.0000,0.0000,0.0101,0.0002,200,15.3702
0.0123,0.0000,0.0000,0.0007,0.0116,0.0000,200,15.3685
0.0072,0.0000,0.0000,0.0000,0.0070,0.0001,200,15.3806
0.0069,0.0000,0.0000,0.0000,0.0069,0.0000,200,15.3808
0.0115,0.0000,0.0000,0.0000,0.0110,0.0005,200,15.3776
0.0089,0.0000,0.0000,0.0000,0.0088,0.0000,200,15.3802
0.0070,0.0000,0.0000,0.0000,0.0068,0.0001,200,15.3878
0.0073,0.0000,0.0000,0.0000,0.0073,0.0000,200,15.3878
0.0073,0.0000,0.0000,0.0000,0.0072,0.0001,200,15.3891
0.0075,0.0000,0.0000,0.0000,0.0074,0.0000,200,15.3891
0.0075,0.0000,0.0000,0.0000,0.0074,0.0001,200,15.3947
0.0076,0.0000,0.0000,0.0000,0.0076,0.0001,200,15.3951
0.0073,0.0000,0.0000,0.0000,0.0072,0.0001,200,15.3966
0.0109,0.0000,0.0000,0.0000,0.0108,0.0001,200,15.3964
0.0066,0.0000,0.0000,0.0000,0.0065,0.0001,200,15.4022
0.0081,0.0000,0.0000,0.0000,0.0079,0.0001,200,15.4028
0.0072,0.0000,0.0000,0.0000,0.0071,0.0000,200,15.4039
0.0075,0.0000,0.0000,0.0000,0.0073,0.0001,200,15.4073
0.0083,0.0000,0.0000,0.0000,0.0082,0.0001,200,15.4088
0.0066,0.0000,0.0000,0.0000,0.0065,0.0000,200,15.4108
0.0099,0.0000,0.0000,0.0000,0.0098,0.0001,200,15.4110
0.0066,0.0000,0.0000,0.0000,0.0064,0.0002,200,15.4148
0.0067,0.0000,0.0000,0.0000,0.0065,0.0001,200,15.4171
0.0082,0.0000,0.0000,0.0000,0.0080,0.0001,200,15.4174
0.0097,0.0000,0.0000,0.0000,0.0096,0.0001,200,15.4209
0.0094,0.0000,0.0000,0.0000,0.0093,0.0000,200,15.4214
0.0077,0.0000,0.0000,0.0000,0.0076,0.0001,200,15.4238
0.0100,0.0000,0.0000,0.0000,0.0099,0.0001,200,15.4256
0.0073,0.0000,0.0000,0.0000,0.0071,0.0001,200,15.4307
0.0073,0.0000,0.0000,0.0000,0.0072,0.0000,200,15.4308
0.0094,0.0000,0.0000,0.0000,0.0093,0.0001,200,15.4315
0.0071,0.0000,0.0000,0.0000,0.0070,0.0001,200,15.4355
0.0066,0.0000,0.0000,0.0000,0.0064,0.0002,200,15.4379
0.0074,0.0000,0.0000,0.0000,0.0074,0.0000,200,15.4381
0.0065,0.0000,0.0000,0.0000,0.0064,0.0001,200,15.4409
0.0097,0.0000,0.0000,0.0000,0.0096,0.0001,200,15.4426
0.0069,0.0000,0.0000,0.0000,0.0068,0.0000,200,15.4455
0.0080,0.0000,0.0000,0.0009,0.0070,0.0000,200,15.4445
0.0080,0.0000,0.0000,0.0000,0.0079,0.0001,200,15.4474
0.0067,0.0000,0.0000,0.0000,0.0067,0.0001,200,15.4525
0.0070,0.0000,0.0000,0.0000,0.0070,0.0000,200,15.4523
0.0073,0.0000,0.0000,0.0000,0.0073,0.0000,200,15.4524
0.0068,0.0000,0.0000,0.0000,0.0067,0.0001,200,15.4554
0.0076,0.0000,0.0000,0.0000,0.0075,0.0001,200,15.4593
0.0075,0.0000,0.0000,0.0000,0.0074,0.0000,200,15.4597
0.0088,0.0000,0.0000,0.0000,0.0087,0.0001,200,15.4592
0.0066,0.0000,0.0000,0.0000,0.0065,0.0001,200,15.4622
0.0069,0.0000,0.0000,0.0000,0.0068,0.0001,200,15.4672
0.0066,0.0000,0.0000,0.0000,0.0065,0.0000,200,15.4680
0.0078,0.0000,0.0000,0.0000,0.0077,0.0000,200,15.4669
0.0066,0.0000,0.0000,0.0000,0.0065,0.0000,200,15.4688
0.0068,0.0000,0.0000,0.0000,0.0066,0.0001,200,15.4741
0.0071,0.0000,0.0000,0.0001,0.0069,0.0001,200,15.4746
0.0072,0.0000,0.0000,0.0000,0.0072,0.0000,200,15.4747
0.0066,0.0000,0.0000,0.0000,0.0062,0.0003,200,15.4755
0.0077,0.0000,0.0000,0.0000,0.0076,0.0001,200,15.4808
0.0068,0.0000,0.0000,0.0000,0.0067,0.0000,200,15.4820
0.0072,0.0000,0.0000,0.0000,0.0072,0.0000,200,15.4819
0.0102,0.0000,0.0000,0.0004,0.0098,0.0001,200,15.4818
0.0076,0.0000,0.0000,0.0000,0.0075,0.0001,200,15.4885
0.0100,0.0000,0.0000,0.0000,0.0099,0.0001,200,15.4888
0.0112,0.0000,0.0000,0.0000,0.0111,0.0001,200,15.4892
0.0135,0.0000,0.0000,0.0000,0.0134,0.0000,200,15.4920
0.0094,0.0000,0.0000,0.0000,0.0094,0.0000,200,15.4962
0.0071,0.0000,0.0000,0.0000,0.0070,0.0001,200,15.5004
0.0070,0.0000,0.0000,0.0000,0.0069,0.0001,200,15.5056
0.0071,0.0000,0.0000,0.0000,0.0070,0.0000,200,15.5055
0.0077,0.0000,0.0000,0.0000,0.0076,0.0001,200,15.5075
0.0173,0.0000,0.0000,0.0000,0.0172,0.0000,200,15.4988
0.0067,0.0000,0.0000,0.0000,0.0066,0.0001,200,15.5126
0.0079,0.0000,0.0000,0.0000,0.0078,0.0000,200,15.5126
0.0070,0.0000,0.0000,0.0000,0.0069,0.0001,200,15.5161
0.0079,0.0000,0.0000,0.0000,0.0078,0.0000,200,15.5153
0.0081,0.0000,0.0000,0.0000,0.0079,0.0002,200,15.5193
0.0070,0.0000,0.0000,0.0000,0.0070,0.0000,200,15.5205
0.0066,0.0000,0.0000,0.0000,0.0065,0.0001,200,15.5231
0.0073,0.0000,0.0000,0.0000,0.0072,0.0000,200,15.5231
0.0068,0.0000,0.0000,0.0000,0.0067,0.0001,200,15.5274
0.0067,0.0000,0.0000,0.0002,0.0065,0.0000,200,15.5275
0.0065,0.0000,0.0000,0.0000,0.0065,0.0000,200,15.5297
0.0069,0.0000,0.0000,0.0000,0.0068,0.0001,200,15.5304
0.0068,0.0000,0.0000,0.0000,0.0068,0.0001,200,15.5343
0.0070,0.0000,0.0000,0.0000,0.0068,0.0002,200,15.5342
0.0075,0.0000,0.0000,0.0000,0.0074,0.0001,200,15.5363
0.0085,0.0000,0.0000,0.0000,0.0084,0.0001,200,15.5374
0.0068,0.0000,0.0000,0.0000,0.0068,0.0001,200,15.5413
0.0075,0.0000,0.0000,0.0000,0.0074,0.0001,200,15.5411
0.0079,0.0000,0.0000,0.0000,0.0078,0.0001,200,15.5437
0.0085,0.0000,0.0000,0.0000,0.0084,0.0001,200,15.5458
0.0064,0.0000,0.0000,0.0000,0.0063,0.0000,200,15.5481
0.0068,0.0000,0.0000,0.0000,0.0067,0.0000,200,15.5486
0.0068,0.0000,0.0000,0.0000,0.0067,0.0001,200,15.5516
0.0076,0.0000,0.0000,0.0000,0.0075,0.0000,200,15.5544
0.0074,0.0000,0.0000,0.0000,0.0074,0.0001,200,15.5545
0.0070,0.0000,0.0000,0.0000,0.0069,0.0000,200,15.5554
0.0080,0.0000,0.0000,0.0000,0.0079,0.0001,200,15.5584
0.0077,0.0000,0.0000,0.0000,0.0076,0.0001,200,15.5619
0.0072,0.0000,0.0000,0.0000,0.0071,0.0000,200,15.5624
0.0078,0.0000,0.0000,0.0000,0.0077,0.0000,200,15.5619
0.0070,0.0000,0.0000,0.0000,0.0068,0.0001,200,15.5665
0.0072,0.0000,0.0000,0.0000,0.0071,0.0001,200,15.5696
0.0086,0.0000,0.0000,0.0000,0.0083,0.0002,200,15.5696
0.0086,0.0000,0.0000,0.0000,0.0086,0.0000,200,15.5697
0.0075,0.0000,0.0000,0.0000,0.0074,0.0001,200,15.5734
0.0078,0.0000,0.0000,0.0000,0.0076,0.0001,200,15.5768
0.0069,0.0000,0.0000,0.0000,0.0068,0.0000,200,15.5783
0.0072,0.0000,0.0000,0.0000,0.0071,0.0000,200,15.5782
0.0073,0.0000,0.0000,0.0000,0.0072,0.0001,200,15.5846
0.0110,0.0000,0.0000,0.0000,0.0109,0.0000,200,15.5809
0.0113,0.0000,0.0000,0.0000,0.0112,0.0001,200,15.5854
0.0130,0.0000,0.0000,0.0000,0.0129,0.0000,200,15.5852
0.0071,0.0000,0.0000,0.0000,0.0070,0.0000,200,15.5919
0.0071,0.0000,0.0000,0.0000,0.0070,0.0000,200,15.5919
0.0086,0.0000,0.0000,0.0000,0.0084,0.0001,200,15.5966
0.0071,0.0000,0.0000,0.0000,0.0070,0.0001,200,15.5982
0.0068,0.0000,0.0000,0.0000,0.0067,0.0000,200,15.5990
0.0094,0.0000,0.0000,0.0000,0.0093,0.0001,200,15.5990
0.0074,0.0000,0.0000,0.0000,0.0073,0.0001,200,15.6052
0.0074,0.0000,0.0000,0.0000,0.0073,0.0000,200,15.6053
0.0097,0.0000,0.0000,0.0000,0.0070,0.0001,200,15.6058
0.0086,0.0000,0.0000,0.0001,0.0085,0.0001,200,15.6084
0.0072,0.0000,0.0000,0.0000,0.0071,0.0001,200,15.6127
0.0073,0.0000,0.0000,0.0000,0.0073,0.0000,200,15.6126
0.0067,0.0000,0.0000,0.0000,0.0066,0.0001,200,15.6156
0.0086,0.0000,0.0000,0.0000,0.0085,0.0001,200,15.6170
0.0076,0.0000,0.0000,0.0000,0.0075,0.0001,200,15.6199
0.0076,0.0000,0.0000,0.0000,0.0071,0.0004,200,15.6200
0.0065,0.0000,0.0000,0.0000,0.0064,0.0001,200,15.6223
0.0080,0.0000,0.0000,0.0000,0.0079,0.0000,200,15.6256
0.0068,0.0000,0.0000,0.0000,0.0067,0.0001,200,15.6288
0.0083,0.0000,0.0000,0.0000,0.0083,0.0000,200,15.6275
0.0085,0.0000,0.0000,0.0000,0.0085,0.0000,200,15.6274
0.0070,0.0000,0.0000,0.0000,0.0069,0.0001,200,15.6356
0.0091,0.0000,0.0000,0.0000,0.0090,0.0001,200,15.6337
0.0069,0.0000,0.0000,0.0000,0.0068,0.0000,200,15.6360
0.0111,0.0000,0.0000,0.0000,0.0110,0.0001,200,15.6359
0.0078,0.0000,0.0000,0.0000,0.0077,0.0001,200,15.6427
0.0076,0.0000,0.0000,0.0000,0.0076,0.0001,200,15.6429
0.0078,0.0000,0.0000,0.0000,0.0076,0.0002,200,15.6428
0.0067,0.0000,0.0000,0.0000,0.0066,0.0001,200,15.6470
0.0071,0.0000,0.0000,0.0000,0.0070,0.0001,200,15.6505
0.0072,0.0000,0.0000,0.0000,0.0071,0.0000,200,15.6505
0.0071,0.0000,0.0000,0.0000,0.0070,0.0000,200,15.6506
0.0083,0.0000,0.0000,0.0000,0.0082,0.0001,200,15.6537
0.0066,0.0000,0.0000,0.0000,0.0065,0.0000,200,15.6576
0.0067,0.0000,0.0000,0.0000,0.0067,0.0000,200,15.6577
0.0069,0.0000,0.0000,0.0000,0.0068,0.0000,200,15.6577
0.0067,0.0000,0.0000,0.0000,0.0066,0.0001,200,15.6620
0.0068,0.0000,0.0000,0.0000,0.0067,0.0001,200,15.6642
0.0081,0.0000,0.0000,0.0000,0.0080,0.0001,200,15.6646
0.0083,0.0000,0.0000,0.0000,0.0082,0.0000,200,15.6644
0.0093,0.0000,0.0000,0.0000,0.0091,0.0001,200,15.6687
0.0072,0.0000,0.0000,0.0000,0.0071,0.0001,200,15.6710
0.0094,0.0000,0.0000,0.0000,0.0093,0.0001,200,15.6727
0.0104,0.0000,0.0000,0.0000,0.0103,0.0000,200,15.6727
0.0071,0.0000,0.0000,0.0000,0.0070,0.0001,200,15.6782
0.0076,0.0000,0.0000,0.0000,0.0075,0.0000,200,15.6779
0.0078,0.0000,0.0000,0.0000,0.0076,0.0001,200,15.6821
0.0075,0.0000,0.0000,0.0000,0.0074,0.0000,200,15.6831
0.0070,0.0000,0.0000,0.0000,0.0070,0.0000,200,15.6855
0.0073,0.0000,0.0000,0.0000,0.0071,0.0002,200,15.6853
0.0072,0.0000,0.0000,0.0000,0.0071,0.0001,200,15.6899
0.0067,0.0000,0.0000,0.0000,0.0067,0.0000,200,15.6905
0.0064,0.0000,0.0000,0.0000,0.0064,0.0000,200,15.6926
0.0067,0.0000,0.0000,0.0000,0.0066,0.0000,200,15.6925
0.0071,0.0000,0.0000,0.0000,0.0070,0.0001,200,15.6973
0.0082,0.0000,0.0000,0.0000,0.0081,0.0000,200,15.6971
0.0071,0.0000,0.0000,0.0000,0.0071,0.0000,200,15.6992
0.0074,0.0000,0.0000,0.0000,0.0074,0.0000,200,15.6990
0.0069,0.0000,0.0000,0.0000,0.0068,0.0001,200,15.7053
0.0080,0.0000,0.0000,0.0000,0.0079,0.0000,200,15.7043
0.0072,0.0000,0.0000,0.0000,0.0072,0.0000,200,15.7063
0.0072,0.0000,0.0000,0.0000,0.0071,0.0000,200,15.7064
0.0068,0.0000,0.0000,0.0000,0.0067,0.0001,200,15.7122
0.0070,0.0000,0.0000,0.0000,0.0069,0.0000,200,15.7123
0.0076,0.0000,0.0000,0.0000,0.0075,0.0000,200,15.7135
0.0097,0.0000,0.0000,0.0000,0.0096,0.0001,200,15.7136
0.0073,0.0000,0.0000,0.0000,0.0071,0.0001,200,15.7191
0.0071,0.0000,0.0000,0.0000,0.0070,0.0000,200,15.7193
0.0087,0.0000,0.0000,0.0000,0.0086,0.0001,200,15.7211
0.0103,0.0000,0.0000,0.0000,0.0102,0.0001,200,15.7233
0.0078,0.0000,0.0000,0.0000,0.0077,0.0000,200,15.7263
0.0083,0.0000,0.0000,0.0000,0.0082,0.0000,200,15.7264
0.0071,0.0000,0.0000,0.0000,0.0070,0.0000,200,15.7298
0.0072,0.0000,0.0000,0.0000,0.0071,0.0001,200,15.7336
0.0070,0.0000,0.0000,0.0000,0.0069,0.0000,200,15.7341
0.0081,0.0000,0.0000,0.0000,0.0080,0.0001,200,15.7347
0.0084,0.0000,0.0000,0.0000,0.0083,0.0001,200,15.7369
0.0070,0.0000,0.0000,0.0000,0.0068,0.0001,200,15.7408
0.0077,0.0000,0.0000,0.0000,0.0076,0.0000,200,15.7411
0.0071,0.0000,0.0000,0.0000,0.0070,0.0000,200,15.7428
0.0066,0.0000,0.0000,0.0000,0.0065,0.0001,200,15.7453
0.0075,0.0000,0.0000,0.0000,0.0074,0.0000,200,15.7488
0.0085,0.0000,0.0000,0.0000,0.0084,0.0001,200,15.7478
0.0083,0.0000,0.0000,0.0000,0.0082,0.0001,200,15.7498
0.0065,0.0000,0.0000,0.0000,0.0064,0.0000,200,15.7519
0.0068,0.0000,0.0000,0.0000,0.0067,0.0000,200,15.7563
0.0068,0.0000,0.0000,0.0000,0.0067,0.0001,200,15.7563
0.0067,0.0000,0.0000,0.0000,0.0066,0.0000,200,15.7581
0.0084,0.0000,0.0000,0.0000,0.0083,0.0001,200,15.7584
0.0082,0.0000,0.0000,0.0000,0.0080,0.0001,200,15.7631
0.0069,0.0000,0.0000,0.0000,0.0068,0.0000,200,15.7648
0.0087,0.0000,0.0000,0.0000,0.0086,0.0000,200,15.7631
0.0099,0.0000,0.0000,0.0000,0.0098,0.0001,200,15.7668
0.0088,0.0000,0.0000,0.0000,0.0087,0.0001,200,15.7713
0.0084,0.0000,0.0000,0.0000,0.0083,0.0001,200,15.7717
0.0109,0.0000,0.0000,0.0000,0.0107,0.0001,200,15.7718
0.0100,0.0000,0.0000,0.0000,0.0098,0.0001,200,15.7767
0.0080,0.0000,0.0000,0.0000,0.0079,0.0001,200,15.7801
0.0064,0.0000,0.0000,0.0000,0.0063,0.0000,200,15.7826
0.0097,0.0000,0.0000,0.0000,0.0096,0.0000,200,15.7801
0.0097,0.0000,0.0000,0.0000,0.0097,0.0000,200,15.7866
0.0073,0.0000,0.0000,0.0000,0.0072,0.0001,200,15.7890
0.0070,0.0000,0.0000,0.0000,0.0069,0.0000,200,15.7898
0.0089,0.0000,0.0000,0.0000,0.0088,0.0000,200,15.7881
0.0076,0.0000,0.0000,0.0000,0.0075,0.0001,200,15.7964
0.0076,0.0000,0.0000,0.0000,0.0076,0.0000,200,15.7969
0.0099,0.0000,0.0000,0.0000,0.0098,0.0001,200,15.7964
0.0071,0.0000,0.0000,0.0000,0.0070,0.0001,200,15.8040
0.0067,0.0000,0.0000,0.0000,0.0066,0.0001,200,15.8046
0.0146,0.0000,0.0000,0.0000,0.0146,0.0000,200,15.7968
0.0068,0.0000,0.0000,0.0000,0.0067,0.0000,200,15.8062
0.0070,0.0000,0.0000,0.0000,0.0069,0.0001,200,15.8114
0.0073,0.0000,0.0000,0.0000,0.0073,0.0000,200,15.8113
0.0077,0.0000,0.0000,0.0000,0.0076,0.0000,200,15.8111
0.0062,0.0000,0.0000,0.0000,0.0062,0.0000,200,15.8130
0.0070,0.0000,0.0000,0.0000,0.0069,0.0001,200,15.8187
0.0076,0.0000,0.0000,0.0000,0.0076,0.0000,200,15.8184
0.0073,0.0000,0.0000,0.0000,0.0072,0.0000,200,15.8188
0.0078,0.0000,0.0000,0.0000,0.0077,0.0000,200,15.8192
0.0063,0.0000,0.0000,0.0000,0.0062,0.0001,200,15.8270
0.0078,0.0000,0.0000,0.0000,0.0078,0.0000,200,15.8257
0.0074,0.0000,0.0000,0.0000,0.0072,0.0002,200,15.8261
0.0076,0.0000,0.0000,0.0000,0.0075,0.0000,200,15.8261
0.0065,0.0000,0.0000,0.0000,0.0064,0.0001,200,15.8335
0.0069,0.0000,0.0000,0.0000,0.0066,0.0000,200,15.8334
0.0068,0.0000,0.0000,0.0000,0.0066,0.0000,200,15.8335
0.0112,0.0000,0.0000,0.0000,0.0110,0.0002,200,15.8337
0.0065,0.0000,0.0000,0.0000,0.0065,0.0000,200,15.8403
0.0066,0.0000,0.0000,0.0000,0.0065,0.0000,200,15.8402
0.0072,0.0000,0.0000,0.0000,0.0071,0.0000,200,15.8400
0.0081,0.0000,0.0000,0.0000,0.0069,0.0001,200,15.8449
0.0068,0.0000,0.0000,0.0000,0.0068,0.0000,200,15.8468
0.0069,0.0000,0.0000,0.0000,0.0067,0.0001,200,15.8468
0.0107,0.0000,0.0000,0.0000,0.0106,0.0001,200,15.8473
0.0069,0.0000,0.0000,0.0000,0.0068,0.0001,200,15.8530
0.0064,0.0000,0.0000,0.0000,0.0063,0.0000,200,15.8536
0.0066,0.0000,0.0000,0.0000,0.0065,0.0000,200,15.8537
0.0105,0.0000,0.0000,0.0000,0.0104,0.0001,200,15.8579
0.0084,0.0000,0.0000,0.0000,0.0084,0.0001,200,15.8600
0.0084,0.0000,0.0000,0.0000,0.0084,0.0000,200,15.8603
0.0121,0.0000,0.0000,0.0000,0.0120,0.0001,200,15.8599
0.0076,0.0000,0.0000,0.0000,0.0075,0.0000,200,15.8685
0.0076,0.0000,0.0000,0.0000,0.0075,0.0000,200,15.8685
0.0074,0.0000,0.0000,0.0000,0.0073,0.0000,200,15.8687
0.0103,0.0000,0.0000,0.0000,0.0102,0.0001,200,15.8719
0.0064,0.0000,0.0000,0.0000,0.0063,0.0000,200,15.8761
0.0085,0.0000,0.0000,0.0000,0.0084,0.0001,200,15.8761
0.0087,0.0000,0.0000,0.0000,0.0086,0.0001,200,15.8761
0.0070,0.0000,0.0000,0.0000,0.0069,0.0001,200,15.8822
0.0068,0.0000,0.0000,0.0000,0.0067,0.0000,200,15.8825
0.0069,0.0000,0.0000,0.0000,0.0068,0.0001,200,15.8848
0.0072,0.0000,0.0000,0.0000,0.0072,0.0000,200,15.8846
0.0070,0.0000,0.0000,0.0000,0.0069,0.0001,200,15.8892
0.0070,0.0000,0.0000,0.0000,0.0069,0.0000,200,15.8893
0.0073,0.0000,0.0000,0.0000,0.0072,0.0001,200,15.8917
0.0075,0.0000,0.0000,0.0000,0.0074,0.0000,200,15.8918
0.0069,0.0000,0.0000,0.0000,0.0068,0.0001,200,15.8962
0.0110,0.0000,0.0000,0.0000,0.0109,0.0001,200,15.8962
0.0079,0.0000,0.0000,0.0000,0.0078,0.0000,200,15.8993
0.0083,0.0000,0.0000,0.0000,0.0082,0.0000,200,15.8990
0.0068,0.0000,0.0000,0.0000,0.0067,0.0001,200,15.9031
0.0067,0.0000,0.0000,0.0000,0.0066,0.0001,200,15.9073
0.0071,0.0000,0.0000,0.0000,0.0070,0.0000,200,15.9072
0.0079,0.0000,0.0000,0.0000,0.0078,0.0000,200,15.9072
0.0091,0.0000,0.0000,0.0000,0.0089,0.0001,200,15.9099
0.0070,0.0000,0.0000,0.0000,0.0069,0.0001,200,15.9143
0.0074,0.0000,0.0000,0.0000,0.0073,0.0000,200,15.9140
0.0078,0.0000,0.0000,0.0000,0.0077,0.0001,200,15.9151
0.0076,0.0000,0.0000,0.0000,0.0075,0.0001,200,15.9190
0.0082,0.0000,0.0000,0.0000,0.0081,0.0001,200,15.9214
0.0068,0.0000,0.0000,0.0000,0.0067,0.0000,200,15.9228
0.0085,0.0000,0.0000,0.0000,0.0084,0.0000,200,15.9212
0.0079,0.0000,0.0000,0.0000,0.0078,0.0001,200,15.9266
0.0098,0.0000,0.0000,0.0000,0.0097,0.0001,200,15.9297
0.0100,0.0000,0.0000,0.0000,0.0100,0.0000,200,15.9296
0.0101,0.0000,0.0000,0.0000,0.0101,0.0000,200,15.9295
0.0065,0.0000,0.0000,0.0000,0.0063,0.0001,200,15.9345
0.0068,0.0000,0.0000,0.0000,0.0067,0.0001,200,15.9396
0.0075,0.0000,0.0000,0.0000,0.0074,0.0000,200,15.9397
0.0080,0.0000,0.0000,0.0000,0.0079,0.0000,200,15.9395
0.0084,0.0000,0.0000,0.0000,0.0082,0.0001,200,15.9409
0.0067,0.0000,0.0000,0.0000,0.0066,0.0001,200,15.9465
0.0067,0.0000,0.0000,0.0000,0.0066,0.0001,200,15.9471
0.0069,0.0000,0.0000,0.0000,0.0068,0.0001,200,15.9475
0.0103,0.0000,0.0000,0.0000,0.0102,0.0001,200,15.9493
0.0086,0.0000,0.0000,0.0000,0.0085,0.0000,200,15.9531
0.0079,0.0000,0.0000,0.0000,0.0078,0.0001,200,15.9539
0.0077,0.0000,0.0000,0.0000,0.0076,0.0000,200,15.9545
0.0070,0.0000,0.0000,0.0000,0.0069,0.0001,200,15.9596
0.0073,0.0000,0.0000,0.0000,0.0072,0.0000,200,15.9618
0.0069,0.0000,0.0000,0.0000,0.0068,0.0000,200,15.9622
0.0082,0.0000,0.0000,0.0000,0.0069,0.0013,200,15.9617
0.0075,0.0000,0.0000,0.0000,0.0074,0.0001,200,15.9666
0.0069,0.0000,0.0000,0.0000,0.0068,0.0001,200,15.9691
0.0069,0.0000,0.0000,0.0004,0.0065,0.0000,200,15.9691
0.0063,0.0000,0.0000,0.0000,0.0063,0.0000,200,15.9700
0.0086,0.0000,0.0000,0.0000,0.0085,0.0001,200,15.9741
0.0069,0.0000,0.0000,0.0000,0.0068,0.0000,200,15.9760
0.0070,0.0000,0.0000,0.0000,0.0070,0.0000,200,15.9760
0.0076,0.0000,0.0000,0.0000,0.0075,0.0000,200,15.9763
0.0070,0.0000,0.0000,0.0000,0.0069,0.0001,200,15.9829
0.0069,0.0000,0.0000,0.0000,0.0068,0.0000,200,15.9830
0.0076,0.0000,0.0000,0.0000,0.0075,0.0000,200,15.9827
0.0065,0.0000,0.0000,0.0000,0.0065,0.0000,200,15.9839
0.0066,0.0000,0.0000,0.0000,0.0065,0.0001,200,15.9899
0.0070,0.0000,0.0000,0.0000,0.0069,0.0000,200,15.9899
0.0071,0.0000,0.0000,0.0000,0.0070,0.0000,200,15.9902
0.0070,0.0000,0.0000,0.0000,0.0069,0.0001,200,15.9968
0.0135,0.0000,0.0000,0.0000,0.0135,0.0000,200,15.9904
0.0067,0.0000,0.0000,0.0000,0.0064,0.0002,200,15.9973
0.0125,0.0000,0.0000,0.0000,0.0124,0.0001,200,15.9965
0.0072,0.0000,0.0000,0.0000,0.0071,0.0001,200,16.0038
0.0076,0.0000,0.0000,0.0000,0.0076,0.0000,200,16.0039
0.0077,0.0000,0.0000,0.0000,0.0076,0.0000,200,16.0039
0.0070,0.0000,0.0000,0.0000,0.0069,0.0001,200,16.0090
0.0080,0.0000,0.0000,0.0000,0.0073,0.0007,200,16.0111
0.0076,0.0000,0.0000,0.0000,0.0074,0.0002,200,16.0116
0.0093,0.0000,0.0000,0.0000,0.0092,0.0001,200,16.0116
0.0070,0.0000,0.0000,0.0000,0.0068,0.0001,200,16.0161
0.0077,0.0000,0.0000,0.0000,0.0070,0.0001,200,16.0191
0.0078,0.0000,0.0000,0.0000,0.0077,0.0000,200,16.0191
0.0069,0.0000,0.0000,0.0000,0.0068,0.0000,200,16.0208
0.0074,0.0000,0.0000,0.0000,0.0073,0.0001,200,16.0231
0.0071,0.0000,0.0000,0.0000,0.0070,0.0001,200,16.0269
0.0073,0.0000,0.0000,0.0000,0.0072,0.0000,200,16.0268
0.0076,0.0000,0.0000,0.0000,0.0075,0.0001,200,16.0278
0.0076,0.0000,0.0000,0.0000,0.0075,0.0001,200,16.0305
0.0066,0.0000,0.0000,0.0000,0.0065,0.0000,200,16.0341
0.0067,0.0000,0.0000,0.0000,0.0066,0.0000,200,16.0340
0.0063,0.0000,0.0000,0.0000,0.0062,0.0000,200,16.0354
0.0067,0.0000,0.0000,0.0000,0.0066,0.0001,200,16.0381
0.0065,0.0000,0.0000,0.0000,0.0064,0.0000,200,16.0407
0.0066,0.0000,0.0000,0.0000,0.0065,0.0000,200,16.0407
0.0069,0.0000,0.0000,0.0000,0.0068,0.0001,200,16.0417
0.0066,0.0000,0.0000,0.0000,0.0065,0.0001,200,16.0449
0.0070,0.0000,0.0000,0.0000,0.0069,0.0000,200,16.0473
0.0071,0.0000,0.0000,0.0000,0.0071,0.0000,200,16.0472
0.0080,0.0000,0.0000,0.0000,0.0078,0.0000,200,16.0486
0.0072,0.0000,0.0000,0.0000,0.0071,0.0001,200,16.0515
0.0089,0.0000,0.0000,0.0000,0.0088,0.0001,200,16.0543
0.0090,0.0000,0.0000,0.0000,0.0090,0.0000,200,16.0543
0.0074,0.0000,0.0000,0.0000,0.0074,0.0000,200,16.0566
0.0104,0.0000,0.0000,0.0000,0.0102,0.0001,200,16.0587
0.0070,0.0000,0.0000,0.0000,0.0069,0.0001,200,16.0640
0.0102,0.0000,0.0000,0.0000,0.0100,0.0001,200,16.0632
0.0102,0.0000,0.0000,0.0004,0.0098,0.0000,200,16.0634
0.0066,0.0000,0.0000,0.0000,0.0065,0.0001,200,16.0691
0.0066,0.0000,0.0000,0.0000,0.0065,0.0001,200,16.0710
0.0066,0.0000,0.0000,0.0000,0.0065,0.0001,200,16.0733
0.0070,0.0000,0.0000,0.0000,0.0070,0.0000,200,16.0736
0.0071,0.0000,0.0000,0.0000,0.0070,0.0001,200,16.0757
0.0067,0.0000,0.0000,0.0000,0.0066,0.0001,200,16.0776
0.0065,0.0000,0.0000,0.0000,0.0064,0.0001,200,16.0800
0.0069,0.0000,0.0000,0.0000,0.0068,0.0000,200,16.0807
0.0067,0.0000,0.0000,0.0000,0.0066,0.0001,200,16.0828
0.0071,0.0000,0.0000,0.0000,0.0070,0.0001,200,16.0843
0.0068,0.0000,0.0000,0.0000,0.0067,0.0001,200,16.0865
0.0063,0.0000,0.0000,0.0000,0.0062,0.0000,200,16.0875
0.0069,0.0000,0.0000,0.0000,0.0068,0.0001,200,16.0895
0.0072,0.0000,0.0000,0.0000,0.0071,0.0001,200,16.0933
0.0092,0.0000,0.0000,0.0000,0.0072,0.0020,200,16.0914
0.0077,0.0000,0.0000,0.0000,0.0076,0.0001,200,16.0938
0.0067,0.0000,0.0000,0.0000,0.0066,0.0001,200,16.0964
0.0066,0.0000,0.0000,0.0000,0.0065,0.0001,200,16.1005
0.0066,0.0000,0.0000,0.0000,0.0065,0.0001,200,16.1006
0.0068,0.0000,0.0000,0.0000,0.0067,0.0001,200,16.1015
0.0063,0.0000,0.0000,0.0000,0.0062,0.0000,200,16.1031
0.0074,0.0000,0.0000,0.0000,0.0073,0.0001,200,16.1072
0.0075,0.0000,0.0000,0.0000,0.0074,0.0000,200,16.1072
0.0065,0.0000,0.0000,0.0000,0.0065,0.0000,200,16.1083
0.0062,0.0000,0.0000,0.0000,0.0061,0.0000,200,16.1094
0.0071,0.0000,0.0000,0.0000,0.0070,0.0001,200,16.1146
0.0064,0.0000,0.0000,0.0000,0.0064,0.0000,200,16.1156
0.0075,0.0000,0.0000,0.0000,0.0075,0.0000,200,16.1145
0.0074,0.0000,0.0000,0.0000,0.0073,0.0000,200,16.1148
0.0070,0.0000,0.0000,0.0000,0.0069,0.0001,200,16.1217
0.0070,0.0000,0.0000,0.0000,0.0070,0.0000,200,16.1221
0.0071,0.0000,0.0000,0.0000,0.0070,0.0001,200,16.1221
0.0071,0.0000,0.0000,0.0000,0.0071,0.0000,200,16.1222
0.0112,0.0000,0.0000,0.0000,0.0111,0.0001,200,16.1293
0.0116,0.0000,0.0000,0.0000,0.0115,0.0000,200,16.1291
0.0115,0.0000,0.0000,0.0000,0.0115,0.0000,200,16.1292
0.0121,0.0000,0.0000,0.0000,0.0120,0.0000,200,16.1287
0.0093,0.0000,0.0000,0.0000,0.0092,0.0001,200,16.1407
0.0096,0.0000,0.0000,0.0000,0.0095,0.0001,200,16.1406
0.0096,0.0000,0.0000,0.0000,0.0095,0.0000,200,16.1408
0.0099,0.0000,0.0000,0.0000,0.0099,0.0000,200,16.1407
0.0072,0.0000,0.0000,0.0000,0.0071,0.0001,200,16.1504
0.0071,0.0000,0.0000,0.0000,0.0070,0.0000,200,16.1506
0.0076,0.0000,0.0000,0.0000,0.0075,0.0001,200,16.1502
0.0079,0.0000,0.0000,0.0000,0.0077,0.0001,200,16.1500
0.0074,0.0000,0.0000,0.0000,0.0065,0.0008,200,16.1579
0.0076,0.0000,0.0000,0.0000,0.0075,0.0001,200,16.1577
0.0076,0.0000,0.0000,0.0000,0.0075,0.0000,200,16.1577
0.0078,0.0000,0.0000,0.0000,0.0076,0.0001,200,16.1576
0.0068,0.0000,0.0000,0.0000,0.0066,0.0001,200,16.1653
0.0070,0.0000,0.0000,0.0002,0.0067,0.0000,200,16.1653
0.0071,0.0000,0.0000,0.0004,0.0066,0.0000,200,16.1653
0.0071,0.0000,0.0000,0.0000,0.0070,0.0000,200,16.1653
0.0071,0.0000,0.0000,0.0000,0.0070,0.0001,200,16.1724
0.0077,0.0000,0.0000,0.0000,0.0075,0.0001,200,16.1721
0.0074,0.0000,0.0000,0.0000,0.0073,0.0000,200,16.1724
0.0075,0.0000,0.0000,0.0000,0.0075,0.0000,200,16.1723
0.0069,0.0000,0.0000,0.0000,0.0068,0.0001,200,16.1798
0.0074,0.0000,0.0000,0.0000,0.0073,0.0000,200,16.1795
0.0074,0.0000,0.0000,0.0000,0.0073,0.0000,200,16.1798
0.0081,0.0000,0.0000,0.0000,0.0080,0.0001,200,16.1799
0.0078,0.0000,0.0000,0.0000,0.0077,0.0001,200,16.1872
0.0081,0.0000,0.0000,0.0000,0.0081,0.0000,200,16.1869
0.0084,0.0000,0.0000,0.0000,0.0083,0.0000,200,16.1867
0.0075,0.0000,0.0000,0.0000,0.0073,0.0001,200,16.1880
0.0071,0.0000,0.0000,0.0000,0.0070,0.0001,200,16.1949
0.0095,0.0000,0.0000,0.0000,0.0094,0.0001,200,16.1954
0.0101,0.0000,0.0000,0.0000,0.0100,0.0000,200,16.1950
0.0106,0.0000,0.0000,0.0000,0.0106,0.0001,200,16.1951
0.0070,0.0000,0.0000,0.0000,0.0068,0.0001,200,16.2020
0.0069,0.0000,0.0000,0.0000,0.0068,0.0001,200,16.2051
0.0082,0.0000,0.0000,0.0000,0.0081,0.0000,200,16.2049
0.0074,0.0000,0.0000,0.0000,0.0073,0.0000,200,16.2057
0.0066,0.0000,0.0000,0.0000,0.0065,0.0001,200,16.2090
0.0066,0.0000,0.0000,0.0000,0.0065,0.0001,200,16.2132
0.0071,0.0000,0.0000,0.0000,0.0071,0.0000,200,16.2131
0.0089,0.0000,0.0000,0.0000,0.0089,0.0000,200,16.2120
0.0064,0.0000,0.0000,0.0000,0.0062,0.0001,200,16.2156
0.0068,0.0000,0.0000,0.0000,0.0067,0.0001,200,16.2203
0.0074,0.0000,0.0000,0.0000,0.0074,0.0000,200,16.2197
0.0067,0.0000,0.0000,0.0000,0.0066,0.0001,200,16.2209
0.0063,0.0000,0.0000,0.0000,0.0062,0.0001,200,16.2220
0.0073,0.0000,0.0000,0.0000,0.0072,0.0000,200,16.2271
0.0072,0.0000,0.0000,0.0000,0.0071,0.0001,200,16.2272
0.0068,0.0000,0.0000,0.0000,0.0067,0.0000,200,16.2277
0.0067,0.0000,0.0000,0.0000,0.0067,0.0000,200,16.2283
0.0068,0.0000,0.0000,0.0000,0.0067,0.0000,200,16.2344
0.0069,0.0000,0.0000,0.0000,0.0066,0.0002,200,16.2344
0.0068,0.0000,0.0000,0.0000,0.0068,0.0000,200,16.2345
0.0063,0.0000,0.0000,0.0000,0.0063,0.0001,200,16.2350
0.0068,0.0000,0.0000,0.0000,0.0068,0.0001,200,16.2412
0.0068,0.0000,0.0000,0.0000,0.0067,0.0000,200,16.2413
0.0070,0.0000,0.0000,0.0000,0.0069,0.0000,200,16.2412
0.0068,0.0000,0.0000,0.0000,0.0067,0.0000,200,16.2414
0.0069,0.0000,0.0000,0.0000,0.0068,0.0001,200,16.2481
0.0069,0.0000,0.0000,0.0000,0.0068,0.0001,200,16.2482
0.0070,0.0000,0.0000,0.0000,0.0069,0.0000,200,16.2481
0.0072,0.0000,0.0000,0.0000,0.0071,0.0000,200,16.2481
0.0067,0.0000,0.0000,0.0000,0.0065,0.0001,200,16.2550
0.0069,0.0000,0.0000,0.0000,0.0068,0.0000,200,16.2550
0.0069,0.0000,0.0000,0.0000,0.0068,0.0000,200,16.2551
0.0077,0.0000,0.0000,0.0000,0.0077,0.0000,200,16.2552
0.0076,0.0000,0.0000,0.0000,0.0075,0.0001,200,16.2619
0.0077,0.0000,0.0000,0.0000,0.0076,0.0000,200,16.2619
0.0074,0.0000,0.0000,0.0000,0.0073,0.0001,200,16.2630
0.0128,0.0000,0.0000,0.0000,0.0126,0.0001,200,16.2617
0.0074,0.0000,0.0000,0.0000,0.0073,0.0001,200,16.2695
0.0075,0.0000,0.0000,0.0000,0.0074,0.0000,200,16.2696
0.0073,0.0000,0.0000,0.0000,0.0072,0.0001,200,16.2704
0.0083,0.0000,0.0000,0.0000,0.0081,0.0001,200,16.2745
0.0063,0.0000,0.0000,0.0000,0.0062,0.0000,200,16.2771
0.0070,0.0000,0.0000,0.0000,0.0069,0.0000,200,16.2776
0.0077,0.0000,0.0000,0.0000,0.0077,0.0000,200,16.2770
0.0067,0.0000,0.0000,0.0000,0.0065,0.0002,200,16.2828
0.0063,0.0000,0.0000,0.0000,0.0062,0.0000,200,16.2834
0.0064,0.0000,0.0000,0.0000,0.0063,0.0000,200,16.2847
0.0065,0.0000,0.0000,0.0000,0.0064,0.0000,200,16.2846
0.0101,0.0000,0.0000,0.0000,0.0100,0.0001,200,16.2897
0.0088,0.0000,0.0000,0.0000,0.0088,0.0000,200,16.2911
0.0089,0.0000,0.0000,0.0000,0.0088,0.0000,200,16.2911
0.0105,0.0000,0.0000,0.0000,0.0104,0.0000,200,16.2895
0.0069,0.0000,0.0000,0.0000,0.0069,0.0001,200,16.3000
0.0071,0.0000,0.0000,0.0000,0.0070,0.0001,200,16.2998
0.0071,0.0000,0.0000,0.0000,0.0071,0.0000,200,16.2999
0.0070,0.0000,0.0000,0.0000,0.0070,0.0000,200,16.3000
0.0067,0.0000,0.0000,0.0000,0.0066,0.0001,200,16.3071
0.0069,0.0000,0.0000,0.0000,0.0068,0.0000,200,16.3070
0.0069,0.0000,0.0000,0.0000,0.0068,0.0000,200,16.3070
0.0070,0.0000,0.0000,0.0000,0.0069,0.0000,200,16.3071
0.0066,0.0000,0.0000,0.0000,0.0065,0.0001,200,16.3138
0.0064,0.0000,0.0000,0.0000,0.0063,0.0001,200,16.3140
0.0067,0.0000,0.0000,0.0000,0.0066,0.0000,200,16.3138
0.0068,0.0000,0.0000,0.0000,0.0067,0.0000,200,16.3137
0.0064,0.0000,0.0000,0.0000,0.0063,0.0001,200,16.3205
0.0065,0.0000,0.0000,0.0000,0.0065,0.0000,200,16.3204
0.0066,0.0000,0.0000,0.0000,0.0065,0.0000,200,16.3204
0.0066,0.0000,0.0000,0.0000,0.0065,0.0000,200,16.3206
0.0066,0.0000,0.0000,0.0000,0.0066,0.0000,200,16.3271
0.0068,0.0000,0.0000,0.0000,0.0067,0.0001,200,16.3269
0.0068,0.0000,0.0000,0.0000,0.0067,0.0001,200,16.3270
0.0067,0.0000,0.0000,0.0000,0.0066,0.0000,200,16.3270
0.0068,0.0000,0.0000,0.0000,0.0067,0.0001,200,16.3337
0.0076,0.0000,0.0000,0.0000,0.0075,0.0000,200,16.3337
0.0077,0.0000,0.0000,0.0000,0.0077,0.0000,200,16.3337
0.0078,0.0000,0.0000,0.0000,0.0078,0.0000,200,16.3337
0.0066,0.0000,0.0000,0.0000,0.0065,0.0001,200,16.3415
0.0068,0.0000,0.0000,0.0000,0.0068,0.0000,200,16.3413
0.0077,0.0000,0.0000,0.0000,0.0076,0.0000,200,16.3405
0.0067,0.0000,0.0000,0.0000,0.0067,0.0000,200,16.3415
0.0067,0.0000,0.0000,0.0000,0.0066,0.0000,200,16.3481
0.0067,0.0000,0.0000,0.0000,0.0067,0.0000,200,16.3482
0.0068,0.0000,0.0000,0.0000,0.0067,0.0000,200,16.3482
0.0068,0.0000,0.0000,0.0000,0.0068,0.0000,200,16.3483
0.0069,0.0000,0.0000,0.0000,0.0068,0.0001,200,16.3547
0.0068,0.0000,0.0000,0.0000,0.0068,0.0000,200,16.3549
0.0068,0.0000,0.0000,0.0000,0.0066,0.0001,200,16.3550
0.0067,0.0000,0.0000,0.0000,0.0067,0.0000,200,16.3551
0.0069,0.0000,0.0000,0.0000,0.0068,0.0001,200,16.3617
0.0069,0.0000,0.0000,0.0000,0.0068,0.0001,200,16.3617
0.0072,0.0000,0.0000,0.0000,0.0072,0.0000,200,16.3618
0.0073,0.0000,0.0000,0.0000,0.0072,0.0001,200,16.3618
0.0073,0.0000,0.0000,0.0000,0.0071,0.0001,200,16.3686
0.0069,0.0000,0.0000,0.0000,0.0064,0.0004,200,16.3690
0.0074,0.0000,0.0000,0.0000,0.0072,0.0002,200,16.3686
0.0075,0.0000,0.0000,0.0000,0.0075,0.0000,200,16.3691
0.0067,0.0000,0.0000,0.0000,0.0066,0.0001,200,16.3766
0.0074,0.0000,0.0000,0.0000,0.0072,0.0000,200,16.3760
0.0076,0.0000,0.0000,0.0001,0.0074,0.0000,200,16.3759
0.0076,0.0000,0.0000,0.0000,0.0075,0.0000,200,16.3759
0.0065,0.0000,0.0000,0.0000,0.0064,0.0001,200,16.3835
0.0068,0.0000,0.0000,0.0000,0.0068,0.0000,200,16.3833
0.0069,0.0000,0.0000,0.0000,0.0068,0.0001,200,16.3835
0.0084,0.0000,0.0000,0.0000,0.0083,0.0001,200,16.3834
0.0069,0.0000,0.0000,0.0000,0.0068,0.0001,200,16.3901
0.0070,0.0000,0.0000,0.0000,0.0069,0.0001,200,16.3900
0.0074,0.0000,0.0000,0.0000,0.0073,0.0000,200,16.3904
0.0099,0.0000,0.0000,0.0000,0.0098,0.0001,200,16.3918
0.0073,0.0000,0.0000,0.0000,0.0071,0.0001,200,16.3970
0.0075,0.0000,0.0000,0.0000,0.0074,0.0000,200,16.3970
0.0067,0.0000,0.0000,0.0000,0.0066,0.0000,200,16.3978
0.0069,0.0000,0.0000,0.0000,0.0068,0.0001,200,16.4017
0.0074,0.0000,0.0000,0.0000,0.0073,0.0001,200,16.4045
0.0077,0.0000,0.0000,0.0000,0.0076,0.0000,200,16.4045
0.0080,0.0000,0.0000,0.0000,0.0079,0.0001,200,16.4043
0.0079,0.0000,0.0000,0.0000,0.0078,0.0001,200,16.4086
0.0068,0.0000,0.0000,0.0000,0.0067,0.0000,200,16.4118
0.0064,0.0000,0.0000,0.0000,0.0063,0.0000,200,16.4123
0.0067,0.0000,0.0000,0.0000,0.0066,0.0000,200,16.4121
0.0073,0.0000,0.0000,0.0000,0.0071,0.0001,200,16.4165
0.0066,0.0000,0.0000,0.0000,0.0065,0.0001,200,16.4187
0.0070,0.0000,0.0000,0.0000,0.0069,0.0000,200,16.4187
0.0069,0.0000,0.0000,0.0000,0.0068,0.0000,200,16.4189
0.0071,0.0000,0.0000,0.0001,0.0069,0.0001,200,16.4238
0.0071,0.0000,0.0000,0.0000,0.0070,0.0000,200,16.4253
0.0067,0.0000,0.0000,0.0000,0.0067,0.0000,200,16.4257
0.0069,0.0000,0.0000,0.0000,0.0068,0.0000,200,16.4256
0.0073,0.0000,0.0000,0.0000,0.0072,0.0001,200,16.4309
0.0066,0.0000,0.0000,0.0000,0.0066,0.0000,200,16.4325
0.0067,0.0000,0.0000,0.0000,0.0066,0.0001,200,16.4325
0.0068,0.0000,0.0000,0.0000,0.0068,0.0000,200,16.4324
0.0068,0.0000,0.0000,0.0000,0.0066,0.0001,200,16.4382
0.0065,0.0000,0.0000,0.0000,0.0064,0.0000,200,16.4391
0.0065,0.0000,0.0000,0.0000,0.0064,0.0000,200,16.4392
0.0105,0.0000,0.0000,0.0000,0.0104,0.0001,200,16.4391
0.0067,0.0000,0.0000,0.0000,0.0066,0.0001,200,16.4450
0.0065,0.0000,0.0000,0.0000,0.0064,0.0000,200,16.4456
0.0065,0.0000,0.0000,0.0000,0.0063,0.0001,200,16.4457
0.0071,0.0000,0.0000,0.0000,0.0070,0.0001,200,16.4496
0.0068,0.0000,0.0000,0.0000,0.0067,0.0001,200,16.4517
0.0069,0.0000,0.0000,0.0000,0.0068,0.0000,200,16.4521
0.0069,0.0000,0.0000,0.0003,0.0066,0.0000,200,16.4521
0.0076,0.0000,0.0000,0.0000,0.0075,0.0001,200,16.4567
0.0067,0.0000,0.0000,0.0000,0.0067,0.0001,200,16.4590
0.0070,0.0000,0.0000,0.0000,0.0070,0.0000,200,16.4590
0.0075,0.0000,0.0000,0.0000,0.0072,0.0003,200,16.4585
0.0076,0.0000,0.0000,0.0000,0.0074,0.0001,200,16.4643
0.0070,0.0000,0.0000,0.0000,0.0069,0.0000,200,16.4658
0.0069,0.0000,0.0000,0.0000,0.0068,0.0000,200,16.4660
0.0086,0.0000,0.0000,0.0000,0.0085,0.0001,200,16.4661
0.0071,0.0000,0.0000,0.0000,0.0069,0.0001,200,16.4719
0.0064,0.0000,0.0000,0.0000,0.0064,0.0000,200,16.4728
0.0086,0.0000,0.0000,0.0000,0.0085,0.0001,200,16.4729
0.0093,0.0000,0.0000,0.0000,0.0092,0.0001,200,16.4747
0.0088,0.0000,0.0000,0.0000,0.0087,0.0000,200,16.4789
0.0086,0.0000,0.0000,0.0000,0.0085,0.0000,200,16.4792
0.0093,0.0000,0.0000,0.0000,0.0091,0.0001,200,16.4815
0.0070,0.0000,0.0000,0.0000,0.0069,0.0000,200,16.4840
0.0066,0.0000,0.0000,0.0000,0.0065,0.0001,200,16.4878
0.0070,0.0000,0.0000,0.0000,0.0069,0.0000,200,16.4908
0.0100,0.0000,0.0000,0.0000,0.0098,0.0003,200,16.4877
0.0069,0.0000,0.0000,0.0000,0.0069,0.0000,200,16.4910
0.0083,0.0000,0.0000,0.0000,0.0082,0.0001,200,16.4944
0.0070,0.0000,0.0000,0.0000,0.0069,0.0001,200,16.4978
0.0072,0.0000,0.0000,0.0000,0.0071,0.0000,200,16.4978
0.0072,0.0000,0.0000,0.0000,0.0072,0.0000,200,16.4979
0.0078,0.0000,0.0000,0.0000,0.0076,0.0001,200,16.5028
0.0081,0.0000,0.0000,0.0000,0.0080,0.0001,200,16.5048
0.0083,0.0000,0.0000,0.0000,0.0082,0.0000,200,16.5049
0.0082,0.0000,0.0000,0.0000,0.0082,0.0000,200,16.5051
0.0088,0.0000,0.0000,0.0000,0.0087,0.0001,200,16.5105
0.0078,0.0000,0.0000,0.0000,0.0077,0.0001,200,16.5133
0.0083,0.0000,0.0000,0.0000,0.0082,0.0000,200,16.5129
0.0079,0.0000,0.0000,0.0000,0.0078,0.0000,200,16.5134
0.0069,0.0000,0.0000,0.0000,0.0068,0.0001,200,16.5212
0.0092,0.0000,0.0000,0.0000,0.0090,0.0001,200,16.5193
0.0075,0.0000,0.0000,0.0000,0.0074,0.0000,200,16.5211
0.0085,0.0000,0.0000,0.0000,0.0084,0.0001,200,16.5212
0.0080,0.0000,0.0000,0.0000,0.0079,0.0001,200,16.5286
0.0083,0.0000,0.0000,0.0000,0.0082,0.0000,200,16.5285
0.0088,0.0000,0.0000,0.0000,0.0087,0.0000,200,16.5281
0.0080,0.0000,0.0000,0.0000,0.0079,0.0000,200,16.5297
0.0072,0.0000,0.0000,0.0000,0.0071,0.0001,200,16.5368
0.0074,0.0000,0.0000,0.0000,0.0073,0.0001,200,16.5366
0.0065,0.0000,0.0000,0.0000,0.0064,0.0000,200,16.5377
0.0073,0.0000,0.0000,0.0000,0.0073,0.0000,200,16.5369
0.0068,0.0000,0.0000,0.0000,0.0067,0.0000,200,16.5440
0.0065,0.0000,0.0000,0.0000,0.0065,0.0000,200,16.5442
0.0069,0.0000,0.0000,0.0000,0.0068,0.0000,200,16.5440
0.0073,0.0000,0.0000,0.0000,0.0072,0.0000,200,16.5442
0.0067,0.0000,0.0000,0.0000,0.0066,0.0001,200,16.5509
0.0070,0.0000,0.0000,0.0000,0.0069,0.0000,200,16.5508
0.0072,0.0000,0.0000,0.0000,0.0071,0.0000,200,16.5508
0.0076,0.0000,0.0000,0.0000,0.0074,0.0002,200,16.5515
0.0068,0.0000,0.0000,0.0000,0.0067,0.0001,200,16.5575
0.0067,0.0000,0.0000,0.0000,0.0066,0.0000,200,16.5579
0.0071,0.0000,0.0000,0.0000,0.0070,0.0001,200,16.5578
0.0064,0.0000,0.0000,0.0000,0.0063,0.0001,200,16.5591
0.0066,0.0000,0.0000,0.0000,0.0065,0.0001,200,16.5649
0.0072,0.0000,0.0000,0.0000,0.0071,0.0000,200,16.5643
0.0070,0.0000,0.0000,0.0000,0.0070,0.0000,200,16.5646
0.0071,0.0000,0.0000,0.0000,0.0070,0.0000,200,16.5655
0.0070,0.0000,0.0000,0.0000,0.0070,0.0000,200,16.5715
0.0070,0.0000,0.0000,0.0000,0.0070,0.0000,200,16.5715
0.0070,0.0000,0.0000,0.0000,0.0069,0.0000,200,16.5716
0.0077,0.0000,0.0000,0.0000,0.0076,0.0000,200,16.5726
0.0070,0.0000,0.0000,0.0000,0.0069,0.0001,200,16.5786
0.0079,0.0000,0.0000,0.0000,0.0078,0.0000,200,16.5786
0.0081,0.0000,0.0000,0.0000,0.0079,0.0001,200,16.5786
0.0081,0.0000,0.0000,0.0000,0.0080,0.0000,200,16.5802
0.0070,0.0000,0.0000,0.0000,0.0069,0.0001,200,16.5865
0.0079,0.0000,0.0000,0.0000,0.0078,0.0000,200,16.5856
0.0077,0.0000,0.0000,0.0008,0.0068,0.0000,200,16.5867
0.0100,0.0000,0.0000,0.0000,0.0099,0.0001,200,16.5883
0.0076,0.0000,0.0000,0.0000,0.0075,0.0001,200,16.5935
0.0085,0.0000,0.0000,0.0000,0.0084,0.0000,200,16.5935
0.0119,0.0000,0.0000,0.0000,0.0118,0.0001,200,16.5944
0.0083,0.0000,0.0000,0.0000,0.0082,0.0000,200,16.5982
0.0091,0.0000,0.0000,0.0000,0.0089,0.0001,200,16.6020
0.0073,0.0000,0.0000,0.0000,0.0071,0.0001,200,16.6065
0.0075,0.0000,0.0000,0.0000,0.0074,0.0000,200,16.6063
0.0179,0.0000,0.0000,0.0000,0.0178,0.0001,200,16.6011
0.0072,0.0000,0.0000,0.0000,0.0071,0.0001,200,16.6138
0.0074,0.0000,0.0000,0.0000,0.0073,0.0000,200,16.6138
0.0127,0.0000,0.0000,0.0000,0.0126,0.0001,200,16.6110
0.0086,0.0000,0.0000,0.0002,0.0082,0.0001,200,16.6190
0.0084,0.0000,0.0000,0.0000,0.0083,0.0001,200,16.6212
0.0108,0.0000,0.0000,0.0000,0.0107,0.0000,200,16.6210
0.0081,0.0000,0.0000,0.0000,0.0079,0.0001,200,16.6237
0.0087,0.0000,0.0000,0.0000,0.0086,0.0001,200,16.6276
0.0076,0.0000,0.0000,0.0000,0.0076,0.0000,200,16.6296
0.0071,0.0000,0.0000,0.0000,0.0070,0.0001,200,16.6319
0.0088,0.0000,0.0000,0.0000,0.0087,0.0001,200,16.6318
0.0067,0.0000,0.0000,0.0000,0.0066,0.0001,200,16.6373
0.0077,0.0000,0.0000,0.0000,0.0076,0.0000,200,16.6363
0.0085,0.0000,0.0000,0.0000,0.0084,0.0001,200,16.6390
0.0069,0.0000,0.0000,0.0000,0.0069,0.0001,200,16.6406
0.0076,0.0000,0.0000,0.0000,0.0075,0.0001,200,16.6440
0.0077,0.0000,0.0000,0.0000,0.0076,0.0000,200,16.6440
0.0067,0.0000,0.0000,0.0000,0.0065,0.0001,200,16.6475
0.0073,0.0000,0.0000,0.0000,0.0072,0.0001,200,16.6475
0.0069,0.0000,0.0000,0.0000,0.0067,0.0001,200,16.6515
0.0071,0.0000,0.0000,0.0000,0.0070,0.0000,200,16.6516
0.0070,0.0000,0.0000,0.0000,0.0069,0.0001,200,16.6542
0.0068,0.0000,0.0000,0.0000,0.0067,0.0000,200,16.6548
0.0081,0.0000,0.0000,0.0000,0.0080,0.0001,200,16.6587
0.0091,0.0000,0.0000,0.0000,0.0089,0.0000,200,16.6585
0.0070,0.0000,0.0000,0.0000,0.0069,0.0000,200,16.6612
0.0078,0.0000,0.0000,0.0000,0.0077,0.0000,200,16.6616
0.0072,0.0000,0.0000,0.0000,0.0071,0.0001,200,16.6668
0.0067,0.0000,0.0000,0.0000,0.0066,0.0000,200,16.6676
0.0061,0.0000,0.0000,0.0000,0.0061,0.0000,200,16.6682
0.0062,0.0000,0.0000,0.0000,0.0061,0.0001,200,16.6693
0.0068,0.0000,0.0000,0.0000,0.0067,0.0001,200,16.6744
0.0079,0.0000,0.0000,0.0000,0.0078,0.0000,200,16.6741
0.0079,0.0000,0.0000,0.0000,0.0078,0.0000,200,16.6742
0.0068,0.0000,0.0000,0.0000,0.0067,0.0000,200,16.6755
0.0073,0.0000,0.0000,0.0000,0.0072,0.0001,200,16.6812
0.0071,0.0000,0.0000,0.0000,0.0071,0.0000,200,16.6819
0.0068,0.0000,0.0000,0.0000,0.0067,0.0000,200,16.6823
0.0071,0.0000,0.0000,0.0000,0.0070,0.0000,200,16.6821
0.0070,0.0000,0.0000,0.0000,0.0069,0.0001,200,16.6885
0.0066,0.0000,0.0000,0.0000,0.0066,0.0000,200,16.6891
0.0065,0.0000,0.0000,0.0000,0.0064,0.0000,200,16.6892
0.0067,0.0000,0.0000,0.0000,0.0067,0.0000,200,16.6891
0.0067,0.0000,0.0000,0.0000,0.0066,0.0000,200,16.6955
0.0067,0.0000,0.0000,0.0000,0.0066,0.0000,200,16.6957
0.0066,0.0000,0.0000,0.0000,0.0064,0.0002,200,16.6958
0.0068,0.0000,0.0000,0.0000,0.0067,0.0000,200,16.6957
0.0069,0.0000,0.0000,0.0000,0.0068,0.0001,200,16.7023
0.0068,0.0000,0.0000,0.0000,0.0068,0.0000,200,16.7024
0.0067,0.0000,0.0000,0.0000,0.0066,0.0000,200,16.7025
0.0071,0.0000,0.0000,0.0000,0.0070,0.0001,200,16.7023
0.0066,0.0000,0.0000,0.0000,0.0065,0.0001,200,16.7092
0.0067,0.0000,0.0000,0.0000,0.0067,0.0000,200,16.7092
0.0069,0.0000,0.0000,0.0000,0.0068,0.0000,200,16.7092
0.0073,0.0000,0.0000,0.0000,0.0072,0.0000,200,16.7094
0.0067,0.0000,0.0000,0.0000,0.0066,0.0001,200,16.7158
0.0066,0.0000,0.0000,0.0000,0.0065,0.0000,200,16.7159
0.0066,0.0000,0.0000,0.0000,0.0066,0.0000,200,16.7161
0.0080,0.0000,0.0000,0.0000,0.0079,0.0001,200,16.7167
0.0068,0.0000,0.0000,0.0000,0.0067,0.0001,200,16.7225
0.0079,0.0000,0.0000,0.0000,0.0078,0.0001,200,16.7227
0.0083,0.0000,0.0000,0.0000,0.0082,0.0000,200,16.7225
0.0068,0.0000,0.0000,0.0000,0.0067,0.0000,200,16.7246
0.0076,0.0000,0.0000,0.0000,0.0074,0.0001,200,16.7293
0.0064,0.0000,0.0000,0.0000,0.0063,0.0001,200,16.7306
0.0066,0.0000,0.0000,0.0000,0.0065,0.0001,200,16.7308
0.0076,0.0000,0.0000,0.0000,0.0073,0.0002,200,16.7314
0.0068,0.0000,0.0000,0.0000,0.0067,0.0001,200,16.7370
0.0073,0.0000,0.0000,0.0000,0.0072,0.0000,200,16.7368
0.0077,0.0000,0.0000,0.0000,0.0076,0.0000,200,16.7374
0.0071,0.0000,0.0000,0.0000,0.0069,0.0001,200,16.7390
0.0069,0.0000,0.0000,0.0000,0.0068,0.0001,200,16.7439
0.0068,0.0000,0.0000,0.0000,0.0067,0.0000,200,16.7441
0.0070,0.0000,0.0000,0.0000,0.0069,0.0001,200,16.7451
0.0069,0.0000,0.0000,0.0000,0.0068,0.0000,200,16.7461
0.0068,0.0000,0.0000,0.0000,0.0068,0.0000,200,16.7509
0.0070,0.0000,0.0000,0.0000,0.0068,0.0002,200,16.7508
0.0063,0.0000,0.0000,0.0000,0.0063,0.0000,200,16.7521
0.0100,0.0000,0.0000,0.0000,0.0099,0.0001,200,16.7530
0.0066,0.0000,0.0000,0.0000,0.0065,0.0001,200,16.7577
0.0066,0.0000,0.0000,0.0000,0.0065,0.0001,200,16.7578
0.0069,0.0000,0.0000,0.0000,0.0066,0.0002,200,16.7584
0.0067,0.0000,0.0000,0.0000,0.0066,0.0001,200,16.7629
0.0070,0.0000,0.0000,0.0000,0.0069,0.0001,200,16.7644
0.0066,0.0000,0.0000,0.0000,0.0066,0.0000,200,16.7653
0.0076,0.0000,0.0000,0.0001,0.0068,0.0001,200,16.7645
0.0070,0.0000,0.0000,0.0000,0.0069,0.0001,200,16.7696
0.0063,0.0000,0.0000,0.0000,0.0062,0.0000,200,16.7714
0.0067,0.0000,0.0000,0.0000,0.0066,0.0001,200,16.7719
0.0075,0.0000,0.0000,0.0000,0.0073,0.0001,200,16.7720
0.0073,0.0000,0.0000,0.0000,0.0072,0.0001,200,16.7766
0.0068,0.0000,0.0000,0.0000,0.0066,0.0001,200,16.7777
0.0074,0.0000,0.0000,0.0001,0.0071,0.0001,200,16.7787
0.0072,0.0000,0.0000,0.0000,0.0071,0.0000,200,16.7795
0.0071,0.0000,0.0000,0.0000,0.0069,0.0001,200,16.7839
0.0083,0.0000,0.0000,0.0000,0.0082,0.0000,200,16.7844
0.0071,0.0000,0.0000,0.0001,0.0070,0.0000,200,16.7867
0.0082,0.0000,0.0000,0.0000,0.0081,0.0001,200,16.7860
0.0066,0.0000,0.0000,0.0000,0.0064,0.0001,200,16.7911
0.0064,0.0000,0.0000,0.0000,0.0063,0.0000,200,16.7927
0.0069,0.0000,0.0000,0.0000,0.0068,0.0001,200,16.7938
0.0076,0.0000,0.0000,0.0000,0.0075,0.0001,200,16.7943
0.0065,0.0000,0.0000,0.0000,0.0063,0.0001,200,16.7976
0.0081,0.0000,0.0000,0.0000,0.0080,0.0001,200,16.7991
0.0077,0.0000,0.0000,0.0000,0.0076,0.0001,200,16.8007
0.0069,0.0000,0.0000,0.0000,0.0068,0.0001,200,16.8018
0.0067,0.0000,0.0000,0.0000,0.0065,0.0001,200,16.8041
0.0070,0.0000,0.0000,0.0000,0.0069,0.0001,200,16.8073
0.0070,0.0000,0.0000,0.0000,0.0069,0.0001,200,16.8084
0.0069,0.0000,0.0000,0.0001,0.0068,0.0000,200,16.8088
0.0067,0.0000,0.0000,0.0000,0.0064,0.0000,200,16.8107
0.0078,0.0000,0.0000,0.0000,0.0076,0.0001,200,16.8143
0.0068,0.0000,0.0000,0.0000,0.0067,0.0000,200,16.8155
0.0066,0.0000,0.0000,0.0000,0.0065,0.0000,200,16.8157
0.0111,0.0000,0.0000,0.0000,0.0110,0.0001,200,16.8174
0.0065,0.0000,0.0000,0.0000,0.0064,0.0000,200,16.8223
0.0067,0.0000,0.0000,0.0000,0.0067,0.0000,200,16.8223
0.0074,0.0000,0.0000,0.0000,0.0073,0.0000,200,16.8221
0.0066,0.0000,0.0000,0.0000,0.0065,0.0001,200,16.8290
0.0067,0.0000,0.0000,0.0000,0.0066,0.0001,200,16.8288
0.0068,0.0000,0.0000,0.0000,0.0068,0.0000,200,16.8295
0.0090,0.0000,0.0000,0.0000,0.0089,0.0000,200,16.8285
0.0074,0.0000,0.0000,0.0000,0.0072,0.0001,200,16.8356
0.0075,0.0000,0.0000,0.0000,0.0074,0.0000,200,16.8356
0.0075,0.0000,0.0000,0.0000,0.0074,0.0001,200,16.8364
0.0077,0.0000,0.0000,0.0000,0.0076,0.0001,200,16.8375
0.0070,0.0000,0.0000,0.0000,0.0068,0.0001,200,16.8431
0.0071,0.0000,0.0000,0.0000,0.0071,0.0000,200,16.8429
0.0071,0.0000,0.0000,0.0000,0.0070,0.0000,200,16.8439
0.0064,0.0000,0.0000,0.0000,0.0063,0.0000,200,16.8452
0.0067,0.0000,0.0000,0.0001,0.0065,0.0000,200,16.8501
0.0067,0.0000,0.0000,0.0000,0.0066,0.0001,200,16.8501
0.0062,0.0000,0.0000,0.0000,0.0061,0.0000,200,16.8510
0.0066,0.0000,0.0000,0.0000,0.0065,0.0001,200,16.8515
0.0069,0.0000,0.0000,0.0000,0.0067,0.0001,200,16.8568
0.0070,0.0000,0.0000,0.0000,0.0069,0.0000,200,16.8568
0.0064,0.0000,0.0000,0.0000,0.0063,0.0000,200,16.8581
0.0097,0.0000,0.0000,0.0000,0.0097,0.0001,200,16.8572
0.0068,0.0000,0.0000,0.0000,0.0067,0.0001,200,16.8636
0.0064,0.0000,0.0000,0.0000,0.0063,0.0000,200,16.8645
0.0089,0.0000,0.0000,0.0000,0.0088,0.0001,200,16.8638
0.0064,0.0000,0.0000,0.0000,0.0063,0.0000,200,16.8669
0.0069,0.0000,0.0000,0.0000,0.0068,0.0001,200,16.8705
0.0065,0.0000,0.0000,0.0000,0.0064,0.0000,200,16.8727
0.0089,0.0000,0.0000,0.0000,0.0062,0.0000,200,16.8709
0.0067,0.0000,0.0000,0.0000,0.0066,0.0000,200,16.8734
0.0073,0.0000,0.0000,0.0000,0.0071,0.0001,200,16.8774
0.0065,0.0000,0.0000,0.0000,0.0064,0.0001,200,16.8792
0.0065,0.0000,0.0000,0.0000,0.0065,0.0000,200,16.8801
0.0069,0.0000,0.0000,0.0000,0.0068,0.0000,200,16.8797
0.0076,0.0000,0.0000,0.0000,0.0074,0.0001,200,16.8847
0.0072,0.0000,0.0000,0.0000,0.0071,0.0001,200,16.8857
0.0064,0.0000,0.0000,0.0000,0.0063,0.0000,200,16.8866
0.0065,0.0000,0.0000,0.0000,0.0064,0.0000,200,16.8866
0.0070,0.0000,0.0000,0.0000,0.0069,0.0001,200,16.8922
0.0066,0.0000,0.0000,0.0000,0.0065,0.0001,200,16.8929
0.0065,0.0000,0.0000,0.0002,0.0063,0.0000,200,16.8930
0.0066,0.0000,0.0000,0.0000,0.0065,0.0000,200,16.8931
0.0069,0.0000,0.0000,0.0000,0.0068,0.0001,200,16.8992
0.0067,0.0000,0.0000,0.0000,0.0066,0.0000,200,16.8995
0.0071,0.0000,0.0000,0.0000,0.0071,0.0000,200,16.8997
0.0078,0.0000,0.0000,0.0000,0.0076,0.0002,200,16.8995
0.0071,0.0000,0.0000,0.0000,0.0070,0.0001,200,16.9061
0.0065,0.0000,0.0000,0.0000,0.0065,0.0000,200,16.9068
0.0072,0.0000,0.0000,0.0000,0.0072,0.0000,200,16.9061
0.0065,0.0000,0.0000,0.0000,0.0065,0.0000,200,16.9074
0.0079,0.0000,0.0000,0.0000,0.0078,0.0001,200,16.9133
0.0078,0.0000,0.0000,0.0000,0.0077,0.0000,200,16.9139
0.0103,0.0000,0.0000,0.0000,0.0102,0.0001,200,16.9132
0.0102,0.0000,0.0000,0.0000,0.0101,0.0001,200,16.9134
0.0071,0.0000,0.0000,0.0000,0.0069,0.0002,200,16.9217
0.0077,0.0000,0.0000,0.0000,0.0076,0.0000,200,16.9212
0.0097,0.0000,0.0000,0.0000,0.0096,0.0001,200,16.9235
0.0098,0.0000,0.0000,0.0000,0.0097,0.0000,200,16.9235
0.0070,0.0000,0.0000,0.0000,0.0068,0.0001,200,16.9290
0.0072,0.0000,0.0000,0.0000,0.0069,0.0000,200,16.9288
0.0074,0.0000,0.0000,0.0000,0.0073,0.0001,200,16.9332
0.0074,0.0000,0.0000,0.0000,0.0074,0.0000,200,16.9334
0.0063,0.0000,0.0000,0.0000,0.0062,0.0001,200,16.9360
0.0075,0.0000,0.0000,0.0000,0.0074,0.0001,200,16.9360
0.0066,0.0000,0.0000,0.0000,0.0065,0.0001,200,16.9408
0.0068,0.0000,0.0000,0.0000,0.0067,0.0000,200,16.9406
0.0065,0.0000,0.0000,0.0000,0.0064,0.0001,200,16.9423
0.0067,0.0000,0.0000,0.0000,0.0066,0.0001,200,16.9435
0.0065,0.0000,0.0000,0.0000,0.0064,0.0001,200,16.9474
0.0078,0.0000,0.0000,0.0000,0.0076,0.0001,200,16.9474
0.0070,0.0000,0.0000,0.0000,0.0070,0.0000,200,16.9488
0.0088,0.0000,0.0000,0.0000,0.0087,0.0001,200,16.9502
0.0077,0.0000,0.0000,0.0000,0.0076,0.0001,200,16.9539
0.0067,0.0000,0.0000,0.0000,0.0066,0.0000,200,16.9551
0.0067,0.0000,0.0000,0.0000,0.0066,0.0000,200,16.9558
0.0065,0.0000,0.0000,0.0000,0.0063,0.0001,200,16.9590
0.0067,0.0000,0.0000,0.0000,0.0066,0.0001,200,16.9618
0.0069,0.0000,0.0000,0.0000,0.0069,0.0000,200,16.9616
0.0063,0.0000,0.0000,0.0000,0.0062,0.0000,200,16.9626
0.0066,0.0000,0.0000,0.0000,0.0064,0.0001,200,16.9655
0.0071,0.0000,0.0000,0.0000,0.0070,0.0000,200,16.9686
0.0068,0.0000,0.0000,0.0000,0.0067,0.0000,200,16.9688
0.0072,0.0000,0.0000,0.0000,0.0071,0.0000,200,16.9685
0.0072,0.0000,0.0000,0.0000,0.0071,0.0001,200,16.9721
0.0066,0.0000,0.0000,0.0000,0.0065,0.0001,200,16.9756
0.0066,0.0000,0.0000,0.0000,0.0065,0.0000,200,16.9756
0.0068,0.0000,0.0000,0.0000,0.0067,0.0000,200,16.9757
0.0071,0.0000,0.0000,0.0000,0.0070,0.0001,200,16.9793
0.0069,0.0000,0.0000,0.0000,0.0068,0.0000,200,16.9822
0.0068,0.0000,0.0000,0.0000,0.0066,0.0002,200,16.9825
0.0088,0.0000,0.0000,0.0000,0.0086,0.0001,200,16.9822
0.0070,0.0000,0.0000,0.0000,0.0069,0.0001,200,16.9864
0.0065,0.0000,0.0000,0.0002,0.0062,0.0001,200,16.9892
0.0075,0.0000,0.0000,0.0000,0.0074,0.0000,200,16.9891
0.0065,0.0000,0.0000,0.0000,0.0064,0.0001,200,16.9910
0.0062,0.0000,0.0000,0.0000,0.0061,0.0001,200,16.9933
0.0067,0.0000,0.0000,0.0000,0.0065,0.0002,200,16.9957
0.0065,0.0000,0.0000,0.0000,0.0064,0.0001,200,16.9974
0.0089,0.0000,0.0000,0.0000,0.0087,0.0001,200,16.9966
0.0061,0.0000,0.0000,0.0000,0.0060,0.0000,200,16.9995
0.0066,0.0000,0.0000,0.0000,0.0065,0.0001,200,17.0024
0.0068,0.0000,0.0000,0.0000,0.0067,0.0000,200,17.0040
0.0067,0.0000,0.0000,0.0000,0.0066,0.0001,200,17.0055
0.0066,0.0000,0.0000,0.0000,0.0065,0.0000,200,17.0056
0.0068,0.0000,0.0000,0.0000,0.0067,0.0001,200,17.0107
0.0064,0.0000,0.0000,0.0000,0.0063,0.0000,200,17.0122
0.0088,0.0000,0.0000,0.0000,0.0087,0.0001,200,17.0122
0.0142,0.0000,0.0000,0.0000,0.0141,0.0001,200,17.0090
0.0064,0.0000,0.0000,0.0000,0.0063,0.0000,200,17.0175
0.0065,0.0000,0.0000,0.0000,0.0064,0.0001,200,17.0185
0.0065,0.0000,0.0000,0.0000,0.0064,0.0001,200,17.0210
0.0066,0.0000,0.0000,0.0000,0.0064,0.0001,200,17.0232
0.0065,0.0000,0.0000,0.0000,0.0064,0.0000,200,17.0239
0.0066,0.0000,0.0000,0.0001,0.0065,0.0001,200,17.0250
0.0065,0.0000,0.0000,0.0000,0.0064,0.0001,200,17.0275
0.0066,0.0000,0.0000,0.0000,0.0065,0.0001,200,17.0298
0.0086,0.0000,0.0000,0.0000,0.0084,0.0001,200,17.0304
0.0079,0.0000,0.0000,0.0000,0.0078,0.0000,200,17.0317
0.0080,0.0000,0.0000,0.0000,0.0079,0.0001,200,17.0340
0.0094,0.0000,0.0000,0.0000,0.0093,0.0000,200,17.0363
0.0068,0.0000,0.0000,0.0000,0.0068,0.0000,200,17.0389
0.0066,0.0000,0.0000,0.0000,0.0065,0.0000,200,17.0395
0.0076,0.0000,0.0000,0.0000,0.0075,0.0001,200,17.0420
0.0068,0.0000,0.0000,0.0000,0.0066,0.0001,200,17.0458
0.0068,0.0000,0.0000,0.0000,0.0068,0.0000,200,17.0461
0.0078,0.0000,0.0000,0.0000,0.0077,0.0000,200,17.0458
0.0074,0.0000,0.0000,0.0000,0.0073,0.0001,200,17.0496
0.0072,0.0000,0.0000,0.0000,0.0071,0.0001,200,17.0525
0.0071,0.0000,0.0000,0.0000,0.0070,0.0000,200,17.0530
0.0074,0.0000,0.0000,0.0000,0.0073,0.0000,200,17.0536
0.0070,0.0000,0.0000,0.0000,0.0069,0.0000,200,17.0570
0.0068,0.0000,0.0000,0.0000,0.0067,0.0001,200,17.0597
0.0066,0.0000,0.0000,0.0000,0.0066,0.0000,200,17.0600
0.0065,0.0000,0.0000,0.0000,0.0064,0.0000,200,17.0610
0.0066,0.0000,0.0000,0.0000,0.0065,0.0000,200,17.0640
0.0068,0.0000,0.0000,0.0000,0.0067,0.0001,200,17.0665
0.0069,0.0000,0.0000,0.0000,0.0069,0.0000,200,17.0666
0.0064,0.0000,0.0000,0.0000,0.0063,0.0000,200,17.0675
0.0067,0.0000,0.0000,0.0000,0.0065,0.0001,200,17.0706
0.0067,0.0000,0.0000,0.0000,0.0066,0.0001,200,17.0736
0.0065,0.0000,0.0000,0.0000,0.0065,0.0000,200,17.0739
0.0072,0.0000,0.0000,0.0000,0.0071,0.0000,200,17.0733
0.0067,0.0000,0.0000,0.0000,0.0065,0.0001,200,17.0773
0.0067,0.0000,0.0000,0.0000,0.0064,0.0003,200,17.0804
0.0074,0.0000,0.0000,0.0000,0.0073,0.0000,200,17.0802
0.0071,0.0000,0.0000,0.0000,0.0070,0.0000,200,17.0806
0.0076,0.0000,0.0000,0.0000,0.0074,0.0001,200,17.0841
0.0072,0.0000,0.0000,0.0000,0.0066,0.0006,200,17.0872
0.0087,0.0000,0.0000,0.0000,0.0087,0.0000,200,17.0876
0.0088,0.0000,0.0000,0.0000,0.0088,0.0000,200,17.0877
0.0072,0.0000,0.0000,0.0000,0.0071,0.0000,200,17.0916
0.0068,0.0000,0.0000,0.0000,0.0067,0.0000,200,17.0964
0.0088,0.0000,0.0000,0.0001,0.0081,0.0005,200,17.0944
0.0074,0.0000,0.0000,0.0000,0.0063,0.0010,200,17.0965
0.0072,0.0000,0.0000,0.0000,0.0071,0.0001,200,17.0988
0.0067,0.0000,0.0000,0.0002,0.0064,0.0001,200,17.1032
0.0067,0.0000,0.0000,0.0000,0.0066,0.0000,200,17.1032
0.0086,0.0000,0.0000,0.0000,0.0084,0.0001,200,17.1039
0.0069,0.0000,0.0000,0.0000,0.0068,0.0000,200,17.1060
0.0067,0.0000,0.0000,0.0000,0.0066,0.0001,200,17.1099
0.0067,0.0000,0.0000,0.0000,0.0066,0.0000,200,17.1099
0.0066,0.0000,0.0000,0.0000,0.0065,0.0001,200,17.1124
0.0069,0.0000,0.0000,0.0000,0.0063,0.0005,200,17.1129
0.0100,0.0000,0.0000,0.0000,0.0098,0.0002,200,17.1166
0.0076,0.0000,0.0000,0.0000,0.0075,0.0001,200,17.1190
0.0101,0.0000,0.0000,0.0000,0.0099,0.0001,200,17.1166
0.0114,0.0000,0.0000,0.0000,0.0111,0.0002,200,17.1198
0.0072,0.0000,0.0000,0.0001,0.0070,0.0001,200,17.1267
0.0073,0.0000,0.0000,0.0000,0.0072,0.0000,200,17.1267
0.0074,0.0000,0.0000,0.0000,0.0073,0.0000,200,17.1266
0.0075,0.0000,0.0000,0.0002,0.0072,0.0001,200,17.1311
0.0067,0.0000,0.0000,0.0000,0.0067,0.0001,200,17.1340
0.0069,0.0000,0.0000,0.0000,0.0066,0.0003,200,17.1340
0.0077,0.0000,0.0000,0.0000,0.0076,0.0000,200,17.1338
0.0073,0.0000,0.0000,0.0000,0.0072,0.0001,200,17.1387
0.0070,0.0000,0.0000,0.0000,0.0069,0.0000,200,17.1409
0.0067,0.0000,0.0000,0.0000,0.0066,0.0001,200,17.1416
0.0100,0.0000,0.0000,0.0000,0.0099,0.0001,200,17.1407
0.0066,0.0000,0.0000,0.0000,0.0065,0.0001,200,17.1460
0.0087,0.0000,0.0000,0.0000,0.0086,0.0001,200,17.1483
0.0091,0.0000,0.0000,0.0000,0.0090,0.0000,200,17.1479
0.0070,0.0000,0.0000,0.0000,0.0069,0.0001,200,17.1506
0.0094,0.0000,0.0000,0.0000,0.0087,0.0006,200,17.1526
0.0069,0.0000,0.0000,0.0000,0.0068,0.0001,200,17.1570
0.0071,0.0000,0.0000,0.0000,0.0070,0.0001,200,17.1570
0.0080,0.0000,0.0000,0.0000,0.0079,0.0001,200,17.1577
0.0069,0.0000,0.0000,0.0000,0.0068,0.0001,200,17.1621
0.0071,0.0000,0.0000,0.0002,0.0067,0.0001,200,17.1639
0.0077,0.0000,0.0000,0.0008,0.0068,0.0000,200,17.1641
0.0073,0.0000,0.0000,0.0000,0.0071,0.0000,200,17.1657
0.0069,0.0000,0.0000,0.0000,0.0068,0.0001,200,17.1691
0.0087,0.0000,0.0000,0.0000,0.0086,0.0000,200,17.1709
0.0067,0.0000,0.0000,0.0000,0.0066,0.0000,200,17.1730
0.0080,0.0000,0.0000,0.0000,0.0077,0.0002,200,17.1718
0.0068,0.0000,0.0000,0.0000,0.0067,0.0001,200,17.1798
0.0071,0.0000,0.0000,0.0000,0.0070,0.0000,200,17.1796
0.0071,0.0000,0.0000,0.0000,0.0063,0.0000,200,17.1797
0.0108,0.0000,0.0000,0.0000,0.0107,0.0000,200,17.1760
0.0070,0.0000,0.0000,0.0000,0.0069,0.0001,200,17.1866
0.0068,0.0000,0.0000,0.0000,0.0067,0.0001,200,17.1868
0.0069,0.0000,0.0000,0.0000,0.0068,0.0000,200,17.1868
0.0071,0.0000,0.0000,0.0000,0.0069,0.0002,200,17.1867
0.0072,0.0000,0.0000,0.0000,0.0071,0.0001,200,17.1936
0.0075,0.0000,0.0000,0.0000,0.0075,0.0000,200,17.1936
0.0076,0.0000,0.0000,0.0000,0.0074,0.0001,200,17.1936
0.0099,0.0000,0.0000,0.0000,0.0098,0.0001,200,17.1937
0.0068,0.0000,0.0000,0.0000,0.0067,0.0001,200,17.2012
0.0069,0.0000,0.0000,0.0000,0.0068,0.0000,200,17.2012
0.0065,0.0000,0.0000,0.0000,0.0064,0.0000,200,17.2037
0.0067,0.0000,0.0000,0.0000,0.0066,0.0001,200,17.2080
0.0067,0.0000,0.0000,0.0000,0.0067,0.0000,200,17.2081
0.0063,0.0000,0.0000,0.0000,0.0062,0.0001,200,17.2102
0.0066,0.0000,0.0000,0.0000,0.0065,0.0001,200,17.2147
0.0070,0.0000,0.0000,0.0000,0.0069,0.0001,200,17.2213
0.0065,0.0000,0.0000,0.0000,0.0063,0.0001,200,17.2283
0.0070,0.0000,0.0000,0.0000,0.0069,0.0001,200,17.2348
0.0066,0.0000,0.0000,0.0000,0.0065,0.0001,200,17.2417
0.0066,0.0000,0.0000,0.0000,0.0065,0.0001,200,17.2483
