response-time,DNS+dialup,DNS,Request-write,Response-delay,Response-read,status-code,offset
0.0130,0.0003,0.0001,0.0001,0.0124,0.0001,200,0.0002
0.0133,0.0003,0.0001,0.0001,0.0127,0.0000,200,0.0001
0.0133,0.0004,0.0000,0.0001,0.0127,0.0001,200,0.0002
0.0157,0.0003,0.0002,0.0001,0.0152,0.0000,200,0.0003
0.0119,0.0000,0.0000,0.0000,0.0117,0.0002,200,0.0133
0.0118,0.0000,0.0000,0.0000,0.0117,0.0000,200,0.0135
0.0127,0.0000,0.0000,0.0000,0.0127,0.0000,200,0.0134
0.0118,0.0000,0.0000,0.0000,0.0117,0.0001,200,0.0160
0.0115,0.0000,0.0000,0.0000,0.0114,0.0001,200,0.0253
0.0118,0.0000,0.0000,0.0000,0.0117,0.0000,200,0.0252
0.0335,0.0000,0.0000,0.0000,0.0334,0.0001,200,0.0368
0.0334,0.0000,0.0000,0.0000,0.0333,0.0000,200,0.0370
0.0442,0.0000,0.0000,0.0000,0.0441,0.0000,200,0.0261
0.0426,0.0000,0.0000,0.0000,0.0424,0.0001,200,0.0278
0.0065,0.0000,0.0000,0.0000,0.0064,0.0001,200,0.0703
0.0070,0.0000,0.0000,0.0000,0.0070,0.0000,200,0.0703
0.0070,0.0000,0.0000,0.0000,0.0070,0.0000,200,0.0703
0.0081,0.0000,0.0000,0.0000,0.0080,0.0000,200,0.0704
0.0069,0.0000,0.0000,0.0000,0.0067,0.0001,200,0.0768
0.0063,0.0000,0.0000,0.0000,0.0063,0.0000,200,0.0774
0.0072,0.0000,0.0000,0.0000,0.0071,0.0001,200,0.0774
0.0061,0.0000,0.0000,0.0000,0.0061,0.0000,200,0.0785
0.0066,0.0000,0.0000,0.0000,0.0065,0.0001,200,0.0837
0.0069,0.0000,0.0000,0.0000,0.0068,0.0001,200,0.0837
0.0065,0.0000,0.0000,0.0000,0.0065,0.0000,200,0.0845
0.0066,0.0000,0.0000,0.0000,0.0066,0.0000,200,0.0846
0.0076,0.0000,0.0000,0.0000,0.0075,0.0000,200,0.0903
0.0068,0.0000,0.0000,0.0000,0.0067,0.0000,200,0.0912
0.0069,0.0000,0.0000,0.0000,0.0068,0.0000,200,0.0911
0.0075,0.0000,0.0000,0.0000,0.0074,0.0000,200,0.0906
0.0065,0.0000,0.0000,0.0000,0.0064,0.0001,200,0.0980
0.0065,0.0000,0.0000,0.0000,0.0065,0.0000,200,0.0980
0.0065,0.0000,0.0000,0.0000,0.0064,0.0000,200,0.0980
0.0066,0.0000,0.0000,0.0001,0.0065,0.0000,200,0.0980
0.0061,0.0000,0.0000,0.0000,0.0060,0.0000,200,0.1045
0.0061,0.0000,0.0000,0.0000,0.0060,0.0000,200,0.1045
0.0061,0.0000,0.0000,0.0000,0.0061,0.0000,200,0.1045
0.0061,0.0000,0.0000,0.0000,0.0060,0.0001,200,0.1046
0.0063,0.0000,0.0000,0.0000,0.0062,0.0001,200,0.1106
0.0064,0.0000,0.0000,0.0000,0.0063,0.0000,200,0.1106
0.0064,0.0000,0.0000,0.0000,0.0064,0.0000,200,0.1106
0.0067,0.0000,0.0000,0.0000,0.0067,0.0000,200,0.1106
0.0070,0.0000,0.0000,0.0000,0.0068,0.0001,200,0.1170
0.0074,0.0000,0.0000,0.0000,0.0073,0.0000,200,0.1169
0.0075,0.0000,0.0000,0.0000,0.0074,0.0000,200,0.1170
0.0097,0.0000,0.0000,0.0000,0.0096,0.0001,200,0.1173
0.0063,0.0000,0.0000,0.0000,0.0062,0.0001,200,0.1241
0.0061,0.0000,0.0000,0.0000,0.0060,0.0000,200,0.1243
0.0069,0.0000,0.0000,0.0000,0.0069,0.0000,200,0.1244
0.0065,0.0000,0.0000,0.0000,0.0065,0.0000,200,0.1270
0.0077,0.0000,0.0000,0.0000,0.0076,0.0001,200,0.1314
0.0088,0.0000,0.0000,0.0000,0.0087,0.0000,200,0.1303
0.0093,0.0000,0.0000,0.0000,0.0092,0.0000,200,0.1303
0.0066,0.0000,0.0000,0.0000,0.0065,0.0001,200,0.1335
0.0064,0.0000,0.0000,0.0000,0.0063,0.0001,200,0.1391
0.0072,0.0000,0.0000,0.0000,0.0071,0.0000,200,0.1391
0.0067,0.0000,0.0000,0.0000,0.0067,0.0000,200,0.1396
0.0062,0.0000,0.0000,0.0000,0.0062,0.0000,200,0.1401
0.0074,0.0000,0.0000,0.0000,0.0073,0.0001,200,0.1456
0.0066,0.0000,0.0000,0.0000,0.0065,0.0001,200,0.1463
0.0068,0.0000,0.0000,0.0000,0.0067,0.0000,200,0.1463
0.0067,0.0000,0.0000,0.0000,0.0067,0.0000,200,0.1464
0.0063,0.0000,0.0000,0.0000,0.0062,0.0001,200,0.1529
0.0063,0.0000,0.0000,0.0000,0.0062,0.0000,200,0.1529
0.0062,0.0000,0.0000,0.0000,0.0062,0.0000,200,0.1531
0.0062,0.0000,0.0000,0.0000,0.0062,0.0000,200,0.1531
0.0066,0.0000,0.0000,0.0000,0.0065,0.0001,200,0.1592
0.0067,0.0000,0.0000,0.0000,0.0067,0.0000,200,0.1593
0.0081,0.0000,0.0000,0.0000,0.0080,0.0000,200,0.1593
0.0082,0.0000,0.0000,0.0000,0.0082,0.0000,200,0.1592
0.0066,0.0000,0.0000,0.0000,0.0065,0.0001,200,0.1658
0.0066,0.0000,0.0000,0.0001,0.0065,0.0000,200,0.1660
0.0062,0.0000,0.0000,0.0000,0.0062,0.0000,200,0.1674
0.0062,0.0000,0.0000,0.0000,0.0061,0.0000,200,0.1674
0.0066,0.0000,0.0000,0.0000,0.0064,0.0001,200,0.1725
0.0070,0.0000,0.0000,0.0000,0.0070,0.0000,200,0.1726
0.0061,0.0000,0.0000,0.0000,0.0060,0.0000,200,0.1737
0.0064,0.0000,0.0000,0.0000,0.0063,0.0000,200,0.1736
0.0063,0.0000,0.0000,0.0000,0.0062,0.0001,200,0.1790
0.0060,0.0000,0.0000,0.0000,0.0060,0.0000,200,0.1796
0.0061,0.0000,0.0000,0.0000,0.0061,0.0000,200,0.1797
0.0061,0.0000,0.0000,0.0000,0.0060,0.0000,200,0.1800
0.0066,0.0000,0.0000,0.0000,0.0065,0.0001,200,0.1854
0.0064,0.0000,0.0000,0.0000,0.0064,0.0000,200,0.1856
0.0063,0.0000,0.0000,0.0000,0.0063,0.0000,200,0.1858
0.0066,0.0000,0.0000,0.0000,0.0062,0.0001,200,0.1861
0.0064,0.0000,0.0000,0.0000,0.0064,0.0001,200,0.1921
0.0067,0.0000,0.0000,0.0000,0.0066,0.0000,200,0.1920
0.0066,0.0000,0.0000,0.0000,0.0066,0.0000,200,0.1921
0.0062,0.0000,0.0000,0.0000,0.0061,0.0000,200,0.1926
0.0065,0.0000,0.0000,0.0000,0.0064,0.0001,200,0.1986
0.0064,0.0000,0.0000,0.0000,0.0063,0.0001,200,0.1987
0.0068,0.0000,0.0000,0.0000,0.0067,0.0000,200,0.1988
0.0071,0.0000,0.0000,0.0000,0.0071,0.0000,200,0.1986
0.0069,0.0000,0.0000,0.0000,0.0069,0.0000,200,0.2050
0.0069,0.0000,0.0000,0.0000,0.0069,0.0000,200,0.2050
0.0062,0.0000,0.0000,0.0000,0.0062,0.0001,200,0.2058
0.0065,0.0000,0.0000,0.0000,0.0063,0.0001,200,0.2056
0.0064,0.0000,0.0000,0.0000,0.0063,0.0001,200,0.2121
0.0067,0.0000,0.0000,0.0000,0.0066,0.0000,200,0.2120
0.0067,0.0000,0.0000,0.0000,0.0066,0.0000,200,0.2120
0.0068,0.0000,0.0000,0.0000,0.0068,0.0000,200,0.2120
0.0063,0.0000,0.0000,0.0000,0.0062,0.0000,200,0.2187
0.0065,0.0000,0.0000,0.0000,0.0064,0.0000,200,0.2185
0.0063,0.0000,0.0000,0.0000,0.0063,0.0000,200,0.2187
0.0066,0.0000,0.0000,0.0000,0.0065,0.0000,200,0.2188
0.0064,0.0000,0.0000,0.0000,0.0063,0.0001,200,0.2250
0.0064,0.0000,0.0000,0.0000,0.0063,0.0001,200,0.2250
0.0062,0.0000,0.0000,0.0000,0.0061,0.0000,200,0.2254
0.0068,0.0000,0.0000,0.0000,0.0067,0.0000,200,0.2250
0.0067,0.0000,0.0000,0.0000,0.0066,0.0001,200,0.2314
0.0067,0.0000,0.0000,0.0000,0.0066,0.0001,200,0.2314
0.0066,0.0000,0.0000,0.0000,0.0065,0.0000,200,0.2316
0.0064,0.0000,0.0000,0.0000,0.0064,0.0000,200,0.2317
0.0065,0.0000,0.0000,0.0000,0.0064,0.0001,200,0.2381
0.0065,0.0000,0.0000,0.0000,0.0064,0.0000,200,0.2382
0.0068,0.0000,0.0000,0.0000,0.0067,0.0000,200,0.2382
0.0070,0.0000,0.0000,0.0000,0.0070,0.0000,200,0.2381
0.0067,0.0000,0.0000,0.0000,0.0066,0.0001,200,0.2445
0.0069,0.0000,0.0000,0.0000,0.0068,0.0000,200,0.2447
0.0068,0.0000,0.0000,0.0000,0.0067,0.0000,200,0.2450
0.0075,0.0000,0.0000,0.0000,0.0074,0.0000,200,0.2451
0.0066,0.0000,0.0000,0.0000,0.0064,0.0001,200,0.2513
0.0062,0.0000,0.0000,0.0000,0.0061,0.0000,200,0.2517
0.0065,0.0000,0.0000,0.0000,0.0065,0.0000,200,0.2516
0.0061,0.0000,0.0000,0.0000,0.0060,0.0000,200,0.2526
0.0065,0.0000,0.0000,0.0000,0.0064,0.0001,200,0.2578
0.0070,0.0000,0.0000,0.0000,0.0069,0.0001,200,0.2581
0.0064,0.0000,0.0000,0.0000,0.0064,0.0000,200,0.2587
0.0080,0.0000,0.0000,0.0000,0.0079,0.0000,200,0.2579
0.0068,0.0000,0.0000,0.0000,0.0067,0.0001,200,0.2651
0.0061,0.0000,0.0000,0.0000,0.0060,0.0000,200,0.2659
0.0079,0.0000,0.0000,0.0000,0.0078,0.0001,200,0.2643
0.0073,0.0000,0.0000,0.0000,0.0073,0.0000,200,0.2651
0.0066,0.0000,0.0000,0.0000,0.0066,0.0001,200,0.2720
0.0063,0.0000,0.0000,0.0000,0.0062,0.0001,200,0.2724
0.0064,0.0000,0.0000,0.0000,0.0064,0.0000,200,0.2723
0.0068,0.0000,0.0000,0.0000,0.0067,0.0000,200,0.2719
0.0066,0.0000,0.0000,0.0000,0.0064,0.0001,200,0.2787
0.0066,0.0000,0.0000,0.0000,0.0065,0.0000,200,0.2787
0.0068,0.0000,0.0000,0.0000,0.0067,0.0000,200,0.2787
0.0071,0.0000,0.0000,0.0000,0.0070,0.0000,200,0.2787
0.0067,0.0000,0.0000,0.0000,0.0066,0.0001,200,0.2853
0.0069,0.0000,0.0000,0.0000,0.0068,0.0000,200,0.2852
0.0067,0.0000,0.0000,0.0000,0.0066,0.0000,200,0.2855
0.0063,0.0000,0.0000,0.0000,0.0062,0.0000,200,0.2858
0.0065,0.0000,0.0000,0.0000,0.0064,0.0000,200,0.2919
0.0063,0.0000,0.0000,0.0000,0.0062,0.0000,200,0.2921
0.0063,0.0000,0.0000,0.0000,0.0062,0.0000,200,0.2921
0.0064,0.0000,0.0000,0.0000,0.0063,0.0001,200,0.2921
0.0064,0.0000,0.0000,0.0000,0.0063,0.0001,200,0.2985
0.0064,0.0000,0.0000,0.0000,0.0063,0.0000,200,0.2985
0.0065,0.0000,0.0000,0.0000,0.0064,0.0000,200,0.2985
0.0064,0.0000,0.0000,0.0000,0.0064,0.0000,200,0.2985
0.0064,0.0000,0.0000,0.0000,0.0063,0.0001,200,0.3049
0.0064,0.0000,0.0000,0.0000,0.0064,0.0000,200,0.3049
0.0064,0.0000,0.0000,0.0000,0.0063,0.0000,200,0.3050
0.0071,0.0000,0.0000,0.0000,0.0071,0.0000,200,0.3050
0.0064,0.0000,0.0000,0.0000,0.0063,0.0001,200,0.3113
0.0064,0.0000,0.0000,0.0000,0.0064,0.0000,200,0.3113
0.0065,0.0000,0.0000,0.0000,0.0064,0.0000,200,0.3113
0.0061,0.0000,0.0000,0.0000,0.0060,0.0000,200,0.3121
0.0063,0.0000,0.0000,0.0000,0.0063,0.0000,200,0.3178
0.0063,0.0000,0.0000,0.0000,0.0062,0.0001,200,0.3178
0.0064,0.0000,0.0000,0.0000,0.0062,0.0001,200,0.3178
0.0061,0.0000,0.0000,0.0000,0.0061,0.0000,200,0.3182
0.0065,0.0000,0.0000,0.0000,0.0064,0.0001,200,0.3241
0.0066,0.0000,0.0000,0.0000,0.0065,0.0000,200,0.3241
0.0065,0.0000,0.0000,0.0000,0.0064,0.0000,200,0.3243
0.0068,0.0000,0.0000,0.0000,0.0068,0.0000,200,0.3241
0.0068,0.0000,0.0000,0.0000,0.0062,0.0006,200,0.3308
0.0069,0.0000,0.0000,0.0000,0.0068,0.0000,200,0.3307
0.0067,0.0000,0.0000,0.0000,0.0066,0.0000,200,0.3309
0.0071,0.0000,0.0000,0.0000,0.0069,0.0001,200,0.3307
0.0068,0.0000,0.0000,0.0000,0.0066,0.0001,200,0.3377
0.0069,0.0000,0.0000,0.0000,0.0068,0.0000,200,0.3376
0.0070,0.0000,0.0000,0.0000,0.0069,0.0000,200,0.3376
0.0070,0.0000,0.0000,0.0000,0.0069,0.0000,200,0.3376
0.0067,0.0000,0.0000,0.0000,0.0065,0.0001,200,0.3445
0.0066,0.0000,0.0000,0.0000,0.0066,0.0000,200,0.3445
0.0066,0.0000,0.0000,0.0000,0.0065,0.0000,200,0.3446
0.0074,0.0000,0.0000,0.0000,0.0073,0.0000,200,0.3445
0.0063,0.0000,0.0000,0.0000,0.0062,0.0000,200,0.3511
0.0065,0.0000,0.0000,0.0000,0.0065,0.0000,200,0.3512
0.0065,0.0000,0.0000,0.0000,0.0064,0.0001,200,0.3512
0.0089,0.0000,0.0000,0.0000,0.0086,0.0002,200,0.3519
0.0063,0.0000,0.0000,0.0000,0.0062,0.0001,200,0.3577
0.0067,0.0000,0.0000,0.0000,0.0067,0.0000,200,0.3574
0.0065,0.0000,0.0000,0.0000,0.0065,0.0000,200,0.3577
0.0067,0.0000,0.0000,0.0000,0.0066,0.0001,200,0.3608
0.0066,0.0000,0.0000,0.0000,0.0065,0.0000,200,0.3640
0.0064,0.0000,0.0000,0.0000,0.0063,0.0000,200,0.3642
0.0067,0.0000,0.0000,0.0000,0.0067,0.0000,200,0.3642
0.0063,0.0000,0.0000,0.0000,0.0062,0.0000,200,0.3675
0.0067,0.0000,0.0000,0.0000,0.0066,0.0001,200,0.3706
0.0067,0.0000,0.0000,0.0000,0.0067,0.0000,200,0.3706
0.0064,0.0000,0.0000,0.0000,0.0064,0.0000,200,0.3709
0.0064,0.0000,0.0000,0.0000,0.0063,0.0001,200,0.3738
0.0064,0.0000,0.0000,0.0000,0.0064,0.0000,200,0.3774
0.0073,0.0000,0.0000,0.0000,0.0072,0.0000,200,0.3774
0.0087,0.0000,0.0000,0.0000,0.0086,0.0000,200,0.3773
0.0064,0.0000,0.0000,0.0000,0.0063,0.0001,200,0.3802
0.0060,0.0000,0.0000,0.0000,0.0059,0.0000,200,0.3838
0.0061,0.0000,0.0000,0.0000,0.0060,0.0000,200,0.3860
0.0075,0.0000,0.0000,0.0000,0.0075,0.0000,200,0.3846
0.0062,0.0000,0.0000,0.0000,0.0061,0.0000,200,0.3866
0.0070,0.0000,0.0000,0.0000,0.0069,0.0001,200,0.3898
0.0063,0.0000,0.0000,0.0000,0.0062,0.0000,200,0.3921
0.0064,0.0000,0.0000,0.0000,0.0063,0.0000,200,0.3921
0.0068,0.0000,0.0000,0.0000,0.0067,0.0000,200,0.3928
0.0072,0.0000,0.0000,0.0000,0.0071,0.0001,200,0.3969
0.0065,0.0000,0.0000,0.0000,0.0064,0.0000,200,0.3985
0.0071,0.0000,0.0000,0.0000,0.0071,0.0000,200,0.3984
0.0073,0.0000,0.0000,0.0000,0.0072,0.0000,200,0.3996
0.0061,0.0000,0.0000,0.0000,0.0060,0.0000,200,0.4041
0.0061,0.0000,0.0000,0.0000,0.0060,0.0001,200,0.4050
0.0059,0.0000,0.0000,0.0000,0.0059,0.0000,200,0.4056
0.0075,0.0000,0.0000,0.0000,0.0074,0.0001,200,0.4069
0.0063,0.0000,0.0000,0.0000,0.0062,0.0001,200,0.4102
0.0065,0.0000,0.0000,0.0000,0.0064,0.0000,200,0.4115
0.0070,0.0000,0.0000,0.0000,0.0069,0.0000,200,0.4111
0.0080,0.0000,0.0000,0.0000,0.0079,0.0001,200,0.4144
0.0074,0.0000,0.0000,0.0000,0.0073,0.0000,200,0.4165
0.0062,0.0000,0.0000,0.0000,0.0061,0.0000,200,0.4180
0.0064,0.0000,0.0000,0.0000,0.0063,0.0000,200,0.4180
0.0073,0.0000,0.0000,0.0000,0.0072,0.0001,200,0.4223
0.0063,0.0000,0.0000,0.0000,0.0062,0.0000,200,0.4239
0.0063,0.0000,0.0000,0.0000,0.0061,0.0001,200,0.4243
0.0066,0.0000,0.0000,0.0000,0.0066,0.0000,200,0.4244
0.0068,0.0000,0.0000,0.0000,0.0067,0.0001,200,0.4296
0.0064,0.0000,0.0000,0.0000,0.0063,0.0000,200,0.4301
0.0061,0.0000,0.0000,0.0000,0.0060,0.0000,200,0.4305
0.0087,0.0000,0.0000,0.0000,0.0086,0.0001,200,0.4311
0.0070,0.0000,0.0000,0.0000,0.0069,0.0000,200,0.4364
0.0067,0.0000,0.0000,0.0000,0.0067,0.0000,200,0.4367
0.0069,0.0000,0.0000,0.0000,0.0068,0.0001,200,0.4365
0.0083,0.0000,0.0000,0.0000,0.0082,0.0001,200,0.4397
0.0066,0.0000,0.0000,0.0000,0.0065,0.0000,200,0.4434
0.0072,0.0000,0.0000,0.0000,0.0071,0.0000,200,0.4434
0.0075,0.0000,0.0000,0.0000,0.0074,0.0000,200,0.4434
0.0065,0.0000,0.0000,0.0000,0.0064,0.0000,200,0.4480
0.0062,0.0000,0.0000,0.0000,0.0061,0.0000,200,0.4500
0.0062,0.0000,0.0000,0.0000,0.0062,0.0000,200,0.4506
0.0067,0.0000,0.0000,0.0000,0.0067,0.0000,200,0.4509
0.0063,0.0000,0.0000,0.0000,0.0062,0.0001,200,0.4545
0.0067,0.0000,0.0000,0.0000,0.0066,0.0001,200,0.4561
0.0066,0.0000,0.0000,0.0000,0.0065,0.0000,200,0.4568
0.0061,0.0000,0.0000,0.0000,0.0060,0.0000,200,0.4576
0.0065,0.0000,0.0000,0.0000,0.0064,0.0000,200,0.4608
0.0063,0.0000,0.0000,0.0000,0.0062,0.0000,200,0.4628
0.0062,0.0000,0.0000,0.0000,0.0061,0.0000,200,0.4634
0.0060,0.0000,0.0000,0.0000,0.0059,0.0000,200,0.4637
0.0062,0.0000,0.0000,0.0000,0.0061,0.0001,200,0.4673
0.0064,0.0000,0.0000,0.0000,0.0063,0.0001,200,0.4692
0.0060,0.0000,0.0000,0.0000,0.0060,0.0000,200,0.4696
0.0075,0.0000,0.0000,0.0007,0.0063,0.0001,200,0.4696
0.0072,0.0000,0.0000,0.0000,0.0071,0.0001,200,0.4735
0.0061,0.0000,0.0000,0.0000,0.0060,0.0001,200,0.4756
0.0073,0.0000,0.0000,0.0001,0.0072,0.0000,200,0.4755
0.0063,0.0000,0.0000,0.0000,0.0062,0.0000,200,0.4772
0.0065,0.0000,0.0000,0.0000,0.0064,0.0001,200,0.4806
0.0064,0.0000,0.0000,0.0000,0.0063,0.0000,200,0.4828
0.0074,0.0000,0.0000,0.0000,0.0073,0.0001,200,0.4818
0.0062,0.0000,0.0000,0.0000,0.0061,0.0000,200,0.4835
0.0075,0.0000,0.0000,0.0000,0.0073,0.0001,200,0.4871
0.0071,0.0000,0.0000,0.0000,0.0070,0.0001,200,0.4897
0.0077,0.0000,0.0000,0.0000,0.0077,0.0000,200,0.4892
0.0078,0.0000,0.0000,0.0000,0.0077,0.0000,200,0.4892
0.0065,0.0000,0.0000,0.0000,0.0063,0.0001,200,0.4946
0.0063,0.0000,0.0000,0.0000,0.0063,0.0000,200,0.4969
0.0066,0.0000,0.0000,0.0000,0.0063,0.0002,200,0.4968
0.0065,0.0000,0.0000,0.0000,0.0064,0.0001,200,0.4970
0.0063,0.0000,0.0000,0.0000,0.0062,0.0001,200,0.5010
0.0063,0.0000,0.0000,0.0000,0.0061,0.0002,200,0.5033
0.0063,0.0000,0.0000,0.0000,0.0062,0.0001,200,0.5034
0.0064,0.0000,0.0000,0.0000,0.0063,0.0000,200,0.5035
0.0067,0.0000,0.0000,0.0000,0.0066,0.0001,200,0.5073
0.0065,0.0000,0.0000,0.0001,0.0063,0.0001,200,0.5096
0.0066,0.0000,0.0000,0.0000,0.0064,0.0000,200,0.5097
0.0065,0.0000,0.0000,0.0000,0.0065,0.0000,200,0.5098
0.0066,0.0000,0.0000,0.0000,0.0065,0.0001,200,0.5141
0.0064,0.0000,0.0000,0.0000,0.0063,0.0000,200,0.5163
0.0064,0.0000,0.0000,0.0000,0.0063,0.0000,200,0.5164
0.0067,0.0000,0.0000,0.0000,0.0066,0.0000,200,0.5161
0.0067,0.0000,0.0000,0.0000,0.0066,0.0001,200,0.5206
0.0084,0.0000,0.0000,0.0000,0.0083,0.0000,200,0.5227
0.0086,0.0000,0.0000,0.0000,0.0083,0.0002,200,0.5227
0.0091,0.0000,0.0000,0.0000,0.0090,0.0000,200,0.5227
0.0064,0.0000,0.0000,0.0000,0.0063,0.0001,200,0.5273
0.0064,0.0000,0.0000,0.0000,0.0063,0.0000,200,0.5313
0.0065,0.0000,0.0000,0.0000,0.0064,0.0000,200,0.5312
0.0067,0.0000,0.0000,0.0000,0.0066,0.0000,200,0.5319
0.0062,0.0000,0.0000,0.0000,0.0061,0.0001,200,0.5337
0.0066,0.0000,0.0000,0.0000,0.0065,0.0001,200,0.5377
0.0068,0.0000,0.0000,0.0000,0.0067,0.0000,200,0.5376
0.0078,0.0000,0.0000,0.0000,0.0078,0.0001,200,0.5385
0.0092,0.0000,0.0000,0.0000,0.0091,0.0001,200,0.5399
0.0072,0.0000,0.0000,0.0000,0.0072,0.0000,200,0.5444
0.0074,0.0000,0.0000,0.0000,0.0074,0.0000,200,0.5442
0.0087,0.0000,0.0000,0.0000,0.0086,0.0000,200,0.5464
0.0061,0.0000,0.0000,0.0000,0.0060,0.0000,200,0.5491
0.0070,0.0000,0.0000,0.0002,0.0066,0.0000,200,0.5516
0.0070,0.0000,0.0000,0.0000,0.0070,0.0000,200,0.5517
0.0063,0.0000,0.0000,0.0000,0.0062,0.0001,200,0.5550
0.0062,0.0000,0.0000,0.0000,0.0062,0.0000,200,0.5552
0.0064,0.0000,0.0000,0.0000,0.0063,0.0000,200,0.5586
0.0063,0.0000,0.0000,0.0000,0.0063,0.0000,200,0.5587
0.0067,0.0000,0.0000,0.0000,0.0066,0.0000,200,0.5614
0.0068,0.0000,0.0000,0.0000,0.0067,0.0000,200,0.5613
0.0060,0.0000,0.0000,0.0000,0.0059,0.0000,200,0.5650
0.0061,0.0000,0.0000,0.0000,0.0060,0.0000,200,0.5650
0.0061,0.0000,0.0000,0.0000,0.0060,0.0000,200,0.5680
0.0061,0.0000,0.0000,0.0000,0.0061,0.0000,200,0.5681
0.0063,0.0000,0.0000,0.0000,0.0062,0.0001,200,0.5711
0.0069,0.0000,0.0000,0.0000,0.0068,0.0000,200,0.5711
0.0061,0.0000,0.0000,0.0000,0.0060,0.0001,200,0.5742
0.0063,0.0000,0.0000,0.0000,0.0063,0.0000,200,0.5741
0.0074,0.0000,0.0000,0.0000,0.0073,0.0001,200,0.5774
0.0069,0.0000,0.0000,0.0000,0.0068,0.0001,200,0.5779
0.0064,0.0000,0.0000,0.0000,0.0063,0.0000,200,0.5803
0.0063,0.0000,0.0000,0.0000,0.0063,0.0000,200,0.5804
0.0063,0.0000,0.0000,0.0000,0.0062,0.0000,200,0.5848
0.0063,0.0000,0.0000,0.0000,0.0062,0.0000,200,0.5848
0.0081,0.0000,0.0000,0.0000,0.0080,0.0001,200,0.5867
0.0081,0.0000,0.0000,0.0000,0.0080,0.0001,200,0.5867
0.0063,0.0000,0.0000,0.0000,0.0062,0.0001,200,0.5911
0.0063,0.0000,0.0000,0.0000,0.0062,0.0001,200,0.5911
0.0068,0.0000,0.0000,0.0000,0.0067,0.0001,200,0.5949
0.0070,0.0000,0.0000,0.0000,0.0069,0.0000,200,0.5949
0.0065,0.0000,0.0000,0.0000,0.0064,0.0000,200,0.5973
0.0065,0.0000,0.0000,0.0000,0.0065,0.0000,200,0.5973
0.0067,0.0000,0.0000,0.0000,0.0065,0.0001,200,0.6017
0.0076,0.0000,0.0000,0.0000,0.0075,0.0000,200,0.6019
0.0090,0.0000,0.0000,0.0000,0.0089,0.0000,200,0.6038
0.0089,0.0000,0.0000,0.0000,0.0089,0.0000,200,0.6039
0.0068,0.0000,0.0000,0.0000,0.0067,0.0001,200,0.6083
0.0062,0.0000,0.0000,0.0000,0.0061,0.0001,200,0.6095
0.0077,0.0000,0.0000,0.0000,0.0076,0.0001,200,0.6128
0.0079,0.0000,0.0000,0.0000,0.0078,0.0000,200,0.6128
0.0063,0.0000,0.0000,0.0000,0.0062,0.0001,200,0.6151
0.0061,0.0000,0.0000,0.0000,0.0061,0.0000,200,0.6157
0.0064,0.0000,0.0000,0.0000,0.0063,0.0001,200,0.6207
0.0069,0.0000,0.0000,0.0000,0.0069,0.0000,200,0.6205
0.0063,0.0000,0.0000,0.0000,0.0063,0.0000,200,0.6214
0.0061,0.0000,0.0000,0.0000,0.0061,0.0000,200,0.6218
0.0068,0.0000,0.0000,0.0000,0.0067,0.0000,200,0.6271
0.0064,0.0000,0.0000,0.0000,0.0063,0.0001,200,0.6275
0.0062,0.0000,0.0000,0.0000,0.0061,0.0000,200,0.6280
0.0064,0.0000,0.0000,0.0000,0.0064,0.0000,200,0.6278
0.0064,0.0000,0.0000,0.0000,0.0063,0.0001,200,0.6339
0.0064,0.0000,0.0000,0.0000,0.0063,0.0000,200,0.6339
0.0061,0.0000,0.0000,0.0000,0.0061,0.0000,200,0.6342
0.0064,0.0000,0.0000,0.0000,0.0064,0.0000,200,0.6342
0.0074,0.0000,0.0000,0.0000,0.0073,0.0001,200,0.6403
0.0074,0.0000,0.0000,0.0000,0.0073,0.0001,200,0.6403
0.0074,0.0000,0.0000,0.0000,0.0073,0.0001,200,0.6403
0.0071,0.0000,0.0000,0.0000,0.0070,0.0001,200,0.6407
0.0064,0.0000,0.0000,0.0000,0.0063,0.0001,200,0.6477
0.0064,0.0000,0.0000,0.0000,0.0063,0.0001,200,0.6477
0.0063,0.0000,0.0000,0.0000,0.0063,0.0000,200,0.6478
0.0064,0.0000,0.0000,0.0000,0.0063,0.0000,200,0.6477
0.0067,0.0000,0.0000,0.0000,0.0066,0.0001,200,0.6541
0.0075,0.0000,0.0000,0.0000,0.0074,0.0000,200,0.6541
0.0074,0.0000,0.0000,0.0000,0.0074,0.0000,200,0.6541
0.0074,0.0000,0.0000,0.0000,0.0069,0.0005,200,0.6541
0.0066,0.0000,0.0000,0.0000,0.0065,0.0001,200,0.6607
0.0063,0.0000,0.0000,0.0000,0.0062,0.0000,200,0.6615
0.0065,0.0000,0.0000,0.0000,0.0065,0.0000,200,0.6616
0.0075,0.0000,0.0000,0.0000,0.0074,0.0000,200,0.6615
0.0063,0.0000,0.0000,0.0000,0.0062,0.0001,200,0.6690
0.0073,0.0000,0.0000,0.0000,0.0072,0.0001,200,0.6681
0.0080,0.0000,0.0000,0.0000,0.0079,0.0000,200,0.6674
0.0076,0.0000,0.0000,0.0000,0.0074,0.0001,200,0.6678
0.0067,0.0000,0.0000,0.0000,0.0066,0.0000,200,0.6753
0.0067,0.0000,0.0000,0.0000,0.0065,0.0001,200,0.6754
0.0066,0.0000,0.0000,0.0000,0.0066,0.0000,200,0.6754
0.0070,0.0000,0.0000,0.0000,0.0069,0.0000,200,0.6753
0.0065,0.0000,0.0000,0.0000,0.0064,0.0001,200,0.6823
0.0068,0.0000,0.0000,0.0000,0.0067,0.0001,200,0.6820
0.0069,0.0000,0.0000,0.0000,0.0068,0.0000,200,0.6820
0.0071,0.0000,0.0000,0.0000,0.0070,0.0000,200,0.6820
0.0063,0.0000,0.0000,0.0000,0.0062,0.0001,200,0.6890
0.0065,0.0000,0.0000,0.0000,0.0064,0.0000,200,0.6888
0.0066,0.0000,0.0000,0.0000,0.0066,0.0000,200,0.6888
0.0064,0.0000,0.0000,0.0000,0.0064,0.0000,200,0.6891
0.0064,0.0000,0.0000,0.0000,0.0063,0.0001,200,0.6953
0.0065,0.0000,0.0000,0.0000,0.0064,0.0000,200,0.6953
0.0063,0.0000,0.0000,0.0000,0.0063,0.0000,200,0.6955
0.0063,0.0000,0.0000,0.0000,0.0063,0.0000,200,0.6956
0.0062,0.0000,0.0000,0.0000,0.0062,0.0001,200,0.7018
0.0063,0.0000,0.0000,0.0000,0.0062,0.0000,200,0.7019
0.0065,0.0000,0.0000,0.0000,0.0064,0.0001,200,0.7017
0.0065,0.0000,0.0000,0.0000,0.0064,0.0000,200,0.7018
0.0062,0.0000,0.0000,0.0000,0.0062,0.0000,200,0.7082
0.0064,0.0000,0.0000,0.0000,0.0063,0.0001,200,0.7081
0.0063,0.0000,0.0000,0.0000,0.0063,0.0000,200,0.7081
0.0063,0.0000,0.0000,0.0000,0.0062,0.0001,200,0.7082
0.0063,0.0000,0.0000,0.0000,0.0062,0.0001,200,0.7144
0.0064,0.0000,0.0000,0.0000,0.0063,0.0000,200,0.7145
0.0067,0.0000,0.0000,0.0000,0.0066,0.0000,200,0.7145
0.0068,0.0000,0.0000,0.0000,0.0067,0.0000,200,0.7144
0.0064,0.0000,0.0000,0.0000,0.0063,0.0001,200,0.7209
0.0062,0.0000,0.0000,0.0000,0.0062,0.0000,200,0.7212
0.0063,0.0000,0.0000,0.0000,0.0063,0.0000,200,0.7212
0.0067,0.0000,0.0000,0.0000,0.0067,0.0000,200,0.7208
0.0069,0.0000,0.0000,0.0000,0.0068,0.0001,200,0.7273
0.0067,0.0000,0.0000,0.0000,0.0067,0.0000,200,0.7275
0.0070,0.0000,0.0000,0.0000,0.0069,0.0000,200,0.7275
0.0071,0.0000,0.0000,0.0000,0.0070,0.0001,200,0.7274
0.0064,0.0000,0.0000,0.0000,0.0063,0.0001,200,0.7342
0.0062,0.0000,0.0000,0.0000,0.0061,0.0001,200,0.7345
0.0063,0.0000,0.0000,0.0000,0.0063,0.0000,200,0.7345
0.0067,0.0000,0.0000,0.0000,0.0066,0.0000,200,0.7342
0.0067,0.0000,0.0000,0.0000,0.0066,0.0000,200,0.7407
0.0068,0.0000,0.0000,0.0001,0.0066,0.0001,200,0.7406
0.0065,0.0000,0.0000,0.0000,0.0065,0.0001,200,0.7409
0.0065,0.0000,0.0000,0.0000,0.0065,0.0000,200,0.7409
0.0068,0.0000,0.0000,0.0000,0.0066,0.0001,200,0.7474
0.0067,0.0000,0.0000,0.0000,0.0066,0.0001,200,0.7474
0.0068,0.0000,0.0000,0.0000,0.0067,0.0000,200,0.7474
0.0068,0.0000,0.0000,0.0000,0.0067,0.0001,200,0.7474
0.0064,0.0000,0.0000,0.0000,0.0063,0.0001,200,0.7542
0.0063,0.0000,0.0000,0.0000,0.0063,0.0000,200,0.7542
0.0064,0.0000,0.0000,0.0000,0.0063,0.0000,200,0.7542
0.0065,0.0000,0.0000,0.0000,0.0064,0.0000,200,0.7542
0.0066,0.0000,0.0000,0.0000,0.0065,0.0001,200,0.7606
0.0069,0.0000,0.0000,0.0000,0.0068,0.0000,200,0.7606
0.0080,0.0000,0.0000,0.0000,0.0079,0.0001,200,0.7607
0.0084,0.0000,0.0000,0.0000,0.0083,0.0000,200,0.7605
0.0066,0.0000,0.0000,0.0000,0.0065,0.0001,200,0.7672
0.0064,0.0000,0.0000,0.0000,0.0063,0.0000,200,0.7675
0.0063,0.0000,0.0000,0.0000,0.0062,0.0001,200,0.7686
0.0092,0.0000,0.0000,0.0000,0.0091,0.0001,200,0.7689
0.0066,0.0000,0.0000,0.0000,0.0065,0.0001,200,0.7738
0.0068,0.0000,0.0000,0.0000,0.0067,0.0000,200,0.7738
0.0064,0.0000,0.0000,0.0000,0.0063,0.0000,200,0.7749
0.0063,0.0000,0.0000,0.0000,0.0063,0.0000,200,0.7804
0.0061,0.0000,0.0000,0.0000,0.0061,0.0000,200,0.7806
0.0087,0.0000,0.0000,0.0000,0.0085,0.0002,200,0.7781
0.0063,0.0000,0.0000,0.0000,0.0063,0.0000,200,0.7813
0.0066,0.0000,0.0000,0.0000,0.0065,0.0001,200,0.7868
0.0069,0.0000,0.0000,0.0000,0.0068,0.0000,200,0.7868
0.0061,0.0000,0.0000,0.0000,0.0061,0.0000,200,0.7876
0.0070,0.0000,0.0000,0.0000,0.0070,0.0000,200,0.7868
0.0070,0.0000,0.0000,0.0000,0.0069,0.0000,200,0.7936
0.0069,0.0000,0.0000,0.0000,0.0068,0.0000,200,0.7938
0.0069,0.0000,0.0000,0.0000,0.0069,0.0000,200,0.7937
0.0084,0.0000,0.0000,0.0000,0.0083,0.0000,200,0.7934
0.0066,0.0000,0.0000,0.0000,0.0066,0.0000,200,0.8007
0.0066,0.0000,0.0000,0.0000,0.0065,0.0000,200,0.8007
0.0066,0.0000,0.0000,0.0000,0.0065,0.0000,200,0.8007
0.0063,0.0000,0.0000,0.0000,0.0063,0.0000,200,0.8018
0.0070,0.0000,0.0000,0.0000,0.0063,0.0006,200,0.8073
0.0071,0.0000,0.0000,0.0000,0.0070,0.0000,200,0.8073
0.0063,0.0000,0.0000,0.0000,0.0062,0.0000,200,0.8081
0.0071,0.0000,0.0000,0.0000,0.0071,0.0000,200,0.8073
0.0064,0.0000,0.0000,0.0000,0.0063,0.0001,200,0.8143
0.0063,0.0000,0.0000,0.0000,0.0062,0.0000,200,0.8144
0.0063,0.0000,0.0000,0.0000,0.0063,0.0000,200,0.8144
0.0082,0.0000,0.0000,0.0000,0.0082,0.0000,200,0.8144
0.0066,0.0000,0.0000,0.0000,0.0064,0.0001,200,0.8207
0.0069,0.0000,0.0000,0.0000,0.0068,0.0000,200,0.8208
0.0070,0.0000,0.0000,0.0000,0.0069,0.0000,200,0.8207
0.0061,0.0000,0.0000,0.0000,0.0060,0.0000,200,0.8226
0.0065,0.0000,0.0000,0.0000,0.0064,0.0001,200,0.8272
0.0063,0.0000,0.0000,0.0000,0.0062,0.0000,200,0.8276
0.0066,0.0000,0.0000,0.0000,0.0066,0.0000,200,0.8277
0.0066,0.0000,0.0000,0.0000,0.0065,0.0001,200,0.8287
0.0064,0.0000,0.0000,0.0000,0.0064,0.0000,200,0.8338
0.0063,0.0000,0.0000,0.0000,0.0062,0.0001,200,0.8339
0.0060,0.0000,0.0000,0.0000,0.0060,0.0000,200,0.8343
0.0062,0.0000,0.0000,0.0000,0.0061,0.0000,200,0.8353
0.0061,0.0000,0.0000,0.0000,0.0060,0.0001,200,0.8403
0.0063,0.0000,0.0000,0.0000,0.0062,0.0000,200,0.8402
0.0065,0.0000,0.0000,0.0000,0.0064,0.0000,200,0.8402
0.0066,0.0000,0.0000,0.0000,0.0065,0.0001,200,0.8415
0.0062,0.0000,0.0000,0.0000,0.0061,0.0000,200,0.8465
0.0061,0.0000,0.0000,0.0000,0.0060,0.0000,200,0.8467
0.0064,0.0000,0.0000,0.0000,0.0063,0.0000,200,0.8464
0.0063,0.0000,0.0000,0.0000,0.0063,0.0000,200,0.8481
0.0065,0.0000,0.0000,0.0000,0.0064,0.0001,200,0.8528
0.0066,0.0000,0.0000,0.0000,0.0066,0.0000,200,0.8528
0.0067,0.0000,0.0000,0.0000,0.0067,0.0000,200,0.8527
0.0088,0.0000,0.0000,0.0000,0.0087,0.0001,200,0.8544
0.0064,0.0000,0.0000,0.0000,0.0063,0.0001,200,0.8594
0.0066,0.0000,0.0000,0.0000,0.0065,0.0000,200,0.8593
0.0067,0.0000,0.0000,0.0000,0.0066,0.0000,200,0.8595
0.0066,0.0000,0.0000,0.0000,0.0065,0.0001,200,0.8632
0.0070,0.0000,0.0000,0.0000,0.0069,0.0001,200,0.8659
0.0067,0.0000,0.0000,0.0000,0.0067,0.0001,200,0.8662
0.0071,0.0000,0.0000,0.0000,0.0071,0.0000,200,0.8658
0.0066,0.0000,0.0000,0.0000,0.0065,0.0001,200,0.8698
0.0064,0.0000,0.0000,0.0000,0.0063,0.0001,200,0.8729
0.0065,0.0000,0.0000,0.0000,0.0064,0.0000,200,0.8729
0.0066,0.0000,0.0000,0.0000,0.0065,0.0000,200,0.8729
0.0067,0.0000,0.0000,0.0000,0.0066,0.0001,200,0.8764
0.0064,0.0000,0.0000,0.0000,0.0063,0.0000,200,0.8793
0.0064,0.0000,0.0000,0.0000,0.0063,0.0000,200,0.8794
0.0063,0.0000,0.0000,0.0000,0.0063,0.0001,200,0.8794
0.0070,0.0000,0.0000,0.0000,0.0069,0.0001,200,0.8831
0.0066,0.0000,0.0000,0.0000,0.0065,0.0001,200,0.8858
0.0073,0.0000,0.0000,0.0000,0.0072,0.0000,200,0.8857
0.0077,0.0000,0.0000,0.0000,0.0076,0.0001,200,0.8858
0.0066,0.0000,0.0000,0.0000,0.0065,0.0001,200,0.8901
0.0075,0.0000,0.0000,0.0000,0.0073,0.0001,200,0.8923
0.0068,0.0000,0.0000,0.0000,0.0068,0.0000,200,0.8930
0.0073,0.0000,0.0000,0.0000,0.0072,0.0001,200,0.8935
0.0064,0.0000,0.0000,0.0000,0.0063,0.0000,200,0.8967
0.0061,0.0000,0.0000,0.0000,0.0061,0.0000,200,0.8999
0.0062,0.0000,0.0000,0.0000,0.0061,0.0000,200,0.8998
0.0063,0.0000,0.0000,0.0000,0.0062,0.0000,200,0.9008
0.0063,0.0000,0.0000,0.0000,0.0062,0.0000,200,0.9031
0.0071,0.0000,0.0000,0.0000,0.0070,0.0001,200,0.9060
0.0061,0.0000,0.0000,0.0000,0.0060,0.0000,200,0.9071
0.0077,0.0000,0.0000,0.0000,0.0077,0.0000,200,0.9060
0.0064,0.0000,0.0000,0.0000,0.0063,0.0000,200,0.9094
0.0065,0.0000,0.0000,0.0000,0.0064,0.0001,200,0.9132
0.0066,0.0000,0.0000,0.0000,0.0065,0.0000,200,0.9131
0.0065,0.0000,0.0000,0.0000,0.0064,0.0000,200,0.9138
0.0063,0.0000,0.0000,0.0000,0.0062,0.0001,200,0.9158
0.0066,0.0000,0.0000,0.0000,0.0065,0.0001,200,0.9197
0.0066,0.0000,0.0000,0.0000,0.0065,0.0001,200,0.9197
0.0062,0.0000,0.0000,0.0000,0.0061,0.0000,200,0.9202
0.0078,0.0000,0.0000,0.0000,0.0077,0.0001,200,0.9221
0.0065,0.0000,0.0000,0.0000,0.0063,0.0001,200,0.9263
0.0074,0.0000,0.0000,0.0000,0.0073,0.0000,200,0.9263
0.0078,0.0000,0.0000,0.0000,0.0078,0.0000,200,0.9264
0.0064,0.0000,0.0000,0.0000,0.0063,0.0001,200,0.9299
0.0061,0.0000,0.0000,0.0000,0.0060,0.0000,200,0.9328
0.0062,0.0000,0.0000,0.0000,0.0061,0.0000,200,0.9337
0.0061,0.0000,0.0000,0.0000,0.0060,0.0000,200,0.9342
0.0062,0.0000,0.0000,0.0000,0.0061,0.0000,200,0.9362
0.0064,0.0000,0.0000,0.0000,0.0063,0.0001,200,0.9389
0.0067,0.0000,0.0000,0.0000,0.0065,0.0001,200,0.9403
0.0072,0.0000,0.0000,0.0000,0.0072,0.0000,200,0.9398
0.0074,0.0000,0.0000,0.0000,0.0073,0.0001,200,0.9424
0.0064,0.0000,0.0000,0.0000,0.0063,0.0000,200,0.9454
0.0062,0.0000,0.0000,0.0000,0.0062,0.0000,200,0.9471
0.0063,0.0000,0.0000,0.0000,0.0062,0.0000,200,0.9470
0.0063,0.0000,0.0000,0.0000,0.0062,0.0000,200,0.9499
0.0062,0.0000,0.0000,0.0000,0.0061,0.0000,200,0.9517
0.0062,0.0000,0.0000,0.0000,0.0061,0.0001,200,0.9533
0.0062,0.0000,0.0000,0.0000,0.0062,0.0000,200,0.9534
0.0064,0.0000,0.0000,0.0000,0.0063,0.0001,200,0.9562
0.0063,0.0000,0.0000,0.0000,0.0062,0.0001,200,0.9595
0.0079,0.0000,0.0000,0.0000,0.0078,0.0001,200,0.9579
0.0063,0.0000,0.0000,0.0000,0.0062,0.0000,200,0.9596
0.0082,0.0000,0.0000,0.0000,0.0081,0.0000,200,0.9626
0.0065,0.0000,0.0000,0.0000,0.0064,0.0000,200,0.9658
0.0065,0.0000,0.0000,0.0000,0.0065,0.0000,200,0.9658
0.0065,0.0000,0.0000,0.0000,0.0064,0.0000,200,0.9659
0.0065,0.0000,0.0000,0.0000,0.0064,0.0001,200,0.9708
0.0062,0.0000,0.0000,0.0000,0.0061,0.0000,200,0.9724
0.0062,0.0000,0.0000,0.0000,0.0062,0.0000,200,0.9724
0.0069,0.0000,0.0000,0.0000,0.0068,0.0000,200,0.9723
0.0066,0.0000,0.0000,0.0000,0.0064,0.0001,200,0.9773
0.0063,0.0000,0.0000,0.0000,0.0063,0.0000,200,0.9786
0.0065,0.0000,0.0000,0.0000,0.0064,0.0000,200,0.9786
0.0084,0.0000,0.0000,0.0000,0.0083,0.0001,200,0.9792
0.0072,0.0000,0.0000,0.0000,0.0071,0.0001,200,0.9839
0.0061,0.0000,0.0000,0.0000,0.0061,0.0000,200,0.9851
0.0063,0.0000,0.0000,0.0000,0.0062,0.0001,200,0.9850
0.0070,0.0000,0.0000,0.0000,0.0070,0.0000,200,0.9876
0.0063,0.0000,0.0000,0.0000,0.0062,0.0001,200,0.9912
0.0067,0.0000,0.0000,0.0000,0.0065,0.0001,200,0.9911
0.0067,0.0000,0.0000,0.0000,0.0066,0.0000,200,0.9912
0.0063,0.0000,0.0000,0.0000,0.0062,0.0000,200,0.9946
0.0064,0.0000,0.0000,0.0000,0.0063,0.0000,200,0.9975
0.0060,0.0000,0.0000,0.0000,0.0059,0.0000,200,0.9979
0.0062,0.0000,0.0000,0.0000,0.0061,0.0000,200,0.9978
0.0062,0.0000,0.0000,0.0000,0.0061,0.0001,200,1.0009
0.0060,0.0000,0.0000,0.0000,0.0060,0.0000,200,1.0039
0.0061,0.0000,0.0000,0.0000,0.0060,0.0000,200,1.0039
0.0064,0.0000,0.0000,0.0000,0.0063,0.0000,200,1.0039
0.0070,0.0000,0.0000,0.0000,0.0069,0.0001,200,1.0071
0.0063,0.0000,0.0000,0.0000,0.0062,0.0001,200,1.0100
0.0060,0.0000,0.0000,0.0000,0.0060,0.0000,200,1.0103
0.0064,0.0000,0.0000,0.0000,0.0064,0.0000,200,1.0100
0.0065,0.0000,0.0000,0.0000,0.0064,0.0001,200,1.0141
0.0064,0.0000,0.0000,0.0000,0.0063,0.0001,200,1.0163
0.0064,0.0000,0.0000,0.0000,0.0063,0.0000,200,1.0163
0.0066,0.0000,0.0000,0.0000,0.0065,0.0000,200,1.0164
0.0077,0.0000,0.0000,0.0000,0.0076,0.0001,200,1.0206
0.0070,0.0000,0.0000,0.0000,0.0069,0.0001,200,1.0230
0.0075,0.0000,0.0000,0.0000,0.0074,0.0000,200,1.0227
0.0079,0.0000,0.0000,0.0000,0.0077,0.0001,200,1.0227
0.0066,0.0000,0.0000,0.0000,0.0065,0.0001,200,1.0302
0.0068,0.0000,0.0000,0.0000,0.0068,0.0000,200,1.0300
0.0063,0.0000,0.0000,0.0000,0.0062,0.0000,200,1.0306
0.0090,0.0000,0.0000,0.0000,0.0090,0.0000,200,1.0283
0.0068,0.0000,0.0000,0.0000,0.0067,0.0001,200,1.0369
0.0063,0.0000,0.0000,0.0000,0.0062,0.0001,200,1.0374
0.0068,0.0000,0.0000,0.0000,0.0067,0.0001,200,1.0369
0.0120,0.0000,0.0000,0.0000,0.0118,0.0001,200,1.0368
0.0064,0.0000,0.0000,0.0000,0.0063,0.0001,200,1.0437
0.0066,0.0000,0.0000,0.0000,0.0065,0.0000,200,1.0437
0.0066,0.0000,0.0000,0.0000,0.0064,0.0000,200,1.0437
0.0070,0.0000,0.0000,0.0000,0.0069,0.0001,200,1.0488
0.0068,0.0000,0.0000,0.0000,0.0067,0.0000,200,1.0501
0.0066,0.0000,0.0000,0.0000,0.0065,0.0000,200,1.0503
0.0066,0.0000,0.0000,0.0000,0.0065,0.0000,200,1.0503
0.0068,0.0000,0.0000,0.0000,0.0067,0.0001,200,1.0558
0.0063,0.0000,0.0000,0.0000,0.0062,0.0000,200,1.0569
0.0064,0.0000,0.0000,0.0000,0.0064,0.0000,200,1.0569
0.0064,0.0000,0.0000,0.0000,0.0064,0.0000,200,1.0569
0.0065,0.0000,0.0000,0.0000,0.0064,0.0001,200,1.0626
0.0064,0.0000,0.0000,0.0000,0.0063,0.0001,200,1.0633
0.0066,0.0000,0.0000,0.0000,0.0065,0.0000,200,1.0632
0.0065,0.0000,0.0000,0.0000,0.0064,0.0000,200,1.0633
0.0068,0.0000,0.0000,0.0000,0.0067,0.0001,200,1.0690
0.0065,0.0000,0.0000,0.0000,0.0065,0.0000,200,1.0697
0.0066,0.0000,0.0000,0.0000,0.0066,0.0000,200,1.0698
0.0069,0.0000,0.0000,0.0000,0.0069,0.0000,200,1.0698
0.0062,0.0000,0.0000,0.0000,0.0061,0.0000,200,1.0764
0.0064,0.0000,0.0000,0.0000,0.0063,0.0000,200,1.0763
0.0069,0.0000,0.0000,0.0000,0.0066,0.0003,200,1.0759
0.0077,0.0000,0.0000,0.0000,0.0067,0.0000,200,1.0767
0.0064,0.0000,0.0000,0.0000,0.0063,0.0001,200,1.0826
0.0069,0.0000,0.0000,0.0000,0.0068,0.0000,200,1.0844
0.0086,0.0000,0.0000,0.0000,0.0085,0.0000,200,1.0826
0.0085,0.0000,0.0000,0.0000,0.0085,0.0000,200,1.0827
0.0081,0.0000,0.0000,0.0000,0.0075,0.0001,200,1.0890
0.0080,0.0000,0.0000,0.0003,0.0076,0.0001,200,1.0913
0.0088,0.0000,0.0000,0.0003,0.0084,0.0000,200,1.0913
0.0088,0.0000,0.0000,0.0000,0.0085,0.0000,200,1.0913
0.0064,0.0000,0.0000,0.0000,0.0063,0.0001,200,1.0971
0.0063,0.0000,0.0000,0.0000,0.0062,0.0001,200,1.0993
0.0070,0.0000,0.0000,0.0000,0.0069,0.0000,200,1.1000
0.0072,0.0000,0.0000,0.0000,0.0072,0.0000,200,1.1000
0.0063,0.0000,0.0000,0.0000,0.0062,0.0000,200,1.1035
0.0062,0.0000,0.0000,0.0000,0.0062,0.0000,200,1.1056
0.0063,0.0000,0.0000,0.0000,0.0062,0.0001,200,1.1073
0.0066,0.0000,0.0000,0.0000,0.0065,0.0000,200,1.1070
0.0063,0.0000,0.0000,0.0000,0.0062,0.0001,200,1.1097
0.0062,0.0000,0.0000,0.0000,0.0061,0.0000,200,1.1118
0.0063,0.0000,0.0000,0.0000,0.0063,0.0000,200,1.1136
0.0064,0.0000,0.0000,0.0000,0.0064,0.0000,200,1.1135
0.0082,0.0000,0.0000,0.0000,0.0081,0.0001,200,1.1161
0.0072,0.0000,0.0000,0.0000,0.0072,0.0000,200,1.1180
0.0062,0.0000,0.0000,0.0000,0.0061,0.0001,200,1.1200
0.0063,0.0000,0.0000,0.0000,0.0063,0.0000,200,1.1200
0.0064,0.0000,0.0000,0.0000,0.0063,0.0001,200,1.1243
0.0066,0.0000,0.0000,0.0000,0.0065,0.0001,200,1.1252
0.0061,0.0000,0.0000,0.0000,0.0060,0.0000,200,1.1263
0.0062,0.0000,0.0000,0.0000,0.0061,0.0001,200,1.1262
0.0063,0.0000,0.0000,0.0000,0.0062,0.0001,200,1.1307
0.0070,0.0000,0.0000,0.0000,0.0068,0.0001,200,1.1318
0.0077,0.0000,0.0000,0.0000,0.0076,0.0001,200,1.1324
0.0085,0.0000,0.0000,0.0000,0.0084,0.0001,200,1.1324
0.0064,0.0000,0.0000,0.0000,0.0063,0.0000,200,1.1370
0.0066,0.0000,0.0000,0.0000,0.0065,0.0000,200,1.1387
0.0062,0.0000,0.0000,0.0000,0.0061,0.0000,200,1.1400
0.0071,0.0000,0.0000,0.0000,0.0069,0.0001,200,1.1409
0.0066,0.0000,0.0000,0.0000,0.0065,0.0000,200,1.1434
0.0062,0.0000,0.0000,0.0000,0.0061,0.0000,200,1.1453
0.0061,0.0000,0.0000,0.0000,0.0060,0.0000,200,1.1462
0.0061,0.0000,0.0000,0.0000,0.0060,0.0000,200,1.1479
0.0062,0.0000,0.0000,0.0000,0.0061,0.0000,200,1.1500
0.0061,0.0000,0.0000,0.0000,0.0060,0.0001,200,1.1515
0.0062,0.0000,0.0000,0.0000,0.0061,0.0000,200,1.1522
0.0063,0.0000,0.0000,0.0000,0.0062,0.0001,200,1.1540
0.0063,0.0000,0.0000,0.0000,0.0062,0.0001,200,1.1562
0.0064,0.0000,0.0000,0.0000,0.0064,0.0000,200,1.1576
0.0065,0.0000,0.0000,0.0000,0.0064,0.0000,200,1.1584
0.0078,0.0000,0.0000,0.0000,0.0076,0.0001,200,1.1625
0.0063,0.0000,0.0000,0.0000,0.0063,0.0000,200,1.1641
0.0068,0.0000,0.0000,0.0000,0.0067,0.0001,200,1.1649
0.0135,0.0000,0.0000,0.0000,0.0134,0.0000,200,1.1604
0.0076,0.0000,0.0000,0.0000,0.0075,0.0000,200,1.1703
0.0075,0.0000,0.0000,0.0000,0.0074,0.0001,200,1.1704
0.0066,0.0000,0.0000,0.0000,0.0066,0.0000,200,1.1717
0.0063,0.0000,0.0000,0.0000,0.0062,0.0000,200,1.1739
0.0063,0.0000,0.0000,0.0000,0.0062,0.0000,200,1.1779
0.0063,0.0000,0.0000,0.0000,0.0062,0.0000,200,1.1779
0.0062,0.0000,0.0000,0.0000,0.0061,0.0000,200,1.1783
0.0062,0.0000,0.0000,0.0000,0.0062,0.0000,200,1.1802
0.0063,0.0000,0.0000,0.0000,0.0062,0.0001,200,1.1841
0.0061,0.0000,0.0000,0.0000,0.0060,0.0001,200,1.1845
0.0068,0.0000,0.0000,0.0000,0.0067,0.0001,200,1.1842
0.0064,0.0000,0.0000,0.0000,0.0063,0.0001,200,1.1865
0.0064,0.0000,0.0000,0.0000,0.0063,0.0001,200,1.1905
0.0065,0.0000,0.0000,0.0000,0.0064,0.0000,200,1.1906
0.0062,0.0000,0.0000,0.0000,0.0061,0.0000,200,1.1909
0.0062,0.0000,0.0000,0.0000,0.0061,0.0001,200,1.1929
0.0062,0.0000,0.0000,0.0000,0.0061,0.0001,200,1.1971
0.0064,0.0000,0.0000,0.0000,0.0063,0.0000,200,1.1969
0.0062,0.0000,0.0000,0.0000,0.0062,0.0000,200,1.1971
0.0063,0.0000,0.0000,0.0000,0.0062,0.0000,200,1.1991
0.0066,0.0000,0.0000,0.0000,0.0064,0.0001,200,1.2033
0.0065,0.0000,0.0000,0.0000,0.0065,0.0001,200,1.2033
0.0067,0.0000,0.0000,0.0000,0.0067,0.0000,200,1.2033
0.0062,0.0000,0.0000,0.0000,0.0061,0.0000,200,1.2054
0.0063,0.0000,0.0000,0.0000,0.0062,0.0000,200,1.2098
0.0063,0.0000,0.0000,0.0000,0.0062,0.0001,200,1.2098
0.0062,0.0000,0.0000,0.0000,0.0062,0.0000,200,1.2100
0.0062,0.0000,0.0000,0.0000,0.0061,0.0000,200,1.2116
0.0076,0.0000,0.0000,0.0000,0.0075,0.0001,200,1.2162
0.0075,0.0000,0.0000,0.0000,0.0074,0.0001,200,1.2162
0.0076,0.0000,0.0000,0.0000,0.0075,0.0000,200,1.2162
0.0062,0.0000,0.0000,0.0000,0.0061,0.0001,200,1.2178
0.0066,0.0000,0.0000,0.0000,0.0065,0.0001,200,1.2237
0.0067,0.0000,0.0000,0.0000,0.0066,0.0000,200,1.2237
0.0067,0.0000,0.0000,0.0000,0.0066,0.0000,200,1.2237
0.0064,0.0000,0.0000,0.0000,0.0063,0.0000,200,1.2240
0.0064,0.0000,0.0000,0.0000,0.0063,0.0001,200,1.2304
0.0063,0.0000,0.0000,0.0000,0.0063,0.0000,200,1.2304
0.0063,0.0000,0.0000,0.0000,0.0063,0.0001,200,1.2304
0.0065,0.0000,0.0000,0.0000,0.0064,0.0001,200,1.2303
0.0066,0.0000,0.0000,0.0000,0.0065,0.0001,200,1.2368
0.0066,0.0000,0.0000,0.0000,0.0065,0.0001,200,1.2368
0.0066,0.0000,0.0000,0.0000,0.0065,0.0000,200,1.2368
0.0067,0.0000,0.0000,0.0000,0.0065,0.0001,200,1.2368
0.0066,0.0000,0.0000,0.0000,0.0065,0.0001,200,1.2434
0.0066,0.0000,0.0000,0.0000,0.0066,0.0000,200,1.2434
0.0066,0.0000,0.0000,0.0000,0.0065,0.0000,200,1.2434
0.0066,0.0000,0.0000,0.0000,0.0066,0.0000,200,1.2434
0.0082,0.0000,0.0000,0.0000,0.0081,0.0001,200,1.2500
0.0082,0.0000,0.0000,0.0000,0.0081,0.0001,200,1.2500
0.0082,0.0000,0.0000,0.0000,0.0081,0.0000,200,1.2500
0.0083,0.0000,0.0000,0.0000,0.0082,0.0000,200,1.2500
0.0065,0.0000,0.0000,0.0000,0.0064,0.0001,200,1.2582
0.0065,0.0000,0.0000,0.0000,0.0064,0.0001,200,1.2582
0.0073,0.0000,0.0000,0.0000,0.0072,0.0000,200,1.2582
0.0076,0.0000,0.0000,0.0000,0.0076,0.0000,200,1.2583
0.0064,0.0000,0.0000,0.0000,0.0064,0.0000,200,1.2647
0.0066,0.0000,0.0000,0.0000,0.0065,0.0000,200,1.2647
0.0063,0.0000,0.0000,0.0000,0.0062,0.0000,200,1.2655
0.0060,0.0000,0.0000,0.0000,0.0059,0.0000,200,1.2659
0.0066,0.0000,0.0000,0.0000,0.0065,0.0001,200,1.2712
0.0062,0.0000,0.0000,0.0000,0.0062,0.0000,200,1.2718
0.0067,0.0000,0.0000,0.0000,0.0066,0.0000,200,1.2713
0.0062,0.0000,0.0000,0.0000,0.0061,0.0000,200,1.2719
0.0063,0.0000,0.0000,0.0000,0.0062,0.0001,200,1.2778
0.0061,0.0000,0.0000,0.0000,0.0061,0.0000,200,1.2781
0.0063,0.0000,0.0000,0.0000,0.0062,0.0000,200,1.2780
0.0062,0.0000,0.0000,0.0000,0.0062,0.0000,200,1.2780
0.0063,0.0000,0.0000,0.0000,0.0062,0.0001,200,1.2843
0.0063,0.0000,0.0000,0.0000,0.0063,0.0001,200,1.2843
0.0064,0.0000,0.0000,0.0000,0.0063,0.0000,200,1.2842
0.0065,0.0000,0.0000,0.0000,0.0065,0.0000,200,1.2842
0.0066,0.0000,0.0000,0.0000,0.0065,0.0001,200,1.2906
0.0068,0.0000,0.0000,0.0000,0.0067,0.0000,200,1.2906
0.0069,0.0000,0.0000,0.0000,0.0068,0.0000,200,1.2905
0.0067,0.0000,0.0000,0.0000,0.0067,0.0000,200,1.2907
0.0062,0.0000,0.0000,0.0000,0.0061,0.0001,200,1.2974
0.0064,0.0000,0.0000,0.0000,0.0062,0.0001,200,1.2972
0.0062,0.0000,0.0000,0.0000,0.0062,0.0000,200,1.2974
0.0062,0.0000,0.0000,0.0000,0.0062,0.0000,200,1.2974
0.0064,0.0000,0.0000,0.0000,0.0063,0.0001,200,1.3036
0.0064,0.0000,0.0000,0.0000,0.0063,0.0001,200,1.3036
0.0064,0.0000,0.0000,0.0000,0.0063,0.0000,200,1.3036
0.0064,0.0000,0.0000,0.0000,0.0063,0.0001,200,1.3036
0.0064,0.0000,0.0000,0.0000,0.0063,0.0000,200,1.3100
0.0064,0.0000,0.0000,0.0000,0.0063,0.0000,200,1.3100
0.0065,0.0000,0.0000,0.0000,0.0064,0.0000,200,1.3100
0.0065,0.0000,0.0000,0.0000,0.0065,0.0000,200,1.3100
0.0064,0.0000,0.0000,0.0000,0.0063,0.0001,200,1.3164
0.0064,0.0000,0.0000,0.0000,0.0063,0.0000,200,1.3165
0.0064,0.0000,0.0000,0.0000,0.0064,0.0000,200,1.3165
0.0065,0.0000,0.0000,0.0000,0.0065,0.0000,200,1.3164
0.0064,0.0000,0.0000,0.0000,0.0063,0.0001,200,1.3229
0.0065,0.0000,0.0000,0.0000,0.0064,0.0000,200,1.3229
0.0064,0.0000,0.0000,0.0000,0.0063,0.0000,200,1.3229
0.0065,0.0000,0.0000,0.0000,0.0065,0.0000,200,1.3228
0.0062,0.0000,0.0000,0.0000,0.0061,0.0000,200,1.3293
0.0062,0.0000,0.0000,0.0000,0.0061,0.0000,200,1.3293
0.0062,0.0000,0.0000,0.0000,0.0062,0.0000,200,1.3294
0.0063,0.0000,0.0000,0.0000,0.0062,0.0000,200,1.3293
0.0065,0.0000,0.0000,0.0000,0.0064,0.0000,200,1.3355
0.0066,0.0000,0.0000,0.0000,0.0066,0.0000,200,1.3355
0.0066,0.0000,0.0000,0.0000,0.0066,0.0000,200,1.3356
0.0067,0.0000,0.0000,0.0000,0.0067,0.0000,200,1.3356
0.0070,0.0000,0.0000,0.0000,0.0069,0.0001,200,1.3421
0.0070,0.0000,0.0000,0.0000,0.0069,0.0000,200,1.3422
0.0072,0.0000,0.0000,0.0000,0.0071,0.0000,200,1.3420
0.0070,0.0000,0.0000,0.0000,0.0070,0.0000,200,1.3423
0.0066,0.0000,0.0000,0.0000,0.0064,0.0001,200,1.3491
0.0066,0.0000,0.0000,0.0000,0.0065,0.0000,200,1.3492
0.0066,0.0000,0.0000,0.0000,0.0066,0.0000,200,1.3492
0.0065,0.0000,0.0000,0.0000,0.0064,0.0000,200,1.3493
0.0063,0.0000,0.0000,0.0000,0.0063,0.0000,200,1.3558
0.0063,0.0000,0.0000,0.0000,0.0063,0.0000,200,1.3558
0.0064,0.0000,0.0000,0.0000,0.0064,0.0000,200,1.3557
0.0065,0.0000,0.0000,0.0000,0.0063,0.0002,200,1.3557
0.0065,0.0000,0.0000,0.0000,0.0064,0.0001,200,1.3622
0.0066,0.0000,0.0000,0.0000,0.0065,0.0000,200,1.3622
0.0067,0.0000,0.0000,0.0000,0.0067,0.0000,200,1.3621
0.0077,0.0000,0.0000,0.0000,0.0076,0.0000,200,1.3621
0.0065,0.0000,0.0000,0.0000,0.0064,0.0000,200,1.3688
0.0066,0.0000,0.0000,0.0000,0.0065,0.0000,200,1.3687
0.0067,0.0000,0.0000,0.0000,0.0065,0.0001,200,1.3687
0.0078,0.0000,0.0000,0.0000,0.0076,0.0001,200,1.3698
0.0068,0.0000,0.0000,0.0000,0.0067,0.0001,200,1.3753
0.0080,0.0000,0.0000,0.0000,0.0079,0.0001,200,1.3753
0.0080,0.0000,0.0000,0.0000,0.0080,0.0000,200,1.3754
0.0078,0.0000,0.0000,0.0000,0.0077,0.0000,200,1.3775
0.0063,0.0000,0.0000,0.0000,0.0062,0.0000,200,1.3822
0.0073,0.0000,0.0000,0.0000,0.0072,0.0001,200,1.3833
0.0074,0.0000,0.0000,0.0000,0.0073,0.0000,200,1.3834
0.0076,0.0000,0.0000,0.0000,0.0075,0.0000,200,1.3854
0.0062,0.0000,0.0000,0.0000,0.0061,0.0000,200,1.3884
0.0064,0.0000,0.0000,0.0000,0.0063,0.0000,200,1.3908
0.0070,0.0000,0.0000,0.0000,0.0069,0.0000,200,1.3906
0.0064,0.0000,0.0000,0.0000,0.0063,0.0000,200,1.3930
0.0064,0.0000,0.0000,0.0000,0.0063,0.0000,200,1.3946
0.0069,0.0000,0.0000,0.0000,0.0068,0.0001,200,1.3971
0.0064,0.0000,0.0000,0.0000,0.0063,0.0000,200,1.3977
0.0061,0.0000,0.0000,0.0000,0.0061,0.0000,200,1.3994
0.0060,0.0000,0.0000,0.0000,0.0060,0.0001,200,1.4010
0.0065,0.0000,0.0000,0.0000,0.0064,0.0000,200,1.4040
0.0064,0.0000,0.0000,0.0000,0.0064,0.0001,200,1.4041
0.0073,0.0000,0.0000,0.0000,0.0072,0.0001,200,1.4055
0.0062,0.0000,0.0000,0.0000,0.0061,0.0000,200,1.4071
0.0063,0.0000,0.0000,0.0000,0.0062,0.0000,200,1.4105
0.0063,0.0000,0.0000,0.0000,0.0062,0.0000,200,1.4105
0.0062,0.0000,0.0000,0.0000,0.0061,0.0000,200,1.4128
0.0061,0.0000,0.0000,0.0000,0.0061,0.0000,200,1.4132
0.0064,0.0000,0.0000,0.0000,0.0063,0.0001,200,1.4167
0.0067,0.0000,0.0000,0.0000,0.0067,0.0000,200,1.4167
0.0061,0.0000,0.0000,0.0000,0.0060,0.0000,200,1.4190
0.0061,0.0000,0.0000,0.0000,0.0060,0.0001,200,1.4193
0.0073,0.0000,0.0000,0.0000,0.0072,0.0001,200,1.4231
0.0070,0.0000,0.0000,0.0000,0.0070,0.0000,200,1.4235
0.0062,0.0000,0.0000,0.0000,0.0061,0.0000,200,1.4251
0.0063,0.0000,0.0000,0.0001,0.0062,0.0000,200,1.4254
0.0064,0.0000,0.0000,0.0000,0.0063,0.0000,200,1.4304
0.0063,0.0000,0.0000,0.0000,0.0062,0.0000,200,1.4305
0.0067,0.0000,0.0000,0.0000,0.0066,0.0001,200,1.4313
0.0064,0.0000,0.0000,0.0000,0.0064,0.0000,200,1.4317
0.0064,0.0000,0.0000,0.0000,0.0063,0.0001,200,1.4367
0.0063,0.0000,0.0000,0.0000,0.0063,0.0000,200,1.4368
0.0064,0.0000,0.0000,0.0000,0.0063,0.0001,200,1.4381
0.0066,0.0000,0.0000,0.0000,0.0065,0.0000,200,1.4380
0.0069,0.0000,0.0000,0.0000,0.0068,0.0001,200,1.4432
0.0070,0.0000,0.0000,0.0000,0.0070,0.0000,200,1.4432
0.0064,0.0000,0.0000,0.0000,0.0063,0.0001,200,1.4446
0.0065,0.0000,0.0000,0.0000,0.0064,0.0000,200,1.4445
0.0073,0.0000,0.0000,0.0000,0.0073,0.0000,200,1.4502
0.0074,0.0000,0.0000,0.0000,0.0073,0.0000,200,1.4501
0.0065,0.0000,0.0000,0.0000,0.0064,0.0001,200,1.4510
0.0066,0.0000,0.0000,0.0000,0.0064,0.0001,200,1.4510
0.0069,0.0000,0.0000,0.0000,0.0068,0.0001,200,1.4575
0.0070,0.0000,0.0000,0.0000,0.0069,0.0000,200,1.4575
0.0070,0.0000,0.0000,0.0000,0.0069,0.0000,200,1.4575
0.0070,0.0000,0.0000,0.0000,0.0070,0.0000,200,1.4576
0.0083,0.0000,0.0000,0.0000,0.0082,0.0001,200,1.4646
0.0084,0.0000,0.0000,0.0000,0.0083,0.0001,200,1.4645
0.0084,0.0000,0.0000,0.0000,0.0083,0.0001,200,1.4644
0.0084,0.0000,0.0000,0.0000,0.0084,0.0000,200,1.4645
0.0065,0.0000,0.0000,0.0000,0.0064,0.0001,200,1.4729
0.0065,0.0000,0.0000,0.0000,0.0065,0.0000,200,1.4729
0.0065,0.0000,0.0000,0.0000,0.0064,0.0000,200,1.4730
0.0075,0.0000,0.0000,0.0000,0.0074,0.0000,200,1.4729
0.0066,0.0000,0.0000,0.0000,0.0065,0.0000,200,1.4794
0.0066,0.0000,0.0000,0.0000,0.0065,0.0000,200,1.4794
0.0065,0.0000,0.0000,0.0000,0.0065,0.0000,200,1.4794
0.0062,0.0000,0.0000,0.0000,0.0061,0.0000,200,1.4803
0.0064,0.0000,0.0000,0.0000,0.0064,0.0000,200,1.4860
0.0064,0.0000,0.0000,0.0000,0.0063,0.0001,200,1.4860
0.0064,0.0000,0.0000,0.0000,0.0063,0.0001,200,1.4860
0.0061,0.0000,0.0000,0.0000,0.0061,0.0000,200,1.4865
0.0065,0.0000,0.0000,0.0000,0.0064,0.0001,200,1.4924
0.0065,0.0000,0.0000,0.0000,0.0064,0.0000,200,1.4924
0.0066,0.0000,0.0000,0.0000,0.0066,0.0000,200,1.4924
0.0064,0.0000,0.0000,0.0000,0.0064,0.0000,200,1.4926
0.0066,0.0000,0.0000,0.0000,0.0065,0.0001,200,1.4989
0.0066,0.0000,0.0000,0.0000,0.0065,0.0000,200,1.4989
0.0071,0.0000,0.0000,0.0000,0.0070,0.0000,200,1.4990
0.0071,0.0000,0.0000,0.0000,0.0070,0.0000,200,1.4990
0.0067,0.0000,0.0000,0.0000,0.0067,0.0000,200,1.5055
0.0061,0.0000,0.0000,0.0000,0.0060,0.0000,200,1.5061
0.0061,0.0000,0.0000,0.0000,0.0060,0.0000,200,1.5061
0.0068,0.0000,0.0000,0.0000,0.0067,0.0001,200,1.5054
0.0067,0.0000,0.0000,0.0000,0.0066,0.0001,200,1.5122
0.0068,0.0000,0.0000,0.0000,0.0067,0.0000,200,1.5122
0.0069,0.0000,0.0000,0.0000,0.0069,0.0000,200,1.5122
0.0074,0.0000,0.0000,0.0000,0.0073,0.0000,200,1.5122
0.0065,0.0000,0.0000,0.0000,0.0064,0.0001,200,1.5189
0.0065,0.0000,0.0000,0.0000,0.0065,0.0000,200,1.5190
0.0065,0.0000,0.0000,0.0000,0.0064,0.0000,200,1.5191
0.0071,0.0000,0.0000,0.0000,0.0070,0.0000,200,1.5196
0.0063,0.0000,0.0000,0.0000,0.0062,0.0001,200,1.5256
0.0067,0.0000,0.0000,0.0000,0.0063,0.0003,200,1.5254
0.0067,0.0000,0.0000,0.0000,0.0066,0.0000,200,1.5256
0.0059,0.0000,0.0000,0.0000,0.0059,0.0000,200,1.5266
0.0065,0.0000,0.0000,0.0000,0.0064,0.0000,200,1.5319
0.0063,0.0000,0.0000,0.0000,0.0063,0.0000,200,1.5323
0.0065,0.0000,0.0000,0.0000,0.0065,0.0000,200,1.5321
0.0061,0.0000,0.0000,0.0000,0.0060,0.0000,200,1.5326
0.0064,0.0000,0.0000,0.0000,0.0064,0.0000,200,1.5386
0.0066,0.0000,0.0000,0.0000,0.0065,0.0000,200,1.5384
0.0065,0.0000,0.0000,0.0000,0.0064,0.0000,200,1.5386
0.0065,0.0000,0.0000,0.0000,0.0064,0.0001,200,1.5386
0.0064,0.0000,0.0000,0.0000,0.0063,0.0000,200,1.5451
0.0065,0.0000,0.0000,0.0000,0.0065,0.0000,200,1.5451
0.0065,0.0000,0.0000,0.0000,0.0065,0.0000,200,1.5451
0.0066,0.0000,0.0000,0.0000,0.0065,0.0000,200,1.5451
0.0064,0.0000,0.0000,0.0000,0.0063,0.0001,200,1.5515
0.0065,0.0000,0.0000,0.0000,0.0064,0.0000,200,1.5516
0.0068,0.0000,0.0000,0.0000,0.0068,0.0000,200,1.5516
0.0069,0.0000,0.0000,0.0000,0.0069,0.0000,200,1.5516
0.0063,0.0000,0.0000,0.0000,0.0062,0.0001,200,1.5581
0.0065,0.0000,0.0000,0.0000,0.0064,0.0001,200,1.5579
0.0062,0.0000,0.0000,0.0000,0.0062,0.0000,200,1.5584
0.0061,0.0000,0.0000,0.0000,0.0061,0.0000,200,1.5585
0.0062,0.0000,0.0000,0.0000,0.0062,0.0000,200,1.5646
0.0064,0.0000,0.0000,0.0000,0.0063,0.0000,200,1.5644
0.0064,0.0000,0.0000,0.0000,0.0063,0.0000,200,1.5644
0.0062,0.0000,0.0000,0.0000,0.0061,0.0001,200,1.5647
0.0065,0.0000,0.0000,0.0000,0.0064,0.0001,200,1.5709
0.0067,0.0000,0.0000,0.0000,0.0066,0.0000,200,1.5709
0.0067,0.0000,0.0000,0.0000,0.0066,0.0000,200,1.5709
0.0069,0.0000,0.0000,0.0000,0.0068,0.0000,200,1.5709
0.0066,0.0000,0.0000,0.0000,0.0065,0.0001,200,1.5773
0.0064,0.0000,0.0000,0.0000,0.0064,0.0000,200,1.5776
0.0062,0.0000,0.0000,0.0000,0.0062,0.0000,200,1.5777
0.0064,0.0000,0.0000,0.0000,0.0064,0.0000,200,1.5775
0.0062,0.0000,0.0000,0.0000,0.0062,0.0001,200,1.5839
0.0063,0.0000,0.0000,0.0000,0.0062,0.0000,200,1.5840
0.0064,0.0000,0.0000,0.0000,0.0063,0.0000,200,1.5839
0.0067,0.0000,0.0000,0.0000,0.0066,0.0000,200,1.5840
0.0065,0.0000,0.0000,0.0000,0.0064,0.0001,200,1.5902
0.0065,0.0000,0.0000,0.0000,0.0065,0.0000,200,1.5902
0.0062,0.0000,0.0000,0.0000,0.0062,0.0000,200,1.5906
0.0066,0.0000,0.0000,0.0000,0.0065,0.0000,200,1.5903
0.0063,0.0000,0.0000,0.0000,0.0062,0.0001,200,1.5968
0.0064,0.0000,0.0000,0.0000,0.0063,0.0000,200,1.5967
0.0062,0.0000,0.0000,0.0000,0.0062,0.0000,200,1.5969
0.0072,0.0000,0.0000,0.0000,0.0071,0.0000,200,1.5969
0.0070,0.0000,0.0000,0.0000,0.0070,0.0000,200,1.6031
0.0070,0.0000,0.0000,0.0000,0.0070,0.0000,200,1.6031
0.0071,0.0000,0.0000,0.0000,0.0071,0.0000,200,1.6031
0.0061,0.0000,0.0000,0.0000,0.0061,0.0000,200,1.6041
0.0067,0.0000,0.0000,0.0000,0.0066,0.0000,200,1.6102
0.0068,0.0000,0.0000,0.0000,0.0067,0.0000,200,1.6101
0.0067,0.0000,0.0000,0.0000,0.0067,0.0000,200,1.6102
0.0068,0.0000,0.0000,0.0000,0.0067,0.0001,200,1.6101
0.0065,0.0000,0.0000,0.0000,0.0064,0.0001,200,1.6169
0.0068,0.0000,0.0000,0.0000,0.0067,0.0001,200,1.6169
0.0078,0.0000,0.0000,0.0000,0.0077,0.0000,200,1.6169
0.0089,0.0000,0.0000,0.0000,0.0089,0.0000,200,1.6169
0.0066,0.0000,0.0000,0.0000,0.0064,0.0001,200,1.6234
0.0069,0.0000,0.0000,0.0000,0.0068,0.0000,200,1.6237
0.0072,0.0000,0.0000,0.0000,0.0072,0.0000,200,1.6247
0.0065,0.0000,0.0000,0.0000,0.0065,0.0000,200,1.6258
0.0063,0.0000,0.0000,0.0000,0.0062,0.0000,200,1.6299
0.0061,0.0000,0.0000,0.0000,0.0060,0.0001,200,1.6306
0.0068,0.0000,0.0000,0.0000,0.0068,0.0000,200,1.6319
0.0064,0.0000,0.0000,0.0000,0.0063,0.0000,200,1.6324
0.0084,0.0000,0.0000,0.0000,0.0083,0.0001,200,1.6363
0.0081,0.0000,0.0000,0.0000,0.0080,0.0000,200,1.6367
0.0064,0.0000,0.0000,0.0000,0.0063,0.0000,200,1.6387
0.0064,0.0000,0.0000,0.0000,0.0063,0.0000,200,1.6387
0.0063,0.0000,0.0000,0.0000,0.0061,0.0002,200,1.6451
0.0068,0.0000,0.0000,0.0000,0.0067,0.0000,200,1.6447
0.0067,0.0000,0.0000,0.0000,0.0065,0.0002,200,1.6448
0.0069,0.0000,0.0000,0.0000,0.0064,0.0004,200,1.6451
0.0067,0.0000,0.0000,0.0000,0.0066,0.0001,200,1.6514
0.0063,0.0000,0.0000,0.0001,0.0062,0.0001,200,1.6518
0.0067,0.0000,0.0000,0.0001,0.0065,0.0000,200,1.6520
0.0073,0.0000,0.0000,0.0007,0.0065,0.0000,200,1.6514
0.0064,0.0000,0.0000,0.0000,0.0063,0.0000,200,1.6581
0.0064,0.0000,0.0000,0.0000,0.0063,0.0001,200,1.6581
0.0063,0.0000,0.0000,0.0000,0.0062,0.0000,200,1.6587
0.0068,0.0000,0.0000,0.0000,0.0067,0.0000,200,1.6587
0.0063,0.0000,0.0000,0.0000,0.0062,0.0000,200,1.6645
0.0064,0.0000,0.0000,0.0000,0.0063,0.0000,200,1.6645
0.0060,0.0000,0.0000,0.0000,0.0060,0.0000,200,1.6649
0.0069,0.0000,0.0000,0.0000,0.0068,0.0000,200,1.6656
0.0065,0.0000,0.0000,0.0000,0.0064,0.0000,200,1.6710
0.0066,0.0000,0.0000,0.0000,0.0065,0.0001,200,1.6709
0.0067,0.0000,0.0000,0.0000,0.0066,0.0000,200,1.6708
0.0064,0.0000,0.0000,0.0000,0.0063,0.0000,200,1.6725
0.0062,0.0000,0.0000,0.0000,0.0062,0.0000,200,1.6775
0.0063,0.0000,0.0000,0.0000,0.0063,0.0000,200,1.6774
0.0063,0.0000,0.0000,0.0000,0.0063,0.0000,200,1.6774
0.0062,0.0000,0.0000,0.0000,0.0061,0.0000,200,1.6788
0.0065,0.0000,0.0000,0.0000,0.0065,0.0000,200,1.6838
0.0065,0.0000,0.0000,0.0000,0.0065,0.0000,200,1.6838
0.0066,0.0000,0.0000,0.0000,0.0065,0.0001,200,1.6838
0.0064,0.0000,0.0000,0.0000,0.0063,0.0000,200,1.6850
0.0067,0.0000,0.0000,0.0000,0.0066,0.0001,200,1.6903
0.0072,0.0000,0.0000,0.0000,0.0072,0.0000,200,1.6903
0.0074,0.0000,0.0000,0.0000,0.0074,0.0000,200,1.6903
0.0065,0.0000,0.0000,0.0000,0.0064,0.0000,200,1.6914
0.0068,0.0000,0.0000,0.0000,0.0066,0.0001,200,1.6970
0.0061,0.0000,0.0000,0.0000,0.0061,0.0000,200,1.6978
0.0065,0.0000,0.0000,0.0000,0.0064,0.0000,200,1.6979
0.0073,0.0000,0.0000,0.0000,0.0073,0.0000,200,1.6976
0.0072,0.0000,0.0000,0.0000,0.0070,0.0002,200,1.7038
0.0071,0.0000,0.0000,0.0000,0.0071,0.0000,200,1.7039
0.0066,0.0000,0.0000,0.0000,0.0065,0.0000,200,1.7044
0.0073,0.0000,0.0000,0.0000,0.0071,0.0002,200,1.7049
0.0065,0.0000,0.0000,0.0000,0.0064,0.0001,200,1.7110
0.0063,0.0000,0.0000,0.0000,0.0063,0.0000,200,1.7112
0.0068,0.0000,0.0000,0.0000,0.0068,0.0000,200,1.7110
0.0065,0.0000,0.0000,0.0000,0.0065,0.0000,200,1.7122
0.0065,0.0000,0.0000,0.0000,0.0064,0.0001,200,1.7175
0.0062,0.0000,0.0000,0.0000,0.0062,0.0000,200,1.7179
0.0066,0.0000,0.0000,0.0000,0.0065,0.0000,200,1.7175
0.0060,0.0000,0.0000,0.0000,0.0059,0.0000,200,1.7187
0.0066,0.0000,0.0000,0.0000,0.0065,0.0001,200,1.7241
0.0066,0.0000,0.0000,0.0000,0.0065,0.0000,200,1.7241
0.0070,0.0000,0.0000,0.0000,0.0069,0.0000,200,1.7241
0.0065,0.0000,0.0000,0.0000,0.0064,0.0000,200,1.7247
0.0064,0.0000,0.0000,0.0000,0.0063,0.0001,200,1.7307
0.0065,0.0000,0.0000,0.0000,0.0064,0.0000,200,1.7307
0.0068,0.0000,0.0000,0.0000,0.0067,0.0000,200,1.7310
0.0067,0.0000,0.0000,0.0000,0.0066,0.0000,200,1.7312
0.0068,0.0000,0.0000,0.0000,0.0067,0.0000,200,1.7371
0.0062,0.0000,0.0000,0.0000,0.0062,0.0000,200,1.7378
0.0069,0.0000,0.0000,0.0000,0.0066,0.0003,200,1.7372
0.0071,0.0000,0.0000,0.0000,0.0070,0.0000,200,1.7379
0.0072,0.0000,0.0000,0.0000,0.0071,0.0001,200,1.7441
0.0076,0.0000,0.0000,0.0000,0.0075,0.0000,200,1.7441
0.0067,0.0000,0.0000,0.0000,0.0066,0.0000,200,1.7450
0.0099,0.0000,0.0000,0.0000,0.0097,0.0001,200,1.7439
0.0065,0.0000,0.0000,0.0000,0.0064,0.0001,200,1.7513
0.0062,0.0000,0.0000,0.0000,0.0062,0.0000,200,1.7517
0.0064,0.0000,0.0000,0.0000,0.0063,0.0000,200,1.7517
0.0064,0.0000,0.0000,0.0000,0.0063,0.0000,200,1.7538
0.0064,0.0000,0.0000,0.0000,0.0063,0.0001,200,1.7579
0.0067,0.0000,0.0000,0.0000,0.0066,0.0000,200,1.7578
0.0064,0.0000,0.0000,0.0000,0.0064,0.0000,200,1.7581
0.0066,0.0000,0.0000,0.0000,0.0065,0.0001,200,1.7602
0.0064,0.0000,0.0000,0.0000,0.0063,0.0001,200,1.7643
0.0062,0.0000,0.0000,0.0000,0.0061,0.0000,200,1.7645
0.0062,0.0000,0.0000,0.0000,0.0061,0.0000,200,1.7645
0.0064,0.0000,0.0000,0.0000,0.0063,0.0000,200,1.7668
0.0068,0.0000,0.0000,0.0000,0.0067,0.0000,200,1.7707
0.0068,0.0000,0.0000,0.0000,0.0067,0.0000,200,1.7707
0.0068,0.0000,0.0000,0.0000,0.0067,0.0001,200,1.7707
0.0062,0.0000,0.0000,0.0000,0.0061,0.0001,200,1.7732
0.0065,0.0000,0.0000,0.0000,0.0064,0.0001,200,1.7775
0.0065,0.0000,0.0000,0.0000,0.0064,0.0000,200,1.7775
0.0070,0.0000,0.0000,0.0000,0.0069,0.0000,200,1.7775
0.0062,0.0000,0.0000,0.0000,0.0061,0.0000,200,1.7794
0.0064,0.0000,0.0000,0.0000,0.0063,0.0001,200,1.7840
0.0064,0.0000,0.0000,0.0000,0.0063,0.0000,200,1.7840
0.0060,0.0000,0.0000,0.0000,0.0059,0.0000,200,1.7845
0.0060,0.0000,0.0000,0.0000,0.0059,0.0000,200,1.7855
0.0060,0.0000,0.0000,0.0000,0.0060,0.0000,200,1.7905
0.0061,0.0000,0.0000,0.0000,0.0060,0.0000,200,1.7904
0.0061,0.0000,0.0000,0.0000,0.0060,0.0000,200,1.7904
0.0060,0.0000,0.0000,0.0000,0.0060,0.0000,200,1.7915
0.0062,0.0000,0.0000,0.0000,0.0061,0.0001,200,1.7965
0.0062,0.0000,0.0000,0.0000,0.0062,0.0000,200,1.7966
0.0062,0.0000,0.0000,0.0000,0.0062,0.0000,200,1.7965
0.0062,0.0000,0.0000,0.0000,0.0061,0.0000,200,1.7976
0.0062,0.0000,0.0000,0.0000,0.0062,0.0001,200,1.8027
0.0062,0.0000,0.0000,0.0000,0.0062,0.0000,200,1.8028
0.0062,0.0000,0.0000,0.0000,0.0062,0.0000,200,1.8028
0.0061,0.0000,0.0000,0.0000,0.0060,0.0001,200,1.8037
0.0063,0.0000,0.0000,0.0000,0.0062,0.0001,200,1.8090
0.0067,0.0000,0.0000,0.0000,0.0066,0.0001,200,1.8090
0.0068,0.0000,0.0000,0.0000,0.0064,0.0003,200,1.8090
0.0061,0.0000,0.0000,0.0000,0.0061,0.0000,200,1.8099
0.0067,0.0000,0.0000,0.0000,0.0066,0.0001,200,1.8153
0.0062,0.0000,0.0000,0.0000,0.0062,0.0000,200,1.8158
0.0063,0.0000,0.0000,0.0000,0.0062,0.0001,200,1.8157
0.0060,0.0000,0.0000,0.0000,0.0059,0.0001,200,1.8160
0.0065,0.0000,0.0000,0.0000,0.0063,0.0001,200,1.8220
0.0065,0.0000,0.0000,0.0000,0.0063,0.0001,200,1.8220
0.0065,0.0000,0.0000,0.0000,0.0064,0.0000,200,1.8220
0.0066,0.0000,0.0000,0.0000,0.0066,0.0000,200,1.8220
0.0065,0.0000,0.0000,0.0000,0.0064,0.0001,200,1.8285
0.0065,0.0000,0.0000,0.0000,0.0064,0.0000,200,1.8285
0.0065,0.0000,0.0000,0.0000,0.0064,0.0000,200,1.8285
0.0064,0.0000,0.0000,0.0000,0.0063,0.0000,200,1.8286
0.0064,0.0000,0.0000,0.0000,0.0063,0.0001,200,1.8350
0.0065,0.0000,0.0000,0.0000,0.0065,0.0000,200,1.8350
0.0067,0.0000,0.0000,0.0000,0.0066,0.0000,200,1.8350
0.0109,0.0000,0.0000,0.0000,0.0109,0.0001,200,1.8350
0.0067,0.0000,0.0000,0.0001,0.0064,0.0000,200,1.8414
0.0065,0.0000,0.0000,0.0000,0.0064,0.0000,200,1.8416
0.0066,0.0000,0.0000,0.0000,0.0065,0.0000,200,1.8415
0.0064,0.0000,0.0000,0.0000,0.0063,0.0001,200,1.8459
0.0063,0.0000,0.0000,0.0000,0.0062,0.0000,200,1.8481
0.0068,0.0000,0.0000,0.0000,0.0068,0.0000,200,1.8481
0.0068,0.0000,0.0000,0.0000,0.0067,0.0000,200,1.8481
0.0071,0.0000,0.0000,0.0000,0.0070,0.0001,200,1.8523
0.0064,0.0000,0.0000,0.0000,0.0063,0.0000,200,1.8544
0.0062,0.0000,0.0000,0.0000,0.0061,0.0001,200,1.8549
0.0063,0.0000,0.0000,0.0000,0.0062,0.0000,200,1.8549
0.0073,0.0000,0.0000,0.0000,0.0072,0.0000,200,1.8594
0.0061,0.0000,0.0000,0.0000,0.0060,0.0000,200,1.8608
0.0060,0.0000,0.0000,0.0000,0.0060,0.0000,200,1.8611
0.0063,0.0000,0.0000,0.0000,0.0063,0.0000,200,1.8612
0.0065,0.0000,0.0000,0.0000,0.0064,0.0001,200,1.8667
0.0069,0.0000,0.0000,0.0000,0.0068,0.0000,200,1.8675
0.0073,0.0000,0.0000,0.0000,0.0072,0.0000,200,1.8671
0.0076,0.0000,0.0000,0.0000,0.0075,0.0001,200,1.8669
0.0067,0.0000,0.0000,0.0000,0.0066,0.0001,200,1.8732
0.0063,0.0000,0.0000,0.0000,0.0062,0.0000,200,1.8744
0.0065,0.0000,0.0000,0.0000,0.0064,0.0000,200,1.8744
0.0076,0.0000,0.0000,0.0000,0.0076,0.0000,200,1.8744
0.0068,0.0000,0.0000,0.0000,0.0066,0.0001,200,1.8799
0.0061,0.0000,0.0000,0.0000,0.0060,0.0000,200,1.8809
0.0063,0.0000,0.0000,0.0000,0.0062,0.0001,200,1.8807
0.0062,0.0000,0.0000,0.0000,0.0060,0.0001,200,1.8820
0.0066,0.0000,0.0000,0.0000,0.0065,0.0001,200,1.8869
0.0075,0.0000,0.0000,0.0000,0.0069,0.0000,200,1.8867
0.0072,0.0000,0.0000,0.0000,0.0072,0.0000,200,1.8870
0.0061,0.0000,0.0000,0.0000,0.0061,0.0000,200,1.8882
0.0068,0.0000,0.0000,0.0000,0.0067,0.0001,200,1.8943
0.0071,0.0000,0.0000,0.0000,0.0070,0.0000,200,1.8941
0.0071,0.0000,0.0000,0.0000,0.0071,0.0000,200,1.8942
0.0078,0.0000,0.0000,0.0000,0.0077,0.0000,200,1.8935
0.0069,0.0000,0.0000,0.0000,0.0068,0.0001,200,1.9013
0.0071,0.0000,0.0000,0.0000,0.0070,0.0000,200,1.9013
0.0077,0.0000,0.0000,0.0000,0.0076,0.0000,200,1.9012
0.0090,0.0000,0.0000,0.0000,0.0089,0.0000,200,1.9011
0.0065,0.0000,0.0000,0.0000,0.0064,0.0001,200,1.9082
0.0066,0.0000,0.0000,0.0000,0.0065,0.0000,200,1.9084
0.0064,0.0000,0.0000,0.0000,0.0063,0.0000,200,1.9089
0.0063,0.0000,0.0000,0.0000,0.0062,0.0001,200,1.9101
0.0063,0.0000,0.0000,0.0000,0.0062,0.0001,200,1.9147
0.0063,0.0000,0.0000,0.0000,0.0062,0.0000,200,1.9149
0.0064,0.0000,0.0000,0.0000,0.0063,0.0001,200,1.9164
0.0076,0.0000,0.0000,0.0000,0.0076,0.0000,200,1.9153
0.0067,0.0000,0.0000,0.0000,0.0066,0.0001,200,1.9210
0.0072,0.0000,0.0000,0.0000,0.0071,0.0000,200,1.9212
0.0064,0.0000,0.0000,0.0000,0.0063,0.0000,200,1.9228
0.0064,0.0000,0.0000,0.0000,0.0063,0.0000,200,1.9229
0.0064,0.0000,0.0000,0.0000,0.0063,0.0000,200,1.9277
0.0064,0.0000,0.0000,0.0000,0.0063,0.0000,200,1.9284
0.0063,0.0000,0.0000,0.0000,0.0062,0.0000,200,1.9292
0.0062,0.0000,0.0000,0.0000,0.0061,0.0000,200,1.9293
0.0063,0.0000,0.0000,0.0000,0.0062,0.0001,200,1.9342
0.0064,0.0000,0.0000,0.0000,0.0063,0.0001,200,1.9348
0.0062,0.0000,0.0000,0.0000,0.0061,0.0000,200,1.9354
0.0065,0.0000,0.0000,0.0000,0.0064,0.0000,200,1.9355
0.0070,0.0000,0.0000,0.0000,0.0069,0.0001,200,1.9404
0.0064,0.0000,0.0000,0.0000,0.0063,0.0000,200,1.9411
0.0061,0.0000,0.0000,0.0000,0.0060,0.0000,200,1.9419
0.0065,0.0000,0.0000,0.0000,0.0065,0.0000,200,1.9416
0.0062,0.0000,0.0000,0.0000,0.0061,0.0001,200,1.9474
0.0066,0.0000,0.0000,0.0000,0.0064,0.0002,200,1.9475
0.0061,0.0000,0.0000,0.0000,0.0061,0.0000,200,1.9480
0.0061,0.0000,0.0000,0.0000,0.0060,0.0000,200,1.9481
0.0073,0.0000,0.0000,0.0000,0.0072,0.0001,200,1.9536
0.0069,0.0000,0.0000,0.0000,0.0068,0.0001,200,1.9541
0.0069,0.0000,0.0000,0.0000,0.0068,0.0000,200,1.9542
0.0075,0.0000,0.0000,0.0000,0.0069,0.0006,200,1.9542
0.0068,0.0000,0.0000,0.0000,0.0067,0.0000,200,1.9610
0.0068,0.0000,0.0000,0.0000,0.0067,0.0001,200,1.9610
0.0068,0.0000,0.0000,0.0000,0.0068,0.0000,200,1.9610
0.0062,0.0000,0.0000,0.0000,0.0062,0.0000,200,1.9617
0.0065,0.0000,0.0000,0.0000,0.0064,0.0001,200,1.9679
0.0070,0.0000,0.0000,0.0000,0.0069,0.0000,200,1.9679
0.0072,0.0000,0.0000,0.0000,0.0071,0.0000,200,1.9678
0.0072,0.0000,0.0000,0.0000,0.0072,0.0000,200,1.9678
0.0067,0.0000,0.0000,0.0000,0.0065,0.0001,200,1.9744
0.0062,0.0000,0.0000,0.0000,0.0062,0.0000,200,1.9751
0.0065,0.0000,0.0000,0.0000,0.0065,0.0000,200,1.9750
0.0067,0.0000,0.0000,0.0000,0.0066,0.0000,200,1.9749
0.0065,0.0000,0.0000,0.0000,0.0064,0.0001,200,1.9813
0.0062,0.0000,0.0000,0.0000,0.0061,0.0000,200,1.9816
0.0063,0.0000,0.0000,0.0000,0.0062,0.0000,200,1.9816
0.0073,0.0000,0.0000,0.0000,0.0072,0.0000,200,1.9810
0.0065,0.0000,0.0000,0.0000,0.0064,0.0000,200,1.9878
0.0065,0.0000,0.0000,0.0000,0.0064,0.0000,200,1.9878
0.0065,0.0000,0.0000,0.0000,0.0064,0.0001,200,1.9878
0.0082,0.0000,0.0000,0.0000,0.0081,0.0001,200,1.9883
0.0079,0.0000,0.0000,0.0000,0.0078,0.0001,200,1.9943
0.0085,0.0000,0.0000,0.0000,0.0084,0.0000,200,1.9943
0.0086,0.0000,0.0000,0.0000,0.0085,0.0000,200,1.9943
0.0069,0.0000,0.0000,0.0000,0.0068,0.0000,200,1.9965
0.0065,0.0000,0.0000,0.0000,0.0064,0.0001,200,2.0021
0.0060,0.0000,0.0000,0.0000,0.0060,0.0000,200,2.0029
0.0063,0.0000,0.0000,0.0000,0.0062,0.0000,200,2.0027
0.0084,0.0000,0.0000,0.0000,0.0083,0.0001,200,2.0034
0.0073,0.0000,0.0000,0.0001,0.0072,0.0001,200,2.0086
0.0071,0.0000,0.0000,0.0000,0.0071,0.0000,200,2.0090
0.0074,0.0000,0.0000,0.0000,0.0073,0.0000,200,2.0089
0.0069,0.0000,0.0000,0.0000,0.0068,0.0001,200,2.0118
0.0064,0.0000,0.0000,0.0000,0.0063,0.0001,200,2.0160
0.0062,0.0000,0.0000,0.0000,0.0062,0.0000,200,2.0162
0.0063,0.0000,0.0000,0.0000,0.0063,0.0000,200,2.0162
0.0078,0.0000,0.0000,0.0000,0.0077,0.0001,200,2.0188
0.0063,0.0000,0.0000,0.0000,0.0063,0.0000,200,2.0224
0.0063,0.0000,0.0000,0.0000,0.0062,0.0000,200,2.0225
0.0065,0.0000,0.0000,0.0000,0.0063,0.0001,200,2.0223
0.0075,0.0000,0.0000,0.0000,0.0074,0.0001,200,2.0266
0.0061,0.0000,0.0000,0.0000,0.0061,0.0000,200,2.0288
0.0063,0.0000,0.0000,0.0000,0.0062,0.0000,200,2.0288
0.0064,0.0000,0.0000,0.0000,0.0064,0.0000,200,2.0288
0.0063,0.0000,0.0000,0.0000,0.0062,0.0001,200,2.0341
0.0065,0.0000,0.0000,0.0000,0.0064,0.0001,200,2.0349
0.0063,0.0000,0.0000,0.0000,0.0062,0.0001,200,2.0352
0.0067,0.0000,0.0000,0.0000,0.0066,0.0000,200,2.0351
0.0065,0.0000,0.0000,0.0000,0.0064,0.0001,200,2.0404
0.0065,0.0000,0.0000,0.0000,0.0064,0.0001,200,2.0414
0.0062,0.0000,0.0000,0.0000,0.0061,0.0000,200,2.0418
0.0066,0.0000,0.0000,0.0000,0.0065,0.0000,200,2.0415
0.0063,0.0000,0.0000,0.0000,0.0062,0.0001,200,2.0469
0.0063,0.0000,0.0000,0.0000,0.0063,0.0000,200,2.0479
0.0062,0.0000,0.0000,0.0000,0.0062,0.0000,200,2.0481
0.0064,0.0000,0.0000,0.0000,0.0064,0.0000,200,2.0479
0.0063,0.0000,0.0000,0.0000,0.0062,0.0001,200,2.0543
0.0074,0.0000,0.0000,0.0000,0.0073,0.0000,200,2.0532
0.0064,0.0000,0.0000,0.0000,0.0063,0.0000,200,2.0543
0.0064,0.0000,0.0000,0.0000,0.0064,0.0000,200,2.0543
0.0063,0.0000,0.0000,0.0000,0.0062,0.0001,200,2.0606
0.0063,0.0000,0.0000,0.0000,0.0062,0.0000,200,2.0607
0.0064,0.0000,0.0000,0.0000,0.0064,0.0000,200,2.0606
0.0064,0.0000,0.0000,0.0000,0.0063,0.0000,200,2.0607
0.0063,0.0000,0.0000,0.0000,0.0062,0.0000,200,2.0670
0.0065,0.0000,0.0000,0.0000,0.0064,0.0000,200,2.0669
0.0064,0.0000,0.0000,0.0000,0.0064,0.0000,200,2.0670
0.0067,0.0000,0.0000,0.0000,0.0066,0.0000,200,2.0670
0.0065,0.0000,0.0000,0.0000,0.0064,0.0001,200,2.0733
0.0064,0.0000,0.0000,0.0000,0.0064,0.0000,200,2.0734
0.0065,0.0000,0.0000,0.0000,0.0065,0.0000,200,2.0734
0.0063,0.0000,0.0000,0.0000,0.0062,0.0000,200,2.0737
0.0064,0.0000,0.0000,0.0000,0.0063,0.0001,200,2.0798
0.0064,0.0000,0.0000,0.0000,0.0063,0.0000,200,2.0798
0.0062,0.0000,0.0000,0.0000,0.0062,0.0000,200,2.0800
0.0064,0.0000,0.0000,0.0000,0.0064,0.0000,200,2.0799
0.0066,0.0000,0.0000,0.0000,0.0065,0.0001,200,2.0862
0.0065,0.0000,0.0000,0.0000,0.0064,0.0001,200,2.0862
0.0065,0.0000,0.0000,0.0000,0.0065,0.0000,200,2.0862
0.0065,0.0000,0.0000,0.0000,0.0065,0.0000,200,2.0863
0.0066,0.0000,0.0000,0.0000,0.0065,0.0001,200,2.0928
0.0067,0.0000,0.0000,0.0000,0.0066,0.0000,200,2.0928
0.0075,0.0000,0.0000,0.0001,0.0073,0.0000,200,2.0928
0.0082,0.0000,0.0000,0.0000,0.0081,0.0000,200,2.0928
0.0063,0.0000,0.0000,0.0000,0.0062,0.0000,200,2.0995
0.0064,0.0000,0.0000,0.0000,0.0063,0.0001,200,2.0994
0.0061,0.0000,0.0000,0.0000,0.0061,0.0000,200,2.1003
0.0066,0.0000,0.0000,0.0000,0.0066,0.0000,200,2.1009
0.0063,0.0000,0.0000,0.0000,0.0061,0.0001,200,2.1058
0.0064,0.0000,0.0000,0.0000,0.0063,0.0000,200,2.1058
0.0059,0.0000,0.0000,0.0000,0.0059,0.0000,200,2.1064
0.0061,0.0000,0.0000,0.0000,0.0061,0.0000,200,2.1076
0.0062,0.0000,0.0000,0.0000,0.0061,0.0000,200,2.1122
0.0063,0.0000,0.0000,0.0000,0.0063,0.0000,200,2.1121
0.0061,0.0000,0.0000,0.0000,0.0061,0.0000,200,2.1123
0.0080,0.0000,0.0000,0.0000,0.0080,0.0001,200,2.1137
0.0065,0.0000,0.0000,0.0000,0.0064,0.0000,200,2.1184
0.0065,0.0000,0.0000,0.0000,0.0064,0.0000,200,2.1184
0.0067,0.0000,0.0000,0.0000,0.0066,0.0000,200,2.1184
0.0075,0.0000,0.0000,0.0000,0.0074,0.0001,200,2.1218
0.0067,0.0000,0.0000,0.0000,0.0067,0.0001,200,2.1249
0.0073,0.0000,0.0000,0.0000,0.0073,0.0000,200,2.1251
0.0076,0.0000,0.0000,0.0000,0.0074,0.0002,200,2.1249
0.0069,0.0000,0.0000,0.0000,0.0068,0.0001,200,2.1292
0.0063,0.0000,0.0000,0.0000,0.0062,0.0000,200,2.1316
0.0063,0.0000,0.0000,0.0000,0.0061,0.0001,200,2.1324
0.0062,0.0000,0.0000,0.0000,0.0061,0.0000,200,2.1325
0.0063,0.0000,0.0000,0.0000,0.0061,0.0001,200,2.1361
0.0059,0.0000,0.0000,0.0000,0.0059,0.0000,200,2.1379
0.0061,0.0000,0.0000,0.0000,0.0060,0.0000,200,2.1387
0.0061,0.0000,0.0000,0.0000,0.0061,0.0000,200,2.1387
0.0062,0.0000,0.0000,0.0000,0.0061,0.0000,200,2.1424
0.0062,0.0000,0.0000,0.0000,0.0061,0.0000,200,2.1438
0.0061,0.0000,0.0000,0.0000,0.0060,0.0000,200,2.1448
0.0060,0.0000,0.0000,0.0000,0.0060,0.0000,200,2.1449
0.0061,0.0000,0.0000,0.0000,0.0061,0.0001,200,2.1486
0.0061,0.0000,0.0000,0.0000,0.0060,0.0001,200,2.1500
0.0061,0.0000,0.0000,0.0000,0.0060,0.0000,200,2.1508
0.0062,0.0000,0.0000,0.0000,0.0061,0.0001,200,2.1509
0.0063,0.0000,0.0000,0.0000,0.0062,0.0001,200,2.1547
0.0061,0.0000,0.0000,0.0000,0.0060,0.0000,200,2.1561
0.0062,0.0000,0.0000,0.0000,0.0061,0.0000,200,2.1569
0.0060,0.0000,0.0000,0.0000,0.0060,0.0000,200,2.1571
0.0064,0.0000,0.0000,0.0000,0.0063,0.0001,200,2.1610
0.0061,0.0000,0.0000,0.0000,0.0061,0.0000,200,2.1622
0.0061,0.0000,0.0000,0.0000,0.0060,0.0000,200,2.1631
0.0062,0.0000,0.0000,0.0000,0.0062,0.0000,200,2.1631
0.0067,0.0000,0.0000,0.0000,0.0066,0.0001,200,2.1674
0.0061,0.0000,0.0000,0.0000,0.0061,0.0000,200,2.1683
0.0062,0.0000,0.0000,0.0000,0.0062,0.0001,200,2.1692
0.0066,0.0000,0.0000,0.0000,0.0065,0.0000,200,2.1693
0.0065,0.0000,0.0000,0.0000,0.0064,0.0001,200,2.1741
0.0063,0.0000,0.0000,0.0000,0.0062,0.0001,200,2.1745
0.0065,0.0000,0.0000,0.0000,0.0064,0.0001,200,2.1754
0.0062,0.0000,0.0000,0.0000,0.0062,0.0000,200,2.1759
0.0067,0.0000,0.0000,0.0000,0.0066,0.0001,200,2.1806
0.0065,0.0000,0.0000,0.0000,0.0064,0.0001,200,2.1807
0.0062,0.0000,0.0000,0.0000,0.0061,0.0000,200,2.1820
0.0062,0.0000,0.0000,0.0000,0.0062,0.0000,200,2.1821
0.0063,0.0000,0.0000,0.0000,0.0062,0.0000,200,2.1873
0.0063,0.0000,0.0000,0.0000,0.0062,0.0000,200,2.1873
0.0062,0.0000,0.0000,0.0000,0.0061,0.0001,200,2.1882
0.0061,0.0000,0.0000,0.0000,0.0060,0.0000,200,2.1883
0.0063,0.0000,0.0000,0.0000,0.0062,0.0001,200,2.1936
0.0063,0.0000,0.0000,0.0000,0.0062,0.0000,200,2.1936
0.0059,0.0000,0.0000,0.0000,0.0059,0.0000,200,2.1944
0.0061,0.0000,0.0000,0.0000,0.0060,0.0000,200,2.1944
0.0064,0.0000,0.0000,0.0000,0.0062,0.0001,200,2.1999
0.0067,0.0000,0.0000,0.0000,0.0064,0.0002,200,2.1998
0.0064,0.0000,0.0000,0.0000,0.0063,0.0000,200,2.2003
0.0064,0.0000,0.0000,0.0000,0.0063,0.0000,200,2.2004
0.0062,0.0000,0.0000,0.0000,0.0061,0.0001,200,2.2067
0.0067,0.0000,0.0000,0.0000,0.0065,0.0001,200,2.2062
0.0063,0.0000,0.0000,0.0000,0.0063,0.0000,200,2.2066
0.0062,0.0000,0.0000,0.0000,0.0062,0.0000,200,2.2068
0.0063,0.0000,0.0000,0.0000,0.0062,0.0001,200,2.2129
0.0065,0.0000,0.0000,0.0000,0.0065,0.0000,200,2.2129
0.0064,0.0000,0.0000,0.0000,0.0064,0.0000,200,2.2130
0.0065,0.0000,0.0000,0.0000,0.0065,0.0000,200,2.2129
0.0066,0.0000,0.0000,0.0000,0.0066,0.0001,200,2.2194
0.0070,0.0000,0.0000,0.0000,0.0069,0.0000,200,2.2192
0.0068,0.0000,0.0000,0.0000,0.0068,0.0000,200,2.2194
0.0068,0.0000,0.0000,0.0000,0.0068,0.0000,200,2.2194
0.0069,0.0000,0.0000,0.0000,0.0068,0.0001,200,2.2261
0.0068,0.0000,0.0000,0.0000,0.0067,0.0001,200,2.2262
0.0067,0.0000,0.0000,0.0000,0.0066,0.0000,200,2.2263
0.0071,0.0000,0.0000,0.0000,0.0071,0.0000,200,2.2262
0.0064,0.0000,0.0000,0.0000,0.0063,0.0001,200,2.2330
0.0064,0.0000,0.0000,0.0000,0.0063,0.0000,200,2.2330
0.0063,0.0000,0.0000,0.0000,0.0060,0.0003,200,2.2334
0.0069,0.0000,0.0000,0.0000,0.0067,0.0001,200,2.2329
0.0072,0.0000,0.0000,0.0001,0.0069,0.0001,200,2.2397
0.0075,0.0000,0.0000,0.0002,0.0072,0.0000,200,2.2394
0.0080,0.0000,0.0000,0.0000,0.0079,0.0001,200,2.2399
0.0091,0.0000,0.0000,0.0002,0.0089,0.0000,200,2.2394
0.0067,0.0000,0.0000,0.0000,0.0066,0.0001,200,2.2469
0.0069,0.0000,0.0000,0.0000,0.0068,0.0000,200,2.2469
0.0070,0.0000,0.0000,0.0000,0.0070,0.0000,200,2.2479
0.0066,0.0000,0.0000,0.0000,0.0065,0.0000,200,2.2485
0.0063,0.0000,0.0000,0.0000,0.0063,0.0000,200,2.2538
0.0065,0.0000,0.0000,0.0000,0.0064,0.0000,200,2.2536
0.0062,0.0000,0.0000,0.0000,0.0061,0.0001,200,2.2551
0.0064,0.0000,0.0000,0.0000,0.0064,0.0000,200,2.2549
0.0067,0.0000,0.0000,0.0000,0.0066,0.0001,200,2.2601
0.0075,0.0000,0.0000,0.0000,0.0074,0.0000,200,2.2613
0.0086,0.0000,0.0000,0.0000,0.0086,0.0000,200,2.2601
0.0074,0.0000,0.0000,0.0000,0.0073,0.0000,200,2.2614
0.0068,0.0000,0.0000,0.0000,0.0067,0.0001,200,2.2668
0.0061,0.0000,0.0000,0.0000,0.0060,0.0000,200,2.2688
0.0063,0.0000,0.0000,0.0000,0.0062,0.0000,200,2.2688
0.0064,0.0000,0.0000,0.0000,0.0064,0.0000,200,2.2688
0.0067,0.0000,0.0000,0.0000,0.0066,0.0001,200,2.2736
0.0066,0.0000,0.0000,0.0000,0.0065,0.0000,200,2.2749
0.0063,0.0000,0.0000,0.0000,0.0063,0.0000,200,2.2752
0.0097,0.0000,0.0000,0.0000,0.0096,0.0001,200,2.2751
0.0075,0.0000,0.0000,0.0000,0.0074,0.0001,200,2.2803
0.0063,0.0000,0.0000,0.0000,0.0062,0.0000,200,2.2815
0.0065,0.0000,0.0000,0.0000,0.0064,0.0000,200,2.2815
0.0066,0.0000,0.0000,0.0000,0.0065,0.0001,200,2.2848
0.0064,0.0000,0.0000,0.0000,0.0063,0.0001,200,2.2880
0.0068,0.0000,0.0000,0.0000,0.0067,0.0000,200,2.2878
0.0070,0.0000,0.0000,0.0000,0.0070,0.0000,200,2.2878
0.0067,0.0000,0.0000,0.0000,0.0066,0.0001,200,2.2914
0.0064,0.0000,0.0000,0.0000,0.0063,0.0000,200,2.2948
0.0066,0.0000,0.0000,0.0000,0.0066,0.0000,200,2.2946
0.0068,0.0000,0.0000,0.0000,0.0067,0.0000,200,2.2944
0.0062,0.0000,0.0000,0.0000,0.0061,0.0001,200,2.2981
0.0064,0.0000,0.0000,0.0000,0.0063,0.0001,200,2.3012
0.0065,0.0000,0.0000,0.0000,0.0063,0.0002,200,2.3012
0.0065,0.0000,0.0000,0.0000,0.0065,0.0000,200,2.3012
0.0062,0.0000,0.0000,0.0000,0.0061,0.0001,200,2.3043
0.0063,0.0000,0.0000,0.0000,0.0062,0.0000,200,2.3077
0.0064,0.0000,0.0000,0.0000,0.0064,0.0000,200,2.3076
0.0063,0.0000,0.0000,0.0000,0.0063,0.0000,200,2.3077
0.0064,0.0000,0.0000,0.0000,0.0063,0.0001,200,2.3105
0.0064,0.0000,0.0000,0.0000,0.0063,0.0001,200,2.3141
0.0065,0.0000,0.0000,0.0000,0.0064,0.0000,200,2.3140
0.0065,0.0000,0.0000,0.0000,0.0064,0.0000,200,2.3140
0.0062,0.0000,0.0000,0.0000,0.0061,0.0001,200,2.3169
0.0062,0.0000,0.0000,0.0000,0.0062,0.0000,200,2.3205
0.0064,0.0000,0.0000,0.0000,0.0063,0.0000,200,2.3205
0.0063,0.0000,0.0000,0.0000,0.0062,0.0000,200,2.3206
0.0063,0.0000,0.0000,0.0000,0.0062,0.0000,200,2.3231
0.0063,0.0000,0.0000,0.0000,0.0062,0.0000,200,2.3267
0.0062,0.0000,0.0000,0.0000,0.0062,0.0000,200,2.3268
0.0064,0.0000,0.0000,0.0000,0.0063,0.0000,200,2.3268
0.0062,0.0000,0.0000,0.0000,0.0061,0.0000,200,2.3294
0.0064,0.0000,0.0000,0.0000,0.0063,0.0000,200,2.3330
0.0063,0.0000,0.0000,0.0000,0.0062,0.0000,200,2.3332
0.0065,0.0000,0.0000,0.0000,0.0064,0.0001,200,2.3330
0.0061,0.0000,0.0000,0.0000,0.0060,0.0001,200,2.3356
0.0063,0.0000,0.0000,0.0000,0.0063,0.0000,200,2.3396
0.0064,0.0000,0.0000,0.0000,0.0063,0.0001,200,2.3395
0.0064,0.0000,0.0000,0.0000,0.0063,0.0000,200,2.3395
0.0079,0.0000,0.0000,0.0000,0.0077,0.0001,200,2.3417
0.0063,0.0000,0.0000,0.0000,0.0062,0.0001,200,2.3459
0.0063,0.0000,0.0000,0.0000,0.0063,0.0000,200,2.3459
0.0064,0.0000,0.0000,0.0000,0.0063,0.0000,200,2.3459
0.0063,0.0000,0.0000,0.0000,0.0062,0.0001,200,2.3496
0.0062,0.0000,0.0000,0.0000,0.0061,0.0000,200,2.3522
0.0061,0.0000,0.0000,0.0000,0.0060,0.0000,200,2.3523
0.0062,0.0000,0.0000,0.0001,0.0061,0.0000,200,2.3523
0.0069,0.0000,0.0000,0.0000,0.0068,0.0001,200,2.3559
0.0061,0.0000,0.0000,0.0000,0.0060,0.0000,200,2.3584
0.0060,0.0000,0.0000,0.0000,0.0059,0.0001,200,2.3585
0.0064,0.0000,0.0000,0.0000,0.0063,0.0000,200,2.3584
0.0065,0.0000,0.0000,0.0000,0.0064,0.0001,200,2.3628
0.0062,0.0000,0.0000,0.0000,0.0061,0.0001,200,2.3645
0.0067,0.0000,0.0000,0.0000,0.0066,0.0000,200,2.3648
0.0072,0.0000,0.0000,0.0000,0.0071,0.0000,200,2.3645
0.0064,0.0000,0.0000,0.0000,0.0063,0.0001,200,2.3693
0.0063,0.0000,0.0000,0.0000,0.0063,0.0000,200,2.3707
0.0078,0.0000,0.0000,0.0000,0.0078,0.0000,200,2.3714
0.0076,0.0000,0.0000,0.0000,0.0074,0.0000,200,2.3717
0.0064,0.0000,0.0000,0.0000,0.0062,0.0001,200,2.3757
0.0064,0.0000,0.0000,0.0000,0.0063,0.0000,200,2.3771
0.0066,0.0000,0.0000,0.0000,0.0065,0.0000,200,2.3793
0.0066,0.0000,0.0000,0.0000,0.0066,0.0000,200,2.3793
0.0062,0.0000,0.0000,0.0000,0.0061,0.0000,200,2.3821
0.0060,0.0000,0.0000,0.0000,0.0059,0.0000,200,2.3834
0.0080,0.0000,0.0000,0.0000,0.0079,0.0000,200,2.3858
0.0079,0.0000,0.0000,0.0000,0.0079,0.0001,200,2.3859
0.0075,0.0000,0.0000,0.0000,0.0074,0.0000,200,2.3883
0.0063,0.0000,0.0000,0.0000,0.0062,0.0000,200,2.3895
0.0066,0.0000,0.0000,0.0000,0.0065,0.0001,200,2.3938
0.0066,0.0000,0.0000,0.0000,0.0066,0.0000,200,2.3938
0.0061,0.0000,0.0000,0.0000,0.0060,0.0000,200,2.3958
0.0063,0.0000,0.0000,0.0000,0.0063,0.0000,200,2.3957
0.0062,0.0000,0.0000,0.0000,0.0061,0.0001,200,2.4004
0.0065,0.0000,0.0000,0.0000,0.0064,0.0001,200,2.4004
0.0064,0.0000,0.0000,0.0000,0.0063,0.0000,200,2.4021
0.0067,0.0000,0.0000,0.0000,0.0066,0.0000,200,2.4019
0.0068,0.0000,0.0000,0.0000,0.0067,0.0000,200,2.4069
0.0070,0.0000,0.0000,0.0000,0.0069,0.0000,200,2.4066
0.0072,0.0000,0.0000,0.0000,0.0071,0.0001,200,2.4086
0.0078,0.0000,0.0000,0.0000,0.0077,0.0000,200,2.4085
0.0064,0.0000,0.0000,0.0000,0.0063,0.0001,200,2.4137
0.0065,0.0000,0.0000,0.0000,0.0064,0.0000,200,2.4137
0.0062,0.0000,0.0000,0.0000,0.0061,0.0000,200,2.4158
0.0101,0.0000,0.0000,0.0000,0.0100,0.0000,200,2.4163
0.0064,0.0000,0.0000,0.0000,0.0063,0.0000,200,2.4201
0.0064,0.0000,0.0000,0.0000,0.0060,0.0003,200,2.4201
0.0063,0.0000,0.0000,0.0000,0.0063,0.0000,200,2.4220
0.0069,0.0000,0.0000,0.0000,0.0068,0.0000,200,2.4265
0.0071,0.0000,0.0000,0.0000,0.0070,0.0000,200,2.4264
0.0070,0.0000,0.0000,0.0000,0.0070,0.0000,200,2.4265
0.0062,0.0000,0.0000,0.0000,0.0061,0.0000,200,2.4284
0.0063,0.0000,0.0000,0.0000,0.0063,0.0000,200,2.4335
0.0064,0.0000,0.0000,0.0000,0.0063,0.0000,200,2.4334
0.0064,0.0000,0.0000,0.0000,0.0063,0.0000,200,2.4334
0.0062,0.0000,0.0000,0.0000,0.0061,0.0000,200,2.4346
0.0068,0.0000,0.0000,0.0000,0.0066,0.0001,200,2.4398
0.0062,0.0000,0.0000,0.0000,0.0062,0.0000,200,2.4408
0.0072,0.0000,0.0000,0.0000,0.0072,0.0000,200,2.4398
0.0089,0.0000,0.0000,0.0000,0.0088,0.0001,200,2.4398
0.0067,0.0000,0.0000,0.0000,0.0066,0.0000,200,2.4466
0.0063,0.0000,0.0000,0.0000,0.0062,0.0000,200,2.4470
0.0063,0.0000,0.0000,0.0000,0.0063,0.0000,200,2.4470
0.0063,0.0000,0.0000,0.0000,0.0062,0.0000,200,2.4487
0.0064,0.0000,0.0000,0.0000,0.0063,0.0000,200,2.4533
0.0064,0.0000,0.0000,0.0000,0.0063,0.0001,200,2.4533
0.0066,0.0000,0.0000,0.0000,0.0064,0.0000,200,2.4533
0.0061,0.0000,0.0000,0.0000,0.0061,0.0000,200,2.4551
0.0064,0.0000,0.0000,0.0000,0.0063,0.0001,200,2.4597
0.0063,0.0000,0.0000,0.0000,0.0063,0.0000,200,2.4599
0.0067,0.0000,0.0000,0.0000,0.0066,0.0000,200,2.4597
0.0063,0.0000,0.0000,0.0000,0.0062,0.0001,200,2.4612
0.0065,0.0000,0.0000,0.0000,0.0064,0.0000,200,2.4661
0.0064,0.0000,0.0000,0.0000,0.0063,0.0001,200,2.4662
0.0064,0.0000,0.0000,0.0000,0.0063,0.0000,200,2.4664
0.0068,0.0000,0.0000,0.0000,0.0067,0.0001,200,2.4675
0.0069,0.0000,0.0000,0.0000,0.0068,0.0001,200,2.4726
0.0070,0.0000,0.0000,0.0000,0.0069,0.0000,200,2.4726
0.0069,0.0000,0.0000,0.0000,0.0068,0.0000,200,2.4728
0.0064,0.0000,0.0000,0.0000,0.0063,0.0001,200,2.4743
0.0065,0.0000,0.0000,0.0000,0.0064,0.0001,200,2.4796
0.0066,0.0000,0.0000,0.0000,0.0066,0.0000,200,2.4796
0.0069,0.0000,0.0000,0.0000,0.0068,0.0000,200,2.4795
0.0071,0.0000,0.0000,0.0000,0.0070,0.0001,200,2.4807
0.0067,0.0000,0.0000,0.0000,0.0066,0.0001,200,2.4861
0.0067,0.0000,0.0000,0.0000,0.0066,0.0001,200,2.4863
0.0077,0.0000,0.0000,0.0000,0.0077,0.0000,200,2.4864
0.0066,0.0000,0.0000,0.0000,0.0065,0.0001,200,2.4878
0.0064,0.0000,0.0000,0.0000,0.0063,0.0001,200,2.4928
0.0066,0.0000,0.0000,0.0000,0.0065,0.0000,200,2.4929
0.0062,0.0000,0.0000,0.0000,0.0062,0.0000,200,2.4945
0.0066,0.0000,0.0000,0.0000,0.0065,0.0000,200,2.4942
0.0063,0.0000,0.0000,0.0000,0.0063,0.0001,200,2.4992
0.0064,0.0000,0.0000,0.0000,0.0063,0.0000,200,2.4995
0.0060,0.0000,0.0000,0.0000,0.0060,0.0000,200,2.5007
0.0062,0.0000,0.0000,0.0000,0.0061,0.0000,200,2.5007
0.0066,0.0000,0.0000,0.0000,0.0065,0.0001,200,2.5055
0.0064,0.0000,0.0000,0.0000,0.0063,0.0001,200,2.5059
0.0062,0.0000,0.0000,0.0000,0.0062,0.0000,200,2.5067
0.0096,0.0000,0.0000,0.0000,0.0095,0.0001,200,2.5068
0.0067,0.0000,0.0000,0.0000,0.0066,0.0001,200,2.5123
0.0064,0.0000,0.0000,0.0000,0.0063,0.0001,200,2.5130
0.0083,0.0000,0.0000,0.0000,0.0082,0.0000,200,2.5122
0.0070,0.0000,0.0000,0.0000,0.0069,0.0001,200,2.5190
0.0099,0.0000,0.0000,0.0000,0.0079,0.0020,200,2.5165
0.0075,0.0000,0.0000,0.0000,0.0074,0.0000,200,2.5194
0.0066,0.0000,0.0000,0.0000,0.0064,0.0002,200,2.5204
0.0065,0.0000,0.0000,0.0000,0.0064,0.0001,200,2.5259
0.0065,0.0000,0.0000,0.0000,0.0064,0.0000,200,2.5264
0.0060,0.0000,0.0000,0.0000,0.0060,0.0000,200,2.5270
0.0063,0.0000,0.0000,0.0000,0.0062,0.0000,200,2.5269
0.0067,0.0000,0.0000,0.0000,0.0066,0.0001,200,2.5325
0.0064,0.0000,0.0000,0.0000,0.0063,0.0000,200,2.5330
0.0063,0.0000,0.0000,0.0000,0.0062,0.0000,200,2.5332
0.0068,0.0000,0.0000,0.0000,0.0068,0.0000,200,2.5329
0.0065,0.0000,0.0000,0.0000,0.0064,0.0001,200,2.5394
0.0068,0.0000,0.0000,0.0000,0.0067,0.0000,200,2.5392
0.0068,0.0000,0.0000,0.0000,0.0067,0.0000,200,2.5395
0.0066,0.0000,0.0000,0.0000,0.0065,0.0000,200,2.5397
0.0063,0.0000,0.0000,0.0000,0.0062,0.0001,200,2.5459
0.0063,0.0000,0.0000,0.0000,0.0062,0.0000,200,2.5459
0.0066,0.0000,0.0000,0.0000,0.0066,0.0000,200,2.5463
0.0066,0.0000,0.0000,0.0000,0.0065,0.0001,200,2.5463
0.0069,0.0000,0.0000,0.0000,0.0068,0.0001,200,2.5522
0.0062,0.0000,0.0000,0.0000,0.0062,0.0000,200,2.5529
0.0070,0.0000,0.0000,0.0000,0.0069,0.0000,200,2.5522
0.0083,0.0000,0.0000,0.0000,0.0075,0.0001,200,2.5529
0.0063,0.0000,0.0000,0.0000,0.0062,0.0000,200,2.5591
0.0063,0.0000,0.0000,0.0000,0.0061,0.0002,200,2.5591
0.0063,0.0000,0.0000,0.0000,0.0062,0.0000,200,2.5592
0.0067,0.0000,0.0000,0.0000,0.0066,0.0000,200,2.5612
0.0063,0.0000,0.0000,0.0000,0.0062,0.0000,200,2.5655
0.0063,0.0000,0.0000,0.0000,0.0062,0.0001,200,2.5655
0.0063,0.0000,0.0000,0.0000,0.0062,0.0000,200,2.5655
0.0062,0.0000,0.0000,0.0000,0.0061,0.0001,200,2.5679
0.0066,0.0000,0.0000,0.0000,0.0065,0.0001,200,2.5717
0.0066,0.0000,0.0000,0.0000,0.0065,0.0000,200,2.5717
0.0066,0.0000,0.0000,0.0000,0.0065,0.0001,200,2.5717
0.0064,0.0000,0.0000,0.0000,0.0063,0.0001,200,2.5741
0.0069,0.0000,0.0000,0.0000,0.0068,0.0001,200,2.5783
0.0069,0.0000,0.0000,0.0000,0.0068,0.0001,200,2.5783
0.0070,0.0000,0.0000,0.0000,0.0069,0.0000,200,2.5783
0.0082,0.0000,0.0000,0.0000,0.0082,0.0001,200,2.5805
0.0062,0.0000,0.0000,0.0000,0.0061,0.0001,200,2.5852
0.0063,0.0000,0.0000,0.0000,0.0063,0.0000,200,2.5852
0.0063,0.0000,0.0000,0.0000,0.0062,0.0000,200,2.5853
0.0069,0.0000,0.0000,0.0000,0.0068,0.0001,200,2.5888
0.0066,0.0000,0.0000,0.0000,0.0064,0.0001,200,2.5914
0.0065,0.0000,0.0000,0.0000,0.0064,0.0000,200,2.5915
0.0068,0.0000,0.0000,0.0000,0.0068,0.0000,200,2.5915
0.0069,0.0000,0.0000,0.0000,0.0068,0.0001,200,2.5957
0.0062,0.0000,0.0000,0.0000,0.0061,0.0000,200,2.5980
0.0065,0.0000,0.0000,0.0000,0.0065,0.0001,200,2.5980
0.0062,0.0000,0.0000,0.0000,0.0062,0.0000,200,2.5984
0.0067,0.0000,0.0000,0.0000,0.0066,0.0001,200,2.6026
0.0064,0.0000,0.0000,0.0000,0.0063,0.0001,200,2.6042
0.0062,0.0000,0.0000,0.0000,0.0061,0.0000,200,2.6046
0.0062,0.0000,0.0000,0.0000,0.0062,0.0000,200,2.6046
0.0068,0.0000,0.0000,0.0000,0.0066,0.0001,200,2.6093
0.0064,0.0000,0.0000,0.0000,0.0063,0.0001,200,2.6107
0.0067,0.0000,0.0000,0.0000,0.0066,0.0001,200,2.6108
0.0076,0.0000,0.0000,0.0000,0.0075,0.0000,200,2.6106
0.0068,0.0000,0.0000,0.0000,0.0067,0.0001,200,2.6160
0.0063,0.0000,0.0000,0.0000,0.0062,0.0000,200,2.6181
0.0074,0.0000,0.0000,0.0000,0.0072,0.0002,200,2.6171
0.0089,0.0000,0.0000,0.0000,0.0088,0.0001,200,2.6175
0.0066,0.0000,0.0000,0.0000,0.0065,0.0001,200,2.6228
0.0065,0.0000,0.0000,0.0000,0.0064,0.0001,200,2.6244
0.0068,0.0000,0.0000,0.0000,0.0067,0.0000,200,2.6245
0.0067,0.0000,0.0000,0.0000,0.0066,0.0000,200,2.6264
0.0063,0.0000,0.0000,0.0000,0.0062,0.0000,200,2.6295
0.0065,0.0000,0.0000,0.0000,0.0064,0.0000,200,2.6309
0.0061,0.0000,0.0000,0.0000,0.0060,0.0000,200,2.6313
0.0064,0.0000,0.0000,0.0000,0.0063,0.0001,200,2.6331
0.0078,0.0000,0.0000,0.0000,0.0076,0.0002,200,2.6357
0.0063,0.0000,0.0000,0.0000,0.0063,0.0000,200,2.6374
0.0066,0.0000,0.0000,0.0000,0.0065,0.0000,200,2.6374
0.0061,0.0000,0.0000,0.0000,0.0061,0.0000,200,2.6394
0.0067,0.0000,0.0000,0.0000,0.0066,0.0001,200,2.6438
0.0069,0.0000,0.0000,0.0000,0.0068,0.0000,200,2.6436
0.0066,0.0000,0.0000,0.0000,0.0065,0.0000,200,2.6440
0.0061,0.0000,0.0000,0.0000,0.0060,0.0000,200,2.6456
0.0061,0.0000,0.0000,0.0000,0.0060,0.0001,200,2.6506
0.0063,0.0000,0.0000,0.0000,0.0062,0.0001,200,2.6505
0.0063,0.0000,0.0000,0.0000,0.0063,0.0000,200,2.6505
0.0061,0.0000,0.0000,0.0000,0.0060,0.0000,200,2.6517
0.0065,0.0000,0.0000,0.0000,0.0064,0.0001,200,2.6567
0.0064,0.0000,0.0000,0.0000,0.0063,0.0001,200,2.6568
0.0065,0.0000,0.0000,0.0000,0.0064,0.0000,200,2.6569
0.0061,0.0000,0.0000,0.0000,0.0060,0.0000,200,2.6578
0.0064,0.0000,0.0000,0.0000,0.0063,0.0000,200,2.6632
0.0063,0.0000,0.0000,0.0000,0.0062,0.0001,200,2.6633
0.0065,0.0000,0.0000,0.0000,0.0064,0.0000,200,2.6632
0.0059,0.0000,0.0000,0.0000,0.0059,0.0000,200,2.6639
0.0069,0.0000,0.0000,0.0000,0.0068,0.0001,200,2.6696
0.0067,0.0000,0.0000,0.0000,0.0067,0.0001,200,2.6698
0.0070,0.0000,0.0000,0.0000,0.0069,0.0000,200,2.6696
0.0069,0.0000,0.0000,0.0000,0.0069,0.0000,200,2.6697
0.0066,0.0000,0.0000,0.0000,0.0065,0.0000,200,2.6765
0.0065,0.0000,0.0000,0.0000,0.0064,0.0001,200,2.6766
0.0066,0.0000,0.0000,0.0000,0.0065,0.0001,200,2.6765
0.0066,0.0000,0.0000,0.0000,0.0066,0.0000,200,2.6766
0.0064,0.0000,0.0000,0.0001,0.0062,0.0000,200,2.6832
0.0063,0.0000,0.0000,0.0000,0.0062,0.0001,200,2.6833
0.0065,0.0000,0.0000,0.0000,0.0064,0.0000,200,2.6831
0.0065,0.0000,0.0000,0.0000,0.0064,0.0001,200,2.6831
0.0064,0.0000,0.0000,0.0000,0.0063,0.0000,200,2.6895
0.0064,0.0000,0.0000,0.0000,0.0063,0.0000,200,2.6896
0.0064,0.0000,0.0000,0.0000,0.0063,0.0000,200,2.6896
0.0064,0.0000,0.0000,0.0000,0.0063,0.0000,200,2.6896
0.0062,0.0000,0.0000,0.0000,0.0062,0.0000,200,2.6960
0.0063,0.0000,0.0000,0.0000,0.0062,0.0000,200,2.6960
0.0063,0.0000,0.0000,0.0000,0.0062,0.0000,200,2.6960
0.0063,0.0000,0.0000,0.0000,0.0062,0.0001,200,2.6960
0.0066,0.0000,0.0000,0.0000,0.0065,0.0000,200,2.7022
0.0067,0.0000,0.0000,0.0000,0.0066,0.0000,200,2.7022
0.0068,0.0000,0.0000,0.0000,0.0067,0.0000,200,2.7022
0.0068,0.0000,0.0000,0.0000,0.0064,0.0004,200,2.7022
0.0066,0.0000,0.0000,0.0000,0.0064,0.0001,200,2.7090
0.0066,0.0000,0.0000,0.0000,0.0065,0.0000,200,2.7091
0.0068,0.0000,0.0000,0.0000,0.0068,0.0000,200,2.7088
0.0080,0.0000,0.0000,0.0000,0.0080,0.0000,200,2.7089
0.0074,0.0000,0.0000,0.0000,0.0073,0.0001,200,2.7156
0.0075,0.0000,0.0000,0.0000,0.0074,0.0000,200,2.7156
0.0075,0.0000,0.0000,0.0000,0.0075,0.0000,200,2.7156
0.0065,0.0000,0.0000,0.0000,0.0064,0.0000,200,2.7170
0.0066,0.0000,0.0000,0.0000,0.0065,0.0001,200,2.7231
0.0069,0.0000,0.0000,0.0000,0.0068,0.0000,200,2.7231
0.0071,0.0000,0.0000,0.0000,0.0070,0.0000,200,2.7230
0.0071,0.0000,0.0000,0.0000,0.0071,0.0000,200,2.7234
0.0066,0.0000,0.0000,0.0000,0.0065,0.0001,200,2.7300
0.0068,0.0000,0.0000,0.0000,0.0067,0.0000,200,2.7297
0.0066,0.0000,0.0000,0.0000,0.0065,0.0000,200,2.7301
0.0072,0.0000,0.0000,0.0000,0.0071,0.0000,200,2.7306
0.0075,0.0000,0.0000,0.0000,0.0074,0.0001,200,2.7365
0.0074,0.0000,0.0000,0.0000,0.0073,0.0001,200,2.7367
0.0064,0.0000,0.0000,0.0000,0.0063,0.0000,200,2.7378
0.0077,0.0000,0.0000,0.0000,0.0077,0.0000,200,2.7365
0.0066,0.0000,0.0000,0.0000,0.0065,0.0000,200,2.7440
0.0063,0.0000,0.0000,0.0000,0.0063,0.0001,200,2.7443
0.0066,0.0000,0.0000,0.0000,0.0065,0.0000,200,2.7440
0.0065,0.0000,0.0000,0.0000,0.0064,0.0001,200,2.7441
0.0065,0.0000,0.0000,0.0000,0.0064,0.0001,200,2.7506
0.0065,0.0000,0.0000,0.0000,0.0064,0.0001,200,2.7507
0.0065,0.0000,0.0000,0.0000,0.0064,0.0001,200,2.7506
0.0065,0.0000,0.0000,0.0000,0.0065,0.0000,200,2.7506
0.0065,0.0000,0.0000,0.0000,0.0064,0.0001,200,2.7571
0.0066,0.0000,0.0000,0.0000,0.0066,0.0000,200,2.7572
0.0068,0.0000,0.0000,0.0000,0.0067,0.0000,200,2.7571
0.0068,0.0000,0.0000,0.0000,0.0067,0.0000,200,2.7572
0.0067,0.0000,0.0000,0.0000,0.0066,0.0001,200,2.7636
0.0066,0.0000,0.0000,0.0000,0.0066,0.0000,200,2.7638
0.0064,0.0000,0.0000,0.0000,0.0064,0.0000,200,2.7640
0.0068,0.0000,0.0000,0.0000,0.0068,0.0000,200,2.7640
0.0066,0.0000,0.0000,0.0000,0.0065,0.0001,200,2.7704
0.0068,0.0000,0.0000,0.0000,0.0067,0.0000,200,2.7704
0.0068,0.0000,0.0000,0.0000,0.0067,0.0000,200,2.7704
0.0067,0.0000,0.0000,0.0000,0.0064,0.0001,200,2.7708
0.0065,0.0000,0.0000,0.0000,0.0064,0.0001,200,2.7772
0.0064,0.0000,0.0000,0.0000,0.0064,0.0000,200,2.7774
0.0069,0.0000,0.0000,0.0000,0.0068,0.0000,200,2.7770
0.0067,0.0000,0.0000,0.0000,0.0066,0.0000,200,2.7772
0.0064,0.0000,0.0000,0.0000,0.0063,0.0000,200,2.7837
0.0063,0.0000,0.0000,0.0000,0.0062,0.0000,200,2.7839
0.0063,0.0000,0.0000,0.0000,0.0062,0.0001,200,2.7838
0.0063,0.0000,0.0000,0.0000,0.0063,0.0000,200,2.7839
0.0064,0.0000,0.0000,0.0000,0.0063,0.0001,200,2.7901
0.0064,0.0000,0.0000,0.0000,0.0063,0.0000,200,2.7902
0.0065,0.0000,0.0000,0.0000,0.0065,0.0000,200,2.7902
0.0096,0.0000,0.0000,0.0000,0.0095,0.0001,200,2.7901
0.0062,0.0000,0.0000,0.0000,0.0061,0.0000,200,2.7965
0.0060,0.0000,0.0000,0.0000,0.0060,0.0000,200,2.7967
0.0063,0.0000,0.0000,0.0000,0.0062,0.0000,200,2.7965
0.0069,0.0000,0.0000,0.0000,0.0068,0.0001,200,2.7997
0.0061,0.0000,0.0000,0.0000,0.0060,0.0001,200,2.8027
0.0062,0.0000,0.0000,0.0000,0.0061,0.0001,200,2.8028
0.0063,0.0000,0.0000,0.0000,0.0063,0.0000,200,2.8027
0.0069,0.0000,0.0000,0.0000,0.0067,0.0001,200,2.8066
0.0063,0.0000,0.0000,0.0000,0.0061,0.0001,200,2.8088
0.0062,0.0000,0.0000,0.0000,0.0062,0.0000,200,2.8091
0.0063,0.0000,0.0000,0.0000,0.0062,0.0000,200,2.8090
0.0064,0.0000,0.0000,0.0000,0.0062,0.0001,200,2.8135
0.0061,0.0000,0.0000,0.0000,0.0060,0.0001,200,2.8153
0.0062,0.0000,0.0000,0.0000,0.0061,0.0000,200,2.8151
0.0062,0.0000,0.0000,0.0000,0.0061,0.0000,200,2.8153
0.0066,0.0000,0.0000,0.0000,0.0065,0.0001,200,2.8199
0.0074,0.0000,0.0000,0.0000,0.0073,0.0000,200,2.8215
0.0075,0.0000,0.0000,0.0000,0.0075,0.0000,200,2.8213
0.0075,0.0000,0.0000,0.0000,0.0075,0.0000,200,2.8213
0.0067,0.0000,0.0000,0.0000,0.0066,0.0001,200,2.8265
0.0065,0.0000,0.0000,0.0000,0.0064,0.0000,200,2.8289
0.0065,0.0000,0.0000,0.0000,0.0064,0.0000,200,2.8289
0.0065,0.0000,0.0000,0.0000,0.0065,0.0000,200,2.8289
0.0069,0.0000,0.0000,0.0000,0.0068,0.0001,200,2.8332
0.0072,0.0000,0.0000,0.0000,0.0066,0.0001,200,2.8354
0.0072,0.0000,0.0000,0.0000,0.0069,0.0001,200,2.8354
0.0081,0.0000,0.0000,0.0001,0.0064,0.0001,200,2.8354
0.0065,0.0000,0.0000,0.0000,0.0064,0.0001,200,2.8401
0.0064,0.0000,0.0000,0.0000,0.0063,0.0001,200,2.8425
0.0066,0.0000,0.0000,0.0000,0.0066,0.0000,200,2.8425
0.0077,0.0000,0.0000,0.0000,0.0077,0.0000,200,2.8435
0.0063,0.0000,0.0000,0.0000,0.0062,0.0000,200,2.8466
0.0062,0.0000,0.0000,0.0000,0.0062,0.0000,200,2.8492
0.0065,0.0000,0.0000,0.0000,0.0063,0.0002,200,2.8490
0.0076,0.0000,0.0000,0.0000,0.0075,0.0001,200,2.8512
0.0074,0.0000,0.0000,0.0000,0.0073,0.0001,200,2.8529
0.0062,0.0000,0.0000,0.0000,0.0061,0.0000,200,2.8554
0.0063,0.0000,0.0000,0.0000,0.0062,0.0000,200,2.8555
0.0082,0.0000,0.0000,0.0000,0.0081,0.0001,200,2.8588
0.0071,0.0000,0.0000,0.0000,0.0070,0.0001,200,2.8603
0.0069,0.0000,0.0000,0.0000,0.0068,0.0000,200,2.8617
0.0081,0.0000,0.0000,0.0000,0.0080,0.0000,200,2.8616
0.0065,0.0000,0.0000,0.0000,0.0064,0.0001,200,2.8673
0.0069,0.0000,0.0000,0.0000,0.0068,0.0000,200,2.8670
0.0064,0.0000,0.0000,0.0000,0.0063,0.0000,200,2.8686
0.0082,0.0000,0.0000,0.0000,0.0081,0.0001,200,2.8696
0.0074,0.0000,0.0000,0.0000,0.0073,0.0001,200,2.8739
0.0074,0.0000,0.0000,0.0000,0.0074,0.0000,200,2.8739
0.0075,0.0000,0.0000,0.0000,0.0074,0.0000,200,2.8750
0.0085,0.0000,0.0000,0.0000,0.0083,0.0001,200,2.8779
0.0062,0.0000,0.0000,0.0000,0.0062,0.0000,200,2.8813
0.0064,0.0000,0.0000,0.0000,0.0063,0.0000,200,2.8813
0.0063,0.0000,0.0000,0.0000,0.0063,0.0000,200,2.8825
0.0065,0.0000,0.0000,0.0000,0.0064,0.0001,200,2.8863
0.0061,0.0000,0.0000,0.0000,0.0060,0.0000,200,2.8876
0.0064,0.0000,0.0000,0.0000,0.0064,0.0000,200,2.8877
0.0074,0.0000,0.0000,0.0000,0.0073,0.0001,200,2.8888
0.0065,0.0000,0.0000,0.0000,0.0064,0.0001,200,2.8928
0.0064,0.0000,0.0000,0.0000,0.0063,0.0000,200,2.8937
0.0068,0.0000,0.0000,0.0001,0.0066,0.0000,200,2.8941
0.0062,0.0000,0.0000,0.0000,0.0061,0.0000,200,2.8962
0.0065,0.0000,0.0000,0.0000,0.0064,0.0001,200,2.8993
0.0061,0.0000,0.0000,0.0000,0.0060,0.0001,200,2.9000
0.0062,0.0000,0.0000,0.0000,0.0062,0.0000,200,2.9009
0.0061,0.0000,0.0000,0.0000,0.0061,0.0000,200,2.9024
0.0063,0.0000,0.0000,0.0000,0.0062,0.0001,200,2.9058
0.0074,0.0000,0.0000,0.0000,0.0073,0.0000,200,2.9061
0.0063,0.0000,0.0000,0.0000,0.0063,0.0000,200,2.9071
0.0064,0.0000,0.0000,0.0000,0.0063,0.0000,200,2.9085
0.0064,0.0000,0.0000,0.0000,0.0063,0.0001,200,2.9121
0.0063,0.0000,0.0000,0.0000,0.0062,0.0000,200,2.9135
0.0063,0.0000,0.0000,0.0000,0.0063,0.0000,200,2.9135
0.0061,0.0000,0.0000,0.0000,0.0061,0.0000,200,2.9149
0.0064,0.0000,0.0000,0.0000,0.0063,0.0000,200,2.9185
0.0061,0.0000,0.0000,0.0000,0.0061,0.0001,200,2.9198
0.0062,0.0000,0.0000,0.0000,0.0061,0.0000,200,2.9198
0.0062,0.0000,0.0000,0.0000,0.0061,0.0000,200,2.9211
0.0065,0.0000,0.0000,0.0000,0.0064,0.0001,200,2.9249
0.0063,0.0000,0.0000,0.0000,0.0062,0.0001,200,2.9260
0.0063,0.0000,0.0000,0.0000,0.0063,0.0000,200,2.9260
0.0061,0.0000,0.0000,0.0000,0.0060,0.0001,200,2.9273
0.0065,0.0000,0.0000,0.0000,0.0064,0.0001,200,2.9314
0.0068,0.0000,0.0000,0.0000,0.0067,0.0000,200,2.9323
0.0069,0.0000,0.0000,0.0000,0.0068,0.0000,200,2.9323
0.0068,0.0000,0.0000,0.0000,0.0067,0.0000,200,2.9333
0.0083,0.0000,0.0000,0.0000,0.0082,0.0001,200,2.9379
0.0071,0.0000,0.0000,0.0000,0.0070,0.0000,200,2.9392
0.0073,0.0000,0.0000,0.0000,0.0071,0.0001,200,2.9390
0.0070,0.0000,0.0000,0.0000,0.0069,0.0000,200,2.9401
0.0065,0.0000,0.0000,0.0000,0.0063,0.0002,200,2.9463
0.0066,0.0000,0.0000,0.0000,0.0065,0.0000,200,2.9463
0.0065,0.0000,0.0000,0.0000,0.0065,0.0000,200,2.9463
0.0061,0.0000,0.0000,0.0000,0.0060,0.0000,200,2.9471
0.0065,0.0000,0.0000,0.0000,0.0064,0.0001,200,2.9528
0.0066,0.0000,0.0000,0.0000,0.0065,0.0000,200,2.9528
0.0066,0.0000,0.0000,0.0000,0.0065,0.0000,200,2.9528
0.0065,0.0000,0.0000,0.0000,0.0064,0.0000,200,2.9532
0.0064,0.0000,0.0000,0.0000,0.0064,0.0000,200,2.9594
0.0065,0.0000,0.0000,0.0000,0.0064,0.0000,200,2.9594
0.0065,0.0000,0.0000,0.0000,0.0064,0.0000,200,2.9594
0.0063,0.0000,0.0000,0.0000,0.0061,0.0001,200,2.9597
0.0065,0.0000,0.0000,0.0000,0.0064,0.0001,200,2.9658
0.0065,0.0000,0.0000,0.0000,0.0064,0.0001,200,2.9658
0.0065,0.0000,0.0000,0.0000,0.0065,0.0000,200,2.9658
0.0065,0.0000,0.0000,0.0000,0.0065,0.0000,200,2.9659
0.0063,0.0000,0.0000,0.0000,0.0063,0.0000,200,2.9724
0.0064,0.0000,0.0000,0.0000,0.0063,0.0000,200,2.9724
0.0064,0.0000,0.0000,0.0000,0.0063,0.0000,200,2.9723
0.0065,0.0000,0.0000,0.0000,0.0064,0.0000,200,2.9723
0.0069,0.0000,0.0000,0.0000,0.0068,0.0001,200,2.9788
0.0070,0.0000,0.0000,0.0000,0.0070,0.0000,200,2.9788
0.0070,0.0000,0.0000,0.0000,0.0070,0.0000,200,2.9788
0.0070,0.0000,0.0000,0.0000,0.0069,0.0000,200,2.9788
0.0068,0.0000,0.0000,0.0000,0.0067,0.0001,200,2.9857
0.0069,0.0000,0.0000,0.0000,0.0068,0.0000,200,2.9858
0.0077,0.0000,0.0000,0.0000,0.0076,0.0000,200,2.9858
0.0079,0.0000,0.0000,0.0000,0.0078,0.0001,200,2.9858
0.0074,0.0000,0.0000,0.0000,0.0073,0.0001,200,2.9927
0.0068,0.0000,0.0000,0.0000,0.0067,0.0000,200,2.9935
0.0066,0.0000,0.0000,0.0000,0.0066,0.0000,200,2.9937
0.0080,0.0000,0.0000,0.0000,0.0079,0.0000,200,2.9925
0.0066,0.0000,0.0000,0.0000,0.0065,0.0001,200,3.0004
0.0069,0.0000,0.0000,0.0000,0.0067,0.0001,200,3.0001
0.0066,0.0000,0.0000,0.0000,0.0066,0.0000,200,3.0004
0.0068,0.0000,0.0000,0.0000,0.0067,0.0000,200,3.0003
0.0067,0.0000,0.0000,0.0000,0.0066,0.0001,200,3.0071
0.0068,0.0000,0.0000,0.0000,0.0067,0.0000,200,3.0071
0.0070,0.0000,0.0000,0.0000,0.0069,0.0000,200,3.0069
0.0088,0.0000,0.0000,0.0000,0.0087,0.0001,200,3.0069
0.0064,0.0000,0.0000,0.0000,0.0063,0.0001,200,3.0137
0.0065,0.0000,0.0000,0.0000,0.0064,0.0000,200,3.0139
0.0067,0.0000,0.0000,0.0000,0.0066,0.0000,200,3.0139
0.0066,0.0000,0.0000,0.0000,0.0065,0.0001,200,3.0157
0.0074,0.0000,0.0000,0.0000,0.0074,0.0001,200,3.0204
0.0078,0.0000,0.0000,0.0000,0.0077,0.0000,200,3.0202
0.0074,0.0000,0.0000,0.0000,0.0074,0.0000,200,3.0206
0.0068,0.0000,0.0000,0.0000,0.0067,0.0001,200,3.0223
0.0066,0.0000,0.0000,0.0000,0.0065,0.0001,200,3.0278
0.0066,0.0000,0.0000,0.0000,0.0065,0.0001,200,3.0280
0.0068,0.0000,0.0000,0.0000,0.0068,0.0000,200,3.0279
0.0065,0.0000,0.0000,0.0000,0.0064,0.0000,200,3.0292
0.0066,0.0000,0.0000,0.0000,0.0065,0.0001,200,3.0345
0.0065,0.0000,0.0000,0.0000,0.0064,0.0001,200,3.0346
0.0067,0.0000,0.0000,0.0000,0.0066,0.0000,200,3.0347
0.0066,0.0000,0.0000,0.0000,0.0065,0.0001,200,3.0357
0.0066,0.0000,0.0000,0.0000,0.0065,0.0001,200,3.0411
0.0061,0.0000,0.0000,0.0000,0.0061,0.0000,200,3.0423
0.0084,0.0000,0.0000,0.0000,0.0083,0.0000,200,3.0411
0.0082,0.0000,0.0000,0.0000,0.0081,0.0000,200,3.0414
0.0064,0.0000,0.0000,0.0000,0.0063,0.0001,200,3.0477
0.0060,0.0000,0.0000,0.0000,0.0059,0.0000,200,3.0484
0.0064,0.0000,0.0000,0.0000,0.0061,0.0002,200,3.0496
0.0068,0.0000,0.0000,0.0000,0.0067,0.0000,200,3.0495
0.0066,0.0000,0.0000,0.0000,0.0065,0.0001,200,3.0542
0.0065,0.0000,0.0000,0.0000,0.0064,0.0000,200,3.0544
0.0067,0.0000,0.0000,0.0000,0.0064,0.0000,200,3.0560
0.0064,0.0000,0.0000,0.0000,0.0063,0.0000,200,3.0563
0.0065,0.0000,0.0000,0.0000,0.0063,0.0001,200,3.0607
0.0065,0.0000,0.0000,0.0000,0.0065,0.0000,200,3.0609
0.0063,0.0000,0.0000,0.0000,0.0062,0.0001,200,3.0627
0.0064,0.0000,0.0000,0.0000,0.0063,0.0000,200,3.0627
0.0066,0.0000,0.0000,0.0000,0.0065,0.0001,200,3.0672
0.0064,0.0000,0.0000,0.0000,0.0064,0.0000,200,3.0675
0.0061,0.0000,0.0000,0.0000,0.0060,0.0000,200,3.0690
0.0065,0.0000,0.0000,0.0000,0.0064,0.0000,200,3.0690
0.0068,0.0000,0.0000,0.0000,0.0067,0.0001,200,3.0738
0.0068,0.0000,0.0000,0.0000,0.0067,0.0000,200,3.0739
0.0063,0.0000,0.0000,0.0000,0.0063,0.0000,200,3.0750
0.0062,0.0000,0.0000,0.0000,0.0061,0.0000,200,3.0755
0.0070,0.0000,0.0000,0.0000,0.0068,0.0001,200,3.0807
0.0072,0.0000,0.0000,0.0000,0.0070,0.0001,200,3.0806
0.0066,0.0000,0.0000,0.0000,0.0065,0.0000,200,3.0814
0.0064,0.0000,0.0000,0.0000,0.0063,0.0000,200,3.0817
0.0065,0.0000,0.0000,0.0000,0.0064,0.0000,200,3.0881
0.0068,0.0000,0.0000,0.0000,0.0066,0.0001,200,3.0878
0.0071,0.0000,0.0000,0.0006,0.0064,0.0000,200,3.0876
0.0071,0.0000,0.0000,0.0000,0.0070,0.0000,200,3.0880
0.0068,0.0000,0.0000,0.0000,0.0067,0.0001,200,3.0945
0.0063,0.0000,0.0000,0.0000,0.0062,0.0001,200,3.0951
0.0068,0.0000,0.0000,0.0000,0.0067,0.0001,200,3.0945
0.0069,0.0000,0.0000,0.0000,0.0068,0.0000,200,3.0947
0.0066,0.0000,0.0000,0.0000,0.0064,0.0001,200,3.1014
0.0067,0.0000,0.0000,0.0000,0.0066,0.0000,200,3.1013
0.0065,0.0000,0.0000,0.0000,0.0065,0.0000,200,3.1015
0.0070,0.0000,0.0000,0.0000,0.0070,0.0000,200,3.1014
0.0067,0.0000,0.0000,0.0000,0.0065,0.0001,200,3.1079
0.0068,0.0000,0.0000,0.0000,0.0067,0.0001,200,3.1080
0.0070,0.0000,0.0000,0.0000,0.0069,0.0000,200,3.1084
0.0073,0.0000,0.0000,0.0000,0.0073,0.0000,200,3.1081
0.0070,0.0000,0.0000,0.0000,0.0068,0.0001,200,3.1146
0.0067,0.0000,0.0000,0.0000,0.0066,0.0000,200,3.1149
0.0119,0.0000,0.0000,0.0000,0.0118,0.0001,200,3.1154
0.0122,0.0000,0.0000,0.0000,0.0121,0.0000,200,3.1154
0.0083,0.0000,0.0000,0.0000,0.0082,0.0000,200,3.1216
0.0083,0.0000,0.0000,0.0000,0.0082,0.0001,200,3.1216
0.0067,0.0000,0.0000,0.0000,0.0066,0.0001,200,3.1273
0.0066,0.0000,0.0000,0.0000,0.0065,0.0000,200,3.1276
0.0070,0.0000,0.0000,0.0000,0.0069,0.0001,200,3.1299
0.0070,0.0000,0.0000,0.0000,0.0069,0.0000,200,3.1299
0.0067,0.0000,0.0000,0.0001,0.0065,0.0001,200,3.1340
0.0066,0.0000,0.0000,0.0000,0.0065,0.0000,200,3.1342
0.0069,0.0000,0.0000,0.0000,0.0068,0.0001,200,3.1369
0.0071,0.0000,0.0000,0.0000,0.0066,0.0004,200,3.1369
0.0071,0.0000,0.0000,0.0000,0.0070,0.0001,200,3.1407
0.0070,0.0000,0.0000,0.0000,0.0069,0.0001,200,3.1408
0.0065,0.0000,0.0000,0.0000,0.0064,0.0001,200,3.1438
0.0069,0.0000,0.0000,0.0001,0.0068,0.0000,200,3.1440
0.0066,0.0000,0.0000,0.0000,0.0065,0.0001,200,3.1478
0.0066,0.0000,0.0000,0.0000,0.0066,0.0000,200,3.1478
0.0064,0.0000,0.0000,0.0000,0.0063,0.0000,200,3.1502
0.0064,0.0000,0.0000,0.0000,0.0063,0.0000,200,3.1509
0.0074,0.0000,0.0000,0.0000,0.0074,0.0001,200,3.1544
0.0077,0.0000,0.0000,0.0000,0.0076,0.0000,200,3.1544
0.0065,0.0000,0.0000,0.0000,0.0064,0.0001,200,3.1566
0.0065,0.0000,0.0000,0.0000,0.0065,0.0000,200,3.1573
0.0070,0.0000,0.0000,0.0000,0.0069,0.0001,200,3.1619
0.0079,0.0000,0.0000,0.0000,0.0077,0.0000,200,3.1621
0.0071,0.0000,0.0000,0.0000,0.0070,0.0000,200,3.1631
0.0080,0.0000,0.0000,0.0000,0.0079,0.0001,200,3.1638
0.0065,0.0000,0.0000,0.0000,0.0064,0.0001,200,3.1699
0.0074,0.0000,0.0000,0.0000,0.0073,0.0000,200,3.1702
0.0070,0.0000,0.0000,0.0000,0.0069,0.0000,200,3.1718
0.0160,0.0000,0.0000,0.0000,0.0159,0.0001,200,3.1689
0.0073,0.0000,0.0000,0.0000,0.0072,0.0000,200,3.1777
0.0086,0.0000,0.0000,0.0000,0.0085,0.0000,200,3.1765
0.0064,0.0000,0.0000,0.0000,0.0063,0.0000,200,3.1788
0.0067,0.0000,0.0000,0.0000,0.0066,0.0001,200,3.1850
0.0066,0.0000,0.0000,0.0000,0.0065,0.0001,200,3.1851
0.0068,0.0000,0.0000,0.0000,0.0067,0.0001,200,3.1849
0.0067,0.0000,0.0000,0.0000,0.0066,0.0000,200,3.1851
0.0067,0.0000,0.0000,0.0000,0.0066,0.0001,200,3.1917
0.0067,0.0000,0.0000,0.0000,0.0066,0.0001,200,3.1917
0.0067,0.0000,0.0000,0.0000,0.0066,0.0001,200,3.1917
0.0067,0.0000,0.0000,0.0000,0.0066,0.0001,200,3.1917
0.0065,0.0000,0.0000,0.0000,0.0064,0.0001,200,3.1985
0.0065,0.0000,0.0000,0.0000,0.0065,0.0000,200,3.1985
0.0065,0.0000,0.0000,0.0000,0.0065,0.0000,200,3.1985
0.0066,0.0000,0.0000,0.0000,0.0065,0.0000,200,3.1985
0.0064,0.0000,0.0000,0.0000,0.0063,0.0001,200,3.2050
0.0065,0.0000,0.0000,0.0000,0.0065,0.0000,200,3.2050
0.0066,0.0000,0.0000,0.0000,0.0065,0.0000,200,3.2050
0.0066,0.0000,0.0000,0.0000,0.0065,0.0000,200,3.2049
0.0067,0.0000,0.0000,0.0000,0.0066,0.0001,200,3.2115
0.0066,0.0000,0.0000,0.0000,0.0065,0.0000,200,3.2116
0.0067,0.0000,0.0000,0.0000,0.0066,0.0000,200,3.2116
0.0067,0.0000,0.0000,0.0000,0.0067,0.0000,200,3.2116
0.0065,0.0000,0.0000,0.0000,0.0064,0.0001,200,3.2182
0.0064,0.0000,0.0000,0.0000,0.0064,0.0000,200,3.2183
0.0066,0.0000,0.0000,0.0000,0.0065,0.0000,200,3.2182
0.0065,0.0000,0.0000,0.0000,0.0064,0.0000,200,3.2183
0.0068,0.0000,0.0000,0.0000,0.0067,0.0001,200,3.2247
0.0068,0.0000,0.0000,0.0000,0.0068,0.0000,200,3.2247
0.0068,0.0000,0.0000,0.0000,0.0067,0.0001,200,3.2247
0.0068,0.0000,0.0000,0.0000,0.0067,0.0001,200,3.2248
0.0066,0.0000,0.0000,0.0000,0.0065,0.0001,200,3.2315
0.0067,0.0000,0.0000,0.0000,0.0065,0.0001,200,3.2315
0.0067,0.0000,0.0000,0.0000,0.0065,0.0001,200,3.2315
0.0069,0.0000,0.0000,0.0000,0.0067,0.0001,200,3.2315
0.0065,0.0000,0.0000,0.0000,0.0064,0.0001,200,3.2383
0.0065,0.0000,0.0000,0.0000,0.0064,0.0001,200,3.2382
0.0101,0.0000,0.0000,0.0000,0.0100,0.0000,200,3.2382
0.0098,0.0000,0.0000,0.0000,0.0098,0.0001,200,3.2384
0.0077,0.0000,0.0000,0.0000,0.0076,0.0001,200,3.2447
0.0077,0.0000,0.0000,0.0000,0.0076,0.0000,200,3.2447
0.0083,0.0000,0.0000,0.0000,0.0081,0.0001,200,3.2483
0.0085,0.0000,0.0000,0.0000,0.0085,0.0000,200,3.2483
0.0065,0.0000,0.0000,0.0000,0.0064,0.0000,200,3.2524
0.0065,0.0000,0.0000,0.0000,0.0064,0.0000,200,3.2524
0.0067,0.0000,0.0000,0.0000,0.0066,0.0001,200,3.2568
0.0070,0.0000,0.0000,0.0000,0.0069,0.0000,200,3.2566
0.0067,0.0000,0.0000,0.0000,0.0066,0.0001,200,3.2590
0.0070,0.0000,0.0000,0.0000,0.0069,0.0000,200,3.2590
0.0069,0.0000,0.0000,0.0000,0.0068,0.0001,200,3.2636
0.0073,0.0000,0.0000,0.0000,0.0072,0.0001,200,3.2636
0.0065,0.0000,0.0000,0.0000,0.0065,0.0000,200,3.2657
0.0079,0.0000,0.0000,0.0000,0.0078,0.0000,200,3.2660
0.0066,0.0000,0.0000,0.0000,0.0065,0.0001,200,3.2705
0.0066,0.0000,0.0000,0.0000,0.0065,0.0001,200,3.2709
0.0067,0.0000,0.0000,0.0000,0.0066,0.0000,200,3.2723
0.0080,0.0000,0.0000,0.0000,0.0079,0.0001,200,3.2739
0.0066,0.0000,0.0000,0.0000,0.0065,0.0001,200,3.2770
0.0067,0.0000,0.0000,0.0000,0.0066,0.0000,200,3.2775
0.0070,0.0000,0.0000,0.0000,0.0070,0.0000,200,3.2789
0.0070,0.0000,0.0000,0.0000,0.0069,0.0001,200,3.2819
0.0067,0.0000,0.0000,0.0000,0.0066,0.0001,200,3.2837
0.0065,0.0000,0.0000,0.0000,0.0064,0.0001,200,3.2842
0.0064,0.0000,0.0000,0.0000,0.0063,0.0000,200,3.2860
0.0069,0.0000,0.0000,0.0000,0.0067,0.0001,200,3.2889
0.0067,0.0000,0.0000,0.0000,0.0066,0.0000,200,3.2903
0.0071,0.0000,0.0000,0.0000,0.0069,0.0001,200,3.2907
0.0064,0.0000,0.0000,0.0000,0.0063,0.0000,200,3.2923
0.0071,0.0000,0.0000,0.0000,0.0069,0.0001,200,3.2957
0.0064,0.0000,0.0000,0.0000,0.0063,0.0001,200,3.2971
0.0072,0.0000,0.0000,0.0000,0.0071,0.0001,200,3.2978
0.0069,0.0000,0.0000,0.0000,0.0068,0.0001,200,3.2988
0.0064,0.0000,0.0000,0.0000,0.0063,0.0000,200,3.3035
0.0071,0.0000,0.0000,0.0000,0.0068,0.0002,200,3.3028
0.0072,0.0000,0.0000,0.0000,0.0071,0.0000,200,3.3049
0.0065,0.0000,0.0000,0.0000,0.0064,0.0000,200,3.3057
0.0066,0.0000,0.0000,0.0000,0.0065,0.0001,200,3.3099
0.0066,0.0000,0.0000,0.0000,0.0065,0.0000,200,3.3099
0.0069,0.0000,0.0000,0.0000,0.0068,0.0001,200,3.3121
0.0070,0.0000,0.0000,0.0000,0.0069,0.0001,200,3.3121
0.0065,0.0000,0.0000,0.0000,0.0064,0.0001,200,3.3165
0.0066,0.0000,0.0000,0.0000,0.0066,0.0000,200,3.3165
0.0065,0.0000,0.0000,0.0000,0.0064,0.0000,200,3.3190
0.0065,0.0000,0.0000,0.0000,0.0064,0.0000,200,3.3191
0.0065,0.0000,0.0000,0.0000,0.0064,0.0001,200,3.3231
0.0066,0.0000,0.0000,0.0000,0.0065,0.0001,200,3.3230
0.0062,0.0000,0.0000,0.0000,0.0061,0.0001,200,3.3256
0.0064,0.0000,0.0000,0.0000,0.0064,0.0000,200,3.3255
0.0071,0.0000,0.0000,0.0000,0.0070,0.0001,200,3.3296
0.0071,0.0000,0.0000,0.0000,0.0070,0.0001,200,3.3296
0.0065,0.0000,0.0000,0.0000,0.0063,0.0002,200,3.3320
0.0071,0.0000,0.0000,0.0000,0.0071,0.0000,200,3.3318
0.0069,0.0000,0.0000,0.0000,0.0067,0.0001,200,3.3367
0.0083,0.0000,0.0000,0.0000,0.0082,0.0000,200,3.3389
0.0105,0.0000,0.0000,0.0000,0.0104,0.0000,200,3.3367
0.0087,0.0000,0.0000,0.0000,0.0086,0.0000,200,3.3385
0.0069,0.0000,0.0000,0.0000,0.0068,0.0001,200,3.3436
0.0082,0.0000,0.0000,0.0000,0.0081,0.0001,200,3.3472
0.0082,0.0000,0.0000,0.0000,0.0081,0.0001,200,3.3472
0.0082,0.0000,0.0000,0.0000,0.0082,0.0000,200,3.3472
0.0066,0.0000,0.0000,0.0000,0.0066,0.0001,200,3.3505
0.0065,0.0000,0.0000,0.0000,0.0065,0.0000,200,3.3555
0.0066,0.0000,0.0000,0.0000,0.0065,0.0000,200,3.3555
0.0066,0.0000,0.0000,0.0000,0.0065,0.0001,200,3.3554
0.0064,0.0000,0.0000,0.0000,0.0063,0.0001,200,3.3572
0.0065,0.0000,0.0000,0.0000,0.0064,0.0001,200,3.3620
0.0065,0.0000,0.0000,0.0000,0.0064,0.0001,200,3.3620
0.0065,0.0000,0.0000,0.0000,0.0064,0.0000,200,3.3620
0.0083,0.0000,0.0000,0.0000,0.0082,0.0001,200,3.3636
0.0073,0.0000,0.0000,0.0000,0.0071,0.0001,200,3.3685
0.0079,0.0000,0.0000,0.0000,0.0077,0.0001,200,3.3686
0.0113,0.0000,0.0000,0.0000,0.0112,0.0001,200,3.3686
0.0070,0.0000,0.0000,0.0000,0.0069,0.0001,200,3.3758
0.0065,0.0000,0.0000,0.0000,0.0064,0.0000,200,3.3764
0.0070,0.0000,0.0000,0.0000,0.0069,0.0001,200,3.3798
0.0066,0.0000,0.0000,0.0000,0.0065,0.0001,200,3.3829
0.0177,0.0000,0.0000,0.0000,0.0176,0.0000,200,3.3719
0.0074,0.0000,0.0000,0.0000,0.0073,0.0000,200,3.3828
0.0067,0.0000,0.0000,0.0000,0.0066,0.0000,200,3.3869
0.0066,0.0000,0.0000,0.0000,0.0065,0.0001,200,3.3895
0.0066,0.0000,0.0000,0.0000,0.0065,0.0000,200,3.3896
0.0065,0.0000,0.0000,0.0000,0.0064,0.0000,200,3.3902
0.0063,0.0000,0.0000,0.0000,0.0062,0.0001,200,3.3936
0.0069,0.0000,0.0000,0.0000,0.0067,0.0001,200,3.3960
0.0068,0.0000,0.0000,0.0000,0.0068,0.0000,200,3.3962
0.0092,0.0000,0.0000,0.0000,0.0091,0.0001,200,3.3966
0.0065,0.0000,0.0000,0.0000,0.0064,0.0000,200,3.3999
0.0068,0.0000,0.0000,0.0000,0.0067,0.0001,200,3.4030
0.0071,0.0000,0.0000,0.0000,0.0070,0.0000,200,3.4029
0.0069,0.0000,0.0000,0.0000,0.0067,0.0001,200,3.4059
0.0064,0.0000,0.0000,0.0000,0.0063,0.0000,200,3.4064
0.0063,0.0000,0.0000,0.0000,0.0062,0.0001,200,3.4098
0.0066,0.0000,0.0000,0.0000,0.0065,0.0000,200,3.4100
0.0064,0.0000,0.0000,0.0000,0.0062,0.0001,200,3.4128
0.0065,0.0000,0.0000,0.0000,0.0064,0.0000,200,3.4127
0.0065,0.0000,0.0000,0.0000,0.0064,0.0001,200,3.4161
0.0068,0.0000,0.0000,0.0000,0.0067,0.0000,200,3.4166
0.0065,0.0000,0.0000,0.0000,0.0064,0.0001,200,3.4191
0.0065,0.0000,0.0000,0.0000,0.0064,0.0000,200,3.4192
0.0071,0.0000,0.0000,0.0000,0.0070,0.0001,200,3.4227
0.0067,0.0000,0.0000,0.0000,0.0066,0.0000,200,3.4234
0.0069,0.0000,0.0000,0.0000,0.0068,0.0000,200,3.4256
0.0068,0.0000,0.0000,0.0000,0.0067,0.0001,200,3.4257
0.0071,0.0000,0.0000,0.0000,0.0070,0.0001,200,3.4298
0.0084,0.0000,0.0000,0.0000,0.0083,0.0001,200,3.4301
0.0076,0.0000,0.0000,0.0002,0.0072,0.0001,200,3.4325
0.0077,0.0000,0.0000,0.0000,0.0074,0.0000,200,3.4325
0.0072,0.0000,0.0000,0.0000,0.0070,0.0001,200,3.4369
0.0074,0.0000,0.0000,0.0000,0.0071,0.0002,200,3.4385
0.0076,0.0000,0.0000,0.0000,0.0076,0.0000,200,3.4401
0.0078,0.0000,0.0000,0.0000,0.0078,0.0000,200,3.4400
0.0077,0.0000,0.0000,0.0000,0.0076,0.0001,200,3.4441
0.0074,0.0000,0.0000,0.0000,0.0073,0.0001,200,3.4459
0.0069,0.0000,0.0000,0.0000,0.0068,0.0001,200,3.4479
0.0071,0.0000,0.0000,0.0000,0.0071,0.0000,200,3.4478
0.0081,0.0000,0.0000,0.0000,0.0079,0.0001,200,3.4518
0.0068,0.0000,0.0000,0.0000,0.0067,0.0000,200,3.4534
0.0067,0.0000,0.0000,0.0000,0.0066,0.0001,200,3.4549
0.0070,0.0000,0.0000,0.0000,0.0069,0.0000,200,3.4548
0.0069,0.0000,0.0000,0.0000,0.0068,0.0001,200,3.4599
0.0066,0.0000,0.0000,0.0000,0.0065,0.0001,200,3.4602
0.0067,0.0000,0.0000,0.0000,0.0066,0.0000,200,3.4616
0.0067,0.0000,0.0000,0.0000,0.0067,0.0000,200,3.4618
0.0070,0.0000,0.0000,0.0000,0.0069,0.0001,200,3.4668
0.0075,0.0000,0.0000,0.0000,0.0074,0.0000,200,3.4668
0.0067,0.0000,0.0000,0.0000,0.0067,0.0001,200,3.4685
0.0070,0.0000,0.0000,0.0000,0.0070,0.0000,200,3.4683
0.0083,0.0000,0.0000,0.0000,0.0082,0.0001,200,3.4738
0.0072,0.0000,0.0000,0.0000,0.0071,0.0001,200,3.4752
0.0071,0.0000,0.0000,0.0000,0.0071,0.0000,200,3.4753
0.0082,0.0000,0.0000,0.0000,0.0081,0.0000,200,3.4743
0.0066,0.0000,0.0000,0.0000,0.0065,0.0001,200,3.4824
0.0066,0.0000,0.0000,0.0000,0.0065,0.0000,200,3.4825
0.0070,0.0000,0.0000,0.0000,0.0066,0.0003,200,3.4821
0.0068,0.0000,0.0000,0.0000,0.0067,0.0001,200,3.4825
0.0077,0.0000,0.0000,0.0000,0.0075,0.0001,200,3.4890
0.0077,0.0000,0.0000,0.0000,0.0076,0.0000,200,3.4891
0.0075,0.0000,0.0000,0.0000,0.0074,0.0001,200,3.4893
0.0089,0.0000,0.0000,0.0000,0.0088,0.0001,200,3.4891
0.0071,0.0000,0.0000,0.0000,0.0069,0.0001,200,3.4967
0.0070,0.0000,0.0000,0.0000,0.0070,0.0000,200,3.4968
0.0071,0.0000,0.0000,0.0000,0.0070,0.0000,200,3.4968
0.0065,0.0000,0.0000,0.0000,0.0065,0.0000,200,3.4980
0.0082,0.0000,0.0000,0.0000,0.0081,0.0000,200,3.5038
0.0083,0.0000,0.0000,0.0000,0.0082,0.0000,200,3.5038
0.0077,0.0000,0.0000,0.0000,0.0074,0.0002,200,3.5045
0.0084,0.0000,0.0000,0.0000,0.0079,0.0004,200,3.5038
0.0069,0.0000,0.0000,0.0000,0.0068,0.0001,200,3.5121
0.0071,0.0000,0.0000,0.0000,0.0070,0.0000,200,3.5119
0.0068,0.0000,0.0000,0.0000,0.0068,0.0001,200,3.5122
0.0068,0.0000,0.0000,0.0000,0.0068,0.0000,200,3.5122
0.0066,0.0000,0.0000,0.0000,0.0065,0.0001,200,3.5190
0.0071,0.0000,0.0000,0.0000,0.0070,0.0000,200,3.5190
0.0072,0.0000,0.0000,0.0000,0.0072,0.0000,200,3.5190
0.0072,0.0000,0.0000,0.0000,0.0072,0.0000,200,3.5190
0.0076,0.0000,0.0000,0.0000,0.0075,0.0001,200,3.5262
0.0086,0.0000,0.0000,0.0000,0.0084,0.0000,200,3.5257
0.0089,0.0000,0.0000,0.0000,0.0088,0.0000,200,3.5261
0.0091,0.0000,0.0000,0.0000,0.0091,0.0000,200,3.5262
0.0068,0.0000,0.0000,0.0000,0.0066,0.0001,200,3.5339
0.0065,0.0000,0.0000,0.0000,0.0065,0.0000,200,3.5342
0.0065,0.0000,0.0000,0.0000,0.0065,0.0000,200,3.5350
0.0063,0.0000,0.0000,0.0000,0.0063,0.0000,200,3.5353
0.0070,0.0000,0.0000,0.0000,0.0069,0.0001,200,3.5408
0.0072,0.0000,0.0000,0.0000,0.0071,0.0001,200,3.5406
0.0064,0.0000,0.0000,0.0000,0.0063,0.0000,200,3.5415
0.0075,0.0000,0.0000,0.0000,0.0074,0.0000,200,3.5416
0.0070,0.0000,0.0000,0.0000,0.0069,0.0001,200,3.5478
0.0090,0.0000,0.0000,0.0000,0.0089,0.0000,200,3.5479
0.0099,0.0000,0.0000,0.0000,0.0098,0.0000,200,3.5479
0.0089,0.0000,0.0000,0.0000,0.0089,0.0000,200,3.5491
0.0066,0.0000,0.0000,0.0000,0.0065,0.0001,200,3.5548
0.0070,0.0000,0.0000,0.0000,0.0069,0.0001,200,3.5569
0.0066,0.0000,0.0000,0.0000,0.0065,0.0001,200,3.5580
0.0071,0.0000,0.0000,0.0000,0.0070,0.0000,200,3.5578
0.0077,0.0000,0.0000,0.0000,0.0076,0.0001,200,3.5615
0.0070,0.0000,0.0000,0.0000,0.0069,0.0001,200,3.5646
0.0080,0.0000,0.0000,0.0000,0.0079,0.0000,200,3.5639
0.0107,0.0000,0.0000,0.0000,0.0106,0.0001,200,3.5649
0.0084,0.0000,0.0000,0.0000,0.0083,0.0001,200,3.5692
0.0066,0.0000,0.0000,0.0000,0.0065,0.0000,200,3.5716
0.0065,0.0000,0.0000,0.0000,0.0064,0.0000,200,3.5719
0.0067,0.0000,0.0000,0.0000,0.0065,0.0001,200,3.5757
0.0064,0.0000,0.0000,0.0000,0.0063,0.0000,200,3.5776
0.0064,0.0000,0.0000,0.0000,0.0064,0.0001,200,3.5782
0.0064,0.0000,0.0000,0.0000,0.0064,0.0000,200,3.5784
0.0068,0.0000,0.0000,0.0000,0.0067,0.0001,200,3.5823
0.0065,0.0000,0.0000,0.0000,0.0064,0.0001,200,3.5839
0.0063,0.0000,0.0000,0.0000,0.0063,0.0000,200,3.5847
0.0070,0.0000,0.0000,0.0000,0.0069,0.0000,200,3.5849
0.0066,0.0000,0.0000,0.0000,0.0064,0.0001,200,3.5891
0.0065,0.0000,0.0000,0.0000,0.0064,0.0001,200,3.5905
0.0067,0.0000,0.0000,0.0000,0.0067,0.0000,200,3.5910
0.0074,0.0000,0.0000,0.0000,0.0073,0.0001,200,3.5918
0.0069,0.0000,0.0000,0.0000,0.0068,0.0001,200,3.5957
0.0075,0.0000,0.0000,0.0000,0.0074,0.0001,200,3.5977
0.0087,0.0000,0.0000,0.0000,0.0087,0.0000,200,3.5969
0.0071,0.0000,0.0000,0.0000,0.0069,0.0001,200,3.5992
0.0068,0.0000,0.0000,0.0000,0.0066,0.0001,200,3.6026
0.0068,0.0000,0.0000,0.0000,0.0067,0.0001,200,3.6057
0.0073,0.0000,0.0000,0.0000,0.0072,0.0000,200,3.6052
0.0071,0.0000,0.0000,0.0000,0.0070,0.0000,200,3.6063
0.0069,0.0000,0.0000,0.0000,0.0068,0.0001,200,3.6094
0.0077,0.0000,0.0000,0.0000,0.0076,0.0001,200,3.6125
0.0070,0.0000,0.0000,0.0000,0.0069,0.0000,200,3.6133
0.0078,0.0000,0.0000,0.0000,0.0078,0.0000,200,3.6125
0.0082,0.0000,0.0000,0.0000,0.0081,0.0000,200,3.6163
0.0063,0.0000,0.0000,0.0000,0.0062,0.0001,200,3.6204
0.0065,0.0000,0.0000,0.0000,0.0065,0.0000,200,3.6203
0.0066,0.0000,0.0000,0.0000,0.0065,0.0000,200,3.6202
0.0073,0.0000,0.0000,0.0000,0.0072,0.0001,200,3.6244
0.0066,0.0000,0.0000,0.0000,0.0065,0.0001,200,3.6267
0.0065,0.0000,0.0000,0.0000,0.0064,0.0000,200,3.6269
0.0066,0.0000,0.0000,0.0000,0.0065,0.0000,200,3.6269
0.0069,0.0000,0.0000,0.0000,0.0068,0.0001,200,3.6317
0.0067,0.0000,0.0000,0.0000,0.0066,0.0001,200,3.6334
0.0075,0.0000,0.0000,0.0000,0.0073,0.0001,200,3.6334
0.0094,0.0000,0.0000,0.0000,0.0089,0.0004,200,3.6333
0.0070,0.0000,0.0000,0.0000,0.0069,0.0001,200,3.6387
0.0079,0.0000,0.0000,0.0000,0.0078,0.0001,200,3.6409
0.0069,0.0000,0.0000,0.0000,0.0068,0.0001,200,3.6427
0.0070,0.0000,0.0000,0.0000,0.0068,0.0002,200,3.6457
0.0160,0.0000,0.0000,0.0000,0.0159,0.0001,200,3.6401
0.0066,0.0000,0.0000,0.0000,0.0065,0.0000,200,3.6496
0.0090,0.0000,0.0000,0.0000,0.0088,0.0001,200,3.6488
0.0068,0.0000,0.0000,0.0000,0.0067,0.0001,200,3.6527
0.0070,0.0000,0.0000,0.0000,0.0068,0.0001,200,3.6562
0.0070,0.0000,0.0000,0.0000,0.0066,0.0004,200,3.6561
0.0071,0.0000,0.0000,0.0000,0.0070,0.0001,200,3.6578
0.0063,0.0000,0.0000,0.0000,0.0062,0.0000,200,3.6595
0.0066,0.0000,0.0000,0.0000,0.0065,0.0001,200,3.6631
0.0074,0.0000,0.0000,0.0000,0.0073,0.0000,200,3.6631
0.0070,0.0000,0.0000,0.0000,0.0069,0.0000,200,3.6649
0.0066,0.0000,0.0000,0.0000,0.0065,0.0000,200,3.6658
0.0065,0.0000,0.0000,0.0000,0.0064,0.0000,200,3.6698
0.0064,0.0000,0.0000,0.0000,0.0063,0.0000,200,3.6705
0.0065,0.0000,0.0000,0.0000,0.0064,0.0000,200,3.6719
0.0062,0.0000,0.0000,0.0000,0.0061,0.0000,200,3.6724
0.0071,0.0000,0.0000,0.0000,0.0070,0.0001,200,3.6763
0.0066,0.0000,0.0000,0.0000,0.0065,0.0001,200,3.6769
0.0063,0.0000,0.0000,0.0000,0.0062,0.0001,200,3.6785
0.0067,0.0000,0.0000,0.0000,0.0066,0.0000,200,3.6784
0.0065,0.0000,0.0000,0.0000,0.0064,0.0001,200,3.6835
0.0066,0.0000,0.0000,0.0000,0.0065,0.0000,200,3.6834
0.0064,0.0000,0.0000,0.0000,0.0064,0.0000,200,3.6849
0.0063,0.0000,0.0000,0.0000,0.0062,0.0000,200,3.6850
0.0064,0.0000,0.0000,0.0000,0.0063,0.0000,200,3.6900
0.0064,0.0000,0.0000,0.0000,0.0063,0.0000,200,3.6900
0.0067,0.0000,0.0000,0.0000,0.0066,0.0000,200,3.6913
0.0067,0.0000,0.0000,0.0000,0.0066,0.0000,200,3.6913
0.0075,0.0000,0.0000,0.0000,0.0074,0.0001,200,3.6964
0.0076,0.0000,0.0000,0.0000,0.0075,0.0000,200,3.6964
0.0064,0.0000,0.0000,0.0000,0.0064,0.0000,200,3.6980
0.0066,0.0000,0.0000,0.0000,0.0065,0.0001,200,3.6980
0.0069,0.0000,0.0000,0.0000,0.0068,0.0001,200,3.7040
0.0071,0.0000,0.0000,0.0000,0.0070,0.0000,200,3.7039
0.0066,0.0000,0.0000,0.0000,0.0066,0.0000,200,3.7044
0.0064,0.0000,0.0000,0.0000,0.0063,0.0000,200,3.7046
0.0068,0.0000,0.0000,0.0000,0.0067,0.0001,200,3.7110
0.0068,0.0000,0.0000,0.0000,0.0067,0.0001,200,3.7111
0.0069,0.0000,0.0000,0.0000,0.0068,0.0001,200,3.7109
0.0068,0.0000,0.0000,0.0000,0.0067,0.0001,200,3.7111
0.0070,0.0000,0.0000,0.0000,0.0068,0.0001,200,3.7178
0.0070,0.0000,0.0000,0.0000,0.0069,0.0000,200,3.7178
0.0075,0.0000,0.0000,0.0000,0.0074,0.0000,200,3.7179
0.0075,0.0000,0.0000,0.0000,0.0074,0.0001,200,3.7178
0.0070,0.0000,0.0000,0.0000,0.0069,0.0001,200,3.7248
0.0068,0.0000,0.0000,0.0001,0.0067,0.0000,200,3.7253
0.0071,0.0000,0.0000,0.0000,0.0071,0.0000,200,3.7254
0.0078,0.0000,0.0000,0.0000,0.0076,0.0002,200,3.7248
0.0070,0.0000,0.0000,0.0000,0.0069,0.0001,200,3.7318
0.0070,0.0000,0.0000,0.0000,0.0069,0.0000,200,3.7322
0.0066,0.0000,0.0000,0.0000,0.0065,0.0000,200,3.7327
0.0075,0.0000,0.0000,0.0000,0.0074,0.0001,200,3.7325
0.0070,0.0000,0.0000,0.0000,0.0069,0.0001,200,3.7389
0.0067,0.0000,0.0000,0.0000,0.0066,0.0000,200,3.7392
0.0077,0.0000,0.0000,0.0001,0.0075,0.0000,200,3.7400
0.0087,0.0000,0.0000,0.0000,0.0084,0.0003,200,3.7392
0.0069,0.0000,0.0000,0.0000,0.0067,0.0001,200,3.7459
0.0074,0.0000,0.0000,0.0000,0.0073,0.0000,200,3.7459
0.0064,0.0000,0.0000,0.0000,0.0063,0.0000,200,3.7477
0.0065,0.0000,0.0000,0.0000,0.0064,0.0000,200,3.7478
0.0067,0.0000,0.0000,0.0000,0.0066,0.0001,200,3.7528
0.0066,0.0000,0.0000,0.0000,0.0065,0.0001,200,3.7533
0.0070,0.0000,0.0000,0.0000,0.0069,0.0000,200,3.7541
0.0069,0.0000,0.0000,0.0000,0.0068,0.0000,200,3.7543
0.0067,0.0000,0.0000,0.0000,0.0065,0.0001,200,3.7595
0.0069,0.0000,0.0000,0.0000,0.0068,0.0000,200,3.7599
0.0076,0.0000,0.0000,0.0000,0.0075,0.0001,200,3.7612
0.0077,0.0000,0.0000,0.0000,0.0076,0.0001,200,3.7611
0.0090,0.0000,0.0000,0.0000,0.0088,0.0001,200,3.7662
0.0084,0.0000,0.0000,0.0000,0.0083,0.0000,200,3.7668
0.0102,0.0000,0.0000,0.0000,0.0101,0.0001,200,3.7688
0.0102,0.0000,0.0000,0.0000,0.0101,0.0001,200,3.7688
0.0064,0.0000,0.0000,0.0000,0.0063,0.0001,200,3.7752
0.0066,0.0000,0.0000,0.0000,0.0065,0.0000,200,3.7751
0.0067,0.0000,0.0000,0.0000,0.0066,0.0001,200,3.7790
0.0067,0.0000,0.0000,0.0000,0.0066,0.0000,200,3.7790
0.0065,0.0000,0.0000,0.0000,0.0064,0.0001,200,3.7816
0.0064,0.0000,0.0000,0.0000,0.0064,0.0000,200,3.7817
0.0073,0.0000,0.0000,0.0000,0.0071,0.0002,200,3.7858
0.0073,0.0000,0.0000,0.0000,0.0072,0.0001,200,3.7857
0.0065,0.0000,0.0000,0.0000,0.0064,0.0001,200,3.7881
0.0066,0.0000,0.0000,0.0000,0.0065,0.0000,200,3.7882
0.0078,0.0000,0.0000,0.0000,0.0077,0.0001,200,3.7931
0.0081,0.0000,0.0000,0.0000,0.0077,0.0003,200,3.7931
0.0068,0.0000,0.0000,0.0000,0.0067,0.0000,200,3.7946
0.0084,0.0000,0.0000,0.0000,0.0083,0.0001,200,3.7948
0.0069,0.0000,0.0000,0.0000,0.0068,0.0001,200,3.8014
0.0084,0.0000,0.0000,0.0000,0.0079,0.0000,200,3.8009
0.0081,0.0000,0.0000,0.0000,0.0079,0.0001,200,3.8012
0.0075,0.0000,0.0000,0.0000,0.0074,0.0001,200,3.8031
0.0079,0.0000,0.0000,0.0000,0.0078,0.0000,200,3.8093
0.0089,0.0000,0.0000,0.0000,0.0088,0.0001,200,3.8083
0.0079,0.0000,0.0000,0.0000,0.0078,0.0001,200,3.8093
0.0066,0.0000,0.0000,0.0000,0.0065,0.0000,200,3.8106
0.0069,0.0000,0.0000,0.0000,0.0068,0.0001,200,3.8172
0.0072,0.0000,0.0000,0.0000,0.0070,0.0001,200,3.8172
0.0080,0.0000,0.0000,0.0000,0.0079,0.0000,200,3.8172
0.0081,0.0000,0.0000,0.0000,0.0080,0.0000,200,3.8172
0.0070,0.0000,0.0000,0.0000,0.0068,0.0001,200,3.8241
0.0079,0.0000,0.0000,0.0000,0.0077,0.0000,200,3.8252
0.0088,0.0000,0.0000,0.0000,0.0087,0.0000,200,3.8244
0.0079,0.0000,0.0000,0.0000,0.0079,0.0000,200,3.8253
0.0068,0.0000,0.0000,0.0000,0.0065,0.0002,200,3.8311
0.0068,0.0000,0.0000,0.0000,0.0067,0.0001,200,3.8332
0.0070,0.0000,0.0000,0.0000,0.0069,0.0000,200,3.8331
0.0071,0.0000,0.0000,0.0000,0.0070,0.0001,200,3.8331
0.0071,0.0000,0.0000,0.0000,0.0070,0.0001,200,3.8379
0.0067,0.0000,0.0000,0.0000,0.0067,0.0001,200,3.8401
0.0066,0.0000,0.0000,0.0000,0.0066,0.0001,200,3.8402
0.0085,0.0000,0.0000,0.0000,0.0078,0.0007,200,3.8400
0.0068,0.0000,0.0000,0.0000,0.0067,0.0001,200,3.8450
0.0066,0.0000,0.0000,0.0000,0.0065,0.0001,200,3.8468
0.0070,0.0000,0.0000,0.0000,0.0069,0.0001,200,3.8468
0.0065,0.0000,0.0000,0.0000,0.0064,0.0000,200,3.8485
0.0065,0.0000,0.0000,0.0000,0.0064,0.0001,200,3.8539
0.0086,0.0000,0.0000,0.0000,0.0085,0.0001,200,3.8518
0.0069,0.0000,0.0000,0.0000,0.0068,0.0001,200,3.8534
0.0074,0.0000,0.0000,0.0000,0.0073,0.0001,200,3.8550
0.0080,0.0000,0.0000,0.0000,0.0079,0.0001,200,3.8604
0.0080,0.0000,0.0000,0.0000,0.0079,0.0000,200,3.8604
0.0080,0.0000,0.0000,0.0000,0.0080,0.0000,200,3.8604
0.0071,0.0000,0.0000,0.0000,0.0070,0.0001,200,3.8624
0.0071,0.0000,0.0000,0.0000,0.0071,0.0000,200,3.8684
0.0073,0.0000,0.0000,0.0000,0.0069,0.0003,200,3.8684
0.0073,0.0000,0.0000,0.0000,0.0072,0.0001,200,3.8684
0.0087,0.0000,0.0000,0.0000,0.0086,0.0001,200,3.8695
0.0072,0.0000,0.0000,0.0001,0.0071,0.0001,200,3.8757
0.0071,0.0000,0.0000,0.0000,0.0070,0.0001,200,3.8757
0.0080,0.0000,0.0000,0.0000,0.0079,0.0000,200,3.8755
0.0068,0.0000,0.0000,0.0000,0.0067,0.0000,200,3.8783
0.0066,0.0000,0.0000,0.0000,0.0065,0.0000,200,3.8829
0.0067,0.0000,0.0000,0.0000,0.0066,0.0000,200,3.8829
0.0064,0.0000,0.0000,0.0000,0.0063,0.0001,200,3.8835
0.0064,0.0000,0.0000,0.0000,0.0063,0.0001,200,3.8851
0.0067,0.0000,0.0000,0.0000,0.0065,0.0001,200,3.8895
0.0071,0.0000,0.0000,0.0000,0.0071,0.0000,200,3.8895
0.0074,0.0000,0.0000,0.0000,0.0074,0.0000,200,3.8898
0.0073,0.0000,0.0000,0.0000,0.0072,0.0001,200,3.8915
0.0071,0.0000,0.0000,0.0000,0.0070,0.0001,200,3.8961
0.0066,0.0000,0.0000,0.0000,0.0064,0.0002,200,3.8967
0.0086,0.0000,0.0000,0.0000,0.0085,0.0001,200,3.8973
0.0085,0.0000,0.0000,0.0000,0.0084,0.0001,200,3.8987
0.0065,0.0000,0.0000,0.0000,0.0064,0.0001,200,3.9033
0.0068,0.0000,0.0000,0.0000,0.0067,0.0000,200,3.9032
0.0068,0.0000,0.0000,0.0000,0.0067,0.0001,200,3.9059
0.0077,0.0000,0.0000,0.0000,0.0075,0.0001,200,3.9073
0.0068,0.0000,0.0000,0.0000,0.0067,0.0001,200,3.9100
0.0075,0.0000,0.0000,0.0000,0.0074,0.0000,200,3.9098
0.0071,0.0000,0.0000,0.0000,0.0070,0.0001,200,3.9127
0.0070,0.0000,0.0000,0.0000,0.0069,0.0000,200,3.9149
0.0065,0.0000,0.0000,0.0000,0.0064,0.0000,200,3.9169
0.0067,0.0000,0.0000,0.0000,0.0066,0.0001,200,3.9173
0.0078,0.0000,0.0000,0.0000,0.0067,0.0011,200,3.9198
0.0066,0.0000,0.0000,0.0000,0.0066,0.0001,200,3.9219
0.0071,0.0000,0.0000,0.0000,0.0070,0.0000,200,3.9240
0.0078,0.0000,0.0000,0.0000,0.0075,0.0002,200,3.9234
0.0071,0.0000,0.0000,0.0000,0.0070,0.0000,200,3.9276
0.0083,0.0000,0.0000,0.0000,0.0082,0.0001,200,3.9285
0.0067,0.0000,0.0000,0.0000,0.0066,0.0000,200,3.9311
0.0067,0.0000,0.0000,0.0000,0.0067,0.0000,200,3.9312
0.0063,0.0000,0.0000,0.0000,0.0062,0.0001,200,3.9347
0.0069,0.0000,0.0000,0.0000,0.0068,0.0001,200,3.9368
0.0067,0.0000,0.0000,0.0000,0.0065,0.0001,200,3.9377
0.0065,0.0000,0.0000,0.0000,0.0064,0.0000,200,3.9379
0.0063,0.0000,0.0000,0.0000,0.0062,0.0000,200,3.9410
0.0072,0.0000,0.0000,0.0000,0.0071,0.0001,200,3.9438
0.0066,0.0000,0.0000,0.0000,0.0065,0.0001,200,3.9444
0.0071,0.0000,0.0000,0.0000,0.0068,0.0003,200,3.9444
0.0063,0.0000,0.0000,0.0000,0.0062,0.0000,200,3.9473
0.0065,0.0000,0.0000,0.0000,0.0064,0.0001,200,3.9510
0.0066,0.0000,0.0000,0.0000,0.0065,0.0000,200,3.9510
0.0062,0.0000,0.0000,0.0000,0.0062,0.0000,200,3.9516
0.0062,0.0000,0.0000,0.0000,0.0062,0.0000,200,3.9536
0.0077,0.0000,0.0000,0.0000,0.0076,0.0001,200,3.9578
0.0079,0.0000,0.0000,0.0000,0.0078,0.0001,200,3.9575
0.0080,0.0000,0.0000,0.0000,0.0079,0.0000,200,3.9576
0.0065,0.0000,0.0000,0.0000,0.0064,0.0001,200,3.9598
0.0069,0.0000,0.0000,0.0000,0.0068,0.0001,200,3.9655
0.0068,0.0000,0.0000,0.0000,0.0067,0.0001,200,3.9656
0.0069,0.0000,0.0000,0.0000,0.0068,0.0001,200,3.9655
0.0064,0.0000,0.0000,0.0000,0.0064,0.0000,200,3.9663
0.0067,0.0000,0.0000,0.0000,0.0066,0.0001,200,3.9724
0.0067,0.0000,0.0000,0.0000,0.0066,0.0001,200,3.9724
0.0064,0.0000,0.0000,0.0000,0.0063,0.0000,200,3.9728
0.0082,0.0000,0.0000,0.0000,0.0081,0.0001,200,3.9724
0.0077,0.0000,0.0000,0.0000,0.0076,0.0000,200,3.9792
0.0077,0.0000,0.0000,0.0000,0.0076,0.0001,200,3.9791
0.0077,0.0000,0.0000,0.0000,0.0076,0.0000,200,3.9791
0.0065,0.0000,0.0000,0.0000,0.0064,0.0000,200,3.9806
0.0068,0.0000,0.0000,0.0000,0.0067,0.0001,200,3.9868
0.0068,0.0000,0.0000,0.0000,0.0067,0.0001,200,3.9868
0.0065,0.0000,0.0000,0.0000,0.0064,0.0000,200,3.9872
0.0068,0.0000,0.0000,0.0000,0.0067,0.0000,200,3.9868
0.0082,0.0000,0.0000,0.0000,0.0081,0.0001,200,3.9936
0.0082,0.0000,0.0000,0.0000,0.0081,0.0001,200,3.9936
0.0082,0.0000,0.0000,0.0000,0.0081,0.0001,200,3.9936
0.0082,0.0000,0.0000,0.0000,0.0082,0.0000,200,3.9936
0.0069,0.0000,0.0000,0.0000,0.0068,0.0001,200,4.0018
0.0069,0.0000,0.0000,0.0000,0.0068,0.0001,200,4.0019
0.0073,0.0000,0.0000,0.0000,0.0072,0.0000,200,4.0018
0.0088,0.0000,0.0000,0.0000,0.0087,0.0000,200,4.0018
0.0066,0.0000,0.0000,0.0000,0.0065,0.0001,200,4.0091
0.0070,0.0000,0.0000,0.0000,0.0069,0.0000,200,4.0087
0.0081,0.0000,0.0000,0.0000,0.0080,0.0000,200,4.0087
0.0071,0.0000,0.0000,0.0000,0.0070,0.0000,200,4.0106
0.0071,0.0000,0.0000,0.0000,0.0070,0.0001,200,4.0157
0.0071,0.0000,0.0000,0.0000,0.0070,0.0001,200,4.0157
0.0068,0.0000,0.0000,0.0000,0.0067,0.0000,200,4.0177
0.0084,0.0000,0.0000,0.0000,0.0083,0.0000,200,4.0168
0.0067,0.0000,0.0000,0.0000,0.0066,0.0001,200,4.0228
0.0068,0.0000,0.0000,0.0000,0.0067,0.0000,200,4.0229
0.0071,0.0000,0.0000,0.0000,0.0069,0.0001,200,4.0246
0.0067,0.0000,0.0000,0.0000,0.0064,0.0003,200,4.0252
0.0071,0.0000,0.0000,0.0000,0.0069,0.0001,200,4.0297
0.0073,0.0000,0.0000,0.0000,0.0071,0.0001,200,4.0295
0.0072,0.0000,0.0000,0.0000,0.0071,0.0001,200,4.0316
0.0070,0.0000,0.0000,0.0000,0.0069,0.0000,200,4.0319
0.0071,0.0000,0.0000,0.0000,0.0067,0.0004,200,4.0368
0.0072,0.0000,0.0000,0.0000,0.0071,0.0001,200,4.0367
0.0069,0.0000,0.0000,0.0000,0.0068,0.0001,200,4.0388
0.0068,0.0000,0.0000,0.0000,0.0067,0.0000,200,4.0389
0.0069,0.0000,0.0000,0.0000,0.0068,0.0001,200,4.0440
0.0069,0.0000,0.0000,0.0000,0.0068,0.0000,200,4.0439
0.0096,0.0000,0.0000,0.0000,0.0095,0.0001,200,4.0458
0.0096,0.0000,0.0000,0.0000,0.0096,0.0000,200,4.0457
0.0068,0.0000,0.0000,0.0000,0.0066,0.0001,200,4.0508
0.0069,0.0000,0.0000,0.0000,0.0068,0.0000,200,4.0509
0.0077,0.0000,0.0000,0.0000,0.0075,0.0001,200,4.0554
0.0077,0.0000,0.0000,0.0000,0.0075,0.0001,200,4.0554
0.0116,0.0000,0.0000,0.0000,0.0115,0.0001,200,4.0576
0.0115,0.0000,0.0000,0.0000,0.0113,0.0002,200,4.0578
0.0064,0.0000,0.0000,0.0000,0.0064,0.0000,200,4.0630
0.0065,0.0000,0.0000,0.0000,0.0064,0.0000,200,4.0630
0.0066,0.0000,0.0000,0.0000,0.0065,0.0001,200,4.0695
0.0069,0.0000,0.0000,0.0000,0.0069,0.0000,200,4.0693
0.0067,0.0000,0.0000,0.0000,0.0067,0.0000,200,4.0695
0.0070,0.0000,0.0000,0.0000,0.0069,0.0000,200,4.0692
0.0067,0.0000,0.0000,0.0000,0.0066,0.0001,200,4.0762
0.0067,0.0000,0.0000,0.0000,0.0066,0.0000,200,4.0762
0.0078,0.0000,0.0000,0.0000,0.0078,0.0001,200,4.0762
0.0079,0.0000,0.0000,0.0000,0.0077,0.0000,200,4.0762
0.0067,0.0000,0.0000,0.0000,0.0066,0.0001,200,4.0829
0.0068,0.0000,0.0000,0.0000,0.0067,0.0000,200,4.0829
0.0067,0.0000,0.0000,0.0000,0.0066,0.0001,200,4.0841
0.0070,0.0000,0.0000,0.0000,0.0069,0.0000,200,4.0841
0.0067,0.0000,0.0000,0.0000,0.0066,0.0001,200,4.0897
0.0066,0.0000,0.0000,0.0000,0.0065,0.0001,200,4.0897
0.0065,0.0000,0.0000,0.0000,0.0064,0.0001,200,4.0907
0.0073,0.0000,0.0000,0.0001,0.0062,0.0000,200,4.0911
0.0067,0.0000,0.0000,0.0000,0.0066,0.0001,200,4.0963
0.0068,0.0000,0.0000,0.0000,0.0067,0.0000,200,4.0963
0.0064,0.0000,0.0000,0.0000,0.0063,0.0000,200,4.0972
0.0065,0.0000,0.0000,0.0000,0.0064,0.0001,200,4.0984
0.0067,0.0000,0.0000,0.0000,0.0066,0.0001,200,4.1031
0.0069,0.0000,0.0000,0.0000,0.0068,0.0000,200,4.1031
0.0065,0.0000,0.0000,0.0000,0.0064,0.0000,200,4.1036
0.0063,0.0000,0.0000,0.0000,0.0062,0.0000,200,4.1049
0.0067,0.0000,0.0000,0.0000,0.0066,0.0001,200,4.1100
0.0066,0.0000,0.0000,0.0000,0.0065,0.0001,200,4.1101
0.0068,0.0000,0.0000,0.0000,0.0067,0.0001,200,4.1098
0.0064,0.0000,0.0000,0.0000,0.0063,0.0000,200,4.1112
0.0070,0.0000,0.0000,0.0000,0.0068,0.0001,200,4.1167
0.0075,0.0000,0.0000,0.0000,0.0073,0.0001,200,4.1167
0.0075,0.0000,0.0000,0.0000,0.0074,0.0000,200,4.1167
0.0067,0.0000,0.0000,0.0000,0.0067,0.0000,200,4.1176
0.0081,0.0000,0.0000,0.0000,0.0079,0.0001,200,4.1242
0.0081,0.0000,0.0000,0.0000,0.0079,0.0000,200,4.1243
0.0087,0.0000,0.0000,0.0000,0.0085,0.0000,200,4.1241
0.0092,0.0000,0.0000,0.0000,0.0091,0.0000,200,4.1236
0.0069,0.0000,0.0000,0.0000,0.0068,0.0001,200,4.1323
0.0066,0.0000,0.0000,0.0000,0.0065,0.0001,200,4.1328
0.0066,0.0000,0.0000,0.0000,0.0065,0.0000,200,4.1329
0.0075,0.0000,0.0000,0.0000,0.0074,0.0000,200,4.1322
0.0068,0.0000,0.0000,0.0000,0.0067,0.0001,200,4.1392
0.0067,0.0000,0.0000,0.0000,0.0066,0.0000,200,4.1394
0.0064,0.0000,0.0000,0.0000,0.0063,0.0000,200,4.1397
0.0066,0.0000,0.0000,0.0000,0.0065,0.0000,200,4.1395
0.0074,0.0000,0.0000,0.0000,0.0073,0.0001,200,4.1461
0.0074,0.0000,0.0000,0.0000,0.0073,0.0000,200,4.1462
0.0076,0.0000,0.0000,0.0000,0.0075,0.0000,200,4.1460
0.0076,0.0000,0.0000,0.0000,0.0075,0.0001,200,4.1461
0.0071,0.0000,0.0000,0.0000,0.0069,0.0001,200,4.1535
0.0071,0.0000,0.0000,0.0000,0.0070,0.0000,200,4.1536
0.0072,0.0000,0.0000,0.0000,0.0071,0.0000,200,4.1536
0.0072,0.0000,0.0000,0.0000,0.0071,0.0000,200,4.1536
0.0068,0.0000,0.0000,0.0000,0.0066,0.0001,200,4.1606
0.0066,0.0000,0.0000,0.0000,0.0064,0.0001,200,4.1607
0.0066,0.0000,0.0000,0.0000,0.0065,0.0000,200,4.1608
0.0066,0.0000,0.0000,0.0000,0.0065,0.0001,200,4.1608
0.0067,0.0000,0.0000,0.0000,0.0066,0.0001,200,4.1673
0.0070,0.0000,0.0000,0.0000,0.0069,0.0001,200,4.1674
0.0071,0.0000,0.0000,0.0000,0.0070,0.0000,200,4.1674
0.0074,0.0000,0.0000,0.0000,0.0073,0.0000,200,4.1673
0.0074,0.0000,0.0000,0.0000,0.0072,0.0002,200,4.1741
0.0070,0.0000,0.0000,0.0000,0.0070,0.0000,200,4.1745
0.0072,0.0000,0.0000,0.0001,0.0071,0.0000,200,4.1743
0.0068,0.0000,0.0000,0.0000,0.0067,0.0000,200,4.1747
0.0063,0.0000,0.0000,0.0000,0.0063,0.0001,200,4.1815
0.0065,0.0000,0.0000,0.0000,0.0064,0.0000,200,4.1815
0.0064,0.0000,0.0000,0.0000,0.0063,0.0000,200,4.1815
0.0065,0.0000,0.0000,0.0000,0.0064,0.0000,200,4.1815
0.0065,0.0000,0.0000,0.0000,0.0063,0.0001,200,4.1879
0.0065,0.0000,0.0000,0.0000,0.0064,0.0000,200,4.1879
0.0065,0.0000,0.0000,0.0000,0.0065,0.0000,200,4.1880
0.0066,0.0000,0.0000,0.0000,0.0065,0.0000,200,4.1880
0.0064,0.0000,0.0000,0.0000,0.0063,0.0001,200,4.1945
0.0066,0.0000,0.0000,0.0000,0.0065,0.0000,200,4.1943
0.0064,0.0000,0.0000,0.0000,0.0063,0.0000,200,4.1946
0.0065,0.0000,0.0000,0.0000,0.0064,0.0000,200,4.1944
0.0065,0.0000,0.0000,0.0000,0.0064,0.0001,200,4.2009
0.0066,0.0000,0.0000,0.0000,0.0065,0.0000,200,4.2009
0.0066,0.0000,0.0000,0.0000,0.0065,0.0000,200,4.2009
0.0066,0.0000,0.0000,0.0000,0.0065,0.0000,200,4.2009
0.0066,0.0000,0.0000,0.0000,0.0065,0.0001,200,4.2074
0.0068,0.0000,0.0000,0.0000,0.0067,0.0000,200,4.2075
0.0068,0.0000,0.0000,0.0000,0.0068,0.0000,200,4.2075
0.0069,0.0000,0.0000,0.0000,0.0069,0.0000,200,4.2074
0.0068,0.0000,0.0000,0.0000,0.0067,0.0001,200,4.2140
0.0065,0.0000,0.0000,0.0000,0.0064,0.0000,200,4.2143
0.0065,0.0000,0.0000,0.0000,0.0064,0.0000,200,4.2143
0.0067,0.0000,0.0000,0.0000,0.0066,0.0000,200,4.2143
0.0068,0.0000,0.0000,0.0000,0.0067,0.0001,200,4.2208
0.0068,0.0000,0.0000,0.0000,0.0067,0.0001,200,4.2208
0.0068,0.0000,0.0000,0.0000,0.0067,0.0000,200,4.2208
0.0068,0.0000,0.0000,0.0000,0.0067,0.0000,200,4.2210
0.0067,0.0000,0.0000,0.0000,0.0066,0.0001,200,4.2276
0.0067,0.0000,0.0000,0.0000,0.0066,0.0000,200,4.2276
0.0066,0.0000,0.0000,0.0000,0.0065,0.0000,200,4.2278
0.0072,0.0000,0.0000,0.0000,0.0072,0.0001,200,4.2276
0.0067,0.0000,0.0000,0.0000,0.0066,0.0001,200,4.2343
0.0067,0.0000,0.0000,0.0000,0.0066,0.0001,200,4.2343
0.0064,0.0000,0.0000,0.0000,0.0063,0.0001,200,4.2349
0.0074,0.0000,0.0000,0.0000,0.0074,0.0000,200,4.2344
0.0069,0.0000,0.0000,0.0000,0.0068,0.0001,200,4.2410
0.0067,0.0000,0.0000,0.0000,0.0066,0.0001,200,4.2413
0.0070,0.0000,0.0000,0.0000,0.0070,0.0000,200,4.2410
0.0081,0.0000,0.0000,0.0000,0.0080,0.0001,200,4.2418
0.0065,0.0000,0.0000,0.0000,0.0064,0.0001,200,4.2480
0.0073,0.0000,0.0000,0.0000,0.0072,0.0000,200,4.2481
0.0075,0.0000,0.0000,0.0000,0.0074,0.0000,200,4.2480
0.0082,0.0000,0.0000,0.0000,0.0080,0.0001,200,4.2499
0.0075,0.0000,0.0000,0.0000,0.0074,0.0001,200,4.2545
0.0072,0.0000,0.0000,0.0000,0.0071,0.0000,200,4.2554
0.0076,0.0000,0.0000,0.0000,0.0075,0.0000,200,4.2555
0.0066,0.0000,0.0000,0.0000,0.0065,0.0001,200,4.2581
0.0066,0.0000,0.0000,0.0000,0.0065,0.0001,200,4.2620
0.0065,0.0000,0.0000,0.0000,0.0064,0.0001,200,4.2626
0.0062,0.0000,0.0000,0.0000,0.0061,0.0000,200,4.2630
0.0064,0.0000,0.0000,0.0000,0.0063,0.0001,200,4.2647
0.0076,0.0000,0.0000,0.0000,0.0075,0.0001,200,4.2686
0.0073,0.0000,0.0000,0.0000,0.0072,0.0000,200,4.2690
0.0071,0.0000,0.0000,0.0000,0.0071,0.0000,200,4.2692
0.0071,0.0000,0.0000,0.0000,0.0070,0.0001,200,4.2711
0.0067,0.0000,0.0000,0.0000,0.0066,0.0001,200,4.2763
0.0068,0.0000,0.0000,0.0000,0.0067,0.0000,200,4.2763
0.0067,0.0000,0.0000,0.0000,0.0066,0.0000,200,4.2764
0.0065,0.0000,0.0000,0.0000,0.0064,0.0001,200,4.2782
0.0066,0.0000,0.0000,0.0000,0.0065,0.0001,200,4.2830
0.0066,0.0000,0.0000,0.0000,0.0065,0.0001,200,4.2831
0.0067,0.0000,0.0000,0.0000,0.0066,0.0001,200,4.2830
0.0094,0.0000,0.0000,0.0000,0.0093,0.0001,200,4.2848
0.0066,0.0000,0.0000,0.0000,0.0065,0.0000,200,4.2896
0.0065,0.0000,0.0000,0.0000,0.0064,0.0001,200,4.2897
0.0065,0.0000,0.0000,0.0000,0.0064,0.0001,200,4.2897
0.0065,0.0000,0.0000,0.0000,0.0064,0.0001,200,4.2941
0.0065,0.0000,0.0000,0.0000,0.0065,0.0000,200,4.2962
0.0066,0.0000,0.0000,0.0000,0.0065,0.0000,200,4.2962
0.0075,0.0000,0.0000,0.0000,0.0074,0.0000,200,4.2962
0.0066,0.0000,0.0000,0.0000,0.0065,0.0001,200,4.3006
0.0063,0.0000,0.0000,0.0000,0.0062,0.0000,200,4.3028
0.0063,0.0000,0.0000,0.0000,0.0063,0.0000,200,4.3028
0.0063,0.0000,0.0000,0.0000,0.0063,0.0000,200,4.3037
0.0068,0.0000,0.0000,0.0000,0.0067,0.0001,200,4.3072
0.0072,0.0000,0.0000,0.0000,0.0070,0.0001,200,4.3101
0.0082,0.0000,0.0000,0.0000,0.0081,0.0000,200,4.3091
0.0082,0.0000,0.0000,0.0000,0.0081,0.0000,200,4.3091
0.0069,0.0000,0.0000,0.0000,0.0068,0.0001,200,4.3140
0.0066,0.0000,0.0000,0.0000,0.0065,0.0001,200,4.3173
0.0066,0.0000,0.0000,0.0000,0.0065,0.0000,200,4.3173
0.0067,0.0000,0.0000,0.0000,0.0066,0.0000,200,4.3173
0.0083,0.0000,0.0000,0.0000,0.0082,0.0001,200,4.3209
0.0073,0.0000,0.0000,0.0000,0.0072,0.0000,200,4.3239
0.0073,0.0000,0.0000,0.0000,0.0072,0.0000,200,4.3240
0.0080,0.0000,0.0000,0.0000,0.0079,0.0000,200,4.3239
0.0066,0.0000,0.0000,0.0000,0.0065,0.0001,200,4.3292
0.0066,0.0000,0.0000,0.0000,0.0065,0.0000,200,4.3312
0.0066,0.0000,0.0000,0.0000,0.0065,0.0000,200,4.3312
0.0066,0.0000,0.0000,0.0000,0.0065,0.0000,200,4.3318
0.0068,0.0000,0.0000,0.0000,0.0066,0.0002,200,4.3359
0.0066,0.0000,0.0000,0.0000,0.0065,0.0001,200,4.3378
0.0067,0.0000,0.0000,0.0000,0.0067,0.0000,200,4.3378
0.0064,0.0000,0.0000,0.0000,0.0062,0.0001,200,4.3385
0.0069,0.0000,0.0000,0.0000,0.0068,0.0001,200,4.3426
0.0080,0.0000,0.0000,0.0000,0.0079,0.0001,200,4.3444
0.0079,0.0000,0.0000,0.0000,0.0078,0.0001,200,4.3445
0.0090,0.0000,0.0000,0.0000,0.0088,0.0001,200,4.3448
0.0093,0.0000,0.0000,0.0000,0.0092,0.0001,200,4.3495
0.0067,0.0000,0.0000,0.0000,0.0066,0.0000,200,4.3524
0.0070,0.0000,0.0000,0.0000,0.0069,0.0001,200,4.3524
0.0066,0.0000,0.0000,0.0000,0.0065,0.0001,200,4.3538
0.0074,0.0000,0.0000,0.0000,0.0073,0.0001,200,4.3588
0.0071,0.0000,0.0000,0.0000,0.0070,0.0001,200,4.3591
0.0073,0.0000,0.0000,0.0001,0.0071,0.0000,200,4.3594
0.0069,0.0000,0.0000,0.0000,0.0068,0.0000,200,4.3604
0.0071,0.0000,0.0000,0.0000,0.0070,0.0001,200,4.3662
0.0072,0.0000,0.0000,0.0000,0.0071,0.0000,200,4.3662
0.0067,0.0000,0.0000,0.0000,0.0067,0.0000,200,4.3667
0.0064,0.0000,0.0000,0.0000,0.0063,0.0000,200,4.3673
0.0064,0.0000,0.0000,0.0001,0.0063,0.0001,200,4.3736
0.0067,0.0000,0.0000,0.0000,0.0067,0.0000,200,4.3734
0.0069,0.0000,0.0000,0.0000,0.0068,0.0000,200,4.3733
0.0070,0.0000,0.0000,0.0000,0.0069,0.0001,200,4.3733
0.0068,0.0000,0.0000,0.0000,0.0067,0.0001,200,4.3802
0.0070,0.0000,0.0000,0.0000,0.0069,0.0000,200,4.3801
0.0069,0.0000,0.0000,0.0000,0.0068,0.0000,200,4.3801
0.0068,0.0000,0.0000,0.0000,0.0067,0.0001,200,4.3802
0.0073,0.0000,0.0000,0.0000,0.0072,0.0001,200,4.3870
0.0074,0.0000,0.0000,0.0000,0.0073,0.0000,200,4.3871
0.0074,0.0000,0.0000,0.0000,0.0074,0.0000,200,4.3870
0.0125,0.0000,0.0000,0.0000,0.0124,0.0001,200,4.3871
0.0066,0.0000,0.0000,0.0000,0.0066,0.0001,200,4.3944
0.0069,0.0000,0.0000,0.0000,0.0068,0.0000,200,4.3944
0.0070,0.0000,0.0000,0.0000,0.0070,0.0000,200,4.3943
0.0068,0.0000,0.0000,0.0000,0.0066,0.0002,200,4.3996
0.0064,0.0000,0.0000,0.0000,0.0063,0.0001,200,4.4011
0.0062,0.0000,0.0000,0.0000,0.0061,0.0000,200,4.4014
0.0067,0.0000,0.0000,0.0000,0.0066,0.0000,200,4.4013
0.0067,0.0000,0.0000,0.0000,0.0066,0.0001,200,4.4064
0.0065,0.0000,0.0000,0.0000,0.0063,0.0000,200,4.4075
0.0067,0.0000,0.0000,0.0000,0.0067,0.0000,200,4.4076
0.0065,0.0000,0.0000,0.0000,0.0065,0.0000,200,4.4080
0.0068,0.0000,0.0000,0.0000,0.0067,0.0001,200,4.4131
0.0075,0.0000,0.0000,0.0000,0.0074,0.0001,200,4.4140
0.0072,0.0000,0.0000,0.0000,0.0072,0.0000,200,4.4143
0.0072,0.0000,0.0000,0.0000,0.0070,0.0001,200,4.4145
0.0064,0.0000,0.0000,0.0000,0.0063,0.0001,200,4.4199
0.0065,0.0000,0.0000,0.0000,0.0064,0.0000,200,4.4215
0.0065,0.0000,0.0000,0.0000,0.0065,0.0000,200,4.4217
0.0067,0.0000,0.0000,0.0000,0.0067,0.0000,200,4.4216
0.0063,0.0000,0.0000,0.0000,0.0062,0.0001,200,4.4263
0.0065,0.0000,0.0000,0.0000,0.0064,0.0001,200,4.4279
0.0064,0.0000,0.0000,0.0000,0.0063,0.0001,200,4.4283
0.0065,0.0000,0.0000,0.0000,0.0063,0.0000,200,4.4282
0.0065,0.0000,0.0000,0.0000,0.0064,0.0000,200,4.4326
0.0062,0.0000,0.0000,0.0000,0.0061,0.0000,200,4.4347
0.0066,0.0000,0.0000,0.0000,0.0065,0.0000,200,4.4344
0.0063,0.0000,0.0000,0.0000,0.0063,0.0000,200,4.4348
0.0065,0.0000,0.0000,0.0000,0.0064,0.0001,200,4.4391
0.0065,0.0000,0.0000,0.0000,0.0064,0.0001,200,4.4411
0.0066,0.0000,0.0000,0.0000,0.0065,0.0000,200,4.4409
0.0065,0.0000,0.0000,0.0000,0.0065,0.0000,200,4.4410
0.0068,0.0000,0.0000,0.0000,0.0067,0.0001,200,4.4456
0.0065,0.0000,0.0000,0.0000,0.0064,0.0000,200,4.4475
0.0065,0.0000,0.0000,0.0000,0.0064,0.0000,200,4.4475
0.0065,0.0000,0.0000,0.0000,0.0064,0.0000,200,4.4475
0.0072,0.0000,0.0000,0.0000,0.0071,0.0001,200,4.4524
0.0064,0.0000,0.0000,0.0000,0.0063,0.0001,200,4.4540
0.0065,0.0000,0.0000,0.0000,0.0065,0.0000,200,4.4540
0.0067,0.0000,0.0000,0.0000,0.0066,0.0000,200,4.4540
0.0066,0.0000,0.0000,0.0000,0.0065,0.0001,200,4.4596
0.0064,0.0000,0.0000,0.0000,0.0063,0.0000,200,4.4606
0.0066,0.0000,0.0000,0.0000,0.0065,0.0000,200,4.4604
0.0065,0.0000,0.0000,0.0000,0.0064,0.0000,200,4.4607
0.0063,0.0000,0.0000,0.0000,0.0062,0.0000,200,4.4672
0.0065,0.0000,0.0000,0.0000,0.0064,0.0000,200,4.4670
0.0067,0.0000,0.0000,0.0000,0.0066,0.0000,200,4.4670
0.0075,0.0000,0.0000,0.0000,0.0068,0.0006,200,4.4662
0.0074,0.0000,0.0000,0.0000,0.0073,0.0001,200,4.4737
0.0076,0.0000,0.0000,0.0000,0.0075,0.0001,200,4.4735
0.0077,0.0000,0.0000,0.0000,0.0073,0.0000,200,4.4735
0.0074,0.0000,0.0000,0.0000,0.0074,0.0000,200,4.4737
0.0067,0.0000,0.0000,0.0000,0.0066,0.0001,200,4.4811
0.0067,0.0000,0.0000,0.0000,0.0065,0.0000,200,4.4811
0.0066,0.0000,0.0000,0.0000,0.0065,0.0001,200,4.4812
0.0066,0.0000,0.0000,0.0000,0.0066,0.0000,200,4.4811
0.0067,0.0000,0.0000,0.0000,0.0066,0.0001,200,4.4878
0.0068,0.0000,0.0000,0.0000,0.0067,0.0000,200,4.4878
0.0068,0.0000,0.0000,0.0000,0.0067,0.0001,200,4.4877
0.0068,0.0000,0.0000,0.0000,0.0067,0.0001,200,4.4877
0.0067,0.0000,0.0000,0.0000,0.0066,0.0001,200,4.4945
0.0067,0.0000,0.0000,0.0000,0.0066,0.0000,200,4.4945
0.0067,0.0000,0.0000,0.0000,0.0066,0.0000,200,4.4945
0.0067,0.0000,0.0000,0.0000,0.0066,0.0000,200,4.4946
0.0069,0.0000,0.0000,0.0000,0.0068,0.0001,200,4.5012
0.0070,0.0000,0.0000,0.0000,0.0069,0.0000,200,4.5012
0.0071,0.0000,0.0000,0.0000,0.0070,0.0000,200,4.5012
0.0095,0.0000,0.0000,0.0000,0.0094,0.0001,200,4.5012
0.0068,0.0000,0.0000,0.0000,0.0067,0.0001,200,4.5081
0.0081,0.0000,0.0000,0.0000,0.0080,0.0001,200,4.5082
0.0081,0.0000,0.0000,0.0000,0.0080,0.0000,200,4.5083
0.0070,0.0000,0.0000,0.0000,0.0069,0.0001,200,4.5108
0.0079,0.0000,0.0000,0.0000,0.0073,0.0005,200,4.5150
0.0068,0.0000,0.0000,0.0000,0.0067,0.0000,200,4.5164
0.0081,0.0000,0.0000,0.0000,0.0079,0.0002,200,4.5164
0.0072,0.0000,0.0000,0.0000,0.0071,0.0000,200,4.5178
0.0070,0.0000,0.0000,0.0000,0.0068,0.0001,200,4.5232
0.0076,0.0000,0.0000,0.0001,0.0074,0.0001,200,4.5229
0.0069,0.0000,0.0000,0.0000,0.0068,0.0000,200,4.5244
0.0104,0.0000,0.0000,0.0000,0.0103,0.0001,200,4.5250
0.0065,0.0000,0.0000,0.0000,0.0064,0.0000,200,4.5304
0.0068,0.0000,0.0000,0.0000,0.0067,0.0000,200,4.5302
0.0085,0.0000,0.0000,0.0000,0.0084,0.0001,200,4.5313
0.0074,0.0000,0.0000,0.0000,0.0073,0.0001,200,4.5354
0.0065,0.0000,0.0000,0.0000,0.0064,0.0000,200,4.5369
0.0065,0.0000,0.0000,0.0000,0.0064,0.0000,200,4.5369
0.0090,0.0000,0.0000,0.0000,0.0088,0.0001,200,4.5398
0.0066,0.0000,0.0000,0.0000,0.0065,0.0000,200,4.5428
0.0072,0.0000,0.0000,0.0000,0.0071,0.0000,200,4.5435
0.0072,0.0000,0.0000,0.0000,0.0072,0.0000,200,4.5434
0.0068,0.0000,0.0000,0.0000,0.0067,0.0001,200,4.5488
0.0065,0.0000,0.0000,0.0000,0.0064,0.0000,200,4.5494
0.0063,0.0000,0.0000,0.0000,0.0062,0.0000,200,4.5506
0.0065,0.0000,0.0000,0.0000,0.0064,0.0000,200,4.5507
0.0067,0.0000,0.0000,0.0000,0.0066,0.0001,200,4.5558
0.0070,0.0000,0.0000,0.0000,0.0069,0.0000,200,4.5556
0.0065,0.0000,0.0000,0.0000,0.0064,0.0000,200,4.5569
0.0069,0.0000,0.0000,0.0000,0.0068,0.0001,200,4.5571
0.0068,0.0000,0.0000,0.0000,0.0067,0.0000,200,4.5626
0.0068,0.0000,0.0000,0.0000,0.0067,0.0001,200,4.5626
0.0065,0.0000,0.0000,0.0000,0.0065,0.0000,200,4.5634
0.0062,0.0000,0.0000,0.0000,0.0061,0.0000,200,4.5640
0.0069,0.0000,0.0000,0.0000,0.0068,0.0001,200,4.5694
0.0069,0.0000,0.0000,0.0000,0.0068,0.0001,200,4.5694
0.0064,0.0000,0.0000,0.0000,0.0063,0.0000,200,4.5700
0.0063,0.0000,0.0000,0.0000,0.0063,0.0000,200,4.5702
0.0066,0.0000,0.0000,0.0000,0.0065,0.0001,200,4.5765
0.0070,0.0000,0.0000,0.0000,0.0069,0.0000,200,4.5762
0.0071,0.0000,0.0000,0.0000,0.0070,0.0000,200,4.5762
0.0078,0.0000,0.0000,0.0000,0.0077,0.0001,200,4.5764
0.0070,0.0000,0.0000,0.0000,0.0070,0.0001,200,4.5833
0.0063,0.0000,0.0000,0.0000,0.0063,0.0000,200,4.5841
0.0073,0.0000,0.0000,0.0000,0.0069,0.0003,200,4.5833
0.0075,0.0000,0.0000,0.0000,0.0074,0.0000,200,4.5832
0.0066,0.0000,0.0000,0.0000,0.0065,0.0001,200,4.5906
0.0068,0.0000,0.0000,0.0000,0.0067,0.0000,200,4.5904
0.0066,0.0000,0.0000,0.0000,0.0065,0.0000,200,4.5906
0.0067,0.0000,0.0000,0.0000,0.0066,0.0001,200,4.5905
0.0067,0.0000,0.0000,0.0000,0.0066,0.0001,200,4.5972
0.0068,0.0000,0.0000,0.0000,0.0067,0.0000,200,4.5972
0.0068,0.0000,0.0000,0.0000,0.0068,0.0000,200,4.5972
0.0068,0.0000,0.0000,0.0000,0.0067,0.0000,200,4.5972
0.0069,0.0000,0.0000,0.0000,0.0068,0.0001,200,4.6039
0.0070,0.0000,0.0000,0.0000,0.0069,0.0000,200,4.6041
0.0071,0.0000,0.0000,0.0000,0.0071,0.0000,200,4.6040
0.0072,0.0000,0.0000,0.0000,0.0071,0.0000,200,4.6041
0.0070,0.0000,0.0000,0.0000,0.0069,0.0001,200,4.6107
0.0066,0.0000,0.0000,0.0000,0.0065,0.0001,200,4.6111
0.0067,0.0000,0.0000,0.0000,0.0066,0.0001,200,4.6111
0.0068,0.0000,0.0000,0.0000,0.0067,0.0000,200,4.6112
0.0089,0.0000,0.0000,0.0000,0.0087,0.0001,200,4.6177
0.0086,0.0000,0.0000,0.0000,0.0085,0.0001,200,4.6180
0.0090,0.0000,0.0000,0.0000,0.0089,0.0000,200,4.6177
0.0090,0.0000,0.0000,0.0000,0.0090,0.0000,200,4.6178
0.0071,0.0000,0.0000,0.0000,0.0070,0.0001,200,4.6267
0.0071,0.0000,0.0000,0.0000,0.0070,0.0000,200,4.6268
0.0073,0.0000,0.0000,0.0000,0.0072,0.0000,200,4.6266
0.0075,0.0000,0.0000,0.0000,0.0074,0.0000,200,4.6266
0.0076,0.0000,0.0000,0.0000,0.0075,0.0001,200,4.6338
0.0075,0.0000,0.0000,0.0000,0.0074,0.0001,200,4.6339
0.0074,0.0000,0.0000,0.0000,0.0073,0.0000,200,4.6341
0.0076,0.0000,0.0000,0.0000,0.0075,0.0001,200,4.6338
0.0069,0.0000,0.0000,0.0000,0.0068,0.0001,200,4.6415
0.0071,0.0000,0.0000,0.0000,0.0068,0.0003,200,4.6415
0.0072,0.0000,0.0000,0.0000,0.0072,0.0000,200,4.6414
0.0072,0.0000,0.0000,0.0000,0.0071,0.0001,200,4.6414
0.0067,0.0000,0.0000,0.0000,0.0066,0.0001,200,4.6487
0.0069,0.0000,0.0000,0.0000,0.0068,0.0001,200,4.6486
0.0076,0.0000,0.0000,0.0000,0.0074,0.0002,200,4.6484
0.0101,0.0000,0.0000,0.0001,0.0096,0.0001,200,4.6487
0.0069,0.0000,0.0000,0.0000,0.0068,0.0001,200,4.6554
0.0065,0.0000,0.0000,0.0001,0.0063,0.0001,200,4.6560
0.0073,0.0000,0.0000,0.0000,0.0067,0.0000,200,4.6554
0.0088,0.0000,0.0000,0.0000,0.0087,0.0001,200,4.6588
0.0065,0.0000,0.0000,0.0000,0.0064,0.0001,200,4.6623
0.0068,0.0000,0.0000,0.0000,0.0067,0.0000,200,4.6625
0.0081,0.0000,0.0000,0.0000,0.0080,0.0000,200,4.6627
0.0065,0.0000,0.0000,0.0000,0.0064,0.0000,200,4.6676
0.0064,0.0000,0.0000,0.0000,0.0063,0.0000,200,4.6689
0.0064,0.0000,0.0000,0.0000,0.0064,0.0000,200,4.6693
0.0070,0.0000,0.0000,0.0000,0.0069,0.0001,200,4.6708
0.0075,0.0000,0.0000,0.0000,0.0074,0.0001,200,4.6741
0.0068,0.0000,0.0000,0.0000,0.0067,0.0000,200,4.6753
0.0064,0.0000,0.0000,0.0000,0.0064,0.0000,200,4.6757
0.0067,0.0000,0.0000,0.0000,0.0066,0.0001,200,4.6778
0.0068,0.0000,0.0000,0.0000,0.0066,0.0001,200,4.6816
0.0063,0.0000,0.0000,0.0000,0.0063,0.0000,200,4.6821
0.0066,0.0000,0.0000,0.0000,0.0065,0.0001,200,4.6822
0.0063,0.0000,0.0000,0.0000,0.0062,0.0000,200,4.6845
0.0070,0.0000,0.0000,0.0000,0.0069,0.0001,200,4.6884
0.0066,0.0000,0.0000,0.0000,0.0065,0.0000,200,4.6888
0.0069,0.0000,0.0000,0.0000,0.0069,0.0000,200,4.6884
0.0063,0.0000,0.0000,0.0000,0.0062,0.0001,200,4.6908
0.0073,0.0000,0.0000,0.0000,0.0071,0.0002,200,4.6954
0.0074,0.0000,0.0000,0.0000,0.0073,0.0001,200,4.6954
0.0080,0.0000,0.0000,0.0000,0.0079,0.0000,200,4.6954
0.0080,0.0000,0.0000,0.0000,0.0079,0.0001,200,4.6971
0.0066,0.0000,0.0000,0.0000,0.0065,0.0001,200,4.7028
0.0076,0.0000,0.0000,0.0000,0.0075,0.0000,200,4.7027
0.0075,0.0000,0.0000,0.0000,0.0075,0.0000,200,4.7034
0.0064,0.0000,0.0000,0.0000,0.0063,0.0000,200,4.7051
0.0066,0.0000,0.0000,0.0000,0.0065,0.0001,200,4.7094
0.0065,0.0000,0.0000,0.0000,0.0064,0.0000,200,4.7102
0.0063,0.0000,0.0000,0.0000,0.0063,0.0000,200,4.7109
0.0064,0.0000,0.0000,0.0000,0.0064,0.0000,200,4.7115
0.0067,0.0000,0.0000,0.0000,0.0066,0.0001,200,4.7160
0.0063,0.0000,0.0000,0.0000,0.0063,0.0000,200,4.7168
0.0065,0.0000,0.0000,0.0000,0.0064,0.0000,200,4.7173
0.0063,0.0000,0.0000,0.0000,0.0062,0.0001,200,4.7179
0.0068,0.0000,0.0000,0.0000,0.0067,0.0001,200,4.7227
0.0065,0.0000,0.0000,0.0000,0.0064,0.0000,200,4.7231
0.0064,0.0000,0.0000,0.0000,0.0063,0.0001,200,4.7238
0.0068,0.0000,0.0000,0.0000,0.0067,0.0001,200,4.7242
0.0067,0.0000,0.0000,0.0000,0.0066,0.0000,200,4.7296
0.0069,0.0000,0.0000,0.0000,0.0066,0.0002,200,4.7295
0.0065,0.0000,0.0000,0.0000,0.0064,0.0000,200,4.7301
0.0066,0.0000,0.0000,0.0000,0.0065,0.0000,200,4.7310
0.0080,0.0000,0.0000,0.0000,0.0079,0.0001,200,4.7364
0.0082,0.0000,0.0000,0.0000,0.0082,0.0000,200,4.7363
0.0080,0.0000,0.0000,0.0000,0.0079,0.0000,200,4.7367
0.0072,0.0000,0.0000,0.0000,0.0071,0.0000,200,4.7375
0.0071,0.0000,0.0000,0.0000,0.0069,0.0001,200,4.7445
0.0075,0.0000,0.0000,0.0000,0.0074,0.0000,200,4.7444
0.0071,0.0000,0.0000,0.0000,0.0070,0.0000,200,4.7448
0.0073,0.0000,0.0000,0.0000,0.0072,0.0000,200,4.7446
0.0069,0.0000,0.0000,0.0000,0.0068,0.0001,200,4.7519
0.0070,0.0000,0.0000,0.0000,0.0068,0.0000,200,4.7518
0.0073,0.0000,0.0000,0.0000,0.0072,0.0001,200,4.7516
0.0070,0.0000,0.0000,0.0000,0.0070,0.0000,200,4.7519
0.0067,0.0000,0.0000,0.0000,0.0066,0.0001,200,4.7588
0.0071,0.0000,0.0000,0.0000,0.0069,0.0000,200,4.7588
0.0070,0.0000,0.0000,0.0000,0.0069,0.0001,200,4.7589
0.0070,0.0000,0.0000,0.0000,0.0069,0.0000,200,4.7589
0.0067,0.0000,0.0000,0.0000,0.0066,0.0001,200,4.7658
0.0073,0.0000,0.0000,0.0000,0.0072,0.0001,200,4.7656
0.0088,0.0000,0.0000,0.0000,0.0087,0.0001,200,4.7659
0.0089,0.0000,0.0000,0.0000,0.0087,0.0000,200,4.7659
0.0066,0.0000,0.0000,0.0000,0.0065,0.0001,200,4.7725
0.0064,0.0000,0.0000,0.0000,0.0064,0.0000,200,4.7728
0.0098,0.0000,0.0000,0.0000,0.0097,0.0001,200,4.7747
0.0098,0.0000,0.0000,0.0000,0.0097,0.0001,200,4.7747
0.0070,0.0000,0.0000,0.0000,0.0069,0.0001,200,4.7793
0.0075,0.0000,0.0000,0.0000,0.0074,0.0000,200,4.7792
0.0068,0.0000,0.0000,0.0000,0.0067,0.0001,200,4.7845
0.0068,0.0000,0.0000,0.0000,0.0067,0.0000,200,4.7845
0.0064,0.0000,0.0000,0.0000,0.0063,0.0000,200,4.7862
0.0062,0.0000,0.0000,0.0000,0.0061,0.0000,200,4.7867
0.0069,0.0000,0.0000,0.0000,0.0067,0.0001,200,4.7914
0.0070,0.0000,0.0000,0.0000,0.0069,0.0000,200,4.7913
0.0069,0.0000,0.0000,0.0000,0.0068,0.0001,200,4.7926
0.0067,0.0000,0.0000,0.0000,0.0066,0.0000,200,4.7929
0.0073,0.0000,0.0000,0.0000,0.0072,0.0001,200,4.7982
0.0075,0.0000,0.0000,0.0000,0.0074,0.0000,200,4.7983
0.0066,0.0000,0.0000,0.0000,0.0065,0.0000,200,4.7995
0.0068,0.0000,0.0000,0.0000,0.0068,0.0000,200,4.7995
0.0067,0.0000,0.0000,0.0000,0.0066,0.0001,200,4.8059
0.0064,0.0000,0.0000,0.0000,0.0063,0.0001,200,4.8061
0.0071,0.0000,0.0000,0.0000,0.0070,0.0000,200,4.8055
0.0066,0.0000,0.0000,0.0000,0.0065,0.0000,200,4.8064
0.0068,0.0000,0.0000,0.0000,0.0066,0.0001,200,4.8125
0.0069,0.0000,0.0000,0.0000,0.0068,0.0000,200,4.8125
0.0070,0.0000,0.0000,0.0000,0.0069,0.0000,200,4.8126
0.0073,0.0000,0.0000,0.0000,0.0072,0.0000,200,4.8130
0.0067,0.0000,0.0000,0.0000,0.0066,0.0001,200,4.8193
0.0068,0.0000,0.0000,0.0000,0.0067,0.0001,200,4.8196
0.0070,0.0000,0.0000,0.0000,0.0070,0.0000,200,4.8194
0.0067,0.0000,0.0000,0.0000,0.0066,0.0000,200,4.8202
0.0069,0.0000,0.0000,0.0000,0.0067,0.0001,200,4.8260
0.0066,0.0000,0.0000,0.0000,0.0065,0.0000,200,4.8264
0.0064,0.0000,0.0000,0.0000,0.0063,0.0000,200,4.8269
0.0070,0.0000,0.0000,0.0000,0.0068,0.0001,200,4.8265
0.0063,0.0000,0.0000,0.0000,0.0062,0.0001,200,4.8333
0.0066,0.0000,0.0000,0.0000,0.0065,0.0000,200,4.8330
0.0064,0.0000,0.0000,0.0000,0.0063,0.0000,200,4.8334
0.0087,0.0000,0.0000,0.0001,0.0086,0.0000,200,4.8329
0.0066,0.0000,0.0000,0.0000,0.0065,0.0001,200,4.8396
0.0066,0.0000,0.0000,0.0000,0.0065,0.0001,200,4.8396
0.0064,0.0000,0.0000,0.0000,0.0063,0.0000,200,4.8398
0.0087,0.0000,0.0000,0.0000,0.0086,0.0001,200,4.8416
0.0067,0.0000,0.0000,0.0000,0.0066,0.0001,200,4.8462
0.0067,0.0000,0.0000,0.0000,0.0067,0.0000,200,4.8462
0.0068,0.0000,0.0000,0.0000,0.0067,0.0000,200,4.8462
0.0065,0.0000,0.0000,0.0000,0.0064,0.0001,200,4.8502
0.0066,0.0000,0.0000,0.0000,0.0065,0.0000,200,4.8529
0.0065,0.0000,0.0000,0.0000,0.0065,0.0001,200,4.8530
0.0069,0.0000,0.0000,0.0000,0.0068,0.0000,200,4.8528
0.0088,0.0000,0.0000,0.0000,0.0087,0.0001,200,4.8568
0.0066,0.0000,0.0000,0.0000,0.0065,0.0001,200,4.8595
0.0066,0.0000,0.0000,0.0000,0.0065,0.0000,200,4.8595
0.0067,0.0000,0.0000,0.0000,0.0066,0.0000,200,4.8597
0.0067,0.0000,0.0000,0.0000,0.0066,0.0001,200,4.8661
0.0068,0.0000,0.0000,0.0000,0.0066,0.0000,200,4.8661
0.0073,0.0000,0.0000,0.0000,0.0072,0.0000,200,4.8656
0.0066,0.0000,0.0000,0.0000,0.0064,0.0002,200,4.8664
0.0069,0.0000,0.0000,0.0000,0.0068,0.0001,200,4.8730
0.0071,0.0000,0.0000,0.0000,0.0069,0.0001,200,4.8728
0.0069,0.0000,0.0000,0.0000,0.0068,0.0001,200,4.8730
0.0076,0.0000,0.0000,0.0000,0.0075,0.0000,200,4.8729
0.0072,0.0000,0.0000,0.0000,0.0070,0.0001,200,4.8799
0.0074,0.0000,0.0000,0.0000,0.0073,0.0000,200,4.8799
0.0072,0.0000,0.0000,0.0000,0.0071,0.0000,200,4.8804
0.0097,0.0000,0.0000,0.0000,0.0096,0.0001,200,4.8799
0.0066,0.0000,0.0000,0.0000,0.0065,0.0001,200,4.8873
0.0070,0.0000,0.0000,0.0000,0.0068,0.0001,200,4.8871
0.0066,0.0000,0.0000,0.0000,0.0066,0.0000,200,4.8876
0.0066,0.0000,0.0000,0.0000,0.0065,0.0000,200,4.8896
0.0064,0.0000,0.0000,0.0000,0.0063,0.0001,200,4.8939
0.0066,0.0000,0.0000,0.0000,0.0064,0.0001,200,4.8940
0.0064,0.0000,0.0000,0.0000,0.0063,0.0000,200,4.8942
0.0064,0.0000,0.0000,0.0000,0.0064,0.0000,200,4.8961
0.0067,0.0000,0.0000,0.0000,0.0067,0.0001,200,4.9006
0.0067,0.0000,0.0000,0.0000,0.0066,0.0001,200,4.9006
0.0071,0.0000,0.0000,0.0000,0.0070,0.0001,200,4.9003
0.0065,0.0000,0.0000,0.0000,0.0064,0.0001,200,4.9026
0.0066,0.0000,0.0000,0.0000,0.0065,0.0001,200,4.9074
0.0066,0.0000,0.0000,0.0000,0.0066,0.0000,200,4.9074
0.0066,0.0000,0.0000,0.0000,0.0066,0.0000,200,4.9074
0.0064,0.0000,0.0000,0.0000,0.0063,0.0000,200,4.9090
0.0064,0.0000,0.0000,0.0000,0.0063,0.0001,200,4.9140
0.0064,0.0000,0.0000,0.0000,0.0063,0.0001,200,4.9140
0.0064,0.0000,0.0000,0.0000,0.0064,0.0000,200,4.9140
0.0064,0.0000,0.0000,0.0000,0.0063,0.0000,200,4.9154
0.0065,0.0000,0.0000,0.0000,0.0064,0.0001,200,4.9218
0.0079,0.0000,0.0000,0.0000,0.0078,0.0001,200,4.9204
0.0080,0.0000,0.0000,0.0000,0.0079,0.0000,200,4.9205
0.0080,0.0000,0.0000,0.0000,0.0079,0.0000,200,4.9204
0.0067,0.0000,0.0000,0.0000,0.0066,0.0001,200,4.9283
0.0066,0.0000,0.0000,0.0000,0.0065,0.0000,200,4.9284
0.0066,0.0000,0.0000,0.0000,0.0065,0.0001,200,4.9284
0.0096,0.0000,0.0000,0.0000,0.0095,0.0001,200,4.9283
0.0085,0.0000,0.0000,0.0000,0.0084,0.0000,200,4.9350
0.0085,0.0000,0.0000,0.0000,0.0084,0.0001,200,4.9350
0.0085,0.0000,0.0000,0.0000,0.0084,0.0001,200,4.9350
0.0067,0.0000,0.0000,0.0000,0.0066,0.0000,200,4.9379
0.0068,0.0000,0.0000,0.0000,0.0067,0.0000,200,4.9435
0.0068,0.0000,0.0000,0.0000,0.0067,0.0001,200,4.9435
0.0068,0.0000,0.0000,0.0000,0.0067,0.0000,200,4.9435
0.0064,0.0000,0.0000,0.0000,0.0063,0.0000,200,4.9446
0.0066,0.0000,0.0000,0.0000,0.0065,0.0001,200,4.9503
0.0067,0.0000,0.0000,0.0000,0.0066,0.0000,200,4.9503
0.0062,0.0000,0.0000,0.0000,0.0061,0.0000,200,4.9509
0.0072,0.0000,0.0000,0.0000,0.0071,0.0000,200,4.9503
0.0069,0.0000,0.0000,0.0000,0.0068,0.0001,200,4.9569
0.0078,0.0000,0.0000,0.0000,0.0077,0.0000,200,4.9570
0.0073,0.0000,0.0000,0.0000,0.0072,0.0000,200,4.9575
0.0077,0.0000,0.0000,0.0000,0.0076,0.0001,200,4.9571
0.0069,0.0000,0.0000,0.0000,0.0068,0.0001,200,4.9638
0.0068,0.0000,0.0000,0.0000,0.0068,0.0000,200,4.9648
0.0068,0.0000,0.0000,0.0000,0.0068,0.0000,200,4.9648
0.0069,0.0000,0.0000,0.0000,0.0069,0.0000,200,4.9648
0.0067,0.0000,0.0000,0.0000,0.0066,0.0001,200,4.9707
0.0067,0.0000,0.0000,0.0000,0.0066,0.0000,200,4.9716
0.0068,0.0000,0.0000,0.0000,0.0068,0.0000,200,4.9716
0.0068,0.0000,0.0000,0.0000,0.0068,0.0000,200,4.9717
0.0069,0.0000,0.0000,0.0000,0.0068,0.0001,200,4.9775
0.0066,0.0000,0.0000,0.0000,0.0066,0.0000,200,4.9785
0.0065,0.0000,0.0000,0.0000,0.0065,0.0000,200,4.9786
0.0068,0.0000,0.0000,0.0000,0.0067,0.0000,200,4.9783
0.0069,0.0000,0.0000,0.0000,0.0068,0.0001,200,4.9844
0.0067,0.0000,0.0000,0.0000,0.0067,0.0000,200,4.9851
0.0068,0.0000,0.0000,0.0000,0.0067,0.0000,200,4.9851
0.0068,0.0000,0.0000,0.0000,0.0067,0.0000,200,4.9851
0.0070,0.0000,0.0000,0.0000,0.0068,0.0001,200,4.9913
0.0068,0.0000,0.0000,0.0000,0.0068,0.0001,200,4.9919
0.0080,0.0000,0.0000,0.0000,0.0079,0.0001,200,4.9918
0.0081,0.0000,0.0000,0.0000,0.0080,0.0000,200,4.9919
0.0078,0.0000,0.0000,0.0000,0.0077,0.0001,200,4.9982
0.0074,0.0000,0.0000,0.0000,0.0073,0.0001,200,4.9987
0.0065,0.0000,0.0000,0.0000,0.0064,0.0000,200,5.0000
0.0066,0.0000,0.0000,0.0000,0.0066,0.0000,200,4.9998
0.0071,0.0000,0.0000,0.0000,0.0070,0.0001,200,5.0064
0.0076,0.0000,0.0000,0.0000,0.0075,0.0000,200,5.0061
0.0078,0.0000,0.0000,0.0000,0.0078,0.0000,200,5.0064
0.0090,0.0000,0.0000,0.0000,0.0089,0.0000,200,5.0061
0.0072,0.0000,0.0000,0.0001,0.0069,0.0001,200,5.0136
0.0074,0.0000,0.0000,0.0000,0.0073,0.0000,200,5.0136
0.0071,0.0000,0.0000,0.0000,0.0070,0.0001,200,5.0143
0.0067,0.0000,0.0000,0.0000,0.0066,0.0001,200,5.0151
0.0067,0.0000,0.0000,0.0000,0.0066,0.0000,200,5.0212
0.0067,0.0000,0.0000,0.0000,0.0066,0.0000,200,5.0213
0.0071,0.0000,0.0000,0.0000,0.0069,0.0002,200,5.0209
0.0068,0.0000,0.0000,0.0000,0.0068,0.0001,200,5.0218
0.0070,0.0000,0.0000,0.0000,0.0068,0.0001,200,5.0279
0.0070,0.0000,0.0000,0.0000,0.0070,0.0000,200,5.0280
0.0070,0.0000,0.0000,0.0000,0.0069,0.0000,200,5.0280
0.0066,0.0000,0.0000,0.0000,0.0065,0.0000,200,5.0286
0.0067,0.0000,0.0000,0.0000,0.0066,0.0001,200,5.0350
0.0071,0.0000,0.0000,0.0000,0.0071,0.0000,200,5.0352
0.0077,0.0000,0.0000,0.0000,0.0077,0.0000,200,5.0349
0.0078,0.0000,0.0000,0.0000,0.0077,0.0000,200,5.0350
0.0079,0.0000,0.0000,0.0000,0.0078,0.0001,200,5.0417
0.0072,0.0000,0.0000,0.0000,0.0071,0.0000,200,5.0426
0.0080,0.0000,0.0000,0.0000,0.0079,0.0000,200,5.0423
0.0075,0.0000,0.0000,0.0000,0.0075,0.0000,200,5.0428
0.0069,0.0000,0.0000,0.0000,0.0068,0.0001,200,5.0497
0.0073,0.0000,0.0000,0.0000,0.0072,0.0000,200,5.0498
0.0069,0.0000,0.0000,0.0000,0.0068,0.0000,200,5.0503
0.0084,0.0000,0.0000,0.0000,0.0083,0.0001,200,5.0503
0.0067,0.0000,0.0000,0.0000,0.0066,0.0001,200,5.0572
0.0068,0.0000,0.0000,0.0000,0.0068,0.0000,200,5.0571
0.0077,0.0000,0.0000,0.0000,0.0074,0.0003,200,5.0566
0.0064,0.0000,0.0000,0.0000,0.0063,0.0000,200,5.0587
0.0070,0.0000,0.0000,0.0000,0.0069,0.0001,200,5.0640
0.0073,0.0000,0.0000,0.0000,0.0072,0.0000,200,5.0639
0.0071,0.0000,0.0000,0.0000,0.0070,0.0000,200,5.0643
0.0064,0.0000,0.0000,0.0000,0.0063,0.0001,200,5.0651
0.0068,0.0000,0.0000,0.0000,0.0067,0.0001,200,5.0709
0.0064,0.0000,0.0000,0.0000,0.0063,0.0000,200,5.0714
0.0066,0.0000,0.0000,0.0000,0.0065,0.0001,200,5.0712
0.0098,0.0000,0.0000,0.0002,0.0095,0.0001,200,5.0715
0.0066,0.0000,0.0000,0.0000,0.0065,0.0000,200,5.0778
0.0066,0.0000,0.0000,0.0000,0.0065,0.0000,200,5.0778
0.0070,0.0000,0.0000,0.0000,0.0069,0.0000,200,5.0778
0.0068,0.0000,0.0000,0.0000,0.0066,0.0001,200,5.0813
0.0072,0.0000,0.0000,0.0000,0.0071,0.0001,200,5.0848
0.0078,0.0000,0.0000,0.0000,0.0076,0.0000,200,5.0844
0.0078,0.0000,0.0000,0.0000,0.0077,0.0000,200,5.0844
0.0085,0.0000,0.0000,0.0000,0.0084,0.0001,200,5.0881
0.0063,0.0000,0.0000,0.0000,0.0062,0.0000,200,5.0922
0.0066,0.0000,0.0000,0.0000,0.0065,0.0000,200,5.0919
0.0064,0.0000,0.0000,0.0000,0.0063,0.0000,200,5.0922
0.0064,0.0000,0.0000,0.0000,0.0063,0.0001,200,5.0966
0.0074,0.0000,0.0000,0.0000,0.0073,0.0001,200,5.0985
0.0073,0.0000,0.0000,0.0000,0.0073,0.0000,200,5.0986
0.0078,0.0000,0.0000,0.0000,0.0077,0.0000,200,5.0985
0.0071,0.0000,0.0000,0.0000,0.0069,0.0001,200,5.1031
0.0065,0.0000,0.0000,0.0000,0.0064,0.0001,200,5.1059
0.0071,0.0000,0.0000,0.0000,0.0070,0.0000,200,5.1059
0.0067,0.0000,0.0000,0.0000,0.0067,0.0000,200,5.1063
0.0066,0.0000,0.0000,0.0000,0.0065,0.0001,200,5.1101
0.0066,0.0000,0.0000,0.0000,0.0065,0.0001,200,5.1124
0.0064,0.0000,0.0000,0.0000,0.0064,0.0000,200,5.1130
0.0065,0.0000,0.0000,0.0000,0.0064,0.0000,200,5.1130
0.0065,0.0000,0.0000,0.0000,0.0064,0.0001,200,5.1167
0.0068,0.0000,0.0000,0.0000,0.0066,0.0001,200,5.1190
0.0073,0.0000,0.0000,0.0000,0.0072,0.0000,200,5.1195
0.0075,0.0000,0.0000,0.0000,0.0074,0.0000,200,5.1195
0.0072,0.0000,0.0000,0.0000,0.0071,0.0001,200,5.1257
0.0097,0.0000,0.0000,0.0000,0.0096,0.0001,200,5.1233
0.0066,0.0000,0.0000,0.0000,0.0066,0.0000,200,5.1268
0.0079,0.0000,0.0000,0.0000,0.0078,0.0001,200,5.1269
0.0082,0.0000,0.0000,0.0000,0.0081,0.0001,200,5.1334
0.0087,0.0000,0.0000,0.0000,0.0085,0.0001,200,5.1330
0.0088,0.0000,0.0000,0.0000,0.0087,0.0000,200,5.1330
0.0072,0.0000,0.0000,0.0000,0.0071,0.0001,200,5.1348
0.0068,0.0000,0.0000,0.0000,0.0067,0.0001,200,5.1416
0.0067,0.0000,0.0000,0.0000,0.0066,0.0001,200,5.1417
0.0069,0.0000,0.0000,0.0000,0.0067,0.0001,200,5.1416
0.0065,0.0000,0.0000,0.0000,0.0064,0.0000,200,5.1420
0.0066,0.0000,0.0000,0.0000,0.0066,0.0000,200,5.1485
0.0067,0.0000,0.0000,0.0000,0.0065,0.0002,200,5.1484
0.0068,0.0000,0.0000,0.0000,0.0068,0.0000,200,5.1485
0.0069,0.0000,0.0000,0.0000,0.0068,0.0000,200,5.1484
0.0065,0.0000,0.0000,0.0000,0.0064,0.0001,200,5.1551
0.0066,0.0000,0.0000,0.0000,0.0065,0.0001,200,5.1553
0.0068,0.0000,0.0000,0.0000,0.0066,0.0000,200,5.1551
0.0067,0.0000,0.0000,0.0000,0.0066,0.0000,200,5.1553
0.0066,0.0000,0.0000,0.0000,0.0065,0.0001,200,5.1617
0.0066,0.0000,0.0000,0.0000,0.0065,0.0000,200,5.1620
0.0066,0.0000,0.0000,0.0000,0.0066,0.0000,200,5.1619
0.0068,0.0000,0.0000,0.0000,0.0067,0.0000,200,5.1619
0.0068,0.0000,0.0000,0.0000,0.0066,0.0001,200,5.1685
0.0068,0.0000,0.0000,0.0000,0.0067,0.0000,200,5.1687
0.0072,0.0000,0.0000,0.0000,0.0070,0.0001,200,5.1684
0.0070,0.0000,0.0000,0.0000,0.0070,0.0000,200,5.1686
0.0068,0.0000,0.0000,0.0000,0.0067,0.0001,200,5.1755
0.0071,0.0000,0.0000,0.0000,0.0069,0.0000,200,5.1753
0.0068,0.0000,0.0000,0.0000,0.0068,0.0000,200,5.1756
0.0080,0.0000,0.0000,0.0000,0.0079,0.0001,200,5.1755
0.0067,0.0000,0.0000,0.0000,0.0065,0.0001,200,5.1823
0.0066,0.0000,0.0000,0.0000,0.0066,0.0000,200,5.1824
0.0068,0.0000,0.0000,0.0000,0.0067,0.0000,200,5.1824
0.0066,0.0000,0.0000,0.0000,0.0065,0.0000,200,5.1835
0.0065,0.0000,0.0000,0.0000,0.0064,0.0001,200,5.1890
0.0065,0.0000,0.0000,0.0000,0.0065,0.0000,200,5.1892
0.0068,0.0000,0.0000,0.0000,0.0067,0.0000,200,5.1890
0.0068,0.0000,0.0000,0.0000,0.0067,0.0001,200,5.1900
0.0070,0.0000,0.0000,0.0000,0.0069,0.0001,200,5.1958
0.0074,0.0000,0.0000,0.0000,0.0074,0.0000,200,5.1955
0.0073,0.0000,0.0000,0.0000,0.0072,0.0000,200,5.1957
0.0065,0.0000,0.0000,0.0000,0.0064,0.0000,200,5.1969
0.0068,0.0000,0.0000,0.0000,0.0067,0.0001,200,5.2028
0.0068,0.0000,0.0000,0.0000,0.0067,0.0000,200,5.2030
0.0069,0.0000,0.0000,0.0000,0.0068,0.0000,200,5.2029
0.0065,0.0000,0.0000,0.0000,0.0064,0.0000,200,5.2034
0.0072,0.0000,0.0000,0.0000,0.0071,0.0001,200,5.2099
0.0074,0.0000,0.0000,0.0000,0.0072,0.0001,200,5.2097
0.0072,0.0000,0.0000,0.0000,0.0071,0.0001,200,5.2098
0.0072,0.0000,0.0000,0.0000,0.0071,0.0001,200,5.2098
0.0067,0.0000,0.0000,0.0000,0.0067,0.0000,200,5.2171
0.0067,0.0000,0.0000,0.0000,0.0066,0.0001,200,5.2171
0.0067,0.0000,0.0000,0.0000,0.0067,0.0001,200,5.2171
0.0069,0.0000,0.0000,0.0000,0.0068,0.0000,200,5.2171
0.0069,0.0000,0.0000,0.0000,0.0068,0.0001,200,5.2238
0.0072,0.0000,0.0000,0.0000,0.0071,0.0000,200,5.2238
0.0071,0.0000,0.0000,0.0000,0.0070,0.0000,200,5.2239
0.0072,0.0000,0.0000,0.0000,0.0070,0.0002,200,5.2238
0.0068,0.0000,0.0000,0.0000,0.0067,0.0001,200,5.2310
0.0070,0.0000,0.0000,0.0000,0.0069,0.0000,200,5.2310
0.0070,0.0000,0.0000,0.0000,0.0069,0.0000,200,5.2310
0.0073,0.0000,0.0000,0.0000,0.0072,0.0000,200,5.2307
0.0066,0.0000,0.0000,0.0000,0.0065,0.0001,200,5.2379
0.0065,0.0000,0.0000,0.0000,0.0064,0.0000,200,5.2380
0.0066,0.0000,0.0000,0.0000,0.0066,0.0000,200,5.2380
0.0067,0.0000,0.0000,0.0000,0.0066,0.0001,200,5.2380
0.0066,0.0000,0.0000,0.0000,0.0065,0.0001,200,5.2447
0.0068,0.0000,0.0000,0.0000,0.0067,0.0001,200,5.2445
0.0067,0.0000,0.0000,0.0000,0.0066,0.0000,200,5.2446
0.0068,0.0000,0.0000,0.0000,0.0067,0.0001,200,5.2444
0.0065,0.0000,0.0000,0.0000,0.0064,0.0001,200,5.2513
0.0065,0.0000,0.0000,0.0000,0.0065,0.0000,200,5.2513
0.0066,0.0000,0.0000,0.0000,0.0065,0.0000,200,5.2513
0.0066,0.0000,0.0000,0.0000,0.0065,0.0000,200,5.2513
0.0069,0.0000,0.0000,0.0000,0.0068,0.0001,200,5.2578
0.0071,0.0000,0.0000,0.0000,0.0070,0.0000,200,5.2579
0.0073,0.0000,0.0000,0.0000,0.0072,0.0000,200,5.2578
0.0080,0.0000,0.0000,0.0000,0.0078,0.0000,200,5.2578
0.0066,0.0000,0.0000,0.0000,0.0065,0.0000,200,5.2650
0.0070,0.0000,0.0000,0.0000,0.0068,0.0002,200,5.2647
0.0071,0.0000,0.0000,0.0000,0.0070,0.0000,200,5.2657
0.0097,0.0000,0.0000,0.0000,0.0087,0.0001,200,5.2651
0.0067,0.0000,0.0000,0.0000,0.0066,0.0001,200,5.2716
0.0067,0.0000,0.0000,0.0000,0.0066,0.0001,200,5.2717
0.0077,0.0000,0.0000,0.0000,0.0076,0.0001,200,5.2729
0.0079,0.0000,0.0000,0.0001,0.0078,0.0000,200,5.2749
0.0065,0.0000,0.0000,0.0000,0.0064,0.0001,200,5.2784
0.0071,0.0000,0.0000,0.0000,0.0067,0.0003,200,5.2783
0.0086,0.0000,0.0000,0.0000,0.0085,0.0001,200,5.2805
0.0066,0.0000,0.0000,0.0000,0.0066,0.0000,200,5.2828
0.0065,0.0000,0.0000,0.0000,0.0064,0.0000,200,5.2854
0.0071,0.0000,0.0000,0.0000,0.0067,0.0004,200,5.2849
0.0063,0.0000,0.0000,0.0000,0.0062,0.0001,200,5.2894
0.0067,0.0000,0.0000,0.0000,0.0066,0.0000,200,5.2892
0.0065,0.0000,0.0000,0.0000,0.0065,0.0000,200,5.2920
0.0066,0.0000,0.0000,0.0000,0.0065,0.0000,200,5.2919
0.0073,0.0000,0.0000,0.0000,0.0072,0.0001,200,5.2959
0.0086,0.0000,0.0000,0.0000,0.0086,0.0000,200,5.2957
0.0063,0.0000,0.0000,0.0000,0.0062,0.0000,200,5.2985
0.0064,0.0000,0.0000,0.0000,0.0063,0.0000,200,5.2985
0.0066,0.0000,0.0000,0.0000,0.0065,0.0000,200,5.3032
0.0065,0.0000,0.0000,0.0000,0.0065,0.0000,200,5.3044
0.0064,0.0000,0.0000,0.0000,0.0063,0.0001,200,5.3048
0.0065,0.0000,0.0000,0.0000,0.0064,0.0000,200,5.3049
0.0066,0.0000,0.0000,0.0000,0.0064,0.0002,200,5.3098
0.0075,0.0000,0.0000,0.0000,0.0074,0.0001,200,5.3109
0.0074,0.0000,0.0000,0.0000,0.0074,0.0001,200,5.3112
0.0081,0.0000,0.0000,0.0000,0.0080,0.0000,200,5.3114
0.0068,0.0000,0.0000,0.0002,0.0065,0.0001,200,5.3164
0.0075,0.0000,0.0000,0.0000,0.0074,0.0001,200,5.3184
0.0073,0.0000,0.0000,0.0000,0.0072,0.0000,200,5.3186
0.0097,0.0000,0.0000,0.0000,0.0096,0.0001,200,5.3195
0.0066,0.0000,0.0000,0.0000,0.0065,0.0000,200,5.3232
0.0064,0.0000,0.0000,0.0000,0.0063,0.0000,200,5.3259
0.0065,0.0000,0.0000,0.0000,0.0065,0.0000,200,5.3259
0.0076,0.0000,0.0000,0.0000,0.0075,0.0000,200,5.3292
0.0070,0.0000,0.0000,0.0000,0.0069,0.0001,200,5.3298
0.0065,0.0000,0.0000,0.0000,0.0064,0.0001,200,5.3323
0.0063,0.0000,0.0000,0.0000,0.0063,0.0000,200,5.3325
0.0067,0.0000,0.0000,0.0000,0.0066,0.0001,200,5.3368
0.0070,0.0000,0.0000,0.0000,0.0069,0.0000,200,5.3368
0.0066,0.0000,0.0000,0.0000,0.0065,0.0000,200,5.3388
0.0067,0.0000,0.0000,0.0000,0.0066,0.0000,200,5.3388
0.0066,0.0000,0.0000,0.0000,0.0065,0.0001,200,5.3435
0.0064,0.0000,0.0000,0.0000,0.0063,0.0000,200,5.3438
0.0066,0.0000,0.0000,0.0000,0.0065,0.0000,200,5.3455
0.0069,0.0000,0.0000,0.0000,0.0068,0.0000,200,5.3454
0.0080,0.0000,0.0000,0.0000,0.0079,0.0001,200,5.3502
0.0081,0.0000,0.0000,0.0000,0.0080,0.0001,200,5.3501
0.0064,0.0000,0.0000,0.0000,0.0063,0.0000,200,5.3521
0.0065,0.0000,0.0000,0.0000,0.0065,0.0000,200,5.3522
0.0069,0.0000,0.0000,0.0000,0.0068,0.0001,200,5.3582
0.0067,0.0000,0.0000,0.0000,0.0066,0.0000,200,5.3585
0.0070,0.0000,0.0000,0.0000,0.0069,0.0000,200,5.3582
0.0082,0.0000,0.0000,0.0000,0.0081,0.0001,200,5.3588
0.0069,0.0000,0.0000,0.0000,0.0068,0.0001,200,5.3651
0.0068,0.0000,0.0000,0.0000,0.0067,0.0001,200,5.3652
0.0069,0.0000,0.0000,0.0000,0.0069,0.0000,200,5.3652
0.0099,0.0000,0.0000,0.0000,0.0098,0.0001,200,5.3669
0.0069,0.0000,0.0000,0.0000,0.0068,0.0001,200,5.3720
0.0070,0.0000,0.0000,0.0000,0.0069,0.0000,200,5.3721
0.0072,0.0000,0.0000,0.0000,0.0071,0.0000,200,5.3720
0.0069,0.0000,0.0000,0.0000,0.0068,0.0001,200,5.3769
0.0065,0.0000,0.0000,0.0000,0.0064,0.0000,200,5.3789
0.0064,0.0000,0.0000,0.0000,0.0063,0.0000,200,5.3791
0.0065,0.0000,0.0000,0.0000,0.0064,0.0000,200,5.3791
0.0083,0.0000,0.0000,0.0000,0.0081,0.0001,200,5.3856
0.0103,0.0000,0.0000,0.0000,0.0102,0.0000,200,5.3838
0.0088,0.0000,0.0000,0.0000,0.0087,0.0000,200,5.3854
0.0088,0.0000,0.0000,0.0000,0.0087,0.0000,200,5.3855
0.0067,0.0000,0.0000,0.0000,0.0066,0.0001,200,5.3941
0.0070,0.0000,0.0000,0.0000,0.0069,0.0000,200,5.3939
0.0066,0.0000,0.0000,0.0000,0.0065,0.0001,200,5.3943
0.0067,0.0000,0.0000,0.0000,0.0067,0.0000,200,5.3942
0.0067,0.0000,0.0000,0.0000,0.0066,0.0001,200,5.4007
0.0068,0.0000,0.0000,0.0000,0.0066,0.0000,200,5.4008
0.0067,0.0000,0.0000,0.0000,0.0066,0.0001,200,5.4009
0.0080,0.0000,0.0000,0.0000,0.0079,0.0000,200,5.4009
0.0079,0.0000,0.0000,0.0000,0.0078,0.0001,200,5.4075
0.0071,0.0000,0.0000,0.0000,0.0071,0.0000,200,5.4088
0.0084,0.0000,0.0000,0.0000,0.0083,0.0000,200,5.4076
0.0084,0.0000,0.0000,0.0000,0.0084,0.0000,200,5.4076
0.0065,0.0000,0.0000,0.0000,0.0064,0.0001,200,5.4160
0.0065,0.0000,0.0000,0.0000,0.0064,0.0000,200,5.4160
0.0071,0.0000,0.0000,0.0001,0.0070,0.0000,200,5.4154
0.0065,0.0000,0.0000,0.0000,0.0064,0.0000,200,5.4160
0.0067,0.0000,0.0000,0.0000,0.0065,0.0001,200,5.4225
0.0066,0.0000,0.0000,0.0000,0.0066,0.0000,200,5.4225
0.0067,0.0000,0.0000,0.0000,0.0066,0.0000,200,5.4225
0.0067,0.0000,0.0000,0.0000,0.0066,0.0000,200,5.4225
0.0067,0.0000,0.0000,0.0000,0.0066,0.0001,200,5.4291
0.0066,0.0000,0.0000,0.0000,0.0066,0.0000,200,5.4292
0.0066,0.0000,0.0000,0.0000,0.0065,0.0000,200,5.4292
0.0069,0.0000,0.0000,0.0000,0.0068,0.0000,200,5.4291
0.0067,0.0000,0.0000,0.0000,0.0066,0.0000,200,5.4358
0.0067,0.0000,0.0000,0.0000,0.0066,0.0000,200,5.4359
0.0068,0.0000,0.0000,0.0000,0.0066,0.0001,200,5.4358
0.0065,0.0000,0.0000,0.0000,0.0065,0.0000,200,5.4360
0.0068,0.0000,0.0000,0.0000,0.0067,0.0001,200,5.4426
0.0068,0.0000,0.0000,0.0000,0.0067,0.0001,200,5.4425
0.0068,0.0000,0.0000,0.0000,0.0067,0.0000,200,5.4426
0.0070,0.0000,0.0000,0.0000,0.0070,0.0000,200,5.4426
0.0067,0.0000,0.0000,0.0000,0.0066,0.0001,200,5.4493
0.0068,0.0000,0.0000,0.0000,0.0066,0.0001,200,5.4493
0.0067,0.0000,0.0000,0.0000,0.0066,0.0001,200,5.4496
0.0070,0.0000,0.0000,0.0000,0.0069,0.0000,200,5.4493
0.0066,0.0000,0.0000,0.0000,0.0065,0.0001,200,5.4563
0.0068,0.0000,0.0000,0.0000,0.0067,0.0001,200,5.4561
0.0065,0.0000,0.0000,0.0000,0.0065,0.0000,200,5.4563
0.0069,0.0000,0.0000,0.0000,0.0067,0.0001,200,5.4560
0.0065,0.0000,0.0000,0.0000,0.0064,0.0001,200,5.4629
0.0064,0.0000,0.0000,0.0000,0.0064,0.0001,200,5.4630
0.0065,0.0000,0.0000,0.0000,0.0064,0.0001,200,5.4629
0.0066,0.0000,0.0000,0.0000,0.0065,0.0000,200,5.4629
0.0066,0.0000,0.0000,0.0000,0.0065,0.0001,200,5.4694
0.0066,0.0000,0.0000,0.0000,0.0065,0.0000,200,5.4694
0.0065,0.0000,0.0000,0.0000,0.0065,0.0000,200,5.4695
0.0066,0.0000,0.0000,0.0000,0.0065,0.0001,200,5.4694
0.0065,0.0000,0.0000,0.0000,0.0064,0.0001,200,5.4760
0.0065,0.0000,0.0000,0.0000,0.0064,0.0001,200,5.4760
0.0065,0.0000,0.0000,0.0000,0.0064,0.0001,200,5.4760
0.0065,0.0000,0.0000,0.0000,0.0064,0.0001,200,5.4760
0.0065,0.0000,0.0000,0.0000,0.0064,0.0001,200,5.4825
0.0067,0.0000,0.0000,0.0000,0.0066,0.0000,200,5.4825
0.0068,0.0000,0.0000,0.0000,0.0067,0.0000,200,5.4825
0.0072,0.0000,0.0000,0.0000,0.0071,0.0000,200,5.4825
0.0069,0.0000,0.0000,0.0000,0.0068,0.0001,200,5.4890
0.0069,0.0000,0.0000,0.0000,0.0068,0.0000,200,5.4892
0.0065,0.0000,0.0000,0.0000,0.0064,0.0000,200,5.4897
0.0069,0.0000,0.0000,0.0000,0.0069,0.0000,200,5.4892
0.0067,0.0000,0.0000,0.0000,0.0066,0.0001,200,5.4959
0.0068,0.0000,0.0000,0.0000,0.0067,0.0000,200,5.4961
0.0069,0.0000,0.0000,0.0000,0.0068,0.0000,200,5.4962
0.0087,0.0000,0.0000,0.0000,0.0086,0.0000,200,5.4962
0.0065,0.0000,0.0000,0.0000,0.0064,0.0001,200,5.5028
0.0069,0.0000,0.0000,0.0000,0.0068,0.0000,200,5.5026
0.0066,0.0000,0.0000,0.0000,0.0065,0.0000,200,5.5030
0.0080,0.0000,0.0000,0.0000,0.0079,0.0001,200,5.5049
0.0073,0.0000,0.0000,0.0000,0.0072,0.0001,200,5.5095
0.0078,0.0000,0.0000,0.0000,0.0077,0.0001,200,5.5096
0.0098,0.0000,0.0000,0.0000,0.0097,0.0001,200,5.5093
0.0066,0.0000,0.0000,0.0000,0.0065,0.0001,200,5.5129
0.0071,0.0000,0.0000,0.0000,0.0070,0.0001,200,5.5168
0.0065,0.0000,0.0000,0.0000,0.0064,0.0000,200,5.5174
0.0063,0.0000,0.0000,0.0000,0.0062,0.0000,200,5.5191
0.0068,0.0000,0.0000,0.0000,0.0066,0.0001,200,5.5194
0.0066,0.0000,0.0000,0.0000,0.0065,0.0001,200,5.5239
0.0067,0.0000,0.0000,0.0000,0.0067,0.0000,200,5.5239
0.0067,0.0000,0.0000,0.0000,0.0066,0.0001,200,5.5262
0.0096,0.0000,0.0000,0.0000,0.0095,0.0001,200,5.5254
0.0070,0.0000,0.0000,0.0000,0.0069,0.0001,200,5.5305
0.0076,0.0000,0.0000,0.0000,0.0075,0.0000,200,5.5306
0.0073,0.0000,0.0000,0.0000,0.0072,0.0001,200,5.5329
0.0077,0.0000,0.0000,0.0000,0.0076,0.0001,200,5.5351
0.0072,0.0000,0.0000,0.0000,0.0071,0.0001,200,5.5376
0.0067,0.0000,0.0000,0.0000,0.0066,0.0000,200,5.5382
0.0086,0.0000,0.0000,0.0000,0.0085,0.0001,200,5.5402
0.0076,0.0000,0.0000,0.0000,0.0075,0.0001,200,5.5428
0.0064,0.0000,0.0000,0.0000,0.0064,0.0000,200,5.5449
0.0070,0.0000,0.0000,0.0000,0.0069,0.0000,200,5.5448
0.0073,0.0000,0.0000,0.0001,0.0072,0.0001,200,5.5488
0.0067,0.0000,0.0000,0.0000,0.0066,0.0000,200,5.5504
0.0069,0.0000,0.0000,0.0000,0.0068,0.0001,200,5.5513
0.0104,0.0000,0.0000,0.0000,0.0103,0.0001,200,5.5518
0.0079,0.0000,0.0000,0.0000,0.0078,0.0001,200,5.5561
0.0069,0.0000,0.0000,0.0000,0.0069,0.0000,200,5.5571
0.0065,0.0000,0.0000,0.0000,0.0065,0.0000,200,5.5581
0.0080,0.0000,0.0000,0.0000,0.0079,0.0001,200,5.5622
0.0064,0.0000,0.0000,0.0000,0.0063,0.0000,200,5.5640
0.0067,0.0000,0.0000,0.0000,0.0066,0.0000,200,5.5640
0.0064,0.0000,0.0000,0.0000,0.0063,0.0000,200,5.5647
0.0068,0.0000,0.0000,0.0000,0.0066,0.0001,200,5.5702
0.0064,0.0000,0.0000,0.0000,0.0063,0.0000,200,5.5707
0.0067,0.0000,0.0000,0.0000,0.0064,0.0000,200,5.5704
0.0063,0.0000,0.0000,0.0000,0.0062,0.0000,200,5.5711
0.0066,0.0000,0.0000,0.0000,0.0065,0.0001,200,5.5771
0.0068,0.0000,0.0000,0.0000,0.0067,0.0000,200,5.5770
0.0064,0.0000,0.0000,0.0000,0.0063,0.0000,200,5.5774
0.0069,0.0000,0.0000,0.0000,0.0068,0.0000,200,5.5771
0.0066,0.0000,0.0000,0.0000,0.0065,0.0001,200,5.5837
0.0066,0.0000,0.0000,0.0000,0.0065,0.0000,200,5.5838
0.0066,0.0000,0.0000,0.0000,0.0066,0.0000,200,5.5838
0.0065,0.0000,0.0000,0.0000,0.0065,0.0000,200,5.5839
0.0067,0.0000,0.0000,0.0000,0.0066,0.0001,200,5.5905
0.0068,0.0000,0.0000,0.0000,0.0067,0.0000,200,5.5904
0.0068,0.0000,0.0000,0.0000,0.0067,0.0000,200,5.5904
0.0069,0.0000,0.0000,0.0000,0.0068,0.0000,200,5.5904
0.0065,0.0000,0.0000,0.0000,0.0064,0.0001,200,5.5973
0.0068,0.0000,0.0000,0.0000,0.0066,0.0000,200,5.5971
0.0068,0.0000,0.0000,0.0000,0.0068,0.0000,200,5.5972
0.0069,0.0000,0.0000,0.0000,0.0068,0.0000,200,5.5972
0.0065,0.0000,0.0000,0.0000,0.0064,0.0001,200,5.6039
0.0066,0.0000,0.0000,0.0000,0.0065,0.0001,200,5.6038
0.0066,0.0000,0.0000,0.0000,0.0065,0.0000,200,5.6040
0.0066,0.0000,0.0000,0.0000,0.0065,0.0000,200,5.6041
0.0075,0.0000,0.0000,0.0000,0.0074,0.0001,200,5.6104
0.0073,0.0000,0.0000,0.0000,0.0072,0.0001,200,5.6106
0.0072,0.0000,0.0000,0.0000,0.0072,0.0001,200,5.6107
0.0075,0.0000,0.0000,0.0000,0.0074,0.0001,200,5.6104
0.0068,0.0000,0.0000,0.0000,0.0067,0.0001,200,5.6179
0.0068,0.0000,0.0000,0.0000,0.0067,0.0001,200,5.6179
0.0068,0.0000,0.0000,0.0000,0.0067,0.0001,200,5.6179
0.0068,0.0000,0.0000,0.0000,0.0067,0.0000,200,5.6179
0.0070,0.0000,0.0000,0.0000,0.0069,0.0001,200,5.6247
0.0073,0.0000,0.0000,0.0000,0.0072,0.0000,200,5.6247
0.0084,0.0000,0.0000,0.0000,0.0082,0.0001,200,5.6247
0.0087,0.0000,0.0000,0.0000,0.0086,0.0001,200,5.6247
0.0076,0.0000,0.0000,0.0000,0.0075,0.0001,200,5.6321
0.0065,0.0000,0.0000,0.0000,0.0064,0.0000,200,5.6334
0.0070,0.0000,0.0000,0.0000,0.0069,0.0001,200,5.6331
0.0093,0.0000,0.0000,0.0000,0.0092,0.0001,200,5.6318
0.0068,0.0000,0.0000,0.0000,0.0066,0.0001,200,5.6397
0.0065,0.0000,0.0000,0.0000,0.0065,0.0000,200,5.6401
0.0067,0.0000,0.0000,0.0000,0.0066,0.0000,200,5.6400
0.0065,0.0000,0.0000,0.0000,0.0064,0.0000,200,5.6411
0.0072,0.0000,0.0000,0.0000,0.0070,0.0001,200,5.6465
0.0072,0.0000,0.0000,0.0000,0.0070,0.0001,200,5.6466
0.0072,0.0000,0.0000,0.0000,0.0072,0.0000,200,5.6466
0.0083,0.0000,0.0000,0.0000,0.0082,0.0000,200,5.6476
0.0067,0.0000,0.0000,0.0000,0.0066,0.0001,200,5.6536
0.0066,0.0000,0.0000,0.0001,0.0064,0.0001,200,5.6539
0.0068,0.0000,0.0000,0.0000,0.0067,0.0000,200,5.6538
0.0064,0.0000,0.0000,0.0000,0.0063,0.0001,200,5.6560
0.0069,0.0000,0.0000,0.0000,0.0068,0.0001,200,5.6604
0.0070,0.0000,0.0000,0.0000,0.0070,0.0000,200,5.6605
0.0068,0.0000,0.0000,0.0000,0.0068,0.0000,200,5.6607
0.0065,0.0000,0.0000,0.0000,0.0064,0.0000,200,5.6624
0.0065,0.0000,0.0000,0.0000,0.0064,0.0000,200,5.6673
0.0063,0.0000,0.0000,0.0000,0.0063,0.0000,200,5.6675
0.0065,0.0000,0.0000,0.0000,0.0065,0.0000,200,5.6675
0.0070,0.0000,0.0000,0.0000,0.0069,0.0001,200,5.6689
0.0063,0.0000,0.0000,0.0000,0.0062,0.0000,200,5.6740
0.0065,0.0000,0.0000,0.0000,0.0064,0.0001,200,5.6738
0.0067,0.0000,0.0000,0.0000,0.0066,0.0001,200,5.6738
0.0066,0.0000,0.0000,0.0000,0.0065,0.0001,200,5.6758
0.0067,0.0000,0.0000,0.0000,0.0066,0.0001,200,5.6803
0.0067,0.0000,0.0000,0.0000,0.0067,0.0000,200,5.6803
0.0066,0.0000,0.0000,0.0000,0.0065,0.0000,200,5.6805
0.0065,0.0000,0.0000,0.0000,0.0064,0.0000,200,5.6824
0.0064,0.0000,0.0000,0.0000,0.0063,0.0001,200,5.6870
0.0065,0.0000,0.0000,0.0000,0.0064,0.0000,200,5.6871
0.0066,0.0000,0.0000,0.0000,0.0065,0.0000,200,5.6870
0.0064,0.0000,0.0000,0.0000,0.0063,0.0000,200,5.6889
0.0065,0.0000,0.0000,0.0000,0.0064,0.0001,200,5.6935
0.0066,0.0000,0.0000,0.0000,0.0066,0.0000,200,5.6936
0.0071,0.0000,0.0000,0.0000,0.0070,0.0000,200,5.6935
0.0085,0.0000,0.0000,0.0000,0.0084,0.0001,200,5.6953
0.0076,0.0000,0.0000,0.0000,0.0075,0.0000,200,5.7002
0.0073,0.0000,0.0000,0.0000,0.0072,0.0001,200,5.7005
0.0078,0.0000,0.0000,0.0000,0.0077,0.0001,200,5.7000
0.0069,0.0000,0.0000,0.0000,0.0067,0.0000,200,5.7038
0.0067,0.0000,0.0000,0.0000,0.0066,0.0001,200,5.7078
0.0069,0.0000,0.0000,0.0000,0.0068,0.0001,200,5.7078
0.0069,0.0000,0.0000,0.0000,0.0069,0.0000,200,5.7079
0.0065,0.0000,0.0000,0.0000,0.0063,0.0001,200,5.7106
0.0067,0.0000,0.0000,0.0000,0.0066,0.0001,200,5.7148
0.0071,0.0000,0.0000,0.0000,0.0070,0.0000,200,5.7147
0.0073,0.0000,0.0000,0.0000,0.0072,0.0000,200,5.7145
0.0067,0.0000,0.0000,0.0000,0.0066,0.0001,200,5.7171
0.0064,0.0000,0.0000,0.0000,0.0063,0.0001,200,5.7218
0.0064,0.0000,0.0000,0.0000,0.0064,0.0000,200,5.7218
0.0073,0.0000,0.0000,0.0000,0.0072,0.0000,200,5.7215
0.0066,0.0000,0.0000,0.0000,0.0064,0.0002,200,5.7238
0.0066,0.0000,0.0000,0.0000,0.0064,0.0001,200,5.7282
0.0067,0.0000,0.0000,0.0000,0.0066,0.0000,200,5.7282
0.0062,0.0000,0.0000,0.0000,0.0061,0.0000,200,5.7288
0.0073,0.0000,0.0000,0.0000,0.0072,0.0001,200,5.7304
0.0067,0.0000,0.0000,0.0000,0.0066,0.0001,200,5.7348
0.0067,0.0000,0.0000,0.0000,0.0066,0.0000,200,5.7349
0.0066,0.0000,0.0000,0.0000,0.0065,0.0000,200,5.7350
0.0064,0.0000,0.0000,0.0000,0.0063,0.0000,200,5.7377
0.0065,0.0000,0.0000,0.0000,0.0064,0.0001,200,5.7415
0.0066,0.0000,0.0000,0.0000,0.0065,0.0000,200,5.7416
0.0091,0.0000,0.0000,0.0000,0.0090,0.0001,200,5.7441
0.0120,0.0000,0.0000,0.0000,0.0119,0.0000,200,5.7416
0.0069,0.0000,0.0000,0.0000,0.0069,0.0000,200,5.7480
0.0068,0.0000,0.0000,0.0000,0.0067,0.0000,200,5.7481
0.0068,0.0000,0.0000,0.0000,0.0067,0.0001,200,5.7532
0.0068,0.0000,0.0000,0.0000,0.0067,0.0000,200,5.7535
0.0063,0.0000,0.0000,0.0000,0.0062,0.0001,200,5.7549
0.0064,0.0000,0.0000,0.0000,0.0064,0.0000,200,5.7549
0.0066,0.0000,0.0000,0.0000,0.0065,0.0001,200,5.7601
0.0065,0.0000,0.0000,0.0000,0.0065,0.0000,200,5.7603
0.0065,0.0000,0.0000,0.0000,0.0064,0.0000,200,5.7613
0.0064,0.0000,0.0000,0.0000,0.0063,0.0000,200,5.7614
0.0069,0.0000,0.0000,0.0000,0.0067,0.0001,200,5.7667
0.0069,0.0000,0.0000,0.0000,0.0069,0.0000,200,5.7668
0.0079,0.0000,0.0000,0.0000,0.0078,0.0000,200,5.7678
0.0080,0.0000,0.0000,0.0000,0.0079,0.0000,200,5.7678
0.0063,0.0000,0.0000,0.0000,0.0063,0.0000,200,5.7737
0.0067,0.0000,0.0000,0.0000,0.0066,0.0000,200,5.7736
0.0064,0.0000,0.0000,0.0000,0.0064,0.0000,200,5.7758
0.0066,0.0000,0.0000,0.0000,0.0065,0.0000,200,5.7756
0.0064,0.0000,0.0000,0.0000,0.0063,0.0001,200,5.7801
0.0064,0.0000,0.0000,0.0000,0.0063,0.0000,200,5.7803
0.0063,0.0000,0.0000,0.0000,0.0062,0.0001,200,5.7822
0.0066,0.0000,0.0000,0.0000,0.0065,0.0000,200,5.7822
0.0065,0.0000,0.0000,0.0000,0.0064,0.0000,200,5.7865
0.0063,0.0000,0.0000,0.0000,0.0062,0.0000,200,5.7867
0.0065,0.0000,0.0000,0.0000,0.0064,0.0001,200,5.7885
0.0064,0.0000,0.0000,0.0000,0.0063,0.0000,200,5.7888
0.0065,0.0000,0.0000,0.0000,0.0064,0.0001,200,5.7930
0.0065,0.0000,0.0000,0.0000,0.0065,0.0000,200,5.7930
0.0065,0.0000,0.0000,0.0000,0.0064,0.0001,200,5.7950
0.0064,0.0000,0.0000,0.0000,0.0064,0.0000,200,5.7952
0.0073,0.0000,0.0000,0.0000,0.0072,0.0001,200,5.7995
0.0075,0.0000,0.0000,0.0000,0.0075,0.0000,200,5.7995
0.0082,0.0000,0.0000,0.0000,0.0081,0.0001,200,5.8016
0.0082,0.0000,0.0000,0.0000,0.0081,0.0000,200,5.8016
0.0067,0.0000,0.0000,0.0000,0.0066,0.0001,200,5.8069
0.0066,0.0000,0.0000,0.0000,0.0066,0.0000,200,5.8070
0.0069,0.0000,0.0000,0.0000,0.0068,0.0001,200,5.8098
0.0070,0.0000,0.0000,0.0000,0.0069,0.0000,200,5.8099
0.0064,0.0000,0.0000,0.0000,0.0063,0.0001,200,5.8136
0.0064,0.0000,0.0000,0.0000,0.0063,0.0000,200,5.8137
0.0067,0.0000,0.0000,0.0000,0.0066,0.0001,200,5.8168
0.0083,0.0000,0.0000,0.0000,0.0082,0.0001,200,5.8167
0.0064,0.0000,0.0000,0.0000,0.0064,0.0000,200,5.8200
0.0065,0.0000,0.0000,0.0000,0.0064,0.0001,200,5.8199
0.0066,0.0000,0.0000,0.0000,0.0065,0.0001,200,5.8235
0.0063,0.0000,0.0000,0.0000,0.0062,0.0001,200,5.8250
0.0063,0.0000,0.0000,0.0000,0.0062,0.0000,200,5.8265
0.0065,0.0000,0.0000,0.0000,0.0064,0.0000,200,5.8265
0.0064,0.0000,0.0000,0.0000,0.0063,0.0000,200,5.8302
0.0063,0.0000,0.0000,0.0000,0.0062,0.0000,200,5.8313
0.0072,0.0000,0.0000,0.0000,0.0071,0.0001,200,5.8330
0.0076,0.0000,0.0000,0.0000,0.0075,0.0000,200,5.8328
0.0067,0.0000,0.0000,0.0000,0.0066,0.0001,200,5.8376
0.0080,0.0000,0.0000,0.0000,0.0079,0.0000,200,5.8366
0.0068,0.0000,0.0000,0.0000,0.0066,0.0001,200,5.8402
0.0067,0.0000,0.0000,0.0000,0.0066,0.0000,200,5.8403
0.0076,0.0000,0.0000,0.0000,0.0075,0.0001,200,5.8443
0.0083,0.0000,0.0000,0.0000,0.0082,0.0000,200,5.8445
0.0066,0.0000,0.0000,0.0000,0.0065,0.0000,200,5.8470
0.0071,0.0000,0.0000,0.0000,0.0071,0.0000,200,5.8469
0.0070,0.0000,0.0000,0.0000,0.0069,0.0001,200,5.8519
0.0066,0.0000,0.0000,0.0000,0.0065,0.0001,200,5.8536
0.0078,0.0000,0.0000,0.0000,0.0078,0.0000,200,5.8528
0.0066,0.0000,0.0000,0.0000,0.0065,0.0000,200,5.8541
0.0074,0.0000,0.0000,0.0000,0.0073,0.0001,200,5.8589
0.0066,0.0000,0.0000,0.0000,0.0065,0.0000,200,5.8602
0.0065,0.0000,0.0000,0.0000,0.0064,0.0000,200,5.8607
0.0066,0.0000,0.0000,0.0000,0.0066,0.0000,200,5.8607
0.0069,0.0000,0.0000,0.0000,0.0068,0.0001,200,5.8663
0.0064,0.0000,0.0000,0.0000,0.0063,0.0001,200,5.8668
0.0091,0.0000,0.0000,0.0000,0.0091,0.0001,200,5.8673
0.0092,0.0000,0.0000,0.0000,0.0091,0.0001,200,5.8672
0.0081,0.0000,0.0000,0.0000,0.0080,0.0001,200,5.8732
0.0083,0.0000,0.0000,0.0000,0.0081,0.0001,200,5.8732
0.0085,0.0000,0.0000,0.0000,0.0082,0.0001,200,5.8764
0.0086,0.0000,0.0000,0.0000,0.0083,0.0000,200,5.8764
0.0066,0.0000,0.0000,0.0000,0.0065,0.0001,200,5.8815
0.0068,0.0000,0.0000,0.0000,0.0067,0.0001,200,5.8813
0.0065,0.0000,0.0000,0.0000,0.0064,0.0000,200,5.8851
0.0066,0.0000,0.0000,0.0000,0.0066,0.0000,200,5.8849
0.0070,0.0000,0.0000,0.0000,0.0068,0.0001,200,5.8881
0.0069,0.0000,0.0000,0.0000,0.0068,0.0000,200,5.8882
0.0065,0.0000,0.0000,0.0000,0.0065,0.0001,200,5.8916
0.0066,0.0000,0.0000,0.0000,0.0065,0.0000,200,5.8915
0.0070,0.0000,0.0000,0.0000,0.0069,0.0001,200,5.8951
0.0077,0.0000,0.0000,0.0000,0.0076,0.0000,200,5.8951
0.0063,0.0000,0.0000,0.0000,0.0062,0.0000,200,5.8981
0.0090,0.0000,0.0000,0.0000,0.0089,0.0001,200,5.8982
0.0068,0.0000,0.0000,0.0000,0.0067,0.0001,200,5.9021
0.0066,0.0000,0.0000,0.0000,0.0065,0.0001,200,5.9028
0.0076,0.0000,0.0000,0.0000,0.0076,0.0001,200,5.9044
0.0067,0.0000,0.0000,0.0000,0.0065,0.0001,200,5.9071
0.0067,0.0000,0.0000,0.0000,0.0065,0.0001,200,5.9094
0.0072,0.0000,0.0000,0.0000,0.0071,0.0000,200,5.9089
0.0067,0.0000,0.0000,0.0000,0.0066,0.0000,200,5.9121
0.0065,0.0000,0.0000,0.0000,0.0064,0.0000,200,5.9138
0.0063,0.0000,0.0000,0.0000,0.0062,0.0000,200,5.9161
0.0063,0.0000,0.0000,0.0000,0.0062,0.0000,200,5.9161
0.0066,0.0000,0.0000,0.0000,0.0065,0.0001,200,5.9188
0.0063,0.0000,0.0000,0.0000,0.0062,0.0001,200,5.9203
0.0064,0.0000,0.0000,0.0000,0.0063,0.0001,200,5.9224
0.0071,0.0000,0.0000,0.0000,0.0070,0.0000,200,5.9224
0.0064,0.0000,0.0000,0.0000,0.0063,0.0001,200,5.9254
0.0062,0.0000,0.0000,0.0000,0.0061,0.0000,200,5.9266
0.0067,0.0000,0.0000,0.0000,0.0066,0.0000,200,5.9288
0.0063,0.0000,0.0000,0.0000,0.0063,0.0000,200,5.9295
0.0063,0.0000,0.0000,0.0000,0.0062,0.0000,200,5.9318
0.0068,0.0000,0.0000,0.0000,0.0067,0.0000,200,5.9328
0.0065,0.0000,0.0000,0.0000,0.0064,0.0000,200,5.9355
0.0063,0.0000,0.0000,0.0000,0.0063,0.0000,200,5.9358
0.0065,0.0000,0.0000,0.0000,0.0064,0.0000,200,5.9381
0.0077,0.0000,0.0000,0.0000,0.0075,0.0001,200,5.9395
0.0068,0.0000,0.0000,0.0000,0.0065,0.0002,200,5.9420
0.0066,0.0000,0.0000,0.0000,0.0065,0.0000,200,5.9422
0.0063,0.0000,0.0000,0.0000,0.0062,0.0001,200,5.9446
0.0079,0.0000,0.0000,0.0000,0.0077,0.0001,200,5.9472
0.0068,0.0000,0.0000,0.0000,0.0067,0.0000,200,5.9487
0.0070,0.0000,0.0000,0.0000,0.0069,0.0000,200,5.9488
0.0073,0.0000,0.0000,0.0000,0.0072,0.0001,200,5.9509
0.0070,0.0000,0.0000,0.0000,0.0069,0.0001,200,5.9551
0.0066,0.0000,0.0000,0.0000,0.0066,0.0000,200,5.9557
0.0078,0.0000,0.0000,0.0000,0.0077,0.0001,200,5.9581
0.0107,0.0000,0.0000,0.0000,0.0106,0.0000,200,5.9556
0.0068,0.0000,0.0000,0.0000,0.0066,0.0001,200,5.9621
0.0067,0.0000,0.0000,0.0000,0.0066,0.0000,200,5.9624
0.0075,0.0000,0.0000,0.0000,0.0073,0.0001,200,5.9662
0.0081,0.0000,0.0000,0.0000,0.0080,0.0000,200,5.9659
0.0070,0.0000,0.0000,0.0000,0.0069,0.0001,200,5.9688
0.0098,0.0000,0.0000,0.0000,0.0097,0.0001,200,5.9691
0.0066,0.0000,0.0000,0.0000,0.0066,0.0001,200,5.9740
0.0069,0.0000,0.0000,0.0000,0.0068,0.0001,200,5.9737
0.0073,0.0000,0.0000,0.0000,0.0072,0.0001,200,5.9758
0.0070,0.0000,0.0000,0.0000,0.0069,0.0001,200,5.9789
0.0071,0.0000,0.0000,0.0000,0.0070,0.0001,200,5.9807
0.0073,0.0000,0.0000,0.0000,0.0072,0.0000,200,5.9807
0.0069,0.0000,0.0000,0.0000,0.0068,0.0001,200,5.9831
0.0066,0.0000,0.0000,0.0000,0.0065,0.0001,200,5.9859
0.0070,0.0000,0.0000,0.0000,0.0069,0.0001,200,5.9878
0.0070,0.0000,0.0000,0.0000,0.0070,0.0000,200,5.9880
0.0067,0.0000,0.0000,0.0000,0.0066,0.0000,200,5.9901
0.0069,0.0000,0.0000,0.0000,0.0068,0.0001,200,5.9925
0.0067,0.0000,0.0000,0.0000,0.0066,0.0001,200,5.9948
0.0066,0.0000,0.0000,0.0000,0.0065,0.0000,200,5.9950
0.0067,0.0000,0.0000,0.0000,0.0066,0.0001,200,5.9968
0.0083,0.0000,0.0000,0.0000,0.0081,0.0001,200,5.9994
0.0073,0.0000,0.0000,0.0000,0.0071,0.0002,200,6.0016
0.0083,0.0000,0.0000,0.0000,0.0082,0.0000,200,6.0016
0.0106,0.0000,0.0000,0.0000,0.0105,0.0001,200,6.0035
0.0083,0.0000,0.0000,0.0000,0.0082,0.0001,200,6.0077
0.0071,0.0000,0.0000,0.0000,0.0070,0.0001,200,6.0089
0.0098,0.0000,0.0000,0.0000,0.0097,0.0001,200,6.0099
0.0064,0.0000,0.0000,0.0000,0.0063,0.0001,200,6.0141
0.0070,0.0000,0.0000,0.0000,0.0069,0.0001,200,6.0161
0.0071,0.0000,0.0000,0.0000,0.0070,0.0000,200,6.0161
0.0067,0.0000,0.0000,0.0000,0.0066,0.0001,200,6.0197
0.0062,0.0000,0.0000,0.0000,0.0061,0.0001,200,6.0205
0.0067,0.0000,0.0000,0.0000,0.0066,0.0000,200,6.0230
0.0068,0.0000,0.0000,0.0000,0.0067,0.0000,200,6.0231
0.0064,0.0000,0.0000,0.0000,0.0063,0.0000,200,6.0267
0.0077,0.0000,0.0000,0.0000,0.0076,0.0001,200,6.0264
0.0070,0.0000,0.0000,0.0000,0.0069,0.0000,200,6.0298
0.0069,0.0000,0.0000,0.0000,0.0068,0.0000,200,6.0299
0.0066,0.0000,0.0000,0.0000,0.0065,0.0001,200,6.0331
0.0065,0.0000,0.0000,0.0000,0.0064,0.0000,200,6.0340
0.0068,0.0000,0.0000,0.0000,0.0067,0.0000,200,6.0368
0.0068,0.0000,0.0000,0.0000,0.0067,0.0000,200,6.0368
0.0063,0.0000,0.0000,0.0000,0.0062,0.0001,200,6.0397
0.0063,0.0000,0.0000,0.0000,0.0062,0.0000,200,6.0405
0.0064,0.0000,0.0000,0.0000,0.0063,0.0000,200,6.0435
0.0064,0.0000,0.0000,0.0000,0.0063,0.0000,200,6.0435
0.0062,0.0000,0.0000,0.0000,0.0061,0.0000,200,6.0460
0.0086,0.0000,0.0000,0.0000,0.0085,0.0001,200,6.0468
0.0065,0.0000,0.0000,0.0000,0.0064,0.0000,200,6.0499
0.0065,0.0000,0.0000,0.0000,0.0065,0.0000,200,6.0499
0.0065,0.0000,0.0000,0.0000,0.0064,0.0001,200,6.0522
0.0067,0.0000,0.0000,0.0000,0.0066,0.0001,200,6.0554
0.0064,0.0000,0.0000,0.0000,0.0063,0.0000,200,6.0564
0.0065,0.0000,0.0000,0.0000,0.0064,0.0001,200,6.0565
0.0061,0.0000,0.0000,0.0000,0.0061,0.0000,200,6.0587
0.0064,0.0000,0.0000,0.0000,0.0063,0.0001,200,6.0628
0.0077,0.0000,0.0000,0.0000,0.0076,0.0001,200,6.0621
0.0071,0.0000,0.0000,0.0001,0.0069,0.0000,200,6.0629
0.0062,0.0000,0.0000,0.0000,0.0062,0.0000,200,6.0648
0.0075,0.0000,0.0000,0.0000,0.0074,0.0001,200,6.0692
0.0070,0.0000,0.0000,0.0000,0.0069,0.0001,200,6.0698
0.0068,0.0000,0.0000,0.0000,0.0068,0.0000,200,6.0700
0.0064,0.0000,0.0000,0.0000,0.0064,0.0000,200,6.0711
0.0067,0.0000,0.0000,0.0000,0.0066,0.0001,200,6.0767
0.0077,0.0000,0.0000,0.0000,0.0076,0.0000,200,6.0768
0.0070,0.0000,0.0000,0.0000,0.0069,0.0000,200,6.0775
0.0077,0.0000,0.0000,0.0000,0.0076,0.0000,200,6.0768
0.0070,0.0000,0.0000,0.0000,0.0069,0.0001,200,6.0834
0.0067,0.0000,0.0000,0.0000,0.0066,0.0001,200,6.0845
0.0068,0.0000,0.0000,0.0000,0.0067,0.0000,200,6.0845
0.0068,0.0000,0.0000,0.0000,0.0067,0.0000,200,6.0845
0.0067,0.0000,0.0000,0.0000,0.0066,0.0001,200,6.0904
0.0064,0.0000,0.0000,0.0000,0.0063,0.0001,200,6.0911
0.0063,0.0000,0.0000,0.0000,0.0063,0.0000,200,6.0913
0.0064,0.0000,0.0000,0.0000,0.0064,0.0000,200,6.0912
0.0065,0.0000,0.0000,0.0000,0.0064,0.0001,200,6.0976
0.0065,0.0000,0.0000,0.0000,0.0064,0.0001,200,6.0976
0.0072,0.0000,0.0000,0.0000,0.0072,0.0000,200,6.0970
0.0067,0.0000,0.0000,0.0000,0.0067,0.0000,200,6.0976
0.0067,0.0000,0.0000,0.0000,0.0066,0.0001,200,6.1043
0.0069,0.0000,0.0000,0.0000,0.0068,0.0000,200,6.1042
0.0068,0.0000,0.0000,0.0000,0.0067,0.0001,200,6.1043
0.0069,0.0000,0.0000,0.0000,0.0068,0.0000,200,6.1042
0.0068,0.0000,0.0000,0.0000,0.0067,0.0001,200,6.1110
0.0075,0.0000,0.0000,0.0000,0.0074,0.0000,200,6.1110
0.0075,0.0000,0.0000,0.0000,0.0074,0.0000,200,6.1110
0.0076,0.0000,0.0000,0.0000,0.0076,0.0000,200,6.1110
0.0066,0.0000,0.0000,0.0000,0.0065,0.0001,200,6.1187
0.0075,0.0000,0.0000,0.0000,0.0074,0.0000,200,6.1178
0.0067,0.0000,0.0000,0.0000,0.0067,0.0000,200,6.1185
0.0067,0.0000,0.0000,0.0000,0.0067,0.0000,200,6.1185
0.0066,0.0000,0.0000,0.0000,0.0065,0.0001,200,6.1253
0.0066,0.0000,0.0000,0.0000,0.0066,0.0000,200,6.1253
0.0066,0.0000,0.0000,0.0000,0.0066,0.0000,200,6.1253
0.0066,0.0000,0.0000,0.0000,0.0066,0.0000,200,6.1253
0.0080,0.0000,0.0000,0.0000,0.0079,0.0001,200,6.1319
0.0080,0.0000,0.0000,0.0000,0.0079,0.0001,200,6.1319
0.0081,0.0000,0.0000,0.0000,0.0080,0.0000,200,6.1319
0.0082,0.0000,0.0000,0.0000,0.0081,0.0000,200,6.1319
0.0069,0.0000,0.0000,0.0000,0.0068,0.0001,200,6.1401
0.0070,0.0000,0.0000,0.0000,0.0068,0.0001,200,6.1399
0.0072,0.0000,0.0000,0.0000,0.0070,0.0002,200,6.1400
0.0094,0.0000,0.0000,0.0000,0.0093,0.0001,200,6.1400
0.0067,0.0000,0.0000,0.0000,0.0066,0.0001,200,6.1470
0.0065,0.0000,0.0000,0.0000,0.0064,0.0000,200,6.1472
0.0067,0.0000,0.0000,0.0000,0.0066,0.0000,200,6.1470
0.0084,0.0000,0.0000,0.0000,0.0083,0.0001,200,6.1494
0.0066,0.0000,0.0000,0.0000,0.0065,0.0001,200,6.1537
0.0068,0.0000,0.0000,0.0000,0.0067,0.0000,200,6.1536
0.0069,0.0000,0.0000,0.0000,0.0067,0.0001,200,6.1537
0.0070,0.0000,0.0000,0.0000,0.0069,0.0000,200,6.1578
0.0067,0.0000,0.0000,0.0000,0.0066,0.0001,200,6.1605
0.0070,0.0000,0.0000,0.0002,0.0066,0.0000,200,6.1603
0.0069,0.0000,0.0000,0.0000,0.0068,0.0001,200,6.1606
0.0095,0.0000,0.0000,0.0000,0.0094,0.0001,200,6.1648
0.0070,0.0000,0.0000,0.0000,0.0069,0.0000,200,6.1673
0.0068,0.0000,0.0000,0.0000,0.0067,0.0001,200,6.1674
0.0072,0.0000,0.0000,0.0000,0.0070,0.0001,200,6.1671
0.0067,0.0000,0.0000,0.0000,0.0066,0.0001,200,6.1743
0.0068,0.0000,0.0000,0.0000,0.0066,0.0001,200,6.1743
0.0070,0.0000,0.0000,0.0000,0.0069,0.0000,200,6.1743
0.0071,0.0000,0.0000,0.0000,0.0071,0.0000,200,6.1743
0.0069,0.0000,0.0000,0.0000,0.0067,0.0001,200,6.1810
0.0067,0.0000,0.0000,0.0000,0.0066,0.0000,200,6.1812
0.0070,0.0000,0.0000,0.0000,0.0069,0.0000,200,6.1810
0.0066,0.0000,0.0000,0.0000,0.0065,0.0001,200,6.1814
0.0067,0.0000,0.0000,0.0000,0.0066,0.0000,200,6.1879
0.0066,0.0000,0.0000,0.0000,0.0065,0.0001,200,6.1880
0.0067,0.0000,0.0000,0.0000,0.0066,0.0000,200,6.1880
0.0069,0.0000,0.0000,0.0000,0.0068,0.0000,200,6.1880
0.0068,0.0000,0.0000,0.0000,0.0066,0.0001,200,6.1946
0.0066,0.0000,0.0000,0.0000,0.0065,0.0000,200,6.1948
0.0068,0.0000,0.0000,0.0000,0.0067,0.0000,200,6.1946
0.0068,0.0000,0.0000,0.0000,0.0067,0.0000,200,6.1946
0.0065,0.0000,0.0000,0.0000,0.0064,0.0001,200,6.2014
0.0065,0.0000,0.0000,0.0000,0.0064,0.0001,200,6.2014
0.0066,0.0000,0.0000,0.0000,0.0065,0.0000,200,6.2014
0.0066,0.0000,0.0000,0.0000,0.0065,0.0000,200,6.2014
0.0066,0.0000,0.0000,0.0000,0.0065,0.0000,200,6.2080
0.0066,0.0000,0.0000,0.0000,0.0064,0.0001,200,6.2080
0.0066,0.0000,0.0000,0.0000,0.0065,0.0000,200,6.2080
0.0070,0.0000,0.0000,0.0000,0.0068,0.0000,200,6.2079
0.0067,0.0000,0.0000,0.0000,0.0066,0.0001,200,6.2146
0.0068,0.0000,0.0000,0.0000,0.0067,0.0000,200,6.2146
0.0065,0.0000,0.0000,0.0000,0.0064,0.0000,200,6.2149
0.0068,0.0000,0.0000,0.0000,0.0067,0.0000,200,6.2146
0.0066,0.0000,0.0000,0.0000,0.0065,0.0001,200,6.2214
0.0067,0.0000,0.0000,0.0000,0.0067,0.0000,200,6.2213
0.0067,0.0000,0.0000,0.0000,0.0067,0.0000,200,6.2213
0.0068,0.0000,0.0000,0.0000,0.0068,0.0000,200,6.2213
0.0068,0.0000,0.0000,0.0000,0.0066,0.0001,200,6.2280
0.0068,0.0000,0.0000,0.0000,0.0067,0.0000,200,6.2281
0.0069,0.0000,0.0000,0.0000,0.0068,0.0000,200,6.2281
0.0075,0.0000,0.0000,0.0000,0.0074,0.0000,200,6.2282
0.0067,0.0000,0.0000,0.0000,0.0066,0.0001,200,6.2348
0.0069,0.0000,0.0000,0.0000,0.0068,0.0000,200,6.2347
0.0063,0.0000,0.0000,0.0000,0.0063,0.0000,200,6.2356
0.0072,0.0000,0.0000,0.0000,0.0071,0.0000,200,6.2349
0.0070,0.0000,0.0000,0.0000,0.0068,0.0001,200,6.2417
0.0067,0.0000,0.0000,0.0000,0.0066,0.0001,200,6.2419
0.0071,0.0000,0.0000,0.0000,0.0070,0.0000,200,6.2416
0.0078,0.0000,0.0000,0.0000,0.0077,0.0000,200,6.2421
0.0066,0.0000,0.0000,0.0000,0.0064,0.0001,200,6.2487
0.0068,0.0000,0.0000,0.0000,0.0067,0.0000,200,6.2486
0.0068,0.0000,0.0000,0.0000,0.0067,0.0000,200,6.2486
0.0072,0.0000,0.0000,0.0000,0.0071,0.0001,200,6.2499
0.0071,0.0000,0.0000,0.0000,0.0071,0.0001,200,6.2554
0.0073,0.0000,0.0000,0.0000,0.0072,0.0001,200,6.2553
0.0072,0.0000,0.0000,0.0000,0.0072,0.0000,200,6.2554
0.0067,0.0000,0.0000,0.0000,0.0066,0.0001,200,6.2571
0.0089,0.0000,0.0000,0.0000,0.0087,0.0001,200,6.2625
0.0094,0.0000,0.0000,0.0000,0.0092,0.0001,200,6.2625
0.0097,0.0000,0.0000,0.0000,0.0097,0.0000,200,6.2626
0.0093,0.0000,0.0000,0.0000,0.0092,0.0000,200,6.2638
0.0074,0.0000,0.0000,0.0000,0.0073,0.0001,200,6.2714
0.0076,0.0000,0.0000,0.0000,0.0075,0.0000,200,6.2719
0.0073,0.0000,0.0000,0.0000,0.0073,0.0000,200,6.2723
0.0074,0.0000,0.0000,0.0000,0.0072,0.0001,200,6.2731
0.0075,0.0000,0.0000,0.0000,0.0073,0.0001,200,6.2788
0.0067,0.0000,0.0000,0.0000,0.0067,0.0000,200,6.2795
0.0067,0.0000,0.0000,0.0000,0.0066,0.0000,200,6.2796
0.0083,0.0000,0.0000,0.0000,0.0082,0.0001,200,6.2805
0.0066,0.0000,0.0000,0.0000,0.0065,0.0001,200,6.2863
0.0066,0.0000,0.0000,0.0000,0.0065,0.0000,200,6.2863
0.0066,0.0000,0.0000,0.0000,0.0065,0.0000,200,6.2863
0.0068,0.0000,0.0000,0.0000,0.0067,0.0001,200,6.2888
0.0066,0.0000,0.0000,0.0000,0.0065,0.0001,200,6.2929
0.0066,0.0000,0.0000,0.0000,0.0065,0.0000,200,6.2929
0.0068,0.0000,0.0000,0.0000,0.0067,0.0000,200,6.2929
0.0065,0.0000,0.0000,0.0000,0.0064,0.0001,200,6.2956
0.0067,0.0000,0.0000,0.0000,0.0066,0.0001,200,6.2995
0.0065,0.0000,0.0000,0.0000,0.0064,0.0000,200,6.2997
0.0067,0.0000,0.0000,0.0000,0.0067,0.0000,200,6.2995
0.0067,0.0000,0.0000,0.0000,0.0066,0.0001,200,6.3021
0.0065,0.0000,0.0000,0.0000,0.0064,0.0001,200,6.3062
0.0067,0.0000,0.0000,0.0000,0.0067,0.0000,200,6.3062
0.0069,0.0000,0.0000,0.0000,0.0064,0.0005,200,6.3062
0.0065,0.0000,0.0000,0.0000,0.0064,0.0001,200,6.3088
0.0064,0.0000,0.0000,0.0000,0.0063,0.0000,200,6.3131
0.0065,0.0000,0.0000,0.0000,0.0065,0.0000,200,6.3129
0.0068,0.0000,0.0000,0.0000,0.0067,0.0000,200,6.3127
0.0066,0.0000,0.0000,0.0000,0.0065,0.0001,200,6.3153
0.0064,0.0000,0.0000,0.0000,0.0063,0.0000,200,6.3195
0.0065,0.0000,0.0000,0.0000,0.0064,0.0000,200,6.3195
0.0065,0.0000,0.0000,0.0000,0.0065,0.0000,200,6.3194
0.0066,0.0000,0.0000,0.0000,0.0065,0.0001,200,6.3219
0.0068,0.0000,0.0000,0.0000,0.0066,0.0001,200,6.3259
0.0068,0.0000,0.0000,0.0000,0.0068,0.0000,200,6.3260
0.0069,0.0000,0.0000,0.0000,0.0068,0.0000,200,6.3259
0.0066,0.0000,0.0000,0.0000,0.0065,0.0001,200,6.3285
0.0068,0.0000,0.0000,0.0000,0.0067,0.0001,200,6.3328
0.0069,0.0000,0.0000,0.0000,0.0068,0.0000,200,6.3327
0.0069,0.0000,0.0000,0.0000,0.0068,0.0000,200,6.3328
0.0064,0.0000,0.0000,0.0000,0.0063,0.0000,200,6.3351
0.0074,0.0000,0.0000,0.0000,0.0072,0.0001,200,6.3396
0.0077,0.0000,0.0000,0.0000,0.0076,0.0000,200,6.3396
0.0065,0.0000,0.0000,0.0000,0.0064,0.0000,200,6.3415
0.0083,0.0000,0.0000,0.0000,0.0064,0.0000,200,6.3397
0.0070,0.0000,0.0000,0.0000,0.0068,0.0001,200,6.3470
0.0067,0.0000,0.0000,0.0000,0.0066,0.0001,200,6.3473
0.0067,0.0000,0.0000,0.0000,0.0064,0.0002,200,6.3480
0.0067,0.0000,0.0000,0.0000,0.0066,0.0000,200,6.3479
0.0066,0.0000,0.0000,0.0000,0.0065,0.0001,200,6.3539
0.0066,0.0000,0.0000,0.0000,0.0065,0.0000,200,6.3540
0.0063,0.0000,0.0000,0.0000,0.0062,0.0000,200,6.3546
0.0084,0.0000,0.0000,0.0000,0.0083,0.0001,200,6.3547
0.0067,0.0000,0.0000,0.0000,0.0066,0.0001,200,6.3606
0.0064,0.0000,0.0000,0.0000,0.0063,0.0000,200,6.3609
0.0067,0.0000,0.0000,0.0000,0.0067,0.0000,200,6.3605
0.0064,0.0000,0.0000,0.0000,0.0063,0.0001,200,6.3631
0.0064,0.0000,0.0000,0.0000,0.0064,0.0001,200,6.3673
0.0065,0.0000,0.0000,0.0000,0.0064,0.0000,200,6.3673
0.0066,0.0000,0.0000,0.0000,0.0065,0.0000,200,6.3672
0.0063,0.0000,0.0000,0.0000,0.0062,0.0001,200,6.3695
0.0066,0.0000,0.0000,0.0000,0.0065,0.0001,200,6.3737
0.0066,0.0000,0.0000,0.0000,0.0065,0.0001,200,6.3737
0.0065,0.0000,0.0000,0.0000,0.0065,0.0001,200,6.3738
0.0084,0.0000,0.0000,0.0000,0.0083,0.0001,200,6.3758
0.0066,0.0000,0.0000,0.0000,0.0065,0.0001,200,6.3804
0.0066,0.0000,0.0000,0.0000,0.0066,0.0000,200,6.3804
0.0068,0.0000,0.0000,0.0000,0.0067,0.0000,200,6.3803
0.0068,0.0000,0.0000,0.0000,0.0067,0.0000,200,6.3842
0.0065,0.0000,0.0000,0.0000,0.0064,0.0001,200,6.3870
0.0066,0.0000,0.0000,0.0000,0.0065,0.0000,200,6.3870
0.0066,0.0000,0.0000,0.0000,0.0065,0.0000,200,6.3871
0.0063,0.0000,0.0000,0.0000,0.0062,0.0000,200,6.3911
0.0064,0.0000,0.0000,0.0000,0.0063,0.0001,200,6.3935
0.0079,0.0000,0.0000,0.0000,0.0078,0.0001,200,6.3937
0.0084,0.0000,0.0000,0.0000,0.0084,0.0000,200,6.3936
0.0063,0.0000,0.0000,0.0000,0.0062,0.0001,200,6.3973
0.0074,0.0000,0.0000,0.0000,0.0073,0.0000,200,6.3999
0.0069,0.0000,0.0000,0.0000,0.0068,0.0000,200,6.4016
0.0070,0.0000,0.0000,0.0000,0.0069,0.0000,200,6.4020
0.0072,0.0000,0.0000,0.0000,0.0071,0.0000,200,6.4036
0.0064,0.0000,0.0000,0.0000,0.0063,0.0000,200,6.4073
0.0076,0.0000,0.0000,0.0000,0.0075,0.0001,200,6.4085
0.0070,0.0000,0.0000,0.0000,0.0070,0.0000,200,6.4090
0.0063,0.0000,0.0000,0.0000,0.0062,0.0001,200,6.4108
0.0071,0.0000,0.0000,0.0000,0.0070,0.0001,200,6.4137
0.0065,0.0000,0.0000,0.0000,0.0064,0.0001,200,6.4161
0.0067,0.0000,0.0000,0.0000,0.0066,0.0000,200,6.4161
0.0067,0.0000,0.0000,0.0000,0.0065,0.0002,200,6.4171
0.0080,0.0000,0.0000,0.0000,0.0079,0.0001,200,6.4208
0.0072,0.0000,0.0000,0.0000,0.0069,0.0001,200,6.4226
0.0071,0.0000,0.0000,0.0000,0.0070,0.0000,200,6.4228
0.0074,0.0000,0.0000,0.0000,0.0073,0.0000,200,6.4238
0.0064,0.0000,0.0000,0.0000,0.0063,0.0001,200,6.4299
0.0076,0.0000,0.0000,0.0000,0.0075,0.0000,200,6.4288
0.0068,0.0000,0.0000,0.0000,0.0067,0.0000,200,6.4297
0.0066,0.0000,0.0000,0.0000,0.0065,0.0001,200,6.4312
0.0067,0.0000,0.0000,0.0000,0.0065,0.0001,200,6.4365
0.0070,0.0000,0.0000,0.0000,0.0069,0.0000,200,6.4364
0.0073,0.0000,0.0000,0.0000,0.0073,0.0000,200,6.4362
0.0065,0.0000,0.0000,0.0000,0.0064,0.0001,200,6.4379
0.0065,0.0000,0.0000,0.0000,0.0064,0.0001,200,6.4436
0.0067,0.0000,0.0000,0.0000,0.0065,0.0001,200,6.4434
0.0069,0.0000,0.0000,0.0000,0.0069,0.0000,200,6.4432
0.0068,0.0000,0.0000,0.0000,0.0067,0.0000,200,6.4443
0.0069,0.0000,0.0000,0.0000,0.0068,0.0001,200,6.4500
0.0068,0.0000,0.0000,0.0000,0.0067,0.0000,200,6.4501
0.0069,0.0000,0.0000,0.0000,0.0068,0.0001,200,6.4501
0.0079,0.0000,0.0000,0.0000,0.0078,0.0001,200,6.4512
0.0067,0.0000,0.0000,0.0000,0.0066,0.0001,200,6.4569
0.0067,0.0000,0.0000,0.0000,0.0066,0.0001,200,6.4569
0.0068,0.0000,0.0000,0.0000,0.0067,0.0000,200,6.4569
0.0063,0.0000,0.0000,0.0000,0.0063,0.0000,200,6.4591
0.0065,0.0000,0.0000,0.0000,0.0064,0.0001,200,6.4636
0.0088,0.0000,0.0000,0.0000,0.0066,0.0022,200,6.4636
0.0074,0.0000,0.0000,0.0000,0.0073,0.0000,200,6.4654
0.0091,0.0000,0.0000,0.0000,0.0090,0.0000,200,6.4638
0.0070,0.0000,0.0000,0.0000,0.0068,0.0001,200,6.4701
0.0067,0.0000,0.0000,0.0000,0.0066,0.0001,200,6.4725
0.0065,0.0000,0.0000,0.0000,0.0064,0.0000,200,6.4728
0.0067,0.0000,0.0000,0.0000,0.0067,0.0000,200,6.4728
0.0067,0.0000,0.0000,0.0000,0.0066,0.0001,200,6.4771
0.0065,0.0000,0.0000,0.0000,0.0064,0.0000,200,6.4796
0.0069,0.0000,0.0000,0.0000,0.0068,0.0000,200,6.4792
0.0071,0.0000,0.0000,0.0000,0.0069,0.0001,200,6.4793
0.0064,0.0000,0.0000,0.0000,0.0063,0.0001,200,6.4838
0.0065,0.0000,0.0000,0.0000,0.0063,0.0001,200,6.4864
0.0068,0.0000,0.0000,0.0001,0.0064,0.0000,200,6.4860
0.0069,0.0000,0.0000,0.0000,0.0066,0.0000,200,6.4860
0.0064,0.0000,0.0000,0.0000,0.0063,0.0001,200,6.4901
0.0064,0.0000,0.0000,0.0000,0.0064,0.0000,200,6.4930
0.0066,0.0000,0.0000,0.0000,0.0065,0.0000,200,6.4928
0.0066,0.0000,0.0000,0.0000,0.0065,0.0001,200,6.4928
0.0067,0.0000,0.0000,0.0000,0.0066,0.0001,200,6.4965
0.0064,0.0000,0.0000,0.0000,0.0063,0.0001,200,6.4994
0.0065,0.0000,0.0000,0.0000,0.0064,0.0000,200,6.4994
0.0066,0.0000,0.0000,0.0000,0.0066,0.0000,200,6.4994
0.0066,0.0000,0.0000,0.0000,0.0065,0.0001,200,6.5033
0.0072,0.0000,0.0000,0.0000,0.0071,0.0001,200,6.5058
0.0072,0.0000,0.0000,0.0000,0.0071,0.0001,200,6.5059
0.0071,0.0000,0.0000,0.0000,0.0070,0.0001,200,6.5060
0.0066,0.0000,0.0000,0.0000,0.0065,0.0001,200,6.5098
0.0066,0.0000,0.0000,0.0000,0.0065,0.0001,200,6.5131
0.0068,0.0000,0.0000,0.0000,0.0067,0.0000,200,6.5131
0.0068,0.0000,0.0000,0.0000,0.0068,0.0000,200,6.5131
0.0066,0.0000,0.0000,0.0000,0.0064,0.0001,200,6.5164
0.0065,0.0000,0.0000,0.0000,0.0064,0.0000,200,6.5197
0.0064,0.0000,0.0000,0.0000,0.0063,0.0000,200,6.5199
0.0065,0.0000,0.0000,0.0000,0.0065,0.0000,200,6.5199
0.0069,0.0000,0.0000,0.0000,0.0068,0.0001,200,6.5230
0.0074,0.0000,0.0000,0.0000,0.0073,0.0001,200,6.5264
0.0077,0.0000,0.0000,0.0000,0.0076,0.0000,200,6.5262
0.0078,0.0000,0.0000,0.0000,0.0077,0.0000,200,6.5262
0.0070,0.0000,0.0000,0.0000,0.0069,0.0001,200,6.5299
0.0066,0.0000,0.0000,0.0000,0.0066,0.0001,200,6.5340
0.0079,0.0000,0.0000,0.0000,0.0078,0.0001,200,6.5338
0.0078,0.0000,0.0000,0.0000,0.0077,0.0001,200,6.5339
0.0068,0.0000,0.0000,0.0000,0.0067,0.0000,200,6.5369
0.0065,0.0000,0.0000,0.0000,0.0064,0.0001,200,6.5406
0.0062,0.0000,0.0000,0.0000,0.0062,0.0000,200,6.5417
0.0065,0.0000,0.0000,0.0000,0.0065,0.0000,200,6.5417
0.0064,0.0000,0.0000,0.0000,0.0064,0.0000,200,6.5436
0.0065,0.0000,0.0000,0.0000,0.0064,0.0001,200,6.5472
0.0065,0.0000,0.0000,0.0000,0.0064,0.0000,200,6.5479
0.0063,0.0000,0.0000,0.0000,0.0062,0.0000,200,6.5482
0.0064,0.0000,0.0000,0.0000,0.0062,0.0001,200,6.5501
0.0066,0.0000,0.0000,0.0000,0.0065,0.0000,200,6.5536
0.0065,0.0000,0.0000,0.0000,0.0064,0.0001,200,6.5545
0.0066,0.0000,0.0000,0.0000,0.0065,0.0000,200,6.5544
0.0070,0.0000,0.0000,0.0000,0.0069,0.0001,200,6.5564
0.0070,0.0000,0.0000,0.0000,0.0069,0.0001,200,6.5602
0.0069,0.0000,0.0000,0.0000,0.0068,0.0000,200,6.5610
0.0090,0.0000,0.0000,0.0000,0.0089,0.0001,200,6.5610
0.0067,0.0000,0.0000,0.0000,0.0066,0.0000,200,6.5635
0.0070,0.0000,0.0000,0.0000,0.0069,0.0001,200,6.5679
0.0077,0.0000,0.0000,0.0000,0.0076,0.0001,200,6.5672
0.0064,0.0000,0.0000,0.0000,0.0063,0.0001,200,6.5702
0.0066,0.0000,0.0000,0.0000,0.0065,0.0000,200,6.5700
0.0065,0.0000,0.0000,0.0000,0.0064,0.0001,200,6.5749
0.0065,0.0000,0.0000,0.0000,0.0064,0.0000,200,6.5749
0.0063,0.0000,0.0000,0.0000,0.0062,0.0001,200,6.5766
0.0064,0.0000,0.0000,0.0000,0.0063,0.0000,200,6.5766
0.0064,0.0000,0.0000,0.0000,0.0063,0.0001,200,6.5814
0.0067,0.0000,0.0000,0.0000,0.0066,0.0000,200,6.5814
0.0064,0.0000,0.0000,0.0000,0.0063,0.0000,200,6.5829
0.0065,0.0000,0.0000,0.0000,0.0064,0.0000,200,6.5829
0.0069,0.0000,0.0000,0.0000,0.0067,0.0001,200,6.5879
0.0069,0.0000,0.0000,0.0000,0.0068,0.0000,200,6.5881
0.0065,0.0000,0.0000,0.0000,0.0065,0.0000,200,6.5892
0.0064,0.0000,0.0000,0.0000,0.0063,0.0000,200,6.5894
0.0066,0.0000,0.0000,0.0000,0.0064,0.0001,200,6.5947
0.0066,0.0000,0.0000,0.0000,0.0065,0.0000,200,6.5949
0.0062,0.0000,0.0000,0.0000,0.0062,0.0000,200,6.5958
0.0063,0.0000,0.0000,0.0000,0.0062,0.0000,200,6.5958
0.0067,0.0000,0.0000,0.0000,0.0066,0.0001,200,6.6020
0.0072,0.0000,0.0000,0.0000,0.0071,0.0001,200,6.6015
0.0074,0.0000,0.0000,0.0000,0.0073,0.0000,200,6.6013
0.0074,0.0000,0.0000,0.0000,0.0073,0.0000,200,6.6020
0.0072,0.0000,0.0000,0.0000,0.0071,0.0001,200,6.6087
0.0072,0.0000,0.0000,0.0000,0.0071,0.0000,200,6.6087
0.0065,0.0000,0.0000,0.0000,0.0064,0.0000,200,6.6094
0.0072,0.0000,0.0000,0.0000,0.0072,0.0000,200,6.6087
0.0065,0.0000,0.0000,0.0000,0.0064,0.0001,200,6.6159
0.0065,0.0000,0.0000,0.0000,0.0064,0.0001,200,6.6159
0.0065,0.0000,0.0000,0.0000,0.0065,0.0000,200,6.6159
0.0067,0.0000,0.0000,0.0000,0.0065,0.0002,200,6.6158
0.0072,0.0000,0.0000,0.0000,0.0071,0.0001,200,6.6224
0.0074,0.0000,0.0000,0.0000,0.0073,0.0000,200,6.6224
0.0074,0.0000,0.0000,0.0000,0.0073,0.0000,200,6.6225
0.0080,0.0000,0.0000,0.0000,0.0078,0.0001,200,6.6224
0.0068,0.0000,0.0000,0.0000,0.0066,0.0001,200,6.6297
0.0066,0.0000,0.0000,0.0000,0.0065,0.0000,200,6.6299
0.0067,0.0000,0.0000,0.0000,0.0066,0.0000,200,6.6298
0.0064,0.0000,0.0000,0.0000,0.0063,0.0000,200,6.6304
0.0065,0.0000,0.0000,0.0000,0.0064,0.0001,200,6.6368
0.0074,0.0000,0.0000,0.0000,0.0073,0.0000,200,6.6365
0.0076,0.0000,0.0000,0.0000,0.0075,0.0000,200,6.6364
0.0076,0.0000,0.0000,0.0000,0.0075,0.0000,200,6.6365
0.0068,0.0000,0.0000,0.0000,0.0066,0.0001,200,6.6433
0.0063,0.0000,0.0000,0.0000,0.0063,0.0000,200,6.6440
0.0063,0.0000,0.0000,0.0000,0.0062,0.0000,200,6.6441
0.0066,0.0000,0.0000,0.0000,0.0065,0.0000,200,6.6439
0.0064,0.0000,0.0000,0.0000,0.0063,0.0001,200,6.6503
0.0079,0.0000,0.0000,0.0000,0.0078,0.0001,200,6.6505
0.0088,0.0000,0.0000,0.0000,0.0086,0.0002,200,6.6503
0.0092,0.0000,0.0000,0.0000,0.0091,0.0000,200,6.6501
0.0080,0.0000,0.0000,0.0000,0.0079,0.0001,200,6.6568
0.0073,0.0000,0.0000,0.0000,0.0072,0.0001,200,6.6583
0.0071,0.0000,0.0000,0.0000,0.0070,0.0001,200,6.6592
0.0074,0.0000,0.0000,0.0003,0.0070,0.0000,200,6.6591
0.0071,0.0000,0.0000,0.0000,0.0070,0.0001,200,6.6648
0.0067,0.0000,0.0000,0.0000,0.0066,0.0000,200,6.6657
0.0064,0.0000,0.0000,0.0000,0.0063,0.0000,200,6.6663
0.0064,0.0000,0.0000,0.0000,0.0063,0.0000,200,6.6664
0.0075,0.0000,0.0000,0.0000,0.0074,0.0001,200,6.6724
0.0071,0.0000,0.0000,0.0000,0.0070,0.0000,200,6.6728
0.0072,0.0000,0.0000,0.0000,0.0070,0.0001,200,6.6728
0.0081,0.0000,0.0000,0.0000,0.0080,0.0000,200,6.6719
0.0070,0.0000,0.0000,0.0000,0.0069,0.0001,200,6.6799
0.0070,0.0000,0.0000,0.0000,0.0069,0.0000,200,6.6799
0.0070,0.0000,0.0000,0.0000,0.0070,0.0000,200,6.6799
0.0070,0.0000,0.0000,0.0000,0.0069,0.0000,200,6.6800
0.0068,0.0000,0.0000,0.0000,0.0067,0.0001,200,6.6869
0.0070,0.0000,0.0000,0.0000,0.0070,0.0000,200,6.6869
0.0070,0.0000,0.0000,0.0000,0.0070,0.0000,200,6.6870
0.0071,0.0000,0.0000,0.0000,0.0071,0.0000,200,6.6869
0.0066,0.0000,0.0000,0.0000,0.0065,0.0001,200,6.6940
0.0069,0.0000,0.0000,0.0000,0.0069,0.0000,200,6.6940
0.0073,0.0000,0.0000,0.0000,0.0071,0.0002,200,6.6938
0.0073,0.0000,0.0000,0.0000,0.0073,0.0000,200,6.6939
0.0070,0.0000,0.0000,0.0000,0.0068,0.0001,200,6.7009
0.0073,0.0000,0.0000,0.0000,0.0073,0.0000,200,6.7006
0.0069,0.0000,0.0000,0.0000,0.0068,0.0000,200,6.7011
0.0069,0.0000,0.0000,0.0000,0.0068,0.0001,200,6.7079
0.0069,0.0000,0.0000,0.0000,0.0068,0.0000,200,6.7079
0.0069,0.0000,0.0000,0.0000,0.0069,0.0000,200,6.7079
0.0150,0.0000,0.0000,0.0000,0.0149,0.0000,200,6.7012
0.0066,0.0000,0.0000,0.0000,0.0065,0.0001,200,6.7148
0.0066,0.0000,0.0000,0.0000,0.0065,0.0000,200,6.7149
0.0071,0.0000,0.0000,0.0000,0.0070,0.0001,200,6.7148
0.0066,0.0000,0.0000,0.0000,0.0065,0.0000,200,6.7162
0.0067,0.0000,0.0000,0.0000,0.0066,0.0001,200,6.7215
0.0068,0.0000,0.0000,0.0000,0.0067,0.0000,200,6.7215
0.0065,0.0000,0.0000,0.0000,0.0064,0.0000,200,6.7219
0.0070,0.0000,0.0000,0.0000,0.0069,0.0001,200,6.7228
0.0066,0.0000,0.0000,0.0000,0.0066,0.0001,200,6.7282
0.0066,0.0000,0.0000,0.0000,0.0065,0.0001,200,6.7282
0.0065,0.0000,0.0000,0.0000,0.0065,0.0000,200,6.7284
0.0068,0.0000,0.0000,0.0000,0.0067,0.0001,200,6.7298
0.0067,0.0000,0.0000,0.0000,0.0066,0.0001,200,6.7348
0.0068,0.0000,0.0000,0.0000,0.0067,0.0000,200,6.7348
0.0067,0.0000,0.0000,0.0000,0.0067,0.0000,200,6.7349
0.0063,0.0000,0.0000,0.0000,0.0062,0.0000,200,6.7366
0.0067,0.0000,0.0000,0.0000,0.0066,0.0001,200,6.7416
0.0067,0.0000,0.0000,0.0000,0.0066,0.0001,200,6.7415
0.0066,0.0000,0.0000,0.0000,0.0065,0.0000,200,6.7416
0.0064,0.0000,0.0000,0.0000,0.0063,0.0000,200,6.7429
0.0074,0.0000,0.0000,0.0000,0.0073,0.0000,200,6.7482
0.0074,0.0000,0.0000,0.0000,0.0073,0.0000,200,6.7482
0.0074,0.0000,0.0000,0.0000,0.0073,0.0001,200,6.7482
0.0064,0.0000,0.0000,0.0000,0.0063,0.0000,200,6.7493
0.0066,0.0000,0.0000,0.0000,0.0065,0.0001,200,6.7556
0.0068,0.0000,0.0000,0.0000,0.0068,0.0000,200,6.7557
0.0069,0.0000,0.0000,0.0000,0.0069,0.0001,200,6.7556
0.0070,0.0000,0.0000,0.0000,0.0069,0.0000,200,6.7556
0.0072,0.0000,0.0000,0.0000,0.0071,0.0001,200,6.7626
0.0077,0.0000,0.0000,0.0000,0.0076,0.0000,200,6.7622
0.0076,0.0000,0.0000,0.0000,0.0075,0.0001,200,6.7626
0.0078,0.0000,0.0000,0.0000,0.0077,0.0000,200,6.7626
0.0067,0.0000,0.0000,0.0000,0.0066,0.0001,200,6.7698
0.0067,0.0000,0.0000,0.0000,0.0066,0.0000,200,6.7699
0.0066,0.0000,0.0000,0.0000,0.0065,0.0001,200,6.7702
0.0112,0.0000,0.0000,0.0000,0.0111,0.0001,200,6.7704
0.0066,0.0000,0.0000,0.0000,0.0065,0.0000,200,6.7766
0.0068,0.0000,0.0000,0.0000,0.0067,0.0000,200,6.7764
0.0114,0.0000,0.0000,0.0000,0.0112,0.0001,200,6.7768
0.0066,0.0000,0.0000,0.0000,0.0065,0.0000,200,6.7816
0.0079,0.0000,0.0000,0.0000,0.0078,0.0000,200,6.7832
0.0079,0.0000,0.0000,0.0000,0.0078,0.0001,200,6.7833
0.0067,0.0000,0.0000,0.0000,0.0066,0.0000,200,6.7882
0.0067,0.0000,0.0000,0.0000,0.0066,0.0001,200,6.7911
0.0097,0.0000,0.0000,0.0000,0.0095,0.0001,200,6.7882
0.0067,0.0000,0.0000,0.0000,0.0066,0.0001,200,6.7911
0.0067,0.0000,0.0000,0.0000,0.0066,0.0001,200,6.7948
0.0071,0.0000,0.0000,0.0000,0.0069,0.0001,200,6.7978
0.0071,0.0000,0.0000,0.0000,0.0070,0.0000,200,6.7978
0.0072,0.0000,0.0000,0.0000,0.0071,0.0000,200,6.7978
0.0066,0.0000,0.0000,0.0000,0.0065,0.0001,200,6.8015
0.0071,0.0000,0.0000,0.0000,0.0070,0.0001,200,6.8050
0.0073,0.0000,0.0000,0.0000,0.0072,0.0000,200,6.8049
0.0074,0.0000,0.0000,0.0000,0.0073,0.0000,200,6.8049
0.0068,0.0000,0.0000,0.0000,0.0067,0.0001,200,6.8081
0.0075,0.0000,0.0000,0.0000,0.0074,0.0001,200,6.8123
0.0077,0.0000,0.0000,0.0000,0.0076,0.0001,200,6.8121
0.0077,0.0000,0.0000,0.0000,0.0075,0.0001,200,6.8122
0.0068,0.0000,0.0000,0.0001,0.0067,0.0001,200,6.8149
0.0066,0.0000,0.0000,0.0000,0.0065,0.0001,200,6.8198
0.0066,0.0000,0.0000,0.0000,0.0065,0.0000,200,6.8199
0.0067,0.0000,0.0000,0.0000,0.0066,0.0000,200,6.8198
0.0064,0.0000,0.0000,0.0000,0.0063,0.0000,200,6.8218
0.0073,0.0000,0.0000,0.0000,0.0071,0.0001,200,6.8265
0.0073,0.0000,0.0000,0.0000,0.0072,0.0001,200,6.8264
0.0073,0.0000,0.0000,0.0000,0.0073,0.0000,200,6.8265
0.0066,0.0000,0.0000,0.0000,0.0065,0.0001,200,6.8282
0.0067,0.0000,0.0000,0.0000,0.0066,0.0001,200,6.8338
0.0068,0.0000,0.0000,0.0000,0.0066,0.0001,200,6.8338
0.0069,0.0000,0.0000,0.0000,0.0068,0.0001,200,6.8338
0.0062,0.0000,0.0000,0.0000,0.0062,0.0000,200,6.8347
0.0066,0.0000,0.0000,0.0000,0.0065,0.0001,200,6.8407
0.0069,0.0000,0.0000,0.0000,0.0068,0.0000,200,6.8405
0.0064,0.0000,0.0000,0.0000,0.0064,0.0000,200,6.8409
0.0068,0.0000,0.0000,0.0000,0.0067,0.0000,200,6.8406
0.0067,0.0000,0.0000,0.0000,0.0066,0.0001,200,6.8474
0.0067,0.0000,0.0000,0.0000,0.0066,0.0000,200,6.8474
0.0068,0.0000,0.0000,0.0000,0.0067,0.0000,200,6.8473
0.0068,0.0000,0.0000,0.0000,0.0067,0.0000,200,6.8474
0.0067,0.0000,0.0000,0.0000,0.0066,0.0001,200,6.8541
0.0067,0.0000,0.0000,0.0000,0.0066,0.0000,200,6.8541
0.0068,0.0000,0.0000,0.0000,0.0068,0.0000,200,6.8540
0.0069,0.0000,0.0000,0.0000,0.0068,0.0000,200,6.8541
0.0067,0.0000,0.0000,0.0000,0.0066,0.0001,200,6.8608
0.0070,0.0000,0.0000,0.0000,0.0070,0.0000,200,6.8609
0.0071,0.0000,0.0000,0.0000,0.0068,0.0003,200,6.8608
0.0070,0.0000,0.0000,0.0000,0.0069,0.0000,200,6.8611
0.0066,0.0000,0.0000,0.0000,0.0065,0.0001,200,6.8681
0.0071,0.0000,0.0000,0.0000,0.0070,0.0001,200,6.8675
0.0069,0.0000,0.0000,0.0001,0.0067,0.0000,200,6.8679
0.0069,0.0000,0.0000,0.0000,0.0068,0.0000,200,6.8679
0.0068,0.0000,0.0000,0.0000,0.0067,0.0001,200,6.8748
0.0070,0.0000,0.0000,0.0000,0.0069,0.0000,200,6.8746
0.0070,0.0000,0.0000,0.0002,0.0067,0.0000,200,6.8746
0.0092,0.0000,0.0000,0.0000,0.0091,0.0001,200,6.8748
0.0068,0.0000,0.0000,0.0000,0.0067,0.0001,200,6.8816
0.0073,0.0000,0.0000,0.0000,0.0072,0.0000,200,6.8816
0.0081,0.0000,0.0000,0.0000,0.0080,0.0000,200,6.8816
0.0064,0.0000,0.0000,0.0000,0.0063,0.0001,200,6.8840
0.0068,0.0000,0.0000,0.0000,0.0066,0.0001,200,6.8884
0.0064,0.0000,0.0000,0.0000,0.0064,0.0000,200,6.8889
0.0063,0.0000,0.0000,0.0000,0.0063,0.0000,200,6.8897
0.0064,0.0000,0.0000,0.0000,0.0063,0.0000,200,6.8904
0.0066,0.0000,0.0000,0.0000,0.0065,0.0001,200,6.8953
0.0069,0.0000,0.0000,0.0000,0.0068,0.0001,200,6.8952
0.0064,0.0000,0.0000,0.0000,0.0064,0.0000,200,6.8960
0.0063,0.0000,0.0000,0.0000,0.0062,0.0000,200,6.8967
0.0067,0.0000,0.0000,0.0000,0.0065,0.0001,200,6.9020
0.0064,0.0000,0.0000,0.0000,0.0063,0.0000,200,6.9025
0.0070,0.0000,0.0000,0.0000,0.0069,0.0000,200,6.9021
0.0063,0.0000,0.0000,0.0000,0.0063,0.0000,200,6.9030
0.0067,0.0000,0.0000,0.0000,0.0065,0.0001,200,6.9086
0.0063,0.0000,0.0000,0.0000,0.0062,0.0000,200,6.9091
0.0065,0.0000,0.0000,0.0000,0.0064,0.0000,200,6.9088
0.0061,0.0000,0.0000,0.0000,0.0061,0.0000,200,6.9093
0.0076,0.0000,0.0000,0.0000,0.0075,0.0001,200,6.9154
0.0076,0.0000,0.0000,0.0000,0.0075,0.0000,200,6.9153
0.0076,0.0000,0.0000,0.0000,0.0075,0.0001,200,6.9154
0.0091,0.0000,0.0000,0.0000,0.0090,0.0000,200,6.9155
0.0065,0.0000,0.0000,0.0000,0.0064,0.0001,200,6.9245
0.0081,0.0000,0.0000,0.0000,0.0080,0.0001,200,6.9229
0.0083,0.0000,0.0000,0.0000,0.0082,0.0001,200,6.9229
0.0083,0.0000,0.0000,0.0000,0.0082,0.0000,200,6.9229
0.0067,0.0000,0.0000,0.0000,0.0065,0.0001,200,6.9311
0.0067,0.0000,0.0000,0.0000,0.0066,0.0001,200,6.9311
0.0066,0.0000,0.0000,0.0000,0.0065,0.0000,200,6.9312
0.0083,0.0000,0.0000,0.0000,0.0082,0.0000,200,6.9312
0.0066,0.0000,0.0000,0.0000,0.0065,0.0001,200,6.9377
0.0068,0.0000,0.0000,0.0000,0.0067,0.0000,200,6.9377
0.0068,0.0000,0.0000,0.0000,0.0067,0.0001,200,6.9378
0.0064,0.0000,0.0000,0.0000,0.0063,0.0000,200,6.9395
0.0064,0.0000,0.0000,0.0000,0.0063,0.0001,200,6.9443
0.0064,0.0000,0.0000,0.0001,0.0062,0.0000,200,6.9446
0.0068,0.0000,0.0000,0.0000,0.0067,0.0000,200,6.9445
0.0068,0.0000,0.0000,0.0000,0.0067,0.0000,200,6.9459
0.0064,0.0000,0.0000,0.0000,0.0063,0.0001,200,6.9510
0.0067,0.0000,0.0000,0.0000,0.0066,0.0000,200,6.9508
0.0062,0.0000,0.0000,0.0000,0.0062,0.0000,200,6.9513
0.0064,0.0000,0.0000,0.0000,0.0063,0.0000,200,6.9527
0.0064,0.0000,0.0000,0.0000,0.0063,0.0001,200,6.9574
0.0063,0.0000,0.0000,0.0000,0.0063,0.0000,200,6.9575
0.0064,0.0000,0.0000,0.0000,0.0064,0.0000,200,6.9574
0.0071,0.0000,0.0000,0.0000,0.0070,0.0001,200,6.9591
0.0068,0.0000,0.0000,0.0000,0.0067,0.0001,200,6.9639
0.0070,0.0000,0.0000,0.0000,0.0069,0.0000,200,6.9638
0.0077,0.0000,0.0000,0.0000,0.0076,0.0000,200,6.9639
0.0065,0.0000,0.0000,0.0000,0.0064,0.0000,200,6.9661
0.0068,0.0000,0.0000,0.0000,0.0066,0.0002,200,6.9706
0.0071,0.0000,0.0000,0.0000,0.0070,0.0000,200,6.9708
0.0066,0.0000,0.0000,0.0000,0.0065,0.0001,200,6.9716
0.0063,0.0000,0.0000,0.0000,0.0062,0.0000,200,6.9726
0.0066,0.0000,0.0000,0.0000,0.0065,0.0001,200,6.9779
0.0064,0.0000,0.0000,0.0000,0.0064,0.0000,200,6.9782
0.0072,0.0000,0.0000,0.0000,0.0071,0.0000,200,6.9774
0.0064,0.0000,0.0000,0.0000,0.0063,0.0000,200,6.9789
0.0064,0.0000,0.0000,0.0000,0.0063,0.0001,200,6.9846
0.0065,0.0000,0.0000,0.0000,0.0064,0.0000,200,6.9846
0.0066,0.0000,0.0000,0.0000,0.0065,0.0000,200,6.9845
0.0064,0.0000,0.0000,0.0000,0.0063,0.0000,200,6.9853
0.0070,0.0000,0.0000,0.0000,0.0068,0.0001,200,6.9911
0.0069,0.0000,0.0000,0.0000,0.0069,0.0001,200,6.9911
0.0067,0.0000,0.0000,0.0000,0.0066,0.0000,200,6.9916
0.0074,0.0000,0.0000,0.0000,0.0069,0.0005,200,6.9911
0.0070,0.0000,0.0000,0.0000,0.0068,0.0001,200,6.9981
0.0072,0.0000,0.0000,0.0000,0.0071,0.0000,200,6.9981
0.0072,0.0000,0.0000,0.0000,0.0071,0.0000,200,6.9983
0.0074,0.0000,0.0000,0.0000,0.0073,0.0000,200,6.9985
0.0068,0.0000,0.0000,0.0000,0.0066,0.0001,200,7.0050
0.0065,0.0000,0.0000,0.0000,0.0064,0.0001,200,7.0055
0.0069,0.0000,0.0000,0.0000,0.0069,0.0000,200,7.0053
0.0079,0.0000,0.0000,0.0000,0.0079,0.0000,200,7.0058
0.0073,0.0000,0.0000,0.0000,0.0072,0.0000,200,7.0118
0.0071,0.0000,0.0000,0.0000,0.0069,0.0002,200,7.0120
0.0071,0.0000,0.0000,0.0000,0.0071,0.0000,200,7.0122
0.0064,0.0000,0.0000,0.0000,0.0063,0.0000,200,7.0138
0.0066,0.0000,0.0000,0.0000,0.0065,0.0001,200,7.0193
0.0068,0.0000,0.0000,0.0000,0.0067,0.0001,200,7.0190
0.0068,0.0000,0.0000,0.0000,0.0066,0.0001,200,7.0192
0.0064,0.0000,0.0000,0.0000,0.0063,0.0000,200,7.0201
0.0072,0.0000,0.0000,0.0000,0.0070,0.0001,200,7.0259
0.0072,0.0000,0.0000,0.0000,0.0072,0.0000,200,7.0259
0.0072,0.0000,0.0000,0.0000,0.0072,0.0000,200,7.0259
0.0067,0.0000,0.0000,0.0000,0.0064,0.0002,200,7.0265
0.0068,0.0000,0.0000,0.0000,0.0067,0.0001,200,7.0332
0.0069,0.0000,0.0000,0.0000,0.0068,0.0001,200,7.0330
0.0068,0.0000,0.0000,0.0000,0.0068,0.0000,200,7.0332
0.0069,0.0000,0.0000,0.0000,0.0068,0.0000,200,7.0331
0.0070,0.0000,0.0000,0.0000,0.0069,0.0001,200,7.0400
0.0074,0.0000,0.0000,0.0000,0.0073,0.0000,200,7.0400
0.0075,0.0000,0.0000,0.0000,0.0074,0.0001,200,7.0400
0.0079,0.0000,0.0000,0.0000,0.0078,0.0000,200,7.0400
0.0070,0.0000,0.0000,0.0000,0.0069,0.0001,200,7.0473
0.0068,0.0000,0.0000,0.0000,0.0068,0.0000,200,7.0478
0.0072,0.0000,0.0000,0.0000,0.0071,0.0001,200,7.0475
0.0088,0.0000,0.0000,0.0000,0.0087,0.0001,200,7.0470
0.0065,0.0000,0.0000,0.0000,0.0064,0.0001,200,7.0544
0.0063,0.0000,0.0000,0.0000,0.0063,0.0000,200,7.0547
0.0063,0.0000,0.0000,0.0000,0.0063,0.0000,200,7.0547
0.0063,0.0000,0.0000,0.0000,0.0062,0.0000,200,7.0558
0.0063,0.0000,0.0000,0.0000,0.0062,0.0001,200,7.0610
0.0065,0.0000,0.0000,0.0000,0.0064,0.0000,200,7.0608
0.0064,0.0000,0.0000,0.0000,0.0064,0.0000,200,7.0610
0.0063,0.0000,0.0000,0.0000,0.0062,0.0001,200,7.0621
0.0067,0.0000,0.0000,0.0000,0.0065,0.0002,200,7.0674
0.0067,0.0000,0.0000,0.0000,0.0067,0.0000,200,7.0675
0.0073,0.0000,0.0000,0.0000,0.0072,0.0000,200,7.0673
0.0065,0.0000,0.0000,0.0000,0.0065,0.0000,200,7.0684
0.0065,0.0000,0.0000,0.0000,0.0064,0.0000,200,7.0741
0.0064,0.0000,0.0000,0.0000,0.0063,0.0000,200,7.0746
0.0067,0.0000,0.0000,0.0000,0.0067,0.0000,200,7.0742
0.0061,0.0000,0.0000,0.0000,0.0061,0.0000,200,7.0749
0.0066,0.0000,0.0000,0.0000,0.0065,0.0001,200,7.0805
0.0062,0.0000,0.0000,0.0000,0.0061,0.0000,200,7.0810
0.0063,0.0000,0.0000,0.0000,0.0063,0.0000,200,7.0809
0.0086,0.0000,0.0000,0.0000,0.0085,0.0000,200,7.0810
0.0068,0.0000,0.0000,0.0000,0.0064,0.0003,200,7.0872
0.0069,0.0000,0.0000,0.0000,0.0068,0.0001,200,7.0871
0.0069,0.0000,0.0000,0.0000,0.0068,0.0001,200,7.0873
0.0068,0.0000,0.0000,0.0000,0.0067,0.0001,200,7.0896
0.0068,0.0000,0.0000,0.0000,0.0067,0.0001,200,7.0940
0.0068,0.0000,0.0000,0.0000,0.0067,0.0000,200,7.0941
0.0069,0.0000,0.0000,0.0000,0.0068,0.0000,200,7.0941
0.0085,0.0000,0.0000,0.0000,0.0084,0.0001,200,7.0964
0.0065,0.0000,0.0000,0.0000,0.0064,0.0001,200,7.1008
0.0069,0.0000,0.0000,0.0000,0.0069,0.0000,200,7.1010
0.0071,0.0000,0.0000,0.0000,0.0070,0.0000,200,7.1009
0.0069,0.0000,0.0000,0.0000,0.0068,0.0001,200,7.1049
0.0068,0.0000,0.0000,0.0000,0.0067,0.0001,200,7.1073
0.0062,0.0000,0.0000,0.0000,0.0062,0.0000,200,7.1080
0.0064,0.0000,0.0000,0.0000,0.0064,0.0000,200,7.1079
0.0074,0.0000,0.0000,0.0000,0.0072,0.0001,200,7.1118
0.0068,0.0000,0.0000,0.0000,0.0067,0.0001,200,7.1140
0.0066,0.0000,0.0000,0.0000,0.0066,0.0000,200,7.1142
0.0071,0.0000,0.0000,0.0000,0.0070,0.0001,200,7.1191
0.0120,0.0000,0.0000,0.0000,0.0069,0.0000,200,7.1143
0.0064,0.0000,0.0000,0.0000,0.0063,0.0000,200,7.1209
0.0065,0.0000,0.0000,0.0000,0.0064,0.0000,200,7.1208
0.0067,0.0000,0.0000,0.0000,0.0066,0.0001,200,7.1262
0.0068,0.0000,0.0000,0.0000,0.0068,0.0000,200,7.1263
0.0066,0.0000,0.0000,0.0000,0.0065,0.0001,200,7.1273
0.0067,0.0000,0.0000,0.0000,0.0067,0.0000,200,7.1273
0.0065,0.0000,0.0000,0.0000,0.0065,0.0001,200,7.1331
0.0062,0.0000,0.0000,0.0000,0.0062,0.0000,200,7.1340
0.0064,0.0000,0.0000,0.0000,0.0063,0.0000,200,7.1339
0.0077,0.0000,0.0000,0.0000,0.0076,0.0000,200,7.1330
0.0066,0.0000,0.0000,0.0000,0.0065,0.0000,200,7.1403
0.0062,0.0000,0.0000,0.0000,0.0061,0.0000,200,7.1407
0.0067,0.0000,0.0000,0.0000,0.0066,0.0000,200,7.1403
0.0073,0.0000,0.0000,0.0000,0.0072,0.0000,200,7.1396
0.0066,0.0000,0.0000,0.0000,0.0066,0.0001,200,7.1469
0.0069,0.0000,0.0000,0.0000,0.0069,0.0000,200,7.1469
0.0069,0.0000,0.0000,0.0000,0.0068,0.0000,200,7.1470
0.0070,0.0000,0.0000,0.0000,0.0069,0.0000,200,7.1469
0.0066,0.0000,0.0000,0.0000,0.0065,0.0001,200,7.1538
0.0068,0.0000,0.0000,0.0000,0.0067,0.0000,200,7.1536
0.0066,0.0000,0.0000,0.0000,0.0066,0.0000,200,7.1539
0.0067,0.0000,0.0000,0.0000,0.0066,0.0000,200,7.1538
0.0072,0.0000,0.0000,0.0000,0.0071,0.0001,200,7.1604
0.0072,0.0000,0.0000,0.0000,0.0071,0.0000,200,7.1605
0.0081,0.0000,0.0000,0.0000,0.0080,0.0000,200,7.1605
0.0082,0.0000,0.0000,0.0000,0.0081,0.0001,200,7.1604
0.0068,0.0000,0.0000,0.0000,0.0067,0.0000,200,7.1676
0.0068,0.0000,0.0000,0.0000,0.0067,0.0001,200,7.1676
0.0065,0.0000,0.0000,0.0000,0.0064,0.0000,200,7.1686
0.0065,0.0000,0.0000,0.0000,0.0064,0.0000,200,7.1686
0.0065,0.0000,0.0000,0.0000,0.0064,0.0000,200,7.1750
0.0072,0.0000,0.0000,0.0000,0.0070,0.0002,200,7.1744
0.0074,0.0000,0.0000,0.0000,0.0073,0.0000,200,7.1744
0.0079,0.0000,0.0000,0.0000,0.0078,0.0001,200,7.1750
0.0066,0.0000,0.0000,0.0000,0.0065,0.0001,200,7.1815
0.0066,0.0000,0.0000,0.0000,0.0065,0.0000,200,7.1816
0.0069,0.0000,0.0000,0.0000,0.0068,0.0000,200,7.1818
0.0065,0.0000,0.0000,0.0000,0.0064,0.0000,200,7.1829
0.0068,0.0000,0.0000,0.0000,0.0067,0.0001,200,7.1882
0.0063,0.0000,0.0000,0.0000,0.0062,0.0000,200,7.1887
0.0069,0.0000,0.0000,0.0000,0.0068,0.0000,200,7.1881
0.0064,0.0000,0.0000,0.0000,0.0064,0.0000,200,7.1894
0.0067,0.0000,0.0000,0.0000,0.0066,0.0001,200,7.1950
0.0071,0.0000,0.0000,0.0000,0.0070,0.0000,200,7.1950
0.0072,0.0000,0.0000,0.0000,0.0071,0.0000,200,7.1950
0.0067,0.0000,0.0000,0.0000,0.0066,0.0000,200,7.1959
0.0070,0.0000,0.0000,0.0000,0.0069,0.0000,200,7.2017
0.0067,0.0000,0.0000,0.0000,0.0066,0.0001,200,7.2021
0.0066,0.0000,0.0000,0.0000,0.0065,0.0001,200,7.2022
0.0063,0.0000,0.0000,0.0000,0.0062,0.0000,200,7.2026
0.0067,0.0000,0.0000,0.0000,0.0066,0.0001,200,7.2088
0.0067,0.0000,0.0000,0.0000,0.0066,0.0001,200,7.2088
0.0067,0.0000,0.0000,0.0000,0.0066,0.0000,200,7.2089
0.0069,0.0000,0.0000,0.0000,0.0068,0.0000,200,7.2088
0.0067,0.0000,0.0000,0.0000,0.0066,0.0001,200,7.2156
0.0069,0.0000,0.0000,0.0000,0.0068,0.0000,200,7.2154
0.0079,0.0000,0.0000,0.0000,0.0079,0.0000,200,7.2154
0.0078,0.0000,0.0000,0.0000,0.0076,0.0002,200,7.2156
0.0074,0.0000,0.0000,0.0000,0.0073,0.0001,200,7.2223
0.0075,0.0000,0.0000,0.0000,0.0074,0.0000,200,7.2223
0.0073,0.0000,0.0000,0.0000,0.0073,0.0000,200,7.2235
0.0074,0.0000,0.0000,0.0000,0.0073,0.0000,200,7.2234
0.0069,0.0000,0.0000,0.0000,0.0068,0.0001,200,7.2297
0.0070,0.0000,0.0000,0.0000,0.0069,0.0000,200,7.2298
0.0064,0.0000,0.0000,0.0000,0.0063,0.0000,200,7.2308
0.0066,0.0000,0.0000,0.0000,0.0065,0.0000,200,7.2308
0.0066,0.0000,0.0000,0.0000,0.0065,0.0001,200,7.2367
0.0066,0.0000,0.0000,0.0000,0.0065,0.0000,200,7.2367
0.0062,0.0000,0.0000,0.0000,0.0061,0.0000,200,7.2372
0.0069,0.0000,0.0000,0.0000,0.0068,0.0001,200,7.2433
0.0068,0.0000,0.0000,0.0000,0.0067,0.0001,200,7.2434
0.0128,0.0000,0.0000,0.0000,0.0128,0.0000,200,7.2374
0.0069,0.0000,0.0000,0.0000,0.0068,0.0001,200,7.2433
0.0068,0.0000,0.0000,0.0000,0.0067,0.0001,200,7.2502
0.0068,0.0000,0.0000,0.0000,0.0067,0.0001,200,7.2502
0.0068,0.0000,0.0000,0.0000,0.0067,0.0001,200,7.2503
0.0069,0.0000,0.0000,0.0000,0.0068,0.0000,200,7.2502
0.0067,0.0000,0.0000,0.0000,0.0066,0.0001,200,7.2570
0.0068,0.0000,0.0000,0.0000,0.0067,0.0000,200,7.2570
0.0068,0.0000,0.0000,0.0000,0.0068,0.0000,200,7.2571
0.0073,0.0000,0.0000,0.0000,0.0072,0.0001,200,7.2571
0.0072,0.0000,0.0000,0.0000,0.0071,0.0001,200,7.2637
0.0072,0.0000,0.0000,0.0000,0.0072,0.0000,200,7.2638
0.0073,0.0000,0.0000,0.0000,0.0072,0.0000,200,7.2639
0.0071,0.0000,0.0000,0.0000,0.0070,0.0000,200,7.2643
0.0065,0.0000,0.0000,0.0000,0.0064,0.0001,200,7.2711
0.0064,0.0000,0.0000,0.0000,0.0063,0.0001,200,7.2712
0.0066,0.0000,0.0000,0.0000,0.0065,0.0001,200,7.2709
0.0065,0.0000,0.0000,0.0000,0.0064,0.0000,200,7.2714
0.0066,0.0000,0.0000,0.0000,0.0065,0.0001,200,7.2776
0.0066,0.0000,0.0000,0.0000,0.0065,0.0001,200,7.2776
0.0066,0.0000,0.0000,0.0000,0.0065,0.0000,200,7.2776
0.0065,0.0000,0.0000,0.0000,0.0064,0.0000,200,7.2779
0.0064,0.0000,0.0000,0.0000,0.0063,0.0001,200,7.2842
0.0069,0.0000,0.0000,0.0000,0.0069,0.0000,200,7.2842
0.0070,0.0000,0.0000,0.0000,0.0069,0.0000,200,7.2842
0.0082,0.0000,0.0000,0.0000,0.0081,0.0001,200,7.2843
0.0070,0.0000,0.0000,0.0000,0.0069,0.0001,200,7.2906
0.0065,0.0000,0.0000,0.0000,0.0065,0.0000,200,7.2911
0.0071,0.0000,0.0000,0.0000,0.0070,0.0000,200,7.2911
0.0083,0.0000,0.0000,0.0000,0.0081,0.0001,200,7.2925
0.0069,0.0000,0.0000,0.0000,0.0068,0.0001,200,7.2976
0.0066,0.0000,0.0000,0.0000,0.0065,0.0000,200,7.2982
0.0088,0.0000,0.0000,0.0000,0.0087,0.0001,200,7.2976
0.0088,0.0000,0.0000,0.0000,0.0087,0.0001,200,7.3008
0.0074,0.0000,0.0000,0.0000,0.0073,0.0000,200,7.3048
0.0077,0.0000,0.0000,0.0000,0.0076,0.0000,200,7.3045
0.0094,0.0000,0.0000,0.0000,0.0093,0.0001,200,7.3065
0.0070,0.0000,0.0000,0.0000,0.0069,0.0000,200,7.3096
0.0065,0.0000,0.0000,0.0000,0.0062,0.0003,200,7.3122
0.0066,0.0000,0.0000,0.0000,0.0064,0.0001,200,7.3122
0.0067,0.0000,0.0000,0.0000,0.0065,0.0001,200,7.3159
0.0093,0.0000,0.0000,0.0000,0.0092,0.0001,200,7.3166
0.0071,0.0000,0.0000,0.0000,0.0069,0.0001,200,7.3187
0.0075,0.0000,0.0000,0.0000,0.0074,0.0000,200,7.3188
0.0089,0.0000,0.0000,0.0000,0.0088,0.0001,200,7.3225
0.0065,0.0000,0.0000,0.0000,0.0064,0.0001,200,7.3258
0.0063,0.0000,0.0000,0.0000,0.0062,0.0000,200,7.3263
0.0069,0.0000,0.0000,0.0000,0.0068,0.0001,200,7.3258
0.0064,0.0000,0.0000,0.0000,0.0063,0.0000,200,7.3326
0.0066,0.0000,0.0000,0.0000,0.0065,0.0001,200,7.3323
0.0076,0.0000,0.0000,0.0000,0.0075,0.0000,200,7.3314
0.0063,0.0000,0.0000,0.0000,0.0062,0.0000,200,7.3327
0.0070,0.0000,0.0000,0.0000,0.0070,0.0000,200,7.3389
0.0071,0.0000,0.0000,0.0000,0.0069,0.0002,200,7.3390
0.0072,0.0000,0.0000,0.0000,0.0072,0.0000,200,7.3390
0.0079,0.0000,0.0000,0.0000,0.0078,0.0000,200,7.3389
0.0066,0.0000,0.0000,0.0000,0.0065,0.0001,200,7.3460
0.0064,0.0000,0.0000,0.0000,0.0063,0.0001,200,7.3463
0.0064,0.0000,0.0000,0.0000,0.0064,0.0000,200,7.3468
0.0071,0.0000,0.0000,0.0000,0.0071,0.0000,200,7.3461
0.0068,0.0000,0.0000,0.0000,0.0067,0.0001,200,7.3527
0.0064,0.0000,0.0000,0.0000,0.0063,0.0000,200,7.3532
0.0070,0.0000,0.0000,0.0000,0.0069,0.0000,200,7.3526
0.0064,0.0000,0.0000,0.0000,0.0063,0.0000,200,7.3532
0.0066,0.0000,0.0000,0.0000,0.0065,0.0000,200,7.3596
0.0067,0.0000,0.0000,0.0000,0.0065,0.0001,200,7.3595
0.0067,0.0000,0.0000,0.0000,0.0067,0.0000,200,7.3596
0.0070,0.0000,0.0000,0.0000,0.0070,0.0000,200,7.3596
0.0066,0.0000,0.0000,0.0000,0.0065,0.0001,200,7.3666
0.0070,0.0000,0.0000,0.0000,0.0069,0.0001,200,7.3662
0.0071,0.0000,0.0000,0.0000,0.0071,0.0000,200,7.3662
0.0106,0.0000,0.0000,0.0000,0.0105,0.0001,200,7.3663
0.0079,0.0000,0.0000,0.0000,0.0078,0.0001,200,7.3732
0.0086,0.0000,0.0000,0.0000,0.0085,0.0000,200,7.3732
0.0085,0.0000,0.0000,0.0000,0.0085,0.0000,200,7.3733
0.0104,0.0000,0.0000,0.0000,0.0102,0.0002,200,7.3770
0.0068,0.0000,0.0000,0.0000,0.0067,0.0000,200,7.3811
0.0063,0.0000,0.0000,0.0000,0.0062,0.0000,200,7.3818
0.0064,0.0000,0.0000,0.0000,0.0063,0.0000,200,7.3819
0.0070,0.0000,0.0000,0.0000,0.0067,0.0001,200,7.3874
0.0066,0.0000,0.0000,0.0000,0.0065,0.0000,200,7.3881
0.0069,0.0000,0.0000,0.0000,0.0068,0.0000,200,7.3879
0.0072,0.0000,0.0000,0.0000,0.0071,0.0001,200,7.3883
0.0065,0.0000,0.0000,0.0000,0.0064,0.0001,200,7.3948
0.0070,0.0000,0.0000,0.0000,0.0067,0.0002,200,7.3944
0.0068,0.0000,0.0000,0.0000,0.0066,0.0001,200,7.3947
0.0074,0.0000,0.0000,0.0000,0.0073,0.0000,200,7.3955
0.0084,0.0000,0.0000,0.0000,0.0083,0.0001,200,7.4014
0.0070,0.0000,0.0000,0.0000,0.0069,0.0001,200,7.4028
0.0083,0.0000,0.0000,0.0000,0.0083,0.0000,200,7.4016
0.0086,0.0000,0.0000,0.0000,0.0085,0.0000,200,7.4014
0.0067,0.0000,0.0000,0.0000,0.0067,0.0001,200,7.4099
0.0069,0.0000,0.0000,0.0000,0.0068,0.0000,200,7.4098
0.0070,0.0000,0.0000,0.0000,0.0069,0.0000,200,7.4098
0.0070,0.0000,0.0000,0.0000,0.0069,0.0000,200,7.4099
0.0068,0.0000,0.0000,0.0000,0.0067,0.0001,200,7.4167
0.0067,0.0000,0.0000,0.0000,0.0066,0.0000,200,7.4168
0.0069,0.0000,0.0000,0.0000,0.0068,0.0000,200,7.4166
0.0067,0.0000,0.0000,0.0000,0.0067,0.0000,200,7.4169
0.0066,0.0000,0.0000,0.0000,0.0065,0.0001,200,7.4236
0.0067,0.0000,0.0000,0.0000,0.0066,0.0000,200,7.4235
0.0068,0.0000,0.0000,0.0000,0.0067,0.0000,200,7.4234
0.0067,0.0000,0.0000,0.0000,0.0066,0.0000,200,7.4235
0.0068,0.0000,0.0000,0.0000,0.0067,0.0001,200,7.4302
0.0069,0.0000,0.0000,0.0000,0.0068,0.0000,200,7.4302
0.0069,0.0000,0.0000,0.0000,0.0068,0.0000,200,7.4302
0.0071,0.0000,0.0000,0.0000,0.0070,0.0000,200,7.4302
0.0082,0.0000,0.0000,0.0000,0.0081,0.0001,200,7.4371
0.0085,0.0000,0.0000,0.0000,0.0084,0.0001,200,7.4371
0.0087,0.0000,0.0000,0.0000,0.0086,0.0000,200,7.4371
0.0104,0.0000,0.0000,0.0000,0.0103,0.0000,200,7.4372
0.0064,0.0000,0.0000,0.0000,0.0063,0.0001,200,7.4457
0.0066,0.0000,0.0000,0.0000,0.0065,0.0000,200,7.4456
0.0070,0.0000,0.0000,0.0000,0.0069,0.0000,200,7.4453
0.0086,0.0000,0.0000,0.0000,0.0085,0.0001,200,7.4477
0.0065,0.0000,0.0000,0.0000,0.0064,0.0001,200,7.4521
0.0066,0.0000,0.0000,0.0000,0.0066,0.0000,200,7.4523
0.0075,0.0000,0.0000,0.0000,0.0075,0.0000,200,7.4522
0.0065,0.0000,0.0000,0.0000,0.0064,0.0001,200,7.4563
0.0064,0.0000,0.0000,0.0000,0.0063,0.0000,200,7.4586
0.0064,0.0000,0.0000,0.0000,0.0063,0.0000,200,7.4589
0.0064,0.0000,0.0000,0.0000,0.0064,0.0000,200,7.4598
0.0065,0.0000,0.0000,0.0000,0.0064,0.0000,200,7.4628
0.0065,0.0000,0.0000,0.0000,0.0064,0.0000,200,7.4650
0.0063,0.0000,0.0000,0.0000,0.0062,0.0000,200,7.4653
0.0071,0.0000,0.0000,0.0000,0.0070,0.0001,200,7.4662
0.0071,0.0000,0.0000,0.0000,0.0070,0.0001,200,7.4693
0.0065,0.0000,0.0000,0.0000,0.0064,0.0001,200,7.4715
0.0065,0.0000,0.0000,0.0000,0.0064,0.0001,200,7.4716
0.0065,0.0000,0.0000,0.0000,0.0064,0.0001,200,7.4733
0.0068,0.0000,0.0000,0.0000,0.0067,0.0001,200,7.4763
0.0066,0.0000,0.0000,0.0000,0.0065,0.0001,200,7.4780
0.0065,0.0000,0.0000,0.0000,0.0064,0.0000,200,7.4781
0.0067,0.0000,0.0000,0.0000,0.0066,0.0001,200,7.4798
0.0071,0.0000,0.0000,0.0000,0.0071,0.0000,200,7.4846
0.0086,0.0000,0.0000,0.0000,0.0085,0.0001,200,7.4832
0.0072,0.0000,0.0000,0.0000,0.0071,0.0001,200,7.4846
0.0064,0.0000,0.0000,0.0000,0.0063,0.0001,200,7.4865
0.0070,0.0000,0.0000,0.0000,0.0069,0.0001,200,7.4918
0.0070,0.0000,0.0000,0.0000,0.0069,0.0001,200,7.4918
0.0071,0.0000,0.0000,0.0000,0.0070,0.0000,200,7.4918
0.0065,0.0000,0.0000,0.0000,0.0064,0.0000,200,7.4929
0.0072,0.0000,0.0000,0.0000,0.0070,0.0001,200,7.4988
0.0073,0.0000,0.0000,0.0000,0.0073,0.0001,200,7.4989
0.0076,0.0000,0.0000,0.0000,0.0075,0.0000,200,7.4988
0.0082,0.0000,0.0000,0.0000,0.0082,0.0001,200,7.4994
0.0073,0.0000,0.0000,0.0000,0.0072,0.0001,200,7.5064
0.0079,0.0000,0.0000,0.0000,0.0078,0.0001,200,7.5060
0.0079,0.0000,0.0000,0.0000,0.0078,0.0001,200,7.5062
0.0066,0.0000,0.0000,0.0000,0.0065,0.0000,200,7.5076
0.0069,0.0000,0.0000,0.0000,0.0068,0.0001,200,7.5137
0.0066,0.0000,0.0000,0.0000,0.0065,0.0001,200,7.5142
0.0070,0.0000,0.0000,0.0000,0.0069,0.0000,200,7.5140
0.0069,0.0000,0.0000,0.0000,0.0069,0.0000,200,7.5142
0.0066,0.0000,0.0000,0.0000,0.0064,0.0002,200,7.5208
0.0068,0.0000,0.0000,0.0000,0.0067,0.0000,200,7.5206
0.0101,0.0000,0.0000,0.0000,0.0100,0.0001,200,7.5210
0.0103,0.0000,0.0000,0.0000,0.0103,0.0000,200,7.5211
0.0067,0.0000,0.0000,0.0000,0.0066,0.0000,200,7.5274
0.0067,0.0000,0.0000,0.0000,0.0067,0.0000,200,7.5274
0.0064,0.0000,0.0000,0.0000,0.0063,0.0000,200,7.5311
0.0065,0.0000,0.0000,0.0000,0.0064,0.0000,200,7.5315
0.0077,0.0000,0.0000,0.0000,0.0076,0.0000,200,7.5341
0.0078,0.0000,0.0000,0.0000,0.0076,0.0002,200,7.5341
0.0066,0.0000,0.0000,0.0000,0.0065,0.0001,200,7.5375
0.0064,0.0000,0.0000,0.0000,0.0063,0.0000,200,7.5380
0.0071,0.0000,0.0000,0.0000,0.0070,0.0001,200,7.5419
0.0074,0.0000,0.0000,0.0000,0.0067,0.0000,200,7.5418
0.0066,0.0000,0.0000,0.0000,0.0064,0.0001,200,7.5441
0.0064,0.0000,0.0000,0.0000,0.0063,0.0001,200,7.5444
0.0067,0.0000,0.0000,0.0000,0.0066,0.0001,200,7.5490
0.0069,0.0000,0.0000,0.0000,0.0067,0.0001,200,7.5492
0.0065,0.0000,0.0000,0.0000,0.0064,0.0001,200,7.5508
0.0068,0.0000,0.0000,0.0000,0.0067,0.0000,200,7.5507
0.0066,0.0000,0.0000,0.0001,0.0065,0.0001,200,7.5561
0.0075,0.0000,0.0000,0.0000,0.0074,0.0000,200,7.5558
0.0064,0.0000,0.0000,0.0000,0.0063,0.0000,200,7.5573
0.0065,0.0000,0.0000,0.0000,0.0064,0.0000,200,7.5575
0.0066,0.0000,0.0000,0.0000,0.0065,0.0001,200,7.5633
0.0074,0.0000,0.0000,0.0000,0.0073,0.0000,200,7.5627
0.0082,0.0000,0.0000,0.0000,0.0081,0.0001,200,7.5637
0.0081,0.0000,0.0000,0.0000,0.0081,0.0000,200,7.5640
0.0093,0.0000,0.0000,0.0000,0.0091,0.0001,200,7.5698
0.0073,0.0000,0.0000,0.0000,0.0072,0.0000,200,7.5719
0.0093,0.0000,0.0000,0.0000,0.0093,0.0000,200,7.5700
0.0074,0.0000,0.0000,0.0000,0.0073,0.0000,200,7.5721
0.0069,0.0000,0.0000,0.0000,0.0069,0.0000,200,7.5793
0.0072,0.0000,0.0000,0.0000,0.0071,0.0000,200,7.5791
0.0068,0.0000,0.0000,0.0000,0.0067,0.0000,200,7.5795
0.0072,0.0000,0.0000,0.0000,0.0070,0.0002,200,7.5792
0.0070,0.0000,0.0000,0.0000,0.0067,0.0003,200,7.5863
0.0070,0.0000,0.0000,0.0000,0.0069,0.0001,200,7.5863
0.0071,0.0000,0.0000,0.0000,0.0070,0.0000,200,7.5863
0.0070,0.0000,0.0000,0.0000,0.0069,0.0001,200,7.5864
0.0072,0.0000,0.0000,0.0000,0.0071,0.0001,200,7.5933
0.0074,0.0000,0.0000,0.0000,0.0074,0.0000,200,7.5934
0.0075,0.0000,0.0000,0.0000,0.0075,0.0000,200,7.5934
0.0095,0.0000,0.0000,0.0000,0.0094,0.0001,200,7.5933
0.0063,0.0000,0.0000,0.0000,0.0062,0.0001,200,7.6009
0.0067,0.0000,0.0000,0.0000,0.0066,0.0000,200,7.6006
0.0065,0.0000,0.0000,0.0000,0.0064,0.0000,200,7.6008
0.0065,0.0000,0.0000,0.0000,0.0064,0.0001,200,7.6028
0.0066,0.0000,0.0000,0.0000,0.0065,0.0001,200,7.6073
0.0066,0.0000,0.0000,0.0000,0.0065,0.0001,200,7.6073
0.0067,0.0000,0.0000,0.0000,0.0066,0.0001,200,7.6072
0.0065,0.0000,0.0000,0.0000,0.0064,0.0000,200,7.6093
0.0066,0.0000,0.0000,0.0000,0.0065,0.0001,200,7.6139
0.0066,0.0000,0.0000,0.0000,0.0065,0.0001,200,7.6139
0.0066,0.0000,0.0000,0.0000,0.0065,0.0000,200,7.6139
0.0065,0.0000,0.0000,0.0000,0.0064,0.0000,200,7.6158
0.0074,0.0000,0.0000,0.0000,0.0073,0.0000,200,7.6205
0.0074,0.0000,0.0000,0.0000,0.0073,0.0000,200,7.6205
0.0074,0.0000,0.0000,0.0000,0.0073,0.0000,200,7.6205
0.0063,0.0000,0.0000,0.0000,0.0063,0.0000,200,7.6223
0.0069,0.0000,0.0000,0.0000,0.0068,0.0001,200,7.6279
0.0070,0.0000,0.0000,0.0000,0.0070,0.0000,200,7.6279
0.0071,0.0000,0.0000,0.0000,0.0070,0.0000,200,7.6279
0.0068,0.0000,0.0000,0.0000,0.0066,0.0001,200,7.6286
0.0070,0.0000,0.0000,0.0000,0.0069,0.0001,200,7.6348
0.0070,0.0000,0.0000,0.0000,0.0069,0.0001,200,7.6349
0.0071,0.0000,0.0000,0.0000,0.0070,0.0000,200,7.6350
0.0083,0.0000,0.0000,0.0007,0.0075,0.0001,200,7.6354
0.0065,0.0000,0.0000,0.0000,0.0064,0.0001,200,7.6421
0.0068,0.0000,0.0000,0.0000,0.0068,0.0000,200,7.6419
0.0069,0.0000,0.0000,0.0000,0.0068,0.0000,200,7.6419
0.0066,0.0000,0.0000,0.0000,0.0065,0.0001,200,7.6437
0.0068,0.0000,0.0000,0.0000,0.0067,0.0001,200,7.6486
0.0068,0.0000,0.0000,0.0000,0.0068,0.0000,200,7.6488
0.0069,0.0000,0.0000,0.0000,0.0069,0.0000,200,7.6488
0.0066,0.0000,0.0000,0.0000,0.0065,0.0001,200,7.6503
0.0068,0.0000,0.0000,0.0000,0.0067,0.0001,200,7.6554
0.0066,0.0000,0.0000,0.0000,0.0065,0.0001,200,7.6556
0.0070,0.0000,0.0000,0.0000,0.0070,0.0000,200,7.6557
0.0066,0.0000,0.0000,0.0000,0.0065,0.0000,200,7.6569
0.0072,0.0000,0.0000,0.0000,0.0071,0.0001,200,7.6623
0.0066,0.0000,0.0000,0.0000,0.0065,0.0000,200,7.6634
0.0080,0.0000,0.0000,0.0000,0.0079,0.0000,200,7.6622
0.0075,0.0000,0.0000,0.0000,0.0075,0.0000,200,7.6627
0.0067,0.0000,0.0000,0.0000,0.0066,0.0001,200,7.6695
0.0065,0.0000,0.0000,0.0000,0.0064,0.0000,200,7.6702
0.0067,0.0000,0.0000,0.0000,0.0066,0.0001,200,7.6700
0.0065,0.0000,0.0000,0.0000,0.0064,0.0001,200,7.6702
0.0067,0.0000,0.0000,0.0000,0.0066,0.0001,200,7.6762
0.0076,0.0000,0.0000,0.0000,0.0076,0.0000,200,7.6767
0.0077,0.0000,0.0000,0.0000,0.0077,0.0000,200,7.6767
0.0078,0.0000,0.0000,0.0000,0.0073,0.0004,200,7.6767
0.0081,0.0000,0.0000,0.0000,0.0079,0.0001,200,7.6829
0.0068,0.0000,0.0000,0.0000,0.0067,0.0000,200,7.6844
0.0067,0.0000,0.0000,0.0000,0.0067,0.0001,200,7.6845
0.0070,0.0000,0.0000,0.0000,0.0070,0.0000,200,7.6845
0.0068,0.0000,0.0000,0.0000,0.0066,0.0001,200,7.6910
0.0070,0.0000,0.0000,0.0000,0.0069,0.0000,200,7.6913
0.0072,0.0000,0.0000,0.0000,0.0071,0.0000,200,7.6911
0.0073,0.0000,0.0000,0.0000,0.0072,0.0001,200,7.6915
0.0075,0.0000,0.0000,0.0000,0.0074,0.0001,200,7.6978
0.0069,0.0000,0.0000,0.0000,0.0068,0.0000,200,7.6983
0.0080,0.0000,0.0000,0.0000,0.0079,0.0001,200,7.6988
0.0116,0.0000,0.0000,0.0000,0.0115,0.0001,200,7.6983
0.0065,0.0000,0.0000,0.0000,0.0065,0.0000,200,7.7052
0.0067,0.0000,0.0000,0.0000,0.0065,0.0001,200,7.7052
0.0065,0.0000,0.0000,0.0000,0.0064,0.0000,200,7.7068
0.0064,0.0000,0.0000,0.0000,0.0063,0.0001,200,7.7098
0.0063,0.0000,0.0000,0.0000,0.0062,0.0000,200,7.7119
0.0065,0.0000,0.0000,0.0000,0.0064,0.0000,200,7.7118
0.0064,0.0000,0.0000,0.0000,0.0063,0.0001,200,7.7134
0.0066,0.0000,0.0000,0.0000,0.0065,0.0001,200,7.7163
0.0064,0.0000,0.0000,0.0000,0.0063,0.0001,200,7.7182
0.0066,0.0000,0.0000,0.0000,0.0065,0.0000,200,7.7182
0.0064,0.0000,0.0000,0.0000,0.0063,0.0001,200,7.7198
0.0064,0.0000,0.0000,0.0000,0.0063,0.0000,200,7.7228
0.0084,0.0000,0.0000,0.0000,0.0079,0.0004,200,7.7248
0.0072,0.0000,0.0000,0.0000,0.0066,0.0006,200,7.7262
0.0090,0.0000,0.0000,0.0000,0.0082,0.0007,200,7.7246
0.0065,0.0000,0.0000,0.0000,0.0064,0.0001,200,7.7292
0.0070,0.0000,0.0000,0.0000,0.0068,0.0001,200,7.7332
0.0070,0.0000,0.0000,0.0003,0.0067,0.0000,200,7.7335
0.0072,0.0000,0.0000,0.0003,0.0067,0.0000,200,7.7334
0.0067,0.0000,0.0000,0.0000,0.0066,0.0001,200,7.7358
0.0068,0.0000,0.0000,0.0000,0.0067,0.0001,200,7.7402
0.0067,0.0000,0.0000,0.0000,0.0067,0.0000,200,7.7406
0.0068,0.0000,0.0000,0.0000,0.0067,0.0001,200,7.7406
0.0067,0.0000,0.0000,0.0000,0.0066,0.0001,200,7.7424
0.0067,0.0000,0.0000,0.0000,0.0066,0.0001,200,7.7473
0.0072,0.0000,0.0000,0.0000,0.0071,0.0000,200,7.7471
0.0070,0.0000,0.0000,0.0000,0.0069,0.0000,200,7.7474
0.0066,0.0000,0.0000,0.0000,0.0064,0.0001,200,7.7491
0.0067,0.0000,0.0000,0.0000,0.0066,0.0000,200,7.7543
0.0066,0.0000,0.0000,0.0000,0.0066,0.0000,200,7.7544
0.0071,0.0000,0.0000,0.0000,0.0068,0.0002,200,7.7540
0.0063,0.0000,0.0000,0.0000,0.0062,0.0000,200,7.7557
0.0069,0.0000,0.0000,0.0000,0.0067,0.0001,200,7.7610
0.0070,0.0000,0.0000,0.0000,0.0069,0.0000,200,7.7610
0.0064,0.0000,0.0000,0.0000,0.0063,0.0000,200,7.7620
0.0076,0.0000,0.0000,0.0000,0.0071,0.0005,200,7.7611
0.0067,0.0000,0.0000,0.0000,0.0066,0.0001,200,7.7679
0.0066,0.0000,0.0000,0.0000,0.0065,0.0001,200,7.7680
0.0063,0.0000,0.0000,0.0000,0.0062,0.0000,200,7.7683
0.0066,0.0000,0.0000,0.0000,0.0065,0.0000,200,7.7687
0.0065,0.0000,0.0000,0.0000,0.0064,0.0001,200,7.7746
0.0066,0.0000,0.0000,0.0000,0.0065,0.0000,200,7.7745
0.0066,0.0000,0.0000,0.0000,0.0066,0.0000,200,7.7745
0.0063,0.0000,0.0000,0.0000,0.0062,0.0000,200,7.7753
0.0067,0.0000,0.0000,0.0000,0.0066,0.0001,200,7.7812
0.0067,0.0000,0.0000,0.0000,0.0066,0.0000,200,7.7812
0.0068,0.0000,0.0000,0.0000,0.0066,0.0000,200,7.7811
0.0078,0.0000,0.0000,0.0000,0.0077,0.0001,200,7.7816
0.0065,0.0000,0.0000,0.0000,0.0064,0.0001,200,7.7879
0.0065,0.0000,0.0000,0.0000,0.0065,0.0000,200,7.7879
0.0066,0.0000,0.0000,0.0000,0.0065,0.0000,200,7.7879
0.0062,0.0000,0.0000,0.0000,0.0062,0.0000,200,7.7894
0.0065,0.0000,0.0000,0.0000,0.0064,0.0001,200,7.7944
0.0067,0.0000,0.0000,0.0000,0.0066,0.0000,200,7.7944
0.0066,0.0000,0.0000,0.0000,0.0065,0.0000,200,7.7945
0.0080,0.0000,0.0000,0.0000,0.0079,0.0001,200,7.7956
0.0069,0.0000,0.0000,0.0000,0.0068,0.0001,200,7.8009
0.0068,0.0000,0.0000,0.0000,0.0067,0.0000,200,7.8011
0.0070,0.0000,0.0000,0.0000,0.0069,0.0000,200,7.8011
0.0071,0.0000,0.0000,0.0000,0.0070,0.0001,200,7.8036
0.0067,0.0000,0.0000,0.0000,0.0066,0.0001,200,7.8078
0.0066,0.0000,0.0000,0.0000,0.0065,0.0000,200,7.8079
0.0065,0.0000,0.0000,0.0000,0.0065,0.0000,200,7.8080
0.0066,0.0000,0.0000,0.0000,0.0065,0.0000,200,7.8108
0.0066,0.0000,0.0000,0.0000,0.0066,0.0001,200,7.8145
0.0067,0.0000,0.0000,0.0000,0.0067,0.0000,200,7.8144
0.0066,0.0000,0.0000,0.0000,0.0065,0.0000,200,7.8146
0.0067,0.0000,0.0000,0.0000,0.0066,0.0001,200,7.8174
0.0065,0.0000,0.0000,0.0000,0.0064,0.0000,200,7.8211
0.0065,0.0000,0.0000,0.0000,0.0064,0.0001,200,7.8212
0.0065,0.0000,0.0000,0.0000,0.0064,0.0001,200,7.8211
0.0064,0.0000,0.0000,0.0000,0.0063,0.0001,200,7.8241
0.0067,0.0000,0.0000,0.0000,0.0066,0.0001,200,7.8276
0.0094,0.0000,0.0000,0.0000,0.0093,0.0001,200,7.8276
0.0095,0.0000,0.0000,0.0000,0.0095,0.0000,200,7.8276
0.0067,0.0000,0.0000,0.0000,0.0066,0.0000,200,7.8305
0.0079,0.0000,0.0000,0.0000,0.0078,0.0001,200,7.8343
0.0066,0.0000,0.0000,0.0000,0.0065,0.0001,200,7.8370
0.0076,0.0000,0.0000,0.0000,0.0074,0.0002,200,7.8372
0.0077,0.0000,0.0000,0.0000,0.0076,0.0000,200,7.8371
0.0074,0.0000,0.0000,0.0000,0.0073,0.0001,200,7.8422
0.0068,0.0000,0.0000,0.0000,0.0067,0.0000,200,7.8436
0.0063,0.0000,0.0000,0.0000,0.0062,0.0000,200,7.8448
0.0064,0.0000,0.0000,0.0000,0.0063,0.0000,200,7.8448
0.0063,0.0000,0.0000,0.0000,0.0063,0.0001,200,7.8496
0.0063,0.0000,0.0000,0.0000,0.0062,0.0000,200,7.8504
0.0067,0.0000,0.0000,0.0000,0.0066,0.0000,200,7.8511
0.0066,0.0000,0.0000,0.0000,0.0065,0.0000,200,7.8512
0.0065,0.0000,0.0000,0.0000,0.0064,0.0001,200,7.8560
0.0068,0.0000,0.0000,0.0000,0.0067,0.0000,200,7.8568
0.0062,0.0000,0.0000,0.0000,0.0061,0.0001,200,7.8578
0.0064,0.0000,0.0000,0.0000,0.0064,0.0000,200,7.8578
0.0063,0.0000,0.0000,0.0000,0.0062,0.0001,200,7.8625
0.0067,0.0000,0.0000,0.0000,0.0066,0.0001,200,7.8636
0.0063,0.0000,0.0000,0.0000,0.0062,0.0000,200,7.8642
0.0065,0.0000,0.0000,0.0000,0.0064,0.0000,200,7.8640
0.0063,0.0000,0.0000,0.0000,0.0062,0.0001,200,7.8688
0.0064,0.0000,0.0000,0.0000,0.0063,0.0001,200,7.8703
0.0065,0.0000,0.0000,0.0000,0.0064,0.0000,200,7.8705
0.0064,0.0000,0.0000,0.0000,0.0063,0.0000,200,7.8706
0.0064,0.0000,0.0000,0.0000,0.0063,0.0001,200,7.8751
0.0063,0.0000,0.0000,0.0000,0.0062,0.0000,200,7.8769
0.0065,0.0000,0.0000,0.0001,0.0064,0.0000,200,7.8767
0.0063,0.0000,0.0000,0.0000,0.0062,0.0000,200,7.8770
0.0077,0.0000,0.0000,0.0000,0.0076,0.0001,200,7.8816
0.0063,0.0000,0.0000,0.0000,0.0062,0.0000,200,7.8833
0.0066,0.0000,0.0000,0.0000,0.0066,0.0000,200,7.8833
0.0067,0.0000,0.0000,0.0000,0.0066,0.0000,200,7.8832
0.0070,0.0000,0.0000,0.0000,0.0069,0.0001,200,7.8893
0.0063,0.0000,0.0000,0.0000,0.0063,0.0001,200,7.8899
0.0065,0.0000,0.0000,0.0000,0.0064,0.0000,200,7.8899
0.0070,0.0000,0.0000,0.0000,0.0069,0.0000,200,7.8895
0.0066,0.0000,0.0000,0.0000,0.0065,0.0000,200,7.8964
0.0067,0.0000,0.0000,0.0000,0.0066,0.0000,200,7.8963
0.0065,0.0000,0.0000,0.0000,0.0064,0.0000,200,7.8965
0.0068,0.0000,0.0000,0.0000,0.0066,0.0001,200,7.8963
0.0073,0.0000,0.0000,0.0000,0.0071,0.0001,200,7.9030
0.0074,0.0000,0.0000,0.0000,0.0074,0.0000,200,7.9030
0.0075,0.0000,0.0000,0.0000,0.0074,0.0000,200,7.9030
0.0080,0.0000,0.0000,0.0000,0.0079,0.0000,200,7.9030
0.0066,0.0000,0.0000,0.0000,0.0064,0.0000,200,7.9105
0.0066,0.0000,0.0000,0.0000,0.0066,0.0001,200,7.9104
0.0068,0.0000,0.0000,0.0000,0.0068,0.0000,200,7.9103
0.0071,0.0000,0.0000,0.0000,0.0070,0.0000,200,7.9110
0.0066,0.0000,0.0000,0.0000,0.0065,0.0001,200,7.9171
0.0067,0.0000,0.0000,0.0000,0.0066,0.0000,200,7.9171
0.0066,0.0000,0.0000,0.0000,0.0065,0.0001,200,7.9171
0.0063,0.0000,0.0000,0.0000,0.0062,0.0000,200,7.9181
0.0064,0.0000,0.0000,0.0000,0.0063,0.0001,200,7.9237
0.0065,0.0000,0.0000,0.0000,0.0064,0.0000,200,7.9237
0.0067,0.0000,0.0000,0.0000,0.0066,0.0000,200,7.9237
0.0063,0.0000,0.0000,0.0000,0.0062,0.0000,200,7.9243
0.0066,0.0000,0.0000,0.0000,0.0064,0.0001,200,7.9301
0.0065,0.0000,0.0000,0.0000,0.0064,0.0000,200,7.9304
0.0067,0.0000,0.0000,0.0000,0.0067,0.0000,200,7.9302
0.0064,0.0000,0.0000,0.0000,0.0063,0.0000,200,7.9306
0.0067,0.0000,0.0000,0.0000,0.0066,0.0001,200,7.9369
0.0068,0.0000,0.0000,0.0000,0.0067,0.0000,200,7.9370
0.0072,0.0000,0.0000,0.0000,0.0071,0.0000,200,7.9367
0.0083,0.0000,0.0000,0.0000,0.0082,0.0001,200,7.9369
0.0071,0.0000,0.0000,0.0000,0.0070,0.0001,200,7.9436
0.0070,0.0000,0.0000,0.0000,0.0069,0.0000,200,7.9438
0.0071,0.0000,0.0000,0.0000,0.0070,0.0000,200,7.9438
0.0096,0.0000,0.0000,0.0000,0.0095,0.0000,200,7.9452
0.0062,0.0000,0.0000,0.0000,0.0061,0.0000,200,7.9509
0.0064,0.0000,0.0000,0.0000,0.0063,0.0000,200,7.9508
0.0064,0.0000,0.0000,0.0000,0.0063,0.0000,200,7.9509
0.0064,0.0000,0.0000,0.0000,0.0064,0.0000,200,7.9548
0.0062,0.0000,0.0000,0.0000,0.0061,0.0000,200,7.9571
0.0064,0.0000,0.0000,0.0000,0.0063,0.0000,200,7.9571
0.0062,0.0000,0.0000,0.0000,0.0062,0.0000,200,7.9573
0.0065,0.0000,0.0000,0.0000,0.0064,0.0001,200,7.9612
0.0063,0.0000,0.0000,0.0000,0.0062,0.0000,200,7.9633
0.0063,0.0000,0.0000,0.0000,0.0062,0.0000,200,7.9635
0.0063,0.0000,0.0000,0.0000,0.0062,0.0000,200,7.9635
0.0066,0.0000,0.0000,0.0000,0.0065,0.0001,200,7.9678
0.0063,0.0000,0.0000,0.0000,0.0062,0.0001,200,7.9696
0.0063,0.0000,0.0000,0.0000,0.0063,0.0000,200,7.9698
0.0064,0.0000,0.0000,0.0000,0.0064,0.0000,200,7.9698
0.0068,0.0000,0.0000,0.0000,0.0067,0.0001,200,7.9744
0.0063,0.0000,0.0000,0.0000,0.0061,0.0001,200,7.9759
0.0061,0.0000,0.0000,0.0000,0.0060,0.0000,200,7.9762
0.0085,0.0000,0.0000,0.0000,0.0084,0.0000,200,7.9761
0.0065,0.0000,0.0000,0.0000,0.0064,0.0001,200,7.9812
0.0065,0.0000,0.0000,0.0000,0.0064,0.0000,200,7.9823
0.0066,0.0000,0.0000,0.0000,0.0065,0.0000,200,7.9822
0.0063,0.0000,0.0000,0.0000,0.0062,0.0000,200,7.9846
0.0067,0.0000,0.0000,0.0000,0.0066,0.0001,200,7.9887
0.0078,0.0000,0.0000,0.0000,0.0077,0.0001,200,7.9877
0.0068,0.0000,0.0000,0.0000,0.0067,0.0000,200,7.9887
0.0070,0.0000,0.0000,0.0000,0.0069,0.0001,200,7.9909
0.0066,0.0000,0.0000,0.0000,0.0065,0.0000,200,7.9955
0.0067,0.0000,0.0000,0.0000,0.0066,0.0000,200,7.9955
0.0068,0.0000,0.0000,0.0000,0.0067,0.0000,200,7.9955
0.0066,0.0000,0.0000,0.0000,0.0065,0.0000,200,7.9979
0.0068,0.0000,0.0000,0.0000,0.0067,0.0001,200,8.0021
0.0066,0.0000,0.0000,0.0000,0.0066,0.0001,200,8.0022
0.0067,0.0000,0.0000,0.0000,0.0066,0.0001,200,8.0022
0.0064,0.0000,0.0000,0.0000,0.0062,0.0001,200,8.0045
0.0067,0.0000,0.0000,0.0000,0.0066,0.0001,200,8.0089
0.0068,0.0000,0.0000,0.0000,0.0068,0.0000,200,8.0089
0.0076,0.0000,0.0000,0.0000,0.0075,0.0000,200,8.0089
0.0063,0.0000,0.0000,0.0000,0.0062,0.0000,200,8.0109
0.0066,0.0000,0.0000,0.0000,0.0065,0.0001,200,8.0156
0.0065,0.0000,0.0000,0.0000,0.0064,0.0000,200,8.0157
0.0063,0.0000,0.0000,0.0000,0.0062,0.0000,200,8.0164
0.0063,0.0000,0.0000,0.0000,0.0063,0.0000,200,8.0171
0.0074,0.0000,0.0000,0.0000,0.0072,0.0001,200,8.0222
0.0062,0.0000,0.0000,0.0000,0.0061,0.0000,200,8.0235
0.0075,0.0000,0.0000,0.0000,0.0074,0.0001,200,8.0222
0.0070,0.0000,0.0000,0.0000,0.0064,0.0000,200,8.0227
0.0066,0.0000,0.0000,0.0000,0.0066,0.0001,200,8.0296
0.0066,0.0000,0.0000,0.0000,0.0065,0.0001,200,8.0297
0.0068,0.0000,0.0000,0.0000,0.0067,0.0000,200,8.0295
0.0068,0.0000,0.0000,0.0000,0.0067,0.0000,200,8.0297
0.0065,0.0000,0.0000,0.0000,0.0064,0.0001,200,8.0365
0.0067,0.0000,0.0000,0.0000,0.0066,0.0001,200,8.0363
0.0068,0.0000,0.0000,0.0001,0.0066,0.0000,200,8.0363
0.0068,0.0000,0.0000,0.0000,0.0066,0.0001,200,8.0363
0.0071,0.0000,0.0000,0.0000,0.0070,0.0001,200,8.0430
0.0073,0.0000,0.0000,0.0000,0.0072,0.0000,200,8.0430
0.0073,0.0000,0.0000,0.0000,0.0072,0.0000,200,8.0430
0.0075,0.0000,0.0000,0.0000,0.0075,0.0000,200,8.0431
0.0066,0.0000,0.0000,0.0000,0.0064,0.0001,200,8.0503
0.0067,0.0000,0.0000,0.0000,0.0066,0.0000,200,8.0502
0.0063,0.0000,0.0000,0.0000,0.0062,0.0000,200,8.0507
0.0066,0.0000,0.0000,0.0000,0.0065,0.0000,200,8.0503
0.0068,0.0000,0.0000,0.0000,0.0067,0.0001,200,8.0569
0.0069,0.0000,0.0000,0.0000,0.0068,0.0000,200,8.0569
0.0069,0.0000,0.0000,0.0000,0.0068,0.0000,200,8.0569
0.0069,0.0000,0.0000,0.0000,0.0069,0.0000,200,8.0569
0.0075,0.0000,0.0000,0.0000,0.0074,0.0001,200,8.0637
0.0080,0.0000,0.0000,0.0000,0.0080,0.0000,200,8.0639
0.0085,0.0000,0.0000,0.0000,0.0085,0.0000,200,8.0638
0.0108,0.0000,0.0000,0.0000,0.0108,0.0000,200,8.0638
0.0066,0.0000,0.0000,0.0000,0.0065,0.0001,200,8.0712
0.0064,0.0000,0.0000,0.0000,0.0063,0.0000,200,8.0719
0.0062,0.0000,0.0000,0.0000,0.0062,0.0000,200,8.0723
0.0073,0.0000,0.0000,0.0000,0.0072,0.0001,200,8.0746
0.0069,0.0000,0.0000,0.0000,0.0063,0.0006,200,8.0778
0.0066,0.0000,0.0000,0.0000,0.0065,0.0001,200,8.0783
0.0064,0.0000,0.0000,0.0000,0.0064,0.0000,200,8.0786
0.0072,0.0000,0.0000,0.0000,0.0071,0.0001,200,8.0820
0.0066,0.0000,0.0000,0.0000,0.0066,0.0001,200,8.0850
0.0069,0.0000,0.0000,0.0000,0.0068,0.0000,200,8.0848
0.0072,0.0000,0.0000,0.0000,0.0072,0.0000,200,8.0849
0.0087,0.0000,0.0000,0.0000,0.0086,0.0001,200,8.0892
0.0066,0.0000,0.0000,0.0000,0.0066,0.0000,200,8.0917
0.0068,0.0000,0.0000,0.0000,0.0067,0.0000,200,8.0916
0.0065,0.0000,0.0000,0.0000,0.0064,0.0000,200,8.0921
0.0073,0.0000,0.0000,0.0000,0.0072,0.0001,200,8.0979
0.0073,0.0000,0.0000,0.0000,0.0073,0.0000,200,8.0985
0.0075,0.0000,0.0000,0.0000,0.0074,0.0000,200,8.0983
0.0072,0.0000,0.0000,0.0000,0.0071,0.0001,200,8.0986
0.0065,0.0000,0.0000,0.0000,0.0064,0.0001,200,8.1058
0.0066,0.0000,0.0000,0.0000,0.0065,0.0000,200,8.1058
0.0066,0.0000,0.0000,0.0000,0.0065,0.0000,200,8.1058
0.0072,0.0000,0.0000,0.0000,0.0071,0.0000,200,8.1052
0.0068,0.0000,0.0000,0.0000,0.0067,0.0001,200,8.1124
0.0069,0.0000,0.0000,0.0000,0.0069,0.0000,200,8.1123
0.0076,0.0000,0.0000,0.0000,0.0075,0.0000,200,8.1124
0.0080,0.0000,0.0000,0.0000,0.0079,0.0000,200,8.1124
0.0071,0.0000,0.0000,0.0000,0.0070,0.0001,200,8.1191
0.0070,0.0000,0.0000,0.0000,0.0069,0.0001,200,8.1192
0.0065,0.0000,0.0000,0.0000,0.0064,0.0001,200,8.1200
0.0063,0.0000,0.0000,0.0000,0.0063,0.0000,200,8.1203
0.0064,0.0000,0.0000,0.0000,0.0063,0.0001,200,8.1263
0.0064,0.0000,0.0000,0.0000,0.0063,0.0000,200,8.1264
0.0067,0.0000,0.0000,0.0000,0.0066,0.0000,200,8.1262
0.0072,0.0000,0.0000,0.0000,0.0071,0.0001,200,8.1267
0.0064,0.0000,0.0000,0.0000,0.0063,0.0001,200,8.1330
0.0068,0.0000,0.0000,0.0000,0.0067,0.0000,200,8.1327
0.0067,0.0000,0.0000,0.0000,0.0066,0.0000,200,8.1329
0.0068,0.0000,0.0000,0.0000,0.0067,0.0001,200,8.1338
0.0062,0.0000,0.0000,0.0000,0.0061,0.0000,200,8.1394
0.0064,0.0000,0.0000,0.0000,0.0063,0.0001,200,8.1394
0.0064,0.0000,0.0000,0.0000,0.0063,0.0000,200,8.1395
0.0065,0.0000,0.0000,0.0000,0.0064,0.0000,200,8.1406
0.0068,0.0000,0.0000,0.0000,0.0066,0.0002,200,8.1456
0.0067,0.0000,0.0000,0.0000,0.0067,0.0000,200,8.1459
0.0069,0.0000,0.0000,0.0000,0.0068,0.0000,200,8.1458
0.0072,0.0000,0.0000,0.0000,0.0071,0.0001,200,8.1471
0.0068,0.0000,0.0000,0.0000,0.0066,0.0001,200,8.1524
0.0072,0.0000,0.0000,0.0000,0.0071,0.0000,200,8.1526
0.0074,0.0000,0.0000,0.0000,0.0073,0.0000,200,8.1526
0.0064,0.0000,0.0000,0.0000,0.0063,0.0000,200,8.1543
0.0068,0.0000,0.0000,0.0000,0.0067,0.0001,200,8.1593
0.0065,0.0000,0.0000,0.0000,0.0065,0.0000,200,8.1600
0.0070,0.0000,0.0000,0.0000,0.0069,0.0000,200,8.1598
0.0063,0.0000,0.0000,0.0000,0.0062,0.0001,200,8.1606
0.0070,0.0000,0.0000,0.0000,0.0069,0.0001,200,8.1661
0.0068,0.0000,0.0000,0.0000,0.0067,0.0001,200,8.1666
0.0067,0.0000,0.0000,0.0000,0.0066,0.0001,200,8.1668
0.0071,0.0000,0.0000,0.0000,0.0070,0.0000,200,8.1670
0.0070,0.0000,0.0000,0.0000,0.0069,0.0001,200,8.1731
0.0068,0.0000,0.0000,0.0000,0.0067,0.0000,200,8.1734
0.0063,0.0000,0.0000,0.0000,0.0063,0.0000,200,8.1740
0.0101,0.0000,0.0000,0.0000,0.0100,0.0001,200,8.1735
0.0069,0.0000,0.0000,0.0000,0.0068,0.0001,200,8.1802
0.0071,0.0000,0.0000,0.0000,0.0070,0.0000,200,8.1801
0.0076,0.0000,0.0000,0.0000,0.0075,0.0001,200,8.1804
0.0080,0.0000,0.0000,0.0000,0.0078,0.0001,200,8.1835
0.0069,0.0000,0.0000,0.0000,0.0068,0.0001,200,8.1871
0.0081,0.0000,0.0000,0.0000,0.0081,0.0000,200,8.1872
0.0073,0.0000,0.0000,0.0000,0.0072,0.0001,200,8.1880
0.0080,0.0000,0.0000,0.0000,0.0078,0.0001,200,8.1915
0.0070,0.0000,0.0000,0.0000,0.0069,0.0001,200,8.1940
0.0100,0.0000,0.0000,0.0000,0.0098,0.0001,200,8.1953
0.0103,0.0000,0.0000,0.0000,0.0102,0.0000,200,8.1953
0.0075,0.0000,0.0000,0.0000,0.0073,0.0001,200,8.1995
0.0066,0.0000,0.0000,0.0000,0.0065,0.0001,200,8.2011
0.0085,0.0000,0.0000,0.0001,0.0083,0.0001,200,8.2053
0.0083,0.0000,0.0000,0.0000,0.0081,0.0001,200,8.2056
0.0070,0.0000,0.0000,0.0000,0.0069,0.0000,200,8.2069
0.0077,0.0000,0.0000,0.0000,0.0076,0.0001,200,8.2077
0.0070,0.0000,0.0000,0.0000,0.0069,0.0001,200,8.2138
0.0069,0.0000,0.0000,0.0000,0.0068,0.0000,200,8.2139
0.0070,0.0000,0.0000,0.0000,0.0068,0.0001,200,8.2138
0.0096,0.0000,0.0000,0.0000,0.0095,0.0001,200,8.2154
0.0067,0.0000,0.0000,0.0000,0.0066,0.0000,200,8.2209
0.0068,0.0000,0.0000,0.0000,0.0067,0.0001,200,8.2208
0.0070,0.0000,0.0000,0.0000,0.0069,0.0000,200,8.2208
0.0067,0.0000,0.0000,0.0000,0.0066,0.0001,200,8.2250
0.0068,0.0000,0.0000,0.0000,0.0067,0.0001,200,8.2276
0.0067,0.0000,0.0000,0.0000,0.0067,0.0000,200,8.2278
0.0084,0.0000,0.0000,0.0000,0.0083,0.0000,200,8.2276
0.0066,0.0000,0.0000,0.0000,0.0065,0.0000,200,8.2318
0.0068,0.0000,0.0000,0.0000,0.0067,0.0001,200,8.2344
0.0068,0.0000,0.0000,0.0000,0.0067,0.0000,200,8.2345
0.0063,0.0000,0.0000,0.0000,0.0063,0.0000,200,8.2359
0.0063,0.0000,0.0000,0.0000,0.0062,0.0001,200,8.2383
0.0066,0.0000,0.0000,0.0000,0.0064,0.0001,200,8.2412
0.0065,0.0000,0.0000,0.0000,0.0064,0.0000,200,8.2413
0.0062,0.0000,0.0000,0.0000,0.0061,0.0000,200,8.2423
0.0062,0.0000,0.0000,0.0000,0.0061,0.0000,200,8.2447
0.0066,0.0000,0.0000,0.0000,0.0065,0.0000,200,8.2478
0.0067,0.0000,0.0000,0.0000,0.0066,0.0001,200,8.2478
0.0064,0.0000,0.0000,0.0000,0.0063,0.0000,200,8.2485
0.0070,0.0000,0.0000,0.0000,0.0069,0.0001,200,8.2509
0.0070,0.0000,0.0000,0.0000,0.0068,0.0001,200,8.2544
0.0070,0.0000,0.0000,0.0000,0.0069,0.0000,200,8.2544
0.0083,0.0000,0.0000,0.0000,0.0082,0.0001,200,8.2549
0.0067,0.0000,0.0000,0.0000,0.0066,0.0000,200,8.2579
0.0066,0.0000,0.0000,0.0000,0.0065,0.0001,200,8.2614
0.0067,0.0000,0.0000,0.0000,0.0066,0.0000,200,8.2614
0.0071,0.0000,0.0000,0.0000,0.0070,0.0001,200,8.2632
0.0082,0.0000,0.0000,0.0000,0.0081,0.0001,200,8.2646
0.0066,0.0000,0.0000,0.0000,0.0065,0.0001,200,8.2680
0.0067,0.0000,0.0000,0.0000,0.0066,0.0000,200,8.2681
0.0066,0.0000,0.0000,0.0000,0.0065,0.0001,200,8.2702
0.0074,0.0000,0.0000,0.0000,0.0073,0.0001,200,8.2727
0.0064,0.0000,0.0000,0.0000,0.0063,0.0000,200,8.2746
0.0064,0.0000,0.0000,0.0000,0.0063,0.0001,200,8.2748
0.0065,0.0000,0.0000,0.0000,0.0064,0.0000,200,8.2768
0.0068,0.0000,0.0000,0.0000,0.0067,0.0001,200,8.2801
0.0067,0.0000,0.0000,0.0000,0.0066,0.0001,200,8.2810
0.0067,0.0000,0.0000,0.0000,0.0066,0.0000,200,8.2812
0.0062,0.0000,0.0000,0.0000,0.0061,0.0000,200,8.2833
0.0066,0.0000,0.0000,0.0000,0.0065,0.0001,200,8.2869
0.0063,0.0000,0.0000,0.0000,0.0062,0.0000,200,8.2877
0.0064,0.0000,0.0000,0.0000,0.0064,0.0000,200,8.2879
0.0062,0.0000,0.0000,0.0000,0.0061,0.0000,200,8.2896
0.0065,0.0000,0.0000,0.0000,0.0064,0.0001,200,8.2943
0.0072,0.0000,0.0000,0.0000,0.0071,0.0001,200,8.2936
0.0068,0.0000,0.0000,0.0000,0.0067,0.0001,200,8.2940
0.0064,0.0000,0.0000,0.0000,0.0063,0.0000,200,8.2958
0.0069,0.0000,0.0000,0.0000,0.0068,0.0001,200,8.3008
0.0069,0.0000,0.0000,0.0000,0.0068,0.0001,200,8.3008
0.0090,0.0000,0.0000,0.0000,0.0089,0.0001,200,8.3008
0.0077,0.0000,0.0000,0.0000,0.0076,0.0001,200,8.3021
0.0077,0.0000,0.0000,0.0000,0.0076,0.0001,200,8.3077
0.0079,0.0000,0.0000,0.0000,0.0079,0.0000,200,8.3077
0.0065,0.0000,0.0000,0.0000,0.0064,0.0000,200,8.3098
0.0102,0.0000,0.0000,0.0000,0.0101,0.0000,200,8.3098
0.0065,0.0000,0.0000,0.0000,0.0064,0.0000,200,8.3157
0.0067,0.0000,0.0000,0.0000,0.0066,0.0001,200,8.3154
0.0061,0.0000,0.0000,0.0000,0.0061,0.0000,200,8.3200
0.0099,0.0000,0.0000,0.0000,0.0098,0.0000,200,8.3163
0.0063,0.0000,0.0000,0.0000,0.0062,0.0001,200,8.3222
0.0063,0.0000,0.0000,0.0000,0.0062,0.0001,200,8.3221
0.0065,0.0000,0.0000,0.0000,0.0064,0.0001,200,8.3262
0.0067,0.0000,0.0000,0.0000,0.0066,0.0000,200,8.3262
0.0067,0.0000,0.0000,0.0000,0.0063,0.0001,200,8.3284
0.0068,0.0000,0.0000,0.0002,0.0065,0.0000,200,8.3285
0.0066,0.0000,0.0000,0.0000,0.0065,0.0001,200,8.3329
0.0067,0.0000,0.0000,0.0000,0.0066,0.0001,200,8.3327
0.0079,0.0000,0.0000,0.0000,0.0078,0.0001,200,8.3351
0.0081,0.0000,0.0000,0.0000,0.0081,0.0000,200,8.3352
0.0064,0.0000,0.0000,0.0000,0.0063,0.0000,200,8.3395
0.0068,0.0000,0.0000,0.0000,0.0067,0.0000,200,8.3395
0.0064,0.0000,0.0000,0.0000,0.0063,0.0001,200,8.3434
0.0068,0.0000,0.0000,0.0000,0.0068,0.0000,200,8.3430
0.0077,0.0000,0.0000,0.0000,0.0076,0.0001,200,8.3463
0.0080,0.0000,0.0000,0.0000,0.0079,0.0001,200,8.3459
0.0084,0.0000,0.0000,0.0000,0.0083,0.0001,200,8.3498
0.0085,0.0000,0.0000,0.0000,0.0084,0.0000,200,8.3499
0.0068,0.0000,0.0000,0.0000,0.0067,0.0001,200,8.3539
0.0070,0.0000,0.0000,0.0000,0.0069,0.0000,200,8.3539
0.0065,0.0000,0.0000,0.0000,0.0064,0.0001,200,8.3582
0.0064,0.0000,0.0000,0.0000,0.0063,0.0001,200,8.3583
0.0065,0.0000,0.0000,0.0000,0.0064,0.0001,200,8.3609
0.0068,0.0000,0.0000,0.0000,0.0067,0.0000,200,8.3607
0.0067,0.0000,0.0000,0.0000,0.0066,0.0001,200,8.3647
0.0079,0.0000,0.0000,0.0000,0.0070,0.0008,200,8.3647
0.0066,0.0000,0.0000,0.0000,0.0065,0.0001,200,8.3674
0.0066,0.0000,0.0000,0.0000,0.0065,0.0000,200,8.3675
0.0066,0.0000,0.0000,0.0000,0.0064,0.0001,200,8.3714
0.0067,0.0000,0.0000,0.0000,0.0066,0.0000,200,8.3725
0.0063,0.0000,0.0000,0.0000,0.0063,0.0000,200,8.3740
0.0064,0.0000,0.0000,0.0000,0.0063,0.0000,200,8.3741
0.0066,0.0000,0.0000,0.0000,0.0065,0.0001,200,8.3792
0.0079,0.0000,0.0000,0.0000,0.0078,0.0001,200,8.3780
0.0064,0.0000,0.0000,0.0000,0.0063,0.0001,200,8.3803
0.0063,0.0000,0.0000,0.0000,0.0063,0.0000,200,8.3805
0.0070,0.0000,0.0000,0.0000,0.0069,0.0001,200,8.3858
0.0071,0.0000,0.0000,0.0000,0.0070,0.0000,200,8.3858
0.0069,0.0000,0.0000,0.0000,0.0068,0.0000,200,8.3867
0.0069,0.0000,0.0000,0.0000,0.0069,0.0001,200,8.3868
0.0066,0.0000,0.0000,0.0000,0.0065,0.0001,200,8.3929
0.0070,0.0000,0.0000,0.0000,0.0069,0.0000,200,8.3928
0.0064,0.0000,0.0000,0.0000,0.0064,0.0000,200,8.3935
0.0067,0.0000,0.0000,0.0000,0.0066,0.0000,200,8.3937
0.0068,0.0000,0.0000,0.0000,0.0068,0.0000,200,8.3999
0.0069,0.0000,0.0000,0.0002,0.0067,0.0000,200,8.3998
0.0073,0.0000,0.0000,0.0000,0.0072,0.0000,200,8.3995
0.0065,0.0000,0.0000,0.0000,0.0064,0.0000,200,8.4004
0.0065,0.0000,0.0000,0.0000,0.0063,0.0001,200,8.4068
0.0065,0.0000,0.0000,0.0000,0.0064,0.0000,200,8.4069
0.0066,0.0000,0.0000,0.0000,0.0066,0.0000,200,8.4068
0.0067,0.0000,0.0000,0.0000,0.0066,0.0001,200,8.4068
0.0064,0.0000,0.0000,0.0000,0.0063,0.0001,200,8.4135
0.0068,0.0000,0.0000,0.0000,0.0067,0.0000,200,8.4132
0.0066,0.0000,0.0000,0.0000,0.0066,0.0000,200,8.4134
0.0066,0.0000,0.0000,0.0000,0.0066,0.0000,200,8.4134
0.0064,0.0000,0.0000,0.0000,0.0063,0.0001,200,8.4201
0.0067,0.0000,0.0000,0.0000,0.0066,0.0001,200,8.4200
0.0068,0.0000,0.0000,0.0000,0.0067,0.0000,200,8.4200
0.0067,0.0000,0.0000,0.0000,0.0067,0.0000,200,8.4200
0.0066,0.0000,0.0000,0.0000,0.0064,0.0001,200,8.4265
0.0064,0.0000,0.0000,0.0000,0.0064,0.0000,200,8.4267
0.0065,0.0000,0.0000,0.0000,0.0064,0.0000,200,8.4267
0.0065,0.0000,0.0000,0.0000,0.0064,0.0000,200,8.4268
0.0068,0.0000,0.0000,0.0000,0.0067,0.0001,200,8.4331
0.0068,0.0000,0.0000,0.0000,0.0068,0.0000,200,8.4332
0.0069,0.0000,0.0000,0.0000,0.0067,0.0002,200,8.4332
0.0071,0.0000,0.0000,0.0000,0.0070,0.0000,200,8.4332
0.0068,0.0000,0.0000,0.0000,0.0067,0.0001,200,8.4401
0.0072,0.0000,0.0000,0.0000,0.0071,0.0000,200,8.4399
0.0071,0.0000,0.0000,0.0000,0.0070,0.0001,200,8.4400
0.0083,0.0000,0.0000,0.0000,0.0082,0.0001,200,8.4403
0.0068,0.0000,0.0000,0.0000,0.0066,0.0001,200,8.4470
0.0072,0.0000,0.0000,0.0000,0.0071,0.0000,200,8.4471
0.0074,0.0000,0.0000,0.0000,0.0073,0.0000,200,8.4471
0.0064,0.0000,0.0000,0.0000,0.0063,0.0000,200,8.4485
0.0064,0.0000,0.0000,0.0000,0.0064,0.0000,200,8.4542
0.0071,0.0000,0.0000,0.0000,0.0068,0.0003,200,8.4537
0.0089,0.0000,0.0000,0.0000,0.0088,0.0001,200,8.4545
0.0086,0.0000,0.0000,0.0000,0.0085,0.0000,200,8.4549
0.0069,0.0000,0.0000,0.0000,0.0068,0.0001,200,8.4607
0.0081,0.0000,0.0000,0.0000,0.0080,0.0001,200,8.4608
0.0075,0.0000,0.0000,0.0000,0.0074,0.0001,200,8.4634
0.0075,0.0000,0.0000,0.0000,0.0075,0.0000,200,8.4635
0.0067,0.0000,0.0000,0.0000,0.0066,0.0001,200,8.4676
0.0063,0.0000,0.0000,0.0000,0.0063,0.0000,200,8.4689
0.0065,0.0000,0.0000,0.0000,0.0064,0.0000,200,8.4709
0.0081,0.0000,0.0000,0.0000,0.0080,0.0001,200,8.4710
0.0070,0.0000,0.0000,0.0000,0.0068,0.0002,200,8.4742
0.0076,0.0000,0.0000,0.0000,0.0075,0.0000,200,8.4752
0.0068,0.0000,0.0000,0.0000,0.0067,0.0000,200,8.4774
0.0064,0.0000,0.0000,0.0000,0.0063,0.0000,200,8.4790
0.0076,0.0000,0.0000,0.0000,0.0075,0.0001,200,8.4812
0.0065,0.0000,0.0000,0.0000,0.0063,0.0002,200,8.4828
0.0065,0.0000,0.0000,0.0000,0.0064,0.0001,200,8.4842
0.0064,0.0000,0.0000,0.0000,0.0063,0.0000,200,8.4854
0.0066,0.0000,0.0000,0.0000,0.0065,0.0001,200,8.4889
0.0065,0.0000,0.0000,0.0000,0.0064,0.0001,200,8.4893
0.0067,0.0000,0.0000,0.0000,0.0066,0.0001,200,8.4907
0.0064,0.0000,0.0000,0.0000,0.0063,0.0000,200,8.4918
0.0065,0.0000,0.0000,0.0000,0.0064,0.0001,200,8.4955
0.0065,0.0000,0.0000,0.0000,0.0064,0.0001,200,8.4959
0.0065,0.0000,0.0000,0.0000,0.0064,0.0001,200,8.4974
0.0063,0.0000,0.0000,0.0000,0.0062,0.0000,200,8.4982
0.0067,0.0000,0.0000,0.0000,0.0066,0.0001,200,8.5020
0.0074,0.0000,0.0000,0.0000,0.0073,0.0000,200,8.5024
0.0064,0.0000,0.0000,0.0000,0.0063,0.0000,200,8.5040
0.0065,0.0000,0.0000,0.0000,0.0064,0.0000,200,8.5045
0.0069,0.0000,0.0000,0.0000,0.0068,0.0001,200,8.5087
0.0067,0.0000,0.0000,0.0000,0.0065,0.0001,200,8.5098
0.0065,0.0000,0.0000,0.0000,0.0064,0.0001,200,8.5104
0.0067,0.0000,0.0000,0.0000,0.0066,0.0001,200,8.5110
0.0071,0.0000,0.0000,0.0000,0.0070,0.0001,200,8.5156
0.0068,0.0000,0.0000,0.0000,0.0067,0.0000,200,8.5164
0.0067,0.0000,0.0000,0.0000,0.0067,0.0000,200,8.5169
0.0064,0.0000,0.0000,0.0000,0.0063,0.0000,200,8.5177
0.0068,0.0000,0.0000,0.0000,0.0067,0.0001,200,8.5227
0.0064,0.0000,0.0000,0.0000,0.0063,0.0000,200,8.5232
0.0066,0.0000,0.0000,0.0000,0.0063,0.0002,200,8.5237
0.0066,0.0000,0.0000,0.0000,0.0065,0.0000,200,8.5241
0.0069,0.0000,0.0000,0.0000,0.0068,0.0001,200,8.5296
0.0065,0.0000,0.0000,0.0000,0.0064,0.0001,200,8.5302
0.0072,0.0000,0.0000,0.0000,0.0071,0.0000,200,8.5296
0.0086,0.0000,0.0000,0.0000,0.0084,0.0002,200,8.5307
0.0067,0.0000,0.0000,0.0000,0.0067,0.0001,200,8.5368
0.0068,0.0000,0.0000,0.0000,0.0067,0.0001,200,8.5367
0.0071,0.0000,0.0000,0.0000,0.0070,0.0000,200,8.5365
0.0067,0.0000,0.0000,0.0000,0.0065,0.0001,200,8.5394
0.0065,0.0000,0.0000,0.0000,0.0064,0.0001,200,8.5435
0.0065,0.0000,0.0000,0.0000,0.0064,0.0001,200,8.5435
0.0066,0.0000,0.0000,0.0000,0.0066,0.0000,200,8.5435
0.0082,0.0000,0.0000,0.0000,0.0081,0.0001,200,8.5460
0.0064,0.0000,0.0000,0.0000,0.0064,0.0001,200,8.5500
0.0063,0.0000,0.0000,0.0000,0.0063,0.0000,200,8.5502
0.0066,0.0000,0.0000,0.0001,0.0065,0.0000,200,8.5500
0.0067,0.0000,0.0000,0.0000,0.0066,0.0001,200,8.5542
0.0073,0.0000,0.0000,0.0000,0.0072,0.0001,200,8.5567
0.0075,0.0000,0.0000,0.0000,0.0075,0.0000,200,8.5565
0.0079,0.0000,0.0000,0.0000,0.0078,0.0000,200,8.5565
0.0067,0.0000,0.0000,0.0000,0.0065,0.0001,200,8.5609
0.0066,0.0000,0.0000,0.0000,0.0065,0.0001,200,8.5640
0.0068,0.0000,0.0000,0.0000,0.0068,0.0000,200,8.5639
0.0091,0.0000,0.0000,0.0000,0.0090,0.0001,200,8.5643
0.0067,0.0000,0.0000,0.0000,0.0066,0.0000,200,8.5676
0.0064,0.0000,0.0000,0.0000,0.0063,0.0000,200,8.5707
0.0065,0.0000,0.0000,0.0000,0.0064,0.0000,200,8.5706
0.0064,0.0000,0.0000,0.0000,0.0063,0.0001,200,8.5734
0.0063,0.0000,0.0000,0.0000,0.0062,0.0000,200,8.5743
0.0065,0.0000,0.0000,0.0000,0.0064,0.0000,200,8.5772
0.0065,0.0000,0.0000,0.0000,0.0065,0.0000,200,8.5771
0.0066,0.0000,0.0000,0.0000,0.0065,0.0001,200,8.5798
0.0066,0.0000,0.0000,0.0000,0.0065,0.0000,200,8.5805
0.0063,0.0000,0.0000,0.0000,0.0062,0.0001,200,8.5837
0.0064,0.0000,0.0000,0.0000,0.0063,0.0000,200,8.5837
0.0067,0.0000,0.0000,0.0000,0.0066,0.0001,200,8.5865
0.0064,0.0000,0.0000,0.0000,0.0063,0.0000,200,8.5871
0.0079,0.0000,0.0000,0.0000,0.0078,0.0001,200,8.5899
0.0079,0.0000,0.0000,0.0000,0.0066,0.0013,200,8.5901
0.0067,0.0000,0.0000,0.0000,0.0066,0.0001,200,8.5932
0.0067,0.0000,0.0000,0.0000,0.0066,0.0000,200,8.5935
0.0080,0.0000,0.0000,0.0000,0.0079,0.0001,200,8.5978
0.0080,0.0000,0.0000,0.0000,0.0080,0.0000,200,8.5980
0.0066,0.0000,0.0000,0.0000,0.0066,0.0000,200,8.6002
0.0072,0.0000,0.0000,0.0000,0.0071,0.0000,200,8.5999
0.0080,0.0000,0.0000,0.0000,0.0079,0.0001,200,8.6058
0.0073,0.0000,0.0000,0.0000,0.0072,0.0000,200,8.6068
0.0081,0.0000,0.0000,0.0000,0.0080,0.0000,200,8.6060
0.0072,0.0000,0.0000,0.0000,0.0070,0.0002,200,8.6070
0.0071,0.0000,0.0000,0.0000,0.0070,0.0001,200,8.6139
0.0070,0.0000,0.0000,0.0000,0.0069,0.0001,200,8.6141
0.0072,0.0000,0.0000,0.0000,0.0071,0.0000,200,8.6141
0.0072,0.0000,0.0000,0.0000,0.0071,0.0001,200,8.6143
0.0066,0.0000,0.0000,0.0000,0.0065,0.0001,200,8.6211
0.0062,0.0000,0.0000,0.0000,0.0061,0.0000,200,8.6215
0.0065,0.0000,0.0000,0.0000,0.0064,0.0000,200,8.6213
0.0068,0.0000,0.0000,0.0000,0.0068,0.0000,200,8.6210
0.0066,0.0000,0.0000,0.0000,0.0065,0.0001,200,8.6277
0.0068,0.0000,0.0000,0.0000,0.0067,0.0000,200,8.6277
0.0068,0.0000,0.0000,0.0000,0.0068,0.0000,200,8.6277
0.0068,0.0000,0.0000,0.0000,0.0067,0.0000,200,8.6278
0.0074,0.0000,0.0000,0.0000,0.0073,0.0001,200,8.6345
0.0076,0.0000,0.0000,0.0000,0.0075,0.0000,200,8.6343
0.0076,0.0000,0.0000,0.0000,0.0073,0.0003,200,8.6345
0.0080,0.0000,0.0000,0.0000,0.0080,0.0000,200,8.6346
0.0066,0.0000,0.0000,0.0000,0.0064,0.0001,200,8.6419
0.0066,0.0000,0.0000,0.0000,0.0065,0.0000,200,8.6419
0.0068,0.0000,0.0000,0.0000,0.0067,0.0000,200,8.6421
0.0069,0.0000,0.0000,0.0000,0.0069,0.0000,200,8.6426
0.0073,0.0000,0.0000,0.0000,0.0072,0.0001,200,8.6485
0.0073,0.0000,0.0000,0.0000,0.0072,0.0001,200,8.6485
0.0070,0.0000,0.0000,0.0000,0.0069,0.0000,200,8.6489
0.0064,0.0000,0.0000,0.0000,0.0064,0.0000,200,8.6495
0.0068,0.0000,0.0000,0.0000,0.0067,0.0000,200,8.6559
0.0069,0.0000,0.0000,0.0000,0.0068,0.0001,200,8.6558
0.0067,0.0000,0.0000,0.0000,0.0066,0.0001,200,8.6560
0.0070,0.0000,0.0000,0.0000,0.0069,0.0000,200,8.6558
0.0067,0.0000,0.0000,0.0000,0.0066,0.0001,200,8.6627
0.0067,0.0000,0.0000,0.0000,0.0066,0.0000,200,8.6627
0.0066,0.0000,0.0000,0.0000,0.0066,0.0000,200,8.6627
0.0067,0.0000,0.0000,0.0000,0.0065,0.0001,200,8.6627
0.0074,0.0000,0.0000,0.0000,0.0073,0.0001,200,8.6693
0.0074,0.0000,0.0000,0.0000,0.0074,0.0000,200,8.6694
0.0080,0.0000,0.0000,0.0000,0.0079,0.0000,200,8.6693
0.0114,0.0000,0.0000,0.0000,0.0113,0.0000,200,8.6694
0.0067,0.0000,0.0000,0.0000,0.0066,0.0001,200,8.6768
0.0068,0.0000,0.0000,0.0000,0.0067,0.0000,200,8.6768
0.0099,0.0000,0.0000,0.0000,0.0098,0.0000,200,8.6773
0.0070,0.0000,0.0000,0.0000,0.0069,0.0000,200,8.6808
0.0062,0.0000,0.0000,0.0000,0.0061,0.0001,200,8.6836
0.0065,0.0000,0.0000,0.0000,0.0064,0.0001,200,8.6834
0.0064,0.0000,0.0000,0.0000,0.0063,0.0001,200,8.6872
0.0076,0.0000,0.0000,0.0000,0.0076,0.0000,200,8.6878
0.0066,0.0000,0.0000,0.0000,0.0065,0.0000,200,8.6900
0.0088,0.0000,0.0000,0.0000,0.0087,0.0000,200,8.6898
0.0064,0.0000,0.0000,0.0000,0.0063,0.0000,200,8.6937
0.0064,0.0000,0.0000,0.0000,0.0063,0.0000,200,8.6955
0.0064,0.0000,0.0000,0.0000,0.0063,0.0001,200,8.6966
0.0064,0.0000,0.0000,0.0000,0.0063,0.0001,200,8.6986
0.0089,0.0000,0.0000,0.0000,0.0087,0.0002,200,8.7001
0.0079,0.0000,0.0000,0.0000,0.0079,0.0000,200,8.7018
0.0071,0.0000,0.0000,0.0000,0.0070,0.0000,200,8.7029
0.0067,0.0000,0.0000,0.0000,0.0066,0.0001,200,8.7050
0.0074,0.0000,0.0000,0.0001,0.0073,0.0001,200,8.7089
0.0066,0.0000,0.0000,0.0000,0.0065,0.0001,200,8.7100
0.0072,0.0000,0.0000,0.0000,0.0071,0.0000,200,8.7098
0.0067,0.0000,0.0000,0.0000,0.0066,0.0000,200,8.7117
0.0071,0.0000,0.0000,0.0000,0.0070,0.0001,200,8.7166
0.0074,0.0000,0.0000,0.0000,0.0073,0.0001,200,8.7164
0.0071,0.0000,0.0000,0.0000,0.0070,0.0001,200,8.7184
0.0105,0.0000,0.0000,0.0000,0.0104,0.0000,200,8.7169
0.0073,0.0000,0.0000,0.0000,0.0072,0.0001,200,8.7238
0.0077,0.0000,0.0000,0.0000,0.0076,0.0000,200,8.7238
0.0081,0.0000,0.0000,0.0000,0.0080,0.0001,200,8.7255
0.0070,0.0000,0.0000,0.0000,0.0069,0.0000,200,8.7274
0.0067,0.0000,0.0000,0.0000,0.0066,0.0000,200,8.7312
0.0065,0.0000,0.0000,0.0000,0.0064,0.0000,200,8.7315
0.0063,0.0000,0.0000,0.0000,0.0062,0.0000,200,8.7336
0.0063,0.0000,0.0000,0.0000,0.0062,0.0000,200,8.7345
0.0063,0.0000,0.0000,0.0000,0.0062,0.0001,200,8.7379
0.0066,0.0000,0.0000,0.0000,0.0066,0.0000,200,8.7380
0.0063,0.0000,0.0000,0.0000,0.0062,0.0001,200,8.7399
0.0066,0.0000,0.0000,0.0000,0.0065,0.0001,200,8.7408
0.0063,0.0000,0.0000,0.0000,0.0062,0.0000,200,8.7442
0.0063,0.0000,0.0000,0.0000,0.0062,0.0000,200,8.7446
0.0066,0.0000,0.0000,0.0000,0.0065,0.0000,200,8.7462
0.0064,0.0000,0.0000,0.0000,0.0063,0.0000,200,8.7474
0.0071,0.0000,0.0000,0.0000,0.0070,0.0000,200,8.7509
0.0086,0.0000,0.0000,0.0000,0.0073,0.0013,200,8.7505
0.0064,0.0000,0.0000,0.0000,0.0063,0.0000,200,8.7528
0.0084,0.0000,0.0000,0.0000,0.0083,0.0001,200,8.7538
0.0066,0.0000,0.0000,0.0000,0.0065,0.0001,200,8.7592
0.0068,0.0000,0.0000,0.0000,0.0068,0.0000,200,8.7592
0.0083,0.0000,0.0000,0.0000,0.0070,0.0000,200,8.7580
0.0070,0.0000,0.0000,0.0000,0.0069,0.0000,200,8.7621
0.0065,0.0000,0.0000,0.0000,0.0063,0.0001,200,8.7658
0.0063,0.0000,0.0000,0.0000,0.0063,0.0000,200,8.7660
0.0063,0.0000,0.0000,0.0000,0.0063,0.0000,200,8.7662
0.0064,0.0000,0.0000,0.0000,0.0063,0.0001,200,8.7691
0.0064,0.0000,0.0000,0.0000,0.0063,0.0000,200,8.7723
0.0064,0.0000,0.0000,0.0000,0.0063,0.0001,200,8.7724
0.0063,0.0000,0.0000,0.0000,0.0063,0.0000,200,8.7726
0.0066,0.0000,0.0000,0.0000,0.0065,0.0001,200,8.7755
0.0064,0.0000,0.0000,0.0000,0.0063,0.0001,200,8.7786
0.0065,0.0000,0.0000,0.0000,0.0064,0.0000,200,8.7787
0.0064,0.0000,0.0000,0.0000,0.0064,0.0000,200,8.7789
0.0069,0.0000,0.0000,0.0000,0.0068,0.0001,200,8.7822
0.0063,0.0000,0.0000,0.0000,0.0062,0.0000,200,8.7853
0.0063,0.0000,0.0000,0.0000,0.0063,0.0000,200,8.7852
0.0065,0.0000,0.0000,0.0000,0.0064,0.0001,200,8.7850
0.0065,0.0000,0.0000,0.0000,0.0064,0.0000,200,8.7891
0.0064,0.0000,0.0000,0.0000,0.0063,0.0000,200,8.7916
0.0064,0.0000,0.0000,0.0000,0.0062,0.0002,200,8.7916
0.0065,0.0000,0.0000,0.0000,0.0065,0.0000,200,8.7916
0.0066,0.0000,0.0000,0.0000,0.0065,0.0001,200,8.7956
0.0067,0.0000,0.0000,0.0000,0.0066,0.0000,200,8.7980
0.0068,0.0000,0.0000,0.0000,0.0066,0.0002,200,8.7980
0.0075,0.0000,0.0000,0.0000,0.0074,0.0001,200,8.7981
0.0079,0.0000,0.0000,0.0000,0.0078,0.0001,200,8.8022
0.0064,0.0000,0.0000,0.0000,0.0063,0.0000,200,8.8048
0.0065,0.0000,0.0000,0.0000,0.0064,0.0000,200,8.8047
0.0065,0.0000,0.0000,0.0000,0.0063,0.0000,200,8.8056
0.0067,0.0000,0.0000,0.0000,0.0066,0.0001,200,8.8102
0.0076,0.0000,0.0000,0.0000,0.0075,0.0001,200,8.8112
0.0077,0.0000,0.0000,0.0000,0.0076,0.0001,200,8.8112
0.0069,0.0000,0.0000,0.0000,0.0068,0.0000,200,8.8121
0.0073,0.0000,0.0000,0.0000,0.0072,0.0001,200,8.8168
0.0072,0.0000,0.0000,0.0000,0.0071,0.0001,200,8.8189
0.0074,0.0000,0.0000,0.0000,0.0073,0.0000,200,8.8189
0.0075,0.0000,0.0000,0.0000,0.0074,0.0000,200,8.8189
0.0068,0.0000,0.0000,0.0000,0.0067,0.0001,200,8.8241
0.0064,0.0000,0.0000,0.0000,0.0063,0.0000,200,8.8263
0.0063,0.0000,0.0000,0.0000,0.0063,0.0000,200,8.8264
0.0067,0.0000,0.0000,0.0000,0.0067,0.0000,200,8.8260
0.0075,0.0000,0.0000,0.0000,0.0066,0.0008,200,8.8310
0.0065,0.0000,0.0000,0.0000,0.0064,0.0001,200,8.8327
0.0067,0.0000,0.0000,0.0000,0.0066,0.0001,200,8.8328
0.0069,0.0000,0.0000,0.0000,0.0068,0.0000,200,8.8327
0.0065,0.0000,0.0000,0.0000,0.0064,0.0000,200,8.8385
0.0062,0.0000,0.0000,0.0000,0.0062,0.0000,200,8.8392
0.0064,0.0000,0.0000,0.0000,0.0063,0.0000,200,8.8395
0.0063,0.0000,0.0000,0.0000,0.0063,0.0000,200,8.8397
0.0071,0.0000,0.0000,0.0000,0.0070,0.0001,200,8.8449
0.0061,0.0000,0.0000,0.0000,0.0060,0.0001,200,8.8460
0.0067,0.0000,0.0000,0.0000,0.0066,0.0001,200,8.8455
0.0065,0.0000,0.0000,0.0000,0.0065,0.0000,200,8.8458
0.0078,0.0000,0.0000,0.0000,0.0077,0.0000,200,8.8521
0.0077,0.0000,0.0000,0.0000,0.0076,0.0000,200,8.8522
0.0078,0.0000,0.0000,0.0000,0.0077,0.0001,200,8.8521
0.0076,0.0000,0.0000,0.0000,0.0072,0.0004,200,8.8523
0.0069,0.0000,0.0000,0.0000,0.0068,0.0001,200,8.8599
0.0070,0.0000,0.0000,0.0000,0.0069,0.0000,200,8.8599
0.0071,0.0000,0.0000,0.0000,0.0070,0.0000,200,8.8599
0.0080,0.0000,0.0000,0.0000,0.0079,0.0000,200,8.8600
0.0065,0.0000,0.0000,0.0000,0.0064,0.0001,200,8.8670
0.0068,0.0000,0.0000,0.0000,0.0068,0.0000,200,8.8668
0.0068,0.0000,0.0000,0.0000,0.0068,0.0000,200,8.8668
0.0065,0.0000,0.0000,0.0000,0.0064,0.0001,200,8.8679
0.0064,0.0000,0.0000,0.0000,0.0064,0.0000,200,8.8737
0.0067,0.0000,0.0000,0.0000,0.0066,0.0001,200,8.8735
0.0066,0.0000,0.0000,0.0000,0.0065,0.0000,200,8.8736
0.0062,0.0000,0.0000,0.0000,0.0062,0.0000,200,8.8744
0.0067,0.0000,0.0000,0.0000,0.0066,0.0001,200,8.8802
0.0067,0.0000,0.0000,0.0000,0.0066,0.0001,200,8.8801
0.0062,0.0000,0.0000,0.0000,0.0061,0.0000,200,8.8807
0.0068,0.0000,0.0000,0.0000,0.0067,0.0000,200,8.8801
0.0067,0.0000,0.0000,0.0000,0.0066,0.0001,200,8.8868
0.0068,0.0000,0.0000,0.0000,0.0067,0.0000,200,8.8869
0.0069,0.0000,0.0000,0.0000,0.0068,0.0001,200,8.8868
0.0070,0.0000,0.0000,0.0000,0.0069,0.0000,200,8.8868
0.0069,0.0000,0.0000,0.0000,0.0068,0.0001,200,8.8936
0.0069,0.0000,0.0000,0.0000,0.0068,0.0000,200,8.8937
0.0071,0.0000,0.0000,0.0000,0.0069,0.0002,200,8.8938
0.0076,0.0000,0.0000,0.0000,0.0075,0.0001,200,8.8938
0.0077,0.0000,0.0000,0.0001,0.0067,0.0001,200,8.9006
0.0069,0.0000,0.0000,0.0000,0.0067,0.0001,200,8.9013
0.0074,0.0000,0.0000,0.0001,0.0072,0.0000,200,8.9010
0.0079,0.0000,0.0000,0.0000,0.0078,0.0000,200,8.9005
0.0068,0.0000,0.0000,0.0000,0.0067,0.0001,200,8.9082
0.0067,0.0000,0.0000,0.0000,0.0066,0.0001,200,8.9083
0.0068,0.0000,0.0000,0.0000,0.0067,0.0001,200,8.9082
0.0068,0.0000,0.0000,0.0000,0.0068,0.0000,200,8.9083
0.0067,0.0000,0.0000,0.0000,0.0065,0.0001,200,8.9150
0.0067,0.0000,0.0000,0.0000,0.0066,0.0001,200,8.9150
0.0066,0.0000,0.0000,0.0000,0.0066,0.0000,200,8.9151
0.0069,0.0000,0.0000,0.0000,0.0068,0.0000,200,8.9150
0.0072,0.0000,0.0000,0.0000,0.0070,0.0001,200,8.9217
0.0072,0.0000,0.0000,0.0000,0.0071,0.0001,200,8.9217
0.0071,0.0000,0.0000,0.0000,0.0071,0.0000,200,8.9219
0.0072,0.0000,0.0000,0.0000,0.0072,0.0000,200,8.9217
0.0071,0.0000,0.0000,0.0000,0.0070,0.0001,200,8.9289
0.0070,0.0000,0.0000,0.0000,0.0070,0.0000,200,8.9290
0.0070,0.0000,0.0000,0.0000,0.0070,0.0000,200,8.9290
0.0077,0.0000,0.0000,0.0000,0.0076,0.0000,200,8.9289
0.0070,0.0000,0.0000,0.0000,0.0069,0.0000,200,8.9360
0.0071,0.0000,0.0000,0.0000,0.0070,0.0001,200,8.9360
0.0071,0.0000,0.0000,0.0000,0.0070,0.0000,200,8.9360
0.0076,0.0000,0.0000,0.0000,0.0075,0.0000,200,8.9366
0.0068,0.0000,0.0000,0.0000,0.0068,0.0000,200,8.9431
0.0068,0.0000,0.0000,0.0000,0.0068,0.0000,200,8.9431
0.0069,0.0000,0.0000,0.0000,0.0066,0.0002,200,8.9431
0.0066,0.0000,0.0000,0.0000,0.0065,0.0000,200,8.9442
0.0066,0.0000,0.0000,0.0000,0.0064,0.0001,200,8.9499
0.0067,0.0000,0.0000,0.0000,0.0066,0.0001,200,8.9499
0.0068,0.0000,0.0000,0.0000,0.0067,0.0000,200,8.9500
0.0061,0.0000,0.0000,0.0000,0.0061,0.0000,200,8.9508
0.0067,0.0000,0.0000,0.0000,0.0066,0.0001,200,8.9565
0.0070,0.0000,0.0000,0.0000,0.0067,0.0002,200,8.9567
0.0069,0.0000,0.0000,0.0000,0.0067,0.0001,200,8.9568
0.0069,0.0000,0.0000,0.0000,0.0069,0.0000,200,8.9569
0.0067,0.0000,0.0000,0.0000,0.0065,0.0001,200,8.9637
0.0069,0.0000,0.0000,0.0000,0.0068,0.0000,200,8.9636
0.0073,0.0000,0.0000,0.0000,0.0072,0.0000,200,8.9632
0.0088,0.0000,0.0000,0.0000,0.0087,0.0001,200,8.9638
0.0066,0.0000,0.0000,0.0000,0.0065,0.0001,200,8.9704
0.0065,0.0000,0.0000,0.0000,0.0064,0.0000,200,8.9705
0.0074,0.0000,0.0000,0.0000,0.0073,0.0001,200,8.9705
0.0064,0.0000,0.0000,0.0000,0.0063,0.0001,200,8.9726
0.0070,0.0000,0.0000,0.0000,0.0069,0.0001,200,8.9770
0.0070,0.0000,0.0000,0.0000,0.0069,0.0001,200,8.9770
0.0079,0.0000,0.0000,0.0000,0.0078,0.0001,200,8.9779
0.0074,0.0000,0.0000,0.0000,0.0073,0.0000,200,8.9790
0.0074,0.0000,0.0000,0.0000,0.0073,0.0001,200,8.9840
0.0074,0.0000,0.0000,0.0000,0.0073,0.0000,200,8.9840
0.0070,0.0000,0.0000,0.0000,0.0069,0.0000,200,8.9864
0.0076,0.0000,0.0000,0.0000,0.0074,0.0001,200,8.9858
0.0081,0.0000,0.0000,0.0000,0.0080,0.0001,200,8.9914
0.0081,0.0000,0.0000,0.0000,0.0080,0.0001,200,8.9914
0.0066,0.0000,0.0000,0.0000,0.0065,0.0000,200,8.9934
0.0067,0.0000,0.0000,0.0000,0.0066,0.0001,200,8.9934
0.0067,0.0000,0.0000,0.0000,0.0066,0.0001,200,8.9995
0.0067,0.0000,0.0000,0.0000,0.0066,0.0000,200,8.9995
0.0068,0.0000,0.0000,0.0000,0.0067,0.0000,200,9.0001
0.0070,0.0000,0.0000,0.0000,0.0069,0.0000,200,8.9999
0.0068,0.0000,0.0000,0.0000,0.0067,0.0001,200,9.0063
0.0069,0.0000,0.0000,0.0000,0.0069,0.0000,200,9.0063
0.0064,0.0000,0.0000,0.0000,0.0063,0.0000,200,9.0069
0.0066,0.0000,0.0000,0.0000,0.0065,0.0000,200,9.0070
0.0067,0.0000,0.0000,0.0000,0.0066,0.0001,200,9.0132
0.0067,0.0000,0.0000,0.0000,0.0067,0.0000,200,9.0132
0.0069,0.0000,0.0000,0.0000,0.0068,0.0001,200,9.0131
0.0088,0.0000,0.0000,0.0000,0.0087,0.0001,200,9.0135
0.0065,0.0000,0.0000,0.0000,0.0064,0.0001,200,9.0199
0.0065,0.0000,0.0000,0.0000,0.0064,0.0000,200,9.0200
0.0067,0.0000,0.0000,0.0000,0.0066,0.0000,200,9.0200
0.0079,0.0000,0.0000,0.0000,0.0078,0.0001,200,9.0223
0.0063,0.0000,0.0000,0.0000,0.0062,0.0001,200,9.0265
0.0071,0.0000,0.0000,0.0000,0.0070,0.0000,200,9.0267
0.0074,0.0000,0.0000,0.0000,0.0074,0.0000,200,9.0264
0.0071,0.0000,0.0000,0.0000,0.0070,0.0001,200,9.0302
0.0064,0.0000,0.0000,0.0000,0.0063,0.0000,200,9.0338
0.0074,0.0000,0.0000,0.0000,0.0073,0.0000,200,9.0328
0.0064,0.0000,0.0000,0.0000,0.0064,0.0000,200,9.0338
0.0063,0.0000,0.0000,0.0000,0.0063,0.0000,200,9.0373
0.0064,0.0000,0.0000,0.0000,0.0063,0.0001,200,9.0402
0.0064,0.0000,0.0000,0.0000,0.0064,0.0000,200,9.0403
0.0066,0.0000,0.0000,0.0000,0.0066,0.0000,200,9.0402
0.0071,0.0000,0.0000,0.0000,0.0070,0.0001,200,9.0437
0.0070,0.0000,0.0000,0.0000,0.0069,0.0001,200,9.0468
0.0072,0.0000,0.0000,0.0000,0.0071,0.0001,200,9.0466
0.0072,0.0000,0.0000,0.0000,0.0072,0.0000,200,9.0467
0.0077,0.0000,0.0000,0.0000,0.0076,0.0001,200,9.0508
0.0073,0.0000,0.0000,0.0000,0.0071,0.0001,200,9.0539
0.0075,0.0000,0.0000,0.0000,0.0074,0.0000,200,9.0539
0.0098,0.0000,0.0000,0.0000,0.0097,0.0000,200,9.0539
0.0068,0.0000,0.0000,0.0000,0.0067,0.0001,200,9.0611
0.0094,0.0000,0.0000,0.0000,0.0093,0.0001,200,9.0585
0.0078,0.0000,0.0000,0.0000,0.0078,0.0000,200,9.0614
0.0064,0.0000,0.0000,0.0000,0.0063,0.0000,200,9.0638
0.0073,0.0000,0.0000,0.0000,0.0072,0.0000,200,9.0679
0.0074,0.0000,0.0000,0.0000,0.0073,0.0000,200,9.0679
0.0063,0.0000,0.0000,0.0000,0.0062,0.0000,200,9.0692
0.0064,0.0000,0.0000,0.0000,0.0063,0.0000,200,9.0701
0.0068,0.0000,0.0000,0.0000,0.0067,0.0001,200,9.0752
0.0065,0.0000,0.0000,0.0000,0.0064,0.0001,200,9.0755
0.0072,0.0000,0.0000,0.0000,0.0071,0.0000,200,9.0753
0.0065,0.0000,0.0000,0.0000,0.0064,0.0000,200,9.0766
0.0068,0.0000,0.0000,0.0000,0.0067,0.0001,200,9.0820
0.0064,0.0000,0.0000,0.0000,0.0063,0.0001,200,9.0830
0.0072,0.0000,0.0000,0.0000,0.0071,0.0001,200,9.0825
0.0103,0.0000,0.0000,0.0000,0.0101,0.0001,200,9.0820
0.0069,0.0000,0.0000,0.0000,0.0068,0.0001,200,9.0888
0.0065,0.0000,0.0000,0.0000,0.0064,0.0000,200,9.0894
0.0066,0.0000,0.0000,0.0000,0.0065,0.0000,200,9.0897
0.0067,0.0000,0.0000,0.0000,0.0065,0.0001,200,9.0923
0.0065,0.0000,0.0000,0.0000,0.0064,0.0001,200,9.0959
0.0068,0.0000,0.0000,0.0000,0.0067,0.0000,200,9.0957
0.0064,0.0000,0.0000,0.0000,0.0063,0.0001,200,9.0963
0.0072,0.0000,0.0000,0.0000,0.0071,0.0000,200,9.0989
0.0066,0.0000,0.0000,0.0000,0.0065,0.0001,200,9.1027
0.0071,0.0000,0.0000,0.0000,0.0070,0.0000,200,9.1023
0.0069,0.0000,0.0000,0.0000,0.0068,0.0001,200,9.1025
0.0064,0.0000,0.0000,0.0000,0.0063,0.0000,200,9.1062
0.0065,0.0000,0.0000,0.0000,0.0064,0.0001,200,9.1094
0.0068,0.0000,0.0000,0.0000,0.0067,0.0000,200,9.1093
0.0068,0.0000,0.0000,0.0000,0.0067,0.0000,200,9.1094
0.0083,0.0000,0.0000,0.0000,0.0082,0.0001,200,9.1125
0.0066,0.0000,0.0000,0.0000,0.0065,0.0000,200,9.1162
0.0067,0.0000,0.0000,0.0000,0.0066,0.0001,200,9.1161
0.0071,0.0000,0.0000,0.0000,0.0070,0.0000,200,9.1159
0.0067,0.0000,0.0000,0.0000,0.0066,0.0001,200,9.1208
0.0080,0.0000,0.0000,0.0000,0.0080,0.0000,200,9.1231
0.0083,0.0000,0.0000,0.0000,0.0082,0.0001,200,9.1228
0.0085,0.0000,0.0000,0.0000,0.0084,0.0000,200,9.1228
0.0067,0.0000,0.0000,0.0000,0.0065,0.0001,200,9.1275
0.0065,0.0000,0.0000,0.0000,0.0064,0.0001,200,9.1311
0.0066,0.0000,0.0000,0.0000,0.0065,0.0000,200,9.1311
0.0078,0.0000,0.0000,0.0000,0.0077,0.0000,200,9.1312
0.0065,0.0000,0.0000,0.0000,0.0064,0.0000,200,9.1342
0.0064,0.0000,0.0000,0.0000,0.0063,0.0001,200,9.1376
0.0071,0.0000,0.0000,0.0000,0.0071,0.0000,200,9.1377
0.0063,0.0000,0.0000,0.0000,0.0062,0.0000,200,9.1390
0.0063,0.0000,0.0000,0.0000,0.0062,0.0000,200,9.1406
0.0066,0.0000,0.0000,0.0000,0.0065,0.0001,200,9.1441
0.0066,0.0000,0.0000,0.0000,0.0065,0.0000,200,9.1448
0.0063,0.0000,0.0000,0.0000,0.0063,0.0000,200,9.1453
0.0074,0.0000,0.0000,0.0000,0.0073,0.0001,200,9.1469
0.0069,0.0000,0.0000,0.0000,0.0068,0.0001,200,9.1507
0.0066,0.0000,0.0000,0.0000,0.0065,0.0000,200,9.1516
0.0082,0.0000,0.0000,0.0000,0.0081,0.0001,200,9.1514
0.0063,0.0000,0.0000,0.0000,0.0062,0.0000,200,9.1543
0.0063,0.0000,0.0000,0.0000,0.0062,0.0000,200,9.1582
0.0069,0.0000,0.0000,0.0000,0.0068,0.0000,200,9.1576
0.0066,0.0000,0.0000,0.0000,0.0065,0.0000,200,9.1596
0.0071,0.0000,0.0000,0.0000,0.0070,0.0001,200,9.1606
0.0065,0.0000,0.0000,0.0000,0.0064,0.0000,200,9.1645
0.0064,0.0000,0.0000,0.0000,0.0063,0.0000,200,9.1646
0.0067,0.0000,0.0000,0.0000,0.0066,0.0001,200,9.1661
0.0065,0.0000,0.0000,0.0000,0.0064,0.0001,200,9.1677
0.0068,0.0000,0.0000,0.0000,0.0067,0.0001,200,9.1710
0.0069,0.0000,0.0000,0.0000,0.0068,0.0000,200,9.1710
0.0066,0.0000,0.0000,0.0000,0.0065,0.0000,200,9.1729
0.0064,0.0000,0.0000,0.0000,0.0063,0.0000,200,9.1742
0.0066,0.0000,0.0000,0.0000,0.0065,0.0001,200,9.1778
0.0068,0.0000,0.0000,0.0000,0.0067,0.0000,200,9.1779
0.0064,0.0000,0.0000,0.0000,0.0063,0.0000,200,9.1794
0.0068,0.0000,0.0000,0.0000,0.0067,0.0000,200,9.1806
0.0067,0.0000,0.0000,0.0000,0.0066,0.0001,200,9.1846
0.0070,0.0000,0.0000,0.0000,0.0069,0.0001,200,9.1844
0.0062,0.0000,0.0000,0.0000,0.0062,0.0000,200,9.1858
0.0065,0.0000,0.0000,0.0000,0.0064,0.0001,200,9.1875
0.0067,0.0000,0.0000,0.0000,0.0065,0.0002,200,9.1914
0.0069,0.0000,0.0000,0.0000,0.0068,0.0000,200,9.1914
0.0064,0.0000,0.0000,0.0000,0.0063,0.0000,200,9.1920
0.0065,0.0000,0.0000,0.0000,0.0064,0.0000,200,9.1940
0.0066,0.0000,0.0000,0.0000,0.0065,0.0001,200,9.1982
0.0067,0.0000,0.0000,0.0000,0.0065,0.0000,200,9.1981
0.0067,0.0000,0.0000,0.0000,0.0066,0.0000,200,9.1985
0.0066,0.0000,0.0000,0.0000,0.0066,0.0001,200,9.2006
0.0068,0.0000,0.0000,0.0000,0.0068,0.0001,200,9.2051
0.0074,0.0000,0.0000,0.0000,0.0074,0.0000,200,9.2048
0.0081,0.0000,0.0000,0.0000,0.0080,0.0001,200,9.2048
0.0067,0.0000,0.0000,0.0000,0.0066,0.0000,200,9.2072
0.0066,0.0000,0.0000,0.0000,0.0066,0.0001,200,9.2122
0.0070,0.0000,0.0000,0.0000,0.0068,0.0001,200,9.2120
0.0062,0.0000,0.0000,0.0000,0.0061,0.0000,200,9.2129
0.0063,0.0000,0.0000,0.0000,0.0062,0.0000,200,9.2139
0.0067,0.0000,0.0000,0.0000,0.0066,0.0001,200,9.2189
0.0068,0.0000,0.0000,0.0000,0.0067,0.0001,200,9.2190
0.0068,0.0000,0.0000,0.0000,0.0067,0.0000,200,9.2191
0.0062,0.0000,0.0000,0.0000,0.0062,0.0000,200,9.2201
0.0067,0.0000,0.0000,0.0000,0.0065,0.0001,200,9.2258
0.0066,0.0000,0.0000,0.0000,0.0065,0.0001,200,9.2259
0.0065,0.0000,0.0000,0.0000,0.0064,0.0001,200,9.2264
0.0075,0.0000,0.0000,0.0000,0.0074,0.0001,200,9.2256
0.0067,0.0000,0.0000,0.0000,0.0066,0.0001,200,9.2325
0.0069,0.0000,0.0000,0.0000,0.0068,0.0000,200,9.2325
0.0066,0.0000,0.0000,0.0000,0.0065,0.0001,200,9.2331
0.0075,0.0000,0.0000,0.0000,0.0074,0.0000,200,9.2329
0.0071,0.0000,0.0000,0.0000,0.0070,0.0001,200,9.2404
0.0085,0.0000,0.0000,0.0000,0.0084,0.0000,200,9.2391
0.0083,0.0000,0.0000,0.0000,0.0083,0.0000,200,9.2394
0.0080,0.0000,0.0000,0.0000,0.0080,0.0000,200,9.2397
0.0071,0.0000,0.0000,0.0000,0.0070,0.0001,200,9.2477
0.0072,0.0000,0.0000,0.0000,0.0071,0.0001,200,9.2476
0.0074,0.0000,0.0000,0.0000,0.0073,0.0000,200,9.2475
0.0071,0.0000,0.0000,0.0000,0.0070,0.0000,200,9.2478
0.0066,0.0000,0.0000,0.0000,0.0065,0.0001,200,9.2549
0.0067,0.0000,0.0000,0.0000,0.0066,0.0001,200,9.2548
0.0067,0.0000,0.0000,0.0000,0.0066,0.0001,200,9.2548
0.0077,0.0000,0.0000,0.0000,0.0076,0.0000,200,9.2549
0.0067,0.0000,0.0000,0.0000,0.0066,0.0001,200,9.2615
0.0067,0.0000,0.0000,0.0000,0.0066,0.0000,200,9.2615
0.0067,0.0000,0.0000,0.0000,0.0066,0.0000,200,9.2615
0.0068,0.0000,0.0000,0.0000,0.0067,0.0000,200,9.2626
0.0067,0.0000,0.0000,0.0000,0.0064,0.0002,200,9.2682
0.0068,0.0000,0.0000,0.0000,0.0067,0.0000,200,9.2682
0.0065,0.0000,0.0000,0.0000,0.0064,0.0001,200,9.2694
0.0077,0.0000,0.0000,0.0000,0.0076,0.0000,200,9.2682
0.0068,0.0000,0.0000,0.0000,0.0067,0.0000,200,9.2750
0.0069,0.0000,0.0000,0.0000,0.0066,0.0001,200,9.2749
0.0073,0.0000,0.0000,0.0000,0.0072,0.0001,200,9.2759
0.0074,0.0000,0.0000,0.0000,0.0073,0.0000,200,9.2760
0.0067,0.0000,0.0000,0.0000,0.0065,0.0001,200,9.2817
0.0070,0.0000,0.0000,0.0000,0.0070,0.0000,200,9.2818
0.0064,0.0000,0.0000,0.0000,0.0063,0.0000,200,9.2832
0.0063,0.0000,0.0000,0.0000,0.0063,0.0000,200,9.2833
0.0066,0.0000,0.0000,0.0000,0.0065,0.0001,200,9.2888
0.0070,0.0000,0.0000,0.0000,0.0069,0.0001,200,9.2884
0.0067,0.0000,0.0000,0.0000,0.0066,0.0000,200,9.2896
0.0066,0.0000,0.0000,0.0000,0.0065,0.0000,200,9.2897
0.0069,0.0000,0.0000,0.0000,0.0068,0.0001,200,9.2954
0.0069,0.0000,0.0000,0.0000,0.0064,0.0000,200,9.2954
0.0064,0.0000,0.0000,0.0000,0.0063,0.0000,200,9.2963
0.0065,0.0000,0.0000,0.0000,0.0064,0.0000,200,9.2963
0.0069,0.0000,0.0000,0.0000,0.0067,0.0001,200,9.3023
0.0071,0.0000,0.0000,0.0000,0.0070,0.0001,200,9.3023
0.0067,0.0000,0.0000,0.0000,0.0067,0.0000,200,9.3027
0.0068,0.0000,0.0000,0.0000,0.0068,0.0000,200,9.3027
0.0076,0.0000,0.0000,0.0000,0.0075,0.0001,200,9.3094
0.0075,0.0000,0.0000,0.0000,0.0075,0.0000,200,9.3095
0.0080,0.0000,0.0000,0.0000,0.0079,0.0000,200,9.3091
0.0077,0.0000,0.0000,0.0000,0.0076,0.0001,200,9.3094
0.0065,0.0000,0.0000,0.0000,0.0064,0.0001,200,9.3171
0.0068,0.0000,0.0000,0.0000,0.0067,0.0000,200,9.3170
0.0067,0.0000,0.0000,0.0000,0.0067,0.0000,200,9.3171
0.0069,0.0000,0.0000,0.0000,0.0069,0.0000,200,9.3170
0.0066,0.0000,0.0000,0.0000,0.0065,0.0001,200,9.3238
0.0068,0.0000,0.0000,0.0000,0.0067,0.0000,200,9.3236
0.0065,0.0000,0.0000,0.0000,0.0064,0.0000,200,9.3239
0.0066,0.0000,0.0000,0.0000,0.0065,0.0000,200,9.3239
0.0070,0.0000,0.0000,0.0000,0.0069,0.0001,200,9.3305
0.0070,0.0000,0.0000,0.0000,0.0069,0.0000,200,9.3305
0.0093,0.0000,0.0000,0.0000,0.0091,0.0001,200,9.3304
0.0093,0.0000,0.0000,0.0000,0.0092,0.0001,200,9.3304
0.0066,0.0000,0.0000,0.0000,0.0065,0.0001,200,9.3374
0.0068,0.0000,0.0000,0.0000,0.0067,0.0000,200,9.3375
0.0064,0.0000,0.0000,0.0000,0.0063,0.0001,200,9.3397
0.0066,0.0000,0.0000,0.0000,0.0065,0.0000,200,9.3397
0.0066,0.0000,0.0000,0.0000,0.0064,0.0001,200,9.3440
0.0064,0.0000,0.0000,0.0000,0.0063,0.0000,200,9.3442
0.0065,0.0000,0.0000,0.0000,0.0064,0.0001,200,9.3462
0.0068,0.0000,0.0000,0.0000,0.0067,0.0001,200,9.3461
0.0082,0.0000,0.0000,0.0000,0.0081,0.0001,200,9.3506
0.0082,0.0000,0.0000,0.0000,0.0081,0.0001,200,9.3506
0.0074,0.0000,0.0000,0.0000,0.0073,0.0001,200,9.3528
0.0076,0.0000,0.0000,0.0000,0.0076,0.0000,200,9.3530
0.0064,0.0000,0.0000,0.0000,0.0063,0.0001,200,9.3602
0.0078,0.0000,0.0000,0.0000,0.0077,0.0000,200,9.3588
0.0081,0.0000,0.0000,0.0000,0.0080,0.0000,200,9.3588
0.0064,0.0000,0.0000,0.0000,0.0064,0.0000,200,9.3606
0.0068,0.0000,0.0000,0.0000,0.0067,0.0001,200,9.3666
0.0068,0.0000,0.0000,0.0000,0.0067,0.0001,200,9.3666
0.0067,0.0000,0.0000,0.0000,0.0066,0.0000,200,9.3669
0.0114,0.0000,0.0000,0.0000,0.0113,0.0001,200,9.3670
0.0065,0.0000,0.0000,0.0000,0.0064,0.0001,200,9.3734
0.0065,0.0000,0.0000,0.0000,0.0065,0.0000,200,9.3736
0.0069,0.0000,0.0000,0.0000,0.0068,0.0000,200,9.3734
0.0066,0.0000,0.0000,0.0000,0.0065,0.0001,200,9.3784
0.0066,0.0000,0.0000,0.0000,0.0065,0.0001,200,9.3803
0.0071,0.0000,0.0000,0.0000,0.0070,0.0001,200,9.3799
0.0070,0.0000,0.0000,0.0000,0.0069,0.0000,200,9.3801
0.0065,0.0000,0.0000,0.0000,0.0064,0.0001,200,9.3850
0.0063,0.0000,0.0000,0.0000,0.0062,0.0001,200,9.3871
0.0067,0.0000,0.0000,0.0000,0.0067,0.0000,200,9.3868
0.0070,0.0000,0.0000,0.0002,0.0068,0.0000,200,9.3871
0.0064,0.0000,0.0000,0.0000,0.0063,0.0001,200,9.3916
0.0066,0.0000,0.0000,0.0000,0.0065,0.0000,200,9.3936
0.0068,0.0000,0.0000,0.0000,0.0067,0.0000,200,9.3935
0.0068,0.0000,0.0000,0.0000,0.0068,0.0000,200,9.3941
0.0071,0.0000,0.0000,0.0000,0.0069,0.0001,200,9.3980
0.0066,0.0000,0.0000,0.0000,0.0065,0.0001,200,9.4003
0.0064,0.0000,0.0000,0.0000,0.0063,0.0000,200,9.4009
0.0072,0.0000,0.0000,0.0000,0.0071,0.0000,200,9.4002
0.0067,0.0000,0.0000,0.0000,0.0066,0.0001,200,9.4050
0.0067,0.0000,0.0000,0.0001,0.0065,0.0000,200,9.4073
0.0071,0.0000,0.0000,0.0000,0.0070,0.0001,200,9.4069
0.0066,0.0000,0.0000,0.0000,0.0065,0.0001,200,9.4074
0.0064,0.0000,0.0000,0.0000,0.0063,0.0001,200,9.4117
0.0067,0.0000,0.0000,0.0000,0.0066,0.0001,200,9.4140
0.0069,0.0000,0.0000,0.0000,0.0069,0.0000,200,9.4140
0.0073,0.0000,0.0000,0.0000,0.0072,0.0000,200,9.4140
0.0064,0.0000,0.0000,0.0000,0.0063,0.0001,200,9.4182
0.0069,0.0000,0.0000,0.0000,0.0067,0.0001,200,9.4207
0.0065,0.0000,0.0000,0.0000,0.0064,0.0000,200,9.4213
0.0070,0.0000,0.0000,0.0000,0.0070,0.0000,200,9.4209
0.0065,0.0000,0.0000,0.0000,0.0064,0.0001,200,9.4246
0.0064,0.0000,0.0000,0.0000,0.0063,0.0001,200,9.4276
0.0062,0.0000,0.0000,0.0000,0.0062,0.0000,200,9.4279
0.0064,0.0000,0.0000,0.0000,0.0064,0.0000,200,9.4278
0.0085,0.0000,0.0000,0.0000,0.0084,0.0001,200,9.4311
0.0068,0.0000,0.0000,0.0000,0.0067,0.0000,200,9.4340
0.0066,0.0000,0.0000,0.0000,0.0065,0.0000,200,9.4342
0.0086,0.0000,0.0000,0.0000,0.0085,0.0001,200,9.4343
0.0066,0.0000,0.0000,0.0000,0.0065,0.0001,200,9.4396
0.0069,0.0000,0.0000,0.0000,0.0068,0.0001,200,9.4408
0.0069,0.0000,0.0000,0.0000,0.0068,0.0000,200,9.4408
0.0079,0.0000,0.0000,0.0000,0.0078,0.0001,200,9.4428
0.0071,0.0000,0.0000,0.0000,0.0070,0.0001,200,9.4477
0.0071,0.0000,0.0000,0.0000,0.0069,0.0001,200,9.4477
0.0087,0.0000,0.0000,0.0000,0.0086,0.0000,200,9.4462
0.0091,0.0000,0.0000,0.0000,0.0089,0.0001,200,9.4508
0.0072,0.0000,0.0000,0.0000,0.0071,0.0001,200,9.4548
0.0087,0.0000,0.0000,0.0000,0.0087,0.0000,200,9.4549
0.0094,0.0000,0.0000,0.0000,0.0090,0.0000,200,9.4547
0.0066,0.0000,0.0000,0.0000,0.0065,0.0000,200,9.4598
0.0064,0.0000,0.0000,0.0000,0.0063,0.0000,200,9.4619
0.0075,0.0000,0.0000,0.0000,0.0070,0.0004,200,9.4636
0.0072,0.0000,0.0000,0.0000,0.0065,0.0007,200,9.4641
0.0062,0.0000,0.0000,0.0000,0.0062,0.0001,200,9.4664
0.0071,0.0000,0.0000,0.0000,0.0070,0.0001,200,9.4683
0.0069,0.0000,0.0000,0.0001,0.0067,0.0001,200,9.4711
0.0073,0.0000,0.0000,0.0008,0.0065,0.0000,200,9.4713
0.0087,0.0000,0.0000,0.0000,0.0086,0.0000,200,9.4727
0.0072,0.0000,0.0000,0.0000,0.0071,0.0001,200,9.4755
0.0063,0.0000,0.0000,0.0000,0.0062,0.0000,200,9.4780
0.0065,0.0000,0.0000,0.0001,0.0063,0.0000,200,9.4787
0.0062,0.0000,0.0000,0.0000,0.0061,0.0001,200,9.4814
0.0067,0.0000,0.0000,0.0000,0.0066,0.0001,200,9.4827
0.0064,0.0000,0.0000,0.0000,0.0063,0.0000,200,9.4843
0.0063,0.0000,0.0000,0.0000,0.0062,0.0000,200,9.4851
0.0065,0.0000,0.0000,0.0000,0.0064,0.0001,200,9.4876
0.0068,0.0000,0.0000,0.0000,0.0067,0.0001,200,9.4914
0.0091,0.0000,0.0000,0.0000,0.0090,0.0000,200,9.4893
0.0078,0.0000,0.0000,0.0000,0.0077,0.0000,200,9.4906
0.0066,0.0000,0.0000,0.0000,0.0065,0.0001,200,9.4942
0.0067,0.0000,0.0000,0.0000,0.0065,0.0001,200,9.4984
0.0068,0.0000,0.0000,0.0000,0.0067,0.0000,200,9.4984
0.0077,0.0000,0.0000,0.0000,0.0076,0.0001,200,9.4982
0.0065,0.0000,0.0000,0.0000,0.0064,0.0001,200,9.5008
0.0080,0.0000,0.0000,0.0000,0.0080,0.0001,200,9.5052
0.0073,0.0000,0.0000,0.0000,0.0072,0.0001,200,9.5059
0.0094,0.0000,0.0000,0.0000,0.0093,0.0000,200,9.5051
0.0094,0.0000,0.0000,0.0000,0.0093,0.0001,200,9.5073
0.0072,0.0000,0.0000,0.0000,0.0070,0.0001,200,9.5132
0.0073,0.0000,0.0000,0.0000,0.0072,0.0000,200,9.5132
0.0064,0.0000,0.0000,0.0000,0.0063,0.0001,200,9.5145
0.0069,0.0000,0.0000,0.0000,0.0068,0.0001,200,9.5167
0.0068,0.0000,0.0000,0.0000,0.0066,0.0001,200,9.5204
0.0086,0.0000,0.0000,0.0000,0.0086,0.0001,200,9.5205
0.0082,0.0000,0.0000,0.0000,0.0081,0.0001,200,9.5210
0.0085,0.0000,0.0000,0.0000,0.0084,0.0001,200,9.5236
0.0067,0.0000,0.0000,0.0000,0.0066,0.0001,200,9.5272
0.0066,0.0000,0.0000,0.0001,0.0065,0.0000,200,9.5292
0.0066,0.0000,0.0000,0.0000,0.0065,0.0000,200,9.5292
0.0066,0.0000,0.0000,0.0000,0.0066,0.0000,200,9.5321
0.0081,0.0000,0.0000,0.0000,0.0079,0.0001,200,9.5338
0.0068,0.0000,0.0000,0.0000,0.0067,0.0000,200,9.5358
0.0068,0.0000,0.0000,0.0000,0.0068,0.0000,200,9.5358
0.0066,0.0000,0.0000,0.0000,0.0064,0.0001,200,9.5388
0.0069,0.0000,0.0000,0.0000,0.0068,0.0001,200,9.5420
0.0066,0.0000,0.0000,0.0000,0.0065,0.0000,200,9.5426
0.0072,0.0000,0.0000,0.0000,0.0071,0.0001,200,9.5426
0.0070,0.0000,0.0000,0.0000,0.0069,0.0001,200,9.5454
0.0066,0.0000,0.0000,0.0000,0.0064,0.0001,200,9.5489
0.0064,0.0000,0.0000,0.0000,0.0064,0.0000,200,9.5491
0.0064,0.0000,0.0000,0.0000,0.0063,0.0000,200,9.5498
0.0065,0.0000,0.0000,0.0000,0.0064,0.0000,200,9.5523
0.0065,0.0000,0.0000,0.0000,0.0064,0.0001,200,9.5554
0.0067,0.0000,0.0000,0.0000,0.0067,0.0000,200,9.5556
0.0065,0.0000,0.0000,0.0000,0.0064,0.0001,200,9.5562
0.0065,0.0000,0.0000,0.0000,0.0064,0.0000,200,9.5588
0.0064,0.0000,0.0000,0.0000,0.0063,0.0001,200,9.5619
0.0062,0.0000,0.0000,0.0000,0.0062,0.0000,200,9.5623
0.0065,0.0000,0.0000,0.0000,0.0065,0.0000,200,9.5627
0.0067,0.0000,0.0000,0.0000,0.0066,0.0000,200,9.5653
0.0064,0.0000,0.0000,0.0000,0.0063,0.0001,200,9.5683
0.0063,0.0000,0.0000,0.0000,0.0063,0.0000,200,9.5685
0.0065,0.0000,0.0000,0.0000,0.0064,0.0001,200,9.5693
0.0068,0.0000,0.0000,0.0000,0.0066,0.0001,200,9.5720
0.0065,0.0000,0.0000,0.0000,0.0064,0.0000,200,9.5747
0.0065,0.0000,0.0000,0.0000,0.0064,0.0000,200,9.5749
0.0069,0.0000,0.0000,0.0000,0.0068,0.0000,200,9.5757
0.0072,0.0000,0.0000,0.0000,0.0070,0.0001,200,9.5788
0.0066,0.0000,0.0000,0.0000,0.0066,0.0000,200,9.5812
0.0065,0.0000,0.0000,0.0000,0.0064,0.0000,200,9.5826
0.0084,0.0000,0.0000,0.0000,0.0083,0.0001,200,9.5814
0.0074,0.0000,0.0000,0.0000,0.0073,0.0001,200,9.5859
0.0064,0.0000,0.0000,0.0000,0.0063,0.0001,200,9.5878
0.0066,0.0000,0.0000,0.0000,0.0066,0.0000,200,9.5891
0.0065,0.0000,0.0000,0.0000,0.0064,0.0001,200,9.5897
0.0065,0.0000,0.0000,0.0000,0.0064,0.0001,200,9.5933
0.0078,0.0000,0.0000,0.0000,0.0077,0.0001,200,9.5943
0.0069,0.0000,0.0000,0.0000,0.0068,0.0000,200,9.5958
0.0066,0.0000,0.0000,0.0000,0.0065,0.0001,200,9.5962
0.0073,0.0000,0.0000,0.0000,0.0072,0.0001,200,9.5998
0.0066,0.0000,0.0000,0.0000,0.0065,0.0001,200,9.6020
0.0063,0.0000,0.0000,0.0000,0.0062,0.0000,200,9.6027
0.0064,0.0000,0.0000,0.0000,0.0063,0.0000,200,9.6029
0.0066,0.0000,0.0000,0.0000,0.0065,0.0001,200,9.6071
0.0063,0.0000,0.0000,0.0000,0.0063,0.0000,200,9.6093
0.0067,0.0000,0.0000,0.0000,0.0066,0.0000,200,9.6090
0.0072,0.0000,0.0000,0.0000,0.0071,0.0000,200,9.6086
0.0068,0.0000,0.0000,0.0000,0.0067,0.0001,200,9.6138
0.0070,0.0000,0.0000,0.0000,0.0069,0.0001,200,9.6156
0.0070,0.0000,0.0000,0.0000,0.0069,0.0000,200,9.6157
0.0075,0.0000,0.0000,0.0000,0.0073,0.0001,200,9.6159
0.0074,0.0000,0.0000,0.0000,0.0072,0.0001,200,9.6206
0.0077,0.0000,0.0000,0.0000,0.0075,0.0001,200,9.6226
0.0078,0.0000,0.0000,0.0000,0.0077,0.0000,200,9.6226
0.0071,0.0000,0.0000,0.0000,0.0070,0.0001,200,9.6233
0.0069,0.0000,0.0000,0.0000,0.0068,0.0001,200,9.6279
0.0074,0.0000,0.0000,0.0000,0.0073,0.0000,200,9.6304
0.0075,0.0000,0.0000,0.0000,0.0074,0.0001,200,9.6303
0.0074,0.0000,0.0000,0.0000,0.0073,0.0001,200,9.6304
0.0089,0.0000,0.0000,0.0000,0.0088,0.0001,200,9.6348
0.0093,0.0000,0.0000,0.0000,0.0092,0.0001,200,9.6379
0.0094,0.0000,0.0000,0.0000,0.0094,0.0000,200,9.6378
0.0097,0.0000,0.0000,0.0000,0.0097,0.0000,200,9.6378
0.0070,0.0000,0.0000,0.0000,0.0069,0.0001,200,9.6437
0.0070,0.0000,0.0000,0.0000,0.0069,0.0001,200,9.6472
0.0071,0.0000,0.0000,0.0000,0.0070,0.0001,200,9.6471
0.0081,0.0000,0.0000,0.0000,0.0080,0.0000,200,9.6475
0.0066,0.0000,0.0000,0.0000,0.0065,0.0000,200,9.6508
0.0065,0.0000,0.0000,0.0000,0.0064,0.0000,200,9.6543
0.0067,0.0000,0.0000,0.0000,0.0066,0.0000,200,9.6543
0.0064,0.0000,0.0000,0.0000,0.0063,0.0000,200,9.6557
0.0064,0.0000,0.0000,0.0000,0.0063,0.0001,200,9.6573
0.0066,0.0000,0.0000,0.0000,0.0065,0.0001,200,9.6610
0.0069,0.0000,0.0000,0.0000,0.0069,0.0001,200,9.6607
0.0064,0.0000,0.0000,0.0000,0.0064,0.0000,200,9.6620
0.0064,0.0000,0.0000,0.0000,0.0063,0.0000,200,9.6637
0.0067,0.0000,0.0000,0.0000,0.0066,0.0001,200,9.6676
0.0063,0.0000,0.0000,0.0000,0.0062,0.0000,200,9.6685
0.0075,0.0000,0.0000,0.0000,0.0074,0.0000,200,9.6677
0.0063,0.0000,0.0000,0.0000,0.0063,0.0000,200,9.6702
0.0068,0.0000,0.0000,0.0000,0.0067,0.0001,200,9.6748
0.0072,0.0000,0.0000,0.0000,0.0071,0.0001,200,9.6743
0.0065,0.0000,0.0000,0.0000,0.0065,0.0000,200,9.6752
0.0063,0.0000,0.0000,0.0000,0.0062,0.0000,200,9.6765
0.0066,0.0000,0.0000,0.0000,0.0065,0.0001,200,9.6816
0.0068,0.0000,0.0000,0.0000,0.0067,0.0000,200,9.6816
0.0076,0.0000,0.0000,0.0000,0.0076,0.0000,200,9.6817
0.0066,0.0000,0.0000,0.0000,0.0065,0.0000,200,9.6827
0.0065,0.0000,0.0000,0.0000,0.0065,0.0001,200,9.6884
0.0068,0.0000,0.0000,0.0000,0.0067,0.0000,200,9.6882
0.0075,0.0000,0.0000,0.0000,0.0074,0.0001,200,9.6894
0.0077,0.0000,0.0000,0.0000,0.0076,0.0000,200,9.6894
0.0064,0.0000,0.0000,0.0000,0.0064,0.0001,200,9.6949
0.0065,0.0000,0.0000,0.0000,0.0065,0.0000,200,9.6950
0.0067,0.0000,0.0000,0.0000,0.0066,0.0000,200,9.6969
0.0068,0.0000,0.0000,0.0000,0.0068,0.0000,200,9.6970
0.0063,0.0000,0.0000,0.0000,0.0062,0.0000,200,9.7014
0.0084,0.0000,0.0000,0.0000,0.0063,0.0020,200,9.7015
0.0065,0.0000,0.0000,0.0000,0.0064,0.0000,200,9.7035
0.0066,0.0000,0.0000,0.0000,0.0066,0.0000,200,9.7039
0.0069,0.0000,0.0000,0.0000,0.0067,0.0001,200,9.7077
0.0067,0.0000,0.0000,0.0000,0.0065,0.0001,200,9.7100
0.0069,0.0000,0.0000,0.0000,0.0068,0.0001,200,9.7100
0.0066,0.0000,0.0000,0.0000,0.0065,0.0000,200,9.7105
0.0074,0.0000,0.0000,0.0000,0.0072,0.0001,200,9.7146
0.0066,0.0000,0.0000,0.0000,0.0065,0.0000,200,9.7171
0.0070,0.0000,0.0000,0.0000,0.0069,0.0000,200,9.7167
0.0068,0.0000,0.0000,0.0001,0.0066,0.0000,200,9.7169
0.0070,0.0000,0.0000,0.0000,0.0067,0.0002,200,9.7220
0.0066,0.0000,0.0000,0.0000,0.0065,0.0000,200,9.7236
0.0066,0.0000,0.0000,0.0000,0.0065,0.0001,200,9.7237
0.0067,0.0000,0.0000,0.0000,0.0066,0.0000,200,9.7237
0.0070,0.0000,0.0000,0.0000,0.0069,0.0001,200,9.7289
0.0064,0.0000,0.0000,0.0000,0.0063,0.0000,200,9.7303
0.0062,0.0000,0.0000,0.0000,0.0061,0.0000,200,9.7304
0.0066,0.0000,0.0000,0.0000,0.0065,0.0000,200,9.7303
0.0065,0.0000,0.0000,0.0000,0.0064,0.0001,200,9.7360
0.0063,0.0000,0.0000,0.0000,0.0062,0.0000,200,9.7369
0.0065,0.0000,0.0000,0.0000,0.0064,0.0000,200,9.7366
0.0067,0.0000,0.0000,0.0000,0.0066,0.0000,200,9.7366
0.0082,0.0000,0.0000,0.0000,0.0081,0.0001,200,9.7424
0.0075,0.0000,0.0000,0.0000,0.0073,0.0001,200,9.7432
0.0075,0.0000,0.0000,0.0000,0.0074,0.0000,200,9.7432
0.0073,0.0000,0.0000,0.0000,0.0072,0.0001,200,9.7433
0.0068,0.0000,0.0000,0.0000,0.0067,0.0001,200,9.7506
0.0068,0.0000,0.0000,0.0000,0.0067,0.0001,200,9.7506
0.0068,0.0000,0.0000,0.0000,0.0067,0.0000,200,9.7507
0.0069,0.0000,0.0000,0.0000,0.0068,0.0000,200,9.7506
0.0067,0.0000,0.0000,0.0000,0.0066,0.0001,200,9.7575
0.0069,0.0000,0.0000,0.0000,0.0068,0.0000,200,9.7575
0.0069,0.0000,0.0000,0.0000,0.0068,0.0000,200,9.7575
0.0069,0.0000,0.0000,0.0000,0.0068,0.0000,200,9.7575
0.0098,0.0000,0.0000,0.0000,0.0097,0.0001,200,9.7642
0.0097,0.0000,0.0000,0.0000,0.0097,0.0000,200,9.7643
0.0097,0.0000,0.0000,0.0000,0.0096,0.0001,200,9.7644
0.0097,0.0000,0.0000,0.0000,0.0096,0.0000,200,9.7644
0.0068,0.0000,0.0000,0.0000,0.0067,0.0001,200,9.7740
0.0069,0.0000,0.0000,0.0000,0.0067,0.0002,200,9.7741
0.0069,0.0000,0.0000,0.0000,0.0068,0.0000,200,9.7741
0.0080,0.0000,0.0000,0.0000,0.0079,0.0000,200,9.7740
0.0071,0.0000,0.0000,0.0000,0.0070,0.0001,200,9.7809
0.0070,0.0000,0.0000,0.0000,0.0069,0.0001,200,9.7810
0.0091,0.0000,0.0000,0.0000,0.0090,0.0001,200,9.7810
0.0092,0.0000,0.0000,0.0000,0.0091,0.0001,200,9.7820
0.0066,0.0000,0.0000,0.0000,0.0065,0.0001,200,9.7880
0.0066,0.0000,0.0000,0.0000,0.0066,0.0000,200,9.7880
0.0064,0.0000,0.0000,0.0000,0.0063,0.0000,200,9.7901
0.0067,0.0000,0.0000,0.0000,0.0066,0.0001,200,9.7912
0.0078,0.0000,0.0000,0.0000,0.0077,0.0001,200,9.7946
0.0079,0.0000,0.0000,0.0000,0.0078,0.0000,200,9.7946
0.0064,0.0000,0.0000,0.0000,0.0064,0.0000,200,9.7966
0.0073,0.0000,0.0000,0.0000,0.0071,0.0001,200,9.7979
0.0067,0.0000,0.0000,0.0000,0.0066,0.0001,200,9.8024
0.0067,0.0000,0.0000,0.0000,0.0066,0.0000,200,9.8025
0.0066,0.0000,0.0000,0.0000,0.0063,0.0003,200,9.8030
0.0064,0.0000,0.0000,0.0000,0.0064,0.0000,200,9.8052
0.0067,0.0000,0.0000,0.0000,0.0065,0.0001,200,9.8091
0.0067,0.0000,0.0000,0.0000,0.0066,0.0001,200,9.8092
0.0063,0.0000,0.0000,0.0000,0.0062,0.0000,200,9.8096
0.0066,0.0000,0.0000,0.0000,0.0065,0.0001,200,9.8116
0.0064,0.0000,0.0000,0.0000,0.0063,0.0001,200,9.8159
0.0066,0.0000,0.0000,0.0000,0.0065,0.0000,200,9.8158
0.0067,0.0000,0.0000,0.0000,0.0064,0.0000,200,9.8159
0.0064,0.0000,0.0000,0.0000,0.0063,0.0000,200,9.8182
0.0066,0.0000,0.0000,0.0000,0.0065,0.0001,200,9.8223
0.0066,0.0000,0.0000,0.0000,0.0065,0.0001,200,9.8224
0.0065,0.0000,0.0000,0.0000,0.0064,0.0000,200,9.8225
0.0064,0.0000,0.0000,0.0000,0.0063,0.0001,200,9.8245
0.0079,0.0000,0.0000,0.0000,0.0078,0.0001,200,9.8290
0.0079,0.0000,0.0000,0.0000,0.0078,0.0000,200,9.8290
0.0080,0.0000,0.0000,0.0000,0.0078,0.0000,200,9.8290
0.0080,0.0000,0.0000,0.0000,0.0079,0.0001,200,9.8309
0.0070,0.0000,0.0000,0.0000,0.0069,0.0001,200,9.8369
0.0071,0.0000,0.0000,0.0000,0.0070,0.0001,200,9.8369
0.0079,0.0000,0.0000,0.0000,0.0078,0.0000,200,9.8369
0.0067,0.0000,0.0000,0.0000,0.0066,0.0001,200,9.8389
0.0066,0.0000,0.0000,0.0000,0.0065,0.0001,200,9.8448
0.0075,0.0000,0.0000,0.0000,0.0074,0.0000,200,9.8439
0.0074,0.0000,0.0000,0.0000,0.0074,0.0000,200,9.8440
0.0066,0.0000,0.0000,0.0000,0.0065,0.0000,200,9.8456
0.0067,0.0000,0.0000,0.0000,0.0066,0.0001,200,9.8514
0.0068,0.0000,0.0000,0.0000,0.0067,0.0000,200,9.8515
0.0062,0.0000,0.0000,0.0000,0.0061,0.0000,200,9.8522
0.0070,0.0000,0.0000,0.0000,0.0069,0.0000,200,9.8514
0.0065,0.0000,0.0000,0.0000,0.0064,0.0000,200,9.8584
0.0065,0.0000,0.0000,0.0000,0.0064,0.0000,200,9.8584
0.0068,0.0000,0.0000,0.0000,0.0065,0.0003,200,9.8581
0.0068,0.0000,0.0000,0.0000,0.0068,0.0000,200,9.8583
0.0064,0.0000,0.0000,0.0000,0.0063,0.0001,200,9.8651
0.0067,0.0000,0.0000,0.0000,0.0066,0.0000,200,9.8648
0.0066,0.0000,0.0000,0.0000,0.0065,0.0001,200,9.8649
0.0067,0.0000,0.0000,0.0000,0.0066,0.0001,200,9.8649
0.0069,0.0000,0.0000,0.0000,0.0068,0.0001,200,9.8716
0.0069,0.0000,0.0000,0.0000,0.0068,0.0000,200,9.8716
0.0069,0.0000,0.0000,0.0000,0.0068,0.0001,200,9.8716
0.0071,0.0000,0.0000,0.0000,0.0070,0.0000,200,9.8716
0.0067,0.0000,0.0000,0.0000,0.0064,0.0002,200,9.8785
0.0077,0.0000,0.0000,0.0000,0.0076,0.0000,200,9.8785
0.0077,0.0000,0.0000,0.0000,0.0076,0.0001,200,9.8785
0.0076,0.0000,0.0000,0.0000,0.0076,0.0000,200,9.8786
0.0073,0.0000,0.0000,0.0000,0.0071,0.0001,200,9.8851
0.0065,0.0000,0.0000,0.0000,0.0064,0.0000,200,9.8861
0.0066,0.0000,0.0000,0.0000,0.0065,0.0000,200,9.8862
0.0069,0.0000,0.0000,0.0000,0.0068,0.0001,200,9.8861
0.0069,0.0000,0.0000,0.0000,0.0067,0.0001,200,9.8924
0.0067,0.0000,0.0000,0.0000,0.0066,0.0000,200,9.8927
0.0067,0.0000,0.0000,0.0000,0.0066,0.0000,200,9.8931
0.0074,0.0000,0.0000,0.0000,0.0073,0.0000,200,9.8928
0.0069,0.0000,0.0000,0.0000,0.0068,0.0001,200,9.9002
0.0078,0.0000,0.0000,0.0000,0.0077,0.0001,200,9.8993
0.0078,0.0000,0.0000,0.0000,0.0077,0.0001,200,9.8993
0.0074,0.0000,0.0000,0.0000,0.0072,0.0001,200,9.8998
0.0070,0.0000,0.0000,0.0000,0.0069,0.0001,200,9.9071
0.0070,0.0000,0.0000,0.0000,0.0069,0.0000,200,9.9071
0.0079,0.0000,0.0000,0.0000,0.0078,0.0001,200,9.9071
0.0085,0.0000,0.0000,0.0000,0.0083,0.0000,200,9.9071
0.0065,0.0000,0.0000,0.0000,0.0064,0.0001,200,9.9141
0.0065,0.0000,0.0000,0.0000,0.0064,0.0000,200,9.9141
0.0062,0.0000,0.0000,0.0000,0.0061,0.0000,200,9.9150
0.0065,0.0000,0.0000,0.0000,0.0064,0.0000,200,9.9156
0.0066,0.0000,0.0000,0.0000,0.0065,0.0001,200,9.9206
0.0065,0.0000,0.0000,0.0000,0.0064,0.0001,200,9.9207
0.0065,0.0000,0.0000,0.0000,0.0064,0.0001,200,9.9212
0.0067,0.0000,0.0000,0.0000,0.0066,0.0000,200,9.9221
0.0068,0.0000,0.0000,0.0000,0.0067,0.0001,200,9.9272
0.0063,0.0000,0.0000,0.0000,0.0062,0.0000,200,9.9277
0.0070,0.0000,0.0000,0.0000,0.0069,0.0000,200,9.9272
0.0063,0.0000,0.0000,0.0000,0.0062,0.0000,200,9.9288
0.0066,0.0000,0.0000,0.0000,0.0065,0.0001,200,9.9340
0.0066,0.0000,0.0000,0.0000,0.0065,0.0001,200,9.9340
0.0065,0.0000,0.0000,0.0000,0.0064,0.0000,200,9.9342
0.0106,0.0000,0.0000,0.0000,0.0105,0.0001,200,9.9350
0.0067,0.0000,0.0000,0.0000,0.0066,0.0001,200,9.9406
0.0071,0.0000,0.0000,0.0000,0.0070,0.0001,200,9.9406
0.0072,0.0000,0.0000,0.0000,0.0071,0.0000,200,9.9406
0.0070,0.0000,0.0000,0.0000,0.0069,0.0001,200,9.9456
0.0065,0.0000,0.0000,0.0000,0.0064,0.0000,200,9.9477
0.0063,0.0000,0.0000,0.0000,0.0062,0.0000,200,9.9479
0.0069,0.0000,0.0000,0.0000,0.0068,0.0000,200,9.9473
0.0066,0.0000,0.0000,0.0000,0.0065,0.0001,200,9.9526
0.0064,0.0000,0.0000,0.0000,0.0063,0.0001,200,9.9542
0.0067,0.0000,0.0000,0.0000,0.0066,0.0000,200,9.9542
0.0067,0.0000,0.0000,0.0000,0.0067,0.0000,200,9.9542
0.0078,0.0000,0.0000,0.0000,0.0077,0.0001,200,9.9592
0.0066,0.0000,0.0000,0.0000,0.0065,0.0000,200,9.9606
0.0072,0.0000,0.0000,0.0000,0.0071,0.0001,200,9.9609
0.0073,0.0000,0.0000,0.0000,0.0073,0.0000,200,9.9609
0.0067,0.0000,0.0000,0.0000,0.0065,0.0001,200,9.9670
0.0066,0.0000,0.0000,0.0000,0.0065,0.0001,200,9.9671
0.0064,0.0000,0.0000,0.0000,0.0063,0.0000,200,9.9681
0.0064,0.0000,0.0000,0.0000,0.0063,0.0000,200,9.9682
0.0068,0.0000,0.0000,0.0000,0.0067,0.0001,200,9.9737
0.0074,0.0000,0.0000,0.0000,0.0073,0.0000,200,9.9737
0.0066,0.0000,0.0000,0.0000,0.0065,0.0000,200,9.9745
0.0065,0.0000,0.0000,0.0000,0.0065,0.0000,200,9.9745
0.0066,0.0000,0.0000,0.0000,0.0065,0.0001,200,9.9805
0.0070,0.0000,0.0000,0.0000,0.0069,0.0000,200,9.9811
0.0070,0.0000,0.0000,0.0000,0.0069,0.0000,200,9.9810
0.0070,0.0000,0.0000,0.0000,0.0069,0.0000,200,9.9811
0.0066,0.0000,0.0000,0.0000,0.0065,0.0000,200,9.9881
0.0075,0.0000,0.0000,0.0000,0.0075,0.0000,200,9.9871
0.0066,0.0000,0.0000,0.0000,0.0065,0.0001,200,9.9881
0.0070,0.0000,0.0000,0.0000,0.0069,0.0000,200,9.9881
0.0065,0.0000,0.0000,0.0000,0.0064,0.0001,200,9.9946
0.0066,0.0000,0.0000,0.0000,0.0065,0.0000,200,9.9946
0.0066,0.0000,0.0000,0.0000,0.0064,0.0001,200,9.9946
0.0062,0.0000,0.0000,0.0000,0.0062,0.0000,200,9.9951
0.0066,0.0000,0.0000,0.0000,0.0065,0.0001,200,10.0011
0.0064,0.0000,0.0000,0.0000,0.0064,0.0000,200,10.0013
0.0065,0.0000,0.0000,0.0000,0.0064,0.0001,200,10.0012
0.0065,0.0000,0.0000,0.0000,0.0064,0.0001,200,10.0013
0.0073,0.0000,0.0000,0.0000,0.0072,0.0001,200,10.0078
0.0074,0.0000,0.0000,0.0000,0.0074,0.0000,200,10.0077
0.0074,0.0000,0.0000,0.0000,0.0074,0.0000,200,10.0077
0.0075,0.0000,0.0000,0.0000,0.0075,0.0000,200,10.0077
0.0066,0.0000,0.0000,0.0000,0.0065,0.0001,200,10.0151
0.0065,0.0000,0.0000,0.0000,0.0065,0.0000,200,10.0152
0.0067,0.0000,0.0000,0.0000,0.0066,0.0000,200,10.0151
0.0069,0.0000,0.0000,0.0000,0.0068,0.0000,200,10.0151
0.0064,0.0000,0.0000,0.0000,0.0063,0.0001,200,10.0218
0.0063,0.0000,0.0000,0.0000,0.0063,0.0000,200,10.0220
0.0068,0.0000,0.0000,0.0000,0.0067,0.0000,200,10.0217
0.0069,0.0000,0.0000,0.0000,0.0068,0.0000,200,10.0217
0.0080,0.0000,0.0000,0.0000,0.0079,0.0001,200,10.0283
0.0084,0.0000,0.0000,0.0000,0.0078,0.0005,200,10.0283
0.0083,0.0000,0.0000,0.0000,0.0076,0.0006,200,10.0285
0.0083,0.0000,0.0000,0.0000,0.0079,0.0004,200,10.0286
0.0075,0.0000,0.0000,0.0000,0.0074,0.0000,200,10.0367
0.0073,0.0000,0.0000,0.0000,0.0072,0.0001,200,10.0369
0.0074,0.0000,0.0000,0.0000,0.0074,0.0000,200,10.0368
0.0080,0.0000,0.0000,0.0000,0.0074,0.0000,200,10.0362
0.0074,0.0000,0.0000,0.0000,0.0073,0.0001,200,10.0442
0.0076,0.0000,0.0000,0.0000,0.0075,0.0000,200,10.0442
0.0076,0.0000,0.0000,0.0000,0.0076,0.0000,200,10.0442
0.0077,0.0000,0.0000,0.0000,0.0076,0.0000,200,10.0442
0.0066,0.0000,0.0000,0.0000,0.0065,0.0001,200,10.0518
0.0065,0.0000,0.0000,0.0000,0.0065,0.0000,200,10.0519
0.0068,0.0000,0.0000,0.0000,0.0067,0.0000,200,10.0516
0.0068,0.0000,0.0000,0.0000,0.0065,0.0001,200,10.0518
0.0066,0.0000,0.0000,0.0000,0.0065,0.0001,200,10.0584
0.0066,0.0000,0.0000,0.0000,0.0065,0.0000,200,10.0584
0.0065,0.0000,0.0000,0.0000,0.0065,0.0000,200,10.0585
0.0068,0.0000,0.0000,0.0000,0.0067,0.0001,200,10.0586
0.0066,0.0000,0.0000,0.0000,0.0065,0.0001,200,10.0650
0.0067,0.0000,0.0000,0.0000,0.0066,0.0000,200,10.0650
0.0067,0.0000,0.0000,0.0000,0.0066,0.0001,200,10.0650
0.0074,0.0000,0.0000,0.0000,0.0071,0.0003,200,10.0654
0.0072,0.0000,0.0000,0.0000,0.0071,0.0001,200,10.0717
0.0072,0.0000,0.0000,0.0000,0.0071,0.0001,200,10.0716
0.0072,0.0000,0.0000,0.0000,0.0071,0.0001,200,10.0717
0.0065,0.0000,0.0000,0.0000,0.0064,0.0001,200,10.0728
0.0075,0.0000,0.0000,0.0000,0.0074,0.0000,200,10.0789
0.0075,0.0000,0.0000,0.0000,0.0074,0.0000,200,10.0789
0.0075,0.0000,0.0000,0.0000,0.0074,0.0000,200,10.0789
0.0071,0.0000,0.0000,0.0000,0.0070,0.0000,200,10.0793
0.0067,0.0000,0.0000,0.0000,0.0066,0.0001,200,10.0864
0.0068,0.0000,0.0000,0.0000,0.0067,0.0000,200,10.0864
0.0068,0.0000,0.0000,0.0000,0.0067,0.0000,200,10.0864
0.0069,0.0000,0.0000,0.0000,0.0069,0.0000,200,10.0864
0.0065,0.0000,0.0000,0.0000,0.0064,0.0001,200,10.0932
0.0064,0.0000,0.0000,0.0000,0.0063,0.0000,200,10.0933
0.0066,0.0000,0.0000,0.0000,0.0065,0.0000,200,10.0932
0.0067,0.0000,0.0000,0.0000,0.0066,0.0000,200,10.0931
0.0064,0.0000,0.0000,0.0000,0.0063,0.0001,200,10.0997
0.0063,0.0000,0.0000,0.0000,0.0062,0.0001,200,10.0998
0.0064,0.0000,0.0000,0.0000,0.0063,0.0001,200,10.0998
0.0065,0.0000,0.0000,0.0000,0.0065,0.0000,200,10.0997
0.0065,0.0000,0.0000,0.0000,0.0064,0.0001,200,10.1062
0.0066,0.0000,0.0000,0.0000,0.0065,0.0001,200,10.1061
0.0065,0.0000,0.0000,0.0000,0.0065,0.0000,200,10.1063
0.0067,0.0000,0.0000,0.0000,0.0066,0.0000,200,10.1061
0.0064,0.0000,0.0000,0.0000,0.0063,0.0001,200,10.1129
0.0065,0.0000,0.0000,0.0000,0.0065,0.0000,200,10.1128
0.0067,0.0000,0.0000,0.0000,0.0066,0.0000,200,10.1127
0.0067,0.0000,0.0000,0.0000,0.0066,0.0000,200,10.1127
0.0067,0.0000,0.0000,0.0000,0.0066,0.0001,200,10.1193
0.0069,0.0000,0.0000,0.0000,0.0069,0.0000,200,10.1193
0.0069,0.0000,0.0000,0.0000,0.0069,0.0000,200,10.1194
0.0071,0.0000,0.0000,0.0000,0.0070,0.0000,200,10.1193
0.0069,0.0000,0.0000,0.0000,0.0069,0.0000,200,10.1263
0.0069,0.0000,0.0000,0.0000,0.0067,0.0002,200,10.1264
0.0069,0.0000,0.0000,0.0000,0.0069,0.0000,200,10.1264
0.0074,0.0000,0.0000,0.0000,0.0073,0.0000,200,10.1260
0.0065,0.0000,0.0000,0.0000,0.0064,0.0001,200,10.1332
0.0066,0.0000,0.0000,0.0000,0.0064,0.0001,200,10.1333
0.0065,0.0000,0.0000,0.0000,0.0065,0.0000,200,10.1333
0.0065,0.0000,0.0000,0.0000,0.0065,0.0000,200,10.1334
0.0069,0.0000,0.0000,0.0000,0.0068,0.0001,200,10.1399
0.0069,0.0000,0.0000,0.0000,0.0069,0.0000,200,10.1399
0.0071,0.0000,0.0000,0.0000,0.0070,0.0000,200,10.1398
0.0070,0.0000,0.0000,0.0000,0.0070,0.0000,200,10.1399
0.0067,0.0000,0.0000,0.0000,0.0065,0.0001,200,10.1468
0.0066,0.0000,0.0000,0.0000,0.0065,0.0000,200,10.1468
0.0066,0.0000,0.0000,0.0000,0.0065,0.0000,200,10.1469
0.0082,0.0000,0.0000,0.0000,0.0082,0.0000,200,10.1469
0.0074,0.0000,0.0000,0.0000,0.0073,0.0001,200,10.1534
0.0074,0.0000,0.0000,0.0000,0.0074,0.0000,200,10.1534
0.0065,0.0000,0.0000,0.0000,0.0064,0.0000,200,10.1551
0.0084,0.0000,0.0000,0.0000,0.0084,0.0000,200,10.1534
0.0074,0.0000,0.0000,0.0000,0.0072,0.0001,200,10.1609
0.0067,0.0000,0.0000,0.0000,0.0066,0.0000,200,10.1616
0.0066,0.0000,0.0000,0.0000,0.0065,0.0000,200,10.1618
0.0077,0.0000,0.0000,0.0000,0.0076,0.0000,200,10.1609
0.0065,0.0000,0.0000,0.0000,0.0064,0.0001,200,10.1685
0.0066,0.0000,0.0000,0.0000,0.0065,0.0001,200,10.1684
0.0067,0.0000,0.0000,0.0000,0.0066,0.0000,200,10.1683
0.0069,0.0000,0.0000,0.0000,0.0066,0.0002,200,10.1682
0.0068,0.0000,0.0000,0.0000,0.0067,0.0001,200,10.1750
0.0068,0.0000,0.0000,0.0000,0.0068,0.0000,200,10.1751
0.0070,0.0000,0.0000,0.0000,0.0070,0.0000,200,10.1750
0.0073,0.0000,0.0000,0.0000,0.0072,0.0000,200,10.1750
0.0066,0.0000,0.0000,0.0000,0.0064,0.0001,200,10.1820
0.0067,0.0000,0.0000,0.0000,0.0066,0.0000,200,10.1819
0.0067,0.0000,0.0000,0.0000,0.0067,0.0000,200,10.1821
0.0080,0.0000,0.0000,0.0014,0.0066,0.0000,200,10.1823
0.0066,0.0000,0.0000,0.0000,0.0065,0.0001,200,10.1885
0.0073,0.0000,0.0000,0.0000,0.0073,0.0001,200,10.1886
0.0071,0.0000,0.0000,0.0000,0.0071,0.0000,200,10.1888
0.0071,0.0000,0.0000,0.0000,0.0070,0.0000,200,10.1903
0.0066,0.0000,0.0000,0.0000,0.0065,0.0001,200,10.1951
0.0063,0.0000,0.0000,0.0000,0.0063,0.0000,200,10.1959
0.0067,0.0000,0.0000,0.0000,0.0066,0.0000,200,10.1959
0.0062,0.0000,0.0000,0.0000,0.0061,0.0000,200,10.1974
0.0067,0.0000,0.0000,0.0000,0.0065,0.0001,200,10.2017
0.0065,0.0000,0.0000,0.0000,0.0064,0.0001,200,10.2023
0.0065,0.0000,0.0000,0.0000,0.0064,0.0000,200,10.2026
0.0064,0.0000,0.0000,0.0000,0.0063,0.0000,200,10.2035
0.0066,0.0000,0.0000,0.0000,0.0065,0.0001,200,10.2085
0.0063,0.0000,0.0000,0.0000,0.0063,0.0000,200,10.2088
0.0064,0.0000,0.0000,0.0000,0.0062,0.0001,200,10.2091
0.0064,0.0000,0.0000,0.0000,0.0063,0.0000,200,10.2099
0.0070,0.0000,0.0000,0.0000,0.0066,0.0003,200,10.2151
0.0065,0.0000,0.0000,0.0000,0.0065,0.0000,200,10.2155
0.0065,0.0000,0.0000,0.0000,0.0064,0.0002,200,10.2163
0.0077,0.0000,0.0000,0.0000,0.0077,0.0000,200,10.2151
0.0067,0.0000,0.0000,0.0000,0.0066,0.0001,200,10.2220
0.0068,0.0000,0.0000,0.0000,0.0067,0.0001,200,10.2220
0.0103,0.0000,0.0000,0.0000,0.0102,0.0001,200,10.2228
0.0104,0.0000,0.0000,0.0000,0.0103,0.0000,200,10.2228
0.0063,0.0000,0.0000,0.0000,0.0062,0.0000,200,10.2287
0.0062,0.0000,0.0000,0.0000,0.0061,0.0000,200,10.2289
0.0067,0.0000,0.0000,0.0000,0.0066,0.0001,200,10.2332
0.0069,0.0000,0.0000,0.0000,0.0068,0.0001,200,10.2332
0.0071,0.0000,0.0000,0.0000,0.0070,0.0000,200,10.2351
0.0071,0.0000,0.0000,0.0000,0.0070,0.0000,200,10.2350
0.0065,0.0000,0.0000,0.0000,0.0064,0.0001,200,10.2401
0.0068,0.0000,0.0000,0.0000,0.0068,0.0000,200,10.2399
0.0064,0.0000,0.0000,0.0000,0.0063,0.0000,200,10.2421
0.0064,0.0000,0.0000,0.0000,0.0063,0.0000,200,10.2422
0.0067,0.0000,0.0000,0.0000,0.0066,0.0001,200,10.2466
0.0066,0.0000,0.0000,0.0000,0.0066,0.0000,200,10.2467
0.0082,0.0000,0.0000,0.0000,0.0081,0.0001,200,10.2486
0.0082,0.0000,0.0000,0.0000,0.0082,0.0000,200,10.2486
0.0072,0.0000,0.0000,0.0000,0.0071,0.0001,200,10.2533
0.0072,0.0000,0.0000,0.0000,0.0071,0.0001,200,10.2534
0.0069,0.0000,0.0000,0.0000,0.0068,0.0000,200,10.2568
0.0069,0.0000,0.0000,0.0000,0.0067,0.0001,200,10.2568
0.0067,0.0000,0.0000,0.0000,0.0066,0.0001,200,10.2605
0.0067,0.0000,0.0000,0.0000,0.0066,0.0001,200,10.2605
0.0065,0.0000,0.0000,0.0000,0.0064,0.0001,200,10.2637
0.0067,0.0000,0.0000,0.0000,0.0066,0.0000,200,10.2637
0.0066,0.0000,0.0000,0.0000,0.0065,0.0001,200,10.2672
0.0067,0.0000,0.0000,0.0000,0.0067,0.0000,200,10.2672
0.0073,0.0000,0.0000,0.0000,0.0072,0.0001,200,10.2702
0.0078,0.0000,0.0000,0.0000,0.0077,0.0000,200,10.2704
0.0067,0.0000,0.0000,0.0000,0.0066,0.0000,200,10.2739
0.0075,0.0000,0.0000,0.0000,0.0074,0.0000,200,10.2738
0.0064,0.0000,0.0000,0.0000,0.0063,0.0000,200,10.2775
0.0063,0.0000,0.0000,0.0000,0.0063,0.0000,200,10.2782
0.0065,0.0000,0.0000,0.0000,0.0064,0.0000,200,10.2806
0.0066,0.0000,0.0000,0.0000,0.0065,0.0000,200,10.2813
0.0062,0.0000,0.0000,0.0000,0.0062,0.0001,200,10.2839
0.0062,0.0000,0.0000,0.0000,0.0061,0.0000,200,10.2846
0.0067,0.0000,0.0000,0.0000,0.0066,0.0001,200,10.2871
0.0062,0.0000,0.0000,0.0000,0.0062,0.0000,200,10.2878
0.0068,0.0000,0.0000,0.0000,0.0067,0.0000,200,10.2901
0.0067,0.0000,0.0000,0.0000,0.0065,0.0001,200,10.2908
0.0065,0.0000,0.0000,0.0000,0.0064,0.0001,200,10.2938
0.0064,0.0000,0.0000,0.0000,0.0063,0.0000,200,10.2941
0.0069,0.0000,0.0000,0.0000,0.0068,0.0001,200,10.2969
0.0067,0.0000,0.0000,0.0000,0.0066,0.0000,200,10.2974
0.0064,0.0000,0.0000,0.0000,0.0063,0.0001,200,10.3002
0.0064,0.0000,0.0000,0.0000,0.0064,0.0001,200,10.3005
0.0066,0.0000,0.0000,0.0000,0.0065,0.0001,200,10.3038
0.0065,0.0000,0.0000,0.0000,0.0065,0.0000,200,10.3041
0.0068,0.0000,0.0000,0.0000,0.0067,0.0001,200,10.3066
0.0069,0.0000,0.0000,0.0000,0.0069,0.0000,200,10.3069
0.0071,0.0000,0.0000,0.0000,0.0070,0.0001,200,10.3107
0.0076,0.0000,0.0000,0.0000,0.0075,0.0000,200,10.3104
0.0063,0.0000,0.0000,0.0000,0.0062,0.0000,200,10.3134
0.0064,0.0000,0.0000,0.0000,0.0063,0.0001,200,10.3138
0.0066,0.0000,0.0000,0.0000,0.0065,0.0001,200,10.3178
0.0066,0.0000,0.0000,0.0000,0.0065,0.0000,200,10.3180
0.0064,0.0000,0.0000,0.0000,0.0063,0.0000,200,10.3197
0.0063,0.0000,0.0000,0.0000,0.0062,0.0000,200,10.3202
0.0064,0.0000,0.0000,0.0000,0.0063,0.0000,200,10.3246
0.0080,0.0000,0.0000,0.0000,0.0079,0.0001,200,10.3244
0.0065,0.0000,0.0000,0.0000,0.0064,0.0000,200,10.3261
0.0063,0.0000,0.0000,0.0000,0.0062,0.0000,200,10.3265
0.0077,0.0000,0.0000,0.0000,0.0075,0.0001,200,10.3310
0.0064,0.0000,0.0000,0.0000,0.0064,0.0000,200,10.3325
0.0066,0.0000,0.0000,0.0000,0.0065,0.0000,200,10.3328
0.0103,0.0000,0.0000,0.0000,0.0102,0.0000,200,10.3326
0.0065,0.0000,0.0000,0.0000,0.0064,0.0000,200,10.3387
0.0063,0.0000,0.0000,0.0000,0.0062,0.0000,200,10.3394
0.0076,0.0000,0.0000,0.0000,0.0076,0.0000,200,10.3389
0.0074,0.0000,0.0000,0.0000,0.0073,0.0001,200,10.3429
0.0066,0.0000,0.0000,0.0000,0.0064,0.0002,200,10.3452
0.0063,0.0000,0.0000,0.0000,0.0062,0.0000,200,10.3457
0.0066,0.0000,0.0000,0.0000,0.0065,0.0000,200,10.3466
0.0075,0.0000,0.0000,0.0000,0.0074,0.0001,200,10.3503
0.0067,0.0000,0.0000,0.0000,0.0066,0.0000,200,10.3518
0.0065,0.0000,0.0000,0.0000,0.0064,0.0001,200,10.3519
0.0071,0.0000,0.0000,0.0000,0.0070,0.0001,200,10.3531
0.0069,0.0000,0.0000,0.0000,0.0068,0.0001,200,10.3578
0.0072,0.0000,0.0000,0.0000,0.0071,0.0001,200,10.3585
0.0077,0.0000,0.0000,0.0000,0.0077,0.0000,200,10.3585
0.0067,0.0000,0.0000,0.0000,0.0066,0.0000,200,10.3602
0.0072,0.0000,0.0000,0.0000,0.0070,0.0001,200,10.3647
0.0065,0.0000,0.0000,0.0000,0.0064,0.0001,200,10.3657
0.0067,0.0000,0.0000,0.0000,0.0066,0.0000,200,10.3662
0.0063,0.0000,0.0000,0.0000,0.0063,0.0000,200,10.3669
0.0066,0.0000,0.0000,0.0000,0.0065,0.0001,200,10.3719
0.0064,0.0000,0.0000,0.0000,0.0063,0.0001,200,10.3721
0.0073,0.0000,0.0000,0.0000,0.0072,0.0001,200,10.3729
0.0071,0.0000,0.0000,0.0000,0.0071,0.0000,200,10.3733
0.0067,0.0000,0.0000,0.0000,0.0066,0.0001,200,10.3785
0.0069,0.0000,0.0000,0.0000,0.0068,0.0000,200,10.3786
0.0069,0.0000,0.0000,0.0000,0.0068,0.0001,200,10.3802
0.0071,0.0000,0.0000,0.0000,0.0070,0.0000,200,10.3804
0.0072,0.0000,0.0000,0.0000,0.0070,0.0001,200,10.3852
0.0069,0.0000,0.0000,0.0000,0.0068,0.0001,200,10.3855
0.0067,0.0000,0.0000,0.0000,0.0066,0.0001,200,10.3875
0.0078,0.0000,0.0000,0.0000,0.0076,0.0000,200,10.3871
0.0068,0.0000,0.0000,0.0000,0.0067,0.0000,200,10.3924
0.0069,0.0000,0.0000,0.0000,0.0067,0.0002,200,10.3924
0.0064,0.0000,0.0000,0.0000,0.0063,0.0001,200,10.3942
0.0069,0.0000,0.0000,0.0000,0.0068,0.0001,200,10.3948
0.0066,0.0000,0.0000,0.0000,0.0065,0.0001,200,10.3993
0.0072,0.0000,0.0000,0.0000,0.0071,0.0000,200,10.3992
0.0072,0.0000,0.0000,0.0000,0.0071,0.0001,200,10.4006
0.0065,0.0000,0.0000,0.0000,0.0064,0.0000,200,10.4018
0.0068,0.0000,0.0000,0.0000,0.0067,0.0001,200,10.4064
0.0073,0.0000,0.0000,0.0000,0.0072,0.0001,200,10.4059
0.0072,0.0000,0.0000,0.0000,0.0071,0.0001,200,10.4078
0.0079,0.0000,0.0000,0.0000,0.0078,0.0001,200,10.4082
0.0068,0.0000,0.0000,0.0000,0.0067,0.0000,200,10.4132
0.0068,0.0000,0.0000,0.0000,0.0067,0.0001,200,10.4132
0.0065,0.0000,0.0000,0.0000,0.0064,0.0001,200,10.4151
0.0064,0.0000,0.0000,0.0000,0.0063,0.0001,200,10.4162
0.0068,0.0000,0.0000,0.0000,0.0067,0.0001,200,10.4200
0.0069,0.0000,0.0000,0.0000,0.0069,0.0000,200,10.4200
0.0072,0.0000,0.0000,0.0000,0.0071,0.0001,200,10.4215
0.0100,0.0000,0.0000,0.0000,0.0099,0.0001,200,10.4226
0.0072,0.0000,0.0000,0.0000,0.0072,0.0000,200,10.4270
0.0082,0.0000,0.0000,0.0000,0.0081,0.0000,200,10.4269
0.0126,0.0000,0.0000,0.0000,0.0125,0.0001,200,10.4288
0.0089,0.0000,0.0000,0.0000,0.0088,0.0000,200,10.4326
0.0073,0.0000,0.0000,0.0000,0.0073,0.0000,200,10.4342
0.0068,0.0000,0.0000,0.0000,0.0067,0.0000,200,10.4350
0.0081,0.0000,0.0000,0.0000,0.0079,0.0001,200,10.4414
0.0079,0.0000,0.0000,0.0000,0.0078,0.0000,200,10.4416
0.0078,0.0000,0.0000,0.0000,0.0077,0.0000,200,10.4418
0.0082,0.0000,0.0000,0.0000,0.0081,0.0000,200,10.4415
0.0067,0.0000,0.0000,0.0000,0.0066,0.0001,200,10.4495
0.0067,0.0000,0.0000,0.0000,0.0066,0.0000,200,10.4496
0.0069,0.0000,0.0000,0.0000,0.0068,0.0000,200,10.4494
0.0067,0.0000,0.0000,0.0000,0.0066,0.0000,200,10.4497
0.0069,0.0000,0.0000,0.0000,0.0068,0.0001,200,10.4563
0.0069,0.0000,0.0000,0.0000,0.0068,0.0001,200,10.4563
0.0071,0.0000,0.0000,0.0000,0.0070,0.0000,200,10.4562
0.0070,0.0000,0.0000,0.0000,0.0069,0.0000,200,10.4563
0.0069,0.0000,0.0000,0.0000,0.0068,0.0001,200,10.4633
0.0073,0.0000,0.0000,0.0000,0.0071,0.0001,200,10.4632
0.0074,0.0000,0.0000,0.0000,0.0072,0.0001,200,10.4632
0.0079,0.0000,0.0000,0.0000,0.0077,0.0001,200,10.4633
0.0070,0.0000,0.0000,0.0001,0.0066,0.0003,200,10.4706
0.0075,0.0000,0.0000,0.0000,0.0074,0.0000,200,10.4702
0.0075,0.0000,0.0000,0.0000,0.0075,0.0000,200,10.4705
0.0069,0.0000,0.0000,0.0000,0.0068,0.0000,200,10.4712
0.0072,0.0000,0.0000,0.0000,0.0071,0.0000,200,10.4776
0.0067,0.0000,0.0000,0.0000,0.0066,0.0001,200,10.4781
0.0069,0.0000,0.0000,0.0000,0.0068,0.0000,200,10.4780
0.0073,0.0000,0.0000,0.0000,0.0072,0.0000,200,10.4777
0.0068,0.0000,0.0000,0.0000,0.0067,0.0001,200,10.4848
0.0067,0.0000,0.0000,0.0000,0.0066,0.0001,200,10.4849
0.0071,0.0000,0.0000,0.0000,0.0070,0.0000,200,10.4848
0.0070,0.0000,0.0000,0.0000,0.0069,0.0000,200,10.4849
0.0072,0.0000,0.0000,0.0000,0.0071,0.0001,200,10.4919
0.0076,0.0000,0.0000,0.0000,0.0075,0.0000,200,10.4916
0.0076,0.0000,0.0000,0.0000,0.0076,0.0000,200,10.4919
0.0082,0.0000,0.0000,0.0000,0.0081,0.0000,200,10.4916
0.0070,0.0000,0.0000,0.0000,0.0069,0.0000,200,10.4991
0.0069,0.0000,0.0000,0.0000,0.0068,0.0001,200,10.4992
0.0064,0.0000,0.0000,0.0000,0.0064,0.0000,200,10.4999
0.0068,0.0000,0.0000,0.0000,0.0068,0.0000,200,10.4995
0.0066,0.0000,0.0000,0.0000,0.0065,0.0001,200,10.5063
0.0068,0.0000,0.0000,0.0000,0.0067,0.0001,200,10.5061
0.0066,0.0000,0.0000,0.0000,0.0065,0.0001,200,10.5063
0.0068,0.0000,0.0000,0.0000,0.0067,0.0000,200,10.5061
0.0069,0.0000,0.0000,0.0000,0.0068,0.0000,200,10.5129
0.0069,0.0000,0.0000,0.0000,0.0067,0.0002,200,10.5129
0.0070,0.0000,0.0000,0.0000,0.0069,0.0000,200,10.5129
0.0079,0.0000,0.0000,0.0000,0.0078,0.0000,200,10.5129
0.0063,0.0000,0.0000,0.0000,0.0062,0.0001,200,10.5199
0.0065,0.0000,0.0000,0.0000,0.0064,0.0000,200,10.5198
0.0066,0.0000,0.0000,0.0000,0.0066,0.0000,200,10.5198
0.0066,0.0000,0.0000,0.0000,0.0065,0.0001,200,10.5208
0.0066,0.0000,0.0000,0.0000,0.0065,0.0001,200,10.5262
0.0077,0.0000,0.0000,0.0000,0.0076,0.0000,200,10.5263
0.0066,0.0000,0.0000,0.0000,0.0065,0.0001,200,10.5274
0.0078,0.0000,0.0000,0.0000,0.0078,0.0000,200,10.5265
0.0071,0.0000,0.0000,0.0000,0.0069,0.0001,200,10.5328
0.0066,0.0000,0.0000,0.0000,0.0065,0.0000,200,10.5340
0.0071,0.0000,0.0000,0.0000,0.0070,0.0000,200,10.5343
0.0074,0.0000,0.0000,0.0000,0.0073,0.0000,200,10.5340
0.0066,0.0000,0.0000,0.0000,0.0065,0.0001,200,10.5399
0.0064,0.0000,0.0000,0.0000,0.0063,0.0000,200,10.5406
0.0063,0.0000,0.0000,0.0000,0.0063,0.0000,200,10.5414
0.0065,0.0000,0.0000,0.0000,0.0064,0.0000,200,10.5414
0.0065,0.0000,0.0000,0.0000,0.0064,0.0000,200,10.5470
0.0070,0.0000,0.0000,0.0000,0.0069,0.0000,200,10.5465
0.0081,0.0000,0.0000,0.0000,0.0080,0.0001,200,10.5477
0.0082,0.0000,0.0000,0.0000,0.0081,0.0000,200,10.5479
0.0066,0.0000,0.0000,0.0000,0.0065,0.0001,200,10.5535
0.0066,0.0000,0.0000,0.0000,0.0065,0.0000,200,10.5535
0.0066,0.0000,0.0000,0.0000,0.0065,0.0001,200,10.5559
0.0065,0.0000,0.0000,0.0000,0.0064,0.0000,200,10.5561
0.0066,0.0000,0.0000,0.0000,0.0065,0.0001,200,10.5601
0.0066,0.0000,0.0000,0.0000,0.0066,0.0000,200,10.5601
0.0083,0.0000,0.0000,0.0000,0.0081,0.0001,200,10.5625
0.0081,0.0000,0.0000,0.0000,0.0080,0.0001,200,10.5626
0.0064,0.0000,0.0000,0.0000,0.0063,0.0001,200,10.5668
0.0067,0.0000,0.0000,0.0000,0.0066,0.0000,200,10.5667
0.0065,0.0000,0.0000,0.0000,0.0064,0.0001,200,10.5707
0.0066,0.0000,0.0000,0.0000,0.0065,0.0000,200,10.5707
0.0064,0.0000,0.0000,0.0000,0.0063,0.0001,200,10.5734
0.0067,0.0000,0.0000,0.0000,0.0067,0.0000,200,10.5732
0.0078,0.0000,0.0000,0.0000,0.0077,0.0001,200,10.5772
0.0077,0.0000,0.0000,0.0000,0.0077,0.0000,200,10.5773
0.0065,0.0000,0.0000,0.0000,0.0065,0.0001,200,10.5799
0.0093,0.0000,0.0000,0.0000,0.0093,0.0000,200,10.5798
0.0065,0.0000,0.0000,0.0000,0.0063,0.0001,200,10.5850
0.0065,0.0000,0.0000,0.0000,0.0064,0.0000,200,10.5851
0.0064,0.0000,0.0000,0.0000,0.0063,0.0000,200,10.5864
0.0064,0.0000,0.0000,0.0000,0.0063,0.0001,200,10.5891
0.0065,0.0000,0.0000,0.0000,0.0064,0.0001,200,10.5915
0.0066,0.0000,0.0000,0.0000,0.0065,0.0000,200,10.5915
0.0072,0.0000,0.0000,0.0000,0.0071,0.0001,200,10.5928
0.0063,0.0000,0.0000,0.0000,0.0062,0.0001,200,10.5955
0.0083,0.0000,0.0000,0.0000,0.0082,0.0001,200,10.5982
0.0085,0.0000,0.0000,0.0000,0.0084,0.0001,200,10.5980
0.0083,0.0000,0.0000,0.0017,0.0064,0.0001,200,10.6000
0.0064,0.0000,0.0000,0.0000,0.0064,0.0000,200,10.6019
0.0065,0.0000,0.0000,0.0000,0.0064,0.0001,200,10.6065
0.0068,0.0000,0.0000,0.0000,0.0067,0.0001,200,10.6065
0.0064,0.0000,0.0000,0.0000,0.0063,0.0001,200,10.6083
0.0064,0.0000,0.0000,0.0000,0.0064,0.0000,200,10.6083
0.0066,0.0000,0.0000,0.0000,0.0065,0.0001,200,10.6133
0.0070,0.0000,0.0000,0.0000,0.0069,0.0000,200,10.6130
0.0065,0.0000,0.0000,0.0000,0.0064,0.0001,200,10.6147
0.0071,0.0000,0.0000,0.0000,0.0070,0.0000,200,10.6147
0.0067,0.0000,0.0000,0.0000,0.0066,0.0000,200,10.6198
0.0070,0.0000,0.0000,0.0000,0.0070,0.0001,200,10.6200
0.0065,0.0000,0.0000,0.0000,0.0062,0.0003,200,10.6212
0.0069,0.0000,0.0000,0.0000,0.0068,0.0001,200,10.6218
0.0069,0.0000,0.0000,0.0000,0.0068,0.0001,200,10.6271
0.0066,0.0000,0.0000,0.0000,0.0065,0.0000,200,10.6287
0.0078,0.0000,0.0000,0.0000,0.0076,0.0002,200,10.6277
0.0141,0.0000,0.0000,0.0000,0.0140,0.0001,200,10.6265
0.0066,0.0000,0.0000,0.0000,0.0065,0.0001,200,10.6340
0.0064,0.0000,0.0000,0.0000,0.0063,0.0001,200,10.6353
0.0069,0.0000,0.0000,0.0000,0.0068,0.0000,200,10.6355
0.0065,0.0000,0.0000,0.0000,0.0064,0.0001,200,10.6406
0.0066,0.0000,0.0000,0.0000,0.0065,0.0001,200,10.6406
0.0066,0.0000,0.0000,0.0000,0.0065,0.0000,200,10.6417
0.0064,0.0000,0.0000,0.0000,0.0063,0.0000,200,10.6424
0.0068,0.0000,0.0000,0.0000,0.0067,0.0001,200,10.6472
0.0067,0.0000,0.0000,0.0000,0.0066,0.0000,200,10.6483
0.0081,0.0000,0.0000,0.0000,0.0080,0.0000,200,10.6489
0.0099,0.0000,0.0000,0.0000,0.0097,0.0001,200,10.6471
0.0068,0.0000,0.0000,0.0000,0.0066,0.0001,200,10.6541
0.0065,0.0000,0.0000,0.0000,0.0064,0.0000,200,10.6549
0.0067,0.0000,0.0000,0.0000,0.0065,0.0001,200,10.6570
0.0068,0.0000,0.0000,0.0000,0.0067,0.0000,200,10.6569
0.0064,0.0000,0.0000,0.0000,0.0063,0.0000,200,10.6608
0.0063,0.0000,0.0000,0.0000,0.0063,0.0000,200,10.6614
0.0076,0.0000,0.0000,0.0000,0.0075,0.0001,200,10.6636
0.0077,0.0000,0.0000,0.0000,0.0077,0.0000,200,10.6637
0.0064,0.0000,0.0000,0.0000,0.0063,0.0001,200,10.6672
0.0096,0.0000,0.0000,0.0000,0.0095,0.0001,200,10.6678
0.0065,0.0000,0.0000,0.0000,0.0064,0.0000,200,10.6713
0.0065,0.0000,0.0000,0.0000,0.0064,0.0000,200,10.6714
0.0062,0.0000,0.0000,0.0000,0.0061,0.0000,200,10.6736
0.0064,0.0000,0.0000,0.0000,0.0063,0.0001,200,10.6773
0.0064,0.0000,0.0000,0.0000,0.0064,0.0001,200,10.6777
0.0063,0.0000,0.0000,0.0000,0.0062,0.0000,200,10.6779
0.0103,0.0000,0.0000,0.0000,0.0097,0.0002,200,10.6799
0.0068,0.0000,0.0000,0.0000,0.0067,0.0001,200,10.6838
0.0068,0.0000,0.0000,0.0000,0.0068,0.0000,200,10.6842
0.0085,0.0000,0.0000,0.0000,0.0084,0.0001,200,10.6842
0.0068,0.0000,0.0000,0.0000,0.0067,0.0001,200,10.6910
0.0073,0.0000,0.0000,0.0000,0.0072,0.0001,200,10.6906
0.0077,0.0000,0.0000,0.0000,0.0076,0.0000,200,10.6902
0.0068,0.0000,0.0000,0.0000,0.0067,0.0001,200,10.6927
0.0065,0.0000,0.0000,0.0000,0.0064,0.0001,200,10.6979
0.0066,0.0000,0.0000,0.0000,0.0065,0.0000,200,10.6979
0.0067,0.0000,0.0000,0.0000,0.0067,0.0000,200,10.6979
0.0070,0.0000,0.0000,0.0000,0.0069,0.0001,200,10.6995
0.0066,0.0000,0.0000,0.0000,0.0065,0.0001,200,10.7044
0.0066,0.0000,0.0000,0.0000,0.0066,0.0000,200,10.7045
0.0065,0.0000,0.0000,0.0000,0.0065,0.0000,200,10.7046
0.0067,0.0000,0.0000,0.0000,0.0066,0.0001,200,10.7065
0.0065,0.0000,0.0000,0.0000,0.0064,0.0001,200,10.7111
0.0064,0.0000,0.0000,0.0000,0.0063,0.0000,200,10.7111
0.0067,0.0000,0.0000,0.0000,0.0066,0.0000,200,10.7110
0.0067,0.0000,0.0000,0.0000,0.0066,0.0001,200,10.7132
0.0068,0.0000,0.0000,0.0000,0.0067,0.0001,200,10.7176
0.0067,0.0000,0.0000,0.0000,0.0067,0.0000,200,10.7177
0.0070,0.0000,0.0000,0.0000,0.0069,0.0000,200,10.7176
0.0072,0.0000,0.0000,0.0000,0.0070,0.0001,200,10.7199
0.0066,0.0000,0.0000,0.0000,0.0065,0.0000,200,10.7244
0.0067,0.0000,0.0000,0.0000,0.0066,0.0000,200,10.7244
0.0085,0.0000,0.0000,0.0000,0.0084,0.0001,200,10.7246
0.0069,0.0000,0.0000,0.0000,0.0068,0.0000,200,10.7270
0.0064,0.0000,0.0000,0.0000,0.0063,0.0001,200,10.7310
0.0069,0.0000,0.0000,0.0000,0.0067,0.0001,200,10.7311
0.0068,0.0000,0.0000,0.0000,0.0067,0.0001,200,10.7331
0.0067,0.0000,0.0000,0.0000,0.0067,0.0000,200,10.7339
0.0069,0.0000,0.0000,0.0000,0.0068,0.0001,200,10.7374
0.0067,0.0000,0.0000,0.0000,0.0066,0.0001,200,10.7379
0.0067,0.0000,0.0000,0.0000,0.0066,0.0001,200,10.7399
0.0088,0.0000,0.0000,0.0000,0.0087,0.0001,200,10.7406
0.0068,0.0000,0.0000,0.0000,0.0066,0.0001,200,10.7446
0.0070,0.0000,0.0000,0.0000,0.0070,0.0000,200,10.7444
0.0068,0.0000,0.0000,0.0000,0.0067,0.0001,200,10.7466
0.0070,0.0000,0.0000,0.0000,0.0068,0.0001,200,10.7494
0.0066,0.0000,0.0000,0.0000,0.0065,0.0001,200,10.7514
0.0066,0.0000,0.0000,0.0000,0.0065,0.0001,200,10.7514
0.0069,0.0000,0.0000,0.0000,0.0068,0.0000,200,10.7534
0.0066,0.0000,0.0000,0.0000,0.0065,0.0001,200,10.7564
0.0062,0.0000,0.0000,0.0000,0.0062,0.0000,200,10.7580
0.0067,0.0000,0.0000,0.0000,0.0067,0.0000,200,10.7579
0.0064,0.0000,0.0000,0.0000,0.0063,0.0000,200,10.7603
0.0065,0.0000,0.0000,0.0000,0.0064,0.0001,200,10.7630
0.0063,0.0000,0.0000,0.0000,0.0063,0.0000,200,10.7642
0.0074,0.0000,0.0000,0.0000,0.0073,0.0000,200,10.7646
0.0088,0.0000,0.0000,0.0000,0.0087,0.0001,200,10.7667
0.0076,0.0000,0.0000,0.0000,0.0074,0.0001,200,10.7695
0.0067,0.0000,0.0000,0.0000,0.0066,0.0000,200,10.7706
0.0065,0.0000,0.0000,0.0000,0.0064,0.0000,200,10.7720
0.0070,0.0000,0.0000,0.0000,0.0069,0.0001,200,10.7756
0.0068,0.0000,0.0000,0.0000,0.0067,0.0001,200,10.7772
0.0077,0.0000,0.0000,0.0000,0.0076,0.0001,200,10.7770
0.0063,0.0000,0.0000,0.0000,0.0063,0.0000,200,10.7785
0.0067,0.0000,0.0000,0.0000,0.0066,0.0001,200,10.7826
0.0064,0.0000,0.0000,0.0000,0.0063,0.0000,200,10.7840
0.0062,0.0000,0.0000,0.0000,0.0062,0.0000,200,10.7849
0.0064,0.0000,0.0000,0.0000,0.0063,0.0000,200,10.7848
0.0063,0.0000,0.0000,0.0000,0.0062,0.0001,200,10.7893
0.0062,0.0000,0.0000,0.0000,0.0061,0.0000,200,10.7905
0.0061,0.0000,0.0000,0.0000,0.0061,0.0000,200,10.7911
0.0064,0.0000,0.0000,0.0000,0.0063,0.0000,200,10.7911
0.0063,0.0000,0.0000,0.0000,0.0062,0.0001,200,10.7956
0.0065,0.0000,0.0000,0.0000,0.0064,0.0001,200,10.7967
0.0064,0.0000,0.0000,0.0000,0.0063,0.0000,200,10.7973
0.0070,0.0000,0.0000,0.0000,0.0070,0.0000,200,10.7975
0.0069,0.0000,0.0000,0.0000,0.0068,0.0001,200,10.8019
0.0076,0.0000,0.0000,0.0000,0.0075,0.0000,200,10.8032
0.0071,0.0000,0.0000,0.0000,0.0070,0.0001,200,10.8037
0.0069,0.0000,0.0000,0.0000,0.0068,0.0000,200,10.8046
0.0066,0.0000,0.0000,0.0000,0.0065,0.0000,200,10.8089
0.0064,0.0000,0.0000,0.0000,0.0063,0.0001,200,10.8108
0.0065,0.0000,0.0000,0.0000,0.0063,0.0000,200,10.8108
0.0064,0.0000,0.0000,0.0000,0.0063,0.0000,200,10.8114
0.0065,0.0000,0.0000,0.0000,0.0064,0.0000,200,10.8154
0.0063,0.0000,0.0000,0.0000,0.0062,0.0001,200,10.8172
0.0064,0.0000,0.0000,0.0000,0.0063,0.0000,200,10.8172
0.0069,0.0000,0.0000,0.0000,0.0068,0.0001,200,10.8178
0.0064,0.0000,0.0000,0.0000,0.0063,0.0001,200,10.8219
0.0070,0.0000,0.0000,0.0000,0.0069,0.0000,200,10.8236
0.0069,0.0000,0.0000,0.0000,0.0068,0.0000,200,10.8236
0.0065,0.0000,0.0000,0.0000,0.0064,0.0000,200,10.8247
0.0066,0.0000,0.0000,0.0000,0.0064,0.0001,200,10.8283
0.0066,0.0000,0.0000,0.0000,0.0065,0.0001,200,10.8305
0.0069,0.0000,0.0000,0.0000,0.0068,0.0000,200,10.8305
0.0072,0.0000,0.0000,0.0000,0.0071,0.0000,200,10.8312
0.0066,0.0000,0.0000,0.0000,0.0065,0.0001,200,10.8348
0.0080,0.0000,0.0000,0.0000,0.0079,0.0000,200,10.8374
0.0071,0.0000,0.0000,0.0000,0.0070,0.0001,200,10.8384
0.0083,0.0000,0.0000,0.0000,0.0082,0.0000,200,10.8371
0.0069,0.0000,0.0000,0.0000,0.0068,0.0001,200,10.8414
0.0068,0.0000,0.0000,0.0000,0.0066,0.0002,200,10.8454
0.0073,0.0000,0.0000,0.0000,0.0073,0.0000,200,10.8454
0.0074,0.0000,0.0000,0.0000,0.0073,0.0001,200,10.8454
0.0101,0.0000,0.0000,0.0000,0.0100,0.0001,200,10.8483
0.0067,0.0000,0.0000,0.0000,0.0066,0.0000,200,10.8523
0.0067,0.0000,0.0000,0.0000,0.0066,0.0000,200,10.8528
0.0068,0.0000,0.0000,0.0000,0.0067,0.0000,200,10.8528
0.0068,0.0000,0.0000,0.0000,0.0067,0.0001,200,10.8584
0.0065,0.0000,0.0000,0.0000,0.0064,0.0000,200,10.8590
0.0082,0.0000,0.0000,0.0000,0.0081,0.0001,200,10.8595
0.0081,0.0000,0.0000,0.0000,0.0080,0.0001,200,10.8596
0.0076,0.0000,0.0000,0.0000,0.0075,0.0001,200,10.8654
0.0084,0.0000,0.0000,0.0000,0.0083,0.0000,200,10.8653
0.0071,0.0000,0.0000,0.0000,0.0070,0.0000,200,10.8677
0.0073,0.0000,0.0000,0.0000,0.0072,0.0000,200,10.8677
0.0068,0.0000,0.0000,0.0000,0.0067,0.0001,200,10.8730
0.0068,0.0000,0.0000,0.0000,0.0067,0.0000,200,10.8737
0.0084,0.0000,0.0000,0.0000,0.0083,0.0000,200,10.8750
0.0086,0.0000,0.0000,0.0000,0.0085,0.0001,200,10.8748
0.0073,0.0000,0.0000,0.0000,0.0072,0.0001,200,10.8799
0.0073,0.0000,0.0000,0.0000,0.0072,0.0000,200,10.8805
0.0065,0.0000,0.0000,0.0000,0.0064,0.0001,200,10.8834
0.0067,0.0000,0.0000,0.0000,0.0066,0.0000,200,10.8834
0.0066,0.0000,0.0000,0.0000,0.0064,0.0001,200,10.8872
0.0065,0.0000,0.0000,0.0000,0.0064,0.0001,200,10.8878
0.0064,0.0000,0.0000,0.0000,0.0063,0.0001,200,10.8900
0.0067,0.0000,0.0000,0.0000,0.0066,0.0000,200,10.8899
0.0076,0.0000,0.0000,0.0000,0.0075,0.0000,200,10.8937
0.0071,0.0000,0.0000,0.0000,0.0070,0.0001,200,10.8943
0.0064,0.0000,0.0000,0.0000,0.0063,0.0001,200,10.8965
0.0065,0.0000,0.0000,0.0000,0.0065,0.0000,200,10.8966
0.0072,0.0000,0.0000,0.0000,0.0071,0.0001,200,10.9014
0.0072,0.0000,0.0000,0.0000,0.0071,0.0001,200,10.9014
0.0065,0.0000,0.0000,0.0000,0.0064,0.0000,200,10.9029
0.0065,0.0000,0.0000,0.0000,0.0064,0.0000,200,10.9031
0.0068,0.0000,0.0000,0.0000,0.0067,0.0001,200,10.9086
0.0069,0.0000,0.0000,0.0000,0.0067,0.0000,200,10.9086
0.0069,0.0000,0.0000,0.0000,0.0068,0.0001,200,10.9094
0.0072,0.0000,0.0000,0.0000,0.0072,0.0000,200,10.9096
0.0074,0.0000,0.0000,0.0000,0.0073,0.0001,200,10.9154
0.0075,0.0000,0.0000,0.0000,0.0074,0.0000,200,10.9154
0.0074,0.0000,0.0000,0.0000,0.0073,0.0001,200,10.9163
0.0072,0.0000,0.0000,0.0000,0.0072,0.0000,200,10.9168
0.0075,0.0000,0.0000,0.0000,0.0074,0.0001,200,10.9229
0.0064,0.0000,0.0000,0.0000,0.0063,0.0000,200,10.9241
0.0067,0.0000,0.0000,0.0000,0.0066,0.0001,200,10.9237
0.0083,0.0000,0.0000,0.0000,0.0083,0.0000,200,10.9228
0.0069,0.0000,0.0000,0.0000,0.0068,0.0001,200,10.9304
0.0070,0.0000,0.0000,0.0000,0.0069,0.0000,200,10.9304
0.0064,0.0000,0.0000,0.0000,0.0063,0.0000,200,10.9311
0.0088,0.0000,0.0000,0.0000,0.0087,0.0001,200,10.9304
0.0074,0.0000,0.0000,0.0000,0.0073,0.0001,200,10.9373
0.0077,0.0000,0.0000,0.0000,0.0076,0.0000,200,10.9374
0.0077,0.0000,0.0000,0.0000,0.0076,0.0000,200,10.9393
0.0109,0.0000,0.0000,0.0000,0.0109,0.0000,200,10.9375
0.0072,0.0000,0.0000,0.0000,0.0071,0.0000,200,10.9447
0.0068,0.0000,0.0000,0.0000,0.0068,0.0000,200,10.9451
0.0085,0.0000,0.0000,0.0000,0.0077,0.0007,200,10.9470
0.0070,0.0000,0.0000,0.0000,0.0069,0.0000,200,10.9485
0.0068,0.0000,0.0000,0.0000,0.0067,0.0001,200,10.9519
0.0078,0.0000,0.0000,0.0000,0.0077,0.0001,200,10.9519
0.0069,0.0000,0.0000,0.0000,0.0068,0.0001,200,10.9555
0.0071,0.0000,0.0000,0.0000,0.0070,0.0001,200,10.9555
0.0065,0.0000,0.0000,0.0000,0.0064,0.0000,200,10.9587
0.0075,0.0000,0.0000,0.0000,0.0074,0.0001,200,10.9598
0.0069,0.0000,0.0000,0.0000,0.0068,0.0001,200,10.9624
0.0073,0.0000,0.0000,0.0000,0.0072,0.0000,200,10.9626
0.0063,0.0000,0.0000,0.0000,0.0063,0.0000,200,10.9652
0.0066,0.0000,0.0000,0.0000,0.0065,0.0000,200,10.9673
0.0085,0.0000,0.0000,0.0000,0.0084,0.0001,200,10.9693
0.0079,0.0000,0.0000,0.0000,0.0078,0.0001,200,10.9698
0.0064,0.0000,0.0000,0.0000,0.0063,0.0000,200,10.9715
0.0069,0.0000,0.0000,0.0000,0.0068,0.0001,200,10.9738
0.0064,0.0000,0.0000,0.0000,0.0063,0.0001,200,10.9779
0.0069,0.0000,0.0000,0.0000,0.0068,0.0000,200,10.9778
0.0071,0.0000,0.0000,0.0000,0.0070,0.0000,200,10.9778
0.0070,0.0000,0.0000,0.0000,0.0069,0.0001,200,10.9807
0.0077,0.0000,0.0000,0.0000,0.0075,0.0001,200,10.9847
0.0080,0.0000,0.0000,0.0000,0.0075,0.0004,200,10.9849
0.0086,0.0000,0.0000,0.0000,0.0085,0.0000,200,10.9843
0.0065,0.0000,0.0000,0.0000,0.0064,0.0000,200,10.9877
0.0068,0.0000,0.0000,0.0000,0.0067,0.0001,200,10.9923
0.0065,0.0000,0.0000,0.0000,0.0064,0.0000,200,10.9930
0.0066,0.0000,0.0000,0.0000,0.0066,0.0000,200,10.9929
0.0063,0.0000,0.0000,0.0000,0.0062,0.0000,200,10.9942
0.0074,0.0000,0.0000,0.0000,0.0073,0.0001,200,10.9991
0.0072,0.0000,0.0000,0.0000,0.0071,0.0000,200,10.9995
0.0074,0.0000,0.0000,0.0000,0.0073,0.0001,200,10.9994
0.0068,0.0000,0.0000,0.0000,0.0067,0.0000,200,11.0005
0.0067,0.0000,0.0000,0.0000,0.0066,0.0001,200,11.0068
0.0070,0.0000,0.0000,0.0000,0.0069,0.0000,200,11.0067
0.0071,0.0000,0.0000,0.0000,0.0070,0.0000,200,11.0065
0.0071,0.0000,0.0000,0.0000,0.0071,0.0000,200,11.0073
0.0066,0.0000,0.0000,0.0000,0.0066,0.0000,200,11.0136
0.0066,0.0000,0.0000,0.0000,0.0065,0.0000,200,11.0137
0.0068,0.0000,0.0000,0.0000,0.0068,0.0000,200,11.0135
0.0068,0.0000,0.0000,0.0000,0.0067,0.0000,200,11.0144
0.0064,0.0000,0.0000,0.0000,0.0064,0.0001,200,11.0212
0.0074,0.0000,0.0000,0.0000,0.0073,0.0001,200,11.0203
0.0074,0.0000,0.0000,0.0000,0.0073,0.0000,200,11.0203
0.0073,0.0000,0.0000,0.0000,0.0072,0.0001,200,11.0203
0.0067,0.0000,0.0000,0.0000,0.0066,0.0001,200,11.0277
0.0067,0.0000,0.0000,0.0000,0.0066,0.0001,200,11.0277
0.0067,0.0000,0.0000,0.0000,0.0067,0.0000,200,11.0277
0.0068,0.0000,0.0000,0.0000,0.0067,0.0000,200,11.0277
0.0071,0.0000,0.0000,0.0000,0.0070,0.0001,200,11.0344
0.0070,0.0000,0.0000,0.0000,0.0069,0.0001,200,11.0344
0.0071,0.0000,0.0000,0.0000,0.0070,0.0001,200,11.0344
0.0071,0.0000,0.0000,0.0000,0.0070,0.0001,200,11.0344
0.0068,0.0000,0.0000,0.0000,0.0067,0.0001,200,11.0415
0.0069,0.0000,0.0000,0.0000,0.0068,0.0000,200,11.0415
0.0069,0.0000,0.0000,0.0000,0.0068,0.0000,200,11.0415
0.0071,0.0000,0.0000,0.0000,0.0070,0.0000,200,11.0415
0.0067,0.0000,0.0000,0.0000,0.0066,0.0001,200,11.0483
0.0067,0.0000,0.0000,0.0000,0.0066,0.0000,200,11.0483
0.0065,0.0000,0.0000,0.0000,0.0064,0.0001,200,11.0486
0.0067,0.0000,0.0000,0.0000,0.0067,0.0000,200,11.0483
0.0068,0.0000,0.0000,0.0000,0.0067,0.0001,200,11.0550
0.0067,0.0000,0.0000,0.0000,0.0066,0.0000,200,11.0551
0.0070,0.0000,0.0000,0.0000,0.0069,0.0000,200,11.0550
0.0069,0.0000,0.0000,0.0000,0.0068,0.0000,200,11.0551
0.0078,0.0000,0.0000,0.0000,0.0077,0.0001,200,11.0618
0.0079,0.0000,0.0000,0.0000,0.0078,0.0000,200,11.0617
0.0077,0.0000,0.0000,0.0000,0.0076,0.0000,200,11.0620
0.0077,0.0000,0.0000,0.0000,0.0077,0.0000,200,11.0620
0.0066,0.0000,0.0000,0.0000,0.0065,0.0001,200,11.0695
0.0065,0.0000,0.0000,0.0000,0.0064,0.0001,200,11.0696
0.0066,0.0000,0.0000,0.0000,0.0065,0.0001,200,11.0697
0.0067,0.0000,0.0000,0.0000,0.0066,0.0000,200,11.0697
0.0065,0.0000,0.0000,0.0000,0.0064,0.0001,200,11.0763
0.0064,0.0000,0.0000,0.0000,0.0063,0.0001,200,11.0764
0.0068,0.0000,0.0000,0.0000,0.0067,0.0001,200,11.0761
0.0069,0.0000,0.0000,0.0000,0.0068,0.0000,200,11.0762
0.0071,0.0000,0.0000,0.0000,0.0070,0.0001,200,11.0828
0.0071,0.0000,0.0000,0.0000,0.0070,0.0001,200,11.0828
0.0069,0.0000,0.0000,0.0000,0.0068,0.0000,200,11.0830
0.0068,0.0000,0.0000,0.0000,0.0067,0.0000,200,11.0830
0.0066,0.0000,0.0000,0.0000,0.0065,0.0001,200,11.0899
0.0067,0.0000,0.0000,0.0000,0.0066,0.0000,200,11.0899
0.0067,0.0000,0.0000,0.0000,0.0066,0.0000,200,11.0899
0.0067,0.0000,0.0000,0.0000,0.0066,0.0000,200,11.0899
0.0070,0.0000,0.0000,0.0000,0.0069,0.0001,200,11.0966
0.0074,0.0000,0.0000,0.0000,0.0073,0.0000,200,11.0966
0.0077,0.0000,0.0000,0.0000,0.0076,0.0001,200,11.0966
0.0083,0.0000,0.0000,0.0000,0.0081,0.0000,200,11.0965
0.0068,0.0000,0.0000,0.0000,0.0067,0.0001,200,11.1040
0.0067,0.0000,0.0000,0.0000,0.0066,0.0000,200,11.1043
0.0076,0.0000,0.0000,0.0000,0.0073,0.0002,200,11.1036
0.0066,0.0000,0.0000,0.0000,0.0065,0.0000,200,11.1048
0.0069,0.0000,0.0000,0.0000,0.0068,0.0001,200,11.1108
0.0065,0.0000,0.0000,0.0000,0.0064,0.0000,200,11.1114
0.0068,0.0000,0.0000,0.0000,0.0068,0.0000,200,11.1110
0.0067,0.0000,0.0000,0.0000,0.0066,0.0001,200,11.1112
0.0065,0.0000,0.0000,0.0000,0.0064,0.0001,200,11.1178
0.0068,0.0000,0.0000,0.0000,0.0066,0.0000,200,11.1177
0.0066,0.0000,0.0000,0.0000,0.0066,0.0000,200,11.1178
0.0066,0.0000,0.0000,0.0000,0.0065,0.0001,200,11.1179
0.0067,0.0000,0.0000,0.0000,0.0065,0.0002,200,11.1244
0.0069,0.0000,0.0000,0.0000,0.0068,0.0000,200,11.1244
0.0071,0.0000,0.0000,0.0000,0.0071,0.0000,200,11.1244
0.0072,0.0000,0.0000,0.0000,0.0071,0.0000,200,11.1244
0.0065,0.0000,0.0000,0.0000,0.0064,0.0001,200,11.1316
0.0069,0.0000,0.0000,0.0000,0.0068,0.0001,200,11.1312
0.0068,0.0000,0.0000,0.0001,0.0066,0.0001,200,11.1313
0.0068,0.0000,0.0000,0.0001,0.0066,0.0000,200,11.1316
0.0065,0.0000,0.0000,0.0000,0.0064,0.0001,200,11.1384
0.0071,0.0000,0.0000,0.0000,0.0069,0.0001,200,11.1381
0.0072,0.0000,0.0000,0.0000,0.0071,0.0000,200,11.1381
0.0072,0.0000,0.0000,0.0000,0.0070,0.0002,200,11.1381
0.0067,0.0000,0.0000,0.0000,0.0066,0.0001,200,11.1453
0.0072,0.0000,0.0000,0.0000,0.0067,0.0000,200,11.1449
0.0068,0.0000,0.0000,0.0000,0.0067,0.0000,200,11.1453
0.0070,0.0000,0.0000,0.0002,0.0067,0.0000,200,11.1451
0.0065,0.0000,0.0000,0.0000,0.0064,0.0001,200,11.1521
0.0066,0.0000,0.0000,0.0000,0.0065,0.0000,200,11.1521
0.0066,0.0000,0.0000,0.0000,0.0065,0.0001,200,11.1521
0.0067,0.0000,0.0000,0.0000,0.0067,0.0000,200,11.1520
0.0065,0.0000,0.0000,0.0000,0.0064,0.0001,200,11.1587
0.0066,0.0000,0.0000,0.0000,0.0065,0.0000,200,11.1587
0.0066,0.0000,0.0000,0.0000,0.0065,0.0000,200,11.1587
0.0067,0.0000,0.0000,0.0000,0.0066,0.0000,200,11.1586
0.0067,0.0000,0.0000,0.0000,0.0066,0.0001,200,11.1653
0.0067,0.0000,0.0000,0.0000,0.0066,0.0000,200,11.1653
0.0067,0.0000,0.0000,0.0000,0.0066,0.0000,200,11.1653
0.0068,0.0000,0.0000,0.0000,0.0067,0.0000,200,11.1652
0.0070,0.0000,0.0000,0.0000,0.0068,0.0001,200,11.1720
0.0080,0.0000,0.0000,0.0000,0.0079,0.0001,200,11.1720
0.0101,0.0000,0.0000,0.0000,0.0101,0.0000,200,11.1720
0.0105,0.0000,0.0000,0.0000,0.0100,0.0005,200,11.1720
0.0070,0.0000,0.0000,0.0000,0.0068,0.0001,200,11.1800
0.0080,0.0000,0.0000,0.0000,0.0079,0.0001,200,11.1790
0.0069,0.0000,0.0000,0.0000,0.0068,0.0001,200,11.1821
0.0071,0.0000,0.0000,0.0000,0.0070,0.0001,200,11.1825
0.0078,0.0000,0.0000,0.0000,0.0077,0.0001,200,11.1870
0.0068,0.0000,0.0000,0.0000,0.0067,0.0001,200,11.1896
0.0074,0.0000,0.0000,0.0000,0.0073,0.0000,200,11.1891
0.0099,0.0000,0.0000,0.0000,0.0098,0.0000,200,11.1870
0.0075,0.0000,0.0000,0.0000,0.0073,0.0001,200,11.1947
0.0064,0.0000,0.0000,0.0000,0.0063,0.0000,200,11.1969
0.0070,0.0000,0.0000,0.0000,0.0070,0.0000,200,11.1965
0.0100,0.0000,0.0000,0.0000,0.0067,0.0001,200,11.1964
0.0063,0.0000,0.0000,0.0000,0.0062,0.0001,200,11.2022
0.0066,0.0000,0.0000,0.0000,0.0065,0.0000,200,11.2035
0.0070,0.0000,0.0000,0.0000,0.0069,0.0000,200,11.2033
0.0069,0.0000,0.0000,0.0000,0.0067,0.0002,200,11.2065
0.0066,0.0000,0.0000,0.0000,0.0065,0.0001,200,11.2086
0.0065,0.0000,0.0000,0.0000,0.0064,0.0000,200,11.2103
0.0067,0.0000,0.0000,0.0000,0.0066,0.0000,200,11.2101
0.0066,0.0000,0.0000,0.0000,0.0065,0.0001,200,11.2134
0.0065,0.0000,0.0000,0.0000,0.0064,0.0000,200,11.2151
0.0068,0.0000,0.0000,0.0000,0.0067,0.0000,200,11.2168
0.0068,0.0000,0.0000,0.0000,0.0068,0.0000,200,11.2168
0.0064,0.0000,0.0000,0.0000,0.0063,0.0000,200,11.2200
0.0064,0.0000,0.0000,0.0000,0.0063,0.0000,200,11.2216
0.0065,0.0000,0.0000,0.0000,0.0064,0.0000,200,11.2237
0.0066,0.0000,0.0000,0.0000,0.0065,0.0000,200,11.2236
0.0068,0.0000,0.0000,0.0000,0.0067,0.0001,200,11.2263
0.0065,0.0000,0.0000,0.0000,0.0064,0.0000,200,11.2280
0.0073,0.0000,0.0000,0.0000,0.0072,0.0001,200,11.2302
0.0079,0.0000,0.0000,0.0000,0.0078,0.0001,200,11.2302
0.0066,0.0000,0.0000,0.0000,0.0064,0.0001,200,11.2332
0.0066,0.0000,0.0000,0.0000,0.0065,0.0000,200,11.2344
0.0068,0.0000,0.0000,0.0000,0.0067,0.0001,200,11.2374
0.0065,0.0000,0.0000,0.0000,0.0064,0.0000,200,11.2381
0.0064,0.0000,0.0000,0.0000,0.0063,0.0000,200,11.2398
0.0064,0.0000,0.0000,0.0000,0.0063,0.0001,200,11.2410
0.0077,0.0000,0.0000,0.0000,0.0076,0.0001,200,11.2443
0.0076,0.0000,0.0000,0.0000,0.0075,0.0000,200,11.2445
0.0064,0.0000,0.0000,0.0000,0.0063,0.0000,200,11.2462
0.0067,0.0000,0.0000,0.0000,0.0066,0.0001,200,11.2475
0.0069,0.0000,0.0000,0.0000,0.0067,0.0001,200,11.2520
0.0071,0.0000,0.0000,0.0000,0.0068,0.0003,200,11.2521
0.0069,0.0000,0.0000,0.0000,0.0068,0.0001,200,11.2525
0.0069,0.0000,0.0000,0.0000,0.0068,0.0001,200,11.2542
0.0068,0.0000,0.0000,0.0000,0.0067,0.0001,200,11.2594
0.0074,0.0000,0.0000,0.0000,0.0073,0.0000,200,11.2592
0.0078,0.0000,0.0000,0.0000,0.0074,0.0000,200,11.2588
0.0069,0.0000,0.0000,0.0000,0.0068,0.0001,200,11.2611
0.0076,0.0000,0.0000,0.0000,0.0075,0.0001,200,11.2663
0.0072,0.0000,0.0000,0.0000,0.0072,0.0001,200,11.2666
0.0064,0.0000,0.0000,0.0000,0.0063,0.0000,200,11.2679
0.0079,0.0000,0.0000,0.0000,0.0079,0.0000,200,11.2666
0.0065,0.0000,0.0000,0.0000,0.0064,0.0001,200,11.2738
0.0065,0.0000,0.0000,0.0000,0.0064,0.0000,200,11.2738
0.0065,0.0000,0.0000,0.0000,0.0064,0.0001,200,11.2743
0.0071,0.0000,0.0000,0.0000,0.0070,0.0000,200,11.2745
0.0085,0.0000,0.0000,0.0000,0.0084,0.0001,200,11.2809
0.0090,0.0000,0.0000,0.0000,0.0089,0.0001,200,11.2804
0.0090,0.0000,0.0000,0.0000,0.0089,0.0001,200,11.2804
0.0077,0.0000,0.0000,0.0000,0.0077,0.0001,200,11.2816
0.0067,0.0000,0.0000,0.0000,0.0066,0.0001,200,11.2894
0.0067,0.0000,0.0000,0.0000,0.0067,0.0000,200,11.2894
0.0068,0.0000,0.0000,0.0000,0.0066,0.0000,200,11.2894
0.0083,0.0000,0.0000,0.0000,0.0082,0.0001,200,11.2894
0.0066,0.0000,0.0000,0.0000,0.0065,0.0001,200,11.2961
0.0066,0.0000,0.0000,0.0000,0.0065,0.0000,200,11.2961
0.0067,0.0000,0.0000,0.0000,0.0066,0.0000,200,11.2961
0.0064,0.0000,0.0000,0.0000,0.0063,0.0001,200,11.2977
0.0065,0.0000,0.0000,0.0000,0.0064,0.0001,200,11.3028
0.0066,0.0000,0.0000,0.0000,0.0065,0.0000,200,11.3027
0.0067,0.0000,0.0000,0.0000,0.0066,0.0000,200,11.3027
0.0066,0.0000,0.0000,0.0000,0.0065,0.0000,200,11.3041
0.0066,0.0000,0.0000,0.0000,0.0065,0.0001,200,11.3093
0.0066,0.0000,0.0000,0.0000,0.0065,0.0000,200,11.3094
0.0068,0.0000,0.0000,0.0000,0.0067,0.0001,200,11.3093
0.0081,0.0000,0.0000,0.0000,0.0080,0.0001,200,11.3107
0.0066,0.0000,0.0000,0.0001,0.0064,0.0001,200,11.3159
0.0066,0.0000,0.0000,0.0000,0.0065,0.0000,200,11.3159
0.0080,0.0000,0.0000,0.0000,0.0079,0.0000,200,11.3161
0.0071,0.0000,0.0000,0.0000,0.0070,0.0000,200,11.3188
0.0080,0.0000,0.0000,0.0000,0.0079,0.0001,200,11.3225
0.0065,0.0000,0.0000,0.0000,0.0064,0.0000,200,11.3241
0.0082,0.0000,0.0000,0.0000,0.0081,0.0000,200,11.3225
0.0064,0.0000,0.0000,0.0000,0.0063,0.0000,200,11.3258
0.0065,0.0000,0.0000,0.0000,0.0065,0.0000,200,11.3306
0.0067,0.0000,0.0000,0.0000,0.0066,0.0001,200,11.3304
0.0064,0.0000,0.0000,0.0000,0.0064,0.0001,200,11.3307
0.0063,0.0000,0.0000,0.0000,0.0063,0.0001,200,11.3322
0.0064,0.0000,0.0000,0.0000,0.0063,0.0001,200,11.3371
0.0065,0.0000,0.0000,0.0000,0.0064,0.0000,200,11.3371
0.0065,0.0000,0.0000,0.0000,0.0064,0.0000,200,11.3371
0.0064,0.0000,0.0000,0.0000,0.0063,0.0001,200,11.3385
0.0064,0.0000,0.0000,0.0000,0.0063,0.0000,200,11.3436
0.0064,0.0000,0.0000,0.0000,0.0063,0.0000,200,11.3436
0.0065,0.0000,0.0000,0.0000,0.0064,0.0000,200,11.3435
0.0063,0.0000,0.0000,0.0000,0.0062,0.0000,200,11.3449
0.0065,0.0000,0.0000,0.0000,0.0065,0.0001,200,11.3500
0.0066,0.0000,0.0000,0.0000,0.0065,0.0000,200,11.3500
0.0066,0.0000,0.0000,0.0000,0.0065,0.0000,200,11.3500
0.0063,0.0000,0.0000,0.0000,0.0063,0.0000,200,11.3512
0.0067,0.0000,0.0000,0.0000,0.0066,0.0000,200,11.3566
0.0067,0.0000,0.0000,0.0000,0.0066,0.0001,200,11.3566
0.0073,0.0000,0.0000,0.0000,0.0072,0.0000,200,11.3566
0.0071,0.0000,0.0000,0.0000,0.0070,0.0000,200,11.3576
0.0068,0.0000,0.0000,0.0000,0.0067,0.0000,200,11.3633
0.0068,0.0000,0.0000,0.0000,0.0067,0.0001,200,11.3633
0.0066,0.0000,0.0000,0.0000,0.0065,0.0001,200,11.3639
0.0064,0.0000,0.0000,0.0000,0.0063,0.0000,200,11.3646
0.0068,0.0000,0.0000,0.0000,0.0067,0.0001,200,11.3701
0.0072,0.0000,0.0000,0.0000,0.0071,0.0000,200,11.3701
0.0066,0.0000,0.0000,0.0000,0.0066,0.0000,200,11.3710
0.0074,0.0000,0.0000,0.0000,0.0073,0.0000,200,11.3705
0.0068,0.0000,0.0000,0.0000,0.0067,0.0001,200,11.3769
0.0067,0.0000,0.0000,0.0000,0.0067,0.0000,200,11.3773
0.0064,0.0000,0.0000,0.0000,0.0063,0.0000,200,11.3779
0.0068,0.0000,0.0000,0.0000,0.0068,0.0000,200,11.3777
0.0070,0.0000,0.0000,0.0000,0.0069,0.0001,200,11.3837
0.0071,0.0000,0.0000,0.0000,0.0071,0.0000,200,11.3840
0.0071,0.0000,0.0000,0.0000,0.0070,0.0000,200,11.3843
0.0070,0.0000,0.0000,0.0000,0.0069,0.0000,200,11.3845
0.0068,0.0000,0.0000,0.0000,0.0067,0.0001,200,11.3907
0.0065,0.0000,0.0000,0.0000,0.0064,0.0000,200,11.3915
0.0070,0.0000,0.0000,0.0000,0.0069,0.0000,200,11.3914
0.0084,0.0000,0.0000,0.0000,0.0083,0.0000,200,11.3911
0.0068,0.0000,0.0000,0.0000,0.0067,0.0001,200,11.3976
0.0075,0.0000,0.0000,0.0000,0.0075,0.0001,200,11.3983
0.0081,0.0000,0.0000,0.0000,0.0077,0.0002,200,11.3980
0.0066,0.0000,0.0000,0.0000,0.0065,0.0000,200,11.3995
0.0078,0.0000,0.0000,0.0000,0.0077,0.0001,200,11.4044
0.0067,0.0000,0.0000,0.0000,0.0067,0.0000,200,11.4060
0.0067,0.0000,0.0000,0.0000,0.0066,0.0001,200,11.4061
0.0071,0.0000,0.0000,0.0000,0.0070,0.0000,200,11.4059
0.0068,0.0000,0.0000,0.0000,0.0067,0.0001,200,11.4122
0.0064,0.0000,0.0000,0.0000,0.0064,0.0000,200,11.4128
0.0063,0.0000,0.0000,0.0000,0.0063,0.0000,200,11.4130
0.0070,0.0000,0.0000,0.0000,0.0069,0.0000,200,11.4128
0.0067,0.0000,0.0000,0.0000,0.0066,0.0001,200,11.4192
0.0066,0.0000,0.0000,0.0000,0.0066,0.0001,200,11.4193
0.0062,0.0000,0.0000,0.0000,0.0061,0.0000,200,11.4198
0.0072,0.0000,0.0000,0.0000,0.0071,0.0000,200,11.4190
0.0069,0.0000,0.0000,0.0000,0.0068,0.0001,200,11.4260
0.0069,0.0000,0.0000,0.0000,0.0068,0.0001,200,11.4260
0.0069,0.0000,0.0000,0.0000,0.0069,0.0000,200,11.4260
0.0068,0.0000,0.0000,0.0000,0.0068,0.0000,200,11.4262
0.0069,0.0000,0.0000,0.0000,0.0067,0.0002,200,11.4330
0.0074,0.0000,0.0000,0.0000,0.0073,0.0001,200,11.4329
0.0083,0.0000,0.0000,0.0000,0.0075,0.0007,200,11.4329
0.0083,0.0000,0.0000,0.0000,0.0082,0.0000,200,11.4329
0.0082,0.0000,0.0000,0.0000,0.0080,0.0001,200,11.4399
0.0080,0.0000,0.0000,0.0000,0.0079,0.0000,200,11.4403
0.0077,0.0000,0.0000,0.0000,0.0076,0.0000,200,11.4411
0.0103,0.0000,0.0000,0.0000,0.0102,0.0001,200,11.4412
0.0066,0.0000,0.0000,0.0000,0.0065,0.0001,200,11.4483
0.0069,0.0000,0.0000,0.0000,0.0068,0.0000,200,11.4481
0.0088,0.0000,0.0000,0.0000,0.0087,0.0001,200,11.4488
0.0066,0.0000,0.0000,0.0000,0.0065,0.0000,200,11.4515
0.0067,0.0000,0.0000,0.0000,0.0066,0.0001,200,11.4550
0.0072,0.0000,0.0000,0.0000,0.0070,0.0001,200,11.4549
0.0066,0.0000,0.0000,0.0000,0.0066,0.0001,200,11.4582
0.0073,0.0000,0.0000,0.0000,0.0072,0.0000,200,11.4576
0.0071,0.0000,0.0000,0.0000,0.0070,0.0001,200,11.4617
0.0065,0.0000,0.0000,0.0000,0.0065,0.0000,200,11.4649
0.0066,0.0000,0.0000,0.0000,0.0065,0.0000,200,11.4648
0.0099,0.0000,0.0000,0.0000,0.0097,0.0001,200,11.4621
0.0065,0.0000,0.0000,0.0000,0.0064,0.0001,200,11.4688
0.0069,0.0000,0.0000,0.0000,0.0068,0.0001,200,11.4715
0.0066,0.0000,0.0000,0.0000,0.0065,0.0000,200,11.4720
0.0071,0.0000,0.0000,0.0000,0.0071,0.0000,200,11.4715
0.0066,0.0000,0.0000,0.0000,0.0064,0.0001,200,11.4753
0.0072,0.0000,0.0000,0.0000,0.0071,0.0001,200,11.4786
0.0074,0.0000,0.0000,0.0000,0.0073,0.0001,200,11.4784
0.0072,0.0000,0.0000,0.0000,0.0071,0.0001,200,11.4786
0.0070,0.0000,0.0000,0.0000,0.0069,0.0001,200,11.4819
0.0068,0.0000,0.0000,0.0000,0.0067,0.0001,200,11.4858
0.0086,0.0000,0.0000,0.0000,0.0085,0.0000,200,11.4858
0.0089,0.0000,0.0000,0.0000,0.0088,0.0000,200,11.4858
0.0067,0.0000,0.0000,0.0000,0.0066,0.0000,200,11.4889
0.0087,0.0000,0.0000,0.0000,0.0086,0.0000,200,11.4926
0.0066,0.0000,0.0000,0.0000,0.0065,0.0001,200,11.4946
0.0070,0.0000,0.0000,0.0000,0.0068,0.0002,200,11.4944
0.0063,0.0000,0.0000,0.0000,0.0062,0.0001,200,11.4957
0.0068,0.0000,0.0000,0.0000,0.0067,0.0001,200,11.5013
0.0069,0.0000,0.0000,0.0000,0.0068,0.0000,200,11.5015
0.0071,0.0000,0.0000,0.0000,0.0070,0.0000,200,11.5013
0.0088,0.0000,0.0000,0.0000,0.0088,0.0000,200,11.5020
0.0067,0.0000,0.0000,0.0000,0.0066,0.0001,200,11.5081
0.0065,0.0000,0.0000,0.0000,0.0064,0.0000,200,11.5084
0.0066,0.0000,0.0000,0.0000,0.0066,0.0000,200,11.5083
0.0080,0.0000,0.0000,0.0000,0.0079,0.0001,200,11.5108
0.0079,0.0000,0.0000,0.0000,0.0078,0.0001,200,11.5149
0.0081,0.0000,0.0000,0.0000,0.0081,0.0000,200,11.5148
0.0082,0.0000,0.0000,0.0000,0.0081,0.0000,200,11.5149
0.0070,0.0000,0.0000,0.0000,0.0068,0.0001,200,11.5188
0.0070,0.0000,0.0000,0.0000,0.0070,0.0001,200,11.5230
0.0072,0.0000,0.0000,0.0000,0.0071,0.0000,200,11.5229
0.0071,0.0000,0.0000,0.0000,0.0070,0.0000,200,11.5230
0.0067,0.0000,0.0000,0.0000,0.0066,0.0000,200,11.5257
0.0073,0.0000,0.0000,0.0000,0.0069,0.0004,200,11.5301
0.0075,0.0000,0.0000,0.0000,0.0073,0.0002,200,11.5300
0.0075,0.0000,0.0000,0.0000,0.0073,0.0001,200,11.5300
0.0094,0.0000,0.0000,0.0000,0.0092,0.0001,200,11.5324
0.0071,0.0000,0.0000,0.0000,0.0070,0.0000,200,11.5374
0.0070,0.0000,0.0000,0.0000,0.0068,0.0002,200,11.5375
0.0073,0.0000,0.0000,0.0000,0.0072,0.0000,200,11.5375
0.0069,0.0000,0.0000,0.0000,0.0067,0.0001,200,11.5418
0.0078,0.0000,0.0000,0.0000,0.0077,0.0001,200,11.5445
0.0075,0.0000,0.0000,0.0000,0.0075,0.0001,200,11.5448
0.0078,0.0000,0.0000,0.0000,0.0078,0.0000,200,11.5445
0.0064,0.0000,0.0000,0.0000,0.0062,0.0001,200,11.5487
0.0066,0.0000,0.0000,0.0000,0.0065,0.0000,200,11.5523
0.0066,0.0000,0.0000,0.0000,0.0065,0.0001,200,11.5523
0.0084,0.0000,0.0000,0.0000,0.0083,0.0000,200,11.5523
0.0063,0.0000,0.0000,0.0000,0.0062,0.0000,200,11.5550
0.0063,0.0000,0.0000,0.0000,0.0062,0.0000,200,11.5589
0.0063,0.0000,0.0000,0.0000,0.0062,0.0000,200,11.5589
0.0066,0.0000,0.0000,0.0000,0.0065,0.0001,200,11.5613
0.0077,0.0000,0.0000,0.0000,0.0076,0.0000,200,11.5608
0.0069,0.0000,0.0000,0.0000,0.0068,0.0001,200,11.5652
0.0069,0.0000,0.0000,0.0000,0.0069,0.0000,200,11.5652
0.0064,0.0000,0.0000,0.0000,0.0063,0.0001,200,11.5684
0.0111,0.0000,0.0000,0.0000,0.0110,0.0000,200,11.5678
0.0068,0.0000,0.0000,0.0000,0.0067,0.0000,200,11.5721
0.0069,0.0000,0.0000,0.0000,0.0069,0.0000,200,11.5721
0.0063,0.0000,0.0000,0.0000,0.0062,0.0000,200,11.5749
0.0067,0.0000,0.0000,0.0000,0.0066,0.0001,200,11.5789
0.0067,0.0000,0.0000,0.0000,0.0066,0.0000,200,11.5791
0.0069,0.0000,0.0000,0.0000,0.0068,0.0000,200,11.5789
0.0067,0.0000,0.0000,0.0000,0.0066,0.0000,200,11.5812
0.0071,0.0000,0.0000,0.0000,0.0067,0.0003,200,11.5856
0.0070,0.0000,0.0000,0.0000,0.0069,0.0000,200,11.5858
0.0070,0.0000,0.0000,0.0000,0.0069,0.0000,200,11.5858
0.0064,0.0000,0.0000,0.0000,0.0063,0.0001,200,11.5879
0.0067,0.0000,0.0000,0.0000,0.0066,0.0001,200,11.5927
0.0068,0.0000,0.0000,0.0000,0.0067,0.0000,200,11.5928
0.0068,0.0000,0.0000,0.0000,0.0067,0.0000,200,11.5928
0.0074,0.0000,0.0000,0.0000,0.0073,0.0000,200,11.5943
0.0071,0.0000,0.0000,0.0000,0.0070,0.0001,200,11.5996
0.0075,0.0000,0.0000,0.0000,0.0074,0.0000,200,11.5994
0.0085,0.0000,0.0000,0.0000,0.0082,0.0003,200,11.5995
0.0066,0.0000,0.0000,0.0000,0.0065,0.0000,200,11.6018
0.0069,0.0000,0.0000,0.0000,0.0068,0.0001,200,11.6069
0.0071,0.0000,0.0000,0.0000,0.0070,0.0001,200,11.6067
0.0066,0.0000,0.0000,0.0002,0.0063,0.0001,200,11.6081
0.0076,0.0000,0.0000,0.0000,0.0075,0.0001,200,11.6084
0.0067,0.0000,0.0000,0.0000,0.0066,0.0001,200,11.6138
0.0068,0.0000,0.0000,0.0000,0.0067,0.0000,200,11.6138
0.0066,0.0000,0.0000,0.0000,0.0064,0.0000,200,11.6147
0.0068,0.0000,0.0000,0.0000,0.0066,0.0001,200,11.6160
0.0067,0.0000,0.0000,0.0000,0.0067,0.0001,200,11.6206
0.0069,0.0000,0.0000,0.0000,0.0068,0.0000,200,11.6205
0.0066,0.0000,0.0000,0.0000,0.0066,0.0000,200,11.6212
0.0068,0.0000,0.0000,0.0000,0.0067,0.0001,200,11.6227
0.0068,0.0000,0.0000,0.0000,0.0067,0.0001,200,11.6274
0.0065,0.0000,0.0000,0.0000,0.0064,0.0000,200,11.6279
0.0073,0.0000,0.0000,0.0000,0.0072,0.0000,200,11.6274
0.0062,0.0000,0.0000,0.0000,0.0061,0.0000,200,11.6296
0.0066,0.0000,0.0000,0.0000,0.0065,0.0001,200,11.6341
0.0066,0.0000,0.0000,0.0000,0.0065,0.0000,200,11.6344
0.0063,0.0000,0.0000,0.0000,0.0062,0.0000,200,11.6348
0.0062,0.0000,0.0000,0.0000,0.0062,0.0000,200,11.6358
0.0063,0.0000,0.0000,0.0000,0.0062,0.0001,200,11.6410
0.0069,0.0000,0.0000,0.0000,0.0068,0.0001,200,11.6407
0.0067,0.0000,0.0000,0.0000,0.0067,0.0000,200,11.6409
0.0062,0.0000,0.0000,0.0000,0.0061,0.0000,200,11.6420
0.0067,0.0000,0.0000,0.0000,0.0066,0.0000,200,11.6474
0.0065,0.0000,0.0000,0.0000,0.0064,0.0000,200,11.6476
0.0064,0.0000,0.0000,0.0000,0.0064,0.0000,200,11.6477
0.0061,0.0000,0.0000,0.0000,0.0060,0.0000,200,11.6482
0.0067,0.0000,0.0000,0.0000,0.0066,0.0001,200,11.6541
0.0067,0.0000,0.0000,0.0000,0.0066,0.0000,200,11.6541
0.0070,0.0000,0.0000,0.0000,0.0069,0.0000,200,11.6541
0.0069,0.0000,0.0000,0.0000,0.0068,0.0000,200,11.6543
0.0067,0.0000,0.0000,0.0000,0.0066,0.0001,200,11.6608
0.0067,0.0000,0.0000,0.0000,0.0066,0.0001,200,11.6608
0.0064,0.0000,0.0000,0.0000,0.0063,0.0001,200,11.6611
0.0068,0.0000,0.0000,0.0000,0.0067,0.0000,200,11.6611
0.0065,0.0000,0.0000,0.0000,0.0064,0.0000,200,11.6675
0.0064,0.0000,0.0000,0.0000,0.0063,0.0001,200,11.6675
0.0062,0.0000,0.0000,0.0000,0.0062,0.0000,200,11.6679
0.0066,0.0000,0.0000,0.0000,0.0066,0.0000,200,11.6674
0.0066,0.0000,0.0000,0.0000,0.0065,0.0001,200,11.6741
0.0068,0.0000,0.0000,0.0000,0.0068,0.0000,200,11.6740
0.0069,0.0000,0.0000,0.0000,0.0068,0.0000,200,11.6740
0.0068,0.0000,0.0000,0.0000,0.0068,0.0000,200,11.6741
0.0066,0.0000,0.0000,0.0000,0.0065,0.0001,200,11.6807
0.0064,0.0000,0.0000,0.0000,0.0063,0.0000,200,11.6809
0.0066,0.0000,0.0000,0.0000,0.0065,0.0000,200,11.6808
0.0066,0.0000,0.0000,0.0000,0.0066,0.0000,200,11.6809
0.0069,0.0000,0.0000,0.0000,0.0068,0.0001,200,11.6874
0.0071,0.0000,0.0000,0.0000,0.0070,0.0000,200,11.6873
0.0072,0.0000,0.0000,0.0000,0.0071,0.0000,200,11.6873
0.0094,0.0000,0.0000,0.0000,0.0093,0.0001,200,11.6875
0.0068,0.0000,0.0000,0.0000,0.0067,0.0001,200,11.6943
0.0067,0.0000,0.0000,0.0000,0.0066,0.0000,200,11.6945
0.0090,0.0000,0.0000,0.0000,0.0089,0.0001,200,11.6944
0.0075,0.0000,0.0000,0.0000,0.0069,0.0005,200,11.6969
0.0070,0.0000,0.0000,0.0000,0.0069,0.0000,200,11.7012
0.0071,0.0000,0.0000,0.0000,0.0069,0.0002,200,11.7011
0.0083,0.0000,0.0000,0.0000,0.0081,0.0001,200,11.7034
0.0074,0.0000,0.0000,0.0000,0.0074,0.0000,200,11.7044
0.0077,0.0000,0.0000,0.0000,0.0076,0.0001,200,11.7082
0.0078,0.0000,0.0000,0.0000,0.0077,0.0001,200,11.7082
0.0072,0.0000,0.0000,0.0001,0.0070,0.0001,200,11.7118
0.0101,0.0000,0.0000,0.0001,0.0098,0.0001,200,11.7117
0.0068,0.0000,0.0000,0.0000,0.0067,0.0001,200,11.7159
0.0070,0.0000,0.0000,0.0000,0.0069,0.0000,200,11.7159
0.0072,0.0000,0.0000,0.0000,0.0069,0.0003,200,11.7190
0.0072,0.0000,0.0000,0.0000,0.0071,0.0001,200,11.7218
0.0064,0.0000,0.0000,0.0000,0.0063,0.0000,200,11.7229
0.0066,0.0000,0.0000,0.0000,0.0066,0.0000,200,11.7227
0.0083,0.0000,0.0000,0.0000,0.0082,0.0001,200,11.7263
0.0068,0.0000,0.0000,0.0000,0.0067,0.0001,200,11.7290
0.0067,0.0000,0.0000,0.0000,0.0066,0.0001,200,11.7293
0.0070,0.0000,0.0000,0.0000,0.0069,0.0000,200,11.7293
0.0066,0.0000,0.0000,0.0000,0.0065,0.0000,200,11.7346
0.0065,0.0000,0.0000,0.0000,0.0065,0.0000,200,11.7358
0.0068,0.0000,0.0000,0.0000,0.0068,0.0000,200,11.7360
0.0065,0.0000,0.0000,0.0000,0.0064,0.0000,200,11.7363
0.0065,0.0000,0.0000,0.0000,0.0064,0.0001,200,11.7423
0.0076,0.0000,0.0000,0.0000,0.0075,0.0001,200,11.7412
0.0062,0.0000,0.0000,0.0000,0.0061,0.0000,200,11.7428
0.0066,0.0000,0.0000,0.0000,0.0065,0.0000,200,11.7428
0.0065,0.0000,0.0000,0.0000,0.0064,0.0001,200,11.7488
0.0066,0.0000,0.0000,0.0000,0.0065,0.0000,200,11.7488
0.0065,0.0000,0.0000,0.0000,0.0064,0.0000,200,11.7490
0.0065,0.0000,0.0000,0.0000,0.0065,0.0000,200,11.7494
0.0065,0.0000,0.0000,0.0000,0.0064,0.0001,200,11.7553
0.0065,0.0000,0.0000,0.0000,0.0064,0.0000,200,11.7554
0.0064,0.0000,0.0000,0.0000,0.0064,0.0000,200,11.7555
0.0062,0.0000,0.0000,0.0000,0.0061,0.0000,200,11.7560
0.0067,0.0000,0.0000,0.0000,0.0065,0.0001,200,11.7619
0.0070,0.0000,0.0000,0.0000,0.0069,0.0000,200,11.7619
0.0070,0.0000,0.0000,0.0000,0.0069,0.0000,200,11.7619
0.0068,0.0000,0.0000,0.0000,0.0067,0.0001,200,11.7621
0.0066,0.0000,0.0000,0.0000,0.0065,0.0001,200,11.7689
0.0066,0.0000,0.0000,0.0000,0.0065,0.0000,200,11.7689
0.0069,0.0000,0.0000,0.0000,0.0066,0.0000,200,11.7686
0.0069,0.0000,0.0000,0.0000,0.0069,0.0000,200,11.7689
0.0067,0.0000,0.0000,0.0000,0.0065,0.0001,200,11.7755
0.0069,0.0000,0.0000,0.0000,0.0068,0.0000,200,11.7755
0.0066,0.0000,0.0000,0.0000,0.0065,0.0000,200,11.7758
0.0069,0.0000,0.0000,0.0000,0.0069,0.0000,200,11.7755
0.0075,0.0000,0.0000,0.0000,0.0074,0.0001,200,11.7821
0.0073,0.0000,0.0000,0.0000,0.0072,0.0000,200,11.7824
0.0074,0.0000,0.0000,0.0000,0.0074,0.0000,200,11.7824
0.0075,0.0000,0.0000,0.0000,0.0074,0.0000,200,11.7824
0.0065,0.0000,0.0000,0.0000,0.0064,0.0000,200,11.7899
0.0067,0.0000,0.0000,0.0000,0.0066,0.0001,200,11.7897
0.0068,0.0000,0.0000,0.0000,0.0067,0.0000,200,11.7896
0.0067,0.0000,0.0000,0.0000,0.0067,0.0000,200,11.7898
0.0068,0.0000,0.0000,0.0000,0.0067,0.0001,200,11.7964
0.0068,0.0000,0.0000,0.0000,0.0067,0.0001,200,11.7964
0.0076,0.0000,0.0000,0.0000,0.0075,0.0001,200,11.7964
0.0091,0.0000,0.0000,0.0000,0.0091,0.0001,200,11.7965
0.0068,0.0000,0.0000,0.0000,0.0067,0.0001,200,11.8032
0.0069,0.0000,0.0000,0.0000,0.0069,0.0000,200,11.8032
0.0070,0.0000,0.0000,0.0000,0.0069,0.0001,200,11.8057
0.0091,0.0000,0.0000,0.0000,0.0090,0.0000,200,11.8040
0.0067,0.0000,0.0000,0.0000,0.0065,0.0001,200,11.8101
0.0069,0.0000,0.0000,0.0000,0.0068,0.0000,200,11.8101
0.0065,0.0000,0.0000,0.0000,0.0064,0.0001,200,11.8130
0.0073,0.0000,0.0000,0.0000,0.0072,0.0000,200,11.8127
0.0066,0.0000,0.0000,0.0000,0.0064,0.0001,200,11.8167
0.0078,0.0000,0.0000,0.0000,0.0077,0.0001,200,11.8170
0.0066,0.0000,0.0000,0.0000,0.0065,0.0001,200,11.8196
0.0064,0.0000,0.0000,0.0000,0.0063,0.0000,200,11.8200
0.0092,0.0000,0.0000,0.0000,0.0091,0.0001,200,11.8233
0.0077,0.0000,0.0000,0.0000,0.0076,0.0001,200,11.8248
0.0063,0.0000,0.0000,0.0000,0.0062,0.0000,200,11.8263
0.0066,0.0000,0.0000,0.0000,0.0064,0.0001,200,11.8262
0.0068,0.0000,0.0000,0.0000,0.0067,0.0000,200,11.8325
0.0068,0.0000,0.0000,0.0000,0.0067,0.0001,200,11.8325
0.0074,0.0000,0.0000,0.0000,0.0064,0.0010,200,11.8327
0.0078,0.0000,0.0000,0.0000,0.0067,0.0011,200,11.8326
0.0067,0.0000,0.0000,0.0000,0.0066,0.0001,200,11.8392
0.0073,0.0000,0.0000,0.0000,0.0063,0.0000,200,11.8393
0.0069,0.0000,0.0000,0.0001,0.0067,0.0000,200,11.8401
0.0073,0.0000,0.0000,0.0000,0.0073,0.0000,200,11.8404
0.0067,0.0000,0.0000,0.0000,0.0066,0.0001,200,11.8460
0.0064,0.0000,0.0000,0.0000,0.0064,0.0000,200,11.8466
0.0066,0.0000,0.0000,0.0000,0.0065,0.0000,200,11.8470
0.0062,0.0000,0.0000,0.0000,0.0061,0.0000,200,11.8478
0.0065,0.0000,0.0000,0.0000,0.0064,0.0001,200,11.8527
0.0065,0.0000,0.0000,0.0000,0.0064,0.0000,200,11.8530
0.0066,0.0000,0.0000,0.0000,0.0066,0.0000,200,11.8536
0.0065,0.0000,0.0000,0.0000,0.0064,0.0000,200,11.8539
0.0068,0.0000,0.0000,0.0000,0.0067,0.0001,200,11.8595
0.0072,0.0000,0.0000,0.0000,0.0072,0.0000,200,11.8592
0.0064,0.0000,0.0000,0.0000,0.0064,0.0000,200,11.8602
0.0065,0.0000,0.0000,0.0000,0.0064,0.0000,200,11.8604
0.0071,0.0000,0.0000,0.0000,0.0070,0.0001,200,11.8663
0.0066,0.0000,0.0000,0.0000,0.0066,0.0000,200,11.8669
0.0071,0.0000,0.0000,0.0000,0.0071,0.0000,200,11.8665
0.0073,0.0000,0.0000,0.0000,0.0072,0.0001,200,11.8667
0.0066,0.0000,0.0000,0.0000,0.0065,0.0001,200,11.8740
0.0073,0.0000,0.0000,0.0000,0.0073,0.0000,200,11.8734
0.0073,0.0000,0.0000,0.0000,0.0072,0.0000,200,11.8736
0.0074,0.0000,0.0000,0.0000,0.0072,0.0002,200,11.8735
0.0068,0.0000,0.0000,0.0000,0.0067,0.0001,200,11.8805
0.0068,0.0000,0.0000,0.0000,0.0067,0.0000,200,11.8808
0.0069,0.0000,0.0000,0.0000,0.0068,0.0000,200,11.8809
0.0070,0.0000,0.0000,0.0000,0.0070,0.0000,200,11.8808
0.0075,0.0000,0.0000,0.0000,0.0074,0.0001,200,11.8874
0.0072,0.0000,0.0000,0.0000,0.0072,0.0001,200,11.8876
0.0071,0.0000,0.0000,0.0000,0.0070,0.0001,200,11.8878
0.0071,0.0000,0.0000,0.0000,0.0071,0.0000,200,11.8878
0.0067,0.0000,0.0000,0.0000,0.0065,0.0002,200,11.8948
0.0068,0.0000,0.0000,0.0000,0.0067,0.0000,200,11.8948
0.0068,0.0000,0.0000,0.0000,0.0067,0.0000,200,11.8949
0.0067,0.0000,0.0000,0.0000,0.0066,0.0001,200,11.8949
0.0068,0.0000,0.0000,0.0000,0.0067,0.0001,200,11.9016
0.0071,0.0000,0.0000,0.0000,0.0070,0.0000,200,11.9016
0.0072,0.0000,0.0000,0.0000,0.0071,0.0000,200,11.9016
0.0080,0.0000,0.0000,0.0000,0.0079,0.0000,200,11.9016
0.0069,0.0000,0.0000,0.0000,0.0067,0.0000,200,11.9085
0.0066,0.0000,0.0000,0.0000,0.0065,0.0000,200,11.9088
0.0086,0.0000,0.0000,0.0000,0.0085,0.0000,200,11.9087
0.0076,0.0000,0.0000,0.0000,0.0075,0.0001,200,11.9096
0.0063,0.0000,0.0000,0.0000,0.0062,0.0000,200,11.9153
0.0063,0.0000,0.0000,0.0000,0.0063,0.0000,200,11.9154
0.0071,0.0000,0.0000,0.0000,0.0070,0.0001,200,11.9173
0.0107,0.0000,0.0000,0.0000,0.0106,0.0001,200,11.9173
0.0071,0.0000,0.0000,0.0000,0.0070,0.0000,200,11.9217
0.0072,0.0000,0.0000,0.0000,0.0071,0.0000,200,11.9216
0.0067,0.0000,0.0000,0.0000,0.0066,0.0001,200,11.9244
0.0066,0.0000,0.0000,0.0000,0.0065,0.0001,200,11.9288
0.0074,0.0000,0.0000,0.0000,0.0073,0.0001,200,11.9280
0.0067,0.0000,0.0000,0.0000,0.0066,0.0000,200,11.9288
0.0070,0.0000,0.0000,0.0000,0.0069,0.0001,200,11.9311
0.0070,0.0000,0.0000,0.0000,0.0069,0.0001,200,11.9354
0.0069,0.0000,0.0000,0.0000,0.0069,0.0000,200,11.9355
0.0070,0.0000,0.0000,0.0000,0.0070,0.0000,200,11.9354
0.0108,0.0000,0.0000,0.0000,0.0107,0.0001,200,11.9381
0.0072,0.0000,0.0000,0.0000,0.0071,0.0000,200,11.9424
0.0073,0.0000,0.0000,0.0000,0.0073,0.0000,200,11.9424
0.0085,0.0000,0.0000,0.0000,0.0084,0.0000,200,11.9424
0.0067,0.0000,0.0000,0.0000,0.0066,0.0001,200,11.9496
0.0074,0.0000,0.0000,0.0000,0.0073,0.0000,200,11.9489
0.0066,0.0000,0.0000,0.0000,0.0065,0.0000,200,11.9498
0.0065,0.0000,0.0000,0.0000,0.0064,0.0000,200,11.9509
0.0063,0.0000,0.0000,0.0000,0.0062,0.0001,200,11.9563
0.0065,0.0000,0.0000,0.0000,0.0064,0.0000,200,11.9563
0.0066,0.0000,0.0000,0.0000,0.0065,0.0000,200,11.9563
0.0066,0.0000,0.0000,0.0000,0.0065,0.0000,200,11.9574
0.0064,0.0000,0.0000,0.0000,0.0063,0.0001,200,11.9628
0.0064,0.0000,0.0000,0.0000,0.0064,0.0000,200,11.9629
0.0066,0.0000,0.0000,0.0000,0.0066,0.0000,200,11.9627
0.0062,0.0000,0.0000,0.0000,0.0061,0.0000,200,11.9640
0.0065,0.0000,0.0000,0.0000,0.0064,0.0000,200,11.9693
0.0065,0.0000,0.0000,0.0000,0.0064,0.0000,200,11.9693
0.0065,0.0000,0.0000,0.0000,0.0064,0.0001,200,11.9693
0.0062,0.0000,0.0000,0.0000,0.0061,0.0001,200,11.9702
0.0073,0.0000,0.0000,0.0000,0.0073,0.0000,200,11.9758
0.0073,0.0000,0.0000,0.0000,0.0073,0.0000,200,11.9758
0.0074,0.0000,0.0000,0.0000,0.0074,0.0000,200,11.9758
0.0069,0.0000,0.0000,0.0000,0.0068,0.0000,200,11.9764
0.0067,0.0000,0.0000,0.0000,0.0066,0.0001,200,11.9831
0.0067,0.0000,0.0000,0.0000,0.0066,0.0000,200,11.9831
0.0067,0.0000,0.0000,0.0000,0.0066,0.0000,200,11.9832
0.0067,0.0000,0.0000,0.0000,0.0066,0.0000,200,11.9832
0.0069,0.0000,0.0000,0.0000,0.0068,0.0001,200,11.9898
0.0068,0.0000,0.0000,0.0000,0.0068,0.0000,200,11.9899
0.0068,0.0000,0.0000,0.0000,0.0067,0.0000,200,11.9899
0.0070,0.0000,0.0000,0.0000,0.0069,0.0000,200,11.9898
0.0066,0.0000,0.0000,0.0000,0.0065,0.0001,200,11.9968
0.0067,0.0000,0.0000,0.0000,0.0066,0.0001,200,11.9967
0.0066,0.0000,0.0000,0.0000,0.0065,0.0001,200,11.9967
0.0068,0.0000,0.0000,0.0000,0.0067,0.0000,200,11.9967
0.0067,0.0000,0.0000,0.0000,0.0066,0.0001,200,12.0034
0.0069,0.0000,0.0000,0.0000,0.0068,0.0001,200,12.0034
0.0070,0.0000,0.0000,0.0000,0.0069,0.0000,200,12.0034
0.0068,0.0000,0.0000,0.0000,0.0067,0.0000,200,12.0035
0.0066,0.0000,0.0000,0.0000,0.0065,0.0001,200,12.0103
0.0069,0.0000,0.0000,0.0000,0.0068,0.0000,200,12.0101
0.0069,0.0000,0.0000,0.0000,0.0069,0.0000,200,12.0103
0.0070,0.0000,0.0000,0.0000,0.0069,0.0001,200,12.0103
0.0071,0.0000,0.0000,0.0000,0.0070,0.0001,200,12.0169
0.0068,0.0000,0.0000,0.0000,0.0067,0.0001,200,12.0173
0.0071,0.0000,0.0000,0.0000,0.0071,0.0000,200,12.0170
0.0069,0.0000,0.0000,0.0000,0.0068,0.0000,200,12.0173
0.0067,0.0000,0.0000,0.0000,0.0066,0.0000,200,12.0240
0.0066,0.0000,0.0000,0.0000,0.0064,0.0001,200,12.0241
0.0069,0.0000,0.0000,0.0000,0.0069,0.0000,200,12.0240
0.0069,0.0000,0.0000,0.0000,0.0069,0.0000,200,12.0241
0.0068,0.0000,0.0000,0.0000,0.0067,0.0000,200,12.0310
0.0072,0.0000,0.0000,0.0000,0.0071,0.0000,200,12.0307
0.0069,0.0000,0.0000,0.0000,0.0067,0.0002,200,12.0310
0.0072,0.0000,0.0000,0.0000,0.0071,0.0000,200,12.0307
0.0065,0.0000,0.0000,0.0000,0.0064,0.0001,200,12.0378
0.0065,0.0000,0.0000,0.0000,0.0065,0.0000,200,12.0379
0.0066,0.0000,0.0000,0.0000,0.0065,0.0000,200,12.0379
0.0066,0.0000,0.0000,0.0000,0.0065,0.0000,200,12.0379
0.0065,0.0000,0.0000,0.0000,0.0065,0.0001,200,12.0445
0.0067,0.0000,0.0000,0.0000,0.0066,0.0001,200,12.0443
0.0066,0.0000,0.0000,0.0000,0.0066,0.0000,200,12.0445
0.0067,0.0000,0.0000,0.0000,0.0066,0.0000,200,12.0444
0.0066,0.0000,0.0000,0.0000,0.0064,0.0001,200,12.0510
0.0068,0.0000,0.0000,0.0000,0.0067,0.0000,200,12.0511
0.0068,0.0000,0.0000,0.0000,0.0067,0.0000,200,12.0510
0.0069,0.0000,0.0000,0.0000,0.0069,0.0000,200,12.0511
0.0068,0.0000,0.0000,0.0000,0.0067,0.0001,200,12.0576
0.0067,0.0000,0.0000,0.0000,0.0066,0.0000,200,12.0579
0.0092,0.0000,0.0000,0.0000,0.0091,0.0001,200,12.0579
0.0098,0.0000,0.0000,0.0000,0.0097,0.0000,200,12.0580
0.0088,0.0000,0.0000,0.0000,0.0087,0.0000,200,12.0646
0.0089,0.0000,0.0000,0.0000,0.0088,0.0000,200,12.0644
0.0073,0.0000,0.0000,0.0000,0.0072,0.0001,200,12.0678
0.0086,0.0000,0.0000,0.0000,0.0085,0.0001,200,12.0671
0.0068,0.0000,0.0000,0.0000,0.0068,0.0000,200,12.0733
0.0069,0.0000,0.0000,0.0000,0.0067,0.0002,200,12.0733
0.0064,0.0000,0.0000,0.0000,0.0063,0.0000,200,12.0751
0.0064,0.0000,0.0000,0.0000,0.0064,0.0000,200,12.0757
0.0066,0.0000,0.0000,0.0000,0.0066,0.0000,200,12.0803
0.0067,0.0000,0.0000,0.0000,0.0067,0.0000,200,12.0802
0.0071,0.0000,0.0000,0.0000,0.0071,0.0000,200,12.0822
0.0077,0.0000,0.0000,0.0000,0.0076,0.0001,200,12.0816
0.0068,0.0000,0.0000,0.0000,0.0067,0.0001,200,12.0869
0.0070,0.0000,0.0000,0.0000,0.0069,0.0000,200,12.0869
0.0064,0.0000,0.0000,0.0000,0.0063,0.0001,200,12.0893
0.0067,0.0000,0.0000,0.0000,0.0066,0.0000,200,12.0893
0.0071,0.0000,0.0000,0.0000,0.0070,0.0001,200,12.0937
0.0081,0.0000,0.0000,0.0000,0.0080,0.0000,200,12.0939
0.0065,0.0000,0.0000,0.0000,0.0065,0.0000,200,12.0957
0.0065,0.0000,0.0000,0.0000,0.0064,0.0000,200,12.0959
0.0068,0.0000,0.0000,0.0000,0.0067,0.0001,200,12.1009
0.0066,0.0000,0.0000,0.0000,0.0065,0.0001,200,12.1020
0.0063,0.0000,0.0000,0.0000,0.0062,0.0001,200,12.1024
0.0067,0.0000,0.0000,0.0000,0.0066,0.0000,200,12.1022
0.0067,0.0000,0.0000,0.0000,0.0065,0.0001,200,12.1077
0.0063,0.0000,0.0000,0.0000,0.0062,0.0000,200,12.1086
0.0094,0.0000,0.0000,0.0000,0.0093,0.0001,200,12.1089
0.0096,0.0000,0.0000,0.0002,0.0093,0.0000,200,12.1088
0.0066,0.0000,0.0000,0.0000,0.0064,0.0001,200,12.1144
0.0063,0.0000,0.0000,0.0000,0.0062,0.0001,200,12.1149
0.0066,0.0000,0.0000,0.0000,0.0065,0.0001,200,12.1183
0.0066,0.0000,0.0000,0.0000,0.0066,0.0001,200,12.1184
0.0064,0.0000,0.0000,0.0000,0.0062,0.0001,200,12.1211
0.0067,0.0000,0.0000,0.0000,0.0066,0.0000,200,12.1209
0.0064,0.0000,0.0000,0.0000,0.0063,0.0001,200,12.1250
0.0065,0.0000,0.0000,0.0000,0.0064,0.0000,200,12.1250
0.0063,0.0000,0.0000,0.0000,0.0062,0.0000,200,12.1275
0.0065,0.0000,0.0000,0.0000,0.0064,0.0000,200,12.1276
0.0074,0.0000,0.0000,0.0000,0.0074,0.0000,200,12.1314
0.0074,0.0000,0.0000,0.0000,0.0073,0.0001,200,12.1314
0.0063,0.0000,0.0000,0.0000,0.0062,0.0000,200,12.1337
0.0061,0.0000,0.0000,0.0000,0.0061,0.0000,200,12.1341
0.0066,0.0000,0.0000,0.0000,0.0065,0.0001,200,12.1388
0.0068,0.0000,0.0000,0.0000,0.0067,0.0000,200,12.1388
0.0062,0.0000,0.0000,0.0000,0.0062,0.0000,200,12.1400
0.0063,0.0000,0.0000,0.0000,0.0062,0.0001,200,12.1403
0.0068,0.0000,0.0000,0.0000,0.0067,0.0001,200,12.1454
0.0066,0.0000,0.0000,0.0000,0.0065,0.0001,200,12.1456
0.0064,0.0000,0.0000,0.0000,0.0064,0.0000,200,12.1463
0.0100,0.0000,0.0000,0.0000,0.0098,0.0001,200,12.1466
0.0067,0.0000,0.0000,0.0000,0.0066,0.0001,200,12.1522
0.0067,0.0000,0.0000,0.0000,0.0066,0.0000,200,12.1522
0.0069,0.0000,0.0000,0.0001,0.0067,0.0001,200,12.1566
0.0110,0.0000,0.0000,0.0000,0.0110,0.0000,200,12.1527
0.0064,0.0000,0.0000,0.0000,0.0063,0.0001,200,12.1588
0.0066,0.0000,0.0000,0.0000,0.0065,0.0000,200,12.1589
0.0065,0.0000,0.0000,0.0000,0.0063,0.0001,200,12.1637
0.0068,0.0000,0.0000,0.0000,0.0067,0.0000,200,12.1635
0.0069,0.0000,0.0000,0.0000,0.0068,0.0001,200,12.1652
0.0067,0.0000,0.0000,0.0000,0.0066,0.0000,200,12.1654
0.0066,0.0000,0.0000,0.0000,0.0065,0.0001,200,12.1703
0.0069,0.0000,0.0000,0.0000,0.0068,0.0000,200,12.1702
0.0065,0.0000,0.0000,0.0000,0.0064,0.0001,200,12.1721
0.0075,0.0000,0.0000,0.0000,0.0074,0.0000,200,12.1721
0.0066,0.0000,0.0000,0.0000,0.0065,0.0001,200,12.1771
0.0069,0.0000,0.0000,0.0000,0.0068,0.0000,200,12.1769
0.0069,0.0000,0.0000,0.0000,0.0068,0.0001,200,12.1786
0.0084,0.0000,0.0000,0.0009,0.0075,0.0001,200,12.1796
0.0076,0.0000,0.0000,0.0000,0.0075,0.0001,200,12.1837
0.0081,0.0000,0.0000,0.0000,0.0080,0.0000,200,12.1838
0.0064,0.0000,0.0000,0.0000,0.0063,0.0000,200,12.1856
0.0068,0.0000,0.0000,0.0000,0.0067,0.0001,200,12.1881
0.0067,0.0000,0.0000,0.0000,0.0066,0.0000,200,12.1913
0.0084,0.0000,0.0000,0.0000,0.0083,0.0001,200,12.1919
0.0085,0.0000,0.0000,0.0000,0.0085,0.0000,200,12.1920
0.0066,0.0000,0.0000,0.0000,0.0066,0.0000,200,12.1949
0.0065,0.0000,0.0000,0.0000,0.0064,0.0000,200,12.1980
0.0069,0.0000,0.0000,0.0000,0.0068,0.0001,200,12.2005
0.0064,0.0000,0.0000,0.0000,0.0063,0.0000,200,12.2015
0.0084,0.0000,0.0000,0.0000,0.0083,0.0001,200,12.2003
0.0066,0.0000,0.0000,0.0000,0.0065,0.0001,200,12.2045
0.0065,0.0000,0.0000,0.0000,0.0064,0.0000,200,12.2074
0.0067,0.0000,0.0000,0.0000,0.0066,0.0000,200,12.2079
0.0064,0.0000,0.0000,0.0000,0.0063,0.0000,200,12.2087
0.0067,0.0000,0.0000,0.0000,0.0066,0.0001,200,12.2111
0.0065,0.0000,0.0000,0.0000,0.0064,0.0001,200,12.2139
0.0071,0.0000,0.0000,0.0000,0.0063,0.0008,200,12.2146
0.0068,0.0000,0.0000,0.0000,0.0068,0.0000,200,12.2151
0.0085,0.0000,0.0000,0.0000,0.0084,0.0001,200,12.2178
0.0074,0.0000,0.0000,0.0000,0.0073,0.0001,200,12.2205
0.0072,0.0000,0.0000,0.0000,0.0071,0.0001,200,12.2217
0.0071,0.0000,0.0000,0.0000,0.0070,0.0000,200,12.2220
0.0073,0.0000,0.0000,0.0000,0.0072,0.0001,200,12.2263
0.0064,0.0000,0.0000,0.0000,0.0064,0.0000,200,12.2291
0.0079,0.0000,0.0000,0.0000,0.0078,0.0000,200,12.2279
0.0071,0.0000,0.0000,0.0000,0.0070,0.0000,200,12.2289
0.0083,0.0000,0.0000,0.0000,0.0082,0.0001,200,12.2335
0.0065,0.0000,0.0000,0.0000,0.0064,0.0000,200,12.2355
0.0067,0.0000,0.0000,0.0000,0.0066,0.0001,200,12.2358
0.0065,0.0000,0.0000,0.0000,0.0065,0.0000,200,12.2360
0.0068,0.0000,0.0000,0.0000,0.0067,0.0001,200,12.2421
0.0064,0.0000,0.0000,0.0000,0.0063,0.0000,200,12.2425
0.0065,0.0000,0.0000,0.0000,0.0064,0.0000,200,12.2424
0.0071,0.0000,0.0000,0.0000,0.0071,0.0000,200,12.2418
0.0067,0.0000,0.0000,0.0000,0.0066,0.0001,200,12.2490
0.0068,0.0000,0.0000,0.0000,0.0067,0.0000,200,12.2489
0.0070,0.0000,0.0000,0.0000,0.0069,0.0000,200,12.2488
0.0090,0.0000,0.0000,0.0000,0.0089,0.0001,200,12.2489
0.0065,0.0000,0.0000,0.0000,0.0065,0.0000,200,12.2558
0.0068,0.0000,0.0000,0.0000,0.0067,0.0000,200,12.2556
0.0067,0.0000,0.0000,0.0000,0.0065,0.0002,200,12.2557
0.0065,0.0000,0.0000,0.0000,0.0064,0.0000,200,12.2579
0.0064,0.0000,0.0000,0.0000,0.0063,0.0001,200,12.2624
0.0066,0.0000,0.0000,0.0000,0.0065,0.0000,200,12.2623
0.0066,0.0000,0.0000,0.0000,0.0066,0.0000,200,12.2624
0.0068,0.0000,0.0000,0.0000,0.0067,0.0001,200,12.2643
0.0066,0.0000,0.0000,0.0000,0.0065,0.0001,200,12.2688
0.0066,0.0000,0.0000,0.0000,0.0065,0.0000,200,12.2691
0.0067,0.0000,0.0000,0.0000,0.0067,0.0000,200,12.2689
0.0066,0.0000,0.0000,0.0000,0.0065,0.0001,200,12.2711
0.0064,0.0000,0.0000,0.0000,0.0063,0.0001,200,12.2756
0.0067,0.0000,0.0000,0.0000,0.0066,0.0000,200,12.2754
0.0066,0.0000,0.0000,0.0000,0.0065,0.0000,200,12.2756
0.0081,0.0000,0.0000,0.0000,0.0080,0.0001,200,12.2777
0.0063,0.0000,0.0000,0.0000,0.0062,0.0000,200,12.2822
0.0064,0.0000,0.0000,0.0000,0.0063,0.0000,200,12.2822
0.0065,0.0000,0.0000,0.0000,0.0064,0.0000,200,12.2820
0.0074,0.0000,0.0000,0.0001,0.0071,0.0001,200,12.2858
0.0067,0.0000,0.0000,0.0000,0.0066,0.0001,200,12.2885
0.0069,0.0000,0.0000,0.0000,0.0069,0.0000,200,12.2885
0.0087,0.0000,0.0000,0.0000,0.0081,0.0006,200,12.2885
0.0065,0.0000,0.0000,0.0000,0.0064,0.0001,200,12.2932
0.0066,0.0000,0.0000,0.0000,0.0065,0.0000,200,12.2953
0.0064,0.0000,0.0000,0.0000,0.0063,0.0000,200,12.2954
0.0066,0.0000,0.0000,0.0000,0.0065,0.0001,200,12.2972
0.0067,0.0000,0.0000,0.0000,0.0066,0.0001,200,12.2997
0.0067,0.0000,0.0000,0.0000,0.0066,0.0001,200,12.3018
0.0069,0.0000,0.0000,0.0000,0.0069,0.0000,200,12.3018
0.0075,0.0000,0.0000,0.0000,0.0074,0.0001,200,12.3038
0.0068,0.0000,0.0000,0.0000,0.0067,0.0001,200,12.3064
0.0065,0.0000,0.0000,0.0000,0.0064,0.0000,200,12.3086
0.0075,0.0000,0.0000,0.0000,0.0074,0.0000,200,12.3088
0.0069,0.0000,0.0000,0.0000,0.0068,0.0001,200,12.3113
0.0071,0.0000,0.0000,0.0000,0.0070,0.0001,200,12.3133
0.0083,0.0000,0.0000,0.0000,0.0082,0.0001,200,12.3151
0.0087,0.0000,0.0000,0.0000,0.0086,0.0001,200,12.3163
0.0089,0.0000,0.0000,0.0000,0.0088,0.0001,200,12.3182
0.0070,0.0000,0.0000,0.0000,0.0065,0.0001,200,12.3204
0.0067,0.0000,0.0000,0.0000,0.0066,0.0001,200,12.3234
0.0085,0.0000,0.0000,0.0000,0.0084,0.0001,200,12.3250
0.0068,0.0000,0.0000,0.0000,0.0067,0.0000,200,12.3271
0.0067,0.0000,0.0000,0.0000,0.0067,0.0000,200,12.3274
0.0065,0.0000,0.0000,0.0000,0.0064,0.0001,200,12.3301
0.0067,0.0000,0.0000,0.0000,0.0066,0.0001,200,12.3335
0.0064,0.0000,0.0000,0.0000,0.0063,0.0000,200,12.3341
0.0070,0.0000,0.0000,0.0002,0.0068,0.0000,200,12.3338
0.0065,0.0000,0.0000,0.0000,0.0064,0.0001,200,12.3366
0.0066,0.0000,0.0000,0.0000,0.0065,0.0001,200,12.3405
0.0067,0.0000,0.0000,0.0000,0.0066,0.0000,200,12.3409
0.0076,0.0000,0.0000,0.0000,0.0075,0.0000,200,12.3402
0.0066,0.0000,0.0000,0.0000,0.0065,0.0001,200,12.3431
0.0065,0.0000,0.0000,0.0000,0.0064,0.0000,200,12.3471
0.0081,0.0000,0.0000,0.0000,0.0063,0.0017,200,12.3476
0.0072,0.0000,0.0000,0.0000,0.0070,0.0001,200,12.3497
0.0094,0.0000,0.0000,0.0000,0.0092,0.0001,200,12.3478
0.0066,0.0000,0.0000,0.0000,0.0065,0.0001,200,12.3536
0.0078,0.0000,0.0000,0.0000,0.0076,0.0001,200,12.3558
0.0075,0.0000,0.0000,0.0000,0.0074,0.0001,200,12.3572
0.0081,0.0000,0.0000,0.0000,0.0080,0.0000,200,12.3569
0.0063,0.0000,0.0000,0.0000,0.0063,0.0000,200,12.3601
0.0066,0.0000,0.0000,0.0000,0.0065,0.0001,200,12.3635
0.0066,0.0000,0.0000,0.0000,0.0064,0.0001,200,12.3647
0.0065,0.0000,0.0000,0.0000,0.0064,0.0000,200,12.3650
0.0065,0.0000,0.0000,0.0000,0.0064,0.0001,200,12.3665
0.0063,0.0000,0.0000,0.0000,0.0062,0.0001,200,12.3701
0.0066,0.0000,0.0000,0.0000,0.0065,0.0000,200,12.3712
0.0064,0.0000,0.0000,0.0000,0.0064,0.0000,200,12.3715
0.0065,0.0000,0.0000,0.0000,0.0063,0.0001,200,12.3730
0.0068,0.0000,0.0000,0.0000,0.0067,0.0001,200,12.3764
0.0065,0.0000,0.0000,0.0000,0.0064,0.0001,200,12.3778
0.0065,0.0000,0.0000,0.0000,0.0064,0.0000,200,12.3779
0.0064,0.0000,0.0000,0.0000,0.0063,0.0001,200,12.3794
0.0066,0.0000,0.0000,0.0000,0.0064,0.0001,200,12.3832
0.0065,0.0000,0.0000,0.0000,0.0064,0.0001,200,12.3843
0.0073,0.0000,0.0000,0.0000,0.0072,0.0000,200,12.3859
0.0088,0.0000,0.0000,0.0000,0.0087,0.0000,200,12.3844
0.0071,0.0000,0.0000,0.0000,0.0069,0.0001,200,12.3898
0.0069,0.0000,0.0000,0.0000,0.0068,0.0000,200,12.3908
0.0066,0.0000,0.0000,0.0000,0.0066,0.0000,200,12.3932
0.0067,0.0000,0.0000,0.0000,0.0067,0.0000,200,12.3932
0.0066,0.0000,0.0000,0.0000,0.0065,0.0001,200,12.3969
0.0063,0.0000,0.0000,0.0000,0.0062,0.0000,200,12.3977
0.0063,0.0000,0.0000,0.0000,0.0062,0.0001,200,12.3998
0.0064,0.0000,0.0000,0.0000,0.0063,0.0001,200,12.3999
0.0071,0.0000,0.0000,0.0000,0.0070,0.0001,200,12.4035
0.0067,0.0000,0.0000,0.0000,0.0065,0.0001,200,12.4040
0.0070,0.0000,0.0000,0.0000,0.0069,0.0001,200,12.4063
0.0076,0.0000,0.0000,0.0000,0.0075,0.0001,200,12.4061
0.0066,0.0000,0.0000,0.0000,0.0065,0.0001,200,12.4106
0.0068,0.0000,0.0000,0.0001,0.0067,0.0000,200,12.4107
0.0064,0.0000,0.0000,0.0000,0.0062,0.0001,200,12.4137
0.0069,0.0000,0.0000,0.0000,0.0069,0.0000,200,12.4133
0.0064,0.0000,0.0000,0.0000,0.0063,0.0001,200,12.4172
0.0070,0.0000,0.0000,0.0000,0.0069,0.0000,200,12.4175
0.0068,0.0000,0.0000,0.0000,0.0067,0.0001,200,12.4201
0.0068,0.0000,0.0000,0.0000,0.0067,0.0000,200,12.4202
0.0065,0.0000,0.0000,0.0000,0.0064,0.0001,200,12.4237
0.0065,0.0000,0.0000,0.0000,0.0064,0.0001,200,12.4245
0.0066,0.0000,0.0000,0.0000,0.0064,0.0001,200,12.4268
0.0065,0.0000,0.0000,0.0000,0.0064,0.0000,200,12.4270
0.0064,0.0000,0.0000,0.0000,0.0063,0.0000,200,12.4302
0.0062,0.0000,0.0000,0.0000,0.0061,0.0000,200,12.4310
0.0064,0.0000,0.0000,0.0000,0.0063,0.0001,200,12.4334
0.0065,0.0000,0.0000,0.0000,0.0064,0.0000,200,12.4335
0.0064,0.0000,0.0000,0.0000,0.0063,0.0001,200,12.4366
0.0066,0.0000,0.0000,0.0000,0.0065,0.0001,200,12.4372
0.0094,0.0000,0.0000,0.0000,0.0088,0.0001,200,12.4400
0.0097,0.0000,0.0000,0.0000,0.0096,0.0001,200,12.4398
0.0067,0.0000,0.0000,0.0000,0.0066,0.0000,200,12.4430
0.0069,0.0000,0.0000,0.0000,0.0068,0.0001,200,12.4438
0.0074,0.0000,0.0000,0.0000,0.0073,0.0000,200,12.4495
0.0075,0.0000,0.0000,0.0000,0.0072,0.0002,200,12.4495
0.0075,0.0000,0.0000,0.0000,0.0074,0.0001,200,12.4497
0.0120,0.0000,0.0000,0.0000,0.0118,0.0001,200,12.4507
0.0063,0.0000,0.0000,0.0000,0.0062,0.0000,200,12.4572
0.0067,0.0000,0.0000,0.0000,0.0066,0.0000,200,12.4569
0.0068,0.0000,0.0000,0.0000,0.0067,0.0000,200,12.4568
0.0069,0.0000,0.0000,0.0000,0.0068,0.0001,200,12.4627
0.0062,0.0000,0.0000,0.0000,0.0061,0.0000,200,12.4636
0.0061,0.0000,0.0000,0.0000,0.0060,0.0000,200,12.4636
0.0064,0.0000,0.0000,0.0000,0.0064,0.0000,200,12.4635
0.0065,0.0000,0.0000,0.0000,0.0064,0.0001,200,12.4698
0.0063,0.0000,0.0000,0.0000,0.0063,0.0000,200,12.4699
0.0066,0.0000,0.0000,0.0000,0.0065,0.0000,200,12.4696
0.0066,0.0000,0.0000,0.0000,0.0065,0.0000,200,12.4698
0.0065,0.0000,0.0000,0.0000,0.0063,0.0001,200,12.4762
0.0065,0.0000,0.0000,0.0000,0.0065,0.0000,200,12.4763
0.0066,0.0000,0.0000,0.0000,0.0065,0.0000,200,12.4763
0.0066,0.0000,0.0000,0.0000,0.0065,0.0000,200,12.4763
0.0064,0.0000,0.0000,0.0000,0.0063,0.0001,200,12.4827
0.0064,0.0000,0.0000,0.0000,0.0063,0.0000,200,12.4829
0.0064,0.0000,0.0000,0.0000,0.0064,0.0000,200,12.4829
0.0068,0.0000,0.0000,0.0000,0.0067,0.0000,200,12.4829
0.0066,0.0000,0.0000,0.0000,0.0064,0.0001,200,12.4891
0.0066,0.0000,0.0000,0.0000,0.0065,0.0000,200,12.4893
0.0067,0.0000,0.0000,0.0000,0.0066,0.0000,200,12.4892
0.0089,0.0000,0.0000,0.0000,0.0088,0.0001,200,12.4896
0.0065,0.0000,0.0000,0.0000,0.0064,0.0001,200,12.4957
0.0083,0.0000,0.0000,0.0000,0.0082,0.0000,200,12.4959
0.0083,0.0000,0.0000,0.0000,0.0082,0.0000,200,12.4959
0.0064,0.0000,0.0000,0.0000,0.0063,0.0001,200,12.4986
0.0067,0.0000,0.0000,0.0000,0.0066,0.0001,200,12.5022
0.0066,0.0000,0.0000,0.0000,0.0064,0.0001,200,12.5042
0.0067,0.0000,0.0000,0.0000,0.0066,0.0000,200,12.5042
0.0066,0.0000,0.0000,0.0000,0.0065,0.0001,200,12.5049
0.0065,0.0000,0.0000,0.0000,0.0064,0.0001,200,12.5089
0.0065,0.0000,0.0000,0.0000,0.0064,0.0000,200,12.5108
0.0065,0.0000,0.0000,0.0000,0.0064,0.0000,200,12.5109
0.0063,0.0000,0.0000,0.0000,0.0062,0.0000,200,12.5116
0.0067,0.0000,0.0000,0.0000,0.0065,0.0001,200,12.5154
0.0067,0.0000,0.0000,0.0000,0.0066,0.0001,200,12.5173
0.0070,0.0000,0.0000,0.0000,0.0070,0.0000,200,12.5174
0.0106,0.0000,0.0000,0.0000,0.0105,0.0001,200,12.5179
0.0070,0.0000,0.0000,0.0000,0.0069,0.0000,200,12.5221
0.0063,0.0000,0.0000,0.0000,0.0063,0.0000,200,12.5240
0.0077,0.0000,0.0000,0.0000,0.0076,0.0000,200,12.5245
0.0064,0.0000,0.0000,0.0000,0.0063,0.0000,200,12.5284
0.0064,0.0000,0.0000,0.0000,0.0063,0.0000,200,12.5291
0.0064,0.0000,0.0000,0.0000,0.0063,0.0000,200,12.5303
0.0063,0.0000,0.0000,0.0000,0.0062,0.0001,200,12.5321
0.0081,0.0000,0.0000,0.0000,0.0080,0.0001,200,12.5355
0.0090,0.0000,0.0000,0.0000,0.0089,0.0001,200,12.5348
0.0072,0.0000,0.0000,0.0000,0.0071,0.0000,200,12.5367
0.0074,0.0000,0.0000,0.0000,0.0073,0.0001,200,12.5384
0.0064,0.0000,0.0000,0.0000,0.0063,0.0001,200,12.5439
0.0068,0.0000,0.0000,0.0000,0.0067,0.0000,200,12.5437
0.0067,0.0000,0.0000,0.0000,0.0066,0.0000,200,12.5439
0.0066,0.0000,0.0000,0.0000,0.0065,0.0000,200,12.5458
0.0064,0.0000,0.0000,0.0000,0.0063,0.0001,200,12.5505
0.0068,0.0000,0.0000,0.0000,0.0067,0.0000,200,12.5503
0.0066,0.0000,0.0000,0.0000,0.0066,0.0000,200,12.5505
0.0069,0.0000,0.0000,0.0000,0.0068,0.0001,200,12.5524
0.0072,0.0000,0.0000,0.0000,0.0071,0.0001,200,12.5571
0.0074,0.0000,0.0000,0.0000,0.0073,0.0000,200,12.5572
0.0082,0.0000,0.0000,0.0000,0.0082,0.0000,200,12.5569
0.0065,0.0000,0.0000,0.0000,0.0064,0.0000,200,12.5593
0.0067,0.0000,0.0000,0.0000,0.0066,0.0001,200,12.5646
0.0071,0.0000,0.0000,0.0000,0.0070,0.0000,200,12.5643
0.0089,0.0000,0.0000,0.0000,0.0088,0.0001,200,12.5651
0.0087,0.0000,0.0000,0.0000,0.0086,0.0000,200,12.5657
0.0094,0.0000,0.0000,0.0000,0.0093,0.0001,200,12.5713
0.0097,0.0000,0.0000,0.0000,0.0096,0.0000,200,12.5714
0.0071,0.0000,0.0000,0.0001,0.0069,0.0000,200,12.5741
0.0070,0.0000,0.0000,0.0000,0.0069,0.0000,200,12.5744
0.0066,0.0000,0.0000,0.0000,0.0065,0.0001,200,12.5811
0.0066,0.0000,0.0000,0.0000,0.0066,0.0000,200,12.5811
0.0064,0.0000,0.0000,0.0000,0.0063,0.0000,200,12.5814
0.0074,0.0000,0.0000,0.0000,0.0073,0.0000,200,12.5807
0.0078,0.0000,0.0000,0.0000,0.0077,0.0001,200,12.5880
0.0080,0.0000,0.0000,0.0000,0.0079,0.0001,200,12.5878
0.0082,0.0000,0.0000,0.0000,0.0082,0.0000,200,12.5878
0.0084,0.0000,0.0000,0.0000,0.0083,0.0001,200,12.5877
0.0067,0.0000,0.0000,0.0000,0.0066,0.0001,200,12.5958
0.0065,0.0000,0.0000,0.0000,0.0064,0.0000,200,12.5961
0.0069,0.0000,0.0000,0.0000,0.0068,0.0000,200,12.5958
0.0067,0.0000,0.0000,0.0000,0.0066,0.0000,200,12.5960
0.0065,0.0000,0.0000,0.0000,0.0064,0.0001,200,12.6026
0.0069,0.0000,0.0000,0.0000,0.0068,0.0000,200,12.6025
0.0068,0.0000,0.0000,0.0000,0.0067,0.0000,200,12.6026
0.0068,0.0000,0.0000,0.0000,0.0068,0.0000,200,12.6027
0.0066,0.0000,0.0000,0.0000,0.0065,0.0001,200,12.6094
0.0068,0.0000,0.0000,0.0000,0.0067,0.0000,200,12.6091
0.0066,0.0000,0.0000,0.0000,0.0066,0.0000,200,12.6094
0.0070,0.0000,0.0000,0.0000,0.0069,0.0000,200,12.6095
0.0066,0.0000,0.0000,0.0000,0.0065,0.0001,200,12.6159
0.0066,0.0000,0.0000,0.0000,0.0065,0.0001,200,12.6160
0.0061,0.0000,0.0000,0.0000,0.0061,0.0000,200,12.6165
0.0068,0.0000,0.0000,0.0000,0.0067,0.0000,200,12.6159
0.0065,0.0000,0.0000,0.0000,0.0064,0.0001,200,12.6227
0.0065,0.0000,0.0000,0.0000,0.0065,0.0000,200,12.6226
0.0066,0.0000,0.0000,0.0000,0.0065,0.0001,200,12.6225
0.0103,0.0000,0.0000,0.0000,0.0102,0.0001,200,12.6226
0.0065,0.0000,0.0000,0.0000,0.0064,0.0001,200,12.6292
0.0066,0.0000,0.0000,0.0000,0.0065,0.0000,200,12.6292
0.0069,0.0000,0.0000,0.0000,0.0068,0.0001,200,12.6292
0.0063,0.0000,0.0000,0.0000,0.0062,0.0001,200,12.6329
0.0064,0.0000,0.0000,0.0000,0.0062,0.0001,200,12.6357
0.0065,0.0000,0.0000,0.0000,0.0064,0.0000,200,12.6357
0.0062,0.0000,0.0000,0.0000,0.0062,0.0000,200,12.6360
0.0063,0.0000,0.0000,0.0000,0.0062,0.0000,200,12.6393
0.0062,0.0000,0.0000,0.0000,0.0061,0.0000,200,12.6420
0.0061,0.0000,0.0000,0.0000,0.0061,0.0000,200,12.6422
0.0061,0.0000,0.0000,0.0000,0.0061,0.0000,200,12.6422
0.0064,0.0000,0.0000,0.0000,0.0063,0.0001,200,12.6456
0.0064,0.0000,0.0000,0.0000,0.0063,0.0001,200,12.6483
0.0063,0.0000,0.0000,0.0000,0.0062,0.0000,200,12.6483
0.0064,0.0000,0.0000,0.0000,0.0064,0.0000,200,12.6483
0.0063,0.0000,0.0000,0.0000,0.0062,0.0001,200,12.6520
0.0064,0.0000,0.0000,0.0000,0.0063,0.0000,200,12.6547
0.0064,0.0000,0.0000,0.0000,0.0063,0.0001,200,12.6547
0.0065,0.0000,0.0000,0.0000,0.0065,0.0000,200,12.6546
0.0065,0.0000,0.0000,0.0000,0.0064,0.0001,200,12.6584
0.0065,0.0000,0.0000,0.0000,0.0064,0.0001,200,12.6611
0.0065,0.0000,0.0000,0.0000,0.0065,0.0000,200,12.6611
0.0066,0.0000,0.0000,0.0000,0.0066,0.0000,200,12.6612
0.0073,0.0000,0.0000,0.0000,0.0071,0.0001,200,12.6649
0.0081,0.0000,0.0000,0.0000,0.0080,0.0001,200,12.6678
0.0083,0.0000,0.0000,0.0000,0.0082,0.0000,200,12.6676
0.0085,0.0000,0.0000,0.0000,0.0085,0.0000,200,12.6676
0.0080,0.0000,0.0000,0.0000,0.0079,0.0001,200,12.6721
0.0068,0.0000,0.0000,0.0000,0.0067,0.0001,200,12.6759
0.0076,0.0000,0.0000,0.0000,0.0075,0.0000,200,12.6759
0.0076,0.0000,0.0000,0.0000,0.0075,0.0000,200,12.6762
0.0066,0.0000,0.0000,0.0000,0.0064,0.0001,200,12.6801
0.0073,0.0000,0.0000,0.0000,0.0072,0.0000,200,12.6826
0.0065,0.0000,0.0000,0.0000,0.0064,0.0000,200,12.6835
0.0101,0.0000,0.0000,0.0000,0.0100,0.0001,200,12.6837
0.0075,0.0000,0.0000,0.0000,0.0074,0.0000,200,12.6867
0.0065,0.0000,0.0000,0.0000,0.0064,0.0001,200,12.6899
0.0099,0.0000,0.0000,0.0000,0.0098,0.0001,200,12.6900
0.0071,0.0000,0.0000,0.0000,0.0069,0.0001,200,12.6942
0.0079,0.0000,0.0000,0.0004,0.0074,0.0000,200,12.6938
0.0072,0.0000,0.0000,0.0001,0.0071,0.0001,200,12.6999
0.0109,0.0000,0.0000,0.0000,0.0109,0.0000,200,12.6964
0.0066,0.0000,0.0000,0.0000,0.0065,0.0000,200,12.7013
0.0070,0.0000,0.0000,0.0000,0.0069,0.0001,200,12.7017
0.0070,0.0000,0.0000,0.0000,0.0069,0.0001,200,12.7080
0.0079,0.0000,0.0000,0.0000,0.0077,0.0001,200,12.7071
0.0077,0.0000,0.0000,0.0000,0.0076,0.0001,200,12.7073
0.0066,0.0000,0.0000,0.0000,0.0066,0.0000,200,12.7087
0.0068,0.0000,0.0000,0.0000,0.0066,0.0001,200,12.7150
0.0065,0.0000,0.0000,0.0000,0.0064,0.0000,200,12.7153
0.0069,0.0000,0.0000,0.0000,0.0068,0.0000,200,12.7150
0.0069,0.0000,0.0000,0.0000,0.0068,0.0000,200,12.7150
0.0069,0.0000,0.0000,0.0000,0.0068,0.0001,200,12.7219
0.0084,0.0000,0.0000,0.0000,0.0083,0.0000,200,12.7219
0.0085,0.0000,0.0000,0.0000,0.0084,0.0000,200,12.7219
0.0094,0.0000,0.0000,0.0000,0.0093,0.0000,200,12.7218
0.0083,0.0000,0.0000,0.0000,0.0082,0.0001,200,12.7289
0.0069,0.0000,0.0000,0.0000,0.0068,0.0000,200,12.7303
0.0074,0.0000,0.0000,0.0000,0.0073,0.0000,200,12.7302
0.0067,0.0000,0.0000,0.0000,0.0066,0.0001,200,12.7312
0.0070,0.0000,0.0000,0.0000,0.0069,0.0001,200,12.7372
0.0071,0.0000,0.0000,0.0000,0.0070,0.0001,200,12.7372
0.0068,0.0000,0.0000,0.0000,0.0067,0.0000,200,12.7376
0.0069,0.0000,0.0000,0.0004,0.0064,0.0000,200,12.7380
0.0066,0.0000,0.0000,0.0000,0.0065,0.0001,200,12.7442
0.0065,0.0000,0.0000,0.0000,0.0064,0.0000,200,12.7444
0.0063,0.0000,0.0000,0.0000,0.0062,0.0000,200,12.7449
0.0074,0.0000,0.0000,0.0000,0.0072,0.0000,200,12.7442
0.0066,0.0000,0.0000,0.0000,0.0065,0.0001,200,12.7509
0.0067,0.0000,0.0000,0.0000,0.0066,0.0000,200,12.7508
0.0079,0.0000,0.0000,0.0000,0.0078,0.0001,200,12.7516
0.0085,0.0000,0.0000,0.0000,0.0084,0.0000,200,12.7512
0.0085,0.0000,0.0000,0.0000,0.0084,0.0001,200,12.7575
0.0086,0.0000,0.0000,0.0000,0.0085,0.0000,200,12.7575
0.0067,0.0000,0.0000,0.0000,0.0066,0.0000,200,12.7594
0.0068,0.0000,0.0000,0.0000,0.0067,0.0000,200,12.7596
0.0065,0.0000,0.0000,0.0000,0.0063,0.0001,200,12.7662
0.0068,0.0000,0.0000,0.0000,0.0067,0.0000,200,12.7660
0.0065,0.0000,0.0000,0.0000,0.0064,0.0000,200,12.7665
0.0074,0.0000,0.0000,0.0000,0.0074,0.0000,200,12.7661
0.0068,0.0000,0.0000,0.0000,0.0067,0.0001,200,12.7728
0.0069,0.0000,0.0000,0.0000,0.0068,0.0000,200,12.7729
0.0069,0.0000,0.0000,0.0000,0.0069,0.0000,200,12.7735
0.0085,0.0000,0.0000,0.0003,0.0081,0.0001,200,12.7726
0.0066,0.0000,0.0000,0.0000,0.0065,0.0001,200,12.7796
0.0066,0.0000,0.0000,0.0000,0.0065,0.0001,200,12.7805
0.0075,0.0000,0.0000,0.0000,0.0075,0.0000,200,12.7798
0.0066,0.0000,0.0000,0.0000,0.0065,0.0000,200,12.7811
0.0066,0.0000,0.0000,0.0000,0.0065,0.0001,200,12.7861
0.0064,0.0000,0.0000,0.0000,0.0063,0.0000,200,12.7871
0.0065,0.0000,0.0000,0.0000,0.0064,0.0000,200,12.7873
0.0069,0.0000,0.0000,0.0000,0.0068,0.0000,200,12.7877
0.0070,0.0000,0.0000,0.0000,0.0067,0.0003,200,12.7928
0.0064,0.0000,0.0000,0.0000,0.0063,0.0000,200,12.7935
0.0062,0.0000,0.0000,0.0000,0.0062,0.0000,200,12.7938
0.0064,0.0000,0.0000,0.0000,0.0063,0.0000,200,12.7946
0.0068,0.0000,0.0000,0.0000,0.0067,0.0001,200,12.8000
0.0066,0.0000,0.0000,0.0000,0.0065,0.0000,200,12.8010
0.0082,0.0000,0.0000,0.0000,0.0081,0.0000,200,12.7998
0.0082,0.0000,0.0000,0.0000,0.0081,0.0000,200,12.7998
0.0067,0.0000,0.0000,0.0000,0.0066,0.0001,200,12.8068
0.0067,0.0000,0.0000,0.0000,0.0066,0.0000,200,12.8076
0.0067,0.0000,0.0000,0.0000,0.0066,0.0000,200,12.8080
0.0068,0.0000,0.0000,0.0000,0.0067,0.0000,200,12.8080
0.0072,0.0000,0.0000,0.0000,0.0071,0.0001,200,12.8135
0.0071,0.0000,0.0000,0.0000,0.0069,0.0001,200,12.8142
0.0066,0.0000,0.0000,0.0000,0.0066,0.0000,200,12.8148
0.0067,0.0000,0.0000,0.0000,0.0066,0.0000,200,12.8147
0.0069,0.0000,0.0000,0.0000,0.0068,0.0001,200,12.8207
0.0070,0.0000,0.0000,0.0000,0.0069,0.0000,200,12.8214
0.0071,0.0000,0.0000,0.0000,0.0070,0.0000,200,12.8213
0.0109,0.0000,0.0000,0.0000,0.0108,0.0001,200,12.8214
0.0070,0.0000,0.0000,0.0000,0.0069,0.0001,200,12.8276
0.0063,0.0000,0.0000,0.0000,0.0062,0.0000,200,12.8284
0.0064,0.0000,0.0000,0.0000,0.0063,0.0000,200,12.8284
0.0095,0.0000,0.0000,0.0000,0.0093,0.0001,200,12.8323
0.0083,0.0000,0.0000,0.0000,0.0082,0.0001,200,12.8346
0.0083,0.0000,0.0000,0.0000,0.0083,0.0000,200,12.8348
0.0095,0.0000,0.0000,0.0000,0.0094,0.0001,200,12.8347
0.0071,0.0000,0.0000,0.0000,0.0070,0.0001,200,12.8418
0.0068,0.0000,0.0000,0.0000,0.0067,0.0001,200,12.8431
0.0100,0.0000,0.0000,0.0000,0.0099,0.0001,200,12.8430
0.0089,0.0000,0.0000,0.0000,0.0088,0.0001,200,12.8441
0.0069,0.0000,0.0000,0.0000,0.0068,0.0001,200,12.8489
0.0069,0.0000,0.0000,0.0000,0.0068,0.0000,200,12.8500
0.0087,0.0000,0.0000,0.0000,0.0086,0.0001,200,12.8530
0.0087,0.0000,0.0000,0.0000,0.0086,0.0001,200,12.8530
0.0066,0.0000,0.0000,0.0000,0.0065,0.0000,200,12.8558
0.0067,0.0000,0.0000,0.0000,0.0066,0.0000,200,12.8568
0.0068,0.0000,0.0000,0.0000,0.0066,0.0001,200,12.8618
0.0064,0.0000,0.0000,0.0000,0.0063,0.0000,200,12.8624
0.0077,0.0000,0.0000,0.0000,0.0076,0.0000,200,12.8618
0.0087,0.0000,0.0000,0.0000,0.0086,0.0001,200,12.8636
0.0072,0.0000,0.0000,0.0000,0.0070,0.0001,200,12.8685
0.0071,0.0000,0.0000,0.0000,0.0071,0.0000,200,12.8688
0.0089,0.0000,0.0000,0.0000,0.0088,0.0001,200,12.8694
0.0065,0.0000,0.0000,0.0000,0.0064,0.0000,200,12.8722
0.0065,0.0000,0.0000,0.0000,0.0064,0.0000,200,12.8757
0.0063,0.0000,0.0000,0.0000,0.0062,0.0000,200,12.8759
0.0068,0.0000,0.0000,0.0000,0.0067,0.0001,200,12.8784
0.0097,0.0000,0.0000,0.0000,0.0096,0.0001,200,12.8787
0.0066,0.0000,0.0000,0.0000,0.0066,0.0000,200,12.8822
0.0067,0.0000,0.0000,0.0000,0.0066,0.0000,200,12.8822
0.0067,0.0000,0.0000,0.0000,0.0066,0.0001,200,12.8852
0.0068,0.0000,0.0000,0.0000,0.0067,0.0001,200,12.8884
0.0065,0.0000,0.0000,0.0000,0.0064,0.0000,200,12.8888
0.0065,0.0000,0.0000,0.0000,0.0065,0.0000,200,12.8888
0.0064,0.0000,0.0000,0.0000,0.0063,0.0000,200,12.8918
0.0063,0.0000,0.0000,0.0000,0.0062,0.0001,200,12.8953
0.0064,0.0000,0.0000,0.0000,0.0063,0.0000,200,12.8953
0.0065,0.0000,0.0000,0.0000,0.0065,0.0000,200,12.8952
0.0063,0.0000,0.0000,0.0000,0.0062,0.0001,200,12.8982
0.0065,0.0000,0.0000,0.0000,0.0064,0.0001,200,12.9018
0.0067,0.0000,0.0000,0.0000,0.0067,0.0000,200,12.9016
0.0071,0.0000,0.0000,0.0000,0.0071,0.0001,200,12.9017
0.0063,0.0000,0.0000,0.0000,0.0062,0.0000,200,12.9045
0.0069,0.0000,0.0000,0.0000,0.0068,0.0000,200,12.9083
0.0065,0.0000,0.0000,0.0000,0.0062,0.0002,200,12.9089
0.0071,0.0000,0.0000,0.0000,0.0071,0.0000,200,12.9082
0.0062,0.0000,0.0000,0.0000,0.0061,0.0001,200,12.9108
0.0065,0.0000,0.0000,0.0000,0.0064,0.0001,200,12.9152
0.0066,0.0000,0.0000,0.0000,0.0065,0.0000,200,12.9153
0.0065,0.0000,0.0000,0.0000,0.0064,0.0001,200,12.9154
0.0066,0.0000,0.0000,0.0000,0.0065,0.0001,200,12.9170
0.0067,0.0000,0.0000,0.0000,0.0066,0.0000,200,12.9218
0.0066,0.0000,0.0000,0.0000,0.0065,0.0001,200,12.9219
0.0065,0.0000,0.0000,0.0000,0.0065,0.0000,200,12.9219
0.0065,0.0000,0.0000,0.0000,0.0064,0.0001,200,12.9236
0.0066,0.0000,0.0000,0.0000,0.0065,0.0001,200,12.9285
0.0066,0.0000,0.0000,0.0000,0.0065,0.0000,200,12.9285
0.0067,0.0000,0.0000,0.0000,0.0066,0.0000,200,12.9285
0.0106,0.0000,0.0000,0.0000,0.0105,0.0001,200,12.9302
0.0068,0.0000,0.0000,0.0000,0.0067,0.0000,200,12.9350
0.0070,0.0000,0.0000,0.0000,0.0068,0.0000,200,12.9352
0.0086,0.0000,0.0000,0.0000,0.0085,0.0000,200,12.9351
0.0068,0.0000,0.0000,0.0000,0.0067,0.0001,200,12.9408
0.0064,0.0000,0.0000,0.0000,0.0063,0.0001,200,12.9419
0.0077,0.0000,0.0000,0.0000,0.0076,0.0000,200,12.9422
0.0072,0.0000,0.0000,0.0000,0.0071,0.0000,200,12.9436
0.0066,0.0000,0.0000,0.0000,0.0064,0.0001,200,12.9476
0.0064,0.0000,0.0000,0.0000,0.0063,0.0001,200,12.9483
0.0067,0.0000,0.0000,0.0000,0.0067,0.0000,200,12.9499
0.0068,0.0000,0.0000,0.0000,0.0067,0.0000,200,12.9508
0.0063,0.0000,0.0000,0.0000,0.0062,0.0000,200,12.9547
0.0068,0.0000,0.0000,0.0000,0.0066,0.0001,200,12.9542
0.0066,0.0000,0.0000,0.0000,0.0065,0.0000,200,12.9567
0.0064,0.0000,0.0000,0.0000,0.0063,0.0000,200,12.9576
0.0067,0.0000,0.0000,0.0000,0.0066,0.0001,200,12.9609
0.0069,0.0000,0.0000,0.0000,0.0068,0.0000,200,12.9609
0.0063,0.0000,0.0000,0.0000,0.0062,0.0001,200,12.9633
0.0062,0.0000,0.0000,0.0000,0.0061,0.0000,200,12.9640
0.0082,0.0000,0.0000,0.0000,0.0080,0.0001,200,12.9677
0.0081,0.0000,0.0000,0.0000,0.0081,0.0000,200,12.9678
0.0066,0.0000,0.0000,0.0000,0.0065,0.0000,200,12.9695
0.0065,0.0000,0.0000,0.0000,0.0064,0.0000,200,12.9702
0.0068,0.0000,0.0000,0.0000,0.0067,0.0001,200,12.9760
0.0067,0.0000,0.0000,0.0000,0.0066,0.0001,200,12.9761
0.0070,0.0000,0.0000,0.0000,0.0069,0.0000,200,12.9758
0.0070,0.0000,0.0000,0.0000,0.0070,0.0001,200,12.9766
0.0065,0.0000,0.0000,0.0000,0.0064,0.0001,200,12.9828
0.0066,0.0000,0.0000,0.0000,0.0066,0.0000,200,12.9828
0.0065,0.0000,0.0000,0.0000,0.0065,0.0000,200,12.9829
0.0063,0.0000,0.0000,0.0000,0.0062,0.0000,200,12.9837
0.0066,0.0000,0.0000,0.0000,0.0065,0.0000,200,12.9894
0.0067,0.0000,0.0000,0.0000,0.0066,0.0000,200,12.9894
0.0067,0.0000,0.0000,0.0000,0.0066,0.0001,200,12.9894
0.0063,0.0000,0.0000,0.0000,0.0062,0.0000,200,12.9900
0.0064,0.0000,0.0000,0.0000,0.0063,0.0001,200,12.9960
0.0066,0.0000,0.0000,0.0000,0.0065,0.0000,200,12.9961
0.0066,0.0000,0.0000,0.0000,0.0065,0.0000,200,12.9961
0.0064,0.0000,0.0000,0.0000,0.0064,0.0000,200,12.9963
0.0063,0.0000,0.0000,0.0000,0.0062,0.0001,200,13.0027
0.0064,0.0000,0.0000,0.0000,0.0063,0.0000,200,13.0027
0.0070,0.0000,0.0000,0.0000,0.0069,0.0000,200,13.0025
0.0081,0.0000,0.0000,0.0000,0.0080,0.0000,200,13.0027
0.0064,0.0000,0.0000,0.0000,0.0063,0.0000,200,13.0090
0.0064,0.0000,0.0000,0.0000,0.0063,0.0000,200,13.0090
0.0074,0.0000,0.0000,0.0000,0.0073,0.0000,200,13.0094
0.0063,0.0000,0.0000,0.0000,0.0062,0.0000,200,13.0108
0.0068,0.0000,0.0000,0.0000,0.0067,0.0001,200,13.0154
0.0070,0.0000,0.0000,0.0000,0.0069,0.0000,200,13.0154
0.0080,0.0000,0.0000,0.0000,0.0079,0.0000,200,13.0168
0.0087,0.0000,0.0000,0.0000,0.0075,0.0012,200,13.0171
0.0070,0.0000,0.0000,0.0000,0.0069,0.0001,200,13.0222
0.0081,0.0000,0.0000,0.0000,0.0080,0.0000,200,13.0224
0.0070,0.0000,0.0000,0.0000,0.0069,0.0001,200,13.0248
0.0068,0.0000,0.0000,0.0000,0.0067,0.0000,200,13.0258
0.0076,0.0000,0.0000,0.0000,0.0075,0.0001,200,13.0292
0.0063,0.0000,0.0000,0.0000,0.0063,0.0000,200,13.0305
0.0070,0.0000,0.0000,0.0000,0.0069,0.0001,200,13.0318
0.0092,0.0000,0.0000,0.0000,0.0091,0.0001,200,13.0326
0.0065,0.0000,0.0000,0.0000,0.0064,0.0001,200,13.0368
0.0067,0.0000,0.0000,0.0000,0.0066,0.0000,200,13.0368
0.0067,0.0000,0.0000,0.0000,0.0066,0.0000,200,13.0388
0.0073,0.0000,0.0000,0.0000,0.0072,0.0001,200,13.0418
0.0063,0.0000,0.0000,0.0000,0.0062,0.0000,200,13.0435
0.0065,0.0000,0.0000,0.0000,0.0064,0.0000,200,13.0433
0.0075,0.0000,0.0000,0.0000,0.0074,0.0001,200,13.0455
0.0065,0.0000,0.0000,0.0000,0.0064,0.0001,200,13.0491
0.0064,0.0000,0.0000,0.0000,0.0063,0.0000,200,13.0498
0.0066,0.0000,0.0000,0.0000,0.0065,0.0000,200,13.0498
0.0065,0.0000,0.0000,0.0000,0.0064,0.0001,200,13.0530
0.0067,0.0000,0.0000,0.0000,0.0066,0.0001,200,13.0556
0.0066,0.0000,0.0000,0.0000,0.0065,0.0001,200,13.0564
0.0068,0.0000,0.0000,0.0000,0.0063,0.0005,200,13.0562
0.0067,0.0000,0.0000,0.0000,0.0066,0.0001,200,13.0596
0.0065,0.0000,0.0000,0.0000,0.0064,0.0000,200,13.0630
0.0076,0.0000,0.0000,0.0000,0.0075,0.0000,200,13.0630
0.0087,0.0000,0.0000,0.0000,0.0086,0.0000,200,13.0623
0.0086,0.0000,0.0000,0.0000,0.0085,0.0001,200,13.0663
0.0068,0.0000,0.0000,0.0000,0.0067,0.0001,200,13.0695
0.0072,0.0000,0.0000,0.0000,0.0071,0.0000,200,13.0710
0.0077,0.0000,0.0000,0.0000,0.0077,0.0000,200,13.0706
0.0085,0.0000,0.0000,0.0000,0.0084,0.0001,200,13.0749
0.0064,0.0000,0.0000,0.0000,0.0063,0.0001,200,13.0783
0.0065,0.0000,0.0000,0.0000,0.0064,0.0000,200,13.0782
0.0069,0.0000,0.0000,0.0000,0.0067,0.0001,200,13.0833
0.0065,0.0000,0.0000,0.0000,0.0064,0.0001,200,13.0847
0.0067,0.0000,0.0000,0.0000,0.0066,0.0000,200,13.0847
0.0158,0.0000,0.0000,0.0000,0.0153,0.0004,200,13.0762
0.0066,0.0000,0.0000,0.0000,0.0065,0.0001,200,13.0902
0.0065,0.0000,0.0000,0.0000,0.0064,0.0001,200,13.0912
0.0065,0.0000,0.0000,0.0000,0.0063,0.0000,200,13.0920
0.0073,0.0000,0.0000,0.0000,0.0072,0.0000,200,13.0913
0.0066,0.0000,0.0000,0.0000,0.0065,0.0001,200,13.0968
0.0064,0.0000,0.0000,0.0000,0.0063,0.0000,200,13.0977
0.0063,0.0000,0.0000,0.0000,0.0062,0.0000,200,13.0984
0.0062,0.0000,0.0000,0.0000,0.0061,0.0000,200,13.0986
0.0066,0.0000,0.0000,0.0000,0.0066,0.0001,200,13.1048
0.0081,0.0000,0.0000,0.0000,0.0080,0.0001,200,13.1034
0.0068,0.0000,0.0000,0.0000,0.0067,0.0000,200,13.1047
0.0074,0.0000,0.0000,0.0000,0.0073,0.0001,200,13.1041
0.0068,0.0000,0.0000,0.0000,0.0066,0.0001,200,13.1115
0.0069,0.0000,0.0000,0.0000,0.0069,0.0000,200,13.1115
0.0071,0.0000,0.0000,0.0000,0.0070,0.0000,200,13.1115
0.0074,0.0000,0.0000,0.0000,0.0074,0.0001,200,13.1115
0.0068,0.0000,0.0000,0.0000,0.0067,0.0001,200,13.1182
0.0066,0.0000,0.0000,0.0000,0.0066,0.0000,200,13.1186
0.0068,0.0000,0.0000,0.0000,0.0067,0.0000,200,13.1184
0.0068,0.0000,0.0000,0.0000,0.0068,0.0000,200,13.1189
0.0069,0.0000,0.0000,0.0000,0.0068,0.0001,200,13.1252
0.0072,0.0000,0.0000,0.0000,0.0067,0.0005,200,13.1251
0.0066,0.0000,0.0000,0.0000,0.0066,0.0000,200,13.1258
0.0084,0.0000,0.0000,0.0000,0.0083,0.0000,200,13.1252
0.0067,0.0000,0.0000,0.0000,0.0065,0.0001,200,13.1321
0.0067,0.0000,0.0000,0.0000,0.0066,0.0000,200,13.1323
0.0066,0.0000,0.0000,0.0000,0.0065,0.0000,200,13.1324
0.0075,0.0000,0.0000,0.0000,0.0074,0.0001,200,13.1336
0.0066,0.0000,0.0000,0.0000,0.0065,0.0001,200,13.1388
0.0064,0.0000,0.0000,0.0000,0.0064,0.0000,200,13.1390
0.0066,0.0000,0.0000,0.0000,0.0066,0.0000,200,13.1390
0.0067,0.0000,0.0000,0.0000,0.0066,0.0001,200,13.1411
0.0065,0.0000,0.0000,0.0000,0.0064,0.0001,200,13.1456
0.0068,0.0000,0.0000,0.0000,0.0067,0.0000,200,13.1454
0.0068,0.0000,0.0000,0.0000,0.0067,0.0000,200,13.1455
0.0092,0.0000,0.0000,0.0000,0.0084,0.0008,200,13.1478
0.0067,0.0000,0.0000,0.0000,0.0066,0.0001,200,13.1523
0.0068,0.0000,0.0000,0.0000,0.0068,0.0000,200,13.1522
0.0072,0.0000,0.0000,0.0000,0.0071,0.0001,200,13.1521
0.0068,0.0000,0.0000,0.0000,0.0067,0.0001,200,13.1571
0.0076,0.0000,0.0000,0.0000,0.0075,0.0001,200,13.1590
0.0073,0.0000,0.0000,0.0000,0.0072,0.0001,200,13.1593
0.0077,0.0000,0.0000,0.0000,0.0076,0.0001,200,13.1589
0.0088,0.0000,0.0000,0.0000,0.0068,0.0020,200,13.1639
0.0067,0.0000,0.0000,0.0000,0.0066,0.0001,200,13.1666
0.0070,0.0000,0.0000,0.0000,0.0069,0.0001,200,13.1666
0.0071,0.0000,0.0000,0.0000,0.0071,0.0000,200,13.1666
0.0065,0.0000,0.0000,0.0000,0.0064,0.0001,200,13.1733
0.0075,0.0000,0.0000,0.0000,0.0074,0.0000,200,13.1728
0.0065,0.0000,0.0000,0.0000,0.0065,0.0000,200,13.1738
0.0067,0.0000,0.0000,0.0000,0.0066,0.0000,200,13.1736
0.0071,0.0000,0.0000,0.0000,0.0070,0.0001,200,13.1798
0.0066,0.0000,0.0000,0.0000,0.0065,0.0001,200,13.1803
0.0066,0.0000,0.0000,0.0000,0.0065,0.0001,200,13.1803
0.0078,0.0000,0.0000,0.0000,0.0078,0.0000,200,13.1803
0.0073,0.0000,0.0000,0.0000,0.0072,0.0001,200,13.1869
0.0076,0.0000,0.0000,0.0000,0.0075,0.0000,200,13.1869
0.0066,0.0000,0.0000,0.0000,0.0065,0.0000,200,13.1882
0.0079,0.0000,0.0000,0.0000,0.0078,0.0000,200,13.1869
0.0073,0.0000,0.0000,0.0000,0.0071,0.0001,200,13.1943
0.0071,0.0000,0.0000,0.0000,0.0071,0.0000,200,13.1945
0.0094,0.0000,0.0000,0.0000,0.0089,0.0005,200,13.1948
0.0096,0.0000,0.0000,0.0000,0.0095,0.0001,200,13.1948
0.0085,0.0000,0.0000,0.0000,0.0083,0.0001,200,13.2015
0.0067,0.0000,0.0000,0.0000,0.0066,0.0000,200,13.2042
0.0100,0.0000,0.0000,0.0000,0.0099,0.0000,200,13.2016
0.0073,0.0000,0.0000,0.0000,0.0073,0.0000,200,13.2045
0.0069,0.0000,0.0000,0.0000,0.0068,0.0001,200,13.2100
0.0070,0.0000,0.0000,0.0000,0.0069,0.0001,200,13.2109
0.0110,0.0000,0.0000,0.0000,0.0109,0.0001,200,13.2116
0.0076,0.0000,0.0000,0.0000,0.0075,0.0001,200,13.2169
0.0130,0.0000,0.0000,0.0000,0.0129,0.0001,200,13.2118
0.0117,0.0000,0.0000,0.0000,0.0115,0.0001,200,13.2179
0.0074,0.0000,0.0000,0.0000,0.0073,0.0001,200,13.2226
0.0071,0.0000,0.0000,0.0000,0.0070,0.0000,200,13.2245
0.0070,0.0000,0.0000,0.0000,0.0068,0.0001,200,13.2248
0.0076,0.0000,0.0000,0.0000,0.0074,0.0001,200,13.2296
0.0071,0.0000,0.0000,0.0000,0.0071,0.0000,200,13.2300
0.0081,0.0000,0.0000,0.0000,0.0080,0.0000,200,13.2318
0.0083,0.0000,0.0000,0.0000,0.0082,0.0000,200,13.2316
0.0070,0.0000,0.0000,0.0000,0.0069,0.0001,200,13.2371
0.0081,0.0000,0.0000,0.0000,0.0080,0.0000,200,13.2371
0.0065,0.0000,0.0000,0.0000,0.0064,0.0000,200,13.2399
0.0065,0.0000,0.0000,0.0000,0.0064,0.0000,200,13.2399
0.0067,0.0000,0.0000,0.0000,0.0066,0.0001,200,13.2442
0.0067,0.0000,0.0000,0.0000,0.0067,0.0000,200,13.2453
0.0063,0.0000,0.0000,0.0000,0.0063,0.0000,200,13.2464
0.0065,0.0000,0.0000,0.0000,0.0064,0.0000,200,13.2464
0.0072,0.0000,0.0000,0.0000,0.0071,0.0001,200,13.2509
0.0066,0.0000,0.0000,0.0000,0.0066,0.0000,200,13.2520
0.0070,0.0000,0.0000,0.0000,0.0069,0.0001,200,13.2527
0.0069,0.0000,0.0000,0.0000,0.0068,0.0000,200,13.2529
0.0069,0.0000,0.0000,0.0000,0.0068,0.0001,200,13.2581
0.0067,0.0000,0.0000,0.0000,0.0067,0.0000,200,13.2586
0.0064,0.0000,0.0000,0.0000,0.0063,0.0000,200,13.2597
0.0072,0.0000,0.0000,0.0000,0.0071,0.0000,200,13.2597
0.0066,0.0000,0.0000,0.0000,0.0064,0.0001,200,13.2649
0.0062,0.0000,0.0000,0.0000,0.0061,0.0000,200,13.2661
0.0072,0.0000,0.0000,0.0000,0.0071,0.0001,200,13.2654
0.0064,0.0000,0.0000,0.0000,0.0064,0.0000,200,13.2669
0.0069,0.0000,0.0000,0.0000,0.0067,0.0001,200,13.2715
0.0067,0.0000,0.0000,0.0000,0.0066,0.0001,200,13.2723
0.0068,0.0000,0.0000,0.0000,0.0067,0.0000,200,13.2726
0.0067,0.0000,0.0000,0.0000,0.0066,0.0000,200,13.2733
0.0068,0.0000,0.0000,0.0000,0.0067,0.0001,200,13.2784
0.0066,0.0000,0.0000,0.0000,0.0066,0.0000,200,13.2790
0.0064,0.0000,0.0000,0.0000,0.0064,0.0000,200,13.2800
0.0072,0.0000,0.0000,0.0000,0.0072,0.0000,200,13.2794
0.0074,0.0000,0.0000,0.0000,0.0073,0.0001,200,13.2852
0.0070,0.0000,0.0000,0.0000,0.0069,0.0000,200,13.2856
0.0070,0.0000,0.0000,0.0000,0.0069,0.0001,200,13.2866
0.0078,0.0000,0.0000,0.0000,0.0077,0.0000,200,13.2865
0.0067,0.0000,0.0000,0.0000,0.0066,0.0001,200,13.2926
0.0073,0.0000,0.0000,0.0000,0.0072,0.0000,200,13.2927
0.0065,0.0000,0.0000,0.0000,0.0064,0.0000,200,13.2936
0.0066,0.0000,0.0000,0.0000,0.0065,0.0000,200,13.2943
0.0067,0.0000,0.0000,0.0000,0.0066,0.0001,200,13.3002
0.0069,0.0000,0.0000,0.0000,0.0068,0.0000,200,13.3000
0.0078,0.0000,0.0000,0.0000,0.0075,0.0003,200,13.2994
0.0064,0.0000,0.0000,0.0000,0.0064,0.0000,200,13.3009
0.0065,0.0000,0.0000,0.0000,0.0064,0.0000,200,13.3073
0.0070,0.0000,0.0000,0.0000,0.0069,0.0000,200,13.3069
0.0070,0.0000,0.0000,0.0000,0.0069,0.0000,200,13.3069
0.0067,0.0000,0.0000,0.0000,0.0065,0.0002,200,13.3071
0.0067,0.0000,0.0000,0.0000,0.0066,0.0001,200,13.3139
0.0068,0.0000,0.0000,0.0000,0.0066,0.0001,200,13.3138
0.0067,0.0000,0.0000,0.0000,0.0066,0.0000,200,13.3139
0.0068,0.0000,0.0000,0.0000,0.0068,0.0000,200,13.3139
0.0073,0.0000,0.0000,0.0000,0.0072,0.0001,200,13.3206
0.0076,0.0000,0.0000,0.0000,0.0075,0.0000,200,13.3205
0.0077,0.0000,0.0000,0.0000,0.0073,0.0003,200,13.3205
0.0121,0.0000,0.0000,0.0000,0.0120,0.0001,200,13.3207
0.0065,0.0000,0.0000,0.0000,0.0064,0.0000,200,13.3281
0.0074,0.0000,0.0000,0.0000,0.0073,0.0000,200,13.3279
0.0075,0.0000,0.0000,0.0000,0.0074,0.0000,200,13.3282
0.0075,0.0000,0.0000,0.0000,0.0074,0.0001,200,13.3328
0.0065,0.0000,0.0000,0.0000,0.0064,0.0000,200,13.3347
0.0068,0.0000,0.0000,0.0000,0.0066,0.0002,200,13.3356
0.0077,0.0000,0.0000,0.0000,0.0071,0.0006,200,13.3352
0.0069,0.0000,0.0000,0.0000,0.0068,0.0001,200,13.3403
0.0066,0.0000,0.0000,0.0000,0.0065,0.0001,200,13.3412
0.0066,0.0000,0.0000,0.0000,0.0065,0.0000,200,13.3425
0.0096,0.0000,0.0000,0.0000,0.0095,0.0000,200,13.3430
0.0066,0.0000,0.0000,0.0000,0.0065,0.0000,200,13.3472
0.0064,0.0000,0.0000,0.0000,0.0063,0.0000,200,13.3477
0.0062,0.0000,0.0000,0.0000,0.0061,0.0000,200,13.3491
0.0067,0.0000,0.0000,0.0000,0.0066,0.0001,200,13.3526
0.0065,0.0000,0.0000,0.0000,0.0064,0.0001,200,13.3538
0.0064,0.0000,0.0000,0.0000,0.0063,0.0000,200,13.3541
0.0063,0.0000,0.0000,0.0000,0.0062,0.0000,200,13.3553
0.0067,0.0000,0.0000,0.0000,0.0066,0.0001,200,13.3593
0.0064,0.0000,0.0000,0.0000,0.0063,0.0000,200,13.3602
0.0072,0.0000,0.0000,0.0000,0.0071,0.0001,200,13.3605
0.0063,0.0000,0.0000,0.0000,0.0063,0.0000,200,13.3616
0.0067,0.0000,0.0000,0.0000,0.0066,0.0001,200,13.3660
0.0062,0.0000,0.0000,0.0000,0.0062,0.0000,200,13.3666
0.0065,0.0000,0.0000,0.0000,0.0064,0.0000,200,13.3677
0.0063,0.0000,0.0000,0.0000,0.0062,0.0000,200,13.3679
0.0066,0.0000,0.0000,0.0000,0.0065,0.0001,200,13.3727
0.0066,0.0000,0.0000,0.0000,0.0065,0.0001,200,13.3728
0.0064,0.0000,0.0000,0.0000,0.0064,0.0000,200,13.3741
0.0068,0.0000,0.0000,0.0000,0.0068,0.0000,200,13.3742
0.0066,0.0000,0.0000,0.0000,0.0065,0.0001,200,13.3794
0.0071,0.0000,0.0000,0.0000,0.0069,0.0000,200,13.3794
0.0065,0.0000,0.0000,0.0000,0.0064,0.0001,200,13.3810
0.0092,0.0000,0.0000,0.0000,0.0091,0.0000,200,13.3806
0.0087,0.0000,0.0000,0.0000,0.0086,0.0001,200,13.3860
0.0073,0.0000,0.0000,0.0000,0.0072,0.0001,200,13.3875
0.0083,0.0000,0.0000,0.0000,0.0083,0.0000,200,13.3864
0.0071,0.0000,0.0000,0.0000,0.0069,0.0001,200,13.3898
0.0069,0.0000,0.0000,0.0000,0.0068,0.0001,200,13.3947
0.0078,0.0000,0.0000,0.0000,0.0077,0.0000,200,13.3947
0.0079,0.0000,0.0000,0.0000,0.0078,0.0000,200,13.3947
0.0064,0.0000,0.0000,0.0000,0.0063,0.0000,200,13.3969
0.0066,0.0000,0.0000,0.0000,0.0065,0.0001,200,13.4017
0.0064,0.0000,0.0000,0.0000,0.0063,0.0000,200,13.4025
0.0065,0.0000,0.0000,0.0000,0.0064,0.0000,200,13.4026
0.0064,0.0000,0.0000,0.0000,0.0063,0.0001,200,13.4033
0.0065,0.0000,0.0000,0.0000,0.0064,0.0001,200,13.4089
0.0071,0.0000,0.0000,0.0000,0.0070,0.0001,200,13.4083
0.0064,0.0000,0.0000,0.0000,0.0064,0.0000,200,13.4091
0.0084,0.0000,0.0000,0.0000,0.0082,0.0001,200,13.4097
0.0069,0.0000,0.0000,0.0000,0.0068,0.0000,200,13.4154
0.0069,0.0000,0.0000,0.0000,0.0067,0.0001,200,13.4154
0.0066,0.0000,0.0000,0.0000,0.0064,0.0000,200,13.4180
0.0091,0.0000,0.0000,0.0000,0.0091,0.0000,200,13.4155
0.0085,0.0000,0.0000,0.0000,0.0084,0.0001,200,13.4223
0.0085,0.0000,0.0000,0.0000,0.0084,0.0001,200,13.4223
0.0066,0.0000,0.0000,0.0000,0.0065,0.0000,200,13.4246
0.0066,0.0000,0.0000,0.0000,0.0065,0.0000,200,13.4246
0.0069,0.0000,0.0000,0.0000,0.0068,0.0001,200,13.4308
0.0070,0.0000,0.0000,0.0000,0.0069,0.0000,200,13.4308
0.0086,0.0000,0.0000,0.0000,0.0085,0.0000,200,13.4312
0.0090,0.0000,0.0000,0.0000,0.0089,0.0000,200,13.4312
0.0067,0.0000,0.0000,0.0000,0.0066,0.0001,200,13.4378
0.0067,0.0000,0.0000,0.0000,0.0066,0.0000,200,13.4377
0.0066,0.0000,0.0000,0.0000,0.0065,0.0001,200,13.4398
0.0063,0.0000,0.0000,0.0000,0.0062,0.0000,200,13.4402
0.0068,0.0000,0.0000,0.0000,0.0066,0.0001,200,13.4444
0.0070,0.0000,0.0000,0.0000,0.0069,0.0000,200,13.4444
0.0066,0.0000,0.0000,0.0000,0.0065,0.0001,200,13.4465
0.0067,0.0000,0.0000,0.0000,0.0066,0.0000,200,13.4464
0.0075,0.0000,0.0000,0.0000,0.0073,0.0001,200,13.4512
0.0080,0.0000,0.0000,0.0000,0.0078,0.0001,200,13.4514
0.0065,0.0000,0.0000,0.0000,0.0064,0.0000,200,13.4531
0.0065,0.0000,0.0000,0.0000,0.0064,0.0000,200,13.4531
0.0071,0.0000,0.0000,0.0000,0.0070,0.0001,200,13.4586
0.0069,0.0000,0.0000,0.0000,0.0068,0.0000,200,13.4596
0.0070,0.0000,0.0000,0.0000,0.0070,0.0000,200,13.4594
0.0069,0.0000,0.0000,0.0000,0.0069,0.0000,200,13.4596
0.0068,0.0000,0.0000,0.0000,0.0067,0.0001,200,13.4665
0.0068,0.0000,0.0000,0.0000,0.0067,0.0001,200,13.4665
0.0068,0.0000,0.0000,0.0000,0.0067,0.0001,200,13.4665
0.0076,0.0000,0.0000,0.0000,0.0075,0.0001,200,13.4658
0.0075,0.0000,0.0000,0.0000,0.0074,0.0001,200,13.4733
0.0076,0.0000,0.0000,0.0000,0.0075,0.0000,200,13.4733
0.0076,0.0000,0.0000,0.0000,0.0075,0.0000,200,13.4733
0.0076,0.0000,0.0000,0.0000,0.0075,0.0000,200,13.4733
0.0069,0.0000,0.0000,0.0000,0.0068,0.0000,200,13.4809
0.0069,0.0000,0.0000,0.0000,0.0068,0.0001,200,13.4809
0.0069,0.0000,0.0000,0.0000,0.0067,0.0001,200,13.4809
0.0069,0.0000,0.0000,0.0000,0.0069,0.0000,200,13.4809
0.0068,0.0000,0.0000,0.0000,0.0066,0.0001,200,13.4878
0.0068,0.0000,0.0000,0.0000,0.0067,0.0000,200,13.4879
0.0068,0.0000,0.0000,0.0000,0.0067,0.0001,200,13.4878
0.0085,0.0000,0.0000,0.0000,0.0083,0.0001,200,13.4878
0.0067,0.0000,0.0000,0.0000,0.0066,0.0001,200,13.4946
0.0067,0.0000,0.0000,0.0000,0.0066,0.0000,200,13.4946
0.0068,0.0000,0.0000,0.0000,0.0067,0.0000,200,13.4946
0.0067,0.0000,0.0000,0.0000,0.0065,0.0001,200,13.4963
0.0067,0.0000,0.0000,0.0000,0.0065,0.0001,200,13.5014
0.0068,0.0000,0.0000,0.0000,0.0067,0.0000,200,13.5013
0.0069,0.0000,0.0000,0.0000,0.0068,0.0000,200,13.5013
0.0065,0.0000,0.0000,0.0000,0.0064,0.0000,200,13.5030
0.0070,0.0000,0.0000,0.0000,0.0069,0.0000,200,13.5082
0.0069,0.0000,0.0000,0.0000,0.0068,0.0000,200,13.5082
0.0072,0.0000,0.0000,0.0000,0.0071,0.0000,200,13.5080
0.0075,0.0000,0.0000,0.0000,0.0074,0.0001,200,13.5094
0.0065,0.0000,0.0000,0.0000,0.0064,0.0001,200,13.5152
0.0067,0.0000,0.0000,0.0000,0.0066,0.0000,200,13.5151
0.0067,0.0000,0.0000,0.0000,0.0066,0.0000,200,13.5152
0.0068,0.0000,0.0000,0.0000,0.0067,0.0001,200,13.5169
0.0069,0.0000,0.0000,0.0000,0.0068,0.0001,200,13.5218
0.0071,0.0000,0.0000,0.0000,0.0070,0.0000,200,13.5217
0.0090,0.0000,0.0000,0.0000,0.0089,0.0000,200,13.5219
0.0072,0.0000,0.0000,0.0000,0.0071,0.0001,200,13.5237
0.0065,0.0000,0.0000,0.0000,0.0064,0.0001,200,13.5289
0.0067,0.0000,0.0000,0.0000,0.0066,0.0000,200,13.5287
0.0069,0.0000,0.0000,0.0000,0.0068,0.0001,200,13.5309
0.0069,0.0000,0.0000,0.0000,0.0069,0.0000,200,13.5309
0.0075,0.0000,0.0000,0.0000,0.0074,0.0001,200,13.5353
0.0074,0.0000,0.0000,0.0000,0.0074,0.0000,200,13.5355
0.0075,0.0000,0.0000,0.0000,0.0074,0.0000,200,13.5377
0.0075,0.0000,0.0000,0.0000,0.0074,0.0000,200,13.5378
0.0079,0.0000,0.0000,0.0000,0.0078,0.0001,200,13.5428
0.0078,0.0000,0.0000,0.0000,0.0077,0.0001,200,13.5429
0.0063,0.0000,0.0000,0.0000,0.0062,0.0000,200,13.5453
0.0065,0.0000,0.0000,0.0000,0.0064,0.0000,200,13.5453
0.0066,0.0000,0.0000,0.0000,0.0065,0.0001,200,13.5507
0.0067,0.0000,0.0000,0.0000,0.0067,0.0000,200,13.5507
0.0063,0.0000,0.0000,0.0000,0.0062,0.0000,200,13.5517
0.0066,0.0000,0.0000,0.0000,0.0065,0.0000,200,13.5515
0.0077,0.0000,0.0000,0.0000,0.0076,0.0001,200,13.5572
0.0068,0.0000,0.0000,0.0000,0.0067,0.0001,200,13.5581
0.0070,0.0000,0.0000,0.0000,0.0069,0.0000,200,13.5580
0.0077,0.0000,0.0000,0.0000,0.0076,0.0000,200,13.5574
0.0069,0.0000,0.0000,0.0000,0.0068,0.0000,200,13.5649
0.0068,0.0000,0.0000,0.0000,0.0068,0.0000,200,13.5650
0.0068,0.0000,0.0000,0.0000,0.0067,0.0000,200,13.5651
0.0070,0.0000,0.0000,0.0000,0.0066,0.0003,200,13.5649
0.0071,0.0000,0.0000,0.0000,0.0069,0.0002,200,13.5719
0.0075,0.0000,0.0000,0.0000,0.0075,0.0000,200,13.5719
0.0079,0.0000,0.0000,0.0000,0.0078,0.0000,200,13.5719
0.0093,0.0000,0.0000,0.0000,0.0092,0.0001,200,13.5719
0.0070,0.0000,0.0000,0.0000,0.0069,0.0001,200,13.5789
0.0068,0.0000,0.0000,0.0000,0.0067,0.0000,200,13.5794
0.0066,0.0000,0.0000,0.0000,0.0065,0.0000,200,13.5798
0.0076,0.0000,0.0000,0.0000,0.0075,0.0000,200,13.5812
0.0067,0.0000,0.0000,0.0000,0.0066,0.0001,200,13.5862
0.0070,0.0000,0.0000,0.0000,0.0066,0.0003,200,13.5860
0.0071,0.0000,0.0000,0.0000,0.0070,0.0000,200,13.5864
0.0073,0.0000,0.0000,0.0000,0.0072,0.0001,200,13.5888
0.0067,0.0000,0.0000,0.0002,0.0064,0.0001,200,13.5929
0.0071,0.0000,0.0000,0.0005,0.0066,0.0000,200,13.5930
0.0067,0.0000,0.0000,0.0000,0.0065,0.0000,200,13.5935
0.0068,0.0000,0.0000,0.0000,0.0067,0.0001,200,13.5961
0.0063,0.0000,0.0000,0.0000,0.0062,0.0001,200,13.6002
0.0069,0.0000,0.0000,0.0000,0.0068,0.0000,200,13.5995
0.0063,0.0000,0.0000,0.0000,0.0062,0.0001,200,13.6001
0.0069,0.0000,0.0000,0.0000,0.0068,0.0001,200,13.6029
0.0065,0.0000,0.0000,0.0000,0.0064,0.0001,200,13.6064
0.0066,0.0000,0.0000,0.0000,0.0065,0.0000,200,13.6064
0.0066,0.0000,0.0000,0.0000,0.0065,0.0000,200,13.6064
0.0065,0.0000,0.0000,0.0000,0.0064,0.0001,200,13.6098
0.0067,0.0000,0.0000,0.0000,0.0066,0.0001,200,13.6130
0.0068,0.0000,0.0000,0.0000,0.0067,0.0000,200,13.6130
0.0071,0.0000,0.0000,0.0000,0.0070,0.0000,200,13.6130
0.0065,0.0000,0.0000,0.0000,0.0064,0.0001,200,13.6163
0.0063,0.0000,0.0000,0.0000,0.0062,0.0001,200,13.6201
0.0066,0.0000,0.0000,0.0000,0.0066,0.0000,200,13.6198
0.0068,0.0000,0.0000,0.0000,0.0067,0.0000,200,13.6198
0.0066,0.0000,0.0000,0.0000,0.0065,0.0001,200,13.6228
0.0065,0.0000,0.0000,0.0000,0.0064,0.0001,200,13.6265
0.0070,0.0000,0.0000,0.0000,0.0069,0.0000,200,13.6264
0.0088,0.0000,0.0000,0.0000,0.0087,0.0000,200,13.6265
0.0066,0.0000,0.0000,0.0000,0.0065,0.0000,200,13.6294
0.0070,0.0000,0.0000,0.0000,0.0069,0.0001,200,13.6330
0.0067,0.0000,0.0000,0.0000,0.0066,0.0001,200,13.6353
0.0094,0.0000,0.0000,0.0000,0.0093,0.0000,200,13.6334
0.0073,0.0000,0.0000,0.0000,0.0072,0.0000,200,13.6360
0.0068,0.0000,0.0000,0.0000,0.0067,0.0001,200,13.6401
0.0067,0.0000,0.0000,0.0000,0.0066,0.0000,200,13.6420
0.0066,0.0000,0.0000,0.0000,0.0066,0.0001,200,13.6433
0.0073,0.0000,0.0000,0.0000,0.0072,0.0000,200,13.6428
0.0069,0.0000,0.0000,0.0000,0.0067,0.0002,200,13.6469
0.0071,0.0000,0.0000,0.0000,0.0070,0.0001,200,13.6487
0.0074,0.0000,0.0000,0.0000,0.0074,0.0000,200,13.6501
0.0076,0.0000,0.0000,0.0000,0.0076,0.0000,200,13.6499
0.0071,0.0000,0.0000,0.0006,0.0064,0.0000,200,13.6538
0.0066,0.0000,0.0000,0.0000,0.0065,0.0000,200,13.6558
0.0066,0.0000,0.0000,0.0000,0.0065,0.0000,200,13.6575
0.0065,0.0000,0.0000,0.0000,0.0064,0.0001,200,13.6576
0.0062,0.0000,0.0000,0.0000,0.0062,0.0001,200,13.6609
0.0063,0.0000,0.0000,0.0000,0.0062,0.0000,200,13.6624
0.0070,0.0000,0.0000,0.0000,0.0069,0.0000,200,13.6641
0.0072,0.0000,0.0000,0.0000,0.0071,0.0001,200,13.6641
0.0063,0.0000,0.0000,0.0000,0.0062,0.0000,200,13.6672
0.0063,0.0000,0.0000,0.0000,0.0062,0.0000,200,13.6687
0.0065,0.0000,0.0000,0.0000,0.0064,0.0001,200,13.6710
0.0063,0.0000,0.0000,0.0000,0.0062,0.0000,200,13.6713
0.0066,0.0000,0.0000,0.0000,0.0065,0.0001,200,13.6734
0.0080,0.0000,0.0000,0.0000,0.0079,0.0001,200,13.6751
0.0064,0.0000,0.0000,0.0000,0.0063,0.0001,200,13.6775
0.0065,0.0000,0.0000,0.0000,0.0064,0.0000,200,13.6776
0.0083,0.0000,0.0000,0.0000,0.0082,0.0001,200,13.6800
0.0070,0.0000,0.0000,0.0000,0.0069,0.0001,200,13.6831
0.0066,0.0000,0.0000,0.0000,0.0065,0.0001,200,13.6840
0.0066,0.0000,0.0000,0.0000,0.0065,0.0000,200,13.6841
0.0066,0.0000,0.0000,0.0000,0.0065,0.0001,200,13.6883
0.0069,0.0000,0.0000,0.0000,0.0068,0.0000,200,13.6901
0.0065,0.0000,0.0000,0.0000,0.0064,0.0000,200,13.6906
0.0066,0.0000,0.0000,0.0000,0.0063,0.0003,200,13.6905
0.0066,0.0000,0.0000,0.0000,0.0065,0.0001,200,13.6949
0.0065,0.0000,0.0000,0.0000,0.0064,0.0001,200,13.6970
0.0069,0.0000,0.0000,0.0000,0.0068,0.0000,200,13.6971
0.0079,0.0000,0.0000,0.0000,0.0078,0.0000,200,13.6971
0.0068,0.0000,0.0000,0.0001,0.0066,0.0001,200,13.7015
0.0066,0.0000,0.0000,0.0000,0.0065,0.0001,200,13.7035
0.0063,0.0000,0.0000,0.0000,0.0063,0.0000,200,13.7040
0.0068,0.0000,0.0000,0.0000,0.0067,0.0000,200,13.7050
0.0065,0.0000,0.0000,0.0000,0.0064,0.0001,200,13.7084
0.0066,0.0000,0.0000,0.0000,0.0065,0.0001,200,13.7101
0.0066,0.0000,0.0000,0.0000,0.0065,0.0000,200,13.7103
0.0062,0.0000,0.0000,0.0000,0.0062,0.0000,200,13.7118
0.0064,0.0000,0.0000,0.0000,0.0063,0.0000,200,13.7149
0.0064,0.0000,0.0000,0.0000,0.0063,0.0000,200,13.7166
0.0064,0.0000,0.0000,0.0000,0.0063,0.0000,200,13.7169
0.0063,0.0000,0.0000,0.0000,0.0062,0.0000,200,13.7181
0.0063,0.0000,0.0000,0.0000,0.0062,0.0001,200,13.7213
0.0079,0.0000,0.0000,0.0000,0.0078,0.0001,200,13.7244
0.0090,0.0000,0.0000,0.0000,0.0089,0.0001,200,13.7232
0.0093,0.0000,0.0000,0.0000,0.0093,0.0000,200,13.7230
0.0070,0.0000,0.0000,0.0000,0.0068,0.0001,200,13.7276
0.0073,0.0000,0.0000,0.0000,0.0072,0.0000,200,13.7323
0.0072,0.0000,0.0000,0.0000,0.0071,0.0000,200,13.7324
0.0073,0.0000,0.0000,0.0000,0.0072,0.0000,200,13.7323
0.0065,0.0000,0.0000,0.0000,0.0064,0.0001,200,13.7345
0.0064,0.0000,0.0000,0.0000,0.0063,0.0001,200,13.7396
0.0065,0.0000,0.0000,0.0000,0.0065,0.0000,200,13.7396
0.0066,0.0000,0.0000,0.0000,0.0065,0.0000,200,13.7396
0.0064,0.0000,0.0000,0.0000,0.0063,0.0000,200,13.7411
0.0067,0.0000,0.0000,0.0000,0.0066,0.0001,200,13.7461
0.0069,0.0000,0.0000,0.0000,0.0068,0.0001,200,13.7460
0.0070,0.0000,0.0000,0.0000,0.0070,0.0000,200,13.7461
0.0065,0.0000,0.0000,0.0000,0.0064,0.0001,200,13.7475
0.0071,0.0000,0.0000,0.0000,0.0070,0.0001,200,13.7529
0.0072,0.0000,0.0000,0.0000,0.0071,0.0000,200,13.7529
0.0070,0.0000,0.0000,0.0000,0.0070,0.0000,200,13.7531
0.0067,0.0000,0.0000,0.0000,0.0066,0.0000,200,13.7540
0.0071,0.0000,0.0000,0.0000,0.0071,0.0001,200,13.7600
0.0071,0.0000,0.0000,0.0000,0.0069,0.0001,200,13.7602
0.0073,0.0000,0.0000,0.0000,0.0073,0.0000,200,13.7599
0.0074,0.0000,0.0000,0.0000,0.0074,0.0000,200,13.7607
0.0067,0.0000,0.0000,0.0000,0.0066,0.0001,200,13.7673
0.0068,0.0000,0.0000,0.0000,0.0067,0.0001,200,13.7672
0.0067,0.0000,0.0000,0.0000,0.0066,0.0001,200,13.7673
0.0064,0.0000,0.0000,0.0000,0.0063,0.0000,200,13.7681
0.0068,0.0000,0.0000,0.0000,0.0067,0.0001,200,13.7740
0.0069,0.0000,0.0000,0.0000,0.0068,0.0000,200,13.7740
0.0064,0.0000,0.0000,0.0000,0.0063,0.0000,200,13.7745
0.0069,0.0000,0.0000,0.0000,0.0067,0.0000,200,13.7740
0.0066,0.0000,0.0000,0.0000,0.0065,0.0000,200,13.7808
0.0066,0.0000,0.0000,0.0000,0.0065,0.0000,200,13.7808
0.0067,0.0000,0.0000,0.0000,0.0065,0.0000,200,13.7808
0.0066,0.0000,0.0000,0.0000,0.0065,0.0001,200,13.7808
0.0089,0.0000,0.0000,0.0000,0.0088,0.0001,200,13.7875
0.0089,0.0000,0.0000,0.0000,0.0088,0.0001,200,13.7875
0.0090,0.0000,0.0000,0.0000,0.0089,0.0000,200,13.7875
0.0090,0.0000,0.0000,0.0000,0.0090,0.0000,200,13.7875
0.0069,0.0000,0.0000,0.0000,0.0067,0.0001,200,13.7964
0.0070,0.0000,0.0000,0.0000,0.0069,0.0000,200,13.7964
0.0070,0.0000,0.0000,0.0000,0.0069,0.0000,200,13.7965
0.0070,0.0000,0.0000,0.0000,0.0069,0.0000,200,13.7965
0.0067,0.0000,0.0000,0.0000,0.0066,0.0001,200,13.8034
0.0068,0.0000,0.0000,0.0000,0.0067,0.0000,200,13.8034
0.0072,0.0000,0.0000,0.0000,0.0071,0.0000,200,13.8032
0.0077,0.0000,0.0000,0.0000,0.0076,0.0000,200,13.8035
0.0076,0.0000,0.0000,0.0000,0.0075,0.0000,200,13.8102
0.0074,0.0000,0.0000,0.0000,0.0073,0.0001,200,13.8104
0.0067,0.0000,0.0000,0.0000,0.0066,0.0001,200,13.8111
0.0078,0.0000,0.0000,0.0000,0.0077,0.0000,200,13.8100
0.0070,0.0000,0.0000,0.0000,0.0069,0.0001,200,13.8178
0.0070,0.0000,0.0000,0.0000,0.0069,0.0000,200,13.8179
0.0073,0.0000,0.0000,0.0000,0.0072,0.0000,200,13.8178
0.0076,0.0000,0.0000,0.0000,0.0075,0.0000,200,13.8178
0.0074,0.0000,0.0000,0.0000,0.0074,0.0001,200,13.8248
0.0073,0.0000,0.0000,0.0000,0.0072,0.0001,200,13.8254
0.0077,0.0000,0.0000,0.0000,0.0076,0.0000,200,13.8251
0.0079,0.0000,0.0000,0.0000,0.0078,0.0000,200,13.8248
0.0070,0.0000,0.0000,0.0000,0.0069,0.0001,200,13.8323
0.0067,0.0000,0.0000,0.0000,0.0066,0.0000,200,13.8328
0.0067,0.0000,0.0000,0.0000,0.0067,0.0000,200,13.8327
0.0068,0.0000,0.0000,0.0000,0.0067,0.0000,200,13.8327
0.0067,0.0000,0.0000,0.0000,0.0066,0.0001,200,13.8395
0.0071,0.0000,0.0000,0.0000,0.0069,0.0002,200,13.8393
0.0073,0.0000,0.0000,0.0000,0.0072,0.0000,200,13.8395
0.0074,0.0000,0.0000,0.0000,0.0074,0.0000,200,13.8394
0.0080,0.0000,0.0000,0.0000,0.0080,0.0001,200,13.8468
0.0087,0.0000,0.0000,0.0000,0.0086,0.0000,200,13.8461
0.0080,0.0000,0.0000,0.0000,0.0079,0.0000,200,13.8469
0.0085,0.0000,0.0000,0.0000,0.0083,0.0002,200,13.8465
0.0066,0.0000,0.0000,0.0000,0.0065,0.0001,200,13.8550
0.0067,0.0000,0.0000,0.0000,0.0066,0.0001,200,13.8548
0.0067,0.0000,0.0000,0.0000,0.0066,0.0001,200,13.8549
0.0070,0.0000,0.0000,0.0000,0.0069,0.0000,200,13.8548
0.0067,0.0000,0.0000,0.0000,0.0066,0.0001,200,13.8616
0.0073,0.0000,0.0000,0.0000,0.0072,0.0000,200,13.8616
0.0080,0.0000,0.0000,0.0000,0.0079,0.0000,200,13.8616
0.0082,0.0000,0.0000,0.0000,0.0081,0.0000,200,13.8618
0.0067,0.0000,0.0000,0.0000,0.0066,0.0000,200,13.8683
0.0065,0.0000,0.0000,0.0000,0.0064,0.0001,200,13.8688
0.0063,0.0000,0.0000,0.0000,0.0063,0.0000,200,13.8696
0.0062,0.0000,0.0000,0.0000,0.0062,0.0000,200,13.8700
0.0065,0.0000,0.0000,0.0000,0.0064,0.0001,200,13.8749
0.0063,0.0000,0.0000,0.0000,0.0062,0.0000,200,13.8753
0.0064,0.0000,0.0000,0.0000,0.0063,0.0000,200,13.8760
0.0064,0.0000,0.0000,0.0000,0.0063,0.0000,200,13.8762
0.0066,0.0000,0.0000,0.0000,0.0065,0.0001,200,13.8816
0.0069,0.0000,0.0000,0.0000,0.0068,0.0000,200,13.8814
0.0067,0.0000,0.0000,0.0000,0.0066,0.0000,200,13.8823
0.0067,0.0000,0.0000,0.0000,0.0066,0.0001,200,13.8826
0.0067,0.0000,0.0000,0.0000,0.0066,0.0001,200,13.8883
0.0070,0.0000,0.0000,0.0000,0.0069,0.0001,200,13.8890
0.0078,0.0000,0.0000,0.0000,0.0077,0.0000,200,13.8883
0.0103,0.0000,0.0000,0.0000,0.0102,0.0001,200,13.8893
0.0072,0.0000,0.0000,0.0000,0.0071,0.0001,200,13.8950
0.0063,0.0000,0.0000,0.0000,0.0062,0.0000,200,13.8960
0.0065,0.0000,0.0000,0.0000,0.0064,0.0001,200,13.8960
0.0067,0.0000,0.0000,0.0000,0.0066,0.0001,200,13.8996
0.0066,0.0000,0.0000,0.0000,0.0065,0.0001,200,13.9021
0.0065,0.0000,0.0000,0.0000,0.0064,0.0000,200,13.9024
0.0071,0.0000,0.0000,0.0000,0.0070,0.0000,200,13.9026
0.0065,0.0000,0.0000,0.0000,0.0064,0.0001,200,13.9063
0.0064,0.0000,0.0000,0.0000,0.0063,0.0001,200,13.9088
0.0066,0.0000,0.0000,0.0000,0.0065,0.0001,200,13.9088
0.0063,0.0000,0.0000,0.0000,0.0062,0.0000,200,13.9097
0.0066,0.0000,0.0000,0.0000,0.0065,0.0001,200,13.9128
0.0067,0.0000,0.0000,0.0000,0.0065,0.0001,200,13.9152
0.0065,0.0000,0.0000,0.0000,0.0064,0.0000,200,13.9154
0.0063,0.0000,0.0000,0.0000,0.0062,0.0000,200,13.9160
0.0072,0.0000,0.0000,0.0000,0.0071,0.0001,200,13.9194
0.0068,0.0000,0.0000,0.0000,0.0067,0.0001,200,13.9219
0.0066,0.0000,0.0000,0.0000,0.0065,0.0000,200,13.9223
0.0069,0.0000,0.0000,0.0000,0.0068,0.0000,200,13.9219
0.0065,0.0000,0.0000,0.0000,0.0063,0.0001,200,13.9266
0.0072,0.0000,0.0000,0.0000,0.0071,0.0000,200,13.9288
0.0072,0.0000,0.0000,0.0000,0.0071,0.0000,200,13.9288
0.0072,0.0000,0.0000,0.0000,0.0071,0.0000,200,13.9288
0.0067,0.0000,0.0000,0.0000,0.0066,0.0001,200,13.9331
0.0066,0.0000,0.0000,0.0000,0.0064,0.0001,200,13.9360
0.0066,0.0000,0.0000,0.0000,0.0065,0.0001,200,13.9360
0.0098,0.0000,0.0000,0.0000,0.0098,0.0000,200,13.9360
0.0065,0.0000,0.0000,0.0000,0.0065,0.0000,200,13.9398
0.0064,0.0000,0.0000,0.0000,0.0063,0.0001,200,13.9426
0.0064,0.0000,0.0000,0.0000,0.0063,0.0000,200,13.9426
0.0065,0.0000,0.0000,0.0000,0.0064,0.0001,200,13.9458
0.0064,0.0000,0.0000,0.0000,0.0063,0.0000,200,13.9464
0.0065,0.0000,0.0000,0.0000,0.0064,0.0001,200,13.9490
0.0067,0.0000,0.0000,0.0000,0.0066,0.0000,200,13.9490
0.0066,0.0000,0.0000,0.0000,0.0065,0.0001,200,13.9524
0.0063,0.0000,0.0000,0.0000,0.0063,0.0000,200,13.9527
0.0067,0.0000,0.0000,0.0000,0.0066,0.0000,200,13.9555
0.0069,0.0000,0.0000,0.0000,0.0068,0.0000,200,13.9557
0.0064,0.0000,0.0000,0.0000,0.0063,0.0001,200,13.9590
0.0065,0.0000,0.0000,0.0000,0.0064,0.0000,200,13.9591
0.0069,0.0000,0.0000,0.0000,0.0068,0.0001,200,13.9623
0.0069,0.0000,0.0000,0.0000,0.0068,0.0000,200,13.9626
0.0066,0.0000,0.0000,0.0000,0.0064,0.0001,200,13.9654
0.0066,0.0000,0.0000,0.0000,0.0065,0.0000,200,13.9656
0.0069,0.0000,0.0000,0.0000,0.0068,0.0001,200,13.9691
0.0077,0.0000,0.0000,0.0000,0.0076,0.0000,200,13.9694
0.0065,0.0000,0.0000,0.0000,0.0064,0.0000,200,13.9719
0.0065,0.0000,0.0000,0.0000,0.0064,0.0000,200,13.9721
0.0066,0.0000,0.0000,0.0000,0.0065,0.0001,200,13.9761
0.0064,0.0000,0.0000,0.0000,0.0062,0.0001,200,13.9771
0.0063,0.0000,0.0000,0.0000,0.0062,0.0000,200,13.9784
0.0064,0.0000,0.0000,0.0000,0.0064,0.0000,200,13.9786
0.0069,0.0000,0.0000,0.0000,0.0068,0.0001,200,13.9827
0.0066,0.0000,0.0000,0.0000,0.0065,0.0001,200,13.9835
0.0063,0.0000,0.0000,0.0000,0.0062,0.0000,200,13.9847
0.0083,0.0000,0.0000,0.0000,0.0082,0.0001,200,13.9850
0.0079,0.0000,0.0000,0.0000,0.0078,0.0001,200,13.9910
0.0088,0.0000,0.0000,0.0000,0.0087,0.0001,200,13.9900
0.0093,0.0000,0.0000,0.0000,0.0091,0.0001,200,13.9896
0.0065,0.0000,0.0000,0.0000,0.0064,0.0000,200,13.9933
0.0067,0.0000,0.0000,0.0000,0.0066,0.0001,200,13.9989
0.0069,0.0000,0.0000,0.0000,0.0068,0.0000,200,13.9989
0.0068,0.0000,0.0000,0.0000,0.0068,0.0000,200,13.9989
0.0073,0.0000,0.0000,0.0000,0.0072,0.0001,200,13.9998
0.0068,0.0000,0.0000,0.0000,0.0067,0.0001,200,14.0056
0.0065,0.0000,0.0000,0.0000,0.0064,0.0001,200,14.0070
0.0079,0.0000,0.0000,0.0000,0.0078,0.0000,200,14.0057
0.0091,0.0000,0.0000,0.0000,0.0090,0.0000,200,14.0057
0.0073,0.0000,0.0000,0.0000,0.0072,0.0001,200,14.0124
0.0062,0.0000,0.0000,0.0000,0.0062,0.0000,200,14.0136
0.0066,0.0000,0.0000,0.0000,0.0065,0.0000,200,14.0135
0.0090,0.0000,0.0000,0.0000,0.0089,0.0001,200,14.0148
0.0069,0.0000,0.0000,0.0000,0.0067,0.0001,200,14.0199
0.0071,0.0000,0.0000,0.0000,0.0070,0.0000,200,14.0198
0.0067,0.0000,0.0000,0.0000,0.0067,0.0000,200,14.0201
0.0083,0.0000,0.0000,0.0000,0.0081,0.0001,200,14.0238
0.0066,0.0000,0.0000,0.0000,0.0065,0.0000,200,14.0267
0.0067,0.0000,0.0000,0.0000,0.0066,0.0000,200,14.0268
0.0067,0.0000,0.0000,0.0000,0.0067,0.0000,200,14.0268
0.0076,0.0000,0.0000,0.0000,0.0074,0.0001,200,14.0321
0.0067,0.0000,0.0000,0.0000,0.0066,0.0000,200,14.0333
0.0065,0.0000,0.0000,0.0000,0.0065,0.0000,200,14.0335
0.0065,0.0000,0.0000,0.0000,0.0064,0.0000,200,14.0336
0.0068,0.0000,0.0000,0.0000,0.0066,0.0001,200,14.0396
0.0066,0.0000,0.0000,0.0000,0.0065,0.0000,200,14.0400
0.0067,0.0000,0.0000,0.0000,0.0066,0.0000,200,14.0400
0.0067,0.0000,0.0000,0.0000,0.0066,0.0000,200,14.0400
0.0065,0.0000,0.0000,0.0000,0.0064,0.0001,200,14.0467
0.0069,0.0000,0.0000,0.0000,0.0068,0.0000,200,14.0464
0.0066,0.0000,0.0000,0.0000,0.0065,0.0000,200,14.0467
0.0066,0.0000,0.0000,0.0000,0.0065,0.0000,200,14.0467
0.0068,0.0000,0.0000,0.0000,0.0067,0.0001,200,14.0533
0.0070,0.0000,0.0000,0.0000,0.0069,0.0000,200,14.0533
0.0070,0.0000,0.0000,0.0000,0.0069,0.0001,200,14.0534
0.0073,0.0000,0.0000,0.0000,0.0072,0.0000,200,14.0532
0.0067,0.0000,0.0000,0.0000,0.0066,0.0000,200,14.0603
0.0068,0.0000,0.0000,0.0000,0.0067,0.0000,200,14.0602
0.0066,0.0000,0.0000,0.0000,0.0064,0.0002,200,14.0604
0.0070,0.0000,0.0000,0.0000,0.0069,0.0000,200,14.0605
0.0067,0.0000,0.0000,0.0000,0.0066,0.0001,200,14.0670
0.0070,0.0000,0.0000,0.0000,0.0069,0.0000,200,14.0669
0.0066,0.0000,0.0000,0.0000,0.0066,0.0000,200,14.0675
0.0074,0.0000,0.0000,0.0000,0.0073,0.0000,200,14.0669
0.0067,0.0000,0.0000,0.0000,0.0066,0.0001,200,14.0739
0.0064,0.0000,0.0000,0.0000,0.0063,0.0000,200,14.0744
0.0072,0.0000,0.0000,0.0000,0.0071,0.0000,200,14.0741
0.0087,0.0000,0.0000,0.0000,0.0086,0.0000,200,14.0737
0.0068,0.0000,0.0000,0.0000,0.0067,0.0000,200,14.0807
0.0067,0.0000,0.0000,0.0000,0.0064,0.0002,200,14.0808
0.0062,0.0000,0.0000,0.0000,0.0060,0.0001,200,14.0813
0.0064,0.0000,0.0000,0.0000,0.0063,0.0001,200,14.0824
0.0070,0.0000,0.0000,0.0000,0.0069,0.0001,200,14.0875
0.0085,0.0000,0.0000,0.0000,0.0083,0.0001,200,14.0874
0.0086,0.0000,0.0000,0.0000,0.0085,0.0000,200,14.0875
0.0073,0.0000,0.0000,0.0000,0.0073,0.0000,200,14.0889
0.0078,0.0000,0.0000,0.0000,0.0077,0.0001,200,14.0945
0.0065,0.0000,0.0000,0.0000,0.0065,0.0000,200,14.0962
0.0071,0.0000,0.0000,0.0000,0.0070,0.0000,200,14.0959
0.0069,0.0000,0.0000,0.0000,0.0068,0.0000,200,14.0961
0.0070,0.0000,0.0000,0.0000,0.0069,0.0001,200,14.1023
0.0066,0.0000,0.0000,0.0000,0.0065,0.0000,200,14.1027
0.0066,0.0000,0.0000,0.0000,0.0065,0.0000,200,14.1030
0.0066,0.0000,0.0000,0.0000,0.0065,0.0001,200,14.1030
0.0070,0.0000,0.0000,0.0000,0.0068,0.0001,200,14.1092
0.0067,0.0000,0.0000,0.0000,0.0067,0.0000,200,14.1095
0.0069,0.0000,0.0000,0.0000,0.0068,0.0000,200,14.1093
0.0066,0.0000,0.0000,0.0000,0.0066,0.0000,200,14.1096
0.0065,0.0000,0.0000,0.0000,0.0064,0.0001,200,14.1162
0.0066,0.0000,0.0000,0.0000,0.0065,0.0000,200,14.1162
0.0067,0.0000,0.0000,0.0000,0.0066,0.0000,200,14.1163
0.0068,0.0000,0.0000,0.0000,0.0067,0.0000,200,14.1162
0.0069,0.0000,0.0000,0.0000,0.0068,0.0001,200,14.1229
0.0070,0.0000,0.0000,0.0000,0.0069,0.0000,200,14.1230
0.0073,0.0000,0.0000,0.0000,0.0073,0.0000,200,14.1228
0.0080,0.0000,0.0000,0.0000,0.0079,0.0000,200,14.1228
0.0069,0.0000,0.0000,0.0000,0.0068,0.0001,200,14.1300
0.0073,0.0000,0.0000,0.0000,0.0072,0.0000,200,14.1299
0.0064,0.0000,0.0000,0.0000,0.0064,0.0000,200,14.1308
0.0072,0.0000,0.0000,0.0000,0.0070,0.0002,200,14.1301
0.0064,0.0000,0.0000,0.0000,0.0063,0.0001,200,14.1371
0.0064,0.0000,0.0000,0.0000,0.0063,0.0001,200,14.1373
0.0066,0.0000,0.0000,0.0000,0.0065,0.0000,200,14.1372
0.0078,0.0000,0.0000,0.0000,0.0077,0.0001,200,14.1369
0.0068,0.0000,0.0000,0.0000,0.0067,0.0000,200,14.1436
0.0066,0.0000,0.0000,0.0000,0.0065,0.0000,200,14.1437
0.0065,0.0000,0.0000,0.0000,0.0064,0.0001,200,14.1438
0.0064,0.0000,0.0000,0.0000,0.0063,0.0001,200,14.1447
0.0068,0.0000,0.0000,0.0000,0.0067,0.0001,200,14.1503
0.0070,0.0000,0.0000,0.0000,0.0069,0.0000,200,14.1504
0.0070,0.0000,0.0000,0.0000,0.0069,0.0000,200,14.1503
0.0086,0.0000,0.0000,0.0000,0.0085,0.0001,200,14.1511
0.0066,0.0000,0.0000,0.0000,0.0065,0.0001,200,14.1571
0.0068,0.0000,0.0000,0.0000,0.0067,0.0000,200,14.1573
0.0070,0.0000,0.0000,0.0000,0.0070,0.0000,200,14.1573
0.0066,0.0000,0.0000,0.0000,0.0065,0.0001,200,14.1597
0.0070,0.0000,0.0000,0.0000,0.0069,0.0001,200,14.1637
0.0067,0.0000,0.0000,0.0000,0.0066,0.0001,200,14.1641
0.0066,0.0000,0.0000,0.0000,0.0066,0.0000,200,14.1643
0.0076,0.0000,0.0000,0.0000,0.0075,0.0001,200,14.1663
0.0064,0.0000,0.0000,0.0000,0.0063,0.0001,200,14.1710
0.0065,0.0000,0.0000,0.0000,0.0064,0.0001,200,14.1708
0.0065,0.0000,0.0000,0.0000,0.0065,0.0001,200,14.1708
0.0073,0.0000,0.0000,0.0000,0.0072,0.0001,200,14.1739
0.0067,0.0000,0.0000,0.0000,0.0066,0.0001,200,14.1773
0.0068,0.0000,0.0000,0.0000,0.0067,0.0000,200,14.1773
0.0070,0.0000,0.0000,0.0000,0.0069,0.0000,200,14.1773
0.0067,0.0000,0.0000,0.0000,0.0065,0.0001,200,14.1812
0.0073,0.0000,0.0000,0.0000,0.0072,0.0001,200,14.1843
0.0075,0.0000,0.0000,0.0000,0.0074,0.0001,200,14.1841
0.0076,0.0000,0.0000,0.0000,0.0075,0.0000,200,14.1840
0.0069,0.0000,0.0000,0.0000,0.0068,0.0001,200,14.1879
0.0076,0.0000,0.0000,0.0000,0.0075,0.0001,200,14.1916
0.0083,0.0000,0.0000,0.0000,0.0083,0.0000,200,14.1916
0.0084,0.0000,0.0000,0.0000,0.0083,0.0001,200,14.1916
0.0071,0.0000,0.0000,0.0000,0.0070,0.0001,200,14.1948
0.0069,0.0000,0.0000,0.0000,0.0067,0.0001,200,14.1992
0.0068,0.0000,0.0000,0.0000,0.0066,0.0001,200,14.2000
0.0068,0.0000,0.0000,0.0000,0.0067,0.0000,200,14.2000
0.0073,0.0000,0.0000,0.0000,0.0072,0.0001,200,14.2020
0.0073,0.0000,0.0000,0.0000,0.0072,0.0001,200,14.2061
0.0070,0.0000,0.0000,0.0000,0.0069,0.0001,200,14.2068
0.0071,0.0000,0.0000,0.0000,0.0070,0.0000,200,14.2067
0.0071,0.0000,0.0000,0.0000,0.0070,0.0001,200,14.2092
0.0069,0.0000,0.0000,0.0000,0.0066,0.0003,200,14.2134
0.0068,0.0000,0.0000,0.0000,0.0067,0.0000,200,14.2139
0.0070,0.0000,0.0000,0.0000,0.0069,0.0000,200,14.2138
0.0064,0.0000,0.0000,0.0000,0.0063,0.0001,200,14.2163
0.0065,0.0000,0.0000,0.0000,0.0063,0.0001,200,14.2203
0.0063,0.0000,0.0000,0.0000,0.0062,0.0000,200,14.2208
0.0064,0.0000,0.0000,0.0000,0.0063,0.0000,200,14.2206
0.0066,0.0000,0.0000,0.0000,0.0065,0.0001,200,14.2227
0.0065,0.0000,0.0000,0.0000,0.0064,0.0001,200,14.2270
0.0065,0.0000,0.0000,0.0000,0.0064,0.0000,200,14.2270
0.0067,0.0000,0.0000,0.0000,0.0066,0.0001,200,14.2268
0.0068,0.0000,0.0000,0.0000,0.0067,0.0001,200,14.2294
0.0067,0.0000,0.0000,0.0000,0.0066,0.0001,200,14.2335
0.0067,0.0000,0.0000,0.0000,0.0066,0.0000,200,14.2335
0.0073,0.0000,0.0000,0.0000,0.0072,0.0000,200,14.2335
0.0065,0.0000,0.0000,0.0000,0.0064,0.0000,200,14.2361
0.0064,0.0000,0.0000,0.0000,0.0063,0.0001,200,14.2403
0.0067,0.0000,0.0000,0.0000,0.0064,0.0003,200,14.2403
0.0063,0.0000,0.0000,0.0000,0.0062,0.0000,200,14.2408
0.0063,0.0000,0.0000,0.0000,0.0062,0.0001,200,14.2426
0.0072,0.0000,0.0000,0.0000,0.0067,0.0001,200,14.2467
0.0074,0.0000,0.0000,0.0000,0.0073,0.0000,200,14.2470
0.0073,0.0000,0.0000,0.0002,0.0066,0.0005,200,14.2471
0.0070,0.0000,0.0000,0.0000,0.0069,0.0001,200,14.2489
0.0069,0.0000,0.0000,0.0000,0.0067,0.0001,200,14.2538
0.0075,0.0000,0.0000,0.0000,0.0075,0.0000,200,14.2544
0.0083,0.0000,0.0000,0.0000,0.0082,0.0000,200,14.2544
0.0068,0.0000,0.0000,0.0000,0.0067,0.0000,200,14.2560
0.0067,0.0000,0.0000,0.0000,0.0066,0.0001,200,14.2607
0.0065,0.0000,0.0000,0.0000,0.0064,0.0001,200,14.2620
0.0082,0.0000,0.0000,0.0000,0.0082,0.0001,200,14.2628
0.0084,0.0000,0.0000,0.0000,0.0084,0.0000,200,14.2626
0.0066,0.0000,0.0000,0.0000,0.0064,0.0001,200,14.2675
0.0089,0.0000,0.0000,0.0000,0.0089,0.0001,200,14.2684
0.0066,0.0000,0.0000,0.0000,0.0065,0.0000,200,14.2710
0.0066,0.0000,0.0000,0.0000,0.0065,0.0000,200,14.2710
0.0065,0.0000,0.0000,0.0000,0.0064,0.0001,200,14.2740
0.0067,0.0000,0.0000,0.0000,0.0066,0.0001,200,14.2776
0.0069,0.0000,0.0000,0.0000,0.0068,0.0000,200,14.2774
0.0068,0.0000,0.0000,0.0000,0.0067,0.0000,200,14.2776
0.0065,0.0000,0.0000,0.0000,0.0064,0.0001,200,14.2805
0.0065,0.0000,0.0000,0.0000,0.0064,0.0000,200,14.2843
0.0064,0.0000,0.0000,0.0000,0.0063,0.0000,200,14.2844
0.0069,0.0000,0.0000,0.0000,0.0068,0.0000,200,14.2843
0.0064,0.0000,0.0000,0.0000,0.0063,0.0000,200,14.2870
0.0066,0.0000,0.0000,0.0000,0.0065,0.0000,200,14.2908
0.0066,0.0000,0.0000,0.0000,0.0065,0.0001,200,14.2908
0.0063,0.0000,0.0000,0.0000,0.0063,0.0000,200,14.2912
0.0062,0.0000,0.0000,0.0000,0.0061,0.0001,200,14.2934
0.0069,0.0000,0.0000,0.0000,0.0068,0.0001,200,14.2974
0.0068,0.0000,0.0000,0.0000,0.0067,0.0000,200,14.2975
0.0068,0.0000,0.0000,0.0000,0.0067,0.0000,200,14.2975
0.0067,0.0000,0.0000,0.0000,0.0065,0.0002,200,14.2996
0.0074,0.0000,0.0000,0.0000,0.0073,0.0001,200,14.3043
0.0074,0.0000,0.0000,0.0000,0.0073,0.0001,200,14.3043
0.0074,0.0000,0.0000,0.0000,0.0073,0.0001,200,14.3043
0.0063,0.0000,0.0000,0.0000,0.0062,0.0001,200,14.3063
0.0064,0.0000,0.0000,0.0000,0.0063,0.0000,200,14.3117
0.0065,0.0000,0.0000,0.0000,0.0064,0.0000,200,14.3117
0.0065,0.0000,0.0000,0.0000,0.0064,0.0000,200,14.3117
0.0064,0.0000,0.0000,0.0000,0.0063,0.0000,200,14.3127
0.0067,0.0000,0.0000,0.0000,0.0066,0.0000,200,14.3182
0.0068,0.0000,0.0000,0.0000,0.0067,0.0000,200,14.3181
0.0067,0.0000,0.0000,0.0000,0.0066,0.0001,200,14.3182
0.0068,0.0000,0.0000,0.0000,0.0067,0.0000,200,14.3191
0.0069,0.0000,0.0000,0.0000,0.0068,0.0001,200,14.3249
0.0069,0.0000,0.0000,0.0000,0.0068,0.0001,200,14.3249
0.0069,0.0000,0.0000,0.0000,0.0068,0.0001,200,14.3249
0.0063,0.0000,0.0000,0.0000,0.0062,0.0000,200,14.3258
0.0064,0.0000,0.0000,0.0000,0.0063,0.0001,200,14.3318
0.0065,0.0000,0.0000,0.0000,0.0064,0.0000,200,14.3318
0.0065,0.0000,0.0000,0.0000,0.0065,0.0000,200,14.3318
0.0065,0.0000,0.0000,0.0000,0.0064,0.0000,200,14.3321
0.0066,0.0000,0.0000,0.0000,0.0065,0.0001,200,14.3382
0.0065,0.0000,0.0000,0.0000,0.0064,0.0001,200,14.3383
0.0063,0.0000,0.0000,0.0000,0.0063,0.0000,200,14.3386
0.0067,0.0000,0.0000,0.0000,0.0066,0.0000,200,14.3383
0.0067,0.0000,0.0000,0.0000,0.0066,0.0001,200,14.3448
0.0066,0.0000,0.0000,0.0000,0.0066,0.0000,200,14.3449
0.0069,0.0000,0.0000,0.0000,0.0068,0.0000,200,14.3448
0.0067,0.0000,0.0000,0.0000,0.0067,0.0000,200,14.3450
0.0067,0.0000,0.0000,0.0000,0.0066,0.0001,200,14.3515
0.0070,0.0000,0.0000,0.0000,0.0069,0.0000,200,14.3517
0.0069,0.0000,0.0000,0.0000,0.0069,0.0001,200,14.3518
0.0072,0.0000,0.0000,0.0000,0.0071,0.0001,200,14.3515
0.0069,0.0000,0.0000,0.0000,0.0068,0.0001,200,14.3582
0.0064,0.0000,0.0000,0.0000,0.0064,0.0000,200,14.3587
0.0067,0.0000,0.0000,0.0000,0.0066,0.0000,200,14.3587
0.0068,0.0000,0.0000,0.0000,0.0067,0.0000,200,14.3587
0.0067,0.0000,0.0000,0.0000,0.0066,0.0001,200,14.3651
0.0063,0.0000,0.0000,0.0000,0.0063,0.0000,200,14.3655
0.0064,0.0000,0.0000,0.0000,0.0064,0.0000,200,14.3654
0.0067,0.0000,0.0000,0.0000,0.0066,0.0000,200,14.3651
0.0073,0.0000,0.0000,0.0000,0.0072,0.0001,200,14.3718
0.0074,0.0000,0.0000,0.0000,0.0073,0.0000,200,14.3718
0.0074,0.0000,0.0000,0.0000,0.0074,0.0000,200,14.3718
0.0074,0.0000,0.0000,0.0000,0.0074,0.0000,200,14.3718
0.0066,0.0000,0.0000,0.0000,0.0065,0.0000,200,14.3792
0.0066,0.0000,0.0000,0.0000,0.0065,0.0001,200,14.3792
0.0067,0.0000,0.0000,0.0000,0.0067,0.0000,200,14.3793
0.0068,0.0000,0.0000,0.0000,0.0067,0.0000,200,14.3793
0.0071,0.0000,0.0000,0.0000,0.0070,0.0001,200,14.3860
0.0071,0.0000,0.0000,0.0000,0.0071,0.0001,200,14.3860
0.0074,0.0000,0.0000,0.0000,0.0073,0.0000,200,14.3858
0.0074,0.0000,0.0000,0.0000,0.0073,0.0001,200,14.3858
0.0069,0.0000,0.0000,0.0000,0.0068,0.0001,200,14.3931
0.0069,0.0000,0.0000,0.0000,0.0068,0.0001,200,14.3931
0.0069,0.0000,0.0000,0.0000,0.0069,0.0000,200,14.3931
0.0070,0.0000,0.0000,0.0000,0.0068,0.0001,200,14.3931
0.0065,0.0000,0.0000,0.0000,0.0064,0.0001,200,14.4000
0.0065,0.0000,0.0000,0.0000,0.0064,0.0000,200,14.4001
0.0066,0.0000,0.0000,0.0000,0.0065,0.0000,200,14.4001
0.0066,0.0000,0.0000,0.0000,0.0065,0.0000,200,14.4000
0.0065,0.0000,0.0000,0.0000,0.0064,0.0001,200,14.4067
0.0065,0.0000,0.0000,0.0000,0.0064,0.0001,200,14.4067
0.0066,0.0000,0.0000,0.0000,0.0065,0.0000,200,14.4066
0.0066,0.0000,0.0000,0.0000,0.0065,0.0000,200,14.4065
0.0067,0.0000,0.0000,0.0000,0.0067,0.0000,200,14.4132
0.0067,0.0000,0.0000,0.0000,0.0067,0.0000,200,14.4132
0.0068,0.0000,0.0000,0.0000,0.0067,0.0000,200,14.4131
0.0068,0.0000,0.0000,0.0000,0.0067,0.0001,200,14.4131
0.0065,0.0000,0.0000,0.0000,0.0064,0.0001,200,14.4199
0.0065,0.0000,0.0000,0.0000,0.0064,0.0001,200,14.4199
0.0066,0.0000,0.0000,0.0000,0.0065,0.0000,200,14.4199
0.0066,0.0000,0.0000,0.0000,0.0065,0.0000,200,14.4199
0.0064,0.0000,0.0000,0.0000,0.0063,0.0000,200,14.4265
0.0065,0.0000,0.0000,0.0000,0.0064,0.0000,200,14.4264
0.0064,0.0000,0.0000,0.0000,0.0063,0.0000,200,14.4265
0.0065,0.0000,0.0000,0.0000,0.0064,0.0000,200,14.4264
0.0070,0.0000,0.0000,0.0000,0.0069,0.0001,200,14.4329
0.0074,0.0000,0.0000,0.0000,0.0073,0.0000,200,14.4329
0.0074,0.0000,0.0000,0.0000,0.0073,0.0001,200,14.4329
0.0075,0.0000,0.0000,0.0000,0.0075,0.0000,200,14.4329
0.0067,0.0000,0.0000,0.0000,0.0066,0.0001,200,14.4405
0.0069,0.0000,0.0000,0.0000,0.0068,0.0000,200,14.4403
0.0068,0.0000,0.0000,0.0000,0.0067,0.0000,200,14.4404
0.0073,0.0000,0.0000,0.0000,0.0072,0.0000,200,14.4400
0.0068,0.0000,0.0000,0.0000,0.0066,0.0001,200,14.4472
0.0069,0.0000,0.0000,0.0000,0.0068,0.0000,200,14.4472
0.0069,0.0000,0.0000,0.0000,0.0068,0.0000,200,14.4472
0.0071,0.0000,0.0000,0.0000,0.0071,0.0000,200,14.4472
0.0069,0.0000,0.0000,0.0000,0.0067,0.0001,200,14.4541
0.0071,0.0000,0.0000,0.0000,0.0070,0.0000,200,14.4539
0.0067,0.0000,0.0000,0.0000,0.0067,0.0000,200,14.4543
0.0073,0.0000,0.0000,0.0000,0.0072,0.0000,200,14.4541
0.0066,0.0000,0.0000,0.0000,0.0065,0.0001,200,14.4610
0.0085,0.0000,0.0000,0.0000,0.0084,0.0001,200,14.4610
0.0088,0.0000,0.0000,0.0000,0.0087,0.0000,200,14.4610
0.0086,0.0000,0.0000,0.0000,0.0086,0.0000,200,14.4614
0.0087,0.0000,0.0000,0.0000,0.0086,0.0001,200,14.4676
0.0068,0.0000,0.0000,0.0000,0.0067,0.0001,200,14.4696
0.0069,0.0000,0.0000,0.0000,0.0068,0.0000,200,14.4700
0.0073,0.0000,0.0000,0.0000,0.0072,0.0000,200,14.4698
0.0069,0.0000,0.0000,0.0000,0.0068,0.0001,200,14.4763
0.0070,0.0000,0.0000,0.0000,0.0069,0.0001,200,14.4764
0.0064,0.0000,0.0000,0.0000,0.0063,0.0000,200,14.4771
0.0069,0.0000,0.0000,0.0000,0.0068,0.0000,200,14.4769
0.0067,0.0000,0.0000,0.0000,0.0066,0.0001,200,14.4835
0.0066,0.0000,0.0000,0.0000,0.0065,0.0000,200,14.4837
0.0072,0.0000,0.0000,0.0000,0.0071,0.0001,200,14.4834
0.0073,0.0000,0.0000,0.0000,0.0073,0.0000,200,14.4833
0.0066,0.0000,0.0000,0.0000,0.0065,0.0001,200,14.4906
0.0080,0.0000,0.0000,0.0000,0.0079,0.0000,200,14.4901
0.0075,0.0000,0.0000,0.0000,0.0075,0.0000,200,14.4906
0.0078,0.0000,0.0000,0.0000,0.0077,0.0000,200,14.4903
0.0076,0.0000,0.0000,0.0000,0.0075,0.0001,200,14.4972
0.0069,0.0000,0.0000,0.0000,0.0068,0.0000,200,14.4981
0.0070,0.0000,0.0000,0.0000,0.0069,0.0000,200,14.4981
0.0070,0.0000,0.0000,0.0000,0.0070,0.0000,200,14.4981
0.0076,0.0000,0.0000,0.0000,0.0075,0.0001,200,14.5050
0.0079,0.0000,0.0000,0.0000,0.0078,0.0001,200,14.5048
0.0077,0.0000,0.0000,0.0000,0.0077,0.0000,200,14.5051
0.0088,0.0000,0.0000,0.0000,0.0087,0.0001,200,14.5051
0.0076,0.0000,0.0000,0.0000,0.0075,0.0000,200,14.5127
0.0076,0.0000,0.0000,0.0000,0.0075,0.0001,200,14.5127
0.0075,0.0000,0.0000,0.0000,0.0073,0.0002,200,14.5128
0.0064,0.0000,0.0000,0.0000,0.0064,0.0000,200,14.5139
0.0072,0.0000,0.0000,0.0000,0.0072,0.0001,200,14.5203
0.0073,0.0000,0.0000,0.0000,0.0072,0.0001,200,14.5203
0.0072,0.0000,0.0000,0.0000,0.0071,0.0001,200,14.5204
0.0073,0.0000,0.0000,0.0000,0.0072,0.0001,200,14.5203
0.0068,0.0000,0.0000,0.0000,0.0066,0.0000,200,14.5276
0.0068,0.0000,0.0000,0.0000,0.0067,0.0001,200,14.5276
0.0067,0.0000,0.0000,0.0000,0.0066,0.0001,200,14.5276
0.0069,0.0000,0.0000,0.0000,0.0069,0.0000,200,14.5276
0.0069,0.0000,0.0000,0.0000,0.0067,0.0001,200,14.5343
0.0068,0.0000,0.0000,0.0000,0.0067,0.0000,200,14.5345
0.0071,0.0000,0.0000,0.0000,0.0070,0.0000,200,14.5343
0.0072,0.0000,0.0000,0.0000,0.0071,0.0000,200,14.5343
0.0068,0.0000,0.0000,0.0000,0.0067,0.0001,200,14.5412
0.0068,0.0000,0.0000,0.0000,0.0068,0.0000,200,14.5413
0.0071,0.0000,0.0000,0.0000,0.0070,0.0001,200,14.5414
0.0073,0.0000,0.0000,0.0000,0.0073,0.0000,200,14.5415
0.0079,0.0000,0.0000,0.0000,0.0078,0.0001,200,14.5480
0.0079,0.0000,0.0000,0.0000,0.0079,0.0000,200,14.5481
0.0076,0.0000,0.0000,0.0000,0.0075,0.0000,200,14.5485
0.0073,0.0000,0.0000,0.0000,0.0072,0.0000,200,14.5488
0.0067,0.0000,0.0000,0.0000,0.0066,0.0001,200,14.5559
0.0065,0.0000,0.0000,0.0000,0.0065,0.0000,200,14.5561
0.0066,0.0000,0.0000,0.0000,0.0065,0.0000,200,14.5560
0.0066,0.0000,0.0000,0.0000,0.0066,0.0000,200,14.5561
0.0064,0.0000,0.0000,0.0000,0.0063,0.0001,200,14.5626
0.0064,0.0000,0.0000,0.0000,0.0063,0.0000,200,14.5626
0.0065,0.0000,0.0000,0.0000,0.0064,0.0000,200,14.5626
0.0065,0.0000,0.0000,0.0000,0.0064,0.0000,200,14.5627
0.0066,0.0000,0.0000,0.0000,0.0065,0.0001,200,14.5690
0.0065,0.0000,0.0000,0.0000,0.0064,0.0000,200,14.5691
0.0064,0.0000,0.0000,0.0000,0.0063,0.0000,200,14.5692
0.0066,0.0000,0.0000,0.0000,0.0065,0.0001,200,14.5690
0.0066,0.0000,0.0000,0.0000,0.0065,0.0001,200,14.5756
0.0066,0.0000,0.0000,0.0000,0.0066,0.0000,200,14.5756
0.0067,0.0000,0.0000,0.0000,0.0066,0.0000,200,14.5756
0.0072,0.0000,0.0000,0.0000,0.0071,0.0000,200,14.5756
0.0066,0.0000,0.0000,0.0000,0.0064,0.0002,200,14.5822
0.0066,0.0000,0.0000,0.0000,0.0065,0.0000,200,14.5822
0.0066,0.0000,0.0000,0.0000,0.0065,0.0000,200,14.5823
0.0073,0.0000,0.0000,0.0000,0.0072,0.0001,200,14.5828
0.0080,0.0000,0.0000,0.0000,0.0079,0.0001,200,14.5888
0.0080,0.0000,0.0000,0.0000,0.0079,0.0001,200,14.5888
0.0080,0.0000,0.0000,0.0000,0.0079,0.0001,200,14.5888
0.0067,0.0000,0.0000,0.0000,0.0066,0.0001,200,14.5901
0.0070,0.0000,0.0000,0.0000,0.0069,0.0001,200,14.5968
0.0070,0.0000,0.0000,0.0000,0.0069,0.0001,200,14.5968
0.0070,0.0000,0.0000,0.0000,0.0069,0.0000,200,14.5968
0.0074,0.0000,0.0000,0.0000,0.0073,0.0000,200,14.5968
0.0070,0.0000,0.0000,0.0000,0.0069,0.0001,200,14.6038
0.0069,0.0000,0.0000,0.0000,0.0068,0.0000,200,14.6042
0.0073,0.0000,0.0000,0.0000,0.0073,0.0000,200,14.6038
0.0088,0.0000,0.0000,0.0000,0.0088,0.0000,200,14.6038
0.0064,0.0000,0.0000,0.0000,0.0064,0.0001,200,14.6110
0.0067,0.0000,0.0000,0.0000,0.0066,0.0001,200,14.6108
0.0065,0.0000,0.0000,0.0000,0.0064,0.0001,200,14.6111
0.0090,0.0000,0.0000,0.0000,0.0088,0.0001,200,14.6127
0.0065,0.0000,0.0000,0.0000,0.0064,0.0000,200,14.6175
0.0065,0.0000,0.0000,0.0000,0.0064,0.0000,200,14.6175
0.0064,0.0000,0.0000,0.0000,0.0063,0.0000,200,14.6177
0.0068,0.0000,0.0000,0.0000,0.0066,0.0001,200,14.6216
0.0067,0.0000,0.0000,0.0000,0.0065,0.0001,200,14.6240
0.0067,0.0000,0.0000,0.0000,0.0066,0.0000,200,14.6241
0.0068,0.0000,0.0000,0.0000,0.0067,0.0000,200,14.6240
0.0066,0.0000,0.0000,0.0000,0.0065,0.0001,200,14.6284
0.0064,0.0000,0.0000,0.0000,0.0062,0.0001,200,14.6306
0.0064,0.0000,0.0000,0.0000,0.0064,0.0000,200,14.6308
0.0069,0.0000,0.0000,0.0000,0.0068,0.0000,200,14.6308
0.0065,0.0000,0.0000,0.0000,0.0064,0.0001,200,14.6350
0.0072,0.0000,0.0000,0.0000,0.0070,0.0001,200,14.6370
0.0070,0.0000,0.0000,0.0000,0.0069,0.0000,200,14.6372
0.0066,0.0000,0.0000,0.0000,0.0065,0.0000,200,14.6377
0.0074,0.0000,0.0000,0.0000,0.0073,0.0001,200,14.6415
0.0063,0.0000,0.0000,0.0000,0.0062,0.0001,200,14.6442
0.0064,0.0000,0.0000,0.0000,0.0063,0.0000,200,14.6442
0.0063,0.0000,0.0000,0.0000,0.0063,0.0000,200,14.6443
0.0067,0.0000,0.0000,0.0000,0.0066,0.0001,200,14.6490
0.0064,0.0000,0.0000,0.0000,0.0063,0.0001,200,14.6504
0.0063,0.0000,0.0000,0.0000,0.0063,0.0000,200,14.6506
0.0065,0.0000,0.0000,0.0000,0.0064,0.0000,200,14.6506
0.0068,0.0000,0.0000,0.0000,0.0067,0.0001,200,14.6557
0.0068,0.0000,0.0000,0.0000,0.0067,0.0000,200,14.6569
0.0067,0.0000,0.0000,0.0000,0.0066,0.0000,200,14.6570
0.0068,0.0000,0.0000,0.0000,0.0067,0.0001,200,14.6569
0.0067,0.0000,0.0000,0.0000,0.0066,0.0001,200,14.6625
0.0063,0.0000,0.0000,0.0000,0.0062,0.0000,200,14.6637
0.0063,0.0000,0.0000,0.0000,0.0063,0.0000,200,14.6637
0.0065,0.0000,0.0000,0.0000,0.0064,0.0000,200,14.6637
0.0065,0.0000,0.0000,0.0000,0.0064,0.0001,200,14.6692
0.0063,0.0000,0.0000,0.0000,0.0063,0.0000,200,14.6701
0.0063,0.0000,0.0000,0.0000,0.0063,0.0000,200,14.6702
0.0066,0.0000,0.0000,0.0000,0.0066,0.0000,200,14.6700
0.0066,0.0000,0.0000,0.0000,0.0065,0.0001,200,14.6758
0.0063,0.0000,0.0000,0.0000,0.0063,0.0000,200,14.6764
0.0063,0.0000,0.0000,0.0000,0.0062,0.0000,200,14.6766
0.0066,0.0000,0.0000,0.0000,0.0065,0.0000,200,14.6766
0.0065,0.0000,0.0000,0.0000,0.0064,0.0001,200,14.6824
0.0065,0.0000,0.0000,0.0000,0.0064,0.0000,200,14.6827
0.0064,0.0000,0.0000,0.0000,0.0064,0.0000,200,14.6829
0.0063,0.0000,0.0000,0.0000,0.0062,0.0000,200,14.6832
0.0072,0.0000,0.0000,0.0000,0.0071,0.0001,200,14.6889
0.0067,0.0000,0.0000,0.0000,0.0067,0.0001,200,14.6893
0.0074,0.0000,0.0000,0.0000,0.0073,0.0000,200,14.6892
0.0072,0.0000,0.0000,0.0000,0.0072,0.0000,200,14.6895
0.0069,0.0000,0.0000,0.0000,0.0068,0.0001,200,14.6961
0.0067,0.0000,0.0000,0.0000,0.0067,0.0000,200,14.6967
0.0077,0.0000,0.0000,0.0000,0.0076,0.0000,200,14.6960
0.0075,0.0000,0.0000,0.0000,0.0075,0.0001,200,14.6966
0.0069,0.0000,0.0000,0.0000,0.0067,0.0002,200,14.7029
0.0065,0.0000,0.0000,0.0000,0.0064,0.0001,200,14.7035
0.0063,0.0000,0.0000,0.0000,0.0062,0.0000,200,14.7037
0.0066,0.0000,0.0000,0.0000,0.0066,0.0000,200,14.7042
0.0065,0.0000,0.0000,0.0000,0.0064,0.0001,200,14.7108
0.0073,0.0000,0.0000,0.0000,0.0072,0.0001,200,14.7100
0.0075,0.0000,0.0000,0.0000,0.0074,0.0000,200,14.7098
0.0074,0.0000,0.0000,0.0000,0.0072,0.0001,200,14.7100
0.0067,0.0000,0.0000,0.0000,0.0066,0.0001,200,14.7173
0.0067,0.0000,0.0000,0.0000,0.0066,0.0001,200,14.7173
0.0066,0.0000,0.0000,0.0000,0.0065,0.0000,200,14.7174
0.0067,0.0000,0.0000,0.0000,0.0066,0.0000,200,14.7173
0.0066,0.0000,0.0000,0.0000,0.0065,0.0001,200,14.7240
0.0067,0.0000,0.0000,0.0000,0.0066,0.0001,200,14.7240
0.0068,0.0000,0.0000,0.0000,0.0067,0.0000,200,14.7240
0.0071,0.0000,0.0000,0.0000,0.0069,0.0000,200,14.7240
0.0076,0.0000,0.0000,0.0000,0.0075,0.0001,200,14.7307
0.0076,0.0000,0.0000,0.0000,0.0075,0.0001,200,14.7307
0.0078,0.0000,0.0000,0.0000,0.0076,0.0001,200,14.7306
0.0131,0.0000,0.0000,0.0000,0.0130,0.0001,200,14.7310
0.0069,0.0000,0.0000,0.0000,0.0068,0.0001,200,14.7383
0.0069,0.0000,0.0000,0.0000,0.0068,0.0000,200,14.7383
0.0070,0.0000,0.0000,0.0000,0.0069,0.0000,200,14.7383
0.0066,0.0000,0.0000,0.0000,0.0065,0.0001,200,14.7441
0.0064,0.0000,0.0000,0.0000,0.0063,0.0001,200,14.7452
0.0076,0.0000,0.0000,0.0000,0.0075,0.0000,200,14.7452
0.0077,0.0000,0.0000,0.0000,0.0077,0.0000,200,14.7453
0.0074,0.0000,0.0000,0.0000,0.0073,0.0001,200,14.7507
0.0072,0.0000,0.0000,0.0000,0.0071,0.0001,200,14.7516
0.0070,0.0000,0.0000,0.0000,0.0069,0.0001,200,14.7530
0.0073,0.0000,0.0000,0.0000,0.0072,0.0000,200,14.7528
0.0070,0.0000,0.0000,0.0000,0.0069,0.0001,200,14.7582
0.0066,0.0000,0.0000,0.0000,0.0065,0.0001,200,14.7588
0.0062,0.0000,0.0000,0.0000,0.0061,0.0000,200,14.7601
0.0065,0.0000,0.0000,0.0000,0.0064,0.0000,200,14.7600
0.0079,0.0000,0.0000,0.0000,0.0071,0.0007,200,14.7651
0.0067,0.0000,0.0000,0.0000,0.0066,0.0000,200,14.7665
0.0069,0.0000,0.0000,0.0000,0.0068,0.0000,200,14.7663
0.0078,0.0000,0.0000,0.0000,0.0077,0.0000,200,14.7654
0.0070,0.0000,0.0000,0.0000,0.0069,0.0001,200,14.7732
0.0073,0.0000,0.0000,0.0000,0.0072,0.0000,200,14.7732
0.0074,0.0000,0.0000,0.0000,0.0073,0.0000,200,14.7732
0.0075,0.0000,0.0000,0.0000,0.0074,0.0000,200,14.7730
0.0070,0.0000,0.0000,0.0000,0.0069,0.0001,200,14.7802
0.0071,0.0000,0.0000,0.0000,0.0068,0.0002,200,14.7805
0.0071,0.0000,0.0000,0.0000,0.0070,0.0000,200,14.7805
0.0108,0.0000,0.0000,0.0000,0.0107,0.0001,200,14.7805
0.0068,0.0000,0.0000,0.0000,0.0067,0.0001,200,14.7872
0.0068,0.0000,0.0000,0.0000,0.0068,0.0000,200,14.7876
0.0066,0.0000,0.0000,0.0000,0.0065,0.0001,200,14.7914
0.0110,0.0000,0.0000,0.0000,0.0107,0.0000,200,14.7877
0.0069,0.0000,0.0000,0.0000,0.0068,0.0000,200,14.7941
0.0066,0.0000,0.0000,0.0000,0.0065,0.0000,200,14.7944
0.0068,0.0000,0.0000,0.0000,0.0067,0.0001,200,14.7980
0.0074,0.0000,0.0000,0.0000,0.0073,0.0000,200,14.7987
0.0065,0.0000,0.0000,0.0000,0.0064,0.0001,200,14.8010
0.0068,0.0000,0.0000,0.0000,0.0067,0.0001,200,14.8010
0.0067,0.0000,0.0000,0.0000,0.0066,0.0001,200,14.8048
0.0065,0.0000,0.0000,0.0000,0.0064,0.0000,200,14.8061
0.0064,0.0000,0.0000,0.0000,0.0063,0.0000,200,14.8075
0.0063,0.0000,0.0000,0.0000,0.0063,0.0000,200,14.8078
0.0078,0.0000,0.0000,0.0000,0.0077,0.0000,200,14.8116
0.0067,0.0000,0.0000,0.0000,0.0066,0.0001,200,14.8126
0.0065,0.0000,0.0000,0.0000,0.0064,0.0001,200,14.8139
0.0063,0.0000,0.0000,0.0000,0.0063,0.0000,200,14.8141
0.0068,0.0000,0.0000,0.0000,0.0067,0.0001,200,14.8193
0.0068,0.0000,0.0000,0.0000,0.0067,0.0001,200,14.8193
0.0067,0.0000,0.0000,0.0000,0.0066,0.0000,200,14.8204
0.0083,0.0000,0.0000,0.0000,0.0082,0.0001,200,14.8204
0.0065,0.0000,0.0000,0.0000,0.0064,0.0001,200,14.8261
0.0073,0.0000,0.0000,0.0000,0.0072,0.0000,200,14.8261
0.0064,0.0000,0.0000,0.0000,0.0064,0.0000,200,14.8271
0.0063,0.0000,0.0000,0.0000,0.0062,0.0000,200,14.8287
0.0068,0.0000,0.0000,0.0000,0.0066,0.0001,200,14.8326
0.0063,0.0000,0.0000,0.0000,0.0062,0.0000,200,14.8334
0.0067,0.0000,0.0000,0.0000,0.0066,0.0000,200,14.8335
0.0065,0.0000,0.0000,0.0000,0.0064,0.0000,200,14.8350
0.0071,0.0000,0.0000,0.0000,0.0070,0.0001,200,14.8394
0.0068,0.0000,0.0000,0.0000,0.0063,0.0000,200,14.8397
0.0064,0.0000,0.0000,0.0001,0.0062,0.0000,200,14.8402
0.0063,0.0000,0.0000,0.0000,0.0063,0.0000,200,14.8415
0.0064,0.0000,0.0000,0.0000,0.0063,0.0001,200,14.8465
0.0064,0.0000,0.0000,0.0000,0.0063,0.0000,200,14.8465
0.0063,0.0000,0.0000,0.0000,0.0062,0.0001,200,14.8466
0.0061,0.0000,0.0000,0.0000,0.0060,0.0000,200,14.8478
0.0066,0.0000,0.0000,0.0000,0.0065,0.0001,200,14.8529
0.0066,0.0000,0.0000,0.0000,0.0064,0.0001,200,14.8529
0.0066,0.0000,0.0000,0.0000,0.0065,0.0000,200,14.8529
0.0065,0.0000,0.0000,0.0000,0.0064,0.0001,200,14.8539
0.0066,0.0000,0.0000,0.0000,0.0065,0.0001,200,14.8595
0.0066,0.0000,0.0000,0.0000,0.0065,0.0000,200,14.8595
0.0066,0.0000,0.0000,0.0000,0.0065,0.0001,200,14.8595
0.0075,0.0000,0.0000,0.0000,0.0074,0.0001,200,14.8604
0.0066,0.0000,0.0000,0.0000,0.0065,0.0001,200,14.8661
0.0091,0.0000,0.0000,0.0000,0.0090,0.0000,200,14.8661
0.0091,0.0000,0.0000,0.0000,0.0090,0.0000,200,14.8661
0.0074,0.0000,0.0000,0.0000,0.0073,0.0001,200,14.8679
0.0082,0.0000,0.0000,0.0000,0.0081,0.0001,200,14.8728
0.0065,0.0000,0.0000,0.0000,0.0064,0.0001,200,14.8752
0.0077,0.0000,0.0000,0.0000,0.0077,0.0000,200,14.8752
0.0078,0.0000,0.0000,0.0000,0.0076,0.0000,200,14.8752
0.0066,0.0000,0.0000,0.0000,0.0065,0.0001,200,14.8810
0.0073,0.0000,0.0000,0.0000,0.0072,0.0000,200,14.8817
0.0090,0.0000,0.0000,0.0000,0.0089,0.0000,200,14.8830
0.0090,0.0000,0.0000,0.0000,0.0089,0.0000,200,14.8830
0.0062,0.0000,0.0000,0.0000,0.0061,0.0000,200,14.8876
0.0061,0.0000,0.0000,0.0000,0.0060,0.0000,200,14.8891
0.0063,0.0000,0.0000,0.0000,0.0062,0.0000,200,14.8920
0.0064,0.0000,0.0000,0.0000,0.0063,0.0000,200,14.8920
0.0062,0.0000,0.0000,0.0000,0.0062,0.0000,200,14.8938
0.0060,0.0000,0.0000,0.0000,0.0059,0.0000,200,14.8952
0.0065,0.0000,0.0000,0.0000,0.0064,0.0001,200,14.8983
0.0065,0.0000,0.0000,0.0000,0.0064,0.0000,200,14.8983
0.0062,0.0000,0.0000,0.0000,0.0061,0.0000,200,14.9000
0.0064,0.0000,0.0000,0.0000,0.0063,0.0000,200,14.9012
0.0068,0.0000,0.0000,0.0000,0.0067,0.0001,200,14.9048
0.0074,0.0000,0.0000,0.0000,0.0073,0.0001,200,14.9048
0.0066,0.0000,0.0000,0.0000,0.0064,0.0001,200,14.9062
0.0065,0.0000,0.0000,0.0000,0.0064,0.0000,200,14.9075
0.0076,0.0000,0.0000,0.0000,0.0071,0.0004,200,14.9116
0.0064,0.0000,0.0000,0.0000,0.0063,0.0000,200,14.9127
0.0080,0.0000,0.0000,0.0000,0.0079,0.0000,200,14.9122
0.0063,0.0000,0.0000,0.0000,0.0062,0.0000,200,14.9140
0.0073,0.0000,0.0000,0.0000,0.0072,0.0000,200,14.9192
0.0073,0.0000,0.0000,0.0000,0.0069,0.0003,200,14.9192
0.0068,0.0000,0.0000,0.0000,0.0068,0.0000,200,14.9201
0.0068,0.0000,0.0000,0.0000,0.0067,0.0000,200,14.9203
0.0070,0.0000,0.0000,0.0000,0.0069,0.0001,200,14.9265
0.0067,0.0000,0.0000,0.0000,0.0067,0.0000,200,14.9271
0.0069,0.0000,0.0000,0.0000,0.0068,0.0000,200,14.9270
0.0074,0.0000,0.0000,0.0000,0.0072,0.0000,200,14.9265
0.0069,0.0000,0.0000,0.0000,0.0067,0.0001,200,14.9335
0.0068,0.0000,0.0000,0.0000,0.0067,0.0000,200,14.9339
0.0069,0.0000,0.0000,0.0000,0.0068,0.0000,200,14.9338
0.0069,0.0000,0.0000,0.0000,0.0068,0.0001,200,14.9339
0.0070,0.0000,0.0000,0.0000,0.0069,0.0001,200,14.9408
0.0077,0.0000,0.0000,0.0000,0.0077,0.0000,200,14.9404
0.0075,0.0000,0.0000,0.0000,0.0074,0.0000,200,14.9407
0.0075,0.0000,0.0000,0.0000,0.0074,0.0000,200,14.9407
0.0072,0.0000,0.0000,0.0000,0.0071,0.0001,200,14.9482
0.0081,0.0000,0.0000,0.0000,0.0080,0.0001,200,14.9478
0.0085,0.0000,0.0000,0.0000,0.0083,0.0000,200,14.9481
0.0090,0.0000,0.0000,0.0000,0.0090,0.0000,200,14.9482
0.0069,0.0000,0.0000,0.0000,0.0068,0.0001,200,14.9559
0.0074,0.0000,0.0000,0.0000,0.0073,0.0001,200,14.9554
0.0071,0.0000,0.0000,0.0001,0.0070,0.0000,200,14.9566
0.0066,0.0000,0.0000,0.0000,0.0066,0.0000,200,14.9572
0.0076,0.0000,0.0000,0.0000,0.0075,0.0000,200,14.9628
0.0077,0.0000,0.0000,0.0000,0.0077,0.0000,200,14.9628
0.0076,0.0000,0.0000,0.0000,0.0075,0.0001,200,14.9638
0.0081,0.0000,0.0000,0.0000,0.0080,0.0000,200,14.9639
0.0074,0.0000,0.0000,0.0000,0.0073,0.0001,200,14.9705
0.0074,0.0000,0.0000,0.0000,0.0074,0.0001,200,14.9704
0.0066,0.0000,0.0000,0.0000,0.0065,0.0000,200,14.9714
0.0067,0.0000,0.0000,0.0000,0.0066,0.0000,200,14.9720
0.0067,0.0000,0.0000,0.0000,0.0066,0.0001,200,14.9779
0.0074,0.0000,0.0000,0.0000,0.0073,0.0001,200,14.9779
0.0086,0.0000,0.0000,0.0000,0.0085,0.0000,200,14.9786
0.0089,0.0000,0.0000,0.0000,0.0088,0.0001,200,14.9783
0.0068,0.0000,0.0000,0.0000,0.0067,0.0001,200,14.9846
0.0064,0.0000,0.0000,0.0000,0.0063,0.0001,200,14.9872
0.0085,0.0000,0.0000,0.0000,0.0085,0.0000,200,14.9853
0.0068,0.0000,0.0000,0.0000,0.0067,0.0000,200,14.9872
0.0063,0.0000,0.0000,0.0000,0.0062,0.0000,200,14.9914
0.0066,0.0000,0.0000,0.0000,0.0065,0.0001,200,14.9938
0.0064,0.0000,0.0000,0.0000,0.0063,0.0000,200,14.9941
0.0069,0.0000,0.0000,0.0000,0.0068,0.0000,200,14.9936
0.0080,0.0000,0.0000,0.0000,0.0079,0.0001,200,14.9976
0.0065,0.0000,0.0000,0.0000,0.0064,0.0001,200,15.0005
0.0069,0.0000,0.0000,0.0000,0.0068,0.0001,200,15.0004
0.0068,0.0000,0.0000,0.0000,0.0068,0.0000,200,15.0005
0.0072,0.0000,0.0000,0.0000,0.0071,0.0001,200,15.0056
0.0065,0.0000,0.0000,0.0000,0.0064,0.0001,200,15.0070
0.0072,0.0000,0.0000,0.0000,0.0071,0.0000,200,15.0073
0.0079,0.0000,0.0000,0.0000,0.0078,0.0001,200,15.0073
0.0082,0.0000,0.0000,0.0000,0.0080,0.0001,200,15.0129
0.0086,0.0000,0.0000,0.0000,0.0084,0.0001,200,15.0135
0.0083,0.0000,0.0000,0.0000,0.0082,0.0000,200,15.0145
0.0078,0.0000,0.0000,0.0000,0.0077,0.0000,200,15.0152
0.0066,0.0000,0.0000,0.0000,0.0065,0.0001,200,15.0210
0.0063,0.0000,0.0000,0.0000,0.0062,0.0000,200,15.0221
0.0066,0.0000,0.0000,0.0000,0.0066,0.0000,200,15.0228
0.0064,0.0000,0.0000,0.0000,0.0064,0.0000,200,15.0230
0.0073,0.0000,0.0000,0.0000,0.0064,0.0008,200,15.0284
0.0080,0.0000,0.0000,0.0000,0.0071,0.0008,200,15.0276
0.0065,0.0000,0.0000,0.0000,0.0064,0.0000,200,15.0294
0.0065,0.0000,0.0000,0.0000,0.0064,0.0000,200,15.0294
0.0072,0.0000,0.0000,0.0000,0.0071,0.0001,200,15.0356
0.0072,0.0000,0.0000,0.0000,0.0071,0.0000,200,15.0356
0.0070,0.0000,0.0000,0.0000,0.0069,0.0000,200,15.0359
0.0076,0.0000,0.0000,0.0000,0.0075,0.0000,200,15.0359
0.0066,0.0000,0.0000,0.0000,0.0065,0.0001,200,15.0428
0.0067,0.0000,0.0000,0.0000,0.0066,0.0000,200,15.0429
0.0072,0.0000,0.0000,0.0000,0.0071,0.0000,200,15.0429
0.0069,0.0000,0.0000,0.0000,0.0068,0.0001,200,15.0435
0.0066,0.0000,0.0000,0.0000,0.0065,0.0001,200,15.0501
0.0072,0.0000,0.0000,0.0000,0.0071,0.0001,200,15.0495
0.0082,0.0000,0.0000,0.0000,0.0081,0.0001,200,15.0504
0.0104,0.0000,0.0000,0.0000,0.0103,0.0001,200,15.0496
0.0066,0.0000,0.0000,0.0000,0.0065,0.0001,200,15.0567
0.0069,0.0000,0.0000,0.0000,0.0068,0.0000,200,15.0567
0.0066,0.0000,0.0000,0.0000,0.0065,0.0001,200,15.0586
0.0064,0.0000,0.0000,0.0000,0.0063,0.0000,200,15.0599
0.0074,0.0000,0.0000,0.0000,0.0073,0.0001,200,15.0636
0.0081,0.0000,0.0000,0.0000,0.0080,0.0000,200,15.0633
0.0068,0.0000,0.0000,0.0000,0.0067,0.0000,200,15.0652
0.0084,0.0000,0.0000,0.0000,0.0083,0.0001,200,15.0664
0.0068,0.0000,0.0000,0.0000,0.0067,0.0001,200,15.0710
0.0068,0.0000,0.0000,0.0000,0.0064,0.0000,200,15.0713
0.0066,0.0000,0.0000,0.0000,0.0065,0.0000,200,15.0719
0.0066,0.0000,0.0000,0.0000,0.0065,0.0001,200,15.0747
0.0068,0.0000,0.0000,0.0000,0.0067,0.0001,200,15.0778
0.0067,0.0000,0.0000,0.0000,0.0066,0.0000,200,15.0782
0.0064,0.0000,0.0000,0.0000,0.0063,0.0000,200,15.0785
0.0065,0.0000,0.0000,0.0000,0.0064,0.0001,200,15.0813
0.0067,0.0000,0.0000,0.0000,0.0066,0.0000,200,15.0846
0.0065,0.0000,0.0000,0.0000,0.0065,0.0000,200,15.0849
0.0079,0.0000,0.0000,0.0000,0.0078,0.0000,200,15.0849
0.0065,0.0000,0.0000,0.0000,0.0063,0.0001,200,15.0878
0.0078,0.0000,0.0000,0.0000,0.0077,0.0000,200,15.0914
0.0064,0.0000,0.0000,0.0000,0.0063,0.0001,200,15.0928
0.0080,0.0000,0.0000,0.0000,0.0079,0.0000,200,15.0913
0.0063,0.0000,0.0000,0.0000,0.0062,0.0000,200,15.0943
0.0065,0.0000,0.0000,0.0000,0.0064,0.0001,200,15.0993
0.0067,0.0000,0.0000,0.0000,0.0066,0.0000,200,15.0992
0.0067,0.0000,0.0000,0.0000,0.0066,0.0000,200,15.0992
0.0062,0.0000,0.0000,0.0000,0.0061,0.0001,200,15.1007
0.0066,0.0000,0.0000,0.0000,0.0065,0.0001,200,15.1058
0.0067,0.0000,0.0000,0.0000,0.0066,0.0000,200,15.1059
0.0068,0.0000,0.0000,0.0000,0.0067,0.0000,200,15.1059
0.0064,0.0000,0.0000,0.0000,0.0063,0.0000,200,15.1069
0.0066,0.0000,0.0000,0.0000,0.0065,0.0000,200,15.1124
0.0064,0.0000,0.0000,0.0000,0.0063,0.0000,200,15.1126
0.0065,0.0000,0.0000,0.0000,0.0064,0.0000,200,15.1126
0.0061,0.0000,0.0000,0.0000,0.0060,0.0000,200,15.1133
0.0086,0.0000,0.0000,0.0000,0.0085,0.0000,200,15.1191
0.0087,0.0000,0.0000,0.0000,0.0086,0.0000,200,15.1190
0.0087,0.0000,0.0000,0.0000,0.0086,0.0001,200,15.1190
0.0083,0.0000,0.0000,0.0000,0.0082,0.0000,200,15.1194
0.0069,0.0000,0.0000,0.0000,0.0068,0.0001,200,15.1277
0.0069,0.0000,0.0000,0.0000,0.0068,0.0000,200,15.1277
0.0069,0.0000,0.0000,0.0000,0.0068,0.0001,200,15.1277
0.0105,0.0000,0.0000,0.0000,0.0104,0.0001,200,15.1277
0.0079,0.0000,0.0000,0.0000,0.0078,0.0000,200,15.1346
0.0079,0.0000,0.0000,0.0000,0.0078,0.0001,200,15.1346
0.0096,0.0000,0.0000,0.0000,0.0095,0.0001,200,15.1346
0.0069,0.0000,0.0000,0.0000,0.0068,0.0000,200,15.1382
0.0073,0.0000,0.0000,0.0000,0.0072,0.0001,200,15.1425
0.0073,0.0000,0.0000,0.0000,0.0073,0.0001,200,15.1425
0.0067,0.0000,0.0000,0.0000,0.0066,0.0000,200,15.1443
0.0063,0.0000,0.0000,0.0000,0.0063,0.0000,200,15.1451
0.0068,0.0000,0.0000,0.0000,0.0067,0.0001,200,15.1498
0.0070,0.0000,0.0000,0.0000,0.0069,0.0000,200,15.1498
0.0066,0.0000,0.0000,0.0000,0.0064,0.0001,200,15.1509
0.0065,0.0000,0.0000,0.0000,0.0064,0.0001,200,15.1514
0.0073,0.0000,0.0000,0.0000,0.0072,0.0000,200,15.1566
0.0071,0.0000,0.0000,0.0000,0.0069,0.0002,200,15.1569
0.0066,0.0000,0.0000,0.0000,0.0065,0.0000,200,15.1575
0.0079,0.0000,0.0000,0.0000,0.0078,0.0001,200,15.1579
0.0069,0.0000,0.0000,0.0000,0.0068,0.0001,200,15.1639
0.0068,0.0000,0.0000,0.0000,0.0067,0.0001,200,15.1641
0.0068,0.0000,0.0000,0.0000,0.0067,0.0001,200,15.1640
0.0085,0.0000,0.0000,0.0000,0.0083,0.0001,200,15.1658
0.0066,0.0000,0.0000,0.0000,0.0065,0.0001,200,15.1708
0.0068,0.0000,0.0000,0.0000,0.0067,0.0000,200,15.1708
0.0070,0.0000,0.0000,0.0000,0.0070,0.0000,200,15.1708
0.0074,0.0000,0.0000,0.0000,0.0067,0.0001,200,15.1743
0.0065,0.0000,0.0000,0.0000,0.0064,0.0001,200,15.1776
0.0065,0.0000,0.0000,0.0000,0.0064,0.0001,200,15.1779
0.0071,0.0000,0.0000,0.0000,0.0070,0.0001,200,15.1775
0.0064,0.0000,0.0000,0.0000,0.0064,0.0001,200,15.1843
0.0091,0.0000,0.0000,0.0000,0.0090,0.0001,200,15.1817
0.0067,0.0000,0.0000,0.0000,0.0066,0.0001,200,15.1841
0.0065,0.0000,0.0000,0.0000,0.0064,0.0001,200,15.1846
0.0067,0.0000,0.0000,0.0000,0.0066,0.0001,200,15.1909
0.0068,0.0000,0.0000,0.0000,0.0067,0.0001,200,15.1908
0.0068,0.0000,0.0000,0.0000,0.0067,0.0000,200,15.1908
0.0068,0.0000,0.0000,0.0000,0.0067,0.0001,200,15.1911
0.0068,0.0000,0.0000,0.0000,0.0067,0.0001,200,15.1976
0.0069,0.0000,0.0000,0.0000,0.0067,0.0001,200,15.1976
0.0069,0.0000,0.0000,0.0000,0.0068,0.0001,200,15.1976
0.0066,0.0000,0.0000,0.0000,0.0065,0.0000,200,15.1979
0.0066,0.0000,0.0000,0.0000,0.0065,0.0001,200,15.2044
0.0066,0.0000,0.0000,0.0000,0.0065,0.0001,200,15.2045
0.0065,0.0000,0.0000,0.0000,0.0065,0.0000,200,15.2045
0.0066,0.0000,0.0000,0.0000,0.0065,0.0000,200,15.2044
0.0066,0.0000,0.0000,0.0000,0.0065,0.0001,200,15.2110
0.0066,0.0000,0.0000,0.0000,0.0065,0.0000,200,15.2111
0.0069,0.0000,0.0000,0.0000,0.0068,0.0000,200,15.2110
0.0069,0.0000,0.0000,0.0000,0.0069,0.0000,200,15.2110
0.0063,0.0000,0.0000,0.0000,0.0062,0.0001,200,15.2180
0.0067,0.0000,0.0000,0.0000,0.0066,0.0001,200,15.2176
0.0067,0.0000,0.0000,0.0000,0.0066,0.0001,200,15.2176
0.0063,0.0000,0.0000,0.0000,0.0063,0.0000,200,15.2180
0.0066,0.0000,0.0000,0.0000,0.0065,0.0001,200,15.2243
0.0070,0.0000,0.0000,0.0000,0.0069,0.0001,200,15.2243
0.0075,0.0000,0.0000,0.0000,0.0074,0.0000,200,15.2243
0.0080,0.0000,0.0000,0.0000,0.0079,0.0000,200,15.2243
0.0069,0.0000,0.0000,0.0000,0.0068,0.0001,200,15.2313
0.0073,0.0000,0.0000,0.0000,0.0073,0.0000,200,15.2309
0.0065,0.0000,0.0000,0.0000,0.0063,0.0001,200,15.2318
0.0068,0.0000,0.0000,0.0000,0.0068,0.0000,200,15.2323
0.0070,0.0000,0.0000,0.0000,0.0069,0.0001,200,15.2382
0.0070,0.0000,0.0000,0.0000,0.0070,0.0000,200,15.2383
0.0062,0.0000,0.0000,0.0000,0.0062,0.0000,200,15.2391
0.0075,0.0000,0.0000,0.0000,0.0073,0.0001,200,15.2382
0.0066,0.0000,0.0000,0.0000,0.0065,0.0001,200,15.2453
0.0067,0.0000,0.0000,0.0000,0.0066,0.0000,200,15.2452
0.0067,0.0000,0.0000,0.0000,0.0066,0.0000,200,15.2453
0.0104,0.0000,0.0000,0.0000,0.0103,0.0001,200,15.2458
0.0066,0.0000,0.0000,0.0000,0.0065,0.0000,200,15.2520
0.0066,0.0000,0.0000,0.0000,0.0065,0.0000,200,15.2520
0.0067,0.0000,0.0000,0.0000,0.0066,0.0000,200,15.2519
0.0070,0.0000,0.0000,0.0000,0.0069,0.0001,200,15.2561
0.0066,0.0000,0.0000,0.0000,0.0065,0.0000,200,15.2586
0.0066,0.0000,0.0000,0.0000,0.0065,0.0000,200,15.2586
0.0067,0.0000,0.0000,0.0000,0.0063,0.0003,200,15.2586
0.0068,0.0000,0.0000,0.0000,0.0067,0.0001,200,15.2631
0.0074,0.0000,0.0000,0.0000,0.0073,0.0001,200,15.2651
0.0080,0.0000,0.0000,0.0000,0.0079,0.0001,200,15.2653
0.0083,0.0000,0.0000,0.0000,0.0082,0.0001,200,15.2652
0.0065,0.0000,0.0000,0.0000,0.0064,0.0000,200,15.2699
0.0071,0.0000,0.0000,0.0000,0.0070,0.0001,200,15.2725
0.0065,0.0000,0.0000,0.0000,0.0065,0.0000,200,15.2733
0.0064,0.0000,0.0000,0.0000,0.0063,0.0000,200,15.2735
0.0072,0.0000,0.0000,0.0000,0.0071,0.0001,200,15.2764
0.0064,0.0000,0.0000,0.0000,0.0064,0.0000,200,15.2798
0.0065,0.0000,0.0000,0.0000,0.0065,0.0000,200,15.2799
0.0068,0.0000,0.0000,0.0002,0.0066,0.0000,200,15.2796
0.0066,0.0000,0.0000,0.0000,0.0065,0.0001,200,15.2835
0.0065,0.0000,0.0000,0.0000,0.0064,0.0001,200,15.2863
0.0064,0.0000,0.0000,0.0000,0.0064,0.0000,200,15.2864
0.0064,0.0000,0.0000,0.0000,0.0064,0.0000,200,15.2865
0.0063,0.0000,0.0000,0.0000,0.0062,0.0001,200,15.2901
0.0073,0.0000,0.0000,0.0000,0.0069,0.0001,200,15.2929
0.0076,0.0000,0.0000,0.0000,0.0075,0.0000,200,15.2928
0.0078,0.0000,0.0000,0.0000,0.0078,0.0000,200,15.2928
0.0076,0.0000,0.0000,0.0000,0.0075,0.0001,200,15.2964
0.0065,0.0000,0.0000,0.0000,0.0065,0.0001,200,15.3004
0.0063,0.0000,0.0000,0.0000,0.0063,0.0000,200,15.3006
0.0068,0.0000,0.0000,0.0000,0.0066,0.0001,200,15.3002
0.0068,0.0000,0.0000,0.0000,0.0067,0.0001,200,15.3040
0.0064,0.0000,0.0000,0.0000,0.0063,0.0001,200,15.3069
0.0064,0.0000,0.0000,0.0000,0.0063,0.0000,200,15.3070
0.0065,0.0000,0.0000,0.0000,0.0064,0.0000,200,15.3070
0.0066,0.0000,0.0000,0.0000,0.0065,0.0001,200,15.3108
0.0075,0.0000,0.0000,0.0000,0.0074,0.0001,200,15.3134
0.0075,0.0000,0.0000,0.0000,0.0074,0.0001,200,15.3134
0.0075,0.0000,0.0000,0.0000,0.0075,0.0000,200,15.3135
0.0077,0.0000,0.0000,0.0000,0.0076,0.0001,200,15.3174
0.0066,0.0000,0.0000,0.0000,0.0065,0.0001,200,15.3210
0.0069,0.0000,0.0000,0.0000,0.0068,0.0000,200,15.3209
0.0069,0.0000,0.0000,0.0000,0.0068,0.0000,200,15.3209
0.0085,0.0000,0.0000,0.0000,0.0084,0.0001,200,15.3252
0.0065,0.0000,0.0000,0.0000,0.0064,0.0001,200,15.3276
0.0083,0.0000,0.0000,0.0000,0.0082,0.0001,200,15.3277
0.0088,0.0000,0.0000,0.0000,0.0087,0.0000,200,15.3277
0.0067,0.0000,0.0000,0.0000,0.0066,0.0001,200,15.3337
0.0082,0.0000,0.0000,0.0000,0.0082,0.0000,200,15.3341
0.0065,0.0000,0.0000,0.0000,0.0064,0.0000,200,15.3360
0.0072,0.0000,0.0000,0.0000,0.0071,0.0000,200,15.3366
0.0063,0.0000,0.0000,0.0000,0.0062,0.0001,200,15.3404
0.0069,0.0000,0.0000,0.0000,0.0068,0.0000,200,15.3423
0.0071,0.0000,0.0000,0.0000,0.0070,0.0000,200,15.3425
0.0063,0.0000,0.0000,0.0000,0.0061,0.0001,200,15.3438
0.0088,0.0000,0.0000,0.0000,0.0087,0.0001,200,15.3467
0.0067,0.0000,0.0000,0.0000,0.0066,0.0000,200,15.3492
0.0066,0.0000,0.0000,0.0000,0.0066,0.0000,200,15.3496
0.0085,0.0000,0.0000,0.0000,0.0084,0.0000,200,15.3500
0.0066,0.0000,0.0000,0.0000,0.0065,0.0000,200,15.3555
0.0063,0.0000,0.0000,0.0000,0.0063,0.0000,200,15.3559
0.0064,0.0000,0.0000,0.0000,0.0063,0.0000,200,15.3562
0.0064,0.0000,0.0000,0.0000,0.0064,0.0000,200,15.3585
0.0064,0.0000,0.0000,0.0000,0.0064,0.0000,200,15.3622
0.0066,0.0000,0.0000,0.0000,0.0065,0.0001,200,15.3621
0.0064,0.0000,0.0000,0.0000,0.0063,0.0000,200,15.3626
0.0063,0.0000,0.0000,0.0000,0.0062,0.0000,200,15.3649
0.0066,0.0000,0.0000,0.0000,0.0065,0.0001,200,15.3687
0.0063,0.0000,0.0000,0.0000,0.0062,0.0000,200,15.3690
0.0067,0.0000,0.0000,0.0000,0.0065,0.0001,200,15.3686
0.0063,0.0000,0.0000,0.0000,0.0062,0.0000,200,15.3712
0.0068,0.0000,0.0000,0.0000,0.0067,0.0001,200,15.3753
0.0080,0.0000,0.0000,0.0000,0.0079,0.0000,200,15.3753
0.0081,0.0000,0.0000,0.0000,0.0080,0.0000,200,15.3753
0.0067,0.0000,0.0000,0.0000,0.0066,0.0001,200,15.3775
0.0078,0.0000,0.0000,0.0000,0.0077,0.0001,200,15.3833
0.0077,0.0000,0.0000,0.0000,0.0076,0.0001,200,15.3834
0.0069,0.0000,0.0000,0.0000,0.0069,0.0000,200,15.3842
0.0091,0.0000,0.0000,0.0000,0.0090,0.0000,200,15.3821
0.0071,0.0000,0.0000,0.0000,0.0070,0.0001,200,15.3911
0.0072,0.0000,0.0000,0.0000,0.0070,0.0000,200,15.3911
0.0071,0.0000,0.0000,0.0000,0.0070,0.0000,200,15.3912
0.0073,0.0000,0.0000,0.0000,0.0073,0.0000,200,15.3911
0.0066,0.0000,0.0000,0.0000,0.0064,0.0001,200,15.3983
0.0067,0.0000,0.0000,0.0000,0.0066,0.0000,200,15.3984
0.0068,0.0000,0.0000,0.0000,0.0068,0.0000,200,15.3983
0.0069,0.0000,0.0000,0.0000,0.0069,0.0000,200,15.3983
0.0068,0.0000,0.0000,0.0000,0.0068,0.0001,200,15.4052
0.0072,0.0000,0.0000,0.0000,0.0071,0.0001,200,15.4049
0.0070,0.0000,0.0000,0.0000,0.0069,0.0001,200,15.4051
0.0070,0.0000,0.0000,0.0000,0.0070,0.0000,200,15.4051
0.0066,0.0000,0.0000,0.0000,0.0065,0.0001,200,15.4121
0.0067,0.0000,0.0000,0.0000,0.0066,0.0000,200,15.4121
0.0066,0.0000,0.0000,0.0000,0.0066,0.0000,200,15.4122
0.0069,0.0000,0.0000,0.0000,0.0068,0.0000,200,15.4121
0.0078,0.0000,0.0000,0.0000,0.0078,0.0001,200,15.4188
0.0080,0.0000,0.0000,0.0000,0.0079,0.0001,200,15.4187
0.0080,0.0000,0.0000,0.0000,0.0080,0.0000,200,15.4188
0.0079,0.0000,0.0000,0.0000,0.0078,0.0000,200,15.4190
0.0075,0.0000,0.0000,0.0000,0.0074,0.0001,200,15.4268
0.0081,0.0000,0.0000,0.0000,0.0079,0.0001,200,15.4267
0.0079,0.0000,0.0000,0.0000,0.0078,0.0001,200,15.4269
0.0086,0.0000,0.0000,0.0000,0.0086,0.0000,200,15.4267
0.0067,0.0000,0.0000,0.0000,0.0066,0.0001,200,15.4344
0.0067,0.0000,0.0000,0.0000,0.0066,0.0000,200,15.4347
0.0070,0.0000,0.0000,0.0000,0.0069,0.0001,200,15.4348
0.0070,0.0000,0.0000,0.0000,0.0069,0.0000,200,15.4353
0.0067,0.0000,0.0000,0.0001,0.0065,0.0001,200,15.4418
0.0072,0.0000,0.0000,0.0000,0.0072,0.0000,200,15.4414
0.0080,0.0000,0.0000,0.0000,0.0080,0.0000,200,15.4411
0.0069,0.0000,0.0000,0.0000,0.0067,0.0002,200,15.4423
0.0068,0.0000,0.0000,0.0000,0.0067,0.0001,200,15.4485
0.0068,0.0000,0.0000,0.0000,0.0068,0.0000,200,15.4486
0.0064,0.0000,0.0000,0.0000,0.0063,0.0000,200,15.4491
0.0064,0.0000,0.0000,0.0000,0.0064,0.0000,200,15.4492
0.0066,0.0000,0.0000,0.0000,0.0066,0.0001,200,15.4555
0.0067,0.0000,0.0000,0.0000,0.0066,0.0001,200,15.4554
0.0069,0.0000,0.0000,0.0000,0.0068,0.0000,200,15.4553
0.0103,0.0000,0.0000,0.0000,0.0102,0.0001,200,15.4556
0.0067,0.0000,0.0000,0.0000,0.0066,0.0000,200,15.4621
0.0067,0.0000,0.0000,0.0000,0.0067,0.0000,200,15.4621
0.0067,0.0000,0.0000,0.0000,0.0065,0.0002,200,15.4622
0.0073,0.0000,0.0000,0.0000,0.0072,0.0001,200,15.4660
0.0065,0.0000,0.0000,0.0000,0.0064,0.0001,200,15.4688
0.0066,0.0000,0.0000,0.0000,0.0065,0.0000,200,15.4689
0.0067,0.0000,0.0000,0.0000,0.0067,0.0000,200,15.4689
0.0071,0.0000,0.0000,0.0000,0.0068,0.0001,200,15.4733
0.0065,0.0000,0.0000,0.0000,0.0064,0.0000,200,15.4753
0.0064,0.0000,0.0000,0.0000,0.0063,0.0000,200,15.4755
0.0063,0.0000,0.0000,0.0000,0.0062,0.0000,200,15.4756
0.0064,0.0000,0.0000,0.0000,0.0063,0.0001,200,15.4804
0.0064,0.0000,0.0000,0.0000,0.0063,0.0001,200,15.4818
0.0065,0.0000,0.0000,0.0000,0.0064,0.0000,200,15.4819
0.0065,0.0000,0.0000,0.0000,0.0064,0.0000,200,15.4819
0.0071,0.0000,0.0000,0.0000,0.0070,0.0000,200,15.4884
0.0073,0.0000,0.0000,0.0000,0.0072,0.0000,200,15.4882
0.0072,0.0000,0.0000,0.0000,0.0071,0.0001,200,15.4883
0.0087,0.0000,0.0000,0.0000,0.0086,0.0001,200,15.4868
0.0068,0.0000,0.0000,0.0000,0.0068,0.0000,200,15.4955
0.0069,0.0000,0.0000,0.0000,0.0067,0.0001,200,15.4955
0.0069,0.0000,0.0000,0.0000,0.0068,0.0001,200,15.4955
0.0072,0.0000,0.0000,0.0000,0.0072,0.0000,200,15.4955
0.0067,0.0000,0.0000,0.0000,0.0066,0.0001,200,15.5024
0.0069,0.0000,0.0000,0.0000,0.0069,0.0000,200,15.5024
0.0069,0.0000,0.0000,0.0000,0.0069,0.0000,200,15.5024
0.0067,0.0000,0.0000,0.0000,0.0064,0.0002,200,15.5027
0.0070,0.0000,0.0000,0.0000,0.0069,0.0001,200,15.5094
0.0074,0.0000,0.0000,0.0000,0.0073,0.0000,200,15.5091
0.0073,0.0000,0.0000,0.0000,0.0072,0.0000,200,15.5093
0.0080,0.0000,0.0000,0.0000,0.0079,0.0000,200,15.5093
0.0064,0.0000,0.0000,0.0000,0.0063,0.0001,200,15.5165
0.0065,0.0000,0.0000,0.0000,0.0064,0.0000,200,15.5166
0.0068,0.0000,0.0000,0.0000,0.0066,0.0001,200,15.5164
0.0066,0.0000,0.0000,0.0000,0.0065,0.0000,200,15.5173
0.0067,0.0000,0.0000,0.0000,0.0066,0.0001,200,15.5229
0.0069,0.0000,0.0000,0.0000,0.0068,0.0001,200,15.5232
0.0082,0.0000,0.0000,0.0000,0.0081,0.0000,200,15.5239
0.0090,0.0000,0.0000,0.0000,0.0089,0.0001,200,15.5230
0.0083,0.0000,0.0000,0.0000,0.0081,0.0002,200,15.5301
0.0089,0.0000,0.0000,0.0000,0.0086,0.0003,200,15.5296
0.0066,0.0000,0.0000,0.0000,0.0066,0.0000,200,15.5320
0.0067,0.0000,0.0000,0.0000,0.0066,0.0000,200,15.5320
0.0067,0.0000,0.0000,0.0000,0.0066,0.0001,200,15.5387
0.0071,0.0000,0.0000,0.0000,0.0066,0.0000,200,15.5384
0.0070,0.0000,0.0000,0.0000,0.0069,0.0000,200,15.5386
0.0072,0.0000,0.0000,0.0000,0.0071,0.0001,200,15.5387
0.0069,0.0000,0.0000,0.0000,0.0068,0.0001,200,15.5455
0.0068,0.0000,0.0000,0.0000,0.0068,0.0001,200,15.5455
0.0071,0.0000,0.0000,0.0000,0.0070,0.0000,200,15.5454
0.0069,0.0000,0.0000,0.0000,0.0069,0.0000,200,15.5459
0.0063,0.0000,0.0000,0.0000,0.0062,0.0001,200,15.5528
0.0067,0.0000,0.0000,0.0000,0.0066,0.0001,200,15.5524
0.0068,0.0000,0.0000,0.0000,0.0067,0.0000,200,15.5524
0.0067,0.0000,0.0000,0.0000,0.0066,0.0000,200,15.5525
0.0067,0.0000,0.0000,0.0000,0.0066,0.0001,200,15.5591
0.0069,0.0000,0.0000,0.0000,0.0068,0.0000,200,15.5591
0.0070,0.0000,0.0000,0.0000,0.0070,0.0000,200,15.5591
0.0094,0.0000,0.0000,0.0000,0.0093,0.0000,200,15.5591
0.0064,0.0000,0.0000,0.0000,0.0064,0.0001,200,15.5661
0.0068,0.0000,0.0000,0.0000,0.0068,0.0000,200,15.5659
0.0071,0.0000,0.0000,0.0000,0.0071,0.0000,200,15.5660
0.0066,0.0000,0.0000,0.0000,0.0065,0.0000,200,15.5684
0.0065,0.0000,0.0000,0.0000,0.0064,0.0001,200,15.5732
0.0077,0.0000,0.0000,0.0000,0.0076,0.0001,200,15.5726
0.0077,0.0000,0.0000,0.0000,0.0076,0.0000,200,15.5727
0.0062,0.0000,0.0000,0.0000,0.0061,0.0000,200,15.5751
0.0065,0.0000,0.0000,0.0000,0.0064,0.0001,200,15.5804
0.0074,0.0000,0.0000,0.0000,0.0073,0.0000,200,15.5797
0.0075,0.0000,0.0000,0.0000,0.0074,0.0000,200,15.5803
0.0066,0.0000,0.0000,0.0000,0.0066,0.0000,200,15.5813
0.0067,0.0000,0.0000,0.0000,0.0066,0.0001,200,15.5869
0.0073,0.0000,0.0000,0.0000,0.0072,0.0001,200,15.5878
0.0077,0.0000,0.0000,0.0000,0.0076,0.0000,200,15.5879
0.0085,0.0000,0.0000,0.0000,0.0082,0.0003,200,15.5871
0.0069,0.0000,0.0000,0.0000,0.0067,0.0001,200,15.5937
0.0065,0.0000,0.0000,0.0000,0.0065,0.0000,200,15.5956
0.0074,0.0000,0.0000,0.0000,0.0073,0.0001,200,15.5951
0.0073,0.0000,0.0000,0.0000,0.0072,0.0001,200,15.5956
0.0068,0.0000,0.0000,0.0000,0.0067,0.0001,200,15.6005
0.0065,0.0000,0.0000,0.0000,0.0064,0.0000,200,15.6021
0.0064,0.0000,0.0000,0.0000,0.0063,0.0001,200,15.6025
0.0062,0.0000,0.0000,0.0000,0.0061,0.0000,200,15.6030
0.0083,0.0000,0.0000,0.0000,0.0081,0.0001,200,15.6074
0.0068,0.0000,0.0000,0.0000,0.0067,0.0000,200,15.6089
0.0066,0.0000,0.0000,0.0000,0.0065,0.0000,200,15.6092
0.0072,0.0000,0.0000,0.0000,0.0072,0.0000,200,15.6086
0.0071,0.0000,0.0000,0.0000,0.0070,0.0001,200,15.6158
0.0073,0.0000,0.0000,0.0000,0.0072,0.0000,200,15.6158
0.0078,0.0000,0.0000,0.0000,0.0077,0.0000,200,15.6157
0.0085,0.0000,0.0000,0.0000,0.0084,0.0000,200,15.6156
0.0066,0.0000,0.0000,0.0000,0.0065,0.0001,200,15.6229
0.0066,0.0000,0.0000,0.0000,0.0065,0.0000,200,15.6231
0.0064,0.0000,0.0000,0.0000,0.0064,0.0000,200,15.6235
0.0063,0.0000,0.0000,0.0000,0.0062,0.0001,200,15.6242
0.0069,0.0000,0.0000,0.0000,0.0068,0.0001,200,15.6295
0.0069,0.0000,0.0000,0.0000,0.0069,0.0000,200,15.6297
0.0067,0.0000,0.0000,0.0000,0.0066,0.0001,200,15.6300
0.0065,0.0000,0.0000,0.0000,0.0064,0.0000,200,15.6305
0.0069,0.0000,0.0000,0.0000,0.0067,0.0001,200,15.6364
0.0063,0.0000,0.0000,0.0000,0.0063,0.0000,200,15.6370
0.0066,0.0000,0.0000,0.0000,0.0065,0.0000,200,15.6367
0.0066,0.0000,0.0000,0.0000,0.0065,0.0000,200,15.6367
0.0066,0.0000,0.0000,0.0000,0.0065,0.0000,200,15.6433
0.0066,0.0000,0.0000,0.0000,0.0065,0.0000,200,15.6433
0.0066,0.0000,0.0000,0.0000,0.0065,0.0000,200,15.6433
0.0067,0.0000,0.0000,0.0000,0.0065,0.0001,200,15.6433
0.0079,0.0000,0.0000,0.0000,0.0078,0.0001,200,15.6499
0.0079,0.0000,0.0000,0.0000,0.0078,0.0001,200,15.6499
0.0080,0.0000,0.0000,0.0000,0.0079,0.0000,200,15.6499
0.0081,0.0000,0.0000,0.0000,0.0080,0.0000,200,15.6499
0.0068,0.0000,0.0000,0.0000,0.0067,0.0001,200,15.6578
0.0068,0.0000,0.0000,0.0000,0.0068,0.0000,200,15.6579
0.0069,0.0000,0.0000,0.0000,0.0067,0.0000,200,15.6578
0.0068,0.0000,0.0000,0.0000,0.0066,0.0001,200,15.6579
0.0066,0.0000,0.0000,0.0000,0.0065,0.0001,200,15.6647
0.0068,0.0000,0.0000,0.0000,0.0068,0.0000,200,15.6647
0.0070,0.0000,0.0000,0.0000,0.0069,0.0000,200,15.6647
0.0075,0.0000,0.0000,0.0000,0.0074,0.0000,200,15.6647
0.0064,0.0000,0.0000,0.0000,0.0063,0.0001,200,15.6715
0.0066,0.0000,0.0000,0.0000,0.0065,0.0000,200,15.6713
0.0064,0.0000,0.0000,0.0000,0.0064,0.0000,200,15.6717
0.0063,0.0000,0.0000,0.0000,0.0063,0.0000,200,15.6722
0.0076,0.0000,0.0000,0.0000,0.0076,0.0001,200,15.6781
0.0078,0.0000,0.0000,0.0000,0.0077,0.0001,200,15.6779
0.0073,0.0000,0.0000,0.0000,0.0071,0.0001,200,15.6785
0.0080,0.0000,0.0000,0.0000,0.0077,0.0002,200,15.6779
0.0066,0.0000,0.0000,0.0000,0.0065,0.0001,200,15.6859
0.0068,0.0000,0.0000,0.0000,0.0067,0.0000,200,15.6858
0.0068,0.0000,0.0000,0.0000,0.0068,0.0000,200,15.6858
0.0087,0.0000,0.0000,0.0000,0.0086,0.0001,200,15.6858
0.0068,0.0000,0.0000,0.0000,0.0066,0.0001,200,15.6925
0.0068,0.0000,0.0000,0.0000,0.0067,0.0000,200,15.6925
0.0067,0.0000,0.0000,0.0000,0.0067,0.0000,200,15.6926
0.0067,0.0000,0.0000,0.0000,0.0066,0.0001,200,15.6944
0.0068,0.0000,0.0000,0.0000,0.0067,0.0001,200,15.6993
0.0068,0.0000,0.0000,0.0000,0.0067,0.0001,200,15.6993
0.0075,0.0000,0.0000,0.0000,0.0074,0.0000,200,15.6993
0.0071,0.0000,0.0000,0.0000,0.0069,0.0001,200,15.7012
0.0063,0.0000,0.0000,0.0000,0.0062,0.0000,200,15.7068
0.0070,0.0000,0.0000,0.0000,0.0069,0.0000,200,15.7061
0.0070,0.0000,0.0000,0.0000,0.0070,0.0000,200,15.7061
0.0068,0.0000,0.0000,0.0000,0.0067,0.0000,200,15.7082
0.0076,0.0000,0.0000,0.0000,0.0076,0.0001,200,15.7132
0.0077,0.0000,0.0000,0.0000,0.0076,0.0001,200,15.7131
0.0077,0.0000,0.0000,0.0000,0.0076,0.0001,200,15.7131
0.0065,0.0000,0.0000,0.0000,0.0064,0.0000,200,15.7151
0.0070,0.0000,0.0000,0.0000,0.0069,0.0001,200,15.7208
0.0070,0.0000,0.0000,0.0000,0.0069,0.0000,200,15.7208
0.0066,0.0000,0.0000,0.0000,0.0065,0.0001,200,15.7215
0.0080,0.0000,0.0000,0.0000,0.0080,0.0000,200,15.7208
0.0068,0.0000,0.0000,0.0000,0.0067,0.0001,200,15.7278
0.0065,0.0000,0.0000,0.0000,0.0064,0.0001,200,15.7281
0.0069,0.0000,0.0000,0.0000,0.0067,0.0001,200,15.7278
0.0072,0.0000,0.0000,0.0000,0.0071,0.0001,200,15.7288
0.0066,0.0000,0.0000,0.0000,0.0065,0.0001,200,15.7346
0.0069,0.0000,0.0000,0.0000,0.0068,0.0000,200,15.7347
0.0074,0.0000,0.0000,0.0000,0.0073,0.0000,200,15.7346
0.0075,0.0000,0.0000,0.0000,0.0074,0.0000,200,15.7360
0.0064,0.0000,0.0000,0.0000,0.0063,0.0000,200,15.7412
0.0065,0.0000,0.0000,0.0000,0.0064,0.0000,200,15.7416
0.0063,0.0000,0.0000,0.0000,0.0062,0.0000,200,15.7420
0.0061,0.0000,0.0000,0.0000,0.0060,0.0000,200,15.7435
0.0072,0.0000,0.0000,0.0000,0.0071,0.0001,200,15.7476
0.0067,0.0000,0.0000,0.0000,0.0067,0.0001,200,15.7480
0.0066,0.0000,0.0000,0.0000,0.0066,0.0000,200,15.7483
0.0066,0.0000,0.0000,0.0000,0.0065,0.0001,200,15.7496
0.0067,0.0000,0.0000,0.0000,0.0066,0.0001,200,15.7549
0.0072,0.0000,0.0000,0.0000,0.0071,0.0000,200,15.7548
0.0074,0.0000,0.0000,0.0000,0.0073,0.0000,200,15.7548
0.0065,0.0000,0.0000,0.0000,0.0064,0.0000,200,15.7563
0.0070,0.0000,0.0000,0.0000,0.0068,0.0001,200,15.7616
0.0065,0.0000,0.0000,0.0000,0.0064,0.0000,200,15.7622
0.0061,0.0000,0.0000,0.0000,0.0060,0.0000,200,15.7628
0.0076,0.0000,0.0000,0.0000,0.0075,0.0000,200,15.7620
0.0064,0.0000,0.0000,0.0000,0.0063,0.0000,200,15.7688
0.0067,0.0000,0.0000,0.0000,0.0064,0.0002,200,15.7686
0.0068,0.0000,0.0000,0.0000,0.0067,0.0000,200,15.7687
0.0070,0.0000,0.0000,0.0000,0.0069,0.0001,200,15.7696
0.0074,0.0000,0.0000,0.0000,0.0073,0.0001,200,15.7752
0.0075,0.0000,0.0000,0.0000,0.0074,0.0000,200,15.7753
0.0074,0.0000,0.0000,0.0000,0.0073,0.0000,200,15.7755
0.0065,0.0000,0.0000,0.0000,0.0064,0.0000,200,15.7766
0.0068,0.0000,0.0000,0.0000,0.0067,0.0001,200,15.7828
0.0066,0.0000,0.0000,0.0000,0.0065,0.0000,200,15.7831
0.0069,0.0000,0.0000,0.0000,0.0068,0.0000,200,15.7828
0.0071,0.0000,0.0000,0.0000,0.0070,0.0000,200,15.7826
0.0081,0.0000,0.0000,0.0000,0.0080,0.0001,200,15.7898
0.0083,0.0000,0.0000,0.0000,0.0082,0.0000,200,15.7896
0.0083,0.0000,0.0000,0.0000,0.0081,0.0002,200,15.7897
0.0084,0.0000,0.0000,0.0000,0.0083,0.0000,200,15.7897
0.0066,0.0000,0.0000,0.0000,0.0065,0.0001,200,15.7981
0.0069,0.0000,0.0000,0.0000,0.0068,0.0001,200,15.7979
0.0068,0.0000,0.0000,0.0000,0.0067,0.0001,200,15.7979
0.0069,0.0000,0.0000,0.0000,0.0068,0.0000,200,15.7980
0.0076,0.0000,0.0000,0.0000,0.0074,0.0001,200,15.8047
0.0078,0.0000,0.0000,0.0000,0.0078,0.0000,200,15.8047
0.0078,0.0000,0.0000,0.0000,0.0077,0.0001,200,15.8048
0.0082,0.0000,0.0000,0.0000,0.0081,0.0000,200,15.8047
0.0068,0.0000,0.0000,0.0000,0.0066,0.0001,200,15.8127
0.0073,0.0000,0.0000,0.0000,0.0072,0.0000,200,15.8123
0.0071,0.0000,0.0000,0.0000,0.0070,0.0000,200,15.8126
0.0068,0.0000,0.0000,0.0000,0.0066,0.0002,200,15.8129
0.0067,0.0000,0.0000,0.0000,0.0066,0.0000,200,15.8196
0.0067,0.0000,0.0000,0.0000,0.0066,0.0001,200,15.8196
0.0067,0.0000,0.0000,0.0000,0.0067,0.0000,200,15.8197
0.0069,0.0000,0.0000,0.0000,0.0068,0.0000,200,15.8195
0.0067,0.0000,0.0000,0.0000,0.0067,0.0000,200,15.8264
0.0068,0.0000,0.0000,0.0000,0.0068,0.0000,200,15.8263
0.0068,0.0000,0.0000,0.0000,0.0068,0.0000,200,15.8263
0.0095,0.0000,0.0000,0.0000,0.0094,0.0000,200,15.8264
0.0063,0.0000,0.0000,0.0000,0.0062,0.0001,200,15.8331
0.0066,0.0000,0.0000,0.0000,0.0065,0.0000,200,15.8332
0.0086,0.0000,0.0000,0.0000,0.0085,0.0001,200,15.8332
0.0065,0.0000,0.0000,0.0000,0.0063,0.0001,200,15.8359
0.0080,0.0000,0.0000,0.0000,0.0079,0.0001,200,15.8398
0.0087,0.0000,0.0000,0.0000,0.0087,0.0000,200,15.8394
0.0069,0.0000,0.0000,0.0000,0.0068,0.0001,200,15.8418
0.0075,0.0000,0.0000,0.0000,0.0074,0.0000,200,15.8423
0.0074,0.0000,0.0000,0.0000,0.0073,0.0001,200,15.8478
0.0078,0.0000,0.0000,0.0000,0.0077,0.0000,200,15.8482
0.0075,0.0000,0.0000,0.0000,0.0075,0.0000,200,15.8487
0.0121,0.0000,0.0000,0.0000,0.0119,0.0002,200,15.8499
0.0068,0.0000,0.0000,0.0000,0.0067,0.0000,200,15.8552
0.0073,0.0000,0.0000,0.0000,0.0072,0.0001,200,15.8560
0.0088,0.0000,0.0000,0.0000,0.0087,0.0001,200,15.8562
0.0071,0.0000,0.0000,0.0000,0.0070,0.0001,200,15.8621
0.0073,0.0000,0.0000,0.0000,0.0072,0.0000,200,15.8619
0.0065,0.0000,0.0000,0.0000,0.0064,0.0000,200,15.8633
0.0064,0.0000,0.0000,0.0000,0.0063,0.0000,200,15.8651
0.0076,0.0000,0.0000,0.0001,0.0074,0.0001,200,15.8691
0.0071,0.0000,0.0000,0.0000,0.0070,0.0000,200,15.8697
0.0076,0.0000,0.0000,0.0000,0.0073,0.0003,200,15.8693
0.0064,0.0000,0.0000,0.0000,0.0063,0.0000,200,15.8714
0.0071,0.0000,0.0000,0.0000,0.0070,0.0001,200,15.8769
0.0073,0.0000,0.0000,0.0000,0.0072,0.0000,200,15.8767
0.0072,0.0000,0.0000,0.0000,0.0071,0.0000,200,15.8768
0.0066,0.0000,0.0000,0.0000,0.0065,0.0000,200,15.8778
0.0066,0.0000,0.0000,0.0000,0.0065,0.0001,200,15.8839
0.0066,0.0000,0.0000,0.0000,0.0066,0.0000,200,15.8840
0.0066,0.0000,0.0000,0.0000,0.0065,0.0000,200,15.8840
0.0063,0.0000,0.0000,0.0000,0.0062,0.0001,200,15.8844
0.0066,0.0000,0.0000,0.0000,0.0065,0.0001,200,15.8906
0.0066,0.0000,0.0000,0.0000,0.0065,0.0000,200,15.8906
0.0065,0.0000,0.0000,0.0000,0.0064,0.0001,200,15.8907
0.0067,0.0000,0.0000,0.0000,0.0066,0.0001,200,15.8905
0.0066,0.0000,0.0000,0.0000,0.0065,0.0001,200,15.8972
0.0066,0.0000,0.0000,0.0000,0.0065,0.0001,200,15.8972
0.0066,0.0000,0.0000,0.0000,0.0065,0.0000,200,15.8972
0.0067,0.0000,0.0000,0.0000,0.0066,0.0001,200,15.8972
0.0068,0.0000,0.0000,0.0000,0.0067,0.0001,200,15.9038
0.0069,0.0000,0.0000,0.0000,0.0068,0.0000,200,15.9038
0.0069,0.0000,0.0000,0.0000,0.0069,0.0000,200,15.9038
0.0070,0.0000,0.0000,0.0000,0.0070,0.0000,200,15.9038
0.0067,0.0000,0.0000,0.0000,0.0065,0.0001,200,15.9106
0.0066,0.0000,0.0000,0.0000,0.0065,0.0000,200,15.9108
0.0069,0.0000,0.0000,0.0000,0.0068,0.0001,200,15.9108
0.0077,0.0000,0.0000,0.0000,0.0076,0.0001,200,15.9174
0.0144,0.0000,0.0000,0.0000,0.0143,0.0001,200,15.9107
0.0079,0.0000,0.0000,0.0000,0.0078,0.0001,200,15.9172
0.0075,0.0000,0.0000,0.0000,0.0075,0.0000,200,15.9177
0.0073,0.0000,0.0000,0.0000,0.0072,0.0001,200,15.9251
0.0073,0.0000,0.0000,0.0000,0.0072,0.0000,200,15.9251
0.0073,0.0000,0.0000,0.0000,0.0072,0.0001,200,15.9251
0.0074,0.0000,0.0000,0.0000,0.0073,0.0000,200,15.9252
0.0066,0.0000,0.0000,0.0000,0.0064,0.0001,200,15.9324
0.0065,0.0000,0.0000,0.0000,0.0064,0.0001,200,15.9324
0.0066,0.0000,0.0000,0.0000,0.0065,0.0001,200,15.9324
0.0067,0.0000,0.0000,0.0000,0.0066,0.0001,200,15.9326
0.0066,0.0000,0.0000,0.0000,0.0065,0.0001,200,15.9390
0.0067,0.0000,0.0000,0.0000,0.0066,0.0000,200,15.9390
0.0066,0.0000,0.0000,0.0000,0.0066,0.0000,200,15.9390
0.0063,0.0000,0.0000,0.0000,0.0063,0.0000,200,15.9393
0.0063,0.0000,0.0000,0.0000,0.0062,0.0001,200,15.9456
0.0065,0.0000,0.0000,0.0000,0.0064,0.0000,200,15.9456
0.0065,0.0000,0.0000,0.0000,0.0064,0.0000,200,15.9456
0.0064,0.0000,0.0000,0.0000,0.0064,0.0000,200,15.9457
0.0064,0.0000,0.0000,0.0000,0.0063,0.0001,200,15.9520
0.0063,0.0000,0.0000,0.0000,0.0063,0.0000,200,15.9521
0.0064,0.0000,0.0000,0.0000,0.0063,0.0000,200,15.9521
0.0066,0.0000,0.0000,0.0000,0.0065,0.0000,200,15.9521
0.0080,0.0000,0.0000,0.0000,0.0079,0.0001,200,15.9586
0.0082,0.0000,0.0000,0.0000,0.0081,0.0000,200,15.9585
0.0083,0.0000,0.0000,0.0000,0.0082,0.0000,200,15.9584
0.0084,0.0000,0.0000,0.0000,0.0083,0.0000,200,15.9584
0.0067,0.0000,0.0000,0.0000,0.0065,0.0001,200,15.9666
0.0070,0.0000,0.0000,0.0000,0.0069,0.0000,200,15.9668
0.0071,0.0000,0.0000,0.0000,0.0069,0.0001,200,15.9667
0.0071,0.0000,0.0000,0.0000,0.0070,0.0000,200,15.9667
0.0069,0.0000,0.0000,0.0000,0.0068,0.0001,200,15.9738
0.0074,0.0000,0.0000,0.0000,0.0073,0.0000,200,15.9733
0.0070,0.0000,0.0000,0.0000,0.0069,0.0001,200,15.9737
0.0083,0.0000,0.0000,0.0000,0.0082,0.0000,200,15.9738
0.0063,0.0000,0.0000,0.0000,0.0063,0.0001,200,15.9807
0.0064,0.0000,0.0000,0.0000,0.0063,0.0000,200,15.9807
0.0065,0.0000,0.0000,0.0000,0.0065,0.0000,200,15.9807
0.0066,0.0000,0.0000,0.0000,0.0065,0.0000,200,15.9820
0.0066,0.0000,0.0000,0.0000,0.0065,0.0001,200,15.9871
0.0065,0.0000,0.0000,0.0000,0.0064,0.0000,200,15.9873
0.0069,0.0000,0.0000,0.0000,0.0068,0.0000,200,15.9871
0.0063,0.0000,0.0000,0.0000,0.0062,0.0000,200,15.9886
0.0067,0.0000,0.0000,0.0000,0.0067,0.0000,200,15.9937
0.0067,0.0000,0.0000,0.0000,0.0067,0.0000,200,15.9938
0.0065,0.0000,0.0000,0.0000,0.0064,0.0001,200,15.9940
0.0063,0.0000,0.0000,0.0000,0.0063,0.0000,200,15.9949
0.0064,0.0000,0.0000,0.0000,0.0064,0.0000,200,16.0005
0.0065,0.0000,0.0000,0.0000,0.0064,0.0000,200,16.0005
0.0065,0.0000,0.0000,0.0000,0.0064,0.0000,200,16.0005
0.0061,0.0000,0.0000,0.0000,0.0060,0.0000,200,16.0012
0.0065,0.0000,0.0000,0.0000,0.0064,0.0001,200,16.0069
0.0065,0.0000,0.0000,0.0000,0.0064,0.0000,200,16.0070
0.0067,0.0000,0.0000,0.0000,0.0064,0.0002,200,16.0070
0.0064,0.0000,0.0000,0.0000,0.0063,0.0000,200,16.0073
0.0067,0.0000,0.0000,0.0000,0.0066,0.0001,200,16.0135
0.0067,0.0000,0.0000,0.0000,0.0066,0.0000,200,16.0136
0.0069,0.0000,0.0000,0.0000,0.0069,0.0000,200,16.0137
0.0072,0.0000,0.0000,0.0000,0.0070,0.0001,200,16.0135
0.0071,0.0000,0.0000,0.0000,0.0070,0.0000,200,16.0202
0.0067,0.0000,0.0000,0.0000,0.0066,0.0001,200,16.0206
0.0070,0.0000,0.0000,0.0000,0.0069,0.0001,200,16.0203
0.0068,0.0000,0.0000,0.0000,0.0067,0.0001,200,16.0206
0.0069,0.0000,0.0000,0.0000,0.0067,0.0001,200,16.0274
0.0089,0.0000,0.0000,0.0000,0.0088,0.0000,200,16.0274
0.0090,0.0000,0.0000,0.0000,0.0089,0.0000,200,16.0274
0.0099,0.0000,0.0000,0.0000,0.0091,0.0008,200,16.0274
0.0096,0.0000,0.0000,0.0006,0.0073,0.0001,200,16.0342
0.0074,0.0000,0.0000,0.0000,0.0073,0.0001,200,16.0364
0.0065,0.0000,0.0000,0.0000,0.0064,0.0001,200,16.0373
0.0078,0.0000,0.0000,0.0001,0.0077,0.0000,200,16.0363
0.0069,0.0000,0.0000,0.0000,0.0068,0.0001,200,16.0441
0.0075,0.0000,0.0000,0.0000,0.0074,0.0001,200,16.0438
0.0077,0.0000,0.0000,0.0000,0.0070,0.0007,200,16.0438
0.0078,0.0000,0.0000,0.0000,0.0077,0.0000,200,16.0438
0.0068,0.0000,0.0000,0.0000,0.0067,0.0001,200,16.0513
0.0081,0.0000,0.0000,0.0000,0.0080,0.0000,200,16.0516
0.0081,0.0000,0.0000,0.0000,0.0080,0.0000,200,16.0515
0.0087,0.0000,0.0000,0.0000,0.0086,0.0000,200,16.0510
0.0077,0.0000,0.0000,0.0000,0.0076,0.0001,200,16.0582
0.0069,0.0000,0.0000,0.0000,0.0068,0.0000,200,16.0597
0.0071,0.0000,0.0000,0.0000,0.0070,0.0001,200,16.0597
0.0071,0.0000,0.0000,0.0000,0.0070,0.0000,200,16.0597
0.0073,0.0000,0.0000,0.0000,0.0072,0.0001,200,16.0665
0.0079,0.0000,0.0000,0.0000,0.0078,0.0001,200,16.0659
0.0097,0.0000,0.0000,0.0000,0.0096,0.0001,200,16.0667
0.0097,0.0000,0.0000,0.0000,0.0097,0.0000,200,16.0667
0.0067,0.0000,0.0000,0.0000,0.0066,0.0001,200,16.0738
0.0067,0.0000,0.0000,0.0000,0.0067,0.0000,200,16.0738
0.0092,0.0000,0.0000,0.0000,0.0091,0.0001,200,16.0764
0.0095,0.0000,0.0000,0.0000,0.0094,0.0000,200,16.0765
0.0078,0.0000,0.0000,0.0000,0.0077,0.0001,200,16.0805
0.0079,0.0000,0.0000,0.0000,0.0079,0.0000,200,16.0805
0.0070,0.0000,0.0000,0.0000,0.0069,0.0001,200,16.0857
0.0069,0.0000,0.0000,0.0000,0.0068,0.0000,200,16.0860
0.0068,0.0000,0.0000,0.0000,0.0067,0.0000,200,16.0883
0.0067,0.0000,0.0000,0.0000,0.0066,0.0000,200,16.0884
0.0069,0.0000,0.0000,0.0000,0.0068,0.0001,200,16.0929
0.0071,0.0000,0.0000,0.0000,0.0068,0.0003,200,16.0927
0.0063,0.0000,0.0000,0.0000,0.0063,0.0000,200,16.0952
0.0067,0.0000,0.0000,0.0000,0.0066,0.0000,200,16.0952
0.0068,0.0000,0.0000,0.0000,0.0067,0.0001,200,16.0998
0.0073,0.0000,0.0000,0.0000,0.0072,0.0000,200,16.0997
0.0072,0.0000,0.0000,0.0000,0.0072,0.0001,200,16.1015
0.0070,0.0000,0.0000,0.0000,0.0070,0.0000,200,16.1018
0.0071,0.0000,0.0000,0.0000,0.0070,0.0001,200,16.1067
0.0088,0.0000,0.0000,0.0000,0.0087,0.0001,200,16.1070
0.0075,0.0000,0.0000,0.0000,0.0075,0.0000,200,16.1088
0.0077,0.0000,0.0000,0.0000,0.0076,0.0001,200,16.1087
0.0080,0.0000,0.0000,0.0000,0.0079,0.0001,200,16.1138
0.0080,0.0000,0.0000,0.0000,0.0079,0.0000,200,16.1164
0.0080,0.0000,0.0000,0.0000,0.0079,0.0001,200,16.1164
0.0086,0.0000,0.0000,0.0000,0.0085,0.0001,200,16.1158
0.0081,0.0000,0.0000,0.0000,0.0080,0.0001,200,16.1218
0.0074,0.0000,0.0000,0.0000,0.0073,0.0000,200,16.1244
0.0074,0.0000,0.0000,0.0000,0.0073,0.0000,200,16.1244
0.0074,0.0000,0.0000,0.0000,0.0073,0.0000,200,16.1244
0.0069,0.0000,0.0000,0.0000,0.0068,0.0001,200,16.1299
0.0068,0.0000,0.0000,0.0000,0.0067,0.0000,200,16.1318
0.0068,0.0000,0.0000,0.0000,0.0067,0.0000,200,16.1318
0.0069,0.0000,0.0000,0.0000,0.0068,0.0000,200,16.1318
0.0069,0.0000,0.0000,0.0000,0.0068,0.0001,200,16.1369
0.0065,0.0000,0.0000,0.0000,0.0065,0.0000,200,16.1385
0.0066,0.0000,0.0000,0.0000,0.0065,0.0001,200,16.1385
0.0067,0.0000,0.0000,0.0000,0.0066,0.0000,200,16.1386
0.0067,0.0000,0.0000,0.0000,0.0066,0.0001,200,16.1438
0.0064,0.0000,0.0000,0.0000,0.0063,0.0000,200,16.1451
0.0064,0.0000,0.0000,0.0000,0.0063,0.0000,200,16.1452
0.0063,0.0000,0.0000,0.0000,0.0063,0.0000,200,16.1453
0.0066,0.0000,0.0000,0.0000,0.0065,0.0001,200,16.1515
0.0076,0.0000,0.0000,0.0000,0.0075,0.0001,200,16.1505
0.0066,0.0000,0.0000,0.0000,0.0065,0.0001,200,16.1515
0.0066,0.0000,0.0000,0.0000,0.0066,0.0000,200,16.1516
0.0066,0.0000,0.0000,0.0000,0.0065,0.0001,200,16.1581
0.0066,0.0000,0.0000,0.0000,0.0065,0.0001,200,16.1581
0.0066,0.0000,0.0000,0.0000,0.0065,0.0001,200,16.1581
0.0067,0.0000,0.0000,0.0000,0.0066,0.0000,200,16.1583
0.0066,0.0000,0.0000,0.0000,0.0065,0.0001,200,16.1647
0.0066,0.0000,0.0000,0.0000,0.0065,0.0000,200,16.1647
0.0067,0.0000,0.0000,0.0000,0.0066,0.0000,200,16.1647
0.0065,0.0000,0.0000,0.0000,0.0064,0.0000,200,16.1649
0.0069,0.0000,0.0000,0.0000,0.0067,0.0001,200,16.1713
0.0069,0.0000,0.0000,0.0000,0.0069,0.0000,200,16.1714
0.0085,0.0000,0.0000,0.0000,0.0085,0.0000,200,16.1713
0.0085,0.0000,0.0000,0.0000,0.0084,0.0000,200,16.1714
0.0069,0.0000,0.0000,0.0000,0.0068,0.0001,200,16.1782
0.0070,0.0000,0.0000,0.0000,0.0069,0.0000,200,16.1783
0.0062,0.0000,0.0000,0.0000,0.0062,0.0000,200,16.1799
0.0064,0.0000,0.0000,0.0000,0.0063,0.0000,200,16.1798
0.0065,0.0000,0.0000,0.0000,0.0064,0.0001,200,16.1853
0.0068,0.0000,0.0000,0.0000,0.0067,0.0000,200,16.1851
0.0065,0.0000,0.0000,0.0000,0.0063,0.0001,200,16.1863
0.0068,0.0000,0.0000,0.0000,0.0067,0.0000,200,16.1861
0.0067,0.0000,0.0000,0.0000,0.0066,0.0001,200,16.1918
0.0066,0.0000,0.0000,0.0000,0.0065,0.0000,200,16.1919
0.0069,0.0000,0.0000,0.0000,0.0068,0.0001,200,16.1929
0.0073,0.0000,0.0000,0.0000,0.0073,0.0000,200,16.1927
0.0069,0.0000,0.0000,0.0000,0.0068,0.0001,200,16.1985
0.0069,0.0000,0.0000,0.0000,0.0068,0.0000,200,16.1998
0.0086,0.0000,0.0000,0.0000,0.0085,0.0000,200,16.1985
0.0071,0.0000,0.0000,0.0000,0.0070,0.0000,200,16.2001
0.0071,0.0000,0.0000,0.0000,0.0070,0.0001,200,16.2055
0.0066,0.0000,0.0000,0.0000,0.0065,0.0000,200,16.2072
0.0071,0.0000,0.0000,0.0000,0.0070,0.0000,200,16.2072
0.0076,0.0000,0.0000,0.0000,0.0068,0.0008,200,16.2067
0.0070,0.0000,0.0000,0.0000,0.0069,0.0001,200,16.2126
0.0066,0.0000,0.0000,0.0000,0.0065,0.0001,200,16.2138
0.0064,0.0000,0.0000,0.0000,0.0064,0.0000,200,16.2143
0.0069,0.0000,0.0000,0.0000,0.0068,0.0000,200,16.2142
0.0065,0.0000,0.0000,0.0000,0.0064,0.0000,200,16.2196
0.0065,0.0000,0.0000,0.0000,0.0064,0.0001,200,16.2203
0.0063,0.0000,0.0000,0.0000,0.0061,0.0001,200,16.2207
0.0066,0.0000,0.0000,0.0000,0.0065,0.0001,200,16.2211
0.0068,0.0000,0.0000,0.0000,0.0067,0.0001,200,16.2261
0.0067,0.0000,0.0000,0.0000,0.0067,0.0000,200,16.2268
0.0069,0.0000,0.0000,0.0000,0.0069,0.0000,200,16.2270
0.0076,0.0000,0.0000,0.0000,0.0076,0.0000,200,16.2277
0.0072,0.0000,0.0000,0.0000,0.0070,0.0001,200,16.2329
0.0070,0.0000,0.0000,0.0000,0.0068,0.0002,200,16.2335
0.0066,0.0000,0.0000,0.0000,0.0065,0.0001,200,16.2339
0.0074,0.0000,0.0000,0.0000,0.0073,0.0001,200,16.2353
0.0065,0.0000,0.0000,0.0000,0.0064,0.0001,200,16.2401
0.0075,0.0000,0.0000,0.0000,0.0075,0.0001,200,16.2405
0.0070,0.0000,0.0000,0.0000,0.0069,0.0000,200,16.2428
0.0095,0.0000,0.0000,0.0000,0.0094,0.0000,200,16.2406
0.0065,0.0000,0.0000,0.0000,0.0064,0.0001,200,16.2466
0.0064,0.0000,0.0000,0.0000,0.0063,0.0000,200,16.2481
0.0066,0.0000,0.0000,0.0000,0.0065,0.0001,200,16.2498
0.0064,0.0000,0.0000,0.0000,0.0063,0.0000,200,16.2501
0.0065,0.0000,0.0000,0.0000,0.0064,0.0000,200,16.2531
0.0064,0.0000,0.0000,0.0000,0.0063,0.0001,200,16.2545
0.0065,0.0000,0.0000,0.0000,0.0064,0.0000,200,16.2564
0.0067,0.0000,0.0000,0.0000,0.0066,0.0000,200,16.2564
0.0064,0.0000,0.0000,0.0000,0.0063,0.0001,200,16.2596
0.0063,0.0000,0.0000,0.0000,0.0062,0.0000,200,16.2609
0.0068,0.0000,0.0000,0.0000,0.0067,0.0001,200,16.2631
0.0075,0.0000,0.0000,0.0000,0.0075,0.0000,200,16.2629
0.0066,0.0000,0.0000,0.0000,0.0065,0.0001,200,16.2660
0.0075,0.0000,0.0000,0.0000,0.0074,0.0000,200,16.2673
0.0069,0.0000,0.0000,0.0000,0.0068,0.0001,200,16.2700
0.0065,0.0000,0.0000,0.0000,0.0064,0.0000,200,16.2705
0.0066,0.0000,0.0000,0.0000,0.0065,0.0001,200,16.2726
0.0064,0.0000,0.0000,0.0000,0.0063,0.0001,200,16.2747
0.0065,0.0000,0.0000,0.0000,0.0064,0.0001,200,16.2769
0.0064,0.0000,0.0000,0.0000,0.0063,0.0000,200,16.2770
0.0081,0.0000,0.0000,0.0000,0.0080,0.0001,200,16.2792
0.0064,0.0000,0.0000,0.0000,0.0064,0.0000,200,16.2811
0.0065,0.0000,0.0000,0.0000,0.0064,0.0000,200,16.2834
0.0069,0.0000,0.0000,0.0000,0.0068,0.0001,200,16.2834
0.0064,0.0000,0.0000,0.0000,0.0063,0.0001,200,16.2876
0.0066,0.0000,0.0000,0.0000,0.0065,0.0000,200,16.2874
0.0065,0.0000,0.0000,0.0000,0.0064,0.0001,200,16.2898
0.0086,0.0000,0.0000,0.0000,0.0085,0.0000,200,16.2903
0.0062,0.0000,0.0000,0.0000,0.0062,0.0000,200,16.2940
0.0063,0.0000,0.0000,0.0000,0.0062,0.0000,200,16.2940
0.0066,0.0000,0.0000,0.0000,0.0065,0.0001,200,16.2963
0.0062,0.0000,0.0000,0.0000,0.0061,0.0000,200,16.2989
0.0063,0.0000,0.0000,0.0000,0.0063,0.0000,200,16.3002
0.0063,0.0000,0.0000,0.0000,0.0062,0.0000,200,16.3003
0.0064,0.0000,0.0000,0.0000,0.0063,0.0001,200,16.3029
0.0062,0.0000,0.0000,0.0000,0.0062,0.0000,200,16.3051
0.0068,0.0000,0.0000,0.0000,0.0068,0.0000,200,16.3066
0.0068,0.0000,0.0000,0.0000,0.0068,0.0000,200,16.3066
0.0065,0.0000,0.0000,0.0000,0.0064,0.0001,200,16.3093
0.0062,0.0000,0.0000,0.0000,0.0061,0.0000,200,16.3114
0.0074,0.0000,0.0000,0.0000,0.0073,0.0001,200,16.3134
0.0074,0.0000,0.0000,0.0000,0.0073,0.0000,200,16.3134
0.0071,0.0000,0.0000,0.0000,0.0070,0.0001,200,16.3158
0.0064,0.0000,0.0000,0.0000,0.0063,0.0001,200,16.3176
0.0067,0.0000,0.0000,0.0000,0.0065,0.0001,200,16.3208
0.0067,0.0000,0.0000,0.0000,0.0066,0.0000,200,16.3208
0.0072,0.0000,0.0000,0.0000,0.0071,0.0001,200,16.3229
0.0068,0.0000,0.0000,0.0000,0.0067,0.0000,200,16.3239
0.0065,0.0000,0.0000,0.0000,0.0064,0.0001,200,16.3275
0.0066,0.0000,0.0000,0.0000,0.0066,0.0000,200,16.3275
0.0066,0.0000,0.0000,0.0000,0.0065,0.0000,200,16.3300
0.0065,0.0000,0.0000,0.0000,0.0064,0.0000,200,16.3307
0.0064,0.0000,0.0000,0.0000,0.0063,0.0000,200,16.3339
0.0063,0.0000,0.0000,0.0000,0.0062,0.0000,200,16.3341
0.0064,0.0000,0.0000,0.0000,0.0064,0.0000,200,16.3366
0.0063,0.0000,0.0000,0.0000,0.0062,0.0000,200,16.3373
0.0061,0.0000,0.0000,0.0000,0.0061,0.0000,200,16.3404
0.0062,0.0000,0.0000,0.0000,0.0061,0.0000,200,16.3404
0.0064,0.0000,0.0000,0.0000,0.0063,0.0000,200,16.3430
0.0061,0.0000,0.0000,0.0000,0.0060,0.0000,200,16.3436
0.0062,0.0000,0.0000,0.0000,0.0062,0.0000,200,16.3465
0.0063,0.0000,0.0000,0.0000,0.0062,0.0000,200,16.3465
0.0066,0.0000,0.0000,0.0000,0.0065,0.0000,200,16.3494
0.0063,0.0000,0.0000,0.0000,0.0062,0.0000,200,16.3497
0.0064,0.0000,0.0000,0.0000,0.0063,0.0001,200,16.3528
0.0064,0.0000,0.0000,0.0000,0.0063,0.0000,200,16.3528
0.0066,0.0000,0.0000,0.0000,0.0065,0.0001,200,16.3560
0.0066,0.0000,0.0000,0.0000,0.0065,0.0000,200,16.3560
0.0065,0.0000,0.0000,0.0000,0.0064,0.0001,200,16.3592
0.0065,0.0000,0.0000,0.0000,0.0064,0.0000,200,16.3592
0.0063,0.0000,0.0000,0.0000,0.0062,0.0000,200,16.3626
0.0065,0.0000,0.0000,0.0000,0.0064,0.0000,200,16.3626
0.0091,0.0000,0.0000,0.0000,0.0089,0.0001,200,16.3657
0.0065,0.0000,0.0000,0.0000,0.0064,0.0000,200,16.3691
0.0100,0.0000,0.0000,0.0000,0.0099,0.0000,200,16.3657
0.0072,0.0000,0.0000,0.0000,0.0071,0.0001,200,16.3689
0.0070,0.0000,0.0000,0.0000,0.0069,0.0001,200,16.3747
0.0084,0.0000,0.0000,0.0000,0.0083,0.0000,200,16.3757
0.0087,0.0000,0.0000,0.0000,0.0087,0.0000,200,16.3755
0.0081,0.0000,0.0000,0.0000,0.0080,0.0000,200,16.3761
0.0067,0.0000,0.0000,0.0000,0.0066,0.0001,200,16.3817
0.0067,0.0000,0.0000,0.0000,0.0066,0.0001,200,16.3841
0.0069,0.0000,0.0000,0.0000,0.0068,0.0000,200,16.3843
0.0069,0.0000,0.0000,0.0000,0.0068,0.0000,200,16.3843
0.0066,0.0000,0.0000,0.0000,0.0065,0.0001,200,16.3884
0.0066,0.0000,0.0000,0.0000,0.0065,0.0001,200,16.3912
0.0068,0.0000,0.0000,0.0000,0.0067,0.0000,200,16.3912
0.0084,0.0000,0.0000,0.0000,0.0083,0.0000,200,16.3908
0.0067,0.0000,0.0000,0.0000,0.0066,0.0001,200,16.3951
0.0064,0.0000,0.0000,0.0000,0.0063,0.0000,200,16.3980
0.0070,0.0000,0.0000,0.0000,0.0069,0.0000,200,16.3978
0.0062,0.0000,0.0000,0.0000,0.0061,0.0000,200,16.3991
0.0068,0.0000,0.0000,0.0000,0.0067,0.0001,200,16.4018
0.0064,0.0000,0.0000,0.0000,0.0063,0.0000,200,16.4044
0.0065,0.0000,0.0000,0.0000,0.0064,0.0000,200,16.4048
0.0063,0.0000,0.0000,0.0000,0.0062,0.0000,200,16.4054
0.0068,0.0000,0.0000,0.0000,0.0067,0.0001,200,16.4086
0.0064,0.0000,0.0000,0.0000,0.0063,0.0000,200,16.4108
0.0065,0.0000,0.0000,0.0000,0.0065,0.0000,200,16.4113
0.0063,0.0000,0.0000,0.0000,0.0062,0.0000,200,16.4117
0.0068,0.0000,0.0000,0.0000,0.0067,0.0001,200,16.4153
0.0065,0.0000,0.0000,0.0000,0.0064,0.0000,200,16.4171
0.0066,0.0000,0.0000,0.0000,0.0065,0.0000,200,16.4179
0.0068,0.0000,0.0000,0.0000,0.0068,0.0000,200,16.4180
0.0065,0.0000,0.0000,0.0000,0.0064,0.0001,200,16.4221
0.0068,0.0000,0.0000,0.0000,0.0067,0.0001,200,16.4237
0.0063,0.0000,0.0000,0.0000,0.0062,0.0000,200,16.4248
0.0077,0.0000,0.0000,0.0000,0.0076,0.0001,200,16.4244
0.0064,0.0000,0.0000,0.0000,0.0063,0.0001,200,16.4287
0.0063,0.0000,0.0000,0.0000,0.0062,0.0001,200,16.4305
0.0063,0.0000,0.0000,0.0000,0.0063,0.0000,200,16.4311
0.0066,0.0000,0.0000,0.0000,0.0065,0.0000,200,16.4321
0.0064,0.0000,0.0000,0.0000,0.0064,0.0001,200,16.4351
0.0064,0.0000,0.0000,0.0000,0.0063,0.0001,200,16.4368
0.0063,0.0000,0.0000,0.0000,0.0063,0.0000,200,16.4374
0.0064,0.0000,0.0000,0.0000,0.0063,0.0001,200,16.4388
0.0066,0.0000,0.0000,0.0000,0.0065,0.0001,200,16.4416
0.0068,0.0000,0.0000,0.0000,0.0067,0.0000,200,16.4432
0.0065,0.0000,0.0000,0.0000,0.0063,0.0001,200,16.4437
0.0086,0.0000,0.0000,0.0000,0.0084,0.0001,200,16.4452
0.0065,0.0000,0.0000,0.0000,0.0064,0.0001,200,16.4482
0.0065,0.0000,0.0000,0.0000,0.0064,0.0001,200,16.4500
0.0065,0.0000,0.0000,0.0000,0.0064,0.0001,200,16.4502
0.0066,0.0000,0.0000,0.0000,0.0065,0.0001,200,16.4537
0.0064,0.0000,0.0000,0.0000,0.0063,0.0000,200,16.4547
0.0063,0.0000,0.0000,0.0000,0.0062,0.0000,200,16.4565
0.0063,0.0000,0.0000,0.0000,0.0062,0.0000,200,16.4567
0.0066,0.0000,0.0000,0.0000,0.0065,0.0001,200,16.4604
0.0062,0.0000,0.0000,0.0000,0.0061,0.0000,200,16.4611
0.0072,0.0000,0.0000,0.0000,0.0072,0.0001,200,16.4630
0.0076,0.0000,0.0000,0.0000,0.0075,0.0000,200,16.4628
0.0067,0.0000,0.0000,0.0000,0.0066,0.0001,200,16.4669
0.0066,0.0000,0.0000,0.0000,0.0065,0.0000,200,16.4673
0.0067,0.0000,0.0000,0.0000,0.0066,0.0001,200,16.4702
0.0068,0.0000,0.0000,0.0000,0.0067,0.0001,200,16.4703
0.0070,0.0000,0.0000,0.0000,0.0069,0.0001,200,16.4738
0.0074,0.0000,0.0000,0.0000,0.0073,0.0000,200,16.4737
0.0064,0.0000,0.0000,0.0000,0.0063,0.0000,200,16.4771
0.0066,0.0000,0.0000,0.0000,0.0065,0.0001,200,16.4769
0.0069,0.0000,0.0000,0.0000,0.0067,0.0001,200,16.4808
0.0077,0.0000,0.0000,0.0000,0.0076,0.0001,200,16.4810
0.0071,0.0000,0.0000,0.0000,0.0070,0.0001,200,16.4835
0.0073,0.0000,0.0000,0.0000,0.0072,0.0000,200,16.4835
0.0064,0.0000,0.0000,0.0000,0.0063,0.0001,200,16.4877
0.0065,0.0000,0.0000,0.0000,0.0064,0.0000,200,16.4887
0.0067,0.0000,0.0000,0.0000,0.0066,0.0000,200,16.4908
0.0069,0.0000,0.0000,0.0000,0.0068,0.0000,200,16.4906
0.0083,0.0000,0.0000,0.0000,0.0082,0.0001,200,16.4952
0.0095,0.0000,0.0000,0.0000,0.0093,0.0002,200,16.4941
0.0069,0.0000,0.0000,0.0000,0.0068,0.0001,200,16.4975
0.0073,0.0000,0.0000,0.0000,0.0071,0.0001,200,16.4975
0.0076,0.0000,0.0000,0.0000,0.0074,0.0001,200,16.5035
0.0075,0.0000,0.0000,0.0000,0.0074,0.0000,200,16.5036
0.0073,0.0000,0.0000,0.0004,0.0068,0.0000,200,16.5048
0.0077,0.0000,0.0000,0.0000,0.0077,0.0000,200,16.5044
0.0065,0.0000,0.0000,0.0000,0.0064,0.0001,200,16.5122
0.0067,0.0000,0.0000,0.0000,0.0066,0.0000,200,16.5121
0.0077,0.0000,0.0000,0.0000,0.0077,0.0000,200,16.5111
0.0082,0.0000,0.0000,0.0000,0.0081,0.0000,200,16.5112
0.0068,0.0000,0.0000,0.0000,0.0067,0.0000,200,16.5188
0.0069,0.0000,0.0000,0.0000,0.0068,0.0001,200,16.5186
0.0067,0.0000,0.0000,0.0000,0.0066,0.0001,200,16.5188
0.0067,0.0000,0.0000,0.0000,0.0066,0.0001,200,16.5194
0.0067,0.0000,0.0000,0.0000,0.0066,0.0001,200,16.5256
0.0068,0.0000,0.0000,0.0000,0.0067,0.0000,200,16.5256
0.0068,0.0000,0.0000,0.0000,0.0067,0.0000,200,16.5256
0.0104,0.0000,0.0000,0.0000,0.0103,0.0001,200,16.5260
0.0064,0.0000,0.0000,0.0000,0.0063,0.0001,200,16.5323
0.0065,0.0000,0.0000,0.0000,0.0064,0.0001,200,16.5323
0.0068,0.0000,0.0000,0.0000,0.0067,0.0000,200,16.5323
0.0076,0.0000,0.0000,0.0000,0.0075,0.0001,200,16.5364
0.0065,0.0000,0.0000,0.0000,0.0064,0.0001,200,16.5388
0.0066,0.0000,0.0000,0.0000,0.0065,0.0001,200,16.5388
0.0063,0.0000,0.0000,0.0000,0.0062,0.0000,200,16.5391
0.0065,0.0000,0.0000,0.0000,0.0064,0.0001,200,16.5441
0.0085,0.0000,0.0000,0.0000,0.0082,0.0001,200,16.5453
0.0084,0.0000,0.0000,0.0000,0.0084,0.0000,200,16.5454
0.0086,0.0000,0.0000,0.0000,0.0086,0.0000,200,16.5454
0.0079,0.0000,0.0000,0.0000,0.0071,0.0007,200,16.5506
0.0065,0.0000,0.0000,0.0000,0.0065,0.0001,200,16.5538
0.0065,0.0000,0.0000,0.0000,0.0065,0.0000,200,16.5540
0.0073,0.0000,0.0000,0.0000,0.0072,0.0000,200,16.5537
0.0069,0.0000,0.0000,0.0000,0.0068,0.0001,200,16.5585
0.0064,0.0000,0.0000,0.0000,0.0063,0.0001,200,16.5604
0.0064,0.0000,0.0000,0.0000,0.0064,0.0000,200,16.5605
0.0070,0.0000,0.0000,0.0000,0.0063,0.0007,200,16.5610
0.0079,0.0000,0.0000,0.0000,0.0077,0.0001,200,16.5653
0.0066,0.0000,0.0000,0.0000,0.0065,0.0001,200,16.5668
0.0072,0.0000,0.0000,0.0000,0.0065,0.0006,200,16.5669
0.0065,0.0000,0.0000,0.0000,0.0064,0.0000,200,16.5680
0.0069,0.0000,0.0000,0.0000,0.0068,0.0001,200,16.5734
0.0079,0.0000,0.0000,0.0000,0.0070,0.0001,200,16.5732
0.0096,0.0000,0.0000,0.0000,0.0095,0.0001,200,16.5746
0.0101,0.0000,0.0000,0.0000,0.0100,0.0000,200,16.5741
0.0066,0.0000,0.0000,0.0000,0.0065,0.0000,200,16.5804
0.0063,0.0000,0.0000,0.0000,0.0062,0.0001,200,16.5811
0.0065,0.0000,0.0000,0.0000,0.0064,0.0001,200,16.5842
0.0067,0.0000,0.0000,0.0000,0.0066,0.0000,200,16.5842
0.0067,0.0000,0.0000,0.0000,0.0066,0.0001,200,16.5869
0.0067,0.0000,0.0000,0.0000,0.0066,0.0000,200,16.5874
0.0071,0.0000,0.0000,0.0000,0.0069,0.0001,200,16.5907
0.0071,0.0000,0.0000,0.0000,0.0070,0.0001,200,16.5909
0.0082,0.0000,0.0000,0.0000,0.0081,0.0000,200,16.5936
0.0077,0.0000,0.0000,0.0000,0.0076,0.0000,200,16.5941
0.0069,0.0000,0.0000,0.0000,0.0068,0.0000,200,16.5978
0.0068,0.0000,0.0000,0.0000,0.0066,0.0001,200,16.5979
0.0066,0.0000,0.0000,0.0000,0.0065,0.0001,200,16.6018
0.0066,0.0000,0.0000,0.0000,0.0066,0.0000,200,16.6018
0.0065,0.0000,0.0000,0.0000,0.0064,0.0001,200,16.6047
0.0066,0.0000,0.0000,0.0000,0.0066,0.0000,200,16.6047
0.0065,0.0000,0.0000,0.0000,0.0065,0.0000,200,16.6084
0.0065,0.0000,0.0000,0.0000,0.0064,0.0000,200,16.6084
0.0062,0.0000,0.0000,0.0000,0.0061,0.0000,200,16.6113
0.0066,0.0000,0.0000,0.0000,0.0066,0.0000,200,16.6112
0.0064,0.0000,0.0000,0.0000,0.0063,0.0000,200,16.6150
0.0079,0.0000,0.0000,0.0000,0.0076,0.0002,200,16.6150
0.0063,0.0000,0.0000,0.0000,0.0063,0.0000,200,16.6175
0.0062,0.0000,0.0000,0.0000,0.0061,0.0001,200,16.6178
0.0085,0.0000,0.0000,0.0000,0.0084,0.0001,200,16.6213
0.0073,0.0000,0.0000,0.0000,0.0072,0.0000,200,16.6228
0.0066,0.0000,0.0000,0.0000,0.0065,0.0001,200,16.6241
0.0070,0.0000,0.0000,0.0000,0.0069,0.0000,200,16.6238
0.0068,0.0000,0.0000,0.0000,0.0067,0.0001,200,16.6301
0.0073,0.0000,0.0000,0.0000,0.0072,0.0000,200,16.6299
0.0065,0.0000,0.0000,0.0000,0.0065,0.0000,200,16.6307
0.0066,0.0000,0.0000,0.0000,0.0066,0.0000,200,16.6308
0.0065,0.0000,0.0000,0.0000,0.0063,0.0001,200,16.6372
0.0069,0.0000,0.0000,0.0000,0.0068,0.0001,200,16.6369
0.0064,0.0000,0.0000,0.0000,0.0064,0.0000,200,16.6374
0.0070,0.0000,0.0000,0.0000,0.0069,0.0001,200,16.6371
0.0065,0.0000,0.0000,0.0000,0.0064,0.0001,200,16.6442
0.0069,0.0000,0.0000,0.0000,0.0068,0.0000,200,16.6437
0.0069,0.0000,0.0000,0.0000,0.0065,0.0003,200,16.6439
0.0070,0.0000,0.0000,0.0000,0.0069,0.0000,200,16.6438
0.0065,0.0000,0.0000,0.0000,0.0064,0.0001,200,16.6507
0.0065,0.0000,0.0000,0.0000,0.0064,0.0000,200,16.6507
0.0065,0.0000,0.0000,0.0000,0.0064,0.0000,200,16.6508
0.0066,0.0000,0.0000,0.0000,0.0065,0.0000,200,16.6506
0.0069,0.0000,0.0000,0.0000,0.0067,0.0001,200,16.6572
0.0071,0.0000,0.0000,0.0000,0.0070,0.0001,200,16.6572
0.0070,0.0000,0.0000,0.0000,0.0069,0.0001,200,16.6573
0.0071,0.0000,0.0000,0.0000,0.0070,0.0000,200,16.6573
0.0064,0.0000,0.0000,0.0000,0.0063,0.0001,200,16.6643
0.0066,0.0000,0.0000,0.0000,0.0066,0.0000,200,16.6641
0.0066,0.0000,0.0000,0.0000,0.0066,0.0000,200,16.6642
0.0066,0.0000,0.0000,0.0000,0.0066,0.0000,200,16.6642
0.0071,0.0000,0.0000,0.0000,0.0070,0.0000,200,16.6707
0.0071,0.0000,0.0000,0.0000,0.0069,0.0002,200,16.6709
0.0073,0.0000,0.0000,0.0000,0.0072,0.0000,200,16.6707
0.0072,0.0000,0.0000,0.0000,0.0071,0.0000,200,16.6709
0.0067,0.0000,0.0000,0.0000,0.0066,0.0001,200,16.6778
0.0066,0.0000,0.0000,0.0000,0.0065,0.0000,200,16.6780
0.0068,0.0000,0.0000,0.0000,0.0067,0.0000,200,16.6779
0.0068,0.0000,0.0000,0.0000,0.0068,0.0000,200,16.6780
0.0065,0.0000,0.0000,0.0000,0.0064,0.0001,200,16.6846
0.0067,0.0000,0.0000,0.0000,0.0066,0.0001,200,16.6846
0.0069,0.0000,0.0000,0.0000,0.0068,0.0000,200,16.6847
0.0069,0.0000,0.0000,0.0000,0.0068,0.0000,200,16.6848
0.0068,0.0000,0.0000,0.0000,0.0067,0.0001,200,16.6911
0.0065,0.0000,0.0000,0.0000,0.0065,0.0000,200,16.6916
0.0076,0.0000,0.0000,0.0000,0.0075,0.0000,200,16.6913
0.0073,0.0000,0.0000,0.0000,0.0072,0.0001,200,16.6916
0.0064,0.0000,0.0000,0.0000,0.0063,0.0001,200,16.6989
0.0072,0.0000,0.0000,0.0000,0.0071,0.0000,200,16.6981
0.0073,0.0000,0.0000,0.0000,0.0072,0.0001,200,16.6980
0.0065,0.0000,0.0000,0.0000,0.0065,0.0000,200,16.6989
0.0067,0.0000,0.0000,0.0000,0.0066,0.0001,200,16.7053
0.0067,0.0000,0.0000,0.0000,0.0066,0.0000,200,16.7053
0.0067,0.0000,0.0000,0.0000,0.0067,0.0000,200,16.7053
0.0068,0.0000,0.0000,0.0000,0.0067,0.0000,200,16.7055
0.0068,0.0000,0.0000,0.0000,0.0066,0.0001,200,16.7120
0.0065,0.0000,0.0000,0.0000,0.0064,0.0000,200,16.7123
0.0068,0.0000,0.0000,0.0000,0.0067,0.0000,200,16.7120
0.0069,0.0000,0.0000,0.0000,0.0069,0.0000,200,16.7120
0.0065,0.0000,0.0000,0.0000,0.0064,0.0001,200,16.7188
0.0066,0.0000,0.0000,0.0000,0.0064,0.0001,200,16.7188
0.0064,0.0000,0.0000,0.0000,0.0064,0.0000,200,16.7189
0.0067,0.0000,0.0000,0.0000,0.0066,0.0000,200,16.7187
0.0066,0.0000,0.0000,0.0000,0.0065,0.0000,200,16.7253
0.0066,0.0000,0.0000,0.0000,0.0065,0.0000,200,16.7254
0.0066,0.0000,0.0000,0.0000,0.0065,0.0001,200,16.7253
0.0066,0.0000,0.0000,0.0000,0.0064,0.0001,200,16.7253
0.0064,0.0000,0.0000,0.0000,0.0063,0.0000,200,16.7319
0.0064,0.0000,0.0000,0.0000,0.0063,0.0000,200,16.7319
0.0064,0.0000,0.0000,0.0000,0.0063,0.0001,200,16.7320
0.0065,0.0000,0.0000,0.0000,0.0064,0.0000,200,16.7319
0.0069,0.0000,0.0000,0.0000,0.0068,0.0001,200,16.7384
0.0074,0.0000,0.0000,0.0000,0.0073,0.0000,200,16.7384
0.0075,0.0000,0.0000,0.0000,0.0074,0.0000,200,16.7384
0.0076,0.0000,0.0000,0.0000,0.0075,0.0000,200,16.7384
0.0070,0.0000,0.0000,0.0000,0.0068,0.0001,200,16.7452
0.0067,0.0000,0.0000,0.0000,0.0067,0.0000,200,16.7457
0.0066,0.0000,0.0000,0.0000,0.0066,0.0000,200,16.7460
0.0067,0.0000,0.0000,0.0000,0.0067,0.0000,200,16.7459
0.0068,0.0000,0.0000,0.0000,0.0066,0.0001,200,16.7522
0.0066,0.0000,0.0000,0.0000,0.0065,0.0000,200,16.7526
0.0067,0.0000,0.0000,0.0000,0.0065,0.0002,200,16.7525
0.0066,0.0000,0.0000,0.0000,0.0065,0.0000,200,16.7526
0.0066,0.0000,0.0000,0.0000,0.0065,0.0001,200,16.7591
0.0065,0.0000,0.0000,0.0000,0.0064,0.0001,200,16.7592
0.0069,0.0000,0.0000,0.0000,0.0068,0.0000,200,16.7589
0.0066,0.0000,0.0000,0.0000,0.0063,0.0000,200,16.7592
0.0066,0.0000,0.0000,0.0000,0.0065,0.0001,200,16.7658
0.0065,0.0000,0.0000,0.0000,0.0065,0.0000,200,16.7658
0.0067,0.0000,0.0000,0.0000,0.0066,0.0000,200,16.7657
0.0066,0.0000,0.0000,0.0000,0.0065,0.0000,200,16.7658
0.0067,0.0000,0.0000,0.0000,0.0066,0.0001,200,16.7723
0.0067,0.0000,0.0000,0.0000,0.0066,0.0000,200,16.7724
0.0075,0.0000,0.0000,0.0000,0.0074,0.0000,200,16.7724
0.0075,0.0000,0.0000,0.0000,0.0075,0.0000,200,16.7724
0.0071,0.0000,0.0000,0.0000,0.0071,0.0000,200,16.7790
0.0063,0.0000,0.0000,0.0000,0.0062,0.0001,200,16.7799
0.0063,0.0000,0.0000,0.0000,0.0063,0.0000,200,16.7799
0.0072,0.0000,0.0000,0.0000,0.0071,0.0000,200,16.7791
0.0066,0.0000,0.0000,0.0000,0.0065,0.0000,200,16.7863
0.0067,0.0000,0.0000,0.0000,0.0066,0.0001,200,16.7862
0.0066,0.0000,0.0000,0.0000,0.0065,0.0000,200,16.7863
0.0067,0.0000,0.0000,0.0000,0.0066,0.0001,200,16.7862
0.0066,0.0000,0.0000,0.0000,0.0066,0.0000,200,16.7929
0.0066,0.0000,0.0000,0.0000,0.0065,0.0001,200,16.7929
0.0066,0.0000,0.0000,0.0000,0.0066,0.0000,200,16.7929
0.0067,0.0000,0.0000,0.0000,0.0067,0.0000,200,16.7929
0.0068,0.0000,0.0000,0.0000,0.0066,0.0001,200,16.7995
0.0069,0.0000,0.0000,0.0000,0.0068,0.0000,200,16.7995
0.0070,0.0000,0.0000,0.0000,0.0069,0.0000,200,16.7995
0.0070,0.0000,0.0000,0.0000,0.0069,0.0000,200,16.7996
0.0076,0.0000,0.0000,0.0000,0.0075,0.0001,200,16.8065
0.0077,0.0000,0.0000,0.0000,0.0076,0.0001,200,16.8064
0.0079,0.0000,0.0000,0.0000,0.0079,0.0000,200,16.8064
0.0115,0.0000,0.0000,0.0000,0.0114,0.0001,200,16.8063
0.0068,0.0000,0.0000,0.0000,0.0067,0.0001,200,16.8143
0.0071,0.0000,0.0000,0.0000,0.0071,0.0000,200,16.8142
0.0072,0.0000,0.0000,0.0000,0.0071,0.0000,200,16.8141
0.0077,0.0000,0.0000,0.0000,0.0075,0.0001,200,16.8178
0.0068,0.0000,0.0000,0.0000,0.0067,0.0001,200,16.8211
0.0067,0.0000,0.0000,0.0000,0.0067,0.0000,200,16.8213
0.0069,0.0000,0.0000,0.0000,0.0069,0.0000,200,16.8213
0.0068,0.0000,0.0000,0.0000,0.0066,0.0001,200,16.8254
0.0068,0.0000,0.0000,0.0000,0.0067,0.0001,200,16.8280
0.0077,0.0000,0.0000,0.0000,0.0076,0.0001,200,16.8279
0.0081,0.0000,0.0000,0.0001,0.0079,0.0000,200,16.8283
0.0078,0.0000,0.0000,0.0000,0.0077,0.0000,200,16.8322
0.0064,0.0000,0.0000,0.0000,0.0063,0.0001,200,16.8349
0.0071,0.0000,0.0000,0.0000,0.0069,0.0002,200,16.8364
0.0081,0.0000,0.0000,0.0000,0.0080,0.0000,200,16.8357
0.0078,0.0000,0.0000,0.0000,0.0077,0.0001,200,16.8400
0.0066,0.0000,0.0000,0.0000,0.0065,0.0001,200,16.8413
0.0067,0.0000,0.0000,0.0000,0.0065,0.0001,200,16.8434
0.0079,0.0000,0.0000,0.0000,0.0076,0.0001,200,16.8438
0.0071,0.0000,0.0000,0.0000,0.0069,0.0002,200,16.8478
0.0071,0.0000,0.0000,0.0000,0.0071,0.0000,200,16.8479
0.0067,0.0000,0.0000,0.0000,0.0066,0.0001,200,16.8501
0.0070,0.0000,0.0000,0.0000,0.0069,0.0001,200,16.8517
0.0065,0.0000,0.0000,0.0000,0.0064,0.0001,200,16.8550
0.0066,0.0000,0.0000,0.0000,0.0065,0.0001,200,16.8568
0.0085,0.0000,0.0000,0.0000,0.0085,0.0000,200,16.8550
0.0083,0.0000,0.0000,0.0000,0.0081,0.0002,200,16.8587
0.0077,0.0000,0.0000,0.0000,0.0076,0.0001,200,16.8615
0.0062,0.0000,0.0000,0.0000,0.0061,0.0000,200,16.8635
0.0065,0.0000,0.0000,0.0000,0.0064,0.0000,200,16.8634
0.0072,0.0000,0.0000,0.0001,0.0069,0.0001,200,16.8671
0.0065,0.0000,0.0000,0.0000,0.0064,0.0001,200,16.8692
0.0064,0.0000,0.0000,0.0000,0.0063,0.0000,200,16.8699
0.0067,0.0000,0.0000,0.0000,0.0066,0.0001,200,16.8697
0.0066,0.0000,0.0000,0.0000,0.0065,0.0001,200,16.8742
0.0067,0.0000,0.0000,0.0000,0.0065,0.0001,200,16.8757
0.0064,0.0000,0.0000,0.0000,0.0063,0.0000,200,16.8762
0.0074,0.0000,0.0000,0.0000,0.0073,0.0000,200,16.8764
0.0068,0.0000,0.0000,0.0000,0.0067,0.0001,200,16.8809
0.0065,0.0000,0.0000,0.0000,0.0064,0.0000,200,16.8824
0.0067,0.0000,0.0000,0.0000,0.0066,0.0000,200,16.8826
0.0066,0.0000,0.0000,0.0000,0.0065,0.0000,200,16.8838
0.0065,0.0000,0.0000,0.0000,0.0064,0.0001,200,16.8876
0.0064,0.0000,0.0000,0.0000,0.0063,0.0001,200,16.8889
0.0062,0.0000,0.0000,0.0000,0.0061,0.0000,200,16.8893
0.0064,0.0000,0.0000,0.0000,0.0063,0.0001,200,16.8904
0.0069,0.0000,0.0000,0.0000,0.0068,0.0001,200,16.8942
0.0062,0.0000,0.0000,0.0000,0.0062,0.0000,200,16.8954
0.0065,0.0000,0.0000,0.0000,0.0064,0.0000,200,16.8953
0.0072,0.0000,0.0000,0.0000,0.0071,0.0000,200,16.8969
0.0064,0.0000,0.0000,0.0000,0.0063,0.0000,200,16.9011
0.0085,0.0000,0.0000,0.0000,0.0084,0.0000,200,16.9017
0.0083,0.0000,0.0000,0.0000,0.0082,0.0000,200,16.9019
0.0064,0.0000,0.0000,0.0000,0.0064,0.0000,200,16.9041
0.0063,0.0000,0.0000,0.0000,0.0062,0.0001,200,16.9075
0.0065,0.0000,0.0000,0.0000,0.0064,0.0001,200,16.9102
0.0064,0.0000,0.0000,0.0000,0.0063,0.0000,200,16.9106
0.0069,0.0000,0.0000,0.0000,0.0068,0.0000,200,16.9102
0.0068,0.0000,0.0000,0.0000,0.0067,0.0001,200,16.9138
0.0066,0.0000,0.0000,0.0000,0.0065,0.0001,200,16.9167
0.0064,0.0000,0.0000,0.0000,0.0063,0.0001,200,16.9170
0.0073,0.0000,0.0000,0.0000,0.0073,0.0000,200,16.9169
0.0069,0.0000,0.0000,0.0000,0.0068,0.0000,200,16.9206
0.0065,0.0000,0.0000,0.0000,0.0064,0.0001,200,16.9234
0.0067,0.0000,0.0000,0.0000,0.0066,0.0000,200,16.9233
0.0063,0.0000,0.0000,0.0000,0.0062,0.0001,200,16.9243
0.0086,0.0000,0.0000,0.0000,0.0085,0.0001,200,16.9275
0.0065,0.0000,0.0000,0.0000,0.0064,0.0000,200,16.9299
0.0068,0.0000,0.0000,0.0000,0.0067,0.0001,200,16.9300
0.0073,0.0000,0.0000,0.0000,0.0072,0.0001,200,16.9306
0.0067,0.0000,0.0000,0.0000,0.0066,0.0001,200,16.9368
0.0076,0.0000,0.0000,0.0000,0.0075,0.0000,200,16.9364
0.0085,0.0000,0.0000,0.0000,0.0084,0.0000,200,16.9361
0.0069,0.0000,0.0000,0.0000,0.0069,0.0000,200,16.9379
0.0078,0.0000,0.0000,0.0000,0.0077,0.0001,200,16.9435
0.0065,0.0000,0.0000,0.0000,0.0064,0.0000,200,16.9448
0.0073,0.0000,0.0000,0.0000,0.0073,0.0000,200,16.9440
0.0070,0.0000,0.0000,0.0000,0.0069,0.0000,200,16.9446
0.0065,0.0000,0.0000,0.0000,0.0065,0.0000,200,16.9516
0.0068,0.0000,0.0000,0.0000,0.0067,0.0001,200,16.9513
0.0069,0.0000,0.0000,0.0000,0.0068,0.0000,200,16.9513
0.0069,0.0000,0.0000,0.0000,0.0068,0.0000,200,16.9513
0.0066,0.0000,0.0000,0.0000,0.0065,0.0001,200,16.9582
0.0067,0.0000,0.0000,0.0000,0.0066,0.0000,200,16.9582
0.0067,0.0000,0.0000,0.0000,0.0066,0.0000,200,16.9582
0.0067,0.0000,0.0000,0.0000,0.0066,0.0000,200,16.9582
0.0066,0.0000,0.0000,0.0000,0.0065,0.0001,200,16.9648
0.0070,0.0000,0.0000,0.0000,0.0069,0.0000,200,16.9648
0.0071,0.0000,0.0000,0.0000,0.0070,0.0000,200,16.9648
0.0071,0.0000,0.0000,0.0000,0.0070,0.0000,200,16.9648
0.0065,0.0000,0.0000,0.0000,0.0065,0.0001,200,16.9719
0.0065,0.0000,0.0000,0.0000,0.0064,0.0000,200,16.9719
0.0066,0.0000,0.0000,0.0000,0.0066,0.0000,200,16.9718
0.0070,0.0000,0.0000,0.0000,0.0070,0.0000,200,16.9715
0.0074,0.0000,0.0000,0.0000,0.0072,0.0001,200,16.9785
0.0075,0.0000,0.0000,0.0000,0.0073,0.0001,200,16.9784
0.0075,0.0000,0.0000,0.0000,0.0074,0.0000,200,16.9784
0.0083,0.0000,0.0000,0.0000,0.0082,0.0000,200,16.9785
0.0066,0.0000,0.0000,0.0000,0.0064,0.0001,200,16.9859
0.0066,0.0000,0.0000,0.0000,0.0065,0.0000,200,16.9859
0.0066,0.0000,0.0000,0.0000,0.0066,0.0000,200,16.9859
0.0063,0.0000,0.0000,0.0000,0.0062,0.0001,200,16.9868
0.0065,0.0000,0.0000,0.0000,0.0064,0.0001,200,16.9925
0.0066,0.0000,0.0000,0.0000,0.0065,0.0001,200,16.9924
0.0066,0.0000,0.0000,0.0000,0.0065,0.0001,200,16.9924
0.0066,0.0000,0.0000,0.0000,0.0065,0.0000,200,16.9931
0.0069,0.0000,0.0000,0.0000,0.0068,0.0001,200,16.9990
0.0070,0.0000,0.0000,0.0000,0.0065,0.0004,200,16.9990
0.0064,0.0000,0.0000,0.0000,0.0063,0.0000,200,16.9997
0.0072,0.0000,0.0000,0.0000,0.0071,0.0000,200,16.9990
0.0067,0.0000,0.0000,0.0000,0.0065,0.0001,200,17.0061
0.0068,0.0000,0.0000,0.0000,0.0067,0.0001,200,17.0060
0.0069,0.0000,0.0000,0.0000,0.0068,0.0000,200,17.0059
0.0068,0.0000,0.0000,0.0000,0.0068,0.0000,200,17.0062
0.0067,0.0000,0.0000,0.0000,0.0066,0.0001,200,17.0128
0.0067,0.0000,0.0000,0.0000,0.0067,0.0000,200,17.0128
0.0067,0.0000,0.0000,0.0000,0.0066,0.0000,200,17.0127
0.0064,0.0000,0.0000,0.0000,0.0064,0.0000,200,17.0130
0.0068,0.0000,0.0000,0.0000,0.0067,0.0001,200,17.0194
0.0068,0.0000,0.0000,0.0000,0.0067,0.0000,200,17.0195
0.0068,0.0000,0.0000,0.0000,0.0067,0.0000,200,17.0195
0.0073,0.0000,0.0000,0.0000,0.0071,0.0001,200,17.0195
0.0067,0.0000,0.0000,0.0000,0.0065,0.0001,200,17.0262
0.0067,0.0000,0.0000,0.0000,0.0067,0.0000,200,17.0262
0.0064,0.0000,0.0000,0.0000,0.0063,0.0000,200,17.0267
0.0085,0.0000,0.0000,0.0000,0.0084,0.0001,200,17.0262
0.0066,0.0000,0.0000,0.0000,0.0065,0.0001,200,17.0329
0.0067,0.0000,0.0000,0.0000,0.0066,0.0000,200,17.0330
0.0065,0.0000,0.0000,0.0000,0.0065,0.0000,200,17.0332
0.0078,0.0000,0.0000,0.0000,0.0077,0.0001,200,17.0347
0.0077,0.0000,0.0000,0.0000,0.0076,0.0001,200,17.0395
0.0085,0.0000,0.0000,0.0000,0.0084,0.0000,200,17.0397
0.0072,0.0000,0.0000,0.0000,0.0071,0.0001,200,17.0425
0.0104,0.0000,0.0000,0.0000,0.0103,0.0001,200,17.0397
0.0066,0.0000,0.0000,0.0000,0.0065,0.0001,200,17.0472
0.0066,0.0000,0.0000,0.0000,0.0065,0.0000,200,17.0481
0.0067,0.0000,0.0000,0.0000,0.0066,0.0000,200,17.0497
0.0064,0.0000,0.0000,0.0000,0.0063,0.0000,200,17.0501
0.0068,0.0000,0.0000,0.0000,0.0067,0.0001,200,17.0538
0.0066,0.0000,0.0000,0.0000,0.0065,0.0000,200,17.0547
0.0065,0.0000,0.0000,0.0000,0.0065,0.0000,200,17.0564
0.0104,0.0000,0.0000,0.0000,0.0103,0.0001,200,17.0565
0.0064,0.0000,0.0000,0.0000,0.0063,0.0000,200,17.0606
0.0063,0.0000,0.0000,0.0000,0.0062,0.0000,200,17.0613
0.0069,0.0000,0.0000,0.0000,0.0068,0.0000,200,17.0629
0.0066,0.0000,0.0000,0.0000,0.0065,0.0001,200,17.0668
0.0063,0.0000,0.0000,0.0000,0.0062,0.0000,200,17.0676
0.0070,0.0000,0.0000,0.0000,0.0069,0.0001,200,17.0670
0.0063,0.0000,0.0000,0.0000,0.0062,0.0000,200,17.0698
0.0067,0.0000,0.0000,0.0000,0.0066,0.0001,200,17.0734
0.0065,0.0000,0.0000,0.0000,0.0064,0.0000,200,17.0739
0.0065,0.0000,0.0000,0.0000,0.0065,0.0000,200,17.0740
0.0064,0.0000,0.0000,0.0000,0.0063,0.0000,200,17.0761
0.0066,0.0000,0.0000,0.0000,0.0065,0.0001,200,17.0801
0.0067,0.0000,0.0000,0.0000,0.0066,0.0000,200,17.0804
0.0068,0.0000,0.0000,0.0000,0.0067,0.0000,200,17.0805
0.0063,0.0000,0.0000,0.0000,0.0062,0.0000,200,17.0824
0.0066,0.0000,0.0000,0.0000,0.0065,0.0001,200,17.0867
0.0064,0.0000,0.0000,0.0000,0.0063,0.0000,200,17.0873
0.0069,0.0000,0.0000,0.0000,0.0069,0.0000,200,17.0871
0.0064,0.0000,0.0000,0.0000,0.0063,0.0001,200,17.0887
0.0072,0.0000,0.0000,0.0000,0.0071,0.0001,200,17.0933
0.0066,0.0000,0.0000,0.0000,0.0065,0.0000,200,17.0940
0.0070,0.0000,0.0000,0.0000,0.0069,0.0000,200,17.0937
0.0087,0.0000,0.0000,0.0000,0.0086,0.0001,200,17.0952
0.0065,0.0000,0.0000,0.0000,0.0064,0.0001,200,17.1005
0.0066,0.0000,0.0000,0.0000,0.0065,0.0000,200,17.1006
0.0069,0.0000,0.0000,0.0000,0.0068,0.0000,200,17.1006
0.0068,0.0000,0.0000,0.0000,0.0066,0.0001,200,17.1039
0.0088,0.0000,0.0000,0.0000,0.0087,0.0001,200,17.1070
0.0084,0.0000,0.0000,0.0000,0.0083,0.0000,200,17.1075
0.0102,0.0000,0.0000,0.0000,0.0102,0.0001,200,17.1072
0.0069,0.0000,0.0000,0.0000,0.0069,0.0000,200,17.1107
0.0070,0.0000,0.0000,0.0000,0.0069,0.0001,200,17.1158
0.0081,0.0000,0.0000,0.0000,0.0080,0.0001,200,17.1159
0.0067,0.0000,0.0000,0.0000,0.0067,0.0000,200,17.1176
0.0071,0.0000,0.0000,0.0000,0.0069,0.0002,200,17.1174
0.0066,0.0000,0.0000,0.0000,0.0065,0.0001,200,17.1228
0.0065,0.0000,0.0000,0.0000,0.0064,0.0001,200,17.1240
0.0066,0.0000,0.0000,0.0000,0.0065,0.0000,200,17.1245
0.0068,0.0000,0.0000,0.0000,0.0067,0.0000,200,17.1244
0.0068,0.0000,0.0000,0.0000,0.0066,0.0001,200,17.1294
0.0070,0.0000,0.0000,0.0000,0.0069,0.0001,200,17.1305
0.0067,0.0000,0.0000,0.0000,0.0066,0.0000,200,17.1311
0.0079,0.0000,0.0000,0.0000,0.0078,0.0000,200,17.1311
0.0069,0.0000,0.0000,0.0000,0.0067,0.0001,200,17.1361
0.0066,0.0000,0.0000,0.0000,0.0065,0.0001,200,17.1375
0.0072,0.0000,0.0000,0.0000,0.0071,0.0001,200,17.1378
0.0077,0.0000,0.0000,0.0000,0.0076,0.0001,200,17.1390
0.0072,0.0000,0.0000,0.0000,0.0071,0.0001,200,17.1430
0.0076,0.0000,0.0000,0.0000,0.0073,0.0003,200,17.1441
0.0068,0.0000,0.0000,0.0000,0.0066,0.0001,200,17.1451
0.0066,0.0000,0.0000,0.0000,0.0065,0.0001,200,17.1467
0.0081,0.0000,0.0000,0.0010,0.0069,0.0001,200,17.1502
0.0066,0.0000,0.0000,0.0000,0.0064,0.0001,200,17.1518
0.0068,0.0000,0.0000,0.0000,0.0067,0.0001,200,17.1533
0.0085,0.0000,0.0000,0.0009,0.0076,0.0000,200,17.1517
0.0070,0.0000,0.0000,0.0001,0.0068,0.0001,200,17.1583
0.0067,0.0000,0.0000,0.0000,0.0067,0.0000,200,17.1601
0.0084,0.0000,0.0000,0.0000,0.0083,0.0001,200,17.1585
0.0083,0.0000,0.0000,0.0000,0.0082,0.0001,200,17.1602
0.0066,0.0000,0.0000,0.0000,0.0066,0.0001,200,17.1668
0.0082,0.0000,0.0000,0.0000,0.0081,0.0001,200,17.1653
0.0067,0.0000,0.0000,0.0000,0.0066,0.0000,200,17.1669
0.0067,0.0000,0.0000,0.0000,0.0066,0.0001,200,17.1685
0.0065,0.0000,0.0000,0.0000,0.0065,0.0001,200,17.1736
0.0066,0.0000,0.0000,0.0000,0.0065,0.0001,200,17.1735
0.0070,0.0000,0.0000,0.0000,0.0070,0.0000,200,17.1735
0.0065,0.0000,0.0000,0.0000,0.0064,0.0000,200,17.1752
0.0064,0.0000,0.0000,0.0000,0.0063,0.0001,200,17.1801
0.0063,0.0000,0.0000,0.0000,0.0062,0.0001,200,17.1805
0.0068,0.0000,0.0000,0.0000,0.0067,0.0000,200,17.1801
0.0081,0.0000,0.0000,0.0000,0.0080,0.0001,200,17.1816
0.0065,0.0000,0.0000,0.0000,0.0064,0.0000,200,17.1868
0.0064,0.0000,0.0000,0.0000,0.0064,0.0000,200,17.1869
0.0068,0.0000,0.0000,0.0000,0.0067,0.0000,200,17.1866
0.0071,0.0000,0.0000,0.0000,0.0070,0.0001,200,17.1897
0.0065,0.0000,0.0000,0.0000,0.0063,0.0001,200,17.1933
0.0068,0.0000,0.0000,0.0000,0.0067,0.0000,200,17.1933
0.0068,0.0000,0.0000,0.0000,0.0067,0.0000,200,17.1934
0.0090,0.0000,0.0000,0.0000,0.0089,0.0001,200,17.1968
0.0067,0.0000,0.0000,0.0000,0.0066,0.0001,200,17.2001
0.0071,0.0000,0.0000,0.0000,0.0070,0.0000,200,17.1999
0.0069,0.0000,0.0000,0.0000,0.0069,0.0000,200,17.2002
0.0077,0.0000,0.0000,0.0000,0.0076,0.0001,200,17.2058
0.0066,0.0000,0.0000,0.0000,0.0065,0.0000,200,17.2071
0.0068,0.0000,0.0000,0.0000,0.0067,0.0000,200,17.2069
0.0082,0.0000,0.0000,0.0000,0.0081,0.0001,200,17.2067
0.0071,0.0000,0.0000,0.0000,0.0070,0.0001,200,17.2136
0.0073,0.0000,0.0000,0.0000,0.0072,0.0000,200,17.2135
0.0072,0.0000,0.0000,0.0000,0.0071,0.0000,200,17.2137
0.0068,0.0000,0.0000,0.0000,0.0067,0.0001,200,17.2149
0.0067,0.0000,0.0000,0.0000,0.0066,0.0001,200,17.2207
0.0066,0.0000,0.0000,0.0000,0.0065,0.0000,200,17.2209
0.0066,0.0000,0.0000,0.0000,0.0066,0.0000,200,17.2209
0.0065,0.0000,0.0000,0.0000,0.0064,0.0000,200,17.2218
0.0074,0.0000,0.0000,0.0000,0.0073,0.0001,200,17.2275
0.0074,0.0000,0.0000,0.0000,0.0073,0.0001,200,17.2274
0.0077,0.0000,0.0000,0.0000,0.0076,0.0000,200,17.2275
0.0070,0.0000,0.0000,0.0000,0.0069,0.0000,200,17.2283
0.0067,0.0000,0.0000,0.0000,0.0066,0.0001,200,17.2348
0.0064,0.0000,0.0000,0.0000,0.0063,0.0000,200,17.2352
0.0068,0.0000,0.0000,0.0000,0.0067,0.0000,200,17.2348
0.0068,0.0000,0.0000,0.0000,0.0068,0.0001,200,17.2352
0.0064,0.0000,0.0000,0.0000,0.0063,0.0001,200,17.2416
0.0064,0.0000,0.0000,0.0000,0.0063,0.0000,200,17.2416
0.0066,0.0000,0.0000,0.0000,0.0065,0.0001,200,17.2416
0.0076,0.0000,0.0000,0.0000,0.0076,0.0001,200,17.2420
0.0076,0.0000,0.0000,0.0000,0.0075,0.0001,200,17.2482
0.0079,0.0000,0.0000,0.0000,0.0079,0.0000,200,17.2480
0.0081,0.0000,0.0000,0.0000,0.0080,0.0000,200,17.2480
0.0089,0.0000,0.0000,0.0000,0.0088,0.0001,200,17.2497
0.0065,0.0000,0.0000,0.0000,0.0064,0.0000,200,17.2559
0.0065,0.0000,0.0000,0.0000,0.0064,0.0000,200,17.2561
0.0068,0.0000,0.0000,0.0000,0.0067,0.0000,200,17.2558
0.0064,0.0000,0.0000,0.0000,0.0063,0.0000,200,17.2586
0.0062,0.0000,0.0000,0.0000,0.0061,0.0000,200,17.2626
0.0062,0.0000,0.0000,0.0000,0.0062,0.0000,200,17.2626
0.0064,0.0000,0.0000,0.0000,0.0063,0.0001,200,17.2625
0.0066,0.0000,0.0000,0.0000,0.0065,0.0000,200,17.2650
0.0066,0.0000,0.0000,0.0000,0.0065,0.0001,200,17.2688
0.0066,0.0000,0.0000,0.0000,0.0065,0.0000,200,17.2688
0.0067,0.0000,0.0000,0.0000,0.0066,0.0001,200,17.2689
0.0068,0.0000,0.0000,0.0000,0.0067,0.0001,200,17.2716
0.0066,0.0000,0.0000,0.0000,0.0065,0.0001,200,17.2754
0.0067,0.0000,0.0000,0.0000,0.0066,0.0000,200,17.2755
0.0067,0.0000,0.0000,0.0000,0.0067,0.0000,200,17.2756
0.0066,0.0000,0.0000,0.0000,0.0065,0.0001,200,17.2784
0.0065,0.0000,0.0000,0.0000,0.0064,0.0001,200,17.2820
0.0066,0.0000,0.0000,0.0000,0.0064,0.0001,200,17.2822
0.0070,0.0000,0.0000,0.0000,0.0070,0.0000,200,17.2823
0.0083,0.0000,0.0000,0.0000,0.0082,0.0001,200,17.2850
0.0071,0.0000,0.0000,0.0001,0.0069,0.0001,200,17.2886
0.0072,0.0000,0.0000,0.0000,0.0071,0.0000,200,17.2887
0.0100,0.0000,0.0000,0.0000,0.0099,0.0001,200,17.2894
0.0068,0.0000,0.0000,0.0001,0.0066,0.0001,200,17.2934
0.0069,0.0000,0.0000,0.0000,0.0068,0.0001,200,17.2959
0.0073,0.0000,0.0000,0.0000,0.0063,0.0000,200,17.2957
0.0069,0.0000,0.0000,0.0000,0.0068,0.0001,200,17.2994
0.0086,0.0000,0.0000,0.0000,0.0085,0.0001,200,17.3002
0.0066,0.0000,0.0000,0.0000,0.0065,0.0000,200,17.3028
0.0064,0.0000,0.0000,0.0000,0.0063,0.0000,200,17.3030
0.0067,0.0000,0.0000,0.0000,0.0065,0.0001,200,17.3063
0.0065,0.0000,0.0000,0.0000,0.0064,0.0000,200,17.3088
0.0064,0.0000,0.0000,0.0000,0.0063,0.0000,200,17.3093
0.0065,0.0000,0.0000,0.0000,0.0064,0.0000,200,17.3093
0.0066,0.0000,0.0000,0.0000,0.0065,0.0001,200,17.3130
0.0065,0.0000,0.0000,0.0000,0.0065,0.0000,200,17.3153
0.0063,0.0000,0.0000,0.0000,0.0062,0.0000,200,17.3157
0.0100,0.0000,0.0000,0.0000,0.0099,0.0001,200,17.3158
0.0066,0.0000,0.0000,0.0000,0.0065,0.0000,200,17.3196
0.0068,0.0000,0.0000,0.0000,0.0068,0.0001,200,17.3220
0.0071,0.0000,0.0000,0.0000,0.0070,0.0000,200,17.3218
0.0074,0.0000,0.0000,0.0000,0.0073,0.0001,200,17.3263
0.0079,0.0000,0.0000,0.0000,0.0078,0.0001,200,17.3258
0.0065,0.0000,0.0000,0.0000,0.0064,0.0001,200,17.3288
0.0066,0.0000,0.0000,0.0000,0.0066,0.0001,200,17.3289
0.0063,0.0000,0.0000,0.0000,0.0062,0.0001,200,17.3337
0.0067,0.0000,0.0000,0.0000,0.0066,0.0001,200,17.3337
0.0072,0.0000,0.0000,0.0000,0.0071,0.0000,200,17.3353
0.0069,0.0000,0.0000,0.0000,0.0068,0.0000,200,17.3356
0.0067,0.0000,0.0000,0.0000,0.0065,0.0001,200,17.3404
0.0080,0.0000,0.0000,0.0000,0.0079,0.0000,200,17.3400
0.0064,0.0000,0.0000,0.0000,0.0063,0.0001,200,17.3425
0.0066,0.0000,0.0000,0.0000,0.0066,0.0000,200,17.3425
0.0066,0.0000,0.0000,0.0000,0.0065,0.0001,200,17.3470
0.0064,0.0000,0.0000,0.0000,0.0063,0.0000,200,17.3480
0.0061,0.0000,0.0000,0.0000,0.0061,0.0000,200,17.3491
0.0064,0.0000,0.0000,0.0000,0.0063,0.0000,200,17.3488
0.0066,0.0000,0.0000,0.0000,0.0065,0.0001,200,17.3536
0.0064,0.0000,0.0000,0.0000,0.0062,0.0001,200,17.3544
0.0063,0.0000,0.0000,0.0000,0.0062,0.0000,200,17.3552
0.0063,0.0000,0.0000,0.0000,0.0062,0.0000,200,17.3552
0.0066,0.0000,0.0000,0.0000,0.0065,0.0001,200,17.3602
0.0064,0.0000,0.0000,0.0000,0.0063,0.0000,200,17.3608
0.0064,0.0000,0.0000,0.0000,0.0063,0.0000,200,17.3615
0.0067,0.0000,0.0000,0.0000,0.0067,0.0000,200,17.3615
0.0064,0.0000,0.0000,0.0000,0.0063,0.0001,200,17.3671
0.0067,0.0000,0.0000,0.0000,0.0066,0.0000,200,17.3668
0.0063,0.0000,0.0000,0.0000,0.0063,0.0000,200,17.3679
0.0061,0.0000,0.0000,0.0000,0.0061,0.0000,200,17.3682
0.0071,0.0000,0.0000,0.0000,0.0070,0.0001,200,17.3735
0.0066,0.0000,0.0000,0.0000,0.0066,0.0000,200,17.3744
0.0076,0.0000,0.0000,0.0000,0.0075,0.0000,200,17.3735
0.0077,0.0000,0.0000,0.0000,0.0076,0.0001,200,17.3742
0.0070,0.0000,0.0000,0.0000,0.0069,0.0001,200,17.3811
0.0066,0.0000,0.0000,0.0000,0.0065,0.0000,200,17.3818
0.0086,0.0000,0.0000,0.0000,0.0085,0.0000,200,17.3810
0.0068,0.0000,0.0000,0.0000,0.0068,0.0000,200,17.3896
0.0084,0.0000,0.0000,0.0000,0.0083,0.0001,200,17.3881
0.0080,0.0000,0.0000,0.0000,0.0080,0.0000,200,17.3885
0.0066,0.0000,0.0000,0.0000,0.0065,0.0001,200,17.3965
0.0066,0.0000,0.0000,0.0000,0.0065,0.0000,200,17.3965
0.0066,0.0000,0.0000,0.0000,0.0065,0.0000,200,17.3965
0.0069,0.0000,0.0000,0.0000,0.0068,0.0001,200,17.4031
0.0069,0.0000,0.0000,0.0000,0.0068,0.0001,200,17.4031
0.0081,0.0000,0.0000,0.0000,0.0080,0.0001,200,17.4031
0.0069,0.0000,0.0000,0.0000,0.0068,0.0001,200,17.4100
0.0067,0.0000,0.0000,0.0000,0.0066,0.0001,200,17.4112
0.0106,0.0000,0.0000,0.0000,0.0105,0.0000,200,17.4100
0.0065,0.0000,0.0000,0.0000,0.0064,0.0001,200,17.4169
0.0064,0.0000,0.0000,0.0000,0.0063,0.0000,200,17.4179
0.0066,0.0000,0.0000,0.0000,0.0065,0.0001,200,17.4206
0.0069,0.0000,0.0000,0.0000,0.0068,0.0001,200,17.4234
0.0064,0.0000,0.0000,0.0000,0.0063,0.0001,200,17.4242
0.0066,0.0000,0.0000,0.0000,0.0064,0.0001,200,17.4272
0.0067,0.0000,0.0000,0.0000,0.0066,0.0001,200,17.4306
0.0072,0.0000,0.0000,0.0000,0.0071,0.0000,200,17.4303
0.0068,0.0000,0.0000,0.0000,0.0066,0.0001,200,17.4337
0.0066,0.0000,0.0000,0.0000,0.0065,0.0001,200,17.4374
0.0064,0.0000,0.0000,0.0000,0.0063,0.0001,200,17.4405
