t,container,cpu_pct,mem_mb
1786646855.83,k8s_queue-proxy_hello-00001-deployment-5d87fff5-xkrrx_default_8b11ea0f-f7c6-49b3-8d80-3156aeeea76d_0,0.0,9.4375
1786646855.83,k8s_queue-proxy_hello-00001-deployment-5d87fff5-98m85_default_3cae8e96-9062-4158-a1fb-6b440d3189d2_0,0.0,8.83984375
1786646855.83,k8s_queue-proxy_hello-00001-deployment-5d87fff5-c2cns_default_1909e42a-7fcf-4a2c-92a4-76d6db34a3c0_0,0.0,9.01953125
1786646855.83,k8s_queue-proxy_hello-00001-deployment-5d87fff5-r4f9x_default_c4e0c1f6-f3f6-4890-a9a4-47f53e89f869_0,0.0,9.07421875
1786646855.83,k8s_queue-proxy_hello-00001-deployment-5d87fff5-dplmj_default_0d5446e3-ab90-4904-a7ab-9f78bc1a3f35_0,0.0,8.73046875
1786646855.83,k8s_queue-proxy_hello-00001-deployment-5d87fff5-9g4kc_default_ac4b605b-5649-4734-8d51-2c2b44c6e1a7_0,0.0,8.8125
1786646855.83,k8s_queue-proxy_hello-00001-deployment-5d87fff5-pbv6v_default_064fa4b3-1fb3-4e80-a4ab-eec1b1d33730_0,0.0,8.7421875
1786646855.83,k8s_queue-proxy_hello-00001-deployment-5d87fff5-rcdpk_default_5c2c5548-4b80-455a-beda-26d3bd80b98d_0,0.0,8.8359375
1786646855.83,k8s_queue-proxy_hello-00001-deployment-5d87fff5-l6d7k_default_c3495acf-c323-4d89-bbee-3dda30d81c82_0,0.0,9.24609375
1786646855.83,k8s_queue-proxy_hello-00001-deployment-5d87fff5-dqpd7_default_bcde0c20-b263-4c22-a755-e5db145c91d6_0,0.0,8.88671875
1786646855.83,k8s_queue-proxy_hello-00001-deployment-5d87fff5-g89nw_default_34486883-7fcc-4e85-9967-4df77081c87e_0,0.0,8.82421875
1786646855.83,k8s_queue-proxy_hello-00001-deployment-5d87fff5-ljsdv_default_058ac6e9-0f43-4cb0-b4f7-c19345b2deba_0,0.0,9.80078125
1786646855.83,k8s_user-container_hello-00001-deployment-5d87fff5-xkrrx_default_8b11ea0f-f7c6-49b3-8d80-3156aeeea76d_0,0.0,15.31640625
1786646855.83,k8s_user-container_hello-00001-deployment-5d87fff5-r4f9x_default_c4e0c1f6-f3f6-4890-a9a4-47f53e89f869_0,0.0,15.31640625
1786646855.83,k8s_user-container_hello-00001-deployment-5d87fff5-c2cns_default_1909e42a-7fcf-4a2c-92a4-76d6db34a3c0_0,0.0,15.3046875
1786646855.83,k8s_user-container_hello-00001-deployment-5d87fff5-98m85_default_3cae8e96-9062-4158-a1fb-6b440d3189d2_0,0.0,15.3125
1786646855.83,k8s_user-container_hello-00001-deployment-5d87fff5-dplmj_default_0d5446e3-ab90-4904-a7ab-9f78bc1a3f35_0,0.0,15.30859375
1786646855.83,k8s_user-container_hello-00001-deployment-5d87fff5-rcdpk_default_5c2c5548-4b80-455a-beda-26d3bd80b98d_0,0.0,15.32421875
1786646855.83,k8s_user-container_hello-00001-deployment-5d87fff5-pbv6v_default_064fa4b3-1fb3-4e80-a4ab-eec1b1d33730_0,0.0,15.30859375
1786646855.83,k8s_user-container_hello-00001-deployment-5d87fff5-9g4kc_default_ac4b605b-5649-4734-8d51-2c2b44c6e1a7_0,0.0,15.3046875
1786646855.83,k8s_queue-proxy_hello-00001-deployment-5d87fff5-tqr95_default_e17efba6-d23a-4969-bf83-3d2c7b60ce09_0,0.0,8.7265625
1786646855.83,k8s_queue-proxy_hello-00001-deployment-5d87fff5-8vq49_default_aa00e6c1-5582-4a57-850f-f45ce0ed05aa_0,0.0,8.7578125
1786646855.83,k8s_queue-proxy_hello-00001-deployment-5d87fff5-fbwqn_default_06fac494-83f8-4d50-b881-64d3e5ba436c_0,0.0,8.671875
1786646855.83,k8s_queue-proxy_hello-00001-deployment-5d87fff5-htdkp_default_d5582b01-287c-4d36-b6d3-2b8e34c0c7d6_0,0.0,8.96875
1786646855.83,k8s_user-container_hello-00001-deployment-5d87fff5-l6d7k_default_c3495acf-c323-4d89-bbee-3dda30d81c82_0,0.0,15.3125
1786646855.83,k8s_user-container_hello-00001-deployment-5d87fff5-dqpd7_default_bcde0c20-b263-4c22-a755-e5db145c91d6_0,0.0,15.30078125
1786646855.83,k8s_user-container_hello-00001-deployment-5d87fff5-ljsdv_default_058ac6e9-0f43-4cb0-b4f7-c19345b2deba_0,0.0,15.30859375
1786646855.83,k8s_user-container_hello-00001-deployment-5d87fff5-g89nw_default_34486883-7fcc-4e85-9967-4df77081c87e_0,0.0,15.30859375
1786646855.83,k8s_user-container_hello-00001-deployment-5d87fff5-tqr95_default_e17efba6-d23a-4969-bf83-3d2c7b60ce09_0,0.0,15.30859375
1786646855.83,k8s_user-container_hello-00001-deployment-5d87fff5-8vq49_default_aa00e6c1-5582-4a57-850f-f45ce0ed05aa_0,0.0,15.3359375
1786646855.83,k8s_user-container_hello-00001-deployment-5d87fff5-htdkp_default_d5582b01-287c-4d36-b6d3-2b8e34c0c7d6_0,0.0,15.33984375
1786646855.83,k8s_user-container_hello-00001-deployment-5d87fff5-fbwqn_default_06fac494-83f8-4d50-b881-64d3e5ba436c_0,0.0,15.3203125
1786646855.83,k8s_POD_hello-00001-deployment-5d87fff5-c2cns_default_1909e42a-7fcf-4a2c-92a4-76d6db34a3c0_0,0.0,0.34375
1786646855.83,k8s_POD_hello-00001-deployment-5d87fff5-xkrrx_default_8b11ea0f-f7c6-49b3-8d80-3156aeeea76d_0,0.0,0.34765625
1786646855.83,k8s_POD_hello-00001-deployment-5d87fff5-r4f9x_default_c4e0c1f6-f3f6-4890-a9a4-47f53e89f869_0,0.0,0.34375
1786646855.83,k8s_POD_hello-00001-deployment-5d87fff5-9g4kc_default_ac4b605b-5649-4734-8d51-2c2b44c6e1a7_0,0.0,0.34765625
1786646855.83,k8s_POD_hello-00001-deployment-5d87fff5-l6d7k_default_c3495acf-c323-4d89-bbee-3dda30d81c82_0,0.0,0.34375
1786646855.83,k8s_POD_hello-00001-deployment-5d87fff5-pbv6v_default_064fa4b3-1fb3-4e80-a4ab-eec1b1d33730_0,0.0,0.34375
1786646855.83,k8s_POD_hello-00001-deployment-5d87fff5-dplmj_default_0d5446e3-ab90-4904-a7ab-9f78bc1a3f35_0,0.0,0.34375
1786646855.83,k8s_POD_hello-00001-deployment-5d87fff5-98m85_default_3cae8e96-9062-4158-a1fb-6b440d3189d2_0,0.0,0.34375
1786646855.83,k8s_POD_hello-00001-deployment-5d87fff5-rcdpk_default_5c2c5548-4b80-455a-beda-26d3bd80b98d_0,0.0,0.34765625
1786646855.83,k8s_POD_hello-00001-deployment-5d87fff5-dqpd7_default_bcde0c20-b263-4c22-a755-e5db145c91d6_0,0.0,0.3515625
1786646855.83,k8s_POD_hello-00001-deployment-5d87fff5-g89nw_default_34486883-7fcc-4e85-9967-4df77081c87e_0,0.0,0.34375
1786646855.83,k8s_POD_hello-00001-deployment-5d87fff5-ljsdv_default_058ac6e9-0f43-4cb0-b4f7-c19345b2deba_0,0.0,0.34765625
1786646855.83,k8s_POD_hello-00001-deployment-5d87fff5-tqr95_default_e17efba6-d23a-4969-bf83-3d2c7b60ce09_0,0.0,0.3515625
1786646855.83,k8s_POD_hello-00001-deployment-5d87fff5-htdkp_default_d5582b01-287c-4d36-b6d3-2b8e34c0c7d6_0,0.0,0.34375
1786646855.83,k8s_POD_hello-00001-deployment-5d87fff5-8vq49_default_aa00e6c1-5582-4a57-850f-f45ce0ed05aa_0,0.0,0.34375
1786646855.83,k8s_POD_hello-00001-deployment-5d87fff5-fbwqn_default_06fac494-83f8-4d50-b881-64d3e5ba436c_0,0.0,0.34765625
1786646855.83,registry,0.0,5.26953125
1786646855.83,k8s_lb-tcp-443_svclb-kourier-32c17a7b-g99k6_kube-system_12a61aac-14f5-4323-985c-bfa66cd375ba_3,0.0,0.3203125
1786646855.83,k8s_lb-tcp-80_svclb-kourier-32c17a7b-g99k6_kube-system_12a61aac-14f5-4323-985c-bfa66cd375ba_3,0.0,2.2890625
1786646855.83,k8s_controller_net-kourier-controller-769cd4d84c-mpvj4_knative-serving_a859182b-3989-44e1-8ad7-068a1efe2192_5,0.0,26.58203125
1786646855.83,k8s_controller_controller-c9767f9c-h8zvb_knative-serving_9a5a04d4-1393-48b2-b655-088fcff5b337_5,0.0,31.828125
1786646855.83,k8s_POD_svclb-kourier-32c17a7b-g99k6_kube-system_12a61aac-14f5-4323-985c-bfa66cd375ba_3,0.0,0.34375
1786646855.83,k8s_kourier-gateway_3scale-kourier-gateway-d95dfffb6-z2zzz_kourier-system_69daf3cc-53df-449a-ba4e-12ca3f124bf1_3,0.0,72.2265625
1786646855.83,k8s_POD_3scale-kourier-gateway-d95dfffb6-z2zzz_kourier-system_69daf3cc-53df-449a-ba4e-12ca3f124bf1_3,0.0,0.33984375
1786646855.83,k8s_local-path-provisioner_local-path-provisioner-58d557dc48-p9j96_kube-system_7fd6cb3b-fa1b-4cf6-91b8-2dc48f5ebd0f_3,0.0,44.98046875
1786646855.83,k8s_POD_local-path-provisioner-58d557dc48-p9j96_kube-system_7fd6cb3b-fa1b-4cf6-91b8-2dc48f5ebd0f_5,0.0,0.33984375
1786646855.83,k8s_metrics-server_metrics-server-6dc596dfb8-46tvx_kube-system_b8abf359-78cf-46b7-afb3-a3cf654e93c0_3,0.0,78.49609375
1786646855.83,k8s_POD_metrics-server-6dc596dfb8-46tvx_kube-system_b8abf359-78cf-46b7-afb3-a3cf654e93c0_7,0.0,0.34375
1786646855.83,k8s_webhook_webhook-7d56465b69-khwt8_knative-serving_a7b84bd9-4373-4bbe-843a-0e2fb9c788d8_3,0.0,59.96875
1786646855.83,k8s_POD_webhook-7d56465b69-khwt8_knative-serving_a7b84bd9-4373-4bbe-843a-0e2fb9c788d8_4,0.0,0.33984375
1786646855.83,k8s_coredns_coredns-54996dc9b4-94zpj_kube-system_86f4a07b-00d4-46a7-a1a6-6f878fb26856_3,0.0,70.46484375
1786646855.83,k8s_activator_activator-67cbcccdfb-t6cg7_knative-serving_af70f812-f578-45d9-aafe-c711ea35ebd4_3,0.0,80.06640625
1786646855.83,k8s_autoscaler_autoscaler-847d45f498-rkvpp_knative-serving_ec82673b-6dc8-472a-9e8a-04e02f65f117_3,0.0,61.10546875
1786646855.83,k8s_POD_controller-c9767f9c-h8zvb_knative-serving_9a5a04d4-1393-48b2-b655-088fcff5b337_3,0.0,0.34375
1786646855.83,k8s_POD_activator-67cbcccdfb-t6cg7_knative-serving_af70f812-f578-45d9-aafe-c711ea35ebd4_3,0.0,0.34765625
1786646855.83,k8s_POD_net-kourier-controller-769cd4d84c-mpvj4_knative-serving_a859182b-3989-44e1-8ad7-068a1efe2192_3,0.0,0.34375
1786646855.83,k8s_POD_coredns-54996dc9b4-94zpj_kube-system_86f4a07b-00d4-46a7-a1a6-6f878fb26856_6,0.0,0.33984375
1786646855.83,k8s_POD_autoscaler-847d45f498-rkvpp_knative-serving_ec82673b-6dc8-472a-9e8a-04e02f65f117_3,0.0,1.0546875
1786646855.84,k8s_queue-proxy_hello-00001-deployment-5d87fff5-xkrrx_default_8b11ea0f-f7c6-49b3-8d80-3156aeeea76d_0,0.0,9.4375
1786646855.84,k8s_queue-proxy_hello-00001-deployment-5d87fff5-98m85_default_3cae8e96-9062-4158-a1fb-6b440d3189d2_0,0.0,8.83984375
1786646855.84,k8s_queue-proxy_hello-00001-deployment-5d87fff5-c2cns_default_1909e42a-7fcf-4a2c-92a4-76d6db34a3c0_0,0.0,9.01953125
1786646855.84,k8s_queue-proxy_hello-00001-deployment-5d87fff5-r4f9x_default_c4e0c1f6-f3f6-4890-a9a4-47f53e89f869_0,0.0,9.07421875
1786646855.84,k8s_queue-proxy_hello-00001-deployment-5d87fff5-dplmj_default_0d5446e3-ab90-4904-a7ab-9f78bc1a3f35_0,0.0,8.73046875
1786646855.84,k8s_queue-proxy_hello-00001-deployment-5d87fff5-9g4kc_default_ac4b605b-5649-4734-8d51-2c2b44c6e1a7_0,0.0,8.8125
1786646855.84,k8s_queue-proxy_hello-00001-deployment-5d87fff5-pbv6v_default_064fa4b3-1fb3-4e80-a4ab-eec1b1d33730_0,0.0,8.7421875
1786646855.84,k8s_queue-proxy_hello-00001-deployment-5d87fff5-rcdpk_default_5c2c5548-4b80-455a-beda-26d3bd80b98d_0,0.0,8.8359375
1786646855.84,k8s_queue-proxy_hello-00001-deployment-5d87fff5-l6d7k_default_c3495acf-c323-4d89-bbee-3dda30d81c82_0,0.0,9.24609375
1786646855.84,k8s_queue-proxy_hello-00001-deployment-5d87fff5-dqpd7_default_bcde0c20-b263-4c22-a755-e5db145c91d6_0,0.0,8.88671875
1786646855.84,k8s_queue-proxy_hello-00001-deployment-5d87fff5-g89nw_default_34486883-7fcc-4e85-9967-4df77081c87e_0,0.0,8.82421875
1786646855.84,k8s_queue-proxy_hello-00001-deployment-5d87fff5-ljsdv_default_058ac6e9-0f43-4cb0-b4f7-c19345b2deba_0,0.0,9.80078125
1786646855.84,k8s_user-container_hello-00001-deployment-5d87fff5-xkrrx_default_8b11ea0f-f7c6-49b3-8d80-3156aeeea76d_0,0.0,15.31640625
1786646855.84,k8s_user-container_hello-00001-deployment-5d87fff5-r4f9x_default_c4e0c1f6-f3f6-4890-a9a4-47f53e89f869_0,0.0,15.31640625
1786646855.84,k8s_user-container_hello-00001-deployment-5d87fff5-c2cns_default_1909e42a-7fcf-4a2c-92a4-76d6db34a3c0_0,0.0,15.3046875
1786646855.84,k8s_user-container_hello-00001-deployment-5d87fff5-98m85_default_3cae8e96-9062-4158-a1fb-6b440d3189d2_0,0.0,15.3125
1786646855.84,k8s_user-container_hello-00001-deployment-5d87fff5-dplmj_default_0d5446e3-ab90-4904-a7ab-9f78bc1a3f35_0,0.0,15.30859375
1786646855.84,k8s_user-container_hello-00001-deployment-5d87fff5-rcdpk_default_5c2c5548-4b80-455a-beda-26d3bd80b98d_0,0.0,15.32421875
1786646855.84,k8s_user-container_hello-00001-deployment-5d87fff5-pbv6v_default_064fa4b3-1fb3-4e80-a4ab-eec1b1d33730_0,0.0,15.30859375
1786646855.84,k8s_user-container_hello-00001-deployment-5d87fff5-9g4kc_default_ac4b605b-5649-4734-8d51-2c2b44c6e1a7_0,0.0,15.3046875
1786646855.84,k8s_queue-proxy_hello-00001-deployment-5d87fff5-tqr95_default_e17efba6-d23a-4969-bf83-3d2c7b60ce09_0,0.0,8.7265625
1786646855.84,k8s_queue-proxy_hello-00001-deployment-5d87fff5-8vq49_default_aa00e6c1-5582-4a57-850f-f45ce0ed05aa_0,0.0,8.7578125
1786646855.84,k8s_queue-proxy_hello-00001-deployment-5d87fff5-fbwqn_default_06fac494-83f8-4d50-b881-64d3e5ba436c_0,0.0,8.671875
1786646855.84,k8s_queue-proxy_hello-00001-deployment-5d87fff5-htdkp_default_d5582b01-287c-4d36-b6d3-2b8e34c0c7d6_0,0.0,8.96875
1786646855.84,k8s_user-container_hello-00001-deployment-5d87fff5-l6d7k_default_c3495acf-c323-4d89-bbee-3dda30d81c82_0,0.0,15.3125
1786646855.84,k8s_user-container_hello-00001-deployment-5d87fff5-dqpd7_default_bcde0c20-b263-4c22-a755-e5db145c91d6_0,0.0,15.30078125
1786646855.84,k8s_user-container_hello-00001-deployment-5d87fff5-ljsdv_default_058ac6e9-0f43-4cb0-b4f7-c19345b2deba_0,0.0,15.30859375
1786646855.84,k8s_user-container_hello-00001-deployment-5d87fff5-g89nw_default_34486883-7fcc-4e85-9967-4df77081c87e_0,0.0,15.30859375
1786646855.84,k8s_user-container_hello-00001-deployment-5d87fff5-tqr95_default_e17efba6-d23a-4969-bf83-3d2c7b60ce09_0,0.0,15.30859375
1786646855.84,k8s_user-container_hello-00001-deployment-5d87fff5-8vq49_default_aa00e6c1-5582-4a57-850f-f45ce0ed05aa_0,0.0,15.3359375
1786646855.84,k8s_user-container_hello-00001-deployment-5d87fff5-htdkp_default_d5582b01-287c-4d36-b6d3-2b8e34c0c7d6_0,0.0,15.33984375
1786646855.84,k8s_user-container_hello-00001-deployment-5d87fff5-fbwqn_default_06fac494-83f8-4d50-b881-64d3e5ba436c_0,0.0,15.3203125
1786646855.84,k8s_POD_hello-00001-deployment-5d87fff5-c2cns_default_1909e42a-7fcf-4a2c-92a4-76d6db34a3c0_0,0.0,0.34375
1786646855.84,k8s_POD_hello-00001-deployment-5d87fff5-xkrrx_default_8b11ea0f-f7c6-49b3-8d80-3156aeeea76d_0,0.0,0.34765625
1786646855.84,k8s_POD_hello-00001-deployment-5d87fff5-r4f9x_default_c4e0c1f6-f3f6-4890-a9a4-47f53e89f869_0,0.0,0.34375
1786646855.84,k8s_POD_hello-00001-deployment-5d87fff5-9g4kc_default_ac4b605b-5649-4734-8d51-2c2b44c6e1a7_0,0.0,0.34765625
1786646855.84,k8s_POD_hello-00001-deployment-5d87fff5-l6d7k_default_c3495acf-c323-4d89-bbee-3dda30d81c82_0,0.0,0.34375
1786646855.84,k8s_POD_hello-00001-deployment-5d87fff5-pbv6v_default_064fa4b3-1fb3-4e80-a4ab-eec1b1d33730_0,0.0,0.34375
1786646855.84,k8s_POD_hello-00001-deployment-5d87fff5-dplmj_default_0d5446e3-ab90-4904-a7ab-9f78bc1a3f35_0,0.0,0.34375
1786646855.84,k8s_POD_hello-00001-deployment-5d87fff5-98m85_default_3cae8e96-9062-4158-a1fb-6b440d3189d2_0,0.0,0.34375
1786646855.84,k8s_POD_hello-00001-deployment-5d87fff5-rcdpk_default_5c2c5548-4b80-455a-beda-26d3bd80b98d_0,0.0,0.34765625
1786646855.84,k8s_POD_hello-00001-deployment-5d87fff5-dqpd7_default_bcde0c20-b263-4c22-a755-e5db145c91d6_0,0.0,0.3515625
1786646855.84,k8s_POD_hello-00001-deployment-5d87fff5-g89nw_default_34486883-7fcc-4e85-9967-4df77081c87e_0,0.0,0.34375
1786646855.84,k8s_POD_hello-00001-deployment-5d87fff5-ljsdv_default_058ac6e9-0f43-4cb0-b4f7-c19345b2deba_0,0.0,0.34765625
1786646855.84,k8s_POD_hello-00001-deployment-5d87fff5-tqr95_default_e17efba6-d23a-4969-bf83-3d2c7b60ce09_0,0.0,0.3515625
1786646855.84,k8s_POD_hello-00001-deployment-5d87fff5-htdkp_default_d5582b01-287c-4d36-b6d3-2b8e34c0c7d6_0,0.0,0.34375
1786646855.84,k8s_POD_hello-00001-deployment-5d87fff5-8vq49_default_aa00e6c1-5582-4a57-850f-f45ce0ed05aa_0,0.0,0.34375
1786646855.84,k8s_POD_hello-00001-deployment-5d87fff5-fbwqn_default_06fac494-83f8-4d50-b881-64d3e5ba436c_0,0.0,0.34765625
1786646855.84,registry,0.0,5.26953125
1786646855.84,k8s_lb-tcp-443_svclb-kourier-32c17a7b-g99k6_kube-system_12a61aac-14f5-4323-985c-bfa66cd375ba_3,0.0,0.3203125
1786646855.84,k8s_lb-tcp-80_svclb-kourier-32c17a7b-g99k6_kube-system_12a61aac-14f5-4323-985c-bfa66cd375ba_3,0.0,2.2890625
1786646855.84,k8s_controller_net-kourier-controller-769cd4d84c-mpvj4_knative-serving_a859182b-3989-44e1-8ad7-068a1efe2192_5,0.0,26.58203125
1786646855.84,k8s_controller_controller-c9767f9c-h8zvb_knative-serving_9a5a04d4-1393-48b2-b655-088fcff5b337_5,0.0,31.828125
1786646855.84,k8s_POD_svclb-kourier-32c17a7b-g99k6_kube-system_12a61aac-14f5-4323-985c-bfa66cd375ba_3,0.0,0.34375
1786646855.84,k8s_kourier-gateway_3scale-kourier-gateway-d95dfffb6-z2zzz_kourier-system_69daf3cc-53df-449a-ba4e-12ca3f124bf1_3,0.2768772500380342,72.2265625
1786646855.84,k8s_POD_3scale-kourier-gateway-d95dfffb6-z2zzz_kourier-system_69daf3cc-53df-449a-ba4e-12ca3f124bf1_3,0.0,0.33984375
1786646855.84,k8s_local-path-provisioner_local-path-provisioner-58d557dc48-p9j96_kube-system_7fd6cb3b-fa1b-4cf6-91b8-2dc48f5ebd0f_3,0.0,44.98046875
1786646855.84,k8s_POD_local-path-provisioner-58d557dc48-p9j96_kube-system_7fd6cb3b-fa1b-4cf6-91b8-2dc48f5ebd0f_5,0.0,0.33984375
1786646855.84,k8s_metrics-server_metrics-server-6dc596dfb8-46tvx_kube-system_b8abf359-78cf-46b7-afb3-a3cf654e93c0_3,0.0,78.49609375
1786646855.84,k8s_POD_metrics-server-6dc596dfb8-46tvx_kube-system_b8abf359-78cf-46b7-afb3-a3cf654e93c0_7,0.0,0.34375
1786646855.84,k8s_webhook_webhook-7d56465b69-khwt8_knative-serving_a7b84bd9-4373-4bbe-843a-0e2fb9c788d8_3,0.0,59.96875
1786646855.84,k8s_POD_webhook-7d56465b69-khwt8_knative-serving_a7b84bd9-4373-4bbe-843a-0e2fb9c788d8_4,0.0,0.33984375
1786646855.84,k8s_coredns_coredns-54996dc9b4-94zpj_kube-system_86f4a07b-00d4-46a7-a1a6-6f878fb26856_3,0.0,70.46484375
1786646855.84,k8s_activator_activator-67cbcccdfb-t6cg7_knative-serving_af70f812-f578-45d9-aafe-c711ea35ebd4_3,0.0,80.06640625
1786646855.84,k8s_autoscaler_autoscaler-847d45f498-rkvpp_knative-serving_ec82673b-6dc8-472a-9e8a-04e02f65f117_3,0.0,61.10546875
1786646855.84,k8s_POD_controller-c9767f9c-h8zvb_knative-serving_9a5a04d4-1393-48b2-b655-088fcff5b337_3,0.0,0.34375
1786646855.84,k8s_POD_activator-67cbcccdfb-t6cg7_knative-serving_af70f812-f578-45d9-aafe-c711ea35ebd4_3,0.0,0.34765625
1786646855.84,k8s_POD_net-kourier-controller-769cd4d84c-mpvj4_knative-serving_a859182b-3989-44e1-8ad7-068a1efe2192_3,0.0,0.34375
1786646855.84,k8s_POD_coredns-54996dc9b4-94zpj_kube-system_86f4a07b-00d4-46a7-a1a6-6f878fb26856_6,0.0,0.33984375
1786646855.84,k8s_POD_autoscaler-847d45f498-rkvpp_knative-serving_ec82673b-6dc8-472a-9e8a-04e02f65f117_3,0.0,1.0546875
1786646855.86,k8s_queue-proxy_hello-00001-deployment-5d87fff5-xkrrx_default_8b11ea0f-f7c6-49b3-8d80-3156aeeea76d_0,0.0,9.4375
1786646855.86,k8s_queue-proxy_hello-00001-deployment-5d87fff5-98m85_default_3cae8e96-9062-4158-a1fb-6b440d3189d2_0,0.0,8.83984375
1786646855.86,k8s_queue-proxy_hello-00001-deployment-5d87fff5-c2cns_default_1909e42a-7fcf-4a2c-92a4-76d6db34a3c0_0,0.0,9.01953125
1786646855.86,k8s_queue-proxy_hello-00001-deployment-5d87fff5-r4f9x_default_c4e0c1f6-f3f6-4890-a9a4-47f53e89f869_0,0.0,9.07421875
1786646855.86,k8s_queue-proxy_hello-00001-deployment-5d87fff5-dplmj_default_0d5446e3-ab90-4904-a7ab-9f78bc1a3f35_0,0.0,8.73046875
1786646855.86,k8s_queue-proxy_hello-00001-deployment-5d87fff5-9g4kc_default_ac4b605b-5649-4734-8d51-2c2b44c6e1a7_0,0.0,8.8125
1786646855.86,k8s_queue-proxy_hello-00001-deployment-5d87fff5-pbv6v_default_064fa4b3-1fb3-4e80-a4ab-eec1b1d33730_0,0.0,8.7421875
1786646855.86,k8s_queue-proxy_hello-00001-deployment-5d87fff5-rcdpk_default_5c2c5548-4b80-455a-beda-26d3bd80b98d_0,0.0,8.8359375
1786646855.86,k8s_queue-proxy_hello-00001-deployment-5d87fff5-l6d7k_default_c3495acf-c323-4d89-bbee-3dda30d81c82_0,0.0,9.24609375
1786646855.86,k8s_queue-proxy_hello-00001-deployment-5d87fff5-dqpd7_default_bcde0c20-b263-4c22-a755-e5db145c91d6_0,0.0,8.88671875
1786646855.86,k8s_queue-proxy_hello-00001-deployment-5d87fff5-g89nw_default_34486883-7fcc-4e85-9967-4df77081c87e_0,0.0,8.82421875
1786646855.86,k8s_queue-proxy_hello-00001-deployment-5d87fff5-ljsdv_default_058ac6e9-0f43-4cb0-b4f7-c19345b2deba_0,0.0,9.80078125
1786646855.86,k8s_user-container_hello-00001-deployment-5d87fff5-xkrrx_default_8b11ea0f-f7c6-49b3-8d80-3156aeeea76d_0,0.0,15.31640625
1786646855.86,k8s_user-container_hello-00001-deployment-5d87fff5-r4f9x_default_c4e0c1f6-f3f6-4890-a9a4-47f53e89f869_0,0.0,15.31640625
1786646855.86,k8s_user-container_hello-00001-deployment-5d87fff5-c2cns_default_1909e42a-7fcf-4a2c-92a4-76d6db34a3c0_0,0.0,15.3046875
1786646855.86,k8s_user-container_hello-00001-deployment-5d87fff5-98m85_default_3cae8e96-9062-4158-a1fb-6b440d3189d2_0,0.0,15.3125
1786646855.86,k8s_user-container_hello-00001-deployment-5d87fff5-dplmj_default_0d5446e3-ab90-4904-a7ab-9f78bc1a3f35_0,0.0,15.30859375
1786646855.86,k8s_user-container_hello-00001-deployment-5d87fff5-rcdpk_default_5c2c5548-4b80-455a-beda-26d3bd80b98d_0,0.0,15.32421875
1786646855.86,k8s_user-container_hello-00001-deployment-5d87fff5-pbv6v_default_064fa4b3-1fb3-4e80-a4ab-eec1b1d33730_0,0.0,15.30859375
1786646855.86,k8s_user-container_hello-00001-deployment-5d87fff5-9g4kc_default_ac4b605b-5649-4734-8d51-2c2b44c6e1a7_0,0.0,15.3046875
1786646855.86,k8s_queue-proxy_hello-00001-deployment-5d87fff5-tqr95_default_e17efba6-d23a-4969-bf83-3d2c7b60ce09_0,0.0,8.7265625
1786646855.86,k8s_queue-proxy_hello-00001-deployment-5d87fff5-8vq49_default_aa00e6c1-5582-4a57-850f-f45ce0ed05aa_0,0.0,8.7578125
1786646855.86,k8s_queue-proxy_hello-00001-deployment-5d87fff5-fbwqn_default_06fac494-83f8-4d50-b881-64d3e5ba436c_0,0.0,8.671875
1786646855.86,k8s_queue-proxy_hello-00001-deployment-5d87fff5-htdkp_default_d5582b01-287c-4d36-b6d3-2b8e34c0c7d6_0,0.0,8.96875
1786646855.86,k8s_user-container_hello-00001-deployment-5d87fff5-l6d7k_default_c3495acf-c323-4d89-bbee-3dda30d81c82_0,0.0,15.3125
1786646855.86,k8s_user-container_hello-00001-deployment-5d87fff5-dqpd7_default_bcde0c20-b263-4c22-a755-e5db145c91d6_0,0.0,15.30078125
1786646855.86,k8s_user-container_hello-00001-deployment-5d87fff5-ljsdv_default_058ac6e9-0f43-4cb0-b4f7-c19345b2deba_0,0.0,15.30859375
1786646855.86,k8s_user-container_hello-00001-deployment-5d87fff5-g89nw_default_34486883-7fcc-4e85-9967-4df77081c87e_0,0.0,15.30859375
1786646855.86,k8s_user-container_hello-00001-deployment-5d87fff5-tqr95_default_e17efba6-d23a-4969-bf83-3d2c7b60ce09_0,0.0,15.30859375
1786646855.86,k8s_user-container_hello-00001-deployment-5d87fff5-8vq49_default_aa00e6c1-5582-4a57-850f-f45ce0ed05aa_0,0.0,15.3359375
1786646855.86,k8s_user-container_hello-00001-deployment-5d87fff5-htdkp_default_d5582b01-287c-4d36-b6d3-2b8e34c0c7d6_0,0.0,15.33984375
1786646855.86,k8s_user-container_hello-00001-deployment-5d87fff5-fbwqn_default_06fac494-83f8-4d50-b881-64d3e5ba436c_0,0.0,15.3203125
1786646855.86,k8s_POD_hello-00001-deployment-5d87fff5-c2cns_default_1909e42a-7fcf-4a2c-92a4-76d6db34a3c0_0,0.0,0.34375
1786646855.86,k8s_POD_hello-00001-deployment-5d87fff5-xkrrx_default_8b11ea0f-f7c6-49b3-8d80-3156aeeea76d_0,0.0,0.34765625
1786646855.86,k8s_POD_hello-00001-deployment-5d87fff5-r4f9x_default_c4e0c1f6-f3f6-4890-a9a4-47f53e89f869_0,0.0,0.34375
1786646855.86,k8s_POD_hello-00001-deployment-5d87fff5-9g4kc_default_ac4b605b-5649-4734-8d51-2c2b44c6e1a7_0,0.0,0.34765625
1786646855.86,k8s_POD_hello-00001-deployment-5d87fff5-l6d7k_default_c3495acf-c323-4d89-bbee-3dda30d81c82_0,0.0,0.34375
1786646855.86,k8s_POD_hello-00001-deployment-5d87fff5-pbv6v_default_064fa4b3-1fb3-4e80-a4ab-eec1b1d33730_0,0.0,0.34375
1786646855.86,k8s_POD_hello-00001-deployment-5d87fff5-dplmj_default_0d5446e3-ab90-4904-a7ab-9f78bc1a3f35_0,0.0,0.34375
1786646855.86,k8s_POD_hello-00001-deployment-5d87fff5-98m85_default_3cae8e96-9062-4158-a1fb-6b440d3189d2_0,0.0,0.34375
1786646855.86,k8s_POD_hello-00001-deployment-5d87fff5-rcdpk_default_5c2c5548-4b80-455a-beda-26d3bd80b98d_0,0.0,0.34765625
1786646855.86,k8s_POD_hello-00001-deployment-5d87fff5-dqpd7_default_bcde0c20-b263-4c22-a755-e5db145c91d6_0,0.0,0.3515625
1786646855.86,k8s_POD_hello-00001-deployment-5d87fff5-g89nw_default_34486883-7fcc-4e85-9967-4df77081c87e_0,0.0,0.34375
1786646855.86,k8s_POD_hello-00001-deployment-5d87fff5-ljsdv_default_058ac6e9-0f43-4cb0-b4f7-c19345b2deba_0,0.0,0.34765625
1786646855.86,k8s_POD_hello-00001-deployment-5d87fff5-tqr95_default_e17efba6-d23a-4969-bf83-3d2c7b60ce09_0,0.0,0.3515625
1786646855.86,k8s_POD_hello-00001-deployment-5d87fff5-htdkp_default_d5582b01-287c-4d36-b6d3-2b8e34c0c7d6_0,0.0,0.34375
1786646855.86,k8s_POD_hello-00001-deployment-5d87fff5-8vq49_default_aa00e6c1-5582-4a57-850f-f45ce0ed05aa_0,0.0,0.34375
1786646855.86,k8s_POD_hello-00001-deployment-5d87fff5-fbwqn_default_06fac494-83f8-4d50-b881-64d3e5ba436c_0,0.0,0.34765625
1786646855.86,registry,0.0,5.26953125
1786646855.86,k8s_lb-tcp-443_svclb-kourier-32c17a7b-g99k6_kube-system_12a61aac-14f5-4323-985c-bfa66cd375ba_3,0.0,0.3203125
1786646855.86,k8s_lb-tcp-80_svclb-kourier-32c17a7b-g99k6_kube-system_12a61aac-14f5-4323-985c-bfa66cd375ba_3,0.0,2.2890625
1786646855.86,k8s_controller_net-kourier-controller-769cd4d84c-mpvj4_knative-serving_a859182b-3989-44e1-8ad7-068a1efe2192_5,0.0,26.58203125
1786646855.86,k8s_controller_controller-c9767f9c-h8zvb_knative-serving_9a5a04d4-1393-48b2-b655-088fcff5b337_5,0.0,31.828125
1786646855.86,k8s_POD_svclb-kourier-32c17a7b-g99k6_kube-system_12a61aac-14f5-4323-985c-bfa66cd375ba_3,0.0,0.34375
1786646855.86,k8s_kourier-gateway_3scale-kourier-gateway-d95dfffb6-z2zzz_kourier-system_69daf3cc-53df-449a-ba4e-12ca3f124bf1_3,0.289921256791917,72.2265625
1786646855.86,k8s_POD_3scale-kourier-gateway-d95dfffb6-z2zzz_kourier-system_69daf3cc-53df-449a-ba4e-12ca3f124bf1_3,0.0,0.33984375
1786646855.86,k8s_local-path-provisioner_local-path-provisioner-58d557dc48-p9j96_kube-system_7fd6cb3b-fa1b-4cf6-91b8-2dc48f5ebd0f_3,0.0,44.98046875
1786646855.86,k8s_POD_local-path-provisioner-58d557dc48-p9j96_kube-system_7fd6cb3b-fa1b-4cf6-91b8-2dc48f5ebd0f_5,0.0,0.33984375
1786646855.86,k8s_metrics-server_metrics-server-6dc596dfb8-46tvx_kube-system_b8abf359-78cf-46b7-afb3-a3cf654e93c0_3,0.0,78.49609375
1786646855.86,k8s_POD_metrics-server-6dc596dfb8-46tvx_kube-system_b8abf359-78cf-46b7-afb3-a3cf654e93c0_7,0.0,0.34375
1786646855.86,k8s_webhook_webhook-7d56465b69-khwt8_knative-serving_a7b84bd9-4373-4bbe-843a-0e2fb9c788d8_3,0.0,59.96875
1786646855.86,k8s_POD_webhook-7d56465b69-khwt8_knative-serving_a7b84bd9-4373-4bbe-843a-0e2fb9c788d8_4,0.0,0.33984375
1786646855.86,k8s_coredns_coredns-54996dc9b4-94zpj_kube-system_86f4a07b-00d4-46a7-a1a6-6f878fb26856_3,0.0,70.46484375
1786646855.86,k8s_activator_activator-67cbcccdfb-t6cg7_knative-serving_af70f812-f578-45d9-aafe-c711ea35ebd4_3,0.0,80.06640625
1786646855.86,k8s_autoscaler_autoscaler-847d45f498-rkvpp_knative-serving_ec82673b-6dc8-472a-9e8a-04e02f65f117_3,0.0,61.10546875
1786646855.86,k8s_POD_controller-c9767f9c-h8zvb_knative-serving_9a5a04d4-1393-48b2-b655-088fcff5b337_3,0.0,0.34375
1786646855.86,k8s_POD_activator-67cbcccdfb-t6cg7_knative-serving_af70f812-f578-45d9-aafe-c711ea35ebd4_3,0.0,0.34765625
1786646855.86,k8s_POD_net-kourier-controller-769cd4d84c-mpvj4_knative-serving_a859182b-3989-44e1-8ad7-068a1efe2192_3,0.0,0.34375
1786646855.86,k8s_POD_coredns-54996dc9b4-94zpj_kube-system_86f4a07b-00d4-46a7-a1a6-6f878fb26856_6,0.0,0.33984375
1786646855.86,k8s_POD_autoscaler-847d45f498-rkvpp_knative-serving_ec82673b-6dc8-472a-9e8a-04e02f65f117_3,0.0,1.0546875
1786646855.88,k8s_queue-proxy_hello-00001-deployment-5d87fff5-xkrrx_default_8b11ea0f-f7c6-49b3-8d80-3156aeeea76d_0,0.0,9.4375
1786646855.88,k8s_queue-proxy_hello-00001-deployment-5d87fff5-98m85_default_3cae8e96-9062-4158-a1fb-6b440d3189d2_0,0.0,8.83984375
1786646855.88,k8s_queue-proxy_hello-00001-deployment-5d87fff5-c2cns_default_1909e42a-7fcf-4a2c-92a4-76d6db34a3c0_0,0.0,9.01953125
1786646855.88,k8s_queue-proxy_hello-00001-deployment-5d87fff5-r4f9x_default_c4e0c1f6-f3f6-4890-a9a4-47f53e89f869_0,0.0,9.07421875
1786646855.88,k8s_queue-proxy_hello-00001-deployment-5d87fff5-dplmj_default_0d5446e3-ab90-4904-a7ab-9f78bc1a3f35_0,0.0,8.73046875
1786646855.88,k8s_queue-proxy_hello-00001-deployment-5d87fff5-9g4kc_default_ac4b605b-5649-4734-8d51-2c2b44c6e1a7_0,0.0,8.8125
1786646855.88,k8s_queue-proxy_hello-00001-deployment-5d87fff5-pbv6v_default_064fa4b3-1fb3-4e80-a4ab-eec1b1d33730_0,0.0,8.7421875
1786646855.88,k8s_queue-proxy_hello-00001-deployment-5d87fff5-rcdpk_default_5c2c5548-4b80-455a-beda-26d3bd80b98d_0,0.0,8.8359375
1786646855.88,k8s_queue-proxy_hello-00001-deployment-5d87fff5-l6d7k_default_c3495acf-c323-4d89-bbee-3dda30d81c82_0,0.0,9.24609375
1786646855.88,k8s_queue-proxy_hello-00001-deployment-5d87fff5-dqpd7_default_bcde0c20-b263-4c22-a755-e5db145c91d6_0,0.0,8.88671875
1786646855.88,k8s_queue-proxy_hello-00001-deployment-5d87fff5-g89nw_default_34486883-7fcc-4e85-9967-4df77081c87e_0,0.0,8.82421875
1786646855.88,k8s_queue-proxy_hello-00001-deployment-5d87fff5-ljsdv_default_058ac6e9-0f43-4cb0-b4f7-c19345b2deba_0,0.0,9.80078125
1786646855.88,k8s_user-container_hello-00001-deployment-5d87fff5-xkrrx_default_8b11ea0f-f7c6-49b3-8d80-3156aeeea76d_0,0.0,15.31640625
1786646855.88,k8s_user-container_hello-00001-deployment-5d87fff5-r4f9x_default_c4e0c1f6-f3f6-4890-a9a4-47f53e89f869_0,0.0,15.31640625
1786646855.88,k8s_user-container_hello-00001-deployment-5d87fff5-c2cns_default_1909e42a-7fcf-4a2c-92a4-76d6db34a3c0_0,0.0,15.3046875
1786646855.88,k8s_user-container_hello-00001-deployment-5d87fff5-98m85_default_3cae8e96-9062-4158-a1fb-6b440d3189d2_0,0.0,15.3125
1786646855.88,k8s_user-container_hello-00001-deployment-5d87fff5-dplmj_default_0d5446e3-ab90-4904-a7ab-9f78bc1a3f35_0,0.0,15.30859375
1786646855.88,k8s_user-container_hello-00001-deployment-5d87fff5-rcdpk_default_5c2c5548-4b80-455a-beda-26d3bd80b98d_0,0.0,15.32421875
1786646855.88,k8s_user-container_hello-00001-deployment-5d87fff5-pbv6v_default_064fa4b3-1fb3-4e80-a4ab-eec1b1d33730_0,0.0,15.30859375
1786646855.88,k8s_user-container_hello-00001-deployment-5d87fff5-9g4kc_default_ac4b605b-5649-4734-8d51-2c2b44c6e1a7_0,0.0,15.3046875
1786646855.88,k8s_queue-proxy_hello-00001-deployment-5d87fff5-tqr95_default_e17efba6-d23a-4969-bf83-3d2c7b60ce09_0,0.0,8.72265625
1786646855.88,k8s_queue-proxy_hello-00001-deployment-5d87fff5-8vq49_default_aa00e6c1-5582-4a57-850f-f45ce0ed05aa_0,0.0,8.7578125
1786646855.88,k8s_queue-proxy_hello-00001-deployment-5d87fff5-fbwqn_default_06fac494-83f8-4d50-b881-64d3e5ba436c_0,0.0,8.671875
1786646855.88,k8s_queue-proxy_hello-00001-deployment-5d87fff5-htdkp_default_d5582b01-287c-4d36-b6d3-2b8e34c0c7d6_0,0.0,8.96875
1786646855.88,k8s_user-container_hello-00001-deployment-5d87fff5-l6d7k_default_c3495acf-c323-4d89-bbee-3dda30d81c82_0,0.0,15.3125
1786646855.88,k8s_user-container_hello-00001-deployment-5d87fff5-dqpd7_default_bcde0c20-b263-4c22-a755-e5db145c91d6_0,0.0,15.30078125
1786646855.88,k8s_user-container_hello-00001-deployment-5d87fff5-ljsdv_default_058ac6e9-0f43-4cb0-b4f7-c19345b2deba_0,0.0,15.30859375
1786646855.88,k8s_user-container_hello-00001-deployment-5d87fff5-g89nw_default_34486883-7fcc-4e85-9967-4df77081c87e_0,0.0,15.30859375
1786646855.88,k8s_user-container_hello-00001-deployment-5d87fff5-tqr95_default_e17efba6-d23a-4969-bf83-3d2c7b60ce09_0,0.0,15.30859375
1786646855.88,k8s_user-container_hello-00001-deployment-5d87fff5-8vq49_default_aa00e6c1-5582-4a57-850f-f45ce0ed05aa_0,0.0,15.3359375
1786646855.88,k8s_user-container_hello-00001-deployment-5d87fff5-htdkp_default_d5582b01-287c-4d36-b6d3-2b8e34c0c7d6_0,0.0,15.33984375
1786646855.88,k8s_user-container_hello-00001-deployment-5d87fff5-fbwqn_default_06fac494-83f8-4d50-b881-64d3e5ba436c_0,0.0,15.3203125
1786646855.88,k8s_POD_hello-00001-deployment-5d87fff5-c2cns_default_1909e42a-7fcf-4a2c-92a4-76d6db34a3c0_0,0.0,0.34375
1786646855.88,k8s_POD_hello-00001-deployment-5d87fff5-xkrrx_default_8b11ea0f-f7c6-49b3-8d80-3156aeeea76d_0,0.0,0.34765625
1786646855.88,k8s_POD_hello-00001-deployment-5d87fff5-r4f9x_default_c4e0c1f6-f3f6-4890-a9a4-47f53e89f869_0,0.0,0.34375
1786646855.88,k8s_POD_hello-00001-deployment-5d87fff5-9g4kc_default_ac4b605b-5649-4734-8d51-2c2b44c6e1a7_0,0.0,0.34765625
1786646855.88,k8s_POD_hello-00001-deployment-5d87fff5-l6d7k_default_c3495acf-c323-4d89-bbee-3dda30d81c82_0,0.0,0.34375
1786646855.88,k8s_POD_hello-00001-deployment-5d87fff5-pbv6v_default_064fa4b3-1fb3-4e80-a4ab-eec1b1d33730_0,0.0,0.34375
1786646855.88,k8s_POD_hello-00001-deployment-5d87fff5-dplmj_default_0d5446e3-ab90-4904-a7ab-9f78bc1a3f35_0,0.0,0.34375
1786646855.88,k8s_POD_hello-00001-deployment-5d87fff5-98m85_default_3cae8e96-9062-4158-a1fb-6b440d3189d2_0,0.0,0.34375
1786646855.88,k8s_POD_hello-00001-deployment-5d87fff5-rcdpk_default_5c2c5548-4b80-455a-beda-26d3bd80b98d_0,0.0,0.34765625
1786646855.88,k8s_POD_hello-00001-deployment-5d87fff5-dqpd7_default_bcde0c20-b263-4c22-a755-e5db145c91d6_0,0.0,0.3515625
1786646855.88,k8s_POD_hello-00001-deployment-5d87fff5-g89nw_default_34486883-7fcc-4e85-9967-4df77081c87e_0,0.0,0.34375
1786646855.88,k8s_POD_hello-00001-deployment-5d87fff5-ljsdv_default_058ac6e9-0f43-4cb0-b4f7-c19345b2deba_0,0.0,0.34765625
1786646855.88,k8s_POD_hello-00001-deployment-5d87fff5-tqr95_default_e17efba6-d23a-4969-bf83-3d2c7b60ce09_0,0.0,0.3515625
1786646855.88,k8s_POD_hello-00001-deployment-5d87fff5-htdkp_default_d5582b01-287c-4d36-b6d3-2b8e34c0c7d6_0,0.0,0.34375
1786646855.88,k8s_POD_hello-00001-deployment-5d87fff5-8vq49_default_aa00e6c1-5582-4a57-850f-f45ce0ed05aa_0,0.0,0.34375
1786646855.88,k8s_POD_hello-00001-deployment-5d87fff5-fbwqn_default_06fac494-83f8-4d50-b881-64d3e5ba436c_0,0.0,0.34765625
1786646855.88,registry,0.0,5.26953125
1786646855.88,k8s_lb-tcp-443_svclb-kourier-32c17a7b-g99k6_kube-system_12a61aac-14f5-4323-985c-bfa66cd375ba_3,0.0,0.3203125
1786646855.88,k8s_lb-tcp-80_svclb-kourier-32c17a7b-g99k6_kube-system_12a61aac-14f5-4323-985c-bfa66cd375ba_3,0.0,2.2890625
1786646855.88,k8s_controller_net-kourier-controller-769cd4d84c-mpvj4_knative-serving_a859182b-3989-44e1-8ad7-068a1efe2192_5,0.0,26.58203125
1786646855.88,k8s_controller_controller-c9767f9c-h8zvb_knative-serving_9a5a04d4-1393-48b2-b655-088fcff5b337_5,0.0,31.828125
1786646855.88,k8s_POD_svclb-kourier-32c17a7b-g99k6_kube-system_12a61aac-14f5-4323-985c-bfa66cd375ba_3,0.0,0.34375
1786646855.88,k8s_kourier-gateway_3scale-kourier-gateway-d95dfffb6-z2zzz_kourier-system_69daf3cc-53df-449a-ba4e-12ca3f124bf1_3,0.2588237763275068,72.2265625
1786646855.88,k8s_POD_3scale-kourier-gateway-d95dfffb6-z2zzz_kourier-system_69daf3cc-53df-449a-ba4e-12ca3f124bf1_3,0.0,0.33984375
1786646855.88,k8s_local-path-provisioner_local-path-provisioner-58d557dc48-p9j96_kube-system_7fd6cb3b-fa1b-4cf6-91b8-2dc48f5ebd0f_3,0.0,44.98046875
1786646855.88,k8s_POD_local-path-provisioner-58d557dc48-p9j96_kube-system_7fd6cb3b-fa1b-4cf6-91b8-2dc48f5ebd0f_5,0.0,0.33984375
1786646855.88,k8s_metrics-server_metrics-server-6dc596dfb8-46tvx_kube-system_b8abf359-78cf-46b7-afb3-a3cf654e93c0_3,0.0,78.49609375
1786646855.88,k8s_POD_metrics-server-6dc596dfb8-46tvx_kube-system_b8abf359-78cf-46b7-afb3-a3cf654e93c0_7,0.0,0.34375
1786646855.88,k8s_webhook_webhook-7d56465b69-khwt8_knative-serving_a7b84bd9-4373-4bbe-843a-0e2fb9c788d8_3,0.0,59.96875
1786646855.88,k8s_POD_webhook-7d56465b69-khwt8_knative-serving_a7b84bd9-4373-4bbe-843a-0e2fb9c788d8_4,0.0,0.33984375
1786646855.88,k8s_coredns_coredns-54996dc9b4-94zpj_kube-system_86f4a07b-00d4-46a7-a1a6-6f878fb26856_3,0.0,70.46484375
1786646855.88,k8s_activator_activator-67cbcccdfb-t6cg7_knative-serving_af70f812-f578-45d9-aafe-c711ea35ebd4_3,0.0,80.06640625
1786646855.88,k8s_autoscaler_autoscaler-847d45f498-rkvpp_knative-serving_ec82673b-6dc8-472a-9e8a-04e02f65f117_3,0.0,61.10546875
1786646855.88,k8s_POD_controller-c9767f9c-h8zvb_knative-serving_9a5a04d4-1393-48b2-b655-088fcff5b337_3,0.0,0.34375
1786646855.88,k8s_POD_activator-67cbcccdfb-t6cg7_knative-serving_af70f812-f578-45d9-aafe-c711ea35ebd4_3,0.0,0.34765625
1786646855.88,k8s_POD_net-kourier-controller-769cd4d84c-mpvj4_knative-serving_a859182b-3989-44e1-8ad7-068a1efe2192_3,0.0,0.34375
1786646855.88,k8s_POD_coredns-54996dc9b4-94zpj_kube-system_86f4a07b-00d4-46a7-a1a6-6f878fb26856_6,0.0,0.33984375
1786646855.88,k8s_POD_autoscaler-847d45f498-rkvpp_knative-serving_ec82673b-6dc8-472a-9e8a-04e02f65f117_3,0.0,1.0546875
1786646855.89,k8s_queue-proxy_hello-00001-deployment-5d87fff5-xkrrx_default_8b11ea0f-f7c6-49b3-8d80-3156aeeea76d_0,0.0,9.4375
1786646855.89,k8s_queue-proxy_hello-00001-deployment-5d87fff5-98m85_default_3cae8e96-9062-4158-a1fb-6b440d3189d2_0,0.0,8.83984375
1786646855.89,k8s_queue-proxy_hello-00001-deployment-5d87fff5-c2cns_default_1909e42a-7fcf-4a2c-92a4-76d6db34a3c0_0,0.0,9.01953125
1786646855.89,k8s_queue-proxy_hello-00001-deployment-5d87fff5-r4f9x_default_c4e0c1f6-f3f6-4890-a9a4-47f53e89f869_0,0.0,9.07421875
1786646855.89,k8s_queue-proxy_hello-00001-deployment-5d87fff5-dplmj_default_0d5446e3-ab90-4904-a7ab-9f78bc1a3f35_0,0.0,8.73046875
1786646855.89,k8s_queue-proxy_hello-00001-deployment-5d87fff5-9g4kc_default_ac4b605b-5649-4734-8d51-2c2b44c6e1a7_0,0.0,8.8125
1786646855.89,k8s_queue-proxy_hello-00001-deployment-5d87fff5-pbv6v_default_064fa4b3-1fb3-4e80-a4ab-eec1b1d33730_0,0.0,8.7421875
1786646855.89,k8s_queue-proxy_hello-00001-deployment-5d87fff5-rcdpk_default_5c2c5548-4b80-455a-beda-26d3bd80b98d_0,0.0,8.8359375
1786646855.89,k8s_queue-proxy_hello-00001-deployment-5d87fff5-l6d7k_default_c3495acf-c323-4d89-bbee-3dda30d81c82_0,0.0,9.24609375
1786646855.89,k8s_queue-proxy_hello-00001-deployment-5d87fff5-dqpd7_default_bcde0c20-b263-4c22-a755-e5db145c91d6_0,0.0,8.88671875
1786646855.89,k8s_queue-proxy_hello-00001-deployment-5d87fff5-g89nw_default_34486883-7fcc-4e85-9967-4df77081c87e_0,0.0,8.82421875
1786646855.89,k8s_queue-proxy_hello-00001-deployment-5d87fff5-ljsdv_default_058ac6e9-0f43-4cb0-b4f7-c19345b2deba_0,0.0,9.80078125
1786646855.89,k8s_user-container_hello-00001-deployment-5d87fff5-xkrrx_default_8b11ea0f-f7c6-49b3-8d80-3156aeeea76d_0,0.0,15.31640625
1786646855.89,k8s_user-container_hello-00001-deployment-5d87fff5-r4f9x_default_c4e0c1f6-f3f6-4890-a9a4-47f53e89f869_0,0.0,15.31640625
1786646855.89,k8s_user-container_hello-00001-deployment-5d87fff5-c2cns_default_1909e42a-7fcf-4a2c-92a4-76d6db34a3c0_0,0.0,15.3046875
1786646855.89,k8s_user-container_hello-00001-deployment-5d87fff5-98m85_default_3cae8e96-9062-4158-a1fb-6b440d3189d2_0,0.0,15.3125
1786646855.89,k8s_user-container_hello-00001-deployment-5d87fff5-dplmj_default_0d5446e3-ab90-4904-a7ab-9f78bc1a3f35_0,0.0,15.30859375
1786646855.89,k8s_user-container_hello-00001-deployment-5d87fff5-rcdpk_default_5c2c5548-4b80-455a-beda-26d3bd80b98d_0,0.0,15.32421875
1786646855.89,k8s_user-container_hello-00001-deployment-5d87fff5-pbv6v_default_064fa4b3-1fb3-4e80-a4ab-eec1b1d33730_0,0.0,15.30859375
1786646855.89,k8s_user-container_hello-00001-deployment-5d87fff5-9g4kc_default_ac4b605b-5649-4734-8d51-2c2b44c6e1a7_0,0.0,15.3046875
1786646855.89,k8s_queue-proxy_hello-00001-deployment-5d87fff5-tqr95_default_e17efba6-d23a-4969-bf83-3d2c7b60ce09_0,0.0,8.72265625
1786646855.89,k8s_queue-proxy_hello-00001-deployment-5d87fff5-8vq49_default_aa00e6c1-5582-4a57-850f-f45ce0ed05aa_0,0.0,8.7578125
1786646855.89,k8s_queue-proxy_hello-00001-deployment-5d87fff5-fbwqn_default_06fac494-83f8-4d50-b881-64d3e5ba436c_0,0.0,8.671875
1786646855.89,k8s_queue-proxy_hello-00001-deployment-5d87fff5-htdkp_default_d5582b01-287c-4d36-b6d3-2b8e34c0c7d6_0,0.0,8.96875
1786646855.89,k8s_user-container_hello-00001-deployment-5d87fff5-l6d7k_default_c3495acf-c323-4d89-bbee-3dda30d81c82_0,0.0,15.3125
1786646855.89,k8s_user-container_hello-00001-deployment-5d87fff5-dqpd7_default_bcde0c20-b263-4c22-a755-e5db145c91d6_0,0.0,15.30078125
1786646855.89,k8s_user-container_hello-00001-deployment-5d87fff5-ljsdv_default_058ac6e9-0f43-4cb0-b4f7-c19345b2deba_0,0.0,15.30859375
1786646855.89,k8s_user-container_hello-00001-deployment-5d87fff5-g89nw_default_34486883-7fcc-4e85-9967-4df77081c87e_0,0.0,15.30859375
1786646855.89,k8s_user-container_hello-00001-deployment-5d87fff5-tqr95_default_e17efba6-d23a-4969-bf83-3d2c7b60ce09_0,0.0,15.30859375
1786646855.89,k8s_user-container_hello-00001-deployment-5d87fff5-8vq49_default_aa00e6c1-5582-4a57-850f-f45ce0ed05aa_0,0.0,15.3359375
1786646855.89,k8s_user-container_hello-00001-deployment-5d87fff5-htdkp_default_d5582b01-287c-4d36-b6d3-2b8e34c0c7d6_0,0.0,15.33984375
1786646855.89,k8s_user-container_hello-00001-deployment-5d87fff5-fbwqn_default_06fac494-83f8-4d50-b881-64d3e5ba436c_0,0.0,15.3203125
1786646855.89,k8s_POD_hello-00001-deployment-5d87fff5-c2cns_default_1909e42a-7fcf-4a2c-92a4-76d6db34a3c0_0,0.0,0.34375
1786646855.89,k8s_POD_hello-00001-deployment-5d87fff5-xkrrx_default_8b11ea0f-f7c6-49b3-8d80-3156aeeea76d_0,0.0,0.34765625
1786646855.89,k8s_POD_hello-00001-deployment-5d87fff5-r4f9x_default_c4e0c1f6-f3f6-4890-a9a4-47f53e89f869_0,0.0,0.34375
1786646855.89,k8s_POD_hello-00001-deployment-5d87fff5-9g4kc_default_ac4b605b-5649-4734-8d51-2c2b44c6e1a7_0,0.0,0.34765625
1786646855.89,k8s_POD_hello-00001-deployment-5d87fff5-l6d7k_default_c3495acf-c323-4d89-bbee-3dda30d81c82_0,0.0,0.34375
1786646855.89,k8s_POD_hello-00001-deployment-5d87fff5-pbv6v_default_064fa4b3-1fb3-4e80-a4ab-eec1b1d33730_0,0.0,0.34375
1786646855.89,k8s_POD_hello-00001-deployment-5d87fff5-dplmj_default_0d5446e3-ab90-4904-a7ab-9f78bc1a3f35_0,0.0,0.34375
1786646855.89,k8s_POD_hello-00001-deployment-5d87fff5-98m85_default_3cae8e96-9062-4158-a1fb-6b440d3189d2_0,0.0,0.34375
1786646855.89,k8s_POD_hello-00001-deployment-5d87fff5-rcdpk_default_5c2c5548-4b80-455a-beda-26d3bd80b98d_0,0.0,0.34765625
1786646855.89,k8s_POD_hello-00001-deployment-5d87fff5-dqpd7_default_bcde0c20-b263-4c22-a755-e5db145c91d6_0,0.0,0.3515625
1786646855.89,k8s_POD_hello-00001-deployment-5d87fff5-g89nw_default_34486883-7fcc-4e85-9967-4df77081c87e_0,0.0,0.34375
1786646855.89,k8s_POD_hello-00001-deployment-5d87fff5-ljsdv_default_058ac6e9-0f43-4cb0-b4f7-c19345b2deba_0,0.0,0.34765625
1786646855.89,k8s_POD_hello-00001-deployment-5d87fff5-tqr95_default_e17efba6-d23a-4969-bf83-3d2c7b60ce09_0,0.0,0.3515625
1786646855.89,k8s_POD_hello-00001-deployment-5d87fff5-htdkp_default_d5582b01-287c-4d36-b6d3-2b8e34c0c7d6_0,0.0,0.34375
1786646855.89,k8s_POD_hello-00001-deployment-5d87fff5-8vq49_default_aa00e6c1-5582-4a57-850f-f45ce0ed05aa_0,0.0,0.34375
1786646855.89,k8s_POD_hello-00001-deployment-5d87fff5-fbwqn_default_06fac494-83f8-4d50-b881-64d3e5ba436c_0,0.0,0.34765625
1786646855.89,registry,0.0,5.26953125
1786646855.89,k8s_lb-tcp-443_svclb-kourier-32c17a7b-g99k6_kube-system_12a61aac-14f5-4323-985c-bfa66cd375ba_3,0.0,0.3203125
1786646855.89,k8s_lb-tcp-80_svclb-kourier-32c17a7b-g99k6_kube-system_12a61aac-14f5-4323-985c-bfa66cd375ba_3,0.0,2.2890625
1786646855.89,k8s_controller_net-kourier-controller-769cd4d84c-mpvj4_knative-serving_a859182b-3989-44e1-8ad7-068a1efe2192_5,0.0,26.58203125
1786646855.89,k8s_controller_controller-c9767f9c-h8zvb_knative-serving_9a5a04d4-1393-48b2-b655-088fcff5b337_5,0.0,31.828125
1786646855.89,k8s_POD_svclb-kourier-32c17a7b-g99k6_kube-system_12a61aac-14f5-4323-985c-bfa66cd375ba_3,0.0,0.34375
1786646855.89,k8s_kourier-gateway_3scale-kourier-gateway-d95dfffb6-z2zzz_kourier-system_69daf3cc-53df-449a-ba4e-12ca3f124bf1_3,0.5047783178822443,72.2265625
1786646855.89,k8s_POD_3scale-kourier-gateway-d95dfffb6-z2zzz_kourier-system_69daf3cc-53df-449a-ba4e-12ca3f124bf1_3,0.0,0.33984375
1786646855.89,k8s_local-path-provisioner_local-path-provisioner-58d557dc48-p9j96_kube-system_7fd6cb3b-fa1b-4cf6-91b8-2dc48f5ebd0f_3,0.0,44.98046875
1786646855.89,k8s_POD_local-path-provisioner-58d557dc48-p9j96_kube-system_7fd6cb3b-fa1b-4cf6-91b8-2dc48f5ebd0f_5,0.0,0.33984375
1786646855.89,k8s_metrics-server_metrics-server-6dc596dfb8-46tvx_kube-system_b8abf359-78cf-46b7-afb3-a3cf654e93c0_3,1.3797274025175297,78.49609375
1786646855.89,k8s_POD_metrics-server-6dc596dfb8-46tvx_kube-system_b8abf359-78cf-46b7-afb3-a3cf654e93c0_7,0.0,0.34375
1786646855.89,k8s_webhook_webhook-7d56465b69-khwt8_knative-serving_a7b84bd9-4373-4bbe-843a-0e2fb9c788d8_3,0.0,59.96875
1786646855.89,k8s_POD_webhook-7d56465b69-khwt8_knative-serving_a7b84bd9-4373-4bbe-843a-0e2fb9c788d8_4,0.0,0.33984375
1786646855.89,k8s_coredns_coredns-54996dc9b4-94zpj_kube-system_86f4a07b-00d4-46a7-a1a6-6f878fb26856_3,0.0,70.46484375
1786646855.89,k8s_activator_activator-67cbcccdfb-t6cg7_knative-serving_af70f812-f578-45d9-aafe-c711ea35ebd4_3,0.0,80.06640625
1786646855.89,k8s_autoscaler_autoscaler-847d45f498-rkvpp_knative-serving_ec82673b-6dc8-472a-9e8a-04e02f65f117_3,0.0,61.10546875
1786646855.89,k8s_POD_controller-c9767f9c-h8zvb_knative-serving_9a5a04d4-1393-48b2-b655-088fcff5b337_3,0.0,0.34375
1786646855.89,k8s_POD_activator-67cbcccdfb-t6cg7_knative-serving_af70f812-f578-45d9-aafe-c711ea35ebd4_3,0.0,0.34765625
1786646855.89,k8s_POD_net-kourier-controller-769cd4d84c-mpvj4_knative-serving_a859182b-3989-44e1-8ad7-068a1efe2192_3,0.0,0.34375
1786646855.89,k8s_POD_coredns-54996dc9b4-94zpj_kube-system_86f4a07b-00d4-46a7-a1a6-6f878fb26856_6,0.0,0.33984375
1786646855.89,k8s_POD_autoscaler-847d45f498-rkvpp_knative-serving_ec82673b-6dc8-472a-9e8a-04e02f65f117_3,0.0,1.0546875
1786646855.91,k8s_queue-proxy_hello-00001-deployment-5d87fff5-xkrrx_default_8b11ea0f-f7c6-49b3-8d80-3156aeeea76d_0,0.0,9.4375
1786646855.91,k8s_queue-proxy_hello-00001-deployment-5d87fff5-98m85_default_3cae8e96-9062-4158-a1fb-6b440d3189d2_0,0.0,8.83984375
1786646855.91,k8s_queue-proxy_hello-00001-deployment-5d87fff5-c2cns_default_1909e42a-7fcf-4a2c-92a4-76d6db34a3c0_0,0.0,9.01953125
1786646855.91,k8s_queue-proxy_hello-00001-deployment-5d87fff5-r4f9x_default_c4e0c1f6-f3f6-4890-a9a4-47f53e89f869_0,0.0,9.07421875
1786646855.91,k8s_queue-proxy_hello-00001-deployment-5d87fff5-dplmj_default_0d5446e3-ab90-4904-a7ab-9f78bc1a3f35_0,0.0,8.73046875
1786646855.91,k8s_queue-proxy_hello-00001-deployment-5d87fff5-9g4kc_default_ac4b605b-5649-4734-8d51-2c2b44c6e1a7_0,0.0,8.8125
1786646855.91,k8s_queue-proxy_hello-00001-deployment-5d87fff5-pbv6v_default_064fa4b3-1fb3-4e80-a4ab-eec1b1d33730_0,0.0,8.7421875
1786646855.91,k8s_queue-proxy_hello-00001-deployment-5d87fff5-rcdpk_default_5c2c5548-4b80-455a-beda-26d3bd80b98d_0,0.0,8.8359375
1786646855.91,k8s_queue-proxy_hello-00001-deployment-5d87fff5-l6d7k_default_c3495acf-c323-4d89-bbee-3dda30d81c82_0,0.0,9.24609375
1786646855.91,k8s_queue-proxy_hello-00001-deployment-5d87fff5-dqpd7_default_bcde0c20-b263-4c22-a755-e5db145c91d6_0,0.0,8.88671875
1786646855.91,k8s_queue-proxy_hello-00001-deployment-5d87fff5-g89nw_default_34486883-7fcc-4e85-9967-4df77081c87e_0,0.0,8.82421875
1786646855.91,k8s_queue-proxy_hello-00001-deployment-5d87fff5-ljsdv_default_058ac6e9-0f43-4cb0-b4f7-c19345b2deba_0,0.0,9.80078125
1786646855.91,k8s_user-container_hello-00001-deployment-5d87fff5-xkrrx_default_8b11ea0f-f7c6-49b3-8d80-3156aeeea76d_0,0.0,15.31640625
1786646855.91,k8s_user-container_hello-00001-deployment-5d87fff5-r4f9x_default_c4e0c1f6-f3f6-4890-a9a4-47f53e89f869_0,0.0,15.31640625
1786646855.91,k8s_user-container_hello-00001-deployment-5d87fff5-c2cns_default_1909e42a-7fcf-4a2c-92a4-76d6db34a3c0_0,0.0,15.3046875
1786646855.91,k8s_user-container_hello-00001-deployment-5d87fff5-98m85_default_3cae8e96-9062-4158-a1fb-6b440d3189d2_0,0.0,15.3125
1786646855.91,k8s_user-container_hello-00001-deployment-5d87fff5-dplmj_default_0d5446e3-ab90-4904-a7ab-9f78bc1a3f35_0,0.0,15.30859375
1786646855.91,k8s_user-container_hello-00001-deployment-5d87fff5-rcdpk_default_5c2c5548-4b80-455a-beda-26d3bd80b98d_0,0.0,15.32421875
1786646855.91,k8s_user-container_hello-00001-deployment-5d87fff5-pbv6v_default_064fa4b3-1fb3-4e80-a4ab-eec1b1d33730_0,0.0,15.30859375
1786646855.91,k8s_user-container_hello-00001-deployment-5d87fff5-9g4kc_default_ac4b605b-5649-4734-8d51-2c2b44c6e1a7_0,0.0,15.3046875
1786646855.91,k8s_queue-proxy_hello-00001-deployment-5d87fff5-tqr95_default_e17efba6-d23a-4969-bf83-3d2c7b60ce09_0,0.0,8.72265625
1786646855.91,k8s_queue-proxy_hello-00001-deployment-5d87fff5-8vq49_default_aa00e6c1-5582-4a57-850f-f45ce0ed05aa_0,0.0,8.7578125
1786646855.91,k8s_queue-proxy_hello-00001-deployment-5d87fff5-fbwqn_default_06fac494-83f8-4d50-b881-64d3e5ba436c_0,0.0,8.671875
1786646855.91,k8s_queue-proxy_hello-00001-deployment-5d87fff5-htdkp_default_d5582b01-287c-4d36-b6d3-2b8e34c0c7d6_0,0.0,8.96875
1786646855.91,k8s_user-container_hello-00001-deployment-5d87fff5-l6d7k_default_c3495acf-c323-4d89-bbee-3dda30d81c82_0,0.0,15.3125
1786646855.91,k8s_user-container_hello-00001-deployment-5d87fff5-dqpd7_default_bcde0c20-b263-4c22-a755-e5db145c91d6_0,0.0,15.30078125
1786646855.91,k8s_user-container_hello-00001-deployment-5d87fff5-ljsdv_default_058ac6e9-0f43-4cb0-b4f7-c19345b2deba_0,0.0,15.30859375
1786646855.91,k8s_user-container_hello-00001-deployment-5d87fff5-g89nw_default_34486883-7fcc-4e85-9967-4df77081c87e_0,0.0,15.30859375
1786646855.91,k8s_user-container_hello-00001-deployment-5d87fff5-tqr95_default_e17efba6-d23a-4969-bf83-3d2c7b60ce09_0,0.0,15.30859375
1786646855.91,k8s_user-container_hello-00001-deployment-5d87fff5-8vq49_default_aa00e6c1-5582-4a57-850f-f45ce0ed05aa_0,0.0,15.3359375
1786646855.91,k8s_user-container_hello-00001-deployment-5d87fff5-htdkp_default_d5582b01-287c-4d36-b6d3-2b8e34c0c7d6_0,0.0,15.33984375
1786646855.91,k8s_user-container_hello-00001-deployment-5d87fff5-fbwqn_default_06fac494-83f8-4d50-b881-64d3e5ba436c_0,0.0,15.3203125
1786646855.91,k8s_POD_hello-00001-deployment-5d87fff5-c2cns_default_1909e42a-7fcf-4a2c-92a4-76d6db34a3c0_0,0.0,0.34375
1786646855.91,k8s_POD_hello-00001-deployment-5d87fff5-xkrrx_default_8b11ea0f-f7c6-49b3-8d80-3156aeeea76d_0,0.0,0.34765625
1786646855.91,k8s_POD_hello-00001-deployment-5d87fff5-r4f9x_default_c4e0c1f6-f3f6-4890-a9a4-47f53e89f869_0,0.0,0.34375
1786646855.91,k8s_POD_hello-00001-deployment-5d87fff5-9g4kc_default_ac4b605b-5649-4734-8d51-2c2b44c6e1a7_0,0.0,0.34765625
1786646855.91,k8s_POD_hello-00001-deployment-5d87fff5-l6d7k_default_c3495acf-c323-4d89-bbee-3dda30d81c82_0,0.0,0.34375
1786646855.91,k8s_POD_hello-00001-deployment-5d87fff5-pbv6v_default_064fa4b3-1fb3-4e80-a4ab-eec1b1d33730_0,0.0,0.34375
1786646855.91,k8s_POD_hello-00001-deployment-5d87fff5-dplmj_default_0d5446e3-ab90-4904-a7ab-9f78bc1a3f35_0,0.0,0.34375
1786646855.91,k8s_POD_hello-00001-deployment-5d87fff5-98m85_default_3cae8e96-9062-4158-a1fb-6b440d3189d2_0,0.0,0.34375
1786646855.91,k8s_POD_hello-00001-deployment-5d87fff5-rcdpk_default_5c2c5548-4b80-455a-beda-26d3bd80b98d_0,0.0,0.34765625
1786646855.91,k8s_POD_hello-00001-deployment-5d87fff5-dqpd7_default_bcde0c20-b263-4c22-a755-e5db145c91d6_0,0.0,0.3515625
1786646855.91,k8s_POD_hello-00001-deployment-5d87fff5-g89nw_default_34486883-7fcc-4e85-9967-4df77081c87e_0,0.0,0.34375
1786646855.91,k8s_POD_hello-00001-deployment-5d87fff5-ljsdv_default_058ac6e9-0f43-4cb0-b4f7-c19345b2deba_0,0.0,0.34765625
1786646855.91,k8s_POD_hello-00001-deployment-5d87fff5-tqr95_default_e17efba6-d23a-4969-bf83-3d2c7b60ce09_0,0.0,0.3515625
1786646855.91,k8s_POD_hello-00001-deployment-5d87fff5-htdkp_default_d5582b01-287c-4d36-b6d3-2b8e34c0c7d6_0,0.0,0.34375
1786646855.91,k8s_POD_hello-00001-deployment-5d87fff5-8vq49_default_aa00e6c1-5582-4a57-850f-f45ce0ed05aa_0,0.0,0.34375
1786646855.91,k8s_POD_hello-00001-deployment-5d87fff5-fbwqn_default_06fac494-83f8-4d50-b881-64d3e5ba436c_0,0.0,0.34765625
1786646855.91,registry,0.0,5.26953125
1786646855.91,k8s_lb-tcp-443_svclb-kourier-32c17a7b-g99k6_kube-system_12a61aac-14f5-4323-985c-bfa66cd375ba_3,0.0,0.3203125
1786646855.91,k8s_lb-tcp-80_svclb-kourier-32c17a7b-g99k6_kube-system_12a61aac-14f5-4323-985c-bfa66cd375ba_3,0.0,2.2890625
1786646855.91,k8s_controller_net-kourier-controller-769cd4d84c-mpvj4_knative-serving_a859182b-3989-44e1-8ad7-068a1efe2192_5,0.0,26.58203125
1786646855.91,k8s_controller_controller-c9767f9c-h8zvb_knative-serving_9a5a04d4-1393-48b2-b655-088fcff5b337_5,0.0,31.828125
1786646855.91,k8s_POD_svclb-kourier-32c17a7b-g99k6_kube-system_12a61aac-14f5-4323-985c-bfa66cd375ba_3,0.0,0.34375
1786646855.91,k8s_kourier-gateway_3scale-kourier-gateway-d95dfffb6-z2zzz_kourier-system_69daf3cc-53df-449a-ba4e-12ca3f124bf1_3,5.371588849829434,72.72265625
1786646855.91,k8s_POD_3scale-kourier-gateway-d95dfffb6-z2zzz_kourier-system_69daf3cc-53df-449a-ba4e-12ca3f124bf1_3,0.0,0.33984375
1786646855.91,k8s_local-path-provisioner_local-path-provisioner-58d557dc48-p9j96_kube-system_7fd6cb3b-fa1b-4cf6-91b8-2dc48f5ebd0f_3,0.0,44.98046875
1786646855.91,k8s_POD_local-path-provisioner-58d557dc48-p9j96_kube-system_7fd6cb3b-fa1b-4cf6-91b8-2dc48f5ebd0f_5,0.0,0.33984375
1786646855.91,k8s_metrics-server_metrics-server-6dc596dfb8-46tvx_kube-system_b8abf359-78cf-46b7-afb3-a3cf654e93c0_3,0.16742614593884003,78.49609375
1786646855.91,k8s_POD_metrics-server-6dc596dfb8-46tvx_kube-system_b8abf359-78cf-46b7-afb3-a3cf654e93c0_7,0.0,0.34375
1786646855.91,k8s_webhook_webhook-7d56465b69-khwt8_knative-serving_a7b84bd9-4373-4bbe-843a-0e2fb9c788d8_3,1.7928549797423434,60.21875
1786646855.91,k8s_POD_webhook-7d56465b69-khwt8_knative-serving_a7b84bd9-4373-4bbe-843a-0e2fb9c788d8_4,0.0,0.33984375
1786646855.91,k8s_coredns_coredns-54996dc9b4-94zpj_kube-system_86f4a07b-00d4-46a7-a1a6-6f878fb26856_3,0.0,70.46484375
1786646855.91,k8s_activator_activator-67cbcccdfb-t6cg7_knative-serving_af70f812-f578-45d9-aafe-c711ea35ebd4_3,0.0,80.06640625
1786646855.91,k8s_autoscaler_autoscaler-847d45f498-rkvpp_knative-serving_ec82673b-6dc8-472a-9e8a-04e02f65f117_3,0.0,61.10546875
1786646855.91,k8s_POD_controller-c9767f9c-h8zvb_knative-serving_9a5a04d4-1393-48b2-b655-088fcff5b337_3,0.0,0.34375
1786646855.91,k8s_POD_activator-67cbcccdfb-t6cg7_knative-serving_af70f812-f578-45d9-aafe-c711ea35ebd4_3,0.0,0.34765625
1786646855.91,k8s_POD_net-kourier-controller-769cd4d84c-mpvj4_knative-serving_a859182b-3989-44e1-8ad7-068a1efe2192_3,0.0,0.34375
1786646855.91,k8s_POD_coredns-54996dc9b4-94zpj_kube-system_86f4a07b-00d4-46a7-a1a6-6f878fb26856_6,0.0,0.33984375
1786646855.91,k8s_POD_autoscaler-847d45f498-rkvpp_knative-serving_ec82673b-6dc8-472a-9e8a-04e02f65f117_3,0.0,1.0546875
1786646855.92,k8s_queue-proxy_hello-00001-deployment-5d87fff5-xkrrx_default_8b11ea0f-f7c6-49b3-8d80-3156aeeea76d_0,0.0,9.4375
1786646855.92,k8s_queue-proxy_hello-00001-deployment-5d87fff5-98m85_default_3cae8e96-9062-4158-a1fb-6b440d3189d2_0,0.0,8.83984375
1786646855.92,k8s_queue-proxy_hello-00001-deployment-5d87fff5-c2cns_default_1909e42a-7fcf-4a2c-92a4-76d6db34a3c0_0,0.0,9.01953125
1786646855.92,k8s_queue-proxy_hello-00001-deployment-5d87fff5-r4f9x_default_c4e0c1f6-f3f6-4890-a9a4-47f53e89f869_0,0.0,9.07421875
1786646855.92,k8s_queue-proxy_hello-00001-deployment-5d87fff5-dplmj_default_0d5446e3-ab90-4904-a7ab-9f78bc1a3f35_0,0.0,8.73046875
1786646855.92,k8s_queue-proxy_hello-00001-deployment-5d87fff5-9g4kc_default_ac4b605b-5649-4734-8d51-2c2b44c6e1a7_0,0.0,8.8125
1786646855.92,k8s_queue-proxy_hello-00001-deployment-5d87fff5-pbv6v_default_064fa4b3-1fb3-4e80-a4ab-eec1b1d33730_0,0.0,8.7421875
1786646855.92,k8s_queue-proxy_hello-00001-deployment-5d87fff5-rcdpk_default_5c2c5548-4b80-455a-beda-26d3bd80b98d_0,0.0,8.8359375
1786646855.92,k8s_queue-proxy_hello-00001-deployment-5d87fff5-l6d7k_default_c3495acf-c323-4d89-bbee-3dda30d81c82_0,0.0,9.24609375
1786646855.92,k8s_queue-proxy_hello-00001-deployment-5d87fff5-dqpd7_default_bcde0c20-b263-4c22-a755-e5db145c91d6_0,0.0,8.88671875
1786646855.92,k8s_queue-proxy_hello-00001-deployment-5d87fff5-g89nw_default_34486883-7fcc-4e85-9967-4df77081c87e_0,0.0,8.82421875
1786646855.92,k8s_queue-proxy_hello-00001-deployment-5d87fff5-ljsdv_default_058ac6e9-0f43-4cb0-b4f7-c19345b2deba_0,0.0,9.80078125
1786646855.92,k8s_user-container_hello-00001-deployment-5d87fff5-xkrrx_default_8b11ea0f-f7c6-49b3-8d80-3156aeeea76d_0,0.0,15.31640625
1786646855.92,k8s_user-container_hello-00001-deployment-5d87fff5-r4f9x_default_c4e0c1f6-f3f6-4890-a9a4-47f53e89f869_0,0.0,15.31640625
1786646855.92,k8s_user-container_hello-00001-deployment-5d87fff5-c2cns_default_1909e42a-7fcf-4a2c-92a4-76d6db34a3c0_0,0.0,15.3046875
1786646855.92,k8s_user-container_hello-00001-deployment-5d87fff5-98m85_default_3cae8e96-9062-4158-a1fb-6b440d3189d2_0,0.0,15.3125
1786646855.92,k8s_user-container_hello-00001-deployment-5d87fff5-dplmj_default_0d5446e3-ab90-4904-a7ab-9f78bc1a3f35_0,0.0,15.30859375
1786646855.92,k8s_user-container_hello-00001-deployment-5d87fff5-rcdpk_default_5c2c5548-4b80-455a-beda-26d3bd80b98d_0,0.0,15.32421875
1786646855.92,k8s_user-container_hello-00001-deployment-5d87fff5-pbv6v_default_064fa4b3-1fb3-4e80-a4ab-eec1b1d33730_0,0.0,15.30859375
1786646855.92,k8s_user-container_hello-00001-deployment-5d87fff5-9g4kc_default_ac4b605b-5649-4734-8d51-2c2b44c6e1a7_0,0.0,15.3046875
1786646855.92,k8s_queue-proxy_hello-00001-deployment-5d87fff5-tqr95_default_e17efba6-d23a-4969-bf83-3d2c7b60ce09_0,0.0,8.72265625
1786646855.92,k8s_queue-proxy_hello-00001-deployment-5d87fff5-8vq49_default_aa00e6c1-5582-4a57-850f-f45ce0ed05aa_0,0.0,8.7578125
1786646855.92,k8s_queue-proxy_hello-00001-deployment-5d87fff5-fbwqn_default_06fac494-83f8-4d50-b881-64d3e5ba436c_0,0.0,8.671875
1786646855.92,k8s_queue-proxy_hello-00001-deployment-5d87fff5-htdkp_default_d5582b01-287c-4d36-b6d3-2b8e34c0c7d6_0,0.0,8.96875
1786646855.92,k8s_user-container_hello-00001-deployment-5d87fff5-l6d7k_default_c3495acf-c323-4d89-bbee-3dda30d81c82_0,0.0,15.3125
1786646855.92,k8s_user-container_hello-00001-deployment-5d87fff5-dqpd7_default_bcde0c20-b263-4c22-a755-e5db145c91d6_0,0.0,15.30078125
1786646855.92,k8s_user-container_hello-00001-deployment-5d87fff5-ljsdv_default_058ac6e9-0f43-4cb0-b4f7-c19345b2deba_0,0.0,15.30859375
1786646855.92,k8s_user-container_hello-00001-deployment-5d87fff5-g89nw_default_34486883-7fcc-4e85-9967-4df77081c87e_0,0.0,15.30859375
1786646855.92,k8s_user-container_hello-00001-deployment-5d87fff5-tqr95_default_e17efba6-d23a-4969-bf83-3d2c7b60ce09_0,0.0,15.30859375
1786646855.92,k8s_user-container_hello-00001-deployment-5d87fff5-8vq49_default_aa00e6c1-5582-4a57-850f-f45ce0ed05aa_0,0.0,15.3359375
1786646855.92,k8s_user-container_hello-00001-deployment-5d87fff5-htdkp_default_d5582b01-287c-4d36-b6d3-2b8e34c0c7d6_0,0.0,15.33984375
1786646855.92,k8s_user-container_hello-00001-deployment-5d87fff5-fbwqn_default_06fac494-83f8-4d50-b881-64d3e5ba436c_0,0.0,15.3203125
1786646855.92,k8s_POD_hello-00001-deployment-5d87fff5-c2cns_default_1909e42a-7fcf-4a2c-92a4-76d6db34a3c0_0,0.0,0.34375
1786646855.92,k8s_POD_hello-00001-deployment-5d87fff5-xkrrx_default_8b11ea0f-f7c6-49b3-8d80-3156aeeea76d_0,0.0,0.34765625
1786646855.92,k8s_POD_hello-00001-deployment-5d87fff5-r4f9x_default_c4e0c1f6-f3f6-4890-a9a4-47f53e89f869_0,0.0,0.34375
1786646855.92,k8s_POD_hello-00001-deployment-5d87fff5-9g4kc_default_ac4b605b-5649-4734-8d51-2c2b44c6e1a7_0,0.0,0.34765625
1786646855.92,k8s_POD_hello-00001-deployment-5d87fff5-l6d7k_default_c3495acf-c323-4d89-bbee-3dda30d81c82_0,0.0,0.34375
1786646855.92,k8s_POD_hello-00001-deployment-5d87fff5-pbv6v_default_064fa4b3-1fb3-4e80-a4ab-eec1b1d33730_0,0.0,0.34375
1786646855.92,k8s_POD_hello-00001-deployment-5d87fff5-dplmj_default_0d5446e3-ab90-4904-a7ab-9f78bc1a3f35_0,0.0,0.34375
1786646855.92,k8s_POD_hello-00001-deployment-5d87fff5-98m85_default_3cae8e96-9062-4158-a1fb-6b440d3189d2_0,0.0,0.34375
1786646855.92,k8s_POD_hello-00001-deployment-5d87fff5-rcdpk_default_5c2c5548-4b80-455a-beda-26d3bd80b98d_0,0.0,0.34765625
1786646855.92,k8s_POD_hello-00001-deployment-5d87fff5-dqpd7_default_bcde0c20-b263-4c22-a755-e5db145c91d6_0,0.0,0.3515625
1786646855.92,k8s_POD_hello-00001-deployment-5d87fff5-g89nw_default_34486883-7fcc-4e85-9967-4df77081c87e_0,0.0,0.34375
1786646855.92,k8s_POD_hello-00001-deployment-5d87fff5-ljsdv_default_058ac6e9-0f43-4cb0-b4f7-c19345b2deba_0,0.0,0.34765625
1786646855.92,k8s_POD_hello-00001-deployment-5d87fff5-tqr95_default_e17efba6-d23a-4969-bf83-3d2c7b60ce09_0,0.0,0.3515625
1786646855.92,k8s_POD_hello-00001-deployment-5d87fff5-htdkp_default_d5582b01-287c-4d36-b6d3-2b8e34c0c7d6_0,0.0,0.34375
1786646855.92,k8s_POD_hello-00001-deployment-5d87fff5-8vq49_default_aa00e6c1-5582-4a57-850f-f45ce0ed05aa_0,0.0,0.34375
1786646855.92,k8s_POD_hello-00001-deployment-5d87fff5-fbwqn_default_06fac494-83f8-4d50-b881-64d3e5ba436c_0,0.0,0.34765625
1786646855.92,registry,0.0,5.26953125
1786646855.92,k8s_lb-tcp-443_svclb-kourier-32c17a7b-g99k6_kube-system_12a61aac-14f5-4323-985c-bfa66cd375ba_3,0.0,0.3203125
1786646855.92,k8s_lb-tcp-80_svclb-kourier-32c17a7b-g99k6_kube-system_12a61aac-14f5-4323-985c-bfa66cd375ba_3,0.0,2.2890625
1786646855.92,k8s_controller_net-kourier-controller-769cd4d84c-mpvj4_knative-serving_a859182b-3989-44e1-8ad7-068a1efe2192_5,0.0,26.58203125
1786646855.92,k8s_controller_controller-c9767f9c-h8zvb_knative-serving_9a5a04d4-1393-48b2-b655-088fcff5b337_5,0.0,31.828125
1786646855.92,k8s_POD_svclb-kourier-32c17a7b-g99k6_kube-system_12a61aac-14f5-4323-985c-bfa66cd375ba_3,0.0,0.34375
1786646855.92,k8s_kourier-gateway_3scale-kourier-gateway-d95dfffb6-z2zzz_kourier-system_69daf3cc-53df-449a-ba4e-12ca3f124bf1_3,0.1578534714297413,72.50390625
1786646855.92,k8s_POD_3scale-kourier-gateway-d95dfffb6-z2zzz_kourier-system_69daf3cc-53df-449a-ba4e-12ca3f124bf1_3,0.0,0.33984375
1786646855.92,k8s_local-path-provisioner_local-path-provisioner-58d557dc48-p9j96_kube-system_7fd6cb3b-fa1b-4cf6-91b8-2dc48f5ebd0f_3,0.0,44.98046875
1786646855.92,k8s_POD_local-path-provisioner-58d557dc48-p9j96_kube-system_7fd6cb3b-fa1b-4cf6-91b8-2dc48f5ebd0f_5,0.0,0.33984375
1786646855.92,k8s_metrics-server_metrics-server-6dc596dfb8-46tvx_kube-system_b8abf359-78cf-46b7-afb3-a3cf654e93c0_3,0.0,78.49609375
1786646855.92,k8s_POD_metrics-server-6dc596dfb8-46tvx_kube-system_b8abf359-78cf-46b7-afb3-a3cf654e93c0_7,0.0,0.34375
1786646855.92,k8s_webhook_webhook-7d56465b69-khwt8_knative-serving_a7b84bd9-4373-4bbe-843a-0e2fb9c788d8_3,5.3807444176898525,60.46484375
1786646855.92,k8s_POD_webhook-7d56465b69-khwt8_knative-serving_a7b84bd9-4373-4bbe-843a-0e2fb9c788d8_4,0.0,0.33984375
1786646855.92,k8s_coredns_coredns-54996dc9b4-94zpj_kube-system_86f4a07b-00d4-46a7-a1a6-6f878fb26856_3,0.0,70.23828125
1786646855.92,k8s_activator_activator-67cbcccdfb-t6cg7_knative-serving_af70f812-f578-45d9-aafe-c711ea35ebd4_3,0.0,80.06640625
1786646855.92,k8s_autoscaler_autoscaler-847d45f498-rkvpp_knative-serving_ec82673b-6dc8-472a-9e8a-04e02f65f117_3,0.0,61.10546875
1786646855.92,k8s_POD_controller-c9767f9c-h8zvb_knative-serving_9a5a04d4-1393-48b2-b655-088fcff5b337_3,0.0,0.34375
1786646855.92,k8s_POD_activator-67cbcccdfb-t6cg7_knative-serving_af70f812-f578-45d9-aafe-c711ea35ebd4_3,0.0,0.34765625
1786646855.92,k8s_POD_net-kourier-controller-769cd4d84c-mpvj4_knative-serving_a859182b-3989-44e1-8ad7-068a1efe2192_3,0.0,0.34375
1786646855.92,k8s_POD_coredns-54996dc9b4-94zpj_kube-system_86f4a07b-00d4-46a7-a1a6-6f878fb26856_6,0.0,0.33984375
1786646855.92,k8s_POD_autoscaler-847d45f498-rkvpp_knative-serving_ec82673b-6dc8-472a-9e8a-04e02f65f117_3,0.0,1.0546875
1786646855.93,k8s_queue-proxy_hello-00001-deployment-5d87fff5-xkrrx_default_8b11ea0f-f7c6-49b3-8d80-3156aeeea76d_0,0.0,9.4375
1786646855.93,k8s_queue-proxy_hello-00001-deployment-5d87fff5-98m85_default_3cae8e96-9062-4158-a1fb-6b440d3189d2_0,0.0,8.83984375
1786646855.93,k8s_queue-proxy_hello-00001-deployment-5d87fff5-c2cns_default_1909e42a-7fcf-4a2c-92a4-76d6db34a3c0_0,0.0,9.01953125
1786646855.93,k8s_queue-proxy_hello-00001-deployment-5d87fff5-r4f9x_default_c4e0c1f6-f3f6-4890-a9a4-47f53e89f869_0,0.0,9.07421875
1786646855.93,k8s_queue-proxy_hello-00001-deployment-5d87fff5-dplmj_default_0d5446e3-ab90-4904-a7ab-9f78bc1a3f35_0,0.0,8.73046875
1786646855.93,k8s_queue-proxy_hello-00001-deployment-5d87fff5-9g4kc_default_ac4b605b-5649-4734-8d51-2c2b44c6e1a7_0,0.0,8.8125
1786646855.93,k8s_queue-proxy_hello-00001-deployment-5d87fff5-pbv6v_default_064fa4b3-1fb3-4e80-a4ab-eec1b1d33730_0,0.0,8.7421875
1786646855.93,k8s_queue-proxy_hello-00001-deployment-5d87fff5-rcdpk_default_5c2c5548-4b80-455a-beda-26d3bd80b98d_0,0.0,8.8359375
1786646855.93,k8s_queue-proxy_hello-00001-deployment-5d87fff5-l6d7k_default_c3495acf-c323-4d89-bbee-3dda30d81c82_0,0.0,9.24609375
1786646855.93,k8s_queue-proxy_hello-00001-deployment-5d87fff5-dqpd7_default_bcde0c20-b263-4c22-a755-e5db145c91d6_0,0.0,8.88671875
1786646855.93,k8s_queue-proxy_hello-00001-deployment-5d87fff5-g89nw_default_34486883-7fcc-4e85-9967-4df77081c87e_0,0.0,8.82421875
1786646855.93,k8s_queue-proxy_hello-00001-deployment-5d87fff5-ljsdv_default_058ac6e9-0f43-4cb0-b4f7-c19345b2deba_0,0.0,9.80078125
1786646855.93,k8s_user-container_hello-00001-deployment-5d87fff5-xkrrx_default_8b11ea0f-f7c6-49b3-8d80-3156aeeea76d_0,0.0,15.31640625
1786646855.93,k8s_user-container_hello-00001-deployment-5d87fff5-r4f9x_default_c4e0c1f6-f3f6-4890-a9a4-47f53e89f869_0,0.0,15.31640625
1786646855.93,k8s_user-container_hello-00001-deployment-5d87fff5-c2cns_default_1909e42a-7fcf-4a2c-92a4-76d6db34a3c0_0,0.0,15.3046875
1786646855.93,k8s_user-container_hello-00001-deployment-5d87fff5-98m85_default_3cae8e96-9062-4158-a1fb-6b440d3189d2_0,0.0,15.3125
1786646855.93,k8s_user-container_hello-00001-deployment-5d87fff5-dplmj_default_0d5446e3-ab90-4904-a7ab-9f78bc1a3f35_0,0.0,15.30859375
1786646855.93,k8s_user-container_hello-00001-deployment-5d87fff5-rcdpk_default_5c2c5548-4b80-455a-beda-26d3bd80b98d_0,0.0,15.32421875
1786646855.93,k8s_user-container_hello-00001-deployment-5d87fff5-pbv6v_default_064fa4b3-1fb3-4e80-a4ab-eec1b1d33730_0,0.0,15.30859375
1786646855.93,k8s_user-container_hello-00001-deployment-5d87fff5-9g4kc_default_ac4b605b-5649-4734-8d51-2c2b44c6e1a7_0,0.0,15.3046875
1786646855.93,k8s_queue-proxy_hello-00001-deployment-5d87fff5-tqr95_default_e17efba6-d23a-4969-bf83-3d2c7b60ce09_0,0.0,8.72265625
1786646855.93,k8s_queue-proxy_hello-00001-deployment-5d87fff5-8vq49_default_aa00e6c1-5582-4a57-850f-f45ce0ed05aa_0,0.0,8.7578125
1786646855.93,k8s_queue-proxy_hello-00001-deployment-5d87fff5-fbwqn_default_06fac494-83f8-4d50-b881-64d3e5ba436c_0,0.0,8.671875
1786646855.93,k8s_queue-proxy_hello-00001-deployment-5d87fff5-htdkp_default_d5582b01-287c-4d36-b6d3-2b8e34c0c7d6_0,0.0,8.96875
1786646855.93,k8s_user-container_hello-00001-deployment-5d87fff5-l6d7k_default_c3495acf-c323-4d89-bbee-3dda30d81c82_0,0.0,15.3125
1786646855.93,k8s_user-container_hello-00001-deployment-5d87fff5-dqpd7_default_bcde0c20-b263-4c22-a755-e5db145c91d6_0,0.0,15.30078125
1786646855.93,k8s_user-container_hello-00001-deployment-5d87fff5-ljsdv_default_058ac6e9-0f43-4cb0-b4f7-c19345b2deba_0,0.0,15.30859375
1786646855.93,k8s_user-container_hello-00001-deployment-5d87fff5-g89nw_default_34486883-7fcc-4e85-9967-4df77081c87e_0,0.0,15.30859375
1786646855.93,k8s_user-container_hello-00001-deployment-5d87fff5-tqr95_default_e17efba6-d23a-4969-bf83-3d2c7b60ce09_0,0.0,15.30859375
1786646855.93,k8s_user-container_hello-00001-deployment-5d87fff5-8vq49_default_aa00e6c1-5582-4a57-850f-f45ce0ed05aa_0,0.0,15.3359375
1786646855.93,k8s_user-container_hello-00001-deployment-5d87fff5-htdkp_default_d5582b01-287c-4d36-b6d3-2b8e34c0c7d6_0,0.0,15.33984375
1786646855.93,k8s_user-container_hello-00001-deployment-5d87fff5-fbwqn_default_06fac494-83f8-4d50-b881-64d3e5ba436c_0,0.0,15.3203125
1786646855.93,k8s_POD_hello-00001-deployment-5d87fff5-c2cns_default_1909e42a-7fcf-4a2c-92a4-76d6db34a3c0_0,0.0,0.34375
1786646855.93,k8s_POD_hello-00001-deployment-5d87fff5-xkrrx_default_8b11ea0f-f7c6-49b3-8d80-3156aeeea76d_0,0.0,0.34765625
1786646855.93,k8s_POD_hello-00001-deployment-5d87fff5-r4f9x_default_c4e0c1f6-f3f6-4890-a9a4-47f53e89f869_0,0.0,0.34375
1786646855.93,k8s_POD_hello-00001-deployment-5d87fff5-9g4kc_default_ac4b605b-5649-4734-8d51-2c2b44c6e1a7_0,0.0,0.34765625
1786646855.93,k8s_POD_hello-00001-deployment-5d87fff5-l6d7k_default_c3495acf-c323-4d89-bbee-3dda30d81c82_0,0.0,0.34375
1786646855.93,k8s_POD_hello-00001-deployment-5d87fff5-pbv6v_default_064fa4b3-1fb3-4e80-a4ab-eec1b1d33730_0,0.0,0.34375
1786646855.93,k8s_POD_hello-00001-deployment-5d87fff5-dplmj_default_0d5446e3-ab90-4904-a7ab-9f78bc1a3f35_0,0.0,0.34375
1786646855.93,k8s_POD_hello-00001-deployment-5d87fff5-98m85_default_3cae8e96-9062-4158-a1fb-6b440d3189d2_0,0.0,0.34375
1786646855.93,k8s_POD_hello-00001-deployment-5d87fff5-rcdpk_default_5c2c5548-4b80-455a-beda-26d3bd80b98d_0,0.0,0.34765625
1786646855.93,k8s_POD_hello-00001-deployment-5d87fff5-dqpd7_default_bcde0c20-b263-4c22-a755-e5db145c91d6_0,0.0,0.3515625
1786646855.93,k8s_POD_hello-00001-deployment-5d87fff5-g89nw_default_34486883-7fcc-4e85-9967-4df77081c87e_0,0.0,0.34375
1786646855.93,k8s_POD_hello-00001-deployment-5d87fff5-ljsdv_default_058ac6e9-0f43-4cb0-b4f7-c19345b2deba_0,0.0,0.34765625
1786646855.93,k8s_POD_hello-00001-deployment-5d87fff5-tqr95_default_e17efba6-d23a-4969-bf83-3d2c7b60ce09_0,0.0,0.3515625
1786646855.93,k8s_POD_hello-00001-deployment-5d87fff5-htdkp_default_d5582b01-287c-4d36-b6d3-2b8e34c0c7d6_0,0.0,0.34375
1786646855.93,k8s_POD_hello-00001-deployment-5d87fff5-8vq49_default_aa00e6c1-5582-4a57-850f-f45ce0ed05aa_0,0.0,0.34375
1786646855.93,k8s_POD_hello-00001-deployment-5d87fff5-fbwqn_default_06fac494-83f8-4d50-b881-64d3e5ba436c_0,0.0,0.34765625
1786646855.93,registry,0.0,5.26953125
1786646855.93,k8s_lb-tcp-443_svclb-kourier-32c17a7b-g99k6_kube-system_12a61aac-14f5-4323-985c-bfa66cd375ba_3,0.0,0.3203125
1786646855.93,k8s_lb-tcp-80_svclb-kourier-32c17a7b-g99k6_kube-system_12a61aac-14f5-4323-985c-bfa66cd375ba_3,0.0,2.2890625
1786646855.93,k8s_controller_net-kourier-controller-769cd4d84c-mpvj4_knative-serving_a859182b-3989-44e1-8ad7-068a1efe2192_5,0.0,26.58203125
1786646855.93,k8s_controller_controller-c9767f9c-h8zvb_knative-serving_9a5a04d4-1393-48b2-b655-088fcff5b337_5,0.7690982817114836,31.828125
1786646855.93,k8s_POD_svclb-kourier-32c17a7b-g99k6_kube-system_12a61aac-14f5-4323-985c-bfa66cd375ba_3,0.0,0.34375
1786646855.93,k8s_kourier-gateway_3scale-kourier-gateway-d95dfffb6-z2zzz_kourier-system_69daf3cc-53df-449a-ba4e-12ca3f124bf1_3,0.6232348144326709,72.50390625
1786646855.93,k8s_POD_3scale-kourier-gateway-d95dfffb6-z2zzz_kourier-system_69daf3cc-53df-449a-ba4e-12ca3f124bf1_3,0.0,0.33984375
1786646855.93,k8s_local-path-provisioner_local-path-provisioner-58d557dc48-p9j96_kube-system_7fd6cb3b-fa1b-4cf6-91b8-2dc48f5ebd0f_3,0.0,44.98046875
1786646855.93,k8s_POD_local-path-provisioner-58d557dc48-p9j96_kube-system_7fd6cb3b-fa1b-4cf6-91b8-2dc48f5ebd0f_5,0.0,0.33984375
1786646855.93,k8s_metrics-server_metrics-server-6dc596dfb8-46tvx_kube-system_b8abf359-78cf-46b7-afb3-a3cf654e93c0_3,0.0,78.49609375
1786646855.93,k8s_POD_metrics-server-6dc596dfb8-46tvx_kube-system_b8abf359-78cf-46b7-afb3-a3cf654e93c0_7,0.0,0.34375
1786646855.93,k8s_webhook_webhook-7d56465b69-khwt8_knative-serving_a7b84bd9-4373-4bbe-843a-0e2fb9c788d8_3,0.0,60.46484375
1786646855.93,k8s_POD_webhook-7d56465b69-khwt8_knative-serving_a7b84bd9-4373-4bbe-843a-0e2fb9c788d8_4,0.0,0.33984375
1786646855.93,k8s_coredns_coredns-54996dc9b4-94zpj_kube-system_86f4a07b-00d4-46a7-a1a6-6f878fb26856_3,0.0,70.23828125
1786646855.93,k8s_activator_activator-67cbcccdfb-t6cg7_knative-serving_af70f812-f578-45d9-aafe-c711ea35ebd4_3,0.0,80.06640625
1786646855.93,k8s_autoscaler_autoscaler-847d45f498-rkvpp_knative-serving_ec82673b-6dc8-472a-9e8a-04e02f65f117_3,0.0,61.10546875
1786646855.93,k8s_POD_controller-c9767f9c-h8zvb_knative-serving_9a5a04d4-1393-48b2-b655-088fcff5b337_3,0.0,0.34375
1786646855.93,k8s_POD_activator-67cbcccdfb-t6cg7_knative-serving_af70f812-f578-45d9-aafe-c711ea35ebd4_3,0.0,0.34765625
1786646855.93,k8s_POD_net-kourier-controller-769cd4d84c-mpvj4_knative-serving_a859182b-3989-44e1-8ad7-068a1efe2192_3,0.0,0.34375
1786646855.93,k8s_POD_coredns-54996dc9b4-94zpj_kube-system_86f4a07b-00d4-46a7-a1a6-6f878fb26856_6,0.0,0.33984375
1786646855.93,k8s_POD_autoscaler-847d45f498-rkvpp_knative-serving_ec82673b-6dc8-472a-9e8a-04e02f65f117_3,0.0,1.0546875
1786646855.95,k8s_queue-proxy_hello-00001-deployment-5d87fff5-xkrrx_default_8b11ea0f-f7c6-49b3-8d80-3156aeeea76d_0,0.0,9.4375
1786646855.95,k8s_queue-proxy_hello-00001-deployment-5d87fff5-98m85_default_3cae8e96-9062-4158-a1fb-6b440d3189d2_0,0.0,8.83984375
1786646855.95,k8s_queue-proxy_hello-00001-deployment-5d87fff5-c2cns_default_1909e42a-7fcf-4a2c-92a4-76d6db34a3c0_0,0.0,9.01953125
1786646855.95,k8s_queue-proxy_hello-00001-deployment-5d87fff5-r4f9x_default_c4e0c1f6-f3f6-4890-a9a4-47f53e89f869_0,0.0,9.07421875
1786646855.95,k8s_queue-proxy_hello-00001-deployment-5d87fff5-dplmj_default_0d5446e3-ab90-4904-a7ab-9f78bc1a3f35_0,0.0,8.73046875
1786646855.95,k8s_queue-proxy_hello-00001-deployment-5d87fff5-9g4kc_default_ac4b605b-5649-4734-8d51-2c2b44c6e1a7_0,0.0,8.8125
1786646855.95,k8s_queue-proxy_hello-00001-deployment-5d87fff5-pbv6v_default_064fa4b3-1fb3-4e80-a4ab-eec1b1d33730_0,0.0,8.7421875
1786646855.95,k8s_queue-proxy_hello-00001-deployment-5d87fff5-rcdpk_default_5c2c5548-4b80-455a-beda-26d3bd80b98d_0,0.0,8.8359375
1786646855.95,k8s_queue-proxy_hello-00001-deployment-5d87fff5-l6d7k_default_c3495acf-c323-4d89-bbee-3dda30d81c82_0,0.0,9.24609375
1786646855.95,k8s_queue-proxy_hello-00001-deployment-5d87fff5-dqpd7_default_bcde0c20-b263-4c22-a755-e5db145c91d6_0,0.0,8.88671875
1786646855.95,k8s_queue-proxy_hello-00001-deployment-5d87fff5-g89nw_default_34486883-7fcc-4e85-9967-4df77081c87e_0,0.0,8.82421875
1786646855.95,k8s_queue-proxy_hello-00001-deployment-5d87fff5-ljsdv_default_058ac6e9-0f43-4cb0-b4f7-c19345b2deba_0,0.0,9.80078125
1786646855.95,k8s_user-container_hello-00001-deployment-5d87fff5-xkrrx_default_8b11ea0f-f7c6-49b3-8d80-3156aeeea76d_0,0.0,15.31640625
1786646855.95,k8s_user-container_hello-00001-deployment-5d87fff5-r4f9x_default_c4e0c1f6-f3f6-4890-a9a4-47f53e89f869_0,0.0,15.31640625
1786646855.95,k8s_user-container_hello-00001-deployment-5d87fff5-c2cns_default_1909e42a-7fcf-4a2c-92a4-76d6db34a3c0_0,0.0,15.3046875
1786646855.95,k8s_user-container_hello-00001-deployment-5d87fff5-98m85_default_3cae8e96-9062-4158-a1fb-6b440d3189d2_0,0.0,15.3125
1786646855.95,k8s_user-container_hello-00001-deployment-5d87fff5-dplmj_default_0d5446e3-ab90-4904-a7ab-9f78bc1a3f35_0,0.0,15.30859375
1786646855.95,k8s_user-container_hello-00001-deployment-5d87fff5-rcdpk_default_5c2c5548-4b80-455a-beda-26d3bd80b98d_0,0.0,15.32421875
1786646855.95,k8s_user-container_hello-00001-deployment-5d87fff5-pbv6v_default_064fa4b3-1fb3-4e80-a4ab-eec1b1d33730_0,0.0,15.30859375
1786646855.95,k8s_user-container_hello-00001-deployment-5d87fff5-9g4kc_default_ac4b605b-5649-4734-8d51-2c2b44c6e1a7_0,0.0,15.3046875
1786646855.95,k8s_queue-proxy_hello-00001-deployment-5d87fff5-tqr95_default_e17efba6-d23a-4969-bf83-3d2c7b60ce09_0,0.0,8.72265625
1786646855.95,k8s_queue-proxy_hello-00001-deployment-5d87fff5-8vq49_default_aa00e6c1-5582-4a57-850f-f45ce0ed05aa_0,0.0,8.7578125
1786646855.95,k8s_queue-proxy_hello-00001-deployment-5d87fff5-fbwqn_default_06fac494-83f8-4d50-b881-64d3e5ba436c_0,0.0,8.671875
1786646855.95,k8s_queue-proxy_hello-00001-deployment-5d87fff5-htdkp_default_d5582b01-287c-4d36-b6d3-2b8e34c0c7d6_0,0.0,8.96875
1786646855.95,k8s_user-container_hello-00001-deployment-5d87fff5-l6d7k_default_c3495acf-c323-4d89-bbee-3dda30d81c82_0,0.0,15.3125
1786646855.95,k8s_user-container_hello-00001-deployment-5d87fff5-dqpd7_default_bcde0c20-b263-4c22-a755-e5db145c91d6_0,0.0,15.30078125
1786646855.95,k8s_user-container_hello-00001-deployment-5d87fff5-ljsdv_default_058ac6e9-0f43-4cb0-b4f7-c19345b2deba_0,0.0,15.30859375
1786646855.95,k8s_user-container_hello-00001-deployment-5d87fff5-g89nw_default_34486883-7fcc-4e85-9967-4df77081c87e_0,0.0,15.30859375
1786646855.95,k8s_user-container_hello-00001-deployment-5d87fff5-tqr95_default_e17efba6-d23a-4969-bf83-3d2c7b60ce09_0,0.0,15.30859375
1786646855.95,k8s_user-container_hello-00001-deployment-5d87fff5-8vq49_default_aa00e6c1-5582-4a57-850f-f45ce0ed05aa_0,0.0,15.3359375
1786646855.95,k8s_user-container_hello-00001-deployment-5d87fff5-htdkp_default_d5582b01-287c-4d36-b6d3-2b8e34c0c7d6_0,0.0,15.33984375
1786646855.95,k8s_user-container_hello-00001-deployment-5d87fff5-fbwqn_default_06fac494-83f8-4d50-b881-64d3e5ba436c_0,0.0,15.3203125
1786646855.95,k8s_POD_hello-00001-deployment-5d87fff5-c2cns_default_1909e42a-7fcf-4a2c-92a4-76d6db34a3c0_0,0.0,0.34375
1786646855.95,k8s_POD_hello-00001-deployment-5d87fff5-xkrrx_default_8b11ea0f-f7c6-49b3-8d80-3156aeeea76d_0,0.0,0.34765625
1786646855.95,k8s_POD_hello-00001-deployment-5d87fff5-r4f9x_default_c4e0c1f6-f3f6-4890-a9a4-47f53e89f869_0,0.0,0.34375
1786646855.95,k8s_POD_hello-00001-deployment-5d87fff5-9g4kc_default_ac4b605b-5649-4734-8d51-2c2b44c6e1a7_0,0.0,0.34765625
1786646855.95,k8s_POD_hello-00001-deployment-5d87fff5-l6d7k_default_c3495acf-c323-4d89-bbee-3dda30d81c82_0,0.0,0.34375
1786646855.95,k8s_POD_hello-00001-deployment-5d87fff5-pbv6v_default_064fa4b3-1fb3-4e80-a4ab-eec1b1d33730_0,0.0,0.34375
1786646855.95,k8s_POD_hello-00001-deployment-5d87fff5-dplmj_default_0d5446e3-ab90-4904-a7ab-9f78bc1a3f35_0,0.0,0.34375
1786646855.95,k8s_POD_hello-00001-deployment-5d87fff5-98m85_default_3cae8e96-9062-4158-a1fb-6b440d3189d2_0,0.0,0.34375
1786646855.95,k8s_POD_hello-00001-deployment-5d87fff5-rcdpk_default_5c2c5548-4b80-455a-beda-26d3bd80b98d_0,0.0,0.34765625
1786646855.95,k8s_POD_hello-00001-deployment-5d87fff5-dqpd7_default_bcde0c20-b263-4c22-a755-e5db145c91d6_0,0.0,0.3515625
1786646855.95,k8s_POD_hello-00001-deployment-5d87fff5-g89nw_default_34486883-7fcc-4e85-9967-4df77081c87e_0,0.0,0.34375
1786646855.95,k8s_POD_hello-00001-deployment-5d87fff5-ljsdv_default_058ac6e9-0f43-4cb0-b4f7-c19345b2deba_0,0.0,0.34765625
1786646855.95,k8s_POD_hello-00001-deployment-5d87fff5-tqr95_default_e17efba6-d23a-4969-bf83-3d2c7b60ce09_0,0.0,0.3515625
1786646855.95,k8s_POD_hello-00001-deployment-5d87fff5-htdkp_default_d5582b01-287c-4d36-b6d3-2b8e34c0c7d6_0,0.0,0.34375
1786646855.95,k8s_POD_hello-00001-deployment-5d87fff5-8vq49_default_aa00e6c1-5582-4a57-850f-f45ce0ed05aa_0,0.0,0.34375
1786646855.95,k8s_POD_hello-00001-deployment-5d87fff5-fbwqn_default_06fac494-83f8-4d50-b881-64d3e5ba436c_0,0.0,0.34765625
1786646855.95,registry,0.0,5.26953125
1786646855.95,k8s_lb-tcp-443_svclb-kourier-32c17a7b-g99k6_kube-system_12a61aac-14f5-4323-985c-bfa66cd375ba_3,0.0,0.3203125
1786646855.95,k8s_lb-tcp-80_svclb-kourier-32c17a7b-g99k6_kube-system_12a61aac-14f5-4323-985c-bfa66cd375ba_3,0.0,2.2890625
1786646855.95,k8s_controller_net-kourier-controller-769cd4d84c-mpvj4_knative-serving_a859182b-3989-44e1-8ad7-068a1efe2192_5,0.0,26.58203125
1786646855.95,k8s_controller_controller-c9767f9c-h8zvb_knative-serving_9a5a04d4-1393-48b2-b655-088fcff5b337_5,0.0,31.828125
1786646855.95,k8s_POD_svclb-kourier-32c17a7b-g99k6_kube-system_12a61aac-14f5-4323-985c-bfa66cd375ba_3,0.0,0.34375
1786646855.95,k8s_kourier-gateway_3scale-kourier-gateway-d95dfffb6-z2zzz_kourier-system_69daf3cc-53df-449a-ba4e-12ca3f124bf1_3,0.3086458355758109,72.50390625
1786646855.95,k8s_POD_3scale-kourier-gateway-d95dfffb6-z2zzz_kourier-system_69daf3cc-53df-449a-ba4e-12ca3f124bf1_3,0.0,0.33984375
1786646855.95,k8s_local-path-provisioner_local-path-provisioner-58d557dc48-p9j96_kube-system_7fd6cb3b-fa1b-4cf6-91b8-2dc48f5ebd0f_3,0.0,44.98046875
1786646855.95,k8s_POD_local-path-provisioner-58d557dc48-p9j96_kube-system_7fd6cb3b-fa1b-4cf6-91b8-2dc48f5ebd0f_5,0.0,0.33984375
1786646855.95,k8s_metrics-server_metrics-server-6dc596dfb8-46tvx_kube-system_b8abf359-78cf-46b7-afb3-a3cf654e93c0_3,0.0,78.49609375
1786646855.95,k8s_POD_metrics-server-6dc596dfb8-46tvx_kube-system_b8abf359-78cf-46b7-afb3-a3cf654e93c0_7,0.0,0.34375
1786646855.95,k8s_webhook_webhook-7d56465b69-khwt8_knative-serving_a7b84bd9-4373-4bbe-843a-0e2fb9c788d8_3,0.0,60.46484375
1786646855.95,k8s_POD_webhook-7d56465b69-khwt8_knative-serving_a7b84bd9-4373-4bbe-843a-0e2fb9c788d8_4,0.0,0.33984375
1786646855.95,k8s_coredns_coredns-54996dc9b4-94zpj_kube-system_86f4a07b-00d4-46a7-a1a6-6f878fb26856_3,0.0,70.23828125
1786646855.95,k8s_activator_activator-67cbcccdfb-t6cg7_knative-serving_af70f812-f578-45d9-aafe-c711ea35ebd4_3,0.0,80.06640625
1786646855.95,k8s_autoscaler_autoscaler-847d45f498-rkvpp_knative-serving_ec82673b-6dc8-472a-9e8a-04e02f65f117_3,0.0,61.10546875
1786646855.95,k8s_POD_controller-c9767f9c-h8zvb_knative-serving_9a5a04d4-1393-48b2-b655-088fcff5b337_3,0.0,0.34375
1786646855.95,k8s_POD_activator-67cbcccdfb-t6cg7_knative-serving_af70f812-f578-45d9-aafe-c711ea35ebd4_3,0.0,0.34765625
1786646855.95,k8s_POD_net-kourier-controller-769cd4d84c-mpvj4_knative-serving_a859182b-3989-44e1-8ad7-068a1efe2192_3,0.0,0.34375
1786646855.95,k8s_POD_coredns-54996dc9b4-94zpj_kube-system_86f4a07b-00d4-46a7-a1a6-6f878fb26856_6,0.0,0.33984375
1786646855.95,k8s_POD_autoscaler-847d45f498-rkvpp_knative-serving_ec82673b-6dc8-472a-9e8a-04e02f65f117_3,0.0,1.0546875
1786646855.97,k8s_queue-proxy_hello-00001-deployment-5d87fff5-xkrrx_default_8b11ea0f-f7c6-49b3-8d80-3156aeeea76d_0,0.0,9.4375
1786646855.97,k8s_queue-proxy_hello-00001-deployment-5d87fff5-98m85_default_3cae8e96-9062-4158-a1fb-6b440d3189d2_0,0.0,8.83984375
1786646855.97,k8s_queue-proxy_hello-00001-deployment-5d87fff5-c2cns_default_1909e42a-7fcf-4a2c-92a4-76d6db34a3c0_0,0.0,9.01953125
1786646855.97,k8s_queue-proxy_hello-00001-deployment-5d87fff5-r4f9x_default_c4e0c1f6-f3f6-4890-a9a4-47f53e89f869_0,0.0,9.07421875
1786646855.97,k8s_queue-proxy_hello-00001-deployment-5d87fff5-dplmj_default_0d5446e3-ab90-4904-a7ab-9f78bc1a3f35_0,0.0,8.73046875
1786646855.97,k8s_queue-proxy_hello-00001-deployment-5d87fff5-9g4kc_default_ac4b605b-5649-4734-8d51-2c2b44c6e1a7_0,0.0,8.8125
1786646855.97,k8s_queue-proxy_hello-00001-deployment-5d87fff5-pbv6v_default_064fa4b3-1fb3-4e80-a4ab-eec1b1d33730_0,0.0,8.7421875
1786646855.97,k8s_queue-proxy_hello-00001-deployment-5d87fff5-rcdpk_default_5c2c5548-4b80-455a-beda-26d3bd80b98d_0,0.0,8.8359375
1786646855.97,k8s_queue-proxy_hello-00001-deployment-5d87fff5-l6d7k_default_c3495acf-c323-4d89-bbee-3dda30d81c82_0,0.0,9.24609375
1786646855.97,k8s_queue-proxy_hello-00001-deployment-5d87fff5-dqpd7_default_bcde0c20-b263-4c22-a755-e5db145c91d6_0,0.0,8.88671875
1786646855.97,k8s_queue-proxy_hello-00001-deployment-5d87fff5-g89nw_default_34486883-7fcc-4e85-9967-4df77081c87e_0,0.0,8.82421875
1786646855.97,k8s_queue-proxy_hello-00001-deployment-5d87fff5-ljsdv_default_058ac6e9-0f43-4cb0-b4f7-c19345b2deba_0,0.0,9.80078125
1786646855.97,k8s_user-container_hello-00001-deployment-5d87fff5-xkrrx_default_8b11ea0f-f7c6-49b3-8d80-3156aeeea76d_0,0.0,15.31640625
1786646855.97,k8s_user-container_hello-00001-deployment-5d87fff5-r4f9x_default_c4e0c1f6-f3f6-4890-a9a4-47f53e89f869_0,0.0,15.31640625
1786646855.97,k8s_user-container_hello-00001-deployment-5d87fff5-c2cns_default_1909e42a-7fcf-4a2c-92a4-76d6db34a3c0_0,0.0,15.3046875
1786646855.97,k8s_user-container_hello-00001-deployment-5d87fff5-98m85_default_3cae8e96-9062-4158-a1fb-6b440d3189d2_0,0.0,15.3125
1786646855.97,k8s_user-container_hello-00001-deployment-5d87fff5-dplmj_default_0d5446e3-ab90-4904-a7ab-9f78bc1a3f35_0,0.0,15.30859375
1786646855.97,k8s_user-container_hello-00001-deployment-5d87fff5-rcdpk_default_5c2c5548-4b80-455a-beda-26d3bd80b98d_0,0.0,15.32421875
1786646855.97,k8s_user-container_hello-00001-deployment-5d87fff5-pbv6v_default_064fa4b3-1fb3-4e80-a4ab-eec1b1d33730_0,0.0,15.30859375
1786646855.97,k8s_user-container_hello-00001-deployment-5d87fff5-9g4kc_default_ac4b605b-5649-4734-8d51-2c2b44c6e1a7_0,0.0,15.3046875
1786646855.97,k8s_queue-proxy_hello-00001-deployment-5d87fff5-tqr95_default_e17efba6-d23a-4969-bf83-3d2c7b60ce09_0,0.0,8.72265625
1786646855.97,k8s_queue-proxy_hello-00001-deployment-5d87fff5-8vq49_default_aa00e6c1-5582-4a57-850f-f45ce0ed05aa_0,0.0,8.7578125
1786646855.97,k8s_queue-proxy_hello-00001-deployment-5d87fff5-fbwqn_default_06fac494-83f8-4d50-b881-64d3e5ba436c_0,0.0,8.671875
1786646855.97,k8s_queue-proxy_hello-00001-deployment-5d87fff5-htdkp_default_d5582b01-287c-4d36-b6d3-2b8e34c0c7d6_0,0.0,8.96875
1786646855.97,k8s_user-container_hello-00001-deployment-5d87fff5-l6d7k_default_c3495acf-c323-4d89-bbee-3dda30d81c82_0,0.0,15.3125
1786646855.97,k8s_user-container_hello-00001-deployment-5d87fff5-dqpd7_default_bcde0c20-b263-4c22-a755-e5db145c91d6_0,0.0,15.30078125
1786646855.97,k8s_user-container_hello-00001-deployment-5d87fff5-ljsdv_default_058ac6e9-0f43-4cb0-b4f7-c19345b2deba_0,0.0,15.30859375
1786646855.97,k8s_user-container_hello-00001-deployment-5d87fff5-g89nw_default_34486883-7fcc-4e85-9967-4df77081c87e_0,0.0,15.30859375
1786646855.97,k8s_user-container_hello-00001-deployment-5d87fff5-tqr95_default_e17efba6-d23a-4969-bf83-3d2c7b60ce09_0,0.0,15.30859375
1786646855.97,k8s_user-container_hello-00001-deployment-5d87fff5-8vq49_default_aa00e6c1-5582-4a57-850f-f45ce0ed05aa_0,0.0,15.3359375
1786646855.97,k8s_user-container_hello-00001-deployment-5d87fff5-htdkp_default_d5582b01-287c-4d36-b6d3-2b8e34c0c7d6_0,0.0,15.33984375
1786646855.97,k8s_user-container_hello-00001-deployment-5d87fff5-fbwqn_default_06fac494-83f8-4d50-b881-64d3e5ba436c_0,0.0,15.3203125
1786646855.97,k8s_POD_hello-00001-deployment-5d87fff5-c2cns_default_1909e42a-7fcf-4a2c-92a4-76d6db34a3c0_0,0.0,0.34375
1786646855.97,k8s_POD_hello-00001-deployment-5d87fff5-xkrrx_default_8b11ea0f-f7c6-49b3-8d80-3156aeeea76d_0,0.0,0.34765625
1786646855.97,k8s_POD_hello-00001-deployment-5d87fff5-r4f9x_default_c4e0c1f6-f3f6-4890-a9a4-47f53e89f869_0,0.0,0.34375
1786646855.97,k8s_POD_hello-00001-deployment-5d87fff5-9g4kc_default_ac4b605b-5649-4734-8d51-2c2b44c6e1a7_0,0.0,0.34765625
1786646855.97,k8s_POD_hello-00001-deployment-5d87fff5-l6d7k_default_c3495acf-c323-4d89-bbee-3dda30d81c82_0,0.0,0.34375
1786646855.97,k8s_POD_hello-00001-deployment-5d87fff5-pbv6v_default_064fa4b3-1fb3-4e80-a4ab-eec1b1d33730_0,0.0,0.34375
1786646855.97,k8s_POD_hello-00001-deployment-5d87fff5-dplmj_default_0d5446e3-ab90-4904-a7ab-9f78bc1a3f35_0,0.0,0.34375
1786646855.97,k8s_POD_hello-00001-deployment-5d87fff5-98m85_default_3cae8e96-9062-4158-a1fb-6b440d3189d2_0,0.0,0.34375
1786646855.97,k8s_POD_hello-00001-deployment-5d87fff5-rcdpk_default_5c2c5548-4b80-455a-beda-26d3bd80b98d_0,0.0,0.34765625
1786646855.97,k8s_POD_hello-00001-deployment-5d87fff5-dqpd7_default_bcde0c20-b263-4c22-a755-e5db145c91d6_0,0.0,0.3515625
1786646855.97,k8s_POD_hello-00001-deployment-5d87fff5-g89nw_default_34486883-7fcc-4e85-9967-4df77081c87e_0,0.0,0.34375
1786646855.97,k8s_POD_hello-00001-deployment-5d87fff5-ljsdv_default_058ac6e9-0f43-4cb0-b4f7-c19345b2deba_0,0.0,0.34765625
1786646855.97,k8s_POD_hello-00001-deployment-5d87fff5-tqr95_default_e17efba6-d23a-4969-bf83-3d2c7b60ce09_0,0.0,0.3515625
1786646855.97,k8s_POD_hello-00001-deployment-5d87fff5-htdkp_default_d5582b01-287c-4d36-b6d3-2b8e34c0c7d6_0,0.0,0.34375
1786646855.97,k8s_POD_hello-00001-deployment-5d87fff5-8vq49_default_aa00e6c1-5582-4a57-850f-f45ce0ed05aa_0,0.0,0.34375
1786646855.97,k8s_POD_hello-00001-deployment-5d87fff5-fbwqn_default_06fac494-83f8-4d50-b881-64d3e5ba436c_0,0.0,0.34765625
1786646855.97,registry,0.0,5.26953125
1786646855.97,k8s_lb-tcp-443_svclb-kourier-32c17a7b-g99k6_kube-system_12a61aac-14f5-4323-985c-bfa66cd375ba_3,0.0,0.3203125
1786646855.97,k8s_lb-tcp-80_svclb-kourier-32c17a7b-g99k6_kube-system_12a61aac-14f5-4323-985c-bfa66cd375ba_3,0.0,2.2890625
1786646855.97,k8s_controller_net-kourier-controller-769cd4d84c-mpvj4_knative-serving_a859182b-3989-44e1-8ad7-068a1efe2192_5,0.0,26.58203125
1786646855.97,k8s_controller_controller-c9767f9c-h8zvb_knative-serving_9a5a04d4-1393-48b2-b655-088fcff5b337_5,0.0,31.828125
1786646855.97,k8s_POD_svclb-kourier-32c17a7b-g99k6_kube-system_12a61aac-14f5-4323-985c-bfa66cd375ba_3,0.0,0.34375
1786646855.97,k8s_kourier-gateway_3scale-kourier-gateway-d95dfffb6-z2zzz_kourier-system_69daf3cc-53df-449a-ba4e-12ca3f124bf1_3,0.0,72.50390625
1786646855.97,k8s_POD_3scale-kourier-gateway-d95dfffb6-z2zzz_kourier-system_69daf3cc-53df-449a-ba4e-12ca3f124bf1_3,0.0,0.33984375
1786646855.97,k8s_local-path-provisioner_local-path-provisioner-58d557dc48-p9j96_kube-system_7fd6cb3b-fa1b-4cf6-91b8-2dc48f5ebd0f_3,0.0,44.98046875
1786646855.97,k8s_POD_local-path-provisioner-58d557dc48-p9j96_kube-system_7fd6cb3b-fa1b-4cf6-91b8-2dc48f5ebd0f_5,0.0,0.33984375
1786646855.97,k8s_metrics-server_metrics-server-6dc596dfb8-46tvx_kube-system_b8abf359-78cf-46b7-afb3-a3cf654e93c0_3,0.0,78.49609375
1786646855.97,k8s_POD_metrics-server-6dc596dfb8-46tvx_kube-system_b8abf359-78cf-46b7-afb3-a3cf654e93c0_7,0.0,0.34375
1786646855.97,k8s_webhook_webhook-7d56465b69-khwt8_knative-serving_a7b84bd9-4373-4bbe-843a-0e2fb9c788d8_3,0.0,60.46484375
1786646855.97,k8s_POD_webhook-7d56465b69-khwt8_knative-serving_a7b84bd9-4373-4bbe-843a-0e2fb9c788d8_4,0.0,0.33984375
1786646855.97,k8s_coredns_coredns-54996dc9b4-94zpj_kube-system_86f4a07b-00d4-46a7-a1a6-6f878fb26856_3,0.0,70.23828125
1786646855.97,k8s_activator_activator-67cbcccdfb-t6cg7_knative-serving_af70f812-f578-45d9-aafe-c711ea35ebd4_3,0.0,80.06640625
1786646855.97,k8s_autoscaler_autoscaler-847d45f498-rkvpp_knative-serving_ec82673b-6dc8-472a-9e8a-04e02f65f117_3,0.0,61.10546875
1786646855.97,k8s_POD_controller-c9767f9c-h8zvb_knative-serving_9a5a04d4-1393-48b2-b655-088fcff5b337_3,0.0,0.34375
1786646855.97,k8s_POD_activator-67cbcccdfb-t6cg7_knative-serving_af70f812-f578-45d9-aafe-c711ea35ebd4_3,0.0,0.34765625
1786646855.97,k8s_POD_net-kourier-controller-769cd4d84c-mpvj4_knative-serving_a859182b-3989-44e1-8ad7-068a1efe2192_3,0.0,0.34375
1786646855.97,k8s_POD_coredns-54996dc9b4-94zpj_kube-system_86f4a07b-00d4-46a7-a1a6-6f878fb26856_6,0.0,0.33984375
1786646855.97,k8s_POD_autoscaler-847d45f498-rkvpp_knative-serving_ec82673b-6dc8-472a-9e8a-04e02f65f117_3,0.0,1.0546875
1786646855.98,k8s_queue-proxy_hello-00001-deployment-5d87fff5-xkrrx_default_8b11ea0f-f7c6-49b3-8d80-3156aeeea76d_0,0.0,9.4375
1786646855.98,k8s_queue-proxy_hello-00001-deployment-5d87fff5-98m85_default_3cae8e96-9062-4158-a1fb-6b440d3189d2_0,0.0,8.83984375
1786646855.98,k8s_queue-proxy_hello-00001-deployment-5d87fff5-c2cns_default_1909e42a-7fcf-4a2c-92a4-76d6db34a3c0_0,0.0,9.01953125
1786646855.98,k8s_queue-proxy_hello-00001-deployment-5d87fff5-r4f9x_default_c4e0c1f6-f3f6-4890-a9a4-47f53e89f869_0,0.0,9.07421875
1786646855.98,k8s_queue-proxy_hello-00001-deployment-5d87fff5-dplmj_default_0d5446e3-ab90-4904-a7ab-9f78bc1a3f35_0,0.0,8.73046875
1786646855.98,k8s_queue-proxy_hello-00001-deployment-5d87fff5-9g4kc_default_ac4b605b-5649-4734-8d51-2c2b44c6e1a7_0,0.0,8.8125
1786646855.98,k8s_queue-proxy_hello-00001-deployment-5d87fff5-pbv6v_default_064fa4b3-1fb3-4e80-a4ab-eec1b1d33730_0,0.0,8.7421875
1786646855.98,k8s_queue-proxy_hello-00001-deployment-5d87fff5-rcdpk_default_5c2c5548-4b80-455a-beda-26d3bd80b98d_0,0.0,8.8359375
1786646855.98,k8s_queue-proxy_hello-00001-deployment-5d87fff5-l6d7k_default_c3495acf-c323-4d89-bbee-3dda30d81c82_0,0.0,9.24609375
1786646855.98,k8s_queue-proxy_hello-00001-deployment-5d87fff5-dqpd7_default_bcde0c20-b263-4c22-a755-e5db145c91d6_0,0.0,8.88671875
1786646855.98,k8s_queue-proxy_hello-00001-deployment-5d87fff5-g89nw_default_34486883-7fcc-4e85-9967-4df77081c87e_0,0.0,8.82421875
1786646855.98,k8s_queue-proxy_hello-00001-deployment-5d87fff5-ljsdv_default_058ac6e9-0f43-4cb0-b4f7-c19345b2deba_0,0.0,9.80078125
1786646855.98,k8s_user-container_hello-00001-deployment-5d87fff5-xkrrx_default_8b11ea0f-f7c6-49b3-8d80-3156aeeea76d_0,0.0,15.31640625
1786646855.98,k8s_user-container_hello-00001-deployment-5d87fff5-r4f9x_default_c4e0c1f6-f3f6-4890-a9a4-47f53e89f869_0,0.0,15.31640625
1786646855.98,k8s_user-container_hello-00001-deployment-5d87fff5-c2cns_default_1909e42a-7fcf-4a2c-92a4-76d6db34a3c0_0,0.0,15.3046875
1786646855.98,k8s_user-container_hello-00001-deployment-5d87fff5-98m85_default_3cae8e96-9062-4158-a1fb-6b440d3189d2_0,0.0,15.3125
1786646855.98,k8s_user-container_hello-00001-deployment-5d87fff5-dplmj_default_0d5446e3-ab90-4904-a7ab-9f78bc1a3f35_0,0.0,15.30859375
1786646855.98,k8s_user-container_hello-00001-deployment-5d87fff5-rcdpk_default_5c2c5548-4b80-455a-beda-26d3bd80b98d_0,0.0,15.32421875
1786646855.98,k8s_user-container_hello-00001-deployment-5d87fff5-pbv6v_default_064fa4b3-1fb3-4e80-a4ab-eec1b1d33730_0,0.0,15.30859375
1786646855.98,k8s_user-container_hello-00001-deployment-5d87fff5-9g4kc_default_ac4b605b-5649-4734-8d51-2c2b44c6e1a7_0,0.0,15.3046875
1786646855.98,k8s_queue-proxy_hello-00001-deployment-5d87fff5-tqr95_default_e17efba6-d23a-4969-bf83-3d2c7b60ce09_0,0.0,8.72265625
1786646855.98,k8s_queue-proxy_hello-00001-deployment-5d87fff5-8vq49_default_aa00e6c1-5582-4a57-850f-f45ce0ed05aa_0,0.0,8.7578125
1786646855.98,k8s_queue-proxy_hello-00001-deployment-5d87fff5-fbwqn_default_06fac494-83f8-4d50-b881-64d3e5ba436c_0,0.0,8.671875
1786646855.98,k8s_queue-proxy_hello-00001-deployment-5d87fff5-htdkp_default_d5582b01-287c-4d36-b6d3-2b8e34c0c7d6_0,0.0,8.96875
1786646855.98,k8s_user-container_hello-00001-deployment-5d87fff5-l6d7k_default_c3495acf-c323-4d89-bbee-3dda30d81c82_0,0.0,15.3125
1786646855.98,k8s_user-container_hello-00001-deployment-5d87fff5-dqpd7_default_bcde0c20-b263-4c22-a755-e5db145c91d6_0,0.0,15.30078125
1786646855.98,k8s_user-container_hello-00001-deployment-5d87fff5-ljsdv_default_058ac6e9-0f43-4cb0-b4f7-c19345b2deba_0,0.0,15.30859375
1786646855.98,k8s_user-container_hello-00001-deployment-5d87fff5-g89nw_default_34486883-7fcc-4e85-9967-4df77081c87e_0,0.0,15.30859375
1786646855.98,k8s_user-container_hello-00001-deployment-5d87fff5-tqr95_default_e17efba6-d23a-4969-bf83-3d2c7b60ce09_0,0.0,15.30859375
1786646855.98,k8s_user-container_hello-00001-deployment-5d87fff5-8vq49_default_aa00e6c1-5582-4a57-850f-f45ce0ed05aa_0,0.0,15.3359375
1786646855.98,k8s_user-container_hello-00001-deployment-5d87fff5-htdkp_default_d5582b01-287c-4d36-b6d3-2b8e34c0c7d6_0,0.0,15.33984375
1786646855.98,k8s_user-container_hello-00001-deployment-5d87fff5-fbwqn_default_06fac494-83f8-4d50-b881-64d3e5ba436c_0,0.0,15.3203125
1786646855.98,k8s_POD_hello-00001-deployment-5d87fff5-c2cns_default_1909e42a-7fcf-4a2c-92a4-76d6db34a3c0_0,0.0,0.34375
1786646855.98,k8s_POD_hello-00001-deployment-5d87fff5-xkrrx_default_8b11ea0f-f7c6-49b3-8d80-3156aeeea76d_0,0.0,0.34765625
1786646855.98,k8s_POD_hello-00001-deployment-5d87fff5-r4f9x_default_c4e0c1f6-f3f6-4890-a9a4-47f53e89f869_0,0.0,0.34375
1786646855.98,k8s_POD_hello-00001-deployment-5d87fff5-9g4kc_default_ac4b605b-5649-4734-8d51-2c2b44c6e1a7_0,0.0,0.34765625
1786646855.98,k8s_POD_hello-00001-deployment-5d87fff5-l6d7k_default_c3495acf-c323-4d89-bbee-3dda30d81c82_0,0.0,0.34375
1786646855.98,k8s_POD_hello-00001-deployment-5d87fff5-pbv6v_default_064fa4b3-1fb3-4e80-a4ab-eec1b1d33730_0,0.0,0.34375
1786646855.98,k8s_POD_hello-00001-deployment-5d87fff5-dplmj_default_0d5446e3-ab90-4904-a7ab-9f78bc1a3f35_0,0.0,0.34375
1786646855.98,k8s_POD_hello-00001-deployment-5d87fff5-98m85_default_3cae8e96-9062-4158-a1fb-6b440d3189d2_0,0.0,0.34375
1786646855.98,k8s_POD_hello-00001-deployment-5d87fff5-rcdpk_default_5c2c5548-4b80-455a-beda-26d3bd80b98d_0,0.0,0.34765625
1786646855.98,k8s_POD_hello-00001-deployment-5d87fff5-dqpd7_default_bcde0c20-b263-4c22-a755-e5db145c91d6_0,0.0,0.3515625
1786646855.98,k8s_POD_hello-00001-deployment-5d87fff5-g89nw_default_34486883-7fcc-4e85-9967-4df77081c87e_0,0.0,0.34375
1786646855.98,k8s_POD_hello-00001-deployment-5d87fff5-ljsdv_default_058ac6e9-0f43-4cb0-b4f7-c19345b2deba_0,0.0,0.34765625
1786646855.98,k8s_POD_hello-00001-deployment-5d87fff5-tqr95_default_e17efba6-d23a-4969-bf83-3d2c7b60ce09_0,0.0,0.3515625
1786646855.98,k8s_POD_hello-00001-deployment-5d87fff5-htdkp_default_d5582b01-287c-4d36-b6d3-2b8e34c0c7d6_0,0.0,0.34375
1786646855.98,k8s_POD_hello-00001-deployment-5d87fff5-8vq49_default_aa00e6c1-5582-4a57-850f-f45ce0ed05aa_0,0.0,0.34375
1786646855.98,k8s_POD_hello-00001-deployment-5d87fff5-fbwqn_default_06fac494-83f8-4d50-b881-64d3e5ba436c_0,0.0,0.34765625
1786646855.98,registry,0.0,5.26953125
1786646855.98,k8s_lb-tcp-443_svclb-kourier-32c17a7b-g99k6_kube-system_12a61aac-14f5-4323-985c-bfa66cd375ba_3,0.0,0.3203125
1786646855.98,k8s_lb-tcp-80_svclb-kourier-32c17a7b-g99k6_kube-system_12a61aac-14f5-4323-985c-bfa66cd375ba_3,0.0,2.2890625
1786646855.98,k8s_controller_net-kourier-controller-769cd4d84c-mpvj4_knative-serving_a859182b-3989-44e1-8ad7-068a1efe2192_5,0.0,26.58203125
1786646855.98,k8s_controller_controller-c9767f9c-h8zvb_knative-serving_9a5a04d4-1393-48b2-b655-088fcff5b337_5,0.0,31.828125
1786646855.98,k8s_POD_svclb-kourier-32c17a7b-g99k6_kube-system_12a61aac-14f5-4323-985c-bfa66cd375ba_3,0.0,0.34375
1786646855.98,k8s_kourier-gateway_3scale-kourier-gateway-d95dfffb6-z2zzz_kourier-system_69daf3cc-53df-449a-ba4e-12ca3f124bf1_3,0.34300602007702635,72.50390625
1786646855.98,k8s_POD_3scale-kourier-gateway-d95dfffb6-z2zzz_kourier-system_69daf3cc-53df-449a-ba4e-12ca3f124bf1_3,0.0,0.33984375
1786646855.98,k8s_local-path-provisioner_local-path-provisioner-58d557dc48-p9j96_kube-system_7fd6cb3b-fa1b-4cf6-91b8-2dc48f5ebd0f_3,0.0,44.98046875
1786646855.98,k8s_POD_local-path-provisioner-58d557dc48-p9j96_kube-system_7fd6cb3b-fa1b-4cf6-91b8-2dc48f5ebd0f_5,0.0,0.33984375
1786646855.98,k8s_metrics-server_metrics-server-6dc596dfb8-46tvx_kube-system_b8abf359-78cf-46b7-afb3-a3cf654e93c0_3,0.0,78.49609375
1786646855.98,k8s_POD_metrics-server-6dc596dfb8-46tvx_kube-system_b8abf359-78cf-46b7-afb3-a3cf654e93c0_7,0.0,0.34375
1786646855.98,k8s_webhook_webhook-7d56465b69-khwt8_knative-serving_a7b84bd9-4373-4bbe-843a-0e2fb9c788d8_3,0.0,60.46484375
1786646855.98,k8s_POD_webhook-7d56465b69-khwt8_knative-serving_a7b84bd9-4373-4bbe-843a-0e2fb9c788d8_4,0.0,0.33984375
1786646855.98,k8s_coredns_coredns-54996dc9b4-94zpj_kube-system_86f4a07b-00d4-46a7-a1a6-6f878fb26856_3,0.0,70.23828125
1786646855.98,k8s_activator_activator-67cbcccdfb-t6cg7_knative-serving_af70f812-f578-45d9-aafe-c711ea35ebd4_3,0.0,80.06640625
1786646855.98,k8s_autoscaler_autoscaler-847d45f498-rkvpp_knative-serving_ec82673b-6dc8-472a-9e8a-04e02f65f117_3,0.0,61.10546875
1786646855.98,k8s_POD_controller-c9767f9c-h8zvb_knative-serving_9a5a04d4-1393-48b2-b655-088fcff5b337_3,0.0,0.34375
1786646855.98,k8s_POD_activator-67cbcccdfb-t6cg7_knative-serving_af70f812-f578-45d9-aafe-c711ea35ebd4_3,0.0,0.34765625
1786646855.98,k8s_POD_net-kourier-controller-769cd4d84c-mpvj4_knative-serving_a859182b-3989-44e1-8ad7-068a1efe2192_3,0.0,0.34375
1786646855.98,k8s_POD_coredns-54996dc9b4-94zpj_kube-system_86f4a07b-00d4-46a7-a1a6-6f878fb26856_6,0.0,0.33984375
1786646855.98,k8s_POD_autoscaler-847d45f498-rkvpp_knative-serving_ec82673b-6dc8-472a-9e8a-04e02f65f117_3,0.0,1.0546875
1786646856.0,k8s_queue-proxy_hello-00001-deployment-5d87fff5-xkrrx_default_8b11ea0f-f7c6-49b3-8d80-3156aeeea76d_0,0.0,9.4375
1786646856.0,k8s_queue-proxy_hello-00001-deployment-5d87fff5-98m85_default_3cae8e96-9062-4158-a1fb-6b440d3189d2_0,0.0,8.83984375
1786646856.0,k8s_queue-proxy_hello-00001-deployment-5d87fff5-c2cns_default_1909e42a-7fcf-4a2c-92a4-76d6db34a3c0_0,0.0,9.01953125
1786646856.0,k8s_queue-proxy_hello-00001-deployment-5d87fff5-r4f9x_default_c4e0c1f6-f3f6-4890-a9a4-47f53e89f869_0,0.0,9.07421875
1786646856.0,k8s_queue-proxy_hello-00001-deployment-5d87fff5-dplmj_default_0d5446e3-ab90-4904-a7ab-9f78bc1a3f35_0,0.0,8.73046875
1786646856.0,k8s_queue-proxy_hello-00001-deployment-5d87fff5-9g4kc_default_ac4b605b-5649-4734-8d51-2c2b44c6e1a7_0,0.0,8.8125
1786646856.0,k8s_queue-proxy_hello-00001-deployment-5d87fff5-pbv6v_default_064fa4b3-1fb3-4e80-a4ab-eec1b1d33730_0,0.0,8.7421875
1786646856.0,k8s_queue-proxy_hello-00001-deployment-5d87fff5-rcdpk_default_5c2c5548-4b80-455a-beda-26d3bd80b98d_0,0.0,8.8359375
1786646856.0,k8s_queue-proxy_hello-00001-deployment-5d87fff5-l6d7k_default_c3495acf-c323-4d89-bbee-3dda30d81c82_0,0.0,9.24609375
1786646856.0,k8s_queue-proxy_hello-00001-deployment-5d87fff5-dqpd7_default_bcde0c20-b263-4c22-a755-e5db145c91d6_0,0.0,8.88671875
1786646856.0,k8s_queue-proxy_hello-00001-deployment-5d87fff5-g89nw_default_34486883-7fcc-4e85-9967-4df77081c87e_0,0.0,8.82421875
1786646856.0,k8s_queue-proxy_hello-00001-deployment-5d87fff5-ljsdv_default_058ac6e9-0f43-4cb0-b4f7-c19345b2deba_0,0.0,9.80078125
1786646856.0,k8s_user-container_hello-00001-deployment-5d87fff5-xkrrx_default_8b11ea0f-f7c6-49b3-8d80-3156aeeea76d_0,0.0,15.31640625
1786646856.0,k8s_user-container_hello-00001-deployment-5d87fff5-r4f9x_default_c4e0c1f6-f3f6-4890-a9a4-47f53e89f869_0,0.0,15.31640625
1786646856.0,k8s_user-container_hello-00001-deployment-5d87fff5-c2cns_default_1909e42a-7fcf-4a2c-92a4-76d6db34a3c0_0,0.0,15.3046875
1786646856.0,k8s_user-container_hello-00001-deployment-5d87fff5-98m85_default_3cae8e96-9062-4158-a1fb-6b440d3189d2_0,0.0,15.3125
1786646856.0,k8s_user-container_hello-00001-deployment-5d87fff5-dplmj_default_0d5446e3-ab90-4904-a7ab-9f78bc1a3f35_0,0.0,15.30859375
1786646856.0,k8s_user-container_hello-00001-deployment-5d87fff5-rcdpk_default_5c2c5548-4b80-455a-beda-26d3bd80b98d_0,0.0,15.32421875
1786646856.0,k8s_user-container_hello-00001-deployment-5d87fff5-pbv6v_default_064fa4b3-1fb3-4e80-a4ab-eec1b1d33730_0,0.0,15.30859375
1786646856.0,k8s_user-container_hello-00001-deployment-5d87fff5-9g4kc_default_ac4b605b-5649-4734-8d51-2c2b44c6e1a7_0,0.0,15.3046875
1786646856.0,k8s_queue-proxy_hello-00001-deployment-5d87fff5-tqr95_default_e17efba6-d23a-4969-bf83-3d2c7b60ce09_0,0.0,8.72265625
1786646856.0,k8s_queue-proxy_hello-00001-deployment-5d87fff5-8vq49_default_aa00e6c1-5582-4a57-850f-f45ce0ed05aa_0,0.0,8.7578125
1786646856.0,k8s_queue-proxy_hello-00001-deployment-5d87fff5-fbwqn_default_06fac494-83f8-4d50-b881-64d3e5ba436c_0,0.0,8.671875
1786646856.0,k8s_queue-proxy_hello-00001-deployment-5d87fff5-htdkp_default_d5582b01-287c-4d36-b6d3-2b8e34c0c7d6_0,0.0,8.96875
1786646856.0,k8s_user-container_hello-00001-deployment-5d87fff5-l6d7k_default_c3495acf-c323-4d89-bbee-3dda30d81c82_0,0.0,15.3125
1786646856.0,k8s_user-container_hello-00001-deployment-5d87fff5-dqpd7_default_bcde0c20-b263-4c22-a755-e5db145c91d6_0,0.0,15.30078125
1786646856.0,k8s_user-container_hello-00001-deployment-5d87fff5-ljsdv_default_058ac6e9-0f43-4cb0-b4f7-c19345b2deba_0,0.0,15.30859375
1786646856.0,k8s_user-container_hello-00001-deployment-5d87fff5-g89nw_default_34486883-7fcc-4e85-9967-4df77081c87e_0,0.0,15.30859375
1786646856.0,k8s_user-container_hello-00001-deployment-5d87fff5-tqr95_default_e17efba6-d23a-4969-bf83-3d2c7b60ce09_0,0.0,15.30859375
1786646856.0,k8s_user-container_hello-00001-deployment-5d87fff5-8vq49_default_aa00e6c1-5582-4a57-850f-f45ce0ed05aa_0,0.0,15.3359375
1786646856.0,k8s_user-container_hello-00001-deployment-5d87fff5-htdkp_default_d5582b01-287c-4d36-b6d3-2b8e34c0c7d6_0,0.0,15.33984375
1786646856.0,k8s_user-container_hello-00001-deployment-5d87fff5-fbwqn_default_06fac494-83f8-4d50-b881-64d3e5ba436c_0,0.0,15.3203125
1786646856.0,k8s_POD_hello-00001-deployment-5d87fff5-c2cns_default_1909e42a-7fcf-4a2c-92a4-76d6db34a3c0_0,0.0,0.34375
1786646856.0,k8s_POD_hello-00001-deployment-5d87fff5-xkrrx_default_8b11ea0f-f7c6-49b3-8d80-3156aeeea76d_0,0.0,0.34765625
1786646856.0,k8s_POD_hello-00001-deployment-5d87fff5-r4f9x_default_c4e0c1f6-f3f6-4890-a9a4-47f53e89f869_0,0.0,0.34375
1786646856.0,k8s_POD_hello-00001-deployment-5d87fff5-9g4kc_default_ac4b605b-5649-4734-8d51-2c2b44c6e1a7_0,0.0,0.34765625
1786646856.0,k8s_POD_hello-00001-deployment-5d87fff5-l6d7k_default_c3495acf-c323-4d89-bbee-3dda30d81c82_0,0.0,0.34375
1786646856.0,k8s_POD_hello-00001-deployment-5d87fff5-pbv6v_default_064fa4b3-1fb3-4e80-a4ab-eec1b1d33730_0,0.0,0.34375
1786646856.0,k8s_POD_hello-00001-deployment-5d87fff5-dplmj_default_0d5446e3-ab90-4904-a7ab-9f78bc1a3f35_0,0.0,0.34375
1786646856.0,k8s_POD_hello-00001-deployment-5d87fff5-98m85_default_3cae8e96-9062-4158-a1fb-6b440d3189d2_0,0.0,0.34375
1786646856.0,k8s_POD_hello-00001-deployment-5d87fff5-rcdpk_default_5c2c5548-4b80-455a-beda-26d3bd80b98d_0,0.0,0.34765625
1786646856.0,k8s_POD_hello-00001-deployment-5d87fff5-dqpd7_default_bcde0c20-b263-4c22-a755-e5db145c91d6_0,0.0,0.3515625
1786646856.0,k8s_POD_hello-00001-deployment-5d87fff5-g89nw_default_34486883-7fcc-4e85-9967-4df77081c87e_0,0.0,0.34375
1786646856.0,k8s_POD_hello-00001-deployment-5d87fff5-ljsdv_default_058ac6e9-0f43-4cb0-b4f7-c19345b2deba_0,0.0,0.34765625
1786646856.0,k8s_POD_hello-00001-deployment-5d87fff5-tqr95_default_e17efba6-d23a-4969-bf83-3d2c7b60ce09_0,0.0,0.3515625
1786646856.0,k8s_POD_hello-00001-deployment-5d87fff5-htdkp_default_d5582b01-287c-4d36-b6d3-2b8e34c0c7d6_0,0.0,0.34375
1786646856.0,k8s_POD_hello-00001-deployment-5d87fff5-8vq49_default_aa00e6c1-5582-4a57-850f-f45ce0ed05aa_0,0.0,0.34375
1786646856.0,k8s_POD_hello-00001-deployment-5d87fff5-fbwqn_default_06fac494-83f8-4d50-b881-64d3e5ba436c_0,0.0,0.34765625
1786646856.0,registry,0.0,5.26953125
1786646856.0,k8s_lb-tcp-443_svclb-kourier-32c17a7b-g99k6_kube-system_12a61aac-14f5-4323-985c-bfa66cd375ba_3,0.0,0.3203125
1786646856.0,k8s_lb-tcp-80_svclb-kourier-32c17a7b-g99k6_kube-system_12a61aac-14f5-4323-985c-bfa66cd375ba_3,0.0,2.2890625
1786646856.0,k8s_controller_net-kourier-controller-769cd4d84c-mpvj4_knative-serving_a859182b-3989-44e1-8ad7-068a1efe2192_5,0.0,26.58203125
1786646856.0,k8s_controller_controller-c9767f9c-h8zvb_knative-serving_9a5a04d4-1393-48b2-b655-088fcff5b337_5,0.0,31.828125
1786646856.0,k8s_POD_svclb-kourier-32c17a7b-g99k6_kube-system_12a61aac-14f5-4323-985c-bfa66cd375ba_3,0.0,0.34375
1786646856.0,k8s_kourier-gateway_3scale-kourier-gateway-d95dfffb6-z2zzz_kourier-system_69daf3cc-53df-449a-ba4e-12ca3f124bf1_3,0.46292273797721506,72.50390625
1786646856.0,k8s_POD_3scale-kourier-gateway-d95dfffb6-z2zzz_kourier-system_69daf3cc-53df-449a-ba4e-12ca3f124bf1_3,0.0,0.33984375
1786646856.0,k8s_local-path-provisioner_local-path-provisioner-58d557dc48-p9j96_kube-system_7fd6cb3b-fa1b-4cf6-91b8-2dc48f5ebd0f_3,0.0,44.98046875
1786646856.0,k8s_POD_local-path-provisioner-58d557dc48-p9j96_kube-system_7fd6cb3b-fa1b-4cf6-91b8-2dc48f5ebd0f_5,0.0,0.33984375
1786646856.0,k8s_metrics-server_metrics-server-6dc596dfb8-46tvx_kube-system_b8abf359-78cf-46b7-afb3-a3cf654e93c0_3,0.0,78.49609375
1786646856.0,k8s_POD_metrics-server-6dc596dfb8-46tvx_kube-system_b8abf359-78cf-46b7-afb3-a3cf654e93c0_7,0.0,0.34375
1786646856.0,k8s_webhook_webhook-7d56465b69-khwt8_knative-serving_a7b84bd9-4373-4bbe-843a-0e2fb9c788d8_3,0.0,60.46484375
1786646856.0,k8s_POD_webhook-7d56465b69-khwt8_knative-serving_a7b84bd9-4373-4bbe-843a-0e2fb9c788d8_4,0.0,0.33984375
1786646856.0,k8s_coredns_coredns-54996dc9b4-94zpj_kube-system_86f4a07b-00d4-46a7-a1a6-6f878fb26856_3,0.0,70.23828125
1786646856.0,k8s_activator_activator-67cbcccdfb-t6cg7_knative-serving_af70f812-f578-45d9-aafe-c711ea35ebd4_3,0.0,80.06640625
1786646856.0,k8s_autoscaler_autoscaler-847d45f498-rkvpp_knative-serving_ec82673b-6dc8-472a-9e8a-04e02f65f117_3,0.0,61.10546875
1786646856.0,k8s_POD_controller-c9767f9c-h8zvb_knative-serving_9a5a04d4-1393-48b2-b655-088fcff5b337_3,0.0,0.34375
1786646856.0,k8s_POD_activator-67cbcccdfb-t6cg7_knative-serving_af70f812-f578-45d9-aafe-c711ea35ebd4_3,0.0,0.34765625
1786646856.0,k8s_POD_net-kourier-controller-769cd4d84c-mpvj4_knative-serving_a859182b-3989-44e1-8ad7-068a1efe2192_3,0.0,0.34375
1786646856.0,k8s_POD_coredns-54996dc9b4-94zpj_kube-system_86f4a07b-00d4-46a7-a1a6-6f878fb26856_6,0.0,0.33984375
1786646856.0,k8s_POD_autoscaler-847d45f498-rkvpp_knative-serving_ec82673b-6dc8-472a-9e8a-04e02f65f117_3,0.0,1.0546875
1786646856.01,k8s_queue-proxy_hello-00001-deployment-5d87fff5-xkrrx_default_8b11ea0f-f7c6-49b3-8d80-3156aeeea76d_0,0.0,9.4375
1786646856.01,k8s_queue-proxy_hello-00001-deployment-5d87fff5-98m85_default_3cae8e96-9062-4158-a1fb-6b440d3189d2_0,0.0,8.83984375
1786646856.01,k8s_queue-proxy_hello-00001-deployment-5d87fff5-c2cns_default_1909e42a-7fcf-4a2c-92a4-76d6db34a3c0_0,0.0,9.01953125
1786646856.01,k8s_queue-proxy_hello-00001-deployment-5d87fff5-r4f9x_default_c4e0c1f6-f3f6-4890-a9a4-47f53e89f869_0,0.0,9.07421875
1786646856.01,k8s_queue-proxy_hello-00001-deployment-5d87fff5-dplmj_default_0d5446e3-ab90-4904-a7ab-9f78bc1a3f35_0,0.0,8.73046875
1786646856.01,k8s_queue-proxy_hello-00001-deployment-5d87fff5-9g4kc_default_ac4b605b-5649-4734-8d51-2c2b44c6e1a7_0,0.0,8.8125
1786646856.01,k8s_queue-proxy_hello-00001-deployment-5d87fff5-pbv6v_default_064fa4b3-1fb3-4e80-a4ab-eec1b1d33730_0,0.0,8.7421875
1786646856.01,k8s_queue-proxy_hello-00001-deployment-5d87fff5-rcdpk_default_5c2c5548-4b80-455a-beda-26d3bd80b98d_0,0.0,8.8359375
1786646856.01,k8s_queue-proxy_hello-00001-deployment-5d87fff5-l6d7k_default_c3495acf-c323-4d89-bbee-3dda30d81c82_0,0.0,9.24609375
1786646856.01,k8s_queue-proxy_hello-00001-deployment-5d87fff5-dqpd7_default_bcde0c20-b263-4c22-a755-e5db145c91d6_0,0.0,8.88671875
1786646856.01,k8s_queue-proxy_hello-00001-deployment-5d87fff5-g89nw_default_34486883-7fcc-4e85-9967-4df77081c87e_0,0.0,8.82421875
1786646856.01,k8s_queue-proxy_hello-00001-deployment-5d87fff5-ljsdv_default_058ac6e9-0f43-4cb0-b4f7-c19345b2deba_0,0.0,9.80078125
1786646856.01,k8s_user-container_hello-00001-deployment-5d87fff5-xkrrx_default_8b11ea0f-f7c6-49b3-8d80-3156aeeea76d_0,0.0,15.31640625
1786646856.01,k8s_user-container_hello-00001-deployment-5d87fff5-r4f9x_default_c4e0c1f6-f3f6-4890-a9a4-47f53e89f869_0,0.0,15.31640625
1786646856.01,k8s_user-container_hello-00001-deployment-5d87fff5-c2cns_default_1909e42a-7fcf-4a2c-92a4-76d6db34a3c0_0,0.0,15.3046875
1786646856.01,k8s_user-container_hello-00001-deployment-5d87fff5-98m85_default_3cae8e96-9062-4158-a1fb-6b440d3189d2_0,0.0,15.3125
1786646856.01,k8s_user-container_hello-00001-deployment-5d87fff5-dplmj_default_0d5446e3-ab90-4904-a7ab-9f78bc1a3f35_0,0.0,15.30859375
1786646856.01,k8s_user-container_hello-00001-deployment-5d87fff5-rcdpk_default_5c2c5548-4b80-455a-beda-26d3bd80b98d_0,0.0,15.32421875
1786646856.01,k8s_user-container_hello-00001-deployment-5d87fff5-pbv6v_default_064fa4b3-1fb3-4e80-a4ab-eec1b1d33730_0,0.0,15.30859375
1786646856.01,k8s_user-container_hello-00001-deployment-5d87fff5-9g4kc_default_ac4b605b-5649-4734-8d51-2c2b44c6e1a7_0,0.0,15.3046875
1786646856.01,k8s_queue-proxy_hello-00001-deployment-5d87fff5-tqr95_default_e17efba6-d23a-4969-bf83-3d2c7b60ce09_0,0.0,8.72265625
1786646856.01,k8s_queue-proxy_hello-00001-deployment-5d87fff5-8vq49_default_aa00e6c1-5582-4a57-850f-f45ce0ed05aa_0,0.0,8.7578125
1786646856.01,k8s_queue-proxy_hello-00001-deployment-5d87fff5-fbwqn_default_06fac494-83f8-4d50-b881-64d3e5ba436c_0,0.0,8.671875
1786646856.01,k8s_queue-proxy_hello-00001-deployment-5d87fff5-htdkp_default_d5582b01-287c-4d36-b6d3-2b8e34c0c7d6_0,0.0,8.96875
1786646856.01,k8s_user-container_hello-00001-deployment-5d87fff5-l6d7k_default_c3495acf-c323-4d89-bbee-3dda30d81c82_0,0.0,15.3125
1786646856.01,k8s_user-container_hello-00001-deployment-5d87fff5-dqpd7_default_bcde0c20-b263-4c22-a755-e5db145c91d6_0,0.0,15.30078125
1786646856.01,k8s_user-container_hello-00001-deployment-5d87fff5-ljsdv_default_058ac6e9-0f43-4cb0-b4f7-c19345b2deba_0,0.0,15.30859375
1786646856.01,k8s_user-container_hello-00001-deployment-5d87fff5-g89nw_default_34486883-7fcc-4e85-9967-4df77081c87e_0,0.0,15.30859375
1786646856.01,k8s_user-container_hello-00001-deployment-5d87fff5-tqr95_default_e17efba6-d23a-4969-bf83-3d2c7b60ce09_0,0.0,15.30859375
1786646856.01,k8s_user-container_hello-00001-deployment-5d87fff5-8vq49_default_aa00e6c1-5582-4a57-850f-f45ce0ed05aa_0,0.0,15.3359375
1786646856.01,k8s_user-container_hello-00001-deployment-5d87fff5-htdkp_default_d5582b01-287c-4d36-b6d3-2b8e34c0c7d6_0,0.0,15.33984375
1786646856.01,k8s_user-container_hello-00001-deployment-5d87fff5-fbwqn_default_06fac494-83f8-4d50-b881-64d3e5ba436c_0,0.0,15.3203125
1786646856.01,k8s_POD_hello-00001-deployment-5d87fff5-c2cns_default_1909e42a-7fcf-4a2c-92a4-76d6db34a3c0_0,0.0,0.34375
1786646856.01,k8s_POD_hello-00001-deployment-5d87fff5-xkrrx_default_8b11ea0f-f7c6-49b3-8d80-3156aeeea76d_0,0.0,0.34765625
1786646856.01,k8s_POD_hello-00001-deployment-5d87fff5-r4f9x_default_c4e0c1f6-f3f6-4890-a9a4-47f53e89f869_0,0.0,0.34375
1786646856.01,k8s_POD_hello-00001-deployment-5d87fff5-9g4kc_default_ac4b605b-5649-4734-8d51-2c2b44c6e1a7_0,0.0,0.34765625
1786646856.01,k8s_POD_hello-00001-deployment-5d87fff5-l6d7k_default_c3495acf-c323-4d89-bbee-3dda30d81c82_0,0.0,0.34375
1786646856.01,k8s_POD_hello-00001-deployment-5d87fff5-pbv6v_default_064fa4b3-1fb3-4e80-a4ab-eec1b1d33730_0,0.0,0.34375
1786646856.01,k8s_POD_hello-00001-deployment-5d87fff5-dplmj_default_0d5446e3-ab90-4904-a7ab-9f78bc1a3f35_0,0.0,0.34375
1786646856.01,k8s_POD_hello-00001-deployment-5d87fff5-98m85_default_3cae8e96-9062-4158-a1fb-6b440d3189d2_0,0.0,0.34375
1786646856.01,k8s_POD_hello-00001-deployment-5d87fff5-rcdpk_default_5c2c5548-4b80-455a-beda-26d3bd80b98d_0,0.0,0.34765625
1786646856.01,k8s_POD_hello-00001-deployment-5d87fff5-dqpd7_default_bcde0c20-b263-4c22-a755-e5db145c91d6_0,0.0,0.3515625
1786646856.01,k8s_POD_hello-00001-deployment-5d87fff5-g89nw_default_34486883-7fcc-4e85-9967-4df77081c87e_0,0.0,0.34375
1786646856.01,k8s_POD_hello-00001-deployment-5d87fff5-ljsdv_default_058ac6e9-0f43-4cb0-b4f7-c19345b2deba_0,0.0,0.34765625
1786646856.01,k8s_POD_hello-00001-deployment-5d87fff5-tqr95_default_e17efba6-d23a-4969-bf83-3d2c7b60ce09_0,0.0,0.3515625
1786646856.01,k8s_POD_hello-00001-deployment-5d87fff5-htdkp_default_d5582b01-287c-4d36-b6d3-2b8e34c0c7d6_0,0.0,0.34375
1786646856.01,k8s_POD_hello-00001-deployment-5d87fff5-8vq49_default_aa00e6c1-5582-4a57-850f-f45ce0ed05aa_0,0.0,0.34375
1786646856.01,k8s_POD_hello-00001-deployment-5d87fff5-fbwqn_default_06fac494-83f8-4d50-b881-64d3e5ba436c_0,0.0,0.34765625
1786646856.01,registry,0.0,5.26953125
1786646856.01,k8s_lb-tcp-443_svclb-kourier-32c17a7b-g99k6_kube-system_12a61aac-14f5-4323-985c-bfa66cd375ba_3,0.0,0.3203125
1786646856.01,k8s_lb-tcp-80_svclb-kourier-32c17a7b-g99k6_kube-system_12a61aac-14f5-4323-985c-bfa66cd375ba_3,0.0,2.2890625
1786646856.01,k8s_controller_net-kourier-controller-769cd4d84c-mpvj4_knative-serving_a859182b-3989-44e1-8ad7-068a1efe2192_5,0.0,26.58203125
1786646856.01,k8s_controller_controller-c9767f9c-h8zvb_knative-serving_9a5a04d4-1393-48b2-b655-088fcff5b337_5,0.0,31.828125
1786646856.01,k8s_POD_svclb-kourier-32c17a7b-g99k6_kube-system_12a61aac-14f5-4323-985c-bfa66cd375ba_3,0.0,0.34375
1786646856.01,k8s_kourier-gateway_3scale-kourier-gateway-d95dfffb6-z2zzz_kourier-system_69daf3cc-53df-449a-ba4e-12ca3f124bf1_3,0.1773212369098871,72.50390625
1786646856.01,k8s_POD_3scale-kourier-gateway-d95dfffb6-z2zzz_kourier-system_69daf3cc-53df-449a-ba4e-12ca3f124bf1_3,0.0,0.33984375
1786646856.01,k8s_local-path-provisioner_local-path-provisioner-58d557dc48-p9j96_kube-system_7fd6cb3b-fa1b-4cf6-91b8-2dc48f5ebd0f_3,0.0,44.98046875
1786646856.01,k8s_POD_local-path-provisioner-58d557dc48-p9j96_kube-system_7fd6cb3b-fa1b-4cf6-91b8-2dc48f5ebd0f_5,0.0,0.33984375
1786646856.01,k8s_metrics-server_metrics-server-6dc596dfb8-46tvx_kube-system_b8abf359-78cf-46b7-afb3-a3cf654e93c0_3,0.0,78.49609375
1786646856.01,k8s_POD_metrics-server-6dc596dfb8-46tvx_kube-system_b8abf359-78cf-46b7-afb3-a3cf654e93c0_7,0.0,0.34375
1786646856.01,k8s_webhook_webhook-7d56465b69-khwt8_knative-serving_a7b84bd9-4373-4bbe-843a-0e2fb9c788d8_3,0.0,60.46484375
1786646856.01,k8s_POD_webhook-7d56465b69-khwt8_knative-serving_a7b84bd9-4373-4bbe-843a-0e2fb9c788d8_4,0.0,0.33984375
1786646856.01,k8s_coredns_coredns-54996dc9b4-94zpj_kube-system_86f4a07b-00d4-46a7-a1a6-6f878fb26856_3,0.0,70.23828125
1786646856.01,k8s_activator_activator-67cbcccdfb-t6cg7_knative-serving_af70f812-f578-45d9-aafe-c711ea35ebd4_3,0.0,80.06640625
1786646856.01,k8s_autoscaler_autoscaler-847d45f498-rkvpp_knative-serving_ec82673b-6dc8-472a-9e8a-04e02f65f117_3,0.0,61.10546875
1786646856.01,k8s_POD_controller-c9767f9c-h8zvb_knative-serving_9a5a04d4-1393-48b2-b655-088fcff5b337_3,0.0,0.34375
1786646856.01,k8s_POD_activator-67cbcccdfb-t6cg7_knative-serving_af70f812-f578-45d9-aafe-c711ea35ebd4_3,0.0,0.34765625
1786646856.01,k8s_POD_net-kourier-controller-769cd4d84c-mpvj4_knative-serving_a859182b-3989-44e1-8ad7-068a1efe2192_3,0.0,0.34375
1786646856.01,k8s_POD_coredns-54996dc9b4-94zpj_kube-system_86f4a07b-00d4-46a7-a1a6-6f878fb26856_6,0.0,0.33984375
1786646856.01,k8s_POD_autoscaler-847d45f498-rkvpp_knative-serving_ec82673b-6dc8-472a-9e8a-04e02f65f117_3,0.0,1.0546875
1786646856.02,k8s_queue-proxy_hello-00001-deployment-5d87fff5-xkrrx_default_8b11ea0f-f7c6-49b3-8d80-3156aeeea76d_0,0.0,9.4375
1786646856.02,k8s_queue-proxy_hello-00001-deployment-5d87fff5-98m85_default_3cae8e96-9062-4158-a1fb-6b440d3189d2_0,0.0,8.83984375
1786646856.02,k8s_queue-proxy_hello-00001-deployment-5d87fff5-c2cns_default_1909e42a-7fcf-4a2c-92a4-76d6db34a3c0_0,0.0,9.01953125
1786646856.02,k8s_queue-proxy_hello-00001-deployment-5d87fff5-r4f9x_default_c4e0c1f6-f3f6-4890-a9a4-47f53e89f869_0,0.0,9.07421875
1786646856.02,k8s_queue-proxy_hello-00001-deployment-5d87fff5-dplmj_default_0d5446e3-ab90-4904-a7ab-9f78bc1a3f35_0,0.0,8.73046875
1786646856.02,k8s_queue-proxy_hello-00001-deployment-5d87fff5-9g4kc_default_ac4b605b-5649-4734-8d51-2c2b44c6e1a7_0,0.0,8.8125
1786646856.02,k8s_queue-proxy_hello-00001-deployment-5d87fff5-pbv6v_default_064fa4b3-1fb3-4e80-a4ab-eec1b1d33730_0,0.0,8.7421875
1786646856.02,k8s_queue-proxy_hello-00001-deployment-5d87fff5-rcdpk_default_5c2c5548-4b80-455a-beda-26d3bd80b98d_0,0.0,8.8359375
1786646856.02,k8s_queue-proxy_hello-00001-deployment-5d87fff5-l6d7k_default_c3495acf-c323-4d89-bbee-3dda30d81c82_0,0.0,9.24609375
1786646856.02,k8s_queue-proxy_hello-00001-deployment-5d87fff5-dqpd7_default_bcde0c20-b263-4c22-a755-e5db145c91d6_0,0.0,8.88671875
1786646856.02,k8s_queue-proxy_hello-00001-deployment-5d87fff5-g89nw_default_34486883-7fcc-4e85-9967-4df77081c87e_0,0.0,8.82421875
1786646856.02,k8s_queue-proxy_hello-00001-deployment-5d87fff5-ljsdv_default_058ac6e9-0f43-4cb0-b4f7-c19345b2deba_0,0.0,9.80078125
1786646856.02,k8s_user-container_hello-00001-deployment-5d87fff5-xkrrx_default_8b11ea0f-f7c6-49b3-8d80-3156aeeea76d_0,0.0,15.31640625
1786646856.02,k8s_user-container_hello-00001-deployment-5d87fff5-r4f9x_default_c4e0c1f6-f3f6-4890-a9a4-47f53e89f869_0,0.0,15.31640625
1786646856.02,k8s_user-container_hello-00001-deployment-5d87fff5-c2cns_default_1909e42a-7fcf-4a2c-92a4-76d6db34a3c0_0,0.0,15.3046875
1786646856.02,k8s_user-container_hello-00001-deployment-5d87fff5-98m85_default_3cae8e96-9062-4158-a1fb-6b440d3189d2_0,0.0,15.3125
1786646856.02,k8s_user-container_hello-00001-deployment-5d87fff5-dplmj_default_0d5446e3-ab90-4904-a7ab-9f78bc1a3f35_0,0.0,15.30859375
1786646856.02,k8s_user-container_hello-00001-deployment-5d87fff5-rcdpk_default_5c2c5548-4b80-455a-beda-26d3bd80b98d_0,0.0,15.32421875
1786646856.02,k8s_user-container_hello-00001-deployment-5d87fff5-pbv6v_default_064fa4b3-1fb3-4e80-a4ab-eec1b1d33730_0,0.0,15.30859375
1786646856.02,k8s_user-container_hello-00001-deployment-5d87fff5-9g4kc_default_ac4b605b-5649-4734-8d51-2c2b44c6e1a7_0,0.0,15.3046875
1786646856.02,k8s_queue-proxy_hello-00001-deployment-5d87fff5-tqr95_default_e17efba6-d23a-4969-bf83-3d2c7b60ce09_0,0.0,8.72265625
1786646856.02,k8s_queue-proxy_hello-00001-deployment-5d87fff5-8vq49_default_aa00e6c1-5582-4a57-850f-f45ce0ed05aa_0,0.0,8.7578125
1786646856.02,k8s_queue-proxy_hello-00001-deployment-5d87fff5-fbwqn_default_06fac494-83f8-4d50-b881-64d3e5ba436c_0,0.0,8.671875
1786646856.02,k8s_queue-proxy_hello-00001-deployment-5d87fff5-htdkp_default_d5582b01-287c-4d36-b6d3-2b8e34c0c7d6_0,0.0,8.96875
1786646856.02,k8s_user-container_hello-00001-deployment-5d87fff5-l6d7k_default_c3495acf-c323-4d89-bbee-3dda30d81c82_0,0.0,15.3125
1786646856.02,k8s_user-container_hello-00001-deployment-5d87fff5-dqpd7_default_bcde0c20-b263-4c22-a755-e5db145c91d6_0,0.0,15.30078125
1786646856.02,k8s_user-container_hello-00001-deployment-5d87fff5-ljsdv_default_058ac6e9-0f43-4cb0-b4f7-c19345b2deba_0,0.0,15.30859375
1786646856.02,k8s_user-container_hello-00001-deployment-5d87fff5-g89nw_default_34486883-7fcc-4e85-9967-4df77081c87e_0,0.0,15.30859375
1786646856.02,k8s_user-container_hello-00001-deployment-5d87fff5-tqr95_default_e17efba6-d23a-4969-bf83-3d2c7b60ce09_0,0.0,15.30859375
1786646856.02,k8s_user-container_hello-00001-deployment-5d87fff5-8vq49_default_aa00e6c1-5582-4a57-850f-f45ce0ed05aa_0,0.0,15.3359375
1786646856.02,k8s_user-container_hello-00001-deployment-5d87fff5-htdkp_default_d5582b01-287c-4d36-b6d3-2b8e34c0c7d6_0,0.0,15.33984375
1786646856.02,k8s_user-container_hello-00001-deployment-5d87fff5-fbwqn_default_06fac494-83f8-4d50-b881-64d3e5ba436c_0,0.0,15.3203125
1786646856.02,k8s_POD_hello-00001-deployment-5d87fff5-c2cns_default_1909e42a-7fcf-4a2c-92a4-76d6db34a3c0_0,0.0,0.34375
1786646856.02,k8s_POD_hello-00001-deployment-5d87fff5-xkrrx_default_8b11ea0f-f7c6-49b3-8d80-3156aeeea76d_0,0.0,0.34765625
1786646856.02,k8s_POD_hello-00001-deployment-5d87fff5-r4f9x_default_c4e0c1f6-f3f6-4890-a9a4-47f53e89f869_0,0.0,0.34375
1786646856.02,k8s_POD_hello-00001-deployment-5d87fff5-9g4kc_default_ac4b605b-5649-4734-8d51-2c2b44c6e1a7_0,0.0,0.34765625
1786646856.02,k8s_POD_hello-00001-deployment-5d87fff5-l6d7k_default_c3495acf-c323-4d89-bbee-3dda30d81c82_0,0.0,0.34375
1786646856.02,k8s_POD_hello-00001-deployment-5d87fff5-pbv6v_default_064fa4b3-1fb3-4e80-a4ab-eec1b1d33730_0,0.0,0.34375
1786646856.02,k8s_POD_hello-00001-deployment-5d87fff5-dplmj_default_0d5446e3-ab90-4904-a7ab-9f78bc1a3f35_0,0.0,0.34375
1786646856.02,k8s_POD_hello-00001-deployment-5d87fff5-98m85_default_3cae8e96-9062-4158-a1fb-6b440d3189d2_0,0.0,0.34375
1786646856.02,k8s_POD_hello-00001-deployment-5d87fff5-rcdpk_default_5c2c5548-4b80-455a-beda-26d3bd80b98d_0,0.0,0.34765625
1786646856.02,k8s_POD_hello-00001-deployment-5d87fff5-dqpd7_default_bcde0c20-b263-4c22-a755-e5db145c91d6_0,0.0,0.3515625
1786646856.02,k8s_POD_hello-00001-deployment-5d87fff5-g89nw_default_34486883-7fcc-4e85-9967-4df77081c87e_0,0.0,0.34375
1786646856.02,k8s_POD_hello-00001-deployment-5d87fff5-ljsdv_default_058ac6e9-0f43-4cb0-b4f7-c19345b2deba_0,0.0,0.34765625
1786646856.02,k8s_POD_hello-00001-deployment-5d87fff5-tqr95_default_e17efba6-d23a-4969-bf83-3d2c7b60ce09_0,0.0,0.3515625
1786646856.02,k8s_POD_hello-00001-deployment-5d87fff5-htdkp_default_d5582b01-287c-4d36-b6d3-2b8e34c0c7d6_0,0.0,0.34375
1786646856.02,k8s_POD_hello-00001-deployment-5d87fff5-8vq49_default_aa00e6c1-5582-4a57-850f-f45ce0ed05aa_0,0.0,0.34375
1786646856.02,k8s_POD_hello-00001-deployment-5d87fff5-fbwqn_default_06fac494-83f8-4d50-b881-64d3e5ba436c_0,0.0,0.34765625
1786646856.02,registry,0.0,5.26953125
1786646856.02,k8s_lb-tcp-443_svclb-kourier-32c17a7b-g99k6_kube-system_12a61aac-14f5-4323-985c-bfa66cd375ba_3,0.0,0.3203125
1786646856.02,k8s_lb-tcp-80_svclb-kourier-32c17a7b-g99k6_kube-system_12a61aac-14f5-4323-985c-bfa66cd375ba_3,0.0,2.2890625
1786646856.02,k8s_controller_net-kourier-controller-769cd4d84c-mpvj4_knative-serving_a859182b-3989-44e1-8ad7-068a1efe2192_5,0.0,26.58203125
1786646856.02,k8s_controller_controller-c9767f9c-h8zvb_knative-serving_9a5a04d4-1393-48b2-b655-088fcff5b337_5,0.0,31.828125
1786646856.02,k8s_POD_svclb-kourier-32c17a7b-g99k6_kube-system_12a61aac-14f5-4323-985c-bfa66cd375ba_3,0.0,0.34375
1786646856.02,k8s_kourier-gateway_3scale-kourier-gateway-d95dfffb6-z2zzz_kourier-system_69daf3cc-53df-449a-ba4e-12ca3f124bf1_3,0.32083675576506915,72.50390625
1786646856.02,k8s_POD_3scale-kourier-gateway-d95dfffb6-z2zzz_kourier-system_69daf3cc-53df-449a-ba4e-12ca3f124bf1_3,0.0,0.33984375
1786646856.02,k8s_local-path-provisioner_local-path-provisioner-58d557dc48-p9j96_kube-system_7fd6cb3b-fa1b-4cf6-91b8-2dc48f5ebd0f_3,0.0,44.98046875
1786646856.02,k8s_POD_local-path-provisioner-58d557dc48-p9j96_kube-system_7fd6cb3b-fa1b-4cf6-91b8-2dc48f5ebd0f_5,0.0,0.33984375
1786646856.02,k8s_metrics-server_metrics-server-6dc596dfb8-46tvx_kube-system_b8abf359-78cf-46b7-afb3-a3cf654e93c0_3,0.0,78.49609375
1786646856.02,k8s_POD_metrics-server-6dc596dfb8-46tvx_kube-system_b8abf359-78cf-46b7-afb3-a3cf654e93c0_7,0.0,0.34375
1786646856.02,k8s_webhook_webhook-7d56465b69-khwt8_knative-serving_a7b84bd9-4373-4bbe-843a-0e2fb9c788d8_3,0.0,60.46484375
1786646856.02,k8s_POD_webhook-7d56465b69-khwt8_knative-serving_a7b84bd9-4373-4bbe-843a-0e2fb9c788d8_4,0.0,0.33984375
1786646856.02,k8s_coredns_coredns-54996dc9b4-94zpj_kube-system_86f4a07b-00d4-46a7-a1a6-6f878fb26856_3,0.0,70.23828125
1786646856.02,k8s_activator_activator-67cbcccdfb-t6cg7_knative-serving_af70f812-f578-45d9-aafe-c711ea35ebd4_3,0.0,80.06640625
1786646856.02,k8s_autoscaler_autoscaler-847d45f498-rkvpp_knative-serving_ec82673b-6dc8-472a-9e8a-04e02f65f117_3,0.0,61.10546875
1786646856.02,k8s_POD_controller-c9767f9c-h8zvb_knative-serving_9a5a04d4-1393-48b2-b655-088fcff5b337_3,0.0,0.34375
1786646856.02,k8s_POD_activator-67cbcccdfb-t6cg7_knative-serving_af70f812-f578-45d9-aafe-c711ea35ebd4_3,0.0,0.34765625
1786646856.02,k8s_POD_net-kourier-controller-769cd4d84c-mpvj4_knative-serving_a859182b-3989-44e1-8ad7-068a1efe2192_3,0.0,0.34375
1786646856.02,k8s_POD_coredns-54996dc9b4-94zpj_kube-system_86f4a07b-00d4-46a7-a1a6-6f878fb26856_6,0.0,0.33984375
1786646856.02,k8s_POD_autoscaler-847d45f498-rkvpp_knative-serving_ec82673b-6dc8-472a-9e8a-04e02f65f117_3,0.0,1.0546875
1786646856.04,k8s_queue-proxy_hello-00001-deployment-5d87fff5-xkrrx_default_8b11ea0f-f7c6-49b3-8d80-3156aeeea76d_0,0.0,9.4375
1786646856.04,k8s_queue-proxy_hello-00001-deployment-5d87fff5-98m85_default_3cae8e96-9062-4158-a1fb-6b440d3189d2_0,0.0,8.83984375
1786646856.04,k8s_queue-proxy_hello-00001-deployment-5d87fff5-c2cns_default_1909e42a-7fcf-4a2c-92a4-76d6db34a3c0_0,0.0,9.01953125
1786646856.04,k8s_queue-proxy_hello-00001-deployment-5d87fff5-r4f9x_default_c4e0c1f6-f3f6-4890-a9a4-47f53e89f869_0,0.0,9.07421875
1786646856.04,k8s_queue-proxy_hello-00001-deployment-5d87fff5-dplmj_default_0d5446e3-ab90-4904-a7ab-9f78bc1a3f35_0,0.0,8.73046875
1786646856.04,k8s_queue-proxy_hello-00001-deployment-5d87fff5-9g4kc_default_ac4b605b-5649-4734-8d51-2c2b44c6e1a7_0,0.0,8.8125
1786646856.04,k8s_queue-proxy_hello-00001-deployment-5d87fff5-pbv6v_default_064fa4b3-1fb3-4e80-a4ab-eec1b1d33730_0,0.0,8.7421875
1786646856.04,k8s_queue-proxy_hello-00001-deployment-5d87fff5-rcdpk_default_5c2c5548-4b80-455a-beda-26d3bd80b98d_0,0.0,8.8359375
1786646856.04,k8s_queue-proxy_hello-00001-deployment-5d87fff5-l6d7k_default_c3495acf-c323-4d89-bbee-3dda30d81c82_0,0.0,9.24609375
1786646856.04,k8s_queue-proxy_hello-00001-deployment-5d87fff5-dqpd7_default_bcde0c20-b263-4c22-a755-e5db145c91d6_0,0.0,8.88671875
1786646856.04,k8s_queue-proxy_hello-00001-deployment-5d87fff5-g89nw_default_34486883-7fcc-4e85-9967-4df77081c87e_0,0.0,8.82421875
1786646856.04,k8s_queue-proxy_hello-00001-deployment-5d87fff5-ljsdv_default_058ac6e9-0f43-4cb0-b4f7-c19345b2deba_0,0.0,9.80078125
1786646856.04,k8s_user-container_hello-00001-deployment-5d87fff5-xkrrx_default_8b11ea0f-f7c6-49b3-8d80-3156aeeea76d_0,0.0,15.31640625
1786646856.04,k8s_user-container_hello-00001-deployment-5d87fff5-r4f9x_default_c4e0c1f6-f3f6-4890-a9a4-47f53e89f869_0,0.0,15.31640625
1786646856.04,k8s_user-container_hello-00001-deployment-5d87fff5-c2cns_default_1909e42a-7fcf-4a2c-92a4-76d6db34a3c0_0,0.0,15.3046875
1786646856.04,k8s_user-container_hello-00001-deployment-5d87fff5-98m85_default_3cae8e96-9062-4158-a1fb-6b440d3189d2_0,0.0,15.3125
1786646856.04,k8s_user-container_hello-00001-deployment-5d87fff5-dplmj_default_0d5446e3-ab90-4904-a7ab-9f78bc1a3f35_0,0.0,15.30859375
1786646856.04,k8s_user-container_hello-00001-deployment-5d87fff5-rcdpk_default_5c2c5548-4b80-455a-beda-26d3bd80b98d_0,0.0,15.32421875
1786646856.04,k8s_user-container_hello-00001-deployment-5d87fff5-pbv6v_default_064fa4b3-1fb3-4e80-a4ab-eec1b1d33730_0,0.0,15.30859375
1786646856.04,k8s_user-container_hello-00001-deployment-5d87fff5-9g4kc_default_ac4b605b-5649-4734-8d51-2c2b44c6e1a7_0,0.0,15.3046875
1786646856.04,k8s_queue-proxy_hello-00001-deployment-5d87fff5-tqr95_default_e17efba6-d23a-4969-bf83-3d2c7b60ce09_0,0.0,8.72265625
1786646856.04,k8s_queue-proxy_hello-00001-deployment-5d87fff5-8vq49_default_aa00e6c1-5582-4a57-850f-f45ce0ed05aa_0,0.0,8.7578125
1786646856.04,k8s_queue-proxy_hello-00001-deployment-5d87fff5-fbwqn_default_06fac494-83f8-4d50-b881-64d3e5ba436c_0,0.0,8.671875
1786646856.04,k8s_queue-proxy_hello-00001-deployment-5d87fff5-htdkp_default_d5582b01-287c-4d36-b6d3-2b8e34c0c7d6_0,0.0,8.96875
1786646856.04,k8s_user-container_hello-00001-deployment-5d87fff5-l6d7k_default_c3495acf-c323-4d89-bbee-3dda30d81c82_0,0.0,15.3125
1786646856.04,k8s_user-container_hello-00001-deployment-5d87fff5-dqpd7_default_bcde0c20-b263-4c22-a755-e5db145c91d6_0,0.0,15.30078125
1786646856.04,k8s_user-container_hello-00001-deployment-5d87fff5-ljsdv_default_058ac6e9-0f43-4cb0-b4f7-c19345b2deba_0,0.0,15.30859375
1786646856.04,k8s_user-container_hello-00001-deployment-5d87fff5-g89nw_default_34486883-7fcc-4e85-9967-4df77081c87e_0,0.0,15.30859375
1786646856.04,k8s_user-container_hello-00001-deployment-5d87fff5-tqr95_default_e17efba6-d23a-4969-bf83-3d2c7b60ce09_0,0.0,15.30859375
1786646856.04,k8s_user-container_hello-00001-deployment-5d87fff5-8vq49_default_aa00e6c1-5582-4a57-850f-f45ce0ed05aa_0,0.0,15.3359375
1786646856.04,k8s_user-container_hello-00001-deployment-5d87fff5-htdkp_default_d5582b01-287c-4d36-b6d3-2b8e34c0c7d6_0,0.0,15.33984375
1786646856.04,k8s_user-container_hello-00001-deployment-5d87fff5-fbwqn_default_06fac494-83f8-4d50-b881-64d3e5ba436c_0,0.0,15.3203125
1786646856.04,k8s_POD_hello-00001-deployment-5d87fff5-c2cns_default_1909e42a-7fcf-4a2c-92a4-76d6db34a3c0_0,0.0,0.34375
1786646856.04,k8s_POD_hello-00001-deployment-5d87fff5-xkrrx_default_8b11ea0f-f7c6-49b3-8d80-3156aeeea76d_0,0.0,0.34765625
1786646856.04,k8s_POD_hello-00001-deployment-5d87fff5-r4f9x_default_c4e0c1f6-f3f6-4890-a9a4-47f53e89f869_0,0.0,0.34375
1786646856.04,k8s_POD_hello-00001-deployment-5d87fff5-9g4kc_default_ac4b605b-5649-4734-8d51-2c2b44c6e1a7_0,0.0,0.34765625
1786646856.04,k8s_POD_hello-00001-deployment-5d87fff5-l6d7k_default_c3495acf-c323-4d89-bbee-3dda30d81c82_0,0.0,0.34375
1786646856.04,k8s_POD_hello-00001-deployment-5d87fff5-pbv6v_default_064fa4b3-1fb3-4e80-a4ab-eec1b1d33730_0,0.0,0.34375
1786646856.04,k8s_POD_hello-00001-deployment-5d87fff5-dplmj_default_0d5446e3-ab90-4904-a7ab-9f78bc1a3f35_0,0.0,0.34375
1786646856.04,k8s_POD_hello-00001-deployment-5d87fff5-98m85_default_3cae8e96-9062-4158-a1fb-6b440d3189d2_0,0.0,0.34375
1786646856.04,k8s_POD_hello-00001-deployment-5d87fff5-rcdpk_default_5c2c5548-4b80-455a-beda-26d3bd80b98d_0,0.0,0.34765625
1786646856.04,k8s_POD_hello-00001-deployment-5d87fff5-dqpd7_default_bcde0c20-b263-4c22-a755-e5db145c91d6_0,0.0,0.3515625
1786646856.04,k8s_POD_hello-00001-deployment-5d87fff5-g89nw_default_34486883-7fcc-4e85-9967-4df77081c87e_0,0.0,0.34375
1786646856.04,k8s_POD_hello-00001-deployment-5d87fff5-ljsdv_default_058ac6e9-0f43-4cb0-b4f7-c19345b2deba_0,0.0,0.34765625
1786646856.04,k8s_POD_hello-00001-deployment-5d87fff5-tqr95_default_e17efba6-d23a-4969-bf83-3d2c7b60ce09_0,0.0,0.3515625
1786646856.04,k8s_POD_hello-00001-deployment-5d87fff5-htdkp_default_d5582b01-287c-4d36-b6d3-2b8e34c0c7d6_0,0.0,0.34375
1786646856.04,k8s_POD_hello-00001-deployment-5d87fff5-8vq49_default_aa00e6c1-5582-4a57-850f-f45ce0ed05aa_0,0.0,0.34375
1786646856.04,k8s_POD_hello-00001-deployment-5d87fff5-fbwqn_default_06fac494-83f8-4d50-b881-64d3e5ba436c_0,0.0,0.34765625
1786646856.04,registry,0.0,5.26953125
1786646856.04,k8s_lb-tcp-443_svclb-kourier-32c17a7b-g99k6_kube-system_12a61aac-14f5-4323-985c-bfa66cd375ba_3,0.0,0.3203125
1786646856.04,k8s_lb-tcp-80_svclb-kourier-32c17a7b-g99k6_kube-system_12a61aac-14f5-4323-985c-bfa66cd375ba_3,0.0,2.2890625
1786646856.04,k8s_controller_net-kourier-controller-769cd4d84c-mpvj4_knative-serving_a859182b-3989-44e1-8ad7-068a1efe2192_5,0.48924765299167056,26.58203125
1786646856.04,k8s_controller_controller-c9767f9c-h8zvb_knative-serving_9a5a04d4-1393-48b2-b655-088fcff5b337_5,0.0,31.828125
1786646856.04,k8s_POD_svclb-kourier-32c17a7b-g99k6_kube-system_12a61aac-14f5-4323-985c-bfa66cd375ba_3,0.0,0.34375
1786646856.04,k8s_kourier-gateway_3scale-kourier-gateway-d95dfffb6-z2zzz_kourier-system_69daf3cc-53df-449a-ba4e-12ca3f124bf1_3,0.47849495732971,72.50390625
1786646856.04,k8s_POD_3scale-kourier-gateway-d95dfffb6-z2zzz_kourier-system_69daf3cc-53df-449a-ba4e-12ca3f124bf1_3,0.0,0.33984375
1786646856.04,k8s_local-path-provisioner_local-path-provisioner-58d557dc48-p9j96_kube-system_7fd6cb3b-fa1b-4cf6-91b8-2dc48f5ebd0f_3,0.0,44.98046875
1786646856.04,k8s_POD_local-path-provisioner-58d557dc48-p9j96_kube-system_7fd6cb3b-fa1b-4cf6-91b8-2dc48f5ebd0f_5,0.0,0.33984375
1786646856.04,k8s_metrics-server_metrics-server-6dc596dfb8-46tvx_kube-system_b8abf359-78cf-46b7-afb3-a3cf654e93c0_3,0.61290365317107,78.49609375
1786646856.04,k8s_POD_metrics-server-6dc596dfb8-46tvx_kube-system_b8abf359-78cf-46b7-afb3-a3cf654e93c0_7,0.0,0.34375
1786646856.04,k8s_webhook_webhook-7d56465b69-khwt8_knative-serving_a7b84bd9-4373-4bbe-843a-0e2fb9c788d8_3,0.0,60.21875
1786646856.04,k8s_POD_webhook-7d56465b69-khwt8_knative-serving_a7b84bd9-4373-4bbe-843a-0e2fb9c788d8_4,0.0,0.33984375
1786646856.04,k8s_coredns_coredns-54996dc9b4-94zpj_kube-system_86f4a07b-00d4-46a7-a1a6-6f878fb26856_3,0.0,70.23828125
1786646856.04,k8s_activator_activator-67cbcccdfb-t6cg7_knative-serving_af70f812-f578-45d9-aafe-c711ea35ebd4_3,0.0,80.06640625
1786646856.04,k8s_autoscaler_autoscaler-847d45f498-rkvpp_knative-serving_ec82673b-6dc8-472a-9e8a-04e02f65f117_3,0.0,61.10546875
1786646856.04,k8s_POD_controller-c9767f9c-h8zvb_knative-serving_9a5a04d4-1393-48b2-b655-088fcff5b337_3,0.0,0.34375
1786646856.04,k8s_POD_activator-67cbcccdfb-t6cg7_knative-serving_af70f812-f578-45d9-aafe-c711ea35ebd4_3,0.0,0.34765625
1786646856.04,k8s_POD_net-kourier-controller-769cd4d84c-mpvj4_knative-serving_a859182b-3989-44e1-8ad7-068a1efe2192_3,0.0,0.34375
1786646856.04,k8s_POD_coredns-54996dc9b4-94zpj_kube-system_86f4a07b-00d4-46a7-a1a6-6f878fb26856_6,0.0,0.33984375
1786646856.04,k8s_POD_autoscaler-847d45f498-rkvpp_knative-serving_ec82673b-6dc8-472a-9e8a-04e02f65f117_3,0.0,1.0546875
1786646856.06,k8s_queue-proxy_hello-00001-deployment-5d87fff5-xkrrx_default_8b11ea0f-f7c6-49b3-8d80-3156aeeea76d_0,0.0,9.4375
1786646856.06,k8s_queue-proxy_hello-00001-deployment-5d87fff5-98m85_default_3cae8e96-9062-4158-a1fb-6b440d3189d2_0,0.0,8.83984375
1786646856.06,k8s_queue-proxy_hello-00001-deployment-5d87fff5-c2cns_default_1909e42a-7fcf-4a2c-92a4-76d6db34a3c0_0,0.0,9.01953125
1786646856.06,k8s_queue-proxy_hello-00001-deployment-5d87fff5-r4f9x_default_c4e0c1f6-f3f6-4890-a9a4-47f53e89f869_0,0.0,9.07421875
1786646856.06,k8s_queue-proxy_hello-00001-deployment-5d87fff5-dplmj_default_0d5446e3-ab90-4904-a7ab-9f78bc1a3f35_0,0.0,8.73046875
1786646856.06,k8s_queue-proxy_hello-00001-deployment-5d87fff5-9g4kc_default_ac4b605b-5649-4734-8d51-2c2b44c6e1a7_0,0.0,8.8125
1786646856.06,k8s_queue-proxy_hello-00001-deployment-5d87fff5-pbv6v_default_064fa4b3-1fb3-4e80-a4ab-eec1b1d33730_0,0.0,8.7421875
1786646856.06,k8s_queue-proxy_hello-00001-deployment-5d87fff5-rcdpk_default_5c2c5548-4b80-455a-beda-26d3bd80b98d_0,0.0,8.8359375
1786646856.06,k8s_queue-proxy_hello-00001-deployment-5d87fff5-l6d7k_default_c3495acf-c323-4d89-bbee-3dda30d81c82_0,0.0,9.24609375
1786646856.06,k8s_queue-proxy_hello-00001-deployment-5d87fff5-dqpd7_default_bcde0c20-b263-4c22-a755-e5db145c91d6_0,0.0,8.88671875
1786646856.06,k8s_queue-proxy_hello-00001-deployment-5d87fff5-g89nw_default_34486883-7fcc-4e85-9967-4df77081c87e_0,0.0,8.82421875
1786646856.06,k8s_queue-proxy_hello-00001-deployment-5d87fff5-ljsdv_default_058ac6e9-0f43-4cb0-b4f7-c19345b2deba_0,0.0,9.80078125
1786646856.06,k8s_user-container_hello-00001-deployment-5d87fff5-xkrrx_default_8b11ea0f-f7c6-49b3-8d80-3156aeeea76d_0,0.0,15.31640625
1786646856.06,k8s_user-container_hello-00001-deployment-5d87fff5-r4f9x_default_c4e0c1f6-f3f6-4890-a9a4-47f53e89f869_0,0.0,15.31640625
1786646856.06,k8s_user-container_hello-00001-deployment-5d87fff5-c2cns_default_1909e42a-7fcf-4a2c-92a4-76d6db34a3c0_0,0.0,15.3046875
1786646856.06,k8s_user-container_hello-00001-deployment-5d87fff5-98m85_default_3cae8e96-9062-4158-a1fb-6b440d3189d2_0,0.0,15.3125
1786646856.06,k8s_user-container_hello-00001-deployment-5d87fff5-dplmj_default_0d5446e3-ab90-4904-a7ab-9f78bc1a3f35_0,0.0,15.30859375
1786646856.06,k8s_user-container_hello-00001-deployment-5d87fff5-rcdpk_default_5c2c5548-4b80-455a-beda-26d3bd80b98d_0,0.0,15.32421875
1786646856.06,k8s_user-container_hello-00001-deployment-5d87fff5-pbv6v_default_064fa4b3-1fb3-4e80-a4ab-eec1b1d33730_0,0.0,15.30859375
1786646856.06,k8s_user-container_hello-00001-deployment-5d87fff5-9g4kc_default_ac4b605b-5649-4734-8d51-2c2b44c6e1a7_0,0.0,15.3046875
1786646856.06,k8s_queue-proxy_hello-00001-deployment-5d87fff5-tqr95_default_e17efba6-d23a-4969-bf83-3d2c7b60ce09_0,0.0,8.72265625
1786646856.06,k8s_queue-proxy_hello-00001-deployment-5d87fff5-8vq49_default_aa00e6c1-5582-4a57-850f-f45ce0ed05aa_0,0.0,8.7578125
1786646856.06,k8s_queue-proxy_hello-00001-deployment-5d87fff5-fbwqn_default_06fac494-83f8-4d50-b881-64d3e5ba436c_0,0.0,8.671875
1786646856.06,k8s_queue-proxy_hello-00001-deployment-5d87fff5-htdkp_default_d5582b01-287c-4d36-b6d3-2b8e34c0c7d6_0,1.3280972892262424,8.96875
1786646856.06,k8s_user-container_hello-00001-deployment-5d87fff5-l6d7k_default_c3495acf-c323-4d89-bbee-3dda30d81c82_0,0.0,15.3125
1786646856.06,k8s_user-container_hello-00001-deployment-5d87fff5-dqpd7_default_bcde0c20-b263-4c22-a755-e5db145c91d6_0,0.0,15.30078125
1786646856.06,k8s_user-container_hello-00001-deployment-5d87fff5-ljsdv_default_058ac6e9-0f43-4cb0-b4f7-c19345b2deba_0,0.0,15.30859375
1786646856.06,k8s_user-container_hello-00001-deployment-5d87fff5-g89nw_default_34486883-7fcc-4e85-9967-4df77081c87e_0,0.0,15.30859375
1786646856.06,k8s_user-container_hello-00001-deployment-5d87fff5-tqr95_default_e17efba6-d23a-4969-bf83-3d2c7b60ce09_0,0.0,15.30859375
1786646856.06,k8s_user-container_hello-00001-deployment-5d87fff5-8vq49_default_aa00e6c1-5582-4a57-850f-f45ce0ed05aa_0,0.0,15.3359375
1786646856.06,k8s_user-container_hello-00001-deployment-5d87fff5-htdkp_default_d5582b01-287c-4d36-b6d3-2b8e34c0c7d6_0,0.0,15.33984375
1786646856.06,k8s_user-container_hello-00001-deployment-5d87fff5-fbwqn_default_06fac494-83f8-4d50-b881-64d3e5ba436c_0,0.0,15.3203125
1786646856.06,k8s_POD_hello-00001-deployment-5d87fff5-c2cns_default_1909e42a-7fcf-4a2c-92a4-76d6db34a3c0_0,0.0,0.34375
1786646856.06,k8s_POD_hello-00001-deployment-5d87fff5-xkrrx_default_8b11ea0f-f7c6-49b3-8d80-3156aeeea76d_0,0.0,0.34765625
1786646856.06,k8s_POD_hello-00001-deployment-5d87fff5-r4f9x_default_c4e0c1f6-f3f6-4890-a9a4-47f53e89f869_0,0.0,0.34375
1786646856.06,k8s_POD_hello-00001-deployment-5d87fff5-9g4kc_default_ac4b605b-5649-4734-8d51-2c2b44c6e1a7_0,0.0,0.34765625
1786646856.06,k8s_POD_hello-00001-deployment-5d87fff5-l6d7k_default_c3495acf-c323-4d89-bbee-3dda30d81c82_0,0.0,0.34375
1786646856.06,k8s_POD_hello-00001-deployment-5d87fff5-pbv6v_default_064fa4b3-1fb3-4e80-a4ab-eec1b1d33730_0,0.0,0.34375
1786646856.06,k8s_POD_hello-00001-deployment-5d87fff5-dplmj_default_0d5446e3-ab90-4904-a7ab-9f78bc1a3f35_0,0.0,0.34375
1786646856.06,k8s_POD_hello-00001-deployment-5d87fff5-98m85_default_3cae8e96-9062-4158-a1fb-6b440d3189d2_0,0.0,0.34375
1786646856.06,k8s_POD_hello-00001-deployment-5d87fff5-rcdpk_default_5c2c5548-4b80-455a-beda-26d3bd80b98d_0,0.0,0.34765625
1786646856.06,k8s_POD_hello-00001-deployment-5d87fff5-dqpd7_default_bcde0c20-b263-4c22-a755-e5db145c91d6_0,0.0,0.3515625
1786646856.06,k8s_POD_hello-00001-deployment-5d87fff5-g89nw_default_34486883-7fcc-4e85-9967-4df77081c87e_0,0.0,0.34375
1786646856.06,k8s_POD_hello-00001-deployment-5d87fff5-ljsdv_default_058ac6e9-0f43-4cb0-b4f7-c19345b2deba_0,0.0,0.34765625
1786646856.06,k8s_POD_hello-00001-deployment-5d87fff5-tqr95_default_e17efba6-d23a-4969-bf83-3d2c7b60ce09_0,0.0,0.3515625
1786646856.06,k8s_POD_hello-00001-deployment-5d87fff5-htdkp_default_d5582b01-287c-4d36-b6d3-2b8e34c0c7d6_0,0.0,0.34375
1786646856.06,k8s_POD_hello-00001-deployment-5d87fff5-8vq49_default_aa00e6c1-5582-4a57-850f-f45ce0ed05aa_0,0.0,0.34375
1786646856.06,k8s_POD_hello-00001-deployment-5d87fff5-fbwqn_default_06fac494-83f8-4d50-b881-64d3e5ba436c_0,0.0,0.34765625
1786646856.06,registry,0.0,5.26953125
1786646856.06,k8s_lb-tcp-443_svclb-kourier-32c17a7b-g99k6_kube-system_12a61aac-14f5-4323-985c-bfa66cd375ba_3,0.0,0.3203125
1786646856.06,k8s_lb-tcp-80_svclb-kourier-32c17a7b-g99k6_kube-system_12a61aac-14f5-4323-985c-bfa66cd375ba_3,0.0,2.2890625
1786646856.06,k8s_controller_net-kourier-controller-769cd4d84c-mpvj4_knative-serving_a859182b-3989-44e1-8ad7-068a1efe2192_5,0.0,26.58203125
1786646856.06,k8s_controller_controller-c9767f9c-h8zvb_knative-serving_9a5a04d4-1393-48b2-b655-088fcff5b337_5,0.0,31.828125
1786646856.06,k8s_POD_svclb-kourier-32c17a7b-g99k6_kube-system_12a61aac-14f5-4323-985c-bfa66cd375ba_3,0.0,0.34375
1786646856.06,k8s_kourier-gateway_3scale-kourier-gateway-d95dfffb6-z2zzz_kourier-system_69daf3cc-53df-449a-ba4e-12ca3f124bf1_3,0.0,72.50390625
1786646856.06,k8s_POD_3scale-kourier-gateway-d95dfffb6-z2zzz_kourier-system_69daf3cc-53df-449a-ba4e-12ca3f124bf1_3,0.0,0.33984375
1786646856.06,k8s_local-path-provisioner_local-path-provisioner-58d557dc48-p9j96_kube-system_7fd6cb3b-fa1b-4cf6-91b8-2dc48f5ebd0f_3,0.0,44.98046875
1786646856.06,k8s_POD_local-path-provisioner-58d557dc48-p9j96_kube-system_7fd6cb3b-fa1b-4cf6-91b8-2dc48f5ebd0f_5,0.0,0.33984375
1786646856.06,k8s_metrics-server_metrics-server-6dc596dfb8-46tvx_kube-system_b8abf359-78cf-46b7-afb3-a3cf654e93c0_3,0.09177908103796549,78.49609375
1786646856.06,k8s_POD_metrics-server-6dc596dfb8-46tvx_kube-system_b8abf359-78cf-46b7-afb3-a3cf654e93c0_7,0.0,0.34375
1786646856.06,k8s_webhook_webhook-7d56465b69-khwt8_knative-serving_a7b84bd9-4373-4bbe-843a-0e2fb9c788d8_3,0.0,60.21875
1786646856.06,k8s_POD_webhook-7d56465b69-khwt8_knative-serving_a7b84bd9-4373-4bbe-843a-0e2fb9c788d8_4,0.0,0.33984375
1786646856.06,k8s_coredns_coredns-54996dc9b4-94zpj_kube-system_86f4a07b-00d4-46a7-a1a6-6f878fb26856_3,0.0,70.23828125
1786646856.06,k8s_activator_activator-67cbcccdfb-t6cg7_knative-serving_af70f812-f578-45d9-aafe-c711ea35ebd4_3,0.0,80.06640625
1786646856.06,k8s_autoscaler_autoscaler-847d45f498-rkvpp_knative-serving_ec82673b-6dc8-472a-9e8a-04e02f65f117_3,0.0,61.10546875
1786646856.06,k8s_POD_controller-c9767f9c-h8zvb_knative-serving_9a5a04d4-1393-48b2-b655-088fcff5b337_3,0.0,0.34375
1786646856.06,k8s_POD_activator-67cbcccdfb-t6cg7_knative-serving_af70f812-f578-45d9-aafe-c711ea35ebd4_3,0.0,0.34765625
1786646856.06,k8s_POD_net-kourier-controller-769cd4d84c-mpvj4_knative-serving_a859182b-3989-44e1-8ad7-068a1efe2192_3,0.0,0.34375
1786646856.06,k8s_POD_coredns-54996dc9b4-94zpj_kube-system_86f4a07b-00d4-46a7-a1a6-6f878fb26856_6,0.0,0.33984375
1786646856.06,k8s_POD_autoscaler-847d45f498-rkvpp_knative-serving_ec82673b-6dc8-472a-9e8a-04e02f65f117_3,0.0,1.0546875
1786646856.08,k8s_queue-proxy_hello-00001-deployment-5d87fff5-xkrrx_default_8b11ea0f-f7c6-49b3-8d80-3156aeeea76d_0,0.0,9.4375
1786646856.08,k8s_queue-proxy_hello-00001-deployment-5d87fff5-98m85_default_3cae8e96-9062-4158-a1fb-6b440d3189d2_0,0.0,8.83984375
1786646856.08,k8s_queue-proxy_hello-00001-deployment-5d87fff5-c2cns_default_1909e42a-7fcf-4a2c-92a4-76d6db34a3c0_0,0.0,9.01953125
1786646856.08,k8s_queue-proxy_hello-00001-deployment-5d87fff5-r4f9x_default_c4e0c1f6-f3f6-4890-a9a4-47f53e89f869_0,0.0,9.07421875
1786646856.08,k8s_queue-proxy_hello-00001-deployment-5d87fff5-dplmj_default_0d5446e3-ab90-4904-a7ab-9f78bc1a3f35_0,0.0,8.73046875
1786646856.08,k8s_queue-proxy_hello-00001-deployment-5d87fff5-9g4kc_default_ac4b605b-5649-4734-8d51-2c2b44c6e1a7_0,0.0,8.8125
1786646856.08,k8s_queue-proxy_hello-00001-deployment-5d87fff5-pbv6v_default_064fa4b3-1fb3-4e80-a4ab-eec1b1d33730_0,0.0,8.7421875
1786646856.08,k8s_queue-proxy_hello-00001-deployment-5d87fff5-rcdpk_default_5c2c5548-4b80-455a-beda-26d3bd80b98d_0,0.0,8.8359375
1786646856.08,k8s_queue-proxy_hello-00001-deployment-5d87fff5-l6d7k_default_c3495acf-c323-4d89-bbee-3dda30d81c82_0,0.0,9.24609375
1786646856.08,k8s_queue-proxy_hello-00001-deployment-5d87fff5-dqpd7_default_bcde0c20-b263-4c22-a755-e5db145c91d6_0,0.5539314802442586,8.88671875
1786646856.08,k8s_queue-proxy_hello-00001-deployment-5d87fff5-g89nw_default_34486883-7fcc-4e85-9967-4df77081c87e_0,0.0,8.82421875
1786646856.08,k8s_queue-proxy_hello-00001-deployment-5d87fff5-ljsdv_default_058ac6e9-0f43-4cb0-b4f7-c19345b2deba_0,0.9840429825516248,9.80078125
1786646856.08,k8s_user-container_hello-00001-deployment-5d87fff5-xkrrx_default_8b11ea0f-f7c6-49b3-8d80-3156aeeea76d_0,0.0,15.31640625
1786646856.08,k8s_user-container_hello-00001-deployment-5d87fff5-r4f9x_default_c4e0c1f6-f3f6-4890-a9a4-47f53e89f869_0,0.0,15.31640625
1786646856.08,k8s_user-container_hello-00001-deployment-5d87fff5-c2cns_default_1909e42a-7fcf-4a2c-92a4-76d6db34a3c0_0,0.0,15.3046875
1786646856.08,k8s_user-container_hello-00001-deployment-5d87fff5-98m85_default_3cae8e96-9062-4158-a1fb-6b440d3189d2_0,0.0,15.3125
1786646856.08,k8s_user-container_hello-00001-deployment-5d87fff5-dplmj_default_0d5446e3-ab90-4904-a7ab-9f78bc1a3f35_0,0.0,15.30859375
1786646856.08,k8s_user-container_hello-00001-deployment-5d87fff5-rcdpk_default_5c2c5548-4b80-455a-beda-26d3bd80b98d_0,0.0,15.32421875
1786646856.08,k8s_user-container_hello-00001-deployment-5d87fff5-pbv6v_default_064fa4b3-1fb3-4e80-a4ab-eec1b1d33730_0,0.0,15.30859375
1786646856.08,k8s_user-container_hello-00001-deployment-5d87fff5-9g4kc_default_ac4b605b-5649-4734-8d51-2c2b44c6e1a7_0,0.0,15.3046875
1786646856.08,k8s_queue-proxy_hello-00001-deployment-5d87fff5-tqr95_default_e17efba6-d23a-4969-bf83-3d2c7b60ce09_0,0.0,8.72265625
1786646856.08,k8s_queue-proxy_hello-00001-deployment-5d87fff5-8vq49_default_aa00e6c1-5582-4a57-850f-f45ce0ed05aa_0,0.0,8.7578125
1786646856.08,k8s_queue-proxy_hello-00001-deployment-5d87fff5-fbwqn_default_06fac494-83f8-4d50-b881-64d3e5ba436c_0,0.0,8.671875
1786646856.08,k8s_queue-proxy_hello-00001-deployment-5d87fff5-htdkp_default_d5582b01-287c-4d36-b6d3-2b8e34c0c7d6_0,0.0,8.96875
1786646856.08,k8s_user-container_hello-00001-deployment-5d87fff5-l6d7k_default_c3495acf-c323-4d89-bbee-3dda30d81c82_0,0.0,15.3125
1786646856.08,k8s_user-container_hello-00001-deployment-5d87fff5-dqpd7_default_bcde0c20-b263-4c22-a755-e5db145c91d6_0,0.0,15.30078125
1786646856.08,k8s_user-container_hello-00001-deployment-5d87fff5-ljsdv_default_058ac6e9-0f43-4cb0-b4f7-c19345b2deba_0,0.0,15.30859375
1786646856.08,k8s_user-container_hello-00001-deployment-5d87fff5-g89nw_default_34486883-7fcc-4e85-9967-4df77081c87e_0,0.0,15.30859375
1786646856.08,k8s_user-container_hello-00001-deployment-5d87fff5-tqr95_default_e17efba6-d23a-4969-bf83-3d2c7b60ce09_0,0.0,15.30859375
1786646856.08,k8s_user-container_hello-00001-deployment-5d87fff5-8vq49_default_aa00e6c1-5582-4a57-850f-f45ce0ed05aa_0,0.0,15.3359375
1786646856.08,k8s_user-container_hello-00001-deployment-5d87fff5-htdkp_default_d5582b01-287c-4d36-b6d3-2b8e34c0c7d6_0,0.0,15.33984375
1786646856.08,k8s_user-container_hello-00001-deployment-5d87fff5-fbwqn_default_06fac494-83f8-4d50-b881-64d3e5ba436c_0,0.0,15.3203125
1786646856.08,k8s_POD_hello-00001-deployment-5d87fff5-c2cns_default_1909e42a-7fcf-4a2c-92a4-76d6db34a3c0_0,0.0,0.34375
1786646856.08,k8s_POD_hello-00001-deployment-5d87fff5-xkrrx_default_8b11ea0f-f7c6-49b3-8d80-3156aeeea76d_0,0.0,0.34765625
1786646856.08,k8s_POD_hello-00001-deployment-5d87fff5-r4f9x_default_c4e0c1f6-f3f6-4890-a9a4-47f53e89f869_0,0.0,0.34375
1786646856.08,k8s_POD_hello-00001-deployment-5d87fff5-9g4kc_default_ac4b605b-5649-4734-8d51-2c2b44c6e1a7_0,0.0,0.34765625
1786646856.08,k8s_POD_hello-00001-deployment-5d87fff5-l6d7k_default_c3495acf-c323-4d89-bbee-3dda30d81c82_0,0.0,0.34375
1786646856.08,k8s_POD_hello-00001-deployment-5d87fff5-pbv6v_default_064fa4b3-1fb3-4e80-a4ab-eec1b1d33730_0,0.0,0.34375
1786646856.08,k8s_POD_hello-00001-deployment-5d87fff5-dplmj_default_0d5446e3-ab90-4904-a7ab-9f78bc1a3f35_0,0.0,0.34375
1786646856.08,k8s_POD_hello-00001-deployment-5d87fff5-98m85_default_3cae8e96-9062-4158-a1fb-6b440d3189d2_0,0.0,0.34375
1786646856.08,k8s_POD_hello-00001-deployment-5d87fff5-rcdpk_default_5c2c5548-4b80-455a-beda-26d3bd80b98d_0,0.0,0.34765625
1786646856.08,k8s_POD_hello-00001-deployment-5d87fff5-dqpd7_default_bcde0c20-b263-4c22-a755-e5db145c91d6_0,0.0,0.3515625
1786646856.08,k8s_POD_hello-00001-deployment-5d87fff5-g89nw_default_34486883-7fcc-4e85-9967-4df77081c87e_0,0.0,0.34375
1786646856.08,k8s_POD_hello-00001-deployment-5d87fff5-ljsdv_default_058ac6e9-0f43-4cb0-b4f7-c19345b2deba_0,0.0,0.34765625
1786646856.08,k8s_POD_hello-00001-deployment-5d87fff5-tqr95_default_e17efba6-d23a-4969-bf83-3d2c7b60ce09_0,0.0,0.3515625
1786646856.08,k8s_POD_hello-00001-deployment-5d87fff5-htdkp_default_d5582b01-287c-4d36-b6d3-2b8e34c0c7d6_0,0.0,0.34375
1786646856.08,k8s_POD_hello-00001-deployment-5d87fff5-8vq49_default_aa00e6c1-5582-4a57-850f-f45ce0ed05aa_0,0.0,0.34375
1786646856.08,k8s_POD_hello-00001-deployment-5d87fff5-fbwqn_default_06fac494-83f8-4d50-b881-64d3e5ba436c_0,0.0,0.34765625
1786646856.08,registry,0.0,5.26953125
1786646856.08,k8s_lb-tcp-443_svclb-kourier-32c17a7b-g99k6_kube-system_12a61aac-14f5-4323-985c-bfa66cd375ba_3,0.0,0.3203125
1786646856.08,k8s_lb-tcp-80_svclb-kourier-32c17a7b-g99k6_kube-system_12a61aac-14f5-4323-985c-bfa66cd375ba_3,0.0,2.2890625
1786646856.08,k8s_controller_net-kourier-controller-769cd4d84c-mpvj4_knative-serving_a859182b-3989-44e1-8ad7-068a1efe2192_5,0.0,26.58203125
1786646856.08,k8s_controller_controller-c9767f9c-h8zvb_knative-serving_9a5a04d4-1393-48b2-b655-088fcff5b337_5,0.0,31.828125
1786646856.08,k8s_POD_svclb-kourier-32c17a7b-g99k6_kube-system_12a61aac-14f5-4323-985c-bfa66cd375ba_3,0.0,0.34375
1786646856.08,k8s_kourier-gateway_3scale-kourier-gateway-d95dfffb6-z2zzz_kourier-system_69daf3cc-53df-449a-ba4e-12ca3f124bf1_3,0.5995493668206385,72.50390625
1786646856.08,k8s_POD_3scale-kourier-gateway-d95dfffb6-z2zzz_kourier-system_69daf3cc-53df-449a-ba4e-12ca3f124bf1_3,0.0,0.33984375
1786646856.08,k8s_local-path-provisioner_local-path-provisioner-58d557dc48-p9j96_kube-system_7fd6cb3b-fa1b-4cf6-91b8-2dc48f5ebd0f_3,0.0,44.98046875
1786646856.08,k8s_POD_local-path-provisioner-58d557dc48-p9j96_kube-system_7fd6cb3b-fa1b-4cf6-91b8-2dc48f5ebd0f_5,0.0,0.33984375
1786646856.08,k8s_metrics-server_metrics-server-6dc596dfb8-46tvx_kube-system_b8abf359-78cf-46b7-afb3-a3cf654e93c0_3,0.0,78.49609375
1786646856.08,k8s_POD_metrics-server-6dc596dfb8-46tvx_kube-system_b8abf359-78cf-46b7-afb3-a3cf654e93c0_7,0.0,0.34375
1786646856.08,k8s_webhook_webhook-7d56465b69-khwt8_knative-serving_a7b84bd9-4373-4bbe-843a-0e2fb9c788d8_3,0.0,60.21875
1786646856.08,k8s_POD_webhook-7d56465b69-khwt8_knative-serving_a7b84bd9-4373-4bbe-843a-0e2fb9c788d8_4,0.0,0.33984375
1786646856.08,k8s_coredns_coredns-54996dc9b4-94zpj_kube-system_86f4a07b-00d4-46a7-a1a6-6f878fb26856_3,0.0,70.23828125
1786646856.08,k8s_activator_activator-67cbcccdfb-t6cg7_knative-serving_af70f812-f578-45d9-aafe-c711ea35ebd4_3,0.0,80.06640625
1786646856.08,k8s_autoscaler_autoscaler-847d45f498-rkvpp_knative-serving_ec82673b-6dc8-472a-9e8a-04e02f65f117_3,0.0,61.10546875
1786646856.08,k8s_POD_controller-c9767f9c-h8zvb_knative-serving_9a5a04d4-1393-48b2-b655-088fcff5b337_3,0.0,0.34375
1786646856.08,k8s_POD_activator-67cbcccdfb-t6cg7_knative-serving_af70f812-f578-45d9-aafe-c711ea35ebd4_3,0.0,0.34765625
1786646856.08,k8s_POD_net-kourier-controller-769cd4d84c-mpvj4_knative-serving_a859182b-3989-44e1-8ad7-068a1efe2192_3,0.0,0.34375
1786646856.08,k8s_POD_coredns-54996dc9b4-94zpj_kube-system_86f4a07b-00d4-46a7-a1a6-6f878fb26856_6,0.0,0.33984375
1786646856.08,k8s_POD_autoscaler-847d45f498-rkvpp_knative-serving_ec82673b-6dc8-472a-9e8a-04e02f65f117_3,0.0,1.0546875
1786646856.1,k8s_queue-proxy_hello-00001-deployment-5d87fff5-xkrrx_default_8b11ea0f-f7c6-49b3-8d80-3156aeeea76d_0,2.0417638783634273,8.9375
1786646856.1,k8s_queue-proxy_hello-00001-deployment-5d87fff5-98m85_default_3cae8e96-9062-4158-a1fb-6b440d3189d2_0,2.0737477539006632,9.2265625
1786646856.1,k8s_queue-proxy_hello-00001-deployment-5d87fff5-c2cns_default_1909e42a-7fcf-4a2c-92a4-76d6db34a3c0_0,2.0739645937348126,9.23828125
1786646856.1,k8s_queue-proxy_hello-00001-deployment-5d87fff5-r4f9x_default_c4e0c1f6-f3f6-4890-a9a4-47f53e89f869_0,2.0687965776875568,9.484375
1786646856.1,k8s_queue-proxy_hello-00001-deployment-5d87fff5-dplmj_default_0d5446e3-ab90-4904-a7ab-9f78bc1a3f35_0,2.0709649760290585,8.80859375
1786646856.1,k8s_queue-proxy_hello-00001-deployment-5d87fff5-9g4kc_default_ac4b605b-5649-4734-8d51-2c2b44c6e1a7_0,2.130306810641647,9.1328125
1786646856.1,k8s_queue-proxy_hello-00001-deployment-5d87fff5-pbv6v_default_064fa4b3-1fb3-4e80-a4ab-eec1b1d33730_0,1.9818076642207472,9.35546875
1786646856.1,k8s_queue-proxy_hello-00001-deployment-5d87fff5-rcdpk_default_5c2c5548-4b80-455a-beda-26d3bd80b98d_0,2.008876503517228,9.62109375
1786646856.1,k8s_queue-proxy_hello-00001-deployment-5d87fff5-l6d7k_default_c3495acf-c323-4d89-bbee-3dda30d81c82_0,2.1017200925061115,9.47265625
1786646856.1,k8s_queue-proxy_hello-00001-deployment-5d87fff5-dqpd7_default_bcde0c20-b263-4c22-a755-e5db145c91d6_0,2.0719046153103813,9.02734375
1786646856.1,k8s_queue-proxy_hello-00001-deployment-5d87fff5-g89nw_default_34486883-7fcc-4e85-9967-4df77081c87e_0,1.9953601538551695,8.83203125
1786646856.1,k8s_queue-proxy_hello-00001-deployment-5d87fff5-ljsdv_default_058ac6e9-0f43-4cb0-b4f7-c19345b2deba_0,2.0908058208538565,8.78125
1786646856.1,k8s_user-container_hello-00001-deployment-5d87fff5-xkrrx_default_8b11ea0f-f7c6-49b3-8d80-3156aeeea76d_0,12.060270175740925,15.578125
1786646856.1,k8s_user-container_hello-00001-deployment-5d87fff5-r4f9x_default_c4e0c1f6-f3f6-4890-a9a4-47f53e89f869_0,12.098072586827891,15.31640625
1786646856.1,k8s_user-container_hello-00001-deployment-5d87fff5-c2cns_default_1909e42a-7fcf-4a2c-92a4-76d6db34a3c0_0,11.948236261429711,15.3203125
1786646856.1,k8s_user-container_hello-00001-deployment-5d87fff5-98m85_default_3cae8e96-9062-4158-a1fb-6b440d3189d2_0,12.005951797286146,15.80859375
1786646856.1,k8s_user-container_hello-00001-deployment-5d87fff5-dplmj_default_0d5446e3-ab90-4904-a7ab-9f78bc1a3f35_0,11.906747573162214,15.30859375
1786646856.1,k8s_user-container_hello-00001-deployment-5d87fff5-rcdpk_default_5c2c5548-4b80-455a-beda-26d3bd80b98d_0,12.194819292831461,15.56640625
1786646856.1,k8s_user-container_hello-00001-deployment-5d87fff5-pbv6v_default_064fa4b3-1fb3-4e80-a4ab-eec1b1d33730_0,12.132297140651353,15.80078125
1786646856.1,k8s_user-container_hello-00001-deployment-5d87fff5-9g4kc_default_ac4b605b-5649-4734-8d51-2c2b44c6e1a7_0,12.124816166373135,15.33203125
1786646856.1,k8s_queue-proxy_hello-00001-deployment-5d87fff5-tqr95_default_e17efba6-d23a-4969-bf83-3d2c7b60ce09_0,2.126295273709859,9.015625
1786646856.1,k8s_queue-proxy_hello-00001-deployment-5d87fff5-8vq49_default_aa00e6c1-5582-4a57-850f-f45ce0ed05aa_0,2.1666636228342577,8.90625
1786646856.1,k8s_queue-proxy_hello-00001-deployment-5d87fff5-fbwqn_default_06fac494-83f8-4d50-b881-64d3e5ba436c_0,2.3947068484161274,8.73046875
1786646856.1,k8s_queue-proxy_hello-00001-deployment-5d87fff5-htdkp_default_d5582b01-287c-4d36-b6d3-2b8e34c0c7d6_0,1.9649302971293476,9.2265625
1786646856.1,k8s_user-container_hello-00001-deployment-5d87fff5-l6d7k_default_c3495acf-c323-4d89-bbee-3dda30d81c82_0,12.095434368845709,15.57421875
1786646856.1,k8s_user-container_hello-00001-deployment-5d87fff5-dqpd7_default_bcde0c20-b263-4c22-a755-e5db145c91d6_0,11.942309305962898,15.3125
1786646856.1,k8s_user-container_hello-00001-deployment-5d87fff5-ljsdv_default_058ac6e9-0f43-4cb0-b4f7-c19345b2deba_0,12.190518636120782,15.32421875
1786646856.1,k8s_user-container_hello-00001-deployment-5d87fff5-g89nw_default_34486883-7fcc-4e85-9967-4df77081c87e_0,12.054885319859533,15.328125
1786646856.1,k8s_user-container_hello-00001-deployment-5d87fff5-tqr95_default_e17efba6-d23a-4969-bf83-3d2c7b60ce09_0,12.059728076155537,15.32421875
1786646856.1,k8s_user-container_hello-00001-deployment-5d87fff5-8vq49_default_aa00e6c1-5582-4a57-850f-f45ce0ed05aa_0,12.052319381822045,15.34765625
1786646856.1,k8s_user-container_hello-00001-deployment-5d87fff5-htdkp_default_d5582b01-287c-4d36-b6d3-2b8e34c0c7d6_0,12.013902591205028,15.33984375
1786646856.1,k8s_user-container_hello-00001-deployment-5d87fff5-fbwqn_default_06fac494-83f8-4d50-b881-64d3e5ba436c_0,11.944188584525577,15.3203125
1786646856.1,k8s_POD_hello-00001-deployment-5d87fff5-c2cns_default_1909e42a-7fcf-4a2c-92a4-76d6db34a3c0_0,0.0,0.34375
1786646856.1,k8s_POD_hello-00001-deployment-5d87fff5-xkrrx_default_8b11ea0f-f7c6-49b3-8d80-3156aeeea76d_0,0.0,0.34765625
1786646856.1,k8s_POD_hello-00001-deployment-5d87fff5-r4f9x_default_c4e0c1f6-f3f6-4890-a9a4-47f53e89f869_0,0.0,0.34375
1786646856.1,k8s_POD_hello-00001-deployment-5d87fff5-9g4kc_default_ac4b605b-5649-4734-8d51-2c2b44c6e1a7_0,0.0,0.34765625
1786646856.1,k8s_POD_hello-00001-deployment-5d87fff5-l6d7k_default_c3495acf-c323-4d89-bbee-3dda30d81c82_0,0.0,0.34375
1786646856.1,k8s_POD_hello-00001-deployment-5d87fff5-pbv6v_default_064fa4b3-1fb3-4e80-a4ab-eec1b1d33730_0,0.0,0.34375
1786646856.1,k8s_POD_hello-00001-deployment-5d87fff5-dplmj_default_0d5446e3-ab90-4904-a7ab-9f78bc1a3f35_0,0.0,0.34375
1786646856.1,k8s_POD_hello-00001-deployment-5d87fff5-98m85_default_3cae8e96-9062-4158-a1fb-6b440d3189d2_0,0.0,0.34375
1786646856.1,k8s_POD_hello-00001-deployment-5d87fff5-rcdpk_default_5c2c5548-4b80-455a-beda-26d3bd80b98d_0,0.0,0.34765625
1786646856.1,k8s_POD_hello-00001-deployment-5d87fff5-dqpd7_default_bcde0c20-b263-4c22-a755-e5db145c91d6_0,0.0,0.3515625
1786646856.1,k8s_POD_hello-00001-deployment-5d87fff5-g89nw_default_34486883-7fcc-4e85-9967-4df77081c87e_0,0.0,0.34375
1786646856.1,k8s_POD_hello-00001-deployment-5d87fff5-ljsdv_default_058ac6e9-0f43-4cb0-b4f7-c19345b2deba_0,0.0,0.34765625
1786646856.1,k8s_POD_hello-00001-deployment-5d87fff5-tqr95_default_e17efba6-d23a-4969-bf83-3d2c7b60ce09_0,0.0,0.3515625
1786646856.1,k8s_POD_hello-00001-deployment-5d87fff5-htdkp_default_d5582b01-287c-4d36-b6d3-2b8e34c0c7d6_0,0.0,0.34375
1786646856.1,k8s_POD_hello-00001-deployment-5d87fff5-8vq49_default_aa00e6c1-5582-4a57-850f-f45ce0ed05aa_0,0.0,0.34375
1786646856.1,k8s_POD_hello-00001-deployment-5d87fff5-fbwqn_default_06fac494-83f8-4d50-b881-64d3e5ba436c_0,0.0,0.34765625
1786646856.1,registry,0.0020961183967906382,5.26953125
1786646856.1,k8s_lb-tcp-443_svclb-kourier-32c17a7b-g99k6_kube-system_12a61aac-14f5-4323-985c-bfa66cd375ba_3,0.0,0.3203125
1786646856.1,k8s_lb-tcp-80_svclb-kourier-32c17a7b-g99k6_kube-system_12a61aac-14f5-4323-985c-bfa66cd375ba_3,0.0,2.2890625
1786646856.1,k8s_controller_net-kourier-controller-769cd4d84c-mpvj4_knative-serving_a859182b-3989-44e1-8ad7-068a1efe2192_5,0.041886227963497405,26.58203125
1786646856.1,k8s_controller_controller-c9767f9c-h8zvb_knative-serving_9a5a04d4-1393-48b2-b655-088fcff5b337_5,0.06996698648599597,31.828125
1786646856.1,k8s_POD_svclb-kourier-32c17a7b-g99k6_kube-system_12a61aac-14f5-4323-985c-bfa66cd375ba_3,0.0,0.34375
1786646856.1,k8s_kourier-gateway_3scale-kourier-gateway-d95dfffb6-z2zzz_kourier-system_69daf3cc-53df-449a-ba4e-12ca3f124bf1_3,14.70925786967082,72.29296875
1786646856.1,k8s_POD_3scale-kourier-gateway-d95dfffb6-z2zzz_kourier-system_69daf3cc-53df-449a-ba4e-12ca3f124bf1_3,0.0,0.33984375
1786646856.1,k8s_local-path-provisioner_local-path-provisioner-58d557dc48-p9j96_kube-system_7fd6cb3b-fa1b-4cf6-91b8-2dc48f5ebd0f_3,0.007770094057063142,44.98046875
1786646856.1,k8s_POD_local-path-provisioner-58d557dc48-p9j96_kube-system_7fd6cb3b-fa1b-4cf6-91b8-2dc48f5ebd0f_5,0.0,0.33984375
1786646856.1,k8s_metrics-server_metrics-server-6dc596dfb8-46tvx_kube-system_b8abf359-78cf-46b7-afb3-a3cf654e93c0_3,0.42337977617864725,78.49609375
1786646856.1,k8s_POD_metrics-server-6dc596dfb8-46tvx_kube-system_b8abf359-78cf-46b7-afb3-a3cf654e93c0_7,0.0,0.34375
1786646856.1,k8s_webhook_webhook-7d56465b69-khwt8_knative-serving_a7b84bd9-4373-4bbe-843a-0e2fb9c788d8_3,0.1054202993694949,59.2265625
1786646856.1,k8s_POD_webhook-7d56465b69-khwt8_knative-serving_a7b84bd9-4373-4bbe-843a-0e2fb9c788d8_4,0.0,0.33984375
1786646856.1,k8s_coredns_coredns-54996dc9b4-94zpj_kube-system_86f4a07b-00d4-46a7-a1a6-6f878fb26856_3,0.15775097934440946,70.234375
1786646856.1,k8s_activator_activator-67cbcccdfb-t6cg7_knative-serving_af70f812-f578-45d9-aafe-c711ea35ebd4_3,13.774352924730128,80.578125
1786646856.1,k8s_autoscaler_autoscaler-847d45f498-rkvpp_knative-serving_ec82673b-6dc8-472a-9e8a-04e02f65f117_3,0.17350800729297358,60.8203125
1786646856.1,k8s_POD_controller-c9767f9c-h8zvb_knative-serving_9a5a04d4-1393-48b2-b655-088fcff5b337_3,0.0,0.34375
1786646856.1,k8s_POD_activator-67cbcccdfb-t6cg7_knative-serving_af70f812-f578-45d9-aafe-c711ea35ebd4_3,0.0,0.34765625
1786646856.1,k8s_POD_net-kourier-controller-769cd4d84c-mpvj4_knative-serving_a859182b-3989-44e1-8ad7-068a1efe2192_3,0.0,0.34375
1786646856.1,k8s_POD_coredns-54996dc9b4-94zpj_kube-system_86f4a07b-00d4-46a7-a1a6-6f878fb26856_6,0.0,0.33984375
1786646856.1,k8s_POD_autoscaler-847d45f498-rkvpp_knative-serving_ec82673b-6dc8-472a-9e8a-04e02f65f117_3,0.0,1.0546875
1786646858.86,k8s_queue-proxy_hello-00001-deployment-5d87fff5-xkrrx_default_8b11ea0f-f7c6-49b3-8d80-3156aeeea76d_0,3.002687849987342,9.97265625
1786646858.86,k8s_queue-proxy_hello-00001-deployment-5d87fff5-98m85_default_3cae8e96-9062-4158-a1fb-6b440d3189d2_0,3.0391501004267045,9.703125
1786646858.86,k8s_queue-proxy_hello-00001-deployment-5d87fff5-c2cns_default_1909e42a-7fcf-4a2c-92a4-76d6db34a3c0_0,3.212354069362095,10.08203125
1786646858.86,k8s_queue-proxy_hello-00001-deployment-5d87fff5-r4f9x_default_c4e0c1f6-f3f6-4890-a9a4-47f53e89f869_0,2.9580787207032184,9.41015625
1786646858.86,k8s_queue-proxy_hello-00001-deployment-5d87fff5-dplmj_default_0d5446e3-ab90-4904-a7ab-9f78bc1a3f35_0,3.1231026934001695,9.40625
1786646858.86,k8s_queue-proxy_hello-00001-deployment-5d87fff5-9g4kc_default_ac4b605b-5649-4734-8d51-2c2b44c6e1a7_0,3.168307935770494,9.71484375
1786646858.86,k8s_queue-proxy_hello-00001-deployment-5d87fff5-pbv6v_default_064fa4b3-1fb3-4e80-a4ab-eec1b1d33730_0,2.986162270542072,8.91796875
1786646858.86,k8s_queue-proxy_hello-00001-deployment-5d87fff5-rcdpk_default_5c2c5548-4b80-455a-beda-26d3bd80b98d_0,3.318362846525036,9.125
1786646858.86,k8s_queue-proxy_hello-00001-deployment-5d87fff5-l6d7k_default_c3495acf-c323-4d89-bbee-3dda30d81c82_0,2.9556942683584118,9.26953125
1786646858.86,k8s_queue-proxy_hello-00001-deployment-5d87fff5-dqpd7_default_bcde0c20-b263-4c22-a755-e5db145c91d6_0,2.9895733620908973,8.875
1786646858.86,k8s_queue-proxy_hello-00001-deployment-5d87fff5-g89nw_default_34486883-7fcc-4e85-9967-4df77081c87e_0,3.315514750668733,8.9296875
1786646858.86,k8s_queue-proxy_hello-00001-deployment-5d87fff5-ljsdv_default_058ac6e9-0f43-4cb0-b4f7-c19345b2deba_0,3.098728291653237,8.93359375
1786646858.86,k8s_user-container_hello-00001-deployment-5d87fff5-xkrrx_default_8b11ea0f-f7c6-49b3-8d80-3156aeeea76d_0,18.228078419462584,15.55859375
1786646858.86,k8s_user-container_hello-00001-deployment-5d87fff5-r4f9x_default_c4e0c1f6-f3f6-4890-a9a4-47f53e89f869_0,18.122268346661716,15.5625
1786646858.86,k8s_user-container_hello-00001-deployment-5d87fff5-c2cns_default_1909e42a-7fcf-4a2c-92a4-76d6db34a3c0_0,18.319217486864154,15.3359375
1786646858.86,k8s_user-container_hello-00001-deployment-5d87fff5-98m85_default_3cae8e96-9062-4158-a1fb-6b440d3189d2_0,18.076202052055766,15.32421875
1786646858.86,k8s_user-container_hello-00001-deployment-5d87fff5-dplmj_default_0d5446e3-ab90-4904-a7ab-9f78bc1a3f35_0,18.45413774870787,15.79296875
1786646858.86,k8s_user-container_hello-00001-deployment-5d87fff5-rcdpk_default_5c2c5548-4b80-455a-beda-26d3bd80b98d_0,18.332265739973245,15.34375
1786646858.86,k8s_user-container_hello-00001-deployment-5d87fff5-pbv6v_default_064fa4b3-1fb3-4e80-a4ab-eec1b1d33730_0,18.154922096828095,15.54296875
1786646858.86,k8s_user-container_hello-00001-deployment-5d87fff5-9g4kc_default_ac4b605b-5649-4734-8d51-2c2b44c6e1a7_0,18.144125826489123,15.34375
1786646858.86,k8s_queue-proxy_hello-00001-deployment-5d87fff5-tqr95_default_e17efba6-d23a-4969-bf83-3d2c7b60ce09_0,2.9805985484041875,8.92578125
1786646858.86,k8s_queue-proxy_hello-00001-deployment-5d87fff5-8vq49_default_aa00e6c1-5582-4a57-850f-f45ce0ed05aa_0,3.2545787463014078,9.46484375
1786646858.86,k8s_queue-proxy_hello-00001-deployment-5d87fff5-fbwqn_default_06fac494-83f8-4d50-b881-64d3e5ba436c_0,3.171586557744604,9.421875
1786646858.86,k8s_queue-proxy_hello-00001-deployment-5d87fff5-htdkp_default_d5582b01-287c-4d36-b6d3-2b8e34c0c7d6_0,3.1134324144462218,9.0
1786646858.86,k8s_user-container_hello-00001-deployment-5d87fff5-l6d7k_default_c3495acf-c323-4d89-bbee-3dda30d81c82_0,18.237881167991258,15.328125
1786646858.86,k8s_user-container_hello-00001-deployment-5d87fff5-dqpd7_default_bcde0c20-b263-4c22-a755-e5db145c91d6_0,18.238974041982633,15.31640625
1786646858.86,k8s_user-container_hello-00001-deployment-5d87fff5-ljsdv_default_058ac6e9-0f43-4cb0-b4f7-c19345b2deba_0,18.18052184214113,15.30859375
1786646858.86,k8s_user-container_hello-00001-deployment-5d87fff5-g89nw_default_34486883-7fcc-4e85-9967-4df77081c87e_0,18.35905771145864,15.3203125
1786646858.86,k8s_user-container_hello-00001-deployment-5d87fff5-tqr95_default_e17efba6-d23a-4969-bf83-3d2c7b60ce09_0,18.26298415239908,15.30859375
1786646858.86,k8s_user-container_hello-00001-deployment-5d87fff5-8vq49_default_aa00e6c1-5582-4a57-850f-f45ce0ed05aa_0,18.343293832067996,15.6015625
1786646858.86,k8s_user-container_hello-00001-deployment-5d87fff5-htdkp_default_d5582b01-287c-4d36-b6d3-2b8e34c0c7d6_0,17.732708444828635,15.3515625
1786646858.86,k8s_user-container_hello-00001-deployment-5d87fff5-fbwqn_default_06fac494-83f8-4d50-b881-64d3e5ba436c_0,18.181581598738823,15.58203125
1786646858.86,k8s_POD_hello-00001-deployment-5d87fff5-c2cns_default_1909e42a-7fcf-4a2c-92a4-76d6db34a3c0_0,0.0,0.34375
1786646858.86,k8s_POD_hello-00001-deployment-5d87fff5-xkrrx_default_8b11ea0f-f7c6-49b3-8d80-3156aeeea76d_0,0.0,0.34765625
1786646858.86,k8s_POD_hello-00001-deployment-5d87fff5-r4f9x_default_c4e0c1f6-f3f6-4890-a9a4-47f53e89f869_0,0.0,0.34375
1786646858.86,k8s_POD_hello-00001-deployment-5d87fff5-9g4kc_default_ac4b605b-5649-4734-8d51-2c2b44c6e1a7_0,0.0,0.34765625
1786646858.86,k8s_POD_hello-00001-deployment-5d87fff5-l6d7k_default_c3495acf-c323-4d89-bbee-3dda30d81c82_0,0.0,0.34375
1786646858.86,k8s_POD_hello-00001-deployment-5d87fff5-pbv6v_default_064fa4b3-1fb3-4e80-a4ab-eec1b1d33730_0,0.0,0.34375
1786646858.86,k8s_POD_hello-00001-deployment-5d87fff5-dplmj_default_0d5446e3-ab90-4904-a7ab-9f78bc1a3f35_0,0.0,0.34375
1786646858.86,k8s_POD_hello-00001-deployment-5d87fff5-98m85_default_3cae8e96-9062-4158-a1fb-6b440d3189d2_0,0.0,0.34375
1786646858.86,k8s_POD_hello-00001-deployment-5d87fff5-rcdpk_default_5c2c5548-4b80-455a-beda-26d3bd80b98d_0,0.0,0.34765625
1786646858.86,k8s_POD_hello-00001-deployment-5d87fff5-dqpd7_default_bcde0c20-b263-4c22-a755-e5db145c91d6_0,0.0,0.3515625
1786646858.86,k8s_POD_hello-00001-deployment-5d87fff5-g89nw_default_34486883-7fcc-4e85-9967-4df77081c87e_0,0.0,0.34375
1786646858.86,k8s_POD_hello-00001-deployment-5d87fff5-ljsdv_default_058ac6e9-0f43-4cb0-b4f7-c19345b2deba_0,0.0,0.34765625
1786646858.86,k8s_POD_hello-00001-deployment-5d87fff5-tqr95_default_e17efba6-d23a-4969-bf83-3d2c7b60ce09_0,0.0,0.3515625
1786646858.86,k8s_POD_hello-00001-deployment-5d87fff5-htdkp_default_d5582b01-287c-4d36-b6d3-2b8e34c0c7d6_0,0.0,0.34375
1786646858.86,k8s_POD_hello-00001-deployment-5d87fff5-8vq49_default_aa00e6c1-5582-4a57-850f-f45ce0ed05aa_0,0.0,0.34375
1786646858.86,k8s_POD_hello-00001-deployment-5d87fff5-fbwqn_default_06fac494-83f8-4d50-b881-64d3e5ba436c_0,0.0,0.34765625
1786646858.86,registry,0.0,5.26953125
1786646858.86,k8s_lb-tcp-443_svclb-kourier-32c17a7b-g99k6_kube-system_12a61aac-14f5-4323-985c-bfa66cd375ba_3,0.0,0.3203125
1786646858.86,k8s_lb-tcp-80_svclb-kourier-32c17a7b-g99k6_kube-system_12a61aac-14f5-4323-985c-bfa66cd375ba_3,0.0,2.2890625
1786646858.86,k8s_controller_net-kourier-controller-769cd4d84c-mpvj4_knative-serving_a859182b-3989-44e1-8ad7-068a1efe2192_5,0.07067251810856345,26.58203125
1786646858.86,k8s_controller_controller-c9767f9c-h8zvb_knative-serving_9a5a04d4-1393-48b2-b655-088fcff5b337_5,0.24357843050104677,31.828125
1786646858.86,k8s_POD_svclb-kourier-32c17a7b-g99k6_kube-system_12a61aac-14f5-4323-985c-bfa66cd375ba_3,0.0,0.34375
1786646858.86,k8s_kourier-gateway_3scale-kourier-gateway-d95dfffb6-z2zzz_kourier-system_69daf3cc-53df-449a-ba4e-12ca3f124bf1_3,22.228560223571698,72.54296875
1786646858.86,k8s_POD_3scale-kourier-gateway-d95dfffb6-z2zzz_kourier-system_69daf3cc-53df-449a-ba4e-12ca3f124bf1_3,0.0,0.33984375
1786646858.86,k8s_local-path-provisioner_local-path-provisioner-58d557dc48-p9j96_kube-system_7fd6cb3b-fa1b-4cf6-91b8-2dc48f5ebd0f_3,0.004239026390774742,44.98046875
1786646858.86,k8s_POD_local-path-provisioner-58d557dc48-p9j96_kube-system_7fd6cb3b-fa1b-4cf6-91b8-2dc48f5ebd0f_5,0.0,0.33984375
1786646858.86,k8s_metrics-server_metrics-server-6dc596dfb8-46tvx_kube-system_b8abf359-78cf-46b7-afb3-a3cf654e93c0_3,0.23738547788338554,78.49609375
1786646858.86,k8s_POD_metrics-server-6dc596dfb8-46tvx_kube-system_b8abf359-78cf-46b7-afb3-a3cf654e93c0_7,0.0,0.34375
1786646858.86,k8s_webhook_webhook-7d56465b69-khwt8_knative-serving_a7b84bd9-4373-4bbe-843a-0e2fb9c788d8_3,0.25334806163583234,59.2265625
1786646858.86,k8s_POD_webhook-7d56465b69-khwt8_knative-serving_a7b84bd9-4373-4bbe-843a-0e2fb9c788d8_4,0.0,0.33984375
1786646858.86,k8s_coredns_coredns-54996dc9b4-94zpj_kube-system_86f4a07b-00d4-46a7-a1a6-6f878fb26856_3,0.19870436206737485,70.234375
1786646858.86,k8s_activator_activator-67cbcccdfb-t6cg7_knative-serving_af70f812-f578-45d9-aafe-c711ea35ebd4_3,21.153635859574184,80.8359375
1786646858.86,k8s_autoscaler_autoscaler-847d45f498-rkvpp_knative-serving_ec82673b-6dc8-472a-9e8a-04e02f65f117_3,0.27325161523635233,60.8203125
1786646858.86,k8s_POD_controller-c9767f9c-h8zvb_knative-serving_9a5a04d4-1393-48b2-b655-088fcff5b337_3,0.0,0.34375
1786646858.86,k8s_POD_activator-67cbcccdfb-t6cg7_knative-serving_af70f812-f578-45d9-aafe-c711ea35ebd4_3,0.0,0.34765625
1786646858.86,k8s_POD_net-kourier-controller-769cd4d84c-mpvj4_knative-serving_a859182b-3989-44e1-8ad7-068a1efe2192_3,0.0,0.34375
1786646858.86,k8s_POD_coredns-54996dc9b4-94zpj_kube-system_86f4a07b-00d4-46a7-a1a6-6f878fb26856_6,0.0,0.33984375
1786646858.86,k8s_POD_autoscaler-847d45f498-rkvpp_knative-serving_ec82673b-6dc8-472a-9e8a-04e02f65f117_3,0.0,1.0546875
1786646861.88,k8s_queue-proxy_hello-00001-deployment-5d87fff5-xkrrx_default_8b11ea0f-f7c6-49b3-8d80-3156aeeea76d_0,2.9132694710241407,9.171875
1786646861.88,k8s_queue-proxy_hello-00001-deployment-5d87fff5-98m85_default_3cae8e96-9062-4158-a1fb-6b440d3189d2_0,2.995352942489483,9.5859375
1786646861.88,k8s_queue-proxy_hello-00001-deployment-5d87fff5-c2cns_default_1909e42a-7fcf-4a2c-92a4-76d6db34a3c0_0,3.0441721601714917,10.0859375
1786646861.88,k8s_queue-proxy_hello-00001-deployment-5d87fff5-r4f9x_default_c4e0c1f6-f3f6-4890-a9a4-47f53e89f869_0,3.296849038525658,9.4453125
1786646861.88,k8s_queue-proxy_hello-00001-deployment-5d87fff5-dplmj_default_0d5446e3-ab90-4904-a7ab-9f78bc1a3f35_0,3.062648244051146,9.6953125
1786646861.88,k8s_queue-proxy_hello-00001-deployment-5d87fff5-9g4kc_default_ac4b605b-5649-4734-8d51-2c2b44c6e1a7_0,3.00842495440434,8.8984375
1786646861.88,k8s_queue-proxy_hello-00001-deployment-5d87fff5-pbv6v_default_064fa4b3-1fb3-4e80-a4ab-eec1b1d33730_0,3.2972872065228045,8.99609375
1786646861.88,k8s_queue-proxy_hello-00001-deployment-5d87fff5-rcdpk_default_5c2c5548-4b80-455a-beda-26d3bd80b98d_0,3.031866942251646,9.25390625
1786646861.88,k8s_queue-proxy_hello-00001-deployment-5d87fff5-l6d7k_default_c3495acf-c323-4d89-bbee-3dda30d81c82_0,3.443598803569789,9.34765625
1786646861.88,k8s_queue-proxy_hello-00001-deployment-5d87fff5-dqpd7_default_bcde0c20-b263-4c22-a755-e5db145c91d6_0,3.0025462004426293,9.26953125
1786646861.88,k8s_queue-proxy_hello-00001-deployment-5d87fff5-g89nw_default_34486883-7fcc-4e85-9967-4df77081c87e_0,3.003970246433354,8.8515625
1786646861.88,k8s_queue-proxy_hello-00001-deployment-5d87fff5-ljsdv_default_058ac6e9-0f43-4cb0-b4f7-c19345b2deba_0,3.0368693602190597,8.59765625
1786646861.88,k8s_user-container_hello-00001-deployment-5d87fff5-xkrrx_default_8b11ea0f-f7c6-49b3-8d80-3156aeeea76d_0,18.981035982365228,15.34765625
1786646861.88,k8s_user-container_hello-00001-deployment-5d87fff5-r4f9x_default_c4e0c1f6-f3f6-4890-a9a4-47f53e89f869_0,19.249121768619005,15.60546875
1786646861.88,k8s_user-container_hello-00001-deployment-5d87fff5-c2cns_default_1909e42a-7fcf-4a2c-92a4-76d6db34a3c0_0,19.067574161801552,15.33203125
1786646861.88,k8s_user-container_hello-00001-deployment-5d87fff5-98m85_default_3cae8e96-9062-4158-a1fb-6b440d3189d2_0,19.034857618014623,15.32421875
1786646861.88,k8s_user-container_hello-00001-deployment-5d87fff5-dplmj_default_0d5446e3-ab90-4904-a7ab-9f78bc1a3f35_0,18.963691832478208,15.5859375
1786646861.88,k8s_user-container_hello-00001-deployment-5d87fff5-rcdpk_default_5c2c5548-4b80-455a-beda-26d3bd80b98d_0,19.15407582723811,15.3515625
1786646861.88,k8s_user-container_hello-00001-deployment-5d87fff5-pbv6v_default_064fa4b3-1fb3-4e80-a4ab-eec1b1d33730_0,19.322259310142627,15.32421875
1786646861.88,k8s_user-container_hello-00001-deployment-5d87fff5-9g4kc_default_ac4b605b-5649-4734-8d51-2c2b44c6e1a7_0,19.098939687597223,15.30859375
1786646861.88,k8s_queue-proxy_hello-00001-deployment-5d87fff5-tqr95_default_e17efba6-d23a-4969-bf83-3d2c7b60ce09_0,3.432936715639239,8.93359375
1786646861.88,k8s_queue-proxy_hello-00001-deployment-5d87fff5-8vq49_default_aa00e6c1-5582-4a57-850f-f45ce0ed05aa_0,3.0259151602904124,9.33203125
1786646861.88,k8s_queue-proxy_hello-00001-deployment-5d87fff5-fbwqn_default_06fac494-83f8-4d50-b881-64d3e5ba436c_0,3.2968855525254215,9.28125
1786646861.88,k8s_queue-proxy_hello-00001-deployment-5d87fff5-htdkp_default_d5582b01-287c-4d36-b6d3-2b8e34c0c7d6_0,2.986662610546086,9.265625
1786646861.88,k8s_user-container_hello-00001-deployment-5d87fff5-l6d7k_default_c3495acf-c323-4d89-bbee-3dda30d81c82_0,19.181534355059235,15.3125
1786646861.88,k8s_user-container_hello-00001-deployment-5d87fff5-dqpd7_default_bcde0c20-b263-4c22-a755-e5db145c91d6_0,18.96467771047173,15.31640625
1786646861.88,k8s_user-container_hello-00001-deployment-5d87fff5-ljsdv_default_058ac6e9-0f43-4cb0-b4f7-c19345b2deba_0,19.114056483498796,15.33203125
1786646861.88,k8s_user-container_hello-00001-deployment-5d87fff5-g89nw_default_34486883-7fcc-4e85-9967-4df77081c87e_0,19.136877733350126,15.3125
1786646861.88,k8s_user-container_hello-00001-deployment-5d87fff5-tqr95_default_e17efba6-d23a-4969-bf83-3d2c7b60ce09_0,19.147466793281144,15.30859375
1786646861.88,k8s_user-container_hello-00001-deployment-5d87fff5-8vq49_default_aa00e6c1-5582-4a57-850f-f45ce0ed05aa_0,19.071042991778924,15.3359375
1786646861.88,k8s_user-container_hello-00001-deployment-5d87fff5-htdkp_default_d5582b01-287c-4d36-b6d3-2b8e34c0c7d6_0,18.981912318359512,15.33984375
1786646861.88,k8s_user-container_hello-00001-deployment-5d87fff5-fbwqn_default_06fac494-83f8-4d50-b881-64d3e5ba436c_0,19.218705606817124,15.625
1786646861.88,k8s_POD_hello-00001-deployment-5d87fff5-c2cns_default_1909e42a-7fcf-4a2c-92a4-76d6db34a3c0_0,0.0,0.34375
1786646861.88,k8s_POD_hello-00001-deployment-5d87fff5-xkrrx_default_8b11ea0f-f7c6-49b3-8d80-3156aeeea76d_0,0.0,0.34765625
1786646861.88,k8s_POD_hello-00001-deployment-5d87fff5-r4f9x_default_c4e0c1f6-f3f6-4890-a9a4-47f53e89f869_0,0.0,0.34375
1786646861.88,k8s_POD_hello-00001-deployment-5d87fff5-9g4kc_default_ac4b605b-5649-4734-8d51-2c2b44c6e1a7_0,0.0,0.34765625
1786646861.88,k8s_POD_hello-00001-deployment-5d87fff5-l6d7k_default_c3495acf-c323-4d89-bbee-3dda30d81c82_0,0.0,0.34375
1786646861.88,k8s_POD_hello-00001-deployment-5d87fff5-pbv6v_default_064fa4b3-1fb3-4e80-a4ab-eec1b1d33730_0,0.0,0.34375
1786646861.88,k8s_POD_hello-00001-deployment-5d87fff5-dplmj_default_0d5446e3-ab90-4904-a7ab-9f78bc1a3f35_0,0.0,0.34375
1786646861.88,k8s_POD_hello-00001-deployment-5d87fff5-98m85_default_3cae8e96-9062-4158-a1fb-6b440d3189d2_0,0.0,0.34375
1786646861.88,k8s_POD_hello-00001-deployment-5d87fff5-rcdpk_default_5c2c5548-4b80-455a-beda-26d3bd80b98d_0,0.0,0.34765625
1786646861.88,k8s_POD_hello-00001-deployment-5d87fff5-dqpd7_default_bcde0c20-b263-4c22-a755-e5db145c91d6_0,0.0,0.3515625
1786646861.88,k8s_POD_hello-00001-deployment-5d87fff5-g89nw_default_34486883-7fcc-4e85-9967-4df77081c87e_0,0.0,0.34375
1786646861.88,k8s_POD_hello-00001-deployment-5d87fff5-ljsdv_default_058ac6e9-0f43-4cb0-b4f7-c19345b2deba_0,0.0,0.34765625
1786646861.88,k8s_POD_hello-00001-deployment-5d87fff5-tqr95_default_e17efba6-d23a-4969-bf83-3d2c7b60ce09_0,0.0,0.3515625
1786646861.88,k8s_POD_hello-00001-deployment-5d87fff5-htdkp_default_d5582b01-287c-4d36-b6d3-2b8e34c0c7d6_0,0.0,0.34375
1786646861.88,k8s_POD_hello-00001-deployment-5d87fff5-8vq49_default_aa00e6c1-5582-4a57-850f-f45ce0ed05aa_0,0.0,0.34375
1786646861.88,k8s_POD_hello-00001-deployment-5d87fff5-fbwqn_default_06fac494-83f8-4d50-b881-64d3e5ba436c_0,0.0,0.34765625
1786646861.88,registry,0.005513613964086488,5.26953125
1786646861.88,k8s_lb-tcp-443_svclb-kourier-32c17a7b-g99k6_kube-system_12a61aac-14f5-4323-985c-bfa66cd375ba_3,0.0,0.3203125
1786646861.88,k8s_lb-tcp-80_svclb-kourier-32c17a7b-g99k6_kube-system_12a61aac-14f5-4323-985c-bfa66cd375ba_3,0.0,2.2890625
1786646861.88,k8s_controller_net-kourier-controller-769cd4d84c-mpvj4_knative-serving_a859182b-3989-44e1-8ad7-068a1efe2192_5,0.06419161158196829,26.58203125
1786646861.88,k8s_controller_controller-c9767f9c-h8zvb_knative-serving_9a5a04d4-1393-48b2-b655-088fcff5b337_5,0.0805133694754392,31.828125
1786646861.88,k8s_POD_svclb-kourier-32c17a7b-g99k6_kube-system_12a61aac-14f5-4323-985c-bfa66cd375ba_3,0.0,0.34375
1786646861.88,k8s_kourier-gateway_3scale-kourier-gateway-d95dfffb6-z2zzz_kourier-system_69daf3cc-53df-449a-ba4e-12ca3f124bf1_3,21.7598609062642,72.08203125
1786646861.88,k8s_POD_3scale-kourier-gateway-d95dfffb6-z2zzz_kourier-system_69daf3cc-53df-449a-ba4e-12ca3f124bf1_3,0.0,0.33984375
1786646861.88,k8s_local-path-provisioner_local-path-provisioner-58d557dc48-p9j96_kube-system_7fd6cb3b-fa1b-4cf6-91b8-2dc48f5ebd0f_3,0.0,44.98046875
1786646861.88,k8s_POD_local-path-provisioner-58d557dc48-p9j96_kube-system_7fd6cb3b-fa1b-4cf6-91b8-2dc48f5ebd0f_5,0.0,0.33984375
1786646861.88,k8s_metrics-server_metrics-server-6dc596dfb8-46tvx_kube-system_b8abf359-78cf-46b7-afb3-a3cf654e93c0_3,0.6563391457251263,78.49609375
1786646861.88,k8s_POD_metrics-server-6dc596dfb8-46tvx_kube-system_b8abf359-78cf-46b7-afb3-a3cf654e93c0_7,0.0,0.34375
1786646861.88,k8s_webhook_webhook-7d56465b69-khwt8_knative-serving_a7b84bd9-4373-4bbe-843a-0e2fb9c788d8_3,0.308032101993721,59.2265625
1786646861.88,k8s_POD_webhook-7d56465b69-khwt8_knative-serving_a7b84bd9-4373-4bbe-843a-0e2fb9c788d8_4,0.0,0.33984375
1786646861.88,k8s_coredns_coredns-54996dc9b4-94zpj_kube-system_86f4a07b-00d4-46a7-a1a6-6f878fb26856_3,0.21729481258500388,70.23046875
1786646861.88,k8s_activator_activator-67cbcccdfb-t6cg7_knative-serving_af70f812-f578-45d9-aafe-c711ea35ebd4_3,20.24679378412051,80.82421875
1786646861.88,k8s_autoscaler_autoscaler-847d45f498-rkvpp_knative-serving_ec82673b-6dc8-472a-9e8a-04e02f65f117_3,0.16931541689723711,60.8203125
1786646861.88,k8s_POD_controller-c9767f9c-h8zvb_knative-serving_9a5a04d4-1393-48b2-b655-088fcff5b337_3,0.0,0.34375
1786646861.88,k8s_POD_activator-67cbcccdfb-t6cg7_knative-serving_af70f812-f578-45d9-aafe-c711ea35ebd4_3,0.0,0.34765625
1786646861.88,k8s_POD_net-kourier-controller-769cd4d84c-mpvj4_knative-serving_a859182b-3989-44e1-8ad7-068a1efe2192_3,0.0,0.34375
1786646861.88,k8s_POD_coredns-54996dc9b4-94zpj_kube-system_86f4a07b-00d4-46a7-a1a6-6f878fb26856_6,0.0,0.33984375
1786646861.88,k8s_POD_autoscaler-847d45f498-rkvpp_knative-serving_ec82673b-6dc8-472a-9e8a-04e02f65f117_3,0.0,1.0546875
1786646864.62,k8s_queue-proxy_hello-00001-deployment-5d87fff5-xkrrx_default_8b11ea0f-f7c6-49b3-8d80-3156aeeea76d_0,3.1033251844021303,8.9453125
1786646864.62,k8s_queue-proxy_hello-00001-deployment-5d87fff5-98m85_default_3cae8e96-9062-4158-a1fb-6b440d3189d2_0,3.1866130205774184,9.2578125
1786646864.62,k8s_queue-proxy_hello-00001-deployment-5d87fff5-c2cns_default_1909e42a-7fcf-4a2c-92a4-76d6db34a3c0_0,3.3139550903359205,9.66015625
1786646864.62,k8s_queue-proxy_hello-00001-deployment-5d87fff5-r4f9x_default_c4e0c1f6-f3f6-4890-a9a4-47f53e89f869_0,3.097660063310357,9.203125
1786646864.62,k8s_queue-proxy_hello-00001-deployment-5d87fff5-dplmj_default_0d5446e3-ab90-4904-a7ab-9f78bc1a3f35_0,3.0233449344543297,9.0859375
1786646864.62,k8s_queue-proxy_hello-00001-deployment-5d87fff5-9g4kc_default_ac4b605b-5649-4734-8d51-2c2b44c6e1a7_0,3.0971674440849792,9.26171875
1786646864.62,k8s_queue-proxy_hello-00001-deployment-5d87fff5-pbv6v_default_064fa4b3-1fb3-4e80-a4ab-eec1b1d33730_0,3.019896599876733,9.74609375
1786646864.62,k8s_queue-proxy_hello-00001-deployment-5d87fff5-rcdpk_default_5c2c5548-4b80-455a-beda-26d3bd80b98d_0,3.3140958386860264,9.22265625
1786646864.62,k8s_queue-proxy_hello-00001-deployment-5d87fff5-l6d7k_default_c3495acf-c323-4d89-bbee-3dda30d81c82_0,3.1344305697755774,9.15234375
1786646864.62,k8s_queue-proxy_hello-00001-deployment-5d87fff5-dqpd7_default_bcde0c20-b263-4c22-a755-e5db145c91d6_0,3.052585404188868,9.5
1786646864.62,k8s_queue-proxy_hello-00001-deployment-5d87fff5-g89nw_default_34486883-7fcc-4e85-9967-4df77081c87e_0,3.372048971842216,8.87890625
1786646864.62,k8s_queue-proxy_hello-00001-deployment-5d87fff5-ljsdv_default_058ac6e9-0f43-4cb0-b4f7-c19345b2deba_0,3.2513220745387006,8.859375
1786646864.62,k8s_user-container_hello-00001-deployment-5d87fff5-xkrrx_default_8b11ea0f-f7c6-49b3-8d80-3156aeeea76d_0,18.61280812764486,15.31640625
1786646864.62,k8s_user-container_hello-00001-deployment-5d87fff5-r4f9x_default_c4e0c1f6-f3f6-4890-a9a4-47f53e89f869_0,18.641661539416614,15.34375
1786646864.62,k8s_user-container_hello-00001-deployment-5d87fff5-c2cns_default_1909e42a-7fcf-4a2c-92a4-76d6db34a3c0_0,18.690184533115698,15.3046875
1786646864.62,k8s_user-container_hello-00001-deployment-5d87fff5-98m85_default_3cae8e96-9062-4158-a1fb-6b440d3189d2_0,18.886950726564073,15.33984375
1786646864.62,k8s_user-container_hello-00001-deployment-5d87fff5-dplmj_default_0d5446e3-ab90-4904-a7ab-9f78bc1a3f35_0,18.656580864527854,15.8203125
1786646864.62,k8s_user-container_hello-00001-deployment-5d87fff5-rcdpk_default_5c2c5548-4b80-455a-beda-26d3bd80b98d_0,18.89588824679578,15.58984375
1786646864.62,k8s_user-container_hello-00001-deployment-5d87fff5-pbv6v_default_064fa4b3-1fb3-4e80-a4ab-eec1b1d33730_0,18.64345608088047,15.55859375
1786646864.62,k8s_user-container_hello-00001-deployment-5d87fff5-9g4kc_default_ac4b605b-5649-4734-8d51-2c2b44c6e1a7_0,18.82744936155668,15.33984375
1786646864.62,k8s_queue-proxy_hello-00001-deployment-5d87fff5-tqr95_default_e17efba6-d23a-4969-bf83-3d2c7b60ce09_0,3.0882651109407697,9.1796875
1786646864.62,k8s_queue-proxy_hello-00001-deployment-5d87fff5-8vq49_default_aa00e6c1-5582-4a57-850f-f45ce0ed05aa_0,3.527962956672264,8.9921875
1786646864.62,k8s_queue-proxy_hello-00001-deployment-5d87fff5-fbwqn_default_06fac494-83f8-4d50-b881-64d3e5ba436c_0,2.9947378322952605,9.0859375
1786646864.62,k8s_queue-proxy_hello-00001-deployment-5d87fff5-htdkp_default_d5582b01-287c-4d36-b6d3-2b8e34c0c7d6_0,3.120426108940019,8.984375
1786646864.62,k8s_user-container_hello-00001-deployment-5d87fff5-l6d7k_default_c3495acf-c323-4d89-bbee-3dda30d81c82_0,18.842052002880198,15.328125
1786646864.62,k8s_user-container_hello-00001-deployment-5d87fff5-dqpd7_default_bcde0c20-b263-4c22-a755-e5db145c91d6_0,18.728644019782227,15.56640625
1786646864.62,k8s_user-container_hello-00001-deployment-5d87fff5-ljsdv_default_058ac6e9-0f43-4cb0-b4f7-c19345b2deba_0,18.809750256530833,15.3125
1786646864.62,k8s_user-container_hello-00001-deployment-5d87fff5-g89nw_default_34486883-7fcc-4e85-9967-4df77081c87e_0,18.780263477183606,15.32421875
1786646864.62,k8s_user-container_hello-00001-deployment-5d87fff5-tqr95_default_e17efba6-d23a-4969-bf83-3d2c7b60ce09_0,18.83846291995249,15.30859375
1786646864.62,k8s_user-container_hello-00001-deployment-5d87fff5-8vq49_default_aa00e6c1-5582-4a57-850f-f45ce0ed05aa_0,18.837020249363924,15.36328125
1786646864.62,k8s_user-container_hello-00001-deployment-5d87fff5-htdkp_default_d5582b01-287c-4d36-b6d3-2b8e34c0c7d6_0,18.795780982782816,15.34375
1786646864.62,k8s_user-container_hello-00001-deployment-5d87fff5-fbwqn_default_06fac494-83f8-4d50-b881-64d3e5ba436c_0,18.463966747407657,15.34375
1786646864.62,k8s_POD_hello-00001-deployment-5d87fff5-c2cns_default_1909e42a-7fcf-4a2c-92a4-76d6db34a3c0_0,0.0,0.34375
1786646864.62,k8s_POD_hello-00001-deployment-5d87fff5-xkrrx_default_8b11ea0f-f7c6-49b3-8d80-3156aeeea76d_0,0.0,0.34765625
1786646864.62,k8s_POD_hello-00001-deployment-5d87fff5-r4f9x_default_c4e0c1f6-f3f6-4890-a9a4-47f53e89f869_0,0.0,0.34375
1786646864.62,k8s_POD_hello-00001-deployment-5d87fff5-9g4kc_default_ac4b605b-5649-4734-8d51-2c2b44c6e1a7_0,0.0,0.34765625
1786646864.62,k8s_POD_hello-00001-deployment-5d87fff5-l6d7k_default_c3495acf-c323-4d89-bbee-3dda30d81c82_0,0.0,0.34375
1786646864.62,k8s_POD_hello-00001-deployment-5d87fff5-pbv6v_default_064fa4b3-1fb3-4e80-a4ab-eec1b1d33730_0,0.0,0.34375
1786646864.62,k8s_POD_hello-00001-deployment-5d87fff5-dplmj_default_0d5446e3-ab90-4904-a7ab-9f78bc1a3f35_0,0.0,0.34375
1786646864.62,k8s_POD_hello-00001-deployment-5d87fff5-98m85_default_3cae8e96-9062-4158-a1fb-6b440d3189d2_0,0.0,0.34375
1786646864.62,k8s_POD_hello-00001-deployment-5d87fff5-rcdpk_default_5c2c5548-4b80-455a-beda-26d3bd80b98d_0,0.0,0.34765625
1786646864.62,k8s_POD_hello-00001-deployment-5d87fff5-dqpd7_default_bcde0c20-b263-4c22-a755-e5db145c91d6_0,0.0,0.3515625
1786646864.62,k8s_POD_hello-00001-deployment-5d87fff5-g89nw_default_34486883-7fcc-4e85-9967-4df77081c87e_0,0.0,0.34375
1786646864.62,k8s_POD_hello-00001-deployment-5d87fff5-ljsdv_default_058ac6e9-0f43-4cb0-b4f7-c19345b2deba_0,0.0,0.34765625
1786646864.62,k8s_POD_hello-00001-deployment-5d87fff5-tqr95_default_e17efba6-d23a-4969-bf83-3d2c7b60ce09_0,0.0,0.3515625
1786646864.62,k8s_POD_hello-00001-deployment-5d87fff5-htdkp_default_d5582b01-287c-4d36-b6d3-2b8e34c0c7d6_0,0.0,0.34375
1786646864.62,k8s_POD_hello-00001-deployment-5d87fff5-8vq49_default_aa00e6c1-5582-4a57-850f-f45ce0ed05aa_0,0.0,0.34375
1786646864.62,k8s_POD_hello-00001-deployment-5d87fff5-fbwqn_default_06fac494-83f8-4d50-b881-64d3e5ba436c_0,0.0,0.34765625
1786646864.62,registry,0.001618606026220192,5.26953125
1786646864.62,k8s_lb-tcp-443_svclb-kourier-32c17a7b-g99k6_kube-system_12a61aac-14f5-4323-985c-bfa66cd375ba_3,0.0,0.3203125
1786646864.62,k8s_lb-tcp-80_svclb-kourier-32c17a7b-g99k6_kube-system_12a61aac-14f5-4323-985c-bfa66cd375ba_3,0.0,2.2890625
1786646864.62,k8s_controller_net-kourier-controller-769cd4d84c-mpvj4_knative-serving_a859182b-3989-44e1-8ad7-068a1efe2192_5,0.04641176844744586,26.58984375
1786646864.62,k8s_controller_controller-c9767f9c-h8zvb_knative-serving_9a5a04d4-1393-48b2-b655-088fcff5b337_5,0.054680734016179386,31.828125
1786646864.62,k8s_POD_svclb-kourier-32c17a7b-g99k6_kube-system_12a61aac-14f5-4323-985c-bfa66cd375ba_3,0.0,0.34375
1786646864.62,k8s_kourier-gateway_3scale-kourier-gateway-d95dfffb6-z2zzz_kourier-system_69daf3cc-53df-449a-ba4e-12ca3f124bf1_3,21.871941735614378,72.08984375
1786646864.62,k8s_POD_3scale-kourier-gateway-d95dfffb6-z2zzz_kourier-system_69daf3cc-53df-449a-ba4e-12ca3f124bf1_3,0.0,0.33984375
1786646864.62,k8s_local-path-provisioner_local-path-provisioner-58d557dc48-p9j96_kube-system_7fd6cb3b-fa1b-4cf6-91b8-2dc48f5ebd0f_3,0.0,44.98046875
1786646864.62,k8s_POD_local-path-provisioner-58d557dc48-p9j96_kube-system_7fd6cb3b-fa1b-4cf6-91b8-2dc48f5ebd0f_5,0.0,0.33984375
1786646864.62,k8s_metrics-server_metrics-server-6dc596dfb8-46tvx_kube-system_b8abf359-78cf-46b7-afb3-a3cf654e93c0_3,0.5958229530865042,78.49609375
1786646864.62,k8s_POD_metrics-server-6dc596dfb8-46tvx_kube-system_b8abf359-78cf-46b7-afb3-a3cf654e93c0_7,0.0,0.34375
1786646864.62,k8s_webhook_webhook-7d56465b69-khwt8_knative-serving_a7b84bd9-4373-4bbe-843a-0e2fb9c788d8_3,0.14764501926107187,59.2265625
1786646864.62,k8s_POD_webhook-7d56465b69-khwt8_knative-serving_a7b84bd9-4373-4bbe-843a-0e2fb9c788d8_4,0.0,0.33984375
1786646864.62,k8s_coredns_coredns-54996dc9b4-94zpj_kube-system_86f4a07b-00d4-46a7-a1a6-6f878fb26856_3,0.1332535004630543,70.23046875
1786646864.62,k8s_activator_activator-67cbcccdfb-t6cg7_knative-serving_af70f812-f578-45d9-aafe-c711ea35ebd4_3,20.929631531654135,81.06640625
1786646864.62,k8s_autoscaler_autoscaler-847d45f498-rkvpp_knative-serving_ec82673b-6dc8-472a-9e8a-04e02f65f117_3,0.2839949834263934,60.8203125
1786646864.62,k8s_POD_controller-c9767f9c-h8zvb_knative-serving_9a5a04d4-1393-48b2-b655-088fcff5b337_3,0.0,0.34375
1786646864.62,k8s_POD_activator-67cbcccdfb-t6cg7_knative-serving_af70f812-f578-45d9-aafe-c711ea35ebd4_3,0.0,0.34765625
1786646864.62,k8s_POD_net-kourier-controller-769cd4d84c-mpvj4_knative-serving_a859182b-3989-44e1-8ad7-068a1efe2192_3,0.0,0.34375
1786646864.62,k8s_POD_coredns-54996dc9b4-94zpj_kube-system_86f4a07b-00d4-46a7-a1a6-6f878fb26856_6,0.0,0.33984375
1786646864.62,k8s_POD_autoscaler-847d45f498-rkvpp_knative-serving_ec82673b-6dc8-472a-9e8a-04e02f65f117_3,0.0,1.0546875
1786646867.46,k8s_queue-proxy_hello-00001-deployment-5d87fff5-xkrrx_default_8b11ea0f-f7c6-49b3-8d80-3156aeeea76d_0,3.125448957628248,9.51171875
1786646867.46,k8s_queue-proxy_hello-00001-deployment-5d87fff5-98m85_default_3cae8e96-9062-4158-a1fb-6b440d3189d2_0,3.1143809188455394,9.0625
1786646867.46,k8s_queue-proxy_hello-00001-deployment-5d87fff5-c2cns_default_1909e42a-7fcf-4a2c-92a4-76d6db34a3c0_0,3.135955334741394,9.640625
1786646867.46,k8s_queue-proxy_hello-00001-deployment-5d87fff5-r4f9x_default_c4e0c1f6-f3f6-4890-a9a4-47f53e89f869_0,3.116891876897735,9.61328125
1786646867.46,k8s_queue-proxy_hello-00001-deployment-5d87fff5-dplmj_default_0d5446e3-ab90-4904-a7ab-9f78bc1a3f35_0,3.1791041665330826,9.17578125
1786646867.46,k8s_queue-proxy_hello-00001-deployment-5d87fff5-9g4kc_default_ac4b605b-5649-4734-8d51-2c2b44c6e1a7_0,3.0403076563057443,8.97265625
1786646867.46,k8s_queue-proxy_hello-00001-deployment-5d87fff5-pbv6v_default_064fa4b3-1fb3-4e80-a4ab-eec1b1d33730_0,3.1162971763064227,9.01953125
1786646867.46,k8s_queue-proxy_hello-00001-deployment-5d87fff5-rcdpk_default_5c2c5548-4b80-455a-beda-26d3bd80b98d_0,3.014669453035944,9.22265625
1786646867.46,k8s_queue-proxy_hello-00001-deployment-5d87fff5-l6d7k_default_c3495acf-c323-4d89-bbee-3dda30d81c82_0,3.169060334324293,9.54296875
1786646867.46,k8s_queue-proxy_hello-00001-deployment-5d87fff5-dqpd7_default_bcde0c20-b263-4c22-a755-e5db145c91d6_0,3.1886524149157847,8.94921875
1786646867.46,k8s_queue-proxy_hello-00001-deployment-5d87fff5-g89nw_default_34486883-7fcc-4e85-9967-4df77081c87e_0,3.054646548340658,9.2421875
1786646867.46,k8s_queue-proxy_hello-00001-deployment-5d87fff5-ljsdv_default_058ac6e9-0f43-4cb0-b4f7-c19345b2deba_0,2.9790204564791054,9.13671875
1786646867.46,k8s_user-container_hello-00001-deployment-5d87fff5-xkrrx_default_8b11ea0f-f7c6-49b3-8d80-3156aeeea76d_0,18.632498148481467,15.33984375
1786646867.46,k8s_user-container_hello-00001-deployment-5d87fff5-r4f9x_default_c4e0c1f6-f3f6-4890-a9a4-47f53e89f869_0,18.414408226079473,15.58984375
1786646867.46,k8s_user-container_hello-00001-deployment-5d87fff5-c2cns_default_1909e42a-7fcf-4a2c-92a4-76d6db34a3c0_0,18.59879844830724,15.32421875
1786646867.46,k8s_user-container_hello-00001-deployment-5d87fff5-98m85_default_3cae8e96-9062-4158-a1fb-6b440d3189d2_0,18.400168450809783,15.55859375
1786646867.46,k8s_user-container_hello-00001-deployment-5d87fff5-dplmj_default_0d5446e3-ab90-4904-a7ab-9f78bc1a3f35_0,18.50536437762813,15.5703125
1786646867.46,k8s_user-container_hello-00001-deployment-5d87fff5-rcdpk_default_5c2c5548-4b80-455a-beda-26d3bd80b98d_0,18.4073048579055,15.36328125
1786646867.46,k8s_user-container_hello-00001-deployment-5d87fff5-pbv6v_default_064fa4b3-1fb3-4e80-a4ab-eec1b1d33730_0,18.48636699762797,15.30859375
1786646867.46,k8s_user-container_hello-00001-deployment-5d87fff5-9g4kc_default_ac4b605b-5649-4734-8d51-2c2b44c6e1a7_0,18.228134785312594,15.33203125
1786646867.46,k8s_queue-proxy_hello-00001-deployment-5d87fff5-tqr95_default_e17efba6-d23a-4969-bf83-3d2c7b60ce09_0,3.0745690181495307,9.54296875
1786646867.46,k8s_queue-proxy_hello-00001-deployment-5d87fff5-8vq49_default_aa00e6c1-5582-4a57-850f-f45ce0ed05aa_0,3.048005725071029,9.5859375
1786646867.46,k8s_queue-proxy_hello-00001-deployment-5d87fff5-fbwqn_default_06fac494-83f8-4d50-b881-64d3e5ba436c_0,3.036376024618753,8.94140625
1786646867.46,k8s_queue-proxy_hello-00001-deployment-5d87fff5-htdkp_default_d5582b01-287c-4d36-b6d3-2b8e34c0c7d6_0,3.1208235085847336,9.69921875
1786646867.46,k8s_user-container_hello-00001-deployment-5d87fff5-l6d7k_default_c3495acf-c323-4d89-bbee-3dda30d81c82_0,18.451147507053747,15.328125
1786646867.46,k8s_user-container_hello-00001-deployment-5d87fff5-dqpd7_default_bcde0c20-b263-4c22-a755-e5db145c91d6_0,18.202595698807997,15.55078125
1786646867.46,k8s_user-container_hello-00001-deployment-5d87fff5-ljsdv_default_058ac6e9-0f43-4cb0-b4f7-c19345b2deba_0,18.598996681837672,15.5859375
1786646867.46,k8s_user-container_hello-00001-deployment-5d87fff5-g89nw_default_34486883-7fcc-4e85-9967-4df77081c87e_0,18.423989513383926,15.30859375
1786646867.46,k8s_user-container_hello-00001-deployment-5d87fff5-tqr95_default_e17efba6-d23a-4969-bf83-3d2c7b60ce09_0,18.67723284851666,15.5625
1786646867.46,k8s_user-container_hello-00001-deployment-5d87fff5-8vq49_default_aa00e6c1-5582-4a57-850f-f45ce0ed05aa_0,18.388142283296656,15.3671875
1786646867.46,k8s_user-container_hello-00001-deployment-5d87fff5-htdkp_default_d5582b01-287c-4d36-b6d3-2b8e34c0c7d6_0,18.578314316828802,15.609375
1786646867.46,k8s_user-container_hello-00001-deployment-5d87fff5-fbwqn_default_06fac494-83f8-4d50-b881-64d3e5ba436c_0,18.55254395787203,15.34375
1786646867.46,k8s_POD_hello-00001-deployment-5d87fff5-c2cns_default_1909e42a-7fcf-4a2c-92a4-76d6db34a3c0_0,0.0,0.34375
1786646867.46,k8s_POD_hello-00001-deployment-5d87fff5-xkrrx_default_8b11ea0f-f7c6-49b3-8d80-3156aeeea76d_0,0.0,0.34765625
1786646867.46,k8s_POD_hello-00001-deployment-5d87fff5-r4f9x_default_c4e0c1f6-f3f6-4890-a9a4-47f53e89f869_0,0.0,0.34375
1786646867.46,k8s_POD_hello-00001-deployment-5d87fff5-9g4kc_default_ac4b605b-5649-4734-8d51-2c2b44c6e1a7_0,0.0,0.34765625
1786646867.46,k8s_POD_hello-00001-deployment-5d87fff5-l6d7k_default_c3495acf-c323-4d89-bbee-3dda30d81c82_0,0.0,0.34375
1786646867.46,k8s_POD_hello-00001-deployment-5d87fff5-pbv6v_default_064fa4b3-1fb3-4e80-a4ab-eec1b1d33730_0,0.0,0.34375
1786646867.46,k8s_POD_hello-00001-deployment-5d87fff5-dplmj_default_0d5446e3-ab90-4904-a7ab-9f78bc1a3f35_0,0.0,0.34375
1786646867.46,k8s_POD_hello-00001-deployment-5d87fff5-98m85_default_3cae8e96-9062-4158-a1fb-6b440d3189d2_0,0.0,0.34375
1786646867.46,k8s_POD_hello-00001-deployment-5d87fff5-rcdpk_default_5c2c5548-4b80-455a-beda-26d3bd80b98d_0,0.0,0.34765625
1786646867.46,k8s_POD_hello-00001-deployment-5d87fff5-dqpd7_default_bcde0c20-b263-4c22-a755-e5db145c91d6_0,0.0,0.3515625
1786646867.46,k8s_POD_hello-00001-deployment-5d87fff5-g89nw_default_34486883-7fcc-4e85-9967-4df77081c87e_0,0.0,0.34375
1786646867.46,k8s_POD_hello-00001-deployment-5d87fff5-ljsdv_default_058ac6e9-0f43-4cb0-b4f7-c19345b2deba_0,0.0,0.34765625
1786646867.46,k8s_POD_hello-00001-deployment-5d87fff5-tqr95_default_e17efba6-d23a-4969-bf83-3d2c7b60ce09_0,0.0,0.3515625
1786646867.46,k8s_POD_hello-00001-deployment-5d87fff5-htdkp_default_d5582b01-287c-4d36-b6d3-2b8e34c0c7d6_0,0.0,0.34375
1786646867.46,k8s_POD_hello-00001-deployment-5d87fff5-8vq49_default_aa00e6c1-5582-4a57-850f-f45ce0ed05aa_0,0.0,0.34375
1786646867.46,k8s_POD_hello-00001-deployment-5d87fff5-fbwqn_default_06fac494-83f8-4d50-b881-64d3e5ba436c_0,0.0,0.34765625
1786646867.46,registry,0.0,5.26953125
1786646867.46,k8s_lb-tcp-443_svclb-kourier-32c17a7b-g99k6_kube-system_12a61aac-14f5-4323-985c-bfa66cd375ba_3,0.0,0.3203125
1786646867.46,k8s_lb-tcp-80_svclb-kourier-32c17a7b-g99k6_kube-system_12a61aac-14f5-4323-985c-bfa66cd375ba_3,0.0,2.2890625
1786646867.46,k8s_controller_net-kourier-controller-769cd4d84c-mpvj4_knative-serving_a859182b-3989-44e1-8ad7-068a1efe2192_5,0.05454725979176301,26.59765625
1786646867.46,k8s_controller_controller-c9767f9c-h8zvb_knative-serving_9a5a04d4-1393-48b2-b655-088fcff5b337_5,0.19972028191485872,31.828125
1786646867.46,k8s_POD_svclb-kourier-32c17a7b-g99k6_kube-system_12a61aac-14f5-4323-985c-bfa66cd375ba_3,0.0,0.34375
1786646867.46,k8s_kourier-gateway_3scale-kourier-gateway-d95dfffb6-z2zzz_kourier-system_69daf3cc-53df-449a-ba4e-12ca3f124bf1_3,22.21233139679259,72.33984375
1786646867.46,k8s_POD_3scale-kourier-gateway-d95dfffb6-z2zzz_kourier-system_69daf3cc-53df-449a-ba4e-12ca3f124bf1_3,0.0,0.33984375
1786646867.46,k8s_local-path-provisioner_local-path-provisioner-58d557dc48-p9j96_kube-system_7fd6cb3b-fa1b-4cf6-91b8-2dc48f5ebd0f_3,0.0076319909218038285,44.98046875
1786646867.46,k8s_POD_local-path-provisioner-58d557dc48-p9j96_kube-system_7fd6cb3b-fa1b-4cf6-91b8-2dc48f5ebd0f_5,0.0,0.33984375
1786646867.46,k8s_metrics-server_metrics-server-6dc596dfb8-46tvx_kube-system_b8abf359-78cf-46b7-afb3-a3cf654e93c0_3,0.6518909648409154,78.49609375
1786646867.46,k8s_POD_metrics-server-6dc596dfb8-46tvx_kube-system_b8abf359-78cf-46b7-afb3-a3cf654e93c0_7,0.0,0.34375
1786646867.46,k8s_webhook_webhook-7d56465b69-khwt8_knative-serving_a7b84bd9-4373-4bbe-843a-0e2fb9c788d8_3,0.21802384455877197,59.2265625
1786646867.46,k8s_POD_webhook-7d56465b69-khwt8_knative-serving_a7b84bd9-4373-4bbe-843a-0e2fb9c788d8_4,0.0,0.33984375
1786646867.46,k8s_coredns_coredns-54996dc9b4-94zpj_kube-system_86f4a07b-00d4-46a7-a1a6-6f878fb26856_3,0.1715711205925692,70.234375
1786646867.46,k8s_activator_activator-67cbcccdfb-t6cg7_knative-serving_af70f812-f578-45d9-aafe-c711ea35ebd4_3,20.82301169872713,80.58203125
1786646867.46,k8s_autoscaler_autoscaler-847d45f498-rkvpp_knative-serving_ec82673b-6dc8-472a-9e8a-04e02f65f117_3,0.252483439932854,60.8203125
1786646867.46,k8s_POD_controller-c9767f9c-h8zvb_knative-serving_9a5a04d4-1393-48b2-b655-088fcff5b337_3,0.0,0.34375
1786646867.46,k8s_POD_activator-67cbcccdfb-t6cg7_knative-serving_af70f812-f578-45d9-aafe-c711ea35ebd4_3,0.0,0.34765625
1786646867.46,k8s_POD_net-kourier-controller-769cd4d84c-mpvj4_knative-serving_a859182b-3989-44e1-8ad7-068a1efe2192_3,0.0,0.34375
1786646867.46,k8s_POD_coredns-54996dc9b4-94zpj_kube-system_86f4a07b-00d4-46a7-a1a6-6f878fb26856_6,0.0,0.33984375
1786646867.46,k8s_POD_autoscaler-847d45f498-rkvpp_knative-serving_ec82673b-6dc8-472a-9e8a-04e02f65f117_3,0.0,1.0546875
1786646870.49,k8s_queue-proxy_hello-00001-deployment-5d87fff5-xkrrx_default_8b11ea0f-f7c6-49b3-8d80-3156aeeea76d_0,3.0942205716203564,9.6484375
1786646870.49,k8s_queue-proxy_hello-00001-deployment-5d87fff5-98m85_default_3cae8e96-9062-4158-a1fb-6b440d3189d2_0,3.1377576290016744,9.8984375
1786646870.49,k8s_queue-proxy_hello-00001-deployment-5d87fff5-c2cns_default_1909e42a-7fcf-4a2c-92a4-76d6db34a3c0_0,3.0525301104737985,8.96484375
1786646870.49,k8s_queue-proxy_hello-00001-deployment-5d87fff5-r4f9x_default_c4e0c1f6-f3f6-4890-a9a4-47f53e89f869_0,3.202459520150748,9.29296875
1786646870.49,k8s_queue-proxy_hello-00001-deployment-5d87fff5-dplmj_default_0d5446e3-ab90-4904-a7ab-9f78bc1a3f35_0,3.051464766492209,9.0078125
1786646870.49,k8s_queue-proxy_hello-00001-deployment-5d87fff5-9g4kc_default_ac4b605b-5649-4734-8d51-2c2b44c6e1a7_0,3.0445755420778724,9.48828125
1786646870.49,k8s_queue-proxy_hello-00001-deployment-5d87fff5-pbv6v_default_064fa4b3-1fb3-4e80-a4ab-eec1b1d33730_0,3.227814706912793,9.05078125
1786646870.49,k8s_queue-proxy_hello-00001-deployment-5d87fff5-rcdpk_default_5c2c5548-4b80-455a-beda-26d3bd80b98d_0,3.246706806853137,9.7890625
1786646870.49,k8s_queue-proxy_hello-00001-deployment-5d87fff5-l6d7k_default_c3495acf-c323-4d89-bbee-3dda30d81c82_0,3.2057975979597577,9.96484375
1786646870.49,k8s_queue-proxy_hello-00001-deployment-5d87fff5-dqpd7_default_bcde0c20-b263-4c22-a755-e5db145c91d6_0,3.126749074525157,9.1953125
1786646870.49,k8s_queue-proxy_hello-00001-deployment-5d87fff5-g89nw_default_34486883-7fcc-4e85-9967-4df77081c87e_0,3.0855912853694023,9.1953125
1786646870.49,k8s_queue-proxy_hello-00001-deployment-5d87fff5-ljsdv_default_058ac6e9-0f43-4cb0-b4f7-c19345b2deba_0,3.0148169335252204,9.2890625
1786646870.49,k8s_user-container_hello-00001-deployment-5d87fff5-xkrrx_default_8b11ea0f-f7c6-49b3-8d80-3156aeeea76d_0,18.805771566368847,15.33203125
1786646870.49,k8s_user-container_hello-00001-deployment-5d87fff5-r4f9x_default_c4e0c1f6-f3f6-4890-a9a4-47f53e89f869_0,18.790217544237542,15.35546875
1786646870.49,k8s_user-container_hello-00001-deployment-5d87fff5-c2cns_default_1909e42a-7fcf-4a2c-92a4-76d6db34a3c0_0,18.761417745268314,15.3203125
1786646870.49,k8s_user-container_hello-00001-deployment-5d87fff5-98m85_default_3cae8e96-9062-4158-a1fb-6b440d3189d2_0,18.86163110247067,15.82421875
1786646870.49,k8s_user-container_hello-00001-deployment-5d87fff5-dplmj_default_0d5446e3-ab90-4904-a7ab-9f78bc1a3f35_0,18.58584905710093,15.30859375
1786646870.49,k8s_user-container_hello-00001-deployment-5d87fff5-rcdpk_default_5c2c5548-4b80-455a-beda-26d3bd80b98d_0,18.878605583244145,15.87109375
1786646870.49,k8s_user-container_hello-00001-deployment-5d87fff5-pbv6v_default_064fa4b3-1fb3-4e80-a4ab-eec1b1d33730_0,18.736772787827334,15.30859375
1786646870.49,k8s_user-container_hello-00001-deployment-5d87fff5-9g4kc_default_ac4b605b-5649-4734-8d51-2c2b44c6e1a7_0,19.02750516040554,15.8515625
1786646870.49,k8s_queue-proxy_hello-00001-deployment-5d87fff5-tqr95_default_e17efba6-d23a-4969-bf83-3d2c7b60ce09_0,3.162402586442649,9.0625
1786646870.49,k8s_queue-proxy_hello-00001-deployment-5d87fff5-8vq49_default_aa00e6c1-5582-4a57-850f-f45ce0ed05aa_0,3.0860174229620454,9.265625
1786646870.49,k8s_queue-proxy_hello-00001-deployment-5d87fff5-fbwqn_default_06fac494-83f8-4d50-b881-64d3e5ba436c_0,3.3299456832820193,9.0703125
1786646870.49,k8s_queue-proxy_hello-00001-deployment-5d87fff5-htdkp_default_d5582b01-287c-4d36-b6d3-2b8e34c0c7d6_0,3.152104261287194,9.375
1786646870.49,k8s_user-container_hello-00001-deployment-5d87fff5-l6d7k_default_c3495acf-c323-4d89-bbee-3dda30d81c82_0,19.058613204668205,15.58984375
1786646870.49,k8s_user-container_hello-00001-deployment-5d87fff5-dqpd7_default_bcde0c20-b263-4c22-a755-e5db145c91d6_0,18.977185413008044,15.31640625
1786646870.49,k8s_user-container_hello-00001-deployment-5d87fff5-ljsdv_default_058ac6e9-0f43-4cb0-b4f7-c19345b2deba_0,18.775267217029104,15.56640625
1786646870.49,k8s_user-container_hello-00001-deployment-5d87fff5-g89nw_default_34486883-7fcc-4e85-9967-4df77081c87e_0,18.91972786093385,15.33984375
1786646870.49,k8s_user-container_hello-00001-deployment-5d87fff5-tqr95_default_e17efba6-d23a-4969-bf83-3d2c7b60ce09_0,18.74224155359954,15.3203125
1786646870.49,k8s_user-container_hello-00001-deployment-5d87fff5-8vq49_default_aa00e6c1-5582-4a57-850f-f45ce0ed05aa_0,18.732831015095403,15.35546875
1786646870.49,k8s_user-container_hello-00001-deployment-5d87fff5-htdkp_default_d5582b01-287c-4d36-b6d3-2b8e34c0c7d6_0,18.736879322225477,15.3515625
1786646870.49,k8s_user-container_hello-00001-deployment-5d87fff5-fbwqn_default_06fac494-83f8-4d50-b881-64d3e5ba436c_0,18.700551092453,15.33203125
1786646870.49,k8s_POD_hello-00001-deployment-5d87fff5-c2cns_default_1909e42a-7fcf-4a2c-92a4-76d6db34a3c0_0,0.0,0.34375
1786646870.49,k8s_POD_hello-00001-deployment-5d87fff5-xkrrx_default_8b11ea0f-f7c6-49b3-8d80-3156aeeea76d_0,0.0,0.34765625
1786646870.49,k8s_POD_hello-00001-deployment-5d87fff5-r4f9x_default_c4e0c1f6-f3f6-4890-a9a4-47f53e89f869_0,0.0,0.34375
1786646870.49,k8s_POD_hello-00001-deployment-5d87fff5-9g4kc_default_ac4b605b-5649-4734-8d51-2c2b44c6e1a7_0,0.0,0.34765625
1786646870.49,k8s_POD_hello-00001-deployment-5d87fff5-l6d7k_default_c3495acf-c323-4d89-bbee-3dda30d81c82_0,0.0,0.34375
1786646870.49,k8s_POD_hello-00001-deployment-5d87fff5-pbv6v_default_064fa4b3-1fb3-4e80-a4ab-eec1b1d33730_0,0.0,0.34375
1786646870.49,k8s_POD_hello-00001-deployment-5d87fff5-dplmj_default_0d5446e3-ab90-4904-a7ab-9f78bc1a3f35_0,0.0,0.34375
1786646870.49,k8s_POD_hello-00001-deployment-5d87fff5-98m85_default_3cae8e96-9062-4158-a1fb-6b440d3189d2_0,0.0,0.34375
1786646870.49,k8s_POD_hello-00001-deployment-5d87fff5-rcdpk_default_5c2c5548-4b80-455a-beda-26d3bd80b98d_0,0.0,0.34765625
1786646870.49,k8s_POD_hello-00001-deployment-5d87fff5-dqpd7_default_bcde0c20-b263-4c22-a755-e5db145c91d6_0,0.0,0.3515625
1786646870.49,k8s_POD_hello-00001-deployment-5d87fff5-g89nw_default_34486883-7fcc-4e85-9967-4df77081c87e_0,0.0,0.34375
1786646870.49,k8s_POD_hello-00001-deployment-5d87fff5-ljsdv_default_058ac6e9-0f43-4cb0-b4f7-c19345b2deba_0,0.0,0.34765625
1786646870.49,k8s_POD_hello-00001-deployment-5d87fff5-tqr95_default_e17efba6-d23a-4969-bf83-3d2c7b60ce09_0,0.0,0.3515625
1786646870.49,k8s_POD_hello-00001-deployment-5d87fff5-htdkp_default_d5582b01-287c-4d36-b6d3-2b8e34c0c7d6_0,0.0,0.34375
1786646870.49,k8s_POD_hello-00001-deployment-5d87fff5-8vq49_default_aa00e6c1-5582-4a57-850f-f45ce0ed05aa_0,0.0,0.34375
1786646870.49,k8s_POD_hello-00001-deployment-5d87fff5-fbwqn_default_06fac494-83f8-4d50-b881-64d3e5ba436c_0,0.0,0.34765625
1786646870.49,registry,0.006640644151963145,5.26953125
1786646870.49,k8s_lb-tcp-443_svclb-kourier-32c17a7b-g99k6_kube-system_12a61aac-14f5-4323-985c-bfa66cd375ba_3,0.0,0.3203125
1786646870.49,k8s_lb-tcp-80_svclb-kourier-32c17a7b-g99k6_kube-system_12a61aac-14f5-4323-985c-bfa66cd375ba_3,0.0,2.2890625
1786646870.49,k8s_controller_net-kourier-controller-769cd4d84c-mpvj4_knative-serving_a859182b-3989-44e1-8ad7-068a1efe2192_5,0.1232602986709706,26.6015625
1786646870.49,k8s_controller_controller-c9767f9c-h8zvb_knative-serving_9a5a04d4-1393-48b2-b655-088fcff5b337_5,0.1326353257089589,31.828125
1786646870.49,k8s_POD_svclb-kourier-32c17a7b-g99k6_kube-system_12a61aac-14f5-4323-985c-bfa66cd375ba_3,0.0,0.34375
1786646870.49,k8s_kourier-gateway_3scale-kourier-gateway-d95dfffb6-z2zzz_kourier-system_69daf3cc-53df-449a-ba4e-12ca3f124bf1_3,21.66575850790185,72.3203125
1786646870.49,k8s_POD_3scale-kourier-gateway-d95dfffb6-z2zzz_kourier-system_69daf3cc-53df-449a-ba4e-12ca3f124bf1_3,0.0,0.33984375
1786646870.49,k8s_local-path-provisioner_local-path-provisioner-58d557dc48-p9j96_kube-system_7fd6cb3b-fa1b-4cf6-91b8-2dc48f5ebd0f_3,0.0,44.98046875
1786646870.49,k8s_POD_local-path-provisioner-58d557dc48-p9j96_kube-system_7fd6cb3b-fa1b-4cf6-91b8-2dc48f5ebd0f_5,0.0,0.33984375
1786646870.49,k8s_metrics-server_metrics-server-6dc596dfb8-46tvx_kube-system_b8abf359-78cf-46b7-afb3-a3cf654e93c0_3,0.44850981625296504,78.49609375
1786646870.49,k8s_POD_metrics-server-6dc596dfb8-46tvx_kube-system_b8abf359-78cf-46b7-afb3-a3cf654e93c0_7,0.0,0.34375
1786646870.49,k8s_webhook_webhook-7d56465b69-khwt8_knative-serving_a7b84bd9-4373-4bbe-843a-0e2fb9c788d8_3,0.21615829386608634,59.2265625
1786646870.49,k8s_POD_webhook-7d56465b69-khwt8_knative-serving_a7b84bd9-4373-4bbe-843a-0e2fb9c788d8_4,0.0,0.33984375
1786646870.49,k8s_coredns_coredns-54996dc9b4-94zpj_kube-system_86f4a07b-00d4-46a7-a1a6-6f878fb26856_3,0.12649184208186065,70.234375
1786646870.49,k8s_activator_activator-67cbcccdfb-t6cg7_knative-serving_af70f812-f578-45d9-aafe-c711ea35ebd4_3,20.144979974170163,80.82421875
1786646870.49,k8s_autoscaler_autoscaler-847d45f498-rkvpp_knative-serving_ec82673b-6dc8-472a-9e8a-04e02f65f117_3,0.355043637600539,61.01953125
1786646870.49,k8s_POD_controller-c9767f9c-h8zvb_knative-serving_9a5a04d4-1393-48b2-b655-088fcff5b337_3,0.0,0.34375
1786646870.49,k8s_POD_activator-67cbcccdfb-t6cg7_knative-serving_af70f812-f578-45d9-aafe-c711ea35ebd4_3,0.0,0.34765625
1786646870.49,k8s_POD_net-kourier-controller-769cd4d84c-mpvj4_knative-serving_a859182b-3989-44e1-8ad7-068a1efe2192_3,0.0,0.34375
1786646870.49,k8s_POD_coredns-54996dc9b4-94zpj_kube-system_86f4a07b-00d4-46a7-a1a6-6f878fb26856_6,0.0,0.33984375
1786646870.49,k8s_POD_autoscaler-847d45f498-rkvpp_knative-serving_ec82673b-6dc8-472a-9e8a-04e02f65f117_3,0.0,1.0546875
1786646873.31,k8s_queue-proxy_hello-00001-deployment-5d87fff5-xkrrx_default_8b11ea0f-f7c6-49b3-8d80-3156aeeea76d_0,3.043489538294171,9.8125
1786646873.31,k8s_queue-proxy_hello-00001-deployment-5d87fff5-98m85_default_3cae8e96-9062-4158-a1fb-6b440d3189d2_0,3.0089351128422743,9.125
1786646873.31,k8s_queue-proxy_hello-00001-deployment-5d87fff5-c2cns_default_1909e42a-7fcf-4a2c-92a4-76d6db34a3c0_0,3.2224821457042694,9.33984375
1786646873.31,k8s_queue-proxy_hello-00001-deployment-5d87fff5-r4f9x_default_c4e0c1f6-f3f6-4890-a9a4-47f53e89f869_0,2.94102250812128,9.02734375
1786646873.31,k8s_queue-proxy_hello-00001-deployment-5d87fff5-dplmj_default_0d5446e3-ab90-4904-a7ab-9f78bc1a3f35_0,3.3948783098777433,9.36328125
1786646873.31,k8s_queue-proxy_hello-00001-deployment-5d87fff5-9g4kc_default_ac4b605b-5649-4734-8d51-2c2b44c6e1a7_0,3.4174019165768543,9.3046875
1786646873.31,k8s_queue-proxy_hello-00001-deployment-5d87fff5-pbv6v_default_064fa4b3-1fb3-4e80-a4ab-eec1b1d33730_0,2.9639220779064153,9.0546875
1786646873.31,k8s_queue-proxy_hello-00001-deployment-5d87fff5-rcdpk_default_5c2c5548-4b80-455a-beda-26d3bd80b98d_0,3.168275104391987,9.10546875
1786646873.31,k8s_queue-proxy_hello-00001-deployment-5d87fff5-l6d7k_default_c3495acf-c323-4d89-bbee-3dda30d81c82_0,2.9947510509604336,9.53515625
1786646873.31,k8s_queue-proxy_hello-00001-deployment-5d87fff5-dqpd7_default_bcde0c20-b263-4c22-a755-e5db145c91d6_0,3.0638599018642343,10.05078125
1786646873.31,k8s_queue-proxy_hello-00001-deployment-5d87fff5-g89nw_default_34486883-7fcc-4e85-9967-4df77081c87e_0,3.2030687790804557,9.375
1786646873.31,k8s_queue-proxy_hello-00001-deployment-5d87fff5-ljsdv_default_058ac6e9-0f43-4cb0-b4f7-c19345b2deba_0,3.437908993996385,9.33984375
1786646873.31,k8s_user-container_hello-00001-deployment-5d87fff5-xkrrx_default_8b11ea0f-f7c6-49b3-8d80-3156aeeea76d_0,18.87563687541535,15.33203125
1786646873.31,k8s_user-container_hello-00001-deployment-5d87fff5-r4f9x_default_c4e0c1f6-f3f6-4890-a9a4-47f53e89f869_0,18.734719075080815,15.3671875
1786646873.31,k8s_user-container_hello-00001-deployment-5d87fff5-c2cns_default_1909e42a-7fcf-4a2c-92a4-76d6db34a3c0_0,18.955306871190203,15.33203125
1786646873.31,k8s_user-container_hello-00001-deployment-5d87fff5-98m85_default_3cae8e96-9062-4158-a1fb-6b440d3189d2_0,18.784824700909216,15.328125
1786646873.31,k8s_user-container_hello-00001-deployment-5d87fff5-dplmj_default_0d5446e3-ab90-4904-a7ab-9f78bc1a3f35_0,19.105623748675303,15.3125
1786646873.31,k8s_user-container_hello-00001-deployment-5d87fff5-rcdpk_default_5c2c5548-4b80-455a-beda-26d3bd80b98d_0,18.850857490200088,15.3515625
1786646873.31,k8s_user-container_hello-00001-deployment-5d87fff5-pbv6v_default_064fa4b3-1fb3-4e80-a4ab-eec1b1d33730_0,18.887257552619733,15.3203125
1786646873.31,k8s_user-container_hello-00001-deployment-5d87fff5-9g4kc_default_ac4b605b-5649-4734-8d51-2c2b44c6e1a7_0,19.009821518663774,15.8203125
1786646873.31,k8s_queue-proxy_hello-00001-deployment-5d87fff5-tqr95_default_e17efba6-d23a-4969-bf83-3d2c7b60ce09_0,3.1756234738006532,9.1015625
1786646873.31,k8s_queue-proxy_hello-00001-deployment-5d87fff5-8vq49_default_aa00e6c1-5582-4a57-850f-f45ce0ed05aa_0,3.307381446221104,9.2734375
1786646873.31,k8s_queue-proxy_hello-00001-deployment-5d87fff5-fbwqn_default_06fac494-83f8-4d50-b881-64d3e5ba436c_0,3.4118650056735826,9.08203125
1786646873.31,k8s_queue-proxy_hello-00001-deployment-5d87fff5-htdkp_default_d5582b01-287c-4d36-b6d3-2b8e34c0c7d6_0,3.0196671500251644,9.86328125
1786646873.31,k8s_user-container_hello-00001-deployment-5d87fff5-l6d7k_default_c3495acf-c323-4d89-bbee-3dda30d81c82_0,18.7057015605322,15.81640625
1786646873.31,k8s_user-container_hello-00001-deployment-5d87fff5-dqpd7_default_bcde0c20-b263-4c22-a755-e5db145c91d6_0,18.738717955177638,15.80859375
1786646873.31,k8s_user-container_hello-00001-deployment-5d87fff5-ljsdv_default_058ac6e9-0f43-4cb0-b4f7-c19345b2deba_0,19.021749802029465,15.578125
1786646873.31,k8s_user-container_hello-00001-deployment-5d87fff5-g89nw_default_34486883-7fcc-4e85-9967-4df77081c87e_0,18.915318070222092,15.80859375
1786646873.31,k8s_user-container_hello-00001-deployment-5d87fff5-tqr95_default_e17efba6-d23a-4969-bf83-3d2c7b60ce09_0,18.780039716177992,15.53515625
1786646873.31,k8s_user-container_hello-00001-deployment-5d87fff5-8vq49_default_aa00e6c1-5582-4a57-850f-f45ce0ed05aa_0,18.844534474662396,15.3671875
1786646873.31,k8s_user-container_hello-00001-deployment-5d87fff5-htdkp_default_d5582b01-287c-4d36-b6d3-2b8e34c0c7d6_0,18.76588983275851,15.58203125
1786646873.31,k8s_user-container_hello-00001-deployment-5d87fff5-fbwqn_default_06fac494-83f8-4d50-b881-64d3e5ba436c_0,19.077289803374008,15.34375
1786646873.31,k8s_POD_hello-00001-deployment-5d87fff5-c2cns_default_1909e42a-7fcf-4a2c-92a4-76d6db34a3c0_0,0.0,0.34375
1786646873.31,k8s_POD_hello-00001-deployment-5d87fff5-xkrrx_default_8b11ea0f-f7c6-49b3-8d80-3156aeeea76d_0,0.0,0.34765625
1786646873.31,k8s_POD_hello-00001-deployment-5d87fff5-r4f9x_default_c4e0c1f6-f3f6-4890-a9a4-47f53e89f869_0,0.0,0.34375
1786646873.31,k8s_POD_hello-00001-deployment-5d87fff5-9g4kc_default_ac4b605b-5649-4734-8d51-2c2b44c6e1a7_0,0.0,0.34765625
1786646873.31,k8s_POD_hello-00001-deployment-5d87fff5-l6d7k_default_c3495acf-c323-4d89-bbee-3dda30d81c82_0,0.0,0.34375
1786646873.31,k8s_POD_hello-00001-deployment-5d87fff5-pbv6v_default_064fa4b3-1fb3-4e80-a4ab-eec1b1d33730_0,0.0,0.34375
1786646873.31,k8s_POD_hello-00001-deployment-5d87fff5-dplmj_default_0d5446e3-ab90-4904-a7ab-9f78bc1a3f35_0,0.0,0.34375
1786646873.31,k8s_POD_hello-00001-deployment-5d87fff5-98m85_default_3cae8e96-9062-4158-a1fb-6b440d3189d2_0,0.0,0.34375
1786646873.31,k8s_POD_hello-00001-deployment-5d87fff5-rcdpk_default_5c2c5548-4b80-455a-beda-26d3bd80b98d_0,0.0,0.34765625
1786646873.31,k8s_POD_hello-00001-deployment-5d87fff5-dqpd7_default_bcde0c20-b263-4c22-a755-e5db145c91d6_0,0.0,0.3515625
1786646873.31,k8s_POD_hello-00001-deployment-5d87fff5-g89nw_default_34486883-7fcc-4e85-9967-4df77081c87e_0,0.0,0.34375
1786646873.31,k8s_POD_hello-00001-deployment-5d87fff5-ljsdv_default_058ac6e9-0f43-4cb0-b4f7-c19345b2deba_0,0.0,0.34765625
1786646873.31,k8s_POD_hello-00001-deployment-5d87fff5-tqr95_default_e17efba6-d23a-4969-bf83-3d2c7b60ce09_0,0.0,0.3515625
1786646873.31,k8s_POD_hello-00001-deployment-5d87fff5-htdkp_default_d5582b01-287c-4d36-b6d3-2b8e34c0c7d6_0,0.0,0.34375
1786646873.31,k8s_POD_hello-00001-deployment-5d87fff5-8vq49_default_aa00e6c1-5582-4a57-850f-f45ce0ed05aa_0,0.0,0.34375
1786646873.31,k8s_POD_hello-00001-deployment-5d87fff5-fbwqn_default_06fac494-83f8-4d50-b881-64d3e5ba436c_0,0.0,0.34765625
1786646873.31,registry,0.0,5.26953125
1786646873.31,k8s_lb-tcp-443_svclb-kourier-32c17a7b-g99k6_kube-system_12a61aac-14f5-4323-985c-bfa66cd375ba_3,0.0,0.3203125
1786646873.31,k8s_lb-tcp-80_svclb-kourier-32c17a7b-g99k6_kube-system_12a61aac-14f5-4323-985c-bfa66cd375ba_3,0.0,2.2890625
1786646873.31,k8s_controller_net-kourier-controller-769cd4d84c-mpvj4_knative-serving_a859182b-3989-44e1-8ad7-068a1efe2192_5,0.030350474580890446,26.6015625
1786646873.31,k8s_controller_controller-c9767f9c-h8zvb_knative-serving_9a5a04d4-1393-48b2-b655-088fcff5b337_5,0.04347500412940002,31.828125
1786646873.31,k8s_POD_svclb-kourier-32c17a7b-g99k6_kube-system_12a61aac-14f5-4323-985c-bfa66cd375ba_3,0.0,0.34375
1786646873.31,k8s_kourier-gateway_3scale-kourier-gateway-d95dfffb6-z2zzz_kourier-system_69daf3cc-53df-449a-ba4e-12ca3f124bf1_3,21.9460932205159,72.0703125
1786646873.31,k8s_POD_3scale-kourier-gateway-d95dfffb6-z2zzz_kourier-system_69daf3cc-53df-449a-ba4e-12ca3f124bf1_3,0.0,0.33984375
1786646873.31,k8s_local-path-provisioner_local-path-provisioner-58d557dc48-p9j96_kube-system_7fd6cb3b-fa1b-4cf6-91b8-2dc48f5ebd0f_3,0.0,44.98046875
1786646873.31,k8s_POD_local-path-provisioner-58d557dc48-p9j96_kube-system_7fd6cb3b-fa1b-4cf6-91b8-2dc48f5ebd0f_5,0.0,0.33984375
1786646873.31,k8s_metrics-server_metrics-server-6dc596dfb8-46tvx_kube-system_b8abf359-78cf-46b7-afb3-a3cf654e93c0_3,0.40111843432540556,78.49609375
1786646873.31,k8s_POD_metrics-server-6dc596dfb8-46tvx_kube-system_b8abf359-78cf-46b7-afb3-a3cf654e93c0_7,0.0,0.34375
1786646873.31,k8s_webhook_webhook-7d56465b69-khwt8_knative-serving_a7b84bd9-4373-4bbe-843a-0e2fb9c788d8_3,0.142455831141213,59.2265625
1786646873.31,k8s_POD_webhook-7d56465b69-khwt8_knative-serving_a7b84bd9-4373-4bbe-843a-0e2fb9c788d8_4,0.0,0.33984375
1786646873.31,k8s_coredns_coredns-54996dc9b4-94zpj_kube-system_86f4a07b-00d4-46a7-a1a6-6f878fb26856_3,0.173182268807786,70.234375
1786646873.31,k8s_activator_activator-67cbcccdfb-t6cg7_knative-serving_af70f812-f578-45d9-aafe-c711ea35ebd4_3,20.27486894621201,80.578125
1786646873.31,k8s_autoscaler_autoscaler-847d45f498-rkvpp_knative-serving_ec82673b-6dc8-472a-9e8a-04e02f65f117_3,0.24078726736777106,61.25
1786646873.31,k8s_POD_controller-c9767f9c-h8zvb_knative-serving_9a5a04d4-1393-48b2-b655-088fcff5b337_3,0.0,0.34375
1786646873.31,k8s_POD_activator-67cbcccdfb-t6cg7_knative-serving_af70f812-f578-45d9-aafe-c711ea35ebd4_3,0.0,0.34765625
1786646873.31,k8s_POD_net-kourier-controller-769cd4d84c-mpvj4_knative-serving_a859182b-3989-44e1-8ad7-068a1efe2192_3,0.0,0.34375
1786646873.31,k8s_POD_coredns-54996dc9b4-94zpj_kube-system_86f4a07b-00d4-46a7-a1a6-6f878fb26856_6,0.0,0.33984375
1786646873.31,k8s_POD_autoscaler-847d45f498-rkvpp_knative-serving_ec82673b-6dc8-472a-9e8a-04e02f65f117_3,0.0,1.0546875
1786646876.23,k8s_queue-proxy_hello-00001-deployment-5d87fff5-xkrrx_default_8b11ea0f-f7c6-49b3-8d80-3156aeeea76d_0,0.2297614154922996,9.33203125
1786646876.23,k8s_queue-proxy_hello-00001-deployment-5d87fff5-98m85_default_3cae8e96-9062-4158-a1fb-6b440d3189d2_0,0.12704895218422319,9.3671875
1786646876.23,k8s_queue-proxy_hello-00001-deployment-5d87fff5-c2cns_default_1909e42a-7fcf-4a2c-92a4-76d6db34a3c0_0,0.15745916307049537,9.09765625
1786646876.23,k8s_queue-proxy_hello-00001-deployment-5d87fff5-r4f9x_default_c4e0c1f6-f3f6-4890-a9a4-47f53e89f869_0,0.08923379254589012,9.01953125
1786646876.23,k8s_queue-proxy_hello-00001-deployment-5d87fff5-dplmj_default_0d5446e3-ab90-4904-a7ab-9f78bc1a3f35_0,0.13095943073869293,9.36328125
1786646876.23,k8s_queue-proxy_hello-00001-deployment-5d87fff5-9g4kc_default_ac4b605b-5649-4734-8d51-2c2b44c6e1a7_0,0.12388728867211819,9.0546875
1786646876.23,k8s_queue-proxy_hello-00001-deployment-5d87fff5-pbv6v_default_064fa4b3-1fb3-4e80-a4ab-eec1b1d33730_0,0.1379067702982022,9.05078125
1786646876.23,k8s_queue-proxy_hello-00001-deployment-5d87fff5-rcdpk_default_5c2c5548-4b80-455a-beda-26d3bd80b98d_0,0.14331487893734593,9.10546875
1786646876.23,k8s_queue-proxy_hello-00001-deployment-5d87fff5-l6d7k_default_c3495acf-c323-4d89-bbee-3dda30d81c82_0,0.11831277669022673,9.03125
1786646876.23,k8s_queue-proxy_hello-00001-deployment-5d87fff5-dqpd7_default_bcde0c20-b263-4c22-a755-e5db145c91d6_0,0.09722115299755879,9.30078125
1786646876.23,k8s_queue-proxy_hello-00001-deployment-5d87fff5-g89nw_default_34486883-7fcc-4e85-9967-4df77081c87e_0,0.1208504276670509,9.37109375
1786646876.23,k8s_queue-proxy_hello-00001-deployment-5d87fff5-ljsdv_default_058ac6e9-0f43-4cb0-b4f7-c19345b2deba_0,0.0988019847536159,9.34375
1786646876.23,k8s_user-container_hello-00001-deployment-5d87fff5-xkrrx_default_8b11ea0f-f7c6-49b3-8d80-3156aeeea76d_0,0.26861659602278276,15.31640625
1786646876.23,k8s_user-container_hello-00001-deployment-5d87fff5-r4f9x_default_c4e0c1f6-f3f6-4890-a9a4-47f53e89f869_0,0.2654965333463601,15.34375
1786646876.23,k8s_user-container_hello-00001-deployment-5d87fff5-c2cns_default_1909e42a-7fcf-4a2c-92a4-76d6db34a3c0_0,0.5131879090192134,15.3046875
1786646876.23,k8s_user-container_hello-00001-deployment-5d87fff5-98m85_default_3cae8e96-9062-4158-a1fb-6b440d3189d2_0,0.5062405694596857,15.3125
1786646876.23,k8s_user-container_hello-00001-deployment-5d87fff5-dplmj_default_0d5446e3-ab90-4904-a7ab-9f78bc1a3f35_0,0.5161415683529068,15.30859375
1786646876.23,k8s_user-container_hello-00001-deployment-5d87fff5-rcdpk_default_5c2c5548-4b80-455a-beda-26d3bd80b98d_0,0.5202184502500873,15.33984375
1786646876.23,k8s_user-container_hello-00001-deployment-5d87fff5-pbv6v_default_064fa4b3-1fb3-4e80-a4ab-eec1b1d33730_0,0.5164743750384022,15.30859375
1786646876.23,k8s_user-container_hello-00001-deployment-5d87fff5-9g4kc_default_ac4b605b-5649-4734-8d51-2c2b44c6e1a7_0,0.4919714828194431,15.3046875
1786646876.23,k8s_queue-proxy_hello-00001-deployment-5d87fff5-tqr95_default_e17efba6-d23a-4969-bf83-3d2c7b60ce09_0,0.09410109032112686,8.8515625
1786646876.23,k8s_queue-proxy_hello-00001-deployment-5d87fff5-8vq49_default_aa00e6c1-5582-4a57-850f-f45ce0ed05aa_0,0.10924379451073486,9.27734375
1786646876.23,k8s_queue-proxy_hello-00001-deployment-5d87fff5-fbwqn_default_06fac494-83f8-4d50-b881-64d3e5ba436c_0,0.09143863683724654,8.8359375
1786646876.23,k8s_queue-proxy_hello-00001-deployment-5d87fff5-htdkp_default_d5582b01-287c-4d36-b6d3-2b8e34c0c7d6_0,0.06202684600742372,9.37890625
1786646876.23,k8s_user-container_hello-00001-deployment-5d87fff5-l6d7k_default_c3495acf-c323-4d89-bbee-3dda30d81c82_0,0.4742495268173194,15.3125
1786646876.23,k8s_user-container_hello-00001-deployment-5d87fff5-dqpd7_default_bcde0c20-b263-4c22-a755-e5db145c91d6_0,0.47470713600988945,15.30078125
1786646876.23,k8s_user-container_hello-00001-deployment-5d87fff5-ljsdv_default_058ac6e9-0f43-4cb0-b4f7-c19345b2deba_0,0.27202786454900935,15.30859375
1786646876.23,k8s_user-container_hello-00001-deployment-5d87fff5-g89nw_default_34486883-7fcc-4e85-9967-4df77081c87e_0,0.47795200119338677,15.30859375
1786646876.23,k8s_user-container_hello-00001-deployment-5d87fff5-tqr95_default_e17efba6-d23a-4969-bf83-3d2c7b60ce09_0,0.2773943723524431,15.30859375
1786646876.23,k8s_user-container_hello-00001-deployment-5d87fff5-8vq49_default_aa00e6c1-5582-4a57-850f-f45ce0ed05aa_0,0.27781038070932157,15.3359375
1786646876.23,k8s_user-container_hello-00001-deployment-5d87fff5-htdkp_default_d5582b01-287c-4d36-b6d3-2b8e34c0c7d6_0,0.2483985898795357,15.33984375
1786646876.23,k8s_user-container_hello-00001-deployment-5d87fff5-fbwqn_default_06fac494-83f8-4d50-b881-64d3e5ba436c_0,0.268408591844362,15.3203125
1786646876.23,k8s_POD_hello-00001-deployment-5d87fff5-c2cns_default_1909e42a-7fcf-4a2c-92a4-76d6db34a3c0_0,0.0,0.34375
1786646876.23,k8s_POD_hello-00001-deployment-5d87fff5-xkrrx_default_8b11ea0f-f7c6-49b3-8d80-3156aeeea76d_0,0.0,0.34765625
1786646876.23,k8s_POD_hello-00001-deployment-5d87fff5-r4f9x_default_c4e0c1f6-f3f6-4890-a9a4-47f53e89f869_0,0.0,0.34375
1786646876.23,k8s_POD_hello-00001-deployment-5d87fff5-9g4kc_default_ac4b605b-5649-4734-8d51-2c2b44c6e1a7_0,0.0,0.34765625
1786646876.23,k8s_POD_hello-00001-deployment-5d87fff5-l6d7k_default_c3495acf-c323-4d89-bbee-3dda30d81c82_0,0.0,0.34375
1786646876.23,k8s_POD_hello-00001-deployment-5d87fff5-pbv6v_default_064fa4b3-1fb3-4e80-a4ab-eec1b1d33730_0,0.0,0.34375
1786646876.23,k8s_POD_hello-00001-deployment-5d87fff5-dplmj_default_0d5446e3-ab90-4904-a7ab-9f78bc1a3f35_0,0.0,0.34375
1786646876.23,k8s_POD_hello-00001-deployment-5d87fff5-98m85_default_3cae8e96-9062-4158-a1fb-6b440d3189d2_0,0.0,0.34375
1786646876.23,k8s_POD_hello-00001-deployment-5d87fff5-rcdpk_default_5c2c5548-4b80-455a-beda-26d3bd80b98d_0,0.0,0.34765625
1786646876.23,k8s_POD_hello-00001-deployment-5d87fff5-dqpd7_default_bcde0c20-b263-4c22-a755-e5db145c91d6_0,0.0,0.3515625
1786646876.23,k8s_POD_hello-00001-deployment-5d87fff5-g89nw_default_34486883-7fcc-4e85-9967-4df77081c87e_0,0.0,0.34375
1786646876.23,k8s_POD_hello-00001-deployment-5d87fff5-ljsdv_default_058ac6e9-0f43-4cb0-b4f7-c19345b2deba_0,0.0,0.34765625
1786646876.23,k8s_POD_hello-00001-deployment-5d87fff5-tqr95_default_e17efba6-d23a-4969-bf83-3d2c7b60ce09_0,0.0,0.3515625
1786646876.23,k8s_POD_hello-00001-deployment-5d87fff5-htdkp_default_d5582b01-287c-4d36-b6d3-2b8e34c0c7d6_0,0.0,0.34375
1786646876.23,k8s_POD_hello-00001-deployment-5d87fff5-8vq49_default_aa00e6c1-5582-4a57-850f-f45ce0ed05aa_0,0.0,0.34375
1786646876.23,k8s_POD_hello-00001-deployment-5d87fff5-fbwqn_default_06fac494-83f8-4d50-b881-64d3e5ba436c_0,0.0,0.34765625
1786646876.23,registry,0.002496050141144151,5.26953125
1786646876.23,k8s_lb-tcp-443_svclb-kourier-32c17a7b-g99k6_kube-system_12a61aac-14f5-4323-985c-bfa66cd375ba_3,0.0,0.3203125
1786646876.23,k8s_lb-tcp-80_svclb-kourier-32c17a7b-g99k6_kube-system_12a61aac-14f5-4323-985c-bfa66cd375ba_3,0.0,2.2890625
1786646876.23,k8s_controller_net-kourier-controller-769cd4d84c-mpvj4_knative-serving_a859182b-3989-44e1-8ad7-068a1efe2192_5,0.039063184708857814,26.6015625
1786646876.23,k8s_controller_controller-c9767f9c-h8zvb_knative-serving_9a5a04d4-1393-48b2-b655-088fcff5b337_5,0.06298366522820924,32.32421875
1786646876.23,k8s_POD_svclb-kourier-32c17a7b-g99k6_kube-system_12a61aac-14f5-4323-985c-bfa66cd375ba_3,0.0,0.34375
1786646876.23,k8s_kourier-gateway_3scale-kourier-gateway-d95dfffb6-z2zzz_kourier-system_69daf3cc-53df-449a-ba4e-12ca3f124bf1_3,0.8578924335113062,72.0390625
1786646876.23,k8s_POD_3scale-kourier-gateway-d95dfffb6-z2zzz_kourier-system_69daf3cc-53df-449a-ba4e-12ca3f124bf1_3,0.0,0.33984375
1786646876.23,k8s_local-path-provisioner_local-path-provisioner-58d557dc48-p9j96_kube-system_7fd6cb3b-fa1b-4cf6-91b8-2dc48f5ebd0f_3,0.0,44.98046875
1786646876.23,k8s_POD_local-path-provisioner-58d557dc48-p9j96_kube-system_7fd6cb3b-fa1b-4cf6-91b8-2dc48f5ebd0f_5,0.0,0.33984375
1786646876.23,k8s_metrics-server_metrics-server-6dc596dfb8-46tvx_kube-system_b8abf359-78cf-46b7-afb3-a3cf654e93c0_3,0.40515053874319157,79.25
1786646876.23,k8s_POD_metrics-server-6dc596dfb8-46tvx_kube-system_b8abf359-78cf-46b7-afb3-a3cf654e93c0_7,0.0,0.34375
1786646876.23,k8s_webhook_webhook-7d56465b69-khwt8_knative-serving_a7b84bd9-4373-4bbe-843a-0e2fb9c788d8_3,0.12779776722669875,59.71875
1786646876.23,k8s_POD_webhook-7d56465b69-khwt8_knative-serving_a7b84bd9-4373-4bbe-843a-0e2fb9c788d8_4,0.0,0.33984375
1786646876.23,k8s_coredns_coredns-54996dc9b4-94zpj_kube-system_86f4a07b-00d4-46a7-a1a6-6f878fb26856_3,0.1536734870229248,70.97265625
1786646876.23,k8s_activator_activator-67cbcccdfb-t6cg7_knative-serving_af70f812-f578-45d9-aafe-c711ea35ebd4_3,0.4324406869532998,80.31640625
1786646876.23,k8s_autoscaler_autoscaler-847d45f498-rkvpp_knative-serving_ec82673b-6dc8-472a-9e8a-04e02f65f117_3,0.44429692512365426,61.82421875
1786646876.23,k8s_POD_controller-c9767f9c-h8zvb_knative-serving_9a5a04d4-1393-48b2-b655-088fcff5b337_3,0.0,0.34375
1786646876.23,k8s_POD_activator-67cbcccdfb-t6cg7_knative-serving_af70f812-f578-45d9-aafe-c711ea35ebd4_3,0.0,0.34765625
1786646876.23,k8s_POD_net-kourier-controller-769cd4d84c-mpvj4_knative-serving_a859182b-3989-44e1-8ad7-068a1efe2192_3,0.0,0.34375
1786646876.23,k8s_POD_coredns-54996dc9b4-94zpj_kube-system_86f4a07b-00d4-46a7-a1a6-6f878fb26856_6,0.0,0.33984375
1786646876.23,k8s_POD_autoscaler-847d45f498-rkvpp_knative-serving_ec82673b-6dc8-472a-9e8a-04e02f65f117_3,0.0,1.0546875
1786646878.64,k8s_queue-proxy_hello-00001-deployment-5d87fff5-xkrrx_default_8b11ea0f-f7c6-49b3-8d80-3156aeeea76d_0,0.0,9.33203125
1786646878.64,k8s_queue-proxy_hello-00001-deployment-5d87fff5-98m85_default_3cae8e96-9062-4158-a1fb-6b440d3189d2_0,0.0,9.3671875
1786646878.64,k8s_queue-proxy_hello-00001-deployment-5d87fff5-c2cns_default_1909e42a-7fcf-4a2c-92a4-76d6db34a3c0_0,0.0,9.09765625
1786646878.64,k8s_queue-proxy_hello-00001-deployment-5d87fff5-r4f9x_default_c4e0c1f6-f3f6-4890-a9a4-47f53e89f869_0,0.0,9.01953125
1786646878.64,k8s_queue-proxy_hello-00001-deployment-5d87fff5-dplmj_default_0d5446e3-ab90-4904-a7ab-9f78bc1a3f35_0,0.0,9.36328125
1786646878.64,k8s_queue-proxy_hello-00001-deployment-5d87fff5-9g4kc_default_ac4b605b-5649-4734-8d51-2c2b44c6e1a7_0,0.0,9.0546875
1786646878.64,k8s_queue-proxy_hello-00001-deployment-5d87fff5-pbv6v_default_064fa4b3-1fb3-4e80-a4ab-eec1b1d33730_0,0.0,9.05078125
1786646878.64,k8s_queue-proxy_hello-00001-deployment-5d87fff5-rcdpk_default_5c2c5548-4b80-455a-beda-26d3bd80b98d_0,0.0,9.10546875
1786646878.64,k8s_queue-proxy_hello-00001-deployment-5d87fff5-l6d7k_default_c3495acf-c323-4d89-bbee-3dda30d81c82_0,0.0,9.03125
1786646878.64,k8s_queue-proxy_hello-00001-deployment-5d87fff5-dqpd7_default_bcde0c20-b263-4c22-a755-e5db145c91d6_0,0.0,9.30078125
1786646878.64,k8s_queue-proxy_hello-00001-deployment-5d87fff5-g89nw_default_34486883-7fcc-4e85-9967-4df77081c87e_0,0.0,9.37109375
1786646878.64,k8s_queue-proxy_hello-00001-deployment-5d87fff5-ljsdv_default_058ac6e9-0f43-4cb0-b4f7-c19345b2deba_0,0.0,9.34375
1786646878.64,k8s_user-container_hello-00001-deployment-5d87fff5-xkrrx_default_8b11ea0f-f7c6-49b3-8d80-3156aeeea76d_0,0.0,15.31640625
1786646878.64,k8s_user-container_hello-00001-deployment-5d87fff5-r4f9x_default_c4e0c1f6-f3f6-4890-a9a4-47f53e89f869_0,0.0,15.34375
1786646878.64,k8s_user-container_hello-00001-deployment-5d87fff5-c2cns_default_1909e42a-7fcf-4a2c-92a4-76d6db34a3c0_0,0.0,15.3046875
1786646878.64,k8s_user-container_hello-00001-deployment-5d87fff5-98m85_default_3cae8e96-9062-4158-a1fb-6b440d3189d2_0,0.0,15.3125
1786646878.64,k8s_user-container_hello-00001-deployment-5d87fff5-dplmj_default_0d5446e3-ab90-4904-a7ab-9f78bc1a3f35_0,0.0,15.30859375
1786646878.64,k8s_user-container_hello-00001-deployment-5d87fff5-rcdpk_default_5c2c5548-4b80-455a-beda-26d3bd80b98d_0,0.0,15.33984375
1786646878.64,k8s_user-container_hello-00001-deployment-5d87fff5-pbv6v_default_064fa4b3-1fb3-4e80-a4ab-eec1b1d33730_0,0.0,15.30859375
1786646878.64,k8s_user-container_hello-00001-deployment-5d87fff5-9g4kc_default_ac4b605b-5649-4734-8d51-2c2b44c6e1a7_0,0.0,15.3046875
1786646878.64,k8s_queue-proxy_hello-00001-deployment-5d87fff5-tqr95_default_e17efba6-d23a-4969-bf83-3d2c7b60ce09_0,0.0,8.8515625
1786646878.64,k8s_queue-proxy_hello-00001-deployment-5d87fff5-8vq49_default_aa00e6c1-5582-4a57-850f-f45ce0ed05aa_0,0.0,9.27734375
1786646878.64,k8s_queue-proxy_hello-00001-deployment-5d87fff5-fbwqn_default_06fac494-83f8-4d50-b881-64d3e5ba436c_0,0.0,8.8359375
1786646878.64,k8s_queue-proxy_hello-00001-deployment-5d87fff5-htdkp_default_d5582b01-287c-4d36-b6d3-2b8e34c0c7d6_0,0.0,9.37890625
1786646878.64,k8s_user-container_hello-00001-deployment-5d87fff5-l6d7k_default_c3495acf-c323-4d89-bbee-3dda30d81c82_0,0.0,15.3125
1786646878.64,k8s_user-container_hello-00001-deployment-5d87fff5-dqpd7_default_bcde0c20-b263-4c22-a755-e5db145c91d6_0,0.0,15.30078125
1786646878.64,k8s_user-container_hello-00001-deployment-5d87fff5-ljsdv_default_058ac6e9-0f43-4cb0-b4f7-c19345b2deba_0,0.0,15.30859375
1786646878.64,k8s_user-container_hello-00001-deployment-5d87fff5-g89nw_default_34486883-7fcc-4e85-9967-4df77081c87e_0,0.0,15.30859375
1786646878.64,k8s_user-container_hello-00001-deployment-5d87fff5-tqr95_default_e17efba6-d23a-4969-bf83-3d2c7b60ce09_0,0.0,15.30859375
1786646878.64,k8s_user-container_hello-00001-deployment-5d87fff5-8vq49_default_aa00e6c1-5582-4a57-850f-f45ce0ed05aa_0,0.0,15.3359375
1786646878.64,k8s_user-container_hello-00001-deployment-5d87fff5-htdkp_default_d5582b01-287c-4d36-b6d3-2b8e34c0c7d6_0,0.0,15.33984375
1786646878.64,k8s_user-container_hello-00001-deployment-5d87fff5-fbwqn_default_06fac494-83f8-4d50-b881-64d3e5ba436c_0,0.0,15.3203125
1786646878.64,k8s_POD_hello-00001-deployment-5d87fff5-c2cns_default_1909e42a-7fcf-4a2c-92a4-76d6db34a3c0_0,0.0,0.34375
1786646878.64,k8s_POD_hello-00001-deployment-5d87fff5-xkrrx_default_8b11ea0f-f7c6-49b3-8d80-3156aeeea76d_0,0.0,0.34765625
1786646878.64,k8s_POD_hello-00001-deployment-5d87fff5-r4f9x_default_c4e0c1f6-f3f6-4890-a9a4-47f53e89f869_0,0.0,0.34375
1786646878.64,k8s_POD_hello-00001-deployment-5d87fff5-9g4kc_default_ac4b605b-5649-4734-8d51-2c2b44c6e1a7_0,0.0,0.34765625
1786646878.64,k8s_POD_hello-00001-deployment-5d87fff5-l6d7k_default_c3495acf-c323-4d89-bbee-3dda30d81c82_0,0.0,0.34375
1786646878.64,k8s_POD_hello-00001-deployment-5d87fff5-pbv6v_default_064fa4b3-1fb3-4e80-a4ab-eec1b1d33730_0,0.0,0.34375
1786646878.64,k8s_POD_hello-00001-deployment-5d87fff5-dplmj_default_0d5446e3-ab90-4904-a7ab-9f78bc1a3f35_0,0.0,0.34375
1786646878.64,k8s_POD_hello-00001-deployment-5d87fff5-98m85_default_3cae8e96-9062-4158-a1fb-6b440d3189d2_0,0.0,0.34375
1786646878.64,k8s_POD_hello-00001-deployment-5d87fff5-rcdpk_default_5c2c5548-4b80-455a-beda-26d3bd80b98d_0,0.0,0.34765625
1786646878.64,k8s_POD_hello-00001-deployment-5d87fff5-dqpd7_default_bcde0c20-b263-4c22-a755-e5db145c91d6_0,0.0,0.3515625
1786646878.64,k8s_POD_hello-00001-deployment-5d87fff5-g89nw_default_34486883-7fcc-4e85-9967-4df77081c87e_0,0.0,0.34375
1786646878.64,k8s_POD_hello-00001-deployment-5d87fff5-ljsdv_default_058ac6e9-0f43-4cb0-b4f7-c19345b2deba_0,0.0,0.34765625
1786646878.64,k8s_POD_hello-00001-deployment-5d87fff5-tqr95_default_e17efba6-d23a-4969-bf83-3d2c7b60ce09_0,0.0,0.3515625
1786646878.64,k8s_POD_hello-00001-deployment-5d87fff5-htdkp_default_d5582b01-287c-4d36-b6d3-2b8e34c0c7d6_0,0.0,0.34375
1786646878.64,k8s_POD_hello-00001-deployment-5d87fff5-8vq49_default_aa00e6c1-5582-4a57-850f-f45ce0ed05aa_0,0.0,0.34375
1786646878.64,k8s_POD_hello-00001-deployment-5d87fff5-fbwqn_default_06fac494-83f8-4d50-b881-64d3e5ba436c_0,0.0,0.34765625
1786646878.64,registry,0.0,5.26953125
1786646878.64,k8s_lb-tcp-443_svclb-kourier-32c17a7b-g99k6_kube-system_12a61aac-14f5-4323-985c-bfa66cd375ba_3,0.0,0.3203125
1786646878.64,k8s_lb-tcp-80_svclb-kourier-32c17a7b-g99k6_kube-system_12a61aac-14f5-4323-985c-bfa66cd375ba_3,0.0,2.2890625
1786646878.64,k8s_controller_net-kourier-controller-769cd4d84c-mpvj4_knative-serving_a859182b-3989-44e1-8ad7-068a1efe2192_5,0.0,26.6015625
1786646878.64,k8s_controller_controller-c9767f9c-h8zvb_knative-serving_9a5a04d4-1393-48b2-b655-088fcff5b337_5,0.0,32.32421875
1786646878.64,k8s_POD_svclb-kourier-32c17a7b-g99k6_kube-system_12a61aac-14f5-4323-985c-bfa66cd375ba_3,0.0,0.34375
1786646878.64,k8s_kourier-gateway_3scale-kourier-gateway-d95dfffb6-z2zzz_kourier-system_69daf3cc-53df-449a-ba4e-12ca3f124bf1_3,0.0062000000013995304,72.0390625
1786646878.64,k8s_POD_3scale-kourier-gateway-d95dfffb6-z2zzz_kourier-system_69daf3cc-53df-449a-ba4e-12ca3f124bf1_3,0.0,0.33984375
1786646878.64,k8s_local-path-provisioner_local-path-provisioner-58d557dc48-p9j96_kube-system_7fd6cb3b-fa1b-4cf6-91b8-2dc48f5ebd0f_3,0.0,44.98046875
1786646878.64,k8s_POD_local-path-provisioner-58d557dc48-p9j96_kube-system_7fd6cb3b-fa1b-4cf6-91b8-2dc48f5ebd0f_5,0.0,0.33984375
1786646878.64,k8s_metrics-server_metrics-server-6dc596dfb8-46tvx_kube-system_b8abf359-78cf-46b7-afb3-a3cf654e93c0_3,0.0,79.25
1786646878.64,k8s_POD_metrics-server-6dc596dfb8-46tvx_kube-system_b8abf359-78cf-46b7-afb3-a3cf654e93c0_7,0.0,0.34375
1786646878.64,k8s_webhook_webhook-7d56465b69-khwt8_knative-serving_a7b84bd9-4373-4bbe-843a-0e2fb9c788d8_3,0.0,59.71875
1786646878.64,k8s_POD_webhook-7d56465b69-khwt8_knative-serving_a7b84bd9-4373-4bbe-843a-0e2fb9c788d8_4,0.0,0.33984375
1786646878.64,k8s_coredns_coredns-54996dc9b4-94zpj_kube-system_86f4a07b-00d4-46a7-a1a6-6f878fb26856_3,0.0,70.97265625
1786646878.64,k8s_activator_activator-67cbcccdfb-t6cg7_knative-serving_af70f812-f578-45d9-aafe-c711ea35ebd4_3,0.0,80.31640625
1786646878.64,k8s_autoscaler_autoscaler-847d45f498-rkvpp_knative-serving_ec82673b-6dc8-472a-9e8a-04e02f65f117_3,0.0,61.82421875
1786646878.64,k8s_POD_controller-c9767f9c-h8zvb_knative-serving_9a5a04d4-1393-48b2-b655-088fcff5b337_3,0.0,0.34375
1786646878.64,k8s_POD_activator-67cbcccdfb-t6cg7_knative-serving_af70f812-f578-45d9-aafe-c711ea35ebd4_3,0.0,0.34765625
1786646878.64,k8s_POD_net-kourier-controller-769cd4d84c-mpvj4_knative-serving_a859182b-3989-44e1-8ad7-068a1efe2192_3,0.0,0.34375
1786646878.64,k8s_POD_coredns-54996dc9b4-94zpj_kube-system_86f4a07b-00d4-46a7-a1a6-6f878fb26856_6,0.0,0.33984375
1786646878.64,k8s_POD_autoscaler-847d45f498-rkvpp_knative-serving_ec82673b-6dc8-472a-9e8a-04e02f65f117_3,0.0,1.0546875
