response-time,DNS+dialup,DNS,Request-write,Response-delay,Response-read,status-code,offset
0.0121,0.0003,0.0001,0.0001,0.0116,0.0001,200,0.0002
0.0126,0.0003,0.0001,0.0000,0.0121,0.0001,200,0.0001
0.0127,0.0003,0.0001,0.0001,0.0122,0.0000,200,0.0001
0.0147,0.0004,0.0000,0.0001,0.0142,0.0001,200,0.0001
0.0129,0.0000,0.0000,0.0000,0.0128,0.0001,200,0.0122
0.0124,0.0000,0.0000,0.0000,0.0123,0.0001,200,0.0128
0.0147,0.0000,0.0000,0.0000,0.0146,0.0001,200,0.0127
0.0152,0.0000,0.0000,0.0000,0.0151,0.0001,200,0.0148
0.0116,0.0000,0.0000,0.0000,0.0115,0.0001,200,0.0252
0.0119,0.0000,0.0000,0.0000,0.0119,0.0000,200,0.0252
0.0337,0.0000,0.0000,0.0000,0.0336,0.0001,200,0.0371
0.0408,0.0000,0.0000,0.0000,0.0407,0.0000,200,0.0300
0.0340,0.0000,0.0000,0.0000,0.0339,0.0000,200,0.0368
0.0434,0.0000,0.0000,0.0000,0.0433,0.0000,200,0.0275
0.0059,0.0000,0.0000,0.0000,0.0059,0.0000,200,0.0708
0.0059,0.0000,0.0000,0.0000,0.0059,0.0000,200,0.0708
0.0059,0.0000,0.0000,0.0000,0.0059,0.0000,200,0.0708
0.0059,0.0000,0.0000,0.0000,0.0059,0.0000,200,0.0708
0.0061,0.0000,0.0000,0.0000,0.0060,0.0001,200,0.0767
0.0061,0.0000,0.0000,0.0000,0.0060,0.0001,200,0.0767
0.0061,0.0000,0.0000,0.0000,0.0060,0.0000,200,0.0767
0.0061,0.0000,0.0000,0.0000,0.0060,0.0000,200,0.0768
0.0062,0.0000,0.0000,0.0000,0.0061,0.0000,200,0.0828
0.0062,0.0000,0.0000,0.0000,0.0061,0.0000,200,0.0828
0.0062,0.0000,0.0000,0.0000,0.0061,0.0001,200,0.0828
0.0062,0.0000,0.0000,0.0000,0.0061,0.0000,200,0.0828
0.0061,0.0000,0.0000,0.0000,0.0060,0.0000,200,0.0890
0.0061,0.0000,0.0000,0.0000,0.0061,0.0000,200,0.0890
0.0061,0.0000,0.0000,0.0000,0.0060,0.0000,200,0.0890
0.0062,0.0000,0.0000,0.0000,0.0061,0.0000,200,0.0890
0.0062,0.0000,0.0000,0.0000,0.0062,0.0000,200,0.0951
0.0063,0.0000,0.0000,0.0000,0.0062,0.0000,200,0.0951
0.0062,0.0000,0.0000,0.0000,0.0061,0.0000,200,0.0952
0.0062,0.0000,0.0000,0.0000,0.0062,0.0000,200,0.0951
0.0063,0.0000,0.0000,0.0000,0.0062,0.0000,200,0.1013
0.0063,0.0000,0.0000,0.0000,0.0062,0.0001,200,0.1013
0.0063,0.0000,0.0000,0.0000,0.0062,0.0000,200,0.1013
0.0063,0.0000,0.0000,0.0000,0.0062,0.0000,200,0.1013
0.0062,0.0000,0.0000,0.0000,0.0062,0.0000,200,0.1076
0.0062,0.0000,0.0000,0.0000,0.0062,0.0000,200,0.1076
0.0062,0.0000,0.0000,0.0000,0.0062,0.0000,200,0.1076
0.0063,0.0000,0.0000,0.0000,0.0063,0.0000,200,0.1076
0.0066,0.0000,0.0000,0.0000,0.0065,0.0001,200,0.1138
0.0069,0.0000,0.0000,0.0000,0.0069,0.0000,200,0.1138
0.0070,0.0000,0.0000,0.0000,0.0070,0.0000,200,0.1138
0.0074,0.0000,0.0000,0.0000,0.0073,0.0000,200,0.1139
0.0067,0.0000,0.0000,0.0000,0.0066,0.0001,200,0.1205
0.0065,0.0000,0.0000,0.0000,0.0064,0.0000,200,0.1208
0.0065,0.0000,0.0000,0.0000,0.0064,0.0000,200,0.1209
0.0066,0.0000,0.0000,0.0000,0.0065,0.0000,200,0.1213
0.0065,0.0000,0.0000,0.0000,0.0064,0.0001,200,0.1272
0.0078,0.0000,0.0000,0.0000,0.0078,0.0000,200,0.1273
0.0073,0.0000,0.0000,0.0000,0.0072,0.0000,200,0.1279
0.0078,0.0000,0.0000,0.0000,0.0077,0.0000,200,0.1273
0.0072,0.0000,0.0000,0.0000,0.0070,0.0001,200,0.1337
0.0070,0.0000,0.0000,0.0000,0.0069,0.0000,200,0.1351
0.0070,0.0000,0.0000,0.0000,0.0069,0.0001,200,0.1351
0.0072,0.0000,0.0000,0.0000,0.0071,0.0000,200,0.1351
0.0069,0.0000,0.0000,0.0000,0.0068,0.0001,200,0.1408
0.0066,0.0000,0.0000,0.0000,0.0065,0.0000,200,0.1421
0.0068,0.0000,0.0000,0.0000,0.0068,0.0000,200,0.1421
0.0075,0.0000,0.0000,0.0000,0.0074,0.0001,200,0.1424
0.0066,0.0000,0.0000,0.0000,0.0065,0.0001,200,0.1477
0.0062,0.0000,0.0000,0.0000,0.0061,0.0000,200,0.1489
0.0064,0.0000,0.0000,0.0001,0.0063,0.0000,200,0.1487
0.0060,0.0000,0.0000,0.0000,0.0059,0.0000,200,0.1498
0.0069,0.0000,0.0000,0.0000,0.0068,0.0001,200,0.1543
0.0065,0.0000,0.0000,0.0000,0.0064,0.0000,200,0.1551
0.0066,0.0000,0.0000,0.0000,0.0064,0.0001,200,0.1551
0.0064,0.0000,0.0000,0.0000,0.0063,0.0000,200,0.1558
0.0064,0.0000,0.0000,0.0000,0.0063,0.0001,200,0.1622
0.0073,0.0000,0.0000,0.0000,0.0070,0.0001,200,0.1613
0.0070,0.0000,0.0000,0.0000,0.0069,0.0000,200,0.1617
0.0070,0.0000,0.0000,0.0000,0.0070,0.0000,200,0.1616
0.0066,0.0000,0.0000,0.0000,0.0065,0.0001,200,0.1686
0.0067,0.0000,0.0000,0.0000,0.0066,0.0000,200,0.1686
0.0068,0.0000,0.0000,0.0000,0.0067,0.0000,200,0.1687
0.0075,0.0000,0.0000,0.0000,0.0074,0.0000,200,0.1687
0.0064,0.0000,0.0000,0.0000,0.0063,0.0001,200,0.1755
0.0069,0.0000,0.0000,0.0000,0.0068,0.0000,200,0.1752
0.0068,0.0000,0.0000,0.0000,0.0068,0.0000,200,0.1752
0.0071,0.0000,0.0000,0.0000,0.0070,0.0000,200,0.1761
0.0065,0.0000,0.0000,0.0000,0.0064,0.0001,200,0.1819
0.0064,0.0000,0.0000,0.0000,0.0063,0.0000,200,0.1821
0.0066,0.0000,0.0000,0.0000,0.0062,0.0003,200,0.1821
0.0062,0.0000,0.0000,0.0000,0.0061,0.0000,200,0.1833
0.0065,0.0000,0.0000,0.0000,0.0064,0.0001,200,0.1887
0.0069,0.0000,0.0000,0.0000,0.0069,0.0000,200,0.1885
0.0070,0.0000,0.0000,0.0000,0.0069,0.0000,200,0.1884
0.0063,0.0000,0.0000,0.0000,0.0063,0.0000,200,0.1895
0.0063,0.0000,0.0000,0.0000,0.0062,0.0000,200,0.1954
0.0065,0.0000,0.0000,0.0000,0.0064,0.0001,200,0.1952
0.0061,0.0000,0.0000,0.0000,0.0060,0.0000,200,0.1958
0.0065,0.0000,0.0000,0.0000,0.0065,0.0000,200,0.1954
0.0070,0.0000,0.0000,0.0000,0.0070,0.0000,200,0.2020
0.0073,0.0000,0.0000,0.0000,0.0072,0.0000,200,0.2017
0.0071,0.0000,0.0000,0.0000,0.0070,0.0000,200,0.2019
0.0074,0.0000,0.0000,0.0000,0.0073,0.0000,200,0.2017
0.0068,0.0000,0.0000,0.0000,0.0067,0.0001,200,0.2090
0.0069,0.0000,0.0000,0.0000,0.0068,0.0000,200,0.2090
0.0071,0.0000,0.0000,0.0000,0.0071,0.0000,200,0.2091
0.0073,0.0000,0.0000,0.0000,0.0072,0.0000,200,0.2090
0.0064,0.0000,0.0000,0.0000,0.0063,0.0001,200,0.2158
0.0064,0.0000,0.0000,0.0000,0.0064,0.0000,200,0.2159
0.0062,0.0000,0.0000,0.0000,0.0061,0.0000,200,0.2162
0.0061,0.0000,0.0000,0.0000,0.0061,0.0000,200,0.2163
0.0066,0.0000,0.0000,0.0000,0.0065,0.0001,200,0.2224
0.0067,0.0000,0.0000,0.0000,0.0066,0.0000,200,0.2224
0.0069,0.0000,0.0000,0.0000,0.0068,0.0000,200,0.2222
0.0086,0.0000,0.0000,0.0000,0.0085,0.0001,200,0.2224
0.0063,0.0000,0.0000,0.0000,0.0062,0.0001,200,0.2291
0.0064,0.0000,0.0000,0.0000,0.0063,0.0000,200,0.2291
0.0068,0.0000,0.0000,0.0000,0.0067,0.0000,200,0.2290
0.0063,0.0000,0.0000,0.0000,0.0062,0.0000,200,0.2310
0.0064,0.0000,0.0000,0.0000,0.0063,0.0001,200,0.2355
0.0065,0.0000,0.0000,0.0000,0.0064,0.0001,200,0.2358
0.0074,0.0000,0.0000,0.0000,0.0073,0.0000,200,0.2353
0.0061,0.0000,0.0000,0.0000,0.0060,0.0000,200,0.2374
0.0064,0.0000,0.0000,0.0000,0.0063,0.0001,200,0.2418
0.0063,0.0000,0.0000,0.0000,0.0062,0.0000,200,0.2423
0.0061,0.0000,0.0000,0.0000,0.0060,0.0000,200,0.2428
0.0060,0.0000,0.0000,0.0000,0.0060,0.0000,200,0.2434
0.0063,0.0000,0.0000,0.0000,0.0062,0.0001,200,0.2486
0.0066,0.0000,0.0000,0.0000,0.0066,0.0001,200,0.2483
0.0061,0.0000,0.0000,0.0000,0.0060,0.0000,200,0.2489
0.0059,0.0000,0.0000,0.0000,0.0059,0.0000,200,0.2495
0.0065,0.0000,0.0000,0.0000,0.0064,0.0000,200,0.2550
0.0061,0.0000,0.0000,0.0000,0.0060,0.0000,200,0.2554
0.0068,0.0000,0.0000,0.0000,0.0067,0.0000,200,0.2549
0.0068,0.0000,0.0000,0.0000,0.0068,0.0000,200,0.2549
0.0063,0.0000,0.0000,0.0000,0.0062,0.0001,200,0.2617
0.0067,0.0000,0.0000,0.0000,0.0063,0.0001,200,0.2615
0.0065,0.0000,0.0000,0.0000,0.0064,0.0000,200,0.2617
0.0080,0.0000,0.0000,0.0000,0.0080,0.0000,200,0.2615
0.0064,0.0000,0.0000,0.0000,0.0063,0.0001,200,0.2682
0.0064,0.0000,0.0000,0.0000,0.0063,0.0001,200,0.2682
0.0066,0.0000,0.0000,0.0000,0.0066,0.0000,200,0.2680
0.0099,0.0000,0.0000,0.0000,0.0098,0.0000,200,0.2695
0.0066,0.0000,0.0000,0.0000,0.0065,0.0000,200,0.2745
0.0067,0.0000,0.0000,0.0000,0.0065,0.0000,200,0.2745
0.0067,0.0000,0.0000,0.0000,0.0066,0.0000,200,0.2746
0.0064,0.0000,0.0000,0.0000,0.0063,0.0001,200,0.2794
0.0062,0.0000,0.0000,0.0000,0.0061,0.0000,200,0.2811
0.0061,0.0000,0.0000,0.0000,0.0060,0.0000,200,0.2812
0.0076,0.0000,0.0000,0.0000,0.0075,0.0001,200,0.2813
0.0064,0.0000,0.0000,0.0000,0.0063,0.0001,200,0.2859
0.0063,0.0000,0.0000,0.0000,0.0062,0.0000,200,0.2873
0.0064,0.0000,0.0000,0.0000,0.0064,0.0000,200,0.2873
0.0072,0.0000,0.0000,0.0000,0.0071,0.0001,200,0.2889
0.0064,0.0000,0.0000,0.0000,0.0063,0.0001,200,0.2923
0.0062,0.0000,0.0000,0.0000,0.0061,0.0000,200,0.2936
0.0062,0.0000,0.0000,0.0000,0.0061,0.0000,200,0.2938
0.0063,0.0000,0.0000,0.0000,0.0062,0.0001,200,0.2961
0.0063,0.0000,0.0000,0.0000,0.0062,0.0001,200,0.2987
0.0060,0.0000,0.0000,0.0000,0.0060,0.0000,200,0.3000
0.0062,0.0000,0.0000,0.0000,0.0061,0.0000,200,0.2997
0.0076,0.0000,0.0000,0.0000,0.0075,0.0001,200,0.3024
0.0064,0.0000,0.0000,0.0000,0.0063,0.0001,200,0.3050
0.0063,0.0000,0.0000,0.0000,0.0062,0.0001,200,0.3060
0.0064,0.0000,0.0000,0.0000,0.0064,0.0000,200,0.3060
0.0067,0.0000,0.0000,0.0000,0.0066,0.0001,200,0.3100
0.0062,0.0000,0.0000,0.0000,0.0061,0.0000,200,0.3114
0.0064,0.0000,0.0000,0.0000,0.0063,0.0000,200,0.3124
0.0066,0.0000,0.0000,0.0000,0.0065,0.0000,200,0.3123
0.0075,0.0000,0.0000,0.0000,0.0074,0.0001,200,0.3167
0.0067,0.0000,0.0000,0.0000,0.0066,0.0000,200,0.3176
0.0065,0.0000,0.0000,0.0000,0.0064,0.0001,200,0.3189
0.0072,0.0000,0.0000,0.0000,0.0071,0.0000,200,0.3188
0.0067,0.0000,0.0000,0.0000,0.0066,0.0001,200,0.3242
0.0075,0.0000,0.0000,0.0000,0.0074,0.0000,200,0.3242
0.0063,0.0000,0.0000,0.0000,0.0063,0.0000,200,0.3254
0.0065,0.0000,0.0000,0.0000,0.0065,0.0000,200,0.3259
0.0065,0.0000,0.0000,0.0000,0.0064,0.0000,200,0.3309
0.0060,0.0000,0.0000,0.0000,0.0060,0.0000,200,0.3317
0.0064,0.0000,0.0000,0.0000,0.0063,0.0000,200,0.3317
0.0063,0.0000,0.0000,0.0000,0.0062,0.0001,200,0.3325
0.0063,0.0000,0.0000,0.0000,0.0062,0.0000,200,0.3377
0.0066,0.0000,0.0000,0.0000,0.0065,0.0000,200,0.3374
0.0065,0.0000,0.0000,0.0000,0.0062,0.0003,200,0.3381
0.0076,0.0000,0.0000,0.0000,0.0075,0.0001,200,0.3388
0.0067,0.0000,0.0000,0.0000,0.0066,0.0000,200,0.3440
0.0070,0.0000,0.0000,0.0000,0.0069,0.0001,200,0.3440
0.0066,0.0000,0.0000,0.0000,0.0066,0.0000,200,0.3446
0.0063,0.0000,0.0000,0.0000,0.0062,0.0001,200,0.3463
0.0062,0.0000,0.0000,0.0000,0.0061,0.0000,200,0.3511
0.0061,0.0000,0.0000,0.0000,0.0061,0.0000,200,0.3512
0.0067,0.0000,0.0000,0.0000,0.0063,0.0003,200,0.3507
0.0061,0.0000,0.0000,0.0000,0.0060,0.0000,200,0.3526
0.0061,0.0000,0.0000,0.0000,0.0060,0.0000,200,0.3573
0.0062,0.0000,0.0000,0.0000,0.0061,0.0000,200,0.3573
0.0061,0.0000,0.0000,0.0000,0.0061,0.0000,200,0.3574
0.0063,0.0000,0.0000,0.0000,0.0062,0.0001,200,0.3587
0.0065,0.0000,0.0000,0.0000,0.0064,0.0000,200,0.3635
0.0065,0.0000,0.0000,0.0000,0.0064,0.0000,200,0.3635
0.0066,0.0000,0.0000,0.0000,0.0064,0.0001,200,0.3635
0.0073,0.0000,0.0000,0.0000,0.0072,0.0001,200,0.3650
0.0064,0.0000,0.0000,0.0000,0.0063,0.0001,200,0.3700
0.0067,0.0000,0.0000,0.0000,0.0067,0.0000,200,0.3700
0.0068,0.0000,0.0000,0.0000,0.0067,0.0000,200,0.3701
0.0088,0.0000,0.0000,0.0000,0.0086,0.0001,200,0.3723
0.0066,0.0000,0.0000,0.0000,0.0065,0.0000,200,0.3764
0.0063,0.0000,0.0000,0.0000,0.0063,0.0000,200,0.3767
0.0063,0.0000,0.0000,0.0000,0.0062,0.0000,200,0.3768
0.0070,0.0000,0.0000,0.0000,0.0066,0.0001,200,0.3811
0.0061,0.0000,0.0000,0.0000,0.0061,0.0000,200,0.3830
0.0071,0.0000,0.0000,0.0000,0.0068,0.0001,200,0.3830
0.0070,0.0000,0.0000,0.0000,0.0069,0.0000,200,0.3831
0.0071,0.0000,0.0000,0.0000,0.0070,0.0001,200,0.3881
0.0061,0.0000,0.0000,0.0000,0.0060,0.0000,200,0.3891
0.0065,0.0000,0.0000,0.0000,0.0064,0.0000,200,0.3900
0.0069,0.0000,0.0000,0.0000,0.0069,0.0000,200,0.3900
0.0063,0.0000,0.0000,0.0000,0.0062,0.0001,200,0.3952
0.0063,0.0000,0.0000,0.0000,0.0062,0.0001,200,0.3952
0.0072,0.0000,0.0000,0.0000,0.0071,0.0001,200,0.3965
0.0071,0.0000,0.0000,0.0000,0.0070,0.0000,200,0.3970
0.0063,0.0000,0.0000,0.0000,0.0062,0.0001,200,0.4015
0.0063,0.0000,0.0000,0.0000,0.0062,0.0001,200,0.4015
0.0071,0.0000,0.0000,0.0000,0.0071,0.0001,200,0.4041
0.0077,0.0000,0.0000,0.0000,0.0076,0.0000,200,0.4037
0.0063,0.0000,0.0000,0.0000,0.0062,0.0001,200,0.4078
0.0063,0.0000,0.0000,0.0000,0.0063,0.0000,200,0.4078
0.0065,0.0000,0.0000,0.0000,0.0064,0.0000,200,0.4113
0.0064,0.0000,0.0000,0.0000,0.0063,0.0000,200,0.4114
0.0065,0.0000,0.0000,0.0000,0.0063,0.0001,200,0.4141
0.0072,0.0000,0.0000,0.0000,0.0071,0.0000,200,0.4141
0.0064,0.0000,0.0000,0.0000,0.0062,0.0001,200,0.4177
0.0064,0.0000,0.0000,0.0000,0.0064,0.0000,200,0.4177
0.0064,0.0000,0.0000,0.0000,0.0063,0.0001,200,0.4213
0.0073,0.0000,0.0000,0.0000,0.0072,0.0000,200,0.4206
0.0061,0.0000,0.0000,0.0000,0.0060,0.0001,200,0.4241
0.0061,0.0000,0.0000,0.0000,0.0061,0.0000,200,0.4242
0.0063,0.0000,0.0000,0.0000,0.0062,0.0001,200,0.4277
0.0063,0.0000,0.0000,0.0000,0.0062,0.0000,200,0.4278
0.0067,0.0000,0.0000,0.0000,0.0066,0.0000,200,0.4302
0.0067,0.0000,0.0000,0.0000,0.0067,0.0000,200,0.4303
0.0064,0.0000,0.0000,0.0000,0.0063,0.0000,200,0.4341
0.0064,0.0000,0.0000,0.0000,0.0064,0.0000,200,0.4341
0.0064,0.0000,0.0000,0.0000,0.0063,0.0001,200,0.4370
0.0069,0.0000,0.0000,0.0000,0.0068,0.0000,200,0.4370
0.0062,0.0000,0.0000,0.0000,0.0061,0.0000,200,0.4405
0.0062,0.0000,0.0000,0.0000,0.0061,0.0000,200,0.4405
0.0066,0.0000,0.0000,0.0000,0.0065,0.0001,200,0.4433
0.0061,0.0000,0.0000,0.0000,0.0060,0.0000,200,0.4439
0.0061,0.0000,0.0000,0.0000,0.0061,0.0000,200,0.4467
0.0062,0.0000,0.0000,0.0000,0.0061,0.0000,200,0.4466
0.0065,0.0000,0.0000,0.0000,0.0064,0.0001,200,0.4499
0.0064,0.0000,0.0000,0.0000,0.0063,0.0000,200,0.4500
0.0067,0.0000,0.0000,0.0001,0.0064,0.0001,200,0.4528
0.0067,0.0000,0.0000,0.0001,0.0064,0.0000,200,0.4528
0.0064,0.0000,0.0000,0.0000,0.0063,0.0001,200,0.4563
0.0064,0.0000,0.0000,0.0000,0.0064,0.0000,200,0.4564
0.0064,0.0000,0.0000,0.0000,0.0063,0.0001,200,0.4596
0.0064,0.0000,0.0000,0.0000,0.0063,0.0000,200,0.4595
0.0062,0.0000,0.0000,0.0000,0.0061,0.0001,200,0.4628
0.0063,0.0000,0.0000,0.0000,0.0062,0.0000,200,0.4628
0.0067,0.0000,0.0000,0.0000,0.0066,0.0001,200,0.4660
0.0067,0.0000,0.0000,0.0000,0.0066,0.0001,200,0.4660
0.0064,0.0000,0.0000,0.0000,0.0063,0.0000,200,0.4691
0.0064,0.0000,0.0000,0.0000,0.0063,0.0000,200,0.4691
0.0066,0.0000,0.0000,0.0000,0.0065,0.0001,200,0.4727
0.0069,0.0000,0.0000,0.0000,0.0068,0.0000,200,0.4726
0.0063,0.0000,0.0000,0.0000,0.0062,0.0000,200,0.4754
0.0065,0.0000,0.0000,0.0000,0.0064,0.0000,200,0.4754
0.0061,0.0000,0.0000,0.0000,0.0061,0.0001,200,0.4795
0.0065,0.0000,0.0000,0.0000,0.0064,0.0000,200,0.4793
0.0065,0.0000,0.0000,0.0000,0.0064,0.0000,200,0.4818
0.0063,0.0000,0.0000,0.0000,0.0063,0.0000,200,0.4819
0.0064,0.0000,0.0000,0.0000,0.0063,0.0000,200,0.4856
0.0063,0.0000,0.0000,0.0000,0.0062,0.0000,200,0.4857
0.0065,0.0000,0.0000,0.0000,0.0064,0.0001,200,0.4882
0.0065,0.0000,0.0000,0.0000,0.0064,0.0000,200,0.4882
0.0069,0.0000,0.0000,0.0000,0.0068,0.0001,200,0.4920
0.0069,0.0000,0.0000,0.0000,0.0068,0.0001,200,0.4920
0.0071,0.0000,0.0000,0.0000,0.0070,0.0001,200,0.4947
0.0082,0.0000,0.0000,0.0000,0.0081,0.0001,200,0.4947
0.0088,0.0000,0.0000,0.0000,0.0087,0.0001,200,0.4989
0.0090,0.0000,0.0000,0.0000,0.0089,0.0000,200,0.4989
0.0074,0.0000,0.0000,0.0000,0.0073,0.0001,200,0.5018
0.0065,0.0000,0.0000,0.0000,0.0064,0.0000,200,0.5029
0.0066,0.0000,0.0000,0.0000,0.0065,0.0001,200,0.5079
0.0073,0.0000,0.0000,0.0001,0.0072,0.0000,200,0.5077
0.0063,0.0000,0.0000,0.0000,0.0063,0.0000,200,0.5094
0.0098,0.0000,0.0000,0.0000,0.0097,0.0001,200,0.5093
0.0072,0.0000,0.0000,0.0000,0.0071,0.0000,200,0.5145
0.0066,0.0000,0.0000,0.0000,0.0066,0.0000,200,0.5151
0.0089,0.0000,0.0000,0.0000,0.0088,0.0001,200,0.5157
0.0062,0.0000,0.0000,0.0000,0.0061,0.0000,200,0.5191
0.0063,0.0000,0.0000,0.0000,0.0062,0.0000,200,0.5217
0.0064,0.0000,0.0000,0.0000,0.0064,0.0000,200,0.5217
0.0063,0.0000,0.0000,0.0000,0.0063,0.0000,200,0.5246
0.0070,0.0000,0.0000,0.0000,0.0069,0.0000,200,0.5253
0.0064,0.0000,0.0000,0.0000,0.0063,0.0001,200,0.5280
0.0065,0.0000,0.0000,0.0000,0.0064,0.0000,200,0.5281
0.0063,0.0000,0.0000,0.0000,0.0062,0.0000,200,0.5323
0.0076,0.0000,0.0000,0.0000,0.0076,0.0000,200,0.5310
0.0062,0.0000,0.0000,0.0000,0.0061,0.0000,200,0.5346
0.0065,0.0000,0.0000,0.0000,0.0064,0.0000,200,0.5344
0.0062,0.0000,0.0000,0.0000,0.0061,0.0001,200,0.5386
0.0063,0.0000,0.0000,0.0000,0.0062,0.0000,200,0.5386
0.0061,0.0000,0.0000,0.0000,0.0060,0.0000,200,0.5408
0.0062,0.0000,0.0000,0.0000,0.0062,0.0000,200,0.5409
0.0064,0.0000,0.0000,0.0000,0.0063,0.0000,200,0.5449
0.0065,0.0000,0.0000,0.0000,0.0064,0.0001,200,0.5448
0.0063,0.0000,0.0000,0.0000,0.0062,0.0000,200,0.5469
0.0062,0.0000,0.0000,0.0000,0.0061,0.0000,200,0.5471
0.0062,0.0000,0.0000,0.0000,0.0061,0.0001,200,0.5513
0.0062,0.0000,0.0000,0.0000,0.0062,0.0000,200,0.5513
0.0061,0.0000,0.0000,0.0000,0.0060,0.0000,200,0.5532
0.0063,0.0000,0.0000,0.0000,0.0062,0.0000,200,0.5532
0.0064,0.0000,0.0000,0.0000,0.0063,0.0001,200,0.5575
0.0067,0.0000,0.0000,0.0000,0.0066,0.0000,200,0.5575
0.0065,0.0000,0.0000,0.0000,0.0064,0.0001,200,0.5594
0.0065,0.0000,0.0000,0.0000,0.0065,0.0000,200,0.5594
0.0070,0.0000,0.0000,0.0000,0.0069,0.0001,200,0.5639
0.0068,0.0000,0.0000,0.0000,0.0068,0.0000,200,0.5642
0.0072,0.0000,0.0000,0.0000,0.0071,0.0000,200,0.5658
0.0074,0.0000,0.0000,0.0000,0.0073,0.0000,200,0.5659
0.0063,0.0000,0.0000,0.0000,0.0062,0.0001,200,0.5710
0.0065,0.0000,0.0000,0.0000,0.0064,0.0000,200,0.5709
0.0063,0.0000,0.0000,0.0000,0.0063,0.0000,200,0.5733
0.0067,0.0000,0.0000,0.0000,0.0066,0.0000,200,0.5730
0.0063,0.0000,0.0000,0.0000,0.0062,0.0001,200,0.5773
0.0064,0.0000,0.0000,0.0000,0.0064,0.0000,200,0.5774
0.0063,0.0000,0.0000,0.0000,0.0062,0.0001,200,0.5797
0.0064,0.0000,0.0000,0.0000,0.0064,0.0000,200,0.5796
0.0063,0.0000,0.0000,0.0000,0.0062,0.0001,200,0.5836
0.0061,0.0000,0.0000,0.0000,0.0061,0.0000,200,0.5838
0.0062,0.0000,0.0000,0.0000,0.0061,0.0000,200,0.5859
0.0061,0.0000,0.0000,0.0000,0.0061,0.0000,200,0.5861
0.0070,0.0000,0.0000,0.0000,0.0069,0.0001,200,0.5900
0.0073,0.0000,0.0000,0.0000,0.0073,0.0000,200,0.5899
0.0062,0.0000,0.0000,0.0000,0.0061,0.0000,200,0.5922
0.0064,0.0000,0.0000,0.0000,0.0063,0.0000,200,0.5922
0.0066,0.0000,0.0000,0.0000,0.0064,0.0001,200,0.5970
0.0063,0.0000,0.0000,0.0000,0.0063,0.0000,200,0.5972
0.0067,0.0000,0.0000,0.0000,0.0066,0.0001,200,0.5983
0.0066,0.0000,0.0000,0.0000,0.0066,0.0000,200,0.5985
0.0071,0.0000,0.0000,0.0000,0.0070,0.0001,200,0.6036
0.0071,0.0000,0.0000,0.0000,0.0070,0.0001,200,0.6036
0.0078,0.0000,0.0000,0.0000,0.0077,0.0001,200,0.6050
0.0078,0.0000,0.0000,0.0000,0.0077,0.0000,200,0.6051
0.0065,0.0000,0.0000,0.0000,0.0064,0.0000,200,0.6107
0.0065,0.0000,0.0000,0.0000,0.0063,0.0001,200,0.6107
0.0068,0.0000,0.0000,0.0000,0.0067,0.0000,200,0.6128
0.0068,0.0000,0.0000,0.0000,0.0067,0.0000,200,0.6129
0.0062,0.0000,0.0000,0.0000,0.0062,0.0000,200,0.6171
0.0062,0.0000,0.0000,0.0000,0.0062,0.0000,200,0.6171
0.0061,0.0000,0.0000,0.0000,0.0061,0.0001,200,0.6197
0.0062,0.0000,0.0000,0.0000,0.0062,0.0000,200,0.6197
0.0068,0.0000,0.0000,0.0000,0.0067,0.0001,200,0.6234
0.0069,0.0000,0.0000,0.0000,0.0069,0.0000,200,0.6234
0.0067,0.0000,0.0000,0.0000,0.0066,0.0001,200,0.6258
0.0067,0.0000,0.0000,0.0000,0.0066,0.0000,200,0.6259
0.0072,0.0000,0.0000,0.0000,0.0071,0.0001,200,0.6301
0.0072,0.0000,0.0000,0.0000,0.0071,0.0001,200,0.6303
0.0064,0.0000,0.0000,0.0000,0.0063,0.0000,200,0.6326
0.0065,0.0000,0.0000,0.0000,0.0064,0.0000,200,0.6325
0.0063,0.0000,0.0000,0.0000,0.0062,0.0000,200,0.6374
0.0062,0.0000,0.0000,0.0000,0.0062,0.0000,200,0.6374
0.0062,0.0000,0.0000,0.0000,0.0061,0.0000,200,0.6389
0.0081,0.0000,0.0000,0.0000,0.0081,0.0001,200,0.6390
0.0073,0.0000,0.0000,0.0000,0.0072,0.0001,200,0.6437
0.0073,0.0000,0.0000,0.0000,0.0072,0.0001,200,0.6437
0.0066,0.0000,0.0000,0.0000,0.0065,0.0000,200,0.6451
0.0074,0.0000,0.0000,0.0000,0.0072,0.0001,200,0.6471
0.0065,0.0000,0.0000,0.0000,0.0064,0.0000,200,0.6510
0.0065,0.0000,0.0000,0.0000,0.0064,0.0000,200,0.6510
0.0065,0.0000,0.0000,0.0000,0.0064,0.0000,200,0.6517
0.0064,0.0000,0.0000,0.0000,0.0063,0.0001,200,0.6545
0.0063,0.0000,0.0000,0.0000,0.0062,0.0001,200,0.6575
0.0064,0.0000,0.0000,0.0000,0.0064,0.0000,200,0.6575
0.0063,0.0000,0.0000,0.0000,0.0062,0.0001,200,0.6581
0.0074,0.0000,0.0000,0.0000,0.0073,0.0001,200,0.6608
0.0064,0.0000,0.0000,0.0000,0.0062,0.0001,200,0.6638
0.0072,0.0000,0.0000,0.0000,0.0071,0.0000,200,0.6639
0.0067,0.0000,0.0000,0.0000,0.0066,0.0000,200,0.6644
0.0066,0.0000,0.0000,0.0000,0.0064,0.0001,200,0.6682
0.0066,0.0000,0.0000,0.0000,0.0065,0.0001,200,0.6702
0.0063,0.0000,0.0000,0.0000,0.0062,0.0000,200,0.6711
0.0063,0.0000,0.0000,0.0000,0.0062,0.0000,200,0.6711
0.0063,0.0000,0.0000,0.0000,0.0062,0.0001,200,0.6748
0.0063,0.0000,0.0000,0.0000,0.0062,0.0001,200,0.6768
0.0063,0.0000,0.0000,0.0000,0.0062,0.0000,200,0.6774
0.0064,0.0000,0.0000,0.0000,0.0063,0.0000,200,0.6774
0.0065,0.0000,0.0000,0.0000,0.0064,0.0001,200,0.6811
0.0063,0.0000,0.0000,0.0000,0.0062,0.0000,200,0.6831
0.0060,0.0000,0.0000,0.0000,0.0059,0.0000,200,0.6837
0.0061,0.0000,0.0000,0.0000,0.0060,0.0000,200,0.6837
0.0065,0.0000,0.0000,0.0000,0.0064,0.0001,200,0.6877
0.0062,0.0000,0.0000,0.0000,0.0061,0.0001,200,0.6894
0.0063,0.0000,0.0000,0.0000,0.0062,0.0000,200,0.6897
0.0061,0.0000,0.0000,0.0000,0.0060,0.0000,200,0.6898
0.0063,0.0000,0.0000,0.0000,0.0062,0.0001,200,0.6942
0.0062,0.0000,0.0000,0.0000,0.0061,0.0001,200,0.6956
0.0062,0.0000,0.0000,0.0000,0.0062,0.0000,200,0.6959
0.0088,0.0000,0.0000,0.0000,0.0087,0.0000,200,0.6959
0.0062,0.0000,0.0000,0.0000,0.0062,0.0000,200,0.7004
0.0061,0.0000,0.0000,0.0000,0.0060,0.0000,200,0.7022
0.0065,0.0000,0.0000,0.0000,0.0064,0.0000,200,0.7018
0.0065,0.0000,0.0000,0.0000,0.0064,0.0001,200,0.7047
0.0063,0.0000,0.0000,0.0000,0.0062,0.0001,200,0.7067
0.0070,0.0000,0.0000,0.0000,0.0070,0.0000,200,0.7082
0.0070,0.0000,0.0000,0.0000,0.0069,0.0000,200,0.7083
0.0065,0.0000,0.0000,0.0000,0.0064,0.0001,200,0.7112
0.0066,0.0000,0.0000,0.0000,0.0065,0.0000,200,0.7130
0.0061,0.0000,0.0000,0.0000,0.0060,0.0000,200,0.7153
0.0062,0.0000,0.0000,0.0000,0.0061,0.0000,200,0.7153
0.0063,0.0000,0.0000,0.0000,0.0062,0.0000,200,0.7177
0.0062,0.0000,0.0000,0.0000,0.0061,0.0000,200,0.7196
0.0060,0.0000,0.0000,0.0000,0.0060,0.0000,200,0.7215
0.0062,0.0000,0.0000,0.0000,0.0060,0.0002,200,0.7213
0.0066,0.0000,0.0000,0.0000,0.0065,0.0000,200,0.7240
0.0063,0.0000,0.0000,0.0000,0.0062,0.0001,200,0.7258
0.0062,0.0000,0.0000,0.0000,0.0061,0.0001,200,0.7275
0.0062,0.0000,0.0000,0.0000,0.0061,0.0000,200,0.7276
0.0064,0.0000,0.0000,0.0000,0.0063,0.0000,200,0.7305
0.0063,0.0000,0.0000,0.0000,0.0062,0.0000,200,0.7320
0.0063,0.0000,0.0000,0.0000,0.0062,0.0000,200,0.7338
0.0064,0.0000,0.0000,0.0000,0.0064,0.0000,200,0.7337
0.0060,0.0000,0.0000,0.0000,0.0060,0.0000,200,0.7369
0.0061,0.0000,0.0000,0.0000,0.0060,0.0001,200,0.7383
0.0062,0.0000,0.0000,0.0000,0.0061,0.0000,200,0.7402
0.0064,0.0000,0.0000,0.0000,0.0062,0.0002,200,0.7400
0.0061,0.0000,0.0000,0.0000,0.0060,0.0000,200,0.7429
0.0078,0.0000,0.0000,0.0000,0.0077,0.0001,200,0.7444
0.0070,0.0000,0.0000,0.0000,0.0069,0.0001,200,0.7465
0.0072,0.0000,0.0000,0.0000,0.0072,0.0000,200,0.7463
0.0063,0.0000,0.0000,0.0000,0.0062,0.0001,200,0.7490
0.0064,0.0000,0.0000,0.0000,0.0063,0.0001,200,0.7522
0.0061,0.0000,0.0000,0.0000,0.0061,0.0000,200,0.7535
0.0063,0.0000,0.0000,0.0000,0.0063,0.0000,200,0.7536
0.0060,0.0000,0.0000,0.0000,0.0059,0.0000,200,0.7552
0.0063,0.0000,0.0000,0.0000,0.0061,0.0001,200,0.7586
0.0063,0.0000,0.0000,0.0000,0.0062,0.0000,200,0.7596
0.0061,0.0000,0.0000,0.0000,0.0061,0.0000,200,0.7599
0.0065,0.0000,0.0000,0.0000,0.0064,0.0000,200,0.7612
0.0065,0.0000,0.0000,0.0000,0.0064,0.0001,200,0.7649
0.0070,0.0000,0.0000,0.0001,0.0069,0.0001,200,0.7660
0.0074,0.0000,0.0000,0.0000,0.0073,0.0000,200,0.7659
0.0063,0.0000,0.0000,0.0000,0.0062,0.0001,200,0.7677
0.0065,0.0000,0.0000,0.0000,0.0064,0.0001,200,0.7713
0.0064,0.0000,0.0000,0.0000,0.0063,0.0001,200,0.7733
0.0067,0.0000,0.0000,0.0000,0.0067,0.0000,200,0.7730
0.0062,0.0000,0.0000,0.0000,0.0062,0.0000,200,0.7740
0.0071,0.0000,0.0000,0.0000,0.0070,0.0001,200,0.7778
0.0060,0.0000,0.0000,0.0000,0.0060,0.0000,200,0.7802
0.0066,0.0000,0.0000,0.0000,0.0064,0.0001,200,0.7798
0.0077,0.0000,0.0000,0.0000,0.0076,0.0000,200,0.7797
0.0064,0.0000,0.0000,0.0000,0.0063,0.0001,200,0.7849
0.0062,0.0000,0.0000,0.0000,0.0061,0.0000,200,0.7863
0.0065,0.0000,0.0000,0.0000,0.0064,0.0001,200,0.7864
0.0066,0.0000,0.0000,0.0000,0.0065,0.0000,200,0.7874
0.0063,0.0000,0.0000,0.0000,0.0062,0.0001,200,0.7913
0.0064,0.0000,0.0000,0.0000,0.0063,0.0000,200,0.7925
0.0061,0.0000,0.0000,0.0000,0.0060,0.0000,200,0.7928
0.0060,0.0000,0.0000,0.0000,0.0059,0.0001,200,0.7940
0.0064,0.0000,0.0000,0.0000,0.0063,0.0001,200,0.7976
0.0060,0.0000,0.0000,0.0000,0.0059,0.0000,200,0.7990
0.0061,0.0000,0.0000,0.0000,0.0060,0.0000,200,0.7989
0.0061,0.0000,0.0000,0.0000,0.0060,0.0001,200,0.8000
0.0062,0.0000,0.0000,0.0000,0.0061,0.0001,200,0.8040
0.0060,0.0000,0.0000,0.0000,0.0060,0.0000,200,0.8050
0.0061,0.0000,0.0000,0.0000,0.0060,0.0000,200,0.8050
0.0085,0.0000,0.0000,0.0000,0.0084,0.0001,200,0.8061
0.0063,0.0000,0.0000,0.0000,0.0062,0.0001,200,0.8103
0.0062,0.0000,0.0000,0.0000,0.0062,0.0000,200,0.8110
0.0063,0.0000,0.0000,0.0000,0.0062,0.0000,200,0.8110
0.0067,0.0000,0.0000,0.0000,0.0065,0.0001,200,0.8146
0.0064,0.0000,0.0000,0.0000,0.0063,0.0000,200,0.8166
0.0067,0.0000,0.0000,0.0000,0.0066,0.0000,200,0.8172
0.0067,0.0000,0.0000,0.0000,0.0066,0.0000,200,0.8173
0.0072,0.0000,0.0000,0.0000,0.0071,0.0001,200,0.8213
0.0074,0.0000,0.0000,0.0000,0.0074,0.0001,200,0.8229
0.0065,0.0000,0.0000,0.0000,0.0064,0.0001,200,0.8239
0.0066,0.0000,0.0000,0.0000,0.0065,0.0001,200,0.8239
0.0066,0.0000,0.0000,0.0000,0.0063,0.0002,200,0.8285
0.0063,0.0000,0.0000,0.0000,0.0063,0.0000,200,0.8305
0.0064,0.0000,0.0000,0.0000,0.0064,0.0000,200,0.8304
0.0065,0.0000,0.0000,0.0000,0.0064,0.0000,200,0.8304
0.0063,0.0000,0.0000,0.0000,0.0062,0.0000,200,0.8351
0.0065,0.0000,0.0000,0.0000,0.0064,0.0001,200,0.8368
0.0065,0.0000,0.0000,0.0000,0.0065,0.0000,200,0.8368
0.0068,0.0000,0.0000,0.0000,0.0067,0.0000,200,0.8368
0.0066,0.0000,0.0000,0.0000,0.0065,0.0001,200,0.8414
0.0065,0.0000,0.0000,0.0000,0.0064,0.0001,200,0.8434
0.0066,0.0000,0.0000,0.0000,0.0065,0.0001,200,0.8436
0.0071,0.0000,0.0000,0.0000,0.0070,0.0000,200,0.8433
0.0078,0.0000,0.0000,0.0000,0.0076,0.0001,200,0.8479
0.0063,0.0000,0.0000,0.0000,0.0062,0.0001,200,0.8499
0.0063,0.0000,0.0000,0.0000,0.0062,0.0000,200,0.8502
0.0062,0.0000,0.0000,0.0000,0.0062,0.0000,200,0.8504
0.0065,0.0000,0.0000,0.0000,0.0064,0.0001,200,0.8562
0.0062,0.0000,0.0000,0.0000,0.0061,0.0000,200,0.8565
0.0061,0.0000,0.0000,0.0000,0.0060,0.0001,200,0.8566
0.0071,0.0000,0.0000,0.0000,0.0070,0.0000,200,0.8557
0.0064,0.0000,0.0000,0.0000,0.0063,0.0001,200,0.8628
0.0065,0.0000,0.0000,0.0000,0.0064,0.0001,200,0.8627
0.0068,0.0000,0.0000,0.0000,0.0067,0.0000,200,0.8627
0.0070,0.0000,0.0000,0.0000,0.0069,0.0000,200,0.8627
0.0063,0.0000,0.0000,0.0000,0.0062,0.0000,200,0.8691
0.0062,0.0000,0.0000,0.0000,0.0061,0.0001,200,0.8695
0.0065,0.0000,0.0000,0.0000,0.0064,0.0001,200,0.8691
0.0063,0.0000,0.0000,0.0000,0.0062,0.0000,200,0.8697
0.0066,0.0000,0.0000,0.0000,0.0064,0.0001,200,0.8754
0.0072,0.0000,0.0000,0.0001,0.0070,0.0000,200,0.8757
0.0070,0.0000,0.0000,0.0000,0.0069,0.0000,200,0.8760
0.0072,0.0000,0.0000,0.0000,0.0071,0.0000,200,0.8757
0.0073,0.0000,0.0000,0.0000,0.0073,0.0000,200,0.8829
0.0083,0.0000,0.0000,0.0000,0.0081,0.0001,200,0.8820
0.0074,0.0000,0.0000,0.0000,0.0074,0.0000,200,0.8829
0.0074,0.0000,0.0000,0.0000,0.0072,0.0002,200,0.8829
0.0068,0.0000,0.0000,0.0000,0.0068,0.0000,200,0.8902
0.0068,0.0000,0.0000,0.0000,0.0067,0.0001,200,0.8903
0.0083,0.0000,0.0000,0.0000,0.0080,0.0001,200,0.8903
0.0085,0.0000,0.0000,0.0001,0.0075,0.0009,200,0.8903
0.0071,0.0000,0.0000,0.0000,0.0070,0.0001,200,0.8971
0.0072,0.0000,0.0000,0.0000,0.0071,0.0001,200,0.8971
0.0067,0.0000,0.0000,0.0000,0.0066,0.0001,200,0.8986
0.0067,0.0000,0.0000,0.0000,0.0066,0.0000,200,0.8988
0.0075,0.0000,0.0000,0.0000,0.0074,0.0001,200,0.9042
0.0064,0.0000,0.0000,0.0000,0.0064,0.0000,200,0.9053
0.0075,0.0000,0.0000,0.0001,0.0074,0.0000,200,0.9043
0.0065,0.0000,0.0000,0.0000,0.0065,0.0000,200,0.9055
0.0068,0.0000,0.0000,0.0000,0.0067,0.0001,200,0.9117
0.0084,0.0000,0.0000,0.0000,0.0083,0.0000,200,0.9117
0.0084,0.0000,0.0000,0.0000,0.0084,0.0000,200,0.9117
0.0081,0.0000,0.0000,0.0000,0.0081,0.0000,200,0.9120
0.0076,0.0000,0.0000,0.0000,0.0075,0.0001,200,0.9185
0.0068,0.0000,0.0000,0.0000,0.0067,0.0000,200,0.9201
0.0068,0.0000,0.0000,0.0000,0.0067,0.0000,200,0.9201
0.0068,0.0000,0.0000,0.0000,0.0067,0.0000,200,0.9201
0.0069,0.0000,0.0000,0.0000,0.0068,0.0000,200,0.9269
0.0077,0.0000,0.0000,0.0000,0.0076,0.0000,200,0.9261
0.0070,0.0000,0.0000,0.0000,0.0069,0.0000,200,0.9269
0.0070,0.0000,0.0000,0.0000,0.0066,0.0004,200,0.9269
0.0074,0.0000,0.0000,0.0000,0.0073,0.0001,200,0.9339
0.0075,0.0000,0.0000,0.0000,0.0074,0.0000,200,0.9338
0.0076,0.0000,0.0000,0.0000,0.0070,0.0000,200,0.9338
0.0077,0.0000,0.0000,0.0000,0.0076,0.0000,200,0.9338
0.0063,0.0000,0.0000,0.0000,0.0062,0.0001,200,0.9414
0.0064,0.0000,0.0000,0.0000,0.0063,0.0000,200,0.9413
0.0063,0.0000,0.0000,0.0000,0.0062,0.0000,200,0.9414
0.0064,0.0000,0.0000,0.0000,0.0064,0.0000,200,0.9413
0.0063,0.0000,0.0000,0.0000,0.0063,0.0000,200,0.9477
0.0064,0.0000,0.0000,0.0000,0.0063,0.0000,200,0.9477
0.0065,0.0000,0.0000,0.0000,0.0064,0.0000,200,0.9478
0.0066,0.0000,0.0000,0.0000,0.0065,0.0000,200,0.9477
0.0064,0.0000,0.0000,0.0000,0.0063,0.0000,200,0.9541
0.0064,0.0000,0.0000,0.0000,0.0063,0.0000,200,0.9541
0.0063,0.0000,0.0000,0.0000,0.0062,0.0001,200,0.9542
0.0063,0.0000,0.0000,0.0000,0.0061,0.0001,200,0.9543
0.0062,0.0000,0.0000,0.0000,0.0061,0.0000,200,0.9606
0.0062,0.0000,0.0000,0.0000,0.0061,0.0001,200,0.9605
0.0062,0.0000,0.0000,0.0000,0.0061,0.0001,200,0.9605
0.0064,0.0000,0.0000,0.0000,0.0063,0.0000,200,0.9605
0.0066,0.0000,0.0000,0.0000,0.0065,0.0000,200,0.9667
0.0065,0.0000,0.0000,0.0000,0.0065,0.0000,200,0.9669
0.0067,0.0000,0.0000,0.0000,0.0066,0.0000,200,0.9667
0.0067,0.0000,0.0000,0.0000,0.0064,0.0003,200,0.9668
0.0065,0.0000,0.0000,0.0000,0.0065,0.0001,200,0.9735
0.0066,0.0000,0.0000,0.0000,0.0066,0.0000,200,0.9734
0.0066,0.0000,0.0000,0.0000,0.0066,0.0000,200,0.9734
0.0067,0.0000,0.0000,0.0000,0.0067,0.0000,200,0.9733
0.0068,0.0000,0.0000,0.0000,0.0067,0.0000,200,0.9800
0.0068,0.0000,0.0000,0.0000,0.0067,0.0001,200,0.9801
0.0068,0.0000,0.0000,0.0000,0.0068,0.0000,200,0.9800
0.0069,0.0000,0.0000,0.0000,0.0067,0.0001,200,0.9801
0.0067,0.0000,0.0000,0.0000,0.0066,0.0001,200,0.9869
0.0069,0.0000,0.0000,0.0000,0.0069,0.0000,200,0.9869
0.0085,0.0000,0.0000,0.0000,0.0084,0.0000,200,0.9869
0.0085,0.0000,0.0000,0.0000,0.0084,0.0001,200,0.9869
0.0064,0.0000,0.0000,0.0000,0.0063,0.0000,200,0.9936
0.0062,0.0000,0.0000,0.0000,0.0061,0.0000,200,0.9954
0.0063,0.0000,0.0000,0.0000,0.0062,0.0000,200,0.9954
0.0079,0.0000,0.0000,0.0000,0.0079,0.0000,200,0.9938
0.0065,0.0000,0.0000,0.0000,0.0064,0.0001,200,1.0000
0.0097,0.0000,0.0000,0.0000,0.0092,0.0004,200,1.0018
0.0098,0.0000,0.0000,0.0000,0.0094,0.0004,200,1.0017
0.0099,0.0000,0.0000,0.0000,0.0094,0.0005,200,1.0015
0.0080,0.0000,0.0000,0.0000,0.0079,0.0001,200,1.0065
0.0066,0.0000,0.0000,0.0000,0.0065,0.0000,200,1.0114
0.0067,0.0000,0.0000,0.0000,0.0065,0.0002,200,1.0115
0.0067,0.0000,0.0000,0.0000,0.0067,0.0000,200,1.0114
0.0069,0.0000,0.0000,0.0000,0.0068,0.0001,200,1.0145
0.0065,0.0000,0.0000,0.0000,0.0063,0.0001,200,1.0181
0.0064,0.0000,0.0000,0.0000,0.0064,0.0000,200,1.0182
0.0064,0.0000,0.0000,0.0000,0.0064,0.0000,200,1.0181
0.0084,0.0000,0.0000,0.0000,0.0083,0.0001,200,1.0215
0.0065,0.0000,0.0000,0.0000,0.0064,0.0001,200,1.0246
0.0067,0.0000,0.0000,0.0000,0.0066,0.0000,200,1.0246
0.0068,0.0000,0.0000,0.0000,0.0067,0.0000,200,1.0246
0.0065,0.0000,0.0000,0.0000,0.0064,0.0001,200,1.0313
0.0080,0.0000,0.0000,0.0000,0.0078,0.0001,200,1.0299
0.0070,0.0000,0.0000,0.0000,0.0069,0.0000,200,1.0311
0.0075,0.0000,0.0000,0.0000,0.0075,0.0000,200,1.0313
0.0068,0.0000,0.0000,0.0000,0.0067,0.0001,200,1.0379
0.0068,0.0000,0.0000,0.0000,0.0067,0.0001,200,1.0379
0.0066,0.0000,0.0000,0.0000,0.0066,0.0000,200,1.0380
0.0062,0.0000,0.0000,0.0000,0.0061,0.0001,200,1.0388
0.0065,0.0000,0.0000,0.0000,0.0064,0.0001,200,1.0447
0.0065,0.0000,0.0000,0.0000,0.0064,0.0001,200,1.0447
0.0066,0.0000,0.0000,0.0000,0.0066,0.0000,200,1.0447
0.0097,0.0000,0.0000,0.0000,0.0096,0.0001,200,1.0450
0.0067,0.0000,0.0000,0.0000,0.0066,0.0001,200,1.0512
0.0067,0.0000,0.0000,0.0000,0.0066,0.0000,200,1.0512
0.0066,0.0000,0.0000,0.0000,0.0065,0.0000,200,1.0513
0.0067,0.0000,0.0000,0.0000,0.0066,0.0001,200,1.0547
0.0069,0.0000,0.0000,0.0000,0.0064,0.0001,200,1.0579
0.0073,0.0000,0.0000,0.0001,0.0067,0.0000,200,1.0579
0.0073,0.0000,0.0000,0.0000,0.0067,0.0000,200,1.0579
0.0065,0.0000,0.0000,0.0000,0.0064,0.0000,200,1.0614
0.0071,0.0000,0.0000,0.0000,0.0070,0.0001,200,1.0648
0.0068,0.0000,0.0000,0.0000,0.0068,0.0000,200,1.0652
0.0068,0.0000,0.0000,0.0000,0.0067,0.0000,200,1.0652
0.0061,0.0000,0.0000,0.0000,0.0060,0.0000,200,1.0680
0.0065,0.0000,0.0000,0.0000,0.0065,0.0000,200,1.0719
0.0065,0.0000,0.0000,0.0000,0.0064,0.0000,200,1.0720
0.0065,0.0000,0.0000,0.0000,0.0064,0.0000,200,1.0720
0.0060,0.0000,0.0000,0.0000,0.0059,0.0000,200,1.0740
0.0064,0.0000,0.0000,0.0000,0.0063,0.0000,200,1.0785
0.0067,0.0000,0.0000,0.0000,0.0067,0.0000,200,1.0785
0.0071,0.0000,0.0000,0.0000,0.0071,0.0000,200,1.0785
0.0069,0.0000,0.0000,0.0000,0.0069,0.0000,200,1.0800
0.0062,0.0000,0.0000,0.0000,0.0061,0.0001,200,1.0852
0.0073,0.0000,0.0000,0.0000,0.0072,0.0000,200,1.0849
0.0063,0.0000,0.0000,0.0000,0.0063,0.0000,200,1.0870
0.0078,0.0000,0.0000,0.0000,0.0077,0.0000,200,1.0856
0.0063,0.0000,0.0000,0.0000,0.0062,0.0001,200,1.0914
0.0061,0.0000,0.0000,0.0000,0.0061,0.0000,200,1.0922
0.0060,0.0000,0.0000,0.0000,0.0060,0.0000,200,1.0933
0.0062,0.0000,0.0000,0.0000,0.0062,0.0000,200,1.0934
0.0064,0.0000,0.0000,0.0000,0.0063,0.0001,200,1.0977
0.0076,0.0000,0.0000,0.0000,0.0075,0.0001,200,1.0983
0.0069,0.0000,0.0000,0.0000,0.0069,0.0000,200,1.0993
0.0067,0.0000,0.0000,0.0000,0.0066,0.0000,200,1.0996
0.0082,0.0000,0.0000,0.0000,0.0077,0.0005,200,1.1041
0.0067,0.0000,0.0000,0.0000,0.0066,0.0000,200,1.1059
0.0063,0.0000,0.0000,0.0000,0.0063,0.0000,200,1.1062
0.0076,0.0000,0.0000,0.0000,0.0075,0.0000,200,1.1063
0.0068,0.0000,0.0000,0.0000,0.0067,0.0001,200,1.1123
0.0073,0.0000,0.0000,0.0000,0.0073,0.0000,200,1.1126
0.0073,0.0000,0.0000,0.0000,0.0073,0.0000,200,1.1126
0.0078,0.0000,0.0000,0.0000,0.0077,0.0001,200,1.1139
0.0070,0.0000,0.0000,0.0000,0.0069,0.0001,200,1.1191
0.0064,0.0000,0.0000,0.0000,0.0063,0.0000,200,1.1199
0.0073,0.0000,0.0000,0.0000,0.0072,0.0000,200,1.1199
0.0067,0.0000,0.0000,0.0000,0.0067,0.0000,200,1.1217
0.0065,0.0000,0.0000,0.0000,0.0064,0.0000,200,1.1262
0.0064,0.0000,0.0000,0.0000,0.0063,0.0000,200,1.1263
0.0062,0.0000,0.0000,0.0000,0.0061,0.0000,200,1.1272
0.0060,0.0000,0.0000,0.0000,0.0059,0.0000,200,1.1284
0.0068,0.0000,0.0000,0.0000,0.0067,0.0001,200,1.1326
0.0068,0.0000,0.0000,0.0000,0.0068,0.0000,200,1.1326
0.0063,0.0000,0.0000,0.0000,0.0062,0.0000,200,1.1344
0.0088,0.0000,0.0000,0.0000,0.0087,0.0001,200,1.1334
0.0067,0.0000,0.0000,0.0000,0.0066,0.0001,200,1.1407
0.0080,0.0000,0.0000,0.0000,0.0079,0.0000,200,1.1395
0.0080,0.0000,0.0000,0.0000,0.0079,0.0000,200,1.1395
0.0063,0.0000,0.0000,0.0000,0.0062,0.0000,200,1.1422
0.0062,0.0000,0.0000,0.0000,0.0061,0.0001,200,1.1474
0.0065,0.0000,0.0000,0.0000,0.0064,0.0000,200,1.1475
0.0066,0.0000,0.0000,0.0000,0.0065,0.0000,200,1.1475
0.0062,0.0000,0.0000,0.0000,0.0061,0.0000,200,1.1485
0.0068,0.0000,0.0000,0.0000,0.0067,0.0001,200,1.1536
0.0066,0.0000,0.0000,0.0000,0.0065,0.0000,200,1.1539
0.0064,0.0000,0.0000,0.0000,0.0064,0.0000,200,1.1546
0.0103,0.0000,0.0000,0.0000,0.0101,0.0001,200,1.1540
0.0063,0.0000,0.0000,0.0000,0.0062,0.0001,200,1.1605
0.0063,0.0000,0.0000,0.0000,0.0062,0.0000,200,1.1606
0.0061,0.0000,0.0000,0.0000,0.0060,0.0001,200,1.1610
0.0064,0.0000,0.0000,0.0000,0.0063,0.0001,200,1.1643
0.0060,0.0000,0.0000,0.0000,0.0060,0.0001,200,1.1671
0.0064,0.0000,0.0000,0.0000,0.0063,0.0001,200,1.1668
0.0064,0.0000,0.0000,0.0000,0.0064,0.0000,200,1.1669
0.0066,0.0000,0.0000,0.0000,0.0065,0.0001,200,1.1707
0.0062,0.0000,0.0000,0.0000,0.0061,0.0001,200,1.1732
0.0062,0.0000,0.0000,0.0000,0.0062,0.0000,200,1.1733
0.0064,0.0000,0.0000,0.0000,0.0063,0.0000,200,1.1732
0.0065,0.0000,0.0000,0.0000,0.0064,0.0001,200,1.1773
0.0060,0.0000,0.0000,0.0000,0.0059,0.0000,200,1.1795
0.0061,0.0000,0.0000,0.0000,0.0061,0.0000,200,1.1794
0.0062,0.0000,0.0000,0.0000,0.0062,0.0000,200,1.1796
0.0072,0.0000,0.0000,0.0000,0.0070,0.0001,200,1.1838
0.0062,0.0000,0.0000,0.0000,0.0061,0.0000,200,1.1856
0.0078,0.0000,0.0000,0.0000,0.0077,0.0001,200,1.1858
0.0089,0.0000,0.0000,0.0000,0.0083,0.0006,200,1.1855
0.0067,0.0000,0.0000,0.0000,0.0066,0.0001,200,1.1910
0.0061,0.0000,0.0000,0.0000,0.0061,0.0000,200,1.1917
0.0065,0.0000,0.0000,0.0000,0.0064,0.0000,200,1.1936
0.0087,0.0000,0.0000,0.0000,0.0086,0.0001,200,1.1945
0.0062,0.0000,0.0000,0.0000,0.0061,0.0000,200,1.1977
0.0064,0.0000,0.0000,0.0000,0.0063,0.0000,200,1.1978
0.0063,0.0000,0.0000,0.0000,0.0062,0.0001,200,1.2001
0.0065,0.0000,0.0000,0.0000,0.0064,0.0000,200,1.2032
0.0061,0.0000,0.0000,0.0000,0.0060,0.0000,200,1.2039
0.0060,0.0000,0.0000,0.0000,0.0059,0.0000,200,1.2042
0.0062,0.0000,0.0000,0.0000,0.0061,0.0000,200,1.2064
0.0062,0.0000,0.0000,0.0000,0.0062,0.0001,200,1.2096
0.0060,0.0000,0.0000,0.0000,0.0060,0.0000,200,1.2100
0.0063,0.0000,0.0000,0.0000,0.0062,0.0000,200,1.2102
0.0062,0.0000,0.0000,0.0000,0.0061,0.0001,200,1.2126
0.0061,0.0000,0.0000,0.0000,0.0060,0.0001,200,1.2165
0.0068,0.0000,0.0000,0.0000,0.0067,0.0000,200,1.2159
0.0066,0.0000,0.0000,0.0000,0.0066,0.0000,200,1.2161
0.0062,0.0000,0.0000,0.0000,0.0061,0.0001,200,1.2188
0.0067,0.0000,0.0000,0.0000,0.0066,0.0001,200,1.2226
0.0067,0.0000,0.0000,0.0000,0.0065,0.0001,200,1.2227
0.0068,0.0000,0.0000,0.0000,0.0067,0.0000,200,1.2226
0.0061,0.0000,0.0000,0.0000,0.0060,0.0000,200,1.2250
0.0064,0.0000,0.0000,0.0000,0.0063,0.0000,200,1.2293
0.0063,0.0000,0.0000,0.0000,0.0062,0.0000,200,1.2294
0.0063,0.0000,0.0000,0.0000,0.0062,0.0000,200,1.2294
0.0070,0.0000,0.0000,0.0000,0.0069,0.0001,200,1.2311
0.0065,0.0000,0.0000,0.0000,0.0064,0.0000,200,1.2357
0.0065,0.0000,0.0000,0.0000,0.0065,0.0000,200,1.2357
0.0066,0.0000,0.0000,0.0000,0.0064,0.0002,200,1.2357
0.0068,0.0000,0.0000,0.0000,0.0067,0.0001,200,1.2382
0.0062,0.0000,0.0000,0.0000,0.0061,0.0001,200,1.2422
0.0064,0.0000,0.0000,0.0000,0.0064,0.0000,200,1.2423
0.0066,0.0000,0.0000,0.0000,0.0065,0.0000,200,1.2422
0.0063,0.0000,0.0000,0.0000,0.0062,0.0000,200,1.2449
0.0066,0.0000,0.0000,0.0000,0.0065,0.0000,200,1.2487
0.0065,0.0000,0.0000,0.0000,0.0065,0.0001,200,1.2487
0.0068,0.0000,0.0000,0.0000,0.0067,0.0001,200,1.2484
0.0067,0.0000,0.0000,0.0000,0.0066,0.0001,200,1.2512
0.0065,0.0000,0.0000,0.0000,0.0064,0.0000,200,1.2553
0.0065,0.0000,0.0000,0.0000,0.0064,0.0000,200,1.2553
0.0065,0.0000,0.0000,0.0000,0.0064,0.0000,200,1.2553
0.0064,0.0000,0.0000,0.0000,0.0063,0.0000,200,1.2579
0.0062,0.0000,0.0000,0.0000,0.0061,0.0001,200,1.2618
0.0071,0.0000,0.0000,0.0000,0.0070,0.0000,200,1.2617
0.0089,0.0000,0.0000,0.0000,0.0088,0.0001,200,1.2618
0.0064,0.0000,0.0000,0.0000,0.0064,0.0000,200,1.2643
0.0090,0.0000,0.0000,0.0000,0.0089,0.0001,200,1.2680
0.0088,0.0000,0.0000,0.0000,0.0087,0.0000,200,1.2689
0.0070,0.0000,0.0000,0.0000,0.0069,0.0000,200,1.2707
0.0075,0.0000,0.0000,0.0000,0.0075,0.0000,200,1.2707
0.0070,0.0000,0.0000,0.0000,0.0069,0.0001,200,1.2770
0.0064,0.0000,0.0000,0.0000,0.0064,0.0001,200,1.2776
0.0065,0.0000,0.0000,0.0000,0.0064,0.0000,200,1.2777
0.0066,0.0000,0.0000,0.0000,0.0065,0.0000,200,1.2782
0.0065,0.0000,0.0000,0.0000,0.0064,0.0000,200,1.2841
0.0065,0.0000,0.0000,0.0000,0.0064,0.0000,200,1.2841
0.0065,0.0000,0.0000,0.0000,0.0065,0.0000,200,1.2841
0.0067,0.0000,0.0000,0.0000,0.0062,0.0005,200,1.2848
0.0065,0.0000,0.0000,0.0000,0.0065,0.0000,200,1.2906
0.0065,0.0000,0.0000,0.0000,0.0065,0.0000,200,1.2906
0.0065,0.0000,0.0000,0.0000,0.0064,0.0001,200,1.2906
0.0069,0.0000,0.0000,0.0000,0.0068,0.0000,200,1.2915
0.0064,0.0000,0.0000,0.0000,0.0063,0.0000,200,1.2971
0.0064,0.0000,0.0000,0.0000,0.0063,0.0001,200,1.2972
0.0065,0.0000,0.0000,0.0000,0.0065,0.0000,200,1.2971
0.0065,0.0000,0.0000,0.0000,0.0064,0.0000,200,1.2984
0.0062,0.0000,0.0000,0.0000,0.0062,0.0000,200,1.3037
0.0065,0.0000,0.0000,0.0000,0.0064,0.0000,200,1.3036
0.0065,0.0000,0.0000,0.0000,0.0064,0.0000,200,1.3036
0.0065,0.0000,0.0000,0.0000,0.0064,0.0000,200,1.3049
0.0065,0.0000,0.0000,0.0000,0.0064,0.0001,200,1.3101
0.0066,0.0000,0.0000,0.0000,0.0066,0.0000,200,1.3101
0.0068,0.0000,0.0000,0.0000,0.0068,0.0000,200,1.3099
0.0070,0.0000,0.0000,0.0000,0.0069,0.0001,200,1.3114
0.0065,0.0000,0.0000,0.0000,0.0064,0.0000,200,1.3167
0.0065,0.0000,0.0000,0.0000,0.0065,0.0000,200,1.3167
0.0066,0.0000,0.0000,0.0000,0.0065,0.0000,200,1.3166
0.0064,0.0000,0.0000,0.0000,0.0063,0.0000,200,1.3184
0.0062,0.0000,0.0000,0.0000,0.0061,0.0001,200,1.3232
0.0064,0.0000,0.0000,0.0000,0.0063,0.0000,200,1.3232
0.0065,0.0000,0.0000,0.0000,0.0064,0.0000,200,1.3232
0.0064,0.0000,0.0000,0.0000,0.0063,0.0001,200,1.3248
0.0063,0.0000,0.0000,0.0000,0.0062,0.0000,200,1.3296
0.0065,0.0000,0.0000,0.0000,0.0063,0.0001,200,1.3294
0.0063,0.0000,0.0000,0.0000,0.0062,0.0000,200,1.3297
0.0063,0.0000,0.0000,0.0000,0.0062,0.0001,200,1.3312
0.0064,0.0000,0.0000,0.0000,0.0063,0.0001,200,1.3359
0.0069,0.0000,0.0000,0.0000,0.0068,0.0000,200,1.3358
0.0069,0.0000,0.0000,0.0000,0.0068,0.0000,200,1.3358
0.0064,0.0000,0.0000,0.0000,0.0063,0.0001,200,1.3375
0.0069,0.0000,0.0000,0.0000,0.0068,0.0001,200,1.3423
0.0065,0.0000,0.0000,0.0000,0.0064,0.0001,200,1.3427
0.0065,0.0000,0.0000,0.0000,0.0064,0.0000,200,1.3427
0.0064,0.0000,0.0000,0.0000,0.0063,0.0002,200,1.3439
0.0067,0.0000,0.0000,0.0000,0.0066,0.0001,200,1.3492
0.0068,0.0000,0.0000,0.0000,0.0067,0.0000,200,1.3492
0.0068,0.0000,0.0000,0.0000,0.0067,0.0000,200,1.3492
0.0063,0.0000,0.0000,0.0000,0.0062,0.0000,200,1.3503
0.0065,0.0000,0.0000,0.0000,0.0064,0.0001,200,1.3559
0.0064,0.0000,0.0000,0.0000,0.0063,0.0001,200,1.3560
0.0065,0.0000,0.0000,0.0000,0.0064,0.0000,200,1.3560
0.0060,0.0000,0.0000,0.0000,0.0059,0.0000,200,1.3567
0.0067,0.0000,0.0000,0.0000,0.0066,0.0001,200,1.3625
0.0066,0.0000,0.0000,0.0000,0.0066,0.0000,200,1.3626
0.0068,0.0000,0.0000,0.0000,0.0068,0.0000,200,1.3625
0.0071,0.0000,0.0000,0.0000,0.0070,0.0000,200,1.3624
0.0063,0.0000,0.0000,0.0000,0.0062,0.0001,200,1.3693
0.0066,0.0000,0.0000,0.0000,0.0065,0.0000,200,1.3691
0.0066,0.0000,0.0000,0.0000,0.0066,0.0000,200,1.3693
0.0063,0.0000,0.0000,0.0000,0.0063,0.0000,200,1.3696
0.0065,0.0000,0.0000,0.0000,0.0064,0.0001,200,1.3757
0.0067,0.0000,0.0000,0.0000,0.0066,0.0001,200,1.3756
0.0064,0.0000,0.0000,0.0000,0.0064,0.0000,200,1.3759
0.0064,0.0000,0.0000,0.0000,0.0063,0.0001,200,1.3759
0.0063,0.0000,0.0000,0.0000,0.0062,0.0001,200,1.3823
0.0063,0.0000,0.0000,0.0000,0.0062,0.0000,200,1.3823
0.0063,0.0000,0.0000,0.0000,0.0063,0.0000,200,1.3823
0.0064,0.0000,0.0000,0.0000,0.0064,0.0000,200,1.3823
0.0063,0.0000,0.0000,0.0000,0.0063,0.0000,200,1.3886
0.0063,0.0000,0.0000,0.0000,0.0062,0.0001,200,1.3886
0.0064,0.0000,0.0000,0.0000,0.0063,0.0001,200,1.3887
0.0069,0.0000,0.0000,0.0000,0.0068,0.0000,200,1.3886
0.0064,0.0000,0.0000,0.0000,0.0064,0.0000,200,1.3951
0.0066,0.0000,0.0000,0.0000,0.0065,0.0000,200,1.3949
0.0067,0.0000,0.0000,0.0000,0.0065,0.0001,200,1.3949
0.0078,0.0000,0.0000,0.0000,0.0077,0.0000,200,1.3955
0.0071,0.0000,0.0000,0.0000,0.0070,0.0000,200,1.4015
0.0070,0.0000,0.0000,0.0000,0.0070,0.0000,200,1.4016
0.0071,0.0000,0.0000,0.0000,0.0070,0.0000,200,1.4015
0.0060,0.0000,0.0000,0.0000,0.0060,0.0000,200,1.4033
0.0067,0.0000,0.0000,0.0000,0.0066,0.0001,200,1.4086
0.0067,0.0000,0.0000,0.0000,0.0066,0.0001,200,1.4086
0.0068,0.0000,0.0000,0.0000,0.0066,0.0001,200,1.4086
0.0062,0.0000,0.0000,0.0000,0.0062,0.0000,200,1.4093
0.0065,0.0000,0.0000,0.0000,0.0064,0.0001,200,1.4153
0.0065,0.0000,0.0000,0.0000,0.0064,0.0000,200,1.4154
0.0065,0.0000,0.0000,0.0000,0.0064,0.0000,200,1.4154
0.0064,0.0000,0.0000,0.0000,0.0063,0.0000,200,1.4155
0.0063,0.0000,0.0000,0.0000,0.0063,0.0001,200,1.4219
0.0063,0.0000,0.0000,0.0000,0.0063,0.0000,200,1.4219
0.0065,0.0000,0.0000,0.0000,0.0064,0.0000,200,1.4219
0.0067,0.0000,0.0000,0.0000,0.0067,0.0000,200,1.4219
0.0063,0.0000,0.0000,0.0000,0.0062,0.0001,200,1.4282
0.0063,0.0000,0.0000,0.0000,0.0062,0.0000,200,1.4283
0.0063,0.0000,0.0000,0.0000,0.0062,0.0001,200,1.4282
0.0074,0.0000,0.0000,0.0000,0.0073,0.0000,200,1.4286
0.0063,0.0000,0.0000,0.0000,0.0062,0.0001,200,1.4346
0.0063,0.0000,0.0000,0.0000,0.0063,0.0000,200,1.4346
0.0068,0.0000,0.0000,0.0000,0.0067,0.0000,200,1.4346
0.0060,0.0000,0.0000,0.0000,0.0059,0.0000,200,1.4360
0.0064,0.0000,0.0000,0.0000,0.0063,0.0001,200,1.4409
0.0065,0.0000,0.0000,0.0000,0.0064,0.0000,200,1.4409
0.0061,0.0000,0.0000,0.0000,0.0060,0.0000,200,1.4414
0.0072,0.0000,0.0000,0.0000,0.0071,0.0000,200,1.4420
0.0065,0.0000,0.0000,0.0000,0.0064,0.0001,200,1.4474
0.0064,0.0000,0.0000,0.0000,0.0063,0.0000,200,1.4475
0.0066,0.0000,0.0000,0.0000,0.0065,0.0000,200,1.4473
0.0060,0.0000,0.0000,0.0000,0.0059,0.0000,200,1.4492
0.0065,0.0000,0.0000,0.0000,0.0064,0.0001,200,1.4539
0.0067,0.0000,0.0000,0.0000,0.0067,0.0000,200,1.4539
0.0069,0.0000,0.0000,0.0000,0.0068,0.0000,200,1.4538
0.0063,0.0000,0.0000,0.0000,0.0062,0.0001,200,1.4551
0.0070,0.0000,0.0000,0.0000,0.0069,0.0001,200,1.4604
0.0067,0.0000,0.0000,0.0000,0.0066,0.0001,200,1.4607
0.0068,0.0000,0.0000,0.0000,0.0067,0.0001,200,1.4606
0.0085,0.0000,0.0000,0.0000,0.0084,0.0001,200,1.4614
0.0062,0.0000,0.0000,0.0000,0.0061,0.0000,200,1.4674
0.0063,0.0000,0.0000,0.0000,0.0062,0.0000,200,1.4674
0.0063,0.0000,0.0000,0.0000,0.0063,0.0000,200,1.4674
0.0080,0.0000,0.0000,0.0000,0.0079,0.0001,200,1.4699
0.0063,0.0000,0.0000,0.0000,0.0062,0.0001,200,1.4736
0.0063,0.0000,0.0000,0.0000,0.0062,0.0000,200,1.4737
0.0068,0.0000,0.0000,0.0000,0.0067,0.0000,200,1.4736
0.0076,0.0000,0.0000,0.0000,0.0075,0.0001,200,1.4779
0.0062,0.0000,0.0000,0.0000,0.0061,0.0001,200,1.4799
0.0063,0.0000,0.0000,0.0000,0.0063,0.0000,200,1.4799
0.0061,0.0000,0.0000,0.0000,0.0060,0.0000,200,1.4804
0.0068,0.0000,0.0000,0.0000,0.0067,0.0001,200,1.4855
0.0068,0.0000,0.0000,0.0000,0.0067,0.0000,200,1.4862
0.0073,0.0000,0.0000,0.0000,0.0072,0.0000,200,1.4862
0.0079,0.0000,0.0000,0.0000,0.0078,0.0000,200,1.4864
0.0073,0.0000,0.0000,0.0000,0.0073,0.0001,200,1.4930
0.0068,0.0000,0.0000,0.0000,0.0067,0.0001,200,1.4935
0.0081,0.0000,0.0000,0.0000,0.0080,0.0000,200,1.4923
0.0065,0.0000,0.0000,0.0000,0.0064,0.0000,200,1.4943
0.0065,0.0000,0.0000,0.0000,0.0064,0.0001,200,1.5004
0.0061,0.0000,0.0000,0.0000,0.0061,0.0000,200,1.5008
0.0066,0.0000,0.0000,0.0000,0.0065,0.0001,200,1.5004
0.0067,0.0000,0.0000,0.0000,0.0067,0.0000,200,1.5004
0.0065,0.0000,0.0000,0.0000,0.0063,0.0002,200,1.5070
0.0066,0.0000,0.0000,0.0000,0.0065,0.0000,200,1.5071
0.0068,0.0000,0.0000,0.0000,0.0067,0.0000,200,1.5069
0.0068,0.0000,0.0000,0.0000,0.0067,0.0000,200,1.5069
0.0064,0.0000,0.0000,0.0000,0.0062,0.0001,200,1.5137
0.0065,0.0000,0.0000,0.0000,0.0064,0.0000,200,1.5137
0.0065,0.0000,0.0000,0.0000,0.0064,0.0000,200,1.5137
0.0067,0.0000,0.0000,0.0000,0.0066,0.0000,200,1.5135
0.0065,0.0000,0.0000,0.0000,0.0064,0.0000,200,1.5201
0.0065,0.0000,0.0000,0.0000,0.0064,0.0000,200,1.5202
0.0065,0.0000,0.0000,0.0000,0.0065,0.0000,200,1.5202
0.0066,0.0000,0.0000,0.0000,0.0065,0.0001,200,1.5201
0.0066,0.0000,0.0000,0.0000,0.0065,0.0001,200,1.5267
0.0066,0.0000,0.0000,0.0000,0.0065,0.0001,200,1.5267
0.0066,0.0000,0.0000,0.0000,0.0065,0.0000,200,1.5267
0.0066,0.0000,0.0000,0.0000,0.0065,0.0001,200,1.5267
0.0066,0.0000,0.0000,0.0000,0.0065,0.0000,200,1.5333
0.0066,0.0000,0.0000,0.0000,0.0065,0.0000,200,1.5333
0.0066,0.0000,0.0000,0.0000,0.0065,0.0000,200,1.5333
0.0066,0.0000,0.0000,0.0000,0.0065,0.0001,200,1.5333
0.0064,0.0000,0.0000,0.0000,0.0063,0.0000,200,1.5399
0.0064,0.0000,0.0000,0.0000,0.0063,0.0000,200,1.5399
0.0064,0.0000,0.0000,0.0000,0.0064,0.0000,200,1.5399
0.0064,0.0000,0.0000,0.0000,0.0063,0.0001,200,1.5399
0.0066,0.0000,0.0000,0.0000,0.0065,0.0001,200,1.5463
0.0066,0.0000,0.0000,0.0000,0.0065,0.0000,200,1.5463
0.0066,0.0000,0.0000,0.0000,0.0065,0.0000,200,1.5463
0.0067,0.0000,0.0000,0.0000,0.0067,0.0000,200,1.5463
0.0065,0.0000,0.0000,0.0000,0.0064,0.0001,200,1.5529
0.0064,0.0000,0.0000,0.0000,0.0063,0.0000,200,1.5530
0.0068,0.0000,0.0000,0.0000,0.0067,0.0000,200,1.5529
0.0067,0.0000,0.0000,0.0000,0.0067,0.0000,200,1.5529
0.0068,0.0000,0.0000,0.0000,0.0067,0.0000,200,1.5594
0.0066,0.0000,0.0000,0.0000,0.0065,0.0000,200,1.5596
0.0066,0.0000,0.0000,0.0000,0.0065,0.0000,200,1.5596
0.0068,0.0000,0.0000,0.0000,0.0067,0.0000,200,1.5594
0.0064,0.0000,0.0000,0.0000,0.0063,0.0001,200,1.5662
0.0064,0.0000,0.0000,0.0000,0.0064,0.0000,200,1.5662
0.0064,0.0000,0.0000,0.0000,0.0064,0.0000,200,1.5662
0.0064,0.0000,0.0000,0.0000,0.0064,0.0000,200,1.5662
0.0078,0.0000,0.0000,0.0000,0.0078,0.0001,200,1.5726
0.0078,0.0000,0.0000,0.0000,0.0077,0.0001,200,1.5726
0.0078,0.0000,0.0000,0.0000,0.0078,0.0000,200,1.5726
0.0082,0.0000,0.0000,0.0000,0.0082,0.0000,200,1.5726
0.0066,0.0000,0.0000,0.0000,0.0065,0.0001,200,1.5804
0.0062,0.0000,0.0000,0.0000,0.0061,0.0000,200,1.5808
0.0067,0.0000,0.0000,0.0000,0.0067,0.0000,200,1.5804
0.0072,0.0000,0.0000,0.0000,0.0071,0.0001,200,1.5804
0.0077,0.0000,0.0000,0.0000,0.0074,0.0003,200,1.5871
0.0077,0.0000,0.0000,0.0000,0.0077,0.0000,200,1.5872
0.0073,0.0000,0.0000,0.0000,0.0071,0.0001,200,1.5877
0.0080,0.0000,0.0000,0.0000,0.0079,0.0000,200,1.5871
0.0066,0.0000,0.0000,0.0000,0.0065,0.0001,200,1.5948
0.0065,0.0000,0.0000,0.0000,0.0065,0.0000,200,1.5949
0.0065,0.0000,0.0000,0.0000,0.0064,0.0000,200,1.5951
0.0066,0.0000,0.0000,0.0000,0.0066,0.0000,200,1.5949
0.0064,0.0000,0.0000,0.0000,0.0064,0.0000,200,1.6015
0.0064,0.0000,0.0000,0.0000,0.0063,0.0000,200,1.6015
0.0065,0.0000,0.0000,0.0000,0.0065,0.0000,200,1.6014
0.0065,0.0000,0.0000,0.0000,0.0064,0.0001,200,1.6015
0.0064,0.0000,0.0000,0.0000,0.0063,0.0001,200,1.6080
0.0063,0.0000,0.0000,0.0000,0.0063,0.0000,200,1.6080
0.0064,0.0000,0.0000,0.0000,0.0063,0.0000,200,1.6080
0.0065,0.0000,0.0000,0.0000,0.0064,0.0000,200,1.6080
0.0064,0.0000,0.0000,0.0000,0.0063,0.0000,200,1.6143
0.0065,0.0000,0.0000,0.0000,0.0064,0.0000,200,1.6144
0.0065,0.0000,0.0000,0.0000,0.0065,0.0000,200,1.6144
0.0070,0.0000,0.0000,0.0000,0.0069,0.0000,200,1.6144
0.0064,0.0000,0.0000,0.0000,0.0063,0.0001,200,1.6209
0.0066,0.0000,0.0000,0.0000,0.0065,0.0000,200,1.6207
0.0065,0.0000,0.0000,0.0000,0.0064,0.0000,200,1.6209
0.0062,0.0000,0.0000,0.0000,0.0061,0.0000,200,1.6213
0.0065,0.0000,0.0000,0.0000,0.0064,0.0001,200,1.6275
0.0066,0.0000,0.0000,0.0000,0.0065,0.0001,200,1.6273
0.0066,0.0000,0.0000,0.0000,0.0065,0.0001,200,1.6274
0.0068,0.0000,0.0000,0.0000,0.0067,0.0000,200,1.6273
0.0063,0.0000,0.0000,0.0000,0.0062,0.0000,200,1.6340
0.0063,0.0000,0.0000,0.0000,0.0062,0.0000,200,1.6340
0.0064,0.0000,0.0000,0.0000,0.0063,0.0000,200,1.6340
0.0062,0.0000,0.0000,0.0000,0.0061,0.0001,200,1.6341
0.0065,0.0000,0.0000,0.0001,0.0063,0.0001,200,1.6403
0.0065,0.0000,0.0000,0.0000,0.0064,0.0001,200,1.6403
0.0065,0.0000,0.0000,0.0001,0.0063,0.0001,200,1.6404
0.0066,0.0000,0.0000,0.0000,0.0065,0.0000,200,1.6403
0.0063,0.0000,0.0000,0.0000,0.0062,0.0001,200,1.6469
0.0063,0.0000,0.0000,0.0000,0.0062,0.0001,200,1.6468
0.0063,0.0000,0.0000,0.0000,0.0063,0.0000,200,1.6468
0.0064,0.0000,0.0000,0.0000,0.0063,0.0001,200,1.6468
0.0062,0.0000,0.0000,0.0000,0.0061,0.0001,200,1.6532
0.0063,0.0000,0.0000,0.0000,0.0062,0.0001,200,1.6532
0.0064,0.0000,0.0000,0.0000,0.0063,0.0000,200,1.6532
0.0064,0.0000,0.0000,0.0000,0.0063,0.0000,200,1.6532
0.0064,0.0000,0.0000,0.0000,0.0063,0.0001,200,1.6594
0.0067,0.0000,0.0000,0.0000,0.0066,0.0000,200,1.6595
0.0068,0.0000,0.0000,0.0000,0.0068,0.0000,200,1.6595
0.0069,0.0000,0.0000,0.0000,0.0069,0.0000,200,1.6595
0.0064,0.0000,0.0000,0.0000,0.0064,0.0000,200,1.6664
0.0070,0.0000,0.0000,0.0000,0.0069,0.0000,200,1.6659
0.0066,0.0000,0.0000,0.0000,0.0066,0.0000,200,1.6663
0.0067,0.0000,0.0000,0.0000,0.0067,0.0000,200,1.6662
0.0068,0.0000,0.0000,0.0000,0.0067,0.0001,200,1.6729
0.0068,0.0000,0.0000,0.0000,0.0067,0.0001,200,1.6729
0.0068,0.0000,0.0000,0.0000,0.0067,0.0000,200,1.6729
0.0068,0.0000,0.0000,0.0000,0.0067,0.0000,200,1.6729
0.0069,0.0000,0.0000,0.0000,0.0068,0.0001,200,1.6797
0.0070,0.0000,0.0000,0.0000,0.0070,0.0000,200,1.6797
0.0073,0.0000,0.0000,0.0000,0.0072,0.0000,200,1.6797
0.0078,0.0000,0.0000,0.0000,0.0077,0.0000,200,1.6797
0.0071,0.0000,0.0000,0.0000,0.0071,0.0001,200,1.6867
0.0064,0.0000,0.0000,0.0000,0.0063,0.0001,200,1.6874
0.0068,0.0000,0.0000,0.0000,0.0068,0.0001,200,1.6870
0.0073,0.0000,0.0000,0.0000,0.0071,0.0002,200,1.6866
0.0065,0.0000,0.0000,0.0000,0.0064,0.0001,200,1.6938
0.0065,0.0000,0.0000,0.0000,0.0064,0.0000,200,1.6939
0.0066,0.0000,0.0000,0.0000,0.0065,0.0000,200,1.6938
0.0066,0.0000,0.0000,0.0000,0.0065,0.0000,200,1.6938
0.0065,0.0000,0.0000,0.0000,0.0064,0.0001,200,1.7004
0.0067,0.0000,0.0000,0.0000,0.0066,0.0000,200,1.7004
0.0068,0.0000,0.0000,0.0000,0.0068,0.0000,200,1.7003
0.0068,0.0000,0.0000,0.0000,0.0068,0.0000,200,1.7004
0.0065,0.0000,0.0000,0.0000,0.0064,0.0001,200,1.7071
0.0067,0.0000,0.0000,0.0000,0.0066,0.0000,200,1.7069
0.0064,0.0000,0.0000,0.0000,0.0064,0.0000,200,1.7072
0.0064,0.0000,0.0000,0.0000,0.0064,0.0000,200,1.7072
0.0065,0.0000,0.0000,0.0000,0.0064,0.0001,200,1.7136
0.0065,0.0000,0.0000,0.0000,0.0064,0.0000,200,1.7136
0.0065,0.0000,0.0000,0.0000,0.0064,0.0000,200,1.7136
0.0065,0.0000,0.0000,0.0000,0.0064,0.0000,200,1.7136
0.0064,0.0000,0.0000,0.0000,0.0063,0.0001,200,1.7201
0.0064,0.0000,0.0000,0.0000,0.0063,0.0001,200,1.7201
0.0064,0.0000,0.0000,0.0000,0.0064,0.0000,200,1.7201
0.0065,0.0000,0.0000,0.0000,0.0064,0.0000,200,1.7201
0.0069,0.0000,0.0000,0.0000,0.0068,0.0000,200,1.7265
0.0069,0.0000,0.0000,0.0000,0.0068,0.0001,200,1.7265
0.0069,0.0000,0.0000,0.0000,0.0068,0.0001,200,1.7265
0.0068,0.0000,0.0000,0.0000,0.0067,0.0001,200,1.7266
0.0065,0.0000,0.0000,0.0000,0.0064,0.0001,200,1.7334
0.0065,0.0000,0.0000,0.0000,0.0064,0.0001,200,1.7334
0.0065,0.0000,0.0000,0.0000,0.0064,0.0001,200,1.7334
0.0066,0.0000,0.0000,0.0000,0.0065,0.0000,200,1.7334
0.0063,0.0000,0.0000,0.0000,0.0062,0.0000,200,1.7400
0.0064,0.0000,0.0000,0.0000,0.0063,0.0000,200,1.7398
0.0064,0.0000,0.0000,0.0000,0.0063,0.0001,200,1.7398
0.0064,0.0000,0.0000,0.0000,0.0063,0.0000,200,1.7399
0.0062,0.0000,0.0000,0.0000,0.0061,0.0001,200,1.7462
0.0062,0.0000,0.0000,0.0000,0.0062,0.0000,200,1.7462
0.0062,0.0000,0.0000,0.0000,0.0062,0.0000,200,1.7462
0.0062,0.0000,0.0000,0.0000,0.0062,0.0000,200,1.7462
0.0066,0.0000,0.0000,0.0000,0.0065,0.0001,200,1.7525
0.0066,0.0000,0.0000,0.0000,0.0065,0.0000,200,1.7525
0.0071,0.0000,0.0000,0.0000,0.0064,0.0006,200,1.7525
0.0073,0.0000,0.0000,0.0000,0.0072,0.0000,200,1.7525
0.0066,0.0000,0.0000,0.0000,0.0065,0.0001,200,1.7591
0.0067,0.0000,0.0000,0.0000,0.0066,0.0000,200,1.7591
0.0064,0.0000,0.0000,0.0000,0.0064,0.0000,200,1.7596
0.0072,0.0000,0.0000,0.0000,0.0072,0.0000,200,1.7597
0.0063,0.0000,0.0000,0.0000,0.0062,0.0001,200,1.7660
0.0066,0.0000,0.0000,0.0000,0.0065,0.0000,200,1.7657
0.0066,0.0000,0.0000,0.0000,0.0065,0.0000,200,1.7657
0.0060,0.0000,0.0000,0.0000,0.0059,0.0000,200,1.7670
0.0070,0.0000,0.0000,0.0000,0.0069,0.0001,200,1.7723
0.0065,0.0000,0.0000,0.0000,0.0064,0.0000,200,1.7730
0.0072,0.0000,0.0000,0.0000,0.0072,0.0000,200,1.7723
0.0074,0.0000,0.0000,0.0000,0.0072,0.0002,200,1.7723
0.0070,0.0000,0.0000,0.0000,0.0068,0.0002,200,1.7794
0.0067,0.0000,0.0000,0.0000,0.0067,0.0000,200,1.7797
0.0071,0.0000,0.0000,0.0000,0.0070,0.0000,200,1.7795
0.0078,0.0000,0.0000,0.0000,0.0077,0.0001,200,1.7793
0.0067,0.0000,0.0000,0.0000,0.0065,0.0001,200,1.7864
0.0067,0.0000,0.0000,0.0002,0.0064,0.0000,200,1.7864
0.0066,0.0000,0.0000,0.0000,0.0066,0.0000,200,1.7866
0.0081,0.0000,0.0000,0.0000,0.0080,0.0001,200,1.7871
0.0064,0.0000,0.0000,0.0000,0.0063,0.0001,200,1.7931
0.0065,0.0000,0.0000,0.0000,0.0064,0.0000,200,1.7931
0.0064,0.0000,0.0000,0.0000,0.0064,0.0000,200,1.7932
0.0062,0.0000,0.0000,0.0000,0.0061,0.0000,200,1.7952
0.0066,0.0000,0.0000,0.0000,0.0065,0.0001,200,1.7996
0.0069,0.0000,0.0000,0.0000,0.0068,0.0000,200,1.7995
0.0068,0.0000,0.0000,0.0000,0.0068,0.0000,200,1.7996
0.0060,0.0000,0.0000,0.0000,0.0060,0.0000,200,1.8013
0.0064,0.0000,0.0000,0.0000,0.0063,0.0001,200,1.8064
0.0065,0.0000,0.0000,0.0000,0.0064,0.0000,200,1.8064
0.0070,0.0000,0.0000,0.0000,0.0069,0.0000,200,1.8062
0.0061,0.0000,0.0000,0.0000,0.0060,0.0000,200,1.8073
0.0069,0.0000,0.0000,0.0000,0.0068,0.0001,200,1.8132
0.0072,0.0000,0.0000,0.0000,0.0071,0.0000,200,1.8129
0.0073,0.0000,0.0000,0.0000,0.0072,0.0000,200,1.8128
0.0066,0.0000,0.0000,0.0000,0.0066,0.0000,200,1.8135
0.0064,0.0000,0.0000,0.0000,0.0063,0.0001,200,1.8201
0.0064,0.0000,0.0000,0.0000,0.0064,0.0000,200,1.8201
0.0065,0.0000,0.0000,0.0000,0.0064,0.0000,200,1.8201
0.0095,0.0000,0.0000,0.0000,0.0094,0.0001,200,1.8201
0.0064,0.0000,0.0000,0.0000,0.0062,0.0000,200,1.8265
0.0063,0.0000,0.0000,0.0000,0.0062,0.0000,200,1.8266
0.0065,0.0000,0.0000,0.0000,0.0065,0.0000,200,1.8265
0.0065,0.0000,0.0000,0.0000,0.0064,0.0001,200,1.8296
0.0062,0.0000,0.0000,0.0000,0.0061,0.0000,200,1.8331
0.0064,0.0000,0.0000,0.0000,0.0063,0.0000,200,1.8329
0.0065,0.0000,0.0000,0.0000,0.0065,0.0000,200,1.8329
0.0063,0.0000,0.0000,0.0000,0.0062,0.0000,200,1.8361
0.0061,0.0000,0.0000,0.0000,0.0060,0.0000,200,1.8393
0.0062,0.0000,0.0000,0.0000,0.0061,0.0000,200,1.8393
0.0061,0.0000,0.0000,0.0000,0.0060,0.0000,200,1.8394
0.0062,0.0000,0.0000,0.0000,0.0061,0.0001,200,1.8423
0.0060,0.0000,0.0000,0.0000,0.0059,0.0000,200,1.8455
0.0061,0.0000,0.0000,0.0000,0.0061,0.0000,200,1.8454
0.0061,0.0000,0.0000,0.0000,0.0061,0.0000,200,1.8455
0.0065,0.0000,0.0000,0.0000,0.0064,0.0001,200,1.8485
0.0063,0.0000,0.0000,0.0000,0.0062,0.0000,200,1.8515
0.0063,0.0000,0.0000,0.0000,0.0063,0.0000,200,1.8516
0.0066,0.0000,0.0000,0.0000,0.0066,0.0000,200,1.8515
0.0068,0.0000,0.0000,0.0000,0.0067,0.0001,200,1.8551
0.0065,0.0000,0.0000,0.0000,0.0064,0.0000,200,1.8578
0.0061,0.0000,0.0000,0.0000,0.0061,0.0000,200,1.8581
0.0078,0.0000,0.0000,0.0000,0.0078,0.0001,200,1.8579
0.0075,0.0000,0.0000,0.0000,0.0074,0.0001,200,1.8619
0.0065,0.0000,0.0000,0.0000,0.0064,0.0001,200,1.8643
0.0065,0.0000,0.0000,0.0000,0.0065,0.0000,200,1.8643
0.0064,0.0000,0.0000,0.0000,0.0063,0.0001,200,1.8658
0.0066,0.0000,0.0000,0.0000,0.0065,0.0001,200,1.8694
0.0065,0.0000,0.0000,0.0000,0.0064,0.0000,200,1.8708
0.0066,0.0000,0.0000,0.0000,0.0065,0.0000,200,1.8708
0.0069,0.0000,0.0000,0.0000,0.0068,0.0001,200,1.8722
0.0074,0.0000,0.0000,0.0000,0.0073,0.0001,200,1.8760
0.0064,0.0000,0.0000,0.0000,0.0063,0.0000,200,1.8774
0.0067,0.0000,0.0000,0.0000,0.0064,0.0003,200,1.8773
0.0065,0.0000,0.0000,0.0000,0.0064,0.0000,200,1.8790
0.0069,0.0000,0.0000,0.0000,0.0068,0.0000,200,1.8833
0.0065,0.0000,0.0000,0.0001,0.0064,0.0000,200,1.8839
0.0067,0.0000,0.0000,0.0001,0.0066,0.0000,200,1.8838
0.0067,0.0000,0.0000,0.0000,0.0064,0.0003,200,1.8855
0.0065,0.0000,0.0000,0.0000,0.0064,0.0001,200,1.8904
0.0067,0.0000,0.0000,0.0000,0.0066,0.0001,200,1.8902
0.0065,0.0000,0.0000,0.0000,0.0065,0.0000,200,1.8905
0.0067,0.0000,0.0000,0.0000,0.0066,0.0001,200,1.8922
0.0067,0.0000,0.0000,0.0000,0.0066,0.0001,200,1.8970
0.0068,0.0000,0.0000,0.0000,0.0068,0.0000,200,1.8969
0.0070,0.0000,0.0000,0.0000,0.0069,0.0000,200,1.8969
0.0072,0.0000,0.0000,0.0000,0.0071,0.0001,200,1.8989
0.0065,0.0000,0.0000,0.0000,0.0064,0.0001,200,1.9037
0.0063,0.0000,0.0000,0.0000,0.0063,0.0000,200,1.9039
0.0066,0.0000,0.0000,0.0000,0.0065,0.0000,200,1.9036
0.0066,0.0000,0.0000,0.0000,0.0065,0.0001,200,1.9062
0.0064,0.0000,0.0000,0.0000,0.0064,0.0000,200,1.9102
0.0065,0.0000,0.0000,0.0000,0.0064,0.0000,200,1.9102
0.0065,0.0000,0.0000,0.0000,0.0064,0.0000,200,1.9102
0.0060,0.0000,0.0000,0.0000,0.0059,0.0000,200,1.9128
0.0067,0.0000,0.0000,0.0000,0.0065,0.0002,200,1.9167
0.0067,0.0000,0.0000,0.0000,0.0067,0.0000,200,1.9167
0.0091,0.0000,0.0000,0.0000,0.0068,0.0022,200,1.9167
0.0073,0.0000,0.0000,0.0000,0.0072,0.0000,200,1.9188
0.0066,0.0000,0.0000,0.0000,0.0065,0.0001,200,1.9234
0.0073,0.0000,0.0000,0.0000,0.0072,0.0000,200,1.9233
0.0070,0.0000,0.0000,0.0000,0.0070,0.0000,200,1.9261
0.0073,0.0000,0.0000,0.0000,0.0072,0.0000,200,1.9258
0.0062,0.0000,0.0000,0.0000,0.0062,0.0000,200,1.9300
0.0061,0.0000,0.0000,0.0000,0.0060,0.0000,200,1.9306
0.0063,0.0000,0.0000,0.0000,0.0062,0.0000,200,1.9331
0.0064,0.0000,0.0000,0.0000,0.0063,0.0000,200,1.9331
0.0062,0.0000,0.0000,0.0000,0.0061,0.0001,200,1.9362
0.0061,0.0000,0.0000,0.0000,0.0061,0.0001,200,1.9367
0.0065,0.0000,0.0000,0.0000,0.0063,0.0001,200,1.9395
0.0069,0.0000,0.0000,0.0000,0.0068,0.0000,200,1.9394
0.0071,0.0000,0.0000,0.0000,0.0070,0.0001,200,1.9428
0.0076,0.0000,0.0000,0.0000,0.0075,0.0000,200,1.9424
0.0061,0.0000,0.0000,0.0000,0.0060,0.0000,200,1.9463
0.0066,0.0000,0.0000,0.0000,0.0065,0.0000,200,1.9460
0.0067,0.0000,0.0000,0.0000,0.0066,0.0000,200,1.9500
0.0067,0.0000,0.0000,0.0000,0.0065,0.0001,200,1.9500
0.0061,0.0000,0.0000,0.0000,0.0060,0.0000,200,1.9524
0.0083,0.0000,0.0000,0.0000,0.0082,0.0001,200,1.9526
0.0064,0.0000,0.0000,0.0000,0.0063,0.0000,200,1.9567
0.0075,0.0000,0.0000,0.0000,0.0073,0.0001,200,1.9567
0.0063,0.0000,0.0000,0.0000,0.0062,0.0000,200,1.9584
0.0063,0.0000,0.0000,0.0000,0.0062,0.0000,200,1.9609
0.0061,0.0000,0.0000,0.0000,0.0060,0.0001,200,1.9631
0.0062,0.0000,0.0000,0.0000,0.0061,0.0000,200,1.9642
0.0062,0.0000,0.0000,0.0000,0.0061,0.0000,200,1.9647
0.0062,0.0000,0.0000,0.0000,0.0061,0.0001,200,1.9672
0.0064,0.0000,0.0000,0.0000,0.0063,0.0000,200,1.9692
0.0063,0.0000,0.0000,0.0000,0.0062,0.0001,200,1.9704
0.0060,0.0000,0.0000,0.0000,0.0059,0.0000,200,1.9709
0.0068,0.0000,0.0000,0.0000,0.0067,0.0001,200,1.9735
0.0063,0.0000,0.0000,0.0000,0.0062,0.0001,200,1.9756
0.0063,0.0000,0.0000,0.0000,0.0063,0.0000,200,1.9768
0.0062,0.0000,0.0000,0.0000,0.0062,0.0000,200,1.9769
0.0064,0.0000,0.0000,0.0000,0.0063,0.0001,200,1.9802
0.0062,0.0000,0.0000,0.0000,0.0061,0.0000,200,1.9819
0.0061,0.0000,0.0000,0.0000,0.0060,0.0000,200,1.9831
0.0062,0.0000,0.0000,0.0000,0.0062,0.0000,200,1.9831
0.0064,0.0000,0.0000,0.0000,0.0063,0.0001,200,1.9866
0.0062,0.0000,0.0000,0.0000,0.0061,0.0001,200,1.9881
0.0061,0.0000,0.0000,0.0000,0.0060,0.0000,200,1.9892
0.0061,0.0000,0.0000,0.0000,0.0061,0.0000,200,1.9893
0.0064,0.0000,0.0000,0.0000,0.0063,0.0000,200,1.9930
0.0061,0.0000,0.0000,0.0000,0.0061,0.0000,200,1.9943
0.0060,0.0000,0.0000,0.0000,0.0060,0.0000,200,1.9953
0.0062,0.0000,0.0000,0.0000,0.0062,0.0000,200,1.9955
0.0062,0.0000,0.0000,0.0000,0.0061,0.0001,200,2.0013
0.0072,0.0000,0.0000,0.0000,0.0071,0.0000,200,2.0004
0.0083,0.0000,0.0000,0.0000,0.0082,0.0001,200,1.9993
0.0122,0.0000,0.0000,0.0000,0.0121,0.0001,200,2.0017
0.0068,0.0000,0.0000,0.0000,0.0067,0.0001,200,2.0076
0.0072,0.0000,0.0000,0.0000,0.0072,0.0000,200,2.0077
0.0075,0.0000,0.0000,0.0000,0.0074,0.0000,200,2.0075
0.0068,0.0000,0.0000,0.0000,0.0067,0.0001,200,2.0139
0.0065,0.0000,0.0000,0.0000,0.0064,0.0000,200,2.0144
0.0064,0.0000,0.0000,0.0000,0.0063,0.0000,200,2.0149
0.0065,0.0000,0.0000,0.0000,0.0064,0.0000,200,2.0150
0.0069,0.0000,0.0000,0.0000,0.0068,0.0000,200,2.0213
0.0073,0.0000,0.0000,0.0000,0.0070,0.0002,200,2.0209
0.0068,0.0000,0.0000,0.0000,0.0067,0.0000,200,2.0215
0.0077,0.0000,0.0000,0.0000,0.0076,0.0000,200,2.0208
0.0068,0.0000,0.0000,0.0000,0.0067,0.0000,200,2.0282
0.0068,0.0000,0.0000,0.0000,0.0064,0.0001,200,2.0281
0.0067,0.0000,0.0000,0.0000,0.0067,0.0000,200,2.0283
0.0066,0.0000,0.0000,0.0000,0.0066,0.0000,200,2.0284
0.0066,0.0000,0.0000,0.0000,0.0065,0.0001,200,2.0349
0.0067,0.0000,0.0000,0.0000,0.0066,0.0000,200,2.0349
0.0066,0.0000,0.0000,0.0000,0.0065,0.0000,200,2.0350
0.0065,0.0000,0.0000,0.0000,0.0064,0.0000,200,2.0351
0.0066,0.0000,0.0000,0.0000,0.0065,0.0000,200,2.0416
0.0068,0.0000,0.0000,0.0000,0.0067,0.0000,200,2.0415
0.0068,0.0000,0.0000,0.0000,0.0067,0.0000,200,2.0416
0.0069,0.0000,0.0000,0.0000,0.0064,0.0004,200,2.0416
0.0064,0.0000,0.0000,0.0000,0.0063,0.0001,200,2.0484
0.0065,0.0000,0.0000,0.0000,0.0064,0.0000,200,2.0484
0.0065,0.0000,0.0000,0.0000,0.0065,0.0000,200,2.0483
0.0066,0.0000,0.0000,0.0000,0.0065,0.0001,200,2.0482
0.0065,0.0000,0.0000,0.0000,0.0063,0.0001,200,2.0548
0.0065,0.0000,0.0000,0.0000,0.0064,0.0000,200,2.0548
0.0065,0.0000,0.0000,0.0000,0.0064,0.0000,200,2.0548
0.0066,0.0000,0.0000,0.0000,0.0065,0.0000,200,2.0548
0.0066,0.0000,0.0000,0.0000,0.0065,0.0001,200,2.0613
0.0065,0.0000,0.0000,0.0000,0.0064,0.0000,200,2.0614
0.0067,0.0000,0.0000,0.0000,0.0067,0.0000,200,2.0613
0.0067,0.0000,0.0000,0.0000,0.0067,0.0000,200,2.0613
0.0064,0.0000,0.0000,0.0000,0.0063,0.0001,200,2.0679
0.0065,0.0000,0.0000,0.0000,0.0064,0.0000,200,2.0679
0.0063,0.0000,0.0000,0.0000,0.0063,0.0000,200,2.0680
0.0076,0.0000,0.0000,0.0000,0.0075,0.0000,200,2.0680
0.0064,0.0000,0.0000,0.0000,0.0063,0.0001,200,2.0743
0.0065,0.0000,0.0000,0.0000,0.0064,0.0000,200,2.0743
0.0066,0.0000,0.0000,0.0000,0.0065,0.0000,200,2.0743
0.0062,0.0000,0.0000,0.0000,0.0062,0.0000,200,2.0756
0.0063,0.0000,0.0000,0.0000,0.0062,0.0001,200,2.0807
0.0062,0.0000,0.0000,0.0001,0.0061,0.0000,200,2.0808
0.0062,0.0000,0.0000,0.0000,0.0062,0.0000,200,2.0809
0.0059,0.0000,0.0000,0.0000,0.0059,0.0000,200,2.0819
0.0062,0.0000,0.0000,0.0000,0.0061,0.0000,200,2.0871
0.0063,0.0000,0.0000,0.0000,0.0060,0.0000,200,2.0870
0.0063,0.0000,0.0000,0.0000,0.0062,0.0000,200,2.0870
0.0061,0.0000,0.0000,0.0000,0.0060,0.0000,200,2.0878
0.0064,0.0000,0.0000,0.0000,0.0063,0.0001,200,2.0933
0.0065,0.0000,0.0000,0.0000,0.0064,0.0000,200,2.0933
0.0065,0.0000,0.0000,0.0000,0.0064,0.0001,200,2.0933
0.0061,0.0000,0.0000,0.0000,0.0060,0.0000,200,2.0939
0.0065,0.0000,0.0000,0.0000,0.0064,0.0000,200,2.0998
0.0065,0.0000,0.0000,0.0000,0.0064,0.0000,200,2.0998
0.0062,0.0000,0.0000,0.0000,0.0061,0.0001,200,2.1001
0.0066,0.0000,0.0000,0.0000,0.0064,0.0001,200,2.0997
0.0066,0.0000,0.0000,0.0000,0.0064,0.0001,200,2.1062
0.0066,0.0000,0.0000,0.0000,0.0065,0.0001,200,2.1063
0.0067,0.0000,0.0000,0.0000,0.0066,0.0000,200,2.1062
0.0067,0.0000,0.0000,0.0000,0.0067,0.0000,200,2.1062
0.0065,0.0000,0.0000,0.0000,0.0064,0.0001,200,2.1128
0.0080,0.0000,0.0000,0.0000,0.0072,0.0007,200,2.1128
0.0079,0.0000,0.0000,0.0000,0.0077,0.0001,200,2.1129
0.0079,0.0000,0.0000,0.0001,0.0078,0.0000,200,2.1130
0.0065,0.0000,0.0000,0.0000,0.0064,0.0001,200,2.1208
0.0081,0.0000,0.0000,0.0000,0.0080,0.0000,200,2.1193
0.0067,0.0000,0.0000,0.0000,0.0066,0.0000,200,2.1208
0.0067,0.0000,0.0000,0.0000,0.0066,0.0000,200,2.1208
0.0063,0.0000,0.0000,0.0000,0.0062,0.0001,200,2.1275
0.0065,0.0000,0.0000,0.0000,0.0063,0.0001,200,2.1274
0.0064,0.0000,0.0000,0.0000,0.0063,0.0000,200,2.1275
0.0067,0.0000,0.0000,0.0000,0.0065,0.0001,200,2.1273
0.0064,0.0000,0.0000,0.0000,0.0063,0.0001,200,2.1338
0.0064,0.0000,0.0000,0.0000,0.0064,0.0000,200,2.1339
0.0064,0.0000,0.0000,0.0000,0.0064,0.0000,200,2.1339
0.0064,0.0000,0.0000,0.0000,0.0064,0.0000,200,2.1340
0.0064,0.0000,0.0000,0.0000,0.0063,0.0001,200,2.1403
0.0066,0.0000,0.0000,0.0000,0.0065,0.0000,200,2.1403
0.0065,0.0000,0.0000,0.0000,0.0065,0.0000,200,2.1404
0.0067,0.0000,0.0000,0.0000,0.0067,0.0000,200,2.1403
0.0067,0.0000,0.0000,0.0000,0.0066,0.0001,200,2.1467
0.0066,0.0000,0.0000,0.0000,0.0064,0.0000,200,2.1469
0.0070,0.0000,0.0000,0.0000,0.0069,0.0000,200,2.1469
0.0071,0.0000,0.0000,0.0000,0.0070,0.0000,200,2.1471
0.0066,0.0000,0.0000,0.0000,0.0065,0.0001,200,2.1534
0.0067,0.0000,0.0000,0.0000,0.0066,0.0000,200,2.1535
0.0068,0.0000,0.0000,0.0000,0.0067,0.0000,200,2.1539
0.0066,0.0000,0.0000,0.0000,0.0065,0.0000,200,2.1541
0.0067,0.0000,0.0000,0.0000,0.0066,0.0000,200,2.1600
0.0066,0.0000,0.0000,0.0000,0.0065,0.0001,200,2.1602
0.0063,0.0000,0.0000,0.0000,0.0062,0.0000,200,2.1607
0.0064,0.0000,0.0000,0.0000,0.0063,0.0000,200,2.1607
0.0065,0.0000,0.0000,0.0000,0.0064,0.0001,200,2.1668
0.0066,0.0000,0.0000,0.0000,0.0065,0.0000,200,2.1668
0.0064,0.0000,0.0000,0.0000,0.0063,0.0000,200,2.1670
0.0065,0.0000,0.0000,0.0000,0.0064,0.0000,200,2.1671
0.0064,0.0000,0.0000,0.0000,0.0063,0.0000,200,2.1734
0.0064,0.0000,0.0000,0.0000,0.0063,0.0001,200,2.1734
0.0065,0.0000,0.0000,0.0000,0.0064,0.0001,200,2.1733
0.0067,0.0000,0.0000,0.0000,0.0066,0.0000,200,2.1736
0.0063,0.0000,0.0000,0.0000,0.0062,0.0000,200,2.1803
0.0068,0.0000,0.0000,0.0000,0.0067,0.0000,200,2.1797
0.0068,0.0000,0.0000,0.0000,0.0068,0.0000,200,2.1797
0.0071,0.0000,0.0000,0.0000,0.0070,0.0000,200,2.1797
0.0067,0.0000,0.0000,0.0000,0.0063,0.0001,200,2.1866
0.0066,0.0000,0.0000,0.0000,0.0066,0.0000,200,2.1868
0.0070,0.0000,0.0000,0.0002,0.0066,0.0001,200,2.1866
0.0075,0.0000,0.0000,0.0002,0.0072,0.0001,200,2.1866
0.0069,0.0000,0.0000,0.0000,0.0068,0.0001,200,2.1932
0.0066,0.0000,0.0000,0.0000,0.0066,0.0000,200,2.1935
0.0067,0.0000,0.0000,0.0000,0.0066,0.0000,200,2.1935
0.0069,0.0000,0.0000,0.0000,0.0068,0.0000,200,2.1940
0.0065,0.0000,0.0000,0.0000,0.0064,0.0001,200,2.2002
0.0065,0.0000,0.0000,0.0000,0.0064,0.0001,200,2.2001
0.0065,0.0000,0.0000,0.0000,0.0064,0.0000,200,2.2002
0.0060,0.0000,0.0000,0.0000,0.0060,0.0000,200,2.2009
0.0067,0.0000,0.0000,0.0000,0.0066,0.0000,200,2.2067
0.0064,0.0000,0.0000,0.0000,0.0063,0.0000,200,2.2069
0.0067,0.0000,0.0000,0.0000,0.0066,0.0001,200,2.2067
0.0067,0.0000,0.0000,0.0000,0.0066,0.0000,200,2.2067
0.0066,0.0000,0.0000,0.0000,0.0065,0.0000,200,2.2133
0.0065,0.0000,0.0000,0.0000,0.0065,0.0000,200,2.2134
0.0066,0.0000,0.0000,0.0000,0.0065,0.0000,200,2.2133
0.0066,0.0000,0.0000,0.0000,0.0065,0.0001,200,2.2133
0.0065,0.0000,0.0000,0.0000,0.0064,0.0001,200,2.2199
0.0067,0.0000,0.0000,0.0000,0.0066,0.0000,200,2.2199
0.0068,0.0000,0.0000,0.0000,0.0067,0.0000,200,2.2199
0.0076,0.0000,0.0000,0.0000,0.0075,0.0000,200,2.2199
0.0064,0.0000,0.0000,0.0000,0.0063,0.0001,200,2.2266
0.0066,0.0000,0.0000,0.0000,0.0065,0.0000,200,2.2267
0.0071,0.0000,0.0000,0.0000,0.0070,0.0000,200,2.2264
0.0094,0.0000,0.0000,0.0000,0.0093,0.0001,200,2.2275
0.0064,0.0000,0.0000,0.0000,0.0063,0.0001,200,2.2330
0.0062,0.0000,0.0000,0.0000,0.0061,0.0000,200,2.2333
0.0062,0.0000,0.0000,0.0000,0.0061,0.0000,200,2.2335
0.0067,0.0000,0.0000,0.0000,0.0066,0.0001,200,2.2369
0.0064,0.0000,0.0000,0.0000,0.0063,0.0001,200,2.2394
0.0065,0.0000,0.0000,0.0000,0.0065,0.0000,200,2.2395
0.0063,0.0000,0.0000,0.0000,0.0063,0.0000,200,2.2397
0.0072,0.0000,0.0000,0.0000,0.0071,0.0001,200,2.2436
0.0062,0.0000,0.0000,0.0000,0.0061,0.0001,200,2.2458
0.0073,0.0000,0.0000,0.0000,0.0072,0.0000,200,2.2460
0.0102,0.0000,0.0000,0.0000,0.0101,0.0001,200,2.2460
0.0062,0.0000,0.0000,0.0000,0.0061,0.0000,200,2.2508
0.0060,0.0000,0.0000,0.0000,0.0060,0.0000,200,2.2520
0.0062,0.0000,0.0000,0.0000,0.0061,0.0001,200,2.2533
0.0064,0.0000,0.0000,0.0000,0.0062,0.0001,200,2.2562
0.0068,0.0000,0.0000,0.0000,0.0068,0.0000,200,2.2570
0.0073,0.0000,0.0000,0.0000,0.0072,0.0000,200,2.2581
0.0064,0.0000,0.0000,0.0000,0.0063,0.0001,200,2.2594
0.0065,0.0000,0.0000,0.0000,0.0064,0.0001,200,2.2626
0.0074,0.0000,0.0000,0.0000,0.0073,0.0001,200,2.2639
0.0064,0.0000,0.0000,0.0000,0.0064,0.0000,200,2.2653
0.0060,0.0000,0.0000,0.0000,0.0060,0.0000,200,2.2658
0.0071,0.0000,0.0000,0.0000,0.0070,0.0001,200,2.2691
0.0062,0.0000,0.0000,0.0000,0.0062,0.0000,200,2.2712
0.0061,0.0000,0.0000,0.0000,0.0060,0.0000,200,2.2718
0.0065,0.0000,0.0000,0.0000,0.0064,0.0000,200,2.2718
0.0063,0.0000,0.0000,0.0000,0.0062,0.0001,200,2.2761
0.0062,0.0000,0.0000,0.0000,0.0062,0.0000,200,2.2775
0.0061,0.0000,0.0000,0.0000,0.0060,0.0001,200,2.2779
0.0066,0.0000,0.0000,0.0000,0.0065,0.0000,200,2.2783
0.0061,0.0000,0.0000,0.0000,0.0060,0.0000,200,2.2825
0.0060,0.0000,0.0000,0.0000,0.0059,0.0000,200,2.2837
0.0059,0.0000,0.0000,0.0000,0.0059,0.0000,200,2.2840
0.0063,0.0000,0.0000,0.0000,0.0062,0.0000,200,2.2850
0.0064,0.0000,0.0000,0.0000,0.0063,0.0001,200,2.2886
0.0060,0.0000,0.0000,0.0000,0.0059,0.0001,200,2.2899
0.0066,0.0000,0.0000,0.0000,0.0064,0.0001,200,2.2913
0.0083,0.0000,0.0000,0.0000,0.0082,0.0000,200,2.2897
0.0063,0.0000,0.0000,0.0000,0.0062,0.0000,200,2.2959
0.0074,0.0000,0.0000,0.0000,0.0072,0.0002,200,2.2949
0.0064,0.0000,0.0000,0.0000,0.0063,0.0000,200,2.2978
0.0076,0.0000,0.0000,0.0000,0.0076,0.0001,200,2.2980
0.0062,0.0000,0.0000,0.0000,0.0061,0.0000,200,2.3022
0.0064,0.0000,0.0000,0.0000,0.0063,0.0000,200,2.3023
0.0062,0.0000,0.0000,0.0000,0.0062,0.0000,200,2.3042
0.0062,0.0000,0.0000,0.0000,0.0061,0.0000,200,2.3056
0.0062,0.0000,0.0000,0.0000,0.0061,0.0000,200,2.3084
0.0061,0.0000,0.0000,0.0000,0.0060,0.0000,200,2.3087
0.0062,0.0000,0.0000,0.0000,0.0061,0.0000,200,2.3105
0.0060,0.0000,0.0000,0.0000,0.0059,0.0001,200,2.3119
0.0063,0.0000,0.0000,0.0000,0.0062,0.0000,200,2.3147
0.0064,0.0000,0.0000,0.0000,0.0064,0.0000,200,2.3146
0.0063,0.0000,0.0000,0.0000,0.0062,0.0001,200,2.3167
0.0059,0.0000,0.0000,0.0000,0.0059,0.0000,200,2.3178
0.0061,0.0000,0.0000,0.0000,0.0061,0.0000,200,2.3210
0.0065,0.0000,0.0000,0.0000,0.0064,0.0000,200,2.3210
0.0062,0.0000,0.0000,0.0000,0.0061,0.0000,200,2.3230
0.0071,0.0000,0.0000,0.0000,0.0071,0.0000,200,2.3238
0.0064,0.0000,0.0000,0.0000,0.0063,0.0000,200,2.3271
0.0061,0.0000,0.0000,0.0000,0.0060,0.0000,200,2.3275
0.0063,0.0000,0.0000,0.0000,0.0063,0.0000,200,2.3292
0.0060,0.0000,0.0000,0.0000,0.0059,0.0000,200,2.3309
0.0062,0.0000,0.0000,0.0000,0.0061,0.0000,200,2.3335
0.0062,0.0000,0.0000,0.0000,0.0061,0.0000,200,2.3336
0.0061,0.0000,0.0000,0.0000,0.0060,0.0001,200,2.3355
0.0060,0.0000,0.0000,0.0000,0.0059,0.0001,200,2.3369
0.0064,0.0000,0.0000,0.0000,0.0064,0.0000,200,2.3398
0.0066,0.0000,0.0000,0.0000,0.0066,0.0000,200,2.3397
0.0073,0.0000,0.0000,0.0000,0.0072,0.0001,200,2.3416
0.0068,0.0000,0.0000,0.0000,0.0067,0.0000,200,2.3428
0.0063,0.0000,0.0000,0.0000,0.0062,0.0000,200,2.3463
0.0069,0.0000,0.0000,0.0000,0.0069,0.0000,200,2.3462
0.0063,0.0000,0.0000,0.0000,0.0062,0.0000,200,2.3489
0.0061,0.0000,0.0000,0.0000,0.0061,0.0000,200,2.3496
0.0061,0.0000,0.0000,0.0000,0.0060,0.0000,200,2.3526
0.0063,0.0000,0.0000,0.0000,0.0062,0.0000,200,2.3532
0.0061,0.0000,0.0000,0.0000,0.0061,0.0000,200,2.3552
0.0061,0.0000,0.0000,0.0000,0.0060,0.0000,200,2.3558
0.0065,0.0000,0.0000,0.0000,0.0064,0.0001,200,2.3587
0.0064,0.0000,0.0000,0.0000,0.0063,0.0000,200,2.3595
0.0064,0.0000,0.0000,0.0000,0.0064,0.0000,200,2.3618
0.0070,0.0000,0.0000,0.0000,0.0069,0.0000,200,2.3613
0.0064,0.0000,0.0000,0.0000,0.0063,0.0001,200,2.3652
0.0072,0.0000,0.0000,0.0000,0.0071,0.0001,200,2.3658
0.0067,0.0000,0.0000,0.0000,0.0067,0.0001,200,2.3683
0.0077,0.0000,0.0000,0.0000,0.0076,0.0000,200,2.3683
0.0076,0.0000,0.0000,0.0000,0.0075,0.0001,200,2.3716
0.0069,0.0000,0.0000,0.0000,0.0068,0.0000,200,2.3730
0.0071,0.0000,0.0000,0.0000,0.0070,0.0001,200,2.3750
0.0067,0.0000,0.0000,0.0000,0.0067,0.0000,200,2.3760
0.0069,0.0000,0.0000,0.0000,0.0067,0.0001,200,2.3792
0.0062,0.0000,0.0000,0.0000,0.0061,0.0000,200,2.3800
0.0069,0.0000,0.0000,0.0000,0.0067,0.0001,200,2.3822
0.0064,0.0000,0.0000,0.0000,0.0063,0.0000,200,2.3827
0.0067,0.0000,0.0000,0.0000,0.0066,0.0000,200,2.3861
0.0066,0.0000,0.0000,0.0000,0.0066,0.0000,200,2.3861
0.0063,0.0000,0.0000,0.0000,0.0062,0.0001,200,2.3890
0.0064,0.0000,0.0000,0.0000,0.0064,0.0000,200,2.3891
0.0068,0.0000,0.0000,0.0000,0.0066,0.0001,200,2.3928
0.0071,0.0000,0.0000,0.0000,0.0070,0.0000,200,2.3928
0.0061,0.0000,0.0000,0.0000,0.0061,0.0000,200,2.3953
0.0061,0.0000,0.0000,0.0000,0.0061,0.0000,200,2.3955
0.0062,0.0000,0.0000,0.0000,0.0061,0.0001,200,2.3999
0.0065,0.0000,0.0000,0.0000,0.0064,0.0000,200,2.3996
0.0064,0.0000,0.0000,0.0000,0.0063,0.0001,200,2.4015
0.0063,0.0000,0.0000,0.0000,0.0063,0.0000,200,2.4016
0.0064,0.0000,0.0000,0.0000,0.0063,0.0001,200,2.4061
0.0064,0.0000,0.0000,0.0000,0.0063,0.0000,200,2.4060
0.0062,0.0000,0.0000,0.0000,0.0062,0.0000,200,2.4079
0.0063,0.0000,0.0000,0.0000,0.0063,0.0000,200,2.4078
0.0065,0.0000,0.0000,0.0000,0.0064,0.0001,200,2.4124
0.0065,0.0000,0.0000,0.0000,0.0064,0.0001,200,2.4125
0.0064,0.0000,0.0000,0.0000,0.0063,0.0000,200,2.4142
0.0064,0.0000,0.0000,0.0000,0.0064,0.0000,200,2.4142
0.0064,0.0000,0.0000,0.0000,0.0063,0.0001,200,2.4189
0.0065,0.0000,0.0000,0.0000,0.0064,0.0000,200,2.4189
0.0063,0.0000,0.0000,0.0000,0.0062,0.0000,200,2.4206
0.0064,0.0000,0.0000,0.0000,0.0063,0.0000,200,2.4206
0.0062,0.0000,0.0000,0.0000,0.0061,0.0001,200,2.4254
0.0064,0.0000,0.0000,0.0000,0.0063,0.0000,200,2.4253
0.0062,0.0000,0.0000,0.0000,0.0061,0.0000,200,2.4269
0.0062,0.0000,0.0000,0.0000,0.0062,0.0000,200,2.4270
0.0065,0.0000,0.0000,0.0000,0.0064,0.0001,200,2.4316
0.0061,0.0000,0.0000,0.0000,0.0060,0.0001,200,2.4332
0.0078,0.0000,0.0000,0.0000,0.0073,0.0005,200,2.4317
0.0071,0.0000,0.0000,0.0000,0.0071,0.0000,200,2.4331
0.0069,0.0000,0.0000,0.0000,0.0068,0.0001,200,2.4381
0.0063,0.0000,0.0000,0.0000,0.0061,0.0001,200,2.4395
0.0075,0.0000,0.0000,0.0000,0.0074,0.0000,200,2.4402
0.0091,0.0000,0.0000,0.0000,0.0091,0.0000,200,2.4393
0.0066,0.0000,0.0000,0.0000,0.0063,0.0001,200,2.4458
0.0075,0.0000,0.0000,0.0000,0.0074,0.0000,200,2.4450
0.0065,0.0000,0.0000,0.0000,0.0064,0.0000,200,2.4477
0.0061,0.0000,0.0000,0.0000,0.0060,0.0000,200,2.4485
0.0065,0.0000,0.0000,0.0000,0.0064,0.0001,200,2.4525
0.0066,0.0000,0.0000,0.0001,0.0064,0.0001,200,2.4523
0.0065,0.0000,0.0000,0.0000,0.0064,0.0000,200,2.4545
0.0068,0.0000,0.0000,0.0000,0.0068,0.0000,200,2.4542
0.0065,0.0000,0.0000,0.0000,0.0064,0.0000,200,2.4590
0.0065,0.0000,0.0000,0.0000,0.0064,0.0000,200,2.4590
0.0066,0.0000,0.0000,0.0000,0.0064,0.0001,200,2.4610
0.0071,0.0000,0.0000,0.0000,0.0070,0.0001,200,2.4610
0.0067,0.0000,0.0000,0.0000,0.0065,0.0001,200,2.4655
0.0068,0.0000,0.0000,0.0000,0.0068,0.0000,200,2.4654
0.0065,0.0000,0.0000,0.0000,0.0065,0.0001,200,2.4676
0.0063,0.0000,0.0000,0.0000,0.0062,0.0000,200,2.4681
0.0064,0.0000,0.0000,0.0000,0.0063,0.0001,200,2.4723
0.0066,0.0000,0.0000,0.0000,0.0065,0.0000,200,2.4721
0.0066,0.0000,0.0000,0.0000,0.0065,0.0000,200,2.4742
0.0065,0.0000,0.0000,0.0000,0.0064,0.0000,200,2.4744
0.0062,0.0000,0.0000,0.0000,0.0062,0.0000,200,2.4787
0.0063,0.0000,0.0000,0.0000,0.0062,0.0000,200,2.4787
0.0071,0.0000,0.0000,0.0000,0.0071,0.0000,200,2.4807
0.0070,0.0000,0.0000,0.0000,0.0069,0.0001,200,2.4809
0.0070,0.0000,0.0000,0.0000,0.0069,0.0001,200,2.4849
0.0070,0.0000,0.0000,0.0000,0.0069,0.0000,200,2.4849
0.0063,0.0000,0.0000,0.0000,0.0061,0.0001,200,2.4879
0.0064,0.0000,0.0000,0.0000,0.0063,0.0000,200,2.4879
0.0064,0.0000,0.0000,0.0000,0.0063,0.0001,200,2.4919
0.0064,0.0000,0.0000,0.0000,0.0064,0.0000,200,2.4919
0.0078,0.0000,0.0000,0.0000,0.0076,0.0001,200,2.4942
0.0076,0.0000,0.0000,0.0000,0.0076,0.0000,200,2.4943
0.0080,0.0000,0.0000,0.0000,0.0080,0.0000,200,2.4983
0.0081,0.0000,0.0000,0.0000,0.0079,0.0002,200,2.4983
0.0066,0.0000,0.0000,0.0000,0.0065,0.0000,200,2.5019
0.0067,0.0000,0.0000,0.0000,0.0066,0.0000,200,2.5019
0.0068,0.0000,0.0000,0.0000,0.0067,0.0001,200,2.5063
0.0067,0.0000,0.0000,0.0000,0.0067,0.0000,200,2.5064
0.0065,0.0000,0.0000,0.0000,0.0064,0.0000,200,2.5085
0.0064,0.0000,0.0000,0.0000,0.0063,0.0000,200,2.5086
0.0067,0.0000,0.0000,0.0000,0.0066,0.0001,200,2.5131
0.0066,0.0000,0.0000,0.0000,0.0066,0.0000,200,2.5132
0.0063,0.0000,0.0000,0.0000,0.0063,0.0000,200,2.5150
0.0064,0.0000,0.0000,0.0000,0.0062,0.0002,200,2.5150
0.0064,0.0000,0.0000,0.0000,0.0063,0.0001,200,2.5198
0.0065,0.0000,0.0000,0.0000,0.0065,0.0000,200,2.5198
0.0062,0.0000,0.0000,0.0000,0.0061,0.0000,200,2.5214
0.0063,0.0000,0.0000,0.0000,0.0062,0.0000,200,2.5213
0.0064,0.0000,0.0000,0.0000,0.0063,0.0001,200,2.5262
0.0063,0.0000,0.0000,0.0000,0.0062,0.0000,200,2.5264
0.0061,0.0000,0.0000,0.0000,0.0061,0.0000,200,2.5276
0.0062,0.0000,0.0000,0.0000,0.0062,0.0000,200,2.5276
0.0066,0.0000,0.0000,0.0000,0.0066,0.0000,200,2.5326
0.0066,0.0000,0.0000,0.0000,0.0066,0.0000,200,2.5326
0.0061,0.0000,0.0000,0.0000,0.0060,0.0000,200,2.5338
0.0061,0.0000,0.0000,0.0000,0.0060,0.0000,200,2.5338
0.0064,0.0000,0.0000,0.0000,0.0064,0.0000,200,2.5393
0.0064,0.0000,0.0000,0.0000,0.0063,0.0000,200,2.5393
0.0063,0.0000,0.0000,0.0000,0.0062,0.0000,200,2.5398
0.0063,0.0000,0.0000,0.0000,0.0062,0.0000,200,2.5399
0.0067,0.0000,0.0000,0.0000,0.0066,0.0000,200,2.5457
0.0067,0.0000,0.0000,0.0000,0.0066,0.0001,200,2.5457
0.0063,0.0000,0.0000,0.0000,0.0062,0.0000,200,2.5461
0.0063,0.0000,0.0000,0.0000,0.0063,0.0000,200,2.5462
0.0065,0.0000,0.0000,0.0000,0.0064,0.0001,200,2.5525
0.0068,0.0000,0.0000,0.0000,0.0067,0.0000,200,2.5524
0.0068,0.0000,0.0000,0.0000,0.0068,0.0000,200,2.5524
0.0075,0.0000,0.0000,0.0000,0.0074,0.0000,200,2.5524
0.0061,0.0000,0.0000,0.0000,0.0061,0.0000,200,2.5592
0.0064,0.0000,0.0000,0.0000,0.0063,0.0000,200,2.5590
0.0062,0.0000,0.0000,0.0000,0.0061,0.0001,200,2.5591
0.0060,0.0000,0.0000,0.0000,0.0059,0.0000,200,2.5598
0.0064,0.0000,0.0000,0.0000,0.0063,0.0000,200,2.5654
0.0064,0.0000,0.0000,0.0000,0.0064,0.0000,200,2.5653
0.0066,0.0000,0.0000,0.0000,0.0064,0.0002,200,2.5653
0.0072,0.0000,0.0000,0.0000,0.0072,0.0000,200,2.5658
0.0072,0.0000,0.0000,0.0000,0.0071,0.0001,200,2.5718
0.0072,0.0000,0.0000,0.0000,0.0071,0.0001,200,2.5718
0.0071,0.0000,0.0000,0.0000,0.0070,0.0001,200,2.5719
0.0063,0.0000,0.0000,0.0000,0.0062,0.0000,200,2.5731
0.0069,0.0000,0.0000,0.0000,0.0068,0.0000,200,2.5790
0.0069,0.0000,0.0000,0.0000,0.0068,0.0000,200,2.5790
0.0065,0.0000,0.0000,0.0000,0.0065,0.0000,200,2.5794
0.0069,0.0000,0.0000,0.0000,0.0068,0.0001,200,2.5790
0.0066,0.0000,0.0000,0.0000,0.0065,0.0001,200,2.5859
0.0066,0.0000,0.0000,0.0000,0.0065,0.0001,200,2.5859
0.0066,0.0000,0.0000,0.0000,0.0066,0.0000,200,2.5859
0.0066,0.0000,0.0000,0.0000,0.0066,0.0000,200,2.5859
0.0065,0.0000,0.0000,0.0000,0.0064,0.0001,200,2.5925
0.0065,0.0000,0.0000,0.0000,0.0064,0.0001,200,2.5925
0.0065,0.0000,0.0000,0.0000,0.0064,0.0000,200,2.5925
0.0065,0.0000,0.0000,0.0000,0.0064,0.0001,200,2.5925
0.0063,0.0000,0.0000,0.0000,0.0063,0.0000,200,2.5990
0.0064,0.0000,0.0000,0.0000,0.0064,0.0000,200,2.5990
0.0065,0.0000,0.0000,0.0000,0.0065,0.0000,200,2.5990
0.0067,0.0000,0.0000,0.0000,0.0067,0.0000,200,2.5990
0.0078,0.0000,0.0000,0.0000,0.0077,0.0001,200,2.6055
0.0076,0.0000,0.0000,0.0000,0.0075,0.0000,200,2.6057
0.0078,0.0000,0.0000,0.0000,0.0078,0.0000,200,2.6055
0.0082,0.0000,0.0000,0.0000,0.0082,0.0000,200,2.6054
0.0071,0.0000,0.0000,0.0000,0.0070,0.0001,200,2.6133
0.0069,0.0000,0.0000,0.0000,0.0069,0.0000,200,2.6136
0.0074,0.0000,0.0000,0.0000,0.0073,0.0000,200,2.6133
0.0075,0.0000,0.0000,0.0000,0.0074,0.0000,200,2.6132
0.0065,0.0000,0.0000,0.0000,0.0064,0.0000,200,2.6207
0.0066,0.0000,0.0000,0.0000,0.0066,0.0000,200,2.6207
0.0070,0.0000,0.0000,0.0000,0.0067,0.0002,200,2.6204
0.0069,0.0000,0.0000,0.0000,0.0068,0.0000,200,2.6205
0.0063,0.0000,0.0000,0.0000,0.0062,0.0001,200,2.6274
0.0065,0.0000,0.0000,0.0000,0.0064,0.0001,200,2.6274
0.0068,0.0000,0.0000,0.0000,0.0067,0.0000,200,2.6272
0.0067,0.0000,0.0000,0.0000,0.0066,0.0000,200,2.6273
0.0063,0.0000,0.0000,0.0000,0.0062,0.0000,200,2.6340
0.0064,0.0000,0.0000,0.0000,0.0063,0.0001,200,2.6339
0.0067,0.0000,0.0000,0.0000,0.0066,0.0000,200,2.6336
0.0063,0.0000,0.0000,0.0000,0.0063,0.0000,200,2.6340
0.0064,0.0000,0.0000,0.0000,0.0063,0.0000,200,2.6403
0.0064,0.0000,0.0000,0.0000,0.0063,0.0000,200,2.6403
0.0064,0.0000,0.0000,0.0000,0.0063,0.0000,200,2.6403
0.0064,0.0000,0.0000,0.0000,0.0063,0.0001,200,2.6403
0.0064,0.0000,0.0000,0.0000,0.0063,0.0001,200,2.6467
0.0064,0.0000,0.0000,0.0000,0.0063,0.0001,200,2.6467
0.0064,0.0000,0.0000,0.0000,0.0063,0.0001,200,2.6467
0.0064,0.0000,0.0000,0.0000,0.0063,0.0001,200,2.6467
0.0067,0.0000,0.0000,0.0000,0.0066,0.0001,200,2.6531
0.0068,0.0000,0.0000,0.0000,0.0066,0.0000,200,2.6531
0.0067,0.0000,0.0000,0.0000,0.0067,0.0000,200,2.6531
0.0068,0.0000,0.0000,0.0000,0.0067,0.0000,200,2.6531
0.0063,0.0000,0.0000,0.0000,0.0062,0.0000,200,2.6598
0.0063,0.0000,0.0000,0.0000,0.0062,0.0001,200,2.6598
0.0064,0.0000,0.0000,0.0000,0.0063,0.0000,200,2.6598
0.0065,0.0000,0.0000,0.0000,0.0064,0.0000,200,2.6598
0.0064,0.0000,0.0000,0.0000,0.0063,0.0001,200,2.6661
0.0063,0.0000,0.0000,0.0000,0.0062,0.0000,200,2.6663
0.0064,0.0000,0.0000,0.0000,0.0063,0.0000,200,2.6661
0.0063,0.0000,0.0000,0.0000,0.0063,0.0000,200,2.6662
0.0062,0.0000,0.0000,0.0000,0.0061,0.0001,200,2.6725
0.0062,0.0000,0.0000,0.0000,0.0062,0.0000,200,2.6726
0.0063,0.0000,0.0000,0.0000,0.0063,0.0001,200,2.6726
0.0092,0.0000,0.0000,0.0000,0.0091,0.0000,200,2.6726
0.0062,0.0000,0.0000,0.0000,0.0061,0.0001,200,2.6788
0.0062,0.0000,0.0000,0.0000,0.0061,0.0000,200,2.6789
0.0063,0.0000,0.0000,0.0000,0.0062,0.0000,200,2.6788
0.0062,0.0000,0.0000,0.0000,0.0061,0.0001,200,2.6817
0.0066,0.0000,0.0000,0.0000,0.0065,0.0001,200,2.6851
0.0067,0.0000,0.0000,0.0000,0.0066,0.0001,200,2.6850
0.0066,0.0000,0.0000,0.0000,0.0065,0.0000,200,2.6851
0.0062,0.0000,0.0000,0.0000,0.0061,0.0000,200,2.6880
0.0063,0.0000,0.0000,0.0000,0.0062,0.0001,200,2.6916
0.0063,0.0000,0.0000,0.0000,0.0062,0.0000,200,2.6917
0.0065,0.0000,0.0000,0.0000,0.0065,0.0000,200,2.6917
0.0060,0.0000,0.0000,0.0000,0.0059,0.0000,200,2.6941
0.0062,0.0000,0.0000,0.0000,0.0061,0.0000,200,2.6979
0.0063,0.0000,0.0000,0.0000,0.0063,0.0000,200,2.6982
0.0066,0.0000,0.0000,0.0000,0.0065,0.0000,200,2.6979
0.0060,0.0000,0.0000,0.0000,0.0060,0.0001,200,2.7001
0.0069,0.0000,0.0000,0.0000,0.0068,0.0000,200,2.7041
0.0065,0.0000,0.0000,0.0000,0.0064,0.0000,200,2.7045
0.0065,0.0000,0.0000,0.0000,0.0064,0.0000,200,2.7045
0.0063,0.0000,0.0000,0.0000,0.0062,0.0000,200,2.7062
0.0064,0.0000,0.0000,0.0000,0.0063,0.0001,200,2.7110
0.0065,0.0000,0.0000,0.0000,0.0065,0.0000,200,2.7110
0.0070,0.0000,0.0000,0.0000,0.0070,0.0000,200,2.7110
0.0102,0.0000,0.0000,0.0000,0.0101,0.0001,200,2.7125
0.0064,0.0000,0.0000,0.0000,0.0063,0.0001,200,2.7175
0.0063,0.0000,0.0000,0.0000,0.0062,0.0000,200,2.7180
0.0069,0.0000,0.0000,0.0000,0.0069,0.0000,200,2.7174
0.0068,0.0000,0.0000,0.0000,0.0067,0.0001,200,2.7227
0.0064,0.0000,0.0000,0.0000,0.0063,0.0000,200,2.7239
0.0067,0.0000,0.0000,0.0000,0.0066,0.0000,200,2.7244
0.0078,0.0000,0.0000,0.0000,0.0077,0.0000,200,2.7244
0.0077,0.0000,0.0000,0.0000,0.0076,0.0001,200,2.7303
0.0085,0.0000,0.0000,0.0000,0.0084,0.0001,200,2.7295
0.0070,0.0000,0.0000,0.0000,0.0069,0.0000,200,2.7311
0.0070,0.0000,0.0000,0.0000,0.0069,0.0000,200,2.7322
0.0081,0.0000,0.0000,0.0000,0.0080,0.0001,200,2.7380
0.0087,0.0000,0.0000,0.0000,0.0086,0.0000,200,2.7381
0.0079,0.0000,0.0000,0.0000,0.0078,0.0000,200,2.7391
0.0130,0.0000,0.0000,0.0000,0.0129,0.0001,200,2.7380
0.0068,0.0000,0.0000,0.0000,0.0067,0.0000,200,2.7468
0.0075,0.0000,0.0000,0.0000,0.0074,0.0001,200,2.7461
0.0066,0.0000,0.0000,0.0000,0.0065,0.0001,200,2.7470
0.0065,0.0000,0.0000,0.0000,0.0064,0.0001,200,2.7510
0.0083,0.0000,0.0000,0.0000,0.0083,0.0000,200,2.7536
0.0083,0.0000,0.0000,0.0000,0.0083,0.0001,200,2.7536
0.0083,0.0000,0.0000,0.0000,0.0082,0.0001,200,2.7536
0.0064,0.0000,0.0000,0.0000,0.0063,0.0000,200,2.7574
0.0066,0.0000,0.0000,0.0000,0.0065,0.0001,200,2.7619
0.0067,0.0000,0.0000,0.0000,0.0066,0.0000,200,2.7619
0.0067,0.0000,0.0000,0.0000,0.0067,0.0000,200,2.7619
0.0063,0.0000,0.0000,0.0000,0.0062,0.0000,200,2.7639
0.0064,0.0000,0.0000,0.0000,0.0063,0.0001,200,2.7686
0.0064,0.0000,0.0000,0.0000,0.0063,0.0000,200,2.7687
0.0065,0.0000,0.0000,0.0000,0.0065,0.0000,200,2.7685
0.0070,0.0000,0.0000,0.0000,0.0069,0.0000,200,2.7702
0.0063,0.0000,0.0000,0.0000,0.0062,0.0000,200,2.7750
0.0063,0.0000,0.0000,0.0000,0.0062,0.0000,200,2.7750
0.0063,0.0000,0.0000,0.0000,0.0062,0.0000,200,2.7751
0.0063,0.0000,0.0000,0.0000,0.0062,0.0000,200,2.7772
0.0077,0.0000,0.0000,0.0000,0.0076,0.0001,200,2.7813
0.0077,0.0000,0.0000,0.0000,0.0076,0.0000,200,2.7813
0.0077,0.0000,0.0000,0.0000,0.0076,0.0001,200,2.7813
0.0070,0.0000,0.0000,0.0000,0.0069,0.0000,200,2.7835
0.0063,0.0000,0.0000,0.0000,0.0063,0.0001,200,2.7890
0.0065,0.0000,0.0000,0.0000,0.0065,0.0000,200,2.7890
0.0074,0.0000,0.0000,0.0000,0.0066,0.0007,200,2.7890
0.0063,0.0000,0.0000,0.0000,0.0062,0.0000,200,2.7905
0.0063,0.0000,0.0000,0.0000,0.0062,0.0001,200,2.7955
0.0067,0.0000,0.0000,0.0000,0.0066,0.0000,200,2.7954
0.0064,0.0000,0.0000,0.0000,0.0063,0.0000,200,2.7968
0.0068,0.0000,0.0000,0.0000,0.0067,0.0000,200,2.7964
0.0075,0.0000,0.0000,0.0000,0.0073,0.0001,200,2.8018
0.0063,0.0000,0.0000,0.0000,0.0063,0.0000,200,2.8031
0.0074,0.0000,0.0000,0.0000,0.0074,0.0000,200,2.8021
0.0068,0.0000,0.0000,0.0000,0.0066,0.0002,200,2.8031
0.0068,0.0000,0.0000,0.0000,0.0067,0.0001,200,2.8095
0.0063,0.0000,0.0000,0.0000,0.0062,0.0001,200,2.8099
0.0069,0.0000,0.0000,0.0000,0.0068,0.0000,200,2.8094
0.0068,0.0000,0.0000,0.0001,0.0065,0.0000,200,2.8095
0.0068,0.0000,0.0000,0.0000,0.0067,0.0001,200,2.8162
0.0069,0.0000,0.0000,0.0000,0.0068,0.0000,200,2.8162
0.0068,0.0000,0.0000,0.0000,0.0068,0.0000,200,2.8163
0.0077,0.0000,0.0000,0.0000,0.0077,0.0000,200,2.8163
0.0072,0.0000,0.0000,0.0000,0.0071,0.0001,200,2.8231
0.0064,0.0000,0.0000,0.0000,0.0063,0.0000,200,2.8240
0.0073,0.0000,0.0000,0.0000,0.0072,0.0000,200,2.8231
0.0075,0.0000,0.0000,0.0000,0.0074,0.0000,200,2.8230
0.0064,0.0000,0.0000,0.0000,0.0063,0.0001,200,2.8303
0.0064,0.0000,0.0000,0.0000,0.0063,0.0001,200,2.8304
0.0063,0.0000,0.0000,0.0000,0.0063,0.0000,200,2.8305
0.0066,0.0000,0.0000,0.0000,0.0066,0.0000,200,2.8304
0.0065,0.0000,0.0000,0.0000,0.0064,0.0001,200,2.8367
0.0066,0.0000,0.0000,0.0000,0.0065,0.0000,200,2.8367
0.0065,0.0000,0.0000,0.0000,0.0064,0.0000,200,2.8370
0.0073,0.0000,0.0000,0.0000,0.0072,0.0000,200,2.8368
0.0064,0.0000,0.0000,0.0000,0.0063,0.0000,200,2.8432
0.0062,0.0000,0.0000,0.0000,0.0061,0.0001,200,2.8435
0.0064,0.0000,0.0000,0.0000,0.0064,0.0000,200,2.8433
0.0062,0.0000,0.0000,0.0000,0.0061,0.0000,200,2.8442
0.0067,0.0000,0.0000,0.0000,0.0066,0.0001,200,2.8497
0.0068,0.0000,0.0000,0.0000,0.0067,0.0000,200,2.8496
0.0062,0.0000,0.0000,0.0000,0.0061,0.0000,200,2.8504
0.0069,0.0000,0.0000,0.0000,0.0068,0.0000,200,2.8497
0.0067,0.0000,0.0000,0.0000,0.0065,0.0001,200,2.8563
0.0065,0.0000,0.0000,0.0000,0.0064,0.0000,200,2.8566
0.0074,0.0000,0.0000,0.0000,0.0073,0.0000,200,2.8565
0.0083,0.0000,0.0000,0.0000,0.0082,0.0000,200,2.8564
0.0065,0.0000,0.0000,0.0000,0.0064,0.0001,200,2.8630
0.0072,0.0000,0.0000,0.0000,0.0071,0.0000,200,2.8631
0.0065,0.0000,0.0000,0.0000,0.0065,0.0000,200,2.8639
0.0062,0.0000,0.0000,0.0000,0.0062,0.0000,200,2.8647
0.0067,0.0000,0.0000,0.0000,0.0066,0.0001,200,2.8695
0.0071,0.0000,0.0000,0.0000,0.0070,0.0000,200,2.8702
0.0064,0.0000,0.0000,0.0000,0.0063,0.0000,200,2.8710
0.0070,0.0000,0.0000,0.0000,0.0068,0.0001,200,2.8704
0.0071,0.0000,0.0000,0.0000,0.0069,0.0001,200,2.8762
0.0062,0.0000,0.0000,0.0000,0.0061,0.0000,200,2.8773
0.0064,0.0000,0.0000,0.0000,0.0063,0.0000,200,2.8774
0.0115,0.0000,0.0000,0.0000,0.0114,0.0001,200,2.8774
0.0065,0.0000,0.0000,0.0000,0.0064,0.0001,200,2.8835
0.0069,0.0000,0.0000,0.0000,0.0068,0.0000,200,2.8833
0.0065,0.0000,0.0000,0.0000,0.0064,0.0001,200,2.8837
0.0068,0.0000,0.0000,0.0000,0.0067,0.0000,200,2.8902
0.0081,0.0000,0.0000,0.0000,0.0080,0.0001,200,2.8889
0.0070,0.0000,0.0000,0.0000,0.0069,0.0001,200,2.8900
0.0068,0.0000,0.0000,0.0000,0.0067,0.0001,200,2.8902
0.0068,0.0000,0.0000,0.0000,0.0067,0.0001,200,2.8970
0.0068,0.0000,0.0000,0.0000,0.0067,0.0001,200,2.8970
0.0068,0.0000,0.0000,0.0000,0.0068,0.0000,200,2.8970
0.0069,0.0000,0.0000,0.0000,0.0067,0.0001,200,2.8970
0.0067,0.0000,0.0000,0.0000,0.0066,0.0001,200,2.9038
0.0068,0.0000,0.0000,0.0000,0.0067,0.0000,200,2.9038
0.0068,0.0000,0.0000,0.0000,0.0068,0.0000,200,2.9038
0.0068,0.0000,0.0000,0.0000,0.0067,0.0000,200,2.9039
0.0064,0.0000,0.0000,0.0000,0.0063,0.0001,200,2.9107
0.0064,0.0000,0.0000,0.0000,0.0064,0.0000,200,2.9106
0.0066,0.0000,0.0000,0.0000,0.0065,0.0000,200,2.9106
0.0065,0.0000,0.0000,0.0000,0.0064,0.0000,200,2.9107
0.0064,0.0000,0.0000,0.0000,0.0063,0.0000,200,2.9171
0.0063,0.0000,0.0000,0.0000,0.0063,0.0001,200,2.9172
0.0064,0.0000,0.0000,0.0000,0.0064,0.0000,200,2.9171
0.0064,0.0000,0.0000,0.0000,0.0063,0.0001,200,2.9171
0.0066,0.0000,0.0000,0.0000,0.0065,0.0001,200,2.9235
0.0066,0.0000,0.0000,0.0000,0.0065,0.0000,200,2.9235
0.0066,0.0000,0.0000,0.0000,0.0065,0.0000,200,2.9235
0.0067,0.0000,0.0000,0.0000,0.0066,0.0000,200,2.9235
0.0064,0.0000,0.0000,0.0000,0.0064,0.0001,200,2.9302
0.0065,0.0000,0.0000,0.0000,0.0063,0.0001,200,2.9301
0.0067,0.0000,0.0000,0.0000,0.0066,0.0000,200,2.9301
0.0067,0.0000,0.0000,0.0000,0.0066,0.0000,200,2.9301
0.0064,0.0000,0.0000,0.0000,0.0063,0.0000,200,2.9368
0.0066,0.0000,0.0000,0.0000,0.0065,0.0001,200,2.9366
0.0065,0.0000,0.0000,0.0000,0.0063,0.0001,200,2.9368
0.0082,0.0000,0.0000,0.0000,0.0081,0.0000,200,2.9366
0.0066,0.0000,0.0000,0.0000,0.0064,0.0001,200,2.9432
0.0066,0.0000,0.0000,0.0000,0.0066,0.0000,200,2.9433
0.0067,0.0000,0.0000,0.0000,0.0067,0.0000,200,2.9432
0.0063,0.0000,0.0000,0.0000,0.0062,0.0000,200,2.9448
0.0068,0.0000,0.0000,0.0000,0.0067,0.0001,200,2.9499
0.0068,0.0000,0.0000,0.0000,0.0067,0.0000,200,2.9499
0.0069,0.0000,0.0000,0.0000,0.0068,0.0001,200,2.9498
0.0071,0.0000,0.0000,0.0000,0.0070,0.0001,200,2.9511
0.0063,0.0000,0.0000,0.0000,0.0062,0.0000,200,2.9567
0.0063,0.0000,0.0000,0.0000,0.0062,0.0001,200,2.9567
0.0070,0.0000,0.0000,0.0000,0.0069,0.0000,200,2.9567
0.0061,0.0000,0.0000,0.0000,0.0060,0.0000,200,2.9582
0.0064,0.0000,0.0000,0.0000,0.0063,0.0000,200,2.9630
0.0065,0.0000,0.0000,0.0000,0.0064,0.0000,200,2.9630
0.0063,0.0000,0.0000,0.0000,0.0062,0.0000,200,2.9637
0.0068,0.0000,0.0000,0.0000,0.0068,0.0000,200,2.9642
0.0069,0.0000,0.0000,0.0000,0.0068,0.0001,200,2.9695
0.0068,0.0000,0.0000,0.0000,0.0068,0.0001,200,2.9695
0.0088,0.0000,0.0000,0.0000,0.0087,0.0000,200,2.9711
0.0099,0.0000,0.0000,0.0000,0.0098,0.0000,200,2.9700
0.0064,0.0000,0.0000,0.0000,0.0063,0.0001,200,2.9763
0.0064,0.0000,0.0000,0.0000,0.0063,0.0000,200,2.9763
0.0066,0.0000,0.0000,0.0000,0.0065,0.0001,200,2.9799
0.0066,0.0000,0.0000,0.0000,0.0066,0.0000,200,2.9799
0.0065,0.0000,0.0000,0.0000,0.0064,0.0001,200,2.9828
0.0072,0.0000,0.0000,0.0000,0.0071,0.0001,200,2.9827
0.0090,0.0000,0.0000,0.0000,0.0089,0.0001,200,2.9865
0.0062,0.0000,0.0000,0.0000,0.0062,0.0000,200,2.9899
0.0071,0.0000,0.0000,0.0000,0.0070,0.0001,200,2.9892
0.0105,0.0000,0.0000,0.0000,0.0104,0.0000,200,2.9864
0.0082,0.0000,0.0000,0.0000,0.0081,0.0000,200,2.9955
0.0074,0.0000,0.0000,0.0000,0.0073,0.0001,200,2.9963
0.0068,0.0000,0.0000,0.0000,0.0068,0.0000,200,2.9969
0.0076,0.0000,0.0000,0.0000,0.0075,0.0001,200,2.9962
0.0068,0.0000,0.0000,0.0000,0.0067,0.0001,200,3.0037
0.0068,0.0000,0.0000,0.0000,0.0068,0.0000,200,3.0037
0.0069,0.0000,0.0000,0.0000,0.0068,0.0000,200,3.0037
0.0069,0.0000,0.0000,0.0000,0.0068,0.0000,200,3.0037
0.0066,0.0000,0.0000,0.0000,0.0065,0.0001,200,3.0106
0.0065,0.0000,0.0000,0.0000,0.0065,0.0000,200,3.0106
0.0066,0.0000,0.0000,0.0000,0.0065,0.0000,200,3.0106
0.0066,0.0000,0.0000,0.0000,0.0065,0.0001,200,3.0106
0.0065,0.0000,0.0000,0.0000,0.0064,0.0001,200,3.0171
0.0066,0.0000,0.0000,0.0000,0.0065,0.0000,200,3.0171
0.0073,0.0000,0.0000,0.0000,0.0072,0.0001,200,3.0171
0.0074,0.0000,0.0000,0.0000,0.0073,0.0000,200,3.0171
0.0070,0.0000,0.0000,0.0000,0.0069,0.0001,200,3.0236
0.0072,0.0000,0.0000,0.0000,0.0071,0.0000,200,3.0237
0.0064,0.0000,0.0000,0.0000,0.0063,0.0001,200,3.0245
0.0077,0.0000,0.0000,0.0000,0.0076,0.0000,200,3.0244
0.0066,0.0000,0.0000,0.0000,0.0065,0.0000,200,3.0306
0.0063,0.0000,0.0000,0.0000,0.0062,0.0000,200,3.0309
0.0065,0.0000,0.0000,0.0001,0.0064,0.0000,200,3.0309
0.0063,0.0000,0.0000,0.0000,0.0062,0.0000,200,3.0321
0.0069,0.0000,0.0000,0.0000,0.0067,0.0001,200,3.0372
0.0072,0.0000,0.0000,0.0000,0.0071,0.0001,200,3.0372
0.0076,0.0000,0.0000,0.0000,0.0075,0.0001,200,3.0384
0.0086,0.0000,0.0000,0.0000,0.0085,0.0000,200,3.0374
0.0066,0.0000,0.0000,0.0000,0.0065,0.0001,200,3.0444
0.0070,0.0000,0.0000,0.0000,0.0069,0.0000,200,3.0441
0.0069,0.0000,0.0000,0.0000,0.0068,0.0000,200,3.0460
0.0070,0.0000,0.0000,0.0000,0.0066,0.0004,200,3.0460
0.0070,0.0000,0.0000,0.0000,0.0067,0.0003,200,3.0510
0.0071,0.0000,0.0000,0.0000,0.0070,0.0001,200,3.0510
0.0082,0.0000,0.0000,0.0000,0.0081,0.0001,200,3.0529
0.0082,0.0000,0.0000,0.0000,0.0082,0.0000,200,3.0530
0.0068,0.0000,0.0000,0.0000,0.0066,0.0001,200,3.0580
0.0068,0.0000,0.0000,0.0000,0.0067,0.0000,200,3.0581
0.0068,0.0000,0.0000,0.0000,0.0067,0.0000,200,3.0611
0.0067,0.0000,0.0000,0.0000,0.0066,0.0000,200,3.0612
0.0062,0.0000,0.0000,0.0000,0.0061,0.0001,200,3.0648
0.0063,0.0000,0.0000,0.0000,0.0062,0.0000,200,3.0648
0.0064,0.0000,0.0000,0.0000,0.0063,0.0001,200,3.0679
0.0064,0.0000,0.0000,0.0000,0.0063,0.0001,200,3.0679
0.0064,0.0000,0.0000,0.0000,0.0063,0.0000,200,3.0711
0.0063,0.0000,0.0000,0.0000,0.0063,0.0000,200,3.0711
0.0064,0.0000,0.0000,0.0000,0.0063,0.0001,200,3.0743
0.0075,0.0000,0.0000,0.0000,0.0074,0.0000,200,3.0743
0.0063,0.0000,0.0000,0.0000,0.0062,0.0000,200,3.0775
0.0064,0.0000,0.0000,0.0000,0.0063,0.0000,200,3.0775
0.0065,0.0000,0.0000,0.0000,0.0064,0.0001,200,3.0807
0.0083,0.0000,0.0000,0.0000,0.0082,0.0000,200,3.0818
0.0063,0.0000,0.0000,0.0000,0.0062,0.0001,200,3.0838
0.0064,0.0000,0.0000,0.0000,0.0063,0.0000,200,3.0838
0.0066,0.0000,0.0000,0.0000,0.0065,0.0001,200,3.0872
0.0067,0.0000,0.0000,0.0000,0.0066,0.0001,200,3.0901
0.0068,0.0000,0.0000,0.0000,0.0068,0.0000,200,3.0901
0.0069,0.0000,0.0000,0.0000,0.0069,0.0000,200,3.0901
0.0065,0.0000,0.0000,0.0000,0.0064,0.0001,200,3.0938
0.0064,0.0000,0.0000,0.0000,0.0063,0.0001,200,3.0970
0.0064,0.0000,0.0000,0.0000,0.0064,0.0000,200,3.0970
0.0068,0.0000,0.0000,0.0000,0.0067,0.0000,200,3.0969
0.0088,0.0000,0.0000,0.0000,0.0087,0.0001,200,3.1004
0.0067,0.0000,0.0000,0.0000,0.0067,0.0000,200,3.1033
0.0066,0.0000,0.0000,0.0000,0.0066,0.0000,200,3.1036
0.0089,0.0000,0.0000,0.0000,0.0088,0.0001,200,3.1034
0.0067,0.0000,0.0000,0.0000,0.0065,0.0000,200,3.1092
0.0066,0.0000,0.0000,0.0000,0.0065,0.0000,200,3.1102
0.0072,0.0000,0.0000,0.0000,0.0071,0.0000,200,3.1101
0.0076,0.0000,0.0000,0.0000,0.0074,0.0001,200,3.1123
0.0064,0.0000,0.0000,0.0000,0.0063,0.0001,200,3.1159
0.0062,0.0000,0.0000,0.0000,0.0061,0.0000,200,3.1169
0.0063,0.0000,0.0000,0.0000,0.0062,0.0000,200,3.1173
0.0075,0.0000,0.0000,0.0000,0.0073,0.0001,200,3.1199
0.0066,0.0000,0.0000,0.0000,0.0064,0.0001,200,3.1223
0.0069,0.0000,0.0000,0.0000,0.0068,0.0000,200,3.1230
0.0065,0.0000,0.0000,0.0000,0.0064,0.0000,200,3.1236
0.0066,0.0000,0.0000,0.0000,0.0065,0.0001,200,3.1274
0.0066,0.0000,0.0000,0.0000,0.0065,0.0001,200,3.1288
0.0064,0.0000,0.0000,0.0000,0.0063,0.0000,200,3.1301
0.0066,0.0000,0.0000,0.0000,0.0065,0.0000,200,3.1299
0.0077,0.0000,0.0000,0.0000,0.0076,0.0001,200,3.1340
0.0064,0.0000,0.0000,0.0000,0.0063,0.0000,200,3.1355
0.0074,0.0000,0.0000,0.0000,0.0073,0.0001,200,3.1365
0.0075,0.0000,0.0000,0.0000,0.0074,0.0001,200,3.1364
0.0066,0.0000,0.0000,0.0000,0.0065,0.0001,200,3.1417
0.0068,0.0000,0.0000,0.0000,0.0067,0.0000,200,3.1419
0.0065,0.0000,0.0000,0.0000,0.0064,0.0001,200,3.1439
0.0066,0.0000,0.0000,0.0000,0.0065,0.0000,200,3.1439
0.0064,0.0000,0.0000,0.0000,0.0063,0.0001,200,3.1483
0.0063,0.0000,0.0000,0.0000,0.0062,0.0000,200,3.1487
0.0065,0.0000,0.0000,0.0001,0.0063,0.0001,200,3.1504
0.0066,0.0000,0.0000,0.0000,0.0066,0.0000,200,3.1505
0.0067,0.0000,0.0000,0.0000,0.0066,0.0001,200,3.1547
0.0064,0.0000,0.0000,0.0000,0.0064,0.0001,200,3.1550
0.0064,0.0000,0.0000,0.0000,0.0063,0.0000,200,3.1570
0.0093,0.0000,0.0000,0.0000,0.0092,0.0001,200,3.1571
0.0064,0.0000,0.0000,0.0000,0.0063,0.0000,200,3.1614
0.0067,0.0000,0.0000,0.0000,0.0066,0.0001,200,3.1614
0.0062,0.0000,0.0000,0.0000,0.0061,0.0000,200,3.1634
0.0066,0.0000,0.0000,0.0000,0.0065,0.0001,200,3.1664
0.0064,0.0000,0.0000,0.0000,0.0063,0.0001,200,3.1678
0.0063,0.0000,0.0000,0.0000,0.0062,0.0000,200,3.1681
0.0064,0.0000,0.0000,0.0000,0.0063,0.0001,200,3.1696
0.0066,0.0000,0.0000,0.0000,0.0065,0.0001,200,3.1729
0.0064,0.0000,0.0000,0.0000,0.0063,0.0001,200,3.1744
0.0066,0.0000,0.0000,0.0000,0.0065,0.0000,200,3.1743
0.0062,0.0000,0.0000,0.0000,0.0061,0.0000,200,3.1760
0.0063,0.0000,0.0000,0.0000,0.0062,0.0000,200,3.1796
0.0068,0.0000,0.0000,0.0000,0.0066,0.0001,200,3.1808
0.0069,0.0000,0.0000,0.0000,0.0068,0.0000,200,3.1808
0.0109,0.0000,0.0000,0.0000,0.0108,0.0001,200,3.1821
0.0074,0.0000,0.0000,0.0000,0.0073,0.0001,200,3.1859
0.0064,0.0000,0.0000,0.0000,0.0063,0.0000,200,3.1876
0.0063,0.0000,0.0000,0.0000,0.0063,0.0001,200,3.1876
0.0068,0.0000,0.0000,0.0000,0.0067,0.0001,200,3.1930
0.0068,0.0000,0.0000,0.0000,0.0067,0.0001,200,3.1933
0.0063,0.0000,0.0000,0.0000,0.0063,0.0000,200,3.1940
0.0072,0.0000,0.0000,0.0000,0.0065,0.0007,200,3.1940
0.0067,0.0000,0.0000,0.0000,0.0066,0.0001,200,3.2001
0.0070,0.0000,0.0000,0.0000,0.0069,0.0000,200,3.1998
0.0068,0.0000,0.0000,0.0000,0.0067,0.0000,200,3.2003
0.0066,0.0000,0.0000,0.0000,0.0065,0.0000,200,3.2012
0.0065,0.0000,0.0000,0.0000,0.0064,0.0001,200,3.2071
0.0067,0.0000,0.0000,0.0000,0.0066,0.0001,200,3.2069
0.0065,0.0000,0.0000,0.0000,0.0064,0.0000,200,3.2077
0.0084,0.0000,0.0000,0.0000,0.0083,0.0000,200,3.2068
0.0063,0.0000,0.0000,0.0000,0.0063,0.0001,200,3.2136
0.0065,0.0000,0.0000,0.0000,0.0065,0.0000,200,3.2136
0.0064,0.0000,0.0000,0.0000,0.0063,0.0000,200,3.2142
0.0065,0.0000,0.0000,0.0000,0.0063,0.0001,200,3.2152
0.0065,0.0000,0.0000,0.0000,0.0064,0.0001,200,3.2201
0.0067,0.0000,0.0000,0.0000,0.0066,0.0000,200,3.2199
0.0064,0.0000,0.0000,0.0000,0.0064,0.0000,200,3.2217
0.0077,0.0000,0.0000,0.0000,0.0076,0.0000,200,3.2206
0.0066,0.0000,0.0000,0.0000,0.0065,0.0001,200,3.2266
0.0067,0.0000,0.0000,0.0000,0.0066,0.0000,200,3.2266
0.0064,0.0000,0.0000,0.0000,0.0063,0.0000,200,3.2282
0.0063,0.0000,0.0000,0.0000,0.0062,0.0000,200,3.2283
0.0085,0.0000,0.0000,0.0000,0.0084,0.0000,200,3.2332
0.0072,0.0000,0.0000,0.0000,0.0071,0.0001,200,3.2346
0.0073,0.0000,0.0000,0.0000,0.0072,0.0000,200,3.2346
0.0087,0.0000,0.0000,0.0000,0.0086,0.0000,200,3.2332
0.0068,0.0000,0.0000,0.0000,0.0067,0.0001,200,3.2418
0.0068,0.0000,0.0000,0.0000,0.0068,0.0000,200,3.2419
0.0068,0.0000,0.0000,0.0000,0.0067,0.0000,200,3.2419
0.0088,0.0000,0.0000,0.0000,0.0087,0.0000,200,3.2417
0.0065,0.0000,0.0000,0.0000,0.0064,0.0000,200,3.2486
0.0064,0.0000,0.0000,0.0000,0.0063,0.0000,200,3.2487
0.0067,0.0000,0.0000,0.0000,0.0066,0.0001,200,3.2487
0.0062,0.0000,0.0000,0.0000,0.0061,0.0001,200,3.2505
0.0063,0.0000,0.0000,0.0000,0.0062,0.0001,200,3.2551
0.0064,0.0000,0.0000,0.0000,0.0063,0.0001,200,3.2551
0.0063,0.0000,0.0000,0.0000,0.0063,0.0000,200,3.2554
0.0063,0.0000,0.0000,0.0000,0.0062,0.0000,200,3.2567
0.0065,0.0000,0.0000,0.0000,0.0064,0.0000,200,3.2615
0.0062,0.0000,0.0000,0.0000,0.0061,0.0000,200,3.2617
0.0065,0.0000,0.0000,0.0000,0.0064,0.0000,200,3.2615
0.0073,0.0000,0.0000,0.0000,0.0072,0.0001,200,3.2629
0.0065,0.0000,0.0000,0.0000,0.0064,0.0001,200,3.2679
0.0066,0.0000,0.0000,0.0000,0.0065,0.0000,200,3.2680
0.0068,0.0000,0.0000,0.0000,0.0067,0.0000,200,3.2679
0.0064,0.0000,0.0000,0.0000,0.0063,0.0000,200,3.2702
0.0066,0.0000,0.0000,0.0000,0.0065,0.0001,200,3.2744
0.0063,0.0000,0.0000,0.0000,0.0063,0.0000,200,3.2747
0.0066,0.0000,0.0000,0.0000,0.0066,0.0001,200,3.2746
0.0062,0.0000,0.0000,0.0000,0.0061,0.0000,200,3.2766
0.0063,0.0000,0.0000,0.0000,0.0062,0.0001,200,3.2812
0.0066,0.0000,0.0000,0.0000,0.0065,0.0000,200,3.2810
0.0066,0.0000,0.0000,0.0000,0.0065,0.0000,200,3.2810
0.0062,0.0000,0.0000,0.0000,0.0061,0.0000,200,3.2828
0.0069,0.0000,0.0000,0.0000,0.0068,0.0001,200,3.2876
0.0075,0.0000,0.0000,0.0000,0.0074,0.0001,200,3.2876
0.0076,0.0000,0.0000,0.0000,0.0075,0.0000,200,3.2876
0.0063,0.0000,0.0000,0.0000,0.0063,0.0000,200,3.2890
0.0068,0.0000,0.0000,0.0000,0.0067,0.0001,200,3.2944
0.0062,0.0000,0.0000,0.0000,0.0062,0.0000,200,3.2952
0.0064,0.0000,0.0000,0.0000,0.0063,0.0000,200,3.2951
0.0066,0.0000,0.0000,0.0000,0.0065,0.0000,200,3.2953
0.0064,0.0000,0.0000,0.0000,0.0064,0.0001,200,3.3015
0.0068,0.0000,0.0000,0.0000,0.0067,0.0000,200,3.3013
0.0068,0.0000,0.0000,0.0000,0.0065,0.0003,200,3.3014
0.0065,0.0000,0.0000,0.0000,0.0064,0.0001,200,3.3019
0.0069,0.0000,0.0000,0.0000,0.0068,0.0001,200,3.3084
0.0071,0.0000,0.0000,0.0000,0.0070,0.0001,200,3.3082
0.0072,0.0000,0.0000,0.0000,0.0071,0.0001,200,3.3081
0.0077,0.0000,0.0000,0.0001,0.0075,0.0000,200,3.3080
0.0066,0.0000,0.0000,0.0000,0.0064,0.0001,200,3.3153
0.0066,0.0000,0.0000,0.0000,0.0065,0.0000,200,3.3153
0.0065,0.0000,0.0000,0.0000,0.0064,0.0000,200,3.3156
0.0068,0.0000,0.0000,0.0000,0.0067,0.0000,200,3.3153
0.0073,0.0000,0.0000,0.0000,0.0072,0.0001,200,3.3220
0.0073,0.0000,0.0000,0.0000,0.0072,0.0000,200,3.3221
0.0072,0.0000,0.0000,0.0000,0.0071,0.0000,200,3.3222
0.0076,0.0000,0.0000,0.0000,0.0075,0.0000,200,3.3219
0.0067,0.0000,0.0000,0.0000,0.0066,0.0000,200,3.3294
0.0068,0.0000,0.0000,0.0000,0.0065,0.0002,200,3.3293
0.0067,0.0000,0.0000,0.0000,0.0067,0.0000,200,3.3294
0.0067,0.0000,0.0000,0.0000,0.0066,0.0000,200,3.3295
0.0065,0.0000,0.0000,0.0000,0.0064,0.0001,200,3.3361
0.0068,0.0000,0.0000,0.0000,0.0067,0.0000,200,3.3360
0.0068,0.0000,0.0000,0.0000,0.0067,0.0001,200,3.3361
0.0072,0.0000,0.0000,0.0000,0.0070,0.0000,200,3.3360
0.0067,0.0000,0.0000,0.0000,0.0066,0.0001,200,3.3427
0.0066,0.0000,0.0000,0.0000,0.0065,0.0000,200,3.3428
0.0066,0.0000,0.0000,0.0000,0.0065,0.0000,200,3.3428
0.0098,0.0000,0.0000,0.0000,0.0097,0.0000,200,3.3432
0.0065,0.0000,0.0000,0.0000,0.0064,0.0000,200,3.3494
0.0066,0.0000,0.0000,0.0000,0.0065,0.0000,200,3.3494
0.0066,0.0000,0.0000,0.0000,0.0065,0.0000,200,3.3494
0.0065,0.0000,0.0000,0.0000,0.0063,0.0002,200,3.3530
0.0081,0.0000,0.0000,0.0000,0.0080,0.0001,200,3.3559
0.0080,0.0000,0.0000,0.0000,0.0079,0.0001,200,3.3560
0.0080,0.0000,0.0000,0.0000,0.0079,0.0001,200,3.3560
0.0068,0.0000,0.0000,0.0001,0.0066,0.0001,200,3.3595
0.0067,0.0000,0.0000,0.0000,0.0066,0.0001,200,3.3640
0.0067,0.0000,0.0000,0.0000,0.0065,0.0001,200,3.3640
0.0077,0.0000,0.0000,0.0000,0.0075,0.0000,200,3.3640
0.0065,0.0000,0.0000,0.0000,0.0064,0.0001,200,3.3663
0.0079,0.0000,0.0000,0.0000,0.0078,0.0000,200,3.3707
0.0069,0.0000,0.0000,0.0000,0.0068,0.0001,200,3.3716
0.0081,0.0000,0.0000,0.0000,0.0080,0.0000,200,3.3707
0.0062,0.0000,0.0000,0.0000,0.0061,0.0000,200,3.3728
0.0067,0.0000,0.0000,0.0000,0.0066,0.0001,200,3.3786
0.0068,0.0000,0.0000,0.0000,0.0067,0.0000,200,3.3786
0.0066,0.0000,0.0000,0.0000,0.0065,0.0001,200,3.3788
0.0075,0.0000,0.0000,0.0001,0.0064,0.0000,200,3.3790
0.0064,0.0000,0.0000,0.0000,0.0063,0.0001,200,3.3853
0.0066,0.0000,0.0000,0.0000,0.0065,0.0001,200,3.3852
0.0066,0.0000,0.0000,0.0000,0.0065,0.0000,200,3.3853
0.0095,0.0000,0.0000,0.0000,0.0093,0.0001,200,3.3865
0.0065,0.0000,0.0000,0.0000,0.0064,0.0001,200,3.3918
0.0065,0.0000,0.0000,0.0000,0.0064,0.0000,200,3.3918
0.0065,0.0000,0.0000,0.0000,0.0064,0.0000,200,3.3919
0.0072,0.0000,0.0000,0.0000,0.0071,0.0001,200,3.3960
0.0064,0.0000,0.0000,0.0000,0.0064,0.0000,200,3.3983
0.0064,0.0000,0.0000,0.0000,0.0063,0.0000,200,3.3984
0.0065,0.0000,0.0000,0.0000,0.0064,0.0000,200,3.3983
0.0067,0.0000,0.0000,0.0000,0.0066,0.0001,200,3.4032
0.0064,0.0000,0.0000,0.0000,0.0063,0.0000,200,3.4048
0.0064,0.0000,0.0000,0.0000,0.0063,0.0000,200,3.4048
0.0064,0.0000,0.0000,0.0000,0.0063,0.0000,200,3.4048
0.0066,0.0000,0.0000,0.0000,0.0065,0.0001,200,3.4099
0.0061,0.0000,0.0000,0.0000,0.0061,0.0000,200,3.4111
0.0063,0.0000,0.0000,0.0000,0.0062,0.0000,200,3.4112
0.0065,0.0000,0.0000,0.0000,0.0065,0.0000,200,3.4111
0.0066,0.0000,0.0000,0.0000,0.0065,0.0001,200,3.4165
0.0064,0.0000,0.0000,0.0000,0.0063,0.0000,200,3.4174
0.0062,0.0000,0.0000,0.0000,0.0061,0.0000,200,3.4176
0.0067,0.0000,0.0000,0.0000,0.0066,0.0000,200,3.4173
0.0067,0.0000,0.0000,0.0000,0.0066,0.0001,200,3.4231
0.0064,0.0000,0.0000,0.0000,0.0063,0.0000,200,3.4239
0.0065,0.0000,0.0000,0.0000,0.0064,0.0000,200,3.4239
0.0065,0.0000,0.0000,0.0000,0.0064,0.0000,200,3.4239
0.0063,0.0000,0.0000,0.0000,0.0063,0.0000,200,3.4303
0.0068,0.0000,0.0000,0.0000,0.0067,0.0001,200,3.4298
0.0064,0.0000,0.0000,0.0000,0.0063,0.0000,200,3.4303
0.0065,0.0000,0.0000,0.0000,0.0065,0.0000,200,3.4304
0.0066,0.0000,0.0000,0.0000,0.0064,0.0001,200,3.4366
0.0064,0.0000,0.0000,0.0000,0.0063,0.0000,200,3.4369
0.0067,0.0000,0.0000,0.0000,0.0066,0.0000,200,3.4366
0.0066,0.0000,0.0000,0.0000,0.0066,0.0000,200,3.4367
0.0067,0.0000,0.0000,0.0000,0.0065,0.0001,200,3.4432
0.0068,0.0000,0.0000,0.0000,0.0068,0.0000,200,3.4433
0.0071,0.0000,0.0000,0.0000,0.0070,0.0000,200,3.4433
0.0087,0.0000,0.0000,0.0000,0.0086,0.0001,200,3.4433
0.0065,0.0000,0.0000,0.0000,0.0064,0.0001,200,3.4501
0.0067,0.0000,0.0000,0.0000,0.0067,0.0000,200,3.4499
0.0064,0.0000,0.0000,0.0000,0.0063,0.0000,200,3.4505
0.0064,0.0000,0.0000,0.0000,0.0063,0.0000,200,3.4520
0.0065,0.0000,0.0000,0.0000,0.0064,0.0000,200,3.4568
0.0067,0.0000,0.0000,0.0000,0.0066,0.0000,200,3.4566
0.0067,0.0000,0.0000,0.0000,0.0066,0.0001,200,3.4566
0.0065,0.0000,0.0000,0.0000,0.0064,0.0001,200,3.4585
0.0072,0.0000,0.0000,0.0000,0.0071,0.0001,200,3.4633
0.0072,0.0000,0.0000,0.0000,0.0071,0.0000,200,3.4633
0.0072,0.0000,0.0000,0.0000,0.0071,0.0001,200,3.4633
0.0065,0.0000,0.0000,0.0000,0.0064,0.0001,200,3.4649
0.0067,0.0000,0.0000,0.0000,0.0066,0.0001,200,3.4705
0.0068,0.0000,0.0000,0.0000,0.0067,0.0000,200,3.4705
0.0069,0.0000,0.0000,0.0000,0.0069,0.0000,200,3.4705
0.0064,0.0000,0.0000,0.0000,0.0064,0.0000,200,3.4714
0.0070,0.0000,0.0000,0.0000,0.0069,0.0001,200,3.4772
0.0070,0.0000,0.0000,0.0000,0.0069,0.0000,200,3.4773
0.0068,0.0000,0.0000,0.0000,0.0068,0.0000,200,3.4774
0.0094,0.0000,0.0000,0.0000,0.0093,0.0001,200,3.4779
0.0065,0.0000,0.0000,0.0000,0.0064,0.0000,200,3.4843
0.0065,0.0000,0.0000,0.0000,0.0064,0.0000,200,3.4843
0.0065,0.0000,0.0000,0.0000,0.0064,0.0001,200,3.4843
0.0079,0.0000,0.0000,0.0000,0.0078,0.0001,200,3.4873
0.0064,0.0000,0.0000,0.0000,0.0063,0.0001,200,3.4908
0.0066,0.0000,0.0000,0.0000,0.0064,0.0000,200,3.4908
0.0066,0.0000,0.0000,0.0000,0.0065,0.0000,200,3.4908
0.0070,0.0000,0.0000,0.0000,0.0069,0.0001,200,3.4952
0.0066,0.0000,0.0000,0.0000,0.0065,0.0001,200,3.4974
0.0069,0.0000,0.0000,0.0000,0.0069,0.0000,200,3.4972
0.0068,0.0000,0.0000,0.0000,0.0068,0.0000,200,3.4973
0.0069,0.0000,0.0000,0.0000,0.0067,0.0001,200,3.5022
0.0067,0.0000,0.0000,0.0000,0.0066,0.0001,200,3.5040
0.0067,0.0000,0.0000,0.0000,0.0066,0.0000,200,3.5041
0.0066,0.0000,0.0000,0.0000,0.0066,0.0000,200,3.5042
0.0070,0.0000,0.0000,0.0000,0.0068,0.0001,200,3.5091
0.0065,0.0000,0.0000,0.0000,0.0065,0.0001,200,3.5108
0.0067,0.0000,0.0000,0.0000,0.0066,0.0000,200,3.5108
0.0082,0.0000,0.0000,0.0000,0.0081,0.0000,200,3.5107
0.0066,0.0000,0.0000,0.0000,0.0065,0.0001,200,3.5160
0.0062,0.0000,0.0000,0.0000,0.0062,0.0000,200,3.5174
0.0065,0.0000,0.0000,0.0000,0.0064,0.0000,200,3.5175
0.0064,0.0000,0.0000,0.0000,0.0063,0.0000,200,3.5189
0.0065,0.0000,0.0000,0.0000,0.0064,0.0001,200,3.5227
0.0063,0.0000,0.0000,0.0000,0.0063,0.0000,200,3.5236
0.0063,0.0000,0.0000,0.0000,0.0062,0.0000,200,3.5240
0.0062,0.0000,0.0000,0.0000,0.0061,0.0000,200,3.5253
0.0068,0.0000,0.0000,0.0000,0.0067,0.0001,200,3.5292
0.0064,0.0000,0.0000,0.0000,0.0063,0.0000,200,3.5299
0.0063,0.0000,0.0000,0.0000,0.0063,0.0000,200,3.5303
0.0061,0.0000,0.0000,0.0000,0.0060,0.0000,200,3.5314
0.0067,0.0000,0.0000,0.0000,0.0065,0.0002,200,3.5360
0.0064,0.0000,0.0000,0.0000,0.0063,0.0000,200,3.5364
0.0065,0.0000,0.0000,0.0000,0.0064,0.0000,200,3.5367
0.0064,0.0000,0.0000,0.0000,0.0063,0.0000,200,3.5375
0.0067,0.0000,0.0000,0.0000,0.0066,0.0001,200,3.5427
0.0068,0.0000,0.0000,0.0000,0.0067,0.0001,200,3.5427
0.0064,0.0000,0.0000,0.0000,0.0064,0.0000,200,3.5431
0.0063,0.0000,0.0000,0.0000,0.0063,0.0000,200,3.5439
0.0066,0.0000,0.0000,0.0000,0.0065,0.0001,200,3.5496
0.0066,0.0000,0.0000,0.0000,0.0066,0.0000,200,3.5496
0.0066,0.0000,0.0000,0.0001,0.0065,0.0001,200,3.5502
0.0086,0.0000,0.0000,0.0000,0.0085,0.0001,200,3.5494
0.0068,0.0000,0.0000,0.0000,0.0068,0.0001,200,3.5562
0.0069,0.0000,0.0000,0.0000,0.0068,0.0001,200,3.5562
0.0064,0.0000,0.0000,0.0000,0.0063,0.0000,200,3.5580
0.0076,0.0000,0.0000,0.0000,0.0075,0.0001,200,3.5568
0.0080,0.0000,0.0000,0.0000,0.0079,0.0001,200,3.5630
0.0081,0.0000,0.0000,0.0000,0.0080,0.0000,200,3.5630
0.0075,0.0000,0.0000,0.0000,0.0073,0.0000,200,3.5644
0.0078,0.0000,0.0000,0.0000,0.0077,0.0001,200,3.5645
0.0065,0.0000,0.0000,0.0000,0.0065,0.0001,200,3.5711
0.0066,0.0000,0.0000,0.0000,0.0065,0.0000,200,3.5711
0.0063,0.0000,0.0000,0.0000,0.0063,0.0000,200,3.5720
0.0068,0.0000,0.0000,0.0000,0.0068,0.0000,200,3.5723
0.0065,0.0000,0.0000,0.0000,0.0064,0.0001,200,3.5777
0.0067,0.0000,0.0000,0.0000,0.0066,0.0000,200,3.5776
0.0069,0.0000,0.0000,0.0000,0.0068,0.0000,200,3.5783
0.0070,0.0000,0.0000,0.0000,0.0069,0.0001,200,3.5791
0.0067,0.0000,0.0000,0.0000,0.0066,0.0001,200,3.5842
0.0068,0.0000,0.0000,0.0000,0.0066,0.0000,200,3.5844
0.0063,0.0000,0.0000,0.0000,0.0062,0.0000,200,3.5861
0.0071,0.0000,0.0000,0.0000,0.0070,0.0000,200,3.5852
0.0071,0.0000,0.0000,0.0000,0.0070,0.0001,200,3.5909
0.0069,0.0000,0.0000,0.0000,0.0068,0.0000,200,3.5912
0.0065,0.0000,0.0000,0.0000,0.0064,0.0001,200,3.5923
0.0069,0.0000,0.0000,0.0000,0.0066,0.0002,200,3.5923
0.0072,0.0000,0.0000,0.0000,0.0071,0.0001,200,3.5981
0.0072,0.0000,0.0000,0.0000,0.0071,0.0001,200,3.5981
0.0078,0.0000,0.0000,0.0000,0.0077,0.0001,200,3.5988
0.0077,0.0000,0.0000,0.0000,0.0073,0.0001,200,3.5992
0.0074,0.0000,0.0000,0.0000,0.0073,0.0001,200,3.6053
0.0074,0.0000,0.0000,0.0000,0.0073,0.0000,200,3.6053
0.0065,0.0000,0.0000,0.0000,0.0064,0.0000,200,3.6069
0.0067,0.0000,0.0000,0.0000,0.0067,0.0000,200,3.6067
0.0066,0.0000,0.0000,0.0000,0.0065,0.0001,200,3.6127
0.0067,0.0000,0.0000,0.0000,0.0066,0.0000,200,3.6127
0.0070,0.0000,0.0000,0.0000,0.0070,0.0000,200,3.6134
0.0071,0.0000,0.0000,0.0000,0.0070,0.0000,200,3.6134
0.0076,0.0000,0.0000,0.0000,0.0075,0.0001,200,3.6194
0.0066,0.0000,0.0000,0.0000,0.0065,0.0000,200,3.6204
0.0078,0.0000,0.0000,0.0000,0.0077,0.0000,200,3.6193
0.0071,0.0000,0.0000,0.0000,0.0071,0.0000,200,3.6204
0.0069,0.0000,0.0000,0.0000,0.0068,0.0000,200,3.6271
0.0069,0.0000,0.0000,0.0000,0.0068,0.0000,200,3.6270
0.0070,0.0000,0.0000,0.0000,0.0067,0.0002,200,3.6270
0.0065,0.0000,0.0000,0.0000,0.0064,0.0000,200,3.6276
0.0067,0.0000,0.0000,0.0000,0.0066,0.0001,200,3.6339
0.0066,0.0000,0.0000,0.0000,0.0065,0.0001,200,3.6341
0.0069,0.0000,0.0000,0.0000,0.0068,0.0000,200,3.6340
0.0075,0.0000,0.0000,0.0000,0.0074,0.0000,200,3.6339
0.0072,0.0000,0.0000,0.0000,0.0071,0.0001,200,3.6407
0.0070,0.0000,0.0000,0.0000,0.0069,0.0001,200,3.6409
0.0074,0.0000,0.0000,0.0000,0.0073,0.0000,200,3.6406
0.0068,0.0000,0.0000,0.0000,0.0067,0.0000,200,3.6414
0.0081,0.0000,0.0000,0.0000,0.0080,0.0000,200,3.6480
0.0083,0.0000,0.0000,0.0000,0.0082,0.0001,200,3.6478
0.0079,0.0000,0.0000,0.0000,0.0078,0.0001,200,3.6482
0.0082,0.0000,0.0000,0.0001,0.0080,0.0000,200,3.6480
0.0067,0.0000,0.0000,0.0000,0.0066,0.0001,200,3.6561
0.0068,0.0000,0.0000,0.0000,0.0067,0.0000,200,3.6561
0.0068,0.0000,0.0000,0.0000,0.0067,0.0000,200,3.6561
0.0068,0.0000,0.0000,0.0000,0.0068,0.0000,200,3.6561
0.0070,0.0000,0.0000,0.0000,0.0069,0.0000,200,3.6629
0.0070,0.0000,0.0000,0.0000,0.0069,0.0000,200,3.6629
0.0069,0.0000,0.0000,0.0000,0.0068,0.0001,200,3.6630
0.0070,0.0000,0.0000,0.0000,0.0069,0.0000,200,3.6629
0.0065,0.0000,0.0000,0.0000,0.0064,0.0000,200,3.6699
0.0065,0.0000,0.0000,0.0000,0.0064,0.0001,200,3.6699
0.0065,0.0000,0.0000,0.0000,0.0064,0.0001,200,3.6699
0.0065,0.0000,0.0000,0.0000,0.0065,0.0000,200,3.6699
0.0064,0.0000,0.0000,0.0000,0.0063,0.0000,200,3.6764
0.0064,0.0000,0.0000,0.0000,0.0063,0.0000,200,3.6764
0.0064,0.0000,0.0000,0.0000,0.0063,0.0001,200,3.6764
0.0064,0.0000,0.0000,0.0000,0.0063,0.0001,200,3.6764
0.0066,0.0000,0.0000,0.0000,0.0064,0.0001,200,3.6828
0.0067,0.0000,0.0000,0.0000,0.0067,0.0000,200,3.6828
0.0067,0.0000,0.0000,0.0000,0.0067,0.0000,200,3.6828
0.0067,0.0000,0.0000,0.0000,0.0066,0.0000,200,3.6828
0.0070,0.0000,0.0000,0.0000,0.0068,0.0001,200,3.6894
0.0069,0.0000,0.0000,0.0000,0.0069,0.0000,200,3.6895
0.0069,0.0000,0.0000,0.0000,0.0068,0.0000,200,3.6896
0.0069,0.0000,0.0000,0.0000,0.0068,0.0000,200,3.6896
0.0069,0.0000,0.0000,0.0000,0.0068,0.0001,200,3.6964
0.0069,0.0000,0.0000,0.0000,0.0068,0.0001,200,3.6964
0.0076,0.0000,0.0000,0.0000,0.0075,0.0000,200,3.6963
0.0081,0.0000,0.0000,0.0000,0.0080,0.0001,200,3.6964
0.0072,0.0000,0.0000,0.0000,0.0071,0.0001,200,3.7033
0.0073,0.0000,0.0000,0.0000,0.0073,0.0000,200,3.7033
0.0066,0.0000,0.0000,0.0001,0.0064,0.0000,200,3.7045
0.0077,0.0000,0.0000,0.0000,0.0076,0.0001,200,3.7039
0.0068,0.0000,0.0000,0.0000,0.0067,0.0001,200,3.7106
0.0071,0.0000,0.0000,0.0000,0.0070,0.0001,200,3.7105
0.0072,0.0000,0.0000,0.0000,0.0070,0.0001,200,3.7111
0.0073,0.0000,0.0000,0.0000,0.0072,0.0001,200,3.7116
0.0068,0.0000,0.0000,0.0000,0.0066,0.0001,200,3.7174
0.0069,0.0000,0.0000,0.0000,0.0068,0.0001,200,3.7176
0.0079,0.0000,0.0000,0.0000,0.0079,0.0001,200,3.7182
0.0073,0.0000,0.0000,0.0001,0.0071,0.0001,200,3.7189
0.0066,0.0000,0.0000,0.0000,0.0065,0.0001,200,3.7242
0.0067,0.0000,0.0000,0.0000,0.0066,0.0000,200,3.7245
0.0068,0.0000,0.0000,0.0000,0.0067,0.0001,200,3.7262
0.0070,0.0000,0.0000,0.0000,0.0069,0.0000,200,3.7262
0.0068,0.0000,0.0000,0.0000,0.0067,0.0001,200,3.7308
0.0068,0.0000,0.0000,0.0000,0.0067,0.0001,200,3.7311
0.0065,0.0000,0.0000,0.0000,0.0064,0.0000,200,3.7330
0.0066,0.0000,0.0000,0.0000,0.0065,0.0000,200,3.7332
0.0088,0.0000,0.0000,0.0000,0.0087,0.0001,200,3.7376
0.0086,0.0000,0.0000,0.0000,0.0085,0.0000,200,3.7379
0.0073,0.0000,0.0000,0.0000,0.0072,0.0000,200,3.7395
0.0071,0.0000,0.0000,0.0000,0.0070,0.0000,200,3.7398
0.0071,0.0000,0.0000,0.0000,0.0070,0.0001,200,3.7464
0.0070,0.0000,0.0000,0.0000,0.0069,0.0000,200,3.7465
0.0081,0.0000,0.0000,0.0000,0.0080,0.0001,200,3.7468
0.0082,0.0000,0.0000,0.0000,0.0081,0.0001,200,3.7469
0.0066,0.0000,0.0000,0.0000,0.0065,0.0000,200,3.7535
0.0067,0.0000,0.0000,0.0000,0.0067,0.0000,200,3.7535
0.0066,0.0000,0.0000,0.0000,0.0065,0.0000,200,3.7551
0.0070,0.0000,0.0000,0.0000,0.0069,0.0000,200,3.7548
0.0064,0.0000,0.0000,0.0000,0.0064,0.0000,200,3.7602
0.0065,0.0000,0.0000,0.0000,0.0064,0.0001,200,3.7601
0.0062,0.0000,0.0000,0.0000,0.0061,0.0000,200,3.7618
0.0064,0.0000,0.0000,0.0000,0.0063,0.0000,200,3.7616
0.0065,0.0000,0.0000,0.0000,0.0064,0.0001,200,3.7667
0.0065,0.0000,0.0000,0.0000,0.0065,0.0000,200,3.7667
0.0063,0.0000,0.0000,0.0000,0.0062,0.0000,200,3.7680
0.0063,0.0000,0.0000,0.0000,0.0063,0.0000,200,3.7680
0.0067,0.0000,0.0000,0.0000,0.0066,0.0001,200,3.7732
0.0067,0.0000,0.0000,0.0000,0.0066,0.0001,200,3.7732
0.0063,0.0000,0.0000,0.0000,0.0062,0.0000,200,3.7743
0.0063,0.0000,0.0000,0.0000,0.0062,0.0000,200,3.7743
0.0066,0.0000,0.0000,0.0000,0.0065,0.0001,200,3.7799
0.0067,0.0000,0.0000,0.0000,0.0066,0.0000,200,3.7799
0.0064,0.0000,0.0000,0.0000,0.0063,0.0000,200,3.7806
0.0065,0.0000,0.0000,0.0000,0.0064,0.0000,200,3.7806
0.0064,0.0000,0.0000,0.0000,0.0063,0.0000,200,3.7866
0.0064,0.0000,0.0000,0.0000,0.0063,0.0001,200,3.7866
0.0067,0.0000,0.0000,0.0000,0.0066,0.0001,200,3.7871
0.0069,0.0000,0.0000,0.0000,0.0068,0.0000,200,3.7870
0.0065,0.0000,0.0000,0.0000,0.0064,0.0001,200,3.7929
0.0065,0.0000,0.0000,0.0000,0.0064,0.0001,200,3.7929
0.0063,0.0000,0.0000,0.0000,0.0062,0.0000,200,3.7938
0.0064,0.0000,0.0000,0.0000,0.0063,0.0000,200,3.7939
0.0067,0.0000,0.0000,0.0000,0.0065,0.0001,200,3.7994
0.0067,0.0000,0.0000,0.0000,0.0066,0.0000,200,3.7995
0.0081,0.0000,0.0000,0.0000,0.0080,0.0001,200,3.8002
0.0082,0.0000,0.0000,0.0000,0.0081,0.0000,200,3.8001
0.0064,0.0000,0.0000,0.0000,0.0062,0.0001,200,3.8061
0.0064,0.0000,0.0000,0.0000,0.0064,0.0000,200,3.8062
0.0077,0.0000,0.0000,0.0000,0.0076,0.0001,200,3.8083
0.0077,0.0000,0.0000,0.0000,0.0076,0.0001,200,3.8083
0.0068,0.0000,0.0000,0.0000,0.0067,0.0000,200,3.8125
0.0067,0.0000,0.0000,0.0000,0.0066,0.0000,200,3.8126
0.0077,0.0000,0.0000,0.0000,0.0076,0.0001,200,3.8160
0.0081,0.0000,0.0000,0.0000,0.0080,0.0000,200,3.8160
0.0065,0.0000,0.0000,0.0000,0.0064,0.0000,200,3.8193
0.0065,0.0000,0.0000,0.0000,0.0064,0.0000,200,3.8193
0.0067,0.0000,0.0000,0.0000,0.0065,0.0001,200,3.8238
0.0064,0.0000,0.0000,0.0000,0.0063,0.0000,200,3.8241
0.0064,0.0000,0.0000,0.0000,0.0063,0.0000,200,3.8258
0.0064,0.0000,0.0000,0.0000,0.0063,0.0000,200,3.8258
0.0066,0.0000,0.0000,0.0000,0.0065,0.0001,200,3.8304
0.0068,0.0000,0.0000,0.0000,0.0067,0.0000,200,3.8305
0.0062,0.0000,0.0000,0.0000,0.0062,0.0000,200,3.8322
0.0064,0.0000,0.0000,0.0000,0.0063,0.0001,200,3.8322
0.0065,0.0000,0.0000,0.0000,0.0065,0.0000,200,3.8371
0.0064,0.0000,0.0000,0.0000,0.0063,0.0001,200,3.8372
0.0063,0.0000,0.0000,0.0000,0.0062,0.0000,200,3.8384
0.0063,0.0000,0.0000,0.0000,0.0062,0.0000,200,3.8386
0.0067,0.0000,0.0000,0.0000,0.0066,0.0001,200,3.8436
0.0067,0.0000,0.0000,0.0000,0.0067,0.0000,200,3.8436
0.0066,0.0000,0.0000,0.0000,0.0065,0.0001,200,3.8447
0.0085,0.0000,0.0000,0.0000,0.0084,0.0001,200,3.8449
0.0072,0.0000,0.0000,0.0000,0.0071,0.0000,200,3.8503
0.0072,0.0000,0.0000,0.0000,0.0071,0.0000,200,3.8504
0.0063,0.0000,0.0000,0.0000,0.0061,0.0001,200,3.8513
0.0066,0.0000,0.0000,0.0000,0.0064,0.0001,200,3.8534
0.0067,0.0000,0.0000,0.0000,0.0065,0.0002,200,3.8575
0.0082,0.0000,0.0000,0.0000,0.0081,0.0001,200,3.8575
0.0086,0.0000,0.0000,0.0000,0.0086,0.0000,200,3.8576
0.0066,0.0000,0.0000,0.0000,0.0065,0.0000,200,3.8600
0.0082,0.0000,0.0000,0.0000,0.0081,0.0001,200,3.8642
0.0068,0.0000,0.0000,0.0000,0.0067,0.0000,200,3.8657
0.0064,0.0000,0.0000,0.0000,0.0064,0.0000,200,3.8663
0.0062,0.0000,0.0000,0.0000,0.0062,0.0000,200,3.8666
0.0069,0.0000,0.0000,0.0000,0.0068,0.0001,200,3.8727
0.0069,0.0000,0.0000,0.0000,0.0068,0.0000,200,3.8728
0.0076,0.0000,0.0000,0.0000,0.0075,0.0000,200,3.8725
0.0081,0.0000,0.0000,0.0000,0.0074,0.0006,200,3.8724
0.0088,0.0000,0.0000,0.0000,0.0085,0.0002,200,3.8797
0.0080,0.0000,0.0000,0.0000,0.0080,0.0000,200,3.8806
0.0086,0.0000,0.0000,0.0000,0.0085,0.0000,200,3.8800
0.0095,0.0000,0.0000,0.0000,0.0094,0.0000,200,3.8796
0.0075,0.0000,0.0000,0.0000,0.0074,0.0000,200,3.8886
0.0070,0.0000,0.0000,0.0000,0.0069,0.0000,200,3.8891
0.0076,0.0000,0.0000,0.0000,0.0074,0.0002,200,3.8886
0.0078,0.0000,0.0000,0.0000,0.0074,0.0003,200,3.8884
0.0070,0.0000,0.0000,0.0000,0.0069,0.0000,200,3.8961
0.0070,0.0000,0.0000,0.0000,0.0069,0.0001,200,3.8961
0.0069,0.0000,0.0000,0.0000,0.0068,0.0001,200,3.8962
0.0070,0.0000,0.0000,0.0000,0.0067,0.0003,200,3.8962
0.0066,0.0000,0.0000,0.0000,0.0065,0.0001,200,3.9031
0.0066,0.0000,0.0000,0.0000,0.0065,0.0000,200,3.9032
0.0067,0.0000,0.0000,0.0000,0.0066,0.0000,200,3.9031
0.0067,0.0000,0.0000,0.0000,0.0066,0.0000,200,3.9031
0.0067,0.0000,0.0000,0.0000,0.0066,0.0001,200,3.9098
0.0068,0.0000,0.0000,0.0000,0.0067,0.0000,200,3.9098
0.0067,0.0000,0.0000,0.0000,0.0067,0.0000,200,3.9098
0.0068,0.0000,0.0000,0.0000,0.0068,0.0000,200,3.9098
0.0066,0.0000,0.0000,0.0000,0.0066,0.0000,200,3.9166
0.0068,0.0000,0.0000,0.0000,0.0067,0.0000,200,3.9165
0.0067,0.0000,0.0000,0.0000,0.0066,0.0001,200,3.9166
0.0068,0.0000,0.0000,0.0000,0.0066,0.0001,200,3.9166
0.0066,0.0000,0.0000,0.0000,0.0066,0.0000,200,3.9233
0.0066,0.0000,0.0000,0.0000,0.0066,0.0000,200,3.9233
0.0066,0.0000,0.0000,0.0000,0.0065,0.0001,200,3.9233
0.0066,0.0000,0.0000,0.0000,0.0065,0.0000,200,3.9234
0.0066,0.0000,0.0000,0.0000,0.0065,0.0001,200,3.9300
0.0066,0.0000,0.0000,0.0000,0.0065,0.0001,200,3.9299
0.0066,0.0000,0.0000,0.0000,0.0065,0.0000,200,3.9299
0.0067,0.0000,0.0000,0.0000,0.0065,0.0001,200,3.9299
0.0065,0.0000,0.0000,0.0000,0.0064,0.0001,200,3.9366
0.0065,0.0000,0.0000,0.0000,0.0064,0.0000,200,3.9366
0.0065,0.0000,0.0000,0.0000,0.0065,0.0000,200,3.9366
0.0067,0.0000,0.0000,0.0000,0.0066,0.0000,200,3.9366
0.0066,0.0000,0.0000,0.0000,0.0066,0.0000,200,3.9431
0.0066,0.0000,0.0000,0.0000,0.0063,0.0002,200,3.9432
0.0069,0.0000,0.0000,0.0000,0.0068,0.0000,200,3.9431
0.0084,0.0000,0.0000,0.0000,0.0083,0.0001,200,3.9433
0.0067,0.0000,0.0000,0.0000,0.0066,0.0001,200,3.9497
0.0066,0.0000,0.0000,0.0000,0.0066,0.0000,200,3.9500
0.0068,0.0000,0.0000,0.0000,0.0068,0.0000,200,3.9498
0.0068,0.0000,0.0000,0.0000,0.0067,0.0000,200,3.9517
0.0065,0.0000,0.0000,0.0000,0.0064,0.0001,200,3.9564
0.0064,0.0000,0.0000,0.0000,0.0063,0.0000,200,3.9566
0.0066,0.0000,0.0000,0.0000,0.0065,0.0000,200,3.9567
0.0063,0.0000,0.0000,0.0000,0.0062,0.0001,200,3.9584
0.0064,0.0000,0.0000,0.0000,0.0063,0.0000,200,3.9633
0.0066,0.0000,0.0000,0.0000,0.0066,0.0000,200,3.9630
0.0069,0.0000,0.0000,0.0000,0.0068,0.0000,200,3.9629
0.0068,0.0000,0.0000,0.0000,0.0067,0.0001,200,3.9647
0.0069,0.0000,0.0000,0.0000,0.0068,0.0001,200,3.9696
0.0077,0.0000,0.0000,0.0000,0.0076,0.0001,200,3.9698
0.0081,0.0000,0.0000,0.0000,0.0080,0.0000,200,3.9696
0.0067,0.0000,0.0000,0.0001,0.0066,0.0000,200,3.9715
0.0071,0.0000,0.0000,0.0000,0.0069,0.0001,200,3.9766
0.0065,0.0000,0.0000,0.0000,0.0064,0.0000,200,3.9775
0.0068,0.0000,0.0000,0.0000,0.0067,0.0000,200,3.9783
0.0074,0.0000,0.0000,0.0000,0.0073,0.0000,200,3.9777
0.0067,0.0000,0.0000,0.0000,0.0066,0.0001,200,3.9840
0.0074,0.0000,0.0000,0.0000,0.0074,0.0000,200,3.9836
0.0065,0.0000,0.0000,0.0000,0.0065,0.0000,200,3.9851
0.0067,0.0000,0.0000,0.0000,0.0066,0.0000,200,3.9851
0.0068,0.0000,0.0000,0.0000,0.0066,0.0001,200,3.9907
0.0066,0.0000,0.0000,0.0000,0.0065,0.0000,200,3.9911
0.0063,0.0000,0.0000,0.0000,0.0062,0.0000,200,3.9918
0.0065,0.0000,0.0000,0.0000,0.0064,0.0000,200,3.9916
0.0069,0.0000,0.0000,0.0000,0.0068,0.0001,200,3.9975
0.0069,0.0000,0.0000,0.0000,0.0068,0.0000,200,3.9976
0.0065,0.0000,0.0000,0.0000,0.0064,0.0000,200,3.9981
0.0069,0.0000,0.0000,0.0000,0.0068,0.0001,200,3.9981
0.0072,0.0000,0.0000,0.0000,0.0069,0.0002,200,4.0046
0.0075,0.0000,0.0000,0.0000,0.0074,0.0000,200,4.0045
0.0079,0.0000,0.0000,0.0000,0.0078,0.0000,200,4.0044
0.0074,0.0000,0.0000,0.0000,0.0074,0.0000,200,4.0050
0.0072,0.0000,0.0000,0.0000,0.0071,0.0001,200,4.0120
0.0068,0.0000,0.0000,0.0000,0.0068,0.0000,200,4.0124
0.0070,0.0000,0.0000,0.0000,0.0069,0.0000,200,4.0123
0.0078,0.0000,0.0000,0.0000,0.0077,0.0000,200,4.0118
0.0071,0.0000,0.0000,0.0000,0.0070,0.0001,200,4.0193
0.0072,0.0000,0.0000,0.0000,0.0072,0.0000,200,4.0193
0.0076,0.0000,0.0000,0.0000,0.0074,0.0001,200,4.0193
0.0075,0.0000,0.0000,0.0001,0.0066,0.0000,200,4.0196
0.0069,0.0000,0.0000,0.0000,0.0068,0.0001,200,4.0264
0.0072,0.0000,0.0000,0.0000,0.0072,0.0000,200,4.0265
0.0069,0.0000,0.0000,0.0000,0.0068,0.0000,200,4.0268
0.0066,0.0000,0.0000,0.0000,0.0066,0.0000,200,4.0271
0.0066,0.0000,0.0000,0.0000,0.0065,0.0000,200,4.0337
0.0066,0.0000,0.0000,0.0000,0.0065,0.0001,200,4.0337
0.0070,0.0000,0.0000,0.0000,0.0069,0.0001,200,4.0333
0.0068,0.0000,0.0000,0.0000,0.0068,0.0000,200,4.0337
0.0068,0.0000,0.0000,0.0000,0.0067,0.0000,200,4.0403
0.0068,0.0000,0.0000,0.0000,0.0067,0.0001,200,4.0403
0.0065,0.0000,0.0000,0.0000,0.0065,0.0001,200,4.0406
0.0068,0.0000,0.0000,0.0000,0.0067,0.0000,200,4.0403
0.0066,0.0000,0.0000,0.0000,0.0065,0.0001,200,4.0471
0.0066,0.0000,0.0000,0.0000,0.0065,0.0001,200,4.0471
0.0067,0.0000,0.0000,0.0000,0.0067,0.0000,200,4.0471
0.0068,0.0000,0.0000,0.0000,0.0068,0.0000,200,4.0471
0.0070,0.0000,0.0000,0.0000,0.0069,0.0001,200,4.0537
0.0069,0.0000,0.0000,0.0000,0.0068,0.0001,200,4.0539
0.0069,0.0000,0.0000,0.0000,0.0068,0.0000,200,4.0540
0.0071,0.0000,0.0000,0.0000,0.0070,0.0000,200,4.0537
0.0069,0.0000,0.0000,0.0001,0.0067,0.0001,200,4.0608
0.0069,0.0000,0.0000,0.0000,0.0068,0.0000,200,4.0609
0.0075,0.0000,0.0000,0.0000,0.0074,0.0000,200,4.0608
0.0081,0.0000,0.0000,0.0000,0.0079,0.0000,200,4.0607
0.0072,0.0000,0.0000,0.0000,0.0071,0.0001,200,4.0677
0.0073,0.0000,0.0000,0.0000,0.0072,0.0000,200,4.0677
0.0066,0.0000,0.0000,0.0000,0.0064,0.0001,200,4.0689
0.0077,0.0000,0.0000,0.0000,0.0076,0.0001,200,4.0683
0.0067,0.0000,0.0000,0.0000,0.0067,0.0001,200,4.0750
0.0070,0.0000,0.0000,0.0000,0.0069,0.0000,200,4.0749
0.0066,0.0000,0.0000,0.0000,0.0065,0.0000,200,4.0754
0.0086,0.0000,0.0000,0.0000,0.0085,0.0001,200,4.0760
0.0067,0.0000,0.0000,0.0000,0.0066,0.0001,200,4.0817
0.0068,0.0000,0.0000,0.0000,0.0067,0.0000,200,4.0819
0.0085,0.0000,0.0000,0.0000,0.0084,0.0000,200,4.0820
0.0084,0.0000,0.0000,0.0000,0.0082,0.0001,200,4.0846
0.0068,0.0000,0.0000,0.0000,0.0067,0.0001,200,4.0885
0.0068,0.0000,0.0000,0.0000,0.0068,0.0000,200,4.0886
0.0068,0.0000,0.0000,0.0000,0.0067,0.0001,200,4.0905
0.0069,0.0000,0.0000,0.0000,0.0068,0.0001,200,4.0929
0.0067,0.0000,0.0000,0.0000,0.0066,0.0001,200,4.0953
0.0066,0.0000,0.0000,0.0000,0.0065,0.0000,200,4.0954
0.0068,0.0000,0.0000,0.0000,0.0067,0.0001,200,4.0972
0.0065,0.0000,0.0000,0.0000,0.0064,0.0001,200,4.0999
0.0070,0.0000,0.0000,0.0000,0.0069,0.0001,200,4.1019
0.0072,0.0000,0.0000,0.0000,0.0071,0.0000,200,4.1020
0.0063,0.0000,0.0000,0.0000,0.0062,0.0000,200,4.1040
0.0065,0.0000,0.0000,0.0000,0.0064,0.0000,200,4.1064
0.0066,0.0000,0.0000,0.0000,0.0065,0.0001,200,4.1089
0.0064,0.0000,0.0000,0.0000,0.0063,0.0000,200,4.1092
0.0062,0.0000,0.0000,0.0000,0.0061,0.0000,200,4.1104
0.0067,0.0000,0.0000,0.0000,0.0066,0.0001,200,4.1129
0.0067,0.0000,0.0000,0.0000,0.0066,0.0001,200,4.1156
0.0074,0.0000,0.0000,0.0000,0.0073,0.0001,200,4.1166
0.0094,0.0000,0.0000,0.0000,0.0093,0.0000,200,4.1156
0.0070,0.0000,0.0000,0.0000,0.0069,0.0001,200,4.1196
0.0066,0.0000,0.0000,0.0000,0.0065,0.0001,200,4.1223
0.0066,0.0000,0.0000,0.0000,0.0065,0.0000,200,4.1250
0.0082,0.0000,0.0000,0.0000,0.0081,0.0000,200,4.1240
0.0067,0.0000,0.0000,0.0000,0.0066,0.0000,200,4.1266
0.0064,0.0000,0.0000,0.0000,0.0063,0.0001,200,4.1289
0.0074,0.0000,0.0000,0.0000,0.0073,0.0001,200,4.1316
0.0069,0.0000,0.0000,0.0000,0.0068,0.0000,200,4.1322
0.0071,0.0000,0.0000,0.0000,0.0070,0.0001,200,4.1333
0.0074,0.0000,0.0000,0.0000,0.0073,0.0000,200,4.1353
0.0070,0.0000,0.0000,0.0001,0.0069,0.0001,200,4.1390
0.0070,0.0000,0.0000,0.0000,0.0069,0.0000,200,4.1391
0.0067,0.0000,0.0000,0.0000,0.0066,0.0001,200,4.1404
0.0067,0.0000,0.0000,0.0000,0.0065,0.0001,200,4.1427
0.0070,0.0000,0.0000,0.0000,0.0069,0.0001,200,4.1461
0.0070,0.0000,0.0000,0.0000,0.0069,0.0001,200,4.1461
0.0069,0.0000,0.0000,0.0000,0.0068,0.0000,200,4.1472
0.0071,0.0000,0.0000,0.0000,0.0070,0.0001,200,4.1493
0.0068,0.0000,0.0000,0.0000,0.0067,0.0001,200,4.1531
0.0072,0.0000,0.0000,0.0000,0.0071,0.0000,200,4.1531
0.0088,0.0000,0.0000,0.0000,0.0088,0.0001,200,4.1540
0.0067,0.0000,0.0000,0.0000,0.0066,0.0000,200,4.1564
0.0069,0.0000,0.0000,0.0000,0.0068,0.0000,200,4.1599
0.0065,0.0000,0.0000,0.0000,0.0065,0.0000,200,4.1603
0.0069,0.0000,0.0000,0.0000,0.0065,0.0004,200,4.1629
0.0068,0.0000,0.0000,0.0000,0.0067,0.0000,200,4.1631
0.0078,0.0000,0.0000,0.0000,0.0077,0.0001,200,4.1668
0.0080,0.0000,0.0000,0.0000,0.0078,0.0001,200,4.1667
0.0067,0.0000,0.0000,0.0000,0.0065,0.0001,200,4.1698
0.0068,0.0000,0.0000,0.0000,0.0068,0.0000,200,4.1699
0.0068,0.0000,0.0000,0.0000,0.0067,0.0000,200,4.1747
0.0072,0.0000,0.0000,0.0000,0.0071,0.0000,200,4.1746
0.0069,0.0000,0.0000,0.0000,0.0068,0.0001,200,4.1767
0.0073,0.0000,0.0000,0.0000,0.0072,0.0000,200,4.1764
0.0076,0.0000,0.0000,0.0000,0.0075,0.0001,200,4.1819
0.0079,0.0000,0.0000,0.0000,0.0078,0.0001,200,4.1815
0.0065,0.0000,0.0000,0.0000,0.0064,0.0000,200,4.1837
0.0068,0.0000,0.0000,0.0000,0.0067,0.0000,200,4.1836
0.0069,0.0000,0.0000,0.0000,0.0068,0.0001,200,4.1894
0.0069,0.0000,0.0000,0.0000,0.0068,0.0000,200,4.1894
0.0064,0.0000,0.0000,0.0000,0.0063,0.0001,200,4.1904
0.0067,0.0000,0.0000,0.0000,0.0067,0.0000,200,4.1902
0.0079,0.0000,0.0000,0.0000,0.0078,0.0000,200,4.1963
0.0079,0.0000,0.0000,0.0000,0.0078,0.0000,200,4.1963
0.0074,0.0000,0.0000,0.0000,0.0072,0.0002,200,4.1968
0.0073,0.0000,0.0000,0.0000,0.0073,0.0000,200,4.1970
0.0073,0.0000,0.0000,0.0000,0.0072,0.0001,200,4.2042
0.0074,0.0000,0.0000,0.0000,0.0072,0.0001,200,4.2043
0.0075,0.0000,0.0000,0.0000,0.0074,0.0000,200,4.2042
0.0074,0.0000,0.0000,0.0000,0.0073,0.0000,200,4.2043
0.0065,0.0000,0.0000,0.0000,0.0064,0.0001,200,4.2116
0.0065,0.0000,0.0000,0.0000,0.0064,0.0001,200,4.2117
0.0066,0.0000,0.0000,0.0000,0.0065,0.0000,200,4.2117
0.0067,0.0000,0.0000,0.0000,0.0066,0.0000,200,4.2115
0.0068,0.0000,0.0000,0.0000,0.0067,0.0000,200,4.2181
0.0067,0.0000,0.0000,0.0000,0.0066,0.0001,200,4.2182
0.0067,0.0000,0.0000,0.0000,0.0066,0.0001,200,4.2182
0.0067,0.0000,0.0000,0.0000,0.0066,0.0000,200,4.2182
0.0065,0.0000,0.0000,0.0000,0.0064,0.0001,200,4.2249
0.0066,0.0000,0.0000,0.0000,0.0065,0.0000,200,4.2249
0.0066,0.0000,0.0000,0.0000,0.0064,0.0001,200,4.2249
0.0066,0.0000,0.0000,0.0000,0.0065,0.0000,200,4.2249
0.0067,0.0000,0.0000,0.0000,0.0064,0.0003,200,4.2315
0.0068,0.0000,0.0000,0.0000,0.0068,0.0000,200,4.2314
0.0069,0.0000,0.0000,0.0000,0.0069,0.0000,200,4.2314
0.0068,0.0000,0.0000,0.0000,0.0068,0.0000,200,4.2315
0.0068,0.0000,0.0000,0.0000,0.0067,0.0001,200,4.2383
0.0069,0.0000,0.0000,0.0000,0.0068,0.0000,200,4.2383
0.0068,0.0000,0.0000,0.0000,0.0067,0.0000,200,4.2383
0.0070,0.0000,0.0000,0.0000,0.0069,0.0000,200,4.2382
0.0065,0.0000,0.0000,0.0000,0.0064,0.0001,200,4.2451
0.0066,0.0000,0.0000,0.0000,0.0065,0.0000,200,4.2451
0.0065,0.0000,0.0000,0.0000,0.0065,0.0000,200,4.2451
0.0065,0.0000,0.0000,0.0000,0.0064,0.0000,200,4.2452
0.0065,0.0000,0.0000,0.0000,0.0064,0.0001,200,4.2516
0.0065,0.0000,0.0000,0.0000,0.0064,0.0000,200,4.2517
0.0068,0.0000,0.0000,0.0000,0.0065,0.0003,200,4.2517
0.0081,0.0000,0.0000,0.0000,0.0081,0.0001,200,4.2517
0.0078,0.0000,0.0000,0.0000,0.0077,0.0001,200,4.2581
0.0074,0.0000,0.0000,0.0000,0.0073,0.0001,200,4.2585
0.0078,0.0000,0.0000,0.0000,0.0077,0.0001,200,4.2581
0.0074,0.0000,0.0000,0.0000,0.0074,0.0000,200,4.2599
0.0071,0.0000,0.0000,0.0000,0.0069,0.0001,200,4.2659
0.0073,0.0000,0.0000,0.0000,0.0072,0.0000,200,4.2659
0.0076,0.0000,0.0000,0.0000,0.0075,0.0000,200,4.2659
0.0069,0.0000,0.0000,0.0000,0.0068,0.0000,200,4.2673
0.0068,0.0000,0.0000,0.0000,0.0067,0.0001,200,4.2732
0.0066,0.0000,0.0000,0.0000,0.0066,0.0000,200,4.2735
0.0072,0.0000,0.0000,0.0000,0.0071,0.0000,200,4.2730
0.0062,0.0000,0.0000,0.0000,0.0062,0.0000,200,4.2742
0.0065,0.0000,0.0000,0.0000,0.0064,0.0001,200,4.2801
0.0068,0.0000,0.0000,0.0000,0.0067,0.0001,200,4.2800
0.0069,0.0000,0.0000,0.0000,0.0068,0.0000,200,4.2802
0.0067,0.0000,0.0000,0.0000,0.0067,0.0000,200,4.2804
0.0068,0.0000,0.0000,0.0000,0.0067,0.0001,200,4.2866
0.0066,0.0000,0.0000,0.0000,0.0066,0.0000,200,4.2868
0.0067,0.0000,0.0000,0.0000,0.0064,0.0002,200,4.2871
0.0068,0.0000,0.0000,0.0000,0.0068,0.0000,200,4.2871
0.0067,0.0000,0.0000,0.0000,0.0066,0.0001,200,4.2934
0.0064,0.0000,0.0000,0.0000,0.0063,0.0000,200,4.2937
0.0066,0.0000,0.0000,0.0000,0.0065,0.0000,200,4.2935
0.0083,0.0000,0.0000,0.0000,0.0082,0.0001,200,4.2939
0.0069,0.0000,0.0000,0.0000,0.0068,0.0001,200,4.3001
0.0070,0.0000,0.0000,0.0000,0.0070,0.0000,200,4.3001
0.0081,0.0000,0.0000,0.0000,0.0080,0.0001,200,4.3022
0.0103,0.0000,0.0000,0.0000,0.0102,0.0001,200,4.3001
0.0068,0.0000,0.0000,0.0000,0.0068,0.0001,200,4.3071
0.0071,0.0000,0.0000,0.0000,0.0071,0.0000,200,4.3070
0.0069,0.0000,0.0000,0.0000,0.0067,0.0002,200,4.3104
0.0071,0.0000,0.0000,0.0000,0.0071,0.0000,200,4.3104
0.0065,0.0000,0.0000,0.0000,0.0064,0.0001,200,4.3140
0.0066,0.0000,0.0000,0.0000,0.0066,0.0000,200,4.3141
0.0065,0.0000,0.0000,0.0000,0.0063,0.0000,200,4.3173
0.0064,0.0000,0.0000,0.0000,0.0063,0.0000,200,4.3175
0.0097,0.0000,0.0000,0.0000,0.0096,0.0001,200,4.3205
0.0065,0.0000,0.0000,0.0000,0.0064,0.0000,200,4.3239
0.0096,0.0000,0.0000,0.0000,0.0095,0.0000,200,4.3208
0.0067,0.0000,0.0000,0.0000,0.0066,0.0000,200,4.3238
0.0070,0.0000,0.0000,0.0000,0.0069,0.0001,200,4.3302
0.0069,0.0000,0.0000,0.0000,0.0069,0.0000,200,4.3304
0.0070,0.0000,0.0000,0.0000,0.0069,0.0000,200,4.3303
0.0068,0.0000,0.0000,0.0000,0.0067,0.0000,200,4.3305
0.0067,0.0000,0.0000,0.0000,0.0066,0.0001,200,4.3373
0.0068,0.0000,0.0000,0.0000,0.0066,0.0001,200,4.3373
0.0067,0.0000,0.0000,0.0000,0.0067,0.0000,200,4.3373
0.0068,0.0000,0.0000,0.0000,0.0066,0.0001,200,4.3373
0.0069,0.0000,0.0000,0.0000,0.0068,0.0000,200,4.3440
0.0069,0.0000,0.0000,0.0000,0.0068,0.0000,200,4.3441
0.0069,0.0000,0.0000,0.0000,0.0068,0.0001,200,4.3440
0.0069,0.0000,0.0000,0.0000,0.0068,0.0001,200,4.3440
0.0067,0.0000,0.0000,0.0000,0.0066,0.0001,200,4.3509
0.0069,0.0000,0.0000,0.0000,0.0068,0.0000,200,4.3509
0.0070,0.0000,0.0000,0.0000,0.0069,0.0000,200,4.3509
0.0070,0.0000,0.0000,0.0000,0.0070,0.0000,200,4.3509
0.0066,0.0000,0.0000,0.0000,0.0065,0.0001,200,4.3576
0.0065,0.0000,0.0000,0.0000,0.0064,0.0000,200,4.3578
0.0069,0.0000,0.0000,0.0000,0.0068,0.0000,200,4.3579
0.0069,0.0000,0.0000,0.0000,0.0069,0.0000,200,4.3579
0.0067,0.0000,0.0000,0.0000,0.0066,0.0000,200,4.3643
0.0063,0.0000,0.0000,0.0000,0.0062,0.0000,200,4.3648
0.0068,0.0000,0.0000,0.0000,0.0066,0.0002,200,4.3643
0.0063,0.0000,0.0000,0.0000,0.0063,0.0000,200,4.3649
0.0066,0.0000,0.0000,0.0000,0.0065,0.0001,200,4.3710
0.0067,0.0000,0.0000,0.0000,0.0066,0.0000,200,4.3710
0.0066,0.0000,0.0000,0.0000,0.0066,0.0001,200,4.3711
0.0065,0.0000,0.0000,0.0000,0.0065,0.0000,200,4.3712
0.0065,0.0000,0.0000,0.0000,0.0064,0.0000,200,4.3777
0.0066,0.0000,0.0000,0.0000,0.0064,0.0001,200,4.3777
0.0073,0.0000,0.0000,0.0000,0.0073,0.0000,200,4.3777
0.0078,0.0000,0.0000,0.0000,0.0077,0.0000,200,4.3776
0.0082,0.0000,0.0000,0.0000,0.0081,0.0000,200,4.3843
0.0075,0.0000,0.0000,0.0000,0.0072,0.0002,200,4.3851
0.0072,0.0000,0.0000,0.0000,0.0071,0.0000,200,4.3854
0.0085,0.0000,0.0000,0.0000,0.0075,0.0010,200,4.3842
0.0070,0.0000,0.0000,0.0000,0.0069,0.0001,200,4.3926
0.0072,0.0000,0.0000,0.0000,0.0070,0.0001,200,4.3925
0.0071,0.0000,0.0000,0.0000,0.0070,0.0000,200,4.3928
0.0086,0.0000,0.0000,0.0000,0.0085,0.0000,200,4.3925
0.0067,0.0000,0.0000,0.0000,0.0066,0.0001,200,4.3996
0.0065,0.0000,0.0000,0.0000,0.0064,0.0000,200,4.3999
0.0068,0.0000,0.0000,0.0000,0.0067,0.0000,200,4.3997
0.0065,0.0000,0.0000,0.0000,0.0065,0.0000,200,4.4011
0.0066,0.0000,0.0000,0.0000,0.0065,0.0001,200,4.4063
0.0067,0.0000,0.0000,0.0000,0.0066,0.0000,200,4.4064
0.0072,0.0000,0.0000,0.0000,0.0071,0.0000,200,4.4065
0.0098,0.0000,0.0000,0.0000,0.0097,0.0001,200,4.4077
0.0067,0.0000,0.0000,0.0000,0.0066,0.0001,200,4.4129
0.0066,0.0000,0.0000,0.0000,0.0066,0.0000,200,4.4131
0.0063,0.0000,0.0000,0.0000,0.0062,0.0000,200,4.4136
0.0067,0.0000,0.0000,0.0000,0.0066,0.0001,200,4.4175
0.0065,0.0000,0.0000,0.0000,0.0064,0.0001,200,4.4196
0.0063,0.0000,0.0000,0.0000,0.0063,0.0000,200,4.4199
0.0067,0.0000,0.0000,0.0000,0.0066,0.0000,200,4.4198
0.0071,0.0000,0.0000,0.0000,0.0069,0.0001,200,4.4242
0.0069,0.0000,0.0000,0.0000,0.0066,0.0000,200,4.4261
0.0068,0.0000,0.0000,0.0000,0.0066,0.0001,200,4.4262
0.0079,0.0000,0.0000,0.0000,0.0079,0.0001,200,4.4264
0.0066,0.0000,0.0000,0.0000,0.0065,0.0001,200,4.4313
0.0064,0.0000,0.0000,0.0000,0.0063,0.0000,200,4.4330
0.0070,0.0000,0.0000,0.0000,0.0069,0.0000,200,4.4330
0.0063,0.0000,0.0000,0.0000,0.0062,0.0000,200,4.4344
0.0066,0.0000,0.0000,0.0000,0.0065,0.0001,200,4.4379
0.0065,0.0000,0.0000,0.0000,0.0065,0.0001,200,4.4394
0.0063,0.0000,0.0000,0.0000,0.0063,0.0000,200,4.4400
0.0064,0.0000,0.0000,0.0000,0.0063,0.0000,200,4.4406
0.0075,0.0000,0.0000,0.0000,0.0074,0.0001,200,4.4445
0.0067,0.0000,0.0000,0.0000,0.0066,0.0001,200,4.4460
0.0065,0.0000,0.0000,0.0000,0.0064,0.0000,200,4.4464
0.0064,0.0000,0.0000,0.0000,0.0063,0.0000,200,4.4470
0.0070,0.0000,0.0000,0.0000,0.0069,0.0001,200,4.4520
0.0071,0.0000,0.0000,0.0000,0.0070,0.0000,200,4.4527
0.0070,0.0000,0.0000,0.0000,0.0069,0.0000,200,4.4529
0.0069,0.0000,0.0000,0.0000,0.0068,0.0000,200,4.4534
0.0066,0.0000,0.0000,0.0000,0.0064,0.0001,200,4.4599
0.0075,0.0000,0.0000,0.0000,0.0074,0.0000,200,4.4590
0.0067,0.0000,0.0000,0.0000,0.0066,0.0000,200,4.4598
0.0085,0.0000,0.0000,0.0000,0.0084,0.0001,200,4.4603
0.0065,0.0000,0.0000,0.0000,0.0064,0.0000,200,4.4665
0.0067,0.0000,0.0000,0.0000,0.0066,0.0000,200,4.4665
0.0067,0.0000,0.0000,0.0000,0.0066,0.0000,200,4.4665
0.0063,0.0000,0.0000,0.0000,0.0063,0.0001,200,4.4688
0.0066,0.0000,0.0000,0.0000,0.0065,0.0001,200,4.4730
0.0070,0.0000,0.0000,0.0000,0.0069,0.0000,200,4.4732
0.0073,0.0000,0.0000,0.0000,0.0073,0.0000,200,4.4732
0.0064,0.0000,0.0000,0.0000,0.0063,0.0001,200,4.4752
0.0070,0.0000,0.0000,0.0000,0.0069,0.0001,200,4.4796
0.0064,0.0000,0.0000,0.0000,0.0063,0.0001,200,4.4802
0.0064,0.0000,0.0000,0.0000,0.0063,0.0000,200,4.4805
0.0064,0.0000,0.0000,0.0000,0.0063,0.0000,200,4.4816
0.0067,0.0000,0.0000,0.0000,0.0066,0.0001,200,4.4866
0.0067,0.0000,0.0000,0.0000,0.0067,0.0000,200,4.4869
0.0070,0.0000,0.0000,0.0000,0.0069,0.0000,200,4.4866
0.0062,0.0000,0.0000,0.0000,0.0061,0.0000,200,4.4879
0.0071,0.0000,0.0000,0.0000,0.0070,0.0001,200,4.4933
0.0069,0.0000,0.0000,0.0000,0.0068,0.0000,200,4.4936
0.0065,0.0000,0.0000,0.0000,0.0064,0.0000,200,4.4941
0.0072,0.0000,0.0000,0.0000,0.0071,0.0001,200,4.4936
0.0066,0.0000,0.0000,0.0000,0.0065,0.0001,200,4.5006
0.0068,0.0000,0.0000,0.0000,0.0067,0.0000,200,4.5005
0.0064,0.0000,0.0000,0.0000,0.0064,0.0000,200,4.5008
0.0067,0.0000,0.0000,0.0000,0.0066,0.0000,200,4.5005
0.0067,0.0000,0.0000,0.0000,0.0066,0.0001,200,4.5072
0.0071,0.0000,0.0000,0.0000,0.0070,0.0001,200,4.5072
0.0091,0.0000,0.0000,0.0000,0.0090,0.0000,200,4.5072
0.0091,0.0000,0.0000,0.0000,0.0090,0.0000,200,4.5072
0.0066,0.0000,0.0000,0.0000,0.0065,0.0001,200,4.5139
0.0063,0.0000,0.0000,0.0000,0.0062,0.0000,200,4.5144
0.0062,0.0000,0.0000,0.0000,0.0061,0.0000,200,4.5163
0.0064,0.0000,0.0000,0.0000,0.0063,0.0000,200,4.5163
0.0066,0.0000,0.0000,0.0000,0.0065,0.0000,200,4.5205
0.0065,0.0000,0.0000,0.0000,0.0064,0.0000,200,4.5207
0.0063,0.0000,0.0000,0.0000,0.0062,0.0000,200,4.5225
0.0061,0.0000,0.0000,0.0000,0.0061,0.0000,200,4.5227
0.0067,0.0000,0.0000,0.0000,0.0066,0.0001,200,4.5271
0.0074,0.0000,0.0000,0.0000,0.0074,0.0000,200,4.5272
0.0064,0.0000,0.0000,0.0000,0.0063,0.0000,200,4.5288
0.0066,0.0000,0.0000,0.0000,0.0065,0.0000,200,4.5288
0.0068,0.0000,0.0000,0.0000,0.0066,0.0001,200,4.5339
0.0062,0.0000,0.0000,0.0000,0.0062,0.0001,200,4.5346
0.0072,0.0000,0.0000,0.0000,0.0070,0.0001,200,4.5354
0.0075,0.0000,0.0000,0.0000,0.0074,0.0000,200,4.5352
0.0075,0.0000,0.0000,0.0000,0.0074,0.0001,200,4.5406
0.0079,0.0000,0.0000,0.0000,0.0078,0.0000,200,4.5408
0.0066,0.0000,0.0000,0.0000,0.0065,0.0000,200,4.5427
0.0090,0.0000,0.0000,0.0000,0.0090,0.0000,200,4.5427
0.0066,0.0000,0.0000,0.0000,0.0065,0.0001,200,4.5482
0.0064,0.0000,0.0000,0.0000,0.0063,0.0000,200,4.5488
0.0062,0.0000,0.0000,0.0000,0.0061,0.0000,200,4.5492
0.0064,0.0000,0.0000,0.0000,0.0063,0.0001,200,4.5517
0.0065,0.0000,0.0000,0.0000,0.0064,0.0001,200,4.5548
0.0064,0.0000,0.0000,0.0000,0.0063,0.0000,200,4.5551
0.0062,0.0000,0.0000,0.0000,0.0062,0.0000,200,4.5554
0.0063,0.0000,0.0000,0.0000,0.0062,0.0001,200,4.5581
0.0066,0.0000,0.0000,0.0000,0.0065,0.0001,200,4.5613
0.0065,0.0000,0.0000,0.0000,0.0065,0.0000,200,4.5615
0.0063,0.0000,0.0000,0.0000,0.0063,0.0000,200,4.5617
0.0064,0.0000,0.0000,0.0000,0.0063,0.0001,200,4.5644
0.0065,0.0000,0.0000,0.0000,0.0064,0.0001,200,4.5679
0.0066,0.0000,0.0000,0.0000,0.0065,0.0000,200,4.5680
0.0067,0.0000,0.0000,0.0000,0.0066,0.0000,200,4.5680
0.0065,0.0000,0.0000,0.0000,0.0064,0.0000,200,4.5708
0.0065,0.0000,0.0000,0.0000,0.0064,0.0001,200,4.5744
0.0064,0.0000,0.0000,0.0000,0.0063,0.0000,200,4.5746
0.0063,0.0000,0.0000,0.0000,0.0062,0.0000,200,4.5747
0.0068,0.0000,0.0000,0.0000,0.0067,0.0001,200,4.5773
0.0065,0.0000,0.0000,0.0000,0.0064,0.0001,200,4.5810
0.0066,0.0000,0.0000,0.0000,0.0065,0.0000,200,4.5809
0.0066,0.0000,0.0000,0.0000,0.0065,0.0001,200,4.5810
0.0067,0.0000,0.0000,0.0000,0.0066,0.0001,200,4.5841
0.0067,0.0000,0.0000,0.0000,0.0066,0.0001,200,4.5874
0.0068,0.0000,0.0000,0.0000,0.0067,0.0000,200,4.5876
0.0068,0.0000,0.0000,0.0000,0.0067,0.0000,200,4.5876
0.0064,0.0000,0.0000,0.0000,0.0063,0.0000,200,4.5908
0.0076,0.0000,0.0000,0.0000,0.0075,0.0001,200,4.5943
0.0076,0.0000,0.0000,0.0000,0.0075,0.0001,200,4.5943
0.0078,0.0000,0.0000,0.0000,0.0077,0.0001,200,4.5941
0.0073,0.0000,0.0000,0.0000,0.0072,0.0001,200,4.5972
0.0073,0.0000,0.0000,0.0000,0.0072,0.0000,200,4.6019
0.0073,0.0000,0.0000,0.0000,0.0072,0.0000,200,4.6019
0.0081,0.0000,0.0000,0.0000,0.0080,0.0000,200,4.6019
0.0072,0.0000,0.0000,0.0000,0.0071,0.0000,200,4.6045
0.0067,0.0000,0.0000,0.0000,0.0067,0.0000,200,4.6092
0.0067,0.0000,0.0000,0.0000,0.0067,0.0000,200,4.6092
0.0064,0.0000,0.0000,0.0000,0.0064,0.0000,200,4.6100
0.0073,0.0000,0.0000,0.0000,0.0072,0.0001,200,4.6117
0.0070,0.0000,0.0000,0.0000,0.0066,0.0003,200,4.6159
0.0071,0.0000,0.0000,0.0000,0.0067,0.0004,200,4.6159
0.0067,0.0000,0.0000,0.0000,0.0065,0.0002,200,4.6164
0.0074,0.0000,0.0000,0.0000,0.0072,0.0001,200,4.6190
0.0084,0.0000,0.0000,0.0003,0.0079,0.0001,200,4.6230
0.0088,0.0000,0.0000,0.0003,0.0083,0.0000,200,4.6230
0.0095,0.0000,0.0000,0.0003,0.0091,0.0001,200,4.6231
0.0067,0.0000,0.0000,0.0000,0.0066,0.0000,200,4.6264
0.0068,0.0000,0.0000,0.0000,0.0067,0.0001,200,4.6317
0.0074,0.0000,0.0000,0.0000,0.0073,0.0000,200,4.6314
0.0069,0.0000,0.0000,0.0000,0.0068,0.0001,200,4.6326
0.0066,0.0000,0.0000,0.0000,0.0065,0.0000,200,4.6331
0.0072,0.0000,0.0000,0.0001,0.0069,0.0001,200,4.6386
0.0072,0.0000,0.0000,0.0001,0.0070,0.0000,200,4.6387
0.0065,0.0000,0.0000,0.0000,0.0065,0.0000,200,4.6395
0.0066,0.0000,0.0000,0.0000,0.0065,0.0000,200,4.6397
0.0067,0.0000,0.0000,0.0000,0.0065,0.0001,200,4.6458
0.0062,0.0000,0.0000,0.0000,0.0062,0.0000,200,4.6463
0.0065,0.0000,0.0000,0.0000,0.0065,0.0000,200,4.6460
0.0066,0.0000,0.0000,0.0000,0.0065,0.0000,200,4.6459
0.0068,0.0000,0.0000,0.0000,0.0066,0.0001,200,4.6526
0.0070,0.0000,0.0000,0.0000,0.0070,0.0000,200,4.6525
0.0070,0.0000,0.0000,0.0000,0.0069,0.0000,200,4.6526
0.0072,0.0000,0.0000,0.0000,0.0071,0.0000,200,4.6524
0.0069,0.0000,0.0000,0.0000,0.0067,0.0001,200,4.6593
0.0066,0.0000,0.0000,0.0000,0.0065,0.0001,200,4.6596
0.0067,0.0000,0.0000,0.0000,0.0066,0.0000,200,4.6596
0.0067,0.0000,0.0000,0.0000,0.0066,0.0000,200,4.6596
0.0068,0.0000,0.0000,0.0000,0.0067,0.0001,200,4.6662
0.0069,0.0000,0.0000,0.0000,0.0068,0.0000,200,4.6662
0.0069,0.0000,0.0000,0.0000,0.0068,0.0001,200,4.6662
0.0070,0.0000,0.0000,0.0000,0.0069,0.0001,200,4.6663
0.0068,0.0000,0.0000,0.0000,0.0067,0.0001,200,4.6731
0.0070,0.0000,0.0000,0.0000,0.0070,0.0000,200,4.6730
0.0070,0.0000,0.0000,0.0000,0.0069,0.0001,200,4.6731
0.0070,0.0000,0.0000,0.0000,0.0069,0.0000,200,4.6733
0.0069,0.0000,0.0000,0.0000,0.0068,0.0001,200,4.6799
0.0068,0.0000,0.0000,0.0000,0.0067,0.0000,200,4.6803
0.0071,0.0000,0.0000,0.0000,0.0071,0.0000,200,4.6801
0.0072,0.0000,0.0000,0.0000,0.0071,0.0000,200,4.6800
0.0069,0.0000,0.0000,0.0000,0.0068,0.0001,200,4.6868
0.0067,0.0000,0.0000,0.0000,0.0066,0.0000,200,4.6871
0.0067,0.0000,0.0000,0.0000,0.0067,0.0000,200,4.6872
0.0070,0.0000,0.0000,0.0000,0.0067,0.0002,200,4.6872
0.0066,0.0000,0.0000,0.0000,0.0065,0.0001,200,4.6937
0.0064,0.0000,0.0000,0.0000,0.0063,0.0000,200,4.6939
0.0065,0.0000,0.0000,0.0000,0.0064,0.0001,200,4.6938
0.0065,0.0000,0.0000,0.0001,0.0064,0.0000,200,4.6942
0.0065,0.0000,0.0000,0.0000,0.0064,0.0001,200,4.7003
0.0062,0.0000,0.0000,0.0000,0.0061,0.0000,200,4.7007
0.0067,0.0000,0.0000,0.0000,0.0066,0.0000,200,4.7003
0.0068,0.0000,0.0000,0.0000,0.0067,0.0000,200,4.7003
0.0067,0.0000,0.0000,0.0000,0.0065,0.0001,200,4.7068
0.0064,0.0000,0.0000,0.0000,0.0063,0.0000,200,4.7071
0.0065,0.0000,0.0000,0.0000,0.0064,0.0000,200,4.7071
0.0066,0.0000,0.0000,0.0000,0.0066,0.0000,200,4.7069
0.0066,0.0000,0.0000,0.0000,0.0065,0.0001,200,4.7136
0.0066,0.0000,0.0000,0.0000,0.0065,0.0001,200,4.7135
0.0067,0.0000,0.0000,0.0000,0.0066,0.0001,200,4.7135
0.0067,0.0000,0.0000,0.0000,0.0066,0.0000,200,4.7135
0.0066,0.0000,0.0000,0.0000,0.0066,0.0000,200,4.7202
0.0066,0.0000,0.0000,0.0000,0.0065,0.0001,200,4.7202
0.0066,0.0000,0.0000,0.0000,0.0065,0.0001,200,4.7202
0.0067,0.0000,0.0000,0.0000,0.0065,0.0001,200,4.7202
0.0065,0.0000,0.0000,0.0000,0.0065,0.0000,200,4.7268
0.0066,0.0000,0.0000,0.0000,0.0065,0.0001,200,4.7268
0.0067,0.0000,0.0000,0.0000,0.0066,0.0000,200,4.7268
0.0067,0.0000,0.0000,0.0000,0.0066,0.0000,200,4.7268
0.0067,0.0000,0.0000,0.0000,0.0066,0.0001,200,4.7334
0.0067,0.0000,0.0000,0.0000,0.0066,0.0000,200,4.7335
0.0068,0.0000,0.0000,0.0000,0.0068,0.0000,200,4.7334
0.0068,0.0000,0.0000,0.0000,0.0068,0.0000,200,4.7334
0.0068,0.0000,0.0000,0.0000,0.0068,0.0001,200,4.7402
0.0068,0.0000,0.0000,0.0000,0.0068,0.0000,200,4.7402
0.0079,0.0000,0.0000,0.0000,0.0078,0.0001,200,4.7401
0.0083,0.0000,0.0000,0.0000,0.0082,0.0000,200,4.7402
0.0066,0.0000,0.0000,0.0000,0.0065,0.0001,200,4.7470
0.0068,0.0000,0.0000,0.0000,0.0067,0.0000,200,4.7470
0.0063,0.0000,0.0000,0.0000,0.0062,0.0000,200,4.7480
0.0064,0.0000,0.0000,0.0000,0.0063,0.0001,200,4.7485
0.0067,0.0000,0.0000,0.0000,0.0066,0.0001,200,4.7537
0.0066,0.0000,0.0000,0.0000,0.0065,0.0000,200,4.7538
0.0064,0.0000,0.0000,0.0000,0.0063,0.0000,200,4.7543
0.0065,0.0000,0.0000,0.0000,0.0064,0.0000,200,4.7548
0.0066,0.0000,0.0000,0.0000,0.0065,0.0001,200,4.7604
0.0067,0.0000,0.0000,0.0000,0.0066,0.0001,200,4.7604
0.0065,0.0000,0.0000,0.0000,0.0064,0.0000,200,4.7607
0.0064,0.0000,0.0000,0.0000,0.0064,0.0000,200,4.7613
0.0064,0.0000,0.0000,0.0000,0.0063,0.0000,200,4.7670
0.0064,0.0000,0.0000,0.0000,0.0063,0.0000,200,4.7670
0.0064,0.0000,0.0000,0.0000,0.0063,0.0000,200,4.7672
0.0062,0.0000,0.0000,0.0000,0.0061,0.0000,200,4.7677
0.0066,0.0000,0.0000,0.0000,0.0065,0.0001,200,4.7734
0.0065,0.0000,0.0000,0.0000,0.0064,0.0000,200,4.7736
0.0067,0.0000,0.0000,0.0000,0.0067,0.0000,200,4.7734
0.0062,0.0000,0.0000,0.0000,0.0062,0.0000,200,4.7739
0.0066,0.0000,0.0000,0.0000,0.0065,0.0001,200,4.7801
0.0068,0.0000,0.0000,0.0000,0.0067,0.0000,200,4.7800
0.0068,0.0000,0.0000,0.0000,0.0067,0.0000,200,4.7801
0.0069,0.0000,0.0000,0.0000,0.0068,0.0000,200,4.7800
0.0065,0.0000,0.0000,0.0000,0.0064,0.0001,200,4.7869
0.0069,0.0000,0.0000,0.0001,0.0068,0.0000,200,4.7868
0.0068,0.0000,0.0000,0.0000,0.0067,0.0000,200,4.7869
0.0070,0.0000,0.0000,0.0000,0.0069,0.0000,200,4.7867
0.0068,0.0000,0.0000,0.0000,0.0067,0.0001,200,4.7937
0.0069,0.0000,0.0000,0.0000,0.0069,0.0000,200,4.7937
0.0072,0.0000,0.0000,0.0000,0.0069,0.0003,200,4.7934
0.0070,0.0000,0.0000,0.0000,0.0069,0.0001,200,4.7937
0.0066,0.0000,0.0000,0.0000,0.0065,0.0001,200,4.8007
0.0069,0.0000,0.0000,0.0000,0.0068,0.0000,200,4.8005
0.0068,0.0000,0.0000,0.0000,0.0067,0.0000,200,4.8006
0.0076,0.0000,0.0000,0.0000,0.0076,0.0000,200,4.8006
0.0069,0.0000,0.0000,0.0000,0.0068,0.0001,200,4.8073
0.0069,0.0000,0.0000,0.0000,0.0068,0.0000,200,4.8073
0.0066,0.0000,0.0000,0.0000,0.0065,0.0001,200,4.8083
0.0078,0.0000,0.0000,0.0000,0.0077,0.0000,200,4.8074
0.0069,0.0000,0.0000,0.0000,0.0068,0.0001,200,4.8142
0.0070,0.0000,0.0000,0.0000,0.0069,0.0000,200,4.8142
0.0066,0.0000,0.0000,0.0000,0.0065,0.0000,200,4.8148
0.0064,0.0000,0.0000,0.0000,0.0063,0.0000,200,4.8151
0.0067,0.0000,0.0000,0.0000,0.0066,0.0001,200,4.8211
0.0067,0.0000,0.0000,0.0000,0.0067,0.0000,200,4.8212
0.0067,0.0000,0.0000,0.0000,0.0067,0.0000,200,4.8214
0.0066,0.0000,0.0000,0.0000,0.0065,0.0000,200,4.8216
0.0067,0.0000,0.0000,0.0000,0.0066,0.0001,200,4.8282
0.0071,0.0000,0.0000,0.0000,0.0070,0.0001,200,4.8279
0.0071,0.0000,0.0000,0.0000,0.0070,0.0000,200,4.8279
0.0073,0.0000,0.0000,0.0000,0.0073,0.0000,200,4.8282
0.0069,0.0000,0.0000,0.0000,0.0068,0.0001,200,4.8350
0.0065,0.0000,0.0000,0.0000,0.0065,0.0000,200,4.8355
0.0070,0.0000,0.0000,0.0000,0.0069,0.0000,200,4.8350
0.0072,0.0000,0.0000,0.0000,0.0071,0.0000,200,4.8349
0.0071,0.0000,0.0000,0.0000,0.0070,0.0001,200,4.8421
0.0071,0.0000,0.0000,0.0000,0.0071,0.0001,200,4.8420
0.0071,0.0000,0.0000,0.0000,0.0070,0.0001,200,4.8420
0.0077,0.0000,0.0000,0.0000,0.0076,0.0000,200,4.8419
0.0068,0.0000,0.0000,0.0000,0.0066,0.0001,200,4.8492
0.0068,0.0000,0.0000,0.0000,0.0067,0.0000,200,4.8492
0.0068,0.0000,0.0000,0.0000,0.0067,0.0000,200,4.8492
0.0065,0.0000,0.0000,0.0000,0.0064,0.0000,200,4.8496
0.0064,0.0000,0.0000,0.0000,0.0063,0.0001,200,4.8561
0.0066,0.0000,0.0000,0.0000,0.0065,0.0001,200,4.8559
0.0066,0.0000,0.0000,0.0000,0.0066,0.0000,200,4.8559
0.0067,0.0000,0.0000,0.0000,0.0065,0.0001,200,4.8559
0.0072,0.0000,0.0000,0.0000,0.0071,0.0001,200,4.8625
0.0073,0.0000,0.0000,0.0000,0.0073,0.0000,200,4.8625
0.0075,0.0000,0.0000,0.0000,0.0074,0.0000,200,4.8626
0.0074,0.0000,0.0000,0.0000,0.0074,0.0000,200,4.8626
0.0069,0.0000,0.0000,0.0000,0.0068,0.0001,200,4.8697
0.0066,0.0000,0.0000,0.0000,0.0065,0.0000,200,4.8701
0.0069,0.0000,0.0000,0.0000,0.0068,0.0000,200,4.8698
0.0067,0.0000,0.0000,0.0000,0.0066,0.0000,200,4.8701
0.0066,0.0000,0.0000,0.0000,0.0066,0.0001,200,4.8767
0.0066,0.0000,0.0000,0.0000,0.0065,0.0000,200,4.8767
0.0067,0.0000,0.0000,0.0000,0.0066,0.0001,200,4.8766
0.0067,0.0000,0.0000,0.0000,0.0066,0.0000,200,4.8767
0.0063,0.0000,0.0000,0.0000,0.0062,0.0001,200,4.8833
0.0064,0.0000,0.0000,0.0000,0.0063,0.0000,200,4.8833
0.0065,0.0000,0.0000,0.0000,0.0064,0.0001,200,4.8833
0.0065,0.0000,0.0000,0.0000,0.0065,0.0000,200,4.8833
0.0066,0.0000,0.0000,0.0000,0.0065,0.0000,200,4.8897
0.0064,0.0000,0.0000,0.0000,0.0063,0.0000,200,4.8898
0.0065,0.0000,0.0000,0.0000,0.0064,0.0000,200,4.8898
0.0067,0.0000,0.0000,0.0000,0.0066,0.0000,200,4.8897
0.0066,0.0000,0.0000,0.0000,0.0065,0.0001,200,4.8963
0.0066,0.0000,0.0000,0.0000,0.0066,0.0000,200,4.8963
0.0067,0.0000,0.0000,0.0000,0.0066,0.0000,200,4.8964
0.0070,0.0000,0.0000,0.0000,0.0069,0.0000,200,4.8963
0.0065,0.0000,0.0000,0.0000,0.0065,0.0000,200,4.9030
0.0066,0.0000,0.0000,0.0000,0.0065,0.0001,200,4.9030
0.0063,0.0000,0.0000,0.0000,0.0062,0.0000,200,4.9033
0.0067,0.0000,0.0000,0.0000,0.0066,0.0001,200,4.9029
0.0067,0.0000,0.0000,0.0000,0.0066,0.0001,200,4.9096
0.0068,0.0000,0.0000,0.0000,0.0068,0.0000,200,4.9096
0.0069,0.0000,0.0000,0.0000,0.0069,0.0000,200,4.9096
0.0070,0.0000,0.0000,0.0000,0.0069,0.0000,200,4.9096
0.0066,0.0000,0.0000,0.0000,0.0066,0.0001,200,4.9164
0.0066,0.0000,0.0000,0.0000,0.0065,0.0000,200,4.9165
0.0067,0.0000,0.0000,0.0000,0.0066,0.0001,200,4.9163
0.0082,0.0000,0.0000,0.0000,0.0082,0.0001,200,4.9165
0.0067,0.0000,0.0000,0.0000,0.0066,0.0001,200,4.9230
0.0069,0.0000,0.0000,0.0000,0.0068,0.0000,200,4.9230
0.0069,0.0000,0.0000,0.0000,0.0068,0.0000,200,4.9230
0.0065,0.0000,0.0000,0.0000,0.0064,0.0001,200,4.9248
0.0066,0.0000,0.0000,0.0000,0.0065,0.0001,200,4.9297
0.0068,0.0000,0.0000,0.0000,0.0067,0.0000,200,4.9299
0.0069,0.0000,0.0000,0.0000,0.0068,0.0000,200,4.9299
0.0063,0.0000,0.0000,0.0000,0.0062,0.0000,200,4.9313
0.0066,0.0000,0.0000,0.0000,0.0064,0.0001,200,4.9364
0.0063,0.0000,0.0000,0.0000,0.0062,0.0000,200,4.9368
0.0066,0.0000,0.0000,0.0000,0.0065,0.0000,200,4.9367
0.0073,0.0000,0.0000,0.0000,0.0073,0.0000,200,4.9376
0.0069,0.0000,0.0000,0.0000,0.0069,0.0000,200,4.9433
0.0074,0.0000,0.0000,0.0000,0.0072,0.0000,200,4.9429
0.0073,0.0000,0.0000,0.0000,0.0069,0.0004,200,4.9431
0.0074,0.0000,0.0000,0.0000,0.0073,0.0001,200,4.9449
0.0069,0.0000,0.0000,0.0000,0.0068,0.0000,200,4.9504
0.0070,0.0000,0.0000,0.0000,0.0069,0.0000,200,4.9503
0.0071,0.0000,0.0000,0.0000,0.0071,0.0000,200,4.9503
0.0062,0.0000,0.0000,0.0000,0.0061,0.0000,200,4.9523
0.0066,0.0000,0.0000,0.0000,0.0065,0.0001,200,4.9573
0.0069,0.0000,0.0000,0.0000,0.0068,0.0000,200,4.9573
0.0068,0.0000,0.0000,0.0000,0.0067,0.0001,200,4.9574
0.0073,0.0000,0.0000,0.0000,0.0072,0.0001,200,4.9586
0.0065,0.0000,0.0000,0.0000,0.0064,0.0001,200,4.9642
0.0071,0.0000,0.0000,0.0000,0.0070,0.0000,200,4.9642
0.0075,0.0000,0.0000,0.0000,0.0074,0.0000,200,4.9639
0.0069,0.0000,0.0000,0.0000,0.0068,0.0001,200,4.9659
0.0066,0.0000,0.0000,0.0000,0.0065,0.0001,200,4.9707
0.0064,0.0000,0.0000,0.0000,0.0063,0.0000,200,4.9714
0.0065,0.0000,0.0000,0.0000,0.0063,0.0002,200,4.9713
0.0064,0.0000,0.0000,0.0000,0.0063,0.0001,200,4.9728
0.0068,0.0000,0.0000,0.0000,0.0066,0.0001,200,4.9773
0.0064,0.0000,0.0000,0.0000,0.0063,0.0000,200,4.9778
0.0065,0.0000,0.0000,0.0000,0.0064,0.0000,200,4.9779
0.0083,0.0000,0.0000,0.0000,0.0082,0.0001,200,4.9793
0.0064,0.0000,0.0000,0.0000,0.0063,0.0000,200,4.9843
0.0067,0.0000,0.0000,0.0000,0.0066,0.0000,200,4.9841
0.0065,0.0000,0.0000,0.0000,0.0064,0.0000,200,4.9842
0.0066,0.0000,0.0000,0.0000,0.0065,0.0001,200,4.9876
0.0067,0.0000,0.0000,0.0000,0.0066,0.0001,200,4.9907
0.0067,0.0000,0.0000,0.0000,0.0067,0.0000,200,4.9907
0.0068,0.0000,0.0000,0.0000,0.0068,0.0000,200,4.9907
0.0067,0.0000,0.0000,0.0000,0.0066,0.0001,200,4.9942
0.0066,0.0000,0.0000,0.0000,0.0065,0.0000,200,4.9974
0.0077,0.0000,0.0000,0.0000,0.0076,0.0001,200,4.9974
0.0065,0.0000,0.0000,0.0000,0.0064,0.0001,200,5.0009
0.0104,0.0000,0.0000,0.0000,0.0104,0.0000,200,4.9975
0.0073,0.0000,0.0000,0.0000,0.0072,0.0000,200,5.0040
0.0063,0.0000,0.0000,0.0000,0.0063,0.0000,200,5.0052
0.0067,0.0000,0.0000,0.0000,0.0066,0.0001,200,5.0074
0.0063,0.0000,0.0000,0.0000,0.0063,0.0000,200,5.0080
0.0071,0.0000,0.0000,0.0000,0.0070,0.0001,200,5.0115
0.0074,0.0000,0.0000,0.0000,0.0073,0.0000,200,5.0113
0.0067,0.0000,0.0000,0.0000,0.0066,0.0001,200,5.0141
0.0068,0.0000,0.0000,0.0000,0.0065,0.0000,200,5.0143
0.0068,0.0000,0.0000,0.0000,0.0066,0.0001,200,5.0187
0.0074,0.0000,0.0000,0.0000,0.0073,0.0000,200,5.0187
0.0065,0.0000,0.0000,0.0000,0.0064,0.0001,200,5.0208
0.0063,0.0000,0.0000,0.0000,0.0062,0.0000,200,5.0211
0.0067,0.0000,0.0000,0.0000,0.0065,0.0001,200,5.0255
0.0067,0.0000,0.0000,0.0000,0.0067,0.0000,200,5.0260
0.0066,0.0000,0.0000,0.0000,0.0065,0.0001,200,5.0273
0.0105,0.0000,0.0000,0.0000,0.0104,0.0001,200,5.0274
0.0064,0.0000,0.0000,0.0000,0.0064,0.0001,200,5.0321
0.0085,0.0000,0.0000,0.0000,0.0084,0.0001,200,5.0328
0.0074,0.0000,0.0000,0.0000,0.0073,0.0000,200,5.0339
0.0067,0.0000,0.0000,0.0000,0.0066,0.0001,200,5.0379
0.0064,0.0000,0.0000,0.0000,0.0063,0.0001,200,5.0386
0.0064,0.0000,0.0000,0.0000,0.0064,0.0000,200,5.0413
0.0066,0.0000,0.0000,0.0000,0.0065,0.0000,200,5.0413
0.0067,0.0000,0.0000,0.0000,0.0066,0.0001,200,5.0445
0.0073,0.0000,0.0000,0.0000,0.0072,0.0001,200,5.0450
0.0069,0.0000,0.0000,0.0000,0.0068,0.0001,200,5.0479
0.0071,0.0000,0.0000,0.0000,0.0070,0.0000,200,5.0478
0.0072,0.0000,0.0000,0.0000,0.0071,0.0001,200,5.0512
0.0068,0.0000,0.0000,0.0000,0.0068,0.0000,200,5.0523
0.0074,0.0000,0.0000,0.0000,0.0073,0.0000,200,5.0548
0.0074,0.0000,0.0000,0.0000,0.0073,0.0000,200,5.0548
0.0068,0.0000,0.0000,0.0000,0.0066,0.0001,200,5.0584
0.0066,0.0000,0.0000,0.0000,0.0065,0.0000,200,5.0591
0.0064,0.0000,0.0000,0.0000,0.0063,0.0001,200,5.0622
0.0064,0.0000,0.0000,0.0000,0.0063,0.0000,200,5.0622
0.0074,0.0000,0.0000,0.0000,0.0073,0.0000,200,5.0686
0.0103,0.0000,0.0000,0.0000,0.0101,0.0001,200,5.0657
0.0074,0.0000,0.0000,0.0000,0.0073,0.0000,200,5.0686
0.0109,0.0000,0.0000,0.0000,0.0107,0.0001,200,5.0652
0.0068,0.0000,0.0000,0.0001,0.0067,0.0001,200,5.0760
0.0069,0.0000,0.0000,0.0000,0.0067,0.0001,200,5.0760
0.0069,0.0000,0.0000,0.0000,0.0067,0.0001,200,5.0760
0.0080,0.0000,0.0000,0.0000,0.0079,0.0001,200,5.0761
0.0069,0.0000,0.0000,0.0000,0.0068,0.0001,200,5.0829
0.0069,0.0000,0.0000,0.0000,0.0068,0.0001,200,5.0828
0.0072,0.0000,0.0000,0.0000,0.0071,0.0001,200,5.0828
0.0068,0.0000,0.0000,0.0000,0.0067,0.0001,200,5.0840
0.0071,0.0000,0.0000,0.0000,0.0070,0.0001,200,5.0898
0.0068,0.0000,0.0000,0.0000,0.0068,0.0000,200,5.0901
0.0072,0.0000,0.0000,0.0000,0.0071,0.0000,200,5.0898
0.0065,0.0000,0.0000,0.0000,0.0064,0.0000,200,5.0909
0.0068,0.0000,0.0000,0.0000,0.0067,0.0001,200,5.0969
0.0068,0.0000,0.0000,0.0000,0.0067,0.0001,200,5.0970
0.0066,0.0000,0.0000,0.0000,0.0065,0.0000,200,5.0973
0.0075,0.0000,0.0000,0.0000,0.0074,0.0000,200,5.0969
0.0069,0.0000,0.0000,0.0000,0.0068,0.0000,200,5.1038
0.0068,0.0000,0.0000,0.0000,0.0067,0.0001,200,5.1039
0.0064,0.0000,0.0000,0.0000,0.0064,0.0000,200,5.1044
0.0071,0.0000,0.0000,0.0000,0.0070,0.0000,200,5.1038
0.0070,0.0000,0.0000,0.0000,0.0068,0.0001,200,5.1107
0.0071,0.0000,0.0000,0.0000,0.0070,0.0000,200,5.1108
0.0072,0.0000,0.0000,0.0000,0.0071,0.0000,200,5.1107
0.0075,0.0000,0.0000,0.0000,0.0074,0.0000,200,5.1109
0.0065,0.0000,0.0000,0.0000,0.0064,0.0001,200,5.1179
0.0066,0.0000,0.0000,0.0000,0.0065,0.0000,200,5.1179
0.0068,0.0000,0.0000,0.0000,0.0067,0.0000,200,5.1177
0.0063,0.0000,0.0000,0.0000,0.0063,0.0000,200,5.1183
0.0066,0.0000,0.0000,0.0000,0.0064,0.0001,200,5.1245
0.0066,0.0000,0.0000,0.0000,0.0065,0.0000,200,5.1246
0.0067,0.0000,0.0000,0.0000,0.0065,0.0000,200,5.1245
0.0068,0.0000,0.0000,0.0000,0.0067,0.0000,200,5.1245
0.0065,0.0000,0.0000,0.0000,0.0064,0.0001,200,5.1313
0.0068,0.0000,0.0000,0.0000,0.0068,0.0000,200,5.1311
0.0068,0.0000,0.0000,0.0000,0.0067,0.0000,200,5.1312
0.0068,0.0000,0.0000,0.0000,0.0067,0.0000,200,5.1312
0.0067,0.0000,0.0000,0.0000,0.0066,0.0001,200,5.1380
0.0068,0.0000,0.0000,0.0000,0.0067,0.0000,200,5.1378
0.0068,0.0000,0.0000,0.0000,0.0068,0.0000,200,5.1379
0.0068,0.0000,0.0000,0.0000,0.0068,0.0001,200,5.1380
0.0066,0.0000,0.0000,0.0000,0.0065,0.0001,200,5.1448
0.0066,0.0000,0.0000,0.0000,0.0066,0.0000,200,5.1448
0.0068,0.0000,0.0000,0.0000,0.0068,0.0000,200,5.1446
0.0069,0.0000,0.0000,0.0000,0.0069,0.0000,200,5.1447
0.0070,0.0000,0.0000,0.0000,0.0069,0.0001,200,5.1514
0.0069,0.0000,0.0000,0.0000,0.0068,0.0001,200,5.1515
0.0069,0.0000,0.0000,0.0000,0.0068,0.0001,200,5.1514
0.0069,0.0000,0.0000,0.0000,0.0068,0.0000,200,5.1516
0.0065,0.0000,0.0000,0.0000,0.0064,0.0001,200,5.1585
0.0067,0.0000,0.0000,0.0000,0.0067,0.0000,200,5.1583
0.0068,0.0000,0.0000,0.0000,0.0067,0.0000,200,5.1583
0.0068,0.0000,0.0000,0.0000,0.0067,0.0000,200,5.1583
0.0064,0.0000,0.0000,0.0000,0.0062,0.0001,200,5.1650
0.0067,0.0000,0.0000,0.0000,0.0067,0.0000,200,5.1650
0.0071,0.0000,0.0000,0.0000,0.0070,0.0000,200,5.1651
0.0073,0.0000,0.0000,0.0000,0.0072,0.0000,200,5.1651
0.0065,0.0000,0.0000,0.0000,0.0064,0.0001,200,5.1722
0.0071,0.0000,0.0000,0.0000,0.0069,0.0000,200,5.1718
0.0075,0.0000,0.0000,0.0000,0.0075,0.0000,200,5.1713
0.0079,0.0000,0.0000,0.0000,0.0078,0.0001,200,5.1724
0.0074,0.0000,0.0000,0.0000,0.0073,0.0001,200,5.1787
0.0074,0.0000,0.0000,0.0000,0.0073,0.0000,200,5.1788
0.0074,0.0000,0.0000,0.0000,0.0073,0.0000,200,5.1788
0.0068,0.0000,0.0000,0.0000,0.0067,0.0000,200,5.1803
0.0066,0.0000,0.0000,0.0000,0.0065,0.0001,200,5.1861
0.0068,0.0000,0.0000,0.0000,0.0067,0.0000,200,5.1862
0.0069,0.0000,0.0000,0.0000,0.0069,0.0000,200,5.1862
0.0063,0.0000,0.0000,0.0000,0.0062,0.0000,200,5.1870
0.0070,0.0000,0.0000,0.0000,0.0069,0.0001,200,5.1927
0.0072,0.0000,0.0000,0.0000,0.0071,0.0000,200,5.1933
0.0074,0.0000,0.0000,0.0000,0.0074,0.0000,200,5.1930
0.0074,0.0000,0.0000,0.0000,0.0074,0.0000,200,5.1931
0.0065,0.0000,0.0000,0.0000,0.0064,0.0001,200,5.2005
0.0073,0.0000,0.0000,0.0000,0.0069,0.0002,200,5.1998
0.0070,0.0000,0.0000,0.0000,0.0069,0.0000,200,5.2005
0.0070,0.0000,0.0000,0.0000,0.0065,0.0005,200,5.2005
0.0065,0.0000,0.0000,0.0000,0.0064,0.0001,200,5.2075
0.0069,0.0000,0.0000,0.0000,0.0068,0.0000,200,5.2071
0.0071,0.0000,0.0000,0.0000,0.0070,0.0000,200,5.2070
0.0073,0.0000,0.0000,0.0000,0.0072,0.0000,200,5.2075
0.0067,0.0000,0.0000,0.0000,0.0066,0.0001,200,5.2141
0.0069,0.0000,0.0000,0.0000,0.0068,0.0000,200,5.2140
0.0069,0.0000,0.0000,0.0000,0.0068,0.0001,200,5.2140
0.0070,0.0000,0.0000,0.0000,0.0063,0.0000,200,5.2148
0.0067,0.0000,0.0000,0.0000,0.0065,0.0001,200,5.2207
0.0067,0.0000,0.0000,0.0000,0.0066,0.0001,200,5.2209
0.0067,0.0000,0.0000,0.0000,0.0066,0.0001,200,5.2209
0.0086,0.0000,0.0000,0.0000,0.0085,0.0001,200,5.2219
0.0064,0.0000,0.0000,0.0000,0.0063,0.0001,200,5.2274
0.0064,0.0000,0.0000,0.0000,0.0063,0.0000,200,5.2275
0.0086,0.0000,0.0000,0.0000,0.0086,0.0000,200,5.2276
0.0069,0.0000,0.0000,0.0000,0.0068,0.0000,200,5.2305
0.0064,0.0000,0.0000,0.0000,0.0063,0.0000,200,5.2338
0.0063,0.0000,0.0000,0.0000,0.0062,0.0000,200,5.2339
0.0062,0.0000,0.0000,0.0000,0.0061,0.0001,200,5.2362
0.0089,0.0000,0.0000,0.0000,0.0088,0.0001,200,5.2374
0.0063,0.0000,0.0000,0.0000,0.0063,0.0000,200,5.2402
0.0066,0.0000,0.0000,0.0000,0.0065,0.0000,200,5.2402
0.0068,0.0000,0.0000,0.0000,0.0067,0.0001,200,5.2424
0.0068,0.0000,0.0000,0.0001,0.0066,0.0001,200,5.2463
0.0074,0.0000,0.0000,0.0000,0.0073,0.0001,200,5.2465
0.0085,0.0000,0.0000,0.0000,0.0084,0.0000,200,5.2468
0.0063,0.0000,0.0000,0.0000,0.0062,0.0001,200,5.2492
0.0066,0.0000,0.0000,0.0000,0.0065,0.0001,200,5.2531
0.0064,0.0000,0.0000,0.0000,0.0063,0.0001,200,5.2539
0.0063,0.0000,0.0000,0.0000,0.0062,0.0000,200,5.2552
0.0074,0.0000,0.0000,0.0000,0.0073,0.0000,200,5.2556
0.0070,0.0000,0.0000,0.0000,0.0069,0.0001,200,5.2604
0.0078,0.0000,0.0000,0.0000,0.0078,0.0000,200,5.2597
0.0068,0.0000,0.0000,0.0000,0.0067,0.0000,200,5.2615
0.0072,0.0000,0.0000,0.0000,0.0071,0.0001,200,5.2630
0.0074,0.0000,0.0000,0.0000,0.0073,0.0001,200,5.2676
0.0077,0.0000,0.0000,0.0000,0.0075,0.0001,200,5.2673
0.0068,0.0000,0.0000,0.0000,0.0067,0.0000,200,5.2683
0.0064,0.0000,0.0000,0.0000,0.0063,0.0001,200,5.2702
0.0070,0.0000,0.0000,0.0000,0.0069,0.0001,200,5.2750
0.0072,0.0000,0.0000,0.0000,0.0071,0.0001,200,5.2750
0.0072,0.0000,0.0000,0.0000,0.0072,0.0000,200,5.2751
0.0067,0.0000,0.0000,0.0000,0.0066,0.0001,200,5.2766
0.0072,0.0000,0.0000,0.0000,0.0071,0.0001,200,5.2820
0.0071,0.0000,0.0000,0.0000,0.0070,0.0001,200,5.2822
0.0071,0.0000,0.0000,0.0000,0.0070,0.0000,200,5.2823
0.0088,0.0000,0.0000,0.0000,0.0086,0.0001,200,5.2833
0.0066,0.0000,0.0000,0.0000,0.0065,0.0001,200,5.2892
0.0066,0.0000,0.0000,0.0000,0.0066,0.0000,200,5.2894
0.0074,0.0000,0.0000,0.0000,0.0073,0.0001,200,5.2921
0.0103,0.0000,0.0000,0.0000,0.0101,0.0000,200,5.2892
0.0068,0.0000,0.0000,0.0000,0.0066,0.0001,200,5.2958
0.0066,0.0000,0.0000,0.0000,0.0066,0.0000,200,5.2960
0.0074,0.0000,0.0000,0.0000,0.0073,0.0000,200,5.2995
0.0076,0.0000,0.0000,0.0000,0.0072,0.0003,200,5.2995
0.0066,0.0000,0.0000,0.0000,0.0065,0.0001,200,5.3026
0.0066,0.0000,0.0000,0.0000,0.0065,0.0000,200,5.3026
0.0070,0.0000,0.0000,0.0000,0.0069,0.0001,200,5.3071
0.0088,0.0000,0.0000,0.0000,0.0087,0.0001,200,5.3069
0.0067,0.0000,0.0000,0.0000,0.0066,0.0000,200,5.3092
0.0067,0.0000,0.0000,0.0000,0.0067,0.0000,200,5.3092
0.0067,0.0000,0.0000,0.0001,0.0066,0.0001,200,5.3141
0.0064,0.0000,0.0000,0.0000,0.0063,0.0001,200,5.3159
0.0066,0.0000,0.0000,0.0000,0.0065,0.0000,200,5.3157
0.0070,0.0000,0.0000,0.0000,0.0070,0.0000,200,5.3159
0.0066,0.0000,0.0000,0.0000,0.0065,0.0001,200,5.3208
0.0063,0.0000,0.0000,0.0000,0.0063,0.0000,200,5.3224
0.0064,0.0000,0.0000,0.0000,0.0063,0.0000,200,5.3223
0.0072,0.0000,0.0000,0.0000,0.0071,0.0000,200,5.3229
0.0066,0.0000,0.0000,0.0000,0.0065,0.0001,200,5.3273
0.0065,0.0000,0.0000,0.0000,0.0064,0.0000,200,5.3287
0.0064,0.0000,0.0000,0.0000,0.0064,0.0000,200,5.3287
0.0065,0.0000,0.0000,0.0000,0.0064,0.0001,200,5.3301
0.0070,0.0000,0.0000,0.0000,0.0069,0.0001,200,5.3340
0.0066,0.0000,0.0000,0.0000,0.0065,0.0001,200,5.3352
0.0071,0.0000,0.0000,0.0000,0.0070,0.0000,200,5.3352
0.0063,0.0000,0.0000,0.0000,0.0062,0.0001,200,5.3366
0.0066,0.0000,0.0000,0.0000,0.0065,0.0001,200,5.3410
0.0065,0.0000,0.0000,0.0000,0.0064,0.0001,200,5.3417
0.0066,0.0000,0.0000,0.0000,0.0064,0.0001,200,5.3423
0.0066,0.0000,0.0000,0.0000,0.0066,0.0000,200,5.3429
0.0069,0.0000,0.0000,0.0000,0.0068,0.0001,200,5.3476
0.0073,0.0000,0.0000,0.0000,0.0069,0.0003,200,5.3483
0.0065,0.0000,0.0000,0.0000,0.0064,0.0000,200,5.3496
0.0079,0.0000,0.0000,0.0000,0.0078,0.0000,200,5.3488
0.0068,0.0000,0.0000,0.0000,0.0067,0.0001,200,5.3546
0.0071,0.0000,0.0000,0.0000,0.0070,0.0000,200,5.3556
0.0072,0.0000,0.0000,0.0000,0.0071,0.0000,200,5.3568
0.0079,0.0000,0.0000,0.0000,0.0078,0.0001,200,5.3561
0.0069,0.0000,0.0000,0.0000,0.0068,0.0001,200,5.3614
0.0074,0.0000,0.0000,0.0000,0.0073,0.0001,200,5.3626
0.0071,0.0000,0.0000,0.0000,0.0070,0.0000,200,5.3639
0.0072,0.0000,0.0000,0.0000,0.0072,0.0000,200,5.3639
0.0078,0.0000,0.0000,0.0000,0.0077,0.0001,200,5.3683
0.0067,0.0000,0.0000,0.0000,0.0066,0.0000,200,5.3700
0.0066,0.0000,0.0000,0.0000,0.0066,0.0000,200,5.3712
0.0067,0.0000,0.0000,0.0000,0.0066,0.0000,200,5.3711
0.0066,0.0000,0.0000,0.0000,0.0065,0.0001,200,5.3761
0.0074,0.0000,0.0000,0.0000,0.0073,0.0000,200,5.3767
0.0065,0.0000,0.0000,0.0000,0.0064,0.0000,200,5.3778
0.0068,0.0000,0.0000,0.0000,0.0067,0.0000,200,5.3778
0.0067,0.0000,0.0000,0.0001,0.0065,0.0001,200,5.3827
0.0068,0.0000,0.0000,0.0000,0.0067,0.0000,200,5.3841
0.0066,0.0000,0.0000,0.0000,0.0065,0.0000,200,5.3845
0.0072,0.0000,0.0000,0.0000,0.0071,0.0000,200,5.3843
0.0070,0.0000,0.0000,0.0000,0.0069,0.0001,200,5.3894
0.0066,0.0000,0.0000,0.0000,0.0065,0.0001,200,5.3909
0.0065,0.0000,0.0000,0.0000,0.0064,0.0000,200,5.3911
0.0115,0.0000,0.0000,0.0000,0.0114,0.0001,200,5.3914
0.0074,0.0000,0.0000,0.0000,0.0073,0.0001,200,5.3964
0.0066,0.0000,0.0000,0.0000,0.0065,0.0000,200,5.3975
0.0066,0.0000,0.0000,0.0000,0.0066,0.0000,200,5.3976
0.0068,0.0000,0.0000,0.0000,0.0067,0.0001,200,5.4029
0.0066,0.0000,0.0000,0.0000,0.0065,0.0000,200,5.4041
0.0066,0.0000,0.0000,0.0000,0.0065,0.0001,200,5.4043
0.0072,0.0000,0.0000,0.0000,0.0071,0.0000,200,5.4038
0.0071,0.0000,0.0000,0.0000,0.0070,0.0001,200,5.4098
0.0068,0.0000,0.0000,0.0000,0.0067,0.0000,200,5.4106
0.0064,0.0000,0.0000,0.0000,0.0063,0.0000,200,5.4110
0.0066,0.0000,0.0000,0.0000,0.0065,0.0000,200,5.4109
0.0069,0.0000,0.0000,0.0000,0.0068,0.0000,200,5.4174
0.0069,0.0000,0.0000,0.0000,0.0068,0.0000,200,5.4175
0.0069,0.0000,0.0000,0.0000,0.0068,0.0001,200,5.4174
0.0093,0.0000,0.0000,0.0000,0.0092,0.0000,200,5.4169
0.0066,0.0000,0.0000,0.0000,0.0065,0.0001,200,5.4243
0.0067,0.0000,0.0000,0.0000,0.0066,0.0000,200,5.4243
0.0068,0.0000,0.0000,0.0000,0.0067,0.0000,200,5.4243
0.0062,0.0000,0.0000,0.0000,0.0061,0.0000,200,5.4262
0.0065,0.0000,0.0000,0.0000,0.0065,0.0001,200,5.4311
0.0067,0.0000,0.0000,0.0000,0.0066,0.0000,200,5.4310
0.0067,0.0000,0.0000,0.0000,0.0066,0.0000,200,5.4309
0.0063,0.0000,0.0000,0.0000,0.0062,0.0000,200,5.4324
0.0065,0.0000,0.0000,0.0000,0.0064,0.0001,200,5.4376
0.0066,0.0000,0.0000,0.0000,0.0065,0.0001,200,5.4376
0.0066,0.0000,0.0000,0.0000,0.0065,0.0000,200,5.4377
0.0063,0.0000,0.0000,0.0000,0.0063,0.0000,200,5.4388
0.0065,0.0000,0.0000,0.0000,0.0064,0.0000,200,5.4442
0.0067,0.0000,0.0000,0.0000,0.0066,0.0000,200,5.4442
0.0068,0.0000,0.0000,0.0000,0.0067,0.0000,200,5.4443
0.0063,0.0000,0.0000,0.0000,0.0062,0.0000,200,5.4451
0.0067,0.0000,0.0000,0.0000,0.0066,0.0001,200,5.4507
0.0067,0.0000,0.0000,0.0000,0.0067,0.0000,200,5.4509
0.0070,0.0000,0.0000,0.0000,0.0069,0.0001,200,5.4510
0.0067,0.0000,0.0000,0.0000,0.0066,0.0000,200,5.4513
0.0070,0.0000,0.0000,0.0000,0.0069,0.0001,200,5.4576
0.0074,0.0000,0.0000,0.0000,0.0073,0.0000,200,5.4574
0.0069,0.0000,0.0000,0.0000,0.0068,0.0000,200,5.4580
0.0069,0.0000,0.0000,0.0000,0.0068,0.0000,200,5.4580
0.0067,0.0000,0.0000,0.0000,0.0066,0.0001,200,5.4646
0.0068,0.0000,0.0000,0.0000,0.0067,0.0000,200,5.4648
0.0067,0.0000,0.0000,0.0000,0.0066,0.0001,200,5.4649
0.0069,0.0000,0.0000,0.0000,0.0068,0.0001,200,5.4649
0.0067,0.0000,0.0000,0.0000,0.0066,0.0001,200,5.4716
0.0065,0.0000,0.0000,0.0000,0.0064,0.0000,200,5.4718
0.0068,0.0000,0.0000,0.0000,0.0067,0.0001,200,5.4715
0.0070,0.0000,0.0000,0.0000,0.0068,0.0001,200,5.4714
0.0095,0.0000,0.0000,0.0000,0.0093,0.0001,200,5.4783
0.0096,0.0000,0.0000,0.0000,0.0095,0.0001,200,5.4783
0.0097,0.0000,0.0000,0.0000,0.0096,0.0000,200,5.4783
0.0104,0.0000,0.0000,0.0000,0.0103,0.0000,200,5.4783
0.0069,0.0000,0.0000,0.0000,0.0068,0.0001,200,5.4880
0.0072,0.0000,0.0000,0.0002,0.0069,0.0000,200,5.4878
0.0072,0.0000,0.0000,0.0000,0.0071,0.0000,200,5.4879
0.0066,0.0000,0.0000,0.0000,0.0066,0.0000,200,5.4887
0.0071,0.0000,0.0000,0.0000,0.0070,0.0001,200,5.4951
0.0073,0.0000,0.0000,0.0000,0.0072,0.0001,200,5.4949
0.0069,0.0000,0.0000,0.0000,0.0069,0.0000,200,5.4953
0.0085,0.0000,0.0000,0.0000,0.0084,0.0001,200,5.4949
0.0074,0.0000,0.0000,0.0000,0.0073,0.0001,200,5.5022
0.0074,0.0000,0.0000,0.0000,0.0073,0.0000,200,5.5022
0.0074,0.0000,0.0000,0.0000,0.0073,0.0001,200,5.5022
0.0064,0.0000,0.0000,0.0000,0.0063,0.0000,200,5.5034
0.0069,0.0000,0.0000,0.0000,0.0068,0.0001,200,5.5098
0.0070,0.0000,0.0000,0.0000,0.0068,0.0001,200,5.5097
0.0070,0.0000,0.0000,0.0000,0.0069,0.0000,200,5.5096
0.0070,0.0000,0.0000,0.0000,0.0068,0.0001,200,5.5096
0.0067,0.0000,0.0000,0.0000,0.0066,0.0001,200,5.5166
0.0068,0.0000,0.0000,0.0000,0.0067,0.0000,200,5.5166
0.0073,0.0000,0.0000,0.0000,0.0072,0.0000,200,5.5166
0.0089,0.0000,0.0000,0.0000,0.0089,0.0001,200,5.5166
0.0067,0.0000,0.0000,0.0001,0.0065,0.0001,200,5.5234
0.0068,0.0000,0.0000,0.0000,0.0067,0.0000,200,5.5233
0.0066,0.0000,0.0000,0.0000,0.0066,0.0000,200,5.5239
0.0063,0.0000,0.0000,0.0000,0.0062,0.0000,200,5.5256
0.0082,0.0000,0.0000,0.0000,0.0081,0.0001,200,5.5306
0.0088,0.0000,0.0000,0.0000,0.0087,0.0000,200,5.5301
0.0089,0.0000,0.0000,0.0000,0.0088,0.0000,200,5.5301
0.0082,0.0000,0.0000,0.0000,0.0081,0.0000,200,5.5319
0.0077,0.0000,0.0000,0.0000,0.0076,0.0001,200,5.5387
0.0077,0.0000,0.0000,0.0000,0.0076,0.0000,200,5.5389
0.0077,0.0000,0.0000,0.0000,0.0076,0.0000,200,5.5390
0.0069,0.0000,0.0000,0.0000,0.0068,0.0000,200,5.5401
0.0071,0.0000,0.0000,0.0000,0.0070,0.0001,200,5.5469
0.0074,0.0000,0.0000,0.0000,0.0074,0.0001,200,5.5466
0.0074,0.0000,0.0000,0.0000,0.0073,0.0001,200,5.5466
0.0076,0.0000,0.0000,0.0000,0.0074,0.0001,200,5.5464
0.0066,0.0000,0.0000,0.0000,0.0065,0.0001,200,5.5541
0.0068,0.0000,0.0000,0.0000,0.0067,0.0000,200,5.5540
0.0068,0.0000,0.0000,0.0000,0.0067,0.0000,200,5.5540
0.0080,0.0000,0.0000,0.0000,0.0079,0.0000,200,5.5540
0.0063,0.0000,0.0000,0.0000,0.0063,0.0001,200,5.5608
0.0065,0.0000,0.0000,0.0000,0.0064,0.0000,200,5.5607
0.0065,0.0000,0.0000,0.0000,0.0064,0.0000,200,5.5608
0.0066,0.0000,0.0000,0.0000,0.0065,0.0001,200,5.5620
0.0064,0.0000,0.0000,0.0000,0.0063,0.0001,200,5.5671
0.0064,0.0000,0.0000,0.0000,0.0064,0.0000,200,5.5672
0.0064,0.0000,0.0000,0.0000,0.0064,0.0000,200,5.5672
0.0064,0.0000,0.0000,0.0000,0.0063,0.0001,200,5.5686
0.0066,0.0000,0.0000,0.0000,0.0065,0.0001,200,5.5735
0.0066,0.0000,0.0000,0.0000,0.0065,0.0000,200,5.5736
0.0066,0.0000,0.0000,0.0000,0.0065,0.0000,200,5.5737
0.0064,0.0000,0.0000,0.0000,0.0063,0.0000,200,5.5750
0.0066,0.0000,0.0000,0.0000,0.0065,0.0001,200,5.5801
0.0064,0.0000,0.0000,0.0000,0.0064,0.0000,200,5.5802
0.0065,0.0000,0.0000,0.0000,0.0064,0.0000,200,5.5802
0.0063,0.0000,0.0000,0.0000,0.0063,0.0000,200,5.5814
0.0066,0.0000,0.0000,0.0000,0.0065,0.0001,200,5.5867
0.0068,0.0000,0.0000,0.0000,0.0067,0.0000,200,5.5867
0.0068,0.0000,0.0000,0.0000,0.0068,0.0000,200,5.5867
0.0069,0.0000,0.0000,0.0000,0.0068,0.0001,200,5.5878
0.0068,0.0000,0.0000,0.0000,0.0067,0.0000,200,5.5933
0.0066,0.0000,0.0000,0.0000,0.0065,0.0000,200,5.5935
0.0066,0.0000,0.0000,0.0000,0.0066,0.0001,200,5.5935
0.0062,0.0000,0.0000,0.0000,0.0061,0.0000,200,5.5947
0.0071,0.0000,0.0000,0.0000,0.0067,0.0003,200,5.6001
0.0072,0.0000,0.0000,0.0000,0.0071,0.0000,200,5.6001
0.0072,0.0000,0.0000,0.0000,0.0072,0.0000,200,5.6001
0.0065,0.0000,0.0000,0.0000,0.0065,0.0000,200,5.6009
0.0067,0.0000,0.0000,0.0000,0.0066,0.0001,200,5.6074
0.0070,0.0000,0.0000,0.0000,0.0069,0.0000,200,5.6072
0.0068,0.0000,0.0000,0.0000,0.0068,0.0000,200,5.6073
0.0069,0.0000,0.0000,0.0000,0.0068,0.0001,200,5.6073
0.0074,0.0000,0.0000,0.0000,0.0073,0.0001,200,5.6141
0.0080,0.0000,0.0000,0.0000,0.0079,0.0001,200,5.6141
0.0085,0.0000,0.0000,0.0000,0.0084,0.0000,200,5.6142
0.0088,0.0000,0.0000,0.0000,0.0087,0.0000,200,5.6142
0.0077,0.0000,0.0000,0.0000,0.0076,0.0001,200,5.6221
0.0074,0.0000,0.0000,0.0000,0.0073,0.0000,200,5.6227
0.0072,0.0000,0.0000,0.0000,0.0071,0.0000,200,5.6230
0.0087,0.0000,0.0000,0.0000,0.0086,0.0000,200,5.6215
0.0067,0.0000,0.0000,0.0000,0.0066,0.0001,200,5.6301
0.0071,0.0000,0.0000,0.0000,0.0070,0.0000,200,5.6298
0.0068,0.0000,0.0000,0.0000,0.0067,0.0000,200,5.6301
0.0068,0.0000,0.0000,0.0000,0.0068,0.0000,200,5.6302
0.0068,0.0000,0.0000,0.0000,0.0067,0.0001,200,5.6368
0.0067,0.0000,0.0000,0.0000,0.0067,0.0000,200,5.6370
0.0069,0.0000,0.0000,0.0000,0.0068,0.0000,200,5.6369
0.0069,0.0000,0.0000,0.0000,0.0069,0.0000,200,5.6369
0.0066,0.0000,0.0000,0.0000,0.0065,0.0001,200,5.6438
0.0067,0.0000,0.0000,0.0000,0.0067,0.0000,200,5.6438
0.0069,0.0000,0.0000,0.0000,0.0068,0.0000,200,5.6438
0.0072,0.0000,0.0000,0.0000,0.0071,0.0000,200,5.6436
0.0067,0.0000,0.0000,0.0000,0.0066,0.0001,200,5.6505
0.0068,0.0000,0.0000,0.0000,0.0067,0.0000,200,5.6504
0.0066,0.0000,0.0000,0.0000,0.0066,0.0000,200,5.6507
0.0071,0.0000,0.0000,0.0000,0.0070,0.0000,200,5.6509
0.0065,0.0000,0.0000,0.0000,0.0064,0.0001,200,5.6573
0.0067,0.0000,0.0000,0.0000,0.0067,0.0000,200,5.6572
0.0068,0.0000,0.0000,0.0000,0.0067,0.0000,200,5.6572
0.0063,0.0000,0.0000,0.0000,0.0062,0.0000,200,5.6579
0.0070,0.0000,0.0000,0.0000,0.0069,0.0001,200,5.6639
0.0069,0.0000,0.0000,0.0000,0.0068,0.0001,200,5.6640
0.0072,0.0000,0.0000,0.0000,0.0071,0.0000,200,5.6638
0.0068,0.0000,0.0000,0.0000,0.0068,0.0000,200,5.6642
0.0067,0.0000,0.0000,0.0000,0.0066,0.0001,200,5.6710
0.0068,0.0000,0.0000,0.0000,0.0067,0.0000,200,5.6709
0.0068,0.0000,0.0000,0.0000,0.0067,0.0000,200,5.6709
0.0067,0.0000,0.0000,0.0000,0.0066,0.0001,200,5.6710
0.0066,0.0000,0.0000,0.0000,0.0065,0.0000,200,5.6777
0.0066,0.0000,0.0000,0.0000,0.0065,0.0000,200,5.6777
0.0065,0.0000,0.0000,0.0000,0.0065,0.0001,200,5.6777
0.0066,0.0000,0.0000,0.0000,0.0065,0.0001,200,5.6777
0.0067,0.0000,0.0000,0.0000,0.0066,0.0001,200,5.6843
0.0068,0.0000,0.0000,0.0000,0.0067,0.0000,200,5.6843
0.0068,0.0000,0.0000,0.0000,0.0068,0.0000,200,5.6843
0.0068,0.0000,0.0000,0.0000,0.0067,0.0000,200,5.6843
0.0064,0.0000,0.0000,0.0000,0.0063,0.0001,200,5.6911
0.0064,0.0000,0.0000,0.0000,0.0064,0.0001,200,5.6910
0.0065,0.0000,0.0000,0.0000,0.0064,0.0001,200,5.6910
0.0065,0.0000,0.0000,0.0000,0.0064,0.0000,200,5.6911
0.0066,0.0000,0.0000,0.0000,0.0065,0.0001,200,5.6975
0.0066,0.0000,0.0000,0.0000,0.0065,0.0001,200,5.6975
0.0069,0.0000,0.0000,0.0000,0.0068,0.0000,200,5.6975
0.0067,0.0000,0.0000,0.0000,0.0067,0.0000,200,5.6976
0.0068,0.0000,0.0000,0.0000,0.0067,0.0001,200,5.7041
0.0066,0.0000,0.0000,0.0000,0.0065,0.0001,200,5.7043
0.0068,0.0000,0.0000,0.0000,0.0067,0.0000,200,5.7043
0.0071,0.0000,0.0000,0.0000,0.0069,0.0001,200,5.7041
0.0065,0.0000,0.0000,0.0000,0.0064,0.0001,200,5.7109
0.0065,0.0000,0.0000,0.0000,0.0064,0.0001,200,5.7109
0.0064,0.0000,0.0000,0.0000,0.0063,0.0000,200,5.7112
0.0085,0.0000,0.0000,0.0000,0.0084,0.0001,200,5.7111
0.0066,0.0000,0.0000,0.0000,0.0065,0.0001,200,5.7175
0.0065,0.0000,0.0000,0.0000,0.0065,0.0000,200,5.7176
0.0066,0.0000,0.0000,0.0000,0.0066,0.0000,200,5.7175
0.0066,0.0000,0.0000,0.0000,0.0065,0.0001,200,5.7196
0.0065,0.0000,0.0000,0.0000,0.0063,0.0001,200,5.7241
0.0065,0.0000,0.0000,0.0000,0.0065,0.0000,200,5.7241
0.0066,0.0000,0.0000,0.0000,0.0065,0.0000,200,5.7241
0.0063,0.0000,0.0000,0.0000,0.0062,0.0000,200,5.7262
0.0073,0.0000,0.0000,0.0000,0.0072,0.0001,200,5.7306
0.0075,0.0000,0.0000,0.0000,0.0075,0.0000,200,5.7305
0.0075,0.0000,0.0000,0.0000,0.0074,0.0000,200,5.7307
0.0068,0.0000,0.0000,0.0000,0.0068,0.0000,200,5.7325
0.0074,0.0000,0.0000,0.0000,0.0073,0.0000,200,5.7381
0.0076,0.0000,0.0000,0.0000,0.0075,0.0001,200,5.7379
0.0075,0.0000,0.0000,0.0000,0.0074,0.0000,200,5.7382
0.0066,0.0000,0.0000,0.0000,0.0065,0.0001,200,5.7394
0.0066,0.0000,0.0000,0.0000,0.0065,0.0000,200,5.7454
0.0066,0.0000,0.0000,0.0000,0.0065,0.0001,200,5.7454
0.0064,0.0000,0.0000,0.0000,0.0064,0.0001,200,5.7456
0.0063,0.0000,0.0000,0.0000,0.0062,0.0001,200,5.7460
0.0067,0.0000,0.0000,0.0000,0.0066,0.0000,200,5.7521
0.0067,0.0000,0.0000,0.0000,0.0066,0.0001,200,5.7521
0.0067,0.0000,0.0000,0.0000,0.0066,0.0001,200,5.7521
0.0069,0.0000,0.0000,0.0000,0.0069,0.0000,200,5.7523
0.0070,0.0000,0.0000,0.0000,0.0069,0.0001,200,5.7588
0.0066,0.0000,0.0000,0.0000,0.0066,0.0000,200,5.7592
0.0071,0.0000,0.0000,0.0000,0.0070,0.0000,200,5.7588
0.0073,0.0000,0.0000,0.0000,0.0072,0.0000,200,5.7588
0.0064,0.0000,0.0000,0.0000,0.0063,0.0001,200,5.7658
0.0064,0.0000,0.0000,0.0000,0.0063,0.0000,200,5.7658
0.0064,0.0000,0.0000,0.0000,0.0063,0.0000,200,5.7659
0.0062,0.0000,0.0000,0.0000,0.0062,0.0000,200,5.7661
0.0064,0.0000,0.0000,0.0000,0.0063,0.0001,200,5.7723
0.0066,0.0000,0.0000,0.0000,0.0066,0.0000,200,5.7723
0.0067,0.0000,0.0000,0.0000,0.0066,0.0000,200,5.7722
0.0069,0.0000,0.0000,0.0000,0.0068,0.0000,200,5.7722
0.0067,0.0000,0.0000,0.0000,0.0066,0.0001,200,5.7787
0.0065,0.0000,0.0000,0.0000,0.0064,0.0001,200,5.7789
0.0064,0.0000,0.0000,0.0000,0.0064,0.0000,200,5.7790
0.0066,0.0000,0.0000,0.0000,0.0065,0.0000,200,5.7789
0.0064,0.0000,0.0000,0.0000,0.0063,0.0001,200,5.7855
0.0065,0.0000,0.0000,0.0000,0.0064,0.0001,200,5.7854
0.0067,0.0000,0.0000,0.0000,0.0066,0.0000,200,5.7854
0.0066,0.0000,0.0000,0.0000,0.0065,0.0000,200,5.7855
0.0068,0.0000,0.0000,0.0000,0.0066,0.0002,200,5.7919
0.0066,0.0000,0.0000,0.0000,0.0065,0.0000,200,5.7921
0.0066,0.0000,0.0000,0.0000,0.0065,0.0000,200,5.7921
0.0068,0.0000,0.0000,0.0000,0.0067,0.0000,200,5.7919
0.0065,0.0000,0.0000,0.0000,0.0064,0.0001,200,5.7987
0.0066,0.0000,0.0000,0.0000,0.0064,0.0001,200,5.7987
0.0068,0.0000,0.0000,0.0000,0.0065,0.0003,200,5.7987
0.0069,0.0000,0.0000,0.0000,0.0068,0.0001,200,5.7987
0.0074,0.0000,0.0000,0.0000,0.0069,0.0001,200,5.8053
0.0071,0.0000,0.0000,0.0000,0.0070,0.0001,200,5.8055
0.0074,0.0000,0.0000,0.0000,0.0069,0.0001,200,5.8052
0.0077,0.0000,0.0000,0.0013,0.0062,0.0000,200,5.8056
0.0070,0.0000,0.0000,0.0000,0.0069,0.0001,200,5.8127
0.0070,0.0000,0.0000,0.0000,0.0069,0.0001,200,5.8127
0.0070,0.0000,0.0000,0.0000,0.0069,0.0001,200,5.8127
0.0069,0.0000,0.0000,0.0000,0.0068,0.0000,200,5.8133
0.0066,0.0000,0.0000,0.0000,0.0064,0.0001,200,5.8196
0.0066,0.0000,0.0000,0.0000,0.0065,0.0000,200,5.8196
0.0066,0.0000,0.0000,0.0000,0.0066,0.0000,200,5.8196
0.0064,0.0000,0.0000,0.0000,0.0063,0.0000,200,5.8202
0.0068,0.0000,0.0000,0.0000,0.0067,0.0001,200,5.8262
0.0069,0.0000,0.0000,0.0000,0.0069,0.0000,200,5.8266
0.0073,0.0000,0.0000,0.0000,0.0072,0.0001,200,5.8262
0.0072,0.0000,0.0000,0.0000,0.0072,0.0000,200,5.8263
0.0068,0.0000,0.0000,0.0000,0.0067,0.0001,200,5.8330
0.0064,0.0000,0.0000,0.0000,0.0063,0.0001,200,5.8335
0.0065,0.0000,0.0000,0.0000,0.0065,0.0000,200,5.8335
0.0065,0.0000,0.0000,0.0000,0.0065,0.0000,200,5.8335
0.0068,0.0000,0.0000,0.0000,0.0067,0.0001,200,5.8401
0.0070,0.0000,0.0000,0.0000,0.0069,0.0001,200,5.8398
0.0071,0.0000,0.0000,0.0000,0.0070,0.0001,200,5.8399
0.0069,0.0000,0.0000,0.0000,0.0069,0.0000,200,5.8400
0.0067,0.0000,0.0000,0.0000,0.0065,0.0001,200,5.8469
0.0070,0.0000,0.0000,0.0000,0.0069,0.0000,200,5.8468
0.0069,0.0000,0.0000,0.0000,0.0068,0.0000,200,5.8469
0.0076,0.0000,0.0000,0.0000,0.0075,0.0000,200,5.8468
0.0066,0.0000,0.0000,0.0000,0.0065,0.0001,200,5.8538
0.0066,0.0000,0.0000,0.0000,0.0066,0.0000,200,5.8538
0.0068,0.0000,0.0000,0.0000,0.0067,0.0000,200,5.8536
0.0065,0.0000,0.0000,0.0000,0.0064,0.0001,200,5.8544
0.0070,0.0000,0.0000,0.0000,0.0069,0.0001,200,5.8604
0.0071,0.0000,0.0000,0.0000,0.0070,0.0000,200,5.8604
0.0083,0.0000,0.0000,0.0000,0.0082,0.0001,200,5.8609
0.0098,0.0000,0.0000,0.0000,0.0096,0.0001,200,5.8604
0.0066,0.0000,0.0000,0.0000,0.0065,0.0001,200,5.8674
0.0066,0.0000,0.0000,0.0000,0.0065,0.0000,200,5.8675
0.0062,0.0000,0.0000,0.0000,0.0062,0.0000,200,5.8692
0.0062,0.0000,0.0000,0.0000,0.0061,0.0000,200,5.8702
0.0067,0.0000,0.0000,0.0000,0.0066,0.0001,200,5.8740
0.0067,0.0000,0.0000,0.0000,0.0066,0.0001,200,5.8741
0.0063,0.0000,0.0000,0.0000,0.0062,0.0000,200,5.8754
0.0067,0.0000,0.0000,0.0000,0.0066,0.0000,200,5.8764
0.0084,0.0000,0.0000,0.0000,0.0081,0.0003,200,5.8808
0.0085,0.0000,0.0000,0.0000,0.0084,0.0000,200,5.8808
0.0063,0.0000,0.0000,0.0000,0.0062,0.0000,200,5.8831
0.0092,0.0000,0.0000,0.0000,0.0091,0.0001,200,5.8817
0.0065,0.0000,0.0000,0.0000,0.0064,0.0001,200,5.8892
0.0067,0.0000,0.0000,0.0000,0.0066,0.0000,200,5.8892
0.0067,0.0000,0.0000,0.0000,0.0067,0.0000,200,5.8894
0.0064,0.0000,0.0000,0.0000,0.0063,0.0001,200,5.8909
0.0068,0.0000,0.0000,0.0000,0.0067,0.0001,200,5.8959
0.0070,0.0000,0.0000,0.0000,0.0068,0.0001,200,5.8957
0.0067,0.0000,0.0000,0.0000,0.0066,0.0000,200,5.8961
0.0064,0.0000,0.0000,0.0000,0.0063,0.0000,200,5.8973
0.0073,0.0000,0.0000,0.0000,0.0072,0.0000,200,5.9027
0.0074,0.0000,0.0000,0.0000,0.0071,0.0003,200,5.9028
0.0068,0.0000,0.0000,0.0000,0.0067,0.0000,200,5.9037
0.0089,0.0000,0.0000,0.0000,0.0088,0.0001,200,5.9027
0.0074,0.0000,0.0000,0.0000,0.0073,0.0001,200,5.9105
0.0079,0.0000,0.0000,0.0000,0.0078,0.0000,200,5.9100
0.0078,0.0000,0.0000,0.0000,0.0078,0.0000,200,5.9102
0.0075,0.0000,0.0000,0.0000,0.0074,0.0001,200,5.9116
0.0073,0.0000,0.0000,0.0000,0.0072,0.0001,200,5.9180
0.0074,0.0000,0.0000,0.0000,0.0073,0.0001,200,5.9179
0.0074,0.0000,0.0000,0.0000,0.0073,0.0001,200,5.9179
0.0063,0.0000,0.0000,0.0000,0.0062,0.0000,200,5.9191
0.0069,0.0000,0.0000,0.0000,0.0068,0.0001,200,5.9254
0.0071,0.0000,0.0000,0.0000,0.0070,0.0000,200,5.9253
0.0071,0.0000,0.0000,0.0000,0.0070,0.0000,200,5.9253
0.0088,0.0000,0.0000,0.0000,0.0087,0.0000,200,5.9253
0.0083,0.0000,0.0000,0.0000,0.0081,0.0001,200,5.9324
0.0082,0.0000,0.0000,0.0000,0.0080,0.0001,200,5.9324
0.0083,0.0000,0.0000,0.0000,0.0082,0.0000,200,5.9324
0.0066,0.0000,0.0000,0.0000,0.0065,0.0000,200,5.9341
0.0078,0.0000,0.0000,0.0000,0.0077,0.0001,200,5.9407
0.0078,0.0000,0.0000,0.0000,0.0077,0.0000,200,5.9407
0.0079,0.0000,0.0000,0.0000,0.0078,0.0001,200,5.9406
0.0079,0.0000,0.0000,0.0000,0.0077,0.0001,200,5.9406
0.0067,0.0000,0.0000,0.0000,0.0066,0.0001,200,5.9485
0.0069,0.0000,0.0000,0.0000,0.0068,0.0001,200,5.9485
0.0069,0.0000,0.0000,0.0000,0.0068,0.0000,200,5.9485
0.0071,0.0000,0.0000,0.0000,0.0070,0.0000,200,5.9485
0.0070,0.0000,0.0000,0.0000,0.0066,0.0004,200,5.9554
0.0074,0.0000,0.0000,0.0000,0.0073,0.0000,200,5.9552
0.0072,0.0000,0.0000,0.0000,0.0072,0.0000,200,5.9554
0.0073,0.0000,0.0000,0.0000,0.0072,0.0000,200,5.9556
0.0070,0.0000,0.0000,0.0000,0.0069,0.0001,200,5.9624
0.0070,0.0000,0.0000,0.0000,0.0069,0.0000,200,5.9626
0.0070,0.0000,0.0000,0.0000,0.0069,0.0000,200,5.9626
0.0067,0.0000,0.0000,0.0000,0.0067,0.0000,200,5.9629
0.0067,0.0000,0.0000,0.0000,0.0066,0.0001,200,5.9696
0.0069,0.0000,0.0000,0.0000,0.0068,0.0000,200,5.9694
0.0067,0.0000,0.0000,0.0000,0.0066,0.0000,200,5.9697
0.0068,0.0000,0.0000,0.0000,0.0068,0.0000,200,5.9695
0.0072,0.0000,0.0000,0.0000,0.0071,0.0001,200,5.9763
0.0071,0.0000,0.0000,0.0000,0.0070,0.0001,200,5.9764
0.0072,0.0000,0.0000,0.0000,0.0071,0.0001,200,5.9763
0.0109,0.0000,0.0000,0.0000,0.0108,0.0001,200,5.9763
0.0069,0.0000,0.0000,0.0000,0.0067,0.0001,200,5.9835
0.0069,0.0000,0.0000,0.0000,0.0069,0.0000,200,5.9835
0.0073,0.0000,0.0000,0.0000,0.0072,0.0000,200,5.9835
0.0068,0.0000,0.0000,0.0000,0.0066,0.0001,200,5.9872
0.0072,0.0000,0.0000,0.0000,0.0071,0.0001,200,5.9907
0.0077,0.0000,0.0000,0.0001,0.0072,0.0003,200,5.9903
0.0077,0.0000,0.0000,0.0000,0.0077,0.0000,200,5.9904
0.0072,0.0000,0.0000,0.0000,0.0071,0.0000,200,5.9940
0.0065,0.0000,0.0000,0.0000,0.0064,0.0001,200,5.9979
0.0070,0.0000,0.0000,0.0000,0.0069,0.0000,200,5.9980
0.0070,0.0000,0.0000,0.0000,0.0069,0.0000,200,5.9981
0.0062,0.0000,0.0000,0.0000,0.0061,0.0001,200,6.0012
0.0070,0.0000,0.0000,0.0000,0.0069,0.0000,200,6.0045
0.0063,0.0000,0.0000,0.0000,0.0063,0.0000,200,6.0051
0.0065,0.0000,0.0000,0.0000,0.0064,0.0000,200,6.0050
0.0072,0.0000,0.0000,0.0000,0.0071,0.0001,200,6.0074
0.0065,0.0000,0.0000,0.0000,0.0064,0.0001,200,6.0115
0.0066,0.0000,0.0000,0.0000,0.0066,0.0000,200,6.0115
0.0067,0.0000,0.0000,0.0000,0.0066,0.0000,200,6.0115
0.0073,0.0000,0.0000,0.0000,0.0072,0.0001,200,6.0146
0.0071,0.0000,0.0000,0.0000,0.0070,0.0000,200,6.0179
0.0069,0.0000,0.0000,0.0000,0.0068,0.0000,200,6.0181
0.0069,0.0000,0.0000,0.0000,0.0068,0.0000,200,6.0181
0.0068,0.0000,0.0000,0.0000,0.0067,0.0001,200,6.0219
0.0066,0.0000,0.0000,0.0000,0.0065,0.0001,200,6.0250
0.0068,0.0000,0.0000,0.0000,0.0067,0.0001,200,6.0250
0.0071,0.0000,0.0000,0.0000,0.0070,0.0000,200,6.0250
0.0066,0.0000,0.0000,0.0000,0.0065,0.0001,200,6.0287
0.0064,0.0000,0.0000,0.0000,0.0063,0.0000,200,6.0318
0.0066,0.0000,0.0000,0.0000,0.0065,0.0001,200,6.0316
0.0063,0.0000,0.0000,0.0000,0.0063,0.0000,200,6.0321
0.0069,0.0000,0.0000,0.0000,0.0068,0.0001,200,6.0353
0.0063,0.0000,0.0000,0.0000,0.0063,0.0000,200,6.0384
0.0066,0.0000,0.0000,0.0000,0.0065,0.0000,200,6.0382
0.0066,0.0000,0.0000,0.0000,0.0065,0.0001,200,6.0382
0.0066,0.0000,0.0000,0.0000,0.0065,0.0001,200,6.0422
0.0064,0.0000,0.0000,0.0000,0.0062,0.0001,200,6.0448
0.0064,0.0000,0.0000,0.0000,0.0063,0.0000,200,6.0448
0.0064,0.0000,0.0000,0.0000,0.0064,0.0000,200,6.0448
0.0068,0.0000,0.0000,0.0000,0.0067,0.0001,200,6.0488
0.0071,0.0000,0.0000,0.0000,0.0070,0.0001,200,6.0513
0.0072,0.0000,0.0000,0.0000,0.0071,0.0000,200,6.0512
0.0073,0.0000,0.0000,0.0000,0.0072,0.0001,200,6.0511
0.0067,0.0000,0.0000,0.0000,0.0066,0.0001,200,6.0556
0.0064,0.0000,0.0000,0.0000,0.0064,0.0001,200,6.0584
0.0068,0.0000,0.0000,0.0000,0.0067,0.0000,200,6.0584
0.0068,0.0000,0.0000,0.0000,0.0067,0.0000,200,6.0584
0.0073,0.0000,0.0000,0.0000,0.0072,0.0001,200,6.0623
0.0063,0.0000,0.0000,0.0000,0.0063,0.0000,200,6.0652
0.0071,0.0000,0.0000,0.0000,0.0070,0.0000,200,6.0648
0.0068,0.0000,0.0000,0.0000,0.0068,0.0000,200,6.0651
0.0068,0.0000,0.0000,0.0000,0.0067,0.0001,200,6.0696
0.0066,0.0000,0.0000,0.0000,0.0065,0.0000,200,6.0715
0.0071,0.0000,0.0000,0.0000,0.0070,0.0000,200,6.0720
0.0077,0.0000,0.0000,0.0000,0.0077,0.0000,200,6.0720
0.0066,0.0000,0.0000,0.0000,0.0065,0.0001,200,6.0765
0.0067,0.0000,0.0000,0.0000,0.0066,0.0001,200,6.0781
0.0064,0.0000,0.0000,0.0000,0.0063,0.0000,200,6.0791
0.0072,0.0000,0.0000,0.0000,0.0071,0.0000,200,6.0797
0.0081,0.0000,0.0000,0.0000,0.0080,0.0001,200,6.0831
0.0062,0.0000,0.0000,0.0000,0.0061,0.0000,200,6.0855
0.0069,0.0000,0.0000,0.0000,0.0068,0.0001,200,6.0848
0.0070,0.0000,0.0000,0.0000,0.0069,0.0001,200,6.0869
0.0065,0.0000,0.0000,0.0000,0.0064,0.0001,200,6.0917
0.0070,0.0000,0.0000,0.0000,0.0069,0.0000,200,6.0912
0.0067,0.0000,0.0000,0.0000,0.0067,0.0000,200,6.0917
0.0070,0.0000,0.0000,0.0000,0.0069,0.0001,200,6.0939
0.0071,0.0000,0.0000,0.0000,0.0070,0.0001,200,6.0984
0.0073,0.0000,0.0000,0.0000,0.0072,0.0001,200,6.0982
0.0074,0.0000,0.0000,0.0000,0.0073,0.0000,200,6.0982
0.0066,0.0000,0.0000,0.0000,0.0065,0.0001,200,6.1009
0.0074,0.0000,0.0000,0.0000,0.0071,0.0002,200,6.1055
0.0088,0.0000,0.0000,0.0000,0.0086,0.0001,200,6.1055
0.0087,0.0000,0.0000,0.0000,0.0087,0.0000,200,6.1056
0.0086,0.0000,0.0000,0.0000,0.0085,0.0001,200,6.1076
0.0088,0.0000,0.0000,0.0000,0.0086,0.0001,200,6.1129
0.0078,0.0000,0.0000,0.0000,0.0078,0.0000,200,6.1143
0.0080,0.0000,0.0000,0.0000,0.0079,0.0000,200,6.1143
0.0076,0.0000,0.0000,0.0000,0.0075,0.0001,200,6.1162
0.0067,0.0000,0.0000,0.0000,0.0066,0.0001,200,6.1217
0.0064,0.0000,0.0000,0.0000,0.0063,0.0001,200,6.1222
0.0072,0.0000,0.0000,0.0000,0.0071,0.0001,200,6.1222
0.0065,0.0000,0.0000,0.0000,0.0064,0.0000,200,6.1238
0.0066,0.0000,0.0000,0.0000,0.0064,0.0001,200,6.1284
0.0066,0.0000,0.0000,0.0000,0.0065,0.0000,200,6.1286
0.0066,0.0000,0.0000,0.0000,0.0066,0.0000,200,6.1294
0.0067,0.0000,0.0000,0.0000,0.0066,0.0000,200,6.1303
0.0066,0.0000,0.0000,0.0000,0.0065,0.0001,200,6.1350
0.0068,0.0000,0.0000,0.0000,0.0067,0.0000,200,6.1352
0.0065,0.0000,0.0000,0.0000,0.0064,0.0001,200,6.1361
0.0062,0.0000,0.0000,0.0000,0.0061,0.0000,200,6.1370
0.0073,0.0000,0.0000,0.0000,0.0072,0.0001,200,6.1416
0.0070,0.0000,0.0000,0.0000,0.0069,0.0001,200,6.1419
0.0070,0.0000,0.0000,0.0000,0.0069,0.0000,200,6.1432
0.0076,0.0000,0.0000,0.0000,0.0075,0.0000,200,6.1426
0.0068,0.0000,0.0000,0.0000,0.0067,0.0001,200,6.1489
0.0073,0.0000,0.0000,0.0000,0.0072,0.0001,200,6.1489
0.0063,0.0000,0.0000,0.0000,0.0062,0.0000,200,6.1502
0.0067,0.0000,0.0000,0.0000,0.0066,0.0000,200,6.1502
0.0067,0.0000,0.0000,0.0000,0.0066,0.0001,200,6.1557
0.0065,0.0000,0.0000,0.0000,0.0064,0.0000,200,6.1562
0.0065,0.0000,0.0000,0.0000,0.0064,0.0000,200,6.1565
0.0067,0.0000,0.0000,0.0000,0.0066,0.0000,200,6.1569
0.0069,0.0000,0.0000,0.0000,0.0067,0.0001,200,6.1624
0.0066,0.0000,0.0000,0.0000,0.0065,0.0000,200,6.1627
0.0064,0.0000,0.0000,0.0000,0.0063,0.0000,200,6.1629
0.0064,0.0000,0.0000,0.0000,0.0063,0.0001,200,6.1636
0.0068,0.0000,0.0000,0.0000,0.0067,0.0001,200,6.1693
0.0069,0.0000,0.0000,0.0000,0.0068,0.0000,200,6.1693
0.0070,0.0000,0.0000,0.0000,0.0069,0.0000,200,6.1692
0.0069,0.0000,0.0000,0.0000,0.0068,0.0000,200,6.1700
0.0068,0.0000,0.0000,0.0000,0.0067,0.0001,200,6.1762
0.0068,0.0000,0.0000,0.0000,0.0067,0.0001,200,6.1761
0.0067,0.0000,0.0000,0.0000,0.0066,0.0001,200,6.1762
0.0066,0.0000,0.0000,0.0000,0.0065,0.0000,200,6.1769
0.0069,0.0000,0.0000,0.0000,0.0067,0.0001,200,6.1830
0.0070,0.0000,0.0000,0.0000,0.0070,0.0000,200,6.1830
0.0071,0.0000,0.0000,0.0000,0.0070,0.0000,200,6.1830
0.0066,0.0000,0.0000,0.0000,0.0065,0.0000,200,6.1835
0.0071,0.0000,0.0000,0.0000,0.0070,0.0001,200,6.1899
0.0070,0.0000,0.0000,0.0000,0.0070,0.0000,200,6.1900
0.0070,0.0000,0.0000,0.0000,0.0069,0.0000,200,6.1901
0.0074,0.0000,0.0000,0.0000,0.0073,0.0000,200,6.1900
0.0065,0.0000,0.0000,0.0000,0.0064,0.0001,200,6.1971
0.0066,0.0000,0.0000,0.0000,0.0066,0.0000,200,6.1971
0.0064,0.0000,0.0000,0.0000,0.0063,0.0000,200,6.1974
0.0068,0.0000,0.0000,0.0000,0.0067,0.0000,200,6.1970
0.0066,0.0000,0.0000,0.0000,0.0065,0.0001,200,6.2038
0.0067,0.0000,0.0000,0.0000,0.0066,0.0000,200,6.2038
0.0067,0.0000,0.0000,0.0000,0.0067,0.0000,200,6.2037
0.0069,0.0000,0.0000,0.0000,0.0068,0.0000,200,6.2036
0.0069,0.0000,0.0000,0.0000,0.0068,0.0000,200,6.2105
0.0070,0.0000,0.0000,0.0000,0.0067,0.0002,200,6.2104
0.0071,0.0000,0.0000,0.0000,0.0070,0.0000,200,6.2104
0.0073,0.0000,0.0000,0.0000,0.0072,0.0000,200,6.2104
0.0067,0.0000,0.0000,0.0000,0.0066,0.0001,200,6.2173
0.0068,0.0000,0.0000,0.0000,0.0067,0.0000,200,6.2175
0.0069,0.0000,0.0000,0.0000,0.0068,0.0000,200,6.2175
0.0069,0.0000,0.0000,0.0000,0.0068,0.0000,200,6.2176
0.0069,0.0000,0.0000,0.0000,0.0068,0.0001,200,6.2241
0.0069,0.0000,0.0000,0.0000,0.0068,0.0001,200,6.2243
0.0068,0.0000,0.0000,0.0000,0.0068,0.0000,200,6.2245
0.0099,0.0000,0.0000,0.0000,0.0098,0.0001,200,6.2243
0.0084,0.0000,0.0000,0.0000,0.0083,0.0001,200,6.2313
0.0085,0.0000,0.0000,0.0000,0.0084,0.0000,200,6.2312
0.0088,0.0000,0.0000,0.0000,0.0087,0.0000,200,6.2310
0.0067,0.0000,0.0000,0.0000,0.0066,0.0000,200,6.2342
0.0084,0.0000,0.0000,0.0000,0.0083,0.0001,200,6.2397
0.0085,0.0000,0.0000,0.0000,0.0084,0.0000,200,6.2397
0.0084,0.0000,0.0000,0.0000,0.0084,0.0000,200,6.2398
0.0073,0.0000,0.0000,0.0000,0.0073,0.0000,200,6.2410
0.0070,0.0000,0.0000,0.0000,0.0070,0.0001,200,6.2482
0.0072,0.0000,0.0000,0.0000,0.0071,0.0001,200,6.2481
0.0070,0.0000,0.0000,0.0000,0.0069,0.0001,200,6.2483
0.0075,0.0000,0.0000,0.0000,0.0074,0.0000,200,6.2482
0.0065,0.0000,0.0000,0.0000,0.0064,0.0001,200,6.2557
0.0068,0.0000,0.0000,0.0000,0.0067,0.0001,200,6.2553
0.0068,0.0000,0.0000,0.0000,0.0067,0.0001,200,6.2553
0.0069,0.0000,0.0000,0.0000,0.0068,0.0000,200,6.2553
0.0070,0.0000,0.0000,0.0000,0.0069,0.0001,200,6.2621
0.0070,0.0000,0.0000,0.0000,0.0069,0.0000,200,6.2621
0.0070,0.0000,0.0000,0.0000,0.0069,0.0000,200,6.2622
0.0078,0.0000,0.0000,0.0000,0.0077,0.0000,200,6.2621
0.0065,0.0000,0.0000,0.0000,0.0064,0.0001,200,6.2691
0.0067,0.0000,0.0000,0.0000,0.0066,0.0001,200,6.2692
0.0067,0.0000,0.0000,0.0000,0.0067,0.0000,200,6.2691
0.0064,0.0000,0.0000,0.0000,0.0063,0.0000,200,6.2700
0.0063,0.0000,0.0000,0.0000,0.0062,0.0001,200,6.2764
0.0068,0.0000,0.0000,0.0000,0.0067,0.0001,200,6.2759
0.0070,0.0000,0.0000,0.0000,0.0069,0.0001,200,6.2756
0.0069,0.0000,0.0000,0.0000,0.0067,0.0001,200,6.2758
0.0077,0.0000,0.0000,0.0000,0.0076,0.0001,200,6.2827
0.0077,0.0000,0.0000,0.0000,0.0076,0.0000,200,6.2827
0.0078,0.0000,0.0000,0.0000,0.0077,0.0000,200,6.2827
0.0078,0.0000,0.0000,0.0000,0.0077,0.0000,200,6.2827
0.0068,0.0000,0.0000,0.0000,0.0067,0.0001,200,6.2904
0.0068,0.0000,0.0000,0.0000,0.0067,0.0001,200,6.2904
0.0068,0.0000,0.0000,0.0000,0.0067,0.0000,200,6.2904
0.0068,0.0000,0.0000,0.0000,0.0067,0.0001,200,6.2904
0.0069,0.0000,0.0000,0.0000,0.0068,0.0001,200,6.2972
0.0069,0.0000,0.0000,0.0000,0.0068,0.0001,200,6.2972
0.0069,0.0000,0.0000,0.0000,0.0068,0.0000,200,6.2972
0.0086,0.0000,0.0000,0.0000,0.0085,0.0001,200,6.2972
0.0066,0.0000,0.0000,0.0000,0.0066,0.0000,200,6.3041
0.0066,0.0000,0.0000,0.0000,0.0065,0.0001,200,6.3041
0.0066,0.0000,0.0000,0.0000,0.0065,0.0000,200,6.3041
0.0101,0.0000,0.0000,0.0000,0.0100,0.0001,200,6.3058
0.0069,0.0000,0.0000,0.0000,0.0067,0.0001,200,6.3107
0.0073,0.0000,0.0000,0.0000,0.0072,0.0001,200,6.3107
0.0094,0.0000,0.0000,0.0000,0.0093,0.0001,200,6.3107
0.0064,0.0000,0.0000,0.0000,0.0063,0.0000,200,6.3159
0.0068,0.0000,0.0000,0.0001,0.0065,0.0001,200,6.3176
0.0064,0.0000,0.0000,0.0000,0.0063,0.0001,200,6.3180
0.0065,0.0000,0.0000,0.0000,0.0063,0.0001,200,6.3201
0.0091,0.0000,0.0000,0.0000,0.0090,0.0001,200,6.3223
0.0072,0.0000,0.0000,0.0000,0.0069,0.0002,200,6.3244
0.0072,0.0000,0.0000,0.0000,0.0072,0.0000,200,6.3244
0.0066,0.0000,0.0000,0.0000,0.0065,0.0001,200,6.3265
0.0066,0.0000,0.0000,0.0000,0.0065,0.0001,200,6.3316
0.0070,0.0000,0.0000,0.0000,0.0068,0.0000,200,6.3315
0.0069,0.0000,0.0000,0.0004,0.0065,0.0000,200,6.3315
0.0064,0.0000,0.0000,0.0000,0.0063,0.0000,200,6.3331
0.0067,0.0000,0.0000,0.0000,0.0065,0.0001,200,6.3383
0.0067,0.0000,0.0000,0.0000,0.0066,0.0000,200,6.3385
0.0069,0.0000,0.0000,0.0000,0.0068,0.0000,200,6.3385
0.0075,0.0000,0.0000,0.0000,0.0074,0.0001,200,6.3395
0.0064,0.0000,0.0000,0.0000,0.0063,0.0001,200,6.3453
0.0069,0.0000,0.0000,0.0000,0.0068,0.0001,200,6.3449
0.0076,0.0000,0.0000,0.0000,0.0075,0.0001,200,6.3451
0.0086,0.0000,0.0000,0.0000,0.0085,0.0001,200,6.3470
0.0068,0.0000,0.0000,0.0001,0.0065,0.0001,200,6.3518
0.0069,0.0000,0.0000,0.0004,0.0064,0.0001,200,6.3518
0.0065,0.0000,0.0000,0.0000,0.0064,0.0001,200,6.3527
0.0078,0.0000,0.0000,0.0000,0.0077,0.0001,200,6.3556
0.0064,0.0000,0.0000,0.0000,0.0063,0.0001,200,6.3587
0.0086,0.0000,0.0000,0.0000,0.0085,0.0000,200,6.3587
0.0080,0.0000,0.0000,0.0000,0.0079,0.0001,200,6.3593
0.0079,0.0000,0.0000,0.0000,0.0078,0.0001,200,6.3634
0.0071,0.0000,0.0000,0.0000,0.0070,0.0001,200,6.3651
0.0067,0.0000,0.0000,0.0000,0.0066,0.0000,200,6.3673
0.0067,0.0000,0.0000,0.0000,0.0066,0.0001,200,6.3673
0.0068,0.0000,0.0000,0.0000,0.0066,0.0001,200,6.3713
0.0068,0.0000,0.0000,0.0000,0.0067,0.0001,200,6.3722
0.0062,0.0000,0.0000,0.0000,0.0061,0.0001,200,6.3739
0.0064,0.0000,0.0000,0.0000,0.0064,0.0000,200,6.3739
0.0066,0.0000,0.0000,0.0000,0.0065,0.0001,200,6.3781
0.0068,0.0000,0.0000,0.0000,0.0067,0.0000,200,6.3789
0.0065,0.0000,0.0000,0.0000,0.0064,0.0000,200,6.3802
0.0065,0.0000,0.0000,0.0000,0.0064,0.0000,200,6.3803
0.0065,0.0000,0.0000,0.0000,0.0064,0.0001,200,6.3847
0.0064,0.0000,0.0000,0.0000,0.0063,0.0000,200,6.3857
0.0070,0.0000,0.0000,0.0000,0.0069,0.0001,200,6.3868
0.0072,0.0000,0.0000,0.0000,0.0071,0.0000,200,6.3867
0.0067,0.0000,0.0000,0.0000,0.0066,0.0001,200,6.3921
0.0076,0.0000,0.0000,0.0000,0.0075,0.0001,200,6.3912
0.0071,0.0000,0.0000,0.0000,0.0070,0.0001,200,6.3939
0.0072,0.0000,0.0000,0.0000,0.0071,0.0000,200,6.3938
0.0065,0.0000,0.0000,0.0000,0.0064,0.0001,200,6.3988
0.0070,0.0000,0.0000,0.0000,0.0069,0.0000,200,6.3988
0.0068,0.0000,0.0000,0.0000,0.0067,0.0001,200,6.4010
0.0068,0.0000,0.0000,0.0000,0.0067,0.0001,200,6.4010
0.0065,0.0000,0.0000,0.0000,0.0064,0.0001,200,6.4054
0.0067,0.0000,0.0000,0.0000,0.0067,0.0000,200,6.4058
0.0095,0.0000,0.0000,0.0000,0.0094,0.0001,200,6.4078
0.0095,0.0000,0.0000,0.0000,0.0095,0.0000,200,6.4078
0.0066,0.0000,0.0000,0.0000,0.0065,0.0001,200,6.4118
0.0068,0.0000,0.0000,0.0000,0.0067,0.0000,200,6.4125
0.0068,0.0000,0.0000,0.0000,0.0067,0.0001,200,6.4174
0.0068,0.0000,0.0000,0.0000,0.0067,0.0001,200,6.4174
0.0064,0.0000,0.0000,0.0000,0.0063,0.0000,200,6.4184
0.0064,0.0000,0.0000,0.0000,0.0063,0.0000,200,6.4193
0.0077,0.0000,0.0000,0.0000,0.0075,0.0001,200,6.4257
0.0093,0.0000,0.0000,0.0000,0.0092,0.0000,200,6.4242
0.0093,0.0000,0.0000,0.0000,0.0092,0.0000,200,6.4242
0.0096,0.0000,0.0000,0.0000,0.0088,0.0007,200,6.4248
0.0070,0.0000,0.0000,0.0000,0.0069,0.0001,200,6.4335
0.0071,0.0000,0.0000,0.0000,0.0070,0.0000,200,6.4334
0.0071,0.0000,0.0000,0.0000,0.0070,0.0000,200,6.4335
0.0070,0.0000,0.0000,0.0000,0.0069,0.0001,200,6.4344
0.0067,0.0000,0.0000,0.0000,0.0066,0.0001,200,6.4405
0.0072,0.0000,0.0000,0.0000,0.0072,0.0001,200,6.4405
0.0064,0.0000,0.0000,0.0000,0.0064,0.0000,200,6.4414
0.0074,0.0000,0.0000,0.0000,0.0073,0.0000,200,6.4405
0.0068,0.0000,0.0000,0.0000,0.0067,0.0001,200,6.4478
0.0074,0.0000,0.0000,0.0000,0.0073,0.0001,200,6.4471
0.0067,0.0000,0.0000,0.0000,0.0066,0.0000,200,6.4479
0.0067,0.0000,0.0000,0.0000,0.0066,0.0001,200,6.4479
0.0065,0.0000,0.0000,0.0000,0.0064,0.0001,200,6.4546
0.0065,0.0000,0.0000,0.0000,0.0064,0.0000,200,6.4546
0.0066,0.0000,0.0000,0.0000,0.0065,0.0000,200,6.4546
0.0069,0.0000,0.0000,0.0000,0.0068,0.0000,200,6.4546
0.0066,0.0000,0.0000,0.0000,0.0065,0.0001,200,6.4611
0.0063,0.0000,0.0000,0.0000,0.0063,0.0000,200,6.4614
0.0067,0.0000,0.0000,0.0000,0.0066,0.0000,200,6.4611
0.0068,0.0000,0.0000,0.0000,0.0067,0.0000,200,6.4610
0.0071,0.0000,0.0000,0.0000,0.0070,0.0001,200,6.4678
0.0073,0.0000,0.0000,0.0000,0.0072,0.0000,200,6.4677
0.0072,0.0000,0.0000,0.0000,0.0071,0.0000,200,6.4678
0.0072,0.0000,0.0000,0.0000,0.0072,0.0000,200,6.4678
0.0067,0.0000,0.0000,0.0000,0.0066,0.0001,200,6.4749
0.0067,0.0000,0.0000,0.0000,0.0067,0.0000,200,6.4750
0.0067,0.0000,0.0000,0.0000,0.0067,0.0000,200,6.4750
0.0067,0.0000,0.0000,0.0000,0.0067,0.0000,200,6.4750
0.0066,0.0000,0.0000,0.0000,0.0065,0.0001,200,6.4817
0.0067,0.0000,0.0000,0.0000,0.0067,0.0001,200,6.4817
0.0076,0.0000,0.0000,0.0000,0.0075,0.0000,200,6.4816
0.0080,0.0000,0.0000,0.0000,0.0080,0.0000,200,6.4817
0.0075,0.0000,0.0000,0.0000,0.0074,0.0001,200,6.4885
0.0065,0.0000,0.0000,0.0000,0.0065,0.0000,200,6.4898
0.0081,0.0000,0.0000,0.0000,0.0080,0.0000,200,6.4883
0.0072,0.0000,0.0000,0.0000,0.0070,0.0000,200,6.4892
0.0070,0.0000,0.0000,0.0000,0.0068,0.0001,200,6.4960
0.0069,0.0000,0.0000,0.0000,0.0068,0.0001,200,6.4963
0.0069,0.0000,0.0000,0.0000,0.0069,0.0000,200,6.4963
0.0082,0.0000,0.0000,0.0000,0.0081,0.0001,200,6.4963
0.0069,0.0000,0.0000,0.0000,0.0068,0.0001,200,6.5030
0.0069,0.0000,0.0000,0.0000,0.0068,0.0000,200,6.5032
0.0069,0.0000,0.0000,0.0000,0.0068,0.0000,200,6.5032
0.0066,0.0000,0.0000,0.0000,0.0065,0.0001,200,6.5045
0.0070,0.0000,0.0000,0.0000,0.0069,0.0000,200,6.5101
0.0062,0.0000,0.0000,0.0000,0.0060,0.0001,200,6.5111
0.0072,0.0000,0.0000,0.0000,0.0071,0.0000,200,6.5101
0.0074,0.0000,0.0000,0.0000,0.0069,0.0005,200,6.5099
0.0066,0.0000,0.0000,0.0000,0.0065,0.0001,200,6.5171
0.0065,0.0000,0.0000,0.0000,0.0064,0.0000,200,6.5173
0.0066,0.0000,0.0000,0.0000,0.0066,0.0000,200,6.5173
0.0067,0.0000,0.0000,0.0000,0.0066,0.0000,200,6.5173
0.0065,0.0000,0.0000,0.0000,0.0064,0.0001,200,6.5238
0.0066,0.0000,0.0000,0.0000,0.0065,0.0001,200,6.5237
0.0064,0.0000,0.0000,0.0000,0.0063,0.0000,200,6.5239
0.0064,0.0000,0.0000,0.0000,0.0063,0.0000,200,6.5239
0.0066,0.0000,0.0000,0.0000,0.0065,0.0001,200,6.5303
0.0067,0.0000,0.0000,0.0000,0.0066,0.0000,200,6.5303
0.0067,0.0000,0.0000,0.0000,0.0066,0.0000,200,6.5303
0.0067,0.0000,0.0000,0.0000,0.0066,0.0000,200,6.5303
0.0068,0.0000,0.0000,0.0000,0.0067,0.0001,200,6.5370
0.0068,0.0000,0.0000,0.0000,0.0067,0.0000,200,6.5370
0.0069,0.0000,0.0000,0.0000,0.0067,0.0000,200,6.5369
0.0069,0.0000,0.0000,0.0000,0.0068,0.0000,200,6.5370
0.0064,0.0000,0.0000,0.0000,0.0063,0.0001,200,6.5438
0.0064,0.0000,0.0000,0.0000,0.0064,0.0000,200,6.5438
0.0065,0.0000,0.0000,0.0000,0.0064,0.0001,200,6.5439
0.0068,0.0000,0.0000,0.0000,0.0067,0.0000,200,6.5437
0.0066,0.0000,0.0000,0.0000,0.0065,0.0001,200,6.5502
0.0063,0.0000,0.0000,0.0000,0.0063,0.0000,200,6.5505
0.0067,0.0000,0.0000,0.0000,0.0067,0.0000,200,6.5504
0.0069,0.0000,0.0000,0.0000,0.0068,0.0000,200,6.5502
0.0066,0.0000,0.0000,0.0000,0.0065,0.0001,200,6.5569
0.0068,0.0000,0.0000,0.0000,0.0067,0.0000,200,6.5568
0.0066,0.0000,0.0000,0.0000,0.0065,0.0000,200,6.5571
0.0066,0.0000,0.0000,0.0000,0.0065,0.0000,200,6.5571
0.0066,0.0000,0.0000,0.0000,0.0065,0.0001,200,6.5637
0.0069,0.0000,0.0000,0.0000,0.0068,0.0000,200,6.5635
0.0068,0.0000,0.0000,0.0000,0.0068,0.0000,200,6.5636
0.0071,0.0000,0.0000,0.0000,0.0070,0.0000,200,6.5637
0.0071,0.0000,0.0000,0.0000,0.0070,0.0001,200,6.5704
0.0068,0.0000,0.0000,0.0000,0.0067,0.0000,200,6.5708
0.0073,0.0000,0.0000,0.0000,0.0072,0.0000,200,6.5703
0.0077,0.0000,0.0000,0.0000,0.0076,0.0000,200,6.5702
0.0067,0.0000,0.0000,0.0000,0.0066,0.0001,200,6.5776
0.0068,0.0000,0.0000,0.0000,0.0067,0.0001,200,6.5775
0.0064,0.0000,0.0000,0.0000,0.0063,0.0000,200,6.5779
0.0068,0.0000,0.0000,0.0000,0.0067,0.0001,200,6.5775
0.0067,0.0000,0.0000,0.0000,0.0066,0.0000,200,6.5843
0.0068,0.0000,0.0000,0.0000,0.0067,0.0000,200,6.5843
0.0068,0.0000,0.0000,0.0000,0.0067,0.0000,200,6.5843
0.0068,0.0000,0.0000,0.0000,0.0065,0.0003,200,6.5843
0.0066,0.0000,0.0000,0.0000,0.0065,0.0000,200,6.5910
0.0065,0.0000,0.0000,0.0000,0.0064,0.0001,200,6.5911
0.0065,0.0000,0.0000,0.0000,0.0064,0.0001,200,6.5911
0.0066,0.0000,0.0000,0.0000,0.0066,0.0000,200,6.5911
0.0066,0.0000,0.0000,0.0000,0.0065,0.0001,200,6.5976
0.0073,0.0000,0.0000,0.0000,0.0072,0.0000,200,6.5976
0.0074,0.0000,0.0000,0.0000,0.0074,0.0000,200,6.5976
0.0074,0.0000,0.0000,0.0000,0.0074,0.0000,200,6.5977
0.0067,0.0000,0.0000,0.0000,0.0066,0.0001,200,6.6049
0.0065,0.0000,0.0000,0.0000,0.0065,0.0001,200,6.6051
0.0067,0.0000,0.0000,0.0000,0.0067,0.0000,200,6.6050
0.0078,0.0000,0.0000,0.0000,0.0077,0.0000,200,6.6042
0.0080,0.0000,0.0000,0.0000,0.0079,0.0001,200,6.6117
0.0079,0.0000,0.0000,0.0000,0.0078,0.0000,200,6.6120
0.0089,0.0000,0.0000,0.0000,0.0088,0.0000,200,6.6116
0.0089,0.0000,0.0000,0.0000,0.0088,0.0001,200,6.6117
0.0070,0.0000,0.0000,0.0000,0.0069,0.0001,200,6.6198
0.0069,0.0000,0.0000,0.0000,0.0068,0.0001,200,6.6199
0.0066,0.0000,0.0000,0.0000,0.0066,0.0000,200,6.6206
0.0073,0.0000,0.0000,0.0000,0.0072,0.0000,200,6.6205
0.0068,0.0000,0.0000,0.0000,0.0066,0.0001,200,6.6267
0.0065,0.0000,0.0000,0.0000,0.0065,0.0000,200,6.6272
0.0073,0.0000,0.0000,0.0000,0.0070,0.0002,200,6.6267
0.0064,0.0000,0.0000,0.0000,0.0063,0.0000,200,6.6278
0.0069,0.0000,0.0000,0.0000,0.0068,0.0000,200,6.6340
0.0075,0.0000,0.0000,0.0000,0.0073,0.0002,200,6.6335
0.0069,0.0000,0.0000,0.0000,0.0065,0.0004,200,6.6342
0.0078,0.0000,0.0000,0.0000,0.0069,0.0008,200,6.6338
0.0071,0.0000,0.0000,0.0000,0.0070,0.0001,200,6.6409
0.0071,0.0000,0.0000,0.0000,0.0071,0.0000,200,6.6411
0.0073,0.0000,0.0000,0.0000,0.0072,0.0001,200,6.6410
0.0078,0.0000,0.0000,0.0000,0.0077,0.0000,200,6.6416
0.0068,0.0000,0.0000,0.0000,0.0067,0.0001,200,6.6482
0.0071,0.0000,0.0000,0.0000,0.0070,0.0000,200,6.6480
0.0075,0.0000,0.0000,0.0000,0.0074,0.0001,200,6.6494
0.0086,0.0000,0.0000,0.0000,0.0085,0.0000,200,6.6483
0.0067,0.0000,0.0000,0.0000,0.0066,0.0001,200,6.6550
0.0072,0.0000,0.0000,0.0000,0.0071,0.0000,200,6.6551
0.0064,0.0000,0.0000,0.0000,0.0063,0.0000,200,6.6569
0.0066,0.0000,0.0000,0.0000,0.0065,0.0000,200,6.6569
0.0067,0.0000,0.0000,0.0000,0.0066,0.0001,200,6.6617
0.0067,0.0000,0.0000,0.0000,0.0065,0.0002,200,6.6623
0.0065,0.0000,0.0000,0.0000,0.0064,0.0001,200,6.6633
0.0064,0.0000,0.0000,0.0000,0.0063,0.0000,200,6.6635
0.0072,0.0000,0.0000,0.0000,0.0069,0.0002,200,6.6684
0.0065,0.0000,0.0000,0.0000,0.0065,0.0000,200,6.6699
0.0066,0.0000,0.0000,0.0000,0.0066,0.0000,200,6.6698
0.0074,0.0000,0.0000,0.0000,0.0073,0.0001,200,6.6690
0.0068,0.0000,0.0000,0.0001,0.0066,0.0001,200,6.6757
0.0065,0.0000,0.0000,0.0000,0.0064,0.0000,200,6.6764
0.0073,0.0000,0.0000,0.0000,0.0072,0.0000,200,6.6764
0.0073,0.0000,0.0000,0.0000,0.0065,0.0007,200,6.6764
0.0068,0.0000,0.0000,0.0000,0.0067,0.0001,200,6.6825
0.0064,0.0000,0.0000,0.0000,0.0064,0.0000,200,6.6829
0.0065,0.0000,0.0000,0.0000,0.0064,0.0001,200,6.6837
0.0066,0.0000,0.0000,0.0000,0.0065,0.0000,200,6.6837
0.0067,0.0000,0.0000,0.0000,0.0066,0.0001,200,6.6894
0.0067,0.0000,0.0000,0.0000,0.0066,0.0001,200,6.6893
0.0063,0.0000,0.0000,0.0000,0.0062,0.0000,200,6.6902
0.0086,0.0000,0.0000,0.0000,0.0085,0.0000,200,6.6903
0.0066,0.0000,0.0000,0.0000,0.0065,0.0000,200,6.6960
0.0068,0.0000,0.0000,0.0000,0.0067,0.0001,200,6.6960
0.0064,0.0000,0.0000,0.0000,0.0063,0.0000,200,6.6965
0.0064,0.0000,0.0000,0.0000,0.0063,0.0001,200,6.6989
0.0067,0.0000,0.0000,0.0000,0.0066,0.0001,200,6.7026
0.0081,0.0000,0.0000,0.0000,0.0080,0.0000,200,6.7029
0.0082,0.0000,0.0000,0.0000,0.0081,0.0001,200,6.7028
0.0065,0.0000,0.0000,0.0000,0.0064,0.0001,200,6.7053
0.0067,0.0000,0.0000,0.0000,0.0066,0.0001,200,6.7093
0.0065,0.0000,0.0000,0.0000,0.0064,0.0000,200,6.7110
0.0066,0.0000,0.0000,0.0000,0.0065,0.0001,200,6.7118
0.0076,0.0000,0.0000,0.0000,0.0076,0.0000,200,6.7110
0.0065,0.0000,0.0000,0.0000,0.0064,0.0001,200,6.7160
0.0064,0.0000,0.0000,0.0000,0.0063,0.0001,200,6.7175
0.0063,0.0000,0.0000,0.0000,0.0062,0.0000,200,6.7186
0.0065,0.0000,0.0000,0.0000,0.0064,0.0000,200,6.7184
0.0068,0.0000,0.0000,0.0000,0.0066,0.0001,200,6.7225
0.0076,0.0000,0.0000,0.0000,0.0075,0.0001,200,6.7239
0.0068,0.0000,0.0000,0.0000,0.0067,0.0000,200,6.7249
0.0068,0.0000,0.0000,0.0000,0.0067,0.0000,200,6.7249
0.0068,0.0000,0.0000,0.0000,0.0067,0.0001,200,6.7293
0.0069,0.0000,0.0000,0.0000,0.0068,0.0000,200,6.7315
0.0066,0.0000,0.0000,0.0000,0.0066,0.0000,200,6.7317
0.0067,0.0000,0.0000,0.0000,0.0066,0.0000,200,6.7317
0.0068,0.0000,0.0000,0.0000,0.0067,0.0001,200,6.7362
0.0072,0.0000,0.0000,0.0000,0.0071,0.0001,200,6.7384
0.0072,0.0000,0.0000,0.0000,0.0071,0.0001,200,6.7384
0.0073,0.0000,0.0000,0.0000,0.0072,0.0000,200,6.7384
0.0072,0.0000,0.0000,0.0000,0.0071,0.0001,200,6.7430
0.0073,0.0000,0.0000,0.0000,0.0072,0.0001,200,6.7456
0.0075,0.0000,0.0000,0.0000,0.0074,0.0001,200,6.7457
0.0078,0.0000,0.0000,0.0000,0.0077,0.0000,200,6.7456
0.0067,0.0000,0.0000,0.0000,0.0066,0.0001,200,6.7502
0.0068,0.0000,0.0000,0.0000,0.0067,0.0001,200,6.7531
0.0068,0.0000,0.0000,0.0000,0.0067,0.0001,200,6.7533
0.0076,0.0000,0.0000,0.0000,0.0075,0.0000,200,6.7529
0.0067,0.0000,0.0000,0.0000,0.0066,0.0001,200,6.7569
0.0070,0.0000,0.0000,0.0000,0.0068,0.0001,200,6.7601
0.0071,0.0000,0.0000,0.0000,0.0070,0.0000,200,6.7600
0.0067,0.0000,0.0000,0.0000,0.0067,0.0000,200,6.7605
0.0066,0.0000,0.0000,0.0000,0.0065,0.0001,200,6.7636
0.0067,0.0000,0.0000,0.0000,0.0066,0.0000,200,6.7671
0.0067,0.0000,0.0000,0.0000,0.0066,0.0000,200,6.7671
0.0066,0.0000,0.0000,0.0000,0.0064,0.0001,200,6.7672
0.0064,0.0000,0.0000,0.0000,0.0063,0.0001,200,6.7702
0.0066,0.0000,0.0000,0.0000,0.0064,0.0000,200,6.7738
0.0066,0.0000,0.0000,0.0000,0.0066,0.0000,200,6.7738
0.0069,0.0000,0.0000,0.0000,0.0064,0.0005,200,6.7738
0.0067,0.0000,0.0000,0.0000,0.0065,0.0001,200,6.7766
0.0070,0.0000,0.0000,0.0000,0.0063,0.0001,200,6.7804
0.0072,0.0000,0.0000,0.0000,0.0072,0.0000,200,6.7804
0.0082,0.0000,0.0000,0.0000,0.0081,0.0000,200,6.7808
0.0077,0.0000,0.0000,0.0000,0.0076,0.0000,200,6.7833
0.0066,0.0000,0.0000,0.0000,0.0065,0.0001,200,6.7873
0.0064,0.0000,0.0000,0.0000,0.0063,0.0001,200,6.7877
0.0064,0.0000,0.0000,0.0000,0.0063,0.0000,200,6.7890
0.0065,0.0000,0.0000,0.0000,0.0064,0.0000,200,6.7909
0.0063,0.0000,0.0000,0.0000,0.0062,0.0000,200,6.7939
0.0065,0.0000,0.0000,0.0000,0.0064,0.0000,200,6.7941
0.0065,0.0000,0.0000,0.0000,0.0064,0.0001,200,6.7954
0.0065,0.0000,0.0000,0.0000,0.0064,0.0001,200,6.7974
0.0067,0.0000,0.0000,0.0000,0.0066,0.0001,200,6.8002
0.0066,0.0000,0.0000,0.0000,0.0065,0.0000,200,6.8006
0.0062,0.0000,0.0000,0.0000,0.0062,0.0000,200,6.8019
0.0067,0.0000,0.0000,0.0000,0.0066,0.0001,200,6.8039
0.0067,0.0000,0.0000,0.0000,0.0066,0.0001,200,6.8082
0.0079,0.0000,0.0000,0.0000,0.0078,0.0000,200,6.8070
0.0077,0.0000,0.0000,0.0000,0.0076,0.0001,200,6.8072
0.0073,0.0000,0.0000,0.0000,0.0072,0.0001,200,6.8106
0.0068,0.0000,0.0000,0.0000,0.0066,0.0001,200,6.8149
0.0069,0.0000,0.0000,0.0000,0.0068,0.0000,200,6.8149
0.0071,0.0000,0.0000,0.0000,0.0070,0.0000,200,6.8149
0.0067,0.0000,0.0000,0.0000,0.0066,0.0001,200,6.8179
0.0066,0.0000,0.0000,0.0000,0.0065,0.0000,200,6.8218
0.0065,0.0000,0.0000,0.0000,0.0064,0.0001,200,6.8220
0.0069,0.0000,0.0000,0.0000,0.0068,0.0000,200,6.8217
0.0084,0.0000,0.0000,0.0000,0.0082,0.0001,200,6.8246
0.0067,0.0000,0.0000,0.0000,0.0066,0.0001,200,6.8285
0.0068,0.0000,0.0000,0.0000,0.0067,0.0000,200,6.8286
0.0074,0.0000,0.0000,0.0000,0.0070,0.0003,200,6.8285
0.0071,0.0000,0.0000,0.0000,0.0070,0.0001,200,6.8330
0.0067,0.0000,0.0000,0.0000,0.0066,0.0001,200,6.8352
0.0066,0.0000,0.0000,0.0000,0.0065,0.0001,200,6.8354
0.0065,0.0000,0.0000,0.0000,0.0064,0.0000,200,6.8358
0.0066,0.0000,0.0000,0.0000,0.0065,0.0001,200,6.8401
0.0067,0.0000,0.0000,0.0000,0.0066,0.0001,200,6.8419
0.0068,0.0000,0.0000,0.0000,0.0067,0.0000,200,6.8420
0.0063,0.0000,0.0000,0.0000,0.0063,0.0000,200,6.8424
0.0065,0.0000,0.0000,0.0000,0.0064,0.0001,200,6.8467
0.0065,0.0000,0.0000,0.0000,0.0064,0.0000,200,6.8486
0.0064,0.0000,0.0000,0.0000,0.0063,0.0000,200,6.8487
0.0064,0.0000,0.0000,0.0000,0.0063,0.0000,200,6.8487
0.0073,0.0000,0.0000,0.0000,0.0072,0.0001,200,6.8532
0.0062,0.0000,0.0000,0.0000,0.0062,0.0001,200,6.8551
0.0063,0.0000,0.0000,0.0000,0.0062,0.0000,200,6.8551
0.0064,0.0000,0.0000,0.0000,0.0064,0.0000,200,6.8551
0.0076,0.0000,0.0000,0.0000,0.0075,0.0001,200,6.8604
0.0068,0.0000,0.0000,0.0000,0.0067,0.0000,200,6.8614
0.0069,0.0000,0.0000,0.0000,0.0067,0.0001,200,6.8614
0.0073,0.0000,0.0000,0.0000,0.0071,0.0001,200,6.8616
0.0069,0.0000,0.0000,0.0000,0.0067,0.0001,200,6.8680
0.0085,0.0000,0.0000,0.0000,0.0085,0.0000,200,6.8682
0.0084,0.0000,0.0000,0.0000,0.0083,0.0001,200,6.8683
0.0079,0.0000,0.0000,0.0000,0.0078,0.0001,200,6.8688
0.0084,0.0000,0.0000,0.0000,0.0083,0.0001,200,6.8749
0.0067,0.0000,0.0000,0.0000,0.0066,0.0000,200,6.8767
0.0067,0.0000,0.0000,0.0000,0.0066,0.0000,200,6.8767
0.0067,0.0000,0.0000,0.0000,0.0066,0.0000,200,6.8767
0.0066,0.0000,0.0000,0.0000,0.0064,0.0001,200,6.8833
0.0066,0.0000,0.0000,0.0000,0.0065,0.0000,200,6.8834
0.0066,0.0000,0.0000,0.0000,0.0065,0.0000,200,6.8834
0.0066,0.0000,0.0000,0.0000,0.0065,0.0000,200,6.8834
0.0066,0.0000,0.0000,0.0000,0.0065,0.0001,200,6.8899
0.0066,0.0000,0.0000,0.0000,0.0065,0.0000,200,6.8900
0.0066,0.0000,0.0000,0.0000,0.0065,0.0001,200,6.8899
0.0067,0.0000,0.0000,0.0000,0.0066,0.0000,200,6.8899
0.0066,0.0000,0.0000,0.0000,0.0065,0.0001,200,6.8965
0.0065,0.0000,0.0000,0.0000,0.0064,0.0001,200,6.8966
0.0066,0.0000,0.0000,0.0000,0.0065,0.0000,200,6.8965
0.0066,0.0000,0.0000,0.0000,0.0065,0.0001,200,6.8965
0.0067,0.0000,0.0000,0.0000,0.0066,0.0001,200,6.9031
0.0067,0.0000,0.0000,0.0000,0.0066,0.0001,200,6.9031
0.0067,0.0000,0.0000,0.0000,0.0066,0.0001,200,6.9031
0.0067,0.0000,0.0000,0.0000,0.0067,0.0000,200,6.9031
0.0067,0.0000,0.0000,0.0000,0.0066,0.0001,200,6.9098
0.0067,0.0000,0.0000,0.0000,0.0066,0.0001,200,6.9098
0.0067,0.0000,0.0000,0.0000,0.0066,0.0001,200,6.9098
0.0082,0.0000,0.0000,0.0000,0.0079,0.0002,200,6.9098
0.0080,0.0000,0.0000,0.0001,0.0073,0.0001,200,6.9165
0.0080,0.0000,0.0000,0.0004,0.0072,0.0000,200,6.9166
0.0065,0.0000,0.0000,0.0000,0.0064,0.0001,200,6.9180
0.0081,0.0000,0.0000,0.0001,0.0075,0.0001,200,6.9165
0.0067,0.0000,0.0000,0.0000,0.0065,0.0001,200,6.9246
0.0067,0.0000,0.0000,0.0000,0.0066,0.0000,200,6.9246
0.0067,0.0000,0.0000,0.0000,0.0066,0.0000,200,6.9246
0.0068,0.0000,0.0000,0.0000,0.0067,0.0000,200,6.9247
0.0067,0.0000,0.0000,0.0000,0.0066,0.0001,200,6.9313
0.0071,0.0000,0.0000,0.0000,0.0070,0.0000,200,6.9313
0.0069,0.0000,0.0000,0.0000,0.0069,0.0000,200,6.9314
0.0096,0.0000,0.0000,0.0000,0.0095,0.0000,200,6.9313
0.0064,0.0000,0.0000,0.0000,0.0063,0.0001,200,6.9380
0.0063,0.0000,0.0000,0.0000,0.0063,0.0000,200,6.9384
0.0064,0.0000,0.0000,0.0000,0.0063,0.0000,200,6.9384
0.0064,0.0000,0.0000,0.0000,0.0064,0.0000,200,6.9409
0.0065,0.0000,0.0000,0.0000,0.0064,0.0001,200,6.9444
0.0062,0.0000,0.0000,0.0000,0.0061,0.0001,200,6.9447
0.0065,0.0000,0.0000,0.0000,0.0065,0.0000,200,6.9447
0.0067,0.0000,0.0000,0.0000,0.0065,0.0002,200,6.9473
0.0067,0.0000,0.0000,0.0000,0.0066,0.0001,200,6.9510
0.0066,0.0000,0.0000,0.0000,0.0066,0.0000,200,6.9513
0.0077,0.0000,0.0000,0.0000,0.0076,0.0000,200,6.9510
0.0066,0.0000,0.0000,0.0000,0.0065,0.0001,200,6.9541
0.0067,0.0000,0.0000,0.0000,0.0066,0.0001,200,6.9577
0.0072,0.0000,0.0000,0.0000,0.0071,0.0001,200,6.9579
0.0065,0.0000,0.0000,0.0000,0.0065,0.0000,200,6.9586
0.0069,0.0000,0.0000,0.0000,0.0068,0.0001,200,6.9607
0.0065,0.0000,0.0000,0.0000,0.0064,0.0000,200,6.9651
0.0072,0.0000,0.0000,0.0000,0.0071,0.0001,200,6.9644
0.0070,0.0000,0.0000,0.0000,0.0069,0.0000,200,6.9652
0.0065,0.0000,0.0000,0.0000,0.0064,0.0001,200,6.9676
0.0067,0.0000,0.0000,0.0000,0.0066,0.0001,200,6.9716
0.0069,0.0000,0.0000,0.0000,0.0068,0.0000,200,6.9716
0.0066,0.0000,0.0000,0.0000,0.0065,0.0000,200,6.9721
0.0067,0.0000,0.0000,0.0000,0.0066,0.0000,200,6.9741
0.0064,0.0000,0.0000,0.0000,0.0063,0.0001,200,6.9783
0.0071,0.0000,0.0000,0.0000,0.0070,0.0000,200,6.9784
0.0068,0.0000,0.0000,0.0000,0.0067,0.0000,200,6.9787
0.0063,0.0000,0.0000,0.0000,0.0061,0.0001,200,6.9808
0.0067,0.0000,0.0000,0.0000,0.0066,0.0001,200,6.9855
0.0067,0.0000,0.0000,0.0000,0.0066,0.0000,200,6.9855
0.0083,0.0000,0.0000,0.0000,0.0082,0.0000,200,6.9847
0.0090,0.0000,0.0000,0.0000,0.0089,0.0001,200,6.9870
0.0068,0.0000,0.0000,0.0000,0.0067,0.0001,200,6.9922
0.0068,0.0000,0.0000,0.0000,0.0067,0.0001,200,6.9922
0.0068,0.0000,0.0000,0.0000,0.0067,0.0000,200,6.9930
0.0092,0.0000,0.0000,0.0000,0.0091,0.0001,200,6.9960
0.0067,0.0000,0.0000,0.0000,0.0066,0.0000,200,6.9990
0.0072,0.0000,0.0000,0.0000,0.0071,0.0000,200,6.9990
0.0064,0.0000,0.0000,0.0000,0.0064,0.0000,200,6.9998
0.0069,0.0000,0.0000,0.0000,0.0068,0.0001,200,7.0052
0.0090,0.0000,0.0000,0.0000,0.0088,0.0001,200,7.0057
0.0085,0.0000,0.0000,0.0000,0.0084,0.0001,200,7.0062
0.0088,0.0000,0.0000,0.0000,0.0087,0.0000,200,7.0062
0.0074,0.0000,0.0000,0.0000,0.0072,0.0001,200,7.0121
0.0072,0.0000,0.0000,0.0000,0.0071,0.0000,200,7.0147
0.0073,0.0000,0.0000,0.0000,0.0072,0.0000,200,7.0147
0.0072,0.0000,0.0000,0.0000,0.0067,0.0004,200,7.0150
0.0075,0.0000,0.0000,0.0000,0.0073,0.0001,200,7.0195
0.0068,0.0000,0.0000,0.0000,0.0067,0.0001,200,7.0221
0.0071,0.0000,0.0000,0.0000,0.0070,0.0000,200,7.0220
0.0073,0.0000,0.0000,0.0000,0.0072,0.0000,200,7.0219
0.0070,0.0000,0.0000,0.0000,0.0068,0.0001,200,7.0269
0.0075,0.0000,0.0000,0.0000,0.0074,0.0000,200,7.0290
0.0074,0.0000,0.0000,0.0000,0.0073,0.0000,200,7.0291
0.0074,0.0000,0.0000,0.0000,0.0073,0.0000,200,7.0291
0.0089,0.0000,0.0000,0.0001,0.0086,0.0001,200,7.0339
0.0067,0.0000,0.0000,0.0000,0.0066,0.0000,200,7.0365
0.0069,0.0000,0.0000,0.0000,0.0068,0.0000,200,7.0365
0.0070,0.0000,0.0000,0.0000,0.0069,0.0000,200,7.0365
0.0068,0.0000,0.0000,0.0000,0.0066,0.0001,200,7.0428
0.0069,0.0000,0.0000,0.0000,0.0068,0.0000,200,7.0432
0.0068,0.0000,0.0000,0.0000,0.0067,0.0000,200,7.0434
0.0072,0.0000,0.0000,0.0000,0.0071,0.0000,200,7.0435
0.0068,0.0000,0.0000,0.0000,0.0067,0.0001,200,7.0495
0.0066,0.0000,0.0000,0.0000,0.0066,0.0001,200,7.0501
0.0067,0.0000,0.0000,0.0000,0.0066,0.0000,200,7.0501
0.0065,0.0000,0.0000,0.0000,0.0065,0.0000,200,7.0507
0.0066,0.0000,0.0000,0.0000,0.0065,0.0001,200,7.0568
0.0071,0.0000,0.0000,0.0000,0.0070,0.0001,200,7.0563
0.0066,0.0000,0.0000,0.0000,0.0065,0.0001,200,7.0568
0.0064,0.0000,0.0000,0.0000,0.0063,0.0000,200,7.0572
0.0066,0.0000,0.0000,0.0000,0.0065,0.0001,200,7.0634
0.0066,0.0000,0.0000,0.0000,0.0065,0.0000,200,7.0634
0.0066,0.0000,0.0000,0.0000,0.0066,0.0000,200,7.0634
0.0065,0.0000,0.0000,0.0000,0.0064,0.0000,200,7.0636
0.0069,0.0000,0.0000,0.0000,0.0068,0.0001,200,7.0700
0.0072,0.0000,0.0000,0.0000,0.0071,0.0000,200,7.0701
0.0074,0.0000,0.0000,0.0000,0.0073,0.0000,200,7.0701
0.0083,0.0000,0.0000,0.0000,0.0081,0.0001,200,7.0700
0.0069,0.0000,0.0000,0.0000,0.0068,0.0001,200,7.0774
0.0075,0.0000,0.0000,0.0000,0.0074,0.0001,200,7.0770
0.0076,0.0000,0.0000,0.0000,0.0075,0.0000,200,7.0772
0.0066,0.0000,0.0000,0.0000,0.0065,0.0000,200,7.0783
0.0066,0.0000,0.0000,0.0000,0.0065,0.0001,200,7.0848
0.0065,0.0000,0.0000,0.0000,0.0064,0.0001,200,7.0849
0.0071,0.0000,0.0000,0.0000,0.0070,0.0000,200,7.0843
0.0070,0.0000,0.0000,0.0000,0.0068,0.0001,200,7.0845
0.0070,0.0000,0.0000,0.0000,0.0069,0.0001,200,7.0914
0.0073,0.0000,0.0000,0.0000,0.0071,0.0001,200,7.0914
0.0073,0.0000,0.0000,0.0000,0.0072,0.0000,200,7.0914
0.0073,0.0000,0.0000,0.0000,0.0072,0.0000,200,7.0914
0.0065,0.0000,0.0000,0.0000,0.0064,0.0001,200,7.0987
0.0067,0.0000,0.0000,0.0000,0.0066,0.0000,200,7.0987
0.0066,0.0000,0.0000,0.0000,0.0066,0.0000,200,7.0988
0.0070,0.0000,0.0000,0.0000,0.0069,0.0000,200,7.0984
0.0070,0.0000,0.0000,0.0000,0.0069,0.0001,200,7.1053
0.0070,0.0000,0.0000,0.0000,0.0070,0.0000,200,7.1054
0.0071,0.0000,0.0000,0.0000,0.0071,0.0000,200,7.1054
0.0074,0.0000,0.0000,0.0000,0.0073,0.0000,200,7.1054
0.0073,0.0000,0.0000,0.0000,0.0072,0.0000,200,7.1128
0.0076,0.0000,0.0000,0.0000,0.0075,0.0001,200,7.1124
0.0076,0.0000,0.0000,0.0000,0.0075,0.0001,200,7.1125
0.0082,0.0000,0.0000,0.0000,0.0081,0.0000,200,7.1123
0.0076,0.0000,0.0000,0.0000,0.0075,0.0001,200,7.1200
0.0078,0.0000,0.0000,0.0000,0.0077,0.0000,200,7.1200
0.0078,0.0000,0.0000,0.0000,0.0078,0.0000,200,7.1201
0.0083,0.0000,0.0000,0.0000,0.0082,0.0001,200,7.1205
0.0075,0.0000,0.0000,0.0000,0.0074,0.0001,200,7.1277
0.0073,0.0000,0.0000,0.0000,0.0072,0.0001,200,7.1279
0.0074,0.0000,0.0000,0.0000,0.0074,0.0000,200,7.1279
0.0073,0.0000,0.0000,0.0000,0.0064,0.0001,200,7.1288
0.0067,0.0000,0.0000,0.0000,0.0066,0.0001,200,7.1360
0.0073,0.0000,0.0000,0.0000,0.0072,0.0001,200,7.1354
0.0076,0.0000,0.0000,0.0000,0.0075,0.0000,200,7.1352
0.0076,0.0000,0.0000,0.0000,0.0076,0.0000,200,7.1352
0.0069,0.0000,0.0000,0.0000,0.0068,0.0001,200,7.1427
0.0070,0.0000,0.0000,0.0000,0.0069,0.0000,200,7.1427
0.0070,0.0000,0.0000,0.0000,0.0069,0.0000,200,7.1427
0.0069,0.0000,0.0000,0.0000,0.0067,0.0001,200,7.1428
0.0066,0.0000,0.0000,0.0000,0.0065,0.0001,200,7.1497
0.0066,0.0000,0.0000,0.0000,0.0066,0.0000,200,7.1497
0.0066,0.0000,0.0000,0.0000,0.0065,0.0001,200,7.1497
0.0067,0.0000,0.0000,0.0000,0.0066,0.0000,200,7.1497
0.0064,0.0000,0.0000,0.0000,0.0063,0.0001,200,7.1563
0.0065,0.0000,0.0000,0.0000,0.0064,0.0001,200,7.1562
0.0064,0.0000,0.0000,0.0000,0.0063,0.0001,200,7.1563
0.0065,0.0000,0.0000,0.0000,0.0065,0.0000,200,7.1563
0.0065,0.0000,0.0000,0.0000,0.0064,0.0001,200,7.1628
0.0067,0.0000,0.0000,0.0000,0.0066,0.0000,200,7.1627
0.0067,0.0000,0.0000,0.0000,0.0066,0.0000,200,7.1627
0.0067,0.0000,0.0000,0.0000,0.0066,0.0000,200,7.1627
0.0069,0.0000,0.0000,0.0000,0.0068,0.0001,200,7.1693
0.0068,0.0000,0.0000,0.0000,0.0068,0.0000,200,7.1694
0.0069,0.0000,0.0000,0.0000,0.0068,0.0000,200,7.1694
0.0069,0.0000,0.0000,0.0000,0.0068,0.0001,200,7.1694
0.0067,0.0000,0.0000,0.0000,0.0066,0.0001,200,7.1763
0.0067,0.0000,0.0000,0.0000,0.0066,0.0002,200,7.1763
0.0068,0.0000,0.0000,0.0000,0.0067,0.0000,200,7.1762
0.0075,0.0000,0.0000,0.0000,0.0075,0.0000,200,7.1762
0.0070,0.0000,0.0000,0.0000,0.0069,0.0001,200,7.1830
0.0069,0.0000,0.0000,0.0000,0.0069,0.0001,200,7.1830
0.0070,0.0000,0.0000,0.0000,0.0069,0.0000,200,7.1830
0.0065,0.0000,0.0000,0.0000,0.0064,0.0000,200,7.1838
0.0066,0.0000,0.0000,0.0000,0.0065,0.0001,200,7.1900
0.0067,0.0000,0.0000,0.0000,0.0066,0.0000,200,7.1900
0.0064,0.0000,0.0000,0.0000,0.0063,0.0000,200,7.1903
0.0067,0.0000,0.0000,0.0000,0.0066,0.0000,200,7.1900
0.0065,0.0000,0.0000,0.0000,0.0064,0.0000,200,7.1966
0.0065,0.0000,0.0000,0.0000,0.0064,0.0000,200,7.1967
0.0065,0.0000,0.0000,0.0000,0.0064,0.0001,200,7.1966
0.0065,0.0000,0.0000,0.0000,0.0064,0.0001,200,7.1966
0.0067,0.0000,0.0000,0.0000,0.0065,0.0001,200,7.2031
0.0067,0.0000,0.0000,0.0000,0.0066,0.0000,200,7.2031
0.0067,0.0000,0.0000,0.0000,0.0067,0.0000,200,7.2031
0.0067,0.0000,0.0000,0.0000,0.0067,0.0000,200,7.2032
0.0070,0.0000,0.0000,0.0000,0.0069,0.0000,200,7.2099
0.0070,0.0000,0.0000,0.0000,0.0069,0.0001,200,7.2099
0.0071,0.0000,0.0000,0.0000,0.0069,0.0001,200,7.2098
0.0070,0.0000,0.0000,0.0000,0.0070,0.0000,200,7.2099
0.0066,0.0000,0.0000,0.0000,0.0064,0.0001,200,7.2169
0.0068,0.0000,0.0000,0.0000,0.0067,0.0000,200,7.2169
0.0068,0.0000,0.0000,0.0000,0.0068,0.0000,200,7.2169
0.0069,0.0000,0.0000,0.0000,0.0069,0.0000,200,7.2169
0.0066,0.0000,0.0000,0.0000,0.0066,0.0000,200,7.2238
0.0066,0.0000,0.0000,0.0000,0.0065,0.0000,200,7.2238
0.0069,0.0000,0.0000,0.0000,0.0069,0.0000,200,7.2235
0.0067,0.0000,0.0000,0.0000,0.0066,0.0001,200,7.2237
0.0075,0.0000,0.0000,0.0000,0.0074,0.0001,200,7.2304
0.0074,0.0000,0.0000,0.0000,0.0074,0.0000,200,7.2305
0.0075,0.0000,0.0000,0.0000,0.0075,0.0000,200,7.2304
0.0076,0.0000,0.0000,0.0000,0.0074,0.0001,200,7.2304
0.0067,0.0000,0.0000,0.0000,0.0065,0.0001,200,7.2379
0.0067,0.0000,0.0000,0.0000,0.0066,0.0001,200,7.2379
0.0067,0.0000,0.0000,0.0000,0.0066,0.0000,200,7.2380
0.0070,0.0000,0.0000,0.0000,0.0069,0.0000,200,7.2379
0.0066,0.0000,0.0000,0.0000,0.0065,0.0001,200,7.2447
0.0068,0.0000,0.0000,0.0000,0.0067,0.0000,200,7.2446
0.0067,0.0000,0.0000,0.0000,0.0067,0.0000,200,7.2446
0.0064,0.0000,0.0000,0.0000,0.0064,0.0000,200,7.2449
0.0065,0.0000,0.0000,0.0000,0.0064,0.0001,200,7.2513
0.0066,0.0000,0.0000,0.0000,0.0065,0.0000,200,7.2513
0.0066,0.0000,0.0000,0.0001,0.0065,0.0000,200,7.2513
0.0070,0.0000,0.0000,0.0000,0.0069,0.0000,200,7.2513
0.0069,0.0000,0.0000,0.0000,0.0068,0.0001,200,7.2579
0.0069,0.0000,0.0000,0.0000,0.0068,0.0001,200,7.2579
0.0070,0.0000,0.0000,0.0000,0.0068,0.0001,200,7.2579
0.0066,0.0000,0.0000,0.0000,0.0065,0.0000,200,7.2583
0.0067,0.0000,0.0000,0.0000,0.0066,0.0001,200,7.2648
0.0067,0.0000,0.0000,0.0000,0.0066,0.0000,200,7.2648
0.0068,0.0000,0.0000,0.0000,0.0067,0.0000,200,7.2649
0.0069,0.0000,0.0000,0.0000,0.0068,0.0000,200,7.2648
0.0066,0.0000,0.0000,0.0000,0.0065,0.0000,200,7.2715
0.0066,0.0000,0.0000,0.0000,0.0065,0.0001,200,7.2715
0.0064,0.0000,0.0000,0.0000,0.0063,0.0001,200,7.2717
0.0068,0.0000,0.0000,0.0000,0.0067,0.0000,200,7.2717
0.0068,0.0000,0.0000,0.0000,0.0066,0.0001,200,7.2781
0.0066,0.0000,0.0000,0.0000,0.0065,0.0000,200,7.2785
0.0070,0.0000,0.0000,0.0000,0.0069,0.0000,200,7.2781
0.0070,0.0000,0.0000,0.0000,0.0069,0.0000,200,7.2781
0.0065,0.0000,0.0000,0.0000,0.0064,0.0000,200,7.2851
0.0067,0.0000,0.0000,0.0000,0.0067,0.0000,200,7.2849
0.0065,0.0000,0.0000,0.0000,0.0064,0.0000,200,7.2851
0.0065,0.0000,0.0000,0.0000,0.0064,0.0000,200,7.2851
0.0066,0.0000,0.0000,0.0000,0.0065,0.0001,200,7.2916
0.0068,0.0000,0.0000,0.0000,0.0067,0.0000,200,7.2916
0.0067,0.0000,0.0000,0.0000,0.0067,0.0000,200,7.2916
0.0067,0.0000,0.0000,0.0000,0.0067,0.0000,200,7.2916
0.0069,0.0000,0.0000,0.0000,0.0069,0.0000,200,7.2984
0.0071,0.0000,0.0000,0.0000,0.0071,0.0000,200,7.2983
0.0071,0.0000,0.0000,0.0000,0.0067,0.0003,200,7.2983
0.0096,0.0000,0.0000,0.0000,0.0095,0.0001,200,7.2983
0.0065,0.0000,0.0000,0.0000,0.0064,0.0001,200,7.3054
0.0066,0.0000,0.0000,0.0000,0.0065,0.0001,200,7.3053
0.0065,0.0000,0.0000,0.0000,0.0064,0.0000,200,7.3054
0.0065,0.0000,0.0000,0.0000,0.0064,0.0001,200,7.3080
0.0067,0.0000,0.0000,0.0000,0.0066,0.0001,200,7.3119
0.0069,0.0000,0.0000,0.0000,0.0068,0.0000,200,7.3119
0.0070,0.0000,0.0000,0.0000,0.0069,0.0000,200,7.3119
0.0078,0.0000,0.0000,0.0000,0.0076,0.0001,200,7.3144
0.0064,0.0000,0.0000,0.0000,0.0063,0.0000,200,7.3188
0.0063,0.0000,0.0000,0.0000,0.0063,0.0000,200,7.3189
0.0067,0.0000,0.0000,0.0000,0.0065,0.0002,200,7.3186
0.0065,0.0000,0.0000,0.0000,0.0064,0.0001,200,7.3222
0.0066,0.0000,0.0000,0.0000,0.0065,0.0000,200,7.3252
0.0065,0.0000,0.0000,0.0000,0.0064,0.0000,200,7.3253
0.0066,0.0000,0.0000,0.0000,0.0063,0.0002,200,7.3253
0.0066,0.0000,0.0000,0.0000,0.0065,0.0001,200,7.3287
0.0064,0.0000,0.0000,0.0000,0.0063,0.0001,200,7.3319
0.0066,0.0000,0.0000,0.0000,0.0065,0.0001,200,7.3317
0.0066,0.0000,0.0000,0.0000,0.0066,0.0000,200,7.3318
0.0071,0.0000,0.0000,0.0000,0.0070,0.0001,200,7.3353
0.0066,0.0000,0.0000,0.0000,0.0065,0.0001,200,7.3384
0.0068,0.0000,0.0000,0.0000,0.0067,0.0000,200,7.3383
0.0097,0.0000,0.0000,0.0000,0.0096,0.0001,200,7.3383
0.0065,0.0000,0.0000,0.0000,0.0064,0.0000,200,7.3424
0.0068,0.0000,0.0000,0.0000,0.0066,0.0001,200,7.3451
0.0070,0.0000,0.0000,0.0000,0.0069,0.0001,200,7.3450
0.0079,0.0000,0.0000,0.0000,0.0078,0.0001,200,7.3480
0.0071,0.0000,0.0000,0.0000,0.0070,0.0000,200,7.3489
0.0082,0.0000,0.0000,0.0000,0.0081,0.0001,200,7.3520
0.0085,0.0000,0.0000,0.0000,0.0084,0.0000,200,7.3519
0.0070,0.0000,0.0000,0.0000,0.0069,0.0001,200,7.3560
0.0072,0.0000,0.0000,0.0000,0.0071,0.0000,200,7.3559
0.0077,0.0000,0.0000,0.0000,0.0076,0.0000,200,7.3602
0.0075,0.0000,0.0000,0.0000,0.0074,0.0000,200,7.3604
0.0070,0.0000,0.0000,0.0000,0.0069,0.0000,200,7.3630
0.0108,0.0000,0.0000,0.0000,0.0107,0.0001,200,7.3631
0.0065,0.0000,0.0000,0.0000,0.0064,0.0001,200,7.3679
0.0066,0.0000,0.0000,0.0000,0.0065,0.0000,200,7.3679
0.0072,0.0000,0.0000,0.0000,0.0071,0.0001,200,7.3700
0.0066,0.0000,0.0000,0.0000,0.0065,0.0001,200,7.3739
0.0067,0.0000,0.0000,0.0000,0.0066,0.0001,200,7.3772
0.0096,0.0000,0.0000,0.0000,0.0095,0.0001,200,7.3744
0.0096,0.0000,0.0000,0.0000,0.0095,0.0000,200,7.3745
0.0075,0.0000,0.0000,0.0000,0.0074,0.0001,200,7.3805
0.0067,0.0000,0.0000,0.0000,0.0066,0.0001,200,7.3840
0.0071,0.0000,0.0000,0.0000,0.0070,0.0000,200,7.3840
0.0070,0.0000,0.0000,0.0000,0.0069,0.0000,200,7.3840
0.0073,0.0000,0.0000,0.0000,0.0072,0.0001,200,7.3880
0.0064,0.0000,0.0000,0.0000,0.0063,0.0001,200,7.3911
0.0064,0.0000,0.0000,0.0000,0.0063,0.0000,200,7.3911
0.0068,0.0000,0.0000,0.0000,0.0067,0.0000,200,7.3907
0.0063,0.0000,0.0000,0.0000,0.0062,0.0001,200,7.3953
0.0068,0.0000,0.0000,0.0000,0.0067,0.0000,200,7.3975
0.0068,0.0000,0.0000,0.0000,0.0067,0.0000,200,7.3975
0.0068,0.0000,0.0000,0.0000,0.0067,0.0000,200,7.3975
0.0064,0.0000,0.0000,0.0000,0.0063,0.0001,200,7.4015
0.0064,0.0000,0.0000,0.0000,0.0063,0.0001,200,7.4043
0.0069,0.0000,0.0000,0.0000,0.0068,0.0000,200,7.4043
0.0069,0.0000,0.0000,0.0000,0.0068,0.0000,200,7.4043
0.0066,0.0000,0.0000,0.0000,0.0065,0.0001,200,7.4080
0.0064,0.0000,0.0000,0.0000,0.0064,0.0000,200,7.4107
0.0062,0.0000,0.0000,0.0000,0.0062,0.0000,200,7.4111
0.0066,0.0000,0.0000,0.0000,0.0065,0.0000,200,7.4112
0.0074,0.0000,0.0000,0.0000,0.0072,0.0001,200,7.4146
0.0069,0.0000,0.0000,0.0000,0.0068,0.0001,200,7.4174
0.0073,0.0000,0.0000,0.0000,0.0072,0.0000,200,7.4171
0.0069,0.0000,0.0000,0.0000,0.0068,0.0000,200,7.4177
0.0090,0.0000,0.0000,0.0000,0.0088,0.0001,200,7.4220
0.0064,0.0000,0.0000,0.0000,0.0063,0.0001,200,7.4246
0.0066,0.0000,0.0000,0.0000,0.0066,0.0000,200,7.4244
0.0068,0.0000,0.0000,0.0000,0.0067,0.0000,200,7.4243
0.0070,0.0000,0.0000,0.0000,0.0069,0.0001,200,7.4311
0.0071,0.0000,0.0000,0.0000,0.0069,0.0001,200,7.4310
0.0071,0.0000,0.0000,0.0000,0.0071,0.0000,200,7.4310
0.0071,0.0000,0.0000,0.0000,0.0070,0.0001,200,7.4310
0.0068,0.0000,0.0000,0.0000,0.0067,0.0001,200,7.4380
0.0068,0.0000,0.0000,0.0000,0.0067,0.0001,200,7.4381
0.0069,0.0000,0.0000,0.0000,0.0067,0.0000,200,7.4380
0.0068,0.0000,0.0000,0.0000,0.0067,0.0000,200,7.4381
0.0066,0.0000,0.0000,0.0000,0.0065,0.0001,200,7.4449
0.0066,0.0000,0.0000,0.0000,0.0065,0.0001,200,7.4449
0.0066,0.0000,0.0000,0.0000,0.0066,0.0000,200,7.4449
0.0067,0.0000,0.0000,0.0000,0.0066,0.0000,200,7.4449
0.0075,0.0000,0.0000,0.0000,0.0074,0.0001,200,7.4515
0.0075,0.0000,0.0000,0.0000,0.0074,0.0001,200,7.4515
0.0074,0.0000,0.0000,0.0000,0.0074,0.0001,200,7.4516
0.0075,0.0000,0.0000,0.0000,0.0074,0.0001,200,7.4515
0.0068,0.0000,0.0000,0.0000,0.0067,0.0001,200,7.4590
0.0071,0.0000,0.0000,0.0000,0.0069,0.0001,200,7.4590
0.0072,0.0000,0.0000,0.0000,0.0067,0.0004,200,7.4590
0.0075,0.0000,0.0000,0.0000,0.0069,0.0005,200,7.4590
0.0072,0.0000,0.0000,0.0001,0.0067,0.0001,200,7.4658
0.0069,0.0000,0.0000,0.0000,0.0069,0.0000,200,7.4662
0.0068,0.0000,0.0000,0.0000,0.0067,0.0000,200,7.4665
0.0073,0.0000,0.0000,0.0000,0.0071,0.0000,200,7.4661
0.0073,0.0000,0.0000,0.0000,0.0071,0.0001,200,7.4733
0.0079,0.0000,0.0000,0.0000,0.0078,0.0000,200,7.4730
0.0076,0.0000,0.0000,0.0000,0.0074,0.0002,200,7.4734
0.0083,0.0000,0.0000,0.0000,0.0082,0.0000,200,7.4731
0.0068,0.0000,0.0000,0.0000,0.0066,0.0001,200,7.4805
0.0066,0.0000,0.0000,0.0000,0.0065,0.0000,200,7.4809
0.0065,0.0000,0.0000,0.0000,0.0064,0.0001,200,7.4810
0.0068,0.0000,0.0000,0.0000,0.0067,0.0001,200,7.4814
0.0067,0.0000,0.0000,0.0000,0.0066,0.0001,200,7.4874
0.0079,0.0000,0.0000,0.0000,0.0078,0.0001,200,7.4875
0.0086,0.0000,0.0000,0.0000,0.0085,0.0001,200,7.4881
0.0098,0.0000,0.0000,0.0000,0.0097,0.0000,200,7.4875
0.0073,0.0000,0.0000,0.0000,0.0072,0.0001,200,7.4941
0.0083,0.0000,0.0000,0.0000,0.0082,0.0001,200,7.4954
0.0071,0.0000,0.0000,0.0000,0.0070,0.0000,200,7.4968
0.0067,0.0000,0.0000,0.0000,0.0067,0.0000,200,7.4973
0.0068,0.0000,0.0000,0.0000,0.0067,0.0001,200,7.5014
0.0067,0.0000,0.0000,0.0000,0.0066,0.0001,200,7.5037
0.0067,0.0000,0.0000,0.0000,0.0067,0.0001,200,7.5040
0.0069,0.0000,0.0000,0.0001,0.0068,0.0000,200,7.5039
0.0070,0.0000,0.0000,0.0000,0.0069,0.0001,200,7.5082
0.0064,0.0000,0.0000,0.0000,0.0063,0.0001,200,7.5108
0.0068,0.0000,0.0000,0.0000,0.0067,0.0000,200,7.5104
0.0066,0.0000,0.0000,0.0000,0.0066,0.0000,200,7.5107
0.0069,0.0000,0.0000,0.0000,0.0068,0.0001,200,7.5152
0.0070,0.0000,0.0000,0.0000,0.0069,0.0001,200,7.5174
0.0072,0.0000,0.0000,0.0000,0.0071,0.0000,200,7.5172
0.0074,0.0000,0.0000,0.0000,0.0072,0.0001,200,7.5172
0.0069,0.0000,0.0000,0.0000,0.0068,0.0001,200,7.5221
0.0066,0.0000,0.0000,0.0000,0.0065,0.0001,200,7.5244
0.0068,0.0000,0.0000,0.0000,0.0068,0.0000,200,7.5244
0.0067,0.0000,0.0000,0.0000,0.0066,0.0001,200,7.5246
0.0068,0.0000,0.0000,0.0000,0.0067,0.0001,200,7.5291
0.0067,0.0000,0.0000,0.0000,0.0066,0.0000,200,7.5310
0.0064,0.0000,0.0000,0.0000,0.0063,0.0000,200,7.5312
0.0068,0.0000,0.0000,0.0000,0.0067,0.0000,200,7.5313
0.0071,0.0000,0.0000,0.0000,0.0069,0.0001,200,7.5359
0.0069,0.0000,0.0000,0.0000,0.0068,0.0000,200,7.5377
0.0065,0.0000,0.0000,0.0000,0.0064,0.0000,200,7.5381
0.0069,0.0000,0.0000,0.0000,0.0069,0.0000,200,7.5377
0.0068,0.0000,0.0000,0.0000,0.0067,0.0001,200,7.5430
0.0063,0.0000,0.0000,0.0000,0.0063,0.0000,200,7.5445
0.0063,0.0000,0.0000,0.0000,0.0062,0.0000,200,7.5446
0.0066,0.0000,0.0000,0.0000,0.0065,0.0000,200,7.5445
0.0069,0.0000,0.0000,0.0000,0.0068,0.0001,200,7.5498
0.0065,0.0000,0.0000,0.0000,0.0064,0.0000,200,7.5509
0.0065,0.0000,0.0000,0.0000,0.0065,0.0000,200,7.5511
0.0068,0.0000,0.0000,0.0000,0.0067,0.0000,200,7.5509
0.0067,0.0000,0.0000,0.0000,0.0066,0.0001,200,7.5567
0.0066,0.0000,0.0000,0.0000,0.0065,0.0001,200,7.5574
0.0064,0.0000,0.0000,0.0000,0.0063,0.0000,200,7.5576
0.0064,0.0000,0.0000,0.0000,0.0063,0.0000,200,7.5577
0.0071,0.0000,0.0000,0.0000,0.0070,0.0001,200,7.5634
0.0065,0.0000,0.0000,0.0000,0.0064,0.0000,200,7.5641
0.0065,0.0000,0.0000,0.0000,0.0065,0.0000,200,7.5640
0.0065,0.0000,0.0000,0.0000,0.0064,0.0000,200,7.5640
0.0066,0.0000,0.0000,0.0000,0.0065,0.0001,200,7.5705
0.0069,0.0000,0.0000,0.0000,0.0067,0.0000,200,7.5705
0.0069,0.0000,0.0000,0.0000,0.0068,0.0000,200,7.5705
0.0069,0.0000,0.0000,0.0000,0.0068,0.0000,200,7.5705
0.0066,0.0000,0.0000,0.0000,0.0065,0.0001,200,7.5774
0.0066,0.0000,0.0000,0.0000,0.0065,0.0001,200,7.5774
0.0069,0.0000,0.0000,0.0000,0.0068,0.0001,200,7.5771
0.0067,0.0000,0.0000,0.0000,0.0066,0.0001,200,7.5774
0.0064,0.0000,0.0000,0.0000,0.0063,0.0001,200,7.5840
0.0064,0.0000,0.0000,0.0000,0.0063,0.0000,200,7.5840
0.0065,0.0000,0.0000,0.0000,0.0064,0.0001,200,7.5840
0.0065,0.0000,0.0000,0.0000,0.0065,0.0000,200,7.5840
0.0065,0.0000,0.0000,0.0000,0.0064,0.0000,200,7.5905
0.0065,0.0000,0.0000,0.0000,0.0065,0.0000,200,7.5904
0.0065,0.0000,0.0000,0.0000,0.0064,0.0000,200,7.5904
0.0064,0.0000,0.0000,0.0000,0.0063,0.0002,200,7.5906
0.0065,0.0000,0.0000,0.0000,0.0064,0.0001,200,7.5970
0.0066,0.0000,0.0000,0.0000,0.0066,0.0000,200,7.5970
0.0066,0.0000,0.0000,0.0000,0.0065,0.0000,200,7.5970
0.0067,0.0000,0.0000,0.0000,0.0067,0.0000,200,7.5970
0.0066,0.0000,0.0000,0.0000,0.0065,0.0001,200,7.6037
0.0067,0.0000,0.0000,0.0000,0.0066,0.0000,200,7.6036
0.0067,0.0000,0.0000,0.0000,0.0066,0.0001,200,7.6036
0.0069,0.0000,0.0000,0.0000,0.0068,0.0000,200,7.6035
0.0068,0.0000,0.0000,0.0000,0.0067,0.0001,200,7.6103
0.0067,0.0000,0.0000,0.0000,0.0066,0.0001,200,7.6104
0.0069,0.0000,0.0000,0.0000,0.0068,0.0000,200,7.6103
0.0069,0.0000,0.0000,0.0000,0.0068,0.0000,200,7.6103
0.0070,0.0000,0.0000,0.0000,0.0069,0.0001,200,7.6171
0.0072,0.0000,0.0000,0.0000,0.0071,0.0000,200,7.6171
0.0072,0.0000,0.0000,0.0000,0.0072,0.0000,200,7.6171
0.0076,0.0000,0.0000,0.0000,0.0075,0.0000,200,7.6171
0.0071,0.0000,0.0000,0.0000,0.0070,0.0001,200,7.6243
0.0072,0.0000,0.0000,0.0000,0.0071,0.0000,200,7.6244
0.0070,0.0000,0.0000,0.0000,0.0070,0.0000,200,7.6246
0.0081,0.0000,0.0000,0.0000,0.0080,0.0000,200,7.6242
0.0068,0.0000,0.0000,0.0000,0.0067,0.0000,200,7.6317
0.0071,0.0000,0.0000,0.0000,0.0070,0.0001,200,7.6314
0.0069,0.0000,0.0000,0.0000,0.0068,0.0000,200,7.6315
0.0062,0.0000,0.0000,0.0000,0.0061,0.0000,200,7.6323
0.0067,0.0000,0.0000,0.0000,0.0066,0.0001,200,7.6385
0.0067,0.0000,0.0000,0.0000,0.0066,0.0000,200,7.6384
0.0067,0.0000,0.0000,0.0000,0.0066,0.0001,200,7.6384
0.0068,0.0000,0.0000,0.0000,0.0066,0.0001,200,7.6384
0.0068,0.0000,0.0000,0.0000,0.0066,0.0001,200,7.6452
0.0073,0.0000,0.0000,0.0000,0.0072,0.0000,200,7.6452
0.0077,0.0000,0.0000,0.0000,0.0076,0.0000,200,7.6452
0.0077,0.0000,0.0000,0.0000,0.0077,0.0000,200,7.6452
0.0069,0.0000,0.0000,0.0000,0.0068,0.0001,200,7.6525
0.0075,0.0000,0.0000,0.0000,0.0073,0.0001,200,7.6519
0.0066,0.0000,0.0000,0.0000,0.0065,0.0000,200,7.6529
0.0081,0.0000,0.0000,0.0000,0.0080,0.0000,200,7.6529
0.0068,0.0000,0.0000,0.0000,0.0067,0.0001,200,7.6595
0.0072,0.0000,0.0000,0.0000,0.0071,0.0000,200,7.6594
0.0073,0.0000,0.0000,0.0000,0.0072,0.0000,200,7.6594
0.0074,0.0000,0.0000,0.0000,0.0073,0.0001,200,7.6609
0.0067,0.0000,0.0000,0.0000,0.0066,0.0001,200,7.6667
0.0085,0.0000,0.0000,0.0001,0.0083,0.0001,200,7.6663
0.0065,0.0000,0.0000,0.0000,0.0064,0.0000,200,7.6684
0.0084,0.0000,0.0000,0.0000,0.0083,0.0000,200,7.6666
0.0068,0.0000,0.0000,0.0000,0.0067,0.0001,200,7.6734
0.0064,0.0000,0.0000,0.0000,0.0063,0.0000,200,7.6748
0.0065,0.0000,0.0000,0.0000,0.0064,0.0000,200,7.6750
0.0066,0.0000,0.0000,0.0000,0.0065,0.0000,200,7.6749
0.0068,0.0000,0.0000,0.0000,0.0067,0.0001,200,7.6802
0.0065,0.0000,0.0000,0.0000,0.0064,0.0001,200,7.6814
0.0068,0.0000,0.0000,0.0000,0.0067,0.0000,200,7.6813
0.0068,0.0000,0.0000,0.0000,0.0068,0.0000,200,7.6814
0.0070,0.0000,0.0000,0.0000,0.0069,0.0001,200,7.6870
0.0065,0.0000,0.0000,0.0000,0.0064,0.0000,200,7.6879
0.0064,0.0000,0.0000,0.0000,0.0063,0.0000,200,7.6881
0.0062,0.0000,0.0000,0.0000,0.0062,0.0000,200,7.6883
0.0067,0.0000,0.0000,0.0000,0.0066,0.0001,200,7.6939
0.0068,0.0000,0.0000,0.0000,0.0067,0.0000,200,7.6944
0.0067,0.0000,0.0000,0.0000,0.0067,0.0000,200,7.6945
0.0068,0.0000,0.0000,0.0000,0.0068,0.0000,200,7.6945
0.0067,0.0000,0.0000,0.0000,0.0066,0.0001,200,7.7013
0.0077,0.0000,0.0000,0.0000,0.0076,0.0001,200,7.7007
0.0072,0.0000,0.0000,0.0000,0.0071,0.0000,200,7.7012
0.0073,0.0000,0.0000,0.0000,0.0072,0.0000,200,7.7012
0.0068,0.0000,0.0000,0.0000,0.0067,0.0001,200,7.7080
0.0065,0.0000,0.0000,0.0000,0.0065,0.0000,200,7.7084
0.0064,0.0000,0.0000,0.0000,0.0064,0.0000,200,7.7085
0.0073,0.0000,0.0000,0.0000,0.0072,0.0001,200,7.7084
0.0067,0.0000,0.0000,0.0000,0.0066,0.0001,200,7.7149
0.0071,0.0000,0.0000,0.0000,0.0070,0.0000,200,7.7147
0.0071,0.0000,0.0000,0.0000,0.0071,0.0000,200,7.7149
0.0072,0.0000,0.0000,0.0000,0.0071,0.0000,200,7.7157
0.0069,0.0000,0.0000,0.0000,0.0068,0.0001,200,7.7216
0.0069,0.0000,0.0000,0.0000,0.0068,0.0000,200,7.7219
0.0071,0.0000,0.0000,0.0000,0.0070,0.0000,200,7.7220
0.0069,0.0000,0.0000,0.0000,0.0069,0.0001,200,7.7229
0.0067,0.0000,0.0000,0.0000,0.0067,0.0000,200,7.7288
0.0064,0.0000,0.0000,0.0000,0.0064,0.0000,200,7.7291
0.0070,0.0000,0.0000,0.0000,0.0068,0.0002,200,7.7286
0.0065,0.0000,0.0000,0.0000,0.0064,0.0001,200,7.7298
0.0066,0.0000,0.0000,0.0000,0.0065,0.0001,200,7.7355
0.0067,0.0000,0.0000,0.0000,0.0066,0.0001,200,7.7355
0.0069,0.0000,0.0000,0.0000,0.0068,0.0000,200,7.7356
0.0064,0.0000,0.0000,0.0000,0.0063,0.0000,200,7.7363
0.0067,0.0000,0.0000,0.0000,0.0066,0.0001,200,7.7421
0.0066,0.0000,0.0000,0.0000,0.0065,0.0000,200,7.7425
0.0069,0.0000,0.0000,0.0000,0.0069,0.0000,200,7.7422
0.0065,0.0000,0.0000,0.0000,0.0064,0.0000,200,7.7427
0.0067,0.0000,0.0000,0.0000,0.0066,0.0001,200,7.7488
0.0065,0.0000,0.0000,0.0000,0.0063,0.0000,200,7.7492
0.0065,0.0000,0.0000,0.0000,0.0064,0.0000,200,7.7492
0.0066,0.0000,0.0000,0.0000,0.0065,0.0000,200,7.7491
0.0069,0.0000,0.0000,0.0000,0.0068,0.0001,200,7.7556
0.0068,0.0000,0.0000,0.0000,0.0067,0.0000,200,7.7557
0.0074,0.0000,0.0000,0.0000,0.0073,0.0001,200,7.7556
0.0078,0.0000,0.0000,0.0000,0.0077,0.0000,200,7.7556
0.0067,0.0000,0.0000,0.0000,0.0066,0.0001,200,7.7625
0.0070,0.0000,0.0000,0.0000,0.0069,0.0001,200,7.7625
0.0066,0.0000,0.0000,0.0000,0.0065,0.0001,200,7.7630
0.0063,0.0000,0.0000,0.0000,0.0062,0.0000,200,7.7634
0.0066,0.0000,0.0000,0.0000,0.0066,0.0001,200,7.7695
0.0069,0.0000,0.0000,0.0000,0.0068,0.0001,200,7.7693
0.0068,0.0000,0.0000,0.0000,0.0067,0.0000,200,7.7695
0.0072,0.0000,0.0000,0.0000,0.0071,0.0000,200,7.7697
0.0070,0.0000,0.0000,0.0000,0.0069,0.0001,200,7.7762
0.0071,0.0000,0.0000,0.0000,0.0070,0.0000,200,7.7762
0.0076,0.0000,0.0000,0.0000,0.0075,0.0000,200,7.7763
0.0084,0.0000,0.0000,0.0000,0.0084,0.0000,200,7.7769
0.0065,0.0000,0.0000,0.0000,0.0064,0.0001,200,7.7833
0.0076,0.0000,0.0000,0.0000,0.0073,0.0002,200,7.7832
0.0071,0.0000,0.0000,0.0000,0.0070,0.0000,200,7.7839
0.0074,0.0000,0.0000,0.0000,0.0073,0.0000,200,7.7853
0.0072,0.0000,0.0000,0.0000,0.0071,0.0001,200,7.7898
0.0068,0.0000,0.0000,0.0000,0.0067,0.0000,200,7.7908
0.0075,0.0000,0.0000,0.0000,0.0075,0.0000,200,7.7910
0.0064,0.0000,0.0000,0.0000,0.0063,0.0000,200,7.7927
0.0075,0.0000,0.0000,0.0000,0.0073,0.0001,200,7.7970
0.0071,0.0000,0.0000,0.0000,0.0071,0.0000,200,7.7975
0.0069,0.0000,0.0000,0.0000,0.0068,0.0001,200,7.7985
0.0064,0.0000,0.0000,0.0000,0.0063,0.0001,200,7.7991
0.0069,0.0000,0.0000,0.0000,0.0067,0.0001,200,7.8054
0.0070,0.0000,0.0000,0.0000,0.0069,0.0000,200,7.8055
0.0080,0.0000,0.0000,0.0000,0.0080,0.0000,200,7.8045
0.0082,0.0000,0.0000,0.0000,0.0072,0.0010,200,7.8046
0.0067,0.0000,0.0000,0.0000,0.0066,0.0001,200,7.8125
0.0069,0.0000,0.0000,0.0000,0.0068,0.0000,200,7.8123
0.0070,0.0000,0.0000,0.0000,0.0069,0.0000,200,7.8129
0.0075,0.0000,0.0000,0.0000,0.0074,0.0000,200,7.8126
0.0070,0.0000,0.0000,0.0000,0.0069,0.0001,200,7.8192
0.0071,0.0000,0.0000,0.0000,0.0071,0.0000,200,7.8192
0.0064,0.0000,0.0000,0.0000,0.0064,0.0001,200,7.8199
0.0065,0.0000,0.0000,0.0000,0.0064,0.0001,200,7.8200
0.0064,0.0000,0.0000,0.0000,0.0063,0.0000,200,7.8265
0.0067,0.0000,0.0000,0.0000,0.0065,0.0002,200,7.8262
0.0066,0.0000,0.0000,0.0000,0.0066,0.0000,200,7.8263
0.0068,0.0000,0.0000,0.0000,0.0067,0.0000,200,7.8263
0.0068,0.0000,0.0000,0.0000,0.0067,0.0001,200,7.8329
0.0071,0.0000,0.0000,0.0000,0.0070,0.0000,200,7.8329
0.0071,0.0000,0.0000,0.0000,0.0070,0.0000,200,7.8329
0.0076,0.0000,0.0000,0.0000,0.0075,0.0000,200,7.8331
0.0067,0.0000,0.0000,0.0000,0.0066,0.0001,200,7.8397
0.0065,0.0000,0.0000,0.0000,0.0064,0.0001,200,7.8400
0.0065,0.0000,0.0000,0.0000,0.0065,0.0000,200,7.8400
0.0071,0.0000,0.0000,0.0000,0.0070,0.0000,200,7.8407
0.0067,0.0000,0.0000,0.0000,0.0066,0.0001,200,7.8465
0.0067,0.0000,0.0000,0.0000,0.0066,0.0001,200,7.8465
0.0069,0.0000,0.0000,0.0000,0.0068,0.0000,200,7.8464
0.0063,0.0000,0.0000,0.0000,0.0063,0.0000,200,7.8477
0.0067,0.0000,0.0000,0.0000,0.0066,0.0001,200,7.8532
0.0067,0.0000,0.0000,0.0000,0.0066,0.0000,200,7.8532
0.0066,0.0000,0.0000,0.0000,0.0066,0.0001,200,7.8533
0.0062,0.0000,0.0000,0.0000,0.0062,0.0000,200,7.8541
0.0065,0.0000,0.0000,0.0000,0.0064,0.0001,200,7.8599
0.0065,0.0000,0.0000,0.0000,0.0065,0.0000,200,7.8599
0.0065,0.0000,0.0000,0.0000,0.0064,0.0001,200,7.8599
0.0063,0.0000,0.0000,0.0000,0.0062,0.0000,200,7.8603
0.0067,0.0000,0.0000,0.0000,0.0066,0.0001,200,7.8664
0.0068,0.0000,0.0000,0.0000,0.0067,0.0000,200,7.8665
0.0069,0.0000,0.0000,0.0000,0.0068,0.0000,200,7.8664
0.0067,0.0000,0.0000,0.0000,0.0066,0.0000,200,7.8666
0.0071,0.0000,0.0000,0.0000,0.0070,0.0001,200,7.8733
0.0072,0.0000,0.0000,0.0000,0.0071,0.0000,200,7.8733
0.0076,0.0000,0.0000,0.0000,0.0076,0.0000,200,7.8733
0.0079,0.0000,0.0000,0.0000,0.0078,0.0000,200,7.8731
0.0072,0.0000,0.0000,0.0000,0.0072,0.0001,200,7.8805
0.0073,0.0000,0.0000,0.0000,0.0072,0.0001,200,7.8804
0.0068,0.0000,0.0000,0.0000,0.0068,0.0000,200,7.8810
0.0070,0.0000,0.0000,0.0000,0.0069,0.0000,200,7.8809
0.0070,0.0000,0.0000,0.0000,0.0069,0.0001,200,7.8878
0.0072,0.0000,0.0000,0.0000,0.0071,0.0001,200,7.8878
0.0075,0.0000,0.0000,0.0000,0.0074,0.0000,200,7.8877
0.0080,0.0000,0.0000,0.0000,0.0079,0.0000,200,7.8877
0.0066,0.0000,0.0000,0.0000,0.0065,0.0001,200,7.8948
0.0066,0.0000,0.0000,0.0000,0.0065,0.0000,200,7.8950
0.0067,0.0000,0.0000,0.0000,0.0064,0.0002,200,7.8952
0.0062,0.0000,0.0000,0.0000,0.0062,0.0000,200,7.8957
0.0068,0.0000,0.0000,0.0000,0.0067,0.0001,200,7.9015
0.0068,0.0000,0.0000,0.0000,0.0066,0.0000,200,7.9020
0.0073,0.0000,0.0000,0.0000,0.0072,0.0001,200,7.9017
0.0072,0.0000,0.0000,0.0000,0.0070,0.0001,200,7.9019
0.0068,0.0000,0.0000,0.0000,0.0067,0.0001,200,7.9082
0.0064,0.0000,0.0000,0.0000,0.0063,0.0000,200,7.9088
0.0064,0.0000,0.0000,0.0000,0.0062,0.0000,200,7.9091
0.0068,0.0000,0.0000,0.0000,0.0067,0.0000,200,7.9090
0.0066,0.0000,0.0000,0.0000,0.0065,0.0001,200,7.9152
0.0065,0.0000,0.0000,0.0000,0.0064,0.0001,200,7.9154
0.0062,0.0000,0.0000,0.0000,0.0062,0.0000,200,7.9158
0.0074,0.0000,0.0000,0.0000,0.0070,0.0003,200,7.9151
0.0071,0.0000,0.0000,0.0000,0.0069,0.0001,200,7.9217
0.0068,0.0000,0.0000,0.0000,0.0067,0.0001,200,7.9220
0.0064,0.0000,0.0000,0.0000,0.0063,0.0000,200,7.9225
0.0070,0.0000,0.0000,0.0000,0.0068,0.0002,200,7.9219
0.0068,0.0000,0.0000,0.0000,0.0067,0.0000,200,7.9288
0.0068,0.0000,0.0000,0.0000,0.0067,0.0001,200,7.9288
0.0069,0.0000,0.0000,0.0000,0.0067,0.0001,200,7.9288
0.0070,0.0000,0.0000,0.0000,0.0069,0.0000,200,7.9289
0.0071,0.0000,0.0000,0.0000,0.0070,0.0001,200,7.9358
0.0073,0.0000,0.0000,0.0000,0.0072,0.0001,200,7.9356
0.0073,0.0000,0.0000,0.0000,0.0072,0.0001,200,7.9356
0.0073,0.0000,0.0000,0.0000,0.0072,0.0000,200,7.9357
0.0067,0.0000,0.0000,0.0000,0.0066,0.0001,200,7.9429
0.0068,0.0000,0.0000,0.0000,0.0067,0.0000,200,7.9429
0.0072,0.0000,0.0000,0.0000,0.0071,0.0000,200,7.9429
0.0076,0.0000,0.0000,0.0000,0.0075,0.0000,200,7.9429
0.0065,0.0000,0.0000,0.0000,0.0064,0.0001,200,7.9502
0.0071,0.0000,0.0000,0.0000,0.0070,0.0000,200,7.9497
0.0072,0.0000,0.0000,0.0000,0.0071,0.0000,200,7.9497
0.0066,0.0000,0.0000,0.0000,0.0065,0.0000,200,7.9506
0.0066,0.0000,0.0000,0.0000,0.0065,0.0001,200,7.9567
0.0068,0.0000,0.0000,0.0000,0.0067,0.0000,200,7.9567
0.0064,0.0000,0.0000,0.0000,0.0063,0.0000,200,7.9572
0.0067,0.0000,0.0000,0.0000,0.0065,0.0002,200,7.9568
0.0069,0.0000,0.0000,0.0000,0.0068,0.0001,200,7.9634
0.0069,0.0000,0.0000,0.0000,0.0067,0.0001,200,7.9636
0.0073,0.0000,0.0000,0.0000,0.0072,0.0000,200,7.9634
0.0071,0.0000,0.0000,0.0000,0.0071,0.0000,200,7.9635
0.0072,0.0000,0.0000,0.0000,0.0071,0.0001,200,7.9706
0.0075,0.0000,0.0000,0.0000,0.0074,0.0001,200,7.9703
0.0074,0.0000,0.0000,0.0001,0.0073,0.0000,200,7.9704
0.0072,0.0000,0.0000,0.0000,0.0071,0.0001,200,7.9706
0.0069,0.0000,0.0000,0.0000,0.0067,0.0001,200,7.9779
0.0069,0.0000,0.0000,0.0000,0.0068,0.0000,200,7.9778
0.0069,0.0000,0.0000,0.0000,0.0068,0.0000,200,7.9778
0.0069,0.0000,0.0000,0.0000,0.0069,0.0000,200,7.9778
0.0066,0.0000,0.0000,0.0000,0.0065,0.0001,200,7.9848
0.0068,0.0000,0.0000,0.0000,0.0067,0.0000,200,7.9848
0.0069,0.0000,0.0000,0.0000,0.0068,0.0000,200,7.9847
0.0069,0.0000,0.0000,0.0000,0.0068,0.0000,200,7.9848
0.0068,0.0000,0.0000,0.0000,0.0067,0.0001,200,7.9916
0.0068,0.0000,0.0000,0.0000,0.0066,0.0001,200,7.9916
0.0071,0.0000,0.0000,0.0000,0.0069,0.0000,200,7.9914
0.0069,0.0000,0.0000,0.0000,0.0068,0.0000,200,7.9917
0.0072,0.0000,0.0000,0.0000,0.0071,0.0001,200,7.9985
0.0074,0.0000,0.0000,0.0000,0.0073,0.0000,200,7.9984
0.0078,0.0000,0.0000,0.0000,0.0077,0.0000,200,7.9984
0.0077,0.0000,0.0000,0.0000,0.0077,0.0000,200,7.9985
0.0067,0.0000,0.0000,0.0000,0.0066,0.0001,200,8.0058
0.0064,0.0000,0.0000,0.0000,0.0063,0.0000,200,8.0062
0.0064,0.0000,0.0000,0.0000,0.0063,0.0000,200,8.0063
0.0070,0.0000,0.0000,0.0000,0.0069,0.0000,200,8.0056
0.0084,0.0000,0.0000,0.0000,0.0082,0.0001,200,8.0124
0.0088,0.0000,0.0000,0.0001,0.0084,0.0000,200,8.0127
0.0088,0.0000,0.0000,0.0001,0.0086,0.0000,200,8.0127
0.0088,0.0000,0.0000,0.0001,0.0086,0.0000,200,8.0126
0.0069,0.0000,0.0000,0.0000,0.0068,0.0001,200,8.0215
0.0076,0.0000,0.0000,0.0000,0.0074,0.0001,200,8.0208
0.0070,0.0000,0.0000,0.0000,0.0069,0.0001,200,8.0214
0.0090,0.0000,0.0000,0.0000,0.0089,0.0001,200,8.0215
0.0071,0.0000,0.0000,0.0000,0.0070,0.0000,200,8.0284
0.0071,0.0000,0.0000,0.0000,0.0070,0.0001,200,8.0284
0.0071,0.0000,0.0000,0.0000,0.0070,0.0001,200,8.0284
0.0065,0.0000,0.0000,0.0000,0.0064,0.0001,200,8.0305
0.0070,0.0000,0.0000,0.0000,0.0069,0.0001,200,8.0355
0.0070,0.0000,0.0000,0.0000,0.0069,0.0001,200,8.0355
0.0070,0.0000,0.0000,0.0000,0.0069,0.0001,200,8.0355
0.0069,0.0000,0.0000,0.0000,0.0068,0.0001,200,8.0370
0.0067,0.0000,0.0000,0.0000,0.0065,0.0001,200,8.0425
0.0067,0.0000,0.0000,0.0000,0.0066,0.0000,200,8.0425
0.0068,0.0000,0.0000,0.0000,0.0067,0.0000,200,8.0425
0.0063,0.0000,0.0000,0.0000,0.0062,0.0001,200,8.0438
0.0071,0.0000,0.0000,0.0000,0.0071,0.0001,200,8.0492
0.0072,0.0000,0.0000,0.0000,0.0071,0.0001,200,8.0491
0.0072,0.0000,0.0000,0.0000,0.0071,0.0000,200,8.0492
0.0064,0.0000,0.0000,0.0000,0.0064,0.0000,200,8.0501
0.0071,0.0000,0.0000,0.0000,0.0070,0.0001,200,8.0564
0.0071,0.0000,0.0000,0.0000,0.0070,0.0000,200,8.0564
0.0071,0.0000,0.0000,0.0000,0.0070,0.0001,200,8.0563
0.0077,0.0000,0.0000,0.0000,0.0076,0.0000,200,8.0566
0.0075,0.0000,0.0000,0.0000,0.0074,0.0001,200,8.0635
0.0077,0.0000,0.0000,0.0000,0.0076,0.0001,200,8.0635
0.0078,0.0000,0.0000,0.0000,0.0077,0.0000,200,8.0635
0.0092,0.0000,0.0000,0.0000,0.0091,0.0001,200,8.0642
0.0070,0.0000,0.0000,0.0000,0.0069,0.0001,200,8.0711
0.0072,0.0000,0.0000,0.0000,0.0071,0.0001,200,8.0710
0.0107,0.0000,0.0000,0.0000,0.0106,0.0000,200,8.0712
0.0085,0.0000,0.0000,0.0000,0.0084,0.0000,200,8.0734
0.0068,0.0000,0.0000,0.0000,0.0067,0.0001,200,8.0781
0.0070,0.0000,0.0000,0.0000,0.0069,0.0001,200,8.0782
0.0070,0.0000,0.0000,0.0000,0.0069,0.0001,200,8.0819
0.0068,0.0000,0.0000,0.0000,0.0066,0.0001,200,8.0852
0.0072,0.0000,0.0000,0.0000,0.0071,0.0000,200,8.0850
0.0104,0.0000,0.0000,0.0000,0.0103,0.0000,200,8.0819
0.0084,0.0000,0.0000,0.0000,0.0083,0.0001,200,8.0889
0.0068,0.0000,0.0000,0.0000,0.0066,0.0001,200,8.0920
0.0070,0.0000,0.0000,0.0000,0.0068,0.0000,200,8.0922
0.0073,0.0000,0.0000,0.0000,0.0072,0.0000,200,8.0922
0.0069,0.0000,0.0000,0.0000,0.0068,0.0001,200,8.0973
0.0069,0.0000,0.0000,0.0000,0.0068,0.0001,200,8.0988
0.0071,0.0000,0.0000,0.0000,0.0070,0.0001,200,8.0995
0.0080,0.0000,0.0000,0.0000,0.0079,0.0000,200,8.0992
0.0071,0.0000,0.0000,0.0000,0.0070,0.0001,200,8.1042
0.0064,0.0000,0.0000,0.0000,0.0063,0.0001,200,8.1057
0.0066,0.0000,0.0000,0.0000,0.0065,0.0001,200,8.1072
0.0073,0.0000,0.0000,0.0000,0.0072,0.0000,200,8.1066
0.0066,0.0000,0.0000,0.0000,0.0065,0.0001,200,8.1121
0.0074,0.0000,0.0000,0.0000,0.0073,0.0000,200,8.1113
0.0064,0.0000,0.0000,0.0000,0.0063,0.0000,200,8.1139
0.0065,0.0000,0.0000,0.0000,0.0064,0.0000,200,8.1138
0.0065,0.0000,0.0000,0.0000,0.0064,0.0001,200,8.1187
0.0065,0.0000,0.0000,0.0000,0.0064,0.0000,200,8.1187
0.0064,0.0000,0.0000,0.0000,0.0063,0.0000,200,8.1203
0.0064,0.0000,0.0000,0.0000,0.0063,0.0000,200,8.1203
0.0072,0.0000,0.0000,0.0000,0.0070,0.0001,200,8.1252
0.0079,0.0000,0.0000,0.0000,0.0079,0.0001,200,8.1252
0.0066,0.0000,0.0000,0.0000,0.0066,0.0000,200,8.1267
0.0072,0.0000,0.0000,0.0000,0.0071,0.0000,200,8.1267
0.0072,0.0000,0.0000,0.0000,0.0071,0.0001,200,8.1324
0.0065,0.0000,0.0000,0.0000,0.0064,0.0000,200,8.1332
0.0070,0.0000,0.0000,0.0000,0.0070,0.0000,200,8.1333
0.0066,0.0000,0.0000,0.0000,0.0065,0.0000,200,8.1339
0.0068,0.0000,0.0000,0.0000,0.0067,0.0001,200,8.1396
0.0071,0.0000,0.0000,0.0000,0.0069,0.0001,200,8.1403
0.0079,0.0000,0.0000,0.0000,0.0078,0.0000,200,8.1397
0.0072,0.0000,0.0000,0.0000,0.0071,0.0000,200,8.1405
0.0077,0.0000,0.0000,0.0000,0.0075,0.0001,200,8.1464
0.0065,0.0000,0.0000,0.0000,0.0065,0.0000,200,8.1477
0.0070,0.0000,0.0000,0.0003,0.0066,0.0000,200,8.1474
0.0071,0.0000,0.0000,0.0000,0.0070,0.0000,200,8.1476
0.0066,0.0000,0.0000,0.0000,0.0065,0.0001,200,8.1547
0.0071,0.0000,0.0000,0.0000,0.0071,0.0000,200,8.1544
0.0075,0.0000,0.0000,0.0000,0.0074,0.0000,200,8.1540
0.0073,0.0000,0.0000,0.0000,0.0072,0.0000,200,8.1542
0.0071,0.0000,0.0000,0.0000,0.0070,0.0001,200,8.1613
0.0083,0.0000,0.0000,0.0000,0.0082,0.0000,200,8.1615
0.0083,0.0000,0.0000,0.0000,0.0082,0.0001,200,8.1615
0.0093,0.0000,0.0000,0.0000,0.0092,0.0000,200,8.1615
0.0078,0.0000,0.0000,0.0000,0.0077,0.0001,200,8.1684
0.0066,0.0000,0.0000,0.0000,0.0065,0.0000,200,8.1698
0.0072,0.0000,0.0000,0.0000,0.0071,0.0000,200,8.1698
0.0071,0.0000,0.0000,0.0000,0.0070,0.0000,200,8.1708
0.0073,0.0000,0.0000,0.0000,0.0071,0.0000,200,8.1762
0.0071,0.0000,0.0000,0.0000,0.0070,0.0000,200,8.1764
0.0066,0.0000,0.0000,0.0000,0.0065,0.0000,200,8.1770
0.0079,0.0000,0.0000,0.0000,0.0078,0.0001,200,8.1779
0.0066,0.0000,0.0000,0.0000,0.0066,0.0000,200,8.1835
0.0067,0.0000,0.0000,0.0000,0.0066,0.0000,200,8.1835
0.0067,0.0000,0.0000,0.0000,0.0064,0.0002,200,8.1836
0.0065,0.0000,0.0000,0.0000,0.0064,0.0001,200,8.1858
0.0066,0.0000,0.0000,0.0000,0.0065,0.0001,200,8.1902
0.0069,0.0000,0.0000,0.0000,0.0068,0.0000,200,8.1901
0.0069,0.0000,0.0000,0.0000,0.0068,0.0000,200,8.1902
0.0065,0.0000,0.0000,0.0000,0.0064,0.0001,200,8.1923
0.0072,0.0000,0.0000,0.0000,0.0071,0.0001,200,8.1971
0.0076,0.0000,0.0000,0.0000,0.0074,0.0001,200,8.1968
0.0077,0.0000,0.0000,0.0000,0.0077,0.0000,200,8.1970
0.0065,0.0000,0.0000,0.0000,0.0064,0.0000,200,8.1988
0.0066,0.0000,0.0000,0.0000,0.0065,0.0001,200,8.2043
0.0063,0.0000,0.0000,0.0000,0.0063,0.0000,200,8.2047
0.0069,0.0000,0.0000,0.0000,0.0069,0.0000,200,8.2044
0.0062,0.0000,0.0000,0.0000,0.0061,0.0000,200,8.2053
0.0064,0.0000,0.0000,0.0000,0.0063,0.0001,200,8.2113
0.0069,0.0000,0.0000,0.0000,0.0068,0.0001,200,8.2109
0.0064,0.0000,0.0000,0.0000,0.0064,0.0000,200,8.2116
0.0070,0.0000,0.0000,0.0000,0.0070,0.0000,200,8.2110
0.0066,0.0000,0.0000,0.0000,0.0064,0.0001,200,8.2177
0.0063,0.0000,0.0000,0.0000,0.0062,0.0000,200,8.2181
0.0064,0.0000,0.0000,0.0000,0.0063,0.0000,200,8.2180
0.0068,0.0000,0.0000,0.0000,0.0067,0.0000,200,8.2178
0.0070,0.0000,0.0000,0.0000,0.0069,0.0001,200,8.2244
0.0071,0.0000,0.0000,0.0000,0.0070,0.0000,200,8.2243
0.0072,0.0000,0.0000,0.0000,0.0071,0.0000,200,8.2243
0.0069,0.0000,0.0000,0.0000,0.0068,0.0000,200,8.2246
0.0067,0.0000,0.0000,0.0000,0.0066,0.0001,200,8.2313
0.0068,0.0000,0.0000,0.0000,0.0067,0.0000,200,8.2315
0.0069,0.0000,0.0000,0.0000,0.0068,0.0000,200,8.2314
0.0069,0.0000,0.0000,0.0000,0.0068,0.0000,200,8.2315
0.0066,0.0000,0.0000,0.0000,0.0064,0.0001,200,8.2381
0.0064,0.0000,0.0000,0.0000,0.0064,0.0000,200,8.2383
0.0078,0.0000,0.0000,0.0000,0.0078,0.0000,200,8.2383
0.0092,0.0000,0.0000,0.0000,0.0091,0.0000,200,8.2383
0.0065,0.0000,0.0000,0.0000,0.0064,0.0001,200,8.2447
0.0067,0.0000,0.0000,0.0000,0.0066,0.0000,200,8.2446
0.0070,0.0000,0.0000,0.0000,0.0068,0.0001,200,8.2462
0.0065,0.0000,0.0000,0.0000,0.0064,0.0001,200,8.2475
0.0067,0.0000,0.0000,0.0000,0.0066,0.0000,200,8.2513
0.0068,0.0000,0.0000,0.0000,0.0067,0.0000,200,8.2513
0.0064,0.0000,0.0000,0.0000,0.0064,0.0000,200,8.2531
0.0062,0.0000,0.0000,0.0000,0.0062,0.0000,200,8.2540
0.0067,0.0000,0.0000,0.0000,0.0065,0.0001,200,8.2580
0.0068,0.0000,0.0000,0.0000,0.0067,0.0000,200,8.2580
0.0070,0.0000,0.0000,0.0000,0.0069,0.0000,200,8.2596
0.0063,0.0000,0.0000,0.0000,0.0062,0.0000,200,8.2603
0.0067,0.0000,0.0000,0.0000,0.0065,0.0001,200,8.2647
0.0066,0.0000,0.0000,0.0000,0.0065,0.0000,200,8.2648
0.0066,0.0000,0.0000,0.0000,0.0065,0.0001,200,8.2666
0.0066,0.0000,0.0000,0.0000,0.0065,0.0000,200,8.2666
0.0064,0.0000,0.0000,0.0000,0.0063,0.0001,200,8.2714
0.0065,0.0000,0.0000,0.0000,0.0064,0.0001,200,8.2713
0.0079,0.0000,0.0000,0.0000,0.0078,0.0001,200,8.2732
0.0080,0.0000,0.0000,0.0000,0.0079,0.0000,200,8.2731
0.0065,0.0000,0.0000,0.0000,0.0064,0.0001,200,8.2778
0.0067,0.0000,0.0000,0.0000,0.0063,0.0003,200,8.2778
0.0066,0.0000,0.0000,0.0000,0.0065,0.0001,200,8.2811
0.0070,0.0000,0.0000,0.0000,0.0069,0.0001,200,8.2812
0.0068,0.0000,0.0000,0.0000,0.0067,0.0001,200,8.2844
0.0070,0.0000,0.0000,0.0000,0.0069,0.0000,200,8.2845
0.0075,0.0000,0.0000,0.0000,0.0074,0.0001,200,8.2877
0.0070,0.0000,0.0000,0.0000,0.0070,0.0000,200,8.2882
0.0065,0.0000,0.0000,0.0000,0.0064,0.0001,200,8.2911
0.0064,0.0000,0.0000,0.0000,0.0063,0.0000,200,8.2915
0.0065,0.0000,0.0000,0.0000,0.0064,0.0000,200,8.2952
0.0065,0.0000,0.0000,0.0000,0.0064,0.0000,200,8.2952
0.0063,0.0000,0.0000,0.0000,0.0062,0.0001,200,8.2979
0.0066,0.0000,0.0000,0.0000,0.0065,0.0000,200,8.2977
0.0072,0.0000,0.0000,0.0000,0.0071,0.0001,200,8.3017
0.0072,0.0000,0.0000,0.0000,0.0071,0.0001,200,8.3017
0.0066,0.0000,0.0000,0.0000,0.0065,0.0001,200,8.3042
0.0067,0.0000,0.0000,0.0000,0.0066,0.0000,200,8.3042
0.0067,0.0000,0.0000,0.0000,0.0066,0.0001,200,8.3090
0.0068,0.0000,0.0000,0.0000,0.0067,0.0001,200,8.3090
0.0066,0.0000,0.0000,0.0000,0.0065,0.0001,200,8.3109
0.0066,0.0000,0.0000,0.0000,0.0065,0.0000,200,8.3109
0.0073,0.0000,0.0000,0.0000,0.0072,0.0001,200,8.3157
0.0072,0.0000,0.0000,0.0000,0.0071,0.0001,200,8.3158
0.0065,0.0000,0.0000,0.0000,0.0065,0.0000,200,8.3174
0.0073,0.0000,0.0000,0.0000,0.0072,0.0000,200,8.3175
0.0068,0.0000,0.0000,0.0000,0.0067,0.0001,200,8.3230
0.0070,0.0000,0.0000,0.0000,0.0068,0.0001,200,8.3230
0.0064,0.0000,0.0000,0.0000,0.0063,0.0001,200,8.3247
0.0077,0.0000,0.0000,0.0000,0.0075,0.0001,200,8.3240
0.0066,0.0000,0.0000,0.0000,0.0065,0.0001,200,8.3298
0.0066,0.0000,0.0000,0.0000,0.0065,0.0000,200,8.3300
0.0064,0.0000,0.0000,0.0000,0.0063,0.0001,200,8.3312
0.0064,0.0000,0.0000,0.0000,0.0063,0.0000,200,8.3316
0.0068,0.0000,0.0000,0.0000,0.0066,0.0001,200,8.3364
0.0066,0.0000,0.0000,0.0000,0.0065,0.0000,200,8.3366
0.0065,0.0000,0.0000,0.0000,0.0064,0.0000,200,8.3376
0.0064,0.0000,0.0000,0.0000,0.0064,0.0000,200,8.3381
0.0071,0.0000,0.0000,0.0000,0.0070,0.0001,200,8.3431
0.0072,0.0000,0.0000,0.0000,0.0071,0.0000,200,8.3431
0.0066,0.0000,0.0000,0.0000,0.0066,0.0000,200,8.3440
0.0063,0.0000,0.0000,0.0000,0.0062,0.0000,200,8.3445
0.0070,0.0000,0.0000,0.0000,0.0069,0.0001,200,8.3503
0.0072,0.0000,0.0000,0.0000,0.0071,0.0000,200,8.3503
0.0067,0.0000,0.0000,0.0000,0.0066,0.0000,200,8.3508
0.0069,0.0000,0.0000,0.0000,0.0068,0.0000,200,8.3507
0.0065,0.0000,0.0000,0.0000,0.0064,0.0001,200,8.3575
0.0065,0.0000,0.0000,0.0000,0.0064,0.0001,200,8.3575
0.0067,0.0000,0.0000,0.0000,0.0066,0.0000,200,8.3573
0.0066,0.0000,0.0000,0.0000,0.0066,0.0000,200,8.3576
0.0073,0.0000,0.0000,0.0000,0.0072,0.0000,200,8.3642
0.0074,0.0000,0.0000,0.0000,0.0073,0.0001,200,8.3640
0.0075,0.0000,0.0000,0.0000,0.0074,0.0000,200,8.3641
0.0076,0.0000,0.0000,0.0000,0.0075,0.0000,200,8.3640
0.0067,0.0000,0.0000,0.0000,0.0066,0.0001,200,8.3716
0.0069,0.0000,0.0000,0.0000,0.0069,0.0000,200,8.3715
0.0068,0.0000,0.0000,0.0000,0.0068,0.0000,200,8.3716
0.0070,0.0000,0.0000,0.0000,0.0069,0.0000,200,8.3715
0.0066,0.0000,0.0000,0.0000,0.0065,0.0000,200,8.3783
0.0065,0.0000,0.0000,0.0000,0.0064,0.0001,200,8.3784
0.0065,0.0000,0.0000,0.0000,0.0064,0.0001,200,8.3785
0.0066,0.0000,0.0000,0.0000,0.0065,0.0000,200,8.3784
0.0063,0.0000,0.0000,0.0000,0.0062,0.0001,200,8.3850
0.0064,0.0000,0.0000,0.0000,0.0063,0.0001,200,8.3849
0.0064,0.0000,0.0000,0.0000,0.0063,0.0000,200,8.3849
0.0065,0.0000,0.0000,0.0000,0.0064,0.0000,200,8.3849
0.0066,0.0000,0.0000,0.0000,0.0065,0.0001,200,8.3914
0.0067,0.0000,0.0000,0.0000,0.0066,0.0000,200,8.3913
0.0067,0.0000,0.0000,0.0000,0.0067,0.0000,200,8.3913
0.0082,0.0000,0.0000,0.0000,0.0079,0.0003,200,8.3913
0.0072,0.0000,0.0000,0.0000,0.0071,0.0001,200,8.3980
0.0072,0.0000,0.0000,0.0000,0.0072,0.0000,200,8.3980
0.0073,0.0000,0.0000,0.0000,0.0072,0.0000,200,8.3980
0.0069,0.0000,0.0000,0.0000,0.0068,0.0001,200,8.3995
0.0064,0.0000,0.0000,0.0000,0.0063,0.0001,200,8.4052
0.0064,0.0000,0.0000,0.0000,0.0063,0.0000,200,8.4052
0.0064,0.0000,0.0000,0.0000,0.0063,0.0000,200,8.4053
0.0090,0.0000,0.0000,0.0000,0.0089,0.0001,200,8.4064
0.0066,0.0000,0.0000,0.0000,0.0065,0.0001,200,8.4116
0.0065,0.0000,0.0000,0.0000,0.0064,0.0001,200,8.4117
0.0067,0.0000,0.0000,0.0000,0.0066,0.0000,200,8.4116
0.0068,0.0000,0.0000,0.0000,0.0067,0.0001,200,8.4155
0.0065,0.0000,0.0000,0.0000,0.0064,0.0001,200,8.4182
0.0065,0.0000,0.0000,0.0000,0.0064,0.0000,200,8.4182
0.0066,0.0000,0.0000,0.0000,0.0065,0.0000,200,8.4183
0.0081,0.0000,0.0000,0.0000,0.0080,0.0001,200,8.4223
0.0068,0.0000,0.0000,0.0000,0.0068,0.0000,200,8.4247
0.0068,0.0000,0.0000,0.0000,0.0067,0.0000,200,8.4247
0.0066,0.0000,0.0000,0.0000,0.0066,0.0000,200,8.4249
0.0066,0.0000,0.0000,0.0000,0.0065,0.0001,200,8.4304
0.0064,0.0000,0.0000,0.0000,0.0064,0.0000,200,8.4315
0.0065,0.0000,0.0000,0.0000,0.0064,0.0000,200,8.4315
0.0068,0.0000,0.0000,0.0000,0.0068,0.0000,200,8.4315
0.0067,0.0000,0.0000,0.0000,0.0065,0.0001,200,8.4371
0.0063,0.0000,0.0000,0.0000,0.0062,0.0001,200,8.4379
0.0064,0.0000,0.0000,0.0000,0.0064,0.0000,200,8.4380
0.0062,0.0000,0.0000,0.0000,0.0061,0.0001,200,8.4383
0.0071,0.0000,0.0000,0.0000,0.0070,0.0001,200,8.4437
0.0068,0.0000,0.0000,0.0000,0.0067,0.0000,200,8.4443
0.0067,0.0000,0.0000,0.0000,0.0066,0.0000,200,8.4444
0.0067,0.0000,0.0000,0.0000,0.0066,0.0000,200,8.4445
0.0068,0.0000,0.0000,0.0000,0.0067,0.0001,200,8.4508
0.0065,0.0000,0.0000,0.0000,0.0064,0.0000,200,8.4511
0.0066,0.0000,0.0000,0.0000,0.0065,0.0001,200,8.4511
0.0065,0.0000,0.0000,0.0000,0.0064,0.0000,200,8.4512
0.0070,0.0000,0.0000,0.0000,0.0069,0.0000,200,8.4576
0.0070,0.0000,0.0000,0.0000,0.0068,0.0002,200,8.4576
0.0071,0.0000,0.0000,0.0000,0.0070,0.0000,200,8.4576
0.0073,0.0000,0.0000,0.0000,0.0073,0.0000,200,8.4577
0.0070,0.0000,0.0000,0.0000,0.0069,0.0000,200,8.4646
0.0069,0.0000,0.0000,0.0000,0.0068,0.0001,200,8.4647
0.0070,0.0000,0.0000,0.0000,0.0068,0.0001,200,8.4646
0.0066,0.0000,0.0000,0.0000,0.0065,0.0001,200,8.4650
0.0064,0.0000,0.0000,0.0000,0.0063,0.0001,200,8.4716
0.0064,0.0000,0.0000,0.0000,0.0063,0.0001,200,8.4716
0.0065,0.0000,0.0000,0.0000,0.0064,0.0000,200,8.4716
0.0066,0.0000,0.0000,0.0000,0.0065,0.0000,200,8.4716
0.0069,0.0000,0.0000,0.0000,0.0068,0.0001,200,8.4781
0.0068,0.0000,0.0000,0.0000,0.0067,0.0001,200,8.4782
0.0070,0.0000,0.0000,0.0000,0.0069,0.0000,200,8.4780
0.0070,0.0000,0.0000,0.0000,0.0069,0.0000,200,8.4780
0.0068,0.0000,0.0000,0.0000,0.0067,0.0001,200,8.4851
0.0069,0.0000,0.0000,0.0000,0.0068,0.0001,200,8.4850
0.0070,0.0000,0.0000,0.0000,0.0069,0.0000,200,8.4850
0.0071,0.0000,0.0000,0.0000,0.0070,0.0000,200,8.4850
0.0067,0.0000,0.0000,0.0000,0.0065,0.0001,200,8.4919
0.0067,0.0000,0.0000,0.0000,0.0067,0.0000,200,8.4920
0.0067,0.0000,0.0000,0.0000,0.0066,0.0000,200,8.4920
0.0071,0.0000,0.0000,0.0000,0.0070,0.0000,200,8.4919
0.0067,0.0000,0.0000,0.0000,0.0065,0.0001,200,8.4987
0.0070,0.0000,0.0000,0.0000,0.0069,0.0000,200,8.4987
0.0070,0.0000,0.0000,0.0000,0.0069,0.0001,200,8.4987
0.0068,0.0000,0.0000,0.0000,0.0068,0.0000,200,8.4989
0.0077,0.0000,0.0000,0.0000,0.0075,0.0001,200,8.5057
0.0076,0.0000,0.0000,0.0000,0.0075,0.0000,200,8.5058
0.0078,0.0000,0.0000,0.0000,0.0078,0.0000,200,8.5057
0.0082,0.0000,0.0000,0.0000,0.0081,0.0000,200,8.5053
0.0069,0.0000,0.0000,0.0000,0.0068,0.0001,200,8.5134
0.0067,0.0000,0.0000,0.0000,0.0067,0.0000,200,8.5135
0.0074,0.0000,0.0000,0.0000,0.0073,0.0000,200,8.5133
0.0072,0.0000,0.0000,0.0000,0.0071,0.0000,200,8.5135
0.0069,0.0000,0.0000,0.0000,0.0067,0.0001,200,8.5202
0.0069,0.0000,0.0000,0.0000,0.0068,0.0000,200,8.5203
0.0066,0.0000,0.0000,0.0000,0.0066,0.0000,200,8.5207
0.0068,0.0000,0.0000,0.0000,0.0067,0.0000,200,8.5207
0.0068,0.0000,0.0000,0.0000,0.0067,0.0001,200,8.5271
0.0075,0.0000,0.0000,0.0000,0.0074,0.0000,200,8.5271
0.0079,0.0000,0.0000,0.0000,0.0078,0.0000,200,8.5275
0.0080,0.0000,0.0000,0.0000,0.0079,0.0000,200,8.5274
0.0088,0.0000,0.0000,0.0000,0.0086,0.0001,200,8.5339
0.0081,0.0000,0.0000,0.0000,0.0080,0.0000,200,8.5347
0.0074,0.0000,0.0000,0.0000,0.0073,0.0000,200,8.5354
0.0077,0.0000,0.0000,0.0000,0.0076,0.0001,200,8.5354
0.0065,0.0000,0.0000,0.0000,0.0064,0.0001,200,8.5428
0.0066,0.0000,0.0000,0.0000,0.0065,0.0000,200,8.5428
0.0067,0.0000,0.0000,0.0000,0.0066,0.0000,200,8.5427
0.0075,0.0000,0.0000,0.0000,0.0074,0.0000,200,8.5431
0.0066,0.0000,0.0000,0.0000,0.0064,0.0001,200,8.5493
0.0066,0.0000,0.0000,0.0000,0.0066,0.0000,200,8.5493
0.0066,0.0000,0.0000,0.0000,0.0065,0.0000,200,8.5494
0.0065,0.0000,0.0000,0.0000,0.0064,0.0000,200,8.5507
0.0067,0.0000,0.0000,0.0000,0.0065,0.0001,200,8.5559
0.0066,0.0000,0.0000,0.0000,0.0065,0.0000,200,8.5560
0.0066,0.0000,0.0000,0.0000,0.0065,0.0000,200,8.5560
0.0061,0.0000,0.0000,0.0000,0.0061,0.0001,200,8.5571
0.0070,0.0000,0.0000,0.0000,0.0070,0.0001,200,8.5626
0.0071,0.0000,0.0000,0.0000,0.0070,0.0001,200,8.5626
0.0072,0.0000,0.0000,0.0000,0.0071,0.0000,200,8.5625
0.0076,0.0000,0.0000,0.0000,0.0075,0.0001,200,8.5633
0.0068,0.0000,0.0000,0.0000,0.0067,0.0001,200,8.5696
0.0073,0.0000,0.0000,0.0000,0.0072,0.0001,200,8.5696
0.0073,0.0000,0.0000,0.0000,0.0073,0.0000,200,8.5697
0.0068,0.0000,0.0000,0.0000,0.0066,0.0001,200,8.5709
0.0065,0.0000,0.0000,0.0000,0.0065,0.0001,200,8.5770
0.0068,0.0000,0.0000,0.0000,0.0068,0.0000,200,8.5769
0.0074,0.0000,0.0000,0.0000,0.0073,0.0000,200,8.5764
0.0083,0.0000,0.0000,0.0000,0.0082,0.0001,200,8.5777
0.0068,0.0000,0.0000,0.0000,0.0066,0.0001,200,8.5836
0.0066,0.0000,0.0000,0.0000,0.0065,0.0000,200,8.5838
0.0066,0.0000,0.0000,0.0000,0.0065,0.0000,200,8.5838
0.0076,0.0000,0.0000,0.0000,0.0074,0.0001,200,8.5860
0.0066,0.0000,0.0000,0.0000,0.0065,0.0001,200,8.5903
0.0067,0.0000,0.0000,0.0000,0.0067,0.0000,200,8.5904
0.0067,0.0000,0.0000,0.0000,0.0067,0.0000,200,8.5904
0.0073,0.0000,0.0000,0.0000,0.0072,0.0001,200,8.5935
0.0069,0.0000,0.0000,0.0000,0.0068,0.0001,200,8.5971
0.0072,0.0000,0.0000,0.0000,0.0071,0.0001,200,8.5971
0.0077,0.0000,0.0000,0.0000,0.0075,0.0001,200,8.5970
0.0086,0.0000,0.0000,0.0000,0.0084,0.0001,200,8.6009
0.0069,0.0000,0.0000,0.0000,0.0065,0.0004,200,8.6040
0.0081,0.0000,0.0000,0.0001,0.0064,0.0001,200,8.6043
0.0082,0.0000,0.0000,0.0002,0.0079,0.0001,200,8.6047
0.0075,0.0000,0.0000,0.0000,0.0073,0.0001,200,8.6094
0.0068,0.0000,0.0000,0.0000,0.0067,0.0000,200,8.6109
0.0075,0.0000,0.0000,0.0000,0.0074,0.0001,200,8.6124
0.0071,0.0000,0.0000,0.0000,0.0070,0.0000,200,8.6129
0.0064,0.0000,0.0000,0.0000,0.0063,0.0000,200,8.6177
0.0071,0.0000,0.0000,0.0000,0.0071,0.0000,200,8.6169
0.0074,0.0000,0.0000,0.0000,0.0073,0.0001,200,8.6199
0.0076,0.0000,0.0000,0.0000,0.0075,0.0000,200,8.6199
0.0066,0.0000,0.0000,0.0000,0.0065,0.0001,200,8.6241
0.0067,0.0000,0.0000,0.0000,0.0066,0.0000,200,8.6241
0.0066,0.0000,0.0000,0.0000,0.0065,0.0001,200,8.6273
0.0064,0.0000,0.0000,0.0000,0.0064,0.0000,200,8.6275
0.0064,0.0000,0.0000,0.0000,0.0063,0.0001,200,8.6308
0.0066,0.0000,0.0000,0.0000,0.0065,0.0000,200,8.6307
0.0067,0.0000,0.0000,0.0000,0.0066,0.0001,200,8.6339
0.0078,0.0000,0.0000,0.0000,0.0077,0.0000,200,8.6339
0.0076,0.0000,0.0000,0.0000,0.0075,0.0001,200,8.6372
0.0075,0.0000,0.0000,0.0000,0.0074,0.0000,200,8.6373
0.0075,0.0000,0.0000,0.0000,0.0075,0.0001,200,8.6407
0.0066,0.0000,0.0000,0.0000,0.0065,0.0000,200,8.6417
0.0065,0.0000,0.0000,0.0000,0.0064,0.0001,200,8.6448
0.0066,0.0000,0.0000,0.0000,0.0065,0.0000,200,8.6447
0.0063,0.0000,0.0000,0.0000,0.0062,0.0001,200,8.6482
0.0065,0.0000,0.0000,0.0000,0.0064,0.0000,200,8.6483
0.0065,0.0000,0.0000,0.0000,0.0064,0.0001,200,8.6513
0.0065,0.0000,0.0000,0.0000,0.0064,0.0001,200,8.6513
0.0065,0.0000,0.0000,0.0000,0.0064,0.0001,200,8.6545
0.0065,0.0000,0.0000,0.0000,0.0064,0.0000,200,8.6548
0.0065,0.0000,0.0000,0.0000,0.0064,0.0001,200,8.6578
0.0068,0.0000,0.0000,0.0000,0.0067,0.0001,200,8.6578
0.0067,0.0000,0.0000,0.0000,0.0065,0.0001,200,8.6611
0.0066,0.0000,0.0000,0.0000,0.0065,0.0000,200,8.6612
0.0066,0.0000,0.0000,0.0000,0.0065,0.0001,200,8.6643
0.0064,0.0000,0.0000,0.0000,0.0064,0.0000,200,8.6646
0.0077,0.0000,0.0000,0.0001,0.0075,0.0001,200,8.6677
0.0087,0.0000,0.0000,0.0000,0.0086,0.0000,200,8.6679
0.0085,0.0000,0.0000,0.0000,0.0084,0.0001,200,8.6711
0.0088,0.0000,0.0000,0.0000,0.0088,0.0000,200,8.6709
0.0074,0.0000,0.0000,0.0000,0.0072,0.0001,200,8.6754
0.0070,0.0000,0.0000,0.0000,0.0070,0.0000,200,8.6766
0.0064,0.0000,0.0000,0.0000,0.0064,0.0000,200,8.6797
0.0067,0.0000,0.0000,0.0000,0.0066,0.0000,200,8.6796
0.0070,0.0000,0.0000,0.0000,0.0069,0.0001,200,8.6829
0.0065,0.0000,0.0000,0.0000,0.0064,0.0000,200,8.6836
0.0066,0.0000,0.0000,0.0000,0.0065,0.0001,200,8.6863
0.0070,0.0000,0.0000,0.0000,0.0069,0.0000,200,8.6861
0.0067,0.0000,0.0000,0.0000,0.0066,0.0001,200,8.6899
0.0067,0.0000,0.0000,0.0000,0.0066,0.0000,200,8.6901
0.0065,0.0000,0.0000,0.0000,0.0064,0.0001,200,8.6931
0.0069,0.0000,0.0000,0.0001,0.0067,0.0001,200,8.6929
0.0064,0.0000,0.0000,0.0000,0.0063,0.0001,200,8.6966
0.0064,0.0000,0.0000,0.0000,0.0063,0.0000,200,8.6968
0.0067,0.0000,0.0000,0.0000,0.0065,0.0001,200,8.6996
0.0067,0.0000,0.0000,0.0000,0.0066,0.0000,200,8.6998
0.0070,0.0000,0.0000,0.0000,0.0069,0.0001,200,8.7030
0.0069,0.0000,0.0000,0.0000,0.0069,0.0000,200,8.7032
0.0066,0.0000,0.0000,0.0000,0.0064,0.0001,200,8.7064
0.0068,0.0000,0.0000,0.0000,0.0067,0.0001,200,8.7065
0.0065,0.0000,0.0000,0.0000,0.0064,0.0001,200,8.7101
0.0066,0.0000,0.0000,0.0000,0.0065,0.0000,200,8.7100
0.0063,0.0000,0.0000,0.0000,0.0062,0.0000,200,8.7129
0.0063,0.0000,0.0000,0.0000,0.0062,0.0000,200,8.7133
0.0068,0.0000,0.0000,0.0000,0.0067,0.0000,200,8.7166
0.0069,0.0000,0.0000,0.0000,0.0069,0.0000,200,8.7166
0.0067,0.0000,0.0000,0.0000,0.0066,0.0001,200,8.7192
0.0064,0.0000,0.0000,0.0000,0.0064,0.0000,200,8.7196
0.0066,0.0000,0.0000,0.0000,0.0065,0.0001,200,8.7235
0.0080,0.0000,0.0000,0.0000,0.0079,0.0001,200,8.7234
0.0065,0.0000,0.0000,0.0000,0.0064,0.0000,200,8.7260
0.0066,0.0000,0.0000,0.0000,0.0065,0.0000,200,8.7259
0.0066,0.0000,0.0000,0.0000,0.0065,0.0001,200,8.7301
0.0063,0.0000,0.0000,0.0000,0.0062,0.0000,200,8.7314
0.0064,0.0000,0.0000,0.0000,0.0063,0.0000,200,8.7325
0.0065,0.0000,0.0000,0.0000,0.0064,0.0000,200,8.7325
0.0065,0.0000,0.0000,0.0000,0.0064,0.0000,200,8.7367
0.0062,0.0000,0.0000,0.0000,0.0061,0.0000,200,8.7378
0.0064,0.0000,0.0000,0.0000,0.0063,0.0000,200,8.7389
0.0064,0.0000,0.0000,0.0000,0.0063,0.0000,200,8.7390
0.0066,0.0000,0.0000,0.0000,0.0064,0.0002,200,8.7432
0.0064,0.0000,0.0000,0.0000,0.0063,0.0000,200,8.7439
0.0070,0.0000,0.0000,0.0000,0.0069,0.0001,200,8.7453
0.0071,0.0000,0.0000,0.0000,0.0070,0.0000,200,8.7453
0.0067,0.0000,0.0000,0.0000,0.0066,0.0001,200,8.7498
0.0064,0.0000,0.0000,0.0000,0.0064,0.0000,200,8.7503
0.0065,0.0000,0.0000,0.0000,0.0064,0.0000,200,8.7523
0.0064,0.0000,0.0000,0.0000,0.0063,0.0000,200,8.7524
0.0065,0.0000,0.0000,0.0000,0.0064,0.0001,200,8.7565
0.0066,0.0000,0.0000,0.0000,0.0065,0.0000,200,8.7567
0.0064,0.0000,0.0000,0.0000,0.0063,0.0001,200,8.7588
0.0065,0.0000,0.0000,0.0000,0.0064,0.0000,200,8.7588
0.0066,0.0000,0.0000,0.0000,0.0064,0.0001,200,8.7630
0.0063,0.0000,0.0000,0.0000,0.0062,0.0000,200,8.7633
0.0064,0.0000,0.0000,0.0000,0.0063,0.0000,200,8.7652
0.0065,0.0000,0.0000,0.0000,0.0064,0.0000,200,8.7652
0.0064,0.0000,0.0000,0.0000,0.0063,0.0001,200,8.7696
0.0065,0.0000,0.0000,0.0000,0.0065,0.0000,200,8.7696
0.0064,0.0000,0.0000,0.0000,0.0063,0.0001,200,8.7716
0.0065,0.0000,0.0000,0.0000,0.0065,0.0000,200,8.7717
0.0067,0.0000,0.0000,0.0000,0.0066,0.0001,200,8.7760
0.0073,0.0000,0.0000,0.0000,0.0072,0.0000,200,8.7761
0.0078,0.0000,0.0000,0.0000,0.0077,0.0001,200,8.7783
0.0085,0.0000,0.0000,0.0000,0.0084,0.0000,200,8.7780
0.0073,0.0000,0.0000,0.0000,0.0072,0.0001,200,8.7828
0.0071,0.0000,0.0000,0.0000,0.0063,0.0008,200,8.7834
0.0064,0.0000,0.0000,0.0000,0.0063,0.0001,200,8.7865
0.0071,0.0000,0.0000,0.0000,0.0070,0.0000,200,8.7860
0.0065,0.0000,0.0000,0.0000,0.0064,0.0001,200,8.7901
0.0064,0.0000,0.0000,0.0000,0.0063,0.0000,200,8.7905
0.0074,0.0000,0.0000,0.0000,0.0073,0.0001,200,8.7931
0.0078,0.0000,0.0000,0.0000,0.0077,0.0000,200,8.7929
0.0064,0.0000,0.0000,0.0000,0.0063,0.0001,200,8.7966
0.0063,0.0000,0.0000,0.0000,0.0062,0.0000,200,8.7969
0.0068,0.0000,0.0000,0.0000,0.0067,0.0000,200,8.8005
0.0066,0.0000,0.0000,0.0000,0.0066,0.0000,200,8.8007
0.0063,0.0000,0.0000,0.0000,0.0062,0.0001,200,8.8030
0.0064,0.0000,0.0000,0.0000,0.0063,0.0000,200,8.8032
0.0063,0.0000,0.0000,0.0000,0.0062,0.0000,200,8.8073
0.0065,0.0000,0.0000,0.0000,0.0064,0.0001,200,8.8073
0.0065,0.0000,0.0000,0.0000,0.0064,0.0001,200,8.8093
0.0063,0.0000,0.0000,0.0000,0.0062,0.0000,200,8.8096
0.0063,0.0000,0.0000,0.0000,0.0062,0.0001,200,8.8136
0.0070,0.0000,0.0000,0.0000,0.0070,0.0001,200,8.8138
0.0064,0.0000,0.0000,0.0000,0.0063,0.0001,200,8.8158
0.0064,0.0000,0.0000,0.0000,0.0063,0.0000,200,8.8158
0.0063,0.0000,0.0000,0.0000,0.0062,0.0000,200,8.8199
0.0064,0.0000,0.0000,0.0000,0.0063,0.0000,200,8.8209
0.0063,0.0000,0.0000,0.0000,0.0063,0.0000,200,8.8222
0.0065,0.0000,0.0000,0.0000,0.0064,0.0000,200,8.8222
0.0067,0.0000,0.0000,0.0000,0.0066,0.0001,200,8.8262
0.0063,0.0000,0.0000,0.0000,0.0062,0.0000,200,8.8272
0.0065,0.0000,0.0000,0.0000,0.0065,0.0000,200,8.8285
0.0064,0.0000,0.0000,0.0000,0.0064,0.0000,200,8.8287
0.0068,0.0000,0.0000,0.0000,0.0066,0.0001,200,8.8329
0.0073,0.0000,0.0000,0.0000,0.0072,0.0000,200,8.8335
0.0062,0.0000,0.0000,0.0000,0.0061,0.0000,200,8.8351
0.0066,0.0000,0.0000,0.0000,0.0065,0.0001,200,8.8351
0.0067,0.0000,0.0000,0.0000,0.0066,0.0001,200,8.8397
0.0064,0.0000,0.0000,0.0000,0.0063,0.0001,200,8.8408
0.0066,0.0000,0.0000,0.0000,0.0064,0.0001,200,8.8413
0.0062,0.0000,0.0000,0.0000,0.0061,0.0000,200,8.8417
0.0065,0.0000,0.0000,0.0000,0.0063,0.0001,200,8.8479
0.0073,0.0000,0.0000,0.0000,0.0072,0.0000,200,8.8472
0.0066,0.0000,0.0000,0.0000,0.0065,0.0001,200,8.8479
0.0081,0.0000,0.0000,0.0000,0.0080,0.0000,200,8.8464
0.0066,0.0000,0.0000,0.0000,0.0065,0.0001,200,8.8545
0.0066,0.0000,0.0000,0.0000,0.0065,0.0001,200,8.8545
0.0067,0.0000,0.0000,0.0000,0.0066,0.0001,200,8.8545
0.0075,0.0000,0.0000,0.0000,0.0074,0.0000,200,8.8544
0.0065,0.0000,0.0000,0.0000,0.0065,0.0001,200,8.8611
0.0066,0.0000,0.0000,0.0000,0.0065,0.0001,200,8.8611
0.0067,0.0000,0.0000,0.0000,0.0066,0.0000,200,8.8611
0.0065,0.0000,0.0000,0.0000,0.0064,0.0000,200,8.8619
0.0066,0.0000,0.0000,0.0000,0.0065,0.0001,200,8.8677
0.0067,0.0000,0.0000,0.0000,0.0066,0.0000,200,8.8678
0.0067,0.0000,0.0000,0.0000,0.0066,0.0001,200,8.8678
0.0061,0.0000,0.0000,0.0000,0.0060,0.0000,200,8.8684
0.0066,0.0000,0.0000,0.0000,0.0065,0.0001,200,8.8743
0.0064,0.0000,0.0000,0.0000,0.0064,0.0001,200,8.8745
0.0064,0.0000,0.0000,0.0000,0.0063,0.0001,200,8.8745
0.0065,0.0000,0.0000,0.0000,0.0065,0.0000,200,8.8744
0.0070,0.0000,0.0000,0.0000,0.0069,0.0001,200,8.8809
0.0070,0.0000,0.0000,0.0000,0.0069,0.0000,200,8.8809
0.0071,0.0000,0.0000,0.0000,0.0070,0.0000,200,8.8810
0.0072,0.0000,0.0000,0.0000,0.0071,0.0000,200,8.8809
0.0067,0.0000,0.0000,0.0000,0.0066,0.0001,200,8.8879
0.0065,0.0000,0.0000,0.0000,0.0064,0.0001,200,8.8881
0.0067,0.0000,0.0000,0.0000,0.0066,0.0000,200,8.8879
0.0066,0.0000,0.0000,0.0000,0.0066,0.0000,200,8.8880
0.0065,0.0000,0.0000,0.0000,0.0065,0.0001,200,8.8946
0.0065,0.0000,0.0000,0.0000,0.0065,0.0001,200,8.8946
0.0065,0.0000,0.0000,0.0000,0.0065,0.0001,200,8.8946
0.0067,0.0000,0.0000,0.0000,0.0066,0.0000,200,8.8946
0.0066,0.0000,0.0000,0.0000,0.0065,0.0000,200,8.9012
0.0065,0.0000,0.0000,0.0000,0.0063,0.0001,200,8.9013
0.0067,0.0000,0.0000,0.0000,0.0066,0.0001,200,8.9012
0.0067,0.0000,0.0000,0.0000,0.0066,0.0000,200,8.9012
0.0064,0.0000,0.0000,0.0000,0.0063,0.0001,200,8.9078
0.0065,0.0000,0.0000,0.0000,0.0063,0.0001,200,8.9078
0.0064,0.0000,0.0000,0.0000,0.0064,0.0000,200,8.9079
0.0089,0.0000,0.0000,0.0000,0.0088,0.0001,200,8.9078
0.0079,0.0000,0.0000,0.0000,0.0078,0.0000,200,8.9143
0.0080,0.0000,0.0000,0.0000,0.0079,0.0000,200,8.9142
0.0078,0.0000,0.0000,0.0000,0.0077,0.0001,200,8.9144
0.0066,0.0000,0.0000,0.0000,0.0065,0.0000,200,8.9167
0.0067,0.0000,0.0000,0.0000,0.0066,0.0001,200,8.9222
0.0067,0.0000,0.0000,0.0000,0.0066,0.0001,200,8.9222
0.0067,0.0000,0.0000,0.0000,0.0066,0.0001,200,8.9222
0.0072,0.0000,0.0000,0.0000,0.0071,0.0000,200,8.9233
0.0065,0.0000,0.0000,0.0000,0.0064,0.0001,200,8.9289
0.0067,0.0000,0.0000,0.0000,0.0067,0.0000,200,8.9289
0.0069,0.0000,0.0000,0.0000,0.0068,0.0000,200,8.9289
0.0079,0.0000,0.0000,0.0000,0.0078,0.0001,200,8.9306
0.0065,0.0000,0.0000,0.0000,0.0064,0.0001,200,8.9357
0.0068,0.0000,0.0000,0.0000,0.0067,0.0000,200,8.9354
0.0067,0.0000,0.0000,0.0000,0.0066,0.0001,200,8.9356
0.0065,0.0000,0.0000,0.0000,0.0064,0.0000,200,8.9385
0.0063,0.0000,0.0000,0.0000,0.0062,0.0000,200,8.9422
0.0067,0.0000,0.0000,0.0000,0.0066,0.0000,200,8.9423
0.0087,0.0000,0.0000,0.0000,0.0085,0.0001,200,8.9423
0.0064,0.0000,0.0000,0.0000,0.0063,0.0000,200,8.9449
0.0070,0.0000,0.0000,0.0000,0.0069,0.0001,200,8.9485
0.0083,0.0000,0.0000,0.0000,0.0082,0.0001,200,8.9489
0.0066,0.0000,0.0000,0.0000,0.0065,0.0000,200,8.9510
0.0079,0.0000,0.0000,0.0000,0.0078,0.0000,200,8.9513
0.0064,0.0000,0.0000,0.0000,0.0063,0.0001,200,8.9555
0.0066,0.0000,0.0000,0.0000,0.0065,0.0001,200,8.9573
0.0063,0.0000,0.0000,0.0000,0.0062,0.0000,200,8.9576
0.0062,0.0000,0.0000,0.0000,0.0062,0.0000,200,8.9592
0.0068,0.0000,0.0000,0.0000,0.0067,0.0001,200,8.9619
0.0064,0.0000,0.0000,0.0000,0.0064,0.0000,200,8.9638
0.0064,0.0000,0.0000,0.0000,0.0064,0.0000,200,8.9639
0.0067,0.0000,0.0000,0.0000,0.0066,0.0001,200,8.9654
0.0066,0.0000,0.0000,0.0000,0.0065,0.0001,200,8.9687
0.0086,0.0000,0.0000,0.0000,0.0085,0.0001,200,8.9703
0.0069,0.0000,0.0000,0.0000,0.0068,0.0000,200,8.9721
0.0087,0.0000,0.0000,0.0000,0.0086,0.0001,200,8.9704
0.0062,0.0000,0.0000,0.0000,0.0062,0.0000,200,8.9753
0.0066,0.0000,0.0000,0.0000,0.0065,0.0001,200,8.9789
0.0067,0.0000,0.0000,0.0000,0.0066,0.0000,200,8.9791
0.0068,0.0000,0.0000,0.0000,0.0068,0.0000,200,8.9790
0.0067,0.0000,0.0000,0.0000,0.0066,0.0001,200,8.9815
0.0067,0.0000,0.0000,0.0000,0.0066,0.0001,200,8.9855
0.0067,0.0000,0.0000,0.0000,0.0066,0.0000,200,8.9857
0.0066,0.0000,0.0000,0.0000,0.0065,0.0000,200,8.9858
0.0063,0.0000,0.0000,0.0000,0.0062,0.0000,200,8.9882
0.0065,0.0000,0.0000,0.0000,0.0064,0.0001,200,8.9924
0.0066,0.0000,0.0000,0.0000,0.0066,0.0000,200,8.9924
0.0068,0.0000,0.0000,0.0000,0.0067,0.0000,200,8.9923
0.0062,0.0000,0.0000,0.0000,0.0062,0.0001,200,8.9945
0.0064,0.0000,0.0000,0.0000,0.0063,0.0001,200,8.9989
0.0066,0.0000,0.0000,0.0000,0.0065,0.0000,200,8.9991
0.0072,0.0000,0.0000,0.0000,0.0071,0.0000,200,8.9990
0.0063,0.0000,0.0000,0.0000,0.0062,0.0001,200,9.0008
0.0068,0.0000,0.0000,0.0000,0.0067,0.0001,200,9.0053
0.0073,0.0000,0.0000,0.0000,0.0072,0.0001,200,9.0056
0.0071,0.0000,0.0000,0.0000,0.0070,0.0000,200,9.0062
0.0096,0.0000,0.0000,0.0000,0.0095,0.0001,200,9.0071
0.0068,0.0000,0.0000,0.0000,0.0067,0.0001,200,9.0121
0.0064,0.0000,0.0000,0.0000,0.0063,0.0000,200,9.0129
0.0064,0.0000,0.0000,0.0000,0.0063,0.0000,200,9.0133
0.0069,0.0000,0.0000,0.0000,0.0068,0.0001,200,9.0167
0.0064,0.0000,0.0000,0.0000,0.0063,0.0001,200,9.0193
0.0067,0.0000,0.0000,0.0000,0.0066,0.0000,200,9.0197
0.0074,0.0000,0.0000,0.0000,0.0073,0.0000,200,9.0189
0.0090,0.0000,0.0000,0.0000,0.0089,0.0001,200,9.0236
0.0069,0.0000,0.0000,0.0000,0.0068,0.0000,200,9.0258
0.0069,0.0000,0.0000,0.0000,0.0069,0.0000,200,9.0263
0.0070,0.0000,0.0000,0.0000,0.0069,0.0001,200,9.0263
0.0068,0.0000,0.0000,0.0000,0.0067,0.0001,200,9.0326
0.0072,0.0000,0.0000,0.0000,0.0071,0.0001,200,9.0326
0.0069,0.0000,0.0000,0.0001,0.0067,0.0002,200,9.0333
0.0080,0.0000,0.0000,0.0000,0.0073,0.0000,200,9.0333
0.0076,0.0000,0.0000,0.0000,0.0074,0.0001,200,9.0394
0.0095,0.0000,0.0000,0.0000,0.0094,0.0001,200,9.0398
0.0081,0.0000,0.0000,0.0000,0.0081,0.0000,200,9.0412
0.0095,0.0000,0.0000,0.0000,0.0094,0.0000,200,9.0402
0.0093,0.0000,0.0000,0.0000,0.0092,0.0000,200,9.0469
0.0070,0.0000,0.0000,0.0000,0.0069,0.0001,200,9.0493
0.0066,0.0000,0.0000,0.0000,0.0065,0.0000,200,9.0497
0.0069,0.0000,0.0000,0.0000,0.0068,0.0000,200,9.0494
0.0065,0.0000,0.0000,0.0000,0.0064,0.0001,200,9.0563
0.0066,0.0000,0.0000,0.0000,0.0065,0.0000,200,9.0563
0.0066,0.0000,0.0000,0.0000,0.0066,0.0000,200,9.0563
0.0067,0.0000,0.0000,0.0000,0.0066,0.0000,200,9.0563
0.0066,0.0000,0.0000,0.0000,0.0065,0.0001,200,9.0629
0.0065,0.0000,0.0000,0.0000,0.0064,0.0000,200,9.0629
0.0068,0.0000,0.0000,0.0000,0.0067,0.0000,200,9.0628
0.0066,0.0000,0.0000,0.0000,0.0066,0.0000,200,9.0629
0.0065,0.0000,0.0000,0.0000,0.0064,0.0000,200,9.0695
0.0066,0.0000,0.0000,0.0000,0.0065,0.0000,200,9.0694
0.0066,0.0000,0.0000,0.0000,0.0065,0.0001,200,9.0695
0.0065,0.0000,0.0000,0.0000,0.0065,0.0000,200,9.0695
0.0065,0.0000,0.0000,0.0000,0.0064,0.0001,200,9.0761
0.0066,0.0000,0.0000,0.0000,0.0065,0.0000,200,9.0761
0.0065,0.0000,0.0000,0.0000,0.0065,0.0000,200,9.0761
0.0066,0.0000,0.0000,0.0000,0.0065,0.0000,200,9.0761
0.0068,0.0000,0.0000,0.0000,0.0067,0.0000,200,9.0826
0.0068,0.0000,0.0000,0.0000,0.0066,0.0001,200,9.0826
0.0069,0.0000,0.0000,0.0000,0.0067,0.0002,200,9.0826
0.0109,0.0000,0.0000,0.0000,0.0103,0.0006,200,9.0826
0.0070,0.0000,0.0000,0.0000,0.0069,0.0001,200,9.0895
0.0073,0.0000,0.0000,0.0000,0.0072,0.0000,200,9.0894
0.0073,0.0000,0.0000,0.0000,0.0072,0.0000,200,9.0894
0.0070,0.0000,0.0000,0.0000,0.0069,0.0001,200,9.0935
0.0065,0.0000,0.0000,0.0000,0.0064,0.0001,200,9.0967
0.0067,0.0000,0.0000,0.0000,0.0066,0.0000,200,9.0967
0.0074,0.0000,0.0000,0.0000,0.0067,0.0000,200,9.0965
0.0076,0.0000,0.0000,0.0000,0.0075,0.0001,200,9.1006
0.0063,0.0000,0.0000,0.0000,0.0062,0.0000,200,9.1032
0.0068,0.0000,0.0000,0.0000,0.0067,0.0001,200,9.1034
0.0063,0.0000,0.0000,0.0000,0.0062,0.0000,200,9.1039
0.0068,0.0000,0.0000,0.0000,0.0067,0.0001,200,9.1082
0.0062,0.0000,0.0000,0.0000,0.0061,0.0000,200,9.1094
0.0067,0.0000,0.0000,0.0000,0.0066,0.0000,200,9.1101
0.0067,0.0000,0.0000,0.0000,0.0066,0.0000,200,9.1102
0.0065,0.0000,0.0000,0.0000,0.0063,0.0001,200,9.1150
0.0061,0.0000,0.0000,0.0000,0.0060,0.0000,200,9.1157
0.0064,0.0000,0.0000,0.0000,0.0063,0.0000,200,9.1168
0.0064,0.0000,0.0000,0.0000,0.0063,0.0000,200,9.1169
0.0072,0.0000,0.0000,0.0000,0.0070,0.0001,200,9.1215
0.0072,0.0000,0.0000,0.0000,0.0071,0.0000,200,9.1218
0.0066,0.0000,0.0000,0.0000,0.0066,0.0001,200,9.1232
0.0071,0.0000,0.0000,0.0000,0.0070,0.0000,200,9.1232
0.0069,0.0000,0.0000,0.0000,0.0068,0.0001,200,9.1287
0.0068,0.0000,0.0000,0.0000,0.0067,0.0000,200,9.1289
0.0074,0.0000,0.0000,0.0004,0.0069,0.0000,200,9.1303
0.0078,0.0000,0.0000,0.0000,0.0077,0.0001,200,9.1299
0.0067,0.0000,0.0000,0.0000,0.0065,0.0001,200,9.1356
0.0066,0.0000,0.0000,0.0000,0.0066,0.0000,200,9.1357
0.0074,0.0000,0.0000,0.0000,0.0073,0.0001,200,9.1377
0.0074,0.0000,0.0000,0.0000,0.0073,0.0000,200,9.1377
0.0075,0.0000,0.0000,0.0000,0.0074,0.0001,200,9.1424
0.0087,0.0000,0.0000,0.0000,0.0086,0.0000,200,9.1423
0.0070,0.0000,0.0000,0.0000,0.0069,0.0001,200,9.1451
0.0073,0.0000,0.0000,0.0000,0.0072,0.0000,200,9.1451
0.0071,0.0000,0.0000,0.0000,0.0070,0.0001,200,9.1499
0.0069,0.0000,0.0000,0.0000,0.0068,0.0001,200,9.1510
0.0068,0.0000,0.0000,0.0000,0.0067,0.0001,200,9.1521
0.0071,0.0000,0.0000,0.0000,0.0071,0.0000,200,9.1524
0.0082,0.0000,0.0000,0.0000,0.0079,0.0002,200,9.1570
0.0073,0.0000,0.0000,0.0000,0.0072,0.0000,200,9.1578
0.0063,0.0000,0.0000,0.0000,0.0062,0.0000,200,9.1590
0.0064,0.0000,0.0000,0.0000,0.0063,0.0000,200,9.1596
0.0066,0.0000,0.0000,0.0000,0.0065,0.0001,200,9.1653
0.0068,0.0000,0.0000,0.0000,0.0068,0.0000,200,9.1651
0.0069,0.0000,0.0000,0.0003,0.0064,0.0000,200,9.1652
0.0065,0.0000,0.0000,0.0000,0.0065,0.0000,200,9.1660
0.0073,0.0000,0.0000,0.0000,0.0072,0.0001,200,9.1720
0.0074,0.0000,0.0000,0.0000,0.0073,0.0001,200,9.1719
0.0073,0.0000,0.0000,0.0000,0.0073,0.0000,200,9.1721
0.0069,0.0000,0.0000,0.0000,0.0068,0.0000,200,9.1725
0.0080,0.0000,0.0000,0.0000,0.0079,0.0000,200,9.1793
0.0082,0.0000,0.0000,0.0000,0.0078,0.0003,200,9.1793
0.0081,0.0000,0.0000,0.0000,0.0080,0.0000,200,9.1794
0.0081,0.0000,0.0000,0.0000,0.0080,0.0000,200,9.1794
0.0073,0.0000,0.0000,0.0000,0.0072,0.0001,200,9.1873
0.0074,0.0000,0.0000,0.0000,0.0073,0.0000,200,9.1874
0.0076,0.0000,0.0000,0.0000,0.0075,0.0000,200,9.1874
0.0076,0.0000,0.0000,0.0000,0.0075,0.0000,200,9.1875
0.0067,0.0000,0.0000,0.0000,0.0066,0.0001,200,9.1948
0.0070,0.0000,0.0000,0.0000,0.0069,0.0000,200,9.1946
0.0065,0.0000,0.0000,0.0000,0.0064,0.0001,200,9.1951
0.0068,0.0000,0.0000,0.0000,0.0067,0.0000,200,9.1950
0.0066,0.0000,0.0000,0.0000,0.0065,0.0001,200,9.2016
0.0068,0.0000,0.0000,0.0000,0.0067,0.0000,200,9.2016
0.0067,0.0000,0.0000,0.0000,0.0066,0.0000,200,9.2017
0.0076,0.0000,0.0000,0.0000,0.0075,0.0001,200,9.2016
0.0065,0.0000,0.0000,0.0000,0.0064,0.0001,200,9.2084
0.0065,0.0000,0.0000,0.0000,0.0064,0.0001,200,9.2084
0.0067,0.0000,0.0000,0.0000,0.0066,0.0000,200,9.2082
0.0085,0.0000,0.0000,0.0000,0.0084,0.0001,200,9.2092
0.0065,0.0000,0.0000,0.0000,0.0064,0.0000,200,9.2149
0.0066,0.0000,0.0000,0.0000,0.0065,0.0000,200,9.2149
0.0065,0.0000,0.0000,0.0000,0.0064,0.0000,200,9.2149
0.0067,0.0000,0.0000,0.0000,0.0066,0.0001,200,9.2177
0.0066,0.0000,0.0000,0.0000,0.0064,0.0001,200,9.2214
0.0069,0.0000,0.0000,0.0000,0.0068,0.0000,200,9.2214
0.0070,0.0000,0.0000,0.0000,0.0069,0.0001,200,9.2214
0.0082,0.0000,0.0000,0.0000,0.0080,0.0001,200,9.2243
0.0070,0.0000,0.0000,0.0000,0.0069,0.0001,200,9.2284
0.0076,0.0000,0.0000,0.0000,0.0075,0.0001,200,9.2283
0.0080,0.0000,0.0000,0.0000,0.0079,0.0000,200,9.2280
0.0075,0.0000,0.0000,0.0000,0.0074,0.0001,200,9.2325
0.0068,0.0000,0.0000,0.0000,0.0066,0.0002,200,9.2354
0.0069,0.0000,0.0000,0.0000,0.0068,0.0000,200,9.2359
0.0068,0.0000,0.0000,0.0000,0.0067,0.0001,200,9.2361
0.0079,0.0000,0.0000,0.0000,0.0078,0.0001,200,9.2400
0.0066,0.0000,0.0000,0.0000,0.0065,0.0000,200,9.2422
0.0068,0.0000,0.0000,0.0000,0.0067,0.0000,200,9.2428
0.0069,0.0000,0.0000,0.0000,0.0068,0.0001,200,9.2428
0.0079,0.0000,0.0000,0.0000,0.0078,0.0001,200,9.2479
0.0066,0.0000,0.0000,0.0000,0.0064,0.0001,200,9.2497
0.0067,0.0000,0.0000,0.0000,0.0066,0.0000,200,9.2496
0.0080,0.0000,0.0000,0.0000,0.0079,0.0000,200,9.2488
0.0068,0.0000,0.0000,0.0000,0.0067,0.0001,200,9.2558
0.0065,0.0000,0.0000,0.0000,0.0064,0.0001,200,9.2563
0.0067,0.0000,0.0000,0.0000,0.0066,0.0000,200,9.2563
0.0066,0.0000,0.0000,0.0000,0.0065,0.0000,200,9.2568
0.0064,0.0000,0.0000,0.0000,0.0063,0.0001,200,9.2630
0.0068,0.0000,0.0000,0.0000,0.0067,0.0000,200,9.2628
0.0071,0.0000,0.0000,0.0000,0.0070,0.0000,200,9.2626
0.0110,0.0000,0.0000,0.0000,0.0109,0.0001,200,9.2633
0.0067,0.0000,0.0000,0.0000,0.0066,0.0001,200,9.2694
0.0068,0.0000,0.0000,0.0000,0.0067,0.0000,200,9.2697
0.0073,0.0000,0.0000,0.0000,0.0072,0.0000,200,9.2696
0.0068,0.0000,0.0000,0.0000,0.0067,0.0001,200,9.2743
0.0069,0.0000,0.0000,0.0000,0.0068,0.0001,200,9.2761
0.0068,0.0000,0.0000,0.0000,0.0068,0.0000,200,9.2765
0.0104,0.0000,0.0000,0.0000,0.0103,0.0001,200,9.2769
0.0068,0.0000,0.0000,0.0000,0.0067,0.0001,200,9.2811
0.0066,0.0000,0.0000,0.0000,0.0064,0.0001,200,9.2831
0.0064,0.0000,0.0000,0.0000,0.0064,0.0000,200,9.2833
0.0067,0.0000,0.0000,0.0000,0.0066,0.0001,200,9.2873
0.0083,0.0000,0.0000,0.0000,0.0082,0.0001,200,9.2879
0.0067,0.0000,0.0000,0.0000,0.0066,0.0000,200,9.2897
0.0068,0.0000,0.0000,0.0000,0.0067,0.0000,200,9.2897
0.0086,0.0000,0.0000,0.0000,0.0084,0.0001,200,9.2940
0.0065,0.0000,0.0000,0.0000,0.0064,0.0000,200,9.2963
0.0064,0.0000,0.0000,0.0000,0.0064,0.0000,200,9.2964
0.0068,0.0000,0.0000,0.0000,0.0067,0.0001,200,9.2964
0.0073,0.0000,0.0000,0.0000,0.0072,0.0001,200,9.3026
0.0074,0.0000,0.0000,0.0000,0.0073,0.0001,200,9.3028
0.0080,0.0000,0.0000,0.0000,0.0078,0.0001,200,9.3028
0.0079,0.0000,0.0000,0.0000,0.0078,0.0000,200,9.3032
0.0080,0.0000,0.0000,0.0000,0.0079,0.0001,200,9.3099
0.0071,0.0000,0.0000,0.0000,0.0070,0.0001,200,9.3111
0.0076,0.0000,0.0000,0.0000,0.0075,0.0000,200,9.3108
0.0090,0.0000,0.0000,0.0000,0.0089,0.0000,200,9.3102
0.0074,0.0000,0.0000,0.0000,0.0073,0.0001,200,9.3179
0.0071,0.0000,0.0000,0.0000,0.0070,0.0000,200,9.3184
0.0073,0.0000,0.0000,0.0000,0.0072,0.0000,200,9.3182
0.0067,0.0000,0.0000,0.0000,0.0066,0.0000,200,9.3192
0.0066,0.0000,0.0000,0.0000,0.0065,0.0001,200,9.3254
0.0066,0.0000,0.0000,0.0000,0.0065,0.0000,200,9.3255
0.0068,0.0000,0.0000,0.0000,0.0067,0.0000,200,9.3253
0.0063,0.0000,0.0000,0.0000,0.0063,0.0000,200,9.3259
0.0065,0.0000,0.0000,0.0000,0.0064,0.0001,200,9.3320
0.0064,0.0000,0.0000,0.0000,0.0063,0.0000,200,9.3322
0.0066,0.0000,0.0000,0.0000,0.0065,0.0000,200,9.3320
0.0067,0.0000,0.0000,0.0000,0.0066,0.0000,200,9.3321
0.0068,0.0000,0.0000,0.0000,0.0067,0.0001,200,9.3386
0.0066,0.0000,0.0000,0.0000,0.0065,0.0001,200,9.3388
0.0069,0.0000,0.0000,0.0000,0.0068,0.0000,200,9.3386
0.0068,0.0000,0.0000,0.0000,0.0067,0.0001,200,9.3386
0.0067,0.0000,0.0000,0.0000,0.0066,0.0001,200,9.3454
0.0067,0.0000,0.0000,0.0000,0.0066,0.0001,200,9.3454
0.0069,0.0000,0.0000,0.0000,0.0068,0.0000,200,9.3454
0.0089,0.0000,0.0000,0.0000,0.0088,0.0001,200,9.3454
0.0070,0.0000,0.0000,0.0000,0.0069,0.0001,200,9.3522
0.0070,0.0000,0.0000,0.0000,0.0069,0.0000,200,9.3523
0.0077,0.0000,0.0000,0.0000,0.0076,0.0000,200,9.3522
0.0100,0.0000,0.0000,0.0000,0.0099,0.0001,200,9.3543
0.0066,0.0000,0.0000,0.0000,0.0065,0.0001,200,9.3592
0.0068,0.0000,0.0000,0.0000,0.0067,0.0000,200,9.3592
0.0102,0.0000,0.0000,0.0000,0.0101,0.0001,200,9.3598
0.0078,0.0000,0.0000,0.0000,0.0076,0.0001,200,9.3643
0.0066,0.0000,0.0000,0.0000,0.0065,0.0000,200,9.3660
0.0067,0.0000,0.0000,0.0000,0.0066,0.0001,200,9.3658
0.0071,0.0000,0.0000,0.0000,0.0070,0.0001,200,9.3700
0.0069,0.0000,0.0000,0.0000,0.0068,0.0000,200,9.3721
0.0064,0.0000,0.0000,0.0000,0.0064,0.0000,200,9.3725
0.0067,0.0000,0.0000,0.0000,0.0066,0.0000,200,9.3725
0.0068,0.0000,0.0000,0.0000,0.0067,0.0001,200,9.3771
0.0067,0.0000,0.0000,0.0000,0.0066,0.0001,200,9.3790
0.0069,0.0000,0.0000,0.0000,0.0068,0.0000,200,9.3790
0.0068,0.0000,0.0000,0.0000,0.0067,0.0000,200,9.3792
0.0069,0.0000,0.0000,0.0000,0.0068,0.0001,200,9.3840
0.0064,0.0000,0.0000,0.0000,0.0063,0.0000,200,9.3859
0.0063,0.0000,0.0000,0.0000,0.0062,0.0000,200,9.3860
0.0080,0.0000,0.0000,0.0000,0.0079,0.0000,200,9.3857
0.0068,0.0000,0.0000,0.0000,0.0067,0.0001,200,9.3909
0.0065,0.0000,0.0000,0.0000,0.0064,0.0000,200,9.3923
0.0067,0.0000,0.0000,0.0000,0.0067,0.0000,200,9.3923
0.0064,0.0000,0.0000,0.0000,0.0063,0.0000,200,9.3937
0.0069,0.0000,0.0000,0.0001,0.0067,0.0001,200,9.3977
0.0065,0.0000,0.0000,0.0000,0.0065,0.0000,200,9.3988
0.0068,0.0000,0.0000,0.0000,0.0067,0.0001,200,9.3990
0.0073,0.0000,0.0000,0.0000,0.0072,0.0001,200,9.4001
0.0071,0.0000,0.0000,0.0000,0.0070,0.0001,200,9.4046
0.0075,0.0000,0.0000,0.0000,0.0073,0.0001,200,9.4058
0.0080,0.0000,0.0000,0.0000,0.0079,0.0000,200,9.4053
0.0070,0.0000,0.0000,0.0000,0.0069,0.0001,200,9.4074
0.0069,0.0000,0.0000,0.0000,0.0068,0.0001,200,9.4117
0.0065,0.0000,0.0000,0.0000,0.0063,0.0002,200,9.4133
0.0069,0.0000,0.0000,0.0000,0.0068,0.0001,200,9.4133
0.0066,0.0000,0.0000,0.0000,0.0065,0.0000,200,9.4144
0.0066,0.0000,0.0000,0.0000,0.0065,0.0001,200,9.4186
0.0069,0.0000,0.0000,0.0000,0.0068,0.0001,200,9.4198
0.0067,0.0000,0.0000,0.0000,0.0066,0.0000,200,9.4202
0.0074,0.0000,0.0000,0.0000,0.0072,0.0001,200,9.4209
0.0065,0.0000,0.0000,0.0000,0.0064,0.0000,200,9.4251
0.0062,0.0000,0.0000,0.0000,0.0061,0.0001,200,9.4267
0.0069,0.0000,0.0000,0.0000,0.0069,0.0000,200,9.4269
0.0073,0.0000,0.0000,0.0000,0.0072,0.0000,200,9.4283
0.0074,0.0000,0.0000,0.0000,0.0073,0.0001,200,9.4317
0.0073,0.0000,0.0000,0.0000,0.0072,0.0001,200,9.4330
0.0071,0.0000,0.0000,0.0000,0.0070,0.0000,200,9.4339
0.0065,0.0000,0.0000,0.0000,0.0064,0.0000,200,9.4356
0.0064,0.0000,0.0000,0.0000,0.0064,0.0000,200,9.4391
0.0065,0.0000,0.0000,0.0000,0.0064,0.0001,200,9.4403
0.0064,0.0000,0.0000,0.0000,0.0063,0.0000,200,9.4410
0.0062,0.0000,0.0000,0.0000,0.0061,0.0000,200,9.4420
0.0066,0.0000,0.0000,0.0000,0.0065,0.0001,200,9.4455
0.0065,0.0000,0.0000,0.0000,0.0063,0.0002,200,9.4474
0.0076,0.0000,0.0000,0.0000,0.0074,0.0001,200,9.4468
0.0063,0.0000,0.0000,0.0000,0.0063,0.0000,200,9.4482
0.0072,0.0000,0.0000,0.0000,0.0071,0.0001,200,9.4521
0.0067,0.0000,0.0000,0.0000,0.0065,0.0001,200,9.4544
0.0065,0.0000,0.0000,0.0000,0.0065,0.0000,200,9.4546
0.0085,0.0000,0.0000,0.0000,0.0084,0.0000,200,9.4539
0.0065,0.0000,0.0000,0.0000,0.0064,0.0000,200,9.4594
0.0069,0.0000,0.0000,0.0000,0.0069,0.0000,200,9.4611
0.0070,0.0000,0.0000,0.0000,0.0069,0.0001,200,9.4611
0.0070,0.0000,0.0000,0.0000,0.0069,0.0001,200,9.4624
0.0070,0.0000,0.0000,0.0000,0.0070,0.0001,200,9.4659
0.0070,0.0000,0.0000,0.0000,0.0068,0.0002,200,9.4681
0.0070,0.0000,0.0000,0.0000,0.0070,0.0000,200,9.4681
0.0065,0.0000,0.0000,0.0000,0.0064,0.0000,200,9.4693
0.0067,0.0000,0.0000,0.0000,0.0067,0.0000,200,9.4729
0.0065,0.0000,0.0000,0.0000,0.0064,0.0000,200,9.4751
0.0066,0.0000,0.0000,0.0000,0.0065,0.0000,200,9.4751
0.0062,0.0000,0.0000,0.0000,0.0062,0.0000,200,9.4758
0.0068,0.0000,0.0000,0.0000,0.0068,0.0001,200,9.4816
0.0068,0.0000,0.0000,0.0000,0.0067,0.0001,200,9.4817
0.0088,0.0000,0.0000,0.0000,0.0085,0.0003,200,9.4797
0.0065,0.0000,0.0000,0.0000,0.0065,0.0000,200,9.4821
0.0069,0.0000,0.0000,0.0000,0.0068,0.0001,200,9.4884
0.0067,0.0000,0.0000,0.0000,0.0066,0.0001,200,9.4886
0.0069,0.0000,0.0000,0.0000,0.0068,0.0001,200,9.4884
0.0108,0.0000,0.0000,0.0000,0.0107,0.0001,200,9.4885
0.0065,0.0000,0.0000,0.0000,0.0064,0.0001,200,9.4953
0.0067,0.0000,0.0000,0.0000,0.0066,0.0000,200,9.4953
0.0079,0.0000,0.0000,0.0000,0.0078,0.0000,200,9.4953
0.0066,0.0000,0.0000,0.0000,0.0064,0.0001,200,9.4994
0.0076,0.0000,0.0000,0.0000,0.0076,0.0000,200,9.5021
0.0078,0.0000,0.0000,0.0000,0.0077,0.0001,200,9.5018
0.0073,0.0000,0.0000,0.0000,0.0072,0.0001,200,9.5033
0.0074,0.0000,0.0000,0.0000,0.0072,0.0001,200,9.5059
0.0073,0.0000,0.0000,0.0000,0.0072,0.0000,200,9.5097
0.0066,0.0000,0.0000,0.0000,0.0065,0.0000,200,9.5106
0.0085,0.0000,0.0000,0.0000,0.0084,0.0000,200,9.5097
0.0067,0.0000,0.0000,0.0000,0.0066,0.0000,200,9.5133
0.0064,0.0000,0.0000,0.0000,0.0063,0.0001,200,9.5172
0.0070,0.0000,0.0000,0.0000,0.0069,0.0001,200,9.5169
0.0064,0.0000,0.0000,0.0000,0.0063,0.0000,200,9.5182
0.0069,0.0000,0.0000,0.0000,0.0068,0.0001,200,9.5200
0.0070,0.0000,0.0000,0.0000,0.0069,0.0001,200,9.5236
0.0068,0.0000,0.0000,0.0000,0.0067,0.0000,200,9.5239
0.0070,0.0000,0.0000,0.0000,0.0069,0.0001,200,9.5246
0.0072,0.0000,0.0000,0.0000,0.0070,0.0000,200,9.5270
0.0065,0.0000,0.0000,0.0000,0.0064,0.0000,200,9.5306
0.0066,0.0000,0.0000,0.0000,0.0065,0.0000,200,9.5307
0.0065,0.0000,0.0000,0.0000,0.0064,0.0000,200,9.5316
0.0068,0.0000,0.0000,0.0000,0.0067,0.0001,200,9.5341
0.0069,0.0000,0.0000,0.0000,0.0068,0.0000,200,9.5371
0.0067,0.0000,0.0000,0.0000,0.0066,0.0001,200,9.5373
0.0063,0.0000,0.0000,0.0000,0.0062,0.0000,200,9.5380
0.0080,0.0000,0.0000,0.0000,0.0078,0.0001,200,9.5409
0.0070,0.0000,0.0000,0.0000,0.0069,0.0001,200,9.5439
0.0066,0.0000,0.0000,0.0000,0.0065,0.0000,200,9.5444
0.0072,0.0000,0.0000,0.0000,0.0071,0.0000,200,9.5439
0.0067,0.0000,0.0000,0.0000,0.0065,0.0001,200,9.5509
0.0067,0.0000,0.0000,0.0000,0.0066,0.0001,200,9.5510
0.0089,0.0000,0.0000,0.0000,0.0088,0.0000,200,9.5489
0.0066,0.0000,0.0000,0.0000,0.0066,0.0000,200,9.5512
0.0071,0.0000,0.0000,0.0000,0.0070,0.0001,200,9.5576
0.0069,0.0000,0.0000,0.0000,0.0069,0.0000,200,9.5578
0.0073,0.0000,0.0000,0.0000,0.0073,0.0000,200,9.5578
0.0077,0.0000,0.0000,0.0000,0.0076,0.0001,200,9.5577
0.0068,0.0000,0.0000,0.0000,0.0067,0.0001,200,9.5647
0.0069,0.0000,0.0000,0.0000,0.0068,0.0000,200,9.5647
0.0069,0.0000,0.0000,0.0000,0.0069,0.0000,200,9.5651
0.0071,0.0000,0.0000,0.0001,0.0070,0.0000,200,9.5654
0.0066,0.0000,0.0000,0.0000,0.0066,0.0001,200,9.5720
0.0071,0.0000,0.0000,0.0000,0.0070,0.0001,200,9.5715
0.0072,0.0000,0.0000,0.0000,0.0071,0.0000,200,9.5716
0.0063,0.0000,0.0000,0.0000,0.0062,0.0000,200,9.5725
0.0066,0.0000,0.0000,0.0000,0.0065,0.0001,200,9.5788
0.0066,0.0000,0.0000,0.0000,0.0065,0.0001,200,9.5788
0.0067,0.0000,0.0000,0.0000,0.0066,0.0001,200,9.5787
0.0068,0.0000,0.0000,0.0000,0.0067,0.0000,200,9.5787
0.0067,0.0000,0.0000,0.0000,0.0066,0.0001,200,9.5854
0.0067,0.0000,0.0000,0.0000,0.0067,0.0000,200,9.5854
0.0068,0.0000,0.0000,0.0000,0.0067,0.0000,200,9.5854
0.0068,0.0000,0.0000,0.0000,0.0067,0.0001,200,9.5855
0.0066,0.0000,0.0000,0.0000,0.0065,0.0001,200,9.5922
0.0066,0.0000,0.0000,0.0000,0.0065,0.0001,200,9.5921
0.0067,0.0000,0.0000,0.0000,0.0067,0.0000,200,9.5921
0.0066,0.0000,0.0000,0.0000,0.0065,0.0001,200,9.5922
0.0065,0.0000,0.0000,0.0000,0.0064,0.0001,200,9.5988
0.0066,0.0000,0.0000,0.0000,0.0065,0.0000,200,9.5988
0.0067,0.0000,0.0000,0.0000,0.0066,0.0000,200,9.5988
0.0068,0.0000,0.0000,0.0000,0.0067,0.0000,200,9.5988
0.0066,0.0000,0.0000,0.0000,0.0065,0.0001,200,9.6054
0.0066,0.0000,0.0000,0.0000,0.0065,0.0000,200,9.6056
0.0069,0.0000,0.0000,0.0000,0.0068,0.0000,200,9.6053
0.0070,0.0000,0.0000,0.0000,0.0069,0.0000,200,9.6054
0.0063,0.0000,0.0000,0.0000,0.0063,0.0001,200,9.6124
0.0068,0.0000,0.0000,0.0000,0.0066,0.0001,200,9.6120
0.0066,0.0000,0.0000,0.0000,0.0066,0.0000,200,9.6121
0.0076,0.0000,0.0000,0.0000,0.0072,0.0003,200,9.6122
0.0067,0.0000,0.0000,0.0000,0.0066,0.0001,200,9.6187
0.0068,0.0000,0.0000,0.0000,0.0066,0.0001,200,9.6187
0.0073,0.0000,0.0000,0.0000,0.0072,0.0000,200,9.6188
0.0064,0.0000,0.0000,0.0000,0.0062,0.0001,200,9.6198
0.0070,0.0000,0.0000,0.0000,0.0069,0.0001,200,9.6255
0.0071,0.0000,0.0000,0.0000,0.0070,0.0001,200,9.6254
0.0066,0.0000,0.0000,0.0000,0.0066,0.0000,200,9.6261
0.0089,0.0000,0.0000,0.0000,0.0088,0.0001,200,9.6262
0.0066,0.0000,0.0000,0.0000,0.0066,0.0000,200,9.6325
0.0066,0.0000,0.0000,0.0000,0.0066,0.0000,200,9.6325
0.0065,0.0000,0.0000,0.0000,0.0065,0.0000,200,9.6327
0.0065,0.0000,0.0000,0.0000,0.0064,0.0001,200,9.6351
0.0067,0.0000,0.0000,0.0000,0.0066,0.0001,200,9.6392
0.0072,0.0000,0.0000,0.0000,0.0071,0.0000,200,9.6392
0.0071,0.0000,0.0000,0.0000,0.0071,0.0000,200,9.6392
0.0065,0.0000,0.0000,0.0000,0.0064,0.0001,200,9.6416
0.0064,0.0000,0.0000,0.0000,0.0063,0.0000,200,9.6459
0.0078,0.0000,0.0000,0.0000,0.0077,0.0001,200,9.6463
0.0079,0.0000,0.0000,0.0000,0.0079,0.0000,200,9.6463
0.0064,0.0000,0.0000,0.0000,0.0063,0.0000,200,9.6481
0.0063,0.0000,0.0000,0.0000,0.0062,0.0000,200,9.6522
0.0061,0.0000,0.0000,0.0000,0.0060,0.0000,200,9.6545
0.0065,0.0000,0.0000,0.0000,0.0064,0.0000,200,9.6542
0.0064,0.0000,0.0000,0.0000,0.0063,0.0000,200,9.6543
0.0066,0.0000,0.0000,0.0000,0.0065,0.0001,200,9.6586
0.0063,0.0000,0.0000,0.0000,0.0063,0.0001,200,9.6606
0.0065,0.0000,0.0000,0.0000,0.0064,0.0000,200,9.6606
0.0067,0.0000,0.0000,0.0000,0.0066,0.0000,200,9.6607
0.0069,0.0000,0.0000,0.0000,0.0068,0.0001,200,9.6652
0.0065,0.0000,0.0000,0.0000,0.0064,0.0001,200,9.6671
0.0065,0.0000,0.0000,0.0000,0.0064,0.0000,200,9.6674
0.0076,0.0000,0.0000,0.0000,0.0075,0.0000,200,9.6669
0.0065,0.0000,0.0000,0.0000,0.0064,0.0001,200,9.6721
0.0063,0.0000,0.0000,0.0000,0.0062,0.0000,200,9.6736
0.0068,0.0000,0.0000,0.0000,0.0068,0.0000,200,9.6739
0.0079,0.0000,0.0000,0.0000,0.0078,0.0000,200,9.6745
0.0067,0.0000,0.0000,0.0000,0.0066,0.0001,200,9.6799
0.0081,0.0000,0.0000,0.0000,0.0080,0.0000,200,9.6787
0.0067,0.0000,0.0000,0.0000,0.0066,0.0000,200,9.6807
0.0068,0.0000,0.0000,0.0000,0.0067,0.0000,200,9.6824
0.0064,0.0000,0.0000,0.0000,0.0063,0.0000,200,9.6867
0.0069,0.0000,0.0000,0.0000,0.0068,0.0000,200,9.6866
0.0064,0.0000,0.0000,0.0000,0.0064,0.0000,200,9.6874
0.0063,0.0000,0.0000,0.0000,0.0063,0.0000,200,9.6892
0.0065,0.0000,0.0000,0.0000,0.0064,0.0001,200,9.6931
0.0064,0.0000,0.0000,0.0000,0.0064,0.0000,200,9.6935
0.0064,0.0000,0.0000,0.0000,0.0064,0.0000,200,9.6939
0.0064,0.0000,0.0000,0.0000,0.0063,0.0000,200,9.6955
0.0066,0.0000,0.0000,0.0000,0.0065,0.0001,200,9.6996
0.0064,0.0000,0.0000,0.0000,0.0063,0.0000,200,9.7000
0.0063,0.0000,0.0000,0.0000,0.0063,0.0000,200,9.7003
0.0070,0.0000,0.0000,0.0000,0.0070,0.0001,200,9.7019
0.0067,0.0000,0.0000,0.0000,0.0064,0.0003,200,9.7063
0.0069,0.0000,0.0000,0.0000,0.0066,0.0003,200,9.7062
0.0069,0.0000,0.0000,0.0000,0.0068,0.0000,200,9.7066
0.0064,0.0000,0.0000,0.0000,0.0063,0.0000,200,9.7090
0.0068,0.0000,0.0000,0.0000,0.0067,0.0001,200,9.7130
0.0070,0.0000,0.0000,0.0000,0.0069,0.0001,200,9.7130
0.0065,0.0000,0.0000,0.0000,0.0064,0.0001,200,9.7135
0.0064,0.0000,0.0000,0.0000,0.0063,0.0001,200,9.7153
0.0071,0.0000,0.0000,0.0000,0.0070,0.0001,200,9.7198
0.0069,0.0000,0.0000,0.0000,0.0068,0.0001,200,9.7201
0.0069,0.0000,0.0000,0.0000,0.0068,0.0001,200,9.7200
0.0077,0.0000,0.0000,0.0000,0.0076,0.0001,200,9.7217
0.0073,0.0000,0.0000,0.0000,0.0072,0.0001,200,9.7270
0.0073,0.0000,0.0000,0.0000,0.0072,0.0000,200,9.7270
0.0073,0.0000,0.0000,0.0000,0.0072,0.0001,200,9.7270
0.0074,0.0000,0.0000,0.0000,0.0073,0.0000,200,9.7294
0.0066,0.0000,0.0000,0.0000,0.0066,0.0001,200,9.7343
0.0073,0.0000,0.0000,0.0000,0.0072,0.0000,200,9.7343
0.0077,0.0000,0.0000,0.0000,0.0076,0.0000,200,9.7343
0.0070,0.0000,0.0000,0.0000,0.0069,0.0001,200,9.7368
0.0064,0.0000,0.0000,0.0000,0.0063,0.0001,200,9.7410
0.0068,0.0000,0.0000,0.0000,0.0067,0.0000,200,9.7416
0.0067,0.0000,0.0000,0.0000,0.0066,0.0000,200,9.7420
0.0064,0.0000,0.0000,0.0000,0.0063,0.0000,200,9.7438
0.0077,0.0000,0.0000,0.0000,0.0075,0.0001,200,9.7474
0.0065,0.0000,0.0000,0.0000,0.0065,0.0000,200,9.7486
0.0079,0.0000,0.0000,0.0000,0.0078,0.0000,200,9.7502
0.0096,0.0000,0.0000,0.0000,0.0095,0.0001,200,9.7484
0.0064,0.0000,0.0000,0.0000,0.0063,0.0000,200,9.7552
0.0066,0.0000,0.0000,0.0000,0.0064,0.0001,200,9.7550
0.0065,0.0000,0.0000,0.0000,0.0064,0.0001,200,9.7581
0.0066,0.0000,0.0000,0.0000,0.0065,0.0000,200,9.7580
0.0074,0.0000,0.0000,0.0000,0.0073,0.0001,200,9.7616
0.0076,0.0000,0.0000,0.0000,0.0075,0.0000,200,9.7616
0.0065,0.0000,0.0000,0.0000,0.0064,0.0001,200,9.7646
0.0075,0.0000,0.0000,0.0000,0.0075,0.0000,200,9.7646
0.0070,0.0000,0.0000,0.0000,0.0069,0.0001,200,9.7690
0.0069,0.0000,0.0000,0.0000,0.0069,0.0000,200,9.7691
0.0065,0.0000,0.0000,0.0000,0.0064,0.0001,200,9.7721
0.0069,0.0000,0.0000,0.0000,0.0068,0.0001,200,9.7760
0.0070,0.0000,0.0000,0.0000,0.0070,0.0000,200,9.7761
0.0066,0.0000,0.0000,0.0000,0.0065,0.0001,200,9.7786
0.0149,0.0000,0.0000,0.0000,0.0148,0.0000,200,9.7711
0.0072,0.0000,0.0000,0.0000,0.0071,0.0001,200,9.7831
0.0081,0.0000,0.0000,0.0000,0.0080,0.0000,200,9.7829
0.0067,0.0000,0.0000,0.0000,0.0066,0.0001,200,9.7852
0.0093,0.0000,0.0000,0.0000,0.0092,0.0001,200,9.7860
0.0069,0.0000,0.0000,0.0000,0.0068,0.0000,200,9.7903
0.0065,0.0000,0.0000,0.0000,0.0064,0.0000,200,9.7910
0.0075,0.0000,0.0000,0.0000,0.0074,0.0000,200,9.7919
0.0063,0.0000,0.0000,0.0000,0.0062,0.0000,200,9.7953
0.0065,0.0000,0.0000,0.0000,0.0064,0.0000,200,9.7975
0.0067,0.0000,0.0000,0.0000,0.0066,0.0001,200,9.7972
0.0103,0.0000,0.0000,0.0000,0.0101,0.0002,200,9.7994
0.0088,0.0000,0.0000,0.0000,0.0087,0.0001,200,9.8016
0.0095,0.0000,0.0000,0.0000,0.0094,0.0000,200,9.8039
0.0096,0.0000,0.0000,0.0000,0.0095,0.0000,200,9.8039
0.0076,0.0000,0.0000,0.0000,0.0075,0.0001,200,9.8097
0.0070,0.0000,0.0000,0.0000,0.0070,0.0000,200,9.8105
0.0065,0.0000,0.0000,0.0000,0.0064,0.0001,200,9.8134
0.0066,0.0000,0.0000,0.0000,0.0066,0.0000,200,9.8135
0.0068,0.0000,0.0000,0.0000,0.0067,0.0001,200,9.8175
0.0071,0.0000,0.0000,0.0000,0.0071,0.0000,200,9.8173
0.0079,0.0000,0.0000,0.0000,0.0078,0.0001,200,9.8199
0.0081,0.0000,0.0000,0.0000,0.0080,0.0001,200,9.8202
0.0076,0.0000,0.0000,0.0000,0.0074,0.0001,200,9.8243
0.0076,0.0000,0.0000,0.0000,0.0075,0.0000,200,9.8244
0.0065,0.0000,0.0000,0.0000,0.0064,0.0000,200,9.8278
0.0063,0.0000,0.0000,0.0000,0.0063,0.0000,200,9.8283
0.0064,0.0000,0.0000,0.0000,0.0063,0.0001,200,9.8320
0.0066,0.0000,0.0000,0.0000,0.0065,0.0000,200,9.8318
0.0065,0.0000,0.0000,0.0000,0.0064,0.0001,200,9.8342
0.0062,0.0000,0.0000,0.0000,0.0062,0.0000,200,9.8346
0.0067,0.0000,0.0000,0.0000,0.0066,0.0001,200,9.8384
0.0071,0.0000,0.0000,0.0000,0.0070,0.0001,200,9.8409
0.0097,0.0000,0.0000,0.0000,0.0097,0.0000,200,9.8384
0.0074,0.0000,0.0000,0.0000,0.0073,0.0000,200,9.8408
0.0066,0.0000,0.0000,0.0000,0.0065,0.0001,200,9.8451
0.0069,0.0000,0.0000,0.0000,0.0066,0.0002,200,9.8481
0.0069,0.0000,0.0000,0.0000,0.0069,0.0000,200,9.8482
0.0072,0.0000,0.0000,0.0000,0.0071,0.0000,200,9.8480
0.0063,0.0000,0.0000,0.0000,0.0062,0.0001,200,9.8517
0.0066,0.0000,0.0000,0.0000,0.0065,0.0001,200,9.8550
0.0067,0.0000,0.0000,0.0000,0.0067,0.0000,200,9.8551
0.0069,0.0000,0.0000,0.0000,0.0068,0.0000,200,9.8552
0.0064,0.0000,0.0000,0.0000,0.0063,0.0000,200,9.8581
0.0069,0.0000,0.0000,0.0000,0.0068,0.0000,200,9.8616
0.0067,0.0000,0.0000,0.0000,0.0066,0.0000,200,9.8618
0.0065,0.0000,0.0000,0.0000,0.0064,0.0001,200,9.8620
0.0065,0.0000,0.0000,0.0000,0.0064,0.0001,200,9.8645
0.0068,0.0000,0.0000,0.0000,0.0067,0.0001,200,9.8685
0.0068,0.0000,0.0000,0.0000,0.0067,0.0001,200,9.8685
0.0068,0.0000,0.0000,0.0000,0.0067,0.0000,200,9.8685
0.0067,0.0000,0.0000,0.0000,0.0066,0.0001,200,9.8709
0.0072,0.0000,0.0000,0.0000,0.0071,0.0001,200,9.8753
0.0072,0.0000,0.0000,0.0000,0.0071,0.0001,200,9.8753
0.0073,0.0000,0.0000,0.0000,0.0072,0.0001,200,9.8753
0.0070,0.0000,0.0000,0.0000,0.0069,0.0000,200,9.8776
0.0067,0.0000,0.0000,0.0000,0.0066,0.0001,200,9.8825
0.0069,0.0000,0.0000,0.0000,0.0067,0.0000,200,9.8825
0.0081,0.0000,0.0000,0.0000,0.0080,0.0001,200,9.8825
0.0067,0.0000,0.0000,0.0000,0.0066,0.0001,200,9.8845
0.0076,0.0000,0.0000,0.0000,0.0075,0.0001,200,9.8894
0.0078,0.0000,0.0000,0.0000,0.0077,0.0001,200,9.8892
0.0067,0.0000,0.0000,0.0000,0.0067,0.0000,200,9.8906
0.0064,0.0000,0.0000,0.0000,0.0063,0.0001,200,9.8912
0.0066,0.0000,0.0000,0.0000,0.0065,0.0001,200,9.8970
0.0063,0.0000,0.0000,0.0000,0.0063,0.0000,200,9.8973
0.0064,0.0000,0.0000,0.0000,0.0063,0.0000,200,9.8977
0.0071,0.0000,0.0000,0.0000,0.0070,0.0000,200,9.8970
0.0064,0.0000,0.0000,0.0000,0.0063,0.0001,200,9.9036
0.0065,0.0000,0.0000,0.0000,0.0064,0.0000,200,9.9037
0.0089,0.0000,0.0000,0.0000,0.0088,0.0001,200,9.9041
0.0090,0.0000,0.0000,0.0000,0.0089,0.0000,200,9.9041
0.0066,0.0000,0.0000,0.0000,0.0065,0.0001,200,9.9101
0.0068,0.0000,0.0000,0.0000,0.0068,0.0001,200,9.9101
0.0063,0.0000,0.0000,0.0000,0.0062,0.0000,200,9.9131
0.0067,0.0000,0.0000,0.0000,0.0067,0.0000,200,9.9130
0.0073,0.0000,0.0000,0.0000,0.0072,0.0001,200,9.9167
0.0088,0.0000,0.0000,0.0000,0.0087,0.0001,200,9.9169
0.0076,0.0000,0.0000,0.0000,0.0075,0.0001,200,9.9194
0.0073,0.0000,0.0000,0.0000,0.0071,0.0001,200,9.9197
0.0079,0.0000,0.0000,0.0000,0.0078,0.0001,200,9.9240
0.0078,0.0000,0.0000,0.0000,0.0077,0.0000,200,9.9257
0.0074,0.0000,0.0000,0.0000,0.0073,0.0000,200,9.9269
0.0074,0.0000,0.0000,0.0000,0.0074,0.0000,200,9.9270
0.0067,0.0000,0.0000,0.0000,0.0066,0.0000,200,9.9319
0.0064,0.0000,0.0000,0.0000,0.0063,0.0000,200,9.9335
0.0065,0.0000,0.0000,0.0000,0.0064,0.0001,200,9.9345
0.0067,0.0000,0.0000,0.0000,0.0066,0.0000,200,9.9344
0.0067,0.0000,0.0000,0.0000,0.0066,0.0001,200,9.9386
0.0063,0.0000,0.0000,0.0000,0.0062,0.0000,200,9.9399
0.0064,0.0000,0.0000,0.0000,0.0063,0.0000,200,9.9410
0.0065,0.0000,0.0000,0.0000,0.0064,0.0000,200,9.9409
0.0065,0.0000,0.0000,0.0000,0.0064,0.0001,200,9.9453
0.0064,0.0000,0.0000,0.0000,0.0063,0.0000,200,9.9462
0.0062,0.0000,0.0000,0.0000,0.0061,0.0001,200,9.9474
0.0062,0.0000,0.0000,0.0000,0.0062,0.0000,200,9.9474
0.0066,0.0000,0.0000,0.0000,0.0064,0.0001,200,9.9518
0.0063,0.0000,0.0000,0.0000,0.0062,0.0000,200,9.9526
0.0062,0.0000,0.0000,0.0000,0.0061,0.0001,200,9.9537
0.0063,0.0000,0.0000,0.0000,0.0062,0.0000,200,9.9536
0.0067,0.0000,0.0000,0.0000,0.0066,0.0001,200,9.9583
0.0067,0.0000,0.0000,0.0000,0.0066,0.0000,200,9.9589
0.0066,0.0000,0.0000,0.0000,0.0065,0.0000,200,9.9599
0.0067,0.0000,0.0000,0.0000,0.0066,0.0000,200,9.9599
0.0067,0.0000,0.0000,0.0000,0.0066,0.0001,200,9.9650
0.0066,0.0000,0.0000,0.0000,0.0065,0.0001,200,9.9656
0.0063,0.0000,0.0000,0.0000,0.0062,0.0000,200,9.9666
0.0064,0.0000,0.0000,0.0000,0.0063,0.0000,200,9.9665
0.0068,0.0000,0.0000,0.0000,0.0067,0.0001,200,9.9722
0.0075,0.0000,0.0000,0.0000,0.0075,0.0000,200,9.9717
0.0064,0.0000,0.0000,0.0000,0.0063,0.0000,200,9.9729
0.0065,0.0000,0.0000,0.0000,0.0064,0.0000,200,9.9729
0.0072,0.0000,0.0000,0.0000,0.0070,0.0001,200,9.9790
0.0068,0.0000,0.0000,0.0000,0.0067,0.0000,200,9.9794
0.0070,0.0000,0.0000,0.0000,0.0069,0.0000,200,9.9792
0.0069,0.0000,0.0000,0.0000,0.0068,0.0000,200,9.9793
0.0067,0.0000,0.0000,0.0000,0.0065,0.0001,200,9.9862
0.0068,0.0000,0.0000,0.0000,0.0067,0.0001,200,9.9861
0.0073,0.0000,0.0000,0.0000,0.0072,0.0000,200,9.9862
0.0078,0.0000,0.0000,0.0000,0.0077,0.0001,200,9.9862
0.0069,0.0000,0.0000,0.0000,0.0068,0.0001,200,9.9929
0.0070,0.0000,0.0000,0.0000,0.0069,0.0000,200,9.9929
0.0065,0.0000,0.0000,0.0000,0.0064,0.0001,200,9.9935
0.0083,0.0000,0.0000,0.0000,0.0082,0.0000,200,9.9940
0.0065,0.0000,0.0000,0.0000,0.0064,0.0001,200,9.9999
0.0067,0.0000,0.0000,0.0000,0.0066,0.0001,200,9.9998
0.0067,0.0000,0.0000,0.0000,0.0066,0.0000,200,10.0000
0.0070,0.0000,0.0000,0.0000,0.0069,0.0001,200,10.0023
0.0076,0.0000,0.0000,0.0000,0.0074,0.0001,200,10.0065
0.0075,0.0000,0.0000,0.0000,0.0074,0.0000,200,10.0065
0.0074,0.0000,0.0000,0.0000,0.0073,0.0001,200,10.0067
0.0080,0.0000,0.0000,0.0000,0.0079,0.0001,200,10.0093
0.0070,0.0000,0.0000,0.0000,0.0069,0.0000,200,10.0141
0.0070,0.0000,0.0000,0.0000,0.0069,0.0001,200,10.0140
0.0080,0.0000,0.0000,0.0000,0.0079,0.0000,200,10.0140
0.0066,0.0000,0.0000,0.0000,0.0065,0.0001,200,10.0173
0.0066,0.0000,0.0000,0.0000,0.0065,0.0001,200,10.0211
0.0066,0.0000,0.0000,0.0000,0.0066,0.0000,200,10.0211
0.0073,0.0000,0.0000,0.0000,0.0072,0.0001,200,10.0239
0.0092,0.0000,0.0000,0.0000,0.0091,0.0000,200,10.0220
0.0066,0.0000,0.0000,0.0000,0.0065,0.0001,200,10.0277
0.0070,0.0000,0.0000,0.0000,0.0069,0.0000,200,10.0277
0.0066,0.0000,0.0000,0.0000,0.0065,0.0001,200,10.0312
0.0068,0.0000,0.0000,0.0000,0.0067,0.0000,200,10.0312
0.0068,0.0000,0.0000,0.0000,0.0067,0.0000,200,10.0343
0.0065,0.0000,0.0000,0.0000,0.0064,0.0000,200,10.0346
0.0070,0.0000,0.0000,0.0000,0.0068,0.0001,200,10.0378
0.0070,0.0000,0.0000,0.0000,0.0070,0.0000,200,10.0380
0.0068,0.0000,0.0000,0.0000,0.0066,0.0001,200,10.0411
0.0068,0.0000,0.0000,0.0000,0.0066,0.0002,200,10.0411
0.0082,0.0000,0.0000,0.0000,0.0081,0.0001,200,10.0451
0.0106,0.0000,0.0000,0.0000,0.0105,0.0001,200,10.0447
0.0088,0.0000,0.0000,0.0000,0.0087,0.0001,200,10.0479
0.0089,0.0000,0.0000,0.0000,0.0089,0.0000,200,10.0479
0.0078,0.0000,0.0000,0.0000,0.0077,0.0001,200,10.0533
0.0071,0.0000,0.0000,0.0000,0.0070,0.0001,200,10.0553
0.0076,0.0000,0.0000,0.0000,0.0075,0.0001,200,10.0567
0.0077,0.0000,0.0000,0.0000,0.0077,0.0000,200,10.0569
0.0080,0.0000,0.0000,0.0000,0.0079,0.0001,200,10.0611
0.0085,0.0000,0.0000,0.0000,0.0084,0.0001,200,10.0624
0.0068,0.0000,0.0000,0.0000,0.0067,0.0000,200,10.0644
0.0066,0.0000,0.0000,0.0000,0.0065,0.0000,200,10.0646
0.0085,0.0000,0.0000,0.0000,0.0084,0.0001,200,10.0691
0.0064,0.0000,0.0000,0.0000,0.0064,0.0000,200,10.0712
0.0067,0.0000,0.0000,0.0000,0.0066,0.0001,200,10.0709
0.0067,0.0000,0.0000,0.0000,0.0066,0.0000,200,10.0711
0.0066,0.0000,0.0000,0.0000,0.0065,0.0001,200,10.0778
0.0068,0.0000,0.0000,0.0000,0.0067,0.0000,200,10.0776
0.0069,0.0000,0.0000,0.0000,0.0068,0.0000,200,10.0776
0.0085,0.0000,0.0000,0.0000,0.0084,0.0000,200,10.0776
0.0066,0.0000,0.0000,0.0000,0.0065,0.0001,200,10.0844
0.0066,0.0000,0.0000,0.0000,0.0065,0.0000,200,10.0845
0.0068,0.0000,0.0000,0.0000,0.0067,0.0000,200,10.0844
0.0071,0.0000,0.0000,0.0000,0.0069,0.0001,200,10.0860
0.0066,0.0000,0.0000,0.0000,0.0065,0.0001,200,10.0910
0.0066,0.0000,0.0000,0.0000,0.0063,0.0000,200,10.0912
0.0067,0.0000,0.0000,0.0000,0.0067,0.0001,200,10.0911
0.0072,0.0000,0.0000,0.0000,0.0070,0.0001,200,10.0931
0.0066,0.0000,0.0000,0.0000,0.0065,0.0001,200,10.0978
0.0068,0.0000,0.0000,0.0001,0.0066,0.0000,200,10.0976
0.0067,0.0000,0.0000,0.0000,0.0066,0.0000,200,10.0978
0.0064,0.0000,0.0000,0.0000,0.0064,0.0001,200,10.1002
0.0065,0.0000,0.0000,0.0000,0.0064,0.0001,200,10.1045
0.0065,0.0000,0.0000,0.0000,0.0065,0.0000,200,10.1045
0.0067,0.0000,0.0000,0.0000,0.0066,0.0001,200,10.1044
0.0063,0.0000,0.0000,0.0000,0.0062,0.0001,200,10.1067
0.0066,0.0000,0.0000,0.0000,0.0065,0.0001,200,10.1109
0.0065,0.0000,0.0000,0.0001,0.0063,0.0000,200,10.1112
0.0067,0.0000,0.0000,0.0000,0.0066,0.0000,200,10.1110
0.0064,0.0000,0.0000,0.0000,0.0063,0.0001,200,10.1130
0.0065,0.0000,0.0000,0.0000,0.0064,0.0001,200,10.1175
0.0064,0.0000,0.0000,0.0000,0.0063,0.0000,200,10.1177
0.0065,0.0000,0.0000,0.0000,0.0065,0.0000,200,10.1177
0.0063,0.0000,0.0000,0.0000,0.0062,0.0000,200,10.1194
0.0067,0.0000,0.0000,0.0000,0.0066,0.0001,200,10.1240
0.0066,0.0000,0.0000,0.0000,0.0066,0.0000,200,10.1242
0.0068,0.0000,0.0000,0.0000,0.0067,0.0000,200,10.1241
0.0079,0.0000,0.0000,0.0000,0.0078,0.0001,200,10.1257
0.0074,0.0000,0.0000,0.0000,0.0074,0.0001,200,10.1309
0.0075,0.0000,0.0000,0.0000,0.0075,0.0000,200,10.1309
0.0077,0.0000,0.0000,0.0000,0.0076,0.0000,200,10.1307
0.0066,0.0000,0.0000,0.0000,0.0065,0.0000,200,10.1336
0.0065,0.0000,0.0000,0.0000,0.0064,0.0001,200,10.1384
0.0066,0.0000,0.0000,0.0000,0.0065,0.0000,200,10.1384
0.0068,0.0000,0.0000,0.0000,0.0067,0.0000,200,10.1383
0.0081,0.0000,0.0000,0.0000,0.0080,0.0001,200,10.1402
0.0073,0.0000,0.0000,0.0000,0.0072,0.0001,200,10.1451
0.0075,0.0000,0.0000,0.0000,0.0074,0.0001,200,10.1449
0.0091,0.0000,0.0000,0.0000,0.0091,0.0000,200,10.1450
0.0068,0.0000,0.0000,0.0000,0.0067,0.0000,200,10.1483
0.0071,0.0000,0.0000,0.0000,0.0070,0.0000,200,10.1524
0.0071,0.0000,0.0000,0.0000,0.0070,0.0000,200,10.1524
0.0063,0.0000,0.0000,0.0000,0.0062,0.0000,200,10.1541
0.0064,0.0000,0.0000,0.0000,0.0064,0.0000,200,10.1551
0.0071,0.0000,0.0000,0.0000,0.0070,0.0001,200,10.1595
0.0071,0.0000,0.0000,0.0000,0.0070,0.0001,200,10.1595
0.0075,0.0000,0.0000,0.0000,0.0065,0.0009,200,10.1616
0.0088,0.0000,0.0000,0.0000,0.0087,0.0000,200,10.1604
0.0079,0.0000,0.0000,0.0000,0.0078,0.0001,200,10.1666
0.0082,0.0000,0.0000,0.0000,0.0081,0.0001,200,10.1666
0.0063,0.0000,0.0000,0.0000,0.0063,0.0000,200,10.1692
0.0064,0.0000,0.0000,0.0000,0.0063,0.0000,200,10.1691
0.0068,0.0000,0.0000,0.0000,0.0067,0.0001,200,10.1745
0.0067,0.0000,0.0000,0.0000,0.0067,0.0000,200,10.1748
0.0062,0.0000,0.0000,0.0000,0.0062,0.0000,200,10.1755
0.0063,0.0000,0.0000,0.0000,0.0062,0.0000,200,10.1755
0.0065,0.0000,0.0000,0.0000,0.0064,0.0000,200,10.1818
0.0069,0.0000,0.0000,0.0000,0.0068,0.0001,200,10.1813
0.0067,0.0000,0.0000,0.0000,0.0067,0.0000,200,10.1815
0.0066,0.0000,0.0000,0.0000,0.0065,0.0001,200,10.1817
0.0064,0.0000,0.0000,0.0000,0.0063,0.0001,200,10.1883
0.0064,0.0000,0.0000,0.0000,0.0063,0.0000,200,10.1883
0.0064,0.0000,0.0000,0.0000,0.0064,0.0000,200,10.1883
0.0064,0.0000,0.0000,0.0000,0.0064,0.0000,200,10.1883
0.0065,0.0000,0.0000,0.0000,0.0064,0.0001,200,10.1947
0.0065,0.0000,0.0000,0.0000,0.0064,0.0001,200,10.1947
0.0065,0.0000,0.0000,0.0000,0.0065,0.0000,200,10.1947
0.0066,0.0000,0.0000,0.0000,0.0064,0.0001,200,10.1947
0.0066,0.0000,0.0000,0.0000,0.0065,0.0001,200,10.2012
0.0067,0.0000,0.0000,0.0000,0.0067,0.0000,200,10.2012
0.0068,0.0000,0.0000,0.0000,0.0067,0.0000,200,10.2012
0.0068,0.0000,0.0000,0.0000,0.0067,0.0000,200,10.2013
0.0065,0.0000,0.0000,0.0000,0.0064,0.0001,200,10.2081
0.0066,0.0000,0.0000,0.0000,0.0065,0.0000,200,10.2080
0.0068,0.0000,0.0000,0.0000,0.0068,0.0000,200,10.2080
0.0070,0.0000,0.0000,0.0000,0.0070,0.0000,200,10.2079
0.0065,0.0000,0.0000,0.0000,0.0064,0.0001,200,10.2149
0.0069,0.0000,0.0000,0.0000,0.0068,0.0001,200,10.2146
0.0067,0.0000,0.0000,0.0000,0.0067,0.0000,200,10.2148
0.0071,0.0000,0.0000,0.0000,0.0070,0.0000,200,10.2146
0.0065,0.0000,0.0000,0.0000,0.0064,0.0001,200,10.2215
0.0071,0.0000,0.0000,0.0000,0.0071,0.0000,200,10.2214
0.0068,0.0000,0.0000,0.0000,0.0067,0.0000,200,10.2217
0.0069,0.0000,0.0000,0.0000,0.0069,0.0000,200,10.2216
0.0070,0.0000,0.0000,0.0000,0.0069,0.0001,200,10.2280
0.0066,0.0000,0.0000,0.0000,0.0065,0.0000,200,10.2285
0.0067,0.0000,0.0000,0.0000,0.0065,0.0000,200,10.2285
0.0069,0.0000,0.0000,0.0000,0.0068,0.0001,200,10.2285
0.0070,0.0000,0.0000,0.0000,0.0069,0.0001,200,10.2350
0.0068,0.0000,0.0000,0.0000,0.0067,0.0000,200,10.2354
0.0074,0.0000,0.0000,0.0000,0.0073,0.0000,200,10.2351
0.0076,0.0000,0.0000,0.0000,0.0075,0.0000,200,10.2352
0.0072,0.0000,0.0000,0.0000,0.0071,0.0001,200,10.2425
0.0071,0.0000,0.0000,0.0000,0.0071,0.0000,200,10.2427
0.0098,0.0000,0.0000,0.0000,0.0097,0.0001,200,10.2422
0.0102,0.0000,0.0000,0.0000,0.0101,0.0000,200,10.2420
0.0068,0.0000,0.0000,0.0000,0.0067,0.0001,200,10.2497
0.0067,0.0000,0.0000,0.0000,0.0067,0.0000,200,10.2498
0.0064,0.0000,0.0000,0.0000,0.0063,0.0001,200,10.2520
0.0067,0.0000,0.0000,0.0000,0.0066,0.0001,200,10.2522
0.0071,0.0000,0.0000,0.0000,0.0070,0.0001,200,10.2566
0.0071,0.0000,0.0000,0.0000,0.0070,0.0000,200,10.2565
0.0085,0.0000,0.0000,0.0000,0.0084,0.0001,200,10.2585
0.0083,0.0000,0.0000,0.0000,0.0083,0.0000,200,10.2588
0.0069,0.0000,0.0000,0.0000,0.0066,0.0001,200,10.2637
0.0070,0.0000,0.0000,0.0000,0.0069,0.0000,200,10.2636
0.0084,0.0000,0.0000,0.0000,0.0083,0.0001,200,10.2670
0.0085,0.0000,0.0000,0.0000,0.0084,0.0000,200,10.2672
0.0066,0.0000,0.0000,0.0000,0.0065,0.0001,200,10.2706
0.0067,0.0000,0.0000,0.0000,0.0066,0.0000,200,10.2706
0.0068,0.0000,0.0000,0.0000,0.0066,0.0001,200,10.2756
0.0079,0.0000,0.0000,0.0000,0.0078,0.0000,200,10.2754
0.0064,0.0000,0.0000,0.0000,0.0063,0.0000,200,10.2772
0.0077,0.0000,0.0000,0.0000,0.0077,0.0000,200,10.2773
0.0075,0.0000,0.0000,0.0000,0.0074,0.0001,200,10.2824
0.0068,0.0000,0.0000,0.0000,0.0068,0.0001,200,10.2833
0.0070,0.0000,0.0000,0.0000,0.0068,0.0001,200,10.2836
0.0068,0.0000,0.0000,0.0000,0.0067,0.0001,200,10.2850
0.0070,0.0000,0.0000,0.0000,0.0069,0.0001,200,10.2899
0.0068,0.0000,0.0000,0.0000,0.0065,0.0000,200,10.2901
0.0073,0.0000,0.0000,0.0000,0.0071,0.0001,200,10.2906
0.0081,0.0000,0.0000,0.0001,0.0080,0.0001,200,10.2918
0.0080,0.0000,0.0000,0.0000,0.0079,0.0001,200,10.2969
0.0078,0.0000,0.0000,0.0000,0.0077,0.0001,200,10.2979
0.0089,0.0000,0.0000,0.0000,0.0088,0.0000,200,10.2969
0.0081,0.0000,0.0000,0.0000,0.0080,0.0001,200,10.3000
0.0068,0.0000,0.0000,0.0000,0.0067,0.0001,200,10.3049
0.0069,0.0000,0.0000,0.0000,0.0068,0.0000,200,10.3057
0.0068,0.0000,0.0000,0.0000,0.0067,0.0000,200,10.3058
0.0074,0.0000,0.0000,0.0000,0.0072,0.0001,200,10.3081
0.0065,0.0000,0.0000,0.0000,0.0064,0.0001,200,10.3117
0.0065,0.0000,0.0000,0.0000,0.0064,0.0000,200,10.3126
0.0066,0.0000,0.0000,0.0000,0.0065,0.0000,200,10.3126
0.0065,0.0000,0.0000,0.0000,0.0064,0.0001,200,10.3155
0.0072,0.0000,0.0000,0.0000,0.0065,0.0007,200,10.3182
0.0063,0.0000,0.0000,0.0000,0.0062,0.0000,200,10.3192
0.0065,0.0000,0.0000,0.0000,0.0064,0.0000,200,10.3190
0.0067,0.0000,0.0000,0.0000,0.0066,0.0001,200,10.3220
0.0068,0.0000,0.0000,0.0000,0.0067,0.0001,200,10.3255
0.0070,0.0000,0.0000,0.0000,0.0069,0.0000,200,10.3255
0.0071,0.0000,0.0000,0.0000,0.0070,0.0000,200,10.3255
0.0076,0.0000,0.0000,0.0000,0.0074,0.0001,200,10.3288
0.0076,0.0000,0.0000,0.0000,0.0075,0.0001,200,10.3323
0.0074,0.0000,0.0000,0.0000,0.0074,0.0000,200,10.3325
0.0075,0.0000,0.0000,0.0000,0.0074,0.0000,200,10.3325
0.0079,0.0000,0.0000,0.0000,0.0078,0.0001,200,10.3363
0.0064,0.0000,0.0000,0.0000,0.0063,0.0001,200,10.3400
0.0064,0.0000,0.0000,0.0000,0.0063,0.0000,200,10.3400
0.0066,0.0000,0.0000,0.0000,0.0065,0.0000,200,10.3400
0.0066,0.0000,0.0000,0.0000,0.0065,0.0000,200,10.3442
0.0063,0.0000,0.0000,0.0000,0.0062,0.0000,200,10.3464
0.0062,0.0000,0.0000,0.0000,0.0062,0.0000,200,10.3465
0.0064,0.0000,0.0000,0.0000,0.0063,0.0000,200,10.3464
0.0063,0.0000,0.0000,0.0000,0.0062,0.0000,200,10.3509
0.0063,0.0000,0.0000,0.0000,0.0062,0.0001,200,10.3527
0.0063,0.0000,0.0000,0.0000,0.0063,0.0000,200,10.3528
0.0064,0.0000,0.0000,0.0000,0.0063,0.0000,200,10.3528
0.0066,0.0000,0.0000,0.0000,0.0065,0.0001,200,10.3572
0.0082,0.0000,0.0000,0.0000,0.0081,0.0001,200,10.3590
0.0081,0.0000,0.0000,0.0000,0.0081,0.0000,200,10.3591
0.0081,0.0000,0.0000,0.0000,0.0081,0.0000,200,10.3592
0.0064,0.0000,0.0000,0.0000,0.0063,0.0001,200,10.3638
0.0065,0.0000,0.0000,0.0000,0.0065,0.0001,200,10.3673
0.0067,0.0000,0.0000,0.0000,0.0066,0.0000,200,10.3672
0.0067,0.0000,0.0000,0.0000,0.0066,0.0000,200,10.3672
0.0067,0.0000,0.0000,0.0000,0.0066,0.0001,200,10.3702
0.0063,0.0000,0.0000,0.0000,0.0062,0.0001,200,10.3739
0.0064,0.0000,0.0000,0.0000,0.0063,0.0000,200,10.3739
0.0065,0.0000,0.0000,0.0000,0.0064,0.0000,200,10.3739
0.0065,0.0000,0.0000,0.0000,0.0064,0.0001,200,10.3769
0.0064,0.0000,0.0000,0.0000,0.0063,0.0001,200,10.3803
0.0067,0.0000,0.0000,0.0000,0.0067,0.0000,200,10.3802
0.0067,0.0000,0.0000,0.0000,0.0066,0.0000,200,10.3803
0.0068,0.0000,0.0000,0.0000,0.0067,0.0001,200,10.3834
0.0070,0.0000,0.0000,0.0000,0.0068,0.0001,200,10.3867
0.0068,0.0000,0.0000,0.0000,0.0068,0.0000,200,10.3870
0.0070,0.0000,0.0000,0.0000,0.0069,0.0000,200,10.3869
0.0079,0.0000,0.0000,0.0000,0.0077,0.0001,200,10.3902
0.0071,0.0000,0.0000,0.0000,0.0069,0.0001,200,10.3936
0.0068,0.0000,0.0000,0.0000,0.0067,0.0001,200,10.3939
0.0111,0.0000,0.0000,0.0000,0.0110,0.0001,200,10.3938
0.0072,0.0000,0.0000,0.0000,0.0070,0.0000,200,10.3981
0.0066,0.0000,0.0000,0.0000,0.0065,0.0001,200,10.4008
0.0068,0.0000,0.0000,0.0000,0.0067,0.0000,200,10.4007
0.0067,0.0000,0.0000,0.0000,0.0066,0.0001,200,10.4049
0.0065,0.0000,0.0000,0.0000,0.0065,0.0000,200,10.4052
0.0064,0.0000,0.0000,0.0000,0.0063,0.0001,200,10.4075
0.0067,0.0000,0.0000,0.0000,0.0066,0.0000,200,10.4073
0.0064,0.0000,0.0000,0.0000,0.0063,0.0001,200,10.4118
0.0066,0.0000,0.0000,0.0000,0.0065,0.0000,200,10.4116
0.0064,0.0000,0.0000,0.0000,0.0063,0.0000,200,10.4140
0.0071,0.0000,0.0000,0.0000,0.0070,0.0000,200,10.4140
0.0070,0.0000,0.0000,0.0000,0.0069,0.0001,200,10.4182
0.0071,0.0000,0.0000,0.0000,0.0070,0.0000,200,10.4182
0.0063,0.0000,0.0000,0.0000,0.0062,0.0001,200,10.4211
0.0070,0.0000,0.0000,0.0000,0.0069,0.0001,200,10.4203
0.0067,0.0000,0.0000,0.0000,0.0066,0.0001,200,10.4252
0.0071,0.0000,0.0000,0.0000,0.0070,0.0000,200,10.4253
0.0071,0.0000,0.0000,0.0000,0.0070,0.0001,200,10.4274
0.0076,0.0000,0.0000,0.0000,0.0075,0.0000,200,10.4274
0.0068,0.0000,0.0000,0.0000,0.0067,0.0001,200,10.4319
0.0068,0.0000,0.0000,0.0000,0.0067,0.0001,200,10.4345
0.0069,0.0000,0.0000,0.0000,0.0068,0.0000,200,10.4350
0.0096,0.0000,0.0000,0.0000,0.0095,0.0000,200,10.4324
0.0076,0.0000,0.0000,0.0000,0.0075,0.0001,200,10.4387
0.0065,0.0000,0.0000,0.0000,0.0064,0.0001,200,10.4419
0.0071,0.0000,0.0000,0.0000,0.0070,0.0000,200,10.4413
0.0068,0.0000,0.0000,0.0000,0.0067,0.0000,200,10.4420
0.0067,0.0000,0.0000,0.0000,0.0066,0.0000,200,10.4463
0.0065,0.0000,0.0000,0.0000,0.0064,0.0001,200,10.4484
0.0063,0.0000,0.0000,0.0000,0.0062,0.0000,200,10.4488
0.0069,0.0000,0.0000,0.0000,0.0068,0.0000,200,10.4484
0.0066,0.0000,0.0000,0.0000,0.0065,0.0001,200,10.4530
0.0067,0.0000,0.0000,0.0000,0.0066,0.0001,200,10.4549
0.0064,0.0000,0.0000,0.0000,0.0064,0.0000,200,10.4553
0.0068,0.0000,0.0000,0.0000,0.0067,0.0000,200,10.4551
0.0065,0.0000,0.0000,0.0000,0.0064,0.0000,200,10.4596
0.0063,0.0000,0.0000,0.0000,0.0062,0.0001,200,10.4619
0.0065,0.0000,0.0000,0.0000,0.0065,0.0000,200,10.4617
0.0071,0.0000,0.0000,0.0000,0.0071,0.0000,200,10.4615
0.0066,0.0000,0.0000,0.0000,0.0065,0.0001,200,10.4661
0.0065,0.0000,0.0000,0.0000,0.0064,0.0001,200,10.4682
0.0067,0.0000,0.0000,0.0000,0.0066,0.0000,200,10.4682
0.0062,0.0000,0.0000,0.0000,0.0062,0.0000,200,10.4687
0.0068,0.0000,0.0000,0.0000,0.0067,0.0001,200,10.4727
0.0067,0.0000,0.0000,0.0000,0.0065,0.0000,200,10.4748
0.0065,0.0000,0.0000,0.0000,0.0065,0.0000,200,10.4749
0.0066,0.0000,0.0000,0.0000,0.0065,0.0000,200,10.4749
0.0068,0.0000,0.0000,0.0000,0.0067,0.0001,200,10.4795
0.0066,0.0000,0.0000,0.0000,0.0065,0.0001,200,10.4814
0.0066,0.0000,0.0000,0.0000,0.0065,0.0001,200,10.4814
0.0066,0.0000,0.0000,0.0000,0.0065,0.0000,200,10.4814
0.0065,0.0000,0.0000,0.0000,0.0064,0.0001,200,10.4863
0.0064,0.0000,0.0000,0.0000,0.0063,0.0001,200,10.4880
0.0066,0.0000,0.0000,0.0000,0.0066,0.0000,200,10.4880
0.0066,0.0000,0.0000,0.0000,0.0066,0.0000,200,10.4880
0.0071,0.0000,0.0000,0.0000,0.0070,0.0001,200,10.4928
0.0065,0.0000,0.0000,0.0000,0.0064,0.0000,200,10.4946
0.0068,0.0000,0.0000,0.0000,0.0067,0.0000,200,10.4944
0.0079,0.0000,0.0000,0.0000,0.0078,0.0001,200,10.4946
0.0068,0.0000,0.0000,0.0000,0.0066,0.0001,200,10.5000
0.0078,0.0000,0.0000,0.0000,0.0077,0.0001,200,10.5011
0.0065,0.0000,0.0000,0.0000,0.0065,0.0000,200,10.5025
0.0075,0.0000,0.0000,0.0000,0.0074,0.0000,200,10.5016
0.0082,0.0000,0.0000,0.0000,0.0081,0.0001,200,10.5067
0.0067,0.0000,0.0000,0.0000,0.0066,0.0000,200,10.5090
0.0067,0.0000,0.0000,0.0000,0.0066,0.0001,200,10.5090
0.0067,0.0000,0.0000,0.0000,0.0066,0.0001,200,10.5089
0.0070,0.0000,0.0000,0.0000,0.0069,0.0001,200,10.5149
0.0064,0.0000,0.0000,0.0000,0.0063,0.0000,200,10.5157
0.0064,0.0000,0.0000,0.0000,0.0063,0.0000,200,10.5157
0.0075,0.0000,0.0000,0.0000,0.0073,0.0001,200,10.5157
0.0066,0.0000,0.0000,0.0000,0.0065,0.0001,200,10.5221
0.0068,0.0000,0.0000,0.0000,0.0067,0.0000,200,10.5221
0.0070,0.0000,0.0000,0.0000,0.0070,0.0000,200,10.5219
0.0092,0.0000,0.0000,0.0000,0.0091,0.0001,200,10.5231
0.0070,0.0000,0.0000,0.0000,0.0069,0.0001,200,10.5289
0.0071,0.0000,0.0000,0.0000,0.0070,0.0000,200,10.5289
0.0073,0.0000,0.0000,0.0000,0.0072,0.0000,200,10.5287
0.0064,0.0000,0.0000,0.0000,0.0063,0.0000,200,10.5324
0.0069,0.0000,0.0000,0.0000,0.0069,0.0000,200,10.5359
0.0069,0.0000,0.0000,0.0000,0.0068,0.0001,200,10.5360
0.0069,0.0000,0.0000,0.0000,0.0069,0.0001,200,10.5360
0.0064,0.0000,0.0000,0.0000,0.0064,0.0001,200,10.5388
0.0066,0.0000,0.0000,0.0000,0.0065,0.0001,200,10.5429
0.0068,0.0000,0.0000,0.0000,0.0067,0.0000,200,10.5429
0.0070,0.0000,0.0000,0.0000,0.0069,0.0000,200,10.5429
0.0086,0.0000,0.0000,0.0001,0.0084,0.0001,200,10.5453
0.0082,0.0000,0.0000,0.0000,0.0081,0.0001,200,10.5497
0.0081,0.0000,0.0000,0.0000,0.0080,0.0001,200,10.5498
0.0084,0.0000,0.0000,0.0000,0.0083,0.0001,200,10.5495
0.0108,0.0000,0.0000,0.0000,0.0106,0.0001,200,10.5539
0.0069,0.0000,0.0000,0.0000,0.0068,0.0000,200,10.5579
0.0069,0.0000,0.0000,0.0000,0.0068,0.0000,200,10.5579
0.0069,0.0000,0.0000,0.0000,0.0068,0.0000,200,10.5579
0.0073,0.0000,0.0000,0.0000,0.0072,0.0001,200,10.5646
0.0072,0.0000,0.0000,0.0000,0.0071,0.0001,200,10.5648
0.0082,0.0000,0.0000,0.0000,0.0081,0.0000,200,10.5648
0.0092,0.0000,0.0000,0.0000,0.0091,0.0000,200,10.5648
0.0081,0.0000,0.0000,0.0000,0.0079,0.0001,200,10.5719
0.0081,0.0000,0.0000,0.0000,0.0080,0.0001,200,10.5719
0.0073,0.0000,0.0000,0.0000,0.0072,0.0001,200,10.5729
0.0074,0.0000,0.0000,0.0000,0.0073,0.0001,200,10.5739
0.0068,0.0000,0.0000,0.0000,0.0067,0.0000,200,10.5800
0.0068,0.0000,0.0000,0.0000,0.0067,0.0001,200,10.5800
0.0065,0.0000,0.0000,0.0000,0.0065,0.0001,200,10.5802
0.0075,0.0000,0.0000,0.0000,0.0074,0.0001,200,10.5813
0.0065,0.0000,0.0000,0.0000,0.0063,0.0001,200,10.5868
0.0066,0.0000,0.0000,0.0000,0.0065,0.0000,200,10.5868
0.0067,0.0000,0.0000,0.0000,0.0066,0.0000,200,10.5868
0.0068,0.0000,0.0000,0.0000,0.0067,0.0001,200,10.5888
0.0069,0.0000,0.0000,0.0000,0.0068,0.0001,200,10.5935
0.0071,0.0000,0.0000,0.0000,0.0070,0.0001,200,10.5932
0.0074,0.0000,0.0000,0.0000,0.0073,0.0000,200,10.5933
0.0066,0.0000,0.0000,0.0000,0.0065,0.0000,200,10.5956
0.0066,0.0000,0.0000,0.0000,0.0065,0.0001,200,10.6007
0.0071,0.0000,0.0000,0.0000,0.0070,0.0000,200,10.6004
0.0071,0.0000,0.0000,0.0000,0.0069,0.0000,200,10.6004
0.0063,0.0000,0.0000,0.0000,0.0063,0.0000,200,10.6022
0.0072,0.0000,0.0000,0.0000,0.0071,0.0001,200,10.6072
0.0071,0.0000,0.0000,0.0000,0.0071,0.0000,200,10.6074
0.0063,0.0000,0.0000,0.0000,0.0063,0.0000,200,10.6085
0.0076,0.0000,0.0000,0.0000,0.0073,0.0002,200,10.6074
0.0065,0.0000,0.0000,0.0000,0.0064,0.0001,200,10.6146
0.0063,0.0000,0.0000,0.0000,0.0063,0.0000,200,10.6149
0.0070,0.0000,0.0000,0.0000,0.0069,0.0000,200,10.6145
0.0065,0.0000,0.0000,0.0000,0.0064,0.0000,200,10.6150
0.0067,0.0000,0.0000,0.0000,0.0066,0.0001,200,10.6211
0.0066,0.0000,0.0000,0.0000,0.0066,0.0000,200,10.6212
0.0064,0.0000,0.0000,0.0000,0.0064,0.0000,200,10.6214
0.0064,0.0000,0.0000,0.0000,0.0064,0.0000,200,10.6215
0.0067,0.0000,0.0000,0.0000,0.0066,0.0001,200,10.6279
0.0067,0.0000,0.0000,0.0000,0.0067,0.0000,200,10.6279
0.0068,0.0000,0.0000,0.0000,0.0067,0.0000,200,10.6279
0.0069,0.0000,0.0000,0.0000,0.0068,0.0000,200,10.6278
0.0065,0.0000,0.0000,0.0000,0.0064,0.0001,200,10.6347
0.0065,0.0000,0.0000,0.0000,0.0064,0.0001,200,10.6347
0.0067,0.0000,0.0000,0.0000,0.0066,0.0000,200,10.6346
0.0067,0.0000,0.0000,0.0000,0.0066,0.0000,200,10.6346
0.0065,0.0000,0.0000,0.0000,0.0065,0.0001,200,10.6413
0.0067,0.0000,0.0000,0.0000,0.0066,0.0001,200,10.6412
0.0067,0.0000,0.0000,0.0000,0.0066,0.0001,200,10.6412
0.0080,0.0000,0.0000,0.0000,0.0079,0.0001,200,10.6413
0.0065,0.0000,0.0000,0.0000,0.0064,0.0001,200,10.6479
0.0067,0.0000,0.0000,0.0000,0.0066,0.0000,200,10.6479
0.0073,0.0000,0.0000,0.0000,0.0072,0.0000,200,10.6479
0.0068,0.0000,0.0000,0.0000,0.0067,0.0000,200,10.6493
0.0084,0.0000,0.0000,0.0000,0.0083,0.0000,200,10.6552
0.0075,0.0000,0.0000,0.0000,0.0074,0.0001,200,10.6561
0.0090,0.0000,0.0000,0.0000,0.0089,0.0000,200,10.6546
0.0093,0.0000,0.0000,0.0000,0.0092,0.0000,200,10.6544
0.0069,0.0000,0.0000,0.0000,0.0067,0.0001,200,10.6636
0.0070,0.0000,0.0000,0.0000,0.0069,0.0000,200,10.6636
0.0071,0.0000,0.0000,0.0000,0.0070,0.0000,200,10.6636
0.0083,0.0000,0.0000,0.0000,0.0082,0.0001,200,10.6637
0.0074,0.0000,0.0000,0.0001,0.0072,0.0001,200,10.6705
0.0073,0.0000,0.0000,0.0000,0.0072,0.0000,200,10.6706
0.0075,0.0000,0.0000,0.0000,0.0074,0.0001,200,10.6707
0.0067,0.0000,0.0000,0.0000,0.0066,0.0000,200,10.6719
0.0069,0.0000,0.0000,0.0000,0.0068,0.0001,200,10.6779
0.0070,0.0000,0.0000,0.0000,0.0068,0.0001,200,10.6778
0.0067,0.0000,0.0000,0.0001,0.0066,0.0000,200,10.6782
0.0067,0.0000,0.0000,0.0000,0.0067,0.0000,200,10.6786
0.0066,0.0000,0.0000,0.0000,0.0065,0.0001,200,10.6848
0.0067,0.0000,0.0000,0.0000,0.0066,0.0000,200,10.6849
0.0063,0.0000,0.0000,0.0000,0.0062,0.0000,200,10.6854
0.0068,0.0000,0.0000,0.0000,0.0068,0.0000,200,10.6848
0.0067,0.0000,0.0000,0.0000,0.0066,0.0001,200,10.6915
0.0067,0.0000,0.0000,0.0000,0.0066,0.0000,200,10.6915
0.0068,0.0000,0.0000,0.0000,0.0067,0.0000,200,10.6916
0.0077,0.0000,0.0000,0.0000,0.0077,0.0000,200,10.6916
0.0076,0.0000,0.0000,0.0000,0.0075,0.0001,200,10.6982
0.0077,0.0000,0.0000,0.0000,0.0076,0.0000,200,10.6982
0.0070,0.0000,0.0000,0.0000,0.0069,0.0000,200,10.6994
0.0094,0.0000,0.0000,0.0000,0.0093,0.0001,200,10.6984
0.0068,0.0000,0.0000,0.0000,0.0066,0.0001,200,10.7058
0.0070,0.0000,0.0000,0.0000,0.0069,0.0001,200,10.7059
0.0078,0.0000,0.0000,0.0000,0.0076,0.0001,200,10.7064
0.0064,0.0000,0.0000,0.0000,0.0063,0.0000,200,10.7078
0.0066,0.0000,0.0000,0.0000,0.0065,0.0001,200,10.7126
0.0064,0.0000,0.0000,0.0000,0.0063,0.0000,200,10.7129
0.0061,0.0000,0.0000,0.0000,0.0060,0.0000,200,10.7142
0.0062,0.0000,0.0000,0.0000,0.0061,0.0000,200,10.7141
0.0065,0.0000,0.0000,0.0000,0.0064,0.0001,200,10.7192
0.0065,0.0000,0.0000,0.0000,0.0065,0.0000,200,10.7192
0.0077,0.0000,0.0000,0.0000,0.0076,0.0000,200,10.7203
0.0076,0.0000,0.0000,0.0000,0.0076,0.0000,200,10.7203
0.0065,0.0000,0.0000,0.0000,0.0064,0.0000,200,10.7257
0.0068,0.0000,0.0000,0.0000,0.0067,0.0000,200,10.7258
0.0063,0.0000,0.0000,0.0000,0.0063,0.0001,200,10.7279
0.0064,0.0000,0.0000,0.0000,0.0063,0.0000,200,10.7279
0.0070,0.0000,0.0000,0.0000,0.0069,0.0001,200,10.7322
0.0063,0.0000,0.0000,0.0000,0.0062,0.0001,200,10.7343
0.0065,0.0000,0.0000,0.0000,0.0064,0.0000,200,10.7343
0.0127,0.0000,0.0000,0.0000,0.0126,0.0001,200,10.7326
0.0066,0.0000,0.0000,0.0000,0.0065,0.0000,200,10.7393
0.0066,0.0000,0.0000,0.0000,0.0065,0.0000,200,10.7406
0.0065,0.0000,0.0000,0.0000,0.0064,0.0000,200,10.7408
0.0081,0.0000,0.0000,0.0000,0.0080,0.0001,200,10.7453
0.0076,0.0000,0.0000,0.0000,0.0075,0.0000,200,10.7459
0.0064,0.0000,0.0000,0.0000,0.0063,0.0000,200,10.7472
0.0080,0.0000,0.0000,0.0000,0.0079,0.0001,200,10.7473
0.0064,0.0000,0.0000,0.0000,0.0062,0.0001,200,10.7535
0.0064,0.0000,0.0000,0.0000,0.0064,0.0000,200,10.7535
0.0067,0.0000,0.0000,0.0000,0.0066,0.0000,200,10.7534
0.0064,0.0000,0.0000,0.0000,0.0063,0.0000,200,10.7553
0.0071,0.0000,0.0000,0.0000,0.0069,0.0001,200,10.7599
0.0070,0.0000,0.0000,0.0000,0.0069,0.0000,200,10.7601
0.0071,0.0000,0.0000,0.0000,0.0071,0.0000,200,10.7600
0.0064,0.0000,0.0000,0.0000,0.0063,0.0000,200,10.7617
0.0070,0.0000,0.0000,0.0000,0.0069,0.0000,200,10.7669
0.0069,0.0000,0.0000,0.0000,0.0068,0.0000,200,10.7670
0.0068,0.0000,0.0000,0.0000,0.0067,0.0000,200,10.7681
0.0078,0.0000,0.0000,0.0000,0.0078,0.0001,200,10.7671
0.0086,0.0000,0.0000,0.0000,0.0085,0.0001,200,10.7739
0.0087,0.0000,0.0000,0.0000,0.0085,0.0001,200,10.7739
0.0080,0.0000,0.0000,0.0000,0.0080,0.0000,200,10.7749
0.0082,0.0000,0.0000,0.0000,0.0079,0.0003,200,10.7749
0.0069,0.0000,0.0000,0.0000,0.0068,0.0001,200,10.7825
0.0069,0.0000,0.0000,0.0000,0.0069,0.0000,200,10.7826
0.0085,0.0000,0.0000,0.0000,0.0084,0.0001,200,10.7832
0.0088,0.0000,0.0000,0.0000,0.0087,0.0001,200,10.7830
0.0066,0.0000,0.0000,0.0000,0.0065,0.0001,200,10.7894
0.0067,0.0000,0.0000,0.0000,0.0067,0.0000,200,10.7895
0.0063,0.0000,0.0000,0.0000,0.0062,0.0001,200,10.7917
0.0066,0.0000,0.0000,0.0000,0.0065,0.0000,200,10.7918
0.0075,0.0000,0.0000,0.0000,0.0073,0.0001,200,10.7961
0.0075,0.0000,0.0000,0.0000,0.0074,0.0000,200,10.7962
0.0071,0.0000,0.0000,0.0000,0.0070,0.0001,200,10.7980
0.0074,0.0000,0.0000,0.0000,0.0073,0.0001,200,10.7984
0.0071,0.0000,0.0000,0.0000,0.0070,0.0001,200,10.8035
0.0070,0.0000,0.0000,0.0000,0.0070,0.0000,200,10.8036
0.0077,0.0000,0.0000,0.0000,0.0076,0.0001,200,10.8051
0.0085,0.0000,0.0000,0.0000,0.0084,0.0000,200,10.8058
0.0071,0.0000,0.0000,0.0000,0.0070,0.0001,200,10.8106
0.0075,0.0000,0.0000,0.0000,0.0073,0.0001,200,10.8107
0.0071,0.0000,0.0000,0.0000,0.0070,0.0001,200,10.8143
0.0085,0.0000,0.0000,0.0000,0.0084,0.0000,200,10.8129
0.0072,0.0000,0.0000,0.0000,0.0070,0.0001,200,10.8178
0.0070,0.0000,0.0000,0.0000,0.0069,0.0001,200,10.8182
0.0064,0.0000,0.0000,0.0000,0.0063,0.0000,200,10.8214
0.0064,0.0000,0.0000,0.0000,0.0063,0.0001,200,10.8214
0.0065,0.0000,0.0000,0.0000,0.0064,0.0001,200,10.8251
0.0071,0.0000,0.0000,0.0000,0.0065,0.0005,200,10.8249
0.0071,0.0000,0.0000,0.0000,0.0067,0.0001,200,10.8278
0.0071,0.0000,0.0000,0.0000,0.0067,0.0001,200,10.8278
0.0070,0.0000,0.0000,0.0000,0.0069,0.0001,200,10.8317
0.0067,0.0000,0.0000,0.0000,0.0066,0.0001,200,10.8320
0.0066,0.0000,0.0000,0.0000,0.0065,0.0001,200,10.8349
0.0074,0.0000,0.0000,0.0000,0.0073,0.0000,200,10.8349
0.0066,0.0000,0.0000,0.0000,0.0065,0.0001,200,10.8387
0.0067,0.0000,0.0000,0.0000,0.0066,0.0000,200,10.8387
0.0064,0.0000,0.0000,0.0000,0.0063,0.0000,200,10.8415
0.0062,0.0000,0.0000,0.0000,0.0062,0.0000,200,10.8422
0.0070,0.0000,0.0000,0.0000,0.0068,0.0001,200,10.8453
0.0069,0.0000,0.0000,0.0000,0.0069,0.0000,200,10.8454
0.0070,0.0000,0.0000,0.0000,0.0069,0.0001,200,10.8479
0.0074,0.0000,0.0000,0.0000,0.0074,0.0001,200,10.8484
0.0079,0.0000,0.0000,0.0000,0.0078,0.0001,200,10.8523
0.0081,0.0000,0.0000,0.0000,0.0080,0.0001,200,10.8522
0.0066,0.0000,0.0000,0.0000,0.0066,0.0000,200,10.8549
0.0063,0.0000,0.0000,0.0000,0.0062,0.0000,200,10.8559
0.0067,0.0000,0.0000,0.0000,0.0066,0.0001,200,10.8603
0.0067,0.0000,0.0000,0.0000,0.0066,0.0001,200,10.8603
0.0073,0.0000,0.0000,0.0000,0.0072,0.0001,200,10.8616
0.0068,0.0000,0.0000,0.0000,0.0068,0.0000,200,10.8622
0.0067,0.0000,0.0000,0.0000,0.0066,0.0001,200,10.8670
0.0081,0.0000,0.0000,0.0000,0.0080,0.0000,200,10.8669
0.0064,0.0000,0.0000,0.0000,0.0063,0.0000,200,10.8689
0.0066,0.0000,0.0000,0.0000,0.0065,0.0000,200,10.8690
0.0065,0.0000,0.0000,0.0000,0.0064,0.0001,200,10.8737
0.0067,0.0000,0.0000,0.0000,0.0066,0.0000,200,10.8750
0.0065,0.0000,0.0000,0.0000,0.0064,0.0000,200,10.8753
0.0064,0.0000,0.0000,0.0000,0.0063,0.0000,200,10.8756
0.0068,0.0000,0.0000,0.0000,0.0067,0.0001,200,10.8802
0.0065,0.0000,0.0000,0.0000,0.0064,0.0001,200,10.8817
0.0066,0.0000,0.0000,0.0000,0.0065,0.0000,200,10.8818
0.0064,0.0000,0.0000,0.0000,0.0064,0.0000,200,10.8821
0.0070,0.0000,0.0000,0.0000,0.0069,0.0001,200,10.8870
0.0064,0.0000,0.0000,0.0000,0.0063,0.0000,200,10.8883
0.0063,0.0000,0.0000,0.0000,0.0062,0.0000,200,10.8884
0.0065,0.0000,0.0000,0.0000,0.0064,0.0000,200,10.8885
0.0072,0.0000,0.0000,0.0000,0.0071,0.0001,200,10.8941
0.0064,0.0000,0.0000,0.0000,0.0063,0.0000,200,10.8950
0.0083,0.0000,0.0000,0.0000,0.0082,0.0000,200,10.8946
0.0083,0.0000,0.0000,0.0000,0.0082,0.0001,200,10.8946
0.0070,0.0000,0.0000,0.0000,0.0069,0.0001,200,10.9012
0.0069,0.0000,0.0000,0.0000,0.0068,0.0000,200,10.9013
0.0066,0.0000,0.0000,0.0000,0.0065,0.0001,200,10.9029
0.0067,0.0000,0.0000,0.0000,0.0067,0.0000,200,10.9029
0.0067,0.0000,0.0000,0.0000,0.0066,0.0001,200,10.9082
0.0070,0.0000,0.0000,0.0000,0.0069,0.0000,200,10.9082
0.0063,0.0000,0.0000,0.0000,0.0062,0.0000,200,10.9095
0.0063,0.0000,0.0000,0.0000,0.0063,0.0000,200,10.9096
0.0070,0.0000,0.0000,0.0000,0.0069,0.0001,200,10.9150
0.0070,0.0000,0.0000,0.0000,0.0069,0.0001,200,10.9152
0.0065,0.0000,0.0000,0.0000,0.0065,0.0000,200,10.9158
0.0065,0.0000,0.0000,0.0000,0.0064,0.0000,200,10.9159
0.0069,0.0000,0.0000,0.0000,0.0068,0.0001,200,10.9220
0.0066,0.0000,0.0000,0.0000,0.0065,0.0001,200,10.9223
0.0068,0.0000,0.0000,0.0000,0.0068,0.0000,200,10.9222
0.0067,0.0000,0.0000,0.0000,0.0067,0.0000,200,10.9224
0.0066,0.0000,0.0000,0.0000,0.0065,0.0001,200,10.9290
0.0065,0.0000,0.0000,0.0000,0.0065,0.0000,200,10.9292
0.0068,0.0000,0.0000,0.0000,0.0067,0.0000,200,10.9289
0.0084,0.0000,0.0000,0.0000,0.0083,0.0001,200,10.9289
0.0075,0.0000,0.0000,0.0000,0.0074,0.0001,200,10.9357
0.0076,0.0000,0.0000,0.0000,0.0075,0.0001,200,10.9356
0.0082,0.0000,0.0000,0.0000,0.0081,0.0000,200,10.9357
0.0107,0.0000,0.0000,0.0000,0.0106,0.0001,200,10.9373
0.0068,0.0000,0.0000,0.0000,0.0067,0.0001,200,10.9432
0.0070,0.0000,0.0000,0.0000,0.0070,0.0000,200,10.9432
0.0068,0.0000,0.0000,0.0000,0.0067,0.0000,200,10.9439
0.0071,0.0000,0.0000,0.0000,0.0069,0.0001,200,10.9480
0.0069,0.0000,0.0000,0.0000,0.0068,0.0000,200,10.9501
0.0068,0.0000,0.0000,0.0000,0.0067,0.0001,200,10.9502
0.0065,0.0000,0.0000,0.0000,0.0064,0.0000,200,10.9507
0.0070,0.0000,0.0000,0.0000,0.0068,0.0001,200,10.9550
0.0065,0.0000,0.0000,0.0000,0.0064,0.0000,200,10.9570
0.0068,0.0000,0.0000,0.0000,0.0068,0.0000,200,10.9571
0.0070,0.0000,0.0000,0.0000,0.0068,0.0000,200,10.9570
0.0070,0.0000,0.0000,0.0000,0.0068,0.0001,200,10.9620
0.0067,0.0000,0.0000,0.0000,0.0067,0.0000,200,10.9635
0.0065,0.0000,0.0000,0.0000,0.0064,0.0000,200,10.9639
0.0066,0.0000,0.0000,0.0000,0.0066,0.0000,200,10.9639
0.0079,0.0000,0.0000,0.0000,0.0078,0.0001,200,10.9690
0.0064,0.0000,0.0000,0.0000,0.0063,0.0000,200,10.9706
0.0067,0.0000,0.0000,0.0000,0.0066,0.0000,200,10.9702
0.0065,0.0000,0.0000,0.0000,0.0065,0.0000,200,10.9704
0.0066,0.0000,0.0000,0.0000,0.0065,0.0001,200,10.9769
0.0066,0.0000,0.0000,0.0000,0.0065,0.0001,200,10.9769
0.0067,0.0000,0.0000,0.0000,0.0066,0.0001,200,10.9769
0.0067,0.0000,0.0000,0.0000,0.0067,0.0000,200,10.9769
0.0065,0.0000,0.0000,0.0000,0.0064,0.0001,200,10.9835
0.0066,0.0000,0.0000,0.0000,0.0065,0.0000,200,10.9835
0.0065,0.0000,0.0000,0.0000,0.0064,0.0000,200,10.9836
0.0071,0.0000,0.0000,0.0000,0.0070,0.0000,200,10.9836
0.0066,0.0000,0.0000,0.0000,0.0065,0.0001,200,10.9901
0.0066,0.0000,0.0000,0.0000,0.0065,0.0001,200,10.9901
0.0066,0.0000,0.0000,0.0000,0.0066,0.0000,200,10.9901
0.0065,0.0000,0.0000,0.0000,0.0064,0.0000,200,10.9907
0.0065,0.0000,0.0000,0.0000,0.0064,0.0000,200,10.9967
0.0066,0.0000,0.0000,0.0000,0.0065,0.0000,200,10.9967
0.0065,0.0000,0.0000,0.0000,0.0065,0.0001,200,10.9967
0.0064,0.0000,0.0000,0.0000,0.0063,0.0000,200,10.9972
0.0067,0.0000,0.0000,0.0000,0.0066,0.0001,200,11.0033
0.0067,0.0000,0.0000,0.0000,0.0067,0.0000,200,11.0033
0.0068,0.0000,0.0000,0.0000,0.0067,0.0000,200,11.0033
0.0066,0.0000,0.0000,0.0000,0.0066,0.0000,200,11.0036
0.0064,0.0000,0.0000,0.0000,0.0063,0.0000,200,11.0102
0.0065,0.0000,0.0000,0.0000,0.0065,0.0001,200,11.0101
0.0067,0.0000,0.0000,0.0000,0.0066,0.0000,200,11.0100
0.0068,0.0000,0.0000,0.0000,0.0067,0.0000,200,11.0100
0.0069,0.0000,0.0000,0.0000,0.0068,0.0001,200,11.0167
0.0068,0.0000,0.0000,0.0000,0.0068,0.0001,200,11.0168
0.0070,0.0000,0.0000,0.0000,0.0069,0.0001,200,11.0166
0.0070,0.0000,0.0000,0.0000,0.0069,0.0001,200,11.0166
0.0065,0.0000,0.0000,0.0000,0.0064,0.0001,200,11.0236
0.0066,0.0000,0.0000,0.0000,0.0064,0.0000,200,11.0236
0.0065,0.0000,0.0000,0.0000,0.0064,0.0001,200,11.0236
0.0066,0.0000,0.0000,0.0000,0.0066,0.0000,200,11.0236
0.0067,0.0000,0.0000,0.0000,0.0066,0.0001,200,11.0302
0.0070,0.0000,0.0000,0.0000,0.0069,0.0000,200,11.0302
0.0087,0.0000,0.0000,0.0000,0.0086,0.0001,200,11.0303
0.0088,0.0000,0.0000,0.0000,0.0087,0.0000,200,11.0302
0.0067,0.0000,0.0000,0.0000,0.0065,0.0001,200,11.0369
0.0066,0.0000,0.0000,0.0000,0.0065,0.0000,200,11.0372
0.0074,0.0000,0.0000,0.0000,0.0073,0.0001,200,11.0389
0.0076,0.0000,0.0000,0.0000,0.0076,0.0000,200,11.0389
0.0068,0.0000,0.0000,0.0000,0.0068,0.0000,200,11.0435
0.0066,0.0000,0.0000,0.0000,0.0065,0.0001,200,11.0437
0.0065,0.0000,0.0000,0.0000,0.0064,0.0001,200,11.0463
0.0064,0.0000,0.0000,0.0000,0.0064,0.0000,200,11.0465
0.0070,0.0000,0.0000,0.0000,0.0067,0.0001,200,11.0504
0.0070,0.0000,0.0000,0.0000,0.0070,0.0000,200,11.0504
0.0063,0.0000,0.0000,0.0000,0.0062,0.0001,200,11.0528
0.0062,0.0000,0.0000,0.0000,0.0062,0.0000,200,11.0530
0.0067,0.0000,0.0000,0.0000,0.0066,0.0001,200,11.0573
0.0080,0.0000,0.0000,0.0000,0.0080,0.0000,200,11.0574
0.0098,0.0000,0.0000,0.0000,0.0097,0.0000,200,11.0591
0.0097,0.0000,0.0000,0.0000,0.0097,0.0000,200,11.0592
0.0067,0.0000,0.0000,0.0000,0.0066,0.0001,200,11.0640
0.0063,0.0000,0.0000,0.0000,0.0062,0.0001,200,11.0655
0.0067,0.0000,0.0000,0.0000,0.0066,0.0001,200,11.0689
0.0067,0.0000,0.0000,0.0000,0.0067,0.0000,200,11.0689
0.0065,0.0000,0.0000,0.0000,0.0064,0.0000,200,11.0707
0.0061,0.0000,0.0000,0.0000,0.0060,0.0000,200,11.0718
0.0065,0.0000,0.0000,0.0000,0.0065,0.0001,200,11.0757
0.0067,0.0000,0.0000,0.0000,0.0066,0.0000,200,11.0756
0.0065,0.0000,0.0000,0.0000,0.0064,0.0001,200,11.0771
0.0062,0.0000,0.0000,0.0000,0.0062,0.0000,200,11.0779
0.0066,0.0000,0.0000,0.0000,0.0065,0.0001,200,11.0823
0.0066,0.0000,0.0000,0.0000,0.0066,0.0000,200,11.0822
0.0063,0.0000,0.0000,0.0000,0.0063,0.0000,200,11.0836
0.0061,0.0000,0.0000,0.0000,0.0061,0.0000,200,11.0841
0.0064,0.0000,0.0000,0.0000,0.0064,0.0001,200,11.0889
0.0065,0.0000,0.0000,0.0000,0.0064,0.0000,200,11.0889
0.0062,0.0000,0.0000,0.0000,0.0061,0.0000,200,11.0900
0.0064,0.0000,0.0000,0.0000,0.0063,0.0001,200,11.0903
0.0065,0.0000,0.0000,0.0000,0.0064,0.0001,200,11.0954
0.0066,0.0000,0.0000,0.0000,0.0065,0.0000,200,11.0953
0.0066,0.0000,0.0000,0.0000,0.0065,0.0000,200,11.0962
0.0083,0.0000,0.0000,0.0000,0.0082,0.0000,200,11.0967
0.0066,0.0000,0.0000,0.0000,0.0065,0.0001,200,11.1019
0.0066,0.0000,0.0000,0.0000,0.0065,0.0000,200,11.1020
0.0063,0.0000,0.0000,0.0000,0.0062,0.0000,200,11.1027
0.0065,0.0000,0.0000,0.0000,0.0065,0.0000,200,11.1050
0.0066,0.0000,0.0000,0.0000,0.0065,0.0001,200,11.1085
0.0062,0.0000,0.0000,0.0000,0.0061,0.0000,200,11.1091
0.0073,0.0000,0.0000,0.0000,0.0073,0.0000,200,11.1085
0.0063,0.0000,0.0000,0.0000,0.0062,0.0001,200,11.1115
0.0069,0.0000,0.0000,0.0000,0.0067,0.0001,200,11.1152
0.0068,0.0000,0.0000,0.0000,0.0068,0.0000,200,11.1152
0.0074,0.0000,0.0000,0.0000,0.0073,0.0000,200,11.1158
0.0062,0.0000,0.0000,0.0000,0.0061,0.0000,200,11.1178
0.0069,0.0000,0.0000,0.0000,0.0068,0.0000,200,11.1220
0.0069,0.0000,0.0000,0.0000,0.0068,0.0000,200,11.1221
0.0065,0.0000,0.0000,0.0000,0.0065,0.0000,200,11.1232
0.0063,0.0000,0.0000,0.0000,0.0062,0.0000,200,11.1240
0.0068,0.0000,0.0000,0.0000,0.0066,0.0001,200,11.1289
0.0068,0.0000,0.0000,0.0000,0.0067,0.0000,200,11.1290
0.0071,0.0000,0.0000,0.0000,0.0070,0.0000,200,11.1298
0.0066,0.0000,0.0000,0.0000,0.0065,0.0000,200,11.1303
0.0067,0.0000,0.0000,0.0000,0.0066,0.0001,200,11.1357
0.0067,0.0000,0.0000,0.0000,0.0066,0.0000,200,11.1357
0.0062,0.0000,0.0000,0.0000,0.0062,0.0000,200,11.1369
0.0063,0.0000,0.0000,0.0000,0.0063,0.0000,200,11.1369
0.0067,0.0000,0.0000,0.0000,0.0065,0.0002,200,11.1424
0.0068,0.0000,0.0000,0.0000,0.0066,0.0001,200,11.1424
0.0063,0.0000,0.0000,0.0000,0.0062,0.0000,200,11.1431
0.0064,0.0000,0.0000,0.0000,0.0063,0.0000,200,11.1432
0.0068,0.0000,0.0000,0.0001,0.0066,0.0001,200,11.1492
0.0070,0.0000,0.0000,0.0002,0.0067,0.0000,200,11.1491
0.0067,0.0000,0.0000,0.0000,0.0066,0.0000,200,11.1494
0.0071,0.0000,0.0000,0.0000,0.0070,0.0000,200,11.1496
0.0067,0.0000,0.0000,0.0000,0.0066,0.0001,200,11.1560
0.0067,0.0000,0.0000,0.0000,0.0066,0.0000,200,11.1561
0.0067,0.0000,0.0000,0.0000,0.0066,0.0001,200,11.1561
0.0063,0.0000,0.0000,0.0000,0.0063,0.0000,200,11.1566
0.0065,0.0000,0.0000,0.0000,0.0064,0.0000,200,11.1627
0.0064,0.0000,0.0000,0.0000,0.0063,0.0001,200,11.1628
0.0064,0.0000,0.0000,0.0000,0.0064,0.0000,200,11.1628
0.0069,0.0000,0.0000,0.0000,0.0068,0.0000,200,11.1630
0.0066,0.0000,0.0000,0.0000,0.0064,0.0001,200,11.1691
0.0065,0.0000,0.0000,0.0000,0.0064,0.0000,200,11.1693
0.0061,0.0000,0.0000,0.0000,0.0061,0.0000,200,11.1698
0.0072,0.0000,0.0000,0.0000,0.0071,0.0000,200,11.1691
0.0068,0.0000,0.0000,0.0000,0.0067,0.0001,200,11.1757
0.0068,0.0000,0.0000,0.0000,0.0067,0.0000,200,11.1758
0.0067,0.0000,0.0000,0.0000,0.0066,0.0000,200,11.1760
0.0063,0.0000,0.0000,0.0000,0.0062,0.0000,200,11.1764
0.0066,0.0000,0.0000,0.0000,0.0065,0.0001,200,11.1826
0.0072,0.0000,0.0000,0.0000,0.0071,0.0001,200,11.1826
0.0073,0.0000,0.0000,0.0000,0.0072,0.0000,200,11.1826
0.0078,0.0000,0.0000,0.0000,0.0076,0.0001,200,11.1825
0.0075,0.0000,0.0000,0.0000,0.0074,0.0001,200,11.1891
0.0068,0.0000,0.0000,0.0000,0.0068,0.0000,200,11.1898
0.0068,0.0000,0.0000,0.0000,0.0067,0.0000,200,11.1899
0.0083,0.0000,0.0000,0.0000,0.0082,0.0001,200,11.1903
0.0065,0.0000,0.0000,0.0000,0.0064,0.0001,200,11.1967
0.0066,0.0000,0.0000,0.0000,0.0065,0.0001,200,11.1966
0.0066,0.0000,0.0000,0.0000,0.0066,0.0000,200,11.1967
0.0064,0.0000,0.0000,0.0000,0.0063,0.0000,200,11.1985
0.0069,0.0000,0.0000,0.0000,0.0068,0.0000,200,11.2033
0.0070,0.0000,0.0000,0.0000,0.0068,0.0002,200,11.2032
0.0071,0.0000,0.0000,0.0000,0.0070,0.0000,200,11.2033
0.0064,0.0000,0.0000,0.0000,0.0063,0.0000,200,11.2050
0.0070,0.0000,0.0000,0.0000,0.0069,0.0001,200,11.2102
0.0068,0.0000,0.0000,0.0000,0.0067,0.0001,200,11.2104
0.0062,0.0000,0.0000,0.0000,0.0061,0.0000,200,11.2113
0.0077,0.0000,0.0000,0.0000,0.0075,0.0000,200,11.2102
0.0067,0.0000,0.0000,0.0000,0.0066,0.0000,200,11.2172
0.0068,0.0000,0.0000,0.0000,0.0066,0.0002,200,11.2172
0.0063,0.0000,0.0000,0.0000,0.0062,0.0000,200,11.2178
0.0082,0.0000,0.0000,0.0000,0.0081,0.0001,200,11.2176
0.0070,0.0000,0.0000,0.0000,0.0068,0.0001,200,11.2239
0.0070,0.0000,0.0000,0.0000,0.0070,0.0000,200,11.2239
0.0080,0.0000,0.0000,0.0000,0.0080,0.0000,200,11.2241
0.0071,0.0000,0.0000,0.0000,0.0069,0.0001,200,11.2257
0.0067,0.0000,0.0000,0.0000,0.0066,0.0001,200,11.2310
0.0067,0.0000,0.0000,0.0000,0.0066,0.0000,200,11.2309
0.0070,0.0000,0.0000,0.0000,0.0069,0.0000,200,11.2321
0.0068,0.0000,0.0000,0.0000,0.0067,0.0000,200,11.2328
0.0066,0.0000,0.0000,0.0000,0.0065,0.0001,200,11.2376
0.0068,0.0000,0.0000,0.0000,0.0067,0.0000,200,11.2376
0.0066,0.0000,0.0000,0.0000,0.0065,0.0001,200,11.2392
0.0065,0.0000,0.0000,0.0000,0.0065,0.0000,200,11.2397
0.0077,0.0000,0.0000,0.0000,0.0076,0.0001,200,11.2442
0.0065,0.0000,0.0000,0.0000,0.0063,0.0000,200,11.2458
0.0079,0.0000,0.0000,0.0000,0.0078,0.0000,200,11.2444
0.0068,0.0000,0.0000,0.0000,0.0068,0.0000,200,11.2462
0.0068,0.0000,0.0000,0.0000,0.0067,0.0000,200,11.2520
0.0065,0.0000,0.0000,0.0000,0.0064,0.0001,200,11.2523
0.0065,0.0000,0.0000,0.0000,0.0064,0.0000,200,11.2523
0.0063,0.0000,0.0000,0.0000,0.0063,0.0000,200,11.2530
0.0066,0.0000,0.0000,0.0000,0.0065,0.0001,200,11.2587
0.0067,0.0000,0.0000,0.0000,0.0067,0.0000,200,11.2587
0.0062,0.0000,0.0000,0.0000,0.0061,0.0000,200,11.2594
0.0071,0.0000,0.0000,0.0000,0.0071,0.0000,200,11.2587
0.0066,0.0000,0.0000,0.0000,0.0065,0.0001,200,11.2653
0.0066,0.0000,0.0000,0.0000,0.0065,0.0001,200,11.2654
0.0062,0.0000,0.0000,0.0000,0.0062,0.0000,200,11.2659
0.0065,0.0000,0.0000,0.0000,0.0065,0.0000,200,11.2656
0.0065,0.0000,0.0000,0.0000,0.0064,0.0001,200,11.2721
0.0066,0.0000,0.0000,0.0000,0.0065,0.0000,200,11.2720
0.0066,0.0000,0.0000,0.0000,0.0065,0.0000,200,11.2720
0.0065,0.0000,0.0000,0.0000,0.0065,0.0000,200,11.2721
0.0066,0.0000,0.0000,0.0000,0.0065,0.0001,200,11.2786
0.0068,0.0000,0.0000,0.0000,0.0067,0.0000,200,11.2786
0.0070,0.0000,0.0000,0.0000,0.0069,0.0000,200,11.2786
0.0070,0.0000,0.0000,0.0000,0.0069,0.0000,200,11.2786
0.0067,0.0000,0.0000,0.0000,0.0066,0.0001,200,11.2855
0.0071,0.0000,0.0000,0.0000,0.0070,0.0000,200,11.2852
0.0068,0.0000,0.0000,0.0000,0.0067,0.0000,200,11.2855
0.0071,0.0000,0.0000,0.0000,0.0070,0.0000,200,11.2853
0.0062,0.0000,0.0000,0.0000,0.0061,0.0001,200,11.2924
0.0066,0.0000,0.0000,0.0000,0.0066,0.0000,200,11.2922
0.0065,0.0000,0.0000,0.0000,0.0065,0.0000,200,11.2923
0.0066,0.0000,0.0000,0.0000,0.0066,0.0000,200,11.2923
0.0081,0.0000,0.0000,0.0000,0.0080,0.0001,200,11.2986
0.0080,0.0000,0.0000,0.0000,0.0079,0.0001,200,11.2989
0.0083,0.0000,0.0000,0.0000,0.0082,0.0001,200,11.2989
0.0085,0.0000,0.0000,0.0000,0.0084,0.0001,200,11.2990
0.0072,0.0000,0.0000,0.0000,0.0071,0.0001,200,11.3068
0.0073,0.0000,0.0000,0.0000,0.0072,0.0000,200,11.3068
0.0070,0.0000,0.0000,0.0000,0.0069,0.0000,200,11.3072
0.0070,0.0000,0.0000,0.0000,0.0069,0.0001,200,11.3075
0.0067,0.0000,0.0000,0.0000,0.0066,0.0000,200,11.3141
0.0068,0.0000,0.0000,0.0000,0.0067,0.0000,200,11.3140
0.0067,0.0000,0.0000,0.0000,0.0067,0.0000,200,11.3141
0.0066,0.0000,0.0000,0.0000,0.0065,0.0000,200,11.3145
0.0066,0.0000,0.0000,0.0000,0.0065,0.0001,200,11.3208
0.0065,0.0000,0.0000,0.0000,0.0065,0.0000,200,11.3211
0.0069,0.0000,0.0000,0.0000,0.0067,0.0001,200,11.3208
0.0071,0.0000,0.0000,0.0000,0.0069,0.0001,200,11.3208
0.0066,0.0000,0.0000,0.0000,0.0065,0.0001,200,11.3278
0.0069,0.0000,0.0000,0.0000,0.0069,0.0000,200,11.3276
0.0071,0.0000,0.0000,0.0000,0.0071,0.0000,200,11.3275
0.0071,0.0000,0.0000,0.0000,0.0071,0.0000,200,11.3276
0.0072,0.0000,0.0000,0.0000,0.0071,0.0001,200,11.3347
0.0075,0.0000,0.0000,0.0000,0.0074,0.0000,200,11.3345
0.0076,0.0000,0.0000,0.0000,0.0076,0.0000,200,11.3346
0.0078,0.0000,0.0000,0.0000,0.0077,0.0001,200,11.3346
0.0068,0.0000,0.0000,0.0000,0.0067,0.0001,200,11.3419
0.0065,0.0000,0.0000,0.0000,0.0064,0.0000,200,11.3425
0.0070,0.0000,0.0000,0.0000,0.0069,0.0000,200,11.3419
0.0068,0.0000,0.0000,0.0000,0.0067,0.0000,200,11.3422
0.0069,0.0000,0.0000,0.0000,0.0068,0.0001,200,11.3488
0.0068,0.0000,0.0000,0.0000,0.0067,0.0000,200,11.3490
0.0069,0.0000,0.0000,0.0000,0.0068,0.0000,200,11.3490
0.0070,0.0000,0.0000,0.0000,0.0069,0.0000,200,11.3490
0.0065,0.0000,0.0000,0.0000,0.0063,0.0002,200,11.3559
0.0067,0.0000,0.0000,0.0000,0.0067,0.0000,200,11.3558
0.0068,0.0000,0.0000,0.0000,0.0067,0.0001,200,11.3557
0.0075,0.0000,0.0000,0.0000,0.0074,0.0001,200,11.3559
0.0087,0.0000,0.0000,0.0000,0.0087,0.0001,200,11.3625
0.0078,0.0000,0.0000,0.0000,0.0077,0.0001,200,11.3634
0.0088,0.0000,0.0000,0.0000,0.0086,0.0001,200,11.3625
0.0090,0.0000,0.0000,0.0000,0.0089,0.0000,200,11.3624
0.0074,0.0000,0.0000,0.0000,0.0073,0.0001,200,11.3713
0.0076,0.0000,0.0000,0.0000,0.0075,0.0000,200,11.3713
0.0077,0.0000,0.0000,0.0000,0.0075,0.0000,200,11.3713
0.0077,0.0000,0.0000,0.0000,0.0076,0.0000,200,11.3713
0.0066,0.0000,0.0000,0.0000,0.0065,0.0001,200,11.3789
0.0070,0.0000,0.0000,0.0000,0.0069,0.0000,200,11.3787
0.0069,0.0000,0.0000,0.0000,0.0068,0.0000,200,11.3789
0.0076,0.0000,0.0000,0.0000,0.0076,0.0001,200,11.3789
0.0072,0.0000,0.0000,0.0000,0.0071,0.0001,200,11.3857
0.0077,0.0000,0.0000,0.0000,0.0076,0.0000,200,11.3856
0.0068,0.0000,0.0000,0.0000,0.0067,0.0000,200,11.3866
0.0076,0.0000,0.0000,0.0000,0.0075,0.0000,200,11.3858
0.0066,0.0000,0.0000,0.0000,0.0065,0.0001,200,11.3933
0.0067,0.0000,0.0000,0.0000,0.0066,0.0000,200,11.3933
0.0067,0.0000,0.0000,0.0000,0.0067,0.0000,200,11.3933
0.0072,0.0000,0.0000,0.0000,0.0071,0.0000,200,11.3929
0.0066,0.0000,0.0000,0.0000,0.0065,0.0001,200,11.3999
0.0067,0.0000,0.0000,0.0000,0.0066,0.0001,200,11.4000
0.0069,0.0000,0.0000,0.0000,0.0069,0.0000,200,11.4000
0.0080,0.0000,0.0000,0.0000,0.0079,0.0000,200,11.4000
0.0066,0.0000,0.0000,0.0000,0.0065,0.0001,200,11.4066
0.0063,0.0000,0.0000,0.0000,0.0062,0.0000,200,11.4069
0.0064,0.0000,0.0000,0.0000,0.0064,0.0000,200,11.4067
0.0064,0.0000,0.0000,0.0000,0.0063,0.0000,200,11.4081
0.0067,0.0000,0.0000,0.0000,0.0066,0.0001,200,11.4132
0.0073,0.0000,0.0000,0.0000,0.0072,0.0000,200,11.4132
0.0072,0.0000,0.0000,0.0000,0.0072,0.0000,200,11.4132
0.0062,0.0000,0.0000,0.0000,0.0061,0.0000,200,11.4145
0.0067,0.0000,0.0000,0.0000,0.0066,0.0001,200,11.4199
0.0064,0.0000,0.0000,0.0000,0.0063,0.0001,200,11.4207
0.0068,0.0000,0.0000,0.0000,0.0067,0.0000,200,11.4204
0.0069,0.0000,0.0000,0.0000,0.0069,0.0000,200,11.4204
0.0075,0.0000,0.0000,0.0000,0.0072,0.0002,200,11.4271
0.0081,0.0000,0.0000,0.0000,0.0078,0.0003,200,11.4266
0.0075,0.0000,0.0000,0.0000,0.0072,0.0003,200,11.4272
0.0077,0.0000,0.0000,0.0000,0.0070,0.0007,200,11.4274
0.0070,0.0000,0.0000,0.0001,0.0068,0.0001,200,11.4346
0.0077,0.0000,0.0000,0.0001,0.0074,0.0000,200,11.4347
0.0075,0.0000,0.0000,0.0000,0.0074,0.0001,200,11.4350
0.0078,0.0000,0.0000,0.0000,0.0077,0.0000,200,11.4347
0.0071,0.0000,0.0000,0.0000,0.0069,0.0001,200,11.4417
0.0070,0.0000,0.0000,0.0000,0.0069,0.0000,200,11.4424
0.0068,0.0000,0.0000,0.0000,0.0067,0.0001,200,11.4425
0.0070,0.0000,0.0000,0.0000,0.0069,0.0000,200,11.4426
0.0072,0.0000,0.0000,0.0000,0.0071,0.0001,200,11.4487
0.0066,0.0000,0.0000,0.0000,0.0065,0.0000,200,11.4494
0.0066,0.0000,0.0000,0.0000,0.0066,0.0000,200,11.4494
0.0068,0.0000,0.0000,0.0000,0.0067,0.0000,200,11.4496
0.0066,0.0000,0.0000,0.0000,0.0065,0.0001,200,11.4563
0.0070,0.0000,0.0000,0.0000,0.0069,0.0000,200,11.4560
0.0070,0.0000,0.0000,0.0000,0.0070,0.0000,200,11.4560
0.0072,0.0000,0.0000,0.0000,0.0071,0.0000,200,11.4560
0.0068,0.0000,0.0000,0.0000,0.0066,0.0001,200,11.4630
0.0068,0.0000,0.0000,0.0000,0.0067,0.0000,200,11.4630
0.0069,0.0000,0.0000,0.0000,0.0068,0.0000,200,11.4630
0.0069,0.0000,0.0000,0.0000,0.0068,0.0001,200,11.4698
0.0068,0.0000,0.0000,0.0000,0.0067,0.0001,200,11.4699
0.0070,0.0000,0.0000,0.0000,0.0069,0.0001,200,11.4697
0.0179,0.0000,0.0000,0.0000,0.0178,0.0001,200,11.4631
0.0072,0.0000,0.0000,0.0000,0.0071,0.0001,200,11.4767
0.0073,0.0000,0.0000,0.0000,0.0073,0.0000,200,11.4767
0.0078,0.0000,0.0000,0.0000,0.0077,0.0000,200,11.4767
0.0069,0.0000,0.0000,0.0000,0.0068,0.0001,200,11.4811
0.0065,0.0000,0.0000,0.0000,0.0064,0.0001,200,11.4840
0.0067,0.0000,0.0000,0.0000,0.0066,0.0000,200,11.4839
0.0083,0.0000,0.0000,0.0000,0.0082,0.0001,200,11.4845
0.0083,0.0000,0.0000,0.0000,0.0082,0.0001,200,11.4880
0.0066,0.0000,0.0000,0.0000,0.0065,0.0001,200,11.4907
0.0073,0.0000,0.0000,0.0000,0.0072,0.0000,200,11.4906
0.0065,0.0000,0.0000,0.0000,0.0064,0.0001,200,11.4928
0.0066,0.0000,0.0000,0.0000,0.0065,0.0001,200,11.4964
0.0065,0.0000,0.0000,0.0000,0.0064,0.0001,200,11.4972
0.0062,0.0000,0.0000,0.0000,0.0062,0.0000,200,11.4978
0.0066,0.0000,0.0000,0.0000,0.0065,0.0001,200,11.4993
0.0070,0.0000,0.0000,0.0000,0.0068,0.0001,200,11.5030
0.0070,0.0000,0.0000,0.0000,0.0069,0.0000,200,11.5041
0.0079,0.0000,0.0000,0.0000,0.0072,0.0006,200,11.5037
0.0066,0.0000,0.0000,0.0000,0.0065,0.0000,200,11.5059
0.0077,0.0000,0.0000,0.0000,0.0076,0.0001,200,11.5100
0.0066,0.0000,0.0000,0.0000,0.0065,0.0001,200,11.5111
0.0067,0.0000,0.0000,0.0000,0.0067,0.0000,200,11.5116
0.0065,0.0000,0.0000,0.0000,0.0064,0.0000,200,11.5125
0.0066,0.0000,0.0000,0.0000,0.0065,0.0001,200,11.5176
0.0068,0.0000,0.0000,0.0000,0.0067,0.0000,200,11.5176
0.0067,0.0000,0.0000,0.0000,0.0063,0.0004,200,11.5183
0.0065,0.0000,0.0000,0.0000,0.0064,0.0000,200,11.5190
0.0067,0.0000,0.0000,0.0000,0.0066,0.0001,200,11.5243
0.0065,0.0000,0.0000,0.0000,0.0065,0.0001,200,11.5244
0.0066,0.0000,0.0000,0.0000,0.0065,0.0001,200,11.5250
0.0066,0.0000,0.0000,0.0000,0.0066,0.0000,200,11.5255
0.0069,0.0000,0.0000,0.0000,0.0068,0.0001,200,11.5310
0.0063,0.0000,0.0000,0.0000,0.0062,0.0001,200,11.5316
0.0069,0.0000,0.0000,0.0000,0.0068,0.0001,200,11.5310
0.0063,0.0000,0.0000,0.0000,0.0062,0.0000,200,11.5321
0.0067,0.0000,0.0000,0.0000,0.0065,0.0001,200,11.5379
0.0067,0.0000,0.0000,0.0000,0.0066,0.0000,200,11.5379
0.0067,0.0000,0.0000,0.0000,0.0066,0.0000,200,11.5379
0.0066,0.0000,0.0000,0.0000,0.0065,0.0000,200,11.5384
0.0067,0.0000,0.0000,0.0000,0.0066,0.0001,200,11.5446
0.0067,0.0000,0.0000,0.0000,0.0066,0.0000,200,11.5446
0.0067,0.0000,0.0000,0.0000,0.0067,0.0000,200,11.5446
0.0064,0.0000,0.0000,0.0000,0.0064,0.0000,200,11.5450
0.0066,0.0000,0.0000,0.0000,0.0065,0.0001,200,11.5514
0.0066,0.0000,0.0000,0.0000,0.0065,0.0000,200,11.5514
0.0067,0.0000,0.0000,0.0000,0.0066,0.0000,200,11.5513
0.0084,0.0000,0.0000,0.0000,0.0083,0.0001,200,11.5513
0.0067,0.0000,0.0000,0.0000,0.0066,0.0001,200,11.5580
0.0067,0.0000,0.0000,0.0000,0.0066,0.0001,200,11.5580
0.0068,0.0000,0.0000,0.0000,0.0067,0.0001,200,11.5580
0.0067,0.0000,0.0000,0.0000,0.0066,0.0001,200,11.5598
0.0066,0.0000,0.0000,0.0000,0.0065,0.0000,200,11.5647
0.0066,0.0000,0.0000,0.0000,0.0065,0.0001,200,11.5647
0.0071,0.0000,0.0000,0.0000,0.0071,0.0000,200,11.5648
0.0064,0.0000,0.0000,0.0000,0.0063,0.0000,200,11.5664
0.0061,0.0000,0.0000,0.0000,0.0060,0.0001,200,11.5720
0.0067,0.0000,0.0000,0.0001,0.0066,0.0000,200,11.5713
0.0068,0.0000,0.0000,0.0000,0.0067,0.0000,200,11.5713
0.0065,0.0000,0.0000,0.0000,0.0065,0.0000,200,11.5729
0.0066,0.0000,0.0000,0.0000,0.0065,0.0001,200,11.5780
0.0067,0.0000,0.0000,0.0000,0.0066,0.0000,200,11.5781
0.0067,0.0000,0.0000,0.0000,0.0067,0.0000,200,11.5780
0.0064,0.0000,0.0000,0.0000,0.0064,0.0000,200,11.5794
0.0065,0.0000,0.0000,0.0000,0.0064,0.0001,200,11.5847
0.0067,0.0000,0.0000,0.0000,0.0066,0.0000,200,11.5847
0.0066,0.0000,0.0000,0.0000,0.0065,0.0000,200,11.5848
0.0063,0.0000,0.0000,0.0000,0.0062,0.0000,200,11.5858
0.0068,0.0000,0.0000,0.0000,0.0067,0.0001,200,11.5914
0.0070,0.0000,0.0000,0.0000,0.0069,0.0000,200,11.5914
0.0075,0.0000,0.0000,0.0000,0.0075,0.0000,200,11.5913
0.0067,0.0000,0.0000,0.0000,0.0066,0.0001,200,11.5921
0.0071,0.0000,0.0000,0.0000,0.0070,0.0001,200,11.5982
0.0070,0.0000,0.0000,0.0000,0.0069,0.0001,200,11.5983
0.0071,0.0000,0.0000,0.0000,0.0071,0.0000,200,11.5988
0.0081,0.0000,0.0000,0.0000,0.0080,0.0001,200,11.5988
0.0066,0.0000,0.0000,0.0000,0.0065,0.0000,200,11.6053
0.0066,0.0000,0.0000,0.0000,0.0065,0.0001,200,11.6053
0.0067,0.0000,0.0000,0.0000,0.0066,0.0000,200,11.6059
0.0070,0.0000,0.0000,0.0000,0.0070,0.0000,200,11.6069
0.0065,0.0000,0.0000,0.0000,0.0064,0.0001,200,11.6119
0.0066,0.0000,0.0000,0.0000,0.0065,0.0000,200,11.6119
0.0063,0.0000,0.0000,0.0000,0.0062,0.0000,200,11.6126
0.0066,0.0000,0.0000,0.0000,0.0065,0.0000,200,11.6139
0.0068,0.0000,0.0000,0.0000,0.0067,0.0001,200,11.6189
0.0072,0.0000,0.0000,0.0000,0.0072,0.0000,200,11.6184
0.0071,0.0000,0.0000,0.0000,0.0070,0.0001,200,11.6185
0.0065,0.0000,0.0000,0.0000,0.0064,0.0000,200,11.6205
0.0081,0.0000,0.0000,0.0000,0.0080,0.0000,200,11.6257
0.0081,0.0000,0.0000,0.0000,0.0080,0.0001,200,11.6257
0.0067,0.0000,0.0000,0.0000,0.0066,0.0001,200,11.6270
0.0081,0.0000,0.0000,0.0000,0.0080,0.0001,200,11.6257
0.0068,0.0000,0.0000,0.0000,0.0066,0.0001,200,11.6338
0.0068,0.0000,0.0000,0.0000,0.0067,0.0000,200,11.6338
0.0068,0.0000,0.0000,0.0000,0.0067,0.0000,200,11.6338
0.0084,0.0000,0.0000,0.0000,0.0083,0.0001,200,11.6338
0.0067,0.0000,0.0000,0.0000,0.0066,0.0001,200,11.6406
0.0068,0.0000,0.0000,0.0000,0.0068,0.0000,200,11.6406
0.0073,0.0000,0.0000,0.0000,0.0072,0.0001,200,11.6406
0.0064,0.0000,0.0000,0.0000,0.0063,0.0000,200,11.6422
0.0070,0.0000,0.0000,0.0000,0.0068,0.0001,200,11.6473
0.0070,0.0000,0.0000,0.0000,0.0069,0.0001,200,11.6474
0.0075,0.0000,0.0000,0.0000,0.0074,0.0000,200,11.6479
0.0070,0.0000,0.0000,0.0000,0.0069,0.0000,200,11.6486
0.0069,0.0000,0.0000,0.0000,0.0068,0.0001,200,11.6543
0.0067,0.0000,0.0000,0.0000,0.0066,0.0001,200,11.6555
0.0071,0.0000,0.0000,0.0000,0.0070,0.0000,200,11.6554
0.0122,0.0000,0.0000,0.0000,0.0120,0.0001,200,11.6544
0.0072,0.0000,0.0000,0.0000,0.0071,0.0001,200,11.6625
0.0085,0.0000,0.0000,0.0000,0.0084,0.0000,200,11.6612
0.0075,0.0000,0.0000,0.0000,0.0073,0.0001,200,11.6623
0.0091,0.0000,0.0000,0.0000,0.0090,0.0001,200,11.6666
0.0066,0.0000,0.0000,0.0000,0.0065,0.0000,200,11.6697
0.0065,0.0000,0.0000,0.0000,0.0064,0.0000,200,11.6697
0.0072,0.0000,0.0000,0.0000,0.0071,0.0000,200,11.6697
0.0069,0.0000,0.0000,0.0000,0.0067,0.0001,200,11.6757
0.0064,0.0000,0.0000,0.0000,0.0064,0.0000,200,11.6762
0.0066,0.0000,0.0000,0.0000,0.0066,0.0000,200,11.6763
0.0082,0.0000,0.0000,0.0000,0.0081,0.0001,200,11.6769
0.0066,0.0000,0.0000,0.0000,0.0065,0.0000,200,11.6829
0.0069,0.0000,0.0000,0.0000,0.0068,0.0000,200,11.6827
0.0070,0.0000,0.0000,0.0000,0.0070,0.0000,200,11.6826
0.0070,0.0000,0.0000,0.0000,0.0069,0.0001,200,11.6851
0.0066,0.0000,0.0000,0.0000,0.0065,0.0001,200,11.6895
0.0067,0.0000,0.0000,0.0000,0.0067,0.0000,200,11.6896
0.0068,0.0000,0.0000,0.0000,0.0067,0.0000,200,11.6895
0.0064,0.0000,0.0000,0.0000,0.0063,0.0001,200,11.6921
0.0065,0.0000,0.0000,0.0000,0.0064,0.0001,200,11.6963
0.0068,0.0000,0.0000,0.0000,0.0066,0.0000,200,11.6961
0.0065,0.0000,0.0000,0.0000,0.0065,0.0000,200,11.6963
0.0105,0.0000,0.0000,0.0000,0.0104,0.0001,200,11.6985
0.0071,0.0000,0.0000,0.0000,0.0070,0.0000,200,11.7028
0.0071,0.0000,0.0000,0.0000,0.0070,0.0000,200,11.7029
0.0084,0.0000,0.0000,0.0000,0.0083,0.0001,200,11.7029
0.0066,0.0000,0.0000,0.0000,0.0065,0.0000,200,11.7090
0.0065,0.0000,0.0000,0.0000,0.0064,0.0000,200,11.7099
0.0066,0.0000,0.0000,0.0000,0.0065,0.0001,200,11.7099
0.0070,0.0000,0.0000,0.0000,0.0068,0.0001,200,11.7112
0.0066,0.0000,0.0000,0.0000,0.0065,0.0001,200,11.7156
0.0067,0.0000,0.0000,0.0000,0.0067,0.0001,200,11.7164
0.0068,0.0000,0.0000,0.0000,0.0067,0.0000,200,11.7165
0.0068,0.0000,0.0000,0.0000,0.0067,0.0000,200,11.7182
0.0068,0.0000,0.0000,0.0000,0.0067,0.0001,200,11.7222
0.0065,0.0000,0.0000,0.0000,0.0064,0.0001,200,11.7232
0.0067,0.0000,0.0000,0.0000,0.0066,0.0000,200,11.7232
0.0063,0.0000,0.0000,0.0000,0.0062,0.0000,200,11.7250
0.0066,0.0000,0.0000,0.0000,0.0065,0.0001,200,11.7290
0.0084,0.0000,0.0000,0.0000,0.0083,0.0000,200,11.7299
0.0086,0.0000,0.0000,0.0000,0.0085,0.0001,200,11.7297
0.0070,0.0000,0.0000,0.0000,0.0069,0.0001,200,11.7313
0.0071,0.0000,0.0000,0.0000,0.0069,0.0001,200,11.7357
0.0069,0.0000,0.0000,0.0000,0.0068,0.0000,200,11.7383
0.0069,0.0000,0.0000,0.0000,0.0066,0.0002,200,11.7383
0.0076,0.0000,0.0000,0.0000,0.0075,0.0000,200,11.7383
0.0071,0.0000,0.0000,0.0000,0.0070,0.0001,200,11.7427
0.0064,0.0000,0.0000,0.0000,0.0063,0.0000,200,11.7452
0.0068,0.0000,0.0000,0.0000,0.0067,0.0000,200,11.7452
0.0064,0.0000,0.0000,0.0000,0.0064,0.0000,200,11.7459
0.0066,0.0000,0.0000,0.0000,0.0065,0.0001,200,11.7499
0.0065,0.0000,0.0000,0.0000,0.0064,0.0000,200,11.7516
0.0067,0.0000,0.0000,0.0000,0.0067,0.0000,200,11.7520
0.0087,0.0000,0.0000,0.0000,0.0085,0.0002,200,11.7523
0.0066,0.0000,0.0000,0.0000,0.0065,0.0000,200,11.7565
0.0069,0.0000,0.0000,0.0000,0.0068,0.0001,200,11.7580
0.0067,0.0000,0.0000,0.0000,0.0066,0.0000,200,11.7587
0.0065,0.0000,0.0000,0.0000,0.0064,0.0000,200,11.7610
0.0068,0.0000,0.0000,0.0000,0.0067,0.0001,200,11.7630
0.0079,0.0000,0.0000,0.0000,0.0078,0.0001,200,11.7654
0.0085,0.0000,0.0000,0.0000,0.0084,0.0000,200,11.7649
0.0064,0.0000,0.0000,0.0000,0.0063,0.0001,200,11.7675
0.0068,0.0000,0.0000,0.0000,0.0067,0.0001,200,11.7699
0.0065,0.0000,0.0000,0.0000,0.0064,0.0001,200,11.7734
0.0068,0.0000,0.0000,0.0000,0.0067,0.0000,200,11.7734
0.0064,0.0000,0.0000,0.0000,0.0063,0.0000,200,11.7739
0.0066,0.0000,0.0000,0.0000,0.0065,0.0001,200,11.7766
0.0076,0.0000,0.0000,0.0000,0.0075,0.0001,200,11.7799
0.0076,0.0000,0.0000,0.0000,0.0075,0.0001,200,11.7803
0.0078,0.0000,0.0000,0.0000,0.0078,0.0000,200,11.7802
0.0062,0.0000,0.0000,0.0000,0.0061,0.0000,200,11.7832
0.0066,0.0000,0.0000,0.0000,0.0065,0.0001,200,11.7875
0.0064,0.0000,0.0000,0.0001,0.0063,0.0000,200,11.7878
0.0064,0.0000,0.0000,0.0000,0.0063,0.0001,200,11.7880
0.0065,0.0000,0.0000,0.0000,0.0064,0.0001,200,11.7895
0.0064,0.0000,0.0000,0.0000,0.0063,0.0001,200,11.7943
0.0066,0.0000,0.0000,0.0000,0.0065,0.0000,200,11.7941
0.0064,0.0000,0.0000,0.0000,0.0063,0.0000,200,11.7945
0.0064,0.0000,0.0000,0.0000,0.0063,0.0000,200,11.7959
0.0065,0.0000,0.0000,0.0000,0.0064,0.0001,200,11.8007
0.0065,0.0000,0.0000,0.0000,0.0065,0.0000,200,11.8008
0.0066,0.0000,0.0000,0.0000,0.0065,0.0000,200,11.8007
0.0062,0.0000,0.0000,0.0000,0.0061,0.0000,200,11.8024
0.0065,0.0000,0.0000,0.0000,0.0064,0.0001,200,11.8073
0.0067,0.0000,0.0000,0.0000,0.0066,0.0000,200,11.8072
0.0066,0.0000,0.0000,0.0000,0.0066,0.0000,200,11.8073
0.0097,0.0000,0.0000,0.0000,0.0096,0.0001,200,11.8086
0.0064,0.0000,0.0000,0.0000,0.0063,0.0001,200,11.8139
0.0064,0.0000,0.0000,0.0000,0.0063,0.0000,200,11.8140
0.0065,0.0000,0.0000,0.0000,0.0064,0.0000,200,11.8139
0.0068,0.0000,0.0000,0.0000,0.0067,0.0001,200,11.8182
0.0065,0.0000,0.0000,0.0000,0.0064,0.0001,200,11.8203
0.0064,0.0000,0.0000,0.0000,0.0063,0.0000,200,11.8204
0.0065,0.0000,0.0000,0.0000,0.0065,0.0000,200,11.8203
0.0079,0.0000,0.0000,0.0000,0.0078,0.0001,200,11.8250
0.0065,0.0000,0.0000,0.0000,0.0064,0.0000,200,11.8268
0.0064,0.0000,0.0000,0.0000,0.0063,0.0000,200,11.8269
0.0067,0.0000,0.0000,0.0000,0.0066,0.0000,200,11.8268
0.0066,0.0000,0.0000,0.0000,0.0065,0.0000,200,11.8333
0.0067,0.0000,0.0000,0.0000,0.0066,0.0001,200,11.8332
0.0069,0.0000,0.0000,0.0000,0.0068,0.0001,200,11.8329
0.0069,0.0000,0.0000,0.0000,0.0068,0.0000,200,11.8334
0.0069,0.0000,0.0000,0.0000,0.0067,0.0001,200,11.8399
0.0070,0.0000,0.0000,0.0000,0.0069,0.0000,200,11.8399
0.0078,0.0000,0.0000,0.0000,0.0076,0.0001,200,11.8399
0.0084,0.0000,0.0000,0.0000,0.0083,0.0000,200,11.8403
0.0071,0.0000,0.0000,0.0000,0.0070,0.0001,200,11.8469
0.0081,0.0000,0.0000,0.0003,0.0078,0.0000,200,11.8468
0.0073,0.0000,0.0000,0.0000,0.0071,0.0001,200,11.8476
0.0064,0.0000,0.0000,0.0000,0.0064,0.0000,200,11.8487
0.0069,0.0000,0.0000,0.0000,0.0066,0.0001,200,11.8549
0.0078,0.0000,0.0000,0.0000,0.0077,0.0000,200,11.8540
0.0067,0.0000,0.0000,0.0000,0.0066,0.0001,200,11.8551
0.0069,0.0000,0.0000,0.0000,0.0068,0.0001,200,11.8549
0.0067,0.0000,0.0000,0.0000,0.0066,0.0000,200,11.8618
0.0067,0.0000,0.0000,0.0000,0.0066,0.0001,200,11.8618
0.0068,0.0000,0.0000,0.0000,0.0067,0.0000,200,11.8617
0.0067,0.0000,0.0000,0.0000,0.0066,0.0000,200,11.8618
0.0069,0.0000,0.0000,0.0000,0.0068,0.0000,200,11.8685
0.0069,0.0000,0.0000,0.0000,0.0068,0.0000,200,11.8685
0.0069,0.0000,0.0000,0.0000,0.0067,0.0000,200,11.8685
0.0070,0.0000,0.0000,0.0000,0.0068,0.0001,200,11.8685
0.0070,0.0000,0.0000,0.0000,0.0069,0.0001,200,11.8754
0.0073,0.0000,0.0000,0.0000,0.0073,0.0000,200,11.8754
0.0073,0.0000,0.0000,0.0000,0.0072,0.0001,200,11.8755
0.0082,0.0000,0.0000,0.0000,0.0081,0.0000,200,11.8754
0.0067,0.0000,0.0000,0.0000,0.0066,0.0001,200,11.8827
0.0066,0.0000,0.0000,0.0000,0.0066,0.0000,200,11.8828
0.0071,0.0000,0.0000,0.0000,0.0070,0.0000,200,11.8824
0.0068,0.0000,0.0000,0.0000,0.0067,0.0000,200,11.8835
0.0067,0.0000,0.0000,0.0000,0.0066,0.0001,200,11.8894
0.0069,0.0000,0.0000,0.0000,0.0068,0.0000,200,11.8895
0.0064,0.0000,0.0000,0.0000,0.0063,0.0000,200,11.8903
0.0074,0.0000,0.0000,0.0000,0.0074,0.0000,200,11.8894
0.0076,0.0000,0.0000,0.0000,0.0075,0.0001,200,11.8961
0.0069,0.0000,0.0000,0.0000,0.0069,0.0000,200,11.8968
0.0073,0.0000,0.0000,0.0000,0.0073,0.0000,200,11.8964
0.0071,0.0000,0.0000,0.0000,0.0070,0.0001,200,11.8967
0.0068,0.0000,0.0000,0.0000,0.0067,0.0001,200,11.9038
0.0075,0.0000,0.0000,0.0000,0.0074,0.0000,200,11.9038
0.0082,0.0000,0.0000,0.0000,0.0081,0.0000,200,11.9038
0.0090,0.0000,0.0000,0.0001,0.0088,0.0001,200,11.9037
0.0077,0.0000,0.0000,0.0000,0.0076,0.0001,200,11.9106
0.0075,0.0000,0.0000,0.0000,0.0074,0.0001,200,11.9112
0.0071,0.0000,0.0000,0.0000,0.0070,0.0000,200,11.9120
0.0065,0.0000,0.0000,0.0001,0.0064,0.0000,200,11.9127
0.0066,0.0000,0.0000,0.0000,0.0065,0.0001,200,11.9191
0.0070,0.0000,0.0000,0.0000,0.0069,0.0000,200,11.9188
0.0074,0.0000,0.0000,0.0000,0.0073,0.0001,200,11.9183
0.0066,0.0000,0.0000,0.0000,0.0065,0.0000,200,11.9193
0.0067,0.0000,0.0000,0.0000,0.0066,0.0001,200,11.9258
0.0069,0.0000,0.0000,0.0000,0.0068,0.0000,200,11.9258
0.0070,0.0000,0.0000,0.0000,0.0068,0.0000,200,11.9258
0.0069,0.0000,0.0000,0.0000,0.0069,0.0000,200,11.9258
0.0065,0.0000,0.0000,0.0000,0.0064,0.0001,200,11.9327
0.0068,0.0000,0.0000,0.0000,0.0066,0.0001,200,11.9325
0.0066,0.0000,0.0000,0.0000,0.0064,0.0001,200,11.9327
0.0065,0.0000,0.0000,0.0001,0.0064,0.0000,200,11.9327
0.0065,0.0000,0.0000,0.0000,0.0065,0.0000,200,11.9392
0.0065,0.0000,0.0000,0.0000,0.0064,0.0001,200,11.9393
0.0066,0.0000,0.0000,0.0000,0.0065,0.0001,200,11.9392
0.0066,0.0000,0.0000,0.0000,0.0064,0.0002,200,11.9393
0.0068,0.0000,0.0000,0.0000,0.0067,0.0001,200,11.9458
0.0067,0.0000,0.0000,0.0000,0.0066,0.0001,200,11.9459
0.0068,0.0000,0.0000,0.0000,0.0067,0.0001,200,11.9458
0.0070,0.0000,0.0000,0.0000,0.0069,0.0000,200,11.9458
0.0064,0.0000,0.0000,0.0000,0.0063,0.0001,200,11.9528
0.0067,0.0000,0.0000,0.0000,0.0066,0.0000,200,11.9526
0.0067,0.0000,0.0000,0.0000,0.0066,0.0000,200,11.9526
0.0068,0.0000,0.0000,0.0000,0.0068,0.0000,200,11.9526
0.0069,0.0000,0.0000,0.0000,0.0068,0.0001,200,11.9593
0.0070,0.0000,0.0000,0.0000,0.0070,0.0000,200,11.9592
0.0069,0.0000,0.0000,0.0000,0.0068,0.0000,200,11.9594
0.0070,0.0000,0.0000,0.0000,0.0070,0.0000,200,11.9593
0.0069,0.0000,0.0000,0.0000,0.0068,0.0001,200,11.9663
0.0070,0.0000,0.0000,0.0000,0.0069,0.0001,200,11.9662
0.0069,0.0000,0.0000,0.0000,0.0068,0.0001,200,11.9663
0.0069,0.0000,0.0000,0.0000,0.0068,0.0001,200,11.9663
0.0067,0.0000,0.0000,0.0000,0.0066,0.0001,200,11.9732
0.0068,0.0000,0.0000,0.0000,0.0068,0.0000,200,11.9732
0.0075,0.0000,0.0000,0.0000,0.0074,0.0001,200,11.9732
0.0075,0.0000,0.0000,0.0000,0.0074,0.0000,200,11.9732
0.0073,0.0000,0.0000,0.0000,0.0072,0.0001,200,11.9800
0.0074,0.0000,0.0000,0.0000,0.0074,0.0000,200,11.9799
0.0067,0.0000,0.0000,0.0000,0.0066,0.0000,200,11.9807
0.0067,0.0000,0.0000,0.0000,0.0066,0.0000,200,11.9806
0.0068,0.0000,0.0000,0.0000,0.0066,0.0001,200,11.9874
0.0070,0.0000,0.0000,0.0000,0.0069,0.0000,200,11.9873
0.0071,0.0000,0.0000,0.0000,0.0070,0.0000,200,11.9873
0.0070,0.0000,0.0000,0.0000,0.0069,0.0000,200,11.9874
0.0065,0.0000,0.0000,0.0000,0.0064,0.0001,200,11.9941
0.0064,0.0000,0.0000,0.0000,0.0063,0.0000,200,11.9944
0.0068,0.0000,0.0000,0.0000,0.0067,0.0000,200,11.9944
0.0086,0.0000,0.0000,0.0000,0.0085,0.0001,200,11.9943
0.0066,0.0000,0.0000,0.0000,0.0065,0.0001,200,12.0006
0.0068,0.0000,0.0000,0.0000,0.0067,0.0001,200,12.0008
0.0066,0.0000,0.0000,0.0000,0.0065,0.0000,200,12.0030
0.0070,0.0000,0.0000,0.0000,0.0069,0.0001,200,12.0076
0.0080,0.0000,0.0000,0.0000,0.0079,0.0001,200,12.0073
0.0068,0.0000,0.0000,0.0000,0.0067,0.0001,200,12.0095
0.0199,0.0000,0.0000,0.0000,0.0197,0.0001,200,12.0011
0.0067,0.0000,0.0000,0.0000,0.0066,0.0000,200,12.0146
0.0067,0.0000,0.0000,0.0000,0.0067,0.0000,200,12.0153
0.0078,0.0000,0.0000,0.0001,0.0075,0.0001,200,12.0163
0.0067,0.0000,0.0000,0.0000,0.0066,0.0001,200,12.0210
0.0065,0.0000,0.0000,0.0000,0.0064,0.0000,200,12.0213
0.0072,0.0000,0.0000,0.0000,0.0071,0.0001,200,12.0221
0.0104,0.0000,0.0000,0.0000,0.0103,0.0001,200,12.0241
0.0077,0.0000,0.0000,0.0000,0.0076,0.0001,200,12.0277
0.0080,0.0000,0.0000,0.0000,0.0080,0.0000,200,12.0278
0.0066,0.0000,0.0000,0.0000,0.0065,0.0000,200,12.0293
0.0069,0.0000,0.0000,0.0000,0.0068,0.0001,200,12.0345
0.0067,0.0000,0.0000,0.0000,0.0063,0.0003,200,12.0354
0.0062,0.0000,0.0000,0.0000,0.0062,0.0000,200,12.0359
0.0064,0.0000,0.0000,0.0000,0.0063,0.0000,200,12.0358
0.0067,0.0000,0.0000,0.0000,0.0066,0.0001,200,12.0415
0.0069,0.0000,0.0000,0.0000,0.0068,0.0001,200,12.0422
0.0071,0.0000,0.0000,0.0000,0.0071,0.0000,200,12.0421
0.0076,0.0000,0.0000,0.0000,0.0075,0.0000,200,12.0420
0.0068,0.0000,0.0000,0.0000,0.0067,0.0001,200,12.0481
0.0066,0.0000,0.0000,0.0000,0.0064,0.0001,200,12.0491
0.0066,0.0000,0.0000,0.0000,0.0065,0.0000,200,12.0492
0.0063,0.0000,0.0000,0.0000,0.0062,0.0000,200,12.0496
0.0067,0.0000,0.0000,0.0000,0.0065,0.0001,200,12.0549
0.0064,0.0000,0.0000,0.0000,0.0063,0.0000,200,12.0557
0.0063,0.0000,0.0000,0.0000,0.0063,0.0000,200,12.0558
0.0063,0.0000,0.0000,0.0000,0.0062,0.0000,200,12.0559
0.0080,0.0000,0.0000,0.0000,0.0079,0.0001,200,12.0621
0.0079,0.0000,0.0000,0.0000,0.0078,0.0001,200,12.0621
0.0084,0.0000,0.0000,0.0000,0.0083,0.0001,200,12.0616
0.0079,0.0000,0.0000,0.0000,0.0078,0.0001,200,12.0621
0.0065,0.0000,0.0000,0.0000,0.0065,0.0001,200,12.0700
0.0068,0.0000,0.0000,0.0000,0.0067,0.0001,200,12.0700
0.0069,0.0000,0.0000,0.0000,0.0068,0.0000,200,12.0700
0.0069,0.0000,0.0000,0.0000,0.0069,0.0000,200,12.0700
0.0068,0.0000,0.0000,0.0000,0.0067,0.0001,200,12.0769
0.0071,0.0000,0.0000,0.0000,0.0071,0.0000,200,12.0766
0.0068,0.0000,0.0000,0.0000,0.0068,0.0000,200,12.0770
0.0071,0.0000,0.0000,0.0000,0.0070,0.0000,200,12.0768
0.0067,0.0000,0.0000,0.0000,0.0066,0.0001,200,12.0838
0.0069,0.0000,0.0000,0.0000,0.0069,0.0000,200,12.0837
0.0068,0.0000,0.0000,0.0000,0.0067,0.0000,200,12.0839
0.0071,0.0000,0.0000,0.0000,0.0070,0.0000,200,12.0837
0.0066,0.0000,0.0000,0.0000,0.0065,0.0001,200,12.0909
0.0068,0.0000,0.0000,0.0000,0.0067,0.0001,200,12.0907
0.0070,0.0000,0.0000,0.0000,0.0069,0.0000,200,12.0905
0.0071,0.0000,0.0000,0.0000,0.0070,0.0001,200,12.0906
0.0071,0.0000,0.0000,0.0000,0.0070,0.0001,200,12.0975
0.0069,0.0000,0.0000,0.0000,0.0069,0.0000,200,12.0977
0.0072,0.0000,0.0000,0.0000,0.0070,0.0001,200,12.0975
0.0072,0.0000,0.0000,0.0000,0.0070,0.0001,200,12.0975
0.0068,0.0000,0.0000,0.0000,0.0067,0.0001,200,12.1046
0.0068,0.0000,0.0000,0.0000,0.0066,0.0001,200,12.1047
0.0068,0.0000,0.0000,0.0000,0.0067,0.0001,200,12.1046
0.0069,0.0000,0.0000,0.0000,0.0069,0.0000,200,12.1046
0.0066,0.0000,0.0000,0.0000,0.0066,0.0001,200,12.1114
0.0067,0.0000,0.0000,0.0000,0.0066,0.0001,200,12.1114
0.0068,0.0000,0.0000,0.0000,0.0067,0.0000,200,12.1114
0.0066,0.0000,0.0000,0.0000,0.0066,0.0000,200,12.1116
0.0072,0.0000,0.0000,0.0000,0.0072,0.0000,200,12.1182
0.0073,0.0000,0.0000,0.0000,0.0072,0.0001,200,12.1182
0.0075,0.0000,0.0000,0.0000,0.0074,0.0000,200,12.1181
0.0076,0.0000,0.0000,0.0000,0.0072,0.0004,200,12.1181
0.0065,0.0000,0.0000,0.0000,0.0064,0.0001,200,12.1257
0.0069,0.0000,0.0000,0.0000,0.0068,0.0000,200,12.1255
0.0068,0.0000,0.0000,0.0000,0.0068,0.0000,200,12.1256
0.0070,0.0000,0.0000,0.0000,0.0069,0.0000,200,12.1254
0.0065,0.0000,0.0000,0.0000,0.0064,0.0001,200,12.1322
0.0063,0.0000,0.0000,0.0000,0.0062,0.0000,200,12.1324
0.0065,0.0000,0.0000,0.0000,0.0064,0.0000,200,12.1324
0.0065,0.0000,0.0000,0.0000,0.0065,0.0000,200,12.1324
0.0066,0.0000,0.0000,0.0000,0.0065,0.0001,200,12.1387
0.0065,0.0000,0.0000,0.0000,0.0065,0.0000,200,12.1389
0.0066,0.0000,0.0000,0.0000,0.0065,0.0000,200,12.1389
0.0068,0.0000,0.0000,0.0000,0.0066,0.0002,200,12.1387
0.0067,0.0000,0.0000,0.0000,0.0067,0.0001,200,12.1454
0.0067,0.0000,0.0000,0.0000,0.0066,0.0001,200,12.1455
0.0066,0.0000,0.0000,0.0000,0.0065,0.0001,200,12.1455
0.0069,0.0000,0.0000,0.0000,0.0068,0.0001,200,12.1453
0.0066,0.0000,0.0000,0.0000,0.0065,0.0001,200,12.1521
0.0066,0.0000,0.0000,0.0000,0.0065,0.0001,200,12.1522
0.0066,0.0000,0.0000,0.0000,0.0065,0.0001,200,12.1521
0.0066,0.0000,0.0000,0.0000,0.0065,0.0001,200,12.1521
0.0069,0.0000,0.0000,0.0000,0.0068,0.0001,200,12.1587
0.0069,0.0000,0.0000,0.0000,0.0068,0.0000,200,12.1587
0.0069,0.0000,0.0000,0.0000,0.0068,0.0000,200,12.1587
0.0069,0.0000,0.0000,0.0000,0.0068,0.0001,200,12.1587
0.0067,0.0000,0.0000,0.0000,0.0066,0.0001,200,12.1657
0.0070,0.0000,0.0000,0.0000,0.0069,0.0001,200,12.1656
0.0070,0.0000,0.0000,0.0000,0.0069,0.0000,200,12.1656
0.0072,0.0000,0.0000,0.0000,0.0072,0.0000,200,12.1656
0.0066,0.0000,0.0000,0.0000,0.0065,0.0001,200,12.1723
0.0064,0.0000,0.0000,0.0000,0.0064,0.0000,200,12.1726
0.0065,0.0000,0.0000,0.0000,0.0064,0.0001,200,12.1726
0.0063,0.0000,0.0000,0.0000,0.0062,0.0000,200,12.1728
0.0066,0.0000,0.0000,0.0000,0.0065,0.0001,200,12.1790
0.0065,0.0000,0.0000,0.0000,0.0065,0.0000,200,12.1791
0.0091,0.0000,0.0000,0.0000,0.0090,0.0001,200,12.1791
0.0091,0.0000,0.0000,0.0000,0.0091,0.0000,200,12.1791
0.0067,0.0000,0.0000,0.0000,0.0066,0.0001,200,12.1856
0.0068,0.0000,0.0000,0.0000,0.0068,0.0000,200,12.1856
0.0066,0.0000,0.0000,0.0000,0.0065,0.0001,200,12.1882
0.0068,0.0000,0.0000,0.0000,0.0067,0.0000,200,12.1882
0.0073,0.0000,0.0000,0.0000,0.0072,0.0001,200,12.1924
0.0080,0.0000,0.0000,0.0000,0.0079,0.0000,200,12.1923
0.0066,0.0000,0.0000,0.0000,0.0065,0.0001,200,12.1949
0.0067,0.0000,0.0000,0.0000,0.0066,0.0001,200,12.1950
0.0083,0.0000,0.0000,0.0000,0.0081,0.0001,200,12.1997
0.0066,0.0000,0.0000,0.0000,0.0065,0.0000,200,12.2015
0.0077,0.0000,0.0000,0.0000,0.0077,0.0000,200,12.2003
0.0064,0.0000,0.0000,0.0000,0.0063,0.0000,200,12.2017
0.0069,0.0000,0.0000,0.0000,0.0069,0.0001,200,12.2081
0.0069,0.0000,0.0000,0.0000,0.0068,0.0001,200,12.2081
0.0070,0.0000,0.0000,0.0000,0.0069,0.0001,200,12.2080
0.0070,0.0000,0.0000,0.0000,0.0068,0.0001,200,12.2080
0.0068,0.0000,0.0000,0.0000,0.0067,0.0001,200,12.2150
0.0068,0.0000,0.0000,0.0000,0.0067,0.0001,200,12.2150
0.0068,0.0000,0.0000,0.0000,0.0067,0.0001,200,12.2150
0.0068,0.0000,0.0000,0.0000,0.0068,0.0000,200,12.2150
0.0068,0.0000,0.0000,0.0000,0.0066,0.0001,200,12.2218
0.0068,0.0000,0.0000,0.0000,0.0066,0.0002,200,12.2218
0.0070,0.0000,0.0000,0.0000,0.0070,0.0000,200,12.2218
0.0070,0.0000,0.0000,0.0000,0.0070,0.0000,200,12.2218
0.0071,0.0000,0.0000,0.0000,0.0069,0.0001,200,12.2286
0.0070,0.0000,0.0000,0.0000,0.0069,0.0000,200,12.2287
0.0068,0.0000,0.0000,0.0000,0.0067,0.0000,200,12.2289
0.0104,0.0000,0.0000,0.0000,0.0103,0.0001,200,12.2289
0.0072,0.0000,0.0000,0.0000,0.0071,0.0001,200,12.2357
0.0072,0.0000,0.0000,0.0000,0.0071,0.0001,200,12.2357
0.0072,0.0000,0.0000,0.0000,0.0071,0.0001,200,12.2357
0.0068,0.0000,0.0000,0.0000,0.0067,0.0001,200,12.2393
0.0070,0.0000,0.0000,0.0000,0.0069,0.0001,200,12.2429
0.0071,0.0000,0.0000,0.0000,0.0070,0.0000,200,12.2429
0.0072,0.0000,0.0000,0.0000,0.0072,0.0000,200,12.2429
0.0075,0.0000,0.0000,0.0000,0.0073,0.0001,200,12.2461
0.0075,0.0000,0.0000,0.0000,0.0074,0.0000,200,12.2499
0.0074,0.0000,0.0000,0.0000,0.0072,0.0001,200,12.2500
0.0083,0.0000,0.0000,0.0000,0.0082,0.0000,200,12.2501
0.0065,0.0000,0.0000,0.0000,0.0064,0.0001,200,12.2535
0.0069,0.0000,0.0000,0.0000,0.0067,0.0001,200,12.2574
0.0071,0.0000,0.0000,0.0000,0.0070,0.0000,200,12.2574
0.0067,0.0000,0.0000,0.0000,0.0066,0.0000,200,12.2584
0.0066,0.0000,0.0000,0.0000,0.0065,0.0001,200,12.2600
0.0067,0.0000,0.0000,0.0000,0.0066,0.0001,200,12.2645
0.0074,0.0000,0.0000,0.0000,0.0073,0.0000,200,12.2643
0.0069,0.0000,0.0000,0.0000,0.0066,0.0002,200,12.2651
0.0066,0.0000,0.0000,0.0000,0.0065,0.0000,200,12.2667
0.0068,0.0000,0.0000,0.0000,0.0067,0.0001,200,12.2712
0.0065,0.0000,0.0000,0.0000,0.0064,0.0001,200,12.2720
0.0072,0.0000,0.0000,0.0000,0.0067,0.0004,200,12.2732
0.0093,0.0000,0.0000,0.0000,0.0087,0.0005,200,12.2717
0.0066,0.0000,0.0000,0.0000,0.0065,0.0001,200,12.2780
0.0080,0.0000,0.0000,0.0000,0.0079,0.0000,200,12.2785
0.0066,0.0000,0.0000,0.0000,0.0065,0.0000,200,12.2804
0.0081,0.0000,0.0000,0.0000,0.0081,0.0000,200,12.2809
0.0064,0.0000,0.0000,0.0000,0.0063,0.0001,200,12.2845
0.0064,0.0000,0.0000,0.0000,0.0063,0.0000,200,12.2865
0.0078,0.0000,0.0000,0.0000,0.0078,0.0001,200,12.2871
0.0065,0.0000,0.0000,0.0000,0.0065,0.0000,200,12.2891
0.0066,0.0000,0.0000,0.0000,0.0065,0.0001,200,12.2910
0.0063,0.0000,0.0000,0.0000,0.0063,0.0000,200,12.2929
0.0067,0.0000,0.0000,0.0000,0.0066,0.0000,200,12.2949
0.0062,0.0000,0.0000,0.0000,0.0062,0.0000,200,12.2956
0.0066,0.0000,0.0000,0.0000,0.0065,0.0001,200,12.2976
0.0062,0.0000,0.0000,0.0000,0.0062,0.0000,200,12.2992
0.0063,0.0000,0.0000,0.0000,0.0062,0.0001,200,12.3016
0.0063,0.0000,0.0000,0.0000,0.0063,0.0000,200,12.3018
0.0064,0.0000,0.0000,0.0000,0.0063,0.0001,200,12.3042
0.0063,0.0000,0.0000,0.0000,0.0062,0.0000,200,12.3055
0.0066,0.0000,0.0000,0.0000,0.0065,0.0001,200,12.3079
0.0066,0.0000,0.0000,0.0000,0.0065,0.0000,200,12.3082
0.0073,0.0000,0.0000,0.0000,0.0072,0.0001,200,12.3106
0.0074,0.0000,0.0000,0.0000,0.0073,0.0001,200,12.3117
0.0067,0.0000,0.0000,0.0000,0.0067,0.0000,200,12.3147
0.0069,0.0000,0.0000,0.0000,0.0068,0.0000,200,12.3146
0.0069,0.0000,0.0000,0.0000,0.0067,0.0001,200,12.3179
0.0064,0.0000,0.0000,0.0000,0.0063,0.0000,200,12.3192
0.0065,0.0000,0.0000,0.0000,0.0062,0.0003,200,12.3215
0.0066,0.0000,0.0000,0.0000,0.0064,0.0001,200,12.3215
0.0069,0.0000,0.0000,0.0000,0.0067,0.0001,200,12.3248
0.0066,0.0000,0.0000,0.0000,0.0065,0.0001,200,12.3256
0.0067,0.0000,0.0000,0.0000,0.0066,0.0001,200,12.3280
0.0067,0.0000,0.0000,0.0000,0.0066,0.0001,200,12.3281
0.0069,0.0000,0.0000,0.0000,0.0067,0.0002,200,12.3321
0.0076,0.0000,0.0000,0.0000,0.0075,0.0000,200,12.3316
0.0064,0.0000,0.0000,0.0000,0.0063,0.0000,200,12.3347
0.0068,0.0000,0.0000,0.0000,0.0067,0.0000,200,12.3347
0.0065,0.0000,0.0000,0.0000,0.0064,0.0001,200,12.3395
0.0068,0.0000,0.0000,0.0000,0.0067,0.0001,200,12.3392
0.0066,0.0000,0.0000,0.0000,0.0065,0.0000,200,12.3411
0.0063,0.0000,0.0000,0.0000,0.0063,0.0000,200,12.3415
0.0069,0.0000,0.0000,0.0000,0.0068,0.0001,200,12.3460
0.0069,0.0000,0.0000,0.0000,0.0068,0.0000,200,12.3460
0.0073,0.0000,0.0000,0.0000,0.0072,0.0000,200,12.3476
0.0071,0.0000,0.0000,0.0000,0.0070,0.0001,200,12.3478
0.0067,0.0000,0.0000,0.0000,0.0066,0.0001,200,12.3529
0.0068,0.0000,0.0000,0.0000,0.0066,0.0001,200,12.3529
0.0066,0.0000,0.0000,0.0000,0.0064,0.0000,200,12.3550
0.0067,0.0000,0.0000,0.0000,0.0067,0.0000,200,12.3550
0.0068,0.0000,0.0000,0.0000,0.0067,0.0001,200,12.3597
0.0072,0.0000,0.0000,0.0000,0.0071,0.0000,200,12.3597
0.0066,0.0000,0.0000,0.0000,0.0065,0.0001,200,12.3615
0.0066,0.0000,0.0000,0.0000,0.0066,0.0000,200,12.3617
0.0070,0.0000,0.0000,0.0000,0.0069,0.0001,200,12.3669
0.0074,0.0000,0.0000,0.0000,0.0073,0.0001,200,12.3665
0.0067,0.0000,0.0000,0.0000,0.0066,0.0001,200,12.3682
0.0066,0.0000,0.0000,0.0000,0.0066,0.0000,200,12.3683
0.0070,0.0000,0.0000,0.0000,0.0069,0.0001,200,12.3739
0.0071,0.0000,0.0000,0.0000,0.0069,0.0002,200,12.3739
0.0064,0.0000,0.0000,0.0000,0.0063,0.0000,200,12.3748
0.0065,0.0000,0.0000,0.0000,0.0064,0.0000,200,12.3749
0.0065,0.0000,0.0000,0.0000,0.0064,0.0001,200,12.3812
0.0067,0.0000,0.0000,0.0000,0.0066,0.0000,200,12.3810
0.0068,0.0000,0.0000,0.0000,0.0066,0.0001,200,12.3809
0.0063,0.0000,0.0000,0.0000,0.0063,0.0000,200,12.3814
0.0065,0.0000,0.0000,0.0000,0.0064,0.0001,200,12.3877
0.0065,0.0000,0.0000,0.0000,0.0064,0.0000,200,12.3877
0.0065,0.0000,0.0000,0.0000,0.0064,0.0000,200,12.3877
0.0066,0.0000,0.0000,0.0000,0.0066,0.0000,200,12.3877
0.0064,0.0000,0.0000,0.0000,0.0063,0.0000,200,12.3942
0.0064,0.0000,0.0000,0.0000,0.0063,0.0000,200,12.3942
0.0063,0.0000,0.0000,0.0000,0.0063,0.0000,200,12.3943
0.0065,0.0000,0.0000,0.0000,0.0063,0.0001,200,12.3942
0.0065,0.0000,0.0000,0.0000,0.0064,0.0001,200,12.4006
0.0065,0.0000,0.0000,0.0000,0.0064,0.0001,200,12.4006
0.0065,0.0000,0.0000,0.0000,0.0065,0.0000,200,12.4007
0.0066,0.0000,0.0000,0.0000,0.0065,0.0000,200,12.4006
0.0064,0.0000,0.0000,0.0000,0.0063,0.0001,200,12.4071
0.0070,0.0000,0.0000,0.0000,0.0069,0.0000,200,12.4072
0.0071,0.0000,0.0000,0.0000,0.0069,0.0000,200,12.4071
0.0071,0.0000,0.0000,0.0000,0.0070,0.0000,200,12.4072
0.0075,0.0000,0.0000,0.0000,0.0074,0.0001,200,12.4136
0.0070,0.0000,0.0000,0.0000,0.0070,0.0000,200,12.4142
0.0080,0.0000,0.0000,0.0000,0.0079,0.0000,200,12.4142
0.0085,0.0000,0.0000,0.0005,0.0080,0.0000,200,12.4143
0.0065,0.0000,0.0000,0.0000,0.0064,0.0001,200,12.4212
0.0069,0.0000,0.0000,0.0000,0.0068,0.0000,200,12.4210
0.0063,0.0000,0.0000,0.0000,0.0062,0.0000,200,12.4222
0.0077,0.0000,0.0000,0.0000,0.0076,0.0000,200,12.4228
0.0076,0.0000,0.0000,0.0000,0.0074,0.0001,200,12.4277
0.0075,0.0000,0.0000,0.0000,0.0075,0.0000,200,12.4279
0.0070,0.0000,0.0000,0.0000,0.0070,0.0000,200,12.4285
0.0068,0.0000,0.0000,0.0000,0.0067,0.0001,200,12.4305
0.0067,0.0000,0.0000,0.0000,0.0066,0.0001,200,12.4355
0.0074,0.0000,0.0000,0.0000,0.0073,0.0000,200,12.4353
0.0076,0.0000,0.0000,0.0000,0.0076,0.0000,200,12.4354
0.0065,0.0000,0.0000,0.0000,0.0064,0.0001,200,12.4374
0.0067,0.0000,0.0000,0.0000,0.0066,0.0001,200,12.4422
0.0066,0.0000,0.0000,0.0000,0.0065,0.0001,200,12.4426
0.0066,0.0000,0.0000,0.0000,0.0065,0.0000,200,12.4431
0.0073,0.0000,0.0000,0.0000,0.0072,0.0000,200,12.4438
0.0069,0.0000,0.0000,0.0000,0.0068,0.0001,200,12.4489
0.0068,0.0000,0.0000,0.0000,0.0068,0.0000,200,12.4492
0.0071,0.0000,0.0000,0.0000,0.0066,0.0005,200,12.4497
0.0068,0.0000,0.0000,0.0000,0.0067,0.0000,200,12.4511
0.0082,0.0000,0.0000,0.0000,0.0081,0.0001,200,12.4558
0.0073,0.0000,0.0000,0.0002,0.0067,0.0000,200,12.4568
0.0081,0.0000,0.0000,0.0000,0.0079,0.0001,200,12.4560
0.0075,0.0000,0.0000,0.0000,0.0065,0.0001,200,12.4579
0.0069,0.0000,0.0000,0.0000,0.0068,0.0001,200,12.4641
0.0071,0.0000,0.0000,0.0000,0.0071,0.0000,200,12.4641
0.0072,0.0000,0.0000,0.0000,0.0072,0.0000,200,12.4640
0.0094,0.0000,0.0000,0.0000,0.0093,0.0001,200,12.4655
0.0067,0.0000,0.0000,0.0000,0.0066,0.0001,200,12.4712
0.0071,0.0000,0.0000,0.0000,0.0070,0.0000,200,12.4710
0.0086,0.0000,0.0000,0.0000,0.0085,0.0001,200,12.4713
0.0068,0.0000,0.0000,0.0000,0.0067,0.0000,200,12.4749
0.0065,0.0000,0.0000,0.0000,0.0064,0.0000,200,12.4779
0.0064,0.0000,0.0000,0.0000,0.0063,0.0000,200,12.4781
0.0065,0.0000,0.0000,0.0000,0.0064,0.0000,200,12.4799
0.0066,0.0000,0.0000,0.0000,0.0066,0.0001,200,12.4817
0.0068,0.0000,0.0000,0.0000,0.0067,0.0001,200,12.4844
0.0068,0.0000,0.0000,0.0000,0.0068,0.0000,200,12.4845
0.0066,0.0000,0.0000,0.0000,0.0064,0.0002,200,12.4864
0.0075,0.0000,0.0000,0.0000,0.0074,0.0001,200,12.4883
0.0065,0.0000,0.0000,0.0000,0.0064,0.0001,200,12.4912
0.0067,0.0000,0.0000,0.0000,0.0066,0.0001,200,12.4913
0.0095,0.0000,0.0000,0.0001,0.0093,0.0001,200,12.4930
0.0067,0.0000,0.0000,0.0000,0.0066,0.0000,200,12.4959
0.0067,0.0000,0.0000,0.0000,0.0066,0.0001,200,12.4977
0.0067,0.0000,0.0000,0.0000,0.0066,0.0001,200,12.4980
0.0066,0.0000,0.0000,0.0000,0.0065,0.0001,200,12.5026
0.0083,0.0000,0.0000,0.0000,0.0082,0.0001,200,12.5024
0.0083,0.0000,0.0000,0.0000,0.0082,0.0001,200,12.5047
0.0087,0.0000,0.0000,0.0000,0.0085,0.0002,200,12.5044
0.0079,0.0000,0.0000,0.0000,0.0078,0.0001,200,12.5092
0.0064,0.0000,0.0000,0.0000,0.0063,0.0001,200,12.5108
0.0065,0.0000,0.0000,0.0000,0.0064,0.0000,200,12.5131
0.0067,0.0000,0.0000,0.0000,0.0066,0.0001,200,12.5130
0.0064,0.0000,0.0000,0.0000,0.0064,0.0000,200,12.5171
0.0065,0.0000,0.0000,0.0000,0.0065,0.0000,200,12.5172
0.0063,0.0000,0.0000,0.0000,0.0062,0.0001,200,12.5196
0.0064,0.0000,0.0000,0.0000,0.0063,0.0000,200,12.5196
0.0068,0.0000,0.0000,0.0000,0.0067,0.0001,200,12.5237
0.0070,0.0000,0.0000,0.0000,0.0069,0.0000,200,12.5236
0.0068,0.0000,0.0000,0.0000,0.0068,0.0001,200,12.5260
0.0071,0.0000,0.0000,0.0000,0.0070,0.0000,200,12.5259
0.0066,0.0000,0.0000,0.0000,0.0065,0.0001,200,12.5305
0.0071,0.0000,0.0000,0.0000,0.0071,0.0000,200,12.5305
0.0070,0.0000,0.0000,0.0000,0.0069,0.0001,200,12.5329
0.0069,0.0000,0.0000,0.0000,0.0069,0.0000,200,12.5330
0.0071,0.0000,0.0000,0.0000,0.0070,0.0001,200,12.5372
0.0072,0.0000,0.0000,0.0000,0.0071,0.0000,200,12.5376
0.0070,0.0000,0.0000,0.0000,0.0069,0.0001,200,12.5399
0.0093,0.0000,0.0000,0.0000,0.0093,0.0001,200,12.5399
0.0065,0.0000,0.0000,0.0000,0.0064,0.0000,200,12.5443
0.0065,0.0000,0.0000,0.0000,0.0064,0.0000,200,12.5448
0.0062,0.0000,0.0000,0.0000,0.0061,0.0000,200,12.5469
0.0066,0.0000,0.0000,0.0000,0.0065,0.0001,200,12.5493
0.0065,0.0000,0.0000,0.0000,0.0064,0.0000,200,12.5508
0.0062,0.0000,0.0000,0.0000,0.0062,0.0000,200,12.5513
0.0063,0.0000,0.0000,0.0000,0.0062,0.0000,200,12.5531
0.0069,0.0000,0.0000,0.0000,0.0068,0.0000,200,12.5559
0.0063,0.0000,0.0000,0.0000,0.0062,0.0000,200,12.5573
0.0062,0.0000,0.0000,0.0000,0.0062,0.0000,200,12.5575
0.0070,0.0000,0.0000,0.0000,0.0068,0.0001,200,12.5594
0.0067,0.0000,0.0000,0.0000,0.0066,0.0001,200,12.5628
0.0061,0.0000,0.0000,0.0000,0.0060,0.0001,200,12.5637
0.0063,0.0000,0.0000,0.0000,0.0062,0.0000,200,12.5636
0.0065,0.0000,0.0000,0.0000,0.0064,0.0001,200,12.5664
0.0069,0.0000,0.0000,0.0000,0.0068,0.0001,200,12.5695
0.0068,0.0000,0.0000,0.0000,0.0067,0.0000,200,12.5698
0.0068,0.0000,0.0000,0.0000,0.0067,0.0001,200,12.5699
0.0070,0.0000,0.0000,0.0000,0.0069,0.0001,200,12.5729
0.0067,0.0000,0.0000,0.0000,0.0066,0.0001,200,12.5766
0.0069,0.0000,0.0000,0.0000,0.0068,0.0000,200,12.5765
0.0067,0.0000,0.0000,0.0000,0.0066,0.0001,200,12.5767
0.0071,0.0000,0.0000,0.0000,0.0070,0.0001,200,12.5799
0.0066,0.0000,0.0000,0.0000,0.0065,0.0001,200,12.5833
0.0067,0.0000,0.0000,0.0000,0.0066,0.0000,200,12.5833
0.0066,0.0000,0.0000,0.0001,0.0065,0.0000,200,12.5834
0.0073,0.0000,0.0000,0.0000,0.0072,0.0000,200,12.5870
0.0070,0.0000,0.0000,0.0000,0.0069,0.0000,200,12.5899
0.0070,0.0000,0.0000,0.0000,0.0069,0.0001,200,12.5900
0.0077,0.0000,0.0000,0.0000,0.0075,0.0001,200,12.5900
0.0067,0.0000,0.0000,0.0000,0.0066,0.0001,200,12.5943
0.0073,0.0000,0.0000,0.0001,0.0065,0.0001,200,12.5970
0.0074,0.0000,0.0000,0.0001,0.0066,0.0001,200,12.5970
0.0069,0.0000,0.0000,0.0000,0.0068,0.0001,200,12.5977
0.0066,0.0000,0.0000,0.0000,0.0064,0.0001,200,12.6009
0.0071,0.0000,0.0000,0.0000,0.0070,0.0001,200,12.6043
0.0070,0.0000,0.0000,0.0000,0.0069,0.0000,200,12.6045
0.0073,0.0000,0.0000,0.0000,0.0072,0.0000,200,12.6043
0.0087,0.0000,0.0000,0.0000,0.0086,0.0001,200,12.6075
0.0093,0.0000,0.0000,0.0000,0.0092,0.0001,200,12.6115
0.0100,0.0000,0.0000,0.0000,0.0099,0.0000,200,12.6116
0.0103,0.0000,0.0000,0.0000,0.0102,0.0001,200,12.6114
0.0069,0.0000,0.0000,0.0000,0.0068,0.0000,200,12.6162
0.0069,0.0000,0.0000,0.0000,0.0068,0.0001,200,12.6208
0.0063,0.0000,0.0000,0.0001,0.0062,0.0000,200,12.6217
0.0065,0.0000,0.0000,0.0000,0.0065,0.0000,200,12.6216
0.0065,0.0000,0.0000,0.0000,0.0064,0.0001,200,12.6230
0.0073,0.0000,0.0000,0.0001,0.0071,0.0001,200,12.6281
0.0072,0.0000,0.0000,0.0000,0.0072,0.0000,200,12.6282
0.0065,0.0000,0.0000,0.0000,0.0064,0.0000,200,12.6296
0.0094,0.0000,0.0000,0.0000,0.0093,0.0000,200,12.6277
0.0065,0.0000,0.0000,0.0000,0.0064,0.0000,200,12.6354
0.0065,0.0000,0.0000,0.0000,0.0065,0.0000,200,12.6354
0.0064,0.0000,0.0000,0.0000,0.0063,0.0000,200,12.6361
0.0082,0.0000,0.0000,0.0000,0.0081,0.0001,200,12.6371
0.0068,0.0000,0.0000,0.0000,0.0067,0.0000,200,12.6419
0.0068,0.0000,0.0000,0.0000,0.0067,0.0000,200,12.6419
0.0069,0.0000,0.0000,0.0000,0.0068,0.0001,200,12.6454
0.0098,0.0000,0.0000,0.0000,0.0098,0.0000,200,12.6425
0.0063,0.0000,0.0000,0.0000,0.0062,0.0001,200,12.6487
0.0064,0.0000,0.0000,0.0000,0.0064,0.0000,200,12.6487
0.0066,0.0000,0.0000,0.0000,0.0064,0.0001,200,12.6523
0.0066,0.0000,0.0000,0.0000,0.0065,0.0000,200,12.6523
0.0077,0.0000,0.0000,0.0000,0.0076,0.0000,200,12.6551
0.0076,0.0000,0.0000,0.0000,0.0075,0.0001,200,12.6551
0.0066,0.0000,0.0000,0.0000,0.0064,0.0001,200,12.6589
0.0067,0.0000,0.0000,0.0000,0.0067,0.0001,200,12.6589
0.0065,0.0000,0.0000,0.0000,0.0064,0.0001,200,12.6627
0.0068,0.0000,0.0000,0.0000,0.0067,0.0000,200,12.6627
0.0065,0.0000,0.0000,0.0000,0.0064,0.0000,200,12.6655
0.0077,0.0000,0.0000,0.0000,0.0077,0.0000,200,12.6657
0.0065,0.0000,0.0000,0.0000,0.0064,0.0000,200,12.6693
0.0065,0.0000,0.0000,0.0000,0.0064,0.0000,200,12.6695
0.0070,0.0000,0.0000,0.0000,0.0069,0.0001,200,12.6719
0.0064,0.0000,0.0000,0.0000,0.0063,0.0001,200,12.6734
0.0067,0.0000,0.0000,0.0000,0.0067,0.0000,200,12.6758
0.0065,0.0000,0.0000,0.0000,0.0063,0.0002,200,12.6760
0.0067,0.0000,0.0000,0.0000,0.0066,0.0001,200,12.6790
0.0071,0.0000,0.0000,0.0000,0.0067,0.0004,200,12.6798
0.0074,0.0000,0.0000,0.0000,0.0073,0.0000,200,12.6825
0.0075,0.0000,0.0000,0.0001,0.0073,0.0000,200,12.6825
0.0065,0.0000,0.0000,0.0000,0.0064,0.0000,200,12.6857
0.0066,0.0000,0.0000,0.0000,0.0066,0.0001,200,12.6870
0.0075,0.0000,0.0000,0.0000,0.0074,0.0001,200,12.6899
0.0075,0.0000,0.0000,0.0000,0.0074,0.0000,200,12.6900
0.0064,0.0000,0.0000,0.0000,0.0064,0.0000,200,12.6922
0.0064,0.0000,0.0000,0.0000,0.0063,0.0000,200,12.6936
0.0065,0.0000,0.0000,0.0000,0.0064,0.0001,200,12.6975
0.0065,0.0000,0.0000,0.0000,0.0063,0.0001,200,12.6975
0.0065,0.0000,0.0000,0.0000,0.0064,0.0001,200,12.6986
0.0064,0.0000,0.0000,0.0000,0.0064,0.0000,200,12.7000
0.0070,0.0000,0.0000,0.0000,0.0069,0.0001,200,12.7040
0.0070,0.0000,0.0000,0.0000,0.0069,0.0000,200,12.7040
0.0062,0.0000,0.0000,0.0000,0.0062,0.0000,200,12.7050
0.0084,0.0000,0.0000,0.0000,0.0079,0.0005,200,12.7065
0.0077,0.0000,0.0000,0.0000,0.0076,0.0001,200,12.7110
0.0074,0.0000,0.0000,0.0000,0.0073,0.0001,200,12.7113
0.0077,0.0000,0.0000,0.0000,0.0077,0.0000,200,12.7110
0.0072,0.0000,0.0000,0.0000,0.0071,0.0001,200,12.7148
0.0063,0.0000,0.0000,0.0000,0.0062,0.0001,200,12.7187
0.0063,0.0000,0.0000,0.0000,0.0062,0.0000,200,12.7187
0.0065,0.0000,0.0000,0.0000,0.0064,0.0000,200,12.7186
0.0070,0.0000,0.0000,0.0000,0.0068,0.0002,200,12.7221
0.0065,0.0000,0.0000,0.0000,0.0064,0.0001,200,12.7250
0.0064,0.0000,0.0000,0.0000,0.0063,0.0000,200,12.7251
0.0067,0.0000,0.0000,0.0000,0.0066,0.0000,200,12.7250
0.0072,0.0000,0.0000,0.0000,0.0068,0.0001,200,12.7291
0.0066,0.0000,0.0000,0.0000,0.0065,0.0001,200,12.7315
0.0073,0.0000,0.0000,0.0000,0.0073,0.0000,200,12.7315
0.0074,0.0000,0.0000,0.0000,0.0073,0.0000,200,12.7317
0.0066,0.0000,0.0000,0.0000,0.0065,0.0001,200,12.7363
0.0070,0.0000,0.0000,0.0000,0.0069,0.0001,200,12.7382
0.0064,0.0000,0.0000,0.0000,0.0063,0.0000,200,12.7388
0.0064,0.0000,0.0000,0.0000,0.0063,0.0000,200,12.7391
0.0071,0.0000,0.0000,0.0000,0.0068,0.0002,200,12.7429
0.0069,0.0000,0.0000,0.0000,0.0068,0.0001,200,12.7452
0.0067,0.0000,0.0000,0.0000,0.0067,0.0000,200,12.7455
0.0071,0.0000,0.0000,0.0000,0.0070,0.0000,200,12.7452
0.0072,0.0000,0.0000,0.0000,0.0071,0.0001,200,12.7499
0.0069,0.0000,0.0000,0.0000,0.0068,0.0001,200,12.7523
0.0071,0.0000,0.0000,0.0000,0.0071,0.0000,200,12.7522
0.0075,0.0000,0.0000,0.0000,0.0074,0.0000,200,12.7520
0.0067,0.0000,0.0000,0.0000,0.0066,0.0001,200,12.7571
0.0064,0.0000,0.0000,0.0000,0.0063,0.0000,200,12.7592
0.0063,0.0000,0.0000,0.0000,0.0063,0.0000,200,12.7593
0.0062,0.0000,0.0000,0.0000,0.0062,0.0000,200,12.7595
0.0066,0.0000,0.0000,0.0000,0.0065,0.0001,200,12.7639
0.0062,0.0000,0.0000,0.0000,0.0062,0.0000,200,12.7656
0.0064,0.0000,0.0000,0.0000,0.0063,0.0000,200,12.7657
0.0066,0.0000,0.0000,0.0000,0.0066,0.0000,200,12.7657
0.0065,0.0000,0.0000,0.0000,0.0064,0.0001,200,12.7705
0.0063,0.0000,0.0000,0.0000,0.0063,0.0000,200,12.7718
0.0066,0.0000,0.0000,0.0000,0.0066,0.0001,200,12.7721
0.0064,0.0000,0.0000,0.0000,0.0064,0.0000,200,12.7724
0.0068,0.0000,0.0000,0.0000,0.0067,0.0001,200,12.7770
0.0063,0.0000,0.0000,0.0000,0.0063,0.0001,200,12.7782
0.0088,0.0000,0.0000,0.0000,0.0087,0.0000,200,12.7788
0.0089,0.0000,0.0000,0.0000,0.0088,0.0001,200,12.7787
0.0064,0.0000,0.0000,0.0000,0.0063,0.0001,200,12.7845
0.0072,0.0000,0.0000,0.0000,0.0070,0.0000,200,12.7837
0.0065,0.0000,0.0000,0.0000,0.0064,0.0001,200,12.7876
0.0066,0.0000,0.0000,0.0000,0.0065,0.0000,200,12.7876
0.0070,0.0000,0.0000,0.0000,0.0069,0.0001,200,12.7909
0.0072,0.0000,0.0000,0.0000,0.0071,0.0000,200,12.7909
0.0065,0.0000,0.0000,0.0000,0.0064,0.0001,200,12.7941
0.0065,0.0000,0.0000,0.0000,0.0064,0.0000,200,12.7942
0.0071,0.0000,0.0000,0.0000,0.0070,0.0001,200,12.7979
0.0073,0.0000,0.0000,0.0000,0.0072,0.0001,200,12.7981
0.0062,0.0000,0.0000,0.0000,0.0061,0.0000,200,12.8006
0.0064,0.0000,0.0000,0.0000,0.0063,0.0000,200,12.8005
0.0063,0.0000,0.0000,0.0000,0.0062,0.0000,200,12.8050
0.0067,0.0000,0.0000,0.0000,0.0066,0.0000,200,12.8053
0.0062,0.0000,0.0000,0.0000,0.0062,0.0000,200,12.8069
0.0063,0.0000,0.0000,0.0000,0.0062,0.0000,200,12.8068
0.0065,0.0000,0.0000,0.0000,0.0064,0.0001,200,12.8113
0.0064,0.0000,0.0000,0.0000,0.0063,0.0001,200,12.8120
0.0070,0.0000,0.0000,0.0000,0.0070,0.0001,200,12.8131
0.0072,0.0000,0.0000,0.0000,0.0071,0.0000,200,12.8131
0.0067,0.0000,0.0000,0.0000,0.0066,0.0001,200,12.8178
0.0079,0.0000,0.0000,0.0000,0.0078,0.0000,200,12.8184
0.0062,0.0000,0.0000,0.0000,0.0061,0.0000,200,12.8203
0.0067,0.0000,0.0000,0.0000,0.0066,0.0000,200,12.8202
0.0062,0.0000,0.0000,0.0000,0.0062,0.0000,200,12.8245
0.0064,0.0000,0.0000,0.0000,0.0063,0.0001,200,12.8263
0.0064,0.0000,0.0000,0.0000,0.0063,0.0000,200,12.8265
0.0064,0.0000,0.0000,0.0000,0.0064,0.0000,200,12.8268
0.0076,0.0000,0.0000,0.0000,0.0074,0.0002,200,12.8307
0.0068,0.0000,0.0000,0.0000,0.0068,0.0000,200,12.8327
0.0067,0.0000,0.0000,0.0000,0.0066,0.0001,200,12.8328
0.0064,0.0000,0.0000,0.0000,0.0063,0.0000,200,12.8333
0.0069,0.0000,0.0000,0.0001,0.0066,0.0001,200,12.8383
0.0066,0.0000,0.0000,0.0000,0.0065,0.0000,200,12.8395
0.0067,0.0000,0.0000,0.0000,0.0067,0.0000,200,12.8395
0.0079,0.0000,0.0000,0.0000,0.0078,0.0000,200,12.8396
0.0069,0.0000,0.0000,0.0000,0.0067,0.0001,200,12.8452
0.0064,0.0000,0.0000,0.0000,0.0063,0.0000,200,12.8462
0.0068,0.0000,0.0000,0.0000,0.0068,0.0000,200,12.8461
0.0082,0.0000,0.0000,0.0000,0.0081,0.0001,200,12.8475
0.0066,0.0000,0.0000,0.0000,0.0065,0.0001,200,12.8521
0.0064,0.0000,0.0000,0.0000,0.0063,0.0000,200,12.8527
0.0063,0.0000,0.0000,0.0000,0.0063,0.0000,200,12.8529
0.0068,0.0000,0.0000,0.0000,0.0067,0.0000,200,12.8557
0.0066,0.0000,0.0000,0.0000,0.0065,0.0001,200,12.8587
0.0063,0.0000,0.0000,0.0000,0.0063,0.0000,200,12.8591
0.0062,0.0000,0.0000,0.0000,0.0062,0.0000,200,12.8593
0.0067,0.0000,0.0000,0.0000,0.0066,0.0001,200,12.8625
0.0066,0.0000,0.0000,0.0000,0.0065,0.0001,200,12.8653
0.0067,0.0000,0.0000,0.0000,0.0066,0.0000,200,12.8654
0.0067,0.0000,0.0000,0.0000,0.0066,0.0000,200,12.8655
0.0092,0.0000,0.0000,0.0000,0.0080,0.0011,200,12.8692
0.0064,0.0000,0.0000,0.0000,0.0063,0.0000,200,12.8722
0.0069,0.0000,0.0000,0.0000,0.0068,0.0001,200,12.8720
0.0069,0.0000,0.0000,0.0000,0.0068,0.0000,200,12.8721
0.0069,0.0000,0.0000,0.0000,0.0065,0.0003,200,12.8788
0.0075,0.0000,0.0000,0.0000,0.0074,0.0000,200,12.8784
0.0073,0.0000,0.0000,0.0000,0.0073,0.0000,200,12.8786
0.0075,0.0000,0.0000,0.0000,0.0074,0.0001,200,12.8789
0.0067,0.0000,0.0000,0.0000,0.0066,0.0001,200,12.8859
0.0067,0.0000,0.0000,0.0000,0.0067,0.0000,200,12.8864
0.0073,0.0000,0.0000,0.0000,0.0073,0.0000,200,12.8858
0.0075,0.0000,0.0000,0.0000,0.0074,0.0001,200,12.8857
0.0069,0.0000,0.0000,0.0000,0.0068,0.0001,200,12.8926
0.0066,0.0000,0.0000,0.0000,0.0065,0.0000,200,12.8932
0.0068,0.0000,0.0000,0.0000,0.0067,0.0001,200,12.8932
0.0069,0.0000,0.0000,0.0000,0.0069,0.0000,200,12.8932
0.0070,0.0000,0.0000,0.0000,0.0068,0.0000,200,12.8998
0.0067,0.0000,0.0000,0.0000,0.0067,0.0001,200,12.9000
0.0067,0.0000,0.0000,0.0000,0.0066,0.0000,200,12.9002
0.0078,0.0000,0.0000,0.0000,0.0077,0.0000,200,12.8995
0.0066,0.0000,0.0000,0.0000,0.0065,0.0001,200,12.9068
0.0067,0.0000,0.0000,0.0000,0.0066,0.0001,200,12.9067
0.0069,0.0000,0.0000,0.0000,0.0067,0.0001,200,12.9067
0.0064,0.0000,0.0000,0.0000,0.0063,0.0000,200,12.9073
0.0065,0.0000,0.0000,0.0000,0.0064,0.0001,200,12.9136
0.0067,0.0000,0.0000,0.0000,0.0066,0.0001,200,12.9134
0.0073,0.0000,0.0000,0.0000,0.0072,0.0000,200,12.9136
0.0081,0.0000,0.0000,0.0000,0.0080,0.0001,200,12.9135
0.0071,0.0000,0.0000,0.0000,0.0070,0.0001,200,12.9209
0.0079,0.0000,0.0000,0.0000,0.0078,0.0000,200,12.9201
0.0079,0.0000,0.0000,0.0000,0.0078,0.0000,200,12.9201
0.0065,0.0000,0.0000,0.0000,0.0064,0.0000,200,12.9216
0.0067,0.0000,0.0000,0.0000,0.0066,0.0001,200,12.9280
0.0067,0.0000,0.0000,0.0000,0.0066,0.0001,200,12.9280
0.0068,0.0000,0.0000,0.0000,0.0067,0.0000,200,12.9280
0.0067,0.0000,0.0000,0.0000,0.0067,0.0000,200,12.9281
0.0072,0.0000,0.0000,0.0000,0.0071,0.0001,200,12.9348
0.0074,0.0000,0.0000,0.0000,0.0073,0.0000,200,12.9347
0.0073,0.0000,0.0000,0.0000,0.0073,0.0000,200,12.9348
0.0075,0.0000,0.0000,0.0000,0.0074,0.0000,200,12.9347
0.0065,0.0000,0.0000,0.0000,0.0064,0.0001,200,12.9421
0.0066,0.0000,0.0000,0.0000,0.0065,0.0001,200,12.9420
0.0066,0.0000,0.0000,0.0000,0.0065,0.0000,200,12.9421
0.0067,0.0000,0.0000,0.0000,0.0066,0.0000,200,12.9422
0.0065,0.0000,0.0000,0.0000,0.0064,0.0001,200,12.9488
0.0068,0.0000,0.0000,0.0000,0.0067,0.0000,200,12.9486
0.0068,0.0000,0.0000,0.0000,0.0067,0.0000,200,12.9486
0.0067,0.0000,0.0000,0.0000,0.0065,0.0000,200,12.9489
0.0067,0.0000,0.0000,0.0000,0.0066,0.0001,200,12.9556
0.0071,0.0000,0.0000,0.0000,0.0069,0.0001,200,12.9553
0.0086,0.0000,0.0000,0.0000,0.0085,0.0001,200,12.9554
0.0094,0.0000,0.0000,0.0000,0.0093,0.0000,200,12.9554
0.0067,0.0000,0.0000,0.0000,0.0066,0.0001,200,12.9623
0.0069,0.0000,0.0000,0.0000,0.0069,0.0000,200,12.9623
0.0069,0.0000,0.0000,0.0000,0.0068,0.0000,200,12.9640
0.0063,0.0000,0.0000,0.0000,0.0062,0.0000,200,12.9648
0.0066,0.0000,0.0000,0.0000,0.0065,0.0001,200,12.9693
0.0074,0.0000,0.0000,0.0000,0.0073,0.0000,200,12.9690
0.0072,0.0000,0.0000,0.0000,0.0072,0.0001,200,12.9709
0.0072,0.0000,0.0000,0.0000,0.0071,0.0000,200,12.9711
0.0066,0.0000,0.0000,0.0000,0.0065,0.0001,200,12.9759
0.0063,0.0000,0.0000,0.0000,0.0062,0.0001,200,12.9764
0.0068,0.0000,0.0000,0.0000,0.0067,0.0000,200,12.9781
0.0068,0.0000,0.0000,0.0000,0.0067,0.0000,200,12.9783
0.0067,0.0000,0.0000,0.0000,0.0066,0.0000,200,12.9824
0.0066,0.0000,0.0000,0.0000,0.0066,0.0000,200,12.9827
0.0071,0.0000,0.0000,0.0000,0.0070,0.0001,200,12.9850
0.0071,0.0000,0.0000,0.0000,0.0071,0.0000,200,12.9851
0.0068,0.0000,0.0000,0.0000,0.0067,0.0001,200,12.9892
0.0075,0.0000,0.0000,0.0000,0.0074,0.0001,200,12.9894
0.0070,0.0000,0.0000,0.0000,0.0069,0.0001,200,12.9923
0.0074,0.0000,0.0000,0.0000,0.0073,0.0000,200,12.9921
0.0069,0.0000,0.0000,0.0000,0.0067,0.0001,200,12.9960
0.0063,0.0000,0.0000,0.0000,0.0062,0.0000,200,12.9968
0.0063,0.0000,0.0000,0.0000,0.0063,0.0000,200,12.9995
0.0067,0.0000,0.0000,0.0000,0.0064,0.0003,200,12.9993
0.0067,0.0000,0.0000,0.0000,0.0065,0.0001,200,13.0029
0.0065,0.0000,0.0000,0.0000,0.0064,0.0000,200,13.0032
0.0066,0.0000,0.0000,0.0000,0.0064,0.0001,200,13.0059
0.0073,0.0000,0.0000,0.0000,0.0070,0.0002,200,13.0060
0.0072,0.0000,0.0000,0.0000,0.0072,0.0001,200,13.0097
0.0082,0.0000,0.0000,0.0000,0.0081,0.0001,200,13.0096
0.0068,0.0000,0.0000,0.0000,0.0067,0.0001,200,13.0125
0.0073,0.0000,0.0000,0.0000,0.0071,0.0001,200,13.0132
0.0072,0.0000,0.0000,0.0000,0.0070,0.0001,200,13.0169
0.0074,0.0000,0.0000,0.0000,0.0073,0.0001,200,13.0178
0.0067,0.0000,0.0000,0.0000,0.0066,0.0001,200,13.0193
0.0069,0.0000,0.0000,0.0000,0.0068,0.0000,200,13.0205
0.0066,0.0000,0.0000,0.0000,0.0065,0.0000,200,13.0241
0.0065,0.0000,0.0000,0.0000,0.0064,0.0000,200,13.0251
0.0064,0.0000,0.0000,0.0000,0.0063,0.0000,200,13.0260
0.0064,0.0000,0.0000,0.0000,0.0063,0.0000,200,13.0274
0.0072,0.0000,0.0000,0.0000,0.0071,0.0001,200,13.0307
0.0064,0.0000,0.0000,0.0000,0.0063,0.0000,200,13.0316
0.0073,0.0000,0.0000,0.0000,0.0072,0.0001,200,13.0324
0.0085,0.0000,0.0000,0.0000,0.0084,0.0000,200,13.0338
0.0068,0.0000,0.0000,0.0000,0.0067,0.0001,200,13.0380
0.0068,0.0000,0.0000,0.0000,0.0067,0.0001,200,13.0380
0.0084,0.0000,0.0000,0.0000,0.0083,0.0001,200,13.0397
0.0080,0.0000,0.0000,0.0000,0.0079,0.0000,200,13.0422
0.0065,0.0000,0.0000,0.0000,0.0064,0.0000,200,13.0448
0.0065,0.0000,0.0000,0.0000,0.0064,0.0001,200,13.0448
0.0067,0.0000,0.0000,0.0000,0.0066,0.0001,200,13.0481
0.0067,0.0000,0.0000,0.0000,0.0066,0.0001,200,13.0502
0.0069,0.0000,0.0000,0.0000,0.0068,0.0001,200,13.0513
0.0075,0.0000,0.0000,0.0000,0.0074,0.0000,200,13.0513
0.0064,0.0000,0.0000,0.0000,0.0063,0.0001,200,13.0548
0.0070,0.0000,0.0000,0.0000,0.0069,0.0001,200,13.0569
0.0065,0.0000,0.0000,0.0000,0.0064,0.0001,200,13.0583
0.0075,0.0000,0.0000,0.0000,0.0074,0.0000,200,13.0588
0.0064,0.0000,0.0000,0.0000,0.0063,0.0000,200,13.0612
0.0067,0.0000,0.0000,0.0000,0.0066,0.0001,200,13.0639
0.0067,0.0000,0.0000,0.0000,0.0066,0.0001,200,13.0648
0.0064,0.0000,0.0000,0.0000,0.0063,0.0000,200,13.0664
0.0064,0.0000,0.0000,0.0000,0.0064,0.0000,200,13.0676
0.0065,0.0000,0.0000,0.0000,0.0064,0.0001,200,13.0706
0.0066,0.0000,0.0000,0.0000,0.0065,0.0000,200,13.0715
0.0066,0.0000,0.0000,0.0000,0.0065,0.0001,200,13.0728
0.0062,0.0000,0.0000,0.0000,0.0061,0.0000,200,13.0741
0.0065,0.0000,0.0000,0.0000,0.0064,0.0000,200,13.0771
0.0064,0.0000,0.0000,0.0000,0.0064,0.0000,200,13.0781
0.0062,0.0000,0.0000,0.0000,0.0061,0.0000,200,13.0794
0.0064,0.0000,0.0000,0.0000,0.0063,0.0000,200,13.0803
0.0066,0.0000,0.0000,0.0000,0.0065,0.0001,200,13.0836
0.0063,0.0000,0.0000,0.0000,0.0063,0.0000,200,13.0845
0.0065,0.0000,0.0000,0.0000,0.0065,0.0001,200,13.0856
0.0066,0.0000,0.0000,0.0000,0.0065,0.0001,200,13.0867
0.0066,0.0000,0.0000,0.0000,0.0065,0.0000,200,13.0902
0.0063,0.0000,0.0000,0.0000,0.0062,0.0001,200,13.0909
0.0065,0.0000,0.0000,0.0000,0.0065,0.0000,200,13.0922
0.0063,0.0000,0.0000,0.0000,0.0062,0.0000,200,13.0933
0.0065,0.0000,0.0000,0.0000,0.0064,0.0001,200,13.0967
0.0063,0.0000,0.0000,0.0000,0.0062,0.0001,200,13.0971
0.0068,0.0000,0.0000,0.0000,0.0067,0.0001,200,13.0987
0.0099,0.0000,0.0000,0.0000,0.0098,0.0001,200,13.0996
0.0068,0.0000,0.0000,0.0000,0.0066,0.0001,200,13.1032
0.0066,0.0000,0.0000,0.0000,0.0065,0.0000,200,13.1034
0.0067,0.0000,0.0000,0.0000,0.0066,0.0001,200,13.1055
0.0066,0.0000,0.0000,0.0000,0.0065,0.0001,200,13.1095
0.0065,0.0000,0.0000,0.0000,0.0064,0.0000,200,13.1100
0.0070,0.0000,0.0000,0.0000,0.0069,0.0000,200,13.1100
0.0066,0.0000,0.0000,0.0000,0.0065,0.0000,200,13.1123
0.0069,0.0000,0.0000,0.0000,0.0068,0.0001,200,13.1162
0.0062,0.0000,0.0000,0.0000,0.0062,0.0000,200,13.1170
0.0067,0.0000,0.0000,0.0000,0.0067,0.0000,200,13.1165
0.0070,0.0000,0.0000,0.0000,0.0069,0.0001,200,13.1188
0.0066,0.0000,0.0000,0.0000,0.0064,0.0001,200,13.1231
0.0065,0.0000,0.0000,0.0000,0.0065,0.0000,200,13.1232
0.0066,0.0000,0.0000,0.0000,0.0066,0.0000,200,13.1232
0.0071,0.0000,0.0000,0.0000,0.0070,0.0001,200,13.1258
0.0066,0.0000,0.0000,0.0000,0.0065,0.0001,200,13.1297
0.0065,0.0000,0.0000,0.0000,0.0065,0.0000,200,13.1298
0.0070,0.0000,0.0000,0.0000,0.0069,0.0000,200,13.1298
0.0065,0.0000,0.0000,0.0000,0.0063,0.0001,200,13.1329
0.0067,0.0000,0.0000,0.0000,0.0066,0.0001,200,13.1363
0.0063,0.0000,0.0000,0.0000,0.0063,0.0000,200,13.1368
0.0068,0.0000,0.0000,0.0000,0.0068,0.0000,200,13.1363
0.0081,0.0000,0.0000,0.0001,0.0078,0.0002,200,13.1394
0.0066,0.0000,0.0000,0.0000,0.0065,0.0001,200,13.1431
0.0065,0.0000,0.0000,0.0000,0.0065,0.0001,200,13.1432
0.0108,0.0000,0.0000,0.0000,0.0107,0.0001,200,13.1431
0.0071,0.0000,0.0000,0.0000,0.0070,0.0000,200,13.1478
0.0073,0.0000,0.0000,0.0000,0.0071,0.0000,200,13.1497
0.0073,0.0000,0.0000,0.0000,0.0073,0.0000,200,13.1497
0.0066,0.0000,0.0000,0.0000,0.0065,0.0001,200,13.1539
0.0066,0.0000,0.0000,0.0000,0.0065,0.0001,200,13.1549
0.0066,0.0000,0.0000,0.0000,0.0065,0.0000,200,13.1570
0.0078,0.0000,0.0000,0.0000,0.0078,0.0001,200,13.1569
0.0067,0.0000,0.0000,0.0000,0.0066,0.0000,200,13.1605
0.0065,0.0000,0.0000,0.0000,0.0064,0.0000,200,13.1615
0.0076,0.0000,0.0000,0.0000,0.0075,0.0000,200,13.1636
0.0072,0.0000,0.0000,0.0000,0.0071,0.0001,200,13.1648
0.0067,0.0000,0.0000,0.0000,0.0066,0.0000,200,13.1672
0.0067,0.0000,0.0000,0.0000,0.0066,0.0001,200,13.1680
0.0066,0.0000,0.0000,0.0000,0.0065,0.0001,200,13.1712
0.0066,0.0000,0.0000,0.0000,0.0065,0.0001,200,13.1720
0.0067,0.0000,0.0000,0.0000,0.0066,0.0000,200,13.1739
0.0064,0.0000,0.0000,0.0000,0.0064,0.0000,200,13.1747
0.0064,0.0000,0.0000,0.0000,0.0063,0.0001,200,13.1778
0.0063,0.0000,0.0000,0.0000,0.0062,0.0000,200,13.1786
0.0066,0.0000,0.0000,0.0000,0.0065,0.0000,200,13.1805
0.0062,0.0000,0.0000,0.0000,0.0062,0.0000,200,13.1811
0.0067,0.0000,0.0000,0.0000,0.0066,0.0001,200,13.1842
0.0083,0.0000,0.0000,0.0000,0.0077,0.0001,200,13.1849
0.0066,0.0000,0.0000,0.0000,0.0065,0.0000,200,13.1871
0.0086,0.0000,0.0000,0.0000,0.0085,0.0001,200,13.1874
0.0075,0.0000,0.0000,0.0000,0.0074,0.0001,200,13.1909
0.0077,0.0000,0.0000,0.0000,0.0076,0.0001,200,13.1937
0.0085,0.0000,0.0000,0.0000,0.0084,0.0000,200,13.1931
0.0084,0.0000,0.0000,0.0000,0.0083,0.0001,200,13.1960
0.0067,0.0000,0.0000,0.0000,0.0066,0.0000,200,13.1983
0.0065,0.0000,0.0000,0.0000,0.0063,0.0001,200,13.2014
0.0064,0.0000,0.0000,0.0000,0.0063,0.0000,200,13.2016
0.0066,0.0000,0.0000,0.0000,0.0065,0.0000,200,13.2044
0.0065,0.0000,0.0000,0.0000,0.0064,0.0000,200,13.2050
0.0069,0.0000,0.0000,0.0000,0.0068,0.0000,200,13.2080
0.0071,0.0000,0.0000,0.0000,0.0069,0.0001,200,13.2079
0.0066,0.0000,0.0000,0.0000,0.0065,0.0001,200,13.2111
0.0068,0.0000,0.0000,0.0000,0.0068,0.0000,200,13.2115
0.0069,0.0000,0.0000,0.0000,0.0068,0.0001,200,13.2149
0.0071,0.0000,0.0000,0.0000,0.0070,0.0000,200,13.2149
0.0067,0.0000,0.0000,0.0000,0.0066,0.0000,200,13.2177
0.0085,0.0000,0.0000,0.0000,0.0084,0.0001,200,13.2184
0.0064,0.0000,0.0000,0.0000,0.0063,0.0001,200,13.2220
0.0071,0.0000,0.0000,0.0000,0.0070,0.0000,200,13.2218
0.0073,0.0000,0.0000,0.0000,0.0072,0.0001,200,13.2244
0.0067,0.0000,0.0000,0.0000,0.0066,0.0001,200,13.2269
0.0065,0.0000,0.0000,0.0000,0.0064,0.0000,200,13.2284
0.0063,0.0000,0.0000,0.0000,0.0062,0.0000,200,13.2289
0.0065,0.0000,0.0000,0.0000,0.0064,0.0001,200,13.2317
0.0065,0.0000,0.0000,0.0000,0.0064,0.0000,200,13.2336
0.0066,0.0000,0.0000,0.0000,0.0065,0.0001,200,13.2349
0.0076,0.0000,0.0000,0.0000,0.0076,0.0000,200,13.2352
0.0065,0.0000,0.0000,0.0000,0.0064,0.0000,200,13.2382
0.0065,0.0000,0.0000,0.0000,0.0065,0.0000,200,13.2401
0.0076,0.0000,0.0000,0.0000,0.0075,0.0001,200,13.2415
0.0064,0.0000,0.0000,0.0000,0.0064,0.0000,200,13.2428
0.0064,0.0000,0.0000,0.0000,0.0063,0.0000,200,13.2447
0.0068,0.0000,0.0000,0.0000,0.0067,0.0001,200,13.2466
0.0064,0.0000,0.0000,0.0000,0.0063,0.0001,200,13.2493
0.0068,0.0000,0.0000,0.0000,0.0067,0.0000,200,13.2491
0.0065,0.0000,0.0000,0.0000,0.0065,0.0000,200,13.2511
0.0064,0.0000,0.0000,0.0000,0.0063,0.0001,200,13.2534
0.0066,0.0000,0.0000,0.0000,0.0065,0.0001,200,13.2557
0.0065,0.0000,0.0000,0.0000,0.0064,0.0000,200,13.2559
0.0063,0.0000,0.0000,0.0000,0.0062,0.0001,200,13.2576
0.0071,0.0000,0.0000,0.0000,0.0070,0.0001,200,13.2598
0.0079,0.0000,0.0000,0.0000,0.0077,0.0001,200,13.2622
0.0077,0.0000,0.0000,0.0000,0.0077,0.0001,200,13.2623
0.0068,0.0000,0.0000,0.0000,0.0066,0.0001,200,13.2639
0.0070,0.0000,0.0000,0.0000,0.0069,0.0001,200,13.2670
0.0075,0.0000,0.0000,0.0000,0.0074,0.0001,200,13.2701
0.0077,0.0000,0.0000,0.0000,0.0075,0.0000,200,13.2701
0.0073,0.0000,0.0000,0.0000,0.0072,0.0000,200,13.2707
0.0072,0.0000,0.0000,0.0001,0.0069,0.0001,200,13.2740
0.0066,0.0000,0.0000,0.0000,0.0065,0.0001,200,13.2778
0.0064,0.0000,0.0000,0.0000,0.0063,0.0000,200,13.2780
0.0068,0.0000,0.0000,0.0000,0.0067,0.0000,200,13.2776
0.0069,0.0000,0.0000,0.0000,0.0067,0.0001,200,13.2811
0.0069,0.0000,0.0000,0.0000,0.0068,0.0001,200,13.2843
0.0073,0.0000,0.0000,0.0000,0.0073,0.0001,200,13.2843
0.0075,0.0000,0.0000,0.0000,0.0074,0.0000,200,13.2844
0.0086,0.0000,0.0000,0.0000,0.0085,0.0001,200,13.2880
0.0072,0.0000,0.0000,0.0000,0.0072,0.0000,200,13.2919
0.0079,0.0000,0.0000,0.0000,0.0078,0.0000,200,13.2912
0.0075,0.0000,0.0000,0.0000,0.0074,0.0000,200,13.2917
0.0074,0.0000,0.0000,0.0001,0.0072,0.0001,200,13.2966
0.0064,0.0000,0.0000,0.0000,0.0063,0.0001,200,13.2991
0.0066,0.0000,0.0000,0.0000,0.0065,0.0000,200,13.2992
0.0067,0.0000,0.0000,0.0000,0.0066,0.0000,200,13.2991
0.0065,0.0000,0.0000,0.0000,0.0064,0.0000,200,13.3040
0.0064,0.0000,0.0000,0.0000,0.0063,0.0001,200,13.3057
0.0064,0.0000,0.0000,0.0000,0.0063,0.0001,200,13.3058
0.0069,0.0000,0.0000,0.0000,0.0068,0.0000,200,13.3056
0.0066,0.0000,0.0000,0.0000,0.0065,0.0001,200,13.3105
0.0066,0.0000,0.0000,0.0000,0.0063,0.0002,200,13.3121
0.0065,0.0000,0.0000,0.0000,0.0064,0.0000,200,13.3122
0.0063,0.0000,0.0000,0.0000,0.0062,0.0000,200,13.3125
0.0065,0.0000,0.0000,0.0000,0.0065,0.0001,200,13.3171
0.0062,0.0000,0.0000,0.0000,0.0061,0.0000,200,13.3187
0.0062,0.0000,0.0000,0.0000,0.0062,0.0000,200,13.3187
0.0063,0.0000,0.0000,0.0000,0.0062,0.0000,200,13.3187
0.0065,0.0000,0.0000,0.0000,0.0064,0.0001,200,13.3236
0.0063,0.0000,0.0000,0.0000,0.0062,0.0001,200,13.3249
0.0063,0.0000,0.0000,0.0000,0.0063,0.0000,200,13.3250
0.0065,0.0000,0.0000,0.0000,0.0064,0.0000,200,13.3249
0.0065,0.0000,0.0000,0.0000,0.0064,0.0001,200,13.3302
0.0065,0.0000,0.0000,0.0000,0.0064,0.0000,200,13.3312
0.0066,0.0000,0.0000,0.0000,0.0065,0.0000,200,13.3313
0.0089,0.0000,0.0000,0.0000,0.0088,0.0001,200,13.3314
0.0067,0.0000,0.0000,0.0000,0.0066,0.0001,200,13.3367
0.0073,0.0000,0.0000,0.0000,0.0072,0.0000,200,13.3379
0.0074,0.0000,0.0000,0.0000,0.0074,0.0000,200,13.3377
0.0068,0.0000,0.0000,0.0000,0.0066,0.0001,200,13.3403
0.0065,0.0000,0.0000,0.0000,0.0064,0.0001,200,13.3452
0.0068,0.0000,0.0000,0.0000,0.0067,0.0000,200,13.3452
0.0088,0.0000,0.0000,0.0000,0.0087,0.0000,200,13.3434
0.0065,0.0000,0.0000,0.0000,0.0064,0.0001,200,13.3471
0.0065,0.0000,0.0000,0.0000,0.0064,0.0001,200,13.3520
0.0064,0.0000,0.0000,0.0000,0.0064,0.0000,200,13.3521
0.0069,0.0000,0.0000,0.0000,0.0069,0.0000,200,13.3517
0.0066,0.0000,0.0000,0.0000,0.0065,0.0001,200,13.3535
0.0066,0.0000,0.0000,0.0000,0.0065,0.0001,200,13.3586
0.0067,0.0000,0.0000,0.0000,0.0066,0.0001,200,13.3585
0.0065,0.0000,0.0000,0.0000,0.0064,0.0001,200,13.3586
0.0064,0.0000,0.0000,0.0000,0.0064,0.0001,200,13.3601
0.0069,0.0000,0.0000,0.0000,0.0068,0.0001,200,13.3652
0.0069,0.0000,0.0000,0.0000,0.0068,0.0001,200,13.3652
0.0070,0.0000,0.0000,0.0000,0.0069,0.0000,200,13.3652
0.0068,0.0000,0.0000,0.0000,0.0067,0.0001,200,13.3665
0.0068,0.0000,0.0000,0.0000,0.0067,0.0001,200,13.3721
0.0068,0.0000,0.0000,0.0000,0.0067,0.0000,200,13.3721
0.0069,0.0000,0.0000,0.0000,0.0068,0.0000,200,13.3721
0.0072,0.0000,0.0000,0.0000,0.0072,0.0001,200,13.3733
0.0067,0.0000,0.0000,0.0000,0.0066,0.0001,200,13.3789
0.0068,0.0000,0.0000,0.0000,0.0066,0.0001,200,13.3789
0.0069,0.0000,0.0000,0.0000,0.0068,0.0000,200,13.3789
0.0064,0.0000,0.0000,0.0000,0.0063,0.0001,200,13.3806
0.0067,0.0000,0.0000,0.0000,0.0066,0.0001,200,13.3858
0.0073,0.0000,0.0000,0.0000,0.0072,0.0001,200,13.3857
0.0065,0.0000,0.0000,0.0000,0.0064,0.0001,200,13.3870
0.0083,0.0000,0.0000,0.0000,0.0082,0.0000,200,13.3857
0.0072,0.0000,0.0000,0.0000,0.0070,0.0001,200,13.3926
0.0064,0.0000,0.0000,0.0000,0.0063,0.0001,200,13.3935
0.0071,0.0000,0.0000,0.0001,0.0069,0.0000,200,13.3930
0.0076,0.0000,0.0000,0.0000,0.0075,0.0000,200,13.3939
0.0068,0.0000,0.0000,0.0000,0.0067,0.0001,200,13.4001
0.0072,0.0000,0.0000,0.0000,0.0070,0.0001,200,13.3997
0.0070,0.0000,0.0000,0.0000,0.0070,0.0000,200,13.4000
0.0074,0.0000,0.0000,0.0000,0.0073,0.0001,200,13.4015
0.0065,0.0000,0.0000,0.0000,0.0063,0.0001,200,13.4069
0.0064,0.0000,0.0000,0.0000,0.0063,0.0001,200,13.4070
0.0069,0.0000,0.0000,0.0000,0.0068,0.0000,200,13.4069
0.0066,0.0000,0.0000,0.0000,0.0065,0.0001,200,13.4089
0.0066,0.0000,0.0000,0.0000,0.0065,0.0000,200,13.4134
0.0066,0.0000,0.0000,0.0000,0.0065,0.0001,200,13.4134
0.0077,0.0000,0.0000,0.0000,0.0076,0.0001,200,13.4138
0.0067,0.0000,0.0000,0.0000,0.0066,0.0000,200,13.4200
0.0112,0.0000,0.0000,0.0000,0.0111,0.0001,200,13.4155
0.0067,0.0000,0.0000,0.0000,0.0066,0.0001,200,13.4200
0.0063,0.0000,0.0000,0.0000,0.0062,0.0001,200,13.4215
0.0067,0.0000,0.0000,0.0000,0.0066,0.0000,200,13.4267
0.0067,0.0000,0.0000,0.0000,0.0066,0.0001,200,13.4267
0.0067,0.0000,0.0000,0.0000,0.0066,0.0000,200,13.4267
0.0063,0.0000,0.0000,0.0000,0.0062,0.0000,200,13.4278
0.0069,0.0000,0.0000,0.0000,0.0068,0.0001,200,13.4334
0.0079,0.0000,0.0000,0.0000,0.0078,0.0000,200,13.4334
0.0079,0.0000,0.0000,0.0000,0.0078,0.0000,200,13.4334
0.0073,0.0000,0.0000,0.0000,0.0072,0.0000,200,13.4341
0.0079,0.0000,0.0000,0.0000,0.0078,0.0001,200,13.4403
0.0069,0.0000,0.0000,0.0000,0.0067,0.0001,200,13.4414
0.0070,0.0000,0.0000,0.0000,0.0069,0.0000,200,13.4414
0.0072,0.0000,0.0000,0.0000,0.0071,0.0000,200,13.4414
0.0068,0.0000,0.0000,0.0000,0.0066,0.0002,200,13.4482
0.0070,0.0000,0.0000,0.0000,0.0069,0.0000,200,13.4482
0.0077,0.0000,0.0000,0.0000,0.0076,0.0001,200,13.4485
0.0100,0.0000,0.0000,0.0000,0.0100,0.0001,200,13.4483
0.0069,0.0000,0.0000,0.0000,0.0067,0.0001,200,13.4552
0.0074,0.0000,0.0000,0.0000,0.0073,0.0000,200,13.4550
0.0075,0.0000,0.0000,0.0000,0.0074,0.0001,200,13.4562
0.0066,0.0000,0.0000,0.0000,0.0066,0.0000,200,13.4584
0.0065,0.0000,0.0000,0.0000,0.0063,0.0001,200,13.4620
0.0073,0.0000,0.0000,0.0000,0.0072,0.0000,200,13.4624
0.0064,0.0000,0.0000,0.0000,0.0063,0.0000,200,13.4636
0.0065,0.0000,0.0000,0.0000,0.0064,0.0001,200,13.4650
0.0079,0.0000,0.0000,0.0000,0.0078,0.0001,200,13.4685
0.0067,0.0000,0.0000,0.0001,0.0065,0.0001,200,13.4697
0.0063,0.0000,0.0000,0.0000,0.0062,0.0001,200,13.4700
0.0065,0.0000,0.0000,0.0000,0.0064,0.0001,200,13.4715
0.0063,0.0000,0.0000,0.0000,0.0062,0.0001,200,13.4763
0.0063,0.0000,0.0000,0.0000,0.0063,0.0000,200,13.4763
0.0065,0.0000,0.0000,0.0000,0.0064,0.0000,200,13.4763
0.0063,0.0000,0.0000,0.0000,0.0062,0.0000,200,13.4780
0.0071,0.0000,0.0000,0.0000,0.0070,0.0001,200,13.4828
0.0073,0.0000,0.0000,0.0000,0.0072,0.0000,200,13.4827
0.0074,0.0000,0.0000,0.0000,0.0073,0.0000,200,13.4827
0.0064,0.0000,0.0000,0.0000,0.0063,0.0000,200,13.4843
0.0067,0.0000,0.0000,0.0000,0.0066,0.0001,200,13.4901
0.0068,0.0000,0.0000,0.0000,0.0068,0.0000,200,13.4900
0.0069,0.0000,0.0000,0.0000,0.0069,0.0000,200,13.4900
0.0066,0.0000,0.0000,0.0000,0.0066,0.0000,200,13.4907
0.0068,0.0000,0.0000,0.0000,0.0067,0.0001,200,13.4968
0.0070,0.0000,0.0000,0.0000,0.0068,0.0000,200,13.4968
0.0069,0.0000,0.0000,0.0000,0.0069,0.0000,200,13.4969
0.0066,0.0000,0.0000,0.0000,0.0066,0.0000,200,13.4973
0.0069,0.0000,0.0000,0.0000,0.0069,0.0000,200,13.5039
0.0071,0.0000,0.0000,0.0000,0.0069,0.0002,200,13.5036
0.0076,0.0000,0.0000,0.0000,0.0073,0.0002,200,13.5038
0.0081,0.0000,0.0000,0.0000,0.0081,0.0000,200,13.5039
0.0067,0.0000,0.0000,0.0000,0.0066,0.0001,200,13.5108
0.0067,0.0000,0.0000,0.0000,0.0066,0.0000,200,13.5114
0.0074,0.0000,0.0000,0.0000,0.0074,0.0000,200,13.5108
0.0070,0.0000,0.0000,0.0000,0.0067,0.0002,200,13.5120
0.0068,0.0000,0.0000,0.0000,0.0066,0.0001,200,13.5181
0.0068,0.0000,0.0000,0.0000,0.0067,0.0000,200,13.5182
0.0075,0.0000,0.0000,0.0000,0.0074,0.0000,200,13.5175
0.0067,0.0000,0.0000,0.0000,0.0066,0.0001,200,13.5190
0.0070,0.0000,0.0000,0.0000,0.0068,0.0001,200,13.5250
0.0071,0.0000,0.0000,0.0002,0.0069,0.0000,200,13.5248
0.0066,0.0000,0.0000,0.0000,0.0065,0.0001,200,13.5257
0.0076,0.0000,0.0000,0.0000,0.0075,0.0000,200,13.5250
0.0083,0.0000,0.0000,0.0000,0.0082,0.0001,200,13.5320
0.0095,0.0000,0.0000,0.0000,0.0094,0.0001,200,13.5320
0.0091,0.0000,0.0000,0.0000,0.0090,0.0000,200,13.5325
0.0093,0.0000,0.0000,0.0000,0.0092,0.0000,200,13.5323
0.0081,0.0000,0.0000,0.0000,0.0076,0.0004,200,13.5403
0.0070,0.0000,0.0000,0.0000,0.0069,0.0000,200,13.5416
0.0071,0.0000,0.0000,0.0000,0.0070,0.0001,200,13.5415
0.0071,0.0000,0.0000,0.0000,0.0070,0.0000,200,13.5416
0.0067,0.0000,0.0000,0.0000,0.0065,0.0001,200,13.5486
0.0066,0.0000,0.0000,0.0000,0.0065,0.0000,200,13.5487
0.0068,0.0000,0.0000,0.0000,0.0068,0.0000,200,13.5486
0.0073,0.0000,0.0000,0.0000,0.0070,0.0000,200,13.5483
0.0067,0.0000,0.0000,0.0000,0.0066,0.0001,200,13.5553
0.0069,0.0000,0.0000,0.0000,0.0068,0.0001,200,13.5555
0.0071,0.0000,0.0000,0.0000,0.0070,0.0000,200,13.5556
0.0075,0.0000,0.0000,0.0000,0.0074,0.0000,200,13.5553
0.0067,0.0000,0.0000,0.0000,0.0066,0.0001,200,13.5620
0.0066,0.0000,0.0000,0.0000,0.0065,0.0001,200,13.5628
0.0071,0.0000,0.0000,0.0000,0.0067,0.0001,200,13.5624
0.0072,0.0000,0.0000,0.0000,0.0071,0.0000,200,13.5627
0.0067,0.0000,0.0000,0.0000,0.0066,0.0001,200,13.5687
0.0064,0.0000,0.0000,0.0000,0.0064,0.0000,200,13.5693
0.0077,0.0000,0.0000,0.0000,0.0076,0.0000,200,13.5695
0.0074,0.0000,0.0000,0.0000,0.0073,0.0000,200,13.5700
0.0067,0.0000,0.0000,0.0000,0.0066,0.0001,200,13.5754
0.0065,0.0000,0.0000,0.0000,0.0064,0.0000,200,13.5757
0.0065,0.0000,0.0000,0.0000,0.0064,0.0000,200,13.5773
0.0068,0.0000,0.0000,0.0000,0.0067,0.0000,200,13.5772
0.0065,0.0000,0.0000,0.0000,0.0065,0.0000,200,13.5822
0.0065,0.0000,0.0000,0.0000,0.0065,0.0000,200,13.5822
0.0061,0.0000,0.0000,0.0000,0.0060,0.0000,200,13.5840
0.0063,0.0000,0.0000,0.0000,0.0062,0.0000,200,13.5838
0.0084,0.0000,0.0000,0.0000,0.0083,0.0000,200,13.5887
0.0069,0.0000,0.0000,0.0000,0.0068,0.0001,200,13.5902
0.0070,0.0000,0.0000,0.0000,0.0069,0.0001,200,13.5901
0.0084,0.0000,0.0000,0.0000,0.0084,0.0000,200,13.5888
0.0068,0.0000,0.0000,0.0000,0.0067,0.0000,200,13.5972
0.0069,0.0000,0.0000,0.0000,0.0068,0.0000,200,13.5971
0.0069,0.0000,0.0000,0.0000,0.0067,0.0001,200,13.5971
0.0070,0.0000,0.0000,0.0000,0.0069,0.0000,200,13.5971
0.0065,0.0000,0.0000,0.0000,0.0064,0.0000,200,13.6040
0.0065,0.0000,0.0000,0.0000,0.0064,0.0000,200,13.6040
0.0065,0.0000,0.0000,0.0000,0.0064,0.0001,200,13.6040
0.0064,0.0000,0.0000,0.0000,0.0063,0.0000,200,13.6041
0.0065,0.0000,0.0000,0.0000,0.0064,0.0001,200,13.6105
0.0065,0.0000,0.0000,0.0000,0.0065,0.0000,200,13.6105
0.0066,0.0000,0.0000,0.0000,0.0064,0.0001,200,13.6105
0.0068,0.0000,0.0000,0.0000,0.0067,0.0001,200,13.6105
0.0066,0.0000,0.0000,0.0000,0.0065,0.0000,200,13.6172
0.0068,0.0000,0.0000,0.0000,0.0067,0.0001,200,13.6170
0.0068,0.0000,0.0000,0.0000,0.0067,0.0000,200,13.6170
0.0068,0.0000,0.0000,0.0000,0.0067,0.0001,200,13.6170
0.0068,0.0000,0.0000,0.0000,0.0068,0.0000,200,13.6238
0.0068,0.0000,0.0000,0.0000,0.0068,0.0000,200,13.6239
0.0068,0.0000,0.0000,0.0000,0.0067,0.0001,200,13.6239
0.0070,0.0000,0.0000,0.0000,0.0069,0.0001,200,13.6239
0.0067,0.0000,0.0000,0.0000,0.0066,0.0001,200,13.6308
0.0069,0.0000,0.0000,0.0000,0.0068,0.0000,200,13.6307
0.0069,0.0000,0.0000,0.0000,0.0068,0.0000,200,13.6307
0.0069,0.0000,0.0000,0.0000,0.0068,0.0001,200,13.6307
0.0067,0.0000,0.0000,0.0000,0.0066,0.0001,200,13.6376
0.0067,0.0000,0.0000,0.0000,0.0066,0.0001,200,13.6376
0.0074,0.0000,0.0000,0.0000,0.0073,0.0000,200,13.6376
0.0075,0.0000,0.0000,0.0000,0.0075,0.0000,200,13.6376
0.0069,0.0000,0.0000,0.0000,0.0068,0.0001,200,13.6443
0.0072,0.0000,0.0000,0.0000,0.0071,0.0001,200,13.6443
0.0067,0.0000,0.0000,0.0000,0.0066,0.0001,200,13.6450
0.0068,0.0000,0.0000,0.0000,0.0067,0.0000,200,13.6451
0.0069,0.0000,0.0000,0.0000,0.0068,0.0001,200,13.6512
0.0075,0.0000,0.0000,0.0000,0.0074,0.0000,200,13.6515
0.0074,0.0000,0.0000,0.0000,0.0074,0.0000,200,13.6517
0.0084,0.0000,0.0000,0.0000,0.0084,0.0000,200,13.6519
0.0069,0.0000,0.0000,0.0000,0.0067,0.0001,200,13.6590
0.0079,0.0000,0.0000,0.0000,0.0077,0.0002,200,13.6581
0.0074,0.0000,0.0000,0.0000,0.0074,0.0000,200,13.6591
0.0066,0.0000,0.0000,0.0000,0.0065,0.0000,200,13.6603
0.0084,0.0000,0.0000,0.0000,0.0083,0.0001,200,13.6658
0.0093,0.0000,0.0000,0.0000,0.0092,0.0000,200,13.6660
0.0087,0.0000,0.0000,0.0000,0.0087,0.0000,200,13.6666
0.0084,0.0000,0.0000,0.0000,0.0083,0.0000,200,13.6669
0.0069,0.0000,0.0000,0.0000,0.0068,0.0001,200,13.6753
0.0070,0.0000,0.0000,0.0000,0.0069,0.0000,200,13.6753
0.0081,0.0000,0.0000,0.0000,0.0080,0.0000,200,13.6742
0.0071,0.0000,0.0000,0.0000,0.0070,0.0000,200,13.6753
0.0067,0.0000,0.0000,0.0000,0.0065,0.0001,200,13.6822
0.0066,0.0000,0.0000,0.0000,0.0065,0.0000,200,13.6823
0.0065,0.0000,0.0000,0.0000,0.0065,0.0000,200,13.6823
0.0067,0.0000,0.0000,0.0000,0.0066,0.0000,200,13.6824
0.0065,0.0000,0.0000,0.0000,0.0064,0.0001,200,13.6889
0.0065,0.0000,0.0000,0.0000,0.0064,0.0000,200,13.6889
0.0066,0.0000,0.0000,0.0000,0.0066,0.0000,200,13.6889
0.0066,0.0000,0.0000,0.0000,0.0065,0.0000,200,13.6890
0.0069,0.0000,0.0000,0.0000,0.0068,0.0001,200,13.6954
0.0069,0.0000,0.0000,0.0000,0.0068,0.0000,200,13.6954
0.0069,0.0000,0.0000,0.0000,0.0068,0.0000,200,13.6955
0.0067,0.0000,0.0000,0.0000,0.0067,0.0000,200,13.6956
0.0066,0.0000,0.0000,0.0000,0.0065,0.0001,200,13.7023
0.0067,0.0000,0.0000,0.0000,0.0066,0.0000,200,13.7023
0.0066,0.0000,0.0000,0.0000,0.0065,0.0000,200,13.7024
0.0066,0.0000,0.0000,0.0000,0.0066,0.0000,200,13.7024
0.0069,0.0000,0.0000,0.0000,0.0065,0.0003,200,13.7089
0.0068,0.0000,0.0000,0.0000,0.0067,0.0001,200,13.7090
0.0068,0.0000,0.0000,0.0000,0.0067,0.0000,200,13.7090
0.0068,0.0000,0.0000,0.0000,0.0067,0.0000,200,13.7090
0.0071,0.0000,0.0000,0.0000,0.0070,0.0000,200,13.7158
0.0071,0.0000,0.0000,0.0000,0.0069,0.0001,200,13.7158
0.0071,0.0000,0.0000,0.0000,0.0070,0.0001,200,13.7158
0.0072,0.0000,0.0000,0.0000,0.0070,0.0001,200,13.7158
0.0067,0.0000,0.0000,0.0000,0.0067,0.0000,200,13.7229
0.0067,0.0000,0.0000,0.0000,0.0066,0.0001,200,13.7229
0.0068,0.0000,0.0000,0.0000,0.0067,0.0000,200,13.7229
0.0067,0.0000,0.0000,0.0000,0.0066,0.0000,200,13.7230
0.0066,0.0000,0.0000,0.0000,0.0065,0.0001,200,13.7297
0.0068,0.0000,0.0000,0.0000,0.0068,0.0000,200,13.7296
0.0069,0.0000,0.0000,0.0000,0.0069,0.0000,200,13.7297
0.0070,0.0000,0.0000,0.0000,0.0070,0.0000,200,13.7296
0.0070,0.0000,0.0000,0.0000,0.0069,0.0001,200,13.7363
0.0078,0.0000,0.0000,0.0000,0.0075,0.0003,200,13.7366
0.0079,0.0000,0.0000,0.0000,0.0075,0.0003,200,13.7367
0.0095,0.0000,0.0000,0.0000,0.0095,0.0001,200,13.7365
0.0068,0.0000,0.0000,0.0000,0.0066,0.0001,200,13.7444
0.0079,0.0000,0.0000,0.0000,0.0076,0.0002,200,13.7433
0.0067,0.0000,0.0000,0.0000,0.0066,0.0000,200,13.7446
0.0068,0.0000,0.0000,0.0000,0.0067,0.0001,200,13.7460
0.0069,0.0000,0.0000,0.0000,0.0068,0.0001,200,13.7512
0.0070,0.0000,0.0000,0.0000,0.0069,0.0000,200,13.7512
0.0078,0.0000,0.0000,0.0000,0.0077,0.0001,200,13.7513
0.0064,0.0000,0.0000,0.0000,0.0063,0.0000,200,13.7529
0.0065,0.0000,0.0000,0.0000,0.0064,0.0000,200,13.7581
0.0066,0.0000,0.0000,0.0000,0.0063,0.0002,200,13.7581
0.0067,0.0000,0.0000,0.0000,0.0066,0.0001,200,13.7592
0.0070,0.0000,0.0000,0.0000,0.0069,0.0000,200,13.7590
0.0067,0.0000,0.0000,0.0000,0.0066,0.0001,200,13.7646
0.0066,0.0000,0.0000,0.0000,0.0066,0.0000,200,13.7647
0.0063,0.0000,0.0000,0.0000,0.0062,0.0000,200,13.7659
0.0064,0.0000,0.0000,0.0000,0.0063,0.0001,200,13.7660
0.0067,0.0000,0.0000,0.0000,0.0066,0.0001,200,13.7713
0.0067,0.0000,0.0000,0.0000,0.0066,0.0001,200,13.7714
0.0062,0.0000,0.0000,0.0000,0.0062,0.0000,200,13.7722
0.0065,0.0000,0.0000,0.0001,0.0063,0.0000,200,13.7724
0.0066,0.0000,0.0000,0.0000,0.0065,0.0001,200,13.7780
0.0067,0.0000,0.0000,0.0000,0.0066,0.0000,200,13.7780
0.0063,0.0000,0.0000,0.0000,0.0062,0.0000,200,13.7784
0.0063,0.0000,0.0000,0.0000,0.0063,0.0000,200,13.7789
0.0065,0.0000,0.0000,0.0000,0.0064,0.0001,200,13.7847
0.0066,0.0000,0.0000,0.0000,0.0065,0.0000,200,13.7847
0.0067,0.0000,0.0000,0.0000,0.0066,0.0000,200,13.7847
0.0066,0.0000,0.0000,0.0000,0.0065,0.0001,200,13.7852
0.0065,0.0000,0.0000,0.0000,0.0065,0.0001,200,13.7914
0.0068,0.0000,0.0000,0.0000,0.0067,0.0000,200,13.7912
0.0069,0.0000,0.0000,0.0000,0.0068,0.0000,200,13.7912
0.0083,0.0000,0.0000,0.0000,0.0082,0.0001,200,13.7918
0.0065,0.0000,0.0000,0.0000,0.0064,0.0001,200,13.7980
0.0072,0.0000,0.0000,0.0000,0.0070,0.0001,200,13.8002
0.0093,0.0000,0.0000,0.0000,0.0092,0.0000,200,13.7981
0.0094,0.0000,0.0000,0.0000,0.0093,0.0000,200,13.7981
0.0069,0.0000,0.0000,0.0000,0.0068,0.0001,200,13.8073
0.0068,0.0000,0.0000,0.0000,0.0067,0.0000,200,13.8075
0.0070,0.0000,0.0000,0.0000,0.0068,0.0001,200,13.8074
0.0068,0.0000,0.0000,0.0000,0.0067,0.0001,200,13.8142
0.0069,0.0000,0.0000,0.0000,0.0069,0.0000,200,13.8143
0.0070,0.0000,0.0000,0.0000,0.0070,0.0000,200,13.8143
0.0181,0.0000,0.0000,0.0000,0.0179,0.0001,200,13.8045
0.0072,0.0000,0.0000,0.0000,0.0071,0.0001,200,13.8213
0.0076,0.0000,0.0000,0.0000,0.0075,0.0000,200,13.8211
0.0074,0.0000,0.0000,0.0000,0.0073,0.0000,200,13.8213
0.0067,0.0000,0.0000,0.0000,0.0067,0.0000,200,13.8225
0.0066,0.0000,0.0000,0.0000,0.0065,0.0000,200,13.8285
0.0065,0.0000,0.0000,0.0000,0.0064,0.0000,200,13.8287
0.0065,0.0000,0.0000,0.0000,0.0065,0.0000,200,13.8287
0.0065,0.0000,0.0000,0.0000,0.0064,0.0000,200,13.8293
0.0068,0.0000,0.0000,0.0000,0.0068,0.0001,200,13.8352
0.0073,0.0000,0.0000,0.0000,0.0072,0.0000,200,13.8352
0.0074,0.0000,0.0000,0.0000,0.0073,0.0000,200,13.8351
0.0068,0.0000,0.0000,0.0000,0.0067,0.0001,200,13.8358
0.0070,0.0000,0.0000,0.0000,0.0069,0.0001,200,13.8420
0.0067,0.0000,0.0000,0.0000,0.0067,0.0000,200,13.8425
0.0067,0.0000,0.0000,0.0000,0.0067,0.0000,200,13.8425
0.0073,0.0000,0.0000,0.0000,0.0073,0.0000,200,13.8426
0.0067,0.0000,0.0000,0.0000,0.0066,0.0001,200,13.8490
0.0065,0.0000,0.0000,0.0000,0.0065,0.0000,200,13.8492
0.0065,0.0000,0.0000,0.0000,0.0065,0.0000,200,13.8492
0.0082,0.0000,0.0000,0.0000,0.0080,0.0001,200,13.8499
0.0066,0.0000,0.0000,0.0000,0.0065,0.0001,200,13.8557
0.0067,0.0000,0.0000,0.0000,0.0066,0.0000,200,13.8558
0.0084,0.0000,0.0000,0.0000,0.0083,0.0000,200,13.8558
0.0076,0.0000,0.0000,0.0000,0.0075,0.0000,200,13.8581
0.0063,0.0000,0.0000,0.0000,0.0062,0.0000,200,13.8624
0.0064,0.0000,0.0000,0.0000,0.0064,0.0000,200,13.8624
0.0064,0.0000,0.0000,0.0000,0.0063,0.0001,200,13.8641
0.0065,0.0000,0.0000,0.0000,0.0065,0.0001,200,13.8657
0.0066,0.0000,0.0000,0.0000,0.0065,0.0001,200,13.8688
0.0074,0.0000,0.0000,0.0000,0.0073,0.0001,200,13.8687
0.0070,0.0000,0.0000,0.0000,0.0069,0.0001,200,13.8706
0.0088,0.0000,0.0000,0.0000,0.0087,0.0001,200,13.8722
0.0068,0.0000,0.0000,0.0000,0.0067,0.0001,200,13.8761
0.0082,0.0000,0.0000,0.0000,0.0082,0.0000,200,13.8754
0.0071,0.0000,0.0000,0.0000,0.0070,0.0000,200,13.8776
0.0069,0.0000,0.0000,0.0000,0.0068,0.0001,200,13.8810
0.0074,0.0000,0.0000,0.0000,0.0072,0.0001,200,13.8829
0.0073,0.0000,0.0000,0.0000,0.0066,0.0007,200,13.8836
0.0068,0.0000,0.0000,0.0000,0.0067,0.0001,200,13.8847
0.0085,0.0000,0.0000,0.0000,0.0070,0.0015,200,13.8879
0.0068,0.0000,0.0000,0.0000,0.0067,0.0000,200,13.8903
0.0070,0.0000,0.0000,0.0000,0.0069,0.0000,200,13.8909
0.0076,0.0000,0.0000,0.0000,0.0076,0.0000,200,13.8915
0.0068,0.0000,0.0000,0.0000,0.0066,0.0001,200,13.8964
0.0065,0.0000,0.0000,0.0000,0.0064,0.0001,200,13.8972
0.0066,0.0000,0.0000,0.0000,0.0066,0.0001,200,13.8979
0.0062,0.0000,0.0000,0.0000,0.0062,0.0000,200,13.8991
0.0073,0.0000,0.0000,0.0000,0.0071,0.0001,200,13.9032
0.0069,0.0000,0.0000,0.0000,0.0068,0.0000,200,13.9037
0.0064,0.0000,0.0000,0.0000,0.0063,0.0000,200,13.9045
0.0068,0.0000,0.0000,0.0000,0.0067,0.0001,200,13.9053
0.0069,0.0000,0.0000,0.0000,0.0068,0.0001,200,13.9106
0.0067,0.0000,0.0000,0.0000,0.0066,0.0000,200,13.9109
0.0072,0.0000,0.0000,0.0000,0.0071,0.0000,200,13.9104
0.0066,0.0000,0.0000,0.0000,0.0065,0.0000,200,13.9121
0.0069,0.0000,0.0000,0.0000,0.0068,0.0001,200,13.9175
0.0069,0.0000,0.0000,0.0000,0.0068,0.0000,200,13.9175
0.0069,0.0000,0.0000,0.0000,0.0067,0.0001,200,13.9176
0.0086,0.0000,0.0000,0.0000,0.0085,0.0001,200,13.9187
0.0068,0.0000,0.0000,0.0000,0.0067,0.0001,200,13.9244
0.0068,0.0000,0.0000,0.0000,0.0067,0.0000,200,13.9245
0.0074,0.0000,0.0000,0.0000,0.0074,0.0000,200,13.9245
0.0068,0.0000,0.0000,0.0000,0.0064,0.0004,200,13.9273
0.0067,0.0000,0.0000,0.0000,0.0066,0.0001,200,13.9313
0.0067,0.0000,0.0000,0.0000,0.0067,0.0000,200,13.9313
0.0064,0.0000,0.0000,0.0000,0.0064,0.0000,200,13.9319
0.0068,0.0000,0.0000,0.0000,0.0067,0.0000,200,13.9341
0.0065,0.0000,0.0000,0.0000,0.0063,0.0001,200,13.9380
0.0071,0.0000,0.0000,0.0000,0.0070,0.0000,200,13.9383
0.0076,0.0000,0.0000,0.0000,0.0075,0.0000,200,13.9380
0.0081,0.0000,0.0000,0.0000,0.0080,0.0001,200,13.9409
0.0076,0.0000,0.0000,0.0000,0.0075,0.0001,200,13.9445
0.0067,0.0000,0.0000,0.0000,0.0066,0.0000,200,13.9456
0.0077,0.0000,0.0000,0.0000,0.0076,0.0000,200,13.9454
0.0065,0.0000,0.0000,0.0000,0.0065,0.0000,200,13.9491
0.0063,0.0000,0.0000,0.0000,0.0062,0.0001,200,13.9523
0.0065,0.0000,0.0000,0.0000,0.0064,0.0000,200,13.9521
0.0071,0.0000,0.0000,0.0000,0.0070,0.0001,200,13.9531
0.0065,0.0000,0.0000,0.0000,0.0064,0.0000,200,13.9556
0.0075,0.0000,0.0000,0.0000,0.0074,0.0000,200,13.9586
0.0076,0.0000,0.0000,0.0000,0.0073,0.0003,200,13.9586
0.0071,0.0000,0.0000,0.0000,0.0070,0.0001,200,13.9602
0.0062,0.0000,0.0000,0.0000,0.0061,0.0000,200,13.9621
0.0069,0.0000,0.0000,0.0000,0.0068,0.0001,200,13.9660
0.0068,0.0000,0.0000,0.0000,0.0068,0.0000,200,13.9662
0.0069,0.0000,0.0000,0.0000,0.0068,0.0000,200,13.9673
0.0063,0.0000,0.0000,0.0000,0.0062,0.0000,200,13.9683
0.0080,0.0000,0.0000,0.0000,0.0079,0.0001,200,13.9730
0.0081,0.0000,0.0000,0.0000,0.0079,0.0001,200,13.9730
0.0068,0.0000,0.0000,0.0000,0.0067,0.0000,200,13.9742
0.0065,0.0000,0.0000,0.0000,0.0064,0.0001,200,13.9746
0.0068,0.0000,0.0000,0.0000,0.0067,0.0001,200,13.9810
0.0068,0.0000,0.0000,0.0000,0.0067,0.0001,200,13.9810
0.0068,0.0000,0.0000,0.0000,0.0068,0.0000,200,13.9810
0.0068,0.0000,0.0000,0.0000,0.0067,0.0001,200,13.9811
0.0065,0.0000,0.0000,0.0000,0.0064,0.0001,200,13.9878
0.0066,0.0000,0.0000,0.0000,0.0064,0.0001,200,13.9879
0.0066,0.0000,0.0000,0.0000,0.0065,0.0000,200,13.9878
0.0068,0.0000,0.0000,0.0000,0.0067,0.0000,200,13.9879
0.0069,0.0000,0.0000,0.0000,0.0068,0.0001,200,13.9944
0.0071,0.0000,0.0000,0.0000,0.0070,0.0000,200,13.9944
0.0072,0.0000,0.0000,0.0000,0.0070,0.0000,200,13.9944
0.0070,0.0000,0.0000,0.0000,0.0070,0.0000,200,13.9946
0.0066,0.0000,0.0000,0.0000,0.0065,0.0001,200,14.0016
0.0069,0.0000,0.0000,0.0000,0.0068,0.0000,200,14.0014
0.0066,0.0000,0.0000,0.0000,0.0066,0.0000,200,14.0016
0.0069,0.0000,0.0000,0.0000,0.0068,0.0001,200,14.0015
0.0068,0.0000,0.0000,0.0000,0.0067,0.0001,200,14.0082
0.0068,0.0000,0.0000,0.0000,0.0067,0.0001,200,14.0083
0.0069,0.0000,0.0000,0.0000,0.0068,0.0000,200,14.0082
0.0067,0.0000,0.0000,0.0000,0.0066,0.0000,200,14.0084
0.0067,0.0000,0.0000,0.0000,0.0066,0.0001,200,14.0151
0.0068,0.0000,0.0000,0.0000,0.0067,0.0000,200,14.0151
0.0068,0.0000,0.0000,0.0000,0.0067,0.0000,200,14.0151
0.0068,0.0000,0.0000,0.0000,0.0067,0.0000,200,14.0151
0.0069,0.0000,0.0000,0.0000,0.0068,0.0001,200,14.0218
0.0069,0.0000,0.0000,0.0000,0.0068,0.0000,200,14.0219
0.0072,0.0000,0.0000,0.0000,0.0071,0.0000,200,14.0219
0.0082,0.0000,0.0000,0.0000,0.0081,0.0001,200,14.0219
0.0070,0.0000,0.0000,0.0000,0.0069,0.0001,200,14.0287
0.0070,0.0000,0.0000,0.0000,0.0069,0.0000,200,14.0287
0.0068,0.0000,0.0000,0.0000,0.0067,0.0000,200,14.0301
0.0079,0.0000,0.0000,0.0000,0.0079,0.0000,200,14.0291
0.0071,0.0000,0.0000,0.0000,0.0070,0.0001,200,14.0357
0.0069,0.0000,0.0000,0.0000,0.0068,0.0001,200,14.0370
0.0081,0.0000,0.0000,0.0011,0.0070,0.0000,200,14.0358
0.0071,0.0000,0.0000,0.0000,0.0071,0.0000,200,14.0369
0.0074,0.0000,0.0000,0.0000,0.0073,0.0001,200,14.0428
0.0067,0.0000,0.0000,0.0000,0.0066,0.0001,200,14.0439
0.0069,0.0000,0.0000,0.0000,0.0068,0.0000,200,14.0439
0.0069,0.0000,0.0000,0.0000,0.0068,0.0000,200,14.0440
0.0069,0.0000,0.0000,0.0000,0.0067,0.0001,200,14.0502
0.0065,0.0000,0.0000,0.0000,0.0065,0.0000,200,14.0506
0.0066,0.0000,0.0000,0.0000,0.0065,0.0000,200,14.0508
0.0066,0.0000,0.0000,0.0000,0.0064,0.0001,200,14.0509
0.0072,0.0000,0.0000,0.0000,0.0070,0.0000,200,14.0571
0.0069,0.0000,0.0000,0.0000,0.0068,0.0001,200,14.0574
0.0071,0.0000,0.0000,0.0000,0.0070,0.0001,200,14.0572
0.0077,0.0000,0.0000,0.0000,0.0076,0.0000,200,14.0574
0.0067,0.0000,0.0000,0.0000,0.0066,0.0000,200,14.0643
0.0067,0.0000,0.0000,0.0000,0.0066,0.0000,200,14.0643
0.0067,0.0000,0.0000,0.0000,0.0066,0.0001,200,14.0643
0.0076,0.0000,0.0000,0.0000,0.0075,0.0000,200,14.0652
0.0065,0.0000,0.0000,0.0000,0.0064,0.0001,200,14.0710
0.0080,0.0000,0.0000,0.0000,0.0079,0.0001,200,14.0727
0.0097,0.0000,0.0000,0.0000,0.0096,0.0001,200,14.0710
0.0097,0.0000,0.0000,0.0000,0.0096,0.0001,200,14.0710
0.0092,0.0000,0.0000,0.0000,0.0091,0.0000,200,14.0776
0.0068,0.0000,0.0000,0.0000,0.0067,0.0000,200,14.0808
0.0068,0.0000,0.0000,0.0000,0.0067,0.0000,200,14.0808
0.0084,0.0000,0.0000,0.0000,0.0083,0.0001,200,14.0808
0.0066,0.0000,0.0000,0.0000,0.0065,0.0001,200,14.0867
0.0064,0.0000,0.0000,0.0000,0.0063,0.0001,200,14.0875
0.0064,0.0000,0.0000,0.0000,0.0063,0.0000,200,14.0876
0.0064,0.0000,0.0000,0.0000,0.0063,0.0000,200,14.0892
0.0065,0.0000,0.0000,0.0000,0.0064,0.0001,200,14.0933
0.0064,0.0000,0.0000,0.0000,0.0063,0.0000,200,14.0939
0.0064,0.0000,0.0000,0.0000,0.0063,0.0000,200,14.0940
0.0063,0.0000,0.0000,0.0000,0.0062,0.0000,200,14.0956
0.0067,0.0000,0.0000,0.0000,0.0066,0.0000,200,14.0998
0.0063,0.0000,0.0000,0.0000,0.0063,0.0000,200,14.1003
0.0064,0.0000,0.0000,0.0000,0.0063,0.0000,200,14.1004
0.0062,0.0000,0.0000,0.0000,0.0061,0.0000,200,14.1019
0.0071,0.0000,0.0000,0.0000,0.0070,0.0001,200,14.1068
0.0073,0.0000,0.0000,0.0000,0.0072,0.0001,200,14.1066
0.0073,0.0000,0.0000,0.0000,0.0072,0.0001,200,14.1066
0.0066,0.0000,0.0000,0.0000,0.0066,0.0000,200,14.1081
0.0068,0.0000,0.0000,0.0000,0.0067,0.0000,200,14.1139
0.0068,0.0000,0.0000,0.0000,0.0067,0.0001,200,14.1139
0.0068,0.0000,0.0000,0.0000,0.0067,0.0001,200,14.1139
0.0064,0.0000,0.0000,0.0000,0.0063,0.0000,200,14.1147
0.0067,0.0000,0.0000,0.0000,0.0065,0.0001,200,14.1207
0.0064,0.0000,0.0000,0.0000,0.0063,0.0000,200,14.1211
0.0068,0.0000,0.0000,0.0000,0.0067,0.0000,200,14.1207
0.0068,0.0000,0.0000,0.0000,0.0067,0.0000,200,14.1207
0.0069,0.0000,0.0000,0.0000,0.0068,0.0001,200,14.1274
0.0071,0.0000,0.0000,0.0000,0.0070,0.0000,200,14.1275
0.0071,0.0000,0.0000,0.0000,0.0071,0.0000,200,14.1275
0.0071,0.0000,0.0000,0.0000,0.0070,0.0001,200,14.1275
0.0070,0.0000,0.0000,0.0000,0.0069,0.0001,200,14.1343
0.0067,0.0000,0.0000,0.0000,0.0067,0.0000,200,14.1346
0.0067,0.0000,0.0000,0.0000,0.0067,0.0000,200,14.1347
0.0083,0.0000,0.0000,0.0000,0.0082,0.0001,200,14.1347
0.0066,0.0000,0.0000,0.0000,0.0065,0.0001,200,14.1413
0.0067,0.0000,0.0000,0.0000,0.0067,0.0000,200,14.1414
0.0069,0.0000,0.0000,0.0000,0.0068,0.0000,200,14.1413
0.0070,0.0000,0.0000,0.0000,0.0068,0.0001,200,14.1429
0.0067,0.0000,0.0000,0.0000,0.0066,0.0001,200,14.1479
0.0065,0.0000,0.0000,0.0000,0.0064,0.0001,200,14.1481
0.0068,0.0000,0.0000,0.0000,0.0067,0.0001,200,14.1499
0.0085,0.0000,0.0000,0.0000,0.0084,0.0000,200,14.1482
0.0067,0.0000,0.0000,0.0000,0.0065,0.0001,200,14.1547
0.0067,0.0000,0.0000,0.0000,0.0067,0.0000,200,14.1546
0.0068,0.0000,0.0000,0.0000,0.0067,0.0000,200,14.1567
0.0069,0.0000,0.0000,0.0000,0.0068,0.0000,200,14.1567
0.0066,0.0000,0.0000,0.0000,0.0065,0.0001,200,14.1614
0.0067,0.0000,0.0000,0.0000,0.0067,0.0000,200,14.1613
0.0065,0.0000,0.0000,0.0000,0.0064,0.0001,200,14.1636
0.0070,0.0000,0.0000,0.0000,0.0070,0.0000,200,14.1635
0.0066,0.0000,0.0000,0.0000,0.0065,0.0001,200,14.1680
0.0066,0.0000,0.0000,0.0000,0.0065,0.0000,200,14.1681
0.0064,0.0000,0.0000,0.0000,0.0063,0.0000,200,14.1701
0.0063,0.0000,0.0000,0.0000,0.0062,0.0000,200,14.1705
0.0067,0.0000,0.0000,0.0000,0.0065,0.0001,200,14.1746
0.0068,0.0000,0.0000,0.0000,0.0067,0.0000,200,14.1746
0.0074,0.0000,0.0000,0.0000,0.0073,0.0001,200,14.1764
0.0072,0.0000,0.0000,0.0000,0.0072,0.0000,200,14.1768
0.0067,0.0000,0.0000,0.0000,0.0066,0.0001,200,14.1814
0.0069,0.0000,0.0000,0.0000,0.0067,0.0001,200,14.1813
0.0064,0.0000,0.0000,0.0000,0.0063,0.0000,200,14.1839
0.0068,0.0000,0.0000,0.0000,0.0066,0.0001,200,14.1840
0.0068,0.0000,0.0000,0.0000,0.0067,0.0001,200,14.1881
0.0068,0.0000,0.0000,0.0000,0.0067,0.0000,200,14.1882
0.0066,0.0000,0.0000,0.0000,0.0065,0.0001,200,14.1902
0.0069,0.0000,0.0000,0.0000,0.0066,0.0000,200,14.1908
0.0065,0.0000,0.0000,0.0000,0.0064,0.0001,200,14.1949
0.0066,0.0000,0.0000,0.0000,0.0065,0.0000,200,14.1950
0.0071,0.0000,0.0000,0.0000,0.0070,0.0001,200,14.1968
0.0070,0.0000,0.0000,0.0000,0.0069,0.0001,200,14.1976
0.0065,0.0000,0.0000,0.0000,0.0064,0.0001,200,14.2014
0.0065,0.0000,0.0000,0.0000,0.0064,0.0000,200,14.2015
0.0070,0.0000,0.0000,0.0000,0.0069,0.0001,200,14.2039
0.0069,0.0000,0.0000,0.0000,0.0068,0.0000,200,14.2047
0.0069,0.0000,0.0000,0.0000,0.0068,0.0001,200,14.2080
0.0071,0.0000,0.0000,0.0000,0.0070,0.0000,200,14.2079
0.0069,0.0000,0.0000,0.0000,0.0068,0.0001,200,14.2110
0.0063,0.0000,0.0000,0.0000,0.0062,0.0001,200,14.2116
0.0069,0.0000,0.0000,0.0000,0.0068,0.0001,200,14.2150
0.0084,0.0000,0.0000,0.0000,0.0083,0.0001,200,14.2149
0.0073,0.0000,0.0000,0.0000,0.0072,0.0000,200,14.2179
0.0076,0.0000,0.0000,0.0000,0.0075,0.0000,200,14.2179
0.0063,0.0000,0.0000,0.0000,0.0062,0.0000,200,14.2218
0.0064,0.0000,0.0000,0.0000,0.0063,0.0001,200,14.2233
0.0069,0.0000,0.0000,0.0000,0.0068,0.0001,200,14.2252
0.0078,0.0000,0.0000,0.0000,0.0077,0.0001,200,14.2255
0.0078,0.0000,0.0000,0.0000,0.0077,0.0001,200,14.2281
0.0068,0.0000,0.0000,0.0000,0.0067,0.0000,200,14.2297
0.0067,0.0000,0.0000,0.0000,0.0066,0.0001,200,14.2321
0.0069,0.0000,0.0000,0.0000,0.0068,0.0000,200,14.2332
0.0064,0.0000,0.0000,0.0000,0.0063,0.0000,200,14.2359
0.0062,0.0000,0.0000,0.0000,0.0061,0.0000,200,14.2365
0.0064,0.0000,0.0000,0.0000,0.0064,0.0000,200,14.2388
0.0061,0.0000,0.0000,0.0000,0.0060,0.0000,200,14.2401
0.0068,0.0000,0.0000,0.0000,0.0067,0.0000,200,14.2423
0.0082,0.0000,0.0000,0.0000,0.0081,0.0001,200,14.2427
0.0072,0.0000,0.0000,0.0000,0.0071,0.0000,200,14.2452
0.0068,0.0000,0.0000,0.0000,0.0061,0.0006,200,14.2462
0.0064,0.0000,0.0000,0.0000,0.0064,0.0000,200,14.2491
0.0072,0.0000,0.0000,0.0000,0.0070,0.0001,200,14.2510
0.0066,0.0000,0.0000,0.0000,0.0065,0.0001,200,14.2530
0.0078,0.0000,0.0000,0.0000,0.0077,0.0000,200,14.2524
0.0063,0.0000,0.0000,0.0000,0.0062,0.0000,200,14.2556
0.0064,0.0000,0.0000,0.0000,0.0063,0.0001,200,14.2581
0.0070,0.0000,0.0000,0.0000,0.0068,0.0000,200,14.2597
0.0068,0.0000,0.0000,0.0000,0.0063,0.0005,200,14.2602
0.0074,0.0000,0.0000,0.0000,0.0073,0.0001,200,14.2619
0.0065,0.0000,0.0000,0.0000,0.0064,0.0001,200,14.2645
0.0068,0.0000,0.0000,0.0000,0.0067,0.0002,200,14.2671
0.0078,0.0000,0.0000,0.0000,0.0077,0.0000,200,14.2666
0.0068,0.0000,0.0000,0.0000,0.0068,0.0000,200,14.2693
0.0065,0.0000,0.0000,0.0000,0.0064,0.0000,200,14.2711
0.0065,0.0000,0.0000,0.0000,0.0064,0.0001,200,14.2739
0.0063,0.0000,0.0000,0.0000,0.0063,0.0001,200,14.2744
0.0063,0.0000,0.0000,0.0000,0.0062,0.0000,200,14.2761
0.0066,0.0000,0.0000,0.0000,0.0065,0.0001,200,14.2776
0.0078,0.0000,0.0000,0.0000,0.0077,0.0001,200,14.2804
0.0076,0.0000,0.0000,0.0000,0.0076,0.0000,200,14.2807
0.0068,0.0000,0.0000,0.0000,0.0067,0.0000,200,14.2824
0.0091,0.0000,0.0000,0.0000,0.0090,0.0001,200,14.2842
0.0068,0.0000,0.0000,0.0000,0.0067,0.0001,200,14.2884
0.0078,0.0000,0.0000,0.0000,0.0078,0.0000,200,14.2882
0.0073,0.0000,0.0000,0.0000,0.0072,0.0000,200,14.2892
0.0071,0.0000,0.0000,0.0000,0.0069,0.0001,200,14.2933
0.0067,0.0000,0.0000,0.0000,0.0066,0.0001,200,14.2951
0.0066,0.0000,0.0000,0.0000,0.0065,0.0001,200,14.2961
0.0076,0.0000,0.0000,0.0000,0.0074,0.0001,200,14.2965
0.0069,0.0000,0.0000,0.0000,0.0068,0.0001,200,14.3003
0.0066,0.0000,0.0000,0.0000,0.0065,0.0001,200,14.3019
0.0065,0.0000,0.0000,0.0000,0.0065,0.0000,200,14.3027
0.0066,0.0000,0.0000,0.0000,0.0065,0.0000,200,14.3041
0.0069,0.0000,0.0000,0.0000,0.0066,0.0002,200,14.3073
0.0064,0.0000,0.0000,0.0000,0.0063,0.0001,200,14.3085
0.0069,0.0000,0.0000,0.0000,0.0069,0.0000,200,14.3092
0.0065,0.0000,0.0000,0.0000,0.0064,0.0000,200,14.3107
0.0068,0.0000,0.0000,0.0000,0.0067,0.0001,200,14.3142
0.0074,0.0000,0.0000,0.0000,0.0070,0.0001,200,14.3149
0.0063,0.0000,0.0000,0.0000,0.0062,0.0000,200,14.3162
0.0064,0.0000,0.0000,0.0000,0.0063,0.0000,200,14.3172
0.0063,0.0000,0.0000,0.0000,0.0062,0.0001,200,14.3210
0.0062,0.0000,0.0000,0.0000,0.0061,0.0000,200,14.3225
0.0066,0.0000,0.0000,0.0000,0.0065,0.0000,200,14.3223
0.0063,0.0000,0.0000,0.0000,0.0062,0.0000,200,14.3235
0.0065,0.0000,0.0000,0.0000,0.0064,0.0000,200,14.3273
0.0065,0.0000,0.0000,0.0000,0.0064,0.0001,200,14.3286
0.0065,0.0000,0.0000,0.0000,0.0065,0.0000,200,14.3298
0.0079,0.0000,0.0000,0.0000,0.0078,0.0000,200,14.3288
0.0070,0.0000,0.0000,0.0000,0.0069,0.0001,200,14.3338
0.0064,0.0000,0.0000,0.0000,0.0062,0.0000,200,14.3351
0.0077,0.0000,0.0000,0.0000,0.0076,0.0001,200,14.3367
0.0080,0.0000,0.0000,0.0000,0.0080,0.0000,200,14.3363
0.0065,0.0000,0.0000,0.0000,0.0064,0.0000,200,14.3408
0.0063,0.0000,0.0000,0.0000,0.0063,0.0000,200,14.3415
0.0064,0.0000,0.0000,0.0000,0.0063,0.0000,200,14.3444
0.0065,0.0000,0.0000,0.0000,0.0064,0.0000,200,14.3444
0.0064,0.0000,0.0000,0.0000,0.0063,0.0001,200,14.3473
0.0060,0.0000,0.0000,0.0000,0.0060,0.0000,200,14.3479
0.0065,0.0000,0.0000,0.0000,0.0065,0.0000,200,14.3507
0.0064,0.0000,0.0000,0.0000,0.0063,0.0000,200,14.3509
0.0065,0.0000,0.0000,0.0000,0.0064,0.0001,200,14.3537
0.0065,0.0000,0.0000,0.0000,0.0065,0.0000,200,14.3539
0.0064,0.0000,0.0000,0.0000,0.0062,0.0001,200,14.3573
0.0064,0.0000,0.0000,0.0000,0.0063,0.0000,200,14.3573
0.0065,0.0000,0.0000,0.0000,0.0064,0.0000,200,14.3604
0.0070,0.0000,0.0000,0.0000,0.0069,0.0000,200,14.3602
0.0065,0.0000,0.0000,0.0000,0.0064,0.0001,200,14.3636
0.0065,0.0000,0.0000,0.0000,0.0064,0.0000,200,14.3637
0.0062,0.0000,0.0000,0.0000,0.0061,0.0001,200,14.3669
0.0061,0.0000,0.0000,0.0000,0.0060,0.0000,200,14.3672
0.0065,0.0000,0.0000,0.0000,0.0065,0.0000,200,14.3701
0.0065,0.0000,0.0000,0.0000,0.0064,0.0000,200,14.3702
0.0064,0.0000,0.0000,0.0000,0.0063,0.0001,200,14.3731
0.0066,0.0000,0.0000,0.0000,0.0064,0.0001,200,14.3733
0.0066,0.0000,0.0000,0.0000,0.0065,0.0001,200,14.3767
0.0068,0.0000,0.0000,0.0000,0.0067,0.0000,200,14.3767
0.0065,0.0000,0.0000,0.0000,0.0063,0.0001,200,14.3798
0.0069,0.0000,0.0000,0.0000,0.0069,0.0000,200,14.3796
0.0065,0.0000,0.0000,0.0000,0.0064,0.0001,200,14.3835
0.0068,0.0000,0.0000,0.0000,0.0068,0.0000,200,14.3832
0.0064,0.0000,0.0000,0.0000,0.0063,0.0001,200,14.3865
0.0069,0.0000,0.0000,0.0000,0.0068,0.0000,200,14.3863
0.0079,0.0000,0.0000,0.0000,0.0078,0.0001,200,14.3901
0.0080,0.0000,0.0000,0.0000,0.0078,0.0001,200,14.3900
0.0070,0.0000,0.0000,0.0000,0.0069,0.0001,200,14.3932
0.0074,0.0000,0.0000,0.0000,0.0073,0.0000,200,14.3929
0.0069,0.0000,0.0000,0.0000,0.0068,0.0001,200,14.3979
0.0069,0.0000,0.0000,0.0000,0.0068,0.0001,200,14.3979
0.0067,0.0000,0.0000,0.0000,0.0066,0.0000,200,14.4001
0.0067,0.0000,0.0000,0.0000,0.0066,0.0000,200,14.4002
0.0068,0.0000,0.0000,0.0000,0.0067,0.0001,200,14.4048
0.0068,0.0000,0.0000,0.0000,0.0067,0.0001,200,14.4048
0.0068,0.0000,0.0000,0.0000,0.0067,0.0001,200,14.4069
0.0070,0.0000,0.0000,0.0000,0.0070,0.0000,200,14.4069
0.0080,0.0000,0.0000,0.0000,0.0078,0.0001,200,14.4117
0.0081,0.0000,0.0000,0.0000,0.0080,0.0000,200,14.4117
0.0065,0.0000,0.0000,0.0000,0.0064,0.0000,200,14.4137
0.0064,0.0000,0.0000,0.0000,0.0064,0.0000,200,14.4139
0.0065,0.0000,0.0000,0.0000,0.0063,0.0001,200,14.4196
0.0064,0.0000,0.0000,0.0000,0.0063,0.0000,200,14.4198
0.0063,0.0000,0.0000,0.0000,0.0062,0.0000,200,14.4202
0.0076,0.0000,0.0000,0.0000,0.0075,0.0000,200,14.4203
0.0068,0.0000,0.0000,0.0000,0.0067,0.0001,200,14.4261
0.0067,0.0000,0.0000,0.0000,0.0066,0.0000,200,14.4264
0.0071,0.0000,0.0000,0.0000,0.0070,0.0000,200,14.4261
0.0089,0.0000,0.0000,0.0000,0.0080,0.0009,200,14.4279
0.0066,0.0000,0.0000,0.0000,0.0065,0.0001,200,14.4331
0.0068,0.0000,0.0000,0.0000,0.0067,0.0000,200,14.4329
0.0065,0.0000,0.0000,0.0000,0.0065,0.0000,200,14.4332
0.0071,0.0000,0.0000,0.0000,0.0070,0.0001,200,14.4368
0.0064,0.0000,0.0000,0.0000,0.0063,0.0001,200,14.4397
0.0066,0.0000,0.0000,0.0000,0.0065,0.0001,200,14.4397
0.0066,0.0000,0.0000,0.0000,0.0065,0.0000,200,14.4397
0.0067,0.0000,0.0000,0.0000,0.0066,0.0001,200,14.4440
0.0067,0.0000,0.0000,0.0000,0.0066,0.0001,200,14.4462
0.0065,0.0000,0.0000,0.0000,0.0064,0.0000,200,14.4463
0.0090,0.0000,0.0000,0.0000,0.0089,0.0000,200,14.4463
0.0063,0.0000,0.0000,0.0000,0.0062,0.0000,200,14.4507
0.0064,0.0000,0.0000,0.0000,0.0063,0.0001,200,14.4528
0.0066,0.0000,0.0000,0.0000,0.0065,0.0001,200,14.4529
0.0065,0.0000,0.0000,0.0000,0.0064,0.0001,200,14.4553
0.0064,0.0000,0.0000,0.0000,0.0062,0.0001,200,14.4569
0.0065,0.0000,0.0000,0.0000,0.0064,0.0001,200,14.4593
0.0065,0.0000,0.0000,0.0000,0.0065,0.0000,200,14.4595
0.0082,0.0000,0.0000,0.0000,0.0081,0.0001,200,14.4618
0.0067,0.0000,0.0000,0.0000,0.0066,0.0000,200,14.4634
0.0068,0.0000,0.0000,0.0000,0.0067,0.0001,200,14.4660
0.0070,0.0000,0.0000,0.0000,0.0070,0.0000,200,14.4658
0.0065,0.0000,0.0000,0.0000,0.0064,0.0000,200,14.4701
0.0066,0.0000,0.0000,0.0000,0.0065,0.0000,200,14.4700
0.0066,0.0000,0.0000,0.0000,0.0065,0.0001,200,14.4728
0.0066,0.0000,0.0000,0.0000,0.0066,0.0000,200,14.4729
0.0065,0.0000,0.0000,0.0000,0.0065,0.0000,200,14.4766
0.0066,0.0000,0.0000,0.0000,0.0065,0.0001,200,14.4766
0.0064,0.0000,0.0000,0.0000,0.0063,0.0000,200,14.4794
0.0063,0.0000,0.0000,0.0000,0.0062,0.0001,200,14.4795
0.0065,0.0000,0.0000,0.0000,0.0064,0.0001,200,14.4831
0.0067,0.0000,0.0000,0.0000,0.0066,0.0000,200,14.4831
0.0063,0.0000,0.0000,0.0000,0.0063,0.0000,200,14.4858
0.0064,0.0000,0.0000,0.0000,0.0063,0.0000,200,14.4858
0.0077,0.0000,0.0000,0.0000,0.0064,0.0012,200,14.4898
0.0075,0.0000,0.0000,0.0000,0.0074,0.0000,200,14.4922
0.0075,0.0000,0.0000,0.0000,0.0074,0.0001,200,14.4922
0.0101,0.0000,0.0000,0.0000,0.0101,0.0000,200,14.4896
0.0077,0.0000,0.0000,0.0000,0.0076,0.0001,200,14.4975
0.0072,0.0000,0.0000,0.0000,0.0071,0.0000,200,14.4997
0.0071,0.0000,0.0000,0.0000,0.0070,0.0000,200,14.4998
0.0084,0.0000,0.0000,0.0000,0.0083,0.0001,200,14.4997
0.0078,0.0000,0.0000,0.0000,0.0076,0.0001,200,14.5052
0.0067,0.0000,0.0000,0.0000,0.0065,0.0001,200,14.5069
0.0069,0.0000,0.0000,0.0000,0.0069,0.0000,200,14.5069
0.0090,0.0000,0.0000,0.0000,0.0089,0.0001,200,14.5081
0.0066,0.0000,0.0000,0.0000,0.0065,0.0001,200,14.5130
0.0062,0.0000,0.0000,0.0000,0.0062,0.0000,200,14.5138
0.0066,0.0000,0.0000,0.0000,0.0065,0.0000,200,14.5136
0.0066,0.0000,0.0000,0.0000,0.0065,0.0001,200,14.5171
0.0064,0.0000,0.0000,0.0000,0.0064,0.0000,200,14.5196
0.0062,0.0000,0.0000,0.0000,0.0061,0.0000,200,14.5201
0.0062,0.0000,0.0000,0.0000,0.0062,0.0000,200,14.5201
0.0067,0.0000,0.0000,0.0000,0.0066,0.0001,200,14.5237
0.0069,0.0000,0.0000,0.0000,0.0068,0.0001,200,14.5260
0.0067,0.0000,0.0000,0.0000,0.0066,0.0000,200,14.5263
0.0067,0.0000,0.0000,0.0000,0.0067,0.0000,200,14.5263
0.0069,0.0000,0.0000,0.0000,0.0068,0.0001,200,14.5304
0.0067,0.0000,0.0000,0.0000,0.0066,0.0001,200,14.5329
0.0066,0.0000,0.0000,0.0000,0.0065,0.0001,200,14.5330
0.0071,0.0000,0.0000,0.0000,0.0070,0.0000,200,14.5330
0.0067,0.0000,0.0000,0.0000,0.0066,0.0001,200,14.5373
0.0065,0.0000,0.0000,0.0000,0.0063,0.0001,200,14.5396
0.0065,0.0000,0.0000,0.0000,0.0065,0.0000,200,14.5397
0.0063,0.0000,0.0000,0.0000,0.0063,0.0000,200,14.5400
0.0070,0.0000,0.0000,0.0000,0.0069,0.0001,200,14.5440
0.0064,0.0000,0.0000,0.0000,0.0063,0.0000,200,14.5461
0.0065,0.0000,0.0000,0.0000,0.0064,0.0000,200,14.5462
0.0076,0.0000,0.0000,0.0000,0.0075,0.0001,200,14.5463
0.0068,0.0000,0.0000,0.0000,0.0066,0.0001,200,14.5511
0.0065,0.0000,0.0000,0.0000,0.0064,0.0000,200,14.5525
0.0064,0.0000,0.0000,0.0000,0.0063,0.0001,200,14.5527
0.0064,0.0000,0.0000,0.0000,0.0063,0.0001,200,14.5539
0.0067,0.0000,0.0000,0.0000,0.0066,0.0000,200,14.5578
0.0062,0.0000,0.0000,0.0000,0.0061,0.0000,200,14.5590
0.0072,0.0000,0.0000,0.0000,0.0070,0.0001,200,14.5591
0.0068,0.0000,0.0000,0.0000,0.0063,0.0005,200,14.5603
0.0072,0.0000,0.0000,0.0000,0.0071,0.0001,200,14.5652
0.0079,0.0000,0.0000,0.0000,0.0078,0.0000,200,14.5645
0.0082,0.0000,0.0000,0.0001,0.0080,0.0001,200,14.5663
0.0074,0.0000,0.0000,0.0000,0.0073,0.0000,200,14.5671
0.0070,0.0000,0.0000,0.0000,0.0069,0.0001,200,14.5724
0.0074,0.0000,0.0000,0.0000,0.0074,0.0000,200,14.5724
0.0065,0.0000,0.0000,0.0000,0.0064,0.0000,200,14.5745
0.0067,0.0000,0.0000,0.0000,0.0066,0.0001,200,14.5745
0.0069,0.0000,0.0000,0.0000,0.0067,0.0001,200,14.5794
0.0068,0.0000,0.0000,0.0000,0.0067,0.0000,200,14.5799
0.0065,0.0000,0.0000,0.0000,0.0064,0.0001,200,14.5813
0.0068,0.0000,0.0000,0.0000,0.0063,0.0004,200,14.5810
0.0066,0.0000,0.0000,0.0000,0.0065,0.0001,200,14.5862
0.0068,0.0000,0.0000,0.0000,0.0067,0.0000,200,14.5867
0.0062,0.0000,0.0000,0.0000,0.0061,0.0000,200,14.5878
0.0075,0.0000,0.0000,0.0000,0.0074,0.0000,200,14.5878
0.0079,0.0000,0.0000,0.0000,0.0078,0.0001,200,14.5929
0.0074,0.0000,0.0000,0.0000,0.0074,0.0000,200,14.5935
0.0092,0.0000,0.0000,0.0000,0.0091,0.0001,200,14.5940
0.0081,0.0000,0.0000,0.0000,0.0080,0.0000,200,14.5953
0.0075,0.0000,0.0000,0.0000,0.0074,0.0000,200,14.6008
0.0075,0.0000,0.0000,0.0000,0.0074,0.0000,200,14.6009
0.0065,0.0000,0.0000,0.0000,0.0064,0.0000,200,14.6032
0.0063,0.0000,0.0000,0.0000,0.0063,0.0000,200,14.6034
0.0063,0.0000,0.0000,0.0000,0.0062,0.0001,200,14.6083
0.0064,0.0000,0.0000,0.0000,0.0063,0.0000,200,14.6083
0.0062,0.0000,0.0000,0.0000,0.0061,0.0001,200,14.6097
0.0063,0.0000,0.0000,0.0000,0.0063,0.0000,200,14.6097
0.0063,0.0000,0.0000,0.0000,0.0062,0.0001,200,14.6146
0.0067,0.0000,0.0000,0.0000,0.0066,0.0000,200,14.6146
0.0062,0.0000,0.0000,0.0000,0.0061,0.0001,200,14.6159
0.0062,0.0000,0.0000,0.0000,0.0061,0.0000,200,14.6160
0.0067,0.0000,0.0000,0.0000,0.0066,0.0001,200,14.6209
0.0064,0.0000,0.0000,0.0000,0.0063,0.0000,200,14.6213
0.0061,0.0000,0.0000,0.0000,0.0061,0.0000,200,14.6222
0.0065,0.0000,0.0000,0.0000,0.0064,0.0000,200,14.6221
0.0065,0.0000,0.0000,0.0000,0.0065,0.0000,200,14.6284
0.0064,0.0000,0.0000,0.0000,0.0063,0.0000,200,14.6285
0.0073,0.0000,0.0000,0.0000,0.0067,0.0006,200,14.6277
0.0074,0.0000,0.0000,0.0000,0.0073,0.0000,200,14.6276
0.0072,0.0000,0.0000,0.0000,0.0071,0.0000,200,14.6349
0.0072,0.0000,0.0000,0.0000,0.0071,0.0000,200,14.6350
0.0073,0.0000,0.0000,0.0000,0.0073,0.0000,200,14.6349
0.0074,0.0000,0.0000,0.0000,0.0072,0.0001,200,14.6350
0.0069,0.0000,0.0000,0.0000,0.0068,0.0001,200,14.6422
0.0068,0.0000,0.0000,0.0000,0.0067,0.0000,200,14.6423
0.0073,0.0000,0.0000,0.0000,0.0072,0.0000,200,14.6422
0.0085,0.0000,0.0000,0.0000,0.0084,0.0000,200,14.6422
0.0066,0.0000,0.0000,0.0000,0.0065,0.0001,200,14.6491
0.0067,0.0000,0.0000,0.0000,0.0066,0.0001,200,14.6491
0.0076,0.0000,0.0000,0.0000,0.0075,0.0001,200,14.6495
0.0074,0.0000,0.0000,0.0000,0.0073,0.0001,200,14.6507
0.0068,0.0000,0.0000,0.0000,0.0067,0.0001,200,14.6558
0.0067,0.0000,0.0000,0.0000,0.0067,0.0001,200,14.6571
0.0082,0.0000,0.0000,0.0000,0.0081,0.0000,200,14.6558
0.0065,0.0000,0.0000,0.0000,0.0064,0.0000,200,14.6581
0.0074,0.0000,0.0000,0.0000,0.0073,0.0001,200,14.6626
0.0067,0.0000,0.0000,0.0000,0.0065,0.0001,200,14.6639
0.0067,0.0000,0.0000,0.0000,0.0066,0.0000,200,14.6639
0.0064,0.0000,0.0000,0.0000,0.0064,0.0000,200,14.6646
0.0072,0.0000,0.0000,0.0000,0.0071,0.0001,200,14.6701
0.0069,0.0000,0.0000,0.0000,0.0068,0.0000,200,14.6706
0.0073,0.0000,0.0000,0.0000,0.0072,0.0000,200,14.6710
0.0077,0.0000,0.0000,0.0000,0.0076,0.0000,200,14.6706
0.0067,0.0000,0.0000,0.0000,0.0066,0.0001,200,14.6773
0.0066,0.0000,0.0000,0.0000,0.0065,0.0001,200,14.6783
0.0076,0.0000,0.0000,0.0000,0.0075,0.0000,200,14.6775
0.0068,0.0000,0.0000,0.0000,0.0067,0.0001,200,14.6783
0.0070,0.0000,0.0000,0.0000,0.0069,0.0001,200,14.6840
0.0065,0.0000,0.0000,0.0000,0.0064,0.0000,200,14.6849
0.0066,0.0000,0.0000,0.0000,0.0065,0.0001,200,14.6851
0.0078,0.0000,0.0000,0.0002,0.0075,0.0001,200,14.6850
0.0068,0.0000,0.0000,0.0000,0.0067,0.0001,200,14.6914
0.0071,0.0000,0.0000,0.0000,0.0071,0.0000,200,14.6910
0.0066,0.0000,0.0000,0.0000,0.0064,0.0001,200,14.6917
0.0066,0.0000,0.0000,0.0000,0.0065,0.0000,200,14.6928
0.0066,0.0000,0.0000,0.0000,0.0065,0.0001,200,14.6982
0.0067,0.0000,0.0000,0.0000,0.0066,0.0000,200,14.6982
0.0073,0.0000,0.0000,0.0000,0.0068,0.0004,200,14.6982
0.0065,0.0000,0.0000,0.0000,0.0064,0.0000,200,14.6994
0.0072,0.0000,0.0000,0.0000,0.0071,0.0001,200,14.7047
0.0065,0.0000,0.0000,0.0000,0.0065,0.0000,200,14.7059
0.0076,0.0000,0.0000,0.0000,0.0075,0.0000,200,14.7049
0.0071,0.0000,0.0000,0.0000,0.0065,0.0003,200,14.7055
0.0069,0.0000,0.0000,0.0000,0.0067,0.0001,200,14.7120
0.0065,0.0000,0.0000,0.0000,0.0064,0.0000,200,14.7125
0.0071,0.0000,0.0000,0.0002,0.0069,0.0000,200,14.7126
0.0073,0.0000,0.0000,0.0000,0.0072,0.0001,200,14.7125
0.0068,0.0000,0.0000,0.0000,0.0066,0.0001,200,14.7189
0.0072,0.0000,0.0000,0.0000,0.0071,0.0000,200,14.7190
0.0068,0.0000,0.0000,0.0000,0.0067,0.0000,200,14.7197
0.0073,0.0000,0.0000,0.0000,0.0073,0.0000,200,14.7198
0.0071,0.0000,0.0000,0.0000,0.0070,0.0001,200,14.7256
0.0069,0.0000,0.0000,0.0000,0.0069,0.0000,200,14.7265
0.0066,0.0000,0.0000,0.0000,0.0065,0.0000,200,14.7272
0.0083,0.0000,0.0000,0.0000,0.0082,0.0000,200,14.7262
0.0073,0.0000,0.0000,0.0000,0.0072,0.0001,200,14.7327
0.0068,0.0000,0.0000,0.0000,0.0067,0.0001,200,14.7338
0.0062,0.0000,0.0000,0.0000,0.0062,0.0000,200,14.7345
0.0073,0.0000,0.0000,0.0000,0.0072,0.0001,200,14.7334
0.0079,0.0000,0.0000,0.0000,0.0077,0.0001,200,14.7400
0.0074,0.0000,0.0000,0.0000,0.0074,0.0000,200,14.7406
0.0075,0.0000,0.0000,0.0000,0.0074,0.0001,200,14.7407
0.0078,0.0000,0.0000,0.0000,0.0078,0.0000,200,14.7407
0.0073,0.0000,0.0000,0.0000,0.0071,0.0001,200,14.7479
0.0069,0.0000,0.0000,0.0000,0.0068,0.0001,200,14.7482
0.0073,0.0000,0.0000,0.0000,0.0072,0.0000,200,14.7480
0.0069,0.0000,0.0000,0.0000,0.0068,0.0001,200,14.7486
0.0067,0.0000,0.0000,0.0000,0.0066,0.0001,200,14.7551
0.0069,0.0000,0.0000,0.0000,0.0068,0.0000,200,14.7552
0.0070,0.0000,0.0000,0.0000,0.0070,0.0000,200,14.7555
0.0078,0.0000,0.0000,0.0000,0.0077,0.0000,200,14.7551
0.0067,0.0000,0.0000,0.0000,0.0066,0.0001,200,14.7618
0.0066,0.0000,0.0000,0.0000,0.0065,0.0000,200,14.7621
0.0063,0.0000,0.0000,0.0000,0.0062,0.0000,200,14.7625
0.0065,0.0000,0.0000,0.0000,0.0065,0.0000,200,14.7629
0.0065,0.0000,0.0000,0.0000,0.0064,0.0001,200,14.7688
0.0068,0.0000,0.0000,0.0000,0.0067,0.0000,200,14.7687
0.0070,0.0000,0.0000,0.0000,0.0069,0.0000,200,14.7686
0.0062,0.0000,0.0000,0.0000,0.0061,0.0000,200,14.7695
0.0067,0.0000,0.0000,0.0000,0.0066,0.0001,200,14.7755
0.0067,0.0000,0.0000,0.0000,0.0066,0.0001,200,14.7755
0.0071,0.0000,0.0000,0.0000,0.0070,0.0000,200,14.7752
0.0067,0.0000,0.0000,0.0000,0.0067,0.0000,200,14.7757
0.0067,0.0000,0.0000,0.0000,0.0066,0.0001,200,14.7822
0.0067,0.0000,0.0000,0.0000,0.0066,0.0000,200,14.7824
0.0070,0.0000,0.0000,0.0000,0.0069,0.0001,200,14.7822
0.0070,0.0000,0.0000,0.0000,0.0068,0.0000,200,14.7823
0.0070,0.0000,0.0000,0.0000,0.0066,0.0003,200,14.7889
0.0067,0.0000,0.0000,0.0000,0.0066,0.0000,200,14.7893
0.0067,0.0000,0.0000,0.0000,0.0067,0.0000,200,14.7892
0.0088,0.0000,0.0000,0.0000,0.0087,0.0001,200,14.7891
0.0067,0.0000,0.0000,0.0000,0.0067,0.0000,200,14.7960
0.0067,0.0000,0.0000,0.0000,0.0066,0.0001,200,14.7960
0.0068,0.0000,0.0000,0.0000,0.0066,0.0000,200,14.7959
0.0061,0.0000,0.0000,0.0000,0.0060,0.0000,200,14.7979
0.0076,0.0000,0.0000,0.0000,0.0075,0.0001,200,14.8027
0.0076,0.0000,0.0000,0.0000,0.0075,0.0001,200,14.8027
0.0063,0.0000,0.0000,0.0000,0.0062,0.0000,200,14.8040
0.0076,0.0000,0.0000,0.0000,0.0076,0.0000,200,14.8027
0.0067,0.0000,0.0000,0.0000,0.0066,0.0001,200,14.8103
0.0067,0.0000,0.0000,0.0000,0.0066,0.0000,200,14.8103
0.0067,0.0000,0.0000,0.0000,0.0066,0.0000,200,14.8103
0.0069,0.0000,0.0000,0.0000,0.0068,0.0000,200,14.8103
0.0065,0.0000,0.0000,0.0000,0.0063,0.0001,200,14.8170
0.0066,0.0000,0.0000,0.0000,0.0065,0.0000,200,14.8170
0.0066,0.0000,0.0000,0.0000,0.0065,0.0000,200,14.8170
0.0065,0.0000,0.0000,0.0000,0.0065,0.0000,200,14.8171
0.0067,0.0000,0.0000,0.0000,0.0067,0.0000,200,14.8235
0.0068,0.0000,0.0000,0.0000,0.0067,0.0001,200,14.8234
0.0067,0.0000,0.0000,0.0000,0.0066,0.0001,200,14.8236
0.0067,0.0000,0.0000,0.0000,0.0066,0.0000,200,14.8236
0.0067,0.0000,0.0000,0.0000,0.0066,0.0001,200,14.8303
0.0069,0.0000,0.0000,0.0000,0.0068,0.0000,200,14.8303
0.0069,0.0000,0.0000,0.0000,0.0068,0.0000,200,14.8303
0.0069,0.0000,0.0000,0.0000,0.0068,0.0000,200,14.8303
0.0068,0.0000,0.0000,0.0000,0.0067,0.0001,200,14.8372
0.0068,0.0000,0.0000,0.0000,0.0068,0.0001,200,14.8372
0.0069,0.0000,0.0000,0.0000,0.0069,0.0000,200,14.8372
0.0071,0.0000,0.0000,0.0000,0.0070,0.0000,200,14.8370
0.0066,0.0000,0.0000,0.0000,0.0065,0.0001,200,14.8441
0.0067,0.0000,0.0000,0.0000,0.0066,0.0000,200,14.8440
0.0066,0.0000,0.0000,0.0000,0.0065,0.0000,200,14.8441
0.0067,0.0000,0.0000,0.0000,0.0066,0.0000,200,14.8440
0.0069,0.0000,0.0000,0.0000,0.0068,0.0001,200,14.8507
0.0078,0.0000,0.0000,0.0000,0.0078,0.0000,200,14.8507
0.0082,0.0000,0.0000,0.0000,0.0081,0.0000,200,14.8507
0.0083,0.0000,0.0000,0.0000,0.0081,0.0002,200,14.8507
0.0071,0.0000,0.0000,0.0000,0.0070,0.0001,200,14.8576
0.0072,0.0000,0.0000,0.0000,0.0071,0.0001,200,14.8589
0.0077,0.0000,0.0000,0.0000,0.0076,0.0001,200,14.8586
0.0073,0.0000,0.0000,0.0000,0.0072,0.0000,200,14.8590
0.0067,0.0000,0.0000,0.0000,0.0066,0.0001,200,14.8648
0.0064,0.0000,0.0000,0.0000,0.0063,0.0000,200,14.8661
0.0064,0.0000,0.0000,0.0000,0.0064,0.0000,200,14.8663
0.0065,0.0000,0.0000,0.0000,0.0064,0.0000,200,14.8663
0.0068,0.0000,0.0000,0.0000,0.0068,0.0001,200,14.8727
0.0071,0.0000,0.0000,0.0000,0.0070,0.0000,200,14.8725
0.0069,0.0000,0.0000,0.0000,0.0068,0.0000,200,14.8728
0.0083,0.0000,0.0000,0.0000,0.0082,0.0000,200,14.8715
0.0067,0.0000,0.0000,0.0000,0.0066,0.0001,200,14.8797
0.0068,0.0000,0.0000,0.0000,0.0067,0.0001,200,14.8796
0.0066,0.0000,0.0000,0.0000,0.0065,0.0001,200,14.8797
0.0071,0.0000,0.0000,0.0000,0.0069,0.0002,200,14.8796
0.0074,0.0000,0.0000,0.0000,0.0069,0.0001,200,14.8864
0.0075,0.0000,0.0000,0.0001,0.0072,0.0000,200,14.8864
0.0076,0.0000,0.0000,0.0000,0.0071,0.0000,200,14.8864
0.0073,0.0000,0.0000,0.0002,0.0070,0.0000,200,14.8867
0.0068,0.0000,0.0000,0.0000,0.0066,0.0001,200,14.8938
0.0068,0.0000,0.0000,0.0000,0.0067,0.0001,200,14.8939
0.0068,0.0000,0.0000,0.0000,0.0067,0.0000,200,14.8939
0.0068,0.0000,0.0000,0.0000,0.0067,0.0000,200,14.8940
0.0067,0.0000,0.0000,0.0000,0.0066,0.0001,200,14.9005
0.0065,0.0000,0.0000,0.0000,0.0064,0.0001,200,14.9007
0.0066,0.0000,0.0000,0.0000,0.0065,0.0000,200,14.9007
0.0075,0.0000,0.0000,0.0000,0.0074,0.0000,200,14.9007
0.0065,0.0000,0.0000,0.0000,0.0064,0.0001,200,14.9073
0.0067,0.0000,0.0000,0.0000,0.0066,0.0000,200,14.9073
0.0068,0.0000,0.0000,0.0000,0.0067,0.0000,200,14.9073
0.0062,0.0000,0.0000,0.0000,0.0061,0.0001,200,14.9082
0.0068,0.0000,0.0000,0.0000,0.0066,0.0001,200,14.9138
0.0066,0.0000,0.0000,0.0000,0.0065,0.0001,200,14.9140
0.0067,0.0000,0.0000,0.0000,0.0066,0.0000,200,14.9140
0.0074,0.0000,0.0000,0.0000,0.0073,0.0001,200,14.9145
0.0064,0.0000,0.0000,0.0000,0.0063,0.0001,200,14.9206
0.0067,0.0000,0.0000,0.0000,0.0066,0.0000,200,14.9206
0.0068,0.0000,0.0000,0.0000,0.0067,0.0000,200,14.9205
0.0063,0.0000,0.0000,0.0000,0.0062,0.0000,200,14.9219
0.0073,0.0000,0.0000,0.0000,0.0072,0.0001,200,14.9271
0.0074,0.0000,0.0000,0.0000,0.0073,0.0000,200,14.9273
0.0074,0.0000,0.0000,0.0000,0.0073,0.0000,200,14.9273
0.0066,0.0000,0.0000,0.0000,0.0065,0.0000,200,14.9282
0.0065,0.0000,0.0000,0.0000,0.0064,0.0001,200,14.9348
0.0069,0.0000,0.0000,0.0000,0.0068,0.0001,200,14.9344
0.0068,0.0000,0.0000,0.0000,0.0067,0.0000,200,14.9347
0.0068,0.0000,0.0000,0.0000,0.0068,0.0000,200,14.9347
0.0066,0.0000,0.0000,0.0000,0.0065,0.0001,200,14.9413
0.0069,0.0000,0.0000,0.0000,0.0068,0.0000,200,14.9413
0.0066,0.0000,0.0000,0.0000,0.0065,0.0001,200,14.9415
0.0075,0.0000,0.0000,0.0000,0.0073,0.0001,200,14.9415
0.0068,0.0000,0.0000,0.0000,0.0066,0.0001,200,14.9479
0.0066,0.0000,0.0000,0.0000,0.0065,0.0000,200,14.9482
0.0067,0.0000,0.0000,0.0000,0.0066,0.0000,200,14.9482
0.0079,0.0000,0.0000,0.0000,0.0078,0.0000,200,14.9490
0.0066,0.0000,0.0000,0.0000,0.0063,0.0001,200,14.9547
0.0067,0.0000,0.0000,0.0000,0.0066,0.0000,200,14.9546
0.0065,0.0000,0.0000,0.0000,0.0064,0.0000,200,14.9549
0.0070,0.0000,0.0000,0.0000,0.0069,0.0001,200,14.9569
0.0086,0.0000,0.0000,0.0000,0.0085,0.0001,200,14.9614
0.0088,0.0000,0.0000,0.0000,0.0087,0.0001,200,14.9613
0.0107,0.0000,0.0000,0.0001,0.0105,0.0001,200,14.9613
0.0090,0.0000,0.0000,0.0000,0.0089,0.0000,200,14.9639
0.0065,0.0000,0.0000,0.0000,0.0064,0.0001,200,14.9700
0.0064,0.0000,0.0000,0.0000,0.0063,0.0000,200,14.9702
0.0064,0.0000,0.0000,0.0000,0.0063,0.0000,200,14.9720
0.0064,0.0000,0.0000,0.0000,0.0063,0.0000,200,14.9729
0.0066,0.0000,0.0000,0.0000,0.0065,0.0001,200,14.9765
0.0066,0.0000,0.0000,0.0000,0.0066,0.0000,200,14.9765
0.0065,0.0000,0.0000,0.0000,0.0065,0.0000,200,14.9784
0.0081,0.0000,0.0000,0.0000,0.0080,0.0001,200,14.9792
0.0069,0.0000,0.0000,0.0000,0.0068,0.0001,200,14.9831
0.0070,0.0000,0.0000,0.0000,0.0069,0.0000,200,14.9831
0.0072,0.0000,0.0000,0.0000,0.0071,0.0000,200,14.9849
0.0068,0.0000,0.0000,0.0000,0.0067,0.0000,200,14.9873
0.0065,0.0000,0.0000,0.0000,0.0064,0.0001,200,14.9900
0.0064,0.0000,0.0000,0.0000,0.0063,0.0000,200,14.9901
0.0063,0.0000,0.0000,0.0000,0.0062,0.0000,200,14.9921
0.0064,0.0000,0.0000,0.0000,0.0063,0.0001,200,14.9941
0.0062,0.0000,0.0000,0.0000,0.0061,0.0000,200,14.9965
0.0063,0.0000,0.0000,0.0000,0.0063,0.0000,200,14.9965
0.0064,0.0000,0.0000,0.0000,0.0063,0.0000,200,14.9983
0.0063,0.0000,0.0000,0.0000,0.0062,0.0000,200,15.0005
0.0062,0.0000,0.0000,0.0000,0.0061,0.0000,200,15.0027
0.0063,0.0000,0.0000,0.0000,0.0062,0.0001,200,15.0029
0.0063,0.0000,0.0000,0.0000,0.0062,0.0001,200,15.0047
0.0064,0.0000,0.0000,0.0000,0.0063,0.0000,200,15.0068
0.0085,0.0000,0.0000,0.0000,0.0084,0.0001,200,15.0089
0.0082,0.0000,0.0000,0.0000,0.0082,0.0000,200,15.0091
0.0069,0.0000,0.0000,0.0000,0.0066,0.0003,200,15.0110
0.0066,0.0000,0.0000,0.0000,0.0065,0.0001,200,15.0132
0.0072,0.0000,0.0000,0.0000,0.0070,0.0001,200,15.0173
0.0076,0.0000,0.0000,0.0000,0.0070,0.0000,200,15.0174
0.0078,0.0000,0.0000,0.0000,0.0077,0.0000,200,15.0179
0.0064,0.0000,0.0000,0.0000,0.0063,0.0000,200,15.0197
0.0071,0.0000,0.0000,0.0000,0.0070,0.0001,200,15.0249
0.0065,0.0000,0.0000,0.0000,0.0064,0.0000,200,15.0257
0.0077,0.0000,0.0000,0.0000,0.0076,0.0000,200,15.0245
0.0068,0.0000,0.0000,0.0000,0.0067,0.0000,200,15.0262
0.0071,0.0000,0.0000,0.0000,0.0069,0.0001,200,15.0320
0.0070,0.0000,0.0000,0.0000,0.0070,0.0000,200,15.0322
0.0072,0.0000,0.0000,0.0000,0.0071,0.0000,200,15.0321
0.0074,0.0000,0.0000,0.0000,0.0073,0.0001,200,15.0330
0.0070,0.0000,0.0000,0.0000,0.0069,0.0001,200,15.0393
0.0073,0.0000,0.0000,0.0000,0.0072,0.0000,200,15.0391
0.0072,0.0000,0.0000,0.0000,0.0072,0.0000,200,15.0392
0.0079,0.0000,0.0000,0.0000,0.0078,0.0001,200,15.0404
0.0065,0.0000,0.0000,0.0000,0.0064,0.0001,200,15.0464
0.0065,0.0000,0.0000,0.0000,0.0064,0.0000,200,15.0464
0.0066,0.0000,0.0000,0.0000,0.0066,0.0000,200,15.0463
0.0065,0.0000,0.0000,0.0000,0.0064,0.0000,200,15.0483
0.0091,0.0000,0.0000,0.0000,0.0090,0.0001,200,15.0529
0.0072,0.0000,0.0000,0.0000,0.0071,0.0001,200,15.0548
0.0091,0.0000,0.0000,0.0000,0.0090,0.0001,200,15.0529
0.0090,0.0000,0.0000,0.0000,0.0089,0.0001,200,15.0530
0.0080,0.0000,0.0000,0.0000,0.0079,0.0001,200,15.0620
0.0080,0.0000,0.0000,0.0000,0.0079,0.0001,200,15.0620
0.0080,0.0000,0.0000,0.0000,0.0079,0.0000,200,15.0620
0.0080,0.0000,0.0000,0.0000,0.0079,0.0001,200,15.0620
0.0068,0.0000,0.0000,0.0000,0.0067,0.0001,200,15.0700
0.0068,0.0000,0.0000,0.0000,0.0067,0.0001,200,15.0700
0.0068,0.0000,0.0000,0.0000,0.0066,0.0001,200,15.0700
0.0068,0.0000,0.0000,0.0000,0.0067,0.0001,200,15.0700
0.0068,0.0000,0.0000,0.0000,0.0067,0.0000,200,15.0767
0.0067,0.0000,0.0000,0.0000,0.0067,0.0001,200,15.0768
0.0068,0.0000,0.0000,0.0000,0.0067,0.0001,200,15.0767
0.0094,0.0000,0.0000,0.0000,0.0094,0.0001,200,15.0768
0.0066,0.0000,0.0000,0.0000,0.0065,0.0000,200,15.0835
0.0066,0.0000,0.0000,0.0000,0.0065,0.0000,200,15.0835
0.0066,0.0000,0.0000,0.0000,0.0065,0.0000,200,15.0835
0.0067,0.0000,0.0000,0.0000,0.0066,0.0000,200,15.0862
0.0072,0.0000,0.0000,0.0000,0.0070,0.0001,200,15.0901
0.0077,0.0000,0.0000,0.0000,0.0076,0.0000,200,15.0901
0.0100,0.0000,0.0000,0.0000,0.0076,0.0024,200,15.0901
0.0073,0.0000,0.0000,0.0000,0.0072,0.0000,200,15.0929
0.0071,0.0000,0.0000,0.0000,0.0070,0.0001,200,15.0973
0.0084,0.0000,0.0000,0.0000,0.0083,0.0001,200,15.0978
0.0062,0.0000,0.0000,0.0000,0.0061,0.0000,200,15.1002
0.0064,0.0000,0.0000,0.0000,0.0064,0.0000,200,15.1001
0.0066,0.0000,0.0000,0.0000,0.0064,0.0001,200,15.1044
0.0073,0.0000,0.0000,0.0000,0.0072,0.0001,200,15.1064
0.0073,0.0000,0.0000,0.0000,0.0072,0.0000,200,15.1066
0.0109,0.0000,0.0000,0.0000,0.0108,0.0001,200,15.1062
0.0067,0.0000,0.0000,0.0000,0.0066,0.0000,200,15.1110
0.0095,0.0000,0.0000,0.0000,0.0094,0.0001,200,15.1137
0.0102,0.0000,0.0000,0.0000,0.0101,0.0000,200,15.1139
0.0072,0.0000,0.0000,0.0000,0.0071,0.0000,200,15.1171
0.0072,0.0000,0.0000,0.0000,0.0071,0.0001,200,15.1177
0.0070,0.0000,0.0000,0.0000,0.0068,0.0002,200,15.1232
0.0065,0.0000,0.0000,0.0000,0.0064,0.0000,200,15.1241
0.0063,0.0000,0.0000,0.0000,0.0063,0.0000,200,15.1243
0.0064,0.0000,0.0000,0.0000,0.0063,0.0000,200,15.1248
0.0066,0.0000,0.0000,0.0000,0.0065,0.0001,200,15.1305
0.0065,0.0000,0.0000,0.0001,0.0064,0.0000,200,15.1306
0.0069,0.0000,0.0000,0.0001,0.0067,0.0000,200,15.1302
0.0062,0.0000,0.0000,0.0000,0.0062,0.0000,200,15.1312
0.0064,0.0000,0.0000,0.0000,0.0064,0.0001,200,15.1371
0.0065,0.0000,0.0000,0.0000,0.0064,0.0000,200,15.1371
0.0077,0.0000,0.0000,0.0000,0.0076,0.0001,200,15.1371
0.0098,0.0000,0.0000,0.0000,0.0097,0.0001,200,15.1375
0.0065,0.0000,0.0000,0.0000,0.0064,0.0001,200,15.1436
0.0067,0.0000,0.0000,0.0000,0.0066,0.0000,200,15.1436
0.0085,0.0000,0.0000,0.0000,0.0084,0.0001,200,15.1449
0.0076,0.0000,0.0000,0.0000,0.0075,0.0000,200,15.1473
0.0065,0.0000,0.0000,0.0000,0.0064,0.0000,200,15.1501
0.0064,0.0000,0.0000,0.0000,0.0064,0.0000,200,15.1503
0.0062,0.0000,0.0000,0.0000,0.0062,0.0000,200,15.1533
0.0079,0.0000,0.0000,0.0000,0.0078,0.0001,200,15.1549
0.0066,0.0000,0.0000,0.0000,0.0065,0.0000,200,15.1566
0.0072,0.0000,0.0000,0.0000,0.0071,0.0000,200,15.1567
0.0064,0.0000,0.0000,0.0000,0.0063,0.0001,200,15.1596
0.0069,0.0000,0.0000,0.0000,0.0068,0.0000,200,15.1629
0.0067,0.0000,0.0000,0.0000,0.0064,0.0002,200,15.1632
0.0074,0.0000,0.0000,0.0000,0.0073,0.0000,200,15.1639
0.0066,0.0000,0.0000,0.0000,0.0065,0.0001,200,15.1660
0.0066,0.0000,0.0000,0.0000,0.0065,0.0001,200,15.1697
0.0065,0.0000,0.0000,0.0000,0.0065,0.0000,200,15.1699
0.0066,0.0000,0.0000,0.0000,0.0065,0.0001,200,15.1713
0.0063,0.0000,0.0000,0.0000,0.0062,0.0000,200,15.1726
0.0064,0.0000,0.0000,0.0000,0.0063,0.0001,200,15.1764
0.0064,0.0000,0.0000,0.0000,0.0064,0.0000,200,15.1764
0.0064,0.0000,0.0000,0.0000,0.0063,0.0000,200,15.1779
0.0063,0.0000,0.0000,0.0000,0.0062,0.0000,200,15.1789
0.0063,0.0000,0.0000,0.0000,0.0062,0.0000,200,15.1828
0.0063,0.0000,0.0000,0.0000,0.0062,0.0000,200,15.1829
0.0063,0.0000,0.0000,0.0000,0.0062,0.0000,200,15.1852
0.0072,0.0000,0.0000,0.0000,0.0072,0.0000,200,15.1842
0.0067,0.0000,0.0000,0.0000,0.0066,0.0001,200,15.1891
0.0098,0.0000,0.0000,0.0000,0.0088,0.0010,200,15.1891
0.0074,0.0000,0.0000,0.0000,0.0074,0.0000,200,15.1915
0.0075,0.0000,0.0000,0.0000,0.0074,0.0000,200,15.1915
0.0065,0.0000,0.0000,0.0000,0.0064,0.0001,200,15.1958
0.0066,0.0000,0.0000,0.0000,0.0065,0.0001,200,15.1989
0.0067,0.0000,0.0000,0.0000,0.0066,0.0000,200,15.1989
0.0066,0.0000,0.0000,0.0000,0.0066,0.0000,200,15.1989
0.0066,0.0000,0.0000,0.0000,0.0065,0.0001,200,15.2023
0.0065,0.0000,0.0000,0.0000,0.0064,0.0001,200,15.2056
0.0066,0.0000,0.0000,0.0000,0.0066,0.0000,200,15.2056
0.0086,0.0000,0.0000,0.0000,0.0085,0.0001,200,15.2055
0.0064,0.0000,0.0000,0.0000,0.0063,0.0000,200,15.2089
0.0072,0.0000,0.0000,0.0000,0.0071,0.0000,200,15.2121
0.0071,0.0000,0.0000,0.0000,0.0070,0.0001,200,15.2122
0.0067,0.0000,0.0000,0.0000,0.0066,0.0000,200,15.2142
0.0061,0.0000,0.0000,0.0000,0.0061,0.0000,200,15.2153
0.0065,0.0000,0.0000,0.0000,0.0064,0.0001,200,15.2192
0.0066,0.0000,0.0000,0.0000,0.0065,0.0000,200,15.2192
0.0065,0.0000,0.0000,0.0000,0.0064,0.0001,200,15.2208
0.0064,0.0000,0.0000,0.0000,0.0063,0.0000,200,15.2215
0.0066,0.0000,0.0000,0.0000,0.0065,0.0001,200,15.2257
0.0067,0.0000,0.0000,0.0000,0.0066,0.0000,200,15.2258
0.0074,0.0000,0.0000,0.0000,0.0073,0.0001,200,15.2278
0.0081,0.0000,0.0000,0.0000,0.0080,0.0000,200,15.2273
0.0067,0.0000,0.0000,0.0000,0.0066,0.0000,200,15.2324
0.0066,0.0000,0.0000,0.0000,0.0065,0.0000,200,15.2325
0.0063,0.0000,0.0000,0.0000,0.0062,0.0001,200,15.2354
0.0085,0.0000,0.0000,0.0000,0.0084,0.0001,200,15.2352
0.0091,0.0000,0.0000,0.0000,0.0090,0.0001,200,15.2391
0.0091,0.0000,0.0000,0.0000,0.0090,0.0001,200,15.2391
0.0081,0.0000,0.0000,0.0000,0.0081,0.0000,200,15.2417
0.0111,0.0000,0.0000,0.0000,0.0110,0.0001,200,15.2437
0.0067,0.0000,0.0000,0.0000,0.0066,0.0000,200,15.2482
0.0069,0.0000,0.0000,0.0000,0.0067,0.0001,200,15.2482
0.0063,0.0000,0.0000,0.0000,0.0062,0.0000,200,15.2499
0.0067,0.0000,0.0000,0.0000,0.0065,0.0001,200,15.2549
0.0070,0.0000,0.0000,0.0000,0.0069,0.0000,200,15.2549
0.0069,0.0000,0.0000,0.0000,0.0068,0.0000,200,15.2551
0.0070,0.0000,0.0000,0.0000,0.0069,0.0000,200,15.2561
0.0075,0.0000,0.0000,0.0000,0.0074,0.0001,200,15.2620
0.0079,0.0000,0.0000,0.0000,0.0078,0.0001,200,15.2615
0.0076,0.0000,0.0000,0.0000,0.0076,0.0000,200,15.2619
0.0085,0.0000,0.0000,0.0000,0.0084,0.0001,200,15.2631
0.0067,0.0000,0.0000,0.0000,0.0066,0.0001,200,15.2694
0.0067,0.0000,0.0000,0.0000,0.0066,0.0000,200,15.2695
0.0071,0.0000,0.0000,0.0000,0.0069,0.0000,200,15.2694
0.0071,0.0000,0.0000,0.0000,0.0070,0.0000,200,15.2716
0.0069,0.0000,0.0000,0.0000,0.0068,0.0001,200,15.2765
0.0074,0.0000,0.0000,0.0000,0.0073,0.0000,200,15.2761
0.0074,0.0000,0.0000,0.0000,0.0073,0.0000,200,15.2762
0.0064,0.0000,0.0000,0.0000,0.0063,0.0001,200,15.2787
0.0067,0.0000,0.0000,0.0000,0.0066,0.0001,200,15.2833
0.0065,0.0000,0.0000,0.0000,0.0065,0.0000,200,15.2836
0.0081,0.0000,0.0000,0.0000,0.0080,0.0000,200,15.2835
0.0067,0.0000,0.0000,0.0000,0.0066,0.0000,200,15.2851
0.0066,0.0000,0.0000,0.0000,0.0065,0.0001,200,15.2901
0.0068,0.0000,0.0000,0.0000,0.0067,0.0000,200,15.2901
0.0067,0.0000,0.0000,0.0000,0.0066,0.0000,200,15.2918
0.0068,0.0000,0.0000,0.0000,0.0067,0.0001,200,15.2917
0.0068,0.0000,0.0000,0.0000,0.0067,0.0001,200,15.2967
0.0066,0.0000,0.0000,0.0000,0.0065,0.0000,200,15.2969
0.0066,0.0000,0.0000,0.0000,0.0065,0.0001,200,15.2985
0.0068,0.0000,0.0000,0.0002,0.0065,0.0000,200,15.2985
0.0067,0.0000,0.0000,0.0000,0.0066,0.0001,200,15.3035
0.0074,0.0000,0.0000,0.0000,0.0073,0.0001,200,15.3035
0.0076,0.0000,0.0000,0.0000,0.0074,0.0001,200,15.3051
0.0076,0.0000,0.0000,0.0000,0.0075,0.0001,200,15.3053
0.0074,0.0000,0.0000,0.0001,0.0072,0.0002,200,15.3103
0.0069,0.0000,0.0000,0.0000,0.0068,0.0000,200,15.3110
0.0073,0.0000,0.0000,0.0000,0.0072,0.0001,200,15.3127
0.0072,0.0000,0.0000,0.0000,0.0072,0.0000,200,15.3129
0.0066,0.0000,0.0000,0.0000,0.0065,0.0001,200,15.3178
0.0071,0.0000,0.0000,0.0000,0.0069,0.0000,200,15.3178
0.0069,0.0000,0.0000,0.0000,0.0068,0.0001,200,15.3200
0.0078,0.0000,0.0000,0.0000,0.0077,0.0000,200,15.3201
0.0069,0.0000,0.0000,0.0000,0.0068,0.0000,200,15.3245
0.0068,0.0000,0.0000,0.0000,0.0068,0.0000,200,15.3248
0.0067,0.0000,0.0000,0.0000,0.0065,0.0001,200,15.3269
0.0068,0.0000,0.0000,0.0000,0.0067,0.0000,200,15.3279
0.0067,0.0000,0.0000,0.0000,0.0065,0.0001,200,15.3313
0.0063,0.0000,0.0000,0.0000,0.0062,0.0000,200,15.3317
0.0066,0.0000,0.0000,0.0000,0.0065,0.0000,200,15.3336
0.0069,0.0000,0.0000,0.0000,0.0068,0.0001,200,15.3347
0.0069,0.0000,0.0000,0.0000,0.0068,0.0000,200,15.3380
0.0069,0.0000,0.0000,0.0000,0.0068,0.0000,200,15.3380
0.0065,0.0000,0.0000,0.0000,0.0064,0.0000,200,15.3402
0.0065,0.0000,0.0000,0.0000,0.0064,0.0001,200,15.3415
0.0064,0.0000,0.0000,0.0000,0.0063,0.0001,200,15.3449
0.0067,0.0000,0.0000,0.0000,0.0066,0.0000,200,15.3449
0.0080,0.0000,0.0000,0.0000,0.0079,0.0001,200,15.3467
0.0069,0.0000,0.0000,0.0000,0.0069,0.0000,200,15.3480
0.0068,0.0000,0.0000,0.0000,0.0067,0.0001,200,15.3514
0.0093,0.0000,0.0000,0.0000,0.0092,0.0001,200,15.3516
0.0086,0.0000,0.0000,0.0000,0.0085,0.0001,200,15.3549
0.0089,0.0000,0.0000,0.0000,0.0088,0.0000,200,15.3547
0.0069,0.0000,0.0000,0.0000,0.0067,0.0001,200,15.3582
0.0063,0.0000,0.0000,0.0000,0.0062,0.0000,200,15.3609
0.0076,0.0000,0.0000,0.0000,0.0075,0.0001,200,15.3636
0.0065,0.0000,0.0000,0.0000,0.0064,0.0000,200,15.3651
0.0092,0.0000,0.0000,0.0000,0.0091,0.0001,200,15.3636
0.0063,0.0000,0.0000,0.0000,0.0062,0.0000,200,15.3671
0.0071,0.0000,0.0000,0.0000,0.0068,0.0002,200,15.3712
0.0069,0.0000,0.0000,0.0000,0.0067,0.0002,200,15.3715
0.0065,0.0000,0.0000,0.0000,0.0064,0.0000,200,15.3728
0.0072,0.0000,0.0000,0.0000,0.0071,0.0001,200,15.3735
0.0067,0.0000,0.0000,0.0000,0.0066,0.0001,200,15.3783
0.0067,0.0000,0.0000,0.0000,0.0066,0.0000,200,15.3784
0.0063,0.0000,0.0000,0.0000,0.0062,0.0000,200,15.3792
0.0083,0.0000,0.0000,0.0000,0.0082,0.0001,200,15.3806
0.0078,0.0000,0.0000,0.0000,0.0076,0.0001,200,15.3850
0.0078,0.0000,0.0000,0.0000,0.0078,0.0000,200,15.3850
0.0073,0.0000,0.0000,0.0000,0.0072,0.0000,200,15.3855
0.0069,0.0000,0.0000,0.0000,0.0068,0.0001,200,15.3889
0.0067,0.0000,0.0000,0.0000,0.0066,0.0001,200,15.3929
0.0067,0.0000,0.0000,0.0000,0.0066,0.0001,200,15.3928
0.0068,0.0000,0.0000,0.0000,0.0067,0.0001,200,15.3928
0.0066,0.0000,0.0000,0.0000,0.0065,0.0001,200,15.3958
0.0065,0.0000,0.0000,0.0000,0.0065,0.0000,200,15.3997
0.0067,0.0000,0.0000,0.0000,0.0065,0.0000,200,15.3995
0.0068,0.0000,0.0000,0.0000,0.0065,0.0002,200,15.3995
0.0075,0.0000,0.0000,0.0000,0.0074,0.0001,200,15.4024
0.0066,0.0000,0.0000,0.0000,0.0064,0.0001,200,15.4062
0.0068,0.0000,0.0000,0.0000,0.0067,0.0000,200,15.4062
0.0068,0.0000,0.0000,0.0000,0.0068,0.0000,200,15.4063
0.0066,0.0000,0.0000,0.0000,0.0065,0.0001,200,15.4100
0.0065,0.0000,0.0000,0.0000,0.0064,0.0000,200,15.4130
0.0069,0.0000,0.0000,0.0000,0.0068,0.0000,200,15.4128
0.0067,0.0000,0.0000,0.0000,0.0062,0.0005,200,15.4131
0.0071,0.0000,0.0000,0.0000,0.0070,0.0001,200,15.4166
0.0069,0.0000,0.0000,0.0000,0.0068,0.0001,200,15.4194
0.0066,0.0000,0.0000,0.0000,0.0066,0.0000,200,15.4197
0.0065,0.0000,0.0000,0.0000,0.0065,0.0000,200,15.4198
0.0066,0.0000,0.0000,0.0000,0.0065,0.0001,200,15.4237
0.0065,0.0000,0.0000,0.0000,0.0065,0.0000,200,15.4263
0.0066,0.0000,0.0000,0.0000,0.0064,0.0002,200,15.4263
0.0067,0.0000,0.0000,0.0000,0.0066,0.0000,200,15.4263
0.0065,0.0000,0.0000,0.0000,0.0064,0.0001,200,15.4303
0.0064,0.0000,0.0000,0.0000,0.0063,0.0001,200,15.4329
0.0064,0.0000,0.0000,0.0000,0.0063,0.0000,200,15.4329
0.0065,0.0000,0.0000,0.0000,0.0064,0.0001,200,15.4330
0.0071,0.0000,0.0000,0.0000,0.0070,0.0001,200,15.4368
0.0063,0.0000,0.0000,0.0000,0.0062,0.0000,200,15.4395
0.0064,0.0000,0.0000,0.0000,0.0063,0.0001,200,15.4393
0.0065,0.0000,0.0000,0.0000,0.0064,0.0000,200,15.4393
0.0064,0.0000,0.0000,0.0000,0.0063,0.0001,200,15.4439
0.0064,0.0000,0.0000,0.0000,0.0063,0.0000,200,15.4457
0.0063,0.0000,0.0000,0.0000,0.0063,0.0000,200,15.4458
0.0064,0.0000,0.0000,0.0000,0.0063,0.0000,200,15.4457
0.0065,0.0000,0.0000,0.0000,0.0063,0.0001,200,15.4503
0.0065,0.0000,0.0000,0.0000,0.0064,0.0000,200,15.4521
0.0066,0.0000,0.0000,0.0000,0.0064,0.0002,200,15.4521
0.0071,0.0000,0.0000,0.0000,0.0067,0.0003,200,15.4521
0.0067,0.0000,0.0000,0.0000,0.0066,0.0001,200,15.4568
0.0067,0.0000,0.0000,0.0000,0.0067,0.0000,200,15.4588
0.0068,0.0000,0.0000,0.0000,0.0067,0.0001,200,15.4587
0.0064,0.0000,0.0000,0.0000,0.0063,0.0000,200,15.4592
0.0071,0.0000,0.0000,0.0001,0.0069,0.0001,200,15.4635
0.0064,0.0000,0.0000,0.0000,0.0063,0.0001,200,15.4655
0.0084,0.0000,0.0000,0.0000,0.0083,0.0001,200,15.4655
0.0088,0.0000,0.0000,0.0001,0.0085,0.0001,200,15.4655
0.0065,0.0000,0.0000,0.0000,0.0064,0.0000,200,15.4706
0.0067,0.0000,0.0000,0.0000,0.0064,0.0003,200,15.4739
0.0088,0.0000,0.0000,0.0000,0.0084,0.0004,200,15.4719
0.0065,0.0000,0.0000,0.0000,0.0064,0.0001,200,15.4742
0.0064,0.0000,0.0000,0.0000,0.0062,0.0001,200,15.4771
0.0066,0.0000,0.0000,0.0001,0.0064,0.0001,200,15.4807
0.0067,0.0000,0.0000,0.0000,0.0066,0.0001,200,15.4806
0.0069,0.0000,0.0000,0.0000,0.0064,0.0005,200,15.4808
0.0067,0.0000,0.0000,0.0000,0.0066,0.0001,200,15.4834
0.0067,0.0000,0.0000,0.0000,0.0066,0.0001,200,15.4873
0.0068,0.0000,0.0000,0.0000,0.0068,0.0000,200,15.4873
0.0083,0.0000,0.0000,0.0000,0.0083,0.0000,200,15.4877
0.0093,0.0000,0.0000,0.0000,0.0092,0.0001,200,15.4902
0.0065,0.0000,0.0000,0.0000,0.0064,0.0000,200,15.4942
0.0066,0.0000,0.0000,0.0000,0.0065,0.0000,200,15.4941
0.0065,0.0000,0.0000,0.0000,0.0064,0.0000,200,15.4960
0.0084,0.0000,0.0000,0.0000,0.0083,0.0001,200,15.4995
0.0072,0.0000,0.0000,0.0000,0.0072,0.0001,200,15.5007
0.0076,0.0000,0.0000,0.0000,0.0076,0.0000,200,15.5007
0.0075,0.0000,0.0000,0.0000,0.0063,0.0011,200,15.5025
0.0075,0.0000,0.0000,0.0000,0.0074,0.0000,200,15.5083
0.0079,0.0000,0.0000,0.0000,0.0078,0.0001,200,15.5079
0.0069,0.0000,0.0000,0.0000,0.0068,0.0000,200,15.5100
0.0100,0.0000,0.0000,0.0000,0.0099,0.0001,200,15.5079
0.0070,0.0000,0.0000,0.0000,0.0069,0.0001,200,15.5158
0.0073,0.0000,0.0000,0.0000,0.0072,0.0000,200,15.5158
0.0067,0.0000,0.0000,0.0000,0.0067,0.0000,200,15.5169
0.0064,0.0000,0.0000,0.0000,0.0064,0.0000,200,15.5179
0.0068,0.0000,0.0000,0.0000,0.0067,0.0001,200,15.5228
0.0076,0.0000,0.0000,0.0000,0.0076,0.0000,200,15.5243
0.0083,0.0000,0.0000,0.0000,0.0082,0.0000,200,15.5236
0.0104,0.0000,0.0000,0.0000,0.0103,0.0000,200,15.5230
0.0068,0.0000,0.0000,0.0000,0.0067,0.0001,200,15.5296
0.0069,0.0000,0.0000,0.0000,0.0068,0.0001,200,15.5320
0.0070,0.0000,0.0000,0.0000,0.0069,0.0000,200,15.5320
0.0065,0.0000,0.0000,0.0000,0.0064,0.0000,200,15.5335
0.0076,0.0000,0.0000,0.0000,0.0075,0.0001,200,15.5364
0.0069,0.0000,0.0000,0.0000,0.0069,0.0001,200,15.5390
0.0078,0.0000,0.0000,0.0000,0.0078,0.0000,200,15.5389
0.0068,0.0000,0.0000,0.0000,0.0068,0.0000,200,15.5399
0.0069,0.0000,0.0000,0.0000,0.0066,0.0002,200,15.5440
0.0064,0.0000,0.0000,0.0000,0.0063,0.0001,200,15.5467
0.0072,0.0000,0.0000,0.0000,0.0070,0.0002,200,15.5459
0.0064,0.0000,0.0000,0.0000,0.0064,0.0000,200,15.5468
0.0066,0.0000,0.0000,0.0000,0.0065,0.0001,200,15.5531
0.0088,0.0000,0.0000,0.0000,0.0087,0.0001,200,15.5509
0.0065,0.0000,0.0000,0.0000,0.0064,0.0000,200,15.5532
0.0067,0.0000,0.0000,0.0000,0.0066,0.0000,200,15.5531
0.0068,0.0000,0.0000,0.0000,0.0067,0.0001,200,15.5597
0.0068,0.0000,0.0000,0.0000,0.0067,0.0000,200,15.5598
0.0070,0.0000,0.0000,0.0000,0.0069,0.0000,200,15.5597
0.0071,0.0000,0.0000,0.0000,0.0070,0.0001,200,15.5597
0.0066,0.0000,0.0000,0.0000,0.0065,0.0001,200,15.5665
0.0064,0.0000,0.0000,0.0000,0.0063,0.0000,200,15.5668
0.0066,0.0000,0.0000,0.0000,0.0065,0.0000,200,15.5666
0.0065,0.0000,0.0000,0.0000,0.0065,0.0000,200,15.5667
0.0068,0.0000,0.0000,0.0000,0.0067,0.0001,200,15.5732
0.0068,0.0000,0.0000,0.0000,0.0067,0.0000,200,15.5732
0.0069,0.0000,0.0000,0.0000,0.0068,0.0000,200,15.5731
0.0068,0.0000,0.0000,0.0000,0.0068,0.0000,200,15.5732
0.0068,0.0000,0.0000,0.0000,0.0067,0.0001,200,15.5800
0.0068,0.0000,0.0000,0.0000,0.0067,0.0001,200,15.5800
0.0068,0.0000,0.0000,0.0000,0.0067,0.0001,200,15.5800
0.0070,0.0000,0.0000,0.0000,0.0069,0.0000,200,15.5800
0.0065,0.0000,0.0000,0.0000,0.0064,0.0001,200,15.5868
0.0066,0.0000,0.0000,0.0000,0.0064,0.0001,200,15.5868
0.0069,0.0000,0.0000,0.0000,0.0068,0.0001,200,15.5868
0.0071,0.0000,0.0000,0.0000,0.0070,0.0000,200,15.5870
0.0066,0.0000,0.0000,0.0000,0.0065,0.0000,200,15.5934
0.0067,0.0000,0.0000,0.0000,0.0066,0.0001,200,15.5933
0.0073,0.0000,0.0000,0.0000,0.0072,0.0000,200,15.5937
0.0070,0.0000,0.0000,0.0000,0.0069,0.0000,200,15.5941
0.0069,0.0000,0.0000,0.0000,0.0068,0.0001,200,15.6000
0.0069,0.0000,0.0000,0.0000,0.0068,0.0001,200,15.6000
0.0065,0.0000,0.0000,0.0000,0.0064,0.0000,200,15.6010
0.0066,0.0000,0.0000,0.0000,0.0065,0.0000,200,15.6011
0.0068,0.0000,0.0000,0.0000,0.0067,0.0001,200,15.6069
0.0068,0.0000,0.0000,0.0000,0.0067,0.0001,200,15.6069
0.0063,0.0000,0.0000,0.0000,0.0062,0.0000,200,15.6075
0.0062,0.0000,0.0000,0.0000,0.0061,0.0000,200,15.6076
0.0064,0.0000,0.0000,0.0000,0.0063,0.0001,200,15.6136
0.0065,0.0000,0.0000,0.0000,0.0065,0.0000,200,15.6136
0.0064,0.0000,0.0000,0.0000,0.0063,0.0000,200,15.6138
0.0071,0.0000,0.0000,0.0000,0.0070,0.0000,200,15.6138
0.0066,0.0000,0.0000,0.0000,0.0065,0.0001,200,15.6202
0.0067,0.0000,0.0000,0.0000,0.0066,0.0001,200,15.6202
0.0068,0.0000,0.0000,0.0000,0.0067,0.0000,200,15.6200
0.0066,0.0000,0.0000,0.0000,0.0065,0.0000,200,15.6209
0.0067,0.0000,0.0000,0.0000,0.0065,0.0001,200,15.6268
0.0070,0.0000,0.0000,0.0000,0.0069,0.0000,200,15.6268
0.0076,0.0000,0.0000,0.0000,0.0075,0.0000,200,15.6269
0.0076,0.0000,0.0000,0.0000,0.0075,0.0000,200,15.6275
0.0078,0.0000,0.0000,0.0000,0.0077,0.0001,200,15.6338
0.0081,0.0000,0.0000,0.0000,0.0080,0.0001,200,15.6335
0.0080,0.0000,0.0000,0.0000,0.0079,0.0000,200,15.6344
0.0084,0.0000,0.0000,0.0000,0.0083,0.0000,200,15.6351
0.0063,0.0000,0.0000,0.0000,0.0062,0.0001,200,15.6424
0.0071,0.0000,0.0000,0.0000,0.0070,0.0000,200,15.6416
0.0071,0.0000,0.0000,0.0000,0.0070,0.0000,200,15.6416
0.0066,0.0000,0.0000,0.0000,0.0065,0.0001,200,15.6434
0.0063,0.0000,0.0000,0.0000,0.0062,0.0000,200,15.6487
0.0066,0.0000,0.0000,0.0000,0.0065,0.0000,200,15.6487
0.0066,0.0000,0.0000,0.0000,0.0065,0.0000,200,15.6487
0.0066,0.0000,0.0000,0.0000,0.0065,0.0000,200,15.6500
0.0065,0.0000,0.0000,0.0000,0.0064,0.0000,200,15.6553
0.0068,0.0000,0.0000,0.0000,0.0067,0.0000,200,15.6550
0.0065,0.0000,0.0000,0.0000,0.0065,0.0000,200,15.6553
0.0063,0.0000,0.0000,0.0000,0.0062,0.0000,200,15.6566
0.0069,0.0000,0.0000,0.0000,0.0068,0.0001,200,15.6619
0.0071,0.0000,0.0000,0.0000,0.0070,0.0000,200,15.6618
0.0071,0.0000,0.0000,0.0000,0.0070,0.0000,200,15.6618
0.0065,0.0000,0.0000,0.0000,0.0063,0.0002,200,15.6629
0.0066,0.0000,0.0000,0.0000,0.0065,0.0001,200,15.6688
0.0069,0.0000,0.0000,0.0000,0.0068,0.0000,200,15.6688
0.0073,0.0000,0.0000,0.0000,0.0072,0.0000,200,15.6689
0.0096,0.0000,0.0000,0.0000,0.0095,0.0001,200,15.6695
0.0066,0.0000,0.0000,0.0000,0.0065,0.0000,200,15.6754
0.0063,0.0000,0.0000,0.0000,0.0063,0.0000,200,15.6757
0.0068,0.0000,0.0000,0.0000,0.0067,0.0001,200,15.6761
0.0065,0.0000,0.0000,0.0000,0.0064,0.0000,200,15.6790
0.0070,0.0000,0.0000,0.0000,0.0069,0.0001,200,15.6820
0.0070,0.0000,0.0000,0.0000,0.0069,0.0000,200,15.6829
0.0080,0.0000,0.0000,0.0000,0.0078,0.0002,200,15.6821
0.0066,0.0000,0.0000,0.0000,0.0065,0.0001,200,15.6855
0.0062,0.0000,0.0000,0.0000,0.0061,0.0001,200,15.6900
0.0073,0.0000,0.0000,0.0000,0.0072,0.0000,200,15.6890
0.0064,0.0000,0.0000,0.0000,0.0063,0.0000,200,15.6899
0.0064,0.0000,0.0000,0.0000,0.0063,0.0000,200,15.6921
0.0065,0.0000,0.0000,0.0000,0.0064,0.0001,200,15.6962
0.0065,0.0000,0.0000,0.0000,0.0065,0.0000,200,15.6963
0.0067,0.0000,0.0000,0.0000,0.0067,0.0000,200,15.6963
0.0064,0.0000,0.0000,0.0000,0.0063,0.0001,200,15.6985
0.0065,0.0000,0.0000,0.0000,0.0065,0.0001,200,15.7028
0.0067,0.0000,0.0000,0.0000,0.0066,0.0001,200,15.7027
0.0065,0.0000,0.0000,0.0000,0.0065,0.0000,200,15.7030
0.0065,0.0000,0.0000,0.0000,0.0064,0.0001,200,15.7049
0.0063,0.0000,0.0000,0.0000,0.0062,0.0001,200,15.7094
0.0065,0.0000,0.0000,0.0000,0.0065,0.0000,200,15.7095
0.0067,0.0000,0.0000,0.0000,0.0066,0.0000,200,15.7094
0.0073,0.0000,0.0000,0.0000,0.0072,0.0001,200,15.7114
0.0070,0.0000,0.0000,0.0000,0.0068,0.0001,200,15.7157
0.0067,0.0000,0.0000,0.0000,0.0066,0.0001,200,15.7161
0.0075,0.0000,0.0000,0.0000,0.0074,0.0000,200,15.7161
0.0066,0.0000,0.0000,0.0000,0.0065,0.0001,200,15.7187
0.0070,0.0000,0.0000,0.0000,0.0068,0.0002,200,15.7228
0.0073,0.0000,0.0000,0.0000,0.0072,0.0001,200,15.7236
0.0082,0.0000,0.0000,0.0000,0.0069,0.0001,200,15.7227
0.0065,0.0000,0.0000,0.0000,0.0064,0.0001,200,15.7253
0.0072,0.0000,0.0000,0.0000,0.0071,0.0001,200,15.7318
0.0095,0.0000,0.0000,0.0000,0.0094,0.0000,200,15.7308
0.0095,0.0000,0.0000,0.0000,0.0094,0.0000,200,15.7309
0.0106,0.0000,0.0000,0.0000,0.0104,0.0002,200,15.7299
0.0078,0.0000,0.0000,0.0000,0.0077,0.0001,200,15.7390
0.0068,0.0000,0.0000,0.0000,0.0067,0.0001,200,15.7404
0.0071,0.0000,0.0000,0.0000,0.0069,0.0001,200,15.7403
0.0070,0.0000,0.0000,0.0000,0.0069,0.0000,200,15.7405
0.0072,0.0000,0.0000,0.0000,0.0071,0.0001,200,15.7468
0.0068,0.0000,0.0000,0.0000,0.0067,0.0000,200,15.7475
0.0070,0.0000,0.0000,0.0000,0.0070,0.0000,200,15.7472
0.0069,0.0000,0.0000,0.0000,0.0068,0.0000,200,15.7474
0.0067,0.0000,0.0000,0.0000,0.0067,0.0001,200,15.7543
0.0068,0.0000,0.0000,0.0000,0.0067,0.0000,200,15.7543
0.0071,0.0000,0.0000,0.0000,0.0070,0.0000,200,15.7541
0.0068,0.0000,0.0000,0.0000,0.0068,0.0000,200,15.7543
0.0071,0.0000,0.0000,0.0000,0.0069,0.0001,200,15.7610
0.0070,0.0000,0.0000,0.0000,0.0069,0.0000,200,15.7611
0.0070,0.0000,0.0000,0.0000,0.0069,0.0000,200,15.7611
0.0071,0.0000,0.0000,0.0000,0.0070,0.0000,200,15.7611
0.0094,0.0000,0.0000,0.0000,0.0093,0.0001,200,15.7681
0.0100,0.0000,0.0000,0.0000,0.0099,0.0000,200,15.7681
0.0100,0.0000,0.0000,0.0000,0.0100,0.0000,200,15.7681
0.0102,0.0000,0.0000,0.0000,0.0101,0.0000,200,15.7681
0.0076,0.0000,0.0000,0.0000,0.0075,0.0001,200,15.7775
0.0070,0.0000,0.0000,0.0000,0.0068,0.0001,200,15.7782
0.0072,0.0000,0.0000,0.0000,0.0071,0.0000,200,15.7781
0.0070,0.0000,0.0000,0.0000,0.0069,0.0001,200,15.7783
0.0065,0.0000,0.0000,0.0000,0.0064,0.0000,200,15.7851
0.0063,0.0000,0.0000,0.0000,0.0063,0.0001,200,15.7853
0.0065,0.0000,0.0000,0.0000,0.0064,0.0000,200,15.7851
0.0064,0.0000,0.0000,0.0000,0.0063,0.0000,200,15.7853
0.0064,0.0000,0.0000,0.0000,0.0063,0.0001,200,15.7917
0.0064,0.0000,0.0000,0.0000,0.0063,0.0000,200,15.7917
0.0065,0.0000,0.0000,0.0000,0.0064,0.0000,200,15.7917
0.0066,0.0000,0.0000,0.0000,0.0065,0.0000,200,15.7917
0.0067,0.0000,0.0000,0.0000,0.0066,0.0001,200,15.7981
0.0068,0.0000,0.0000,0.0000,0.0068,0.0000,200,15.7983
0.0070,0.0000,0.0000,0.0000,0.0068,0.0001,200,15.7982
0.0073,0.0000,0.0000,0.0000,0.0072,0.0000,200,15.7981
0.0072,0.0000,0.0000,0.0000,0.0071,0.0001,200,15.8048
0.0070,0.0000,0.0000,0.0000,0.0069,0.0000,200,15.8051
0.0068,0.0000,0.0000,0.0000,0.0067,0.0000,200,15.8053
0.0072,0.0000,0.0000,0.0000,0.0072,0.0000,200,15.8051
0.0067,0.0000,0.0000,0.0000,0.0066,0.0001,200,15.8120
0.0066,0.0000,0.0000,0.0000,0.0066,0.0000,200,15.8121
0.0067,0.0000,0.0000,0.0000,0.0066,0.0000,200,15.8121
0.0066,0.0000,0.0000,0.0000,0.0065,0.0000,200,15.8123
0.0066,0.0000,0.0000,0.0000,0.0065,0.0000,200,15.8187
0.0066,0.0000,0.0000,0.0000,0.0065,0.0001,200,15.8187
0.0066,0.0000,0.0000,0.0000,0.0064,0.0001,200,15.8189
0.0066,0.0000,0.0000,0.0000,0.0066,0.0000,200,15.8189
0.0068,0.0000,0.0000,0.0000,0.0068,0.0001,200,15.8254
0.0069,0.0000,0.0000,0.0000,0.0068,0.0001,200,15.8254
0.0067,0.0000,0.0000,0.0000,0.0067,0.0001,200,15.8255
0.0068,0.0000,0.0000,0.0000,0.0068,0.0000,200,15.8254
0.0070,0.0000,0.0000,0.0000,0.0069,0.0001,200,15.8322
0.0071,0.0000,0.0000,0.0000,0.0069,0.0001,200,15.8322
0.0076,0.0000,0.0000,0.0000,0.0075,0.0000,200,15.8322
0.0085,0.0000,0.0000,0.0000,0.0084,0.0000,200,15.8323
0.0066,0.0000,0.0000,0.0000,0.0065,0.0001,200,15.8393
0.0067,0.0000,0.0000,0.0000,0.0066,0.0000,200,15.8393
0.0064,0.0000,0.0000,0.0000,0.0063,0.0000,200,15.8398
0.0082,0.0000,0.0000,0.0000,0.0081,0.0001,200,15.8408
0.0068,0.0000,0.0000,0.0000,0.0067,0.0001,200,15.8460
0.0066,0.0000,0.0000,0.0000,0.0065,0.0001,200,15.8462
0.0069,0.0000,0.0000,0.0000,0.0068,0.0000,200,15.8459
0.0080,0.0000,0.0000,0.0000,0.0079,0.0001,200,15.8490
0.0067,0.0000,0.0000,0.0000,0.0066,0.0001,200,15.8528
0.0067,0.0000,0.0000,0.0000,0.0067,0.0000,200,15.8528
0.0070,0.0000,0.0000,0.0000,0.0069,0.0000,200,15.8528
0.0071,0.0000,0.0000,0.0000,0.0069,0.0002,200,15.8570
0.0064,0.0000,0.0000,0.0000,0.0064,0.0000,200,15.8595
0.0063,0.0000,0.0000,0.0000,0.0062,0.0000,200,15.8598
0.0066,0.0000,0.0000,0.0000,0.0066,0.0000,200,15.8595
0.0065,0.0000,0.0000,0.0000,0.0063,0.0001,200,15.8641
0.0062,0.0000,0.0000,0.0000,0.0062,0.0000,200,15.8662
0.0064,0.0000,0.0000,0.0000,0.0063,0.0000,200,15.8661
0.0064,0.0000,0.0000,0.0000,0.0064,0.0000,200,15.8660
0.0074,0.0000,0.0000,0.0000,0.0073,0.0001,200,15.8706
0.0063,0.0000,0.0000,0.0000,0.0062,0.0000,200,15.8724
0.0065,0.0000,0.0000,0.0000,0.0064,0.0000,200,15.8724
0.0070,0.0000,0.0000,0.0000,0.0069,0.0001,200,15.8724
0.0075,0.0000,0.0000,0.0000,0.0073,0.0001,200,15.8780
0.0068,0.0000,0.0000,0.0000,0.0067,0.0000,200,15.8787
0.0073,0.0000,0.0000,0.0000,0.0073,0.0000,200,15.8789
0.0068,0.0000,0.0000,0.0000,0.0067,0.0001,200,15.8794
0.0066,0.0000,0.0000,0.0000,0.0065,0.0001,200,15.8855
0.0066,0.0000,0.0000,0.0000,0.0065,0.0000,200,15.8855
0.0070,0.0000,0.0000,0.0000,0.0069,0.0001,200,15.8863
0.0072,0.0000,0.0000,0.0000,0.0072,0.0000,200,15.8863
0.0068,0.0000,0.0000,0.0000,0.0067,0.0001,200,15.8921
0.0068,0.0000,0.0000,0.0000,0.0067,0.0001,200,15.8921
0.0069,0.0000,0.0000,0.0000,0.0068,0.0001,200,15.8935
0.0080,0.0000,0.0000,0.0000,0.0079,0.0000,200,15.8933
0.0075,0.0000,0.0000,0.0000,0.0073,0.0001,200,15.8989
0.0075,0.0000,0.0000,0.0000,0.0074,0.0000,200,15.8989
0.0063,0.0000,0.0000,0.0000,0.0063,0.0000,200,15.9004
0.0084,0.0000,0.0000,0.0000,0.0083,0.0000,200,15.9013
0.0085,0.0000,0.0000,0.0000,0.0084,0.0001,200,15.9064
0.0085,0.0000,0.0000,0.0000,0.0084,0.0001,200,15.9064
0.0082,0.0000,0.0000,0.0000,0.0082,0.0000,200,15.9067
0.0066,0.0000,0.0000,0.0000,0.0066,0.0000,200,15.9097
0.0077,0.0000,0.0000,0.0000,0.0076,0.0001,200,15.9149
0.0077,0.0000,0.0000,0.0000,0.0076,0.0001,200,15.9149
0.0078,0.0000,0.0000,0.0000,0.0077,0.0000,200,15.9149
0.0069,0.0000,0.0000,0.0000,0.0068,0.0000,200,15.9163
0.0067,0.0000,0.0000,0.0000,0.0065,0.0001,200,15.9226
0.0068,0.0000,0.0000,0.0000,0.0068,0.0000,200,15.9227
0.0067,0.0000,0.0000,0.0000,0.0066,0.0001,200,15.9232
0.0072,0.0000,0.0000,0.0000,0.0072,0.0000,200,15.9227
0.0066,0.0000,0.0000,0.0000,0.0065,0.0001,200,15.9293
0.0064,0.0000,0.0000,0.0000,0.0064,0.0000,200,15.9295
0.0063,0.0000,0.0000,0.0000,0.0062,0.0000,200,15.9299
0.0067,0.0000,0.0000,0.0000,0.0066,0.0000,200,15.9298
0.0069,0.0000,0.0000,0.0000,0.0067,0.0001,200,15.9359
0.0069,0.0000,0.0000,0.0000,0.0068,0.0000,200,15.9359
0.0066,0.0000,0.0000,0.0000,0.0066,0.0000,200,15.9362
0.0064,0.0000,0.0000,0.0000,0.0064,0.0000,200,15.9365
0.0067,0.0000,0.0000,0.0000,0.0065,0.0001,200,15.9428
0.0065,0.0000,0.0000,0.0000,0.0064,0.0001,200,15.9430
0.0067,0.0000,0.0000,0.0000,0.0066,0.0000,200,15.9428
0.0073,0.0000,0.0000,0.0000,0.0072,0.0000,200,15.9428
0.0067,0.0000,0.0000,0.0000,0.0066,0.0000,200,15.9495
0.0067,0.0000,0.0000,0.0000,0.0066,0.0001,200,15.9494
0.0068,0.0000,0.0000,0.0000,0.0067,0.0000,200,15.9494
0.0065,0.0000,0.0000,0.0000,0.0064,0.0000,200,15.9501
0.0065,0.0000,0.0000,0.0000,0.0063,0.0001,200,15.9563
0.0067,0.0000,0.0000,0.0000,0.0066,0.0000,200,15.9562
0.0070,0.0000,0.0000,0.0000,0.0069,0.0000,200,15.9562
0.0074,0.0000,0.0000,0.0000,0.0074,0.0000,200,15.9566
0.0066,0.0000,0.0000,0.0000,0.0064,0.0001,200,15.9627
0.0066,0.0000,0.0000,0.0000,0.0065,0.0000,200,15.9629
0.0075,0.0000,0.0000,0.0000,0.0074,0.0000,200,15.9631
0.0067,0.0000,0.0000,0.0000,0.0066,0.0000,200,15.9640
0.0066,0.0000,0.0000,0.0000,0.0065,0.0001,200,15.9693
0.0068,0.0000,0.0000,0.0000,0.0068,0.0000,200,15.9694
0.0064,0.0000,0.0000,0.0000,0.0063,0.0000,200,15.9706
0.0063,0.0000,0.0000,0.0000,0.0063,0.0000,200,15.9707
0.0070,0.0000,0.0000,0.0000,0.0069,0.0001,200,15.9763
0.0075,0.0000,0.0000,0.0000,0.0070,0.0005,200,15.9759
0.0065,0.0000,0.0000,0.0000,0.0064,0.0000,200,15.9771
0.0066,0.0000,0.0000,0.0000,0.0065,0.0000,200,15.9770
0.0066,0.0000,0.0000,0.0000,0.0064,0.0001,200,15.9833
0.0063,0.0000,0.0000,0.0000,0.0063,0.0000,200,15.9835
0.0066,0.0000,0.0000,0.0000,0.0066,0.0000,200,15.9834
0.0065,0.0000,0.0000,0.0000,0.0064,0.0001,200,15.9836
0.0065,0.0000,0.0000,0.0000,0.0064,0.0000,200,15.9899
0.0064,0.0000,0.0000,0.0000,0.0063,0.0000,200,15.9901
0.0066,0.0000,0.0000,0.0000,0.0065,0.0000,200,15.9899
0.0068,0.0000,0.0000,0.0000,0.0068,0.0000,200,15.9900
0.0066,0.0000,0.0000,0.0000,0.0065,0.0001,200,15.9964
0.0066,0.0000,0.0000,0.0000,0.0065,0.0000,200,15.9965
0.0066,0.0000,0.0000,0.0000,0.0065,0.0000,200,15.9964
0.0073,0.0000,0.0000,0.0000,0.0073,0.0000,200,15.9969
0.0068,0.0000,0.0000,0.0000,0.0066,0.0001,200,16.0031
0.0071,0.0000,0.0000,0.0000,0.0070,0.0000,200,16.0031
0.0077,0.0000,0.0000,0.0000,0.0076,0.0000,200,16.0030
0.0066,0.0000,0.0000,0.0000,0.0066,0.0000,200,16.0042
0.0074,0.0000,0.0000,0.0000,0.0073,0.0001,200,16.0098
0.0065,0.0000,0.0000,0.0000,0.0064,0.0001,200,16.0108
0.0072,0.0000,0.0000,0.0000,0.0071,0.0000,200,16.0101
0.0065,0.0000,0.0000,0.0000,0.0064,0.0000,200,16.0109
0.0074,0.0000,0.0000,0.0000,0.0073,0.0001,200,16.0172
0.0074,0.0000,0.0000,0.0000,0.0073,0.0001,200,16.0173
0.0075,0.0000,0.0000,0.0000,0.0073,0.0001,200,16.0172
0.0092,0.0000,0.0000,0.0000,0.0091,0.0001,200,16.0174
0.0084,0.0000,0.0000,0.0000,0.0083,0.0001,200,16.0247
0.0087,0.0000,0.0000,0.0000,0.0086,0.0001,200,16.0266
0.0107,0.0000,0.0000,0.0000,0.0106,0.0000,200,16.0247
0.0107,0.0000,0.0000,0.0000,0.0106,0.0000,200,16.0247
0.0084,0.0000,0.0000,0.0000,0.0083,0.0001,200,16.0331
0.0073,0.0000,0.0000,0.0000,0.0072,0.0000,200,16.0353
0.0073,0.0000,0.0000,0.0000,0.0073,0.0000,200,16.0354
0.0081,0.0000,0.0000,0.0000,0.0080,0.0001,200,16.0353
0.0067,0.0000,0.0000,0.0000,0.0066,0.0001,200,16.0415
0.0066,0.0000,0.0000,0.0000,0.0065,0.0000,200,16.0426
0.0063,0.0000,0.0000,0.0000,0.0062,0.0000,200,16.0434
0.0071,0.0000,0.0000,0.0001,0.0068,0.0001,200,16.0427
0.0067,0.0000,0.0000,0.0000,0.0065,0.0001,200,16.0482
0.0064,0.0000,0.0000,0.0000,0.0063,0.0001,200,16.0492
0.0064,0.0000,0.0000,0.0000,0.0063,0.0000,200,16.0497
0.0066,0.0000,0.0000,0.0000,0.0065,0.0000,200,16.0498
0.0067,0.0000,0.0000,0.0000,0.0066,0.0001,200,16.0548
0.0064,0.0000,0.0000,0.0000,0.0063,0.0001,200,16.0555
0.0065,0.0000,0.0000,0.0000,0.0064,0.0000,200,16.0561
0.0065,0.0000,0.0000,0.0000,0.0064,0.0000,200,16.0564
0.0065,0.0000,0.0000,0.0000,0.0064,0.0001,200,16.0615
0.0064,0.0000,0.0000,0.0000,0.0063,0.0000,200,16.0619
0.0064,0.0000,0.0000,0.0000,0.0063,0.0000,200,16.0626
0.0063,0.0000,0.0000,0.0000,0.0063,0.0000,200,16.0628
0.0068,0.0000,0.0000,0.0000,0.0067,0.0001,200,16.0681
0.0072,0.0000,0.0000,0.0000,0.0071,0.0000,200,16.0683
0.0064,0.0000,0.0000,0.0000,0.0063,0.0000,200,16.0692
0.0067,0.0000,0.0000,0.0000,0.0066,0.0000,200,16.0689
0.0066,0.0000,0.0000,0.0000,0.0065,0.0001,200,16.0749
0.0077,0.0000,0.0000,0.0000,0.0075,0.0001,200,16.0755
0.0077,0.0000,0.0000,0.0000,0.0077,0.0000,200,16.0756
0.0115,0.0000,0.0000,0.0000,0.0114,0.0001,200,16.0756
0.0064,0.0000,0.0000,0.0000,0.0063,0.0000,200,16.0815
0.0064,0.0000,0.0000,0.0000,0.0063,0.0000,200,16.0832
0.0064,0.0000,0.0000,0.0000,0.0063,0.0000,200,16.0833
0.0068,0.0000,0.0000,0.0000,0.0067,0.0001,200,16.0871
0.0064,0.0000,0.0000,0.0000,0.0063,0.0000,200,16.0880
0.0083,0.0000,0.0000,0.0000,0.0082,0.0000,200,16.0897
0.0084,0.0000,0.0000,0.0000,0.0083,0.0000,200,16.0896
0.0068,0.0000,0.0000,0.0000,0.0067,0.0001,200,16.0939
0.0067,0.0000,0.0000,0.0000,0.0066,0.0000,200,16.0944
0.0068,0.0000,0.0000,0.0000,0.0067,0.0001,200,16.0980
0.0070,0.0000,0.0000,0.0000,0.0070,0.0001,200,16.0980
0.0066,0.0000,0.0000,0.0000,0.0065,0.0001,200,16.1007
0.0063,0.0000,0.0000,0.0000,0.0063,0.0000,200,16.1011
0.0066,0.0000,0.0000,0.0000,0.0065,0.0001,200,16.1050
0.0072,0.0000,0.0000,0.0000,0.0070,0.0000,200,16.1048
0.0077,0.0000,0.0000,0.0000,0.0075,0.0001,200,16.1073
0.0077,0.0000,0.0000,0.0000,0.0077,0.0000,200,16.1074
0.0066,0.0000,0.0000,0.0000,0.0065,0.0001,200,16.1116
0.0064,0.0000,0.0000,0.0000,0.0063,0.0000,200,16.1120
0.0066,0.0000,0.0000,0.0000,0.0064,0.0001,200,16.1150
0.0066,0.0000,0.0000,0.0000,0.0066,0.0000,200,16.1151
0.0065,0.0000,0.0000,0.0000,0.0064,0.0001,200,16.1183
0.0068,0.0000,0.0000,0.0000,0.0067,0.0001,200,16.1182
0.0083,0.0000,0.0000,0.0000,0.0082,0.0001,200,16.1216
0.0083,0.0000,0.0000,0.0000,0.0082,0.0000,200,16.1218
0.0067,0.0000,0.0000,0.0000,0.0066,0.0001,200,16.1250
0.0085,0.0000,0.0000,0.0000,0.0084,0.0000,200,16.1248
0.0065,0.0000,0.0000,0.0000,0.0064,0.0001,200,16.1300
0.0067,0.0000,0.0000,0.0000,0.0066,0.0000,200,16.1299
0.0064,0.0000,0.0000,0.0000,0.0063,0.0000,200,16.1316
0.0063,0.0000,0.0000,0.0000,0.0062,0.0000,200,16.1333
0.0064,0.0000,0.0000,0.0000,0.0063,0.0001,200,16.1365
0.0066,0.0000,0.0000,0.0000,0.0065,0.0000,200,16.1366
0.0063,0.0000,0.0000,0.0000,0.0061,0.0001,200,16.1380
0.0077,0.0000,0.0000,0.0000,0.0076,0.0001,200,16.1396
0.0071,0.0000,0.0000,0.0000,0.0069,0.0001,200,16.1429
0.0077,0.0000,0.0000,0.0000,0.0076,0.0000,200,16.1432
0.0079,0.0000,0.0000,0.0000,0.0078,0.0000,200,16.1443
0.0066,0.0000,0.0000,0.0000,0.0065,0.0000,200,16.1473
0.0074,0.0000,0.0000,0.0000,0.0073,0.0001,200,16.1499
0.0068,0.0000,0.0000,0.0000,0.0068,0.0000,200,16.1509
0.0078,0.0000,0.0000,0.0000,0.0078,0.0000,200,16.1522
0.0065,0.0000,0.0000,0.0000,0.0064,0.0000,200,16.1539
0.0064,0.0000,0.0000,0.0000,0.0063,0.0001,200,16.1573
0.0083,0.0000,0.0000,0.0001,0.0082,0.0001,200,16.1578
0.0069,0.0000,0.0000,0.0000,0.0069,0.0000,200,16.1600
0.0066,0.0000,0.0000,0.0000,0.0066,0.0000,200,16.1604
0.0080,0.0000,0.0000,0.0000,0.0079,0.0001,200,16.1638
0.0068,0.0000,0.0000,0.0000,0.0066,0.0001,200,16.1661
0.0067,0.0000,0.0000,0.0000,0.0066,0.0000,200,16.1670
0.0086,0.0000,0.0000,0.0000,0.0085,0.0000,200,16.1671
0.0069,0.0000,0.0000,0.0000,0.0068,0.0001,200,16.1718
0.0067,0.0000,0.0000,0.0000,0.0066,0.0000,200,16.1737
0.0075,0.0000,0.0000,0.0000,0.0074,0.0000,200,16.1729
0.0065,0.0000,0.0000,0.0000,0.0064,0.0001,200,16.1757
0.0066,0.0000,0.0000,0.0000,0.0065,0.0001,200,16.1787
0.0065,0.0000,0.0000,0.0000,0.0064,0.0000,200,16.1804
0.0067,0.0000,0.0000,0.0000,0.0067,0.0000,200,16.1804
0.0078,0.0000,0.0000,0.0000,0.0077,0.0001,200,16.1822
0.0075,0.0000,0.0000,0.0000,0.0074,0.0001,200,16.1869
0.0074,0.0000,0.0000,0.0000,0.0073,0.0000,200,16.1871
0.0092,0.0000,0.0000,0.0000,0.0091,0.0000,200,16.1853
0.0070,0.0000,0.0000,0.0000,0.0068,0.0001,200,16.1900
0.0075,0.0000,0.0000,0.0000,0.0075,0.0001,200,16.1944
0.0075,0.0000,0.0000,0.0000,0.0074,0.0001,200,16.1945
0.0074,0.0000,0.0000,0.0000,0.0073,0.0001,200,16.1946
0.0083,0.0000,0.0000,0.0000,0.0082,0.0001,200,16.1970
0.0066,0.0000,0.0000,0.0000,0.0065,0.0001,200,16.2019
0.0068,0.0000,0.0000,0.0000,0.0067,0.0001,200,16.2019
0.0073,0.0000,0.0000,0.0000,0.0072,0.0000,200,16.2019
0.0063,0.0000,0.0000,0.0000,0.0062,0.0000,200,16.2053
0.0066,0.0000,0.0000,0.0000,0.0065,0.0001,200,16.2085
0.0064,0.0000,0.0000,0.0000,0.0063,0.0001,200,16.2092
0.0071,0.0000,0.0000,0.0000,0.0070,0.0000,200,16.2087
0.0065,0.0000,0.0000,0.0000,0.0065,0.0001,200,16.2116
0.0070,0.0000,0.0000,0.0000,0.0069,0.0001,200,16.2151
0.0064,0.0000,0.0000,0.0000,0.0063,0.0000,200,16.2158
0.0074,0.0000,0.0000,0.0001,0.0073,0.0000,200,16.2156
0.0064,0.0000,0.0000,0.0000,0.0063,0.0001,200,16.2181
0.0064,0.0000,0.0000,0.0000,0.0063,0.0000,200,16.2222
0.0068,0.0000,0.0000,0.0000,0.0067,0.0000,200,16.2222
0.0064,0.0000,0.0000,0.0000,0.0064,0.0000,200,16.2230
0.0067,0.0000,0.0000,0.0000,0.0066,0.0000,200,16.2245
0.0069,0.0000,0.0000,0.0000,0.0066,0.0002,200,16.2290
0.0074,0.0000,0.0000,0.0000,0.0074,0.0000,200,16.2285
0.0070,0.0000,0.0000,0.0000,0.0066,0.0004,200,16.2294
0.0066,0.0000,0.0000,0.0000,0.0065,0.0000,200,16.2312
0.0067,0.0000,0.0000,0.0000,0.0066,0.0001,200,16.2360
0.0064,0.0000,0.0000,0.0000,0.0064,0.0001,200,16.2364
0.0072,0.0000,0.0000,0.0000,0.0071,0.0000,200,16.2359
0.0069,0.0000,0.0000,0.0000,0.0068,0.0001,200,16.2378
0.0068,0.0000,0.0000,0.0000,0.0067,0.0001,200,16.2427
0.0066,0.0000,0.0000,0.0000,0.0066,0.0000,200,16.2431
0.0068,0.0000,0.0000,0.0000,0.0066,0.0001,200,16.2447
0.0089,0.0000,0.0000,0.0000,0.0088,0.0001,200,16.2428
0.0064,0.0000,0.0000,0.0000,0.0063,0.0001,200,16.2497
0.0068,0.0000,0.0000,0.0000,0.0067,0.0000,200,16.2495
0.0069,0.0000,0.0000,0.0000,0.0068,0.0001,200,16.2517
0.0075,0.0000,0.0000,0.0000,0.0074,0.0001,200,16.2515
0.0068,0.0000,0.0000,0.0000,0.0067,0.0001,200,16.2561
0.0075,0.0000,0.0000,0.0000,0.0065,0.0010,200,16.2563
0.0063,0.0000,0.0000,0.0000,0.0063,0.0000,200,16.2586
0.0078,0.0000,0.0000,0.0000,0.0077,0.0001,200,16.2589
0.0063,0.0000,0.0000,0.0000,0.0062,0.0000,200,16.2629
0.0067,0.0000,0.0000,0.0000,0.0066,0.0000,200,16.2638
0.0069,0.0000,0.0000,0.0000,0.0068,0.0000,200,16.2649
0.0065,0.0000,0.0000,0.0000,0.0065,0.0000,200,16.2667
0.0067,0.0000,0.0000,0.0000,0.0066,0.0001,200,16.2692
0.0065,0.0000,0.0000,0.0000,0.0064,0.0000,200,16.2705
0.0065,0.0000,0.0000,0.0000,0.0064,0.0000,200,16.2718
0.0062,0.0000,0.0000,0.0000,0.0061,0.0000,200,16.2732
0.0076,0.0000,0.0000,0.0000,0.0075,0.0001,200,16.2759
0.0066,0.0000,0.0000,0.0000,0.0066,0.0000,200,16.2771
0.0066,0.0000,0.0000,0.0000,0.0065,0.0001,200,16.2784
0.0087,0.0000,0.0000,0.0000,0.0086,0.0001,200,16.2795
0.0065,0.0000,0.0000,0.0000,0.0064,0.0000,200,16.2837
0.0067,0.0000,0.0000,0.0000,0.0066,0.0000,200,16.2836
0.0094,0.0000,0.0000,0.0000,0.0092,0.0001,200,16.2849
0.0069,0.0000,0.0000,0.0000,0.0068,0.0000,200,16.2882
0.0064,0.0000,0.0000,0.0000,0.0063,0.0000,200,16.2902
0.0063,0.0000,0.0000,0.0000,0.0063,0.0000,200,16.2902
0.0067,0.0000,0.0000,0.0000,0.0066,0.0001,200,16.2943
0.0066,0.0000,0.0000,0.0000,0.0064,0.0001,200,16.2951
0.0064,0.0000,0.0000,0.0000,0.0063,0.0000,200,16.2965
0.0064,0.0000,0.0000,0.0000,0.0063,0.0000,200,16.2965
0.0069,0.0000,0.0000,0.0000,0.0068,0.0001,200,16.3010
0.0066,0.0000,0.0000,0.0000,0.0065,0.0000,200,16.3016
0.0069,0.0000,0.0000,0.0000,0.0068,0.0001,200,16.3030
0.0069,0.0000,0.0000,0.0000,0.0068,0.0001,200,16.3030
0.0065,0.0000,0.0000,0.0000,0.0064,0.0001,200,16.3080
0.0063,0.0000,0.0000,0.0000,0.0062,0.0000,200,16.3082
0.0063,0.0000,0.0000,0.0000,0.0062,0.0000,200,16.3098
0.0063,0.0000,0.0000,0.0000,0.0062,0.0000,200,16.3098
0.0066,0.0000,0.0000,0.0000,0.0065,0.0001,200,16.3145
0.0066,0.0000,0.0000,0.0000,0.0065,0.0001,200,16.3145
0.0064,0.0000,0.0000,0.0000,0.0064,0.0000,200,16.3162
0.0065,0.0000,0.0000,0.0000,0.0064,0.0000,200,16.3162
0.0066,0.0000,0.0000,0.0000,0.0065,0.0001,200,16.3211
0.0067,0.0000,0.0000,0.0000,0.0066,0.0000,200,16.3211
0.0064,0.0000,0.0000,0.0000,0.0063,0.0001,200,16.3226
0.0066,0.0000,0.0000,0.0000,0.0065,0.0000,200,16.3226
0.0063,0.0000,0.0000,0.0000,0.0062,0.0001,200,16.3278
0.0065,0.0000,0.0000,0.0000,0.0065,0.0000,200,16.3277
0.0063,0.0000,0.0000,0.0000,0.0062,0.0000,200,16.3291
0.0065,0.0000,0.0000,0.0000,0.0065,0.0000,200,16.3292
0.0067,0.0000,0.0000,0.0000,0.0066,0.0001,200,16.3342
0.0080,0.0000,0.0000,0.0000,0.0079,0.0001,200,16.3342
0.0064,0.0000,0.0000,0.0000,0.0064,0.0000,200,16.3358
0.0069,0.0000,0.0000,0.0000,0.0069,0.0000,200,16.3353
0.0068,0.0000,0.0000,0.0000,0.0067,0.0001,200,16.3422
0.0068,0.0000,0.0000,0.0000,0.0067,0.0000,200,16.3423
0.0081,0.0000,0.0000,0.0000,0.0080,0.0000,200,16.3409
0.0069,0.0000,0.0000,0.0000,0.0068,0.0000,200,16.3422
0.0069,0.0000,0.0000,0.0000,0.0067,0.0001,200,16.3490
0.0069,0.0000,0.0000,0.0000,0.0068,0.0000,200,16.3490
0.0069,0.0000,0.0000,0.0000,0.0069,0.0000,200,16.3490
0.0069,0.0000,0.0000,0.0000,0.0068,0.0000,200,16.3490
0.0077,0.0000,0.0000,0.0000,0.0076,0.0001,200,16.3559
0.0077,0.0000,0.0000,0.0000,0.0076,0.0001,200,16.3559
0.0081,0.0000,0.0000,0.0000,0.0080,0.0000,200,16.3559
0.0082,0.0000,0.0000,0.0000,0.0081,0.0000,200,16.3559
0.0063,0.0000,0.0000,0.0000,0.0062,0.0001,200,16.3640
0.0067,0.0000,0.0000,0.0000,0.0066,0.0001,200,16.3636
0.0066,0.0000,0.0000,0.0000,0.0066,0.0000,200,16.3641
0.0072,0.0000,0.0000,0.0000,0.0070,0.0002,200,16.3636
0.0067,0.0000,0.0000,0.0000,0.0066,0.0001,200,16.3703
0.0069,0.0000,0.0000,0.0000,0.0068,0.0000,200,16.3703
0.0064,0.0000,0.0000,0.0000,0.0064,0.0000,200,16.3708
0.0071,0.0000,0.0000,0.0000,0.0071,0.0001,200,16.3707
0.0066,0.0000,0.0000,0.0000,0.0065,0.0001,200,16.3770
0.0067,0.0000,0.0000,0.0000,0.0067,0.0000,200,16.3772
0.0069,0.0000,0.0000,0.0000,0.0068,0.0000,200,16.3771
0.0066,0.0000,0.0000,0.0000,0.0065,0.0001,200,16.3779
0.0076,0.0000,0.0000,0.0000,0.0076,0.0001,200,16.3840
0.0076,0.0000,0.0000,0.0000,0.0076,0.0001,200,16.3840
0.0080,0.0000,0.0000,0.0000,0.0079,0.0001,200,16.3836
0.0071,0.0000,0.0000,0.0000,0.0070,0.0001,200,16.3845
0.0079,0.0000,0.0000,0.0000,0.0077,0.0001,200,16.3916
0.0080,0.0000,0.0000,0.0000,0.0079,0.0000,200,16.3916
0.0080,0.0000,0.0000,0.0000,0.0079,0.0000,200,16.3916
0.0093,0.0000,0.0000,0.0000,0.0092,0.0001,200,16.3916
0.0067,0.0000,0.0000,0.0000,0.0066,0.0001,200,16.3995
0.0067,0.0000,0.0000,0.0000,0.0066,0.0000,200,16.3996
0.0069,0.0000,0.0000,0.0000,0.0068,0.0000,200,16.3996
0.0063,0.0000,0.0000,0.0000,0.0063,0.0000,200,16.4010
0.0077,0.0000,0.0000,0.0000,0.0076,0.0001,200,16.4062
0.0074,0.0000,0.0000,0.0000,0.0073,0.0001,200,16.4065
0.0076,0.0000,0.0000,0.0000,0.0076,0.0000,200,16.4063
0.0067,0.0000,0.0000,0.0000,0.0066,0.0000,200,16.4073
0.0068,0.0000,0.0000,0.0000,0.0067,0.0001,200,16.4138
0.0068,0.0000,0.0000,0.0000,0.0067,0.0000,200,16.4138
0.0068,0.0000,0.0000,0.0000,0.0067,0.0000,200,16.4139
0.0067,0.0000,0.0000,0.0000,0.0066,0.0000,200,16.4140
0.0066,0.0000,0.0000,0.0000,0.0065,0.0001,200,16.4207
0.0068,0.0000,0.0000,0.0000,0.0067,0.0000,200,16.4207
0.0068,0.0000,0.0000,0.0000,0.0067,0.0000,200,16.4207
0.0069,0.0000,0.0000,0.0000,0.0068,0.0000,200,16.4207
0.0066,0.0000,0.0000,0.0000,0.0065,0.0001,200,16.4275
0.0066,0.0000,0.0000,0.0000,0.0065,0.0000,200,16.4275
0.0066,0.0000,0.0000,0.0000,0.0066,0.0000,200,16.4275
0.0068,0.0000,0.0000,0.0000,0.0067,0.0000,200,16.4273
0.0066,0.0000,0.0000,0.0000,0.0065,0.0001,200,16.4341
0.0065,0.0000,0.0000,0.0000,0.0065,0.0001,200,16.4341
0.0066,0.0000,0.0000,0.0000,0.0065,0.0001,200,16.4341
0.0066,0.0000,0.0000,0.0000,0.0065,0.0001,200,16.4341
0.0067,0.0000,0.0000,0.0000,0.0065,0.0001,200,16.4407
0.0067,0.0000,0.0000,0.0000,0.0066,0.0000,200,16.4407
0.0070,0.0000,0.0000,0.0000,0.0069,0.0000,200,16.4407
0.0072,0.0000,0.0000,0.0000,0.0071,0.0000,200,16.4407
0.0064,0.0000,0.0000,0.0000,0.0064,0.0001,200,16.4477
0.0068,0.0000,0.0000,0.0000,0.0067,0.0001,200,16.4474
0.0068,0.0000,0.0000,0.0000,0.0067,0.0000,200,16.4473
0.0069,0.0000,0.0000,0.0000,0.0068,0.0000,200,16.4478
0.0066,0.0000,0.0000,0.0000,0.0065,0.0001,200,16.4541
0.0067,0.0000,0.0000,0.0000,0.0066,0.0001,200,16.4541
0.0067,0.0000,0.0000,0.0000,0.0067,0.0000,200,16.4541
0.0062,0.0000,0.0000,0.0000,0.0062,0.0000,200,16.4547
0.0064,0.0000,0.0000,0.0000,0.0063,0.0001,200,16.4609
0.0065,0.0000,0.0000,0.0000,0.0064,0.0001,200,16.4608
0.0066,0.0000,0.0000,0.0000,0.0065,0.0000,200,16.4607
0.0074,0.0000,0.0000,0.0000,0.0071,0.0002,200,16.4609
0.0069,0.0000,0.0000,0.0000,0.0068,0.0001,200,16.4674
0.0069,0.0000,0.0000,0.0000,0.0068,0.0000,200,16.4674
0.0069,0.0000,0.0000,0.0000,0.0068,0.0000,200,16.4674
0.0061,0.0000,0.0000,0.0000,0.0061,0.0000,200,16.4682
0.0066,0.0000,0.0000,0.0000,0.0064,0.0001,200,16.4742
0.0066,0.0000,0.0000,0.0000,0.0065,0.0000,200,16.4744
0.0067,0.0000,0.0000,0.0000,0.0066,0.0000,200,16.4743
0.0067,0.0000,0.0000,0.0000,0.0066,0.0000,200,16.4743
0.0067,0.0000,0.0000,0.0000,0.0066,0.0001,200,16.4808
0.0068,0.0000,0.0000,0.0000,0.0067,0.0000,200,16.4810
0.0068,0.0000,0.0000,0.0000,0.0068,0.0000,200,16.4810
0.0068,0.0000,0.0000,0.0000,0.0067,0.0000,200,16.4810
0.0067,0.0000,0.0000,0.0000,0.0066,0.0001,200,16.4876
0.0065,0.0000,0.0000,0.0000,0.0065,0.0000,200,16.4878
0.0066,0.0000,0.0000,0.0000,0.0065,0.0000,200,16.4878
0.0066,0.0000,0.0000,0.0000,0.0065,0.0000,200,16.4878
0.0065,0.0000,0.0000,0.0000,0.0064,0.0000,200,16.4943
0.0065,0.0000,0.0000,0.0000,0.0064,0.0001,200,16.4943
0.0065,0.0000,0.0000,0.0000,0.0064,0.0001,200,16.4943
0.0066,0.0000,0.0000,0.0000,0.0065,0.0000,200,16.4943
0.0066,0.0000,0.0000,0.0000,0.0066,0.0000,200,16.5009
0.0067,0.0000,0.0000,0.0000,0.0066,0.0001,200,16.5009
0.0067,0.0000,0.0000,0.0000,0.0066,0.0001,200,16.5009
0.0067,0.0000,0.0000,0.0000,0.0065,0.0001,200,16.5009
0.0072,0.0000,0.0000,0.0000,0.0070,0.0001,200,16.5075
0.0072,0.0000,0.0000,0.0000,0.0071,0.0000,200,16.5076
0.0074,0.0000,0.0000,0.0000,0.0073,0.0000,200,16.5075
0.0075,0.0000,0.0000,0.0000,0.0075,0.0000,200,16.5075
0.0067,0.0000,0.0000,0.0000,0.0066,0.0001,200,16.5147
0.0065,0.0000,0.0000,0.0000,0.0065,0.0000,200,16.5151
0.0069,0.0000,0.0000,0.0000,0.0068,0.0000,200,16.5149
0.0071,0.0000,0.0000,0.0000,0.0070,0.0001,200,16.5148
0.0067,0.0000,0.0000,0.0000,0.0065,0.0001,200,16.5214
0.0064,0.0000,0.0000,0.0000,0.0063,0.0000,200,16.5218
0.0063,0.0000,0.0000,0.0000,0.0063,0.0000,200,16.5219
0.0066,0.0000,0.0000,0.0000,0.0065,0.0000,200,16.5216
0.0065,0.0000,0.0000,0.0000,0.0064,0.0000,200,16.5282
0.0065,0.0000,0.0000,0.0000,0.0065,0.0000,200,16.5281
0.0065,0.0000,0.0000,0.0000,0.0064,0.0001,200,16.5282
0.0065,0.0000,0.0000,0.0000,0.0064,0.0001,200,16.5282
0.0064,0.0000,0.0000,0.0000,0.0063,0.0001,200,16.5347
0.0064,0.0000,0.0000,0.0000,0.0063,0.0001,200,16.5347
0.0064,0.0000,0.0000,0.0000,0.0063,0.0000,200,16.5347
0.0064,0.0000,0.0000,0.0000,0.0063,0.0000,200,16.5347
0.0064,0.0000,0.0000,0.0000,0.0063,0.0001,200,16.5411
0.0065,0.0000,0.0000,0.0000,0.0064,0.0000,200,16.5411
0.0065,0.0000,0.0000,0.0000,0.0064,0.0000,200,16.5411
0.0065,0.0000,0.0000,0.0000,0.0065,0.0000,200,16.5411
0.0068,0.0000,0.0000,0.0000,0.0067,0.0001,200,16.5475
0.0068,0.0000,0.0000,0.0000,0.0067,0.0001,200,16.5475
0.0068,0.0000,0.0000,0.0000,0.0067,0.0000,200,16.5475
0.0068,0.0000,0.0000,0.0000,0.0067,0.0000,200,16.5476
0.0066,0.0000,0.0000,0.0000,0.0064,0.0001,200,16.5543
0.0065,0.0000,0.0000,0.0000,0.0064,0.0001,200,16.5543
0.0066,0.0000,0.0000,0.0000,0.0065,0.0001,200,16.5543
0.0086,0.0000,0.0000,0.0000,0.0085,0.0001,200,16.5543
0.0078,0.0000,0.0000,0.0000,0.0077,0.0001,200,16.5609
0.0080,0.0000,0.0000,0.0000,0.0079,0.0000,200,16.5609
0.0081,0.0000,0.0000,0.0000,0.0080,0.0000,200,16.5609
0.0107,0.0000,0.0000,0.0000,0.0106,0.0001,200,16.5629
0.0067,0.0000,0.0000,0.0000,0.0066,0.0000,200,16.5689
0.0068,0.0000,0.0000,0.0000,0.0067,0.0000,200,16.5688
0.0070,0.0000,0.0000,0.0000,0.0068,0.0002,200,16.5687
0.0066,0.0000,0.0000,0.0000,0.0065,0.0000,200,16.5736
0.0066,0.0000,0.0000,0.0000,0.0065,0.0000,200,16.5756
0.0066,0.0000,0.0000,0.0000,0.0065,0.0001,200,16.5756
0.0066,0.0000,0.0000,0.0000,0.0065,0.0000,200,16.5757
0.0067,0.0000,0.0000,0.0000,0.0066,0.0001,200,16.5802
0.0064,0.0000,0.0000,0.0000,0.0063,0.0001,200,16.5822
0.0066,0.0000,0.0000,0.0000,0.0065,0.0000,200,16.5823
0.0079,0.0000,0.0000,0.0000,0.0078,0.0001,200,16.5822
0.0071,0.0000,0.0000,0.0000,0.0070,0.0001,200,16.5869
0.0067,0.0000,0.0000,0.0000,0.0066,0.0001,200,16.5886
0.0072,0.0000,0.0000,0.0000,0.0072,0.0000,200,16.5889
0.0069,0.0000,0.0000,0.0000,0.0067,0.0001,200,16.5940
0.0074,0.0000,0.0000,0.0000,0.0073,0.0001,200,16.5953
0.0135,0.0000,0.0000,0.0000,0.0134,0.0001,200,16.5901
0.0079,0.0000,0.0000,0.0000,0.0078,0.0001,200,16.5961
0.0067,0.0000,0.0000,0.0000,0.0066,0.0001,200,16.6009
0.0083,0.0000,0.0000,0.0000,0.0082,0.0000,200,16.6027
0.0073,0.0000,0.0000,0.0000,0.0072,0.0001,200,16.6037
0.0069,0.0000,0.0000,0.0000,0.0067,0.0000,200,16.6040
0.0065,0.0000,0.0000,0.0000,0.0064,0.0001,200,16.6076
0.0067,0.0000,0.0000,0.0000,0.0066,0.0000,200,16.6109
0.0067,0.0000,0.0000,0.0000,0.0066,0.0001,200,16.6109
0.0069,0.0000,0.0000,0.0000,0.0068,0.0000,200,16.6110
0.0064,0.0000,0.0000,0.0000,0.0063,0.0001,200,16.6141
0.0077,0.0000,0.0000,0.0000,0.0076,0.0001,200,16.6177
0.0078,0.0000,0.0000,0.0000,0.0074,0.0004,200,16.6177
0.0078,0.0000,0.0000,0.0000,0.0076,0.0001,200,16.6179
0.0083,0.0000,0.0000,0.0000,0.0082,0.0001,200,16.6205
0.0067,0.0000,0.0000,0.0000,0.0066,0.0001,200,16.6255
0.0080,0.0000,0.0000,0.0000,0.0079,0.0001,200,16.6256
0.0082,0.0000,0.0000,0.0000,0.0081,0.0000,200,16.6254
0.0070,0.0000,0.0000,0.0000,0.0069,0.0001,200,16.6288
0.0073,0.0000,0.0000,0.0000,0.0072,0.0001,200,16.6322
0.0064,0.0000,0.0000,0.0000,0.0063,0.0000,200,16.6336
0.0069,0.0000,0.0000,0.0000,0.0068,0.0000,200,16.6336
0.0063,0.0000,0.0000,0.0000,0.0062,0.0001,200,16.6358
0.0067,0.0000,0.0000,0.0000,0.0066,0.0001,200,16.6395
0.0064,0.0000,0.0000,0.0000,0.0063,0.0000,200,16.6400
0.0067,0.0000,0.0000,0.0000,0.0066,0.0000,200,16.6405
0.0063,0.0000,0.0000,0.0000,0.0062,0.0000,200,16.6421
0.0069,0.0000,0.0000,0.0000,0.0068,0.0001,200,16.6462
0.0068,0.0000,0.0000,0.0000,0.0067,0.0000,200,16.6464
0.0063,0.0000,0.0000,0.0000,0.0062,0.0000,200,16.6471
0.0071,0.0000,0.0000,0.0000,0.0070,0.0000,200,16.6484
0.0068,0.0000,0.0000,0.0000,0.0067,0.0001,200,16.6532
0.0066,0.0000,0.0000,0.0000,0.0065,0.0001,200,16.6534
0.0069,0.0000,0.0000,0.0000,0.0068,0.0000,200,16.6531
0.0066,0.0000,0.0000,0.0000,0.0065,0.0001,200,16.6555
0.0065,0.0000,0.0000,0.0000,0.0064,0.0001,200,16.6600
0.0065,0.0000,0.0000,0.0000,0.0064,0.0000,200,16.6600
0.0069,0.0000,0.0000,0.0000,0.0068,0.0000,200,16.6600
0.0066,0.0000,0.0000,0.0000,0.0065,0.0001,200,16.6620
0.0069,0.0000,0.0000,0.0000,0.0068,0.0001,200,16.6665
0.0072,0.0000,0.0000,0.0000,0.0071,0.0000,200,16.6664
0.0067,0.0000,0.0000,0.0000,0.0067,0.0000,200,16.6669
0.0084,0.0000,0.0000,0.0000,0.0083,0.0001,200,16.6686
0.0066,0.0000,0.0000,0.0000,0.0065,0.0001,200,16.6736
0.0068,0.0000,0.0000,0.0000,0.0066,0.0001,200,16.6736
0.0070,0.0000,0.0000,0.0000,0.0069,0.0000,200,16.6734
0.0069,0.0000,0.0000,0.0000,0.0068,0.0001,200,16.6770
0.0066,0.0000,0.0000,0.0000,0.0065,0.0001,200,16.6804
0.0067,0.0000,0.0000,0.0000,0.0067,0.0000,200,16.6804
0.0069,0.0000,0.0000,0.0000,0.0068,0.0000,200,16.6803
0.0066,0.0000,0.0000,0.0000,0.0064,0.0001,200,16.6839
0.0089,0.0000,0.0000,0.0000,0.0088,0.0001,200,16.6870
0.0094,0.0000,0.0000,0.0000,0.0094,0.0000,200,16.6871
0.0095,0.0000,0.0000,0.0000,0.0094,0.0001,200,16.6871
0.0075,0.0000,0.0000,0.0000,0.0074,0.0001,200,16.6905
0.0071,0.0000,0.0000,0.0000,0.0070,0.0001,200,16.6959
0.0066,0.0000,0.0000,0.0000,0.0065,0.0000,200,16.6966
0.0073,0.0000,0.0000,0.0000,0.0072,0.0000,200,16.6965
0.0065,0.0000,0.0000,0.0000,0.0064,0.0000,200,16.6980
0.0067,0.0000,0.0000,0.0000,0.0066,0.0001,200,16.7030
0.0067,0.0000,0.0000,0.0000,0.0066,0.0000,200,16.7031
0.0063,0.0000,0.0000,0.0000,0.0062,0.0000,200,16.7038
0.0065,0.0000,0.0000,0.0000,0.0064,0.0000,200,16.7044
0.0067,0.0000,0.0000,0.0000,0.0066,0.0001,200,16.7098
0.0076,0.0000,0.0000,0.0000,0.0075,0.0000,200,16.7097
0.0069,0.0000,0.0000,0.0000,0.0068,0.0000,200,16.7109
0.0077,0.0000,0.0000,0.0000,0.0077,0.0000,200,16.7101
0.0069,0.0000,0.0000,0.0000,0.0068,0.0001,200,16.7166
0.0065,0.0000,0.0000,0.0000,0.0064,0.0000,200,16.7173
0.0063,0.0000,0.0000,0.0000,0.0062,0.0000,200,16.7179
0.0065,0.0000,0.0000,0.0000,0.0065,0.0000,200,16.7178
0.0069,0.0000,0.0000,0.0000,0.0068,0.0001,200,16.7235
0.0067,0.0000,0.0000,0.0000,0.0066,0.0000,200,16.7238
0.0063,0.0000,0.0000,0.0000,0.0062,0.0000,200,16.7244
0.0068,0.0000,0.0000,0.0000,0.0067,0.0000,200,16.7241
0.0067,0.0000,0.0000,0.0000,0.0066,0.0000,200,16.7304
0.0068,0.0000,0.0000,0.0000,0.0066,0.0001,200,16.7304
0.0065,0.0000,0.0000,0.0000,0.0065,0.0000,200,16.7307
0.0070,0.0000,0.0000,0.0000,0.0069,0.0000,200,16.7309
0.0063,0.0000,0.0000,0.0000,0.0062,0.0001,200,16.7372
0.0067,0.0000,0.0000,0.0000,0.0066,0.0001,200,16.7371
0.0067,0.0000,0.0000,0.0000,0.0066,0.0001,200,16.7371
0.0062,0.0000,0.0000,0.0000,0.0061,0.0000,200,16.7379
0.0065,0.0000,0.0000,0.0000,0.0064,0.0001,200,16.7438
0.0068,0.0000,0.0000,0.0000,0.0067,0.0001,200,16.7435
0.0065,0.0000,0.0000,0.0000,0.0064,0.0001,200,16.7438
0.0070,0.0000,0.0000,0.0000,0.0070,0.0000,200,16.7440
0.0063,0.0000,0.0000,0.0000,0.0063,0.0000,200,16.7503
0.0064,0.0000,0.0000,0.0000,0.0063,0.0000,200,16.7504
0.0064,0.0000,0.0000,0.0000,0.0063,0.0000,200,16.7503
0.0072,0.0000,0.0000,0.0000,0.0071,0.0001,200,16.7511
0.0073,0.0000,0.0000,0.0000,0.0072,0.0001,200,16.7567
0.0075,0.0000,0.0000,0.0000,0.0074,0.0000,200,16.7567
0.0075,0.0000,0.0000,0.0000,0.0074,0.0001,200,16.7568
0.0066,0.0000,0.0000,0.0000,0.0065,0.0000,200,16.7583
0.0069,0.0000,0.0000,0.0000,0.0068,0.0001,200,16.7640
0.0067,0.0000,0.0000,0.0000,0.0066,0.0001,200,16.7642
0.0065,0.0000,0.0000,0.0000,0.0064,0.0000,200,16.7649
0.0073,0.0000,0.0000,0.0000,0.0072,0.0000,200,16.7643
0.0067,0.0000,0.0000,0.0000,0.0066,0.0001,200,16.7709
0.0067,0.0000,0.0000,0.0000,0.0067,0.0000,200,16.7709
0.0066,0.0000,0.0000,0.0000,0.0066,0.0000,200,16.7714
0.0066,0.0000,0.0000,0.0000,0.0065,0.0000,200,16.7716
0.0069,0.0000,0.0000,0.0000,0.0068,0.0001,200,16.7781
0.0071,0.0000,0.0000,0.0000,0.0069,0.0001,200,16.7780
0.0075,0.0000,0.0000,0.0000,0.0074,0.0000,200,16.7776
0.0084,0.0000,0.0000,0.0000,0.0083,0.0000,200,16.7776
0.0075,0.0000,0.0000,0.0000,0.0074,0.0001,200,16.7850
0.0074,0.0000,0.0000,0.0000,0.0073,0.0001,200,16.7851
0.0066,0.0000,0.0000,0.0000,0.0066,0.0000,200,16.7860
0.0075,0.0000,0.0000,0.0000,0.0074,0.0000,200,16.7851
0.0068,0.0000,0.0000,0.0000,0.0067,0.0001,200,16.7925
0.0074,0.0000,0.0000,0.0000,0.0073,0.0000,200,16.7925
0.0073,0.0000,0.0000,0.0000,0.0072,0.0000,200,16.7926
0.0075,0.0000,0.0000,0.0000,0.0074,0.0000,200,16.7926
0.0068,0.0000,0.0000,0.0000,0.0067,0.0001,200,16.8001
0.0076,0.0000,0.0000,0.0000,0.0075,0.0000,200,16.7994
0.0070,0.0000,0.0000,0.0000,0.0069,0.0001,200,16.7999
0.0071,0.0000,0.0000,0.0000,0.0069,0.0001,200,16.7999
0.0070,0.0000,0.0000,0.0000,0.0069,0.0000,200,16.8070
0.0071,0.0000,0.0000,0.0000,0.0070,0.0000,200,16.8069
0.0071,0.0000,0.0000,0.0000,0.0070,0.0001,200,16.8069
0.0087,0.0000,0.0000,0.0000,0.0086,0.0001,200,16.8069
0.0066,0.0000,0.0000,0.0000,0.0065,0.0000,200,16.8157
0.0082,0.0000,0.0000,0.0000,0.0081,0.0001,200,16.8140
0.0082,0.0000,0.0000,0.0000,0.0081,0.0001,200,16.8140
0.0083,0.0000,0.0000,0.0000,0.0082,0.0000,200,16.8140
0.0067,0.0000,0.0000,0.0000,0.0066,0.0001,200,16.8222
0.0077,0.0000,0.0000,0.0000,0.0076,0.0000,200,16.8223
0.0077,0.0000,0.0000,0.0000,0.0077,0.0000,200,16.8223
0.0079,0.0000,0.0000,0.0000,0.0078,0.0000,200,16.8222
0.0069,0.0000,0.0000,0.0000,0.0068,0.0001,200,16.8301
0.0081,0.0000,0.0000,0.0000,0.0080,0.0000,200,16.8290
0.0071,0.0000,0.0000,0.0000,0.0070,0.0000,200,16.8300
0.0086,0.0000,0.0000,0.0000,0.0085,0.0001,200,16.8301
0.0069,0.0000,0.0000,0.0000,0.0068,0.0001,200,16.8370
0.0068,0.0000,0.0000,0.0000,0.0067,0.0000,200,16.8371
0.0068,0.0000,0.0000,0.0000,0.0067,0.0000,200,16.8371
0.0065,0.0000,0.0000,0.0000,0.0064,0.0000,200,16.8387
0.0067,0.0000,0.0000,0.0000,0.0066,0.0001,200,16.8439
0.0067,0.0000,0.0000,0.0000,0.0066,0.0000,200,16.8439
0.0072,0.0000,0.0000,0.0000,0.0072,0.0000,200,16.8439
0.0062,0.0000,0.0000,0.0000,0.0061,0.0000,200,16.8453
0.0065,0.0000,0.0000,0.0000,0.0063,0.0001,200,16.8506
0.0066,0.0000,0.0000,0.0000,0.0066,0.0000,200,16.8506
0.0072,0.0000,0.0000,0.0000,0.0071,0.0000,200,16.8511
0.0069,0.0000,0.0000,0.0000,0.0068,0.0000,200,16.8514
0.0065,0.0000,0.0000,0.0000,0.0064,0.0001,200,16.8570
0.0070,0.0000,0.0000,0.0000,0.0069,0.0001,200,16.8573
0.0076,0.0000,0.0000,0.0000,0.0075,0.0000,200,16.8583
0.0081,0.0000,0.0000,0.0000,0.0080,0.0001,200,16.8583
0.0066,0.0000,0.0000,0.0000,0.0065,0.0001,200,16.8635
0.0067,0.0000,0.0000,0.0001,0.0065,0.0001,200,16.8642
0.0066,0.0000,0.0000,0.0001,0.0065,0.0001,200,16.8664
0.0072,0.0000,0.0000,0.0000,0.0071,0.0000,200,16.8659
0.0065,0.0000,0.0000,0.0000,0.0064,0.0000,200,16.8701
0.0064,0.0000,0.0000,0.0000,0.0063,0.0000,200,16.8709
0.0069,0.0000,0.0000,0.0000,0.0069,0.0000,200,16.8729
0.0068,0.0000,0.0000,0.0000,0.0067,0.0000,200,16.8731
0.0069,0.0000,0.0000,0.0000,0.0068,0.0001,200,16.8767
0.0069,0.0000,0.0000,0.0000,0.0068,0.0001,200,16.8799
0.0095,0.0000,0.0000,0.0000,0.0093,0.0002,200,16.8773
0.0094,0.0000,0.0000,0.0000,0.0093,0.0000,200,16.8799
0.0093,0.0000,0.0000,0.0000,0.0092,0.0001,200,16.8836
0.0064,0.0000,0.0000,0.0000,0.0063,0.0000,200,16.8868
0.0084,0.0000,0.0000,0.0000,0.0083,0.0001,200,16.8868
0.0064,0.0000,0.0000,0.0000,0.0063,0.0000,200,16.8893
0.0083,0.0000,0.0000,0.0000,0.0082,0.0001,200,16.8929
0.0080,0.0000,0.0000,0.0000,0.0079,0.0001,200,16.8932
0.0069,0.0000,0.0000,0.0000,0.0068,0.0000,200,16.8952
0.0065,0.0000,0.0000,0.0000,0.0065,0.0000,200,16.8957
0.0067,0.0000,0.0000,0.0000,0.0066,0.0001,200,16.9013
0.0072,0.0000,0.0000,0.0000,0.0069,0.0003,200,16.9013
0.0062,0.0000,0.0000,0.0000,0.0062,0.0000,200,16.9022
0.0064,0.0000,0.0000,0.0000,0.0063,0.0001,200,16.9021
0.0070,0.0000,0.0000,0.0000,0.0069,0.0001,200,16.9080
0.0065,0.0000,0.0000,0.0000,0.0064,0.0001,200,16.9085
0.0065,0.0000,0.0000,0.0000,0.0065,0.0000,200,16.9084
0.0065,0.0000,0.0000,0.0000,0.0064,0.0000,200,16.9085
0.0066,0.0000,0.0000,0.0000,0.0065,0.0001,200,16.9150
0.0067,0.0000,0.0000,0.0000,0.0066,0.0000,200,16.9150
0.0067,0.0000,0.0000,0.0000,0.0066,0.0000,200,16.9150
0.0068,0.0000,0.0000,0.0000,0.0067,0.0000,200,16.9150
0.0067,0.0000,0.0000,0.0000,0.0066,0.0000,200,16.9216
0.0066,0.0000,0.0000,0.0000,0.0066,0.0000,200,16.9217
0.0067,0.0000,0.0000,0.0000,0.0066,0.0000,200,16.9217
0.0067,0.0000,0.0000,0.0000,0.0065,0.0002,200,16.9217
0.0066,0.0000,0.0000,0.0000,0.0065,0.0001,200,16.9284
0.0067,0.0000,0.0000,0.0000,0.0067,0.0000,200,16.9283
0.0067,0.0000,0.0000,0.0000,0.0066,0.0000,200,16.9284
0.0067,0.0000,0.0000,0.0000,0.0065,0.0001,200,16.9284
0.0066,0.0000,0.0000,0.0000,0.0065,0.0001,200,16.9351
0.0068,0.0000,0.0000,0.0000,0.0067,0.0000,200,16.9349
0.0067,0.0000,0.0000,0.0000,0.0066,0.0000,200,16.9350
0.0067,0.0000,0.0000,0.0000,0.0066,0.0000,200,16.9350
0.0067,0.0000,0.0000,0.0000,0.0065,0.0001,200,16.9417
0.0067,0.0000,0.0000,0.0000,0.0067,0.0000,200,16.9417
0.0069,0.0000,0.0000,0.0000,0.0068,0.0000,200,16.9417
0.0102,0.0000,0.0000,0.0000,0.0101,0.0001,200,16.9417
0.0064,0.0000,0.0000,0.0000,0.0063,0.0000,200,16.9486
0.0083,0.0000,0.0000,0.0000,0.0082,0.0001,200,16.9484
0.0086,0.0000,0.0000,0.0000,0.0085,0.0000,200,16.9483
0.0070,0.0000,0.0000,0.0000,0.0069,0.0001,200,16.9519
0.0062,0.0000,0.0000,0.0000,0.0061,0.0001,200,16.9549
0.0063,0.0000,0.0000,0.0000,0.0063,0.0000,200,16.9569
0.0066,0.0000,0.0000,0.0000,0.0065,0.0000,200,16.9567
0.0062,0.0000,0.0000,0.0000,0.0061,0.0000,200,16.9589
0.0065,0.0000,0.0000,0.0000,0.0064,0.0001,200,16.9612
0.0064,0.0000,0.0000,0.0000,0.0064,0.0000,200,16.9632
0.0065,0.0000,0.0000,0.0000,0.0064,0.0000,200,16.9634
0.0069,0.0000,0.0000,0.0000,0.0068,0.0001,200,16.9651
0.0064,0.0000,0.0000,0.0000,0.0063,0.0001,200,16.9676
0.0062,0.0000,0.0000,0.0000,0.0061,0.0001,200,16.9698
0.0079,0.0000,0.0000,0.0000,0.0078,0.0001,200,16.9697
0.0065,0.0000,0.0000,0.0000,0.0064,0.0000,200,16.9720
0.0065,0.0000,0.0000,0.0000,0.0064,0.0001,200,16.9740
0.0065,0.0000,0.0000,0.0000,0.0063,0.0001,200,16.9760
0.0072,0.0000,0.0000,0.0000,0.0071,0.0000,200,16.9776
0.0082,0.0000,0.0000,0.0000,0.0081,0.0001,200,16.9785
0.0064,0.0000,0.0000,0.0000,0.0063,0.0000,200,16.9805
0.0067,0.0000,0.0000,0.0000,0.0066,0.0000,200,16.9847
0.0090,0.0000,0.0000,0.0000,0.0089,0.0000,200,16.9825
0.0066,0.0000,0.0000,0.0000,0.0065,0.0000,200,16.9867
0.0064,0.0000,0.0000,0.0000,0.0063,0.0000,200,16.9869
0.0065,0.0000,0.0000,0.0000,0.0064,0.0001,200,16.9915
0.0067,0.0000,0.0000,0.0000,0.0066,0.0000,200,16.9915
0.0063,0.0000,0.0000,0.0000,0.0062,0.0000,200,16.9933
0.0064,0.0000,0.0000,0.0000,0.0063,0.0000,200,16.9933
0.0074,0.0000,0.0000,0.0000,0.0072,0.0001,200,16.9981
0.0077,0.0000,0.0000,0.0000,0.0077,0.0000,200,16.9980
0.0069,0.0000,0.0000,0.0000,0.0068,0.0000,200,16.9995
0.0075,0.0000,0.0000,0.0000,0.0074,0.0000,200,16.9997
0.0071,0.0000,0.0000,0.0001,0.0069,0.0001,200,17.0055
0.0069,0.0000,0.0000,0.0000,0.0068,0.0000,200,17.0057
0.0070,0.0000,0.0000,0.0000,0.0069,0.0001,200,17.0064
0.0063,0.0000,0.0000,0.0000,0.0062,0.0000,200,17.0072
0.0067,0.0000,0.0000,0.0000,0.0066,0.0001,200,17.0126
0.0069,0.0000,0.0000,0.0000,0.0068,0.0000,200,17.0126
0.0064,0.0000,0.0000,0.0000,0.0063,0.0000,200,17.0134
0.0068,0.0000,0.0000,0.0000,0.0067,0.0001,200,17.0134
0.0068,0.0000,0.0000,0.0000,0.0067,0.0001,200,17.0195
0.0071,0.0000,0.0000,0.0000,0.0071,0.0000,200,17.0193
0.0066,0.0000,0.0000,0.0000,0.0066,0.0000,200,17.0198
0.0110,0.0000,0.0000,0.0000,0.0108,0.0001,200,17.0202
0.0065,0.0000,0.0000,0.0000,0.0064,0.0001,200,17.0265
0.0067,0.0000,0.0000,0.0000,0.0067,0.0000,200,17.0264
0.0069,0.0000,0.0000,0.0000,0.0068,0.0000,200,17.0263
0.0069,0.0000,0.0000,0.0000,0.0068,0.0001,200,17.0312
0.0066,0.0000,0.0000,0.0000,0.0065,0.0000,200,17.0330
0.0065,0.0000,0.0000,0.0000,0.0064,0.0000,200,17.0331
0.0065,0.0000,0.0000,0.0000,0.0062,0.0002,200,17.0331
0.0066,0.0000,0.0000,0.0000,0.0065,0.0001,200,17.0381
0.0063,0.0000,0.0000,0.0000,0.0062,0.0000,200,17.0396
0.0065,0.0000,0.0000,0.0000,0.0064,0.0000,200,17.0396
0.0065,0.0000,0.0000,0.0000,0.0064,0.0000,200,17.0396
0.0066,0.0000,0.0000,0.0000,0.0065,0.0001,200,17.0447
0.0065,0.0000,0.0000,0.0000,0.0064,0.0001,200,17.0459
0.0065,0.0000,0.0000,0.0000,0.0064,0.0000,200,17.0460
0.0089,0.0000,0.0000,0.0000,0.0088,0.0001,200,17.0461
0.0073,0.0000,0.0000,0.0000,0.0072,0.0001,200,17.0513
0.0067,0.0000,0.0000,0.0000,0.0066,0.0000,200,17.0523
0.0066,0.0000,0.0000,0.0000,0.0065,0.0001,200,17.0525
0.0072,0.0000,0.0000,0.0000,0.0071,0.0000,200,17.0550
0.0064,0.0000,0.0000,0.0000,0.0063,0.0001,200,17.0586
0.0062,0.0000,0.0000,0.0000,0.0061,0.0001,200,17.0591
0.0062,0.0000,0.0000,0.0000,0.0062,0.0000,200,17.0591
0.0070,0.0000,0.0000,0.0000,0.0069,0.0001,200,17.0622
0.0069,0.0000,0.0000,0.0000,0.0068,0.0000,200,17.0653
0.0068,0.0000,0.0000,0.0000,0.0067,0.0001,200,17.0654
0.0072,0.0000,0.0000,0.0000,0.0072,0.0000,200,17.0650
0.0072,0.0000,0.0000,0.0000,0.0071,0.0001,200,17.0692
0.0073,0.0000,0.0000,0.0000,0.0072,0.0000,200,17.0722
0.0073,0.0000,0.0000,0.0000,0.0072,0.0001,200,17.0722
0.0072,0.0000,0.0000,0.0000,0.0071,0.0001,200,17.0723
0.0075,0.0000,0.0000,0.0000,0.0073,0.0001,200,17.0764
0.0067,0.0000,0.0000,0.0000,0.0066,0.0001,200,17.0795
0.0068,0.0000,0.0000,0.0000,0.0066,0.0001,200,17.0795
0.0068,0.0000,0.0000,0.0000,0.0068,0.0000,200,17.0795
0.0065,0.0000,0.0000,0.0000,0.0064,0.0001,200,17.0839
0.0066,0.0000,0.0000,0.0000,0.0065,0.0001,200,17.0863
0.0067,0.0000,0.0000,0.0000,0.0066,0.0000,200,17.0863
0.0069,0.0000,0.0000,0.0000,0.0068,0.0000,200,17.0862
0.0076,0.0000,0.0000,0.0000,0.0075,0.0001,200,17.0904
0.0065,0.0000,0.0000,0.0000,0.0064,0.0001,200,17.0929
0.0064,0.0000,0.0000,0.0000,0.0064,0.0000,200,17.0931
0.0068,0.0000,0.0000,0.0000,0.0067,0.0000,200,17.0929
0.0071,0.0000,0.0000,0.0000,0.0070,0.0001,200,17.0981
0.0066,0.0000,0.0000,0.0000,0.0065,0.0000,200,17.0994
0.0066,0.0000,0.0000,0.0000,0.0066,0.0000,200,17.0995
0.0065,0.0000,0.0000,0.0000,0.0064,0.0000,200,17.0997
0.0067,0.0000,0.0000,0.0000,0.0066,0.0001,200,17.1061
0.0068,0.0000,0.0000,0.0000,0.0067,0.0001,200,17.1061
0.0079,0.0000,0.0000,0.0000,0.0078,0.0000,200,17.1052
0.0090,0.0000,0.0000,0.0000,0.0089,0.0000,200,17.1062
0.0068,0.0000,0.0000,0.0000,0.0067,0.0001,200,17.1129
0.0069,0.0000,0.0000,0.0000,0.0068,0.0001,200,17.1128
0.0066,0.0000,0.0000,0.0000,0.0065,0.0001,200,17.1131
0.0063,0.0000,0.0000,0.0000,0.0062,0.0000,200,17.1152
0.0066,0.0000,0.0000,0.0000,0.0065,0.0001,200,17.1197
0.0067,0.0000,0.0000,0.0000,0.0066,0.0000,200,17.1197
0.0068,0.0000,0.0000,0.0000,0.0067,0.0000,200,17.1197
0.0064,0.0000,0.0000,0.0000,0.0063,0.0001,200,17.1215
0.0066,0.0000,0.0000,0.0000,0.0065,0.0001,200,17.1264
0.0067,0.0000,0.0000,0.0000,0.0066,0.0000,200,17.1264
0.0066,0.0000,0.0000,0.0000,0.0065,0.0000,200,17.1265
0.0094,0.0000,0.0000,0.0000,0.0093,0.0001,200,17.1279
0.0082,0.0000,0.0000,0.0000,0.0081,0.0001,200,17.1330
0.0082,0.0000,0.0000,0.0000,0.0082,0.0000,200,17.1330
0.0083,0.0000,0.0000,0.0000,0.0081,0.0001,200,17.1330
0.0086,0.0000,0.0000,0.0000,0.0085,0.0001,200,17.1373
0.0072,0.0000,0.0000,0.0000,0.0071,0.0000,200,17.1413
0.0073,0.0000,0.0000,0.0000,0.0072,0.0000,200,17.1412
0.0073,0.0000,0.0000,0.0000,0.0071,0.0002,200,17.1412
0.0069,0.0000,0.0000,0.0000,0.0068,0.0001,200,17.1459
0.0065,0.0000,0.0000,0.0001,0.0064,0.0000,200,17.1486
0.0066,0.0000,0.0000,0.0000,0.0065,0.0000,200,17.1485
0.0067,0.0000,0.0000,0.0000,0.0066,0.0000,200,17.1486
0.0077,0.0000,0.0000,0.0000,0.0075,0.0001,200,17.1528
0.0064,0.0000,0.0000,0.0000,0.0063,0.0000,200,17.1551
0.0065,0.0000,0.0000,0.0000,0.0065,0.0000,200,17.1551
0.0066,0.0000,0.0000,0.0000,0.0062,0.0003,200,17.1553
0.0074,0.0000,0.0000,0.0000,0.0072,0.0001,200,17.1605
0.0065,0.0000,0.0000,0.0000,0.0065,0.0000,200,17.1615
0.0062,0.0000,0.0000,0.0000,0.0062,0.0000,200,17.1619
0.0066,0.0000,0.0000,0.0000,0.0065,0.0000,200,17.1616
0.0074,0.0000,0.0000,0.0000,0.0073,0.0001,200,17.1679
0.0073,0.0000,0.0000,0.0000,0.0072,0.0000,200,17.1680
0.0071,0.0000,0.0000,0.0000,0.0070,0.0000,200,17.1682
0.0072,0.0000,0.0000,0.0000,0.0072,0.0000,200,17.1681
0.0066,0.0000,0.0000,0.0000,0.0065,0.0001,200,17.1753
0.0066,0.0000,0.0000,0.0000,0.0065,0.0000,200,17.1753
0.0066,0.0000,0.0000,0.0000,0.0064,0.0001,200,17.1753
0.0067,0.0000,0.0000,0.0000,0.0066,0.0000,200,17.1752
0.0063,0.0000,0.0000,0.0000,0.0062,0.0000,200,17.1819
0.0066,0.0000,0.0000,0.0000,0.0065,0.0000,200,17.1819
0.0065,0.0000,0.0000,0.0000,0.0065,0.0000,200,17.1819
0.0067,0.0000,0.0000,0.0000,0.0066,0.0000,200,17.1819
0.0067,0.0000,0.0000,0.0000,0.0067,0.0001,200,17.1886
0.0069,0.0000,0.0000,0.0000,0.0068,0.0001,200,17.1884
0.0072,0.0000,0.0000,0.0000,0.0071,0.0000,200,17.1882
0.0069,0.0000,0.0000,0.0000,0.0069,0.0001,200,17.1884
0.0076,0.0000,0.0000,0.0001,0.0074,0.0001,200,17.1953
0.0078,0.0000,0.0000,0.0000,0.0078,0.0000,200,17.1954
0.0080,0.0000,0.0000,0.0000,0.0079,0.0000,200,17.1954
0.0080,0.0000,0.0000,0.0000,0.0080,0.0000,200,17.1954
0.0069,0.0000,0.0000,0.0000,0.0068,0.0001,200,17.2029
0.0067,0.0000,0.0000,0.0000,0.0066,0.0000,200,17.2034
0.0071,0.0000,0.0000,0.0000,0.0071,0.0000,200,17.2032
0.0070,0.0000,0.0000,0.0000,0.0069,0.0000,200,17.2034
0.0064,0.0000,0.0000,0.0000,0.0063,0.0001,200,17.2101
0.0067,0.0000,0.0000,0.0000,0.0066,0.0001,200,17.2098
0.0065,0.0000,0.0000,0.0000,0.0064,0.0001,200,17.2104
0.0067,0.0000,0.0000,0.0000,0.0065,0.0000,200,17.2103
0.0063,0.0000,0.0000,0.0000,0.0062,0.0000,200,17.2168
0.0067,0.0000,0.0000,0.0000,0.0065,0.0001,200,17.2165
0.0067,0.0000,0.0000,0.0000,0.0066,0.0001,200,17.2165
0.0072,0.0000,0.0000,0.0000,0.0071,0.0000,200,17.2170
0.0066,0.0000,0.0000,0.0000,0.0065,0.0001,200,17.2232
0.0067,0.0000,0.0000,0.0000,0.0066,0.0000,200,17.2232
0.0067,0.0000,0.0000,0.0000,0.0066,0.0000,200,17.2232
0.0065,0.0000,0.0000,0.0000,0.0064,0.0001,200,17.2242
0.0067,0.0000,0.0000,0.0000,0.0066,0.0001,200,17.2298
0.0068,0.0000,0.0000,0.0000,0.0068,0.0000,200,17.2299
0.0063,0.0000,0.0000,0.0000,0.0062,0.0000,200,17.2307
0.0094,0.0000,0.0000,0.0000,0.0092,0.0001,200,17.2298
0.0067,0.0000,0.0000,0.0000,0.0066,0.0001,200,17.2365
0.0066,0.0000,0.0000,0.0000,0.0065,0.0000,200,17.2367
0.0074,0.0000,0.0000,0.0000,0.0068,0.0000,200,17.2370
0.0068,0.0000,0.0000,0.0000,0.0067,0.0001,200,17.2392
0.0069,0.0000,0.0000,0.0000,0.0068,0.0001,200,17.2433
0.0078,0.0000,0.0000,0.0000,0.0077,0.0000,200,17.2433
0.0068,0.0000,0.0000,0.0000,0.0067,0.0000,200,17.2444
0.0080,0.0000,0.0000,0.0000,0.0079,0.0001,200,17.2459
0.0065,0.0000,0.0000,0.0000,0.0064,0.0000,200,17.2502
0.0066,0.0000,0.0000,0.0000,0.0065,0.0000,200,17.2510
0.0066,0.0000,0.0000,0.0000,0.0065,0.0001,200,17.2512
0.0066,0.0000,0.0000,0.0000,0.0065,0.0001,200,17.2540
0.0064,0.0000,0.0000,0.0000,0.0063,0.0001,200,17.2567
0.0063,0.0000,0.0000,0.0000,0.0062,0.0001,200,17.2576
0.0063,0.0000,0.0000,0.0000,0.0063,0.0000,200,17.2578
0.0066,0.0000,0.0000,0.0000,0.0065,0.0000,200,17.2605
0.0066,0.0000,0.0000,0.0000,0.0065,0.0001,200,17.2631
0.0064,0.0000,0.0000,0.0000,0.0062,0.0000,200,17.2639
0.0068,0.0000,0.0000,0.0000,0.0067,0.0000,200,17.2642
0.0086,0.0000,0.0000,0.0000,0.0085,0.0001,200,17.2671
0.0065,0.0000,0.0000,0.0000,0.0065,0.0000,200,17.2697
0.0067,0.0000,0.0000,0.0000,0.0066,0.0000,200,17.2703
0.0063,0.0000,0.0000,0.0000,0.0063,0.0001,200,17.2710
0.0068,0.0000,0.0000,0.0000,0.0066,0.0001,200,17.2758
0.0068,0.0000,0.0000,0.0000,0.0067,0.0001,200,17.2762
0.0062,0.0000,0.0000,0.0000,0.0062,0.0000,200,17.2770
0.0062,0.0000,0.0000,0.0000,0.0062,0.0000,200,17.2773
0.0066,0.0000,0.0000,0.0000,0.0065,0.0001,200,17.2825
0.0064,0.0000,0.0000,0.0000,0.0063,0.0000,200,17.2831
0.0065,0.0000,0.0000,0.0000,0.0064,0.0000,200,17.2832
0.0061,0.0000,0.0000,0.0000,0.0061,0.0000,200,17.2836
0.0065,0.0000,0.0000,0.0000,0.0064,0.0001,200,17.2895
0.0068,0.0000,0.0000,0.0000,0.0067,0.0001,200,17.2892
0.0063,0.0000,0.0000,0.0000,0.0062,0.0001,200,17.2897
0.0065,0.0000,0.0000,0.0000,0.0065,0.0000,200,17.2897
0.0067,0.0000,0.0000,0.0000,0.0065,0.0001,200,17.2960
0.0070,0.0000,0.0000,0.0000,0.0069,0.0000,200,17.2960
0.0070,0.0000,0.0000,0.0000,0.0069,0.0000,200,17.2960
0.0069,0.0000,0.0000,0.0000,0.0068,0.0000,200,17.2962
0.0065,0.0000,0.0000,0.0000,0.0064,0.0001,200,17.3029
0.0063,0.0000,0.0000,0.0000,0.0063,0.0001,200,17.3031
0.0066,0.0000,0.0000,0.0000,0.0065,0.0000,200,17.3030
0.0072,0.0000,0.0000,0.0000,0.0071,0.0000,200,17.3027
0.0068,0.0000,0.0000,0.0000,0.0067,0.0001,200,17.3096
0.0074,0.0000,0.0000,0.0000,0.0073,0.0000,200,17.3095
0.0075,0.0000,0.0000,0.0000,0.0075,0.0000,200,17.3094
0.0071,0.0000,0.0000,0.0000,0.0071,0.0000,200,17.3099
0.0072,0.0000,0.0000,0.0000,0.0071,0.0001,200,17.3164
0.0069,0.0000,0.0000,0.0000,0.0068,0.0000,200,17.3170
0.0071,0.0000,0.0000,0.0000,0.0070,0.0001,200,17.3170
0.0074,0.0000,0.0000,0.0000,0.0073,0.0000,200,17.3169
0.0066,0.0000,0.0000,0.0000,0.0064,0.0001,200,17.3237
0.0064,0.0000,0.0000,0.0000,0.0063,0.0000,200,17.3241
0.0063,0.0000,0.0000,0.0000,0.0063,0.0000,200,17.3242
0.0066,0.0000,0.0000,0.0000,0.0064,0.0001,200,17.3305
